JW-JZ-3s-HC2a-HC-120_R1.fastq.gz, 1138751
JW-JZ-3s-HC2a-HC-120_R2.fastq.gz, 1138751
JW-JZ-3s-HC2a-HC-121_R1.fastq.gz, 794710
JW-JZ-3s-HC2a-HC-121_R2.fastq.gz, 794710
JW-JZ-3s-HC2a-HC-122_R1.fastq.gz, 1170433
JW-JZ-3s-HC2a-HC-122_R2.fastq.gz, 1170433
JW-JZ-3s-HC2a-HC-123_R1.fastq.gz, 785848
JW-JZ-3s-HC2a-HC-123_R2.fastq.gz, 785848
JW-JZ-3s-HC2a-HC-124_R1.fastq.gz, 1383997
JW-JZ-3s-HC2a-HC-124_R2.fastq.gz, 1383997
JW-JZ-3s-HC2a-HC-125_R1.fastq.gz, 1597567
JW-JZ-3s-HC2a-HC-125_R2.fastq.gz, 1597567
JW-JZ-3s-HC2a-HC-126_R1.fastq.gz, 1545187
JW-JZ-3s-HC2a-HC-126_R2.fastq.gz, 1545187
JW-JZ-3s-HC2a-HC-127_R1.fastq.gz, 1327976
JW-JZ-3s-HC2a-HC-127_R2.fastq.gz, 1327976
JW-JZ-3s-HC2a-HC-128_R1.fastq.gz, 1452702
JW-JZ-3s-HC2a-HC-128_R2.fastq.gz, 1452702
JW-JZ-3s-HC2a-HC-129_R1.fastq.gz, 1609679
JW-JZ-3s-HC2a-HC-129_R2.fastq.gz, 1609679
JW-JZ-3s-HC2a-HC-130_R1.fastq.gz, 1398002
JW-JZ-3s-HC2a-HC-130_R2.fastq.gz, 1398002
JW-JZ-3s-HC2a-HC-131_R1.fastq.gz, 1311071
JW-JZ-3s-HC2a-HC-131_R2.fastq.gz, 1311071
JW-JZ-3s-HC2a-HC-132_R1.fastq.gz, 1467163
JW-JZ-3s-HC2a-HC-132_R2.fastq.gz, 1467163
JW-JZ-3s-HC2a-HC-133_R1.fastq.gz, 1125756
JW-JZ-3s-HC2a-HC-133_R2.fastq.gz, 1125756
JW-JZ-3s-HC2a-HC-134_R1.fastq.gz, 1259206
JW-JZ-3s-HC2a-HC-134_R2.fastq.gz, 1259206
JW-JZ-3s-HC2a-HC-135_R1.fastq.gz, 1424502
JW-JZ-3s-HC2a-HC-135_R2.fastq.gz, 1424502
JW-JZ-3s-HC2a-HC-136_R1.fastq.gz, 1423534
JW-JZ-3s-HC2a-HC-136_R2.fastq.gz, 1423534
JW-JZ-3s-HC2a-HC-137_R1.fastq.gz, 1447711
JW-JZ-3s-HC2a-HC-137_R2.fastq.gz, 1447711
JW-JZ-3s-HC2a-HC-138_R1.fastq.gz, 1725730
JW-JZ-3s-HC2a-HC-138_R2.fastq.gz, 1725730
JW-JZ-3s-HC2a-HC-139_R1.fastq.gz, 1373386
JW-JZ-3s-HC2a-HC-139_R2.fastq.gz, 1373386
JW-JZ-3s-HC2a-HC-140_R1.fastq.gz, 1649170
JW-JZ-3s-HC2a-HC-140_R2.fastq.gz, 1649170
JW-JZ-3s-HC2a-HC-141_R1.fastq.gz, 1811002
JW-JZ-3s-HC2a-HC-141_R2.fastq.gz, 1811002
JW-JZ-3s-HC2a-HC-142_R1.fastq.gz, 1571729
JW-JZ-3s-HC2a-HC-142_R2.fastq.gz, 1571729
JW-JZ-3s-HC2a-HC-143_R1.fastq.gz, 1399334
JW-JZ-3s-HC2a-HC-143_R2.fastq.gz, 1399334
