Region,Position,Ref_base,Mut_percentage
SARS-CoV2-5UTR-Amplicon-short-trimmed,1,t,0
SARS-CoV2-5UTR-Amplicon-short-trimmed,2,a,0
SARS-CoV2-5UTR-Amplicon-short-trimmed,3,g,0
SARS-CoV2-5UTR-Amplicon-short-trimmed,4,a,0
SARS-CoV2-5UTR-Amplicon-short-trimmed,5,t,0
SARS-CoV2-5UTR-Amplicon-short-trimmed,6,c,0.0378
SARS-CoV2-5UTR-Amplicon-short-trimmed,7,t,0.0176
SARS-CoV2-5UTR-Amplicon-short-trimmed,8,g,0.0503
SARS-CoV2-5UTR-Amplicon-short-trimmed,9,t,0.083
SARS-CoV2-5UTR-Amplicon-short-trimmed,10,t,0.0478
SARS-CoV2-5UTR-Amplicon-short-trimmed,11,c,0.0755
SARS-CoV2-5UTR-Amplicon-short-trimmed,12,t,0.0302
SARS-CoV2-5UTR-Amplicon-short-trimmed,13,c,0.0252
SARS-CoV2-5UTR-Amplicon-short-trimmed,14,t,0.0226
SARS-CoV2-5UTR-Amplicon-short-trimmed,15,a,0.0126
SARS-CoV2-5UTR-Amplicon-short-trimmed,16,a,0.0251
SARS-CoV2-5UTR-Amplicon-short-trimmed,17,a,0.0176
SARS-CoV2-5UTR-Amplicon-short-trimmed,18,c,0.0201
SARS-CoV2-5UTR-Amplicon-short-trimmed,19,g,0.0779
SARS-CoV2-5UTR-Amplicon-short-trimmed,20,a,0.0201
SARS-CoV2-5UTR-Amplicon-short-trimmed,21,a,0.0804
SARS-CoV2-5UTR-Amplicon-short-trimmed,22,c,0.1382
SARS-CoV2-5UTR-Amplicon-short-trimmed,23,t,0.0628
SARS-CoV2-5UTR-Amplicon-short-trimmed,24,t,0.108
SARS-CoV2-5UTR-Amplicon-short-trimmed,25,t,0.0502
SARS-CoV2-5UTR-Amplicon-short-trimmed,26,a,0.2511
SARS-CoV2-5UTR-Amplicon-short-trimmed,27,a,0.0201
SARS-CoV2-5UTR-Amplicon-short-trimmed,28,a,0.0301
SARS-CoV2-5UTR-Amplicon-short-trimmed,29,a,0.0125
SARS-CoV2-5UTR-Amplicon-short-trimmed,30,t,0.01
SARS-CoV2-5UTR-Amplicon-short-trimmed,31,c,0.0151
SARS-CoV2-5UTR-Amplicon-short-trimmed,32,t,0.0276
SARS-CoV2-5UTR-Amplicon-short-trimmed,33,g,0.0451
SARS-CoV2-5UTR-Amplicon-short-trimmed,34,t,0.0176
SARS-CoV2-5UTR-Amplicon-short-trimmed,35,g,0.0226
SARS-CoV2-5UTR-Amplicon-short-trimmed,36,t,0.0326
SARS-CoV2-5UTR-Amplicon-short-trimmed,37,g,0.0452
SARS-CoV2-5UTR-Amplicon-short-trimmed,38,g,0.0477
SARS-CoV2-5UTR-Amplicon-short-trimmed,39,c,0.0201
SARS-CoV2-5UTR-Amplicon-short-trimmed,40,t,0.0505
SARS-CoV2-5UTR-Amplicon-short-trimmed,41,g,0.038
SARS-CoV2-5UTR-Amplicon-short-trimmed,42,t,0.0279
SARS-CoV2-5UTR-Amplicon-short-trimmed,43,c,0.0457
SARS-CoV2-5UTR-Amplicon-short-trimmed,44,a,0.0609
SARS-CoV2-5UTR-Amplicon-short-trimmed,45,c,0.0076
SARS-CoV2-5UTR-Amplicon-short-trimmed,46,t,0.0355
SARS-CoV2-5UTR-Amplicon-short-trimmed,47,c,0.0583
SARS-CoV2-5UTR-Amplicon-short-trimmed,48,g,0.0862
SARS-CoV2-5UTR-Amplicon-short-trimmed,49,g,0.1014
SARS-CoV2-5UTR-Amplicon-short-trimmed,50,c,0.0203
SARS-CoV2-5UTR-Amplicon-short-trimmed,51,t,0.0712
SARS-CoV2-5UTR-Amplicon-short-trimmed,52,g,0.0229
SARS-CoV2-5UTR-Amplicon-short-trimmed,53,c,0.0432
SARS-CoV2-5UTR-Amplicon-short-trimmed,54,g,0.0356
SARS-CoV2-5UTR-Amplicon-short-trimmed,55,t,0.0203
SARS-CoV2-5UTR-Amplicon-short-trimmed,56,g,0.028
SARS-CoV2-5UTR-Amplicon-short-trimmed,57,c,0.0382
SARS-CoV2-5UTR-Amplicon-short-trimmed,58,t,0.2418
SARS-CoV2-5UTR-Amplicon-short-trimmed,59,t,0.0637
SARS-CoV2-5UTR-Amplicon-short-trimmed,60,a,0.0968
SARS-CoV2-5UTR-Amplicon-short-trimmed,61,g,0.0382
SARS-CoV2-5UTR-Amplicon-short-trimmed,62,t,0.0255
SARS-CoV2-5UTR-Amplicon-short-trimmed,63,g,0.0688
SARS-CoV2-5UTR-Amplicon-short-trimmed,64,c,0.1557
SARS-CoV2-5UTR-Amplicon-short-trimmed,65,a,0.0638
SARS-CoV2-5UTR-Amplicon-short-trimmed,66,c,0.0357
SARS-CoV2-5UTR-Amplicon-short-trimmed,67,t,0.0409
SARS-CoV2-5UTR-Amplicon-short-trimmed,68,c,0.0536
SARS-CoV2-5UTR-Amplicon-short-trimmed,69,a,0.0434
SARS-CoV2-5UTR-Amplicon-short-trimmed,70,c,0.0434
SARS-CoV2-5UTR-Amplicon-short-trimmed,71,g,0.0306
SARS-CoV2-5UTR-Amplicon-short-trimmed,72,c,0.0179
SARS-CoV2-5UTR-Amplicon-short-trimmed,73,a,0.0485
SARS-CoV2-5UTR-Amplicon-short-trimmed,74,g,0.0255
SARS-CoV2-5UTR-Amplicon-short-trimmed,75,t,0.0255
SARS-CoV2-5UTR-Amplicon-short-trimmed,76,a,0.0587
SARS-CoV2-5UTR-Amplicon-short-trimmed,77,t,0.0128
SARS-CoV2-5UTR-Amplicon-short-trimmed,78,a,0.0485
SARS-CoV2-5UTR-Amplicon-short-trimmed,79,a,0.0638
SARS-CoV2-5UTR-Amplicon-short-trimmed,80,t,0.0816
SARS-CoV2-5UTR-Amplicon-short-trimmed,81,t,0.0382
SARS-CoV2-5UTR-Amplicon-short-trimmed,82,a,0.0587
SARS-CoV2-5UTR-Amplicon-short-trimmed,83,a,0.028
SARS-CoV2-5UTR-Amplicon-short-trimmed,84,t,0.0331
SARS-CoV2-5UTR-Amplicon-short-trimmed,85,a,0.0484
SARS-CoV2-5UTR-Amplicon-short-trimmed,86,a,0.0331
SARS-CoV2-5UTR-Amplicon-short-trimmed,87,c,0.0688
SARS-CoV2-5UTR-Amplicon-short-trimmed,88,t,0.0382
SARS-CoV2-5UTR-Amplicon-short-trimmed,89,a,0.3929
SARS-CoV2-5UTR-Amplicon-short-trimmed,90,a,0.051
SARS-CoV2-5UTR-Amplicon-short-trimmed,91,t,0.102
SARS-CoV2-5UTR-Amplicon-short-trimmed,92,t,0.051
SARS-CoV2-5UTR-Amplicon-short-trimmed,93,a,0.0459
SARS-CoV2-5UTR-Amplicon-short-trimmed,94,c,0.0332
SARS-CoV2-5UTR-Amplicon-short-trimmed,95,t,0.0408
SARS-CoV2-5UTR-Amplicon-short-trimmed,96,g,0.0587
SARS-CoV2-5UTR-Amplicon-short-trimmed,97,t,0.0281
SARS-CoV2-5UTR-Amplicon-short-trimmed,98,c,0.0459
SARS-CoV2-5UTR-Amplicon-short-trimmed,99,g,0.079
SARS-CoV2-5UTR-Amplicon-short-trimmed,100,t,0.1045
SARS-CoV2-5UTR-Amplicon-short-trimmed,101,t,0.0816
SARS-CoV2-5UTR-Amplicon-short-trimmed,102,g,0.1606
SARS-CoV2-5UTR-Amplicon-short-trimmed,103,a,0.0561
SARS-CoV2-5UTR-Amplicon-short-trimmed,104,c,0.1249
SARS-CoV2-5UTR-Amplicon-short-trimmed,105,a,0.0638
SARS-CoV2-5UTR-Amplicon-short-trimmed,106,g,0.1173
SARS-CoV2-5UTR-Amplicon-short-trimmed,107,g,0.0663
SARS-CoV2-5UTR-Amplicon-short-trimmed,108,a,0.0382
SARS-CoV2-5UTR-Amplicon-short-trimmed,109,c,0.1122
SARS-CoV2-5UTR-Amplicon-short-trimmed,110,a,0.2854
SARS-CoV2-5UTR-Amplicon-short-trimmed,111,c,0.0561
SARS-CoV2-5UTR-Amplicon-short-trimmed,112,g,0.0535
SARS-CoV2-5UTR-Amplicon-short-trimmed,113,a,0.0765
SARS-CoV2-5UTR-Amplicon-short-trimmed,114,g,0.0331
SARS-CoV2-5UTR-Amplicon-short-trimmed,115,t,0.0586
SARS-CoV2-5UTR-Amplicon-short-trimmed,116,a,0.1121
SARS-CoV2-5UTR-Amplicon-short-trimmed,117,a,0.0612
SARS-CoV2-5UTR-Amplicon-short-trimmed,118,c,0.0765
SARS-CoV2-5UTR-Amplicon-short-trimmed,119,t,0.0841
SARS-CoV2-5UTR-Amplicon-short-trimmed,120,c,0.0841
SARS-CoV2-5UTR-Amplicon-short-trimmed,121,g,0.0637
SARS-CoV2-5UTR-Amplicon-short-trimmed,122,t,0.2367
SARS-CoV2-5UTR-Amplicon-short-trimmed,123,c,0.0738
SARS-CoV2-5UTR-Amplicon-short-trimmed,124,t,0.0992
SARS-CoV2-5UTR-Amplicon-short-trimmed,125,a,0.2748
SARS-CoV2-5UTR-Amplicon-short-trimmed,126,t,0.0636
SARS-CoV2-5UTR-Amplicon-short-trimmed,127,c,0.15
SARS-CoV2-5UTR-Amplicon-short-trimmed,128,t,0.1648
SARS-CoV2-5UTR-Amplicon-short-trimmed,129,t,0.0502
SARS-CoV2-5UTR-Amplicon-short-trimmed,130,c,0.0571
SARS-CoV2-5UTR-Amplicon-short-trimmed,131,t,0.3726
SARS-CoV2-5UTR-Amplicon-short-trimmed,132,g,0.0654
SARS-CoV2-5UTR-Amplicon-short-trimmed,133,c,0.1008
SARS-CoV2-5UTR-Amplicon-short-trimmed,134,a,0.1152
SARS-CoV2-5UTR-Amplicon-short-trimmed,135,g,0.0654
SARS-CoV2-5UTR-Amplicon-short-trimmed,136,g,0.0786
SARS-CoV2-5UTR-Amplicon-short-trimmed,137,c,0.0733
SARS-CoV2-5UTR-Amplicon-short-trimmed,138,t,0.1741
SARS-CoV2-5UTR-Amplicon-short-trimmed,139,g,0.1558
SARS-CoV2-5UTR-Amplicon-short-trimmed,140,c,0.1047
SARS-CoV2-5UTR-Amplicon-short-trimmed,141,t,1.8135
SARS-CoV2-5UTR-Amplicon-short-trimmed,142,t,0.8512
SARS-CoV2-5UTR-Amplicon-short-trimmed,143,a,0.2619
SARS-CoV2-5UTR-Amplicon-short-trimmed,144,c,0.1545
SARS-CoV2-5UTR-Amplicon-short-trimmed,145,g,0.1009
SARS-CoV2-5UTR-Amplicon-short-trimmed,146,g,0.0681
SARS-CoV2-5UTR-Amplicon-short-trimmed,147,t,0.7322
SARS-CoV2-5UTR-Amplicon-short-trimmed,148,t,0.7505
SARS-CoV2-5UTR-Amplicon-short-trimmed,149,t,0.0904
SARS-CoV2-5UTR-Amplicon-short-trimmed,150,c,0.1179
SARS-CoV2-5UTR-Amplicon-short-trimmed,151,g,0.2018
SARS-CoV2-5UTR-Amplicon-short-trimmed,152,t,0.1534
SARS-CoV2-5UTR-Amplicon-short-trimmed,153,c,0.079
SARS-CoV2-5UTR-Amplicon-short-trimmed,154,c,0.0719
SARS-CoV2-5UTR-Amplicon-short-trimmed,155,g,0.0566
SARS-CoV2-5UTR-Amplicon-short-trimmed,156,t,0.0541
SARS-CoV2-5UTR-Amplicon-short-trimmed,157,g,0.1264
SARS-CoV2-5UTR-Amplicon-short-trimmed,158,t,0.2452
SARS-CoV2-5UTR-Amplicon-short-trimmed,159,t,0.1785
SARS-CoV2-5UTR-Amplicon-short-trimmed,160,g,0.1554
SARS-CoV2-5UTR-Amplicon-short-trimmed,161,c,0.0854
SARS-CoV2-5UTR-Amplicon-short-trimmed,162,a,0.0699
SARS-CoV2-5UTR-Amplicon-short-trimmed,163,g,0.0622
SARS-CoV2-5UTR-Amplicon-short-trimmed,164,c,0.1088
SARS-CoV2-5UTR-Amplicon-short-trimmed,165,c,0.2331
SARS-CoV2-5UTR-Amplicon-short-trimmed,166,g,0.2305
SARS-CoV2-5UTR-Amplicon-short-trimmed,167,a,0.0337
SARS-CoV2-5UTR-Amplicon-short-trimmed,168,t,0.0803
SARS-CoV2-5UTR-Amplicon-short-trimmed,169,c,0.158
SARS-CoV2-5UTR-Amplicon-short-trimmed,170,a,0.2591
SARS-CoV2-5UTR-Amplicon-short-trimmed,171,t,0.1036
SARS-CoV2-5UTR-Amplicon-short-trimmed,172,c,0.0648
SARS-CoV2-5UTR-Amplicon-short-trimmed,173,a,0.1917
SARS-CoV2-5UTR-Amplicon-short-trimmed,174,g,0.0803
SARS-CoV2-5UTR-Amplicon-short-trimmed,175,c,0.0673
SARS-CoV2-5UTR-Amplicon-short-trimmed,176,a,0.0466
SARS-CoV2-5UTR-Amplicon-short-trimmed,177,c,0.0958
SARS-CoV2-5UTR-Amplicon-short-trimmed,178,a,0.4428
SARS-CoV2-5UTR-Amplicon-short-trimmed,179,t,0.1787
SARS-CoV2-5UTR-Amplicon-short-trimmed,180,c,0.088
SARS-CoV2-5UTR-Amplicon-short-trimmed,181,t,0.5587
SARS-CoV2-5UTR-Amplicon-short-trimmed,182,a,0.4239
SARS-CoV2-5UTR-Amplicon-short-trimmed,183,g,0.2172
SARS-CoV2-5UTR-Amplicon-short-trimmed,184,g,0.1034
SARS-CoV2-5UTR-Amplicon-short-trimmed,185,t,0.4939
SARS-CoV2-5UTR-Amplicon-short-trimmed,186,t,0.6695
SARS-CoV2-5UTR-Amplicon-short-trimmed,187,t,0.0491
SARS-CoV2-5UTR-Amplicon-short-trimmed,188,c,0.0646
SARS-CoV2-5UTR-Amplicon-short-trimmed,189,g,0.0697
SARS-CoV2-5UTR-Amplicon-short-trimmed,190,t,0.1007
SARS-CoV2-5UTR-Amplicon-short-trimmed,191,c,0.0362
SARS-CoV2-5UTR-Amplicon-short-trimmed,192,c,0.1602
SARS-CoV2-5UTR-Amplicon-short-trimmed,193,g,0.1318
SARS-CoV2-5UTR-Amplicon-short-trimmed,194,g,0.0956
SARS-CoV2-5UTR-Amplicon-short-trimmed,195,g,0.3954
SARS-CoV2-5UTR-Amplicon-short-trimmed,196,t,0.0414
SARS-CoV2-5UTR-Amplicon-short-trimmed,197,g,0.0802
SARS-CoV2-5UTR-Amplicon-short-trimmed,198,t,0.0621
SARS-CoV2-5UTR-Amplicon-short-trimmed,199,g,0.0854
SARS-CoV2-5UTR-Amplicon-short-trimmed,200,a,0.0543
SARS-CoV2-5UTR-Amplicon-short-trimmed,201,c,0.0388
SARS-CoV2-5UTR-Amplicon-short-trimmed,202,c,0.1009
SARS-CoV2-5UTR-Amplicon-short-trimmed,203,g,0.2121
SARS-CoV2-5UTR-Amplicon-short-trimmed,204,a,0.0776
SARS-CoV2-5UTR-Amplicon-short-trimmed,205,a,0.2431
SARS-CoV2-5UTR-Amplicon-short-trimmed,206,a,0.1474
SARS-CoV2-5UTR-Amplicon-short-trimmed,207,g,0.075
SARS-CoV2-5UTR-Amplicon-short-trimmed,208,g,0.1526
SARS-CoV2-5UTR-Amplicon-short-trimmed,209,t,0.0181
SARS-CoV2-5UTR-Amplicon-short-trimmed,210,a,0.0362
SARS-CoV2-5UTR-Amplicon-short-trimmed,211,a,0.0983
SARS-CoV2-5UTR-Amplicon-short-trimmed,212,g,0.0259
SARS-CoV2-5UTR-Amplicon-short-trimmed,213,a,0.031
SARS-CoV2-5UTR-Amplicon-short-trimmed,214,t,0.0259
SARS-CoV2-5UTR-Amplicon-short-trimmed,215,g,0.0647
SARS-CoV2-5UTR-Amplicon-short-trimmed,216,g,0.0673
SARS-CoV2-5UTR-Amplicon-short-trimmed,217,a,0.0777
SARS-CoV2-5UTR-Amplicon-short-trimmed,218,g,0.0233
SARS-CoV2-5UTR-Amplicon-short-trimmed,219,a,0.0259
SARS-CoV2-5UTR-Amplicon-short-trimmed,220,g,0.0285
SARS-CoV2-5UTR-Amplicon-short-trimmed,221,c,0.0881
SARS-CoV2-5UTR-Amplicon-short-trimmed,222,c,0.14
SARS-CoV2-5UTR-Amplicon-short-trimmed,223,t,0.07
SARS-CoV2-5UTR-Amplicon-short-trimmed,224,t,0.1245
SARS-CoV2-5UTR-Amplicon-short-trimmed,225,g,0.0545
SARS-CoV2-5UTR-Amplicon-short-trimmed,226,t,0.1167
SARS-CoV2-5UTR-Amplicon-short-trimmed,227,c,0.0233
SARS-CoV2-5UTR-Amplicon-short-trimmed,228,c,0.0571
SARS-CoV2-5UTR-Amplicon-short-trimmed,229,c,0.0389
SARS-CoV2-5UTR-Amplicon-short-trimmed,230,t,0.0545
SARS-CoV2-5UTR-Amplicon-short-trimmed,231,g,0.0727
SARS-CoV2-5UTR-Amplicon-short-trimmed,232,g,0.0364
SARS-CoV2-5UTR-Amplicon-short-trimmed,233,t,0.0779
SARS-CoV2-5UTR-Amplicon-short-trimmed,234,t,0.0831
SARS-CoV2-5UTR-Amplicon-short-trimmed,235,t,0.0156
SARS-CoV2-5UTR-Amplicon-short-trimmed,236,c,0.6523
SARS-CoV2-5UTR-Amplicon-short-trimmed,237,a,0.0312
SARS-CoV2-5UTR-Amplicon-short-trimmed,238,a,0.0702
SARS-CoV2-5UTR-Amplicon-short-trimmed,239,c,0
SARS-CoV2-5UTR-Amplicon-short-trimmed,240,g,0
SARS-CoV2-5UTR-Amplicon-short-trimmed,241,a,0
SARS-CoV2-5UTR-Amplicon-short-trimmed,242,g,0
SARS-CoV2-5UTR-Amplicon-short-trimmed,243,g,0
