Region,Position,Ref_base,Mut_percentage
SARS-CoV2-5UTR-Amplicon-short-trimmed,1,t,0
SARS-CoV2-5UTR-Amplicon-short-trimmed,2,a,0
SARS-CoV2-5UTR-Amplicon-short-trimmed,3,g,0
SARS-CoV2-5UTR-Amplicon-short-trimmed,4,a,0
SARS-CoV2-5UTR-Amplicon-short-trimmed,5,t,0
SARS-CoV2-5UTR-Amplicon-short-trimmed,6,c,0.0852
SARS-CoV2-5UTR-Amplicon-short-trimmed,7,t,0.066
SARS-CoV2-5UTR-Amplicon-short-trimmed,8,g,0.0715
SARS-CoV2-5UTR-Amplicon-short-trimmed,9,t,0.1511
SARS-CoV2-5UTR-Amplicon-short-trimmed,10,t,0.0412
SARS-CoV2-5UTR-Amplicon-short-trimmed,11,c,0.0494
SARS-CoV2-5UTR-Amplicon-short-trimmed,12,t,0.1126
SARS-CoV2-5UTR-Amplicon-short-trimmed,13,c,0.0467
SARS-CoV2-5UTR-Amplicon-short-trimmed,14,t,0.0714
SARS-CoV2-5UTR-Amplicon-short-trimmed,15,a,0.0494
SARS-CoV2-5UTR-Amplicon-short-trimmed,16,a,0.0631
SARS-CoV2-5UTR-Amplicon-short-trimmed,17,a,0.0412
SARS-CoV2-5UTR-Amplicon-short-trimmed,18,c,0.0329
SARS-CoV2-5UTR-Amplicon-short-trimmed,19,g,0.1152
SARS-CoV2-5UTR-Amplicon-short-trimmed,20,a,0.0521
SARS-CoV2-5UTR-Amplicon-short-trimmed,21,a,0.1097
SARS-CoV2-5UTR-Amplicon-short-trimmed,22,c,2.1519
SARS-CoV2-5UTR-Amplicon-short-trimmed,23,t,0.296
SARS-CoV2-5UTR-Amplicon-short-trimmed,24,t,0.1589
SARS-CoV2-5UTR-Amplicon-short-trimmed,25,t,0.0466
SARS-CoV2-5UTR-Amplicon-short-trimmed,26,a,0.2381
SARS-CoV2-5UTR-Amplicon-short-trimmed,27,a,0.0684
SARS-CoV2-5UTR-Amplicon-short-trimmed,28,a,0.041
SARS-CoV2-5UTR-Amplicon-short-trimmed,29,a,0.1067
SARS-CoV2-5UTR-Amplicon-short-trimmed,30,t,0.0903
SARS-CoV2-5UTR-Amplicon-short-trimmed,31,c,0.0191
SARS-CoV2-5UTR-Amplicon-short-trimmed,32,t,0.0711
SARS-CoV2-5UTR-Amplicon-short-trimmed,33,g,0.082
SARS-CoV2-5UTR-Amplicon-short-trimmed,34,t,0.0985
SARS-CoV2-5UTR-Amplicon-short-trimmed,35,g,0.0547
SARS-CoV2-5UTR-Amplicon-short-trimmed,36,t,0.0769
SARS-CoV2-5UTR-Amplicon-short-trimmed,37,g,0.0247
SARS-CoV2-5UTR-Amplicon-short-trimmed,38,g,0.1731
SARS-CoV2-5UTR-Amplicon-short-trimmed,39,c,0.0962
SARS-CoV2-5UTR-Amplicon-short-trimmed,40,t,0.1489
SARS-CoV2-5UTR-Amplicon-short-trimmed,41,g,0.1413
SARS-CoV2-5UTR-Amplicon-short-trimmed,42,t,0.1164
SARS-CoV2-5UTR-Amplicon-short-trimmed,43,c,0.0637
SARS-CoV2-5UTR-Amplicon-short-trimmed,44,a,0.0693
SARS-CoV2-5UTR-Amplicon-short-trimmed,45,c,0.1136
SARS-CoV2-5UTR-Amplicon-short-trimmed,46,t,0.0859
SARS-CoV2-5UTR-Amplicon-short-trimmed,47,c,0.0803
SARS-CoV2-5UTR-Amplicon-short-trimmed,48,g,0.144
SARS-CoV2-5UTR-Amplicon-short-trimmed,49,g,0.4624
SARS-CoV2-5UTR-Amplicon-short-trimmed,50,c,0.1661
SARS-CoV2-5UTR-Amplicon-short-trimmed,51,t,0.1361
SARS-CoV2-5UTR-Amplicon-short-trimmed,52,g,0.1083
SARS-CoV2-5UTR-Amplicon-short-trimmed,53,c,0.1943
SARS-CoV2-5UTR-Amplicon-short-trimmed,54,g,0.161
SARS-CoV2-5UTR-Amplicon-short-trimmed,55,t,0.0694
SARS-CoV2-5UTR-Amplicon-short-trimmed,56,g,0.1471
SARS-CoV2-5UTR-Amplicon-short-trimmed,57,c,0.1528
SARS-CoV2-5UTR-Amplicon-short-trimmed,58,t,0.2805
SARS-CoV2-5UTR-Amplicon-short-trimmed,59,t,0.0861
SARS-CoV2-5UTR-Amplicon-short-trimmed,60,a,0.1112
SARS-CoV2-5UTR-Amplicon-short-trimmed,61,g,0.0834
SARS-CoV2-5UTR-Amplicon-short-trimmed,62,t,0.0862
SARS-CoV2-5UTR-Amplicon-short-trimmed,63,g,0.2002
SARS-CoV2-5UTR-Amplicon-short-trimmed,64,c,0.4367
SARS-CoV2-5UTR-Amplicon-short-trimmed,65,a,0.1141
SARS-CoV2-5UTR-Amplicon-short-trimmed,66,c,0.153
SARS-CoV2-5UTR-Amplicon-short-trimmed,67,t,0.0946
SARS-CoV2-5UTR-Amplicon-short-trimmed,68,c,0.0696
SARS-CoV2-5UTR-Amplicon-short-trimmed,69,a,0.0334
SARS-CoV2-5UTR-Amplicon-short-trimmed,70,c,0.1085
SARS-CoV2-5UTR-Amplicon-short-trimmed,71,g,0.2281
SARS-CoV2-5UTR-Amplicon-short-trimmed,72,c,0.0584
SARS-CoV2-5UTR-Amplicon-short-trimmed,73,a,0.0584
SARS-CoV2-5UTR-Amplicon-short-trimmed,74,g,0.1669
SARS-CoV2-5UTR-Amplicon-short-trimmed,75,t,0.0501
SARS-CoV2-5UTR-Amplicon-short-trimmed,76,a,0.0473
SARS-CoV2-5UTR-Amplicon-short-trimmed,77,t,0.0334
SARS-CoV2-5UTR-Amplicon-short-trimmed,78,a,0.039
SARS-CoV2-5UTR-Amplicon-short-trimmed,79,a,0.0724
SARS-CoV2-5UTR-Amplicon-short-trimmed,80,t,0.1225
SARS-CoV2-5UTR-Amplicon-short-trimmed,81,t,0.0891
SARS-CoV2-5UTR-Amplicon-short-trimmed,82,a,0.1309
SARS-CoV2-5UTR-Amplicon-short-trimmed,83,a,0.0752
SARS-CoV2-5UTR-Amplicon-short-trimmed,84,t,0.0807
SARS-CoV2-5UTR-Amplicon-short-trimmed,85,a,0.1587
SARS-CoV2-5UTR-Amplicon-short-trimmed,86,a,0.0807
SARS-CoV2-5UTR-Amplicon-short-trimmed,87,c,0.1086
SARS-CoV2-5UTR-Amplicon-short-trimmed,88,t,0.1002
SARS-CoV2-5UTR-Amplicon-short-trimmed,89,a,0.3175
SARS-CoV2-5UTR-Amplicon-short-trimmed,90,a,0.1449
SARS-CoV2-5UTR-Amplicon-short-trimmed,91,t,0.1532
SARS-CoV2-5UTR-Amplicon-short-trimmed,92,t,0.117
SARS-CoV2-5UTR-Amplicon-short-trimmed,93,a,0.0976
SARS-CoV2-5UTR-Amplicon-short-trimmed,94,c,0.1254
SARS-CoV2-5UTR-Amplicon-short-trimmed,95,t,0.0753
SARS-CoV2-5UTR-Amplicon-short-trimmed,96,g,0.092
SARS-CoV2-5UTR-Amplicon-short-trimmed,97,t,0.1286
SARS-CoV2-5UTR-Amplicon-short-trimmed,98,c,0.1034
SARS-CoV2-5UTR-Amplicon-short-trimmed,99,g,0.2041
SARS-CoV2-5UTR-Amplicon-short-trimmed,100,t,0.1343
SARS-CoV2-5UTR-Amplicon-short-trimmed,101,t,0.0924
SARS-CoV2-5UTR-Amplicon-short-trimmed,102,g,0.14
SARS-CoV2-5UTR-Amplicon-short-trimmed,103,a,0.1232
SARS-CoV2-5UTR-Amplicon-short-trimmed,104,c,0.1854
SARS-CoV2-5UTR-Amplicon-short-trimmed,105,a,0.1713
SARS-CoV2-5UTR-Amplicon-short-trimmed,106,g,0.1942
SARS-CoV2-5UTR-Amplicon-short-trimmed,107,g,0.1433
SARS-CoV2-5UTR-Amplicon-short-trimmed,108,a,0.1349
SARS-CoV2-5UTR-Amplicon-short-trimmed,109,c,0.1997
SARS-CoV2-5UTR-Amplicon-short-trimmed,110,a,0.2805
SARS-CoV2-5UTR-Amplicon-short-trimmed,111,c,0.1515
SARS-CoV2-5UTR-Amplicon-short-trimmed,112,g,0.1207
SARS-CoV2-5UTR-Amplicon-short-trimmed,113,a,0.0843
SARS-CoV2-5UTR-Amplicon-short-trimmed,114,g,0.1237
SARS-CoV2-5UTR-Amplicon-short-trimmed,115,t,0.1363
SARS-CoV2-5UTR-Amplicon-short-trimmed,116,a,0.1051
SARS-CoV2-5UTR-Amplicon-short-trimmed,117,a,0.1108
SARS-CoV2-5UTR-Amplicon-short-trimmed,118,c,0.1478
SARS-CoV2-5UTR-Amplicon-short-trimmed,119,t,0.1563
SARS-CoV2-5UTR-Amplicon-short-trimmed,120,c,0.1676
SARS-CoV2-5UTR-Amplicon-short-trimmed,121,g,0.1533
SARS-CoV2-5UTR-Amplicon-short-trimmed,122,t,0.5157
SARS-CoV2-5UTR-Amplicon-short-trimmed,123,c,0.119
SARS-CoV2-5UTR-Amplicon-short-trimmed,124,t,0.1814
SARS-CoV2-5UTR-Amplicon-short-trimmed,125,a,0.255
SARS-CoV2-5UTR-Amplicon-short-trimmed,126,t,0.1247
SARS-CoV2-5UTR-Amplicon-short-trimmed,127,c,0.1786
SARS-CoV2-5UTR-Amplicon-short-trimmed,128,t,0.2319
SARS-CoV2-5UTR-Amplicon-short-trimmed,129,t,0.1852
SARS-CoV2-5UTR-Amplicon-short-trimmed,130,c,0.1037
SARS-CoV2-5UTR-Amplicon-short-trimmed,131,t,0.4541
SARS-CoV2-5UTR-Amplicon-short-trimmed,132,g,0.2276
SARS-CoV2-5UTR-Amplicon-short-trimmed,133,c,0.3337
SARS-CoV2-5UTR-Amplicon-short-trimmed,134,a,0.2131
SARS-CoV2-5UTR-Amplicon-short-trimmed,135,g,0.1043
SARS-CoV2-5UTR-Amplicon-short-trimmed,136,g,0.2309
SARS-CoV2-5UTR-Amplicon-short-trimmed,137,c,0.1313
SARS-CoV2-5UTR-Amplicon-short-trimmed,138,t,0.2204
SARS-CoV2-5UTR-Amplicon-short-trimmed,139,g,0.2838
SARS-CoV2-5UTR-Amplicon-short-trimmed,140,c,0.2008
SARS-CoV2-5UTR-Amplicon-short-trimmed,141,t,1.7367
SARS-CoV2-5UTR-Amplicon-short-trimmed,142,t,0.7868
SARS-CoV2-5UTR-Amplicon-short-trimmed,143,a,0.2356
SARS-CoV2-5UTR-Amplicon-short-trimmed,144,c,0.1918
SARS-CoV2-5UTR-Amplicon-short-trimmed,145,g,0.148
SARS-CoV2-5UTR-Amplicon-short-trimmed,146,g,0.1933
SARS-CoV2-5UTR-Amplicon-short-trimmed,147,t,0.6826
SARS-CoV2-5UTR-Amplicon-short-trimmed,148,t,0.6343
SARS-CoV2-5UTR-Amplicon-short-trimmed,149,t,0.1117
SARS-CoV2-5UTR-Amplicon-short-trimmed,150,c,0.1797
SARS-CoV2-5UTR-Amplicon-short-trimmed,151,g,0.2296
SARS-CoV2-5UTR-Amplicon-short-trimmed,152,t,0.4589
SARS-CoV2-5UTR-Amplicon-short-trimmed,153,c,0.2979
SARS-CoV2-5UTR-Amplicon-short-trimmed,154,c,0.227
SARS-CoV2-5UTR-Amplicon-short-trimmed,155,g,0.1921
SARS-CoV2-5UTR-Amplicon-short-trimmed,156,t,0.0947
SARS-CoV2-5UTR-Amplicon-short-trimmed,157,g,0.2368
SARS-CoV2-5UTR-Amplicon-short-trimmed,158,t,0.3555
SARS-CoV2-5UTR-Amplicon-short-trimmed,159,t,0.1928
SARS-CoV2-5UTR-Amplicon-short-trimmed,160,g,0.2285
SARS-CoV2-5UTR-Amplicon-short-trimmed,161,c,0.1602
SARS-CoV2-5UTR-Amplicon-short-trimmed,162,a,0.2433
SARS-CoV2-5UTR-Amplicon-short-trimmed,163,g,0.3588
SARS-CoV2-5UTR-Amplicon-short-trimmed,164,c,0.4919
SARS-CoV2-5UTR-Amplicon-short-trimmed,165,c,0.2223
SARS-CoV2-5UTR-Amplicon-short-trimmed,166,g,0.2994
SARS-CoV2-5UTR-Amplicon-short-trimmed,167,a,0.0415
SARS-CoV2-5UTR-Amplicon-short-trimmed,168,t,0.1601
SARS-CoV2-5UTR-Amplicon-short-trimmed,169,c,0.2223
SARS-CoV2-5UTR-Amplicon-short-trimmed,170,a,0.2195
SARS-CoV2-5UTR-Amplicon-short-trimmed,171,t,0.0919
SARS-CoV2-5UTR-Amplicon-short-trimmed,172,c,0.0682
SARS-CoV2-5UTR-Amplicon-short-trimmed,173,a,0.2166
SARS-CoV2-5UTR-Amplicon-short-trimmed,174,g,0.1928
SARS-CoV2-5UTR-Amplicon-short-trimmed,175,c,0.1128
SARS-CoV2-5UTR-Amplicon-short-trimmed,176,a,0.1305
SARS-CoV2-5UTR-Amplicon-short-trimmed,177,c,0.1068
SARS-CoV2-5UTR-Amplicon-short-trimmed,178,a,0.3946
SARS-CoV2-5UTR-Amplicon-short-trimmed,179,t,0.1394
SARS-CoV2-5UTR-Amplicon-short-trimmed,180,c,0.08
SARS-CoV2-5UTR-Amplicon-short-trimmed,181,t,0.5335
SARS-CoV2-5UTR-Amplicon-short-trimmed,182,a,0.391
SARS-CoV2-5UTR-Amplicon-short-trimmed,183,g,0.2075
SARS-CoV2-5UTR-Amplicon-short-trimmed,184,g,0.2373
SARS-CoV2-5UTR-Amplicon-short-trimmed,185,t,0.454
SARS-CoV2-5UTR-Amplicon-short-trimmed,186,t,0.5905
SARS-CoV2-5UTR-Amplicon-short-trimmed,187,t,0.089
SARS-CoV2-5UTR-Amplicon-short-trimmed,188,c,0.0741
SARS-CoV2-5UTR-Amplicon-short-trimmed,189,g,0.1275
SARS-CoV2-5UTR-Amplicon-short-trimmed,190,t,0.3143
SARS-CoV2-5UTR-Amplicon-short-trimmed,191,c,0.1809
SARS-CoV2-5UTR-Amplicon-short-trimmed,192,c,0.2372
SARS-CoV2-5UTR-Amplicon-short-trimmed,193,g,0.1513
SARS-CoV2-5UTR-Amplicon-short-trimmed,194,g,0.2937
SARS-CoV2-5UTR-Amplicon-short-trimmed,195,g,0.7209
SARS-CoV2-5UTR-Amplicon-short-trimmed,196,t,0.1246
SARS-CoV2-5UTR-Amplicon-short-trimmed,197,g,0.1335
SARS-CoV2-5UTR-Amplicon-short-trimmed,198,t,0.092
SARS-CoV2-5UTR-Amplicon-short-trimmed,199,g,0.1276
SARS-CoV2-5UTR-Amplicon-short-trimmed,200,a,0.1959
SARS-CoV2-5UTR-Amplicon-short-trimmed,201,c,0.092
SARS-CoV2-5UTR-Amplicon-short-trimmed,202,c,0.1187
SARS-CoV2-5UTR-Amplicon-short-trimmed,203,g,0.1869
SARS-CoV2-5UTR-Amplicon-short-trimmed,204,a,0.092
SARS-CoV2-5UTR-Amplicon-short-trimmed,205,a,0.2196
SARS-CoV2-5UTR-Amplicon-short-trimmed,206,a,0.1425
SARS-CoV2-5UTR-Amplicon-short-trimmed,207,g,0.1217
SARS-CoV2-5UTR-Amplicon-short-trimmed,208,g,0.2587
SARS-CoV2-5UTR-Amplicon-short-trimmed,209,t,0.0446
SARS-CoV2-5UTR-Amplicon-short-trimmed,210,a,0.0387
SARS-CoV2-5UTR-Amplicon-short-trimmed,211,a,0.1041
SARS-CoV2-5UTR-Amplicon-short-trimmed,212,g,0.0684
SARS-CoV2-5UTR-Amplicon-short-trimmed,213,a,0.0506
SARS-CoV2-5UTR-Amplicon-short-trimmed,214,t,0.0536
SARS-CoV2-5UTR-Amplicon-short-trimmed,215,g,0.0536
SARS-CoV2-5UTR-Amplicon-short-trimmed,216,g,0.0536
SARS-CoV2-5UTR-Amplicon-short-trimmed,217,a,0.1519
SARS-CoV2-5UTR-Amplicon-short-trimmed,218,g,0.0923
SARS-CoV2-5UTR-Amplicon-short-trimmed,219,a,0.0626
SARS-CoV2-5UTR-Amplicon-short-trimmed,220,g,0.1758
SARS-CoV2-5UTR-Amplicon-short-trimmed,221,c,0.1282
SARS-CoV2-5UTR-Amplicon-short-trimmed,222,c,0.1998
SARS-CoV2-5UTR-Amplicon-short-trimmed,223,t,0.1431
SARS-CoV2-5UTR-Amplicon-short-trimmed,224,t,0.1431
SARS-CoV2-5UTR-Amplicon-short-trimmed,225,g,0.0686
SARS-CoV2-5UTR-Amplicon-short-trimmed,226,t,0.2417
SARS-CoV2-5UTR-Amplicon-short-trimmed,227,c,0.1015
SARS-CoV2-5UTR-Amplicon-short-trimmed,228,c,0.0866
SARS-CoV2-5UTR-Amplicon-short-trimmed,229,c,0.0687
SARS-CoV2-5UTR-Amplicon-short-trimmed,230,t,0.3255
SARS-CoV2-5UTR-Amplicon-short-trimmed,231,g,0.1494
SARS-CoV2-5UTR-Amplicon-short-trimmed,232,g,0.1584
SARS-CoV2-5UTR-Amplicon-short-trimmed,233,t,0.1404
SARS-CoV2-5UTR-Amplicon-short-trimmed,234,t,0.0807
SARS-CoV2-5UTR-Amplicon-short-trimmed,235,t,0.0538
SARS-CoV2-5UTR-Amplicon-short-trimmed,236,c,0.5291
SARS-CoV2-5UTR-Amplicon-short-trimmed,237,a,0.0987
SARS-CoV2-5UTR-Amplicon-short-trimmed,238,a,0.1106
SARS-CoV2-5UTR-Amplicon-short-trimmed,239,c,0
SARS-CoV2-5UTR-Amplicon-short-trimmed,240,g,0
SARS-CoV2-5UTR-Amplicon-short-trimmed,241,a,0
SARS-CoV2-5UTR-Amplicon-short-trimmed,242,g,0
SARS-CoV2-5UTR-Amplicon-short-trimmed,243,g,0
