Region,Position,Ref_base,Mut_percentage
SARS-CoV2-5UTR-Amplicon-short-trimmed,1,t,0
SARS-CoV2-5UTR-Amplicon-short-trimmed,2,a,0
SARS-CoV2-5UTR-Amplicon-short-trimmed,3,g,0
SARS-CoV2-5UTR-Amplicon-short-trimmed,4,a,0
SARS-CoV2-5UTR-Amplicon-short-trimmed,5,t,0
SARS-CoV2-5UTR-Amplicon-short-trimmed,6,c,0.4286
SARS-CoV2-5UTR-Amplicon-short-trimmed,7,t,0.2762
SARS-CoV2-5UTR-Amplicon-short-trimmed,8,g,0.2734
SARS-CoV2-5UTR-Amplicon-short-trimmed,9,t,0.2974
SARS-CoV2-5UTR-Amplicon-short-trimmed,10,t,0.3298
SARS-CoV2-5UTR-Amplicon-short-trimmed,11,c,0.7488
SARS-CoV2-5UTR-Amplicon-short-trimmed,12,t,0.2162
SARS-CoV2-5UTR-Amplicon-short-trimmed,13,c,0.6376
SARS-CoV2-5UTR-Amplicon-short-trimmed,14,t,0.3053
SARS-CoV2-5UTR-Amplicon-short-trimmed,15,a,0.1053
SARS-CoV2-5UTR-Amplicon-short-trimmed,16,a,0.0702
SARS-CoV2-5UTR-Amplicon-short-trimmed,17,a,0.1755
SARS-CoV2-5UTR-Amplicon-short-trimmed,18,c,0.532
SARS-CoV2-5UTR-Amplicon-short-trimmed,19,g,0.2052
SARS-CoV2-5UTR-Amplicon-short-trimmed,20,a,0.1674
SARS-CoV2-5UTR-Amplicon-short-trimmed,21,a,0.1996
SARS-CoV2-5UTR-Amplicon-short-trimmed,22,c,1.8346
SARS-CoV2-5UTR-Amplicon-short-trimmed,23,t,0.3884
SARS-CoV2-5UTR-Amplicon-short-trimmed,24,t,0.3074
SARS-CoV2-5UTR-Amplicon-short-trimmed,25,t,0.2642
SARS-CoV2-5UTR-Amplicon-short-trimmed,26,a,0.4122
SARS-CoV2-5UTR-Amplicon-short-trimmed,27,a,0.1347
SARS-CoV2-5UTR-Amplicon-short-trimmed,28,a,0.0943
SARS-CoV2-5UTR-Amplicon-short-trimmed,29,a,0.1642
SARS-CoV2-5UTR-Amplicon-short-trimmed,30,t,0.4173
SARS-CoV2-5UTR-Amplicon-short-trimmed,31,c,0.5492
SARS-CoV2-5UTR-Amplicon-short-trimmed,32,t,0.4899
SARS-CoV2-5UTR-Amplicon-short-trimmed,33,g,0.6458
SARS-CoV2-5UTR-Amplicon-short-trimmed,34,t,0.2612
SARS-CoV2-5UTR-Amplicon-short-trimmed,35,g,0.2719
SARS-CoV2-5UTR-Amplicon-short-trimmed,36,t,0.178
SARS-CoV2-5UTR-Amplicon-short-trimmed,37,g,0.5206
SARS-CoV2-5UTR-Amplicon-short-trimmed,38,g,0.4345
SARS-CoV2-5UTR-Amplicon-short-trimmed,39,c,0.6589
SARS-CoV2-5UTR-Amplicon-short-trimmed,40,t,0.3924
SARS-CoV2-5UTR-Amplicon-short-trimmed,41,g,0.3063
SARS-CoV2-5UTR-Amplicon-short-trimmed,42,t,0.4446
SARS-CoV2-5UTR-Amplicon-short-trimmed,43,c,0.6508
SARS-CoV2-5UTR-Amplicon-short-trimmed,44,a,0.2467
SARS-CoV2-5UTR-Amplicon-short-trimmed,45,c,0.6941
SARS-CoV2-5UTR-Amplicon-short-trimmed,46,t,0.2332
SARS-CoV2-5UTR-Amplicon-short-trimmed,47,c,0.8592
SARS-CoV2-5UTR-Amplicon-short-trimmed,48,g,0.5041
SARS-CoV2-5UTR-Amplicon-short-trimmed,49,g,0.5827
SARS-CoV2-5UTR-Amplicon-short-trimmed,50,c,0.6529
SARS-CoV2-5UTR-Amplicon-short-trimmed,51,t,0.472
SARS-CoV2-5UTR-Amplicon-short-trimmed,52,g,0.3798
SARS-CoV2-5UTR-Amplicon-short-trimmed,53,c,0.795
SARS-CoV2-5UTR-Amplicon-short-trimmed,54,g,0.3636
SARS-CoV2-5UTR-Amplicon-short-trimmed,55,t,0.198
SARS-CoV2-5UTR-Amplicon-short-trimmed,56,g,0.3255
SARS-CoV2-5UTR-Amplicon-short-trimmed,57,c,0.6023
SARS-CoV2-5UTR-Amplicon-short-trimmed,58,t,0.635
SARS-CoV2-5UTR-Amplicon-short-trimmed,59,t,0.3475
SARS-CoV2-5UTR-Amplicon-short-trimmed,60,a,0.4099
SARS-CoV2-5UTR-Amplicon-short-trimmed,61,g,0.3177
SARS-CoV2-5UTR-Amplicon-short-trimmed,62,t,0.22
SARS-CoV2-5UTR-Amplicon-short-trimmed,63,g,0.4262
SARS-CoV2-5UTR-Amplicon-short-trimmed,64,c,0.6435
SARS-CoV2-5UTR-Amplicon-short-trimmed,65,a,0.2444
SARS-CoV2-5UTR-Amplicon-short-trimmed,66,c,0.5677
SARS-CoV2-5UTR-Amplicon-short-trimmed,67,t,0.2228
SARS-CoV2-5UTR-Amplicon-short-trimmed,68,c,0.1766
SARS-CoV2-5UTR-Amplicon-short-trimmed,69,a,0.2201
SARS-CoV2-5UTR-Amplicon-short-trimmed,70,c,0.6904
SARS-CoV2-5UTR-Amplicon-short-trimmed,71,g,0.3342
SARS-CoV2-5UTR-Amplicon-short-trimmed,72,c,0.6035
SARS-CoV2-5UTR-Amplicon-short-trimmed,73,a,0.1495
SARS-CoV2-5UTR-Amplicon-short-trimmed,74,g,0.2311
SARS-CoV2-5UTR-Amplicon-short-trimmed,75,t,0.087
SARS-CoV2-5UTR-Amplicon-short-trimmed,76,a,0.1768
SARS-CoV2-5UTR-Amplicon-short-trimmed,77,t,0.0761
SARS-CoV2-5UTR-Amplicon-short-trimmed,78,a,0.1252
SARS-CoV2-5UTR-Amplicon-short-trimmed,79,a,0.1714
SARS-CoV2-5UTR-Amplicon-short-trimmed,80,t,0.2177
SARS-CoV2-5UTR-Amplicon-short-trimmed,81,t,0.2505
SARS-CoV2-5UTR-Amplicon-short-trimmed,82,a,0.1443
SARS-CoV2-5UTR-Amplicon-short-trimmed,83,a,0.1825
SARS-CoV2-5UTR-Amplicon-short-trimmed,84,t,0.1308
SARS-CoV2-5UTR-Amplicon-short-trimmed,85,a,0.1254
SARS-CoV2-5UTR-Amplicon-short-trimmed,86,a,0.2673
SARS-CoV2-5UTR-Amplicon-short-trimmed,87,c,0.4364
SARS-CoV2-5UTR-Amplicon-short-trimmed,88,t,0.3028
SARS-CoV2-5UTR-Amplicon-short-trimmed,89,a,0.4318
SARS-CoV2-5UTR-Amplicon-short-trimmed,90,a,0.3006
SARS-CoV2-5UTR-Amplicon-short-trimmed,91,t,0.298
SARS-CoV2-5UTR-Amplicon-short-trimmed,92,t,0.1204
SARS-CoV2-5UTR-Amplicon-short-trimmed,93,a,0.1861
SARS-CoV2-5UTR-Amplicon-short-trimmed,94,c,0.5829
SARS-CoV2-5UTR-Amplicon-short-trimmed,95,t,0.3311
SARS-CoV2-5UTR-Amplicon-short-trimmed,96,g,0.3556
SARS-CoV2-5UTR-Amplicon-short-trimmed,97,t,0.3208
SARS-CoV2-5UTR-Amplicon-short-trimmed,98,c,0.8694
SARS-CoV2-5UTR-Amplicon-short-trimmed,99,g,0.4417
SARS-CoV2-5UTR-Amplicon-short-trimmed,100,t,0.2004
SARS-CoV2-5UTR-Amplicon-short-trimmed,101,t,0.3624
SARS-CoV2-5UTR-Amplicon-short-trimmed,102,g,0.335
SARS-CoV2-5UTR-Amplicon-short-trimmed,103,a,0.2965
SARS-CoV2-5UTR-Amplicon-short-trimmed,104,c,0.8195
SARS-CoV2-5UTR-Amplicon-short-trimmed,105,a,0.3657
SARS-CoV2-5UTR-Amplicon-short-trimmed,106,g,0.4566
SARS-CoV2-5UTR-Amplicon-short-trimmed,107,g,0.2447
SARS-CoV2-5UTR-Amplicon-short-trimmed,108,a,0.187
SARS-CoV2-5UTR-Amplicon-short-trimmed,109,c,0.5889
SARS-CoV2-5UTR-Amplicon-short-trimmed,110,a,0.3657
SARS-CoV2-5UTR-Amplicon-short-trimmed,111,c,0.6795
SARS-CoV2-5UTR-Amplicon-short-trimmed,112,g,0.2895
SARS-CoV2-5UTR-Amplicon-short-trimmed,113,a,0.2813
SARS-CoV2-5UTR-Amplicon-short-trimmed,114,g,0.3222
SARS-CoV2-5UTR-Amplicon-short-trimmed,115,t,0.2682
SARS-CoV2-5UTR-Amplicon-short-trimmed,116,a,0.1343
SARS-CoV2-5UTR-Amplicon-short-trimmed,117,a,0.2467
SARS-CoV2-5UTR-Amplicon-short-trimmed,118,c,0.7016
SARS-CoV2-5UTR-Amplicon-short-trimmed,119,t,0.3783
SARS-CoV2-5UTR-Amplicon-short-trimmed,120,c,0.9097
SARS-CoV2-5UTR-Amplicon-short-trimmed,121,g,0.3944
SARS-CoV2-5UTR-Amplicon-short-trimmed,122,t,0.5227
SARS-CoV2-5UTR-Amplicon-short-trimmed,123,c,0.5908
SARS-CoV2-5UTR-Amplicon-short-trimmed,124,t,0.3035
SARS-CoV2-5UTR-Amplicon-short-trimmed,125,a,0.3936
SARS-CoV2-5UTR-Amplicon-short-trimmed,126,t,0.3792
SARS-CoV2-5UTR-Amplicon-short-trimmed,127,c,0.7941
SARS-CoV2-5UTR-Amplicon-short-trimmed,128,t,0.4822
SARS-CoV2-5UTR-Amplicon-short-trimmed,129,t,0.2972
SARS-CoV2-5UTR-Amplicon-short-trimmed,130,c,0.7955
SARS-CoV2-5UTR-Amplicon-short-trimmed,131,t,0.6254
SARS-CoV2-5UTR-Amplicon-short-trimmed,132,g,0.3211
SARS-CoV2-5UTR-Amplicon-short-trimmed,133,c,0.7222
SARS-CoV2-5UTR-Amplicon-short-trimmed,134,a,0.4009
SARS-CoV2-5UTR-Amplicon-short-trimmed,135,g,0.2217
SARS-CoV2-5UTR-Amplicon-short-trimmed,136,g,0.2729
SARS-CoV2-5UTR-Amplicon-short-trimmed,137,c,0.4353
SARS-CoV2-5UTR-Amplicon-short-trimmed,138,t,0.365
SARS-CoV2-5UTR-Amplicon-short-trimmed,139,g,0.2644
SARS-CoV2-5UTR-Amplicon-short-trimmed,140,c,0.4654
SARS-CoV2-5UTR-Amplicon-short-trimmed,141,t,1.9597
SARS-CoV2-5UTR-Amplicon-short-trimmed,142,t,1.043
SARS-CoV2-5UTR-Amplicon-short-trimmed,143,a,0.319
SARS-CoV2-5UTR-Amplicon-short-trimmed,144,c,0.4052
SARS-CoV2-5UTR-Amplicon-short-trimmed,145,g,0.4238
SARS-CoV2-5UTR-Amplicon-short-trimmed,146,g,0.3534
SARS-CoV2-5UTR-Amplicon-short-trimmed,147,t,0.8879
SARS-CoV2-5UTR-Amplicon-short-trimmed,148,t,0.9659
SARS-CoV2-5UTR-Amplicon-short-trimmed,149,t,0.358
SARS-CoV2-5UTR-Amplicon-short-trimmed,150,c,0.9021
SARS-CoV2-5UTR-Amplicon-short-trimmed,151,g,0.4158
SARS-CoV2-5UTR-Amplicon-short-trimmed,152,t,0.5364
SARS-CoV2-5UTR-Amplicon-short-trimmed,153,c,0.4989
SARS-CoV2-5UTR-Amplicon-short-trimmed,154,c,0.4597
SARS-CoV2-5UTR-Amplicon-short-trimmed,155,g,0.3542
SARS-CoV2-5UTR-Amplicon-short-trimmed,156,t,0.2972
SARS-CoV2-5UTR-Amplicon-short-trimmed,157,g,0.5313
SARS-CoV2-5UTR-Amplicon-short-trimmed,158,t,0.512
SARS-CoV2-5UTR-Amplicon-short-trimmed,159,t,0.3662
SARS-CoV2-5UTR-Amplicon-short-trimmed,160,g,0.3438
SARS-CoV2-5UTR-Amplicon-short-trimmed,161,c,0.3975
SARS-CoV2-5UTR-Amplicon-short-trimmed,162,a,0.2144
SARS-CoV2-5UTR-Amplicon-short-trimmed,163,g,0.3103
SARS-CoV2-5UTR-Amplicon-short-trimmed,164,c,0.567
SARS-CoV2-5UTR-Amplicon-short-trimmed,165,c,0.4823
SARS-CoV2-5UTR-Amplicon-short-trimmed,166,g,0.3187
SARS-CoV2-5UTR-Amplicon-short-trimmed,167,a,0.1805
SARS-CoV2-5UTR-Amplicon-short-trimmed,168,t,0.2708
SARS-CoV2-5UTR-Amplicon-short-trimmed,169,c,0.6235
SARS-CoV2-5UTR-Amplicon-short-trimmed,170,a,0.3809
SARS-CoV2-5UTR-Amplicon-short-trimmed,171,t,0.285
SARS-CoV2-5UTR-Amplicon-short-trimmed,172,c,0.6659
SARS-CoV2-5UTR-Amplicon-short-trimmed,173,a,0.333
SARS-CoV2-5UTR-Amplicon-short-trimmed,174,g,0.3556
SARS-CoV2-5UTR-Amplicon-short-trimmed,175,c,0.5305
SARS-CoV2-5UTR-Amplicon-short-trimmed,176,a,0.3019
SARS-CoV2-5UTR-Amplicon-short-trimmed,177,c,0.5135
SARS-CoV2-5UTR-Amplicon-short-trimmed,178,a,0.5671
SARS-CoV2-5UTR-Amplicon-short-trimmed,179,t,0.5614
SARS-CoV2-5UTR-Amplicon-short-trimmed,180,c,0.7336
SARS-CoV2-5UTR-Amplicon-short-trimmed,181,t,0.7785
SARS-CoV2-5UTR-Amplicon-short-trimmed,182,a,0.7725
SARS-CoV2-5UTR-Amplicon-short-trimmed,183,g,0.6372
SARS-CoV2-5UTR-Amplicon-short-trimmed,184,g,0.5161
SARS-CoV2-5UTR-Amplicon-short-trimmed,185,t,0.7417
SARS-CoV2-5UTR-Amplicon-short-trimmed,186,t,0.9673
SARS-CoV2-5UTR-Amplicon-short-trimmed,187,t,0.3805
SARS-CoV2-5UTR-Amplicon-short-trimmed,188,c,0.8598
SARS-CoV2-5UTR-Amplicon-short-trimmed,189,g,0.4877
SARS-CoV2-5UTR-Amplicon-short-trimmed,190,t,0.4708
SARS-CoV2-5UTR-Amplicon-short-trimmed,191,c,1.0432
SARS-CoV2-5UTR-Amplicon-short-trimmed,192,c,1.0376
SARS-CoV2-5UTR-Amplicon-short-trimmed,193,g,0.6796
SARS-CoV2-5UTR-Amplicon-short-trimmed,194,g,0.5978
SARS-CoV2-5UTR-Amplicon-short-trimmed,195,g,0.8938
SARS-CoV2-5UTR-Amplicon-short-trimmed,196,t,0.4203
SARS-CoV2-5UTR-Amplicon-short-trimmed,197,g,0.4205
SARS-CoV2-5UTR-Amplicon-short-trimmed,198,t,0.285
SARS-CoV2-5UTR-Amplicon-short-trimmed,199,g,0.2597
SARS-CoV2-5UTR-Amplicon-short-trimmed,200,a,0.3217
SARS-CoV2-5UTR-Amplicon-short-trimmed,201,c,0.7563
SARS-CoV2-5UTR-Amplicon-short-trimmed,202,c,0.6886
SARS-CoV2-5UTR-Amplicon-short-trimmed,203,g,0.5081
SARS-CoV2-5UTR-Amplicon-short-trimmed,204,a,0.2598
SARS-CoV2-5UTR-Amplicon-short-trimmed,205,a,0.3162
SARS-CoV2-5UTR-Amplicon-short-trimmed,206,a,0.2202
SARS-CoV2-5UTR-Amplicon-short-trimmed,207,g,0.415
SARS-CoV2-5UTR-Amplicon-short-trimmed,208,g,0.3363
SARS-CoV2-5UTR-Amplicon-short-trimmed,209,t,0.1272
SARS-CoV2-5UTR-Amplicon-short-trimmed,210,a,0.1187
SARS-CoV2-5UTR-Amplicon-short-trimmed,211,a,0.2996
SARS-CoV2-5UTR-Amplicon-short-trimmed,212,g,0.1978
SARS-CoV2-5UTR-Amplicon-short-trimmed,213,a,0.2882
SARS-CoV2-5UTR-Amplicon-short-trimmed,214,t,0.3928
SARS-CoV2-5UTR-Amplicon-short-trimmed,215,g,0.455
SARS-CoV2-5UTR-Amplicon-short-trimmed,216,g,0.2516
SARS-CoV2-5UTR-Amplicon-short-trimmed,217,a,0.4157
SARS-CoV2-5UTR-Amplicon-short-trimmed,218,g,0.2234
SARS-CoV2-5UTR-Amplicon-short-trimmed,219,a,0.2121
SARS-CoV2-5UTR-Amplicon-short-trimmed,220,g,0.3084
SARS-CoV2-5UTR-Amplicon-short-trimmed,221,c,0.6536
SARS-CoV2-5UTR-Amplicon-short-trimmed,222,c,0.7839
SARS-CoV2-5UTR-Amplicon-short-trimmed,223,t,0.334
SARS-CoV2-5UTR-Amplicon-short-trimmed,224,t,0.3822
SARS-CoV2-5UTR-Amplicon-short-trimmed,225,g,0.269
SARS-CoV2-5UTR-Amplicon-short-trimmed,226,t,0.538
SARS-CoV2-5UTR-Amplicon-short-trimmed,227,c,0.5295
SARS-CoV2-5UTR-Amplicon-short-trimmed,228,c,0.7137
SARS-CoV2-5UTR-Amplicon-short-trimmed,229,c,0.5608
SARS-CoV2-5UTR-Amplicon-short-trimmed,230,t,0.3855
SARS-CoV2-5UTR-Amplicon-short-trimmed,231,g,0.448
SARS-CoV2-5UTR-Amplicon-short-trimmed,232,g,0.3913
SARS-CoV2-5UTR-Amplicon-short-trimmed,233,t,0.2581
SARS-CoV2-5UTR-Amplicon-short-trimmed,234,t,0.1987
SARS-CoV2-5UTR-Amplicon-short-trimmed,235,t,0.2727
SARS-CoV2-5UTR-Amplicon-short-trimmed,236,c,0.9102
SARS-CoV2-5UTR-Amplicon-short-trimmed,237,a,0.091
SARS-CoV2-5UTR-Amplicon-short-trimmed,238,a,0.2135
SARS-CoV2-5UTR-Amplicon-short-trimmed,239,c,0
SARS-CoV2-5UTR-Amplicon-short-trimmed,240,g,0
SARS-CoV2-5UTR-Amplicon-short-trimmed,241,a,0
SARS-CoV2-5UTR-Amplicon-short-trimmed,242,g,0
SARS-CoV2-5UTR-Amplicon-short-trimmed,243,g,0
