Region,Position,Ref_base,Mut_percentage
SARS-CoV2-5UTR-Amplicon-short-trimmed,1,t,0
SARS-CoV2-5UTR-Amplicon-short-trimmed,2,a,0
SARS-CoV2-5UTR-Amplicon-short-trimmed,3,g,0
SARS-CoV2-5UTR-Amplicon-short-trimmed,4,a,0
SARS-CoV2-5UTR-Amplicon-short-trimmed,5,t,0.0019
SARS-CoV2-5UTR-Amplicon-short-trimmed,6,c,0.1765
SARS-CoV2-5UTR-Amplicon-short-trimmed,7,t,0.0761
SARS-CoV2-5UTR-Amplicon-short-trimmed,8,g,0.091
SARS-CoV2-5UTR-Amplicon-short-trimmed,9,t,0.1892
SARS-CoV2-5UTR-Amplicon-short-trimmed,10,t,0.1224
SARS-CoV2-5UTR-Amplicon-short-trimmed,11,c,0.2541
SARS-CoV2-5UTR-Amplicon-short-trimmed,12,t,0.1112
SARS-CoV2-5UTR-Amplicon-short-trimmed,13,c,0.1483
SARS-CoV2-5UTR-Amplicon-short-trimmed,14,t,0.0593
SARS-CoV2-5UTR-Amplicon-short-trimmed,15,a,0.1279
SARS-CoV2-5UTR-Amplicon-short-trimmed,16,a,0.0741
SARS-CoV2-5UTR-Amplicon-short-trimmed,17,a,0.0722
SARS-CoV2-5UTR-Amplicon-short-trimmed,18,c,0.1593
SARS-CoV2-5UTR-Amplicon-short-trimmed,19,g,0.1222
SARS-CoV2-5UTR-Amplicon-short-trimmed,20,a,0.0759
SARS-CoV2-5UTR-Amplicon-short-trimmed,21,a,0.1221
SARS-CoV2-5UTR-Amplicon-short-trimmed,22,c,2.6542
SARS-CoV2-5UTR-Amplicon-short-trimmed,23,t,0.3106
SARS-CoV2-5UTR-Amplicon-short-trimmed,24,t,0.1516
SARS-CoV2-5UTR-Amplicon-short-trimmed,25,t,0.0813
SARS-CoV2-5UTR-Amplicon-short-trimmed,26,a,0.4581
SARS-CoV2-5UTR-Amplicon-short-trimmed,27,a,0.1292
SARS-CoV2-5UTR-Amplicon-short-trimmed,28,a,0.0609
SARS-CoV2-5UTR-Amplicon-short-trimmed,29,a,0.1273
SARS-CoV2-5UTR-Amplicon-short-trimmed,30,t,0.1458
SARS-CoV2-5UTR-Amplicon-short-trimmed,31,c,0.2103
SARS-CoV2-5UTR-Amplicon-short-trimmed,32,t,0.1789
SARS-CoV2-5UTR-Amplicon-short-trimmed,33,g,0.2601
SARS-CoV2-5UTR-Amplicon-short-trimmed,34,t,0.0911
SARS-CoV2-5UTR-Amplicon-short-trimmed,35,g,0.0743
SARS-CoV2-5UTR-Amplicon-short-trimmed,36,t,0.1067
SARS-CoV2-5UTR-Amplicon-short-trimmed,37,g,0.2041
SARS-CoV2-5UTR-Amplicon-short-trimmed,38,g,0.2551
SARS-CoV2-5UTR-Amplicon-short-trimmed,39,c,0.2557
SARS-CoV2-5UTR-Amplicon-short-trimmed,40,t,0.1792
SARS-CoV2-5UTR-Amplicon-short-trimmed,41,g,0.1439
SARS-CoV2-5UTR-Amplicon-short-trimmed,42,t,0.2047
SARS-CoV2-5UTR-Amplicon-short-trimmed,43,c,0.2237
SARS-CoV2-5UTR-Amplicon-short-trimmed,44,a,0.199
SARS-CoV2-5UTR-Amplicon-short-trimmed,45,c,0.2198
SARS-CoV2-5UTR-Amplicon-short-trimmed,46,t,0.1175
SARS-CoV2-5UTR-Amplicon-short-trimmed,47,c,0.2973
SARS-CoV2-5UTR-Amplicon-short-trimmed,48,g,0.1893
SARS-CoV2-5UTR-Amplicon-short-trimmed,49,g,0.4259
SARS-CoV2-5UTR-Amplicon-short-trimmed,50,c,0.2932
SARS-CoV2-5UTR-Amplicon-short-trimmed,51,t,0.114
SARS-CoV2-5UTR-Amplicon-short-trimmed,52,g,0.1615
SARS-CoV2-5UTR-Amplicon-short-trimmed,53,c,0.3588
SARS-CoV2-5UTR-Amplicon-short-trimmed,54,g,0.2146
SARS-CoV2-5UTR-Amplicon-short-trimmed,55,t,0.0665
SARS-CoV2-5UTR-Amplicon-short-trimmed,56,g,0.2185
SARS-CoV2-5UTR-Amplicon-short-trimmed,57,c,0.3213
SARS-CoV2-5UTR-Amplicon-short-trimmed,58,t,0.329
SARS-CoV2-5UTR-Amplicon-short-trimmed,59,t,0.1637
SARS-CoV2-5UTR-Amplicon-short-trimmed,60,a,0.2246
SARS-CoV2-5UTR-Amplicon-short-trimmed,61,g,0.1846
SARS-CoV2-5UTR-Amplicon-short-trimmed,62,t,0.1123
SARS-CoV2-5UTR-Amplicon-short-trimmed,63,g,0.2744
SARS-CoV2-5UTR-Amplicon-short-trimmed,64,c,0.5795
SARS-CoV2-5UTR-Amplicon-short-trimmed,65,a,0.1716
SARS-CoV2-5UTR-Amplicon-short-trimmed,66,c,0.2995
SARS-CoV2-5UTR-Amplicon-short-trimmed,67,t,0.1126
SARS-CoV2-5UTR-Amplicon-short-trimmed,68,c,0.1259
SARS-CoV2-5UTR-Amplicon-short-trimmed,69,a,0.1145
SARS-CoV2-5UTR-Amplicon-short-trimmed,70,c,0.2748
SARS-CoV2-5UTR-Amplicon-short-trimmed,71,g,0.2042
SARS-CoV2-5UTR-Amplicon-short-trimmed,72,c,0.2728
SARS-CoV2-5UTR-Amplicon-short-trimmed,73,a,0.1202
SARS-CoV2-5UTR-Amplicon-short-trimmed,74,g,0.1087
SARS-CoV2-5UTR-Amplicon-short-trimmed,75,t,0.0649
SARS-CoV2-5UTR-Amplicon-short-trimmed,76,a,0.1108
SARS-CoV2-5UTR-Amplicon-short-trimmed,77,t,0.0592
SARS-CoV2-5UTR-Amplicon-short-trimmed,78,a,0.0975
SARS-CoV2-5UTR-Amplicon-short-trimmed,79,a,0.1396
SARS-CoV2-5UTR-Amplicon-short-trimmed,80,t,0.1778
SARS-CoV2-5UTR-Amplicon-short-trimmed,81,t,0.0938
SARS-CoV2-5UTR-Amplicon-short-trimmed,82,a,0.1474
SARS-CoV2-5UTR-Amplicon-short-trimmed,83,a,0.157
SARS-CoV2-5UTR-Amplicon-short-trimmed,84,t,0.1034
SARS-CoV2-5UTR-Amplicon-short-trimmed,85,a,0.1245
SARS-CoV2-5UTR-Amplicon-short-trimmed,86,a,0.115
SARS-CoV2-5UTR-Amplicon-short-trimmed,87,c,0.1686
SARS-CoV2-5UTR-Amplicon-short-trimmed,88,t,0.1399
SARS-CoV2-5UTR-Amplicon-short-trimmed,89,a,0.3784
SARS-CoV2-5UTR-Amplicon-short-trimmed,90,a,0.1768
SARS-CoV2-5UTR-Amplicon-short-trimmed,91,t,0.1269
SARS-CoV2-5UTR-Amplicon-short-trimmed,92,t,0.1154
SARS-CoV2-5UTR-Amplicon-short-trimmed,93,a,0.1269
SARS-CoV2-5UTR-Amplicon-short-trimmed,94,c,0.2268
SARS-CoV2-5UTR-Amplicon-short-trimmed,95,t,0.1096
SARS-CoV2-5UTR-Amplicon-short-trimmed,96,g,0.148
SARS-CoV2-5UTR-Amplicon-short-trimmed,97,t,0.1667
SARS-CoV2-5UTR-Amplicon-short-trimmed,98,c,0.2656
SARS-CoV2-5UTR-Amplicon-short-trimmed,99,g,0.2114
SARS-CoV2-5UTR-Amplicon-short-trimmed,100,t,0.1535
SARS-CoV2-5UTR-Amplicon-short-trimmed,101,t,0.1885
SARS-CoV2-5UTR-Amplicon-short-trimmed,102,g,0.1944
SARS-CoV2-5UTR-Amplicon-short-trimmed,103,a,0.208
SARS-CoV2-5UTR-Amplicon-short-trimmed,104,c,0.2942
SARS-CoV2-5UTR-Amplicon-short-trimmed,105,a,0.2631
SARS-CoV2-5UTR-Amplicon-short-trimmed,106,g,0.2753
SARS-CoV2-5UTR-Amplicon-short-trimmed,107,g,0.1834
SARS-CoV2-5UTR-Amplicon-short-trimmed,108,a,0.2555
SARS-CoV2-5UTR-Amplicon-short-trimmed,109,c,0.3259
SARS-CoV2-5UTR-Amplicon-short-trimmed,110,a,0.3226
SARS-CoV2-5UTR-Amplicon-short-trimmed,111,c,0.278
SARS-CoV2-5UTR-Amplicon-short-trimmed,112,g,0.1809
SARS-CoV2-5UTR-Amplicon-short-trimmed,113,a,0.1714
SARS-CoV2-5UTR-Amplicon-short-trimmed,114,g,0.2202
SARS-CoV2-5UTR-Amplicon-short-trimmed,115,t,0.2067
SARS-CoV2-5UTR-Amplicon-short-trimmed,116,a,0.2547
SARS-CoV2-5UTR-Amplicon-short-trimmed,117,a,0.1712
SARS-CoV2-5UTR-Amplicon-short-trimmed,118,c,0.2726
SARS-CoV2-5UTR-Amplicon-short-trimmed,119,t,0.201
SARS-CoV2-5UTR-Amplicon-short-trimmed,120,c,0.3024
SARS-CoV2-5UTR-Amplicon-short-trimmed,121,g,0.191
SARS-CoV2-5UTR-Amplicon-short-trimmed,122,t,0.5134
SARS-CoV2-5UTR-Amplicon-short-trimmed,123,c,0.2505
SARS-CoV2-5UTR-Amplicon-short-trimmed,124,t,0.167
SARS-CoV2-5UTR-Amplicon-short-trimmed,125,a,0.2764
SARS-CoV2-5UTR-Amplicon-short-trimmed,126,t,0.1412
SARS-CoV2-5UTR-Amplicon-short-trimmed,127,c,0.2385
SARS-CoV2-5UTR-Amplicon-short-trimmed,128,t,0.1997
SARS-CoV2-5UTR-Amplicon-short-trimmed,129,t,0.1612
SARS-CoV2-5UTR-Amplicon-short-trimmed,130,c,0.2735
SARS-CoV2-5UTR-Amplicon-short-trimmed,131,t,0.5095
SARS-CoV2-5UTR-Amplicon-short-trimmed,132,g,0.2801
SARS-CoV2-5UTR-Amplicon-short-trimmed,133,c,0.3746
SARS-CoV2-5UTR-Amplicon-short-trimmed,134,a,0.3243
SARS-CoV2-5UTR-Amplicon-short-trimmed,135,g,0.1476
SARS-CoV2-5UTR-Amplicon-short-trimmed,136,g,0.297
SARS-CoV2-5UTR-Amplicon-short-trimmed,137,c,0.2742
SARS-CoV2-5UTR-Amplicon-short-trimmed,138,t,0.3368
SARS-CoV2-5UTR-Amplicon-short-trimmed,139,g,0.2902
SARS-CoV2-5UTR-Amplicon-short-trimmed,140,c,0.3986
SARS-CoV2-5UTR-Amplicon-short-trimmed,141,t,2.0642
SARS-CoV2-5UTR-Amplicon-short-trimmed,142,t,1.1141
SARS-CoV2-5UTR-Amplicon-short-trimmed,143,a,0.3457
SARS-CoV2-5UTR-Amplicon-short-trimmed,144,c,0.2951
SARS-CoV2-5UTR-Amplicon-short-trimmed,145,g,0.2867
SARS-CoV2-5UTR-Amplicon-short-trimmed,146,g,0.2903
SARS-CoV2-5UTR-Amplicon-short-trimmed,147,t,0.8519
SARS-CoV2-5UTR-Amplicon-short-trimmed,148,t,0.6953
SARS-CoV2-5UTR-Amplicon-short-trimmed,149,t,0.1494
SARS-CoV2-5UTR-Amplicon-short-trimmed,150,c,0.3617
SARS-CoV2-5UTR-Amplicon-short-trimmed,151,g,0.2907
SARS-CoV2-5UTR-Amplicon-short-trimmed,152,t,0.5847
SARS-CoV2-5UTR-Amplicon-short-trimmed,153,c,0.3751
SARS-CoV2-5UTR-Amplicon-short-trimmed,154,c,0.3155
SARS-CoV2-5UTR-Amplicon-short-trimmed,155,g,0.1663
SARS-CoV2-5UTR-Amplicon-short-trimmed,156,t,0.2162
SARS-CoV2-5UTR-Amplicon-short-trimmed,157,g,0.2847
SARS-CoV2-5UTR-Amplicon-short-trimmed,158,t,0.5297
SARS-CoV2-5UTR-Amplicon-short-trimmed,159,t,0.2596
SARS-CoV2-5UTR-Amplicon-short-trimmed,160,g,0.3258
SARS-CoV2-5UTR-Amplicon-short-trimmed,161,c,0.4036
SARS-CoV2-5UTR-Amplicon-short-trimmed,162,a,0.4414
SARS-CoV2-5UTR-Amplicon-short-trimmed,163,g,0.5783
SARS-CoV2-5UTR-Amplicon-short-trimmed,164,c,0.6909
SARS-CoV2-5UTR-Amplicon-short-trimmed,165,c,0.3017
SARS-CoV2-5UTR-Amplicon-short-trimmed,166,g,0.4338
SARS-CoV2-5UTR-Amplicon-short-trimmed,167,a,0.1438
SARS-CoV2-5UTR-Amplicon-short-trimmed,168,t,0.1792
SARS-CoV2-5UTR-Amplicon-short-trimmed,169,c,0.3042
SARS-CoV2-5UTR-Amplicon-short-trimmed,170,a,0.3514
SARS-CoV2-5UTR-Amplicon-short-trimmed,171,t,0.1792
SARS-CoV2-5UTR-Amplicon-short-trimmed,172,c,0.2028
SARS-CoV2-5UTR-Amplicon-short-trimmed,173,a,0.3066
SARS-CoV2-5UTR-Amplicon-short-trimmed,174,g,0.184
SARS-CoV2-5UTR-Amplicon-short-trimmed,175,c,0.255
SARS-CoV2-5UTR-Amplicon-short-trimmed,176,a,0.2313
SARS-CoV2-5UTR-Amplicon-short-trimmed,177,c,0.1723
SARS-CoV2-5UTR-Amplicon-short-trimmed,178,a,0.5121
SARS-CoV2-5UTR-Amplicon-short-trimmed,179,t,0.2785
SARS-CoV2-5UTR-Amplicon-short-trimmed,180,c,0.2783
SARS-CoV2-5UTR-Amplicon-short-trimmed,181,t,0.6863
SARS-CoV2-5UTR-Amplicon-short-trimmed,182,a,0.6551
SARS-CoV2-5UTR-Amplicon-short-trimmed,183,g,0.4314
SARS-CoV2-5UTR-Amplicon-short-trimmed,184,g,0.3324
SARS-CoV2-5UTR-Amplicon-short-trimmed,185,t,0.6038
SARS-CoV2-5UTR-Amplicon-short-trimmed,186,t,0.7974
SARS-CoV2-5UTR-Amplicon-short-trimmed,187,t,0.1815
SARS-CoV2-5UTR-Amplicon-short-trimmed,188,c,0.3771
SARS-CoV2-5UTR-Amplicon-short-trimmed,189,g,0.2474
SARS-CoV2-5UTR-Amplicon-short-trimmed,190,t,0.2992
SARS-CoV2-5UTR-Amplicon-short-trimmed,191,c,0.4054
SARS-CoV2-5UTR-Amplicon-short-trimmed,192,c,0.4549
SARS-CoV2-5UTR-Amplicon-short-trimmed,193,g,0.2452
SARS-CoV2-5UTR-Amplicon-short-trimmed,194,g,0.4552
SARS-CoV2-5UTR-Amplicon-short-trimmed,195,g,0.7594
SARS-CoV2-5UTR-Amplicon-short-trimmed,196,t,0.2099
SARS-CoV2-5UTR-Amplicon-short-trimmed,197,g,0.1274
SARS-CoV2-5UTR-Amplicon-short-trimmed,198,t,0.1322
SARS-CoV2-5UTR-Amplicon-short-trimmed,199,g,0.1865
SARS-CoV2-5UTR-Amplicon-short-trimmed,200,a,0.3092
SARS-CoV2-5UTR-Amplicon-short-trimmed,201,c,0.2501
SARS-CoV2-5UTR-Amplicon-short-trimmed,202,c,0.2925
SARS-CoV2-5UTR-Amplicon-short-trimmed,203,g,0.2925
SARS-CoV2-5UTR-Amplicon-short-trimmed,204,a,0.2526
SARS-CoV2-5UTR-Amplicon-short-trimmed,205,a,0.3234
SARS-CoV2-5UTR-Amplicon-short-trimmed,206,a,0.2171
SARS-CoV2-5UTR-Amplicon-short-trimmed,207,g,0.1936
SARS-CoV2-5UTR-Amplicon-short-trimmed,208,g,0.3237
SARS-CoV2-5UTR-Amplicon-short-trimmed,209,t,0.0709
SARS-CoV2-5UTR-Amplicon-short-trimmed,210,a,0.1253
SARS-CoV2-5UTR-Amplicon-short-trimmed,211,a,0.1844
SARS-CoV2-5UTR-Amplicon-short-trimmed,212,g,0.1182
SARS-CoV2-5UTR-Amplicon-short-trimmed,213,a,0.1654
SARS-CoV2-5UTR-Amplicon-short-trimmed,214,t,0.0898
SARS-CoV2-5UTR-Amplicon-short-trimmed,215,g,0.1868
SARS-CoV2-5UTR-Amplicon-short-trimmed,216,g,0.1183
SARS-CoV2-5UTR-Amplicon-short-trimmed,217,a,0.3077
SARS-CoV2-5UTR-Amplicon-short-trimmed,218,g,0.0852
SARS-CoV2-5UTR-Amplicon-short-trimmed,219,a,0.0734
SARS-CoV2-5UTR-Amplicon-short-trimmed,220,g,0.2416
SARS-CoV2-5UTR-Amplicon-short-trimmed,221,c,0.3317
SARS-CoV2-5UTR-Amplicon-short-trimmed,222,c,0.4408
SARS-CoV2-5UTR-Amplicon-short-trimmed,223,t,0.1635
SARS-CoV2-5UTR-Amplicon-short-trimmed,224,t,0.1564
SARS-CoV2-5UTR-Amplicon-short-trimmed,225,g,0.1257
SARS-CoV2-5UTR-Amplicon-short-trimmed,226,t,0.2395
SARS-CoV2-5UTR-Amplicon-short-trimmed,227,c,0.2372
SARS-CoV2-5UTR-Amplicon-short-trimmed,228,c,0.2088
SARS-CoV2-5UTR-Amplicon-short-trimmed,229,c,0.2872
SARS-CoV2-5UTR-Amplicon-short-trimmed,230,t,0.3157
SARS-CoV2-5UTR-Amplicon-short-trimmed,231,g,0.1947
SARS-CoV2-5UTR-Amplicon-short-trimmed,232,g,0.1971
SARS-CoV2-5UTR-Amplicon-short-trimmed,233,t,0.1449
SARS-CoV2-5UTR-Amplicon-short-trimmed,234,t,0.1093
SARS-CoV2-5UTR-Amplicon-short-trimmed,235,t,0.0903
SARS-CoV2-5UTR-Amplicon-short-trimmed,236,c,0.7088
SARS-CoV2-5UTR-Amplicon-short-trimmed,237,a,0.0999
SARS-CoV2-5UTR-Amplicon-short-trimmed,238,a,0.1142
SARS-CoV2-5UTR-Amplicon-short-trimmed,239,c,0
SARS-CoV2-5UTR-Amplicon-short-trimmed,240,g,0.0072
SARS-CoV2-5UTR-Amplicon-short-trimmed,241,a,0
SARS-CoV2-5UTR-Amplicon-short-trimmed,242,g,0
SARS-CoV2-5UTR-Amplicon-short-trimmed,243,g,0
