Region,Position,Ref_base,Mut_percentage
SARS-CoV2-5UTR-Amplicon-short-trimmed,1,t,0
SARS-CoV2-5UTR-Amplicon-short-trimmed,2,a,0
SARS-CoV2-5UTR-Amplicon-short-trimmed,3,g,0
SARS-CoV2-5UTR-Amplicon-short-trimmed,4,a,0
SARS-CoV2-5UTR-Amplicon-short-trimmed,5,t,0
SARS-CoV2-5UTR-Amplicon-short-trimmed,6,c,0.0718
SARS-CoV2-5UTR-Amplicon-short-trimmed,7,t,0.0816
SARS-CoV2-5UTR-Amplicon-short-trimmed,8,g,0.0995
SARS-CoV2-5UTR-Amplicon-short-trimmed,9,t,0.2119
SARS-CoV2-5UTR-Amplicon-short-trimmed,10,t,0.0994
SARS-CoV2-5UTR-Amplicon-short-trimmed,11,c,0.1613
SARS-CoV2-5UTR-Amplicon-short-trimmed,12,t,0.1026
SARS-CoV2-5UTR-Amplicon-short-trimmed,13,c,0.0945
SARS-CoV2-5UTR-Amplicon-short-trimmed,14,t,0.0651
SARS-CoV2-5UTR-Amplicon-short-trimmed,15,a,0.0456
SARS-CoV2-5UTR-Amplicon-short-trimmed,16,a,0.0261
SARS-CoV2-5UTR-Amplicon-short-trimmed,17,a,0.057
SARS-CoV2-5UTR-Amplicon-short-trimmed,18,c,0.0781
SARS-CoV2-5UTR-Amplicon-short-trimmed,19,g,0.1221
SARS-CoV2-5UTR-Amplicon-short-trimmed,20,a,0.0439
SARS-CoV2-5UTR-Amplicon-short-trimmed,21,a,0.1399
SARS-CoV2-5UTR-Amplicon-short-trimmed,22,c,1.5714
SARS-CoV2-5UTR-Amplicon-short-trimmed,23,t,0.2407
SARS-CoV2-5UTR-Amplicon-short-trimmed,24,t,0.1919
SARS-CoV2-5UTR-Amplicon-short-trimmed,25,t,0.0602
SARS-CoV2-5UTR-Amplicon-short-trimmed,26,a,0.2795
SARS-CoV2-5UTR-Amplicon-short-trimmed,27,a,0.0666
SARS-CoV2-5UTR-Amplicon-short-trimmed,28,a,0.0568
SARS-CoV2-5UTR-Amplicon-short-trimmed,29,a,0.0682
SARS-CoV2-5UTR-Amplicon-short-trimmed,30,t,0.1152
SARS-CoV2-5UTR-Amplicon-short-trimmed,31,c,0.0714
SARS-CoV2-5UTR-Amplicon-short-trimmed,32,t,0.1071
SARS-CoV2-5UTR-Amplicon-short-trimmed,33,g,0.1509
SARS-CoV2-5UTR-Amplicon-short-trimmed,34,t,0.0958
SARS-CoV2-5UTR-Amplicon-short-trimmed,35,g,0.0747
SARS-CoV2-5UTR-Amplicon-short-trimmed,36,t,0.1351
SARS-CoV2-5UTR-Amplicon-short-trimmed,37,g,0.0781
SARS-CoV2-5UTR-Amplicon-short-trimmed,38,g,0.2068
SARS-CoV2-5UTR-Amplicon-short-trimmed,39,c,0.1678
SARS-CoV2-5UTR-Amplicon-short-trimmed,40,t,0.152
SARS-CoV2-5UTR-Amplicon-short-trimmed,41,g,0.2151
SARS-CoV2-5UTR-Amplicon-short-trimmed,42,t,0.2545
SARS-CoV2-5UTR-Amplicon-short-trimmed,43,c,0.1248
SARS-CoV2-5UTR-Amplicon-short-trimmed,44,a,0.1314
SARS-CoV2-5UTR-Amplicon-short-trimmed,45,c,0.1051
SARS-CoV2-5UTR-Amplicon-short-trimmed,46,t,0.1133
SARS-CoV2-5UTR-Amplicon-short-trimmed,47,c,0.1444
SARS-CoV2-5UTR-Amplicon-short-trimmed,48,g,0.1263
SARS-CoV2-5UTR-Amplicon-short-trimmed,49,g,0.4119
SARS-CoV2-5UTR-Amplicon-short-trimmed,50,c,0.1789
SARS-CoV2-5UTR-Amplicon-short-trimmed,51,t,0.1268
SARS-CoV2-5UTR-Amplicon-short-trimmed,52,g,0.135
SARS-CoV2-5UTR-Amplicon-short-trimmed,53,c,0.2206
SARS-CoV2-5UTR-Amplicon-short-trimmed,54,g,0.1893
SARS-CoV2-5UTR-Amplicon-short-trimmed,55,t,0.0806
SARS-CoV2-5UTR-Amplicon-short-trimmed,56,g,0.1481
SARS-CoV2-5UTR-Amplicon-short-trimmed,57,c,0.1714
SARS-CoV2-5UTR-Amplicon-short-trimmed,58,t,0.341
SARS-CoV2-5UTR-Amplicon-short-trimmed,59,t,0.1318
SARS-CoV2-5UTR-Amplicon-short-trimmed,60,a,0.112
SARS-CoV2-5UTR-Amplicon-short-trimmed,61,g,0.1038
SARS-CoV2-5UTR-Amplicon-short-trimmed,62,t,0.094
SARS-CoV2-5UTR-Amplicon-short-trimmed,63,g,0.2028
SARS-CoV2-5UTR-Amplicon-short-trimmed,64,c,0.3726
SARS-CoV2-5UTR-Amplicon-short-trimmed,65,a,0.1434
SARS-CoV2-5UTR-Amplicon-short-trimmed,66,c,0.1583
SARS-CoV2-5UTR-Amplicon-short-trimmed,67,t,0.0924
SARS-CoV2-5UTR-Amplicon-short-trimmed,68,c,0.0445
SARS-CoV2-5UTR-Amplicon-short-trimmed,69,a,0.0676
SARS-CoV2-5UTR-Amplicon-short-trimmed,70,c,0.1072
SARS-CoV2-5UTR-Amplicon-short-trimmed,71,g,0.2243
SARS-CoV2-5UTR-Amplicon-short-trimmed,72,c,0.1039
SARS-CoV2-5UTR-Amplicon-short-trimmed,73,a,0.0858
SARS-CoV2-5UTR-Amplicon-short-trimmed,74,g,0.0874
SARS-CoV2-5UTR-Amplicon-short-trimmed,75,t,0.0462
SARS-CoV2-5UTR-Amplicon-short-trimmed,76,a,0.0594
SARS-CoV2-5UTR-Amplicon-short-trimmed,77,t,0.0215
SARS-CoV2-5UTR-Amplicon-short-trimmed,78,a,0.0528
SARS-CoV2-5UTR-Amplicon-short-trimmed,79,a,0.0793
SARS-CoV2-5UTR-Amplicon-short-trimmed,80,t,0.1635
SARS-CoV2-5UTR-Amplicon-short-trimmed,81,t,0.0826
SARS-CoV2-5UTR-Amplicon-short-trimmed,82,a,0.0925
SARS-CoV2-5UTR-Amplicon-short-trimmed,83,a,0.0792
SARS-CoV2-5UTR-Amplicon-short-trimmed,84,t,0.1139
SARS-CoV2-5UTR-Amplicon-short-trimmed,85,a,0.137
SARS-CoV2-5UTR-Amplicon-short-trimmed,86,a,0.1089
SARS-CoV2-5UTR-Amplicon-short-trimmed,87,c,0.132
SARS-CoV2-5UTR-Amplicon-short-trimmed,88,t,0.132
SARS-CoV2-5UTR-Amplicon-short-trimmed,89,a,0.4425
SARS-CoV2-5UTR-Amplicon-short-trimmed,90,a,0.1255
SARS-CoV2-5UTR-Amplicon-short-trimmed,91,t,0.1767
SARS-CoV2-5UTR-Amplicon-short-trimmed,92,t,0.1106
SARS-CoV2-5UTR-Amplicon-short-trimmed,93,a,0.0875
SARS-CoV2-5UTR-Amplicon-short-trimmed,94,c,0.1255
SARS-CoV2-5UTR-Amplicon-short-trimmed,95,t,0.0826
SARS-CoV2-5UTR-Amplicon-short-trimmed,96,g,0.1601
SARS-CoV2-5UTR-Amplicon-short-trimmed,97,t,0.1338
SARS-CoV2-5UTR-Amplicon-short-trimmed,98,c,0.1371
SARS-CoV2-5UTR-Amplicon-short-trimmed,99,g,0.1816
SARS-CoV2-5UTR-Amplicon-short-trimmed,100,t,0.1585
SARS-CoV2-5UTR-Amplicon-short-trimmed,101,t,0.1916
SARS-CoV2-5UTR-Amplicon-short-trimmed,102,g,0.19
SARS-CoV2-5UTR-Amplicon-short-trimmed,103,a,0.1223
SARS-CoV2-5UTR-Amplicon-short-trimmed,104,c,0.1984
SARS-CoV2-5UTR-Amplicon-short-trimmed,105,a,0.1901
SARS-CoV2-5UTR-Amplicon-short-trimmed,106,g,0.2216
SARS-CoV2-5UTR-Amplicon-short-trimmed,107,g,0.1206
SARS-CoV2-5UTR-Amplicon-short-trimmed,108,a,0.1338
SARS-CoV2-5UTR-Amplicon-short-trimmed,109,c,0.1768
SARS-CoV2-5UTR-Amplicon-short-trimmed,110,a,0.3576
SARS-CoV2-5UTR-Amplicon-short-trimmed,111,c,0.2027
SARS-CoV2-5UTR-Amplicon-short-trimmed,112,g,0.145
SARS-CoV2-5UTR-Amplicon-short-trimmed,113,a,0.1467
SARS-CoV2-5UTR-Amplicon-short-trimmed,114,g,0.1318
SARS-CoV2-5UTR-Amplicon-short-trimmed,115,t,0.1273
SARS-CoV2-5UTR-Amplicon-short-trimmed,116,a,0.1157
SARS-CoV2-5UTR-Amplicon-short-trimmed,117,a,0.1074
SARS-CoV2-5UTR-Amplicon-short-trimmed,118,c,0.162
SARS-CoV2-5UTR-Amplicon-short-trimmed,119,t,0.1718
SARS-CoV2-5UTR-Amplicon-short-trimmed,120,c,0.208
SARS-CoV2-5UTR-Amplicon-short-trimmed,121,g,0.1617
SARS-CoV2-5UTR-Amplicon-short-trimmed,122,t,0.4731
SARS-CoV2-5UTR-Amplicon-short-trimmed,123,c,0.2027
SARS-CoV2-5UTR-Amplicon-short-trimmed,124,t,0.1714
SARS-CoV2-5UTR-Amplicon-short-trimmed,125,a,0.2537
SARS-CoV2-5UTR-Amplicon-short-trimmed,126,t,0.1779
SARS-CoV2-5UTR-Amplicon-short-trimmed,127,c,0.2157
SARS-CoV2-5UTR-Amplicon-short-trimmed,128,t,0.2858
SARS-CoV2-5UTR-Amplicon-short-trimmed,129,t,0.135
SARS-CoV2-5UTR-Amplicon-short-trimmed,130,c,0.1508
SARS-CoV2-5UTR-Amplicon-short-trimmed,131,t,0.5276
SARS-CoV2-5UTR-Amplicon-short-trimmed,132,g,0.2156
SARS-CoV2-5UTR-Amplicon-short-trimmed,133,c,0.2621
SARS-CoV2-5UTR-Amplicon-short-trimmed,134,a,0.1968
SARS-CoV2-5UTR-Amplicon-short-trimmed,135,g,0.0997
SARS-CoV2-5UTR-Amplicon-short-trimmed,136,g,0.1877
SARS-CoV2-5UTR-Amplicon-short-trimmed,137,c,0.1756
SARS-CoV2-5UTR-Amplicon-short-trimmed,138,t,0.2007
SARS-CoV2-5UTR-Amplicon-short-trimmed,139,g,0.2154
SARS-CoV2-5UTR-Amplicon-short-trimmed,140,c,0.2293
SARS-CoV2-5UTR-Amplicon-short-trimmed,141,t,1.6874
SARS-CoV2-5UTR-Amplicon-short-trimmed,142,t,0.8333
SARS-CoV2-5UTR-Amplicon-short-trimmed,143,a,0.238
SARS-CoV2-5UTR-Amplicon-short-trimmed,144,c,0.2155
SARS-CoV2-5UTR-Amplicon-short-trimmed,145,g,0.1878
SARS-CoV2-5UTR-Amplicon-short-trimmed,146,g,0.2138
SARS-CoV2-5UTR-Amplicon-short-trimmed,147,t,0.67
SARS-CoV2-5UTR-Amplicon-short-trimmed,148,t,0.5359
SARS-CoV2-5UTR-Amplicon-short-trimmed,149,t,0.1143
SARS-CoV2-5UTR-Amplicon-short-trimmed,150,c,0.1654
SARS-CoV2-5UTR-Amplicon-short-trimmed,151,g,0.233
SARS-CoV2-5UTR-Amplicon-short-trimmed,152,t,0.3672
SARS-CoV2-5UTR-Amplicon-short-trimmed,153,c,0.3603
SARS-CoV2-5UTR-Amplicon-short-trimmed,154,c,0.1537
SARS-CoV2-5UTR-Amplicon-short-trimmed,155,g,0.1628
SARS-CoV2-5UTR-Amplicon-short-trimmed,156,t,0.1053
SARS-CoV2-5UTR-Amplicon-short-trimmed,157,g,0.1972
SARS-CoV2-5UTR-Amplicon-short-trimmed,158,t,0.398
SARS-CoV2-5UTR-Amplicon-short-trimmed,159,t,0.1807
SARS-CoV2-5UTR-Amplicon-short-trimmed,160,g,0.2132
SARS-CoV2-5UTR-Amplicon-short-trimmed,161,c,0.1944
SARS-CoV2-5UTR-Amplicon-short-trimmed,162,a,0.1996
SARS-CoV2-5UTR-Amplicon-short-trimmed,163,g,0.2064
SARS-CoV2-5UTR-Amplicon-short-trimmed,164,c,0.4418
SARS-CoV2-5UTR-Amplicon-short-trimmed,165,c,0.2184
SARS-CoV2-5UTR-Amplicon-short-trimmed,166,g,0.2798
SARS-CoV2-5UTR-Amplicon-short-trimmed,167,a,0.0307
SARS-CoV2-5UTR-Amplicon-short-trimmed,168,t,0.1553
SARS-CoV2-5UTR-Amplicon-short-trimmed,169,c,0.1928
SARS-CoV2-5UTR-Amplicon-short-trimmed,170,a,0.2305
SARS-CoV2-5UTR-Amplicon-short-trimmed,171,t,0.0956
SARS-CoV2-5UTR-Amplicon-short-trimmed,172,c,0.099
SARS-CoV2-5UTR-Amplicon-short-trimmed,173,a,0.1964
SARS-CoV2-5UTR-Amplicon-short-trimmed,174,g,0.2049
SARS-CoV2-5UTR-Amplicon-short-trimmed,175,c,0.1793
SARS-CoV2-5UTR-Amplicon-short-trimmed,176,a,0.1144
SARS-CoV2-5UTR-Amplicon-short-trimmed,177,c,0.1246
SARS-CoV2-5UTR-Amplicon-short-trimmed,178,a,0.4217
SARS-CoV2-5UTR-Amplicon-short-trimmed,179,t,0.246
SARS-CoV2-5UTR-Amplicon-short-trimmed,180,c,0.1673
SARS-CoV2-5UTR-Amplicon-short-trimmed,181,t,0.5275
SARS-CoV2-5UTR-Amplicon-short-trimmed,182,a,0.4657
SARS-CoV2-5UTR-Amplicon-short-trimmed,183,g,0.3089
SARS-CoV2-5UTR-Amplicon-short-trimmed,184,g,0.2355
SARS-CoV2-5UTR-Amplicon-short-trimmed,185,t,0.471
SARS-CoV2-5UTR-Amplicon-short-trimmed,186,t,0.7014
SARS-CoV2-5UTR-Amplicon-short-trimmed,187,t,0.0921
SARS-CoV2-5UTR-Amplicon-short-trimmed,188,c,0.1757
SARS-CoV2-5UTR-Amplicon-short-trimmed,189,g,0.145
SARS-CoV2-5UTR-Amplicon-short-trimmed,190,t,0.2097
SARS-CoV2-5UTR-Amplicon-short-trimmed,191,c,0.1927
SARS-CoV2-5UTR-Amplicon-short-trimmed,192,c,0.3069
SARS-CoV2-5UTR-Amplicon-short-trimmed,193,g,0.2456
SARS-CoV2-5UTR-Amplicon-short-trimmed,194,g,0.3258
SARS-CoV2-5UTR-Amplicon-short-trimmed,195,g,0.6294
SARS-CoV2-5UTR-Amplicon-short-trimmed,196,t,0.145
SARS-CoV2-5UTR-Amplicon-short-trimmed,197,g,0.1144
SARS-CoV2-5UTR-Amplicon-short-trimmed,198,t,0.1042
SARS-CoV2-5UTR-Amplicon-short-trimmed,199,g,0.152
SARS-CoV2-5UTR-Amplicon-short-trimmed,200,a,0.2271
SARS-CoV2-5UTR-Amplicon-short-trimmed,201,c,0.181
SARS-CoV2-5UTR-Amplicon-short-trimmed,202,c,0.1502
SARS-CoV2-5UTR-Amplicon-short-trimmed,203,g,0.2441
SARS-CoV2-5UTR-Amplicon-short-trimmed,204,a,0.1657
SARS-CoV2-5UTR-Amplicon-short-trimmed,205,a,0.2358
SARS-CoV2-5UTR-Amplicon-short-trimmed,206,a,0.1742
SARS-CoV2-5UTR-Amplicon-short-trimmed,207,g,0.1998
SARS-CoV2-5UTR-Amplicon-short-trimmed,208,g,0.2769
SARS-CoV2-5UTR-Amplicon-short-trimmed,209,t,0.0376
SARS-CoV2-5UTR-Amplicon-short-trimmed,210,a,0.1077
SARS-CoV2-5UTR-Amplicon-short-trimmed,211,a,0.1009
SARS-CoV2-5UTR-Amplicon-short-trimmed,212,g,0.0803
SARS-CoV2-5UTR-Amplicon-short-trimmed,213,a,0.0821
SARS-CoV2-5UTR-Amplicon-short-trimmed,214,t,0.0308
SARS-CoV2-5UTR-Amplicon-short-trimmed,215,g,0.1009
SARS-CoV2-5UTR-Amplicon-short-trimmed,216,g,0.0736
SARS-CoV2-5UTR-Amplicon-short-trimmed,217,a,0.2037
SARS-CoV2-5UTR-Amplicon-short-trimmed,218,g,0.0479
SARS-CoV2-5UTR-Amplicon-short-trimmed,219,a,0.0616
SARS-CoV2-5UTR-Amplicon-short-trimmed,220,g,0.1079
SARS-CoV2-5UTR-Amplicon-short-trimmed,221,c,0.173
SARS-CoV2-5UTR-Amplicon-short-trimmed,222,c,0.2399
SARS-CoV2-5UTR-Amplicon-short-trimmed,223,t,0.1663
SARS-CoV2-5UTR-Amplicon-short-trimmed,224,t,0.156
SARS-CoV2-5UTR-Amplicon-short-trimmed,225,g,0.1063
SARS-CoV2-5UTR-Amplicon-short-trimmed,226,t,0.2143
SARS-CoV2-5UTR-Amplicon-short-trimmed,227,c,0.1492
SARS-CoV2-5UTR-Amplicon-short-trimmed,228,c,0.1063
SARS-CoV2-5UTR-Amplicon-short-trimmed,229,c,0.1269
SARS-CoV2-5UTR-Amplicon-short-trimmed,230,t,0.2454
SARS-CoV2-5UTR-Amplicon-short-trimmed,231,g,0.1682
SARS-CoV2-5UTR-Amplicon-short-trimmed,232,g,0.2506
SARS-CoV2-5UTR-Amplicon-short-trimmed,233,t,0.1356
SARS-CoV2-5UTR-Amplicon-short-trimmed,234,t,0.0756
SARS-CoV2-5UTR-Amplicon-short-trimmed,235,t,0.0567
SARS-CoV2-5UTR-Amplicon-short-trimmed,236,c,0.5481
SARS-CoV2-5UTR-Amplicon-short-trimmed,237,a,0.0344
SARS-CoV2-5UTR-Amplicon-short-trimmed,238,a,0.0962
SARS-CoV2-5UTR-Amplicon-short-trimmed,239,c,0
SARS-CoV2-5UTR-Amplicon-short-trimmed,240,g,0
SARS-CoV2-5UTR-Amplicon-short-trimmed,241,a,0
SARS-CoV2-5UTR-Amplicon-short-trimmed,242,g,0
SARS-CoV2-5UTR-Amplicon-short-trimmed,243,g,0
