Region,Position,Ref_base,Mut_percentage
SARS-CoV2-5UTR-Amplicon-short-trimmed,1,t,0
SARS-CoV2-5UTR-Amplicon-short-trimmed,2,a,0
SARS-CoV2-5UTR-Amplicon-short-trimmed,3,g,0
SARS-CoV2-5UTR-Amplicon-short-trimmed,4,a,0
SARS-CoV2-5UTR-Amplicon-short-trimmed,5,t,0
SARS-CoV2-5UTR-Amplicon-short-trimmed,6,c,0.1027
SARS-CoV2-5UTR-Amplicon-short-trimmed,7,t,0.0591
SARS-CoV2-5UTR-Amplicon-short-trimmed,8,g,0.1244
SARS-CoV2-5UTR-Amplicon-short-trimmed,9,t,0.1864
SARS-CoV2-5UTR-Amplicon-short-trimmed,10,t,0.1305
SARS-CoV2-5UTR-Amplicon-short-trimmed,11,c,0.1398
SARS-CoV2-5UTR-Amplicon-short-trimmed,12,t,0.1274
SARS-CoV2-5UTR-Amplicon-short-trimmed,13,c,0.0745
SARS-CoV2-5UTR-Amplicon-short-trimmed,14,t,0.0714
SARS-CoV2-5UTR-Amplicon-short-trimmed,15,a,0.0497
SARS-CoV2-5UTR-Amplicon-short-trimmed,16,a,0.031
SARS-CoV2-5UTR-Amplicon-short-trimmed,17,a,0.0404
SARS-CoV2-5UTR-Amplicon-short-trimmed,18,c,0.0962
SARS-CoV2-5UTR-Amplicon-short-trimmed,19,g,0.0745
SARS-CoV2-5UTR-Amplicon-short-trimmed,20,a,0.0465
SARS-CoV2-5UTR-Amplicon-short-trimmed,21,a,0.1272
SARS-CoV2-5UTR-Amplicon-short-trimmed,22,c,1.538
SARS-CoV2-5UTR-Amplicon-short-trimmed,23,t,0.3287
SARS-CoV2-5UTR-Amplicon-short-trimmed,24,t,0.155
SARS-CoV2-5UTR-Amplicon-short-trimmed,25,t,0.0837
SARS-CoV2-5UTR-Amplicon-short-trimmed,26,a,0.3621
SARS-CoV2-5UTR-Amplicon-short-trimmed,27,a,0.0805
SARS-CoV2-5UTR-Amplicon-short-trimmed,28,a,0.0835
SARS-CoV2-5UTR-Amplicon-short-trimmed,29,a,0.0588
SARS-CoV2-5UTR-Amplicon-short-trimmed,30,t,0.1237
SARS-CoV2-5UTR-Amplicon-short-trimmed,31,c,0.0464
SARS-CoV2-5UTR-Amplicon-short-trimmed,32,t,0.0773
SARS-CoV2-5UTR-Amplicon-short-trimmed,33,g,0.1608
SARS-CoV2-5UTR-Amplicon-short-trimmed,34,t,0.0805
SARS-CoV2-5UTR-Amplicon-short-trimmed,35,g,0.0371
SARS-CoV2-5UTR-Amplicon-short-trimmed,36,t,0.0993
SARS-CoV2-5UTR-Amplicon-short-trimmed,37,g,0.0652
SARS-CoV2-5UTR-Amplicon-short-trimmed,38,g,0.2546
SARS-CoV2-5UTR-Amplicon-short-trimmed,39,c,0.0839
SARS-CoV2-5UTR-Amplicon-short-trimmed,40,t,0.1466
SARS-CoV2-5UTR-Amplicon-short-trimmed,41,g,0.2103
SARS-CoV2-5UTR-Amplicon-short-trimmed,42,t,0.1789
SARS-CoV2-5UTR-Amplicon-short-trimmed,43,c,0.1193
SARS-CoV2-5UTR-Amplicon-short-trimmed,44,a,0.1161
SARS-CoV2-5UTR-Amplicon-short-trimmed,45,c,0.1381
SARS-CoV2-5UTR-Amplicon-short-trimmed,46,t,0.0847
SARS-CoV2-5UTR-Amplicon-short-trimmed,47,c,0.1286
SARS-CoV2-5UTR-Amplicon-short-trimmed,48,g,0.1411
SARS-CoV2-5UTR-Amplicon-short-trimmed,49,g,0.3763
SARS-CoV2-5UTR-Amplicon-short-trimmed,50,c,0.1473
SARS-CoV2-5UTR-Amplicon-short-trimmed,51,t,0.1575
SARS-CoV2-5UTR-Amplicon-short-trimmed,52,g,0.1795
SARS-CoV2-5UTR-Amplicon-short-trimmed,53,c,0.3085
SARS-CoV2-5UTR-Amplicon-short-trimmed,54,g,0.1732
SARS-CoV2-5UTR-Amplicon-short-trimmed,55,t,0.1448
SARS-CoV2-5UTR-Amplicon-short-trimmed,56,g,0.1919
SARS-CoV2-5UTR-Amplicon-short-trimmed,57,c,0.2047
SARS-CoV2-5UTR-Amplicon-short-trimmed,58,t,0.3588
SARS-CoV2-5UTR-Amplicon-short-trimmed,59,t,0.2235
SARS-CoV2-5UTR-Amplicon-short-trimmed,60,a,0.1479
SARS-CoV2-5UTR-Amplicon-short-trimmed,61,g,0.1354
SARS-CoV2-5UTR-Amplicon-short-trimmed,62,t,0.0913
SARS-CoV2-5UTR-Amplicon-short-trimmed,63,g,0.1575
SARS-CoV2-5UTR-Amplicon-short-trimmed,64,c,0.4504
SARS-CoV2-5UTR-Amplicon-short-trimmed,65,a,0.0913
SARS-CoV2-5UTR-Amplicon-short-trimmed,66,c,0.1323
SARS-CoV2-5UTR-Amplicon-short-trimmed,67,t,0.0913
SARS-CoV2-5UTR-Amplicon-short-trimmed,68,c,0.0504
SARS-CoV2-5UTR-Amplicon-short-trimmed,69,a,0.0661
SARS-CoV2-5UTR-Amplicon-short-trimmed,70,c,0.0788
SARS-CoV2-5UTR-Amplicon-short-trimmed,71,g,0.2268
SARS-CoV2-5UTR-Amplicon-short-trimmed,72,c,0.0945
SARS-CoV2-5UTR-Amplicon-short-trimmed,73,a,0.0504
SARS-CoV2-5UTR-Amplicon-short-trimmed,74,g,0.1197
SARS-CoV2-5UTR-Amplicon-short-trimmed,75,t,0.0662
SARS-CoV2-5UTR-Amplicon-short-trimmed,76,a,0.0473
SARS-CoV2-5UTR-Amplicon-short-trimmed,77,t,0.0252
SARS-CoV2-5UTR-Amplicon-short-trimmed,78,a,0.0473
SARS-CoV2-5UTR-Amplicon-short-trimmed,79,a,0.0788
SARS-CoV2-5UTR-Amplicon-short-trimmed,80,t,0.1072
SARS-CoV2-5UTR-Amplicon-short-trimmed,81,t,0.063
SARS-CoV2-5UTR-Amplicon-short-trimmed,82,a,0.0977
SARS-CoV2-5UTR-Amplicon-short-trimmed,83,a,0.0914
SARS-CoV2-5UTR-Amplicon-short-trimmed,84,t,0.0536
SARS-CoV2-5UTR-Amplicon-short-trimmed,85,a,0.1166
SARS-CoV2-5UTR-Amplicon-short-trimmed,86,a,0.0473
SARS-CoV2-5UTR-Amplicon-short-trimmed,87,c,0.104
SARS-CoV2-5UTR-Amplicon-short-trimmed,88,t,0.0756
SARS-CoV2-5UTR-Amplicon-short-trimmed,89,a,0.3274
SARS-CoV2-5UTR-Amplicon-short-trimmed,90,a,0.0819
SARS-CoV2-5UTR-Amplicon-short-trimmed,91,t,0.0945
SARS-CoV2-5UTR-Amplicon-short-trimmed,92,t,0.1165
SARS-CoV2-5UTR-Amplicon-short-trimmed,93,a,0.0661
SARS-CoV2-5UTR-Amplicon-short-trimmed,94,c,0.0913
SARS-CoV2-5UTR-Amplicon-short-trimmed,95,t,0.063
SARS-CoV2-5UTR-Amplicon-short-trimmed,96,g,0.0724
SARS-CoV2-5UTR-Amplicon-short-trimmed,97,t,0.1824
SARS-CoV2-5UTR-Amplicon-short-trimmed,98,c,0.1038
SARS-CoV2-5UTR-Amplicon-short-trimmed,99,g,0.2107
SARS-CoV2-5UTR-Amplicon-short-trimmed,100,t,0.1258
SARS-CoV2-5UTR-Amplicon-short-trimmed,101,t,0.1289
SARS-CoV2-5UTR-Amplicon-short-trimmed,102,g,0.1132
SARS-CoV2-5UTR-Amplicon-short-trimmed,103,a,0.1101
SARS-CoV2-5UTR-Amplicon-short-trimmed,104,c,0.1983
SARS-CoV2-5UTR-Amplicon-short-trimmed,105,a,0.129
SARS-CoV2-5UTR-Amplicon-short-trimmed,106,g,0.1543
SARS-CoV2-5UTR-Amplicon-short-trimmed,107,g,0.1384
SARS-CoV2-5UTR-Amplicon-short-trimmed,108,a,0.1762
SARS-CoV2-5UTR-Amplicon-short-trimmed,109,c,0.1825
SARS-CoV2-5UTR-Amplicon-short-trimmed,110,a,0.2504
SARS-CoV2-5UTR-Amplicon-short-trimmed,111,c,0.1597
SARS-CoV2-5UTR-Amplicon-short-trimmed,112,g,0.1127
SARS-CoV2-5UTR-Amplicon-short-trimmed,113,a,0.1315
SARS-CoV2-5UTR-Amplicon-short-trimmed,114,g,0.1002
SARS-CoV2-5UTR-Amplicon-short-trimmed,115,t,0.0941
SARS-CoV2-5UTR-Amplicon-short-trimmed,116,a,0.0972
SARS-CoV2-5UTR-Amplicon-short-trimmed,117,a,0.0502
SARS-CoV2-5UTR-Amplicon-short-trimmed,118,c,0.1035
SARS-CoV2-5UTR-Amplicon-short-trimmed,119,t,0.2101
SARS-CoV2-5UTR-Amplicon-short-trimmed,120,c,0.1661
SARS-CoV2-5UTR-Amplicon-short-trimmed,121,g,0.2033
SARS-CoV2-5UTR-Amplicon-short-trimmed,122,t,0.4718
SARS-CoV2-5UTR-Amplicon-short-trimmed,123,c,0.1811
SARS-CoV2-5UTR-Amplicon-short-trimmed,124,t,0.1592
SARS-CoV2-5UTR-Amplicon-short-trimmed,125,a,0.2778
SARS-CoV2-5UTR-Amplicon-short-trimmed,126,t,0.128
SARS-CoV2-5UTR-Amplicon-short-trimmed,127,c,0.1966
SARS-CoV2-5UTR-Amplicon-short-trimmed,128,t,0.2241
SARS-CoV2-5UTR-Amplicon-short-trimmed,129,t,0.1139
SARS-CoV2-5UTR-Amplicon-short-trimmed,130,c,0.1362
SARS-CoV2-5UTR-Amplicon-short-trimmed,131,t,0.5434
SARS-CoV2-5UTR-Amplicon-short-trimmed,132,g,0.1765
SARS-CoV2-5UTR-Amplicon-short-trimmed,133,c,0.2381
SARS-CoV2-5UTR-Amplicon-short-trimmed,134,a,0.2219
SARS-CoV2-5UTR-Amplicon-short-trimmed,135,g,0.1555
SARS-CoV2-5UTR-Amplicon-short-trimmed,136,g,0.1722
SARS-CoV2-5UTR-Amplicon-short-trimmed,137,c,0.1349
SARS-CoV2-5UTR-Amplicon-short-trimmed,138,t,0.2876
SARS-CoV2-5UTR-Amplicon-short-trimmed,139,g,0.377
SARS-CoV2-5UTR-Amplicon-short-trimmed,140,c,0.1528
SARS-CoV2-5UTR-Amplicon-short-trimmed,141,t,2.1562
SARS-CoV2-5UTR-Amplicon-short-trimmed,142,t,1.0967
SARS-CoV2-5UTR-Amplicon-short-trimmed,143,a,0.325
SARS-CoV2-5UTR-Amplicon-short-trimmed,144,c,0.247
SARS-CoV2-5UTR-Amplicon-short-trimmed,145,g,0.1999
SARS-CoV2-5UTR-Amplicon-short-trimmed,146,g,0.2437
SARS-CoV2-5UTR-Amplicon-short-trimmed,147,t,0.8385
SARS-CoV2-5UTR-Amplicon-short-trimmed,148,t,0.8223
SARS-CoV2-5UTR-Amplicon-short-trimmed,149,t,0.1398
SARS-CoV2-5UTR-Amplicon-short-trimmed,150,c,0.1593
SARS-CoV2-5UTR-Amplicon-short-trimmed,151,g,0.2146
SARS-CoV2-5UTR-Amplicon-short-trimmed,152,t,0.613
SARS-CoV2-5UTR-Amplicon-short-trimmed,153,c,0.3408
SARS-CoV2-5UTR-Amplicon-short-trimmed,154,c,0.1805
SARS-CoV2-5UTR-Amplicon-short-trimmed,155,g,0.1718
SARS-CoV2-5UTR-Amplicon-short-trimmed,156,t,0.1178
SARS-CoV2-5UTR-Amplicon-short-trimmed,157,g,0.2008
SARS-CoV2-5UTR-Amplicon-short-trimmed,158,t,0.4974
SARS-CoV2-5UTR-Amplicon-short-trimmed,159,t,0.2331
SARS-CoV2-5UTR-Amplicon-short-trimmed,160,g,0.2524
SARS-CoV2-5UTR-Amplicon-short-trimmed,161,c,0.2044
SARS-CoV2-5UTR-Amplicon-short-trimmed,162,a,0.23
SARS-CoV2-5UTR-Amplicon-short-trimmed,163,g,0.3322
SARS-CoV2-5UTR-Amplicon-short-trimmed,164,c,0.5394
SARS-CoV2-5UTR-Amplicon-short-trimmed,165,c,0.2394
SARS-CoV2-5UTR-Amplicon-short-trimmed,166,g,0.1852
SARS-CoV2-5UTR-Amplicon-short-trimmed,167,a,0.0479
SARS-CoV2-5UTR-Amplicon-short-trimmed,168,t,0.2139
SARS-CoV2-5UTR-Amplicon-short-trimmed,169,c,0.1468
SARS-CoV2-5UTR-Amplicon-short-trimmed,170,a,0.3194
SARS-CoV2-5UTR-Amplicon-short-trimmed,171,t,0.1149
SARS-CoV2-5UTR-Amplicon-short-trimmed,172,c,0.0735
SARS-CoV2-5UTR-Amplicon-short-trimmed,173,a,0.2938
SARS-CoV2-5UTR-Amplicon-short-trimmed,174,g,0.2044
SARS-CoV2-5UTR-Amplicon-short-trimmed,175,c,0.1214
SARS-CoV2-5UTR-Amplicon-short-trimmed,176,a,0.099
SARS-CoV2-5UTR-Amplicon-short-trimmed,177,c,0.1214
SARS-CoV2-5UTR-Amplicon-short-trimmed,178,a,0.492
SARS-CoV2-5UTR-Amplicon-short-trimmed,179,t,0.2491
SARS-CoV2-5UTR-Amplicon-short-trimmed,180,c,0.1181
SARS-CoV2-5UTR-Amplicon-short-trimmed,181,t,0.5713
SARS-CoV2-5UTR-Amplicon-short-trimmed,182,a,0.4813
SARS-CoV2-5UTR-Amplicon-short-trimmed,183,g,0.2903
SARS-CoV2-5UTR-Amplicon-short-trimmed,184,g,0.1978
SARS-CoV2-5UTR-Amplicon-short-trimmed,185,t,0.5072
SARS-CoV2-5UTR-Amplicon-short-trimmed,186,t,0.7466
SARS-CoV2-5UTR-Amplicon-short-trimmed,187,t,0.0797
SARS-CoV2-5UTR-Amplicon-short-trimmed,188,c,0.1338
SARS-CoV2-5UTR-Amplicon-short-trimmed,189,g,0.1051
SARS-CoV2-5UTR-Amplicon-short-trimmed,190,t,0.3376
SARS-CoV2-5UTR-Amplicon-short-trimmed,191,c,0.2293
SARS-CoV2-5UTR-Amplicon-short-trimmed,192,c,0.2325
SARS-CoV2-5UTR-Amplicon-short-trimmed,193,g,0.2038
SARS-CoV2-5UTR-Amplicon-short-trimmed,194,g,0.2484
SARS-CoV2-5UTR-Amplicon-short-trimmed,195,g,0.6496
SARS-CoV2-5UTR-Amplicon-short-trimmed,196,t,0.1593
SARS-CoV2-5UTR-Amplicon-short-trimmed,197,g,0.1371
SARS-CoV2-5UTR-Amplicon-short-trimmed,198,t,0.153
SARS-CoV2-5UTR-Amplicon-short-trimmed,199,g,0.1147
SARS-CoV2-5UTR-Amplicon-short-trimmed,200,a,0.1402
SARS-CoV2-5UTR-Amplicon-short-trimmed,201,c,0.1753
SARS-CoV2-5UTR-Amplicon-short-trimmed,202,c,0.2167
SARS-CoV2-5UTR-Amplicon-short-trimmed,203,g,0.29
SARS-CoV2-5UTR-Amplicon-short-trimmed,204,a,0.1467
SARS-CoV2-5UTR-Amplicon-short-trimmed,205,a,0.2391
SARS-CoV2-5UTR-Amplicon-short-trimmed,206,a,0.1626
SARS-CoV2-5UTR-Amplicon-short-trimmed,207,g,0.1721
SARS-CoV2-5UTR-Amplicon-short-trimmed,208,g,0.201
SARS-CoV2-5UTR-Amplicon-short-trimmed,209,t,0.0638
SARS-CoV2-5UTR-Amplicon-short-trimmed,210,a,0.0574
SARS-CoV2-5UTR-Amplicon-short-trimmed,211,a,0.1595
SARS-CoV2-5UTR-Amplicon-short-trimmed,212,g,0.0574
SARS-CoV2-5UTR-Amplicon-short-trimmed,213,a,0.0893
SARS-CoV2-5UTR-Amplicon-short-trimmed,214,t,0.0702
SARS-CoV2-5UTR-Amplicon-short-trimmed,215,g,0.0734
SARS-CoV2-5UTR-Amplicon-short-trimmed,216,g,0.0702
SARS-CoV2-5UTR-Amplicon-short-trimmed,217,a,0.1469
SARS-CoV2-5UTR-Amplicon-short-trimmed,218,g,0.0575
SARS-CoV2-5UTR-Amplicon-short-trimmed,219,a,0.0703
SARS-CoV2-5UTR-Amplicon-short-trimmed,220,g,0.2363
SARS-CoV2-5UTR-Amplicon-short-trimmed,221,c,0.1343
SARS-CoV2-5UTR-Amplicon-short-trimmed,222,c,0.243
SARS-CoV2-5UTR-Amplicon-short-trimmed,223,t,0.1215
SARS-CoV2-5UTR-Amplicon-short-trimmed,224,t,0.1919
SARS-CoV2-5UTR-Amplicon-short-trimmed,225,g,0.0704
SARS-CoV2-5UTR-Amplicon-short-trimmed,226,t,0.2272
SARS-CoV2-5UTR-Amplicon-short-trimmed,227,c,0.1184
SARS-CoV2-5UTR-Amplicon-short-trimmed,228,c,0.0736
SARS-CoV2-5UTR-Amplicon-short-trimmed,229,c,0.0832
SARS-CoV2-5UTR-Amplicon-short-trimmed,230,t,0.2529
SARS-CoV2-5UTR-Amplicon-short-trimmed,231,g,0.1569
SARS-CoV2-5UTR-Amplicon-short-trimmed,232,g,0.3715
SARS-CoV2-5UTR-Amplicon-short-trimmed,233,t,0.1665
SARS-CoV2-5UTR-Amplicon-short-trimmed,234,t,0.1249
SARS-CoV2-5UTR-Amplicon-short-trimmed,235,t,0.0865
SARS-CoV2-5UTR-Amplicon-short-trimmed,236,c,0.4998
SARS-CoV2-5UTR-Amplicon-short-trimmed,237,a,0.0384
SARS-CoV2-5UTR-Amplicon-short-trimmed,238,a,0.0641
SARS-CoV2-5UTR-Amplicon-short-trimmed,239,c,0.0032
SARS-CoV2-5UTR-Amplicon-short-trimmed,240,g,0
SARS-CoV2-5UTR-Amplicon-short-trimmed,241,a,0
SARS-CoV2-5UTR-Amplicon-short-trimmed,242,g,0
SARS-CoV2-5UTR-Amplicon-short-trimmed,243,g,0
