Region,Position,Ref_base,Mut_percentage
SARS-CoV2-5UTR-Amplicon-short-trimmed+3,1,T,0
SARS-CoV2-5UTR-Amplicon-short-trimmed+3,2,T,0
SARS-CoV2-5UTR-Amplicon-short-trimmed+3,3,G,0
SARS-CoV2-5UTR-Amplicon-short-trimmed+3,4,t,0
SARS-CoV2-5UTR-Amplicon-short-trimmed+3,5,a,0
SARS-CoV2-5UTR-Amplicon-short-trimmed+3,6,g,0.0492
SARS-CoV2-5UTR-Amplicon-short-trimmed+3,7,a,0.0253
SARS-CoV2-5UTR-Amplicon-short-trimmed+3,8,t,0.0326
SARS-CoV2-5UTR-Amplicon-short-trimmed+3,9,c,0.0475
SARS-CoV2-5UTR-Amplicon-short-trimmed+3,10,t,0.0196
SARS-CoV2-5UTR-Amplicon-short-trimmed+3,11,g,0.1345
SARS-CoV2-5UTR-Amplicon-short-trimmed+3,12,t,0.0499
SARS-CoV2-5UTR-Amplicon-short-trimmed+3,13,t,0.0443
SARS-CoV2-5UTR-Amplicon-short-trimmed+3,14,c,0.0472
SARS-CoV2-5UTR-Amplicon-short-trimmed+3,15,t,0.0639
SARS-CoV2-5UTR-Amplicon-short-trimmed+3,16,c,0.046
SARS-CoV2-5UTR-Amplicon-short-trimmed+3,17,t,0.0356
SARS-CoV2-5UTR-Amplicon-short-trimmed+3,18,a,0.0725
SARS-CoV2-5UTR-Amplicon-short-trimmed+3,19,a,0.0151
SARS-CoV2-5UTR-Amplicon-short-trimmed+3,20,a,0.0203
SARS-CoV2-5UTR-Amplicon-short-trimmed+3,21,c,0.0345
SARS-CoV2-5UTR-Amplicon-short-trimmed+3,22,g,0.0365
SARS-CoV2-5UTR-Amplicon-short-trimmed+3,23,a,0.0207
SARS-CoV2-5UTR-Amplicon-short-trimmed+3,24,a,0.0129
SARS-CoV2-5UTR-Amplicon-short-trimmed+3,25,c,0.4915
SARS-CoV2-5UTR-Amplicon-short-trimmed+3,26,t,0.1093
SARS-CoV2-5UTR-Amplicon-short-trimmed+3,27,t,0.092
SARS-CoV2-5UTR-Amplicon-short-trimmed+3,28,t,0.0275
SARS-CoV2-5UTR-Amplicon-short-trimmed+3,29,a,0.0465
SARS-CoV2-5UTR-Amplicon-short-trimmed+3,30,a,0.0356
SARS-CoV2-5UTR-Amplicon-short-trimmed+3,31,a,0.0846
SARS-CoV2-5UTR-Amplicon-short-trimmed+3,32,a,0.0314
SARS-CoV2-5UTR-Amplicon-short-trimmed+3,33,t,0.0468
SARS-CoV2-5UTR-Amplicon-short-trimmed+3,34,c,0.0338
SARS-CoV2-5UTR-Amplicon-short-trimmed+3,35,t,0.0393
SARS-CoV2-5UTR-Amplicon-short-trimmed+3,36,g,0.0447
SARS-CoV2-5UTR-Amplicon-short-trimmed+3,37,t,0.0538
SARS-CoV2-5UTR-Amplicon-short-trimmed+3,38,g,0.0281
SARS-CoV2-5UTR-Amplicon-short-trimmed+3,39,t,0.0453
SARS-CoV2-5UTR-Amplicon-short-trimmed+3,40,g,0.0404
SARS-CoV2-5UTR-Amplicon-short-trimmed+3,41,g,0.0635
SARS-CoV2-5UTR-Amplicon-short-trimmed+3,42,c,0.051
SARS-CoV2-5UTR-Amplicon-short-trimmed+3,43,t,0.1057
SARS-CoV2-5UTR-Amplicon-short-trimmed+3,44,g,0.0678
SARS-CoV2-5UTR-Amplicon-short-trimmed+3,45,t,0.0805
SARS-CoV2-5UTR-Amplicon-short-trimmed+3,46,c,0.0302
SARS-CoV2-5UTR-Amplicon-short-trimmed+3,47,a,0.0398
SARS-CoV2-5UTR-Amplicon-short-trimmed+3,48,c,0.0331
SARS-CoV2-5UTR-Amplicon-short-trimmed+3,49,t,0.0453
SARS-CoV2-5UTR-Amplicon-short-trimmed+3,50,c,0.047
SARS-CoV2-5UTR-Amplicon-short-trimmed+3,51,g,0.0616
SARS-CoV2-5UTR-Amplicon-short-trimmed+3,52,g,0.0981
SARS-CoV2-5UTR-Amplicon-short-trimmed+3,53,c,0.1134
SARS-CoV2-5UTR-Amplicon-short-trimmed+3,54,t,0.0461
SARS-CoV2-5UTR-Amplicon-short-trimmed+3,55,g,0.136
SARS-CoV2-5UTR-Amplicon-short-trimmed+3,56,c,0.0552
SARS-CoV2-5UTR-Amplicon-short-trimmed+3,57,g,0.1338
SARS-CoV2-5UTR-Amplicon-short-trimmed+3,58,t,0.0661
SARS-CoV2-5UTR-Amplicon-short-trimmed+3,59,g,0.0897
SARS-CoV2-5UTR-Amplicon-short-trimmed+3,60,c,0.0545
SARS-CoV2-5UTR-Amplicon-short-trimmed+3,61,t,0.0806
SARS-CoV2-5UTR-Amplicon-short-trimmed+3,62,t,0.0415
SARS-CoV2-5UTR-Amplicon-short-trimmed+3,63,a,0.0382
SARS-CoV2-5UTR-Amplicon-short-trimmed+3,64,g,0.0533
SARS-CoV2-5UTR-Amplicon-short-trimmed+3,65,t,0.0366
SARS-CoV2-5UTR-Amplicon-short-trimmed+3,66,g,0.0943
SARS-CoV2-5UTR-Amplicon-short-trimmed+3,67,c,0.0825
SARS-CoV2-5UTR-Amplicon-short-trimmed+3,68,a,0.0675
SARS-CoV2-5UTR-Amplicon-short-trimmed+3,69,c,0.0417
SARS-CoV2-5UTR-Amplicon-short-trimmed+3,70,t,0.0377
SARS-CoV2-5UTR-Amplicon-short-trimmed+3,71,c,0.043
SARS-CoV2-5UTR-Amplicon-short-trimmed+3,72,a,0.0516
SARS-CoV2-5UTR-Amplicon-short-trimmed+3,73,c,0.0482
SARS-CoV2-5UTR-Amplicon-short-trimmed+3,74,g,0.0611
SARS-CoV2-5UTR-Amplicon-short-trimmed+3,75,c,0.0298
SARS-CoV2-5UTR-Amplicon-short-trimmed+3,76,a,0.0988
SARS-CoV2-5UTR-Amplicon-short-trimmed+3,77,g,0.0519
SARS-CoV2-5UTR-Amplicon-short-trimmed+3,78,t,0.0436
SARS-CoV2-5UTR-Amplicon-short-trimmed+3,79,a,0.0474
SARS-CoV2-5UTR-Amplicon-short-trimmed+3,80,t,0.025
SARS-CoV2-5UTR-Amplicon-short-trimmed+3,81,a,0.0379
SARS-CoV2-5UTR-Amplicon-short-trimmed+3,82,a,0.0619
SARS-CoV2-5UTR-Amplicon-short-trimmed+3,83,t,0.0314
SARS-CoV2-5UTR-Amplicon-short-trimmed+3,84,t,0.0793
SARS-CoV2-5UTR-Amplicon-short-trimmed+3,85,a,0.0717
SARS-CoV2-5UTR-Amplicon-short-trimmed+3,86,a,0.0541
SARS-CoV2-5UTR-Amplicon-short-trimmed+3,87,t,0.0264
SARS-CoV2-5UTR-Amplicon-short-trimmed+3,88,a,0.0505
SARS-CoV2-5UTR-Amplicon-short-trimmed+3,89,a,0.0579
SARS-CoV2-5UTR-Amplicon-short-trimmed+3,90,c,0.3084
SARS-CoV2-5UTR-Amplicon-short-trimmed+3,91,t,0.1015
SARS-CoV2-5UTR-Amplicon-short-trimmed+3,92,a,0.05
SARS-CoV2-5UTR-Amplicon-short-trimmed+3,93,a,0.0568
SARS-CoV2-5UTR-Amplicon-short-trimmed+3,94,t,0.0481
SARS-CoV2-5UTR-Amplicon-short-trimmed+3,95,t,0.0533
SARS-CoV2-5UTR-Amplicon-short-trimmed+3,96,a,0.0449
SARS-CoV2-5UTR-Amplicon-short-trimmed+3,97,c,0.0292
SARS-CoV2-5UTR-Amplicon-short-trimmed+3,98,t,0.2863
SARS-CoV2-5UTR-Amplicon-short-trimmed+3,99,g,0.0823
SARS-CoV2-5UTR-Amplicon-short-trimmed+3,100,t,0.0967
SARS-CoV2-5UTR-Amplicon-short-trimmed+3,101,c,0.0554
SARS-CoV2-5UTR-Amplicon-short-trimmed+3,102,g,0.0741
SARS-CoV2-5UTR-Amplicon-short-trimmed+3,103,t,0.0812
SARS-CoV2-5UTR-Amplicon-short-trimmed+3,104,t,0.1113
SARS-CoV2-5UTR-Amplicon-short-trimmed+3,105,g,0.0637
SARS-CoV2-5UTR-Amplicon-short-trimmed+3,106,a,0.0604
SARS-CoV2-5UTR-Amplicon-short-trimmed+3,107,c,0.0547
SARS-CoV2-5UTR-Amplicon-short-trimmed+3,108,a,0.0946
SARS-CoV2-5UTR-Amplicon-short-trimmed+3,109,g,0.0853
SARS-CoV2-5UTR-Amplicon-short-trimmed+3,110,g,0.0914
SARS-CoV2-5UTR-Amplicon-short-trimmed+3,111,a,0.0518
SARS-CoV2-5UTR-Amplicon-short-trimmed+3,112,c,0.0842
SARS-CoV2-5UTR-Amplicon-short-trimmed+3,113,a,0.0983
SARS-CoV2-5UTR-Amplicon-short-trimmed+3,114,c,0.0682
SARS-CoV2-5UTR-Amplicon-short-trimmed+3,115,g,0.0422
SARS-CoV2-5UTR-Amplicon-short-trimmed+3,116,a,0.0712
SARS-CoV2-5UTR-Amplicon-short-trimmed+3,117,g,0.0546
SARS-CoV2-5UTR-Amplicon-short-trimmed+3,118,t,0.1854
SARS-CoV2-5UTR-Amplicon-short-trimmed+3,119,a,0.1959
SARS-CoV2-5UTR-Amplicon-short-trimmed+3,120,a,0.1512
SARS-CoV2-5UTR-Amplicon-short-trimmed+3,121,c,0.2063
SARS-CoV2-5UTR-Amplicon-short-trimmed+3,122,t,0.268
SARS-CoV2-5UTR-Amplicon-short-trimmed+3,123,c,0.2409
SARS-CoV2-5UTR-Amplicon-short-trimmed+3,124,g,0.1693
SARS-CoV2-5UTR-Amplicon-short-trimmed+3,125,t,0.2849
SARS-CoV2-5UTR-Amplicon-short-trimmed+3,126,c,0.1555
SARS-CoV2-5UTR-Amplicon-short-trimmed+3,127,t,0.1068
SARS-CoV2-5UTR-Amplicon-short-trimmed+3,128,a,0.1693
SARS-CoV2-5UTR-Amplicon-short-trimmed+3,129,t,0.67
SARS-CoV2-5UTR-Amplicon-short-trimmed+3,130,c,0.0937
SARS-CoV2-5UTR-Amplicon-short-trimmed+3,131,t,0.1473
SARS-CoV2-5UTR-Amplicon-short-trimmed+3,132,t,0.1914
SARS-CoV2-5UTR-Amplicon-short-trimmed+3,133,c,0.3301
SARS-CoV2-5UTR-Amplicon-short-trimmed+3,134,t,0.2599
SARS-CoV2-5UTR-Amplicon-short-trimmed+3,135,g,0.0826
SARS-CoV2-5UTR-Amplicon-short-trimmed+3,136,c,0.3761
SARS-CoV2-5UTR-Amplicon-short-trimmed+3,137,a,0.2887
SARS-CoV2-5UTR-Amplicon-short-trimmed+3,138,g,0.0804
SARS-CoV2-5UTR-Amplicon-short-trimmed+3,139,g,0.2694
SARS-CoV2-5UTR-Amplicon-short-trimmed+3,140,c,0.1005
SARS-CoV2-5UTR-Amplicon-short-trimmed+3,141,t,0.3483
SARS-CoV2-5UTR-Amplicon-short-trimmed+3,142,g,0.4737
SARS-CoV2-5UTR-Amplicon-short-trimmed+3,143,c,0.0711
SARS-CoV2-5UTR-Amplicon-short-trimmed+3,144,t,0.1182
SARS-CoV2-5UTR-Amplicon-short-trimmed+3,145,t,0.1541
SARS-CoV2-5UTR-Amplicon-short-trimmed+3,146,a,0.2382
SARS-CoV2-5UTR-Amplicon-short-trimmed+3,147,c,0.1557
SARS-CoV2-5UTR-Amplicon-short-trimmed+3,148,g,0.3455
SARS-CoV2-5UTR-Amplicon-short-trimmed+3,149,g,0.094
SARS-CoV2-5UTR-Amplicon-short-trimmed+3,150,t,0.1717
SARS-CoV2-5UTR-Amplicon-short-trimmed+3,151,t,0.1583
SARS-CoV2-5UTR-Amplicon-short-trimmed+3,152,t,0.2919
SARS-CoV2-5UTR-Amplicon-short-trimmed+3,153,c,0.2527
SARS-CoV2-5UTR-Amplicon-short-trimmed+3,154,g,0.0931
SARS-CoV2-5UTR-Amplicon-short-trimmed+3,155,t,0.3348
SARS-CoV2-5UTR-Amplicon-short-trimmed+3,156,c,0.1506
SARS-CoV2-5UTR-Amplicon-short-trimmed+3,157,c,0.2199
SARS-CoV2-5UTR-Amplicon-short-trimmed+3,158,g,0.0842
SARS-CoV2-5UTR-Amplicon-short-trimmed+3,159,t,1.7057
SARS-CoV2-5UTR-Amplicon-short-trimmed+3,160,g,0.0588
SARS-CoV2-5UTR-Amplicon-short-trimmed+3,161,t,0.11
SARS-CoV2-5UTR-Amplicon-short-trimmed+3,162,t,0.2115
SARS-CoV2-5UTR-Amplicon-short-trimmed+3,163,g,0.074
SARS-CoV2-5UTR-Amplicon-short-trimmed+3,164,c,0.2943
SARS-CoV2-5UTR-Amplicon-short-trimmed+3,165,a,0.1839
SARS-CoV2-5UTR-Amplicon-short-trimmed+3,166,g,0.2517
SARS-CoV2-5UTR-Amplicon-short-trimmed+3,167,c,0.1446
SARS-CoV2-5UTR-Amplicon-short-trimmed+3,168,c,0.5375
SARS-CoV2-5UTR-Amplicon-short-trimmed+3,169,g,0.0938
SARS-CoV2-5UTR-Amplicon-short-trimmed+3,170,a,0.1565
SARS-CoV2-5UTR-Amplicon-short-trimmed+3,171,t,0.1228
SARS-CoV2-5UTR-Amplicon-short-trimmed+3,172,c,0.2074
SARS-CoV2-5UTR-Amplicon-short-trimmed+3,173,a,0.0747
SARS-CoV2-5UTR-Amplicon-short-trimmed+3,174,t,0.1008
SARS-CoV2-5UTR-Amplicon-short-trimmed+3,175,c,0.253
SARS-CoV2-5UTR-Amplicon-short-trimmed+3,176,a,0.1388
SARS-CoV2-5UTR-Amplicon-short-trimmed+3,177,g,0.0941
SARS-CoV2-5UTR-Amplicon-short-trimmed+3,178,c,0.6395
SARS-CoV2-5UTR-Amplicon-short-trimmed+3,179,a,0.1566
SARS-CoV2-5UTR-Amplicon-short-trimmed+3,180,c,0.0899
SARS-CoV2-5UTR-Amplicon-short-trimmed+3,181,a,0.1374
SARS-CoV2-5UTR-Amplicon-short-trimmed+3,182,t,0.1572
SARS-CoV2-5UTR-Amplicon-short-trimmed+3,183,c,0.0917
SARS-CoV2-5UTR-Amplicon-short-trimmed+3,184,t,0.1191
SARS-CoV2-5UTR-Amplicon-short-trimmed+3,185,a,0.182
SARS-CoV2-5UTR-Amplicon-short-trimmed+3,186,g,0.0547
SARS-CoV2-5UTR-Amplicon-short-trimmed+3,187,g,0.0424
SARS-CoV2-5UTR-Amplicon-short-trimmed+3,188,t,0.1431
SARS-CoV2-5UTR-Amplicon-short-trimmed+3,189,t,0.3099
SARS-CoV2-5UTR-Amplicon-short-trimmed+3,190,t,0.4647
SARS-CoV2-5UTR-Amplicon-short-trimmed+3,191,c,0.1457
SARS-CoV2-5UTR-Amplicon-short-trimmed+3,192,g,0.067
SARS-CoV2-5UTR-Amplicon-short-trimmed+3,193,t,1.2805
SARS-CoV2-5UTR-Amplicon-short-trimmed+3,194,c,0.0817
SARS-CoV2-5UTR-Amplicon-short-trimmed+3,195,c,0.1416
SARS-CoV2-5UTR-Amplicon-short-trimmed+3,196,g,0.3289
SARS-CoV2-5UTR-Amplicon-short-trimmed+3,197,g,0.1096
SARS-CoV2-5UTR-Amplicon-short-trimmed+3,198,g,0.4026
SARS-CoV2-5UTR-Amplicon-short-trimmed+3,199,t,0.2479
SARS-CoV2-5UTR-Amplicon-short-trimmed+3,200,g,0.072
SARS-CoV2-5UTR-Amplicon-short-trimmed+3,201,t,0.1484
SARS-CoV2-5UTR-Amplicon-short-trimmed+3,202,g,0.0874
SARS-CoV2-5UTR-Amplicon-short-trimmed+3,203,a,0.3093
SARS-CoV2-5UTR-Amplicon-short-trimmed+3,204,c,0.0991
SARS-CoV2-5UTR-Amplicon-short-trimmed+3,205,c,0.1163
SARS-CoV2-5UTR-Amplicon-short-trimmed+3,206,g,0.0729
SARS-CoV2-5UTR-Amplicon-short-trimmed+3,207,a,0.1255
SARS-CoV2-5UTR-Amplicon-short-trimmed+3,208,a,0.0758
SARS-CoV2-5UTR-Amplicon-short-trimmed+3,209,a,0.1681
SARS-CoV2-5UTR-Amplicon-short-trimmed+3,210,g,0.096
SARS-CoV2-5UTR-Amplicon-short-trimmed+3,211,g,0.1322
SARS-CoV2-5UTR-Amplicon-short-trimmed+3,212,t,0.1529
SARS-CoV2-5UTR-Amplicon-short-trimmed+3,213,a,0.0688
SARS-CoV2-5UTR-Amplicon-short-trimmed+3,214,a,0.0708
SARS-CoV2-5UTR-Amplicon-short-trimmed+3,215,g,0.0642
SARS-CoV2-5UTR-Amplicon-short-trimmed+3,216,a,0.0525
SARS-CoV2-5UTR-Amplicon-short-trimmed+3,217,t,0.1267
SARS-CoV2-5UTR-Amplicon-short-trimmed+3,218,g,0.0554
SARS-CoV2-5UTR-Amplicon-short-trimmed+3,219,g,0.0652
SARS-CoV2-5UTR-Amplicon-short-trimmed+3,220,a,0.2296
SARS-CoV2-5UTR-Amplicon-short-trimmed+3,221,g,0.1284
SARS-CoV2-5UTR-Amplicon-short-trimmed+3,222,a,0.0701
SARS-CoV2-5UTR-Amplicon-short-trimmed+3,223,g,0.1529
SARS-CoV2-5UTR-Amplicon-short-trimmed+3,224,c,0.0588
SARS-CoV2-5UTR-Amplicon-short-trimmed+3,225,c,0.0833
SARS-CoV2-5UTR-Amplicon-short-trimmed+3,226,t,0.0469
SARS-CoV2-5UTR-Amplicon-short-trimmed+3,227,t,0.3452
SARS-CoV2-5UTR-Amplicon-short-trimmed+3,228,g,0.0454
SARS-CoV2-5UTR-Amplicon-short-trimmed+3,229,t,0.1125
SARS-CoV2-5UTR-Amplicon-short-trimmed+3,230,c,0.0503
SARS-CoV2-5UTR-Amplicon-short-trimmed+3,231,c,0.0494
SARS-CoV2-5UTR-Amplicon-short-trimmed+3,232,c,0.0836
SARS-CoV2-5UTR-Amplicon-short-trimmed+3,233,t,0.135
SARS-CoV2-5UTR-Amplicon-short-trimmed+3,234,g,0.057
SARS-CoV2-5UTR-Amplicon-short-trimmed+3,235,g,0.0578
SARS-CoV2-5UTR-Amplicon-short-trimmed+3,236,t,0.0554
SARS-CoV2-5UTR-Amplicon-short-trimmed+3,237,t,0.067
SARS-CoV2-5UTR-Amplicon-short-trimmed+3,238,t,0.147
SARS-CoV2-5UTR-Amplicon-short-trimmed+3,239,c,0.5832
SARS-CoV2-5UTR-Amplicon-short-trimmed+3,240,a,0.0822
SARS-CoV2-5UTR-Amplicon-short-trimmed+3,241,a,0.0658
SARS-CoV2-5UTR-Amplicon-short-trimmed+3,242,c,0.0478
SARS-CoV2-5UTR-Amplicon-short-trimmed+3,243,g,0.0335
SARS-CoV2-5UTR-Amplicon-short-trimmed+3,244,a,0.1957
SARS-CoV2-5UTR-Amplicon-short-trimmed+3,245,g,0
SARS-CoV2-5UTR-Amplicon-short-trimmed+3,246,g,0
SARS-CoV2-5UTR-Amplicon-short-trimmed+3,247,G,0
SARS-CoV2-5UTR-Amplicon-short-trimmed+3,248,A,0
SARS-CoV2-5UTR-Amplicon-short-trimmed+3,249,G,0
