Region,Position,Ref_base,Mut_percentage
SARS-CoV2-5UTR-Amplicon-short-trimmed+3,1,T,0
SARS-CoV2-5UTR-Amplicon-short-trimmed+3,2,T,0
SARS-CoV2-5UTR-Amplicon-short-trimmed+3,3,G,0
SARS-CoV2-5UTR-Amplicon-short-trimmed+3,4,t,0
SARS-CoV2-5UTR-Amplicon-short-trimmed+3,5,a,0
SARS-CoV2-5UTR-Amplicon-short-trimmed+3,6,g,0.044
SARS-CoV2-5UTR-Amplicon-short-trimmed+3,7,a,0.0232
SARS-CoV2-5UTR-Amplicon-short-trimmed+3,8,t,0.0223
SARS-CoV2-5UTR-Amplicon-short-trimmed+3,9,c,0.0361
SARS-CoV2-5UTR-Amplicon-short-trimmed+3,10,t,0.0191
SARS-CoV2-5UTR-Amplicon-short-trimmed+3,11,g,0.1554
SARS-CoV2-5UTR-Amplicon-short-trimmed+3,12,t,0.0361
SARS-CoV2-5UTR-Amplicon-short-trimmed+3,13,t,0.0429
SARS-CoV2-5UTR-Amplicon-short-trimmed+3,14,c,0.0288
SARS-CoV2-5UTR-Amplicon-short-trimmed+3,15,t,0.0624
SARS-CoV2-5UTR-Amplicon-short-trimmed+3,16,c,0.0601
SARS-CoV2-5UTR-Amplicon-short-trimmed+3,17,t,0.0297
SARS-CoV2-5UTR-Amplicon-short-trimmed+3,18,a,0.0708
SARS-CoV2-5UTR-Amplicon-short-trimmed+3,19,a,0.0172
SARS-CoV2-5UTR-Amplicon-short-trimmed+3,20,a,0.0229
SARS-CoV2-5UTR-Amplicon-short-trimmed+3,21,c,0.0322
SARS-CoV2-5UTR-Amplicon-short-trimmed+3,22,g,0.0352
SARS-CoV2-5UTR-Amplicon-short-trimmed+3,23,a,0.0132
SARS-CoV2-5UTR-Amplicon-short-trimmed+3,24,a,0.0112
SARS-CoV2-5UTR-Amplicon-short-trimmed+3,25,c,0.4654
SARS-CoV2-5UTR-Amplicon-short-trimmed+3,26,t,0.0923
SARS-CoV2-5UTR-Amplicon-short-trimmed+3,27,t,0.0902
SARS-CoV2-5UTR-Amplicon-short-trimmed+3,28,t,0.02
SARS-CoV2-5UTR-Amplicon-short-trimmed+3,29,a,0.0479
SARS-CoV2-5UTR-Amplicon-short-trimmed+3,30,a,0.0365
SARS-CoV2-5UTR-Amplicon-short-trimmed+3,31,a,0.0646
SARS-CoV2-5UTR-Amplicon-short-trimmed+3,32,a,0.0301
SARS-CoV2-5UTR-Amplicon-short-trimmed+3,33,t,0.0424
SARS-CoV2-5UTR-Amplicon-short-trimmed+3,34,c,0.0391
SARS-CoV2-5UTR-Amplicon-short-trimmed+3,35,t,0.041
SARS-CoV2-5UTR-Amplicon-short-trimmed+3,36,g,0.0578
SARS-CoV2-5UTR-Amplicon-short-trimmed+3,37,t,0.0503
SARS-CoV2-5UTR-Amplicon-short-trimmed+3,38,g,0.0295
SARS-CoV2-5UTR-Amplicon-short-trimmed+3,39,t,0.039
SARS-CoV2-5UTR-Amplicon-short-trimmed+3,40,g,0.0352
SARS-CoV2-5UTR-Amplicon-short-trimmed+3,41,g,0.0666
SARS-CoV2-5UTR-Amplicon-short-trimmed+3,42,c,0.0439
SARS-CoV2-5UTR-Amplicon-short-trimmed+3,43,t,0.0986
SARS-CoV2-5UTR-Amplicon-short-trimmed+3,44,g,0.0582
SARS-CoV2-5UTR-Amplicon-short-trimmed+3,45,t,0.0756
SARS-CoV2-5UTR-Amplicon-short-trimmed+3,46,c,0.035
SARS-CoV2-5UTR-Amplicon-short-trimmed+3,47,a,0.0416
SARS-CoV2-5UTR-Amplicon-short-trimmed+3,48,c,0.041
SARS-CoV2-5UTR-Amplicon-short-trimmed+3,49,t,0.0413
SARS-CoV2-5UTR-Amplicon-short-trimmed+3,50,c,0.0539
SARS-CoV2-5UTR-Amplicon-short-trimmed+3,51,g,0.064
SARS-CoV2-5UTR-Amplicon-short-trimmed+3,52,g,0.0889
SARS-CoV2-5UTR-Amplicon-short-trimmed+3,53,c,0.1311
SARS-CoV2-5UTR-Amplicon-short-trimmed+3,54,t,0.0588
SARS-CoV2-5UTR-Amplicon-short-trimmed+3,55,g,0.1396
SARS-CoV2-5UTR-Amplicon-short-trimmed+3,56,c,0.0543
SARS-CoV2-5UTR-Amplicon-short-trimmed+3,57,g,0.1731
SARS-CoV2-5UTR-Amplicon-short-trimmed+3,58,t,0.0508
SARS-CoV2-5UTR-Amplicon-short-trimmed+3,59,g,0.0899
SARS-CoV2-5UTR-Amplicon-short-trimmed+3,60,c,0.0495
SARS-CoV2-5UTR-Amplicon-short-trimmed+3,61,t,0.076
SARS-CoV2-5UTR-Amplicon-short-trimmed+3,62,t,0.0394
SARS-CoV2-5UTR-Amplicon-short-trimmed+3,63,a,0.0456
SARS-CoV2-5UTR-Amplicon-short-trimmed+3,64,g,0.0439
SARS-CoV2-5UTR-Amplicon-short-trimmed+3,65,t,0.0311
SARS-CoV2-5UTR-Amplicon-short-trimmed+3,66,g,0.0883
SARS-CoV2-5UTR-Amplicon-short-trimmed+3,67,c,0.0846
SARS-CoV2-5UTR-Amplicon-short-trimmed+3,68,a,0.0571
SARS-CoV2-5UTR-Amplicon-short-trimmed+3,69,c,0.0485
SARS-CoV2-5UTR-Amplicon-short-trimmed+3,70,t,0.0372
SARS-CoV2-5UTR-Amplicon-short-trimmed+3,71,c,0.0455
SARS-CoV2-5UTR-Amplicon-short-trimmed+3,72,a,0.0432
SARS-CoV2-5UTR-Amplicon-short-trimmed+3,73,c,0.053
SARS-CoV2-5UTR-Amplicon-short-trimmed+3,74,g,0.0672
SARS-CoV2-5UTR-Amplicon-short-trimmed+3,75,c,0.0233
SARS-CoV2-5UTR-Amplicon-short-trimmed+3,76,a,0.0801
SARS-CoV2-5UTR-Amplicon-short-trimmed+3,77,g,0.0472
SARS-CoV2-5UTR-Amplicon-short-trimmed+3,78,t,0.0311
SARS-CoV2-5UTR-Amplicon-short-trimmed+3,79,a,0.0392
SARS-CoV2-5UTR-Amplicon-short-trimmed+3,80,t,0.0193
SARS-CoV2-5UTR-Amplicon-short-trimmed+3,81,a,0.0343
SARS-CoV2-5UTR-Amplicon-short-trimmed+3,82,a,0.0575
SARS-CoV2-5UTR-Amplicon-short-trimmed+3,83,t,0.0258
SARS-CoV2-5UTR-Amplicon-short-trimmed+3,84,t,0.0684
SARS-CoV2-5UTR-Amplicon-short-trimmed+3,85,a,0.0665
SARS-CoV2-5UTR-Amplicon-short-trimmed+3,86,a,0.0488
SARS-CoV2-5UTR-Amplicon-short-trimmed+3,87,t,0.0211
SARS-CoV2-5UTR-Amplicon-short-trimmed+3,88,a,0.0475
SARS-CoV2-5UTR-Amplicon-short-trimmed+3,89,a,0.0517
SARS-CoV2-5UTR-Amplicon-short-trimmed+3,90,c,0.3197
SARS-CoV2-5UTR-Amplicon-short-trimmed+3,91,t,0.086
SARS-CoV2-5UTR-Amplicon-short-trimmed+3,92,a,0.0468
SARS-CoV2-5UTR-Amplicon-short-trimmed+3,93,a,0.0404
SARS-CoV2-5UTR-Amplicon-short-trimmed+3,94,t,0.0443
SARS-CoV2-5UTR-Amplicon-short-trimmed+3,95,t,0.042
SARS-CoV2-5UTR-Amplicon-short-trimmed+3,96,a,0.0408
SARS-CoV2-5UTR-Amplicon-short-trimmed+3,97,c,0.0324
SARS-CoV2-5UTR-Amplicon-short-trimmed+3,98,t,0.2878
SARS-CoV2-5UTR-Amplicon-short-trimmed+3,99,g,0.0808
SARS-CoV2-5UTR-Amplicon-short-trimmed+3,100,t,0.0718
SARS-CoV2-5UTR-Amplicon-short-trimmed+3,101,c,0.0479
SARS-CoV2-5UTR-Amplicon-short-trimmed+3,102,g,0.0805
SARS-CoV2-5UTR-Amplicon-short-trimmed+3,103,t,0.062
SARS-CoV2-5UTR-Amplicon-short-trimmed+3,104,t,0.1047
SARS-CoV2-5UTR-Amplicon-short-trimmed+3,105,g,0.0701
SARS-CoV2-5UTR-Amplicon-short-trimmed+3,106,a,0.0558
SARS-CoV2-5UTR-Amplicon-short-trimmed+3,107,c,0.0506
SARS-CoV2-5UTR-Amplicon-short-trimmed+3,108,a,0.0669
SARS-CoV2-5UTR-Amplicon-short-trimmed+3,109,g,0.0827
SARS-CoV2-5UTR-Amplicon-short-trimmed+3,110,g,0.0905
SARS-CoV2-5UTR-Amplicon-short-trimmed+3,111,a,0.0417
SARS-CoV2-5UTR-Amplicon-short-trimmed+3,112,c,0.0743
SARS-CoV2-5UTR-Amplicon-short-trimmed+3,113,a,0.0662
SARS-CoV2-5UTR-Amplicon-short-trimmed+3,114,c,0.0664
SARS-CoV2-5UTR-Amplicon-short-trimmed+3,115,g,0.0457
SARS-CoV2-5UTR-Amplicon-short-trimmed+3,116,a,0.0649
SARS-CoV2-5UTR-Amplicon-short-trimmed+3,117,g,0.0469
SARS-CoV2-5UTR-Amplicon-short-trimmed+3,118,t,0.155
SARS-CoV2-5UTR-Amplicon-short-trimmed+3,119,a,0.155
SARS-CoV2-5UTR-Amplicon-short-trimmed+3,120,a,0.1204
SARS-CoV2-5UTR-Amplicon-short-trimmed+3,121,c,0.1806
SARS-CoV2-5UTR-Amplicon-short-trimmed+3,122,t,0.2051
SARS-CoV2-5UTR-Amplicon-short-trimmed+3,123,c,0.2001
SARS-CoV2-5UTR-Amplicon-short-trimmed+3,124,g,0.1568
SARS-CoV2-5UTR-Amplicon-short-trimmed+3,125,t,0.2259
SARS-CoV2-5UTR-Amplicon-short-trimmed+3,126,c,0.1236
SARS-CoV2-5UTR-Amplicon-short-trimmed+3,127,t,0.0875
SARS-CoV2-5UTR-Amplicon-short-trimmed+3,128,a,0.1312
SARS-CoV2-5UTR-Amplicon-short-trimmed+3,129,t,0.5156
SARS-CoV2-5UTR-Amplicon-short-trimmed+3,130,c,0.0801
SARS-CoV2-5UTR-Amplicon-short-trimmed+3,131,t,0.1074
SARS-CoV2-5UTR-Amplicon-short-trimmed+3,132,t,0.1579
SARS-CoV2-5UTR-Amplicon-short-trimmed+3,133,c,0.2691
SARS-CoV2-5UTR-Amplicon-short-trimmed+3,134,t,0.2132
SARS-CoV2-5UTR-Amplicon-short-trimmed+3,135,g,0.0867
SARS-CoV2-5UTR-Amplicon-short-trimmed+3,136,c,0.3399
SARS-CoV2-5UTR-Amplicon-short-trimmed+3,137,a,0.2322
SARS-CoV2-5UTR-Amplicon-short-trimmed+3,138,g,0.071
SARS-CoV2-5UTR-Amplicon-short-trimmed+3,139,g,0.2257
SARS-CoV2-5UTR-Amplicon-short-trimmed+3,140,c,0.1065
SARS-CoV2-5UTR-Amplicon-short-trimmed+3,141,t,0.2982
SARS-CoV2-5UTR-Amplicon-short-trimmed+3,142,g,0.3781
SARS-CoV2-5UTR-Amplicon-short-trimmed+3,143,c,0.0606
SARS-CoV2-5UTR-Amplicon-short-trimmed+3,144,t,0.1024
SARS-CoV2-5UTR-Amplicon-short-trimmed+3,145,t,0.1446
SARS-CoV2-5UTR-Amplicon-short-trimmed+3,146,a,0.1891
SARS-CoV2-5UTR-Amplicon-short-trimmed+3,147,c,0.1401
SARS-CoV2-5UTR-Amplicon-short-trimmed+3,148,g,0.3272
SARS-CoV2-5UTR-Amplicon-short-trimmed+3,149,g,0.0779
SARS-CoV2-5UTR-Amplicon-short-trimmed+3,150,t,0.1341
SARS-CoV2-5UTR-Amplicon-short-trimmed+3,151,t,0.1389
SARS-CoV2-5UTR-Amplicon-short-trimmed+3,152,t,0.2252
SARS-CoV2-5UTR-Amplicon-short-trimmed+3,153,c,0.2256
SARS-CoV2-5UTR-Amplicon-short-trimmed+3,154,g,0.0747
SARS-CoV2-5UTR-Amplicon-short-trimmed+3,155,t,0.2664
SARS-CoV2-5UTR-Amplicon-short-trimmed+3,156,c,0.1286
SARS-CoV2-5UTR-Amplicon-short-trimmed+3,157,c,0.1819
SARS-CoV2-5UTR-Amplicon-short-trimmed+3,158,g,0.0761
SARS-CoV2-5UTR-Amplicon-short-trimmed+3,159,t,1.3828
SARS-CoV2-5UTR-Amplicon-short-trimmed+3,160,g,0.0559
SARS-CoV2-5UTR-Amplicon-short-trimmed+3,161,t,0.0991
SARS-CoV2-5UTR-Amplicon-short-trimmed+3,162,t,0.1751
SARS-CoV2-5UTR-Amplicon-short-trimmed+3,163,g,0.0767
SARS-CoV2-5UTR-Amplicon-short-trimmed+3,164,c,0.2324
SARS-CoV2-5UTR-Amplicon-short-trimmed+3,165,a,0.148
SARS-CoV2-5UTR-Amplicon-short-trimmed+3,166,g,0.2296
SARS-CoV2-5UTR-Amplicon-short-trimmed+3,167,c,0.1427
SARS-CoV2-5UTR-Amplicon-short-trimmed+3,168,c,0.5074
SARS-CoV2-5UTR-Amplicon-short-trimmed+3,169,g,0.0812
SARS-CoV2-5UTR-Amplicon-short-trimmed+3,170,a,0.1285
SARS-CoV2-5UTR-Amplicon-short-trimmed+3,171,t,0.0926
SARS-CoV2-5UTR-Amplicon-short-trimmed+3,172,c,0.1665
SARS-CoV2-5UTR-Amplicon-short-trimmed+3,173,a,0.0586
SARS-CoV2-5UTR-Amplicon-short-trimmed+3,174,t,0.0741
SARS-CoV2-5UTR-Amplicon-short-trimmed+3,175,c,0.2217
SARS-CoV2-5UTR-Amplicon-short-trimmed+3,176,a,0.1228
SARS-CoV2-5UTR-Amplicon-short-trimmed+3,177,g,0.0832
SARS-CoV2-5UTR-Amplicon-short-trimmed+3,178,c,0.578
SARS-CoV2-5UTR-Amplicon-short-trimmed+3,179,a,0.1217
SARS-CoV2-5UTR-Amplicon-short-trimmed+3,180,c,0.0927
SARS-CoV2-5UTR-Amplicon-short-trimmed+3,181,a,0.1061
SARS-CoV2-5UTR-Amplicon-short-trimmed+3,182,t,0.1236
SARS-CoV2-5UTR-Amplicon-short-trimmed+3,183,c,0.0764
SARS-CoV2-5UTR-Amplicon-short-trimmed+3,184,t,0.0987
SARS-CoV2-5UTR-Amplicon-short-trimmed+3,185,a,0.1717
SARS-CoV2-5UTR-Amplicon-short-trimmed+3,186,g,0.0541
SARS-CoV2-5UTR-Amplicon-short-trimmed+3,187,g,0.0509
SARS-CoV2-5UTR-Amplicon-short-trimmed+3,188,t,0.1386
SARS-CoV2-5UTR-Amplicon-short-trimmed+3,189,t,0.3054
SARS-CoV2-5UTR-Amplicon-short-trimmed+3,190,t,0.3784
SARS-CoV2-5UTR-Amplicon-short-trimmed+3,191,c,0.1417
SARS-CoV2-5UTR-Amplicon-short-trimmed+3,192,g,0.0751
SARS-CoV2-5UTR-Amplicon-short-trimmed+3,193,t,1.0755
SARS-CoV2-5UTR-Amplicon-short-trimmed+3,194,c,0.0836
SARS-CoV2-5UTR-Amplicon-short-trimmed+3,195,c,0.1486
SARS-CoV2-5UTR-Amplicon-short-trimmed+3,196,g,0.3344
SARS-CoV2-5UTR-Amplicon-short-trimmed+3,197,g,0.0954
SARS-CoV2-5UTR-Amplicon-short-trimmed+3,198,g,0.4453
SARS-CoV2-5UTR-Amplicon-short-trimmed+3,199,t,0.2169
SARS-CoV2-5UTR-Amplicon-short-trimmed+3,200,g,0.0574
SARS-CoV2-5UTR-Amplicon-short-trimmed+3,201,t,0.1233
SARS-CoV2-5UTR-Amplicon-short-trimmed+3,202,g,0.0965
SARS-CoV2-5UTR-Amplicon-short-trimmed+3,203,a,0.2587
SARS-CoV2-5UTR-Amplicon-short-trimmed+3,204,c,0.0861
SARS-CoV2-5UTR-Amplicon-short-trimmed+3,205,c,0.0952
SARS-CoV2-5UTR-Amplicon-short-trimmed+3,206,g,0.0577
SARS-CoV2-5UTR-Amplicon-short-trimmed+3,207,a,0.102
SARS-CoV2-5UTR-Amplicon-short-trimmed+3,208,a,0.0641
SARS-CoV2-5UTR-Amplicon-short-trimmed+3,209,a,0.1483
SARS-CoV2-5UTR-Amplicon-short-trimmed+3,210,g,0.087
SARS-CoV2-5UTR-Amplicon-short-trimmed+3,211,g,0.1127
SARS-CoV2-5UTR-Amplicon-short-trimmed+3,212,t,0.1288
SARS-CoV2-5UTR-Amplicon-short-trimmed+3,213,a,0.0602
SARS-CoV2-5UTR-Amplicon-short-trimmed+3,214,a,0.0602
SARS-CoV2-5UTR-Amplicon-short-trimmed+3,215,g,0.0663
SARS-CoV2-5UTR-Amplicon-short-trimmed+3,216,a,0.0444
SARS-CoV2-5UTR-Amplicon-short-trimmed+3,217,t,0.1191
SARS-CoV2-5UTR-Amplicon-short-trimmed+3,218,g,0.0626
SARS-CoV2-5UTR-Amplicon-short-trimmed+3,219,g,0.0631
SARS-CoV2-5UTR-Amplicon-short-trimmed+3,220,a,0.2034
SARS-CoV2-5UTR-Amplicon-short-trimmed+3,221,g,0.1262
SARS-CoV2-5UTR-Amplicon-short-trimmed+3,222,a,0.0651
SARS-CoV2-5UTR-Amplicon-short-trimmed+3,223,g,0.1298
SARS-CoV2-5UTR-Amplicon-short-trimmed+3,224,c,0.0611
SARS-CoV2-5UTR-Amplicon-short-trimmed+3,225,c,0.0764
SARS-CoV2-5UTR-Amplicon-short-trimmed+3,226,t,0.0391
SARS-CoV2-5UTR-Amplicon-short-trimmed+3,227,t,0.3017
SARS-CoV2-5UTR-Amplicon-short-trimmed+3,228,g,0.0385
SARS-CoV2-5UTR-Amplicon-short-trimmed+3,229,t,0.1095
SARS-CoV2-5UTR-Amplicon-short-trimmed+3,230,c,0.0368
SARS-CoV2-5UTR-Amplicon-short-trimmed+3,231,c,0.0467
SARS-CoV2-5UTR-Amplicon-short-trimmed+3,232,c,0.0826
SARS-CoV2-5UTR-Amplicon-short-trimmed+3,233,t,0.1227
SARS-CoV2-5UTR-Amplicon-short-trimmed+3,234,g,0.0491
SARS-CoV2-5UTR-Amplicon-short-trimmed+3,235,g,0.0423
SARS-CoV2-5UTR-Amplicon-short-trimmed+3,236,t,0.054
SARS-CoV2-5UTR-Amplicon-short-trimmed+3,237,t,0.0683
SARS-CoV2-5UTR-Amplicon-short-trimmed+3,238,t,0.122
SARS-CoV2-5UTR-Amplicon-short-trimmed+3,239,c,0.6141
SARS-CoV2-5UTR-Amplicon-short-trimmed+3,240,a,0.0747
SARS-CoV2-5UTR-Amplicon-short-trimmed+3,241,a,0.0638
SARS-CoV2-5UTR-Amplicon-short-trimmed+3,242,c,0.0482
SARS-CoV2-5UTR-Amplicon-short-trimmed+3,243,g,0.0301
SARS-CoV2-5UTR-Amplicon-short-trimmed+3,244,a,0.1819
SARS-CoV2-5UTR-Amplicon-short-trimmed+3,245,g,0
SARS-CoV2-5UTR-Amplicon-short-trimmed+3,246,g,0
SARS-CoV2-5UTR-Amplicon-short-trimmed+3,247,G,0
SARS-CoV2-5UTR-Amplicon-short-trimmed+3,248,A,0
SARS-CoV2-5UTR-Amplicon-short-trimmed+3,249,G,0
