Region,Position,Ref_base,Mut_percentage
SARS-CoV2-5UTR-Amplicon-short-trimmed+3,1,T,0
SARS-CoV2-5UTR-Amplicon-short-trimmed+3,2,T,0
SARS-CoV2-5UTR-Amplicon-short-trimmed+3,3,G,0
SARS-CoV2-5UTR-Amplicon-short-trimmed+3,4,t,0
SARS-CoV2-5UTR-Amplicon-short-trimmed+3,5,a,0
SARS-CoV2-5UTR-Amplicon-short-trimmed+3,6,g,0.0544
SARS-CoV2-5UTR-Amplicon-short-trimmed+3,7,a,0.0229
SARS-CoV2-5UTR-Amplicon-short-trimmed+3,8,t,0.0228
SARS-CoV2-5UTR-Amplicon-short-trimmed+3,9,c,0.0344
SARS-CoV2-5UTR-Amplicon-short-trimmed+3,10,t,0.0162
SARS-CoV2-5UTR-Amplicon-short-trimmed+3,11,g,0.1016
SARS-CoV2-5UTR-Amplicon-short-trimmed+3,12,t,0.0365
SARS-CoV2-5UTR-Amplicon-short-trimmed+3,13,t,0.0371
SARS-CoV2-5UTR-Amplicon-short-trimmed+3,14,c,0.0551
SARS-CoV2-5UTR-Amplicon-short-trimmed+3,15,t,0.0606
SARS-CoV2-5UTR-Amplicon-short-trimmed+3,16,c,0.0478
SARS-CoV2-5UTR-Amplicon-short-trimmed+3,17,t,0.0313
SARS-CoV2-5UTR-Amplicon-short-trimmed+3,18,a,0.0777
SARS-CoV2-5UTR-Amplicon-short-trimmed+3,19,a,0.0219
SARS-CoV2-5UTR-Amplicon-short-trimmed+3,20,a,0.0252
SARS-CoV2-5UTR-Amplicon-short-trimmed+3,21,c,0.0295
SARS-CoV2-5UTR-Amplicon-short-trimmed+3,22,g,0.0397
SARS-CoV2-5UTR-Amplicon-short-trimmed+3,23,a,0.0132
SARS-CoV2-5UTR-Amplicon-short-trimmed+3,24,a,0.0109
SARS-CoV2-5UTR-Amplicon-short-trimmed+3,25,c,0.5044
SARS-CoV2-5UTR-Amplicon-short-trimmed+3,26,t,0.0894
SARS-CoV2-5UTR-Amplicon-short-trimmed+3,27,t,0.0681
SARS-CoV2-5UTR-Amplicon-short-trimmed+3,28,t,0.0261
SARS-CoV2-5UTR-Amplicon-short-trimmed+3,29,a,0.0505
SARS-CoV2-5UTR-Amplicon-short-trimmed+3,30,a,0.0332
SARS-CoV2-5UTR-Amplicon-short-trimmed+3,31,a,0.0838
SARS-CoV2-5UTR-Amplicon-short-trimmed+3,32,a,0.0323
SARS-CoV2-5UTR-Amplicon-short-trimmed+3,33,t,0.0478
SARS-CoV2-5UTR-Amplicon-short-trimmed+3,34,c,0.0405
SARS-CoV2-5UTR-Amplicon-short-trimmed+3,35,t,0.044
SARS-CoV2-5UTR-Amplicon-short-trimmed+3,36,g,0.0561
SARS-CoV2-5UTR-Amplicon-short-trimmed+3,37,t,0.0471
SARS-CoV2-5UTR-Amplicon-short-trimmed+3,38,g,0.0347
SARS-CoV2-5UTR-Amplicon-short-trimmed+3,39,t,0.0387
SARS-CoV2-5UTR-Amplicon-short-trimmed+3,40,g,0.0395
SARS-CoV2-5UTR-Amplicon-short-trimmed+3,41,g,0.0637
SARS-CoV2-5UTR-Amplicon-short-trimmed+3,42,c,0.0476
SARS-CoV2-5UTR-Amplicon-short-trimmed+3,43,t,0.0859
SARS-CoV2-5UTR-Amplicon-short-trimmed+3,44,g,0.0532
SARS-CoV2-5UTR-Amplicon-short-trimmed+3,45,t,0.0791
SARS-CoV2-5UTR-Amplicon-short-trimmed+3,46,c,0.0406
SARS-CoV2-5UTR-Amplicon-short-trimmed+3,47,a,0.0356
SARS-CoV2-5UTR-Amplicon-short-trimmed+3,48,c,0.0418
SARS-CoV2-5UTR-Amplicon-short-trimmed+3,49,t,0.0359
SARS-CoV2-5UTR-Amplicon-short-trimmed+3,50,c,0.0599
SARS-CoV2-5UTR-Amplicon-short-trimmed+3,51,g,0.0616
SARS-CoV2-5UTR-Amplicon-short-trimmed+3,52,g,0.1049
SARS-CoV2-5UTR-Amplicon-short-trimmed+3,53,c,0.082
SARS-CoV2-5UTR-Amplicon-short-trimmed+3,54,t,0.0527
SARS-CoV2-5UTR-Amplicon-short-trimmed+3,55,g,0.1026
SARS-CoV2-5UTR-Amplicon-short-trimmed+3,56,c,0.059
SARS-CoV2-5UTR-Amplicon-short-trimmed+3,57,g,0.1001
SARS-CoV2-5UTR-Amplicon-short-trimmed+3,58,t,0.0538
SARS-CoV2-5UTR-Amplicon-short-trimmed+3,59,g,0.0799
SARS-CoV2-5UTR-Amplicon-short-trimmed+3,60,c,0.0471
SARS-CoV2-5UTR-Amplicon-short-trimmed+3,61,t,0.0726
SARS-CoV2-5UTR-Amplicon-short-trimmed+3,62,t,0.0321
SARS-CoV2-5UTR-Amplicon-short-trimmed+3,63,a,0.0391
SARS-CoV2-5UTR-Amplicon-short-trimmed+3,64,g,0.0335
SARS-CoV2-5UTR-Amplicon-short-trimmed+3,65,t,0.0334
SARS-CoV2-5UTR-Amplicon-short-trimmed+3,66,g,0.0976
SARS-CoV2-5UTR-Amplicon-short-trimmed+3,67,c,0.0668
SARS-CoV2-5UTR-Amplicon-short-trimmed+3,68,a,0.0525
SARS-CoV2-5UTR-Amplicon-short-trimmed+3,69,c,0.0435
SARS-CoV2-5UTR-Amplicon-short-trimmed+3,70,t,0.0346
SARS-CoV2-5UTR-Amplicon-short-trimmed+3,71,c,0.0396
SARS-CoV2-5UTR-Amplicon-short-trimmed+3,72,a,0.0499
SARS-CoV2-5UTR-Amplicon-short-trimmed+3,73,c,0.0483
SARS-CoV2-5UTR-Amplicon-short-trimmed+3,74,g,0.0618
SARS-CoV2-5UTR-Amplicon-short-trimmed+3,75,c,0.0304
SARS-CoV2-5UTR-Amplicon-short-trimmed+3,76,a,0.0885
SARS-CoV2-5UTR-Amplicon-short-trimmed+3,77,g,0.0524
SARS-CoV2-5UTR-Amplicon-short-trimmed+3,78,t,0.0285
SARS-CoV2-5UTR-Amplicon-short-trimmed+3,79,a,0.0359
SARS-CoV2-5UTR-Amplicon-short-trimmed+3,80,t,0.0206
SARS-CoV2-5UTR-Amplicon-short-trimmed+3,81,a,0.043
SARS-CoV2-5UTR-Amplicon-short-trimmed+3,82,a,0.059
SARS-CoV2-5UTR-Amplicon-short-trimmed+3,83,t,0.0311
SARS-CoV2-5UTR-Amplicon-short-trimmed+3,84,t,0.0716
SARS-CoV2-5UTR-Amplicon-short-trimmed+3,85,a,0.0776
SARS-CoV2-5UTR-Amplicon-short-trimmed+3,86,a,0.0608
SARS-CoV2-5UTR-Amplicon-short-trimmed+3,87,t,0.0228
SARS-CoV2-5UTR-Amplicon-short-trimmed+3,88,a,0.0549
SARS-CoV2-5UTR-Amplicon-short-trimmed+3,89,a,0.0509
SARS-CoV2-5UTR-Amplicon-short-trimmed+3,90,c,0.3023
SARS-CoV2-5UTR-Amplicon-short-trimmed+3,91,t,0.0866
SARS-CoV2-5UTR-Amplicon-short-trimmed+3,92,a,0.048
SARS-CoV2-5UTR-Amplicon-short-trimmed+3,93,a,0.0475
SARS-CoV2-5UTR-Amplicon-short-trimmed+3,94,t,0.0461
SARS-CoV2-5UTR-Amplicon-short-trimmed+3,95,t,0.0468
SARS-CoV2-5UTR-Amplicon-short-trimmed+3,96,a,0.0427
SARS-CoV2-5UTR-Amplicon-short-trimmed+3,97,c,0.044
SARS-CoV2-5UTR-Amplicon-short-trimmed+3,98,t,0.2863
SARS-CoV2-5UTR-Amplicon-short-trimmed+3,99,g,0.0686
SARS-CoV2-5UTR-Amplicon-short-trimmed+3,100,t,0.0738
SARS-CoV2-5UTR-Amplicon-short-trimmed+3,101,c,0.046
SARS-CoV2-5UTR-Amplicon-short-trimmed+3,102,g,0.0601
SARS-CoV2-5UTR-Amplicon-short-trimmed+3,103,t,0.0663
SARS-CoV2-5UTR-Amplicon-short-trimmed+3,104,t,0.1005
SARS-CoV2-5UTR-Amplicon-short-trimmed+3,105,g,0.0609
SARS-CoV2-5UTR-Amplicon-short-trimmed+3,106,a,0.0535
SARS-CoV2-5UTR-Amplicon-short-trimmed+3,107,c,0.0491
SARS-CoV2-5UTR-Amplicon-short-trimmed+3,108,a,0.0719
SARS-CoV2-5UTR-Amplicon-short-trimmed+3,109,g,0.0783
SARS-CoV2-5UTR-Amplicon-short-trimmed+3,110,g,0.091
SARS-CoV2-5UTR-Amplicon-short-trimmed+3,111,a,0.052
SARS-CoV2-5UTR-Amplicon-short-trimmed+3,112,c,0.0807
SARS-CoV2-5UTR-Amplicon-short-trimmed+3,113,a,0.0816
SARS-CoV2-5UTR-Amplicon-short-trimmed+3,114,c,0.065
SARS-CoV2-5UTR-Amplicon-short-trimmed+3,115,g,0.0581
SARS-CoV2-5UTR-Amplicon-short-trimmed+3,116,a,0.0573
SARS-CoV2-5UTR-Amplicon-short-trimmed+3,117,g,0.0537
SARS-CoV2-5UTR-Amplicon-short-trimmed+3,118,t,0.1633
SARS-CoV2-5UTR-Amplicon-short-trimmed+3,119,a,0.1868
SARS-CoV2-5UTR-Amplicon-short-trimmed+3,120,a,0.1218
SARS-CoV2-5UTR-Amplicon-short-trimmed+3,121,c,0.2003
SARS-CoV2-5UTR-Amplicon-short-trimmed+3,122,t,0.2252
SARS-CoV2-5UTR-Amplicon-short-trimmed+3,123,c,0.241
SARS-CoV2-5UTR-Amplicon-short-trimmed+3,124,g,0.1825
SARS-CoV2-5UTR-Amplicon-short-trimmed+3,125,t,0.2413
SARS-CoV2-5UTR-Amplicon-short-trimmed+3,126,c,0.1358
SARS-CoV2-5UTR-Amplicon-short-trimmed+3,127,t,0.095
SARS-CoV2-5UTR-Amplicon-short-trimmed+3,128,a,0.1459
SARS-CoV2-5UTR-Amplicon-short-trimmed+3,129,t,0.5754
SARS-CoV2-5UTR-Amplicon-short-trimmed+3,130,c,0.0847
SARS-CoV2-5UTR-Amplicon-short-trimmed+3,131,t,0.1149
SARS-CoV2-5UTR-Amplicon-short-trimmed+3,132,t,0.1702
SARS-CoV2-5UTR-Amplicon-short-trimmed+3,133,c,0.299
SARS-CoV2-5UTR-Amplicon-short-trimmed+3,134,t,0.2314
SARS-CoV2-5UTR-Amplicon-short-trimmed+3,135,g,0.092
SARS-CoV2-5UTR-Amplicon-short-trimmed+3,136,c,0.3731
SARS-CoV2-5UTR-Amplicon-short-trimmed+3,137,a,0.247
SARS-CoV2-5UTR-Amplicon-short-trimmed+3,138,g,0.0779
SARS-CoV2-5UTR-Amplicon-short-trimmed+3,139,g,0.2413
SARS-CoV2-5UTR-Amplicon-short-trimmed+3,140,c,0.1033
SARS-CoV2-5UTR-Amplicon-short-trimmed+3,141,t,0.3077
SARS-CoV2-5UTR-Amplicon-short-trimmed+3,142,g,0.4156
SARS-CoV2-5UTR-Amplicon-short-trimmed+3,143,c,0.0661
SARS-CoV2-5UTR-Amplicon-short-trimmed+3,144,t,0.1062
SARS-CoV2-5UTR-Amplicon-short-trimmed+3,145,t,0.1497
SARS-CoV2-5UTR-Amplicon-short-trimmed+3,146,a,0.1967
SARS-CoV2-5UTR-Amplicon-short-trimmed+3,147,c,0.1548
SARS-CoV2-5UTR-Amplicon-short-trimmed+3,148,g,0.3457
SARS-CoV2-5UTR-Amplicon-short-trimmed+3,149,g,0.0945
SARS-CoV2-5UTR-Amplicon-short-trimmed+3,150,t,0.1573
SARS-CoV2-5UTR-Amplicon-short-trimmed+3,151,t,0.1543
SARS-CoV2-5UTR-Amplicon-short-trimmed+3,152,t,0.244
SARS-CoV2-5UTR-Amplicon-short-trimmed+3,153,c,0.248
SARS-CoV2-5UTR-Amplicon-short-trimmed+3,154,g,0.0909
SARS-CoV2-5UTR-Amplicon-short-trimmed+3,155,t,0.2774
SARS-CoV2-5UTR-Amplicon-short-trimmed+3,156,c,0.1417
SARS-CoV2-5UTR-Amplicon-short-trimmed+3,157,c,0.2121
SARS-CoV2-5UTR-Amplicon-short-trimmed+3,158,g,0.0761
SARS-CoV2-5UTR-Amplicon-short-trimmed+3,159,t,1.4927
SARS-CoV2-5UTR-Amplicon-short-trimmed+3,160,g,0.055
SARS-CoV2-5UTR-Amplicon-short-trimmed+3,161,t,0.1086
SARS-CoV2-5UTR-Amplicon-short-trimmed+3,162,t,0.1843
SARS-CoV2-5UTR-Amplicon-short-trimmed+3,163,g,0.0687
SARS-CoV2-5UTR-Amplicon-short-trimmed+3,164,c,0.2753
SARS-CoV2-5UTR-Amplicon-short-trimmed+3,165,a,0.1615
SARS-CoV2-5UTR-Amplicon-short-trimmed+3,166,g,0.2554
SARS-CoV2-5UTR-Amplicon-short-trimmed+3,167,c,0.1442
SARS-CoV2-5UTR-Amplicon-short-trimmed+3,168,c,0.6121
SARS-CoV2-5UTR-Amplicon-short-trimmed+3,169,g,0.1009
SARS-CoV2-5UTR-Amplicon-short-trimmed+3,170,a,0.1425
SARS-CoV2-5UTR-Amplicon-short-trimmed+3,171,t,0.1072
SARS-CoV2-5UTR-Amplicon-short-trimmed+3,172,c,0.2023
SARS-CoV2-5UTR-Amplicon-short-trimmed+3,173,a,0.0678
SARS-CoV2-5UTR-Amplicon-short-trimmed+3,174,t,0.0923
SARS-CoV2-5UTR-Amplicon-short-trimmed+3,175,c,0.2536
SARS-CoV2-5UTR-Amplicon-short-trimmed+3,176,a,0.1395
SARS-CoV2-5UTR-Amplicon-short-trimmed+3,177,g,0.0974
SARS-CoV2-5UTR-Amplicon-short-trimmed+3,178,c,0.6521
SARS-CoV2-5UTR-Amplicon-short-trimmed+3,179,a,0.136
SARS-CoV2-5UTR-Amplicon-short-trimmed+3,180,c,0.097
SARS-CoV2-5UTR-Amplicon-short-trimmed+3,181,a,0.1051
SARS-CoV2-5UTR-Amplicon-short-trimmed+3,182,t,0.1487
SARS-CoV2-5UTR-Amplicon-short-trimmed+3,183,c,0.0911
SARS-CoV2-5UTR-Amplicon-short-trimmed+3,184,t,0.1102
SARS-CoV2-5UTR-Amplicon-short-trimmed+3,185,a,0.1974
SARS-CoV2-5UTR-Amplicon-short-trimmed+3,186,g,0.061
SARS-CoV2-5UTR-Amplicon-short-trimmed+3,187,g,0.0465
SARS-CoV2-5UTR-Amplicon-short-trimmed+3,188,t,0.1392
SARS-CoV2-5UTR-Amplicon-short-trimmed+3,189,t,0.3158
SARS-CoV2-5UTR-Amplicon-short-trimmed+3,190,t,0.4177
SARS-CoV2-5UTR-Amplicon-short-trimmed+3,191,c,0.1587
SARS-CoV2-5UTR-Amplicon-short-trimmed+3,192,g,0.0723
SARS-CoV2-5UTR-Amplicon-short-trimmed+3,193,t,1.1541
SARS-CoV2-5UTR-Amplicon-short-trimmed+3,194,c,0.0893
SARS-CoV2-5UTR-Amplicon-short-trimmed+3,195,c,0.132
SARS-CoV2-5UTR-Amplicon-short-trimmed+3,196,g,0.3274
SARS-CoV2-5UTR-Amplicon-short-trimmed+3,197,g,0.0932
SARS-CoV2-5UTR-Amplicon-short-trimmed+3,198,g,0.4065
SARS-CoV2-5UTR-Amplicon-short-trimmed+3,199,t,0.233
SARS-CoV2-5UTR-Amplicon-short-trimmed+3,200,g,0.0683
SARS-CoV2-5UTR-Amplicon-short-trimmed+3,201,t,0.1325
SARS-CoV2-5UTR-Amplicon-short-trimmed+3,202,g,0.1196
SARS-CoV2-5UTR-Amplicon-short-trimmed+3,203,a,0.2813
SARS-CoV2-5UTR-Amplicon-short-trimmed+3,204,c,0.0871
SARS-CoV2-5UTR-Amplicon-short-trimmed+3,205,c,0.1076
SARS-CoV2-5UTR-Amplicon-short-trimmed+3,206,g,0.0655
SARS-CoV2-5UTR-Amplicon-short-trimmed+3,207,a,0.1112
SARS-CoV2-5UTR-Amplicon-short-trimmed+3,208,a,0.0689
SARS-CoV2-5UTR-Amplicon-short-trimmed+3,209,a,0.161
SARS-CoV2-5UTR-Amplicon-short-trimmed+3,210,g,0.1017
SARS-CoV2-5UTR-Amplicon-short-trimmed+3,211,g,0.1064
SARS-CoV2-5UTR-Amplicon-short-trimmed+3,212,t,0.1452
SARS-CoV2-5UTR-Amplicon-short-trimmed+3,213,a,0.0544
SARS-CoV2-5UTR-Amplicon-short-trimmed+3,214,a,0.0672
SARS-CoV2-5UTR-Amplicon-short-trimmed+3,215,g,0.0689
SARS-CoV2-5UTR-Amplicon-short-trimmed+3,216,a,0.0496
SARS-CoV2-5UTR-Amplicon-short-trimmed+3,217,t,0.1315
SARS-CoV2-5UTR-Amplicon-short-trimmed+3,218,g,0.0642
SARS-CoV2-5UTR-Amplicon-short-trimmed+3,219,g,0.0769
SARS-CoV2-5UTR-Amplicon-short-trimmed+3,220,a,0.2164
SARS-CoV2-5UTR-Amplicon-short-trimmed+3,221,g,0.1428
SARS-CoV2-5UTR-Amplicon-short-trimmed+3,222,a,0.0726
SARS-CoV2-5UTR-Amplicon-short-trimmed+3,223,g,0.1575
SARS-CoV2-5UTR-Amplicon-short-trimmed+3,224,c,0.0603
SARS-CoV2-5UTR-Amplicon-short-trimmed+3,225,c,0.0847
SARS-CoV2-5UTR-Amplicon-short-trimmed+3,226,t,0.0364
SARS-CoV2-5UTR-Amplicon-short-trimmed+3,227,t,0.3352
SARS-CoV2-5UTR-Amplicon-short-trimmed+3,228,g,0.0359
SARS-CoV2-5UTR-Amplicon-short-trimmed+3,229,t,0.1085
SARS-CoV2-5UTR-Amplicon-short-trimmed+3,230,c,0.046
SARS-CoV2-5UTR-Amplicon-short-trimmed+3,231,c,0.0492
SARS-CoV2-5UTR-Amplicon-short-trimmed+3,232,c,0.0926
SARS-CoV2-5UTR-Amplicon-short-trimmed+3,233,t,0.1282
SARS-CoV2-5UTR-Amplicon-short-trimmed+3,234,g,0.0589
SARS-CoV2-5UTR-Amplicon-short-trimmed+3,235,g,0.0526
SARS-CoV2-5UTR-Amplicon-short-trimmed+3,236,t,0.0583
SARS-CoV2-5UTR-Amplicon-short-trimmed+3,237,t,0.0659
SARS-CoV2-5UTR-Amplicon-short-trimmed+3,238,t,0.1374
SARS-CoV2-5UTR-Amplicon-short-trimmed+3,239,c,0.531
SARS-CoV2-5UTR-Amplicon-short-trimmed+3,240,a,0.0782
SARS-CoV2-5UTR-Amplicon-short-trimmed+3,241,a,0.0636
SARS-CoV2-5UTR-Amplicon-short-trimmed+3,242,c,0.0538
SARS-CoV2-5UTR-Amplicon-short-trimmed+3,243,g,0.0209
SARS-CoV2-5UTR-Amplicon-short-trimmed+3,244,a,0.1803
SARS-CoV2-5UTR-Amplicon-short-trimmed+3,245,g,0
SARS-CoV2-5UTR-Amplicon-short-trimmed+3,246,g,0
SARS-CoV2-5UTR-Amplicon-short-trimmed+3,247,G,0
SARS-CoV2-5UTR-Amplicon-short-trimmed+3,248,A,0
SARS-CoV2-5UTR-Amplicon-short-trimmed+3,249,G,0
