Region,Position,Ref_base,Mut_percentage
SARS-CoV2-5UTR-Amplicon-short-trimmed+3,1,T,0
SARS-CoV2-5UTR-Amplicon-short-trimmed+3,2,T,0
SARS-CoV2-5UTR-Amplicon-short-trimmed+3,3,G,0
SARS-CoV2-5UTR-Amplicon-short-trimmed+3,4,t,0
SARS-CoV2-5UTR-Amplicon-short-trimmed+3,5,a,0
SARS-CoV2-5UTR-Amplicon-short-trimmed+3,6,g,0.0412
SARS-CoV2-5UTR-Amplicon-short-trimmed+3,7,a,0.0275
SARS-CoV2-5UTR-Amplicon-short-trimmed+3,8,t,0.0946
SARS-CoV2-5UTR-Amplicon-short-trimmed+3,9,c,0.0788
SARS-CoV2-5UTR-Amplicon-short-trimmed+3,10,t,0.0367
SARS-CoV2-5UTR-Amplicon-short-trimmed+3,11,g,0.1242
SARS-CoV2-5UTR-Amplicon-short-trimmed+3,12,t,0.0802
SARS-CoV2-5UTR-Amplicon-short-trimmed+3,13,t,0.0659
SARS-CoV2-5UTR-Amplicon-short-trimmed+3,14,c,0.0633
SARS-CoV2-5UTR-Amplicon-short-trimmed+3,15,t,0.0949
SARS-CoV2-5UTR-Amplicon-short-trimmed+3,16,c,0.0509
SARS-CoV2-5UTR-Amplicon-short-trimmed+3,17,t,0.0387
SARS-CoV2-5UTR-Amplicon-short-trimmed+3,18,a,0.0744
SARS-CoV2-5UTR-Amplicon-short-trimmed+3,19,a,0.0185
SARS-CoV2-5UTR-Amplicon-short-trimmed+3,20,a,0.0218
SARS-CoV2-5UTR-Amplicon-short-trimmed+3,21,c,0.029
SARS-CoV2-5UTR-Amplicon-short-trimmed+3,22,g,0.0704
SARS-CoV2-5UTR-Amplicon-short-trimmed+3,23,a,0.0269
SARS-CoV2-5UTR-Amplicon-short-trimmed+3,24,a,0.0456
SARS-CoV2-5UTR-Amplicon-short-trimmed+3,25,c,3.1867
SARS-CoV2-5UTR-Amplicon-short-trimmed+3,26,t,0.2032
SARS-CoV2-5UTR-Amplicon-short-trimmed+3,27,t,0.0851
SARS-CoV2-5UTR-Amplicon-short-trimmed+3,28,t,0.0272
SARS-CoV2-5UTR-Amplicon-short-trimmed+3,29,a,0.0902
SARS-CoV2-5UTR-Amplicon-short-trimmed+3,30,a,0.0499
SARS-CoV2-5UTR-Amplicon-short-trimmed+3,31,a,0.0634
SARS-CoV2-5UTR-Amplicon-short-trimmed+3,32,a,0.0371
SARS-CoV2-5UTR-Amplicon-short-trimmed+3,33,t,0.0741
SARS-CoV2-5UTR-Amplicon-short-trimmed+3,34,c,0.0344
SARS-CoV2-5UTR-Amplicon-short-trimmed+3,35,t,0.0658
SARS-CoV2-5UTR-Amplicon-short-trimmed+3,36,g,0.0756
SARS-CoV2-5UTR-Amplicon-short-trimmed+3,37,t,0.0652
SARS-CoV2-5UTR-Amplicon-short-trimmed+3,38,g,0.0376
SARS-CoV2-5UTR-Amplicon-short-trimmed+3,39,t,0.0504
SARS-CoV2-5UTR-Amplicon-short-trimmed+3,40,g,0.0427
SARS-CoV2-5UTR-Amplicon-short-trimmed+3,41,g,0.1171
SARS-CoV2-5UTR-Amplicon-short-trimmed+3,42,c,0.09
SARS-CoV2-5UTR-Amplicon-short-trimmed+3,43,t,0.1052
SARS-CoV2-5UTR-Amplicon-short-trimmed+3,44,g,0.0819
SARS-CoV2-5UTR-Amplicon-short-trimmed+3,45,t,0.148
SARS-CoV2-5UTR-Amplicon-short-trimmed+3,46,c,0.0342
SARS-CoV2-5UTR-Amplicon-short-trimmed+3,47,a,0.0524
SARS-CoV2-5UTR-Amplicon-short-trimmed+3,48,c,0.0443
SARS-CoV2-5UTR-Amplicon-short-trimmed+3,49,t,0.0478
SARS-CoV2-5UTR-Amplicon-short-trimmed+3,50,c,0.0591
SARS-CoV2-5UTR-Amplicon-short-trimmed+3,51,g,0.0838
SARS-CoV2-5UTR-Amplicon-short-trimmed+3,52,g,0.2072
SARS-CoV2-5UTR-Amplicon-short-trimmed+3,53,c,0.0944
SARS-CoV2-5UTR-Amplicon-short-trimmed+3,54,t,0.0839
SARS-CoV2-5UTR-Amplicon-short-trimmed+3,55,g,0.1401
SARS-CoV2-5UTR-Amplicon-short-trimmed+3,56,c,0.0838
SARS-CoV2-5UTR-Amplicon-short-trimmed+3,57,g,0.1396
SARS-CoV2-5UTR-Amplicon-short-trimmed+3,58,t,0.071
SARS-CoV2-5UTR-Amplicon-short-trimmed+3,59,g,0.1158
SARS-CoV2-5UTR-Amplicon-short-trimmed+3,60,c,0.0801
SARS-CoV2-5UTR-Amplicon-short-trimmed+3,61,t,0.0906
SARS-CoV2-5UTR-Amplicon-short-trimmed+3,62,t,0.0429
SARS-CoV2-5UTR-Amplicon-short-trimmed+3,63,a,0.0482
SARS-CoV2-5UTR-Amplicon-short-trimmed+3,64,g,0.0625
SARS-CoV2-5UTR-Amplicon-short-trimmed+3,65,t,0.0441
SARS-CoV2-5UTR-Amplicon-short-trimmed+3,66,g,0.12
SARS-CoV2-5UTR-Amplicon-short-trimmed+3,67,c,0.142
SARS-CoV2-5UTR-Amplicon-short-trimmed+3,68,a,0.054
SARS-CoV2-5UTR-Amplicon-short-trimmed+3,69,c,0.0684
SARS-CoV2-5UTR-Amplicon-short-trimmed+3,70,t,0.0704
SARS-CoV2-5UTR-Amplicon-short-trimmed+3,71,c,0.0368
SARS-CoV2-5UTR-Amplicon-short-trimmed+3,72,a,0.0445
SARS-CoV2-5UTR-Amplicon-short-trimmed+3,73,c,0.0538
SARS-CoV2-5UTR-Amplicon-short-trimmed+3,74,g,0.1199
SARS-CoV2-5UTR-Amplicon-short-trimmed+3,75,c,0.0428
SARS-CoV2-5UTR-Amplicon-short-trimmed+3,76,a,0.0713
SARS-CoV2-5UTR-Amplicon-short-trimmed+3,77,g,0.09
SARS-CoV2-5UTR-Amplicon-short-trimmed+3,78,t,0.0404
SARS-CoV2-5UTR-Amplicon-short-trimmed+3,79,a,0.0291
SARS-CoV2-5UTR-Amplicon-short-trimmed+3,80,t,0.03
SARS-CoV2-5UTR-Amplicon-short-trimmed+3,81,a,0.0352
SARS-CoV2-5UTR-Amplicon-short-trimmed+3,82,a,0.0584
SARS-CoV2-5UTR-Amplicon-short-trimmed+3,83,t,0.0308
SARS-CoV2-5UTR-Amplicon-short-trimmed+3,84,t,0.0532
SARS-CoV2-5UTR-Amplicon-short-trimmed+3,85,a,0.0801
SARS-CoV2-5UTR-Amplicon-short-trimmed+3,86,a,0.0557
SARS-CoV2-5UTR-Amplicon-short-trimmed+3,87,t,0.0239
SARS-CoV2-5UTR-Amplicon-short-trimmed+3,88,a,0.0487
SARS-CoV2-5UTR-Amplicon-short-trimmed+3,89,a,0.0572
SARS-CoV2-5UTR-Amplicon-short-trimmed+3,90,c,0.3148
SARS-CoV2-5UTR-Amplicon-short-trimmed+3,91,t,0.0868
SARS-CoV2-5UTR-Amplicon-short-trimmed+3,92,a,0.0515
SARS-CoV2-5UTR-Amplicon-short-trimmed+3,93,a,0.0485
SARS-CoV2-5UTR-Amplicon-short-trimmed+3,94,t,0.0475
SARS-CoV2-5UTR-Amplicon-short-trimmed+3,95,t,0.0432
SARS-CoV2-5UTR-Amplicon-short-trimmed+3,96,a,0.0423
SARS-CoV2-5UTR-Amplicon-short-trimmed+3,97,c,0.0495
SARS-CoV2-5UTR-Amplicon-short-trimmed+3,98,t,0.2971
SARS-CoV2-5UTR-Amplicon-short-trimmed+3,99,g,0.0935
SARS-CoV2-5UTR-Amplicon-short-trimmed+3,100,t,0.0971
SARS-CoV2-5UTR-Amplicon-short-trimmed+3,101,c,0.0491
SARS-CoV2-5UTR-Amplicon-short-trimmed+3,102,g,0.0738
SARS-CoV2-5UTR-Amplicon-short-trimmed+3,103,t,0.0725
SARS-CoV2-5UTR-Amplicon-short-trimmed+3,104,t,0.0959
SARS-CoV2-5UTR-Amplicon-short-trimmed+3,105,g,0.0575
SARS-CoV2-5UTR-Amplicon-short-trimmed+3,106,a,0.0499
SARS-CoV2-5UTR-Amplicon-short-trimmed+3,107,c,0.0764
SARS-CoV2-5UTR-Amplicon-short-trimmed+3,108,a,0.0848
SARS-CoV2-5UTR-Amplicon-short-trimmed+3,109,g,0.1025
SARS-CoV2-5UTR-Amplicon-short-trimmed+3,110,g,0.0971
SARS-CoV2-5UTR-Amplicon-short-trimmed+3,111,a,0.0441
SARS-CoV2-5UTR-Amplicon-short-trimmed+3,112,c,0.0748
SARS-CoV2-5UTR-Amplicon-short-trimmed+3,113,a,0.0569
SARS-CoV2-5UTR-Amplicon-short-trimmed+3,114,c,0.0827
SARS-CoV2-5UTR-Amplicon-short-trimmed+3,115,g,0.0625
SARS-CoV2-5UTR-Amplicon-short-trimmed+3,116,a,0.0808
SARS-CoV2-5UTR-Amplicon-short-trimmed+3,117,g,0.0528
SARS-CoV2-5UTR-Amplicon-short-trimmed+3,118,t,0.158
SARS-CoV2-5UTR-Amplicon-short-trimmed+3,119,a,0.1426
SARS-CoV2-5UTR-Amplicon-short-trimmed+3,120,a,0.1007
SARS-CoV2-5UTR-Amplicon-short-trimmed+3,121,c,0.1906
SARS-CoV2-5UTR-Amplicon-short-trimmed+3,122,t,0.186
SARS-CoV2-5UTR-Amplicon-short-trimmed+3,123,c,0.2065
SARS-CoV2-5UTR-Amplicon-short-trimmed+3,124,g,0.191
SARS-CoV2-5UTR-Amplicon-short-trimmed+3,125,t,0.3293
SARS-CoV2-5UTR-Amplicon-short-trimmed+3,126,c,0.1216
SARS-CoV2-5UTR-Amplicon-short-trimmed+3,127,t,0.0807
SARS-CoV2-5UTR-Amplicon-short-trimmed+3,128,a,0.1142
SARS-CoV2-5UTR-Amplicon-short-trimmed+3,129,t,0.4983
SARS-CoV2-5UTR-Amplicon-short-trimmed+3,130,c,0.0805
SARS-CoV2-5UTR-Amplicon-short-trimmed+3,131,t,0.1092
SARS-CoV2-5UTR-Amplicon-short-trimmed+3,132,t,0.168
SARS-CoV2-5UTR-Amplicon-short-trimmed+3,133,c,0.2672
SARS-CoV2-5UTR-Amplicon-short-trimmed+3,134,t,0.1866
SARS-CoV2-5UTR-Amplicon-short-trimmed+3,135,g,0.1439
SARS-CoV2-5UTR-Amplicon-short-trimmed+3,136,c,0.4406
SARS-CoV2-5UTR-Amplicon-short-trimmed+3,137,a,0.2187
SARS-CoV2-5UTR-Amplicon-short-trimmed+3,138,g,0.0936
SARS-CoV2-5UTR-Amplicon-short-trimmed+3,139,g,0.2806
SARS-CoV2-5UTR-Amplicon-short-trimmed+3,140,c,0.126
SARS-CoV2-5UTR-Amplicon-short-trimmed+3,141,t,0.2768
SARS-CoV2-5UTR-Amplicon-short-trimmed+3,142,g,0.413
SARS-CoV2-5UTR-Amplicon-short-trimmed+3,143,c,0.1274
SARS-CoV2-5UTR-Amplicon-short-trimmed+3,144,t,0.1105
SARS-CoV2-5UTR-Amplicon-short-trimmed+3,145,t,0.133
SARS-CoV2-5UTR-Amplicon-short-trimmed+3,146,a,0.1825
SARS-CoV2-5UTR-Amplicon-short-trimmed+3,147,c,0.1685
SARS-CoV2-5UTR-Amplicon-short-trimmed+3,148,g,0.3708
SARS-CoV2-5UTR-Amplicon-short-trimmed+3,149,g,0.1986
SARS-CoV2-5UTR-Amplicon-short-trimmed+3,150,t,0.1574
SARS-CoV2-5UTR-Amplicon-short-trimmed+3,151,t,0.1486
SARS-CoV2-5UTR-Amplicon-short-trimmed+3,152,t,0.2116
SARS-CoV2-5UTR-Amplicon-short-trimmed+3,153,c,0.2232
SARS-CoV2-5UTR-Amplicon-short-trimmed+3,154,g,0.1025
SARS-CoV2-5UTR-Amplicon-short-trimmed+3,155,t,0.3515
SARS-CoV2-5UTR-Amplicon-short-trimmed+3,156,c,0.2049
SARS-CoV2-5UTR-Amplicon-short-trimmed+3,157,c,0.2072
SARS-CoV2-5UTR-Amplicon-short-trimmed+3,158,g,0.1218
SARS-CoV2-5UTR-Amplicon-short-trimmed+3,159,t,1.303
SARS-CoV2-5UTR-Amplicon-short-trimmed+3,160,g,0.1004
SARS-CoV2-5UTR-Amplicon-short-trimmed+3,161,t,0.1372
SARS-CoV2-5UTR-Amplicon-short-trimmed+3,162,t,0.1816
SARS-CoV2-5UTR-Amplicon-short-trimmed+3,163,g,0.1294
SARS-CoV2-5UTR-Amplicon-short-trimmed+3,164,c,0.2884
SARS-CoV2-5UTR-Amplicon-short-trimmed+3,165,a,0.3716
SARS-CoV2-5UTR-Amplicon-short-trimmed+3,166,g,0.6369
SARS-CoV2-5UTR-Amplicon-short-trimmed+3,167,c,0.2676
SARS-CoV2-5UTR-Amplicon-short-trimmed+3,168,c,0.6256
SARS-CoV2-5UTR-Amplicon-short-trimmed+3,169,g,0.1101
SARS-CoV2-5UTR-Amplicon-short-trimmed+3,170,a,0.1194
SARS-CoV2-5UTR-Amplicon-short-trimmed+3,171,t,0.135
SARS-CoV2-5UTR-Amplicon-short-trimmed+3,172,c,0.1864
SARS-CoV2-5UTR-Amplicon-short-trimmed+3,173,a,0.062
SARS-CoV2-5UTR-Amplicon-short-trimmed+3,174,t,0.0857
SARS-CoV2-5UTR-Amplicon-short-trimmed+3,175,c,0.2251
SARS-CoV2-5UTR-Amplicon-short-trimmed+3,176,a,0.1453
SARS-CoV2-5UTR-Amplicon-short-trimmed+3,177,g,0.1491
SARS-CoV2-5UTR-Amplicon-short-trimmed+3,178,c,0.6366
SARS-CoV2-5UTR-Amplicon-short-trimmed+3,179,a,0.1181
SARS-CoV2-5UTR-Amplicon-short-trimmed+3,180,c,0.096
SARS-CoV2-5UTR-Amplicon-short-trimmed+3,181,a,0.089
SARS-CoV2-5UTR-Amplicon-short-trimmed+3,182,t,0.1537
SARS-CoV2-5UTR-Amplicon-short-trimmed+3,183,c,0.0859
SARS-CoV2-5UTR-Amplicon-short-trimmed+3,184,t,0.1141
SARS-CoV2-5UTR-Amplicon-short-trimmed+3,185,a,0.1929
SARS-CoV2-5UTR-Amplicon-short-trimmed+3,186,g,0.0856
SARS-CoV2-5UTR-Amplicon-short-trimmed+3,187,g,0.1095
SARS-CoV2-5UTR-Amplicon-short-trimmed+3,188,t,0.1498
SARS-CoV2-5UTR-Amplicon-short-trimmed+3,189,t,0.2832
SARS-CoV2-5UTR-Amplicon-short-trimmed+3,190,t,0.3768
SARS-CoV2-5UTR-Amplicon-short-trimmed+3,191,c,0.1445
SARS-CoV2-5UTR-Amplicon-short-trimmed+3,192,g,0.0821
SARS-CoV2-5UTR-Amplicon-short-trimmed+3,193,t,1.1519
SARS-CoV2-5UTR-Amplicon-short-trimmed+3,194,c,0.1218
SARS-CoV2-5UTR-Amplicon-short-trimmed+3,195,c,0.1722
SARS-CoV2-5UTR-Amplicon-short-trimmed+3,196,g,0.3443
SARS-CoV2-5UTR-Amplicon-short-trimmed+3,197,g,0.1492
SARS-CoV2-5UTR-Amplicon-short-trimmed+3,198,g,0.436
SARS-CoV2-5UTR-Amplicon-short-trimmed+3,199,t,0.2442
SARS-CoV2-5UTR-Amplicon-short-trimmed+3,200,g,0.0925
SARS-CoV2-5UTR-Amplicon-short-trimmed+3,201,t,0.1507
SARS-CoV2-5UTR-Amplicon-short-trimmed+3,202,g,0.1108
SARS-CoV2-5UTR-Amplicon-short-trimmed+3,203,a,0.3071
SARS-CoV2-5UTR-Amplicon-short-trimmed+3,204,c,0.1112
SARS-CoV2-5UTR-Amplicon-short-trimmed+3,205,c,0.1031
SARS-CoV2-5UTR-Amplicon-short-trimmed+3,206,g,0.1021
SARS-CoV2-5UTR-Amplicon-short-trimmed+3,207,a,0.1169
SARS-CoV2-5UTR-Amplicon-short-trimmed+3,208,a,0.0666
SARS-CoV2-5UTR-Amplicon-short-trimmed+3,209,a,0.1579
SARS-CoV2-5UTR-Amplicon-short-trimmed+3,210,g,0.131
SARS-CoV2-5UTR-Amplicon-short-trimmed+3,211,g,0.1435
SARS-CoV2-5UTR-Amplicon-short-trimmed+3,212,t,0.1335
SARS-CoV2-5UTR-Amplicon-short-trimmed+3,213,a,0.0727
SARS-CoV2-5UTR-Amplicon-short-trimmed+3,214,a,0.0908
SARS-CoV2-5UTR-Amplicon-short-trimmed+3,215,g,0.0852
SARS-CoV2-5UTR-Amplicon-short-trimmed+3,216,a,0.0489
SARS-CoV2-5UTR-Amplicon-short-trimmed+3,217,t,0.1299
SARS-CoV2-5UTR-Amplicon-short-trimmed+3,218,g,0.0677
SARS-CoV2-5UTR-Amplicon-short-trimmed+3,219,g,0.0773
SARS-CoV2-5UTR-Amplicon-short-trimmed+3,220,a,0.2581
SARS-CoV2-5UTR-Amplicon-short-trimmed+3,221,g,0.1706
SARS-CoV2-5UTR-Amplicon-short-trimmed+3,222,a,0.0818
SARS-CoV2-5UTR-Amplicon-short-trimmed+3,223,g,0.2267
SARS-CoV2-5UTR-Amplicon-short-trimmed+3,224,c,0.0949
SARS-CoV2-5UTR-Amplicon-short-trimmed+3,225,c,0.092
SARS-CoV2-5UTR-Amplicon-short-trimmed+3,226,t,0.0687
SARS-CoV2-5UTR-Amplicon-short-trimmed+3,227,t,0.3223
SARS-CoV2-5UTR-Amplicon-short-trimmed+3,228,g,0.0575
SARS-CoV2-5UTR-Amplicon-short-trimmed+3,229,t,0.1717
SARS-CoV2-5UTR-Amplicon-short-trimmed+3,230,c,0.0618
SARS-CoV2-5UTR-Amplicon-short-trimmed+3,231,c,0.0697
SARS-CoV2-5UTR-Amplicon-short-trimmed+3,232,c,0.0932
SARS-CoV2-5UTR-Amplicon-short-trimmed+3,233,t,0.1911
SARS-CoV2-5UTR-Amplicon-short-trimmed+3,234,g,0.0947
SARS-CoV2-5UTR-Amplicon-short-trimmed+3,235,g,0.1932
SARS-CoV2-5UTR-Amplicon-short-trimmed+3,236,t,0.0747
SARS-CoV2-5UTR-Amplicon-short-trimmed+3,237,t,0.0602
SARS-CoV2-5UTR-Amplicon-short-trimmed+3,238,t,0.134
SARS-CoV2-5UTR-Amplicon-short-trimmed+3,239,c,0.6058
SARS-CoV2-5UTR-Amplicon-short-trimmed+3,240,a,0.0898
SARS-CoV2-5UTR-Amplicon-short-trimmed+3,241,a,0.0696
SARS-CoV2-5UTR-Amplicon-short-trimmed+3,242,c,0.0895
SARS-CoV2-5UTR-Amplicon-short-trimmed+3,243,g,0.0333
SARS-CoV2-5UTR-Amplicon-short-trimmed+3,244,a,0.2108
SARS-CoV2-5UTR-Amplicon-short-trimmed+3,245,g,0
SARS-CoV2-5UTR-Amplicon-short-trimmed+3,246,g,0
SARS-CoV2-5UTR-Amplicon-short-trimmed+3,247,G,0
SARS-CoV2-5UTR-Amplicon-short-trimmed+3,248,A,0
SARS-CoV2-5UTR-Amplicon-short-trimmed+3,249,G,0
