Region,Position,Ref_base,Mut_percentage
SARS-CoV2-5UTR-Amplicon-short-trimmed+3,1,T,0
SARS-CoV2-5UTR-Amplicon-short-trimmed+3,2,T,0
SARS-CoV2-5UTR-Amplicon-short-trimmed+3,3,G,0
SARS-CoV2-5UTR-Amplicon-short-trimmed+3,4,t,0
SARS-CoV2-5UTR-Amplicon-short-trimmed+3,5,a,0
SARS-CoV2-5UTR-Amplicon-short-trimmed+3,6,g,0.0507
SARS-CoV2-5UTR-Amplicon-short-trimmed+3,7,a,0.0245
SARS-CoV2-5UTR-Amplicon-short-trimmed+3,8,t,0.0706
SARS-CoV2-5UTR-Amplicon-short-trimmed+3,9,c,0.0516
SARS-CoV2-5UTR-Amplicon-short-trimmed+3,10,t,0.0398
SARS-CoV2-5UTR-Amplicon-short-trimmed+3,11,g,0.0871
SARS-CoV2-5UTR-Amplicon-short-trimmed+3,12,t,0.0655
SARS-CoV2-5UTR-Amplicon-short-trimmed+3,13,t,0.0644
SARS-CoV2-5UTR-Amplicon-short-trimmed+3,14,c,0.0529
SARS-CoV2-5UTR-Amplicon-short-trimmed+3,15,t,0.0886
SARS-CoV2-5UTR-Amplicon-short-trimmed+3,16,c,0.0415
SARS-CoV2-5UTR-Amplicon-short-trimmed+3,17,t,0.0394
SARS-CoV2-5UTR-Amplicon-short-trimmed+3,18,a,0.0794
SARS-CoV2-5UTR-Amplicon-short-trimmed+3,19,a,0.0208
SARS-CoV2-5UTR-Amplicon-short-trimmed+3,20,a,0.0223
SARS-CoV2-5UTR-Amplicon-short-trimmed+3,21,c,0.0305
SARS-CoV2-5UTR-Amplicon-short-trimmed+3,22,g,0.045
SARS-CoV2-5UTR-Amplicon-short-trimmed+3,23,a,0.0134
SARS-CoV2-5UTR-Amplicon-short-trimmed+3,24,a,0.0333
SARS-CoV2-5UTR-Amplicon-short-trimmed+3,25,c,2.7476
SARS-CoV2-5UTR-Amplicon-short-trimmed+3,26,t,0.15
SARS-CoV2-5UTR-Amplicon-short-trimmed+3,27,t,0.0648
SARS-CoV2-5UTR-Amplicon-short-trimmed+3,28,t,0.0288
SARS-CoV2-5UTR-Amplicon-short-trimmed+3,29,a,0.0797
SARS-CoV2-5UTR-Amplicon-short-trimmed+3,30,a,0.0519
SARS-CoV2-5UTR-Amplicon-short-trimmed+3,31,a,0.0797
SARS-CoV2-5UTR-Amplicon-short-trimmed+3,32,a,0.038
SARS-CoV2-5UTR-Amplicon-short-trimmed+3,33,t,0.0657
SARS-CoV2-5UTR-Amplicon-short-trimmed+3,34,c,0.0306
SARS-CoV2-5UTR-Amplicon-short-trimmed+3,35,t,0.0645
SARS-CoV2-5UTR-Amplicon-short-trimmed+3,36,g,0.0612
SARS-CoV2-5UTR-Amplicon-short-trimmed+3,37,t,0.0611
SARS-CoV2-5UTR-Amplicon-short-trimmed+3,38,g,0.0263
SARS-CoV2-5UTR-Amplicon-short-trimmed+3,39,t,0.051
SARS-CoV2-5UTR-Amplicon-short-trimmed+3,40,g,0.0348
SARS-CoV2-5UTR-Amplicon-short-trimmed+3,41,g,0.0911
SARS-CoV2-5UTR-Amplicon-short-trimmed+3,42,c,0.0688
SARS-CoV2-5UTR-Amplicon-short-trimmed+3,43,t,0.1003
SARS-CoV2-5UTR-Amplicon-short-trimmed+3,44,g,0.0624
SARS-CoV2-5UTR-Amplicon-short-trimmed+3,45,t,0.1349
SARS-CoV2-5UTR-Amplicon-short-trimmed+3,46,c,0.032
SARS-CoV2-5UTR-Amplicon-short-trimmed+3,47,a,0.0532
SARS-CoV2-5UTR-Amplicon-short-trimmed+3,48,c,0.0425
SARS-CoV2-5UTR-Amplicon-short-trimmed+3,49,t,0.0507
SARS-CoV2-5UTR-Amplicon-short-trimmed+3,50,c,0.0553
SARS-CoV2-5UTR-Amplicon-short-trimmed+3,51,g,0.0639
SARS-CoV2-5UTR-Amplicon-short-trimmed+3,52,g,0.169
SARS-CoV2-5UTR-Amplicon-short-trimmed+3,53,c,0.0758
SARS-CoV2-5UTR-Amplicon-short-trimmed+3,54,t,0.0791
SARS-CoV2-5UTR-Amplicon-short-trimmed+3,55,g,0.1064
SARS-CoV2-5UTR-Amplicon-short-trimmed+3,56,c,0.0731
SARS-CoV2-5UTR-Amplicon-short-trimmed+3,57,g,0.1042
SARS-CoV2-5UTR-Amplicon-short-trimmed+3,58,t,0.0569
SARS-CoV2-5UTR-Amplicon-short-trimmed+3,59,g,0.091
SARS-CoV2-5UTR-Amplicon-short-trimmed+3,60,c,0.0844
SARS-CoV2-5UTR-Amplicon-short-trimmed+3,61,t,0.085
SARS-CoV2-5UTR-Amplicon-short-trimmed+3,62,t,0.0415
SARS-CoV2-5UTR-Amplicon-short-trimmed+3,63,a,0.0513
SARS-CoV2-5UTR-Amplicon-short-trimmed+3,64,g,0.0591
SARS-CoV2-5UTR-Amplicon-short-trimmed+3,65,t,0.0535
SARS-CoV2-5UTR-Amplicon-short-trimmed+3,66,g,0.1138
SARS-CoV2-5UTR-Amplicon-short-trimmed+3,67,c,0.1125
SARS-CoV2-5UTR-Amplicon-short-trimmed+3,68,a,0.0635
SARS-CoV2-5UTR-Amplicon-short-trimmed+3,69,c,0.0615
SARS-CoV2-5UTR-Amplicon-short-trimmed+3,70,t,0.0517
SARS-CoV2-5UTR-Amplicon-short-trimmed+3,71,c,0.0303
SARS-CoV2-5UTR-Amplicon-short-trimmed+3,72,a,0.0551
SARS-CoV2-5UTR-Amplicon-short-trimmed+3,73,c,0.0465
SARS-CoV2-5UTR-Amplicon-short-trimmed+3,74,g,0.1086
SARS-CoV2-5UTR-Amplicon-short-trimmed+3,75,c,0.0285
SARS-CoV2-5UTR-Amplicon-short-trimmed+3,76,a,0.0915
SARS-CoV2-5UTR-Amplicon-short-trimmed+3,77,g,0.078
SARS-CoV2-5UTR-Amplicon-short-trimmed+3,78,t,0.0262
SARS-CoV2-5UTR-Amplicon-short-trimmed+3,79,a,0.0392
SARS-CoV2-5UTR-Amplicon-short-trimmed+3,80,t,0.0184
SARS-CoV2-5UTR-Amplicon-short-trimmed+3,81,a,0.0323
SARS-CoV2-5UTR-Amplicon-short-trimmed+3,82,a,0.0574
SARS-CoV2-5UTR-Amplicon-short-trimmed+3,83,t,0.0291
SARS-CoV2-5UTR-Amplicon-short-trimmed+3,84,t,0.0611
SARS-CoV2-5UTR-Amplicon-short-trimmed+3,85,a,0.0863
SARS-CoV2-5UTR-Amplicon-short-trimmed+3,86,a,0.0684
SARS-CoV2-5UTR-Amplicon-short-trimmed+3,87,t,0.026
SARS-CoV2-5UTR-Amplicon-short-trimmed+3,88,a,0.0508
SARS-CoV2-5UTR-Amplicon-short-trimmed+3,89,a,0.0664
SARS-CoV2-5UTR-Amplicon-short-trimmed+3,90,c,0.3035
SARS-CoV2-5UTR-Amplicon-short-trimmed+3,91,t,0.0905
SARS-CoV2-5UTR-Amplicon-short-trimmed+3,92,a,0.045
SARS-CoV2-5UTR-Amplicon-short-trimmed+3,93,a,0.0491
SARS-CoV2-5UTR-Amplicon-short-trimmed+3,94,t,0.0498
SARS-CoV2-5UTR-Amplicon-short-trimmed+3,95,t,0.0419
SARS-CoV2-5UTR-Amplicon-short-trimmed+3,96,a,0.0562
SARS-CoV2-5UTR-Amplicon-short-trimmed+3,97,c,0.0376
SARS-CoV2-5UTR-Amplicon-short-trimmed+3,98,t,0.2943
SARS-CoV2-5UTR-Amplicon-short-trimmed+3,99,g,0.0776
SARS-CoV2-5UTR-Amplicon-short-trimmed+3,100,t,0.1058
SARS-CoV2-5UTR-Amplicon-short-trimmed+3,101,c,0.0556
SARS-CoV2-5UTR-Amplicon-short-trimmed+3,102,g,0.063
SARS-CoV2-5UTR-Amplicon-short-trimmed+3,103,t,0.0746
SARS-CoV2-5UTR-Amplicon-short-trimmed+3,104,t,0.0881
SARS-CoV2-5UTR-Amplicon-short-trimmed+3,105,g,0.0547
SARS-CoV2-5UTR-Amplicon-short-trimmed+3,106,a,0.0492
SARS-CoV2-5UTR-Amplicon-short-trimmed+3,107,c,0.0639
SARS-CoV2-5UTR-Amplicon-short-trimmed+3,108,a,0.0966
SARS-CoV2-5UTR-Amplicon-short-trimmed+3,109,g,0.0969
SARS-CoV2-5UTR-Amplicon-short-trimmed+3,110,g,0.0899
SARS-CoV2-5UTR-Amplicon-short-trimmed+3,111,a,0.0428
SARS-CoV2-5UTR-Amplicon-short-trimmed+3,112,c,0.065
SARS-CoV2-5UTR-Amplicon-short-trimmed+3,113,a,0.0563
SARS-CoV2-5UTR-Amplicon-short-trimmed+3,114,c,0.0843
SARS-CoV2-5UTR-Amplicon-short-trimmed+3,115,g,0.0488
SARS-CoV2-5UTR-Amplicon-short-trimmed+3,116,a,0.0898
SARS-CoV2-5UTR-Amplicon-short-trimmed+3,117,g,0.0719
SARS-CoV2-5UTR-Amplicon-short-trimmed+3,118,t,0.2018
SARS-CoV2-5UTR-Amplicon-short-trimmed+3,119,a,0.2158
SARS-CoV2-5UTR-Amplicon-short-trimmed+3,120,a,0.1501
SARS-CoV2-5UTR-Amplicon-short-trimmed+3,121,c,0.2351
SARS-CoV2-5UTR-Amplicon-short-trimmed+3,122,t,0.2859
SARS-CoV2-5UTR-Amplicon-short-trimmed+3,123,c,0.2655
SARS-CoV2-5UTR-Amplicon-short-trimmed+3,124,g,0.1906
SARS-CoV2-5UTR-Amplicon-short-trimmed+3,125,t,0.37
SARS-CoV2-5UTR-Amplicon-short-trimmed+3,126,c,0.1639
SARS-CoV2-5UTR-Amplicon-short-trimmed+3,127,t,0.1071
SARS-CoV2-5UTR-Amplicon-short-trimmed+3,128,a,0.1731
SARS-CoV2-5UTR-Amplicon-short-trimmed+3,129,t,0.7779
SARS-CoV2-5UTR-Amplicon-short-trimmed+3,130,c,0.0943
SARS-CoV2-5UTR-Amplicon-short-trimmed+3,131,t,0.1466
SARS-CoV2-5UTR-Amplicon-short-trimmed+3,132,t,0.2324
SARS-CoV2-5UTR-Amplicon-short-trimmed+3,133,c,0.3497
SARS-CoV2-5UTR-Amplicon-short-trimmed+3,134,t,0.2908
SARS-CoV2-5UTR-Amplicon-short-trimmed+3,135,g,0.1336
SARS-CoV2-5UTR-Amplicon-short-trimmed+3,136,c,0.4799
SARS-CoV2-5UTR-Amplicon-short-trimmed+3,137,a,0.3207
SARS-CoV2-5UTR-Amplicon-short-trimmed+3,138,g,0.0987
SARS-CoV2-5UTR-Amplicon-short-trimmed+3,139,g,0.3169
SARS-CoV2-5UTR-Amplicon-short-trimmed+3,140,c,0.1388
SARS-CoV2-5UTR-Amplicon-short-trimmed+3,141,t,0.4292
SARS-CoV2-5UTR-Amplicon-short-trimmed+3,142,g,0.51
SARS-CoV2-5UTR-Amplicon-short-trimmed+3,143,c,0.1286
SARS-CoV2-5UTR-Amplicon-short-trimmed+3,144,t,0.1491
SARS-CoV2-5UTR-Amplicon-short-trimmed+3,145,t,0.1982
SARS-CoV2-5UTR-Amplicon-short-trimmed+3,146,a,0.2821
SARS-CoV2-5UTR-Amplicon-short-trimmed+3,147,c,0.1884
SARS-CoV2-5UTR-Amplicon-short-trimmed+3,148,g,0.367
SARS-CoV2-5UTR-Amplicon-short-trimmed+3,149,g,0.1696
SARS-CoV2-5UTR-Amplicon-short-trimmed+3,150,t,0.2055
SARS-CoV2-5UTR-Amplicon-short-trimmed+3,151,t,0.1994
SARS-CoV2-5UTR-Amplicon-short-trimmed+3,152,t,0.3411
SARS-CoV2-5UTR-Amplicon-short-trimmed+3,153,c,0.2716
SARS-CoV2-5UTR-Amplicon-short-trimmed+3,154,g,0.0971
SARS-CoV2-5UTR-Amplicon-short-trimmed+3,155,t,0.4232
SARS-CoV2-5UTR-Amplicon-short-trimmed+3,156,c,0.2131
SARS-CoV2-5UTR-Amplicon-short-trimmed+3,157,c,0.2491
SARS-CoV2-5UTR-Amplicon-short-trimmed+3,158,g,0.1177
SARS-CoV2-5UTR-Amplicon-short-trimmed+3,159,t,2.1357
SARS-CoV2-5UTR-Amplicon-short-trimmed+3,160,g,0.0944
SARS-CoV2-5UTR-Amplicon-short-trimmed+3,161,t,0.1498
SARS-CoV2-5UTR-Amplicon-short-trimmed+3,162,t,0.2542
SARS-CoV2-5UTR-Amplicon-short-trimmed+3,163,g,0.1105
SARS-CoV2-5UTR-Amplicon-short-trimmed+3,164,c,0.3618
SARS-CoV2-5UTR-Amplicon-short-trimmed+3,165,a,0.3768
SARS-CoV2-5UTR-Amplicon-short-trimmed+3,166,g,0.5268
SARS-CoV2-5UTR-Amplicon-short-trimmed+3,167,c,0.2399
SARS-CoV2-5UTR-Amplicon-short-trimmed+3,168,c,0.6297
SARS-CoV2-5UTR-Amplicon-short-trimmed+3,169,g,0.1033
SARS-CoV2-5UTR-Amplicon-short-trimmed+3,170,a,0.1875
SARS-CoV2-5UTR-Amplicon-short-trimmed+3,171,t,0.1743
SARS-CoV2-5UTR-Amplicon-short-trimmed+3,172,c,0.238
SARS-CoV2-5UTR-Amplicon-short-trimmed+3,173,a,0.0953
SARS-CoV2-5UTR-Amplicon-short-trimmed+3,174,t,0.1256
SARS-CoV2-5UTR-Amplicon-short-trimmed+3,175,c,0.2916
SARS-CoV2-5UTR-Amplicon-short-trimmed+3,176,a,0.1847
SARS-CoV2-5UTR-Amplicon-short-trimmed+3,177,g,0.1402
SARS-CoV2-5UTR-Amplicon-short-trimmed+3,178,c,0.7299
SARS-CoV2-5UTR-Amplicon-short-trimmed+3,179,a,0.1722
SARS-CoV2-5UTR-Amplicon-short-trimmed+3,180,c,0.1145
SARS-CoV2-5UTR-Amplicon-short-trimmed+3,181,a,0.1424
SARS-CoV2-5UTR-Amplicon-short-trimmed+3,182,t,0.2077
SARS-CoV2-5UTR-Amplicon-short-trimmed+3,183,c,0.1072
SARS-CoV2-5UTR-Amplicon-short-trimmed+3,184,t,0.1424
SARS-CoV2-5UTR-Amplicon-short-trimmed+3,185,a,0.2358
SARS-CoV2-5UTR-Amplicon-short-trimmed+3,186,g,0.0827
SARS-CoV2-5UTR-Amplicon-short-trimmed+3,187,g,0.1013
SARS-CoV2-5UTR-Amplicon-short-trimmed+3,188,t,0.1856
SARS-CoV2-5UTR-Amplicon-short-trimmed+3,189,t,0.3749
SARS-CoV2-5UTR-Amplicon-short-trimmed+3,190,t,0.5832
SARS-CoV2-5UTR-Amplicon-short-trimmed+3,191,c,0.1627
SARS-CoV2-5UTR-Amplicon-short-trimmed+3,192,g,0.0851
SARS-CoV2-5UTR-Amplicon-short-trimmed+3,193,t,1.7202
SARS-CoV2-5UTR-Amplicon-short-trimmed+3,194,c,0.1163
SARS-CoV2-5UTR-Amplicon-short-trimmed+3,195,c,0.1612
SARS-CoV2-5UTR-Amplicon-short-trimmed+3,196,g,0.3523
SARS-CoV2-5UTR-Amplicon-short-trimmed+3,197,g,0.1431
SARS-CoV2-5UTR-Amplicon-short-trimmed+3,198,g,0.4239
SARS-CoV2-5UTR-Amplicon-short-trimmed+3,199,t,0.3247
SARS-CoV2-5UTR-Amplicon-short-trimmed+3,200,g,0.0986
SARS-CoV2-5UTR-Amplicon-short-trimmed+3,201,t,0.2055
SARS-CoV2-5UTR-Amplicon-short-trimmed+3,202,g,0.1146
SARS-CoV2-5UTR-Amplicon-short-trimmed+3,203,a,0.4258
SARS-CoV2-5UTR-Amplicon-short-trimmed+3,204,c,0.1232
SARS-CoV2-5UTR-Amplicon-short-trimmed+3,205,c,0.133
SARS-CoV2-5UTR-Amplicon-short-trimmed+3,206,g,0.1128
SARS-CoV2-5UTR-Amplicon-short-trimmed+3,207,a,0.1633
SARS-CoV2-5UTR-Amplicon-short-trimmed+3,208,a,0.0989
SARS-CoV2-5UTR-Amplicon-short-trimmed+3,209,a,0.2172
SARS-CoV2-5UTR-Amplicon-short-trimmed+3,210,g,0.1335
SARS-CoV2-5UTR-Amplicon-short-trimmed+3,211,g,0.1406
SARS-CoV2-5UTR-Amplicon-short-trimmed+3,212,t,0.2138
SARS-CoV2-5UTR-Amplicon-short-trimmed+3,213,a,0.0771
SARS-CoV2-5UTR-Amplicon-short-trimmed+3,214,a,0.0946
SARS-CoV2-5UTR-Amplicon-short-trimmed+3,215,g,0.0785
SARS-CoV2-5UTR-Amplicon-short-trimmed+3,216,a,0.0683
SARS-CoV2-5UTR-Amplicon-short-trimmed+3,217,t,0.173
SARS-CoV2-5UTR-Amplicon-short-trimmed+3,218,g,0.0575
SARS-CoV2-5UTR-Amplicon-short-trimmed+3,219,g,0.0615
SARS-CoV2-5UTR-Amplicon-short-trimmed+3,220,a,0.252
SARS-CoV2-5UTR-Amplicon-short-trimmed+3,221,g,0.1293
SARS-CoV2-5UTR-Amplicon-short-trimmed+3,222,a,0.0848
SARS-CoV2-5UTR-Amplicon-short-trimmed+3,223,g,0.2385
SARS-CoV2-5UTR-Amplicon-short-trimmed+3,224,c,0.0769
SARS-CoV2-5UTR-Amplicon-short-trimmed+3,225,c,0.0937
SARS-CoV2-5UTR-Amplicon-short-trimmed+3,226,t,0.0705
SARS-CoV2-5UTR-Amplicon-short-trimmed+3,227,t,0.4251
SARS-CoV2-5UTR-Amplicon-short-trimmed+3,228,g,0.0463
SARS-CoV2-5UTR-Amplicon-short-trimmed+3,229,t,0.165
SARS-CoV2-5UTR-Amplicon-short-trimmed+3,230,c,0.0719
SARS-CoV2-5UTR-Amplicon-short-trimmed+3,231,c,0.0575
SARS-CoV2-5UTR-Amplicon-short-trimmed+3,232,c,0.0932
SARS-CoV2-5UTR-Amplicon-short-trimmed+3,233,t,0.1938
SARS-CoV2-5UTR-Amplicon-short-trimmed+3,234,g,0.0713
SARS-CoV2-5UTR-Amplicon-short-trimmed+3,235,g,0.128
SARS-CoV2-5UTR-Amplicon-short-trimmed+3,236,t,0.0698
SARS-CoV2-5UTR-Amplicon-short-trimmed+3,237,t,0.0919
SARS-CoV2-5UTR-Amplicon-short-trimmed+3,238,t,0.2058
SARS-CoV2-5UTR-Amplicon-short-trimmed+3,239,c,0.6145
SARS-CoV2-5UTR-Amplicon-short-trimmed+3,240,a,0.1136
SARS-CoV2-5UTR-Amplicon-short-trimmed+3,241,a,0.0921
SARS-CoV2-5UTR-Amplicon-short-trimmed+3,242,c,0.0805
SARS-CoV2-5UTR-Amplicon-short-trimmed+3,243,g,0.0355
SARS-CoV2-5UTR-Amplicon-short-trimmed+3,244,a,0.2176
SARS-CoV2-5UTR-Amplicon-short-trimmed+3,245,g,0
SARS-CoV2-5UTR-Amplicon-short-trimmed+3,246,g,1e-04
SARS-CoV2-5UTR-Amplicon-short-trimmed+3,247,G,0
SARS-CoV2-5UTR-Amplicon-short-trimmed+3,248,A,0
SARS-CoV2-5UTR-Amplicon-short-trimmed+3,249,G,0
