Region,Position,Ref_base,Mut_percentage
SARS-CoV2-5UTR-Amplicon-short-trimmed+3,1,T,0
SARS-CoV2-5UTR-Amplicon-short-trimmed+3,2,T,0
SARS-CoV2-5UTR-Amplicon-short-trimmed+3,3,G,0
SARS-CoV2-5UTR-Amplicon-short-trimmed+3,4,t,0
SARS-CoV2-5UTR-Amplicon-short-trimmed+3,5,a,0
SARS-CoV2-5UTR-Amplicon-short-trimmed+3,6,g,0.0544
SARS-CoV2-5UTR-Amplicon-short-trimmed+3,7,a,0.0297
SARS-CoV2-5UTR-Amplicon-short-trimmed+3,8,t,0.0904
SARS-CoV2-5UTR-Amplicon-short-trimmed+3,9,c,0.0739
SARS-CoV2-5UTR-Amplicon-short-trimmed+3,10,t,0.0375
SARS-CoV2-5UTR-Amplicon-short-trimmed+3,11,g,0.1544
SARS-CoV2-5UTR-Amplicon-short-trimmed+3,12,t,0.0861
SARS-CoV2-5UTR-Amplicon-short-trimmed+3,13,t,0.0646
SARS-CoV2-5UTR-Amplicon-short-trimmed+3,14,c,0.0579
SARS-CoV2-5UTR-Amplicon-short-trimmed+3,15,t,0.1374
SARS-CoV2-5UTR-Amplicon-short-trimmed+3,16,c,0.061
SARS-CoV2-5UTR-Amplicon-short-trimmed+3,17,t,0.042
SARS-CoV2-5UTR-Amplicon-short-trimmed+3,18,a,0.0839
SARS-CoV2-5UTR-Amplicon-short-trimmed+3,19,a,0.0194
SARS-CoV2-5UTR-Amplicon-short-trimmed+3,20,a,0.0312
SARS-CoV2-5UTR-Amplicon-short-trimmed+3,21,c,0.04
SARS-CoV2-5UTR-Amplicon-short-trimmed+3,22,g,0.0624
SARS-CoV2-5UTR-Amplicon-short-trimmed+3,23,a,0.027
SARS-CoV2-5UTR-Amplicon-short-trimmed+3,24,a,0.0547
SARS-CoV2-5UTR-Amplicon-short-trimmed+3,25,c,2.258
SARS-CoV2-5UTR-Amplicon-short-trimmed+3,26,t,0.2093
SARS-CoV2-5UTR-Amplicon-short-trimmed+3,27,t,0.1156
SARS-CoV2-5UTR-Amplicon-short-trimmed+3,28,t,0.0326
SARS-CoV2-5UTR-Amplicon-short-trimmed+3,29,a,0.074
SARS-CoV2-5UTR-Amplicon-short-trimmed+3,30,a,0.0553
SARS-CoV2-5UTR-Amplicon-short-trimmed+3,31,a,0.0862
SARS-CoV2-5UTR-Amplicon-short-trimmed+3,32,a,0.0375
SARS-CoV2-5UTR-Amplicon-short-trimmed+3,33,t,0.0991
SARS-CoV2-5UTR-Amplicon-short-trimmed+3,34,c,0.0365
SARS-CoV2-5UTR-Amplicon-short-trimmed+3,35,t,0.0803
SARS-CoV2-5UTR-Amplicon-short-trimmed+3,36,g,0.0944
SARS-CoV2-5UTR-Amplicon-short-trimmed+3,37,t,0.081
SARS-CoV2-5UTR-Amplicon-short-trimmed+3,38,g,0.0326
SARS-CoV2-5UTR-Amplicon-short-trimmed+3,39,t,0.0594
SARS-CoV2-5UTR-Amplicon-short-trimmed+3,40,g,0.0469
SARS-CoV2-5UTR-Amplicon-short-trimmed+3,41,g,0.1188
SARS-CoV2-5UTR-Amplicon-short-trimmed+3,42,c,0.0716
SARS-CoV2-5UTR-Amplicon-short-trimmed+3,43,t,0.1274
SARS-CoV2-5UTR-Amplicon-short-trimmed+3,44,g,0.0812
SARS-CoV2-5UTR-Amplicon-short-trimmed+3,45,t,0.1512
SARS-CoV2-5UTR-Amplicon-short-trimmed+3,46,c,0.0442
SARS-CoV2-5UTR-Amplicon-short-trimmed+3,47,a,0.0396
SARS-CoV2-5UTR-Amplicon-short-trimmed+3,48,c,0.0487
SARS-CoV2-5UTR-Amplicon-short-trimmed+3,49,t,0.0564
SARS-CoV2-5UTR-Amplicon-short-trimmed+3,50,c,0.0706
SARS-CoV2-5UTR-Amplicon-short-trimmed+3,51,g,0.0861
SARS-CoV2-5UTR-Amplicon-short-trimmed+3,52,g,0.1835
SARS-CoV2-5UTR-Amplicon-short-trimmed+3,53,c,0.1291
SARS-CoV2-5UTR-Amplicon-short-trimmed+3,54,t,0.0766
SARS-CoV2-5UTR-Amplicon-short-trimmed+3,55,g,0.1656
SARS-CoV2-5UTR-Amplicon-short-trimmed+3,56,c,0.0829
SARS-CoV2-5UTR-Amplicon-short-trimmed+3,57,g,0.1685
SARS-CoV2-5UTR-Amplicon-short-trimmed+3,58,t,0.0744
SARS-CoV2-5UTR-Amplicon-short-trimmed+3,59,g,0.1244
SARS-CoV2-5UTR-Amplicon-short-trimmed+3,60,c,0.0905
SARS-CoV2-5UTR-Amplicon-short-trimmed+3,61,t,0.0872
SARS-CoV2-5UTR-Amplicon-short-trimmed+3,62,t,0.0554
SARS-CoV2-5UTR-Amplicon-short-trimmed+3,63,a,0.0616
SARS-CoV2-5UTR-Amplicon-short-trimmed+3,64,g,0.0691
SARS-CoV2-5UTR-Amplicon-short-trimmed+3,65,t,0.0564
SARS-CoV2-5UTR-Amplicon-short-trimmed+3,66,g,0.1251
SARS-CoV2-5UTR-Amplicon-short-trimmed+3,67,c,0.1203
SARS-CoV2-5UTR-Amplicon-short-trimmed+3,68,a,0.074
SARS-CoV2-5UTR-Amplicon-short-trimmed+3,69,c,0.0764
SARS-CoV2-5UTR-Amplicon-short-trimmed+3,70,t,0.0677
SARS-CoV2-5UTR-Amplicon-short-trimmed+3,71,c,0.0494
SARS-CoV2-5UTR-Amplicon-short-trimmed+3,72,a,0.061
SARS-CoV2-5UTR-Amplicon-short-trimmed+3,73,c,0.0572
SARS-CoV2-5UTR-Amplicon-short-trimmed+3,74,g,0.1286
SARS-CoV2-5UTR-Amplicon-short-trimmed+3,75,c,0.04
SARS-CoV2-5UTR-Amplicon-short-trimmed+3,76,a,0.101
SARS-CoV2-5UTR-Amplicon-short-trimmed+3,77,g,0.091
SARS-CoV2-5UTR-Amplicon-short-trimmed+3,78,t,0.0489
SARS-CoV2-5UTR-Amplicon-short-trimmed+3,79,a,0.0484
SARS-CoV2-5UTR-Amplicon-short-trimmed+3,80,t,0.0316
SARS-CoV2-5UTR-Amplicon-short-trimmed+3,81,a,0.0453
SARS-CoV2-5UTR-Amplicon-short-trimmed+3,82,a,0.0631
SARS-CoV2-5UTR-Amplicon-short-trimmed+3,83,t,0.0389
SARS-CoV2-5UTR-Amplicon-short-trimmed+3,84,t,0.095
SARS-CoV2-5UTR-Amplicon-short-trimmed+3,85,a,0.0838
SARS-CoV2-5UTR-Amplicon-short-trimmed+3,86,a,0.0687
SARS-CoV2-5UTR-Amplicon-short-trimmed+3,87,t,0.0364
SARS-CoV2-5UTR-Amplicon-short-trimmed+3,88,a,0.0613
SARS-CoV2-5UTR-Amplicon-short-trimmed+3,89,a,0.0686
SARS-CoV2-5UTR-Amplicon-short-trimmed+3,90,c,0.3229
SARS-CoV2-5UTR-Amplicon-short-trimmed+3,91,t,0.11
SARS-CoV2-5UTR-Amplicon-short-trimmed+3,92,a,0.0557
SARS-CoV2-5UTR-Amplicon-short-trimmed+3,93,a,0.0641
SARS-CoV2-5UTR-Amplicon-short-trimmed+3,94,t,0.0557
SARS-CoV2-5UTR-Amplicon-short-trimmed+3,95,t,0.0609
SARS-CoV2-5UTR-Amplicon-short-trimmed+3,96,a,0.0519
SARS-CoV2-5UTR-Amplicon-short-trimmed+3,97,c,0.0475
SARS-CoV2-5UTR-Amplicon-short-trimmed+3,98,t,0.2996
SARS-CoV2-5UTR-Amplicon-short-trimmed+3,99,g,0.0958
SARS-CoV2-5UTR-Amplicon-short-trimmed+3,100,t,0.1326
SARS-CoV2-5UTR-Amplicon-short-trimmed+3,101,c,0.0598
SARS-CoV2-5UTR-Amplicon-short-trimmed+3,102,g,0.0899
SARS-CoV2-5UTR-Amplicon-short-trimmed+3,103,t,0.0939
SARS-CoV2-5UTR-Amplicon-short-trimmed+3,104,t,0.13
SARS-CoV2-5UTR-Amplicon-short-trimmed+3,105,g,0.0764
SARS-CoV2-5UTR-Amplicon-short-trimmed+3,106,a,0.0703
SARS-CoV2-5UTR-Amplicon-short-trimmed+3,107,c,0.0879
SARS-CoV2-5UTR-Amplicon-short-trimmed+3,108,a,0.1062
SARS-CoV2-5UTR-Amplicon-short-trimmed+3,109,g,0.1033
SARS-CoV2-5UTR-Amplicon-short-trimmed+3,110,g,0.1062
SARS-CoV2-5UTR-Amplicon-short-trimmed+3,111,a,0.0584
SARS-CoV2-5UTR-Amplicon-short-trimmed+3,112,c,0.0806
SARS-CoV2-5UTR-Amplicon-short-trimmed+3,113,a,0.0896
SARS-CoV2-5UTR-Amplicon-short-trimmed+3,114,c,0.0924
SARS-CoV2-5UTR-Amplicon-short-trimmed+3,115,g,0.0581
SARS-CoV2-5UTR-Amplicon-short-trimmed+3,116,a,0.0832
SARS-CoV2-5UTR-Amplicon-short-trimmed+3,117,g,0.0725
SARS-CoV2-5UTR-Amplicon-short-trimmed+3,118,t,0.1833
SARS-CoV2-5UTR-Amplicon-short-trimmed+3,119,a,0.2055
SARS-CoV2-5UTR-Amplicon-short-trimmed+3,120,a,0.139
SARS-CoV2-5UTR-Amplicon-short-trimmed+3,121,c,0.193
SARS-CoV2-5UTR-Amplicon-short-trimmed+3,122,t,0.2664
SARS-CoV2-5UTR-Amplicon-short-trimmed+3,123,c,0.2339
SARS-CoV2-5UTR-Amplicon-short-trimmed+3,124,g,0.193
SARS-CoV2-5UTR-Amplicon-short-trimmed+3,125,t,0.3636
SARS-CoV2-5UTR-Amplicon-short-trimmed+3,126,c,0.1497
SARS-CoV2-5UTR-Amplicon-short-trimmed+3,127,t,0.1133
SARS-CoV2-5UTR-Amplicon-short-trimmed+3,128,a,0.1594
SARS-CoV2-5UTR-Amplicon-short-trimmed+3,129,t,0.6648
SARS-CoV2-5UTR-Amplicon-short-trimmed+3,130,c,0.0942
SARS-CoV2-5UTR-Amplicon-short-trimmed+3,131,t,0.1495
SARS-CoV2-5UTR-Amplicon-short-trimmed+3,132,t,0.2224
SARS-CoV2-5UTR-Amplicon-short-trimmed+3,133,c,0.3054
SARS-CoV2-5UTR-Amplicon-short-trimmed+3,134,t,0.257
SARS-CoV2-5UTR-Amplicon-short-trimmed+3,135,g,0.1295
SARS-CoV2-5UTR-Amplicon-short-trimmed+3,136,c,0.3978
SARS-CoV2-5UTR-Amplicon-short-trimmed+3,137,a,0.2838
SARS-CoV2-5UTR-Amplicon-short-trimmed+3,138,g,0.0983
SARS-CoV2-5UTR-Amplicon-short-trimmed+3,139,g,0.3055
SARS-CoV2-5UTR-Amplicon-short-trimmed+3,140,c,0.1198
SARS-CoV2-5UTR-Amplicon-short-trimmed+3,141,t,0.3664
SARS-CoV2-5UTR-Amplicon-short-trimmed+3,142,g,0.4581
SARS-CoV2-5UTR-Amplicon-short-trimmed+3,143,c,0.1394
SARS-CoV2-5UTR-Amplicon-short-trimmed+3,144,t,0.1279
SARS-CoV2-5UTR-Amplicon-short-trimmed+3,145,t,0.1598
SARS-CoV2-5UTR-Amplicon-short-trimmed+3,146,a,0.2385
SARS-CoV2-5UTR-Amplicon-short-trimmed+3,147,c,0.1847
SARS-CoV2-5UTR-Amplicon-short-trimmed+3,148,g,0.3863
SARS-CoV2-5UTR-Amplicon-short-trimmed+3,149,g,0.175
SARS-CoV2-5UTR-Amplicon-short-trimmed+3,150,t,0.189
SARS-CoV2-5UTR-Amplicon-short-trimmed+3,151,t,0.1633
SARS-CoV2-5UTR-Amplicon-short-trimmed+3,152,t,0.2846
SARS-CoV2-5UTR-Amplicon-short-trimmed+3,153,c,0.2421
SARS-CoV2-5UTR-Amplicon-short-trimmed+3,154,g,0.1007
SARS-CoV2-5UTR-Amplicon-short-trimmed+3,155,t,0.39
SARS-CoV2-5UTR-Amplicon-short-trimmed+3,156,c,0.2053
SARS-CoV2-5UTR-Amplicon-short-trimmed+3,157,c,0.2448
SARS-CoV2-5UTR-Amplicon-short-trimmed+3,158,g,0.12
SARS-CoV2-5UTR-Amplicon-short-trimmed+3,159,t,1.6018
SARS-CoV2-5UTR-Amplicon-short-trimmed+3,160,g,0.0879
SARS-CoV2-5UTR-Amplicon-short-trimmed+3,161,t,0.1741
SARS-CoV2-5UTR-Amplicon-short-trimmed+3,162,t,0.2135
SARS-CoV2-5UTR-Amplicon-short-trimmed+3,163,g,0.1191
SARS-CoV2-5UTR-Amplicon-short-trimmed+3,164,c,0.3056
SARS-CoV2-5UTR-Amplicon-short-trimmed+3,165,a,0.3792
SARS-CoV2-5UTR-Amplicon-short-trimmed+3,166,g,0.5368
SARS-CoV2-5UTR-Amplicon-short-trimmed+3,167,c,0.2203
SARS-CoV2-5UTR-Amplicon-short-trimmed+3,168,c,0.5255
SARS-CoV2-5UTR-Amplicon-short-trimmed+3,169,g,0.1037
SARS-CoV2-5UTR-Amplicon-short-trimmed+3,170,a,0.1605
SARS-CoV2-5UTR-Amplicon-short-trimmed+3,171,t,0.1504
SARS-CoV2-5UTR-Amplicon-short-trimmed+3,172,c,0.207
SARS-CoV2-5UTR-Amplicon-short-trimmed+3,173,a,0.0763
SARS-CoV2-5UTR-Amplicon-short-trimmed+3,174,t,0.1277
SARS-CoV2-5UTR-Amplicon-short-trimmed+3,175,c,0.2281
SARS-CoV2-5UTR-Amplicon-short-trimmed+3,176,a,0.1706
SARS-CoV2-5UTR-Amplicon-short-trimmed+3,177,g,0.1319
SARS-CoV2-5UTR-Amplicon-short-trimmed+3,178,c,0.6131
SARS-CoV2-5UTR-Amplicon-short-trimmed+3,179,a,0.1487
SARS-CoV2-5UTR-Amplicon-short-trimmed+3,180,c,0.0945
SARS-CoV2-5UTR-Amplicon-short-trimmed+3,181,a,0.1253
SARS-CoV2-5UTR-Amplicon-short-trimmed+3,182,t,0.1769
SARS-CoV2-5UTR-Amplicon-short-trimmed+3,183,c,0.0963
SARS-CoV2-5UTR-Amplicon-short-trimmed+3,184,t,0.1052
SARS-CoV2-5UTR-Amplicon-short-trimmed+3,185,a,0.191
SARS-CoV2-5UTR-Amplicon-short-trimmed+3,186,g,0.0846
SARS-CoV2-5UTR-Amplicon-short-trimmed+3,187,g,0.1074
SARS-CoV2-5UTR-Amplicon-short-trimmed+3,188,t,0.1673
SARS-CoV2-5UTR-Amplicon-short-trimmed+3,189,t,0.3171
SARS-CoV2-5UTR-Amplicon-short-trimmed+3,190,t,0.4527
SARS-CoV2-5UTR-Amplicon-short-trimmed+3,191,c,0.1586
SARS-CoV2-5UTR-Amplicon-short-trimmed+3,192,g,0.0792
SARS-CoV2-5UTR-Amplicon-short-trimmed+3,193,t,1.3028
SARS-CoV2-5UTR-Amplicon-short-trimmed+3,194,c,0.1312
SARS-CoV2-5UTR-Amplicon-short-trimmed+3,195,c,0.1896
SARS-CoV2-5UTR-Amplicon-short-trimmed+3,196,g,0.3545
SARS-CoV2-5UTR-Amplicon-short-trimmed+3,197,g,0.1368
SARS-CoV2-5UTR-Amplicon-short-trimmed+3,198,g,0.4511
SARS-CoV2-5UTR-Amplicon-short-trimmed+3,199,t,0.2676
SARS-CoV2-5UTR-Amplicon-short-trimmed+3,200,g,0.0999
SARS-CoV2-5UTR-Amplicon-short-trimmed+3,201,t,0.1545
SARS-CoV2-5UTR-Amplicon-short-trimmed+3,202,g,0.111
SARS-CoV2-5UTR-Amplicon-short-trimmed+3,203,a,0.3657
SARS-CoV2-5UTR-Amplicon-short-trimmed+3,204,c,0.1177
SARS-CoV2-5UTR-Amplicon-short-trimmed+3,205,c,0.1174
SARS-CoV2-5UTR-Amplicon-short-trimmed+3,206,g,0.0884
SARS-CoV2-5UTR-Amplicon-short-trimmed+3,207,a,0.1204
SARS-CoV2-5UTR-Amplicon-short-trimmed+3,208,a,0.0759
SARS-CoV2-5UTR-Amplicon-short-trimmed+3,209,a,0.1746
SARS-CoV2-5UTR-Amplicon-short-trimmed+3,210,g,0.1246
SARS-CoV2-5UTR-Amplicon-short-trimmed+3,211,g,0.1359
SARS-CoV2-5UTR-Amplicon-short-trimmed+3,212,t,0.1571
SARS-CoV2-5UTR-Amplicon-short-trimmed+3,213,a,0.0673
SARS-CoV2-5UTR-Amplicon-short-trimmed+3,214,a,0.0924
SARS-CoV2-5UTR-Amplicon-short-trimmed+3,215,g,0.0798
SARS-CoV2-5UTR-Amplicon-short-trimmed+3,216,a,0.0669
SARS-CoV2-5UTR-Amplicon-short-trimmed+3,217,t,0.1364
SARS-CoV2-5UTR-Amplicon-short-trimmed+3,218,g,0.0554
SARS-CoV2-5UTR-Amplicon-short-trimmed+3,219,g,0.0661
SARS-CoV2-5UTR-Amplicon-short-trimmed+3,220,a,0.2284
SARS-CoV2-5UTR-Amplicon-short-trimmed+3,221,g,0.1309
SARS-CoV2-5UTR-Amplicon-short-trimmed+3,222,a,0.0814
SARS-CoV2-5UTR-Amplicon-short-trimmed+3,223,g,0.2041
SARS-CoV2-5UTR-Amplicon-short-trimmed+3,224,c,0.0951
SARS-CoV2-5UTR-Amplicon-short-trimmed+3,225,c,0.0907
SARS-CoV2-5UTR-Amplicon-short-trimmed+3,226,t,0.0614
SARS-CoV2-5UTR-Amplicon-short-trimmed+3,227,t,0.3438
SARS-CoV2-5UTR-Amplicon-short-trimmed+3,228,g,0.0609
SARS-CoV2-5UTR-Amplicon-short-trimmed+3,229,t,0.165
SARS-CoV2-5UTR-Amplicon-short-trimmed+3,230,c,0.0553
SARS-CoV2-5UTR-Amplicon-short-trimmed+3,231,c,0.0547
SARS-CoV2-5UTR-Amplicon-short-trimmed+3,232,c,0.1041
SARS-CoV2-5UTR-Amplicon-short-trimmed+3,233,t,0.1802
SARS-CoV2-5UTR-Amplicon-short-trimmed+3,234,g,0.095
SARS-CoV2-5UTR-Amplicon-short-trimmed+3,235,g,0.1589
SARS-CoV2-5UTR-Amplicon-short-trimmed+3,236,t,0.0713
SARS-CoV2-5UTR-Amplicon-short-trimmed+3,237,t,0.085
SARS-CoV2-5UTR-Amplicon-short-trimmed+3,238,t,0.1591
SARS-CoV2-5UTR-Amplicon-short-trimmed+3,239,c,0.5663
SARS-CoV2-5UTR-Amplicon-short-trimmed+3,240,a,0.0961
SARS-CoV2-5UTR-Amplicon-short-trimmed+3,241,a,0.0769
SARS-CoV2-5UTR-Amplicon-short-trimmed+3,242,c,0.0765
SARS-CoV2-5UTR-Amplicon-short-trimmed+3,243,g,0.0282
SARS-CoV2-5UTR-Amplicon-short-trimmed+3,244,a,0.1988
SARS-CoV2-5UTR-Amplicon-short-trimmed+3,245,g,1e-04
SARS-CoV2-5UTR-Amplicon-short-trimmed+3,246,g,0
SARS-CoV2-5UTR-Amplicon-short-trimmed+3,247,G,0
SARS-CoV2-5UTR-Amplicon-short-trimmed+3,248,A,0
SARS-CoV2-5UTR-Amplicon-short-trimmed+3,249,G,0
