Region,Position,Ref_base,Mut_percentage
SARS-CoV2-5UTR-Amplicon-short-trimmed+3,1,T,0
SARS-CoV2-5UTR-Amplicon-short-trimmed+3,2,T,0
SARS-CoV2-5UTR-Amplicon-short-trimmed+3,3,G,0
SARS-CoV2-5UTR-Amplicon-short-trimmed+3,4,t,1e-04
SARS-CoV2-5UTR-Amplicon-short-trimmed+3,5,a,0
SARS-CoV2-5UTR-Amplicon-short-trimmed+3,6,g,0.0623
SARS-CoV2-5UTR-Amplicon-short-trimmed+3,7,a,0.0153
SARS-CoV2-5UTR-Amplicon-short-trimmed+3,8,t,0.0224
SARS-CoV2-5UTR-Amplicon-short-trimmed+3,9,c,0.0314
SARS-CoV2-5UTR-Amplicon-short-trimmed+3,10,t,0.0161
SARS-CoV2-5UTR-Amplicon-short-trimmed+3,11,g,0.2014
SARS-CoV2-5UTR-Amplicon-short-trimmed+3,12,t,0.0368
SARS-CoV2-5UTR-Amplicon-short-trimmed+3,13,t,0.0367
SARS-CoV2-5UTR-Amplicon-short-trimmed+3,14,c,0.0492
SARS-CoV2-5UTR-Amplicon-short-trimmed+3,15,t,0.08
SARS-CoV2-5UTR-Amplicon-short-trimmed+3,16,c,0.0677
SARS-CoV2-5UTR-Amplicon-short-trimmed+3,17,t,0.0278
SARS-CoV2-5UTR-Amplicon-short-trimmed+3,18,a,0.0677
SARS-CoV2-5UTR-Amplicon-short-trimmed+3,19,a,0.0168
SARS-CoV2-5UTR-Amplicon-short-trimmed+3,20,a,0.021
SARS-CoV2-5UTR-Amplicon-short-trimmed+3,21,c,0.0348
SARS-CoV2-5UTR-Amplicon-short-trimmed+3,22,g,0.0365
SARS-CoV2-5UTR-Amplicon-short-trimmed+3,23,a,0.015
SARS-CoV2-5UTR-Amplicon-short-trimmed+3,24,a,0.0206
SARS-CoV2-5UTR-Amplicon-short-trimmed+3,25,c,0.4864
SARS-CoV2-5UTR-Amplicon-short-trimmed+3,26,t,0.0969
SARS-CoV2-5UTR-Amplicon-short-trimmed+3,27,t,0.1167
SARS-CoV2-5UTR-Amplicon-short-trimmed+3,28,t,0.0238
SARS-CoV2-5UTR-Amplicon-short-trimmed+3,29,a,0.0424
SARS-CoV2-5UTR-Amplicon-short-trimmed+3,30,a,0.0292
SARS-CoV2-5UTR-Amplicon-short-trimmed+3,31,a,0.0621
SARS-CoV2-5UTR-Amplicon-short-trimmed+3,32,a,0.0302
SARS-CoV2-5UTR-Amplicon-short-trimmed+3,33,t,0.0309
SARS-CoV2-5UTR-Amplicon-short-trimmed+3,34,c,0.0405
SARS-CoV2-5UTR-Amplicon-short-trimmed+3,35,t,0.0459
SARS-CoV2-5UTR-Amplicon-short-trimmed+3,36,g,0.0629
SARS-CoV2-5UTR-Amplicon-short-trimmed+3,37,t,0.0489
SARS-CoV2-5UTR-Amplicon-short-trimmed+3,38,g,0.0317
SARS-CoV2-5UTR-Amplicon-short-trimmed+3,39,t,0.0357
SARS-CoV2-5UTR-Amplicon-short-trimmed+3,40,g,0.0511
SARS-CoV2-5UTR-Amplicon-short-trimmed+3,41,g,0.0916
SARS-CoV2-5UTR-Amplicon-short-trimmed+3,42,c,0.0587
SARS-CoV2-5UTR-Amplicon-short-trimmed+3,43,t,0.1208
SARS-CoV2-5UTR-Amplicon-short-trimmed+3,44,g,0.0751
SARS-CoV2-5UTR-Amplicon-short-trimmed+3,45,t,0.0798
SARS-CoV2-5UTR-Amplicon-short-trimmed+3,46,c,0.038
SARS-CoV2-5UTR-Amplicon-short-trimmed+3,47,a,0.033
SARS-CoV2-5UTR-Amplicon-short-trimmed+3,48,c,0.0324
SARS-CoV2-5UTR-Amplicon-short-trimmed+3,49,t,0.0497
SARS-CoV2-5UTR-Amplicon-short-trimmed+3,50,c,0.0436
SARS-CoV2-5UTR-Amplicon-short-trimmed+3,51,g,0.0776
SARS-CoV2-5UTR-Amplicon-short-trimmed+3,52,g,0.0925
SARS-CoV2-5UTR-Amplicon-short-trimmed+3,53,c,0.1532
SARS-CoV2-5UTR-Amplicon-short-trimmed+3,54,t,0.0456
SARS-CoV2-5UTR-Amplicon-short-trimmed+3,55,g,0.1928
SARS-CoV2-5UTR-Amplicon-short-trimmed+3,56,c,0.0639
SARS-CoV2-5UTR-Amplicon-short-trimmed+3,57,g,0.1981
SARS-CoV2-5UTR-Amplicon-short-trimmed+3,58,t,0.0422
SARS-CoV2-5UTR-Amplicon-short-trimmed+3,59,g,0.1169
SARS-CoV2-5UTR-Amplicon-short-trimmed+3,60,c,0.052
SARS-CoV2-5UTR-Amplicon-short-trimmed+3,61,t,0.0663
SARS-CoV2-5UTR-Amplicon-short-trimmed+3,62,t,0.0385
SARS-CoV2-5UTR-Amplicon-short-trimmed+3,63,a,0.043
SARS-CoV2-5UTR-Amplicon-short-trimmed+3,64,g,0.0385
SARS-CoV2-5UTR-Amplicon-short-trimmed+3,65,t,0.023
SARS-CoV2-5UTR-Amplicon-short-trimmed+3,66,g,0.093
SARS-CoV2-5UTR-Amplicon-short-trimmed+3,67,c,0.081
SARS-CoV2-5UTR-Amplicon-short-trimmed+3,68,a,0.0435
SARS-CoV2-5UTR-Amplicon-short-trimmed+3,69,c,0.0425
SARS-CoV2-5UTR-Amplicon-short-trimmed+3,70,t,0.0266
SARS-CoV2-5UTR-Amplicon-short-trimmed+3,71,c,0.0488
SARS-CoV2-5UTR-Amplicon-short-trimmed+3,72,a,0.0404
SARS-CoV2-5UTR-Amplicon-short-trimmed+3,73,c,0.0467
SARS-CoV2-5UTR-Amplicon-short-trimmed+3,74,g,0.0642
SARS-CoV2-5UTR-Amplicon-short-trimmed+3,75,c,0.0297
SARS-CoV2-5UTR-Amplicon-short-trimmed+3,76,a,0.0682
SARS-CoV2-5UTR-Amplicon-short-trimmed+3,77,g,0.0539
SARS-CoV2-5UTR-Amplicon-short-trimmed+3,78,t,0.0299
SARS-CoV2-5UTR-Amplicon-short-trimmed+3,79,a,0.0358
SARS-CoV2-5UTR-Amplicon-short-trimmed+3,80,t,0.0178
SARS-CoV2-5UTR-Amplicon-short-trimmed+3,81,a,0.0281
SARS-CoV2-5UTR-Amplicon-short-trimmed+3,82,a,0.0515
SARS-CoV2-5UTR-Amplicon-short-trimmed+3,83,t,0.0194
SARS-CoV2-5UTR-Amplicon-short-trimmed+3,84,t,0.0492
SARS-CoV2-5UTR-Amplicon-short-trimmed+3,85,a,0.0553
SARS-CoV2-5UTR-Amplicon-short-trimmed+3,86,a,0.0445
SARS-CoV2-5UTR-Amplicon-short-trimmed+3,87,t,0.0226
SARS-CoV2-5UTR-Amplicon-short-trimmed+3,88,a,0.042
SARS-CoV2-5UTR-Amplicon-short-trimmed+3,89,a,0.0406
SARS-CoV2-5UTR-Amplicon-short-trimmed+3,90,c,0.3046
SARS-CoV2-5UTR-Amplicon-short-trimmed+3,91,t,0.089
SARS-CoV2-5UTR-Amplicon-short-trimmed+3,92,a,0.0366
SARS-CoV2-5UTR-Amplicon-short-trimmed+3,93,a,0.0351
SARS-CoV2-5UTR-Amplicon-short-trimmed+3,94,t,0.034
SARS-CoV2-5UTR-Amplicon-short-trimmed+3,95,t,0.0316
SARS-CoV2-5UTR-Amplicon-short-trimmed+3,96,a,0.0332
SARS-CoV2-5UTR-Amplicon-short-trimmed+3,97,c,0.0367
SARS-CoV2-5UTR-Amplicon-short-trimmed+3,98,t,0.2864
SARS-CoV2-5UTR-Amplicon-short-trimmed+3,99,g,0.0847
SARS-CoV2-5UTR-Amplicon-short-trimmed+3,100,t,0.0607
SARS-CoV2-5UTR-Amplicon-short-trimmed+3,101,c,0.0456
SARS-CoV2-5UTR-Amplicon-short-trimmed+3,102,g,0.0887
SARS-CoV2-5UTR-Amplicon-short-trimmed+3,103,t,0.0557
SARS-CoV2-5UTR-Amplicon-short-trimmed+3,104,t,0.091
SARS-CoV2-5UTR-Amplicon-short-trimmed+3,105,g,0.0861
SARS-CoV2-5UTR-Amplicon-short-trimmed+3,106,a,0.0352
SARS-CoV2-5UTR-Amplicon-short-trimmed+3,107,c,0.0514
SARS-CoV2-5UTR-Amplicon-short-trimmed+3,108,a,0.0518
SARS-CoV2-5UTR-Amplicon-short-trimmed+3,109,g,0.0933
SARS-CoV2-5UTR-Amplicon-short-trimmed+3,110,g,0.1034
SARS-CoV2-5UTR-Amplicon-short-trimmed+3,111,a,0.0296
SARS-CoV2-5UTR-Amplicon-short-trimmed+3,112,c,0.0739
SARS-CoV2-5UTR-Amplicon-short-trimmed+3,113,a,0.0427
SARS-CoV2-5UTR-Amplicon-short-trimmed+3,114,c,0.0623
SARS-CoV2-5UTR-Amplicon-short-trimmed+3,115,g,0.0561
SARS-CoV2-5UTR-Amplicon-short-trimmed+3,116,a,0.052
SARS-CoV2-5UTR-Amplicon-short-trimmed+3,117,g,0.0434
SARS-CoV2-5UTR-Amplicon-short-trimmed+3,118,t,0.1239
SARS-CoV2-5UTR-Amplicon-short-trimmed+3,119,a,0.1149
SARS-CoV2-5UTR-Amplicon-short-trimmed+3,120,a,0.083
SARS-CoV2-5UTR-Amplicon-short-trimmed+3,121,c,0.1619
SARS-CoV2-5UTR-Amplicon-short-trimmed+3,122,t,0.1635
SARS-CoV2-5UTR-Amplicon-short-trimmed+3,123,c,0.1676
SARS-CoV2-5UTR-Amplicon-short-trimmed+3,124,g,0.1617
SARS-CoV2-5UTR-Amplicon-short-trimmed+3,125,t,0.1598
SARS-CoV2-5UTR-Amplicon-short-trimmed+3,126,c,0.0981
SARS-CoV2-5UTR-Amplicon-short-trimmed+3,127,t,0.0741
SARS-CoV2-5UTR-Amplicon-short-trimmed+3,128,a,0.0986
SARS-CoV2-5UTR-Amplicon-short-trimmed+3,129,t,0.3782
SARS-CoV2-5UTR-Amplicon-short-trimmed+3,130,c,0.0669
SARS-CoV2-5UTR-Amplicon-short-trimmed+3,131,t,0.0848
SARS-CoV2-5UTR-Amplicon-short-trimmed+3,132,t,0.1174
SARS-CoV2-5UTR-Amplicon-short-trimmed+3,133,c,0.2108
SARS-CoV2-5UTR-Amplicon-short-trimmed+3,134,t,0.1454
SARS-CoV2-5UTR-Amplicon-short-trimmed+3,135,g,0.0825
SARS-CoV2-5UTR-Amplicon-short-trimmed+3,136,c,0.3274
SARS-CoV2-5UTR-Amplicon-short-trimmed+3,137,a,0.1706
SARS-CoV2-5UTR-Amplicon-short-trimmed+3,138,g,0.0553
SARS-CoV2-5UTR-Amplicon-short-trimmed+3,139,g,0.1719
SARS-CoV2-5UTR-Amplicon-short-trimmed+3,140,c,0.0867
SARS-CoV2-5UTR-Amplicon-short-trimmed+3,141,t,0.216
SARS-CoV2-5UTR-Amplicon-short-trimmed+3,142,g,0.2937
SARS-CoV2-5UTR-Amplicon-short-trimmed+3,143,c,0.054
SARS-CoV2-5UTR-Amplicon-short-trimmed+3,144,t,0.0798
SARS-CoV2-5UTR-Amplicon-short-trimmed+3,145,t,0.0981
SARS-CoV2-5UTR-Amplicon-short-trimmed+3,146,a,0.1351
SARS-CoV2-5UTR-Amplicon-short-trimmed+3,147,c,0.1197
SARS-CoV2-5UTR-Amplicon-short-trimmed+3,148,g,0.3147
SARS-CoV2-5UTR-Amplicon-short-trimmed+3,149,g,0.072
SARS-CoV2-5UTR-Amplicon-short-trimmed+3,150,t,0.1027
SARS-CoV2-5UTR-Amplicon-short-trimmed+3,151,t,0.1124
SARS-CoV2-5UTR-Amplicon-short-trimmed+3,152,t,0.1611
SARS-CoV2-5UTR-Amplicon-short-trimmed+3,153,c,0.1884
SARS-CoV2-5UTR-Amplicon-short-trimmed+3,154,g,0.0647
SARS-CoV2-5UTR-Amplicon-short-trimmed+3,155,t,0.2034
SARS-CoV2-5UTR-Amplicon-short-trimmed+3,156,c,0.117
SARS-CoV2-5UTR-Amplicon-short-trimmed+3,157,c,0.156
SARS-CoV2-5UTR-Amplicon-short-trimmed+3,158,g,0.0725
SARS-CoV2-5UTR-Amplicon-short-trimmed+3,159,t,1.0676
SARS-CoV2-5UTR-Amplicon-short-trimmed+3,160,g,0.0542
SARS-CoV2-5UTR-Amplicon-short-trimmed+3,161,t,0.0807
SARS-CoV2-5UTR-Amplicon-short-trimmed+3,162,t,0.1399
SARS-CoV2-5UTR-Amplicon-short-trimmed+3,163,g,0.0572
SARS-CoV2-5UTR-Amplicon-short-trimmed+3,164,c,0.1842
SARS-CoV2-5UTR-Amplicon-short-trimmed+3,165,a,0.12
SARS-CoV2-5UTR-Amplicon-short-trimmed+3,166,g,0.228
SARS-CoV2-5UTR-Amplicon-short-trimmed+3,167,c,0.1283
SARS-CoV2-5UTR-Amplicon-short-trimmed+3,168,c,0.5041
SARS-CoV2-5UTR-Amplicon-short-trimmed+3,169,g,0.0833
SARS-CoV2-5UTR-Amplicon-short-trimmed+3,170,a,0.1006
SARS-CoV2-5UTR-Amplicon-short-trimmed+3,171,t,0.0768
SARS-CoV2-5UTR-Amplicon-short-trimmed+3,172,c,0.1664
SARS-CoV2-5UTR-Amplicon-short-trimmed+3,173,a,0.0457
SARS-CoV2-5UTR-Amplicon-short-trimmed+3,174,t,0.0561
SARS-CoV2-5UTR-Amplicon-short-trimmed+3,175,c,0.1887
SARS-CoV2-5UTR-Amplicon-short-trimmed+3,176,a,0.1068
SARS-CoV2-5UTR-Amplicon-short-trimmed+3,177,g,0.0814
SARS-CoV2-5UTR-Amplicon-short-trimmed+3,178,c,0.5526
SARS-CoV2-5UTR-Amplicon-short-trimmed+3,179,a,0.0935
SARS-CoV2-5UTR-Amplicon-short-trimmed+3,180,c,0.0888
SARS-CoV2-5UTR-Amplicon-short-trimmed+3,181,a,0.0666
SARS-CoV2-5UTR-Amplicon-short-trimmed+3,182,t,0.0986
SARS-CoV2-5UTR-Amplicon-short-trimmed+3,183,c,0.0703
SARS-CoV2-5UTR-Amplicon-short-trimmed+3,184,t,0.0908
SARS-CoV2-5UTR-Amplicon-short-trimmed+3,185,a,0.1553
SARS-CoV2-5UTR-Amplicon-short-trimmed+3,186,g,0.054
SARS-CoV2-5UTR-Amplicon-short-trimmed+3,187,g,0.0384
SARS-CoV2-5UTR-Amplicon-short-trimmed+3,188,t,0.1138
SARS-CoV2-5UTR-Amplicon-short-trimmed+3,189,t,0.254
SARS-CoV2-5UTR-Amplicon-short-trimmed+3,190,t,0.2993
SARS-CoV2-5UTR-Amplicon-short-trimmed+3,191,c,0.1251
SARS-CoV2-5UTR-Amplicon-short-trimmed+3,192,g,0.0635
SARS-CoV2-5UTR-Amplicon-short-trimmed+3,193,t,0.8624
SARS-CoV2-5UTR-Amplicon-short-trimmed+3,194,c,0.0822
SARS-CoV2-5UTR-Amplicon-short-trimmed+3,195,c,0.1326
SARS-CoV2-5UTR-Amplicon-short-trimmed+3,196,g,0.315
SARS-CoV2-5UTR-Amplicon-short-trimmed+3,197,g,0.0849
SARS-CoV2-5UTR-Amplicon-short-trimmed+3,198,g,0.3731
SARS-CoV2-5UTR-Amplicon-short-trimmed+3,199,t,0.1814
SARS-CoV2-5UTR-Amplicon-short-trimmed+3,200,g,0.0558
SARS-CoV2-5UTR-Amplicon-short-trimmed+3,201,t,0.0999
SARS-CoV2-5UTR-Amplicon-short-trimmed+3,202,g,0.1036
SARS-CoV2-5UTR-Amplicon-short-trimmed+3,203,a,0.2112
SARS-CoV2-5UTR-Amplicon-short-trimmed+3,204,c,0.0719
SARS-CoV2-5UTR-Amplicon-short-trimmed+3,205,c,0.0889
SARS-CoV2-5UTR-Amplicon-short-trimmed+3,206,g,0.0628
SARS-CoV2-5UTR-Amplicon-short-trimmed+3,207,a,0.0898
SARS-CoV2-5UTR-Amplicon-short-trimmed+3,208,a,0.0599
SARS-CoV2-5UTR-Amplicon-short-trimmed+3,209,a,0.1389
SARS-CoV2-5UTR-Amplicon-short-trimmed+3,210,g,0.0824
SARS-CoV2-5UTR-Amplicon-short-trimmed+3,211,g,0.1177
SARS-CoV2-5UTR-Amplicon-short-trimmed+3,212,t,0.1057
SARS-CoV2-5UTR-Amplicon-short-trimmed+3,213,a,0.0442
SARS-CoV2-5UTR-Amplicon-short-trimmed+3,214,a,0.0532
SARS-CoV2-5UTR-Amplicon-short-trimmed+3,215,g,0.0535
SARS-CoV2-5UTR-Amplicon-short-trimmed+3,216,a,0.0379
SARS-CoV2-5UTR-Amplicon-short-trimmed+3,217,t,0.1004
SARS-CoV2-5UTR-Amplicon-short-trimmed+3,218,g,0.0542
SARS-CoV2-5UTR-Amplicon-short-trimmed+3,219,g,0.0688
SARS-CoV2-5UTR-Amplicon-short-trimmed+3,220,a,0.1939
SARS-CoV2-5UTR-Amplicon-short-trimmed+3,221,g,0.1405
SARS-CoV2-5UTR-Amplicon-short-trimmed+3,222,a,0.062
SARS-CoV2-5UTR-Amplicon-short-trimmed+3,223,g,0.1204
SARS-CoV2-5UTR-Amplicon-short-trimmed+3,224,c,0.0634
SARS-CoV2-5UTR-Amplicon-short-trimmed+3,225,c,0.0634
SARS-CoV2-5UTR-Amplicon-short-trimmed+3,226,t,0.0329
SARS-CoV2-5UTR-Amplicon-short-trimmed+3,227,t,0.2537
SARS-CoV2-5UTR-Amplicon-short-trimmed+3,228,g,0.0425
SARS-CoV2-5UTR-Amplicon-short-trimmed+3,229,t,0.0855
SARS-CoV2-5UTR-Amplicon-short-trimmed+3,230,c,0.043
SARS-CoV2-5UTR-Amplicon-short-trimmed+3,231,c,0.0476
SARS-CoV2-5UTR-Amplicon-short-trimmed+3,232,c,0.0766
SARS-CoV2-5UTR-Amplicon-short-trimmed+3,233,t,0.112
SARS-CoV2-5UTR-Amplicon-short-trimmed+3,234,g,0.0528
SARS-CoV2-5UTR-Amplicon-short-trimmed+3,235,g,0.0482
SARS-CoV2-5UTR-Amplicon-short-trimmed+3,236,t,0.0468
SARS-CoV2-5UTR-Amplicon-short-trimmed+3,237,t,0.0494
SARS-CoV2-5UTR-Amplicon-short-trimmed+3,238,t,0.1071
SARS-CoV2-5UTR-Amplicon-short-trimmed+3,239,c,0.5552
SARS-CoV2-5UTR-Amplicon-short-trimmed+3,240,a,0.0609
SARS-CoV2-5UTR-Amplicon-short-trimmed+3,241,a,0.049
SARS-CoV2-5UTR-Amplicon-short-trimmed+3,242,c,0.0487
SARS-CoV2-5UTR-Amplicon-short-trimmed+3,243,g,0.0275
SARS-CoV2-5UTR-Amplicon-short-trimmed+3,244,a,0.1918
SARS-CoV2-5UTR-Amplicon-short-trimmed+3,245,g,1e-04
SARS-CoV2-5UTR-Amplicon-short-trimmed+3,246,g,0
SARS-CoV2-5UTR-Amplicon-short-trimmed+3,247,G,0
SARS-CoV2-5UTR-Amplicon-short-trimmed+3,248,A,0
SARS-CoV2-5UTR-Amplicon-short-trimmed+3,249,G,0
