Region,Position,Ref_base,Mut_percentage
SARS-CoV2-5UTR-Amplicon-short-trimmed+3,1,T,0
SARS-CoV2-5UTR-Amplicon-short-trimmed+3,2,T,0
SARS-CoV2-5UTR-Amplicon-short-trimmed+3,3,G,0
SARS-CoV2-5UTR-Amplicon-short-trimmed+3,4,t,0
SARS-CoV2-5UTR-Amplicon-short-trimmed+3,5,a,0
SARS-CoV2-5UTR-Amplicon-short-trimmed+3,6,g,0.0592
SARS-CoV2-5UTR-Amplicon-short-trimmed+3,7,a,0.0206
SARS-CoV2-5UTR-Amplicon-short-trimmed+3,8,t,0.0851
SARS-CoV2-5UTR-Amplicon-short-trimmed+3,9,c,0.0705
SARS-CoV2-5UTR-Amplicon-short-trimmed+3,10,t,0.0291
SARS-CoV2-5UTR-Amplicon-short-trimmed+3,11,g,0.1387
SARS-CoV2-5UTR-Amplicon-short-trimmed+3,12,t,0.0734
SARS-CoV2-5UTR-Amplicon-short-trimmed+3,13,t,0.0682
SARS-CoV2-5UTR-Amplicon-short-trimmed+3,14,c,0.0563
SARS-CoV2-5UTR-Amplicon-short-trimmed+3,15,t,0.1312
SARS-CoV2-5UTR-Amplicon-short-trimmed+3,16,c,0.0562
SARS-CoV2-5UTR-Amplicon-short-trimmed+3,17,t,0.0348
SARS-CoV2-5UTR-Amplicon-short-trimmed+3,18,a,0.0645
SARS-CoV2-5UTR-Amplicon-short-trimmed+3,19,a,0.0239
SARS-CoV2-5UTR-Amplicon-short-trimmed+3,20,a,0.0251
SARS-CoV2-5UTR-Amplicon-short-trimmed+3,21,c,0.0336
SARS-CoV2-5UTR-Amplicon-short-trimmed+3,22,g,0.0712
SARS-CoV2-5UTR-Amplicon-short-trimmed+3,23,a,0.0208
SARS-CoV2-5UTR-Amplicon-short-trimmed+3,24,a,0.0441
SARS-CoV2-5UTR-Amplicon-short-trimmed+3,25,c,2.7457
SARS-CoV2-5UTR-Amplicon-short-trimmed+3,26,t,0.2193
SARS-CoV2-5UTR-Amplicon-short-trimmed+3,27,t,0.1041
SARS-CoV2-5UTR-Amplicon-short-trimmed+3,28,t,0.0343
SARS-CoV2-5UTR-Amplicon-short-trimmed+3,29,a,0.0898
SARS-CoV2-5UTR-Amplicon-short-trimmed+3,30,a,0.0551
SARS-CoV2-5UTR-Amplicon-short-trimmed+3,31,a,0.0701
SARS-CoV2-5UTR-Amplicon-short-trimmed+3,32,a,0.0307
SARS-CoV2-5UTR-Amplicon-short-trimmed+3,33,t,0.0613
SARS-CoV2-5UTR-Amplicon-short-trimmed+3,34,c,0.0366
SARS-CoV2-5UTR-Amplicon-short-trimmed+3,35,t,0.0689
SARS-CoV2-5UTR-Amplicon-short-trimmed+3,36,g,0.0899
SARS-CoV2-5UTR-Amplicon-short-trimmed+3,37,t,0.0686
SARS-CoV2-5UTR-Amplicon-short-trimmed+3,38,g,0.0365
SARS-CoV2-5UTR-Amplicon-short-trimmed+3,39,t,0.0575
SARS-CoV2-5UTR-Amplicon-short-trimmed+3,40,g,0.0443
SARS-CoV2-5UTR-Amplicon-short-trimmed+3,41,g,0.113
SARS-CoV2-5UTR-Amplicon-short-trimmed+3,42,c,0.0858
SARS-CoV2-5UTR-Amplicon-short-trimmed+3,43,t,0.1238
SARS-CoV2-5UTR-Amplicon-short-trimmed+3,44,g,0.0892
SARS-CoV2-5UTR-Amplicon-short-trimmed+3,45,t,0.1378
SARS-CoV2-5UTR-Amplicon-short-trimmed+3,46,c,0.0392
SARS-CoV2-5UTR-Amplicon-short-trimmed+3,47,a,0.0452
SARS-CoV2-5UTR-Amplicon-short-trimmed+3,48,c,0.0542
SARS-CoV2-5UTR-Amplicon-short-trimmed+3,49,t,0.0545
SARS-CoV2-5UTR-Amplicon-short-trimmed+3,50,c,0.0641
SARS-CoV2-5UTR-Amplicon-short-trimmed+3,51,g,0.088
SARS-CoV2-5UTR-Amplicon-short-trimmed+3,52,g,0.2159
SARS-CoV2-5UTR-Amplicon-short-trimmed+3,53,c,0.11
SARS-CoV2-5UTR-Amplicon-short-trimmed+3,54,t,0.0747
SARS-CoV2-5UTR-Amplicon-short-trimmed+3,55,g,0.1542
SARS-CoV2-5UTR-Amplicon-short-trimmed+3,56,c,0.0903
SARS-CoV2-5UTR-Amplicon-short-trimmed+3,57,g,0.154
SARS-CoV2-5UTR-Amplicon-short-trimmed+3,58,t,0.0719
SARS-CoV2-5UTR-Amplicon-short-trimmed+3,59,g,0.1251
SARS-CoV2-5UTR-Amplicon-short-trimmed+3,60,c,0.1003
SARS-CoV2-5UTR-Amplicon-short-trimmed+3,61,t,0.106
SARS-CoV2-5UTR-Amplicon-short-trimmed+3,62,t,0.0485
SARS-CoV2-5UTR-Amplicon-short-trimmed+3,63,a,0.0548
SARS-CoV2-5UTR-Amplicon-short-trimmed+3,64,g,0.0694
SARS-CoV2-5UTR-Amplicon-short-trimmed+3,65,t,0.0489
SARS-CoV2-5UTR-Amplicon-short-trimmed+3,66,g,0.1224
SARS-CoV2-5UTR-Amplicon-short-trimmed+3,67,c,0.1623
SARS-CoV2-5UTR-Amplicon-short-trimmed+3,68,a,0.0552
SARS-CoV2-5UTR-Amplicon-short-trimmed+3,69,c,0.0672
SARS-CoV2-5UTR-Amplicon-short-trimmed+3,70,t,0.0746
SARS-CoV2-5UTR-Amplicon-short-trimmed+3,71,c,0.0355
SARS-CoV2-5UTR-Amplicon-short-trimmed+3,72,a,0.0555
SARS-CoV2-5UTR-Amplicon-short-trimmed+3,73,c,0.0656
SARS-CoV2-5UTR-Amplicon-short-trimmed+3,74,g,0.1406
SARS-CoV2-5UTR-Amplicon-short-trimmed+3,75,c,0.0448
SARS-CoV2-5UTR-Amplicon-short-trimmed+3,76,a,0.088
SARS-CoV2-5UTR-Amplicon-short-trimmed+3,77,g,0.0928
SARS-CoV2-5UTR-Amplicon-short-trimmed+3,78,t,0.0417
SARS-CoV2-5UTR-Amplicon-short-trimmed+3,79,a,0.0377
SARS-CoV2-5UTR-Amplicon-short-trimmed+3,80,t,0.025
SARS-CoV2-5UTR-Amplicon-short-trimmed+3,81,a,0.0303
SARS-CoV2-5UTR-Amplicon-short-trimmed+3,82,a,0.0585
SARS-CoV2-5UTR-Amplicon-short-trimmed+3,83,t,0.0362
SARS-CoV2-5UTR-Amplicon-short-trimmed+3,84,t,0.0642
SARS-CoV2-5UTR-Amplicon-short-trimmed+3,85,a,0.0792
SARS-CoV2-5UTR-Amplicon-short-trimmed+3,86,a,0.0474
SARS-CoV2-5UTR-Amplicon-short-trimmed+3,87,t,0.0277
SARS-CoV2-5UTR-Amplicon-short-trimmed+3,88,a,0.0445
SARS-CoV2-5UTR-Amplicon-short-trimmed+3,89,a,0.0583
SARS-CoV2-5UTR-Amplicon-short-trimmed+3,90,c,0.3014
SARS-CoV2-5UTR-Amplicon-short-trimmed+3,91,t,0.0879
SARS-CoV2-5UTR-Amplicon-short-trimmed+3,92,a,0.0508
SARS-CoV2-5UTR-Amplicon-short-trimmed+3,93,a,0.0489
SARS-CoV2-5UTR-Amplicon-short-trimmed+3,94,t,0.0555
SARS-CoV2-5UTR-Amplicon-short-trimmed+3,95,t,0.0455
SARS-CoV2-5UTR-Amplicon-short-trimmed+3,96,a,0.0454
SARS-CoV2-5UTR-Amplicon-short-trimmed+3,97,c,0.0414
SARS-CoV2-5UTR-Amplicon-short-trimmed+3,98,t,0.284
SARS-CoV2-5UTR-Amplicon-short-trimmed+3,99,g,0.0788
SARS-CoV2-5UTR-Amplicon-short-trimmed+3,100,t,0.1141
SARS-CoV2-5UTR-Amplicon-short-trimmed+3,101,c,0.0604
SARS-CoV2-5UTR-Amplicon-short-trimmed+3,102,g,0.0922
SARS-CoV2-5UTR-Amplicon-short-trimmed+3,103,t,0.078
SARS-CoV2-5UTR-Amplicon-short-trimmed+3,104,t,0.0905
SARS-CoV2-5UTR-Amplicon-short-trimmed+3,105,g,0.0612
SARS-CoV2-5UTR-Amplicon-short-trimmed+3,106,a,0.0549
SARS-CoV2-5UTR-Amplicon-short-trimmed+3,107,c,0.0844
SARS-CoV2-5UTR-Amplicon-short-trimmed+3,108,a,0.0955
SARS-CoV2-5UTR-Amplicon-short-trimmed+3,109,g,0.1182
SARS-CoV2-5UTR-Amplicon-short-trimmed+3,110,g,0.0858
SARS-CoV2-5UTR-Amplicon-short-trimmed+3,111,a,0.0382
SARS-CoV2-5UTR-Amplicon-short-trimmed+3,112,c,0.0752
SARS-CoV2-5UTR-Amplicon-short-trimmed+3,113,a,0.0604
SARS-CoV2-5UTR-Amplicon-short-trimmed+3,114,c,0.0861
SARS-CoV2-5UTR-Amplicon-short-trimmed+3,115,g,0.0569
SARS-CoV2-5UTR-Amplicon-short-trimmed+3,116,a,0.0831
SARS-CoV2-5UTR-Amplicon-short-trimmed+3,117,g,0.0622
SARS-CoV2-5UTR-Amplicon-short-trimmed+3,118,t,0.1564
SARS-CoV2-5UTR-Amplicon-short-trimmed+3,119,a,0.1432
SARS-CoV2-5UTR-Amplicon-short-trimmed+3,120,a,0.1118
SARS-CoV2-5UTR-Amplicon-short-trimmed+3,121,c,0.1759
SARS-CoV2-5UTR-Amplicon-short-trimmed+3,122,t,0.2012
SARS-CoV2-5UTR-Amplicon-short-trimmed+3,123,c,0.1961
SARS-CoV2-5UTR-Amplicon-short-trimmed+3,124,g,0.2011
SARS-CoV2-5UTR-Amplicon-short-trimmed+3,125,t,0.3255
SARS-CoV2-5UTR-Amplicon-short-trimmed+3,126,c,0.1155
SARS-CoV2-5UTR-Amplicon-short-trimmed+3,127,t,0.0879
SARS-CoV2-5UTR-Amplicon-short-trimmed+3,128,a,0.1167
SARS-CoV2-5UTR-Amplicon-short-trimmed+3,129,t,0.5139
SARS-CoV2-5UTR-Amplicon-short-trimmed+3,130,c,0.0738
SARS-CoV2-5UTR-Amplicon-short-trimmed+3,131,t,0.1003
SARS-CoV2-5UTR-Amplicon-short-trimmed+3,132,t,0.1726
SARS-CoV2-5UTR-Amplicon-short-trimmed+3,133,c,0.2412
SARS-CoV2-5UTR-Amplicon-short-trimmed+3,134,t,0.1865
SARS-CoV2-5UTR-Amplicon-short-trimmed+3,135,g,0.1463
SARS-CoV2-5UTR-Amplicon-short-trimmed+3,136,c,0.4119
SARS-CoV2-5UTR-Amplicon-short-trimmed+3,137,a,0.2127
SARS-CoV2-5UTR-Amplicon-short-trimmed+3,138,g,0.0959
SARS-CoV2-5UTR-Amplicon-short-trimmed+3,139,g,0.2701
SARS-CoV2-5UTR-Amplicon-short-trimmed+3,140,c,0.1172
SARS-CoV2-5UTR-Amplicon-short-trimmed+3,141,t,0.3023
SARS-CoV2-5UTR-Amplicon-short-trimmed+3,142,g,0.4064
SARS-CoV2-5UTR-Amplicon-short-trimmed+3,143,c,0.1205
SARS-CoV2-5UTR-Amplicon-short-trimmed+3,144,t,0.0972
SARS-CoV2-5UTR-Amplicon-short-trimmed+3,145,t,0.1309
SARS-CoV2-5UTR-Amplicon-short-trimmed+3,146,a,0.1778
SARS-CoV2-5UTR-Amplicon-short-trimmed+3,147,c,0.1683
SARS-CoV2-5UTR-Amplicon-short-trimmed+3,148,g,0.3606
SARS-CoV2-5UTR-Amplicon-short-trimmed+3,149,g,0.2013
SARS-CoV2-5UTR-Amplicon-short-trimmed+3,150,t,0.1537
SARS-CoV2-5UTR-Amplicon-short-trimmed+3,151,t,0.1403
SARS-CoV2-5UTR-Amplicon-short-trimmed+3,152,t,0.2088
SARS-CoV2-5UTR-Amplicon-short-trimmed+3,153,c,0.1995
SARS-CoV2-5UTR-Amplicon-short-trimmed+3,154,g,0.0805
SARS-CoV2-5UTR-Amplicon-short-trimmed+3,155,t,0.3338
SARS-CoV2-5UTR-Amplicon-short-trimmed+3,156,c,0.211
SARS-CoV2-5UTR-Amplicon-short-trimmed+3,157,c,0.1953
SARS-CoV2-5UTR-Amplicon-short-trimmed+3,158,g,0.1129
SARS-CoV2-5UTR-Amplicon-short-trimmed+3,159,t,1.3006
SARS-CoV2-5UTR-Amplicon-short-trimmed+3,160,g,0.0941
SARS-CoV2-5UTR-Amplicon-short-trimmed+3,161,t,0.1392
SARS-CoV2-5UTR-Amplicon-short-trimmed+3,162,t,0.1711
SARS-CoV2-5UTR-Amplicon-short-trimmed+3,163,g,0.1373
SARS-CoV2-5UTR-Amplicon-short-trimmed+3,164,c,0.2636
SARS-CoV2-5UTR-Amplicon-short-trimmed+3,165,a,0.376
SARS-CoV2-5UTR-Amplicon-short-trimmed+3,166,g,0.5956
SARS-CoV2-5UTR-Amplicon-short-trimmed+3,167,c,0.3052
SARS-CoV2-5UTR-Amplicon-short-trimmed+3,168,c,0.5218
SARS-CoV2-5UTR-Amplicon-short-trimmed+3,169,g,0.1061
SARS-CoV2-5UTR-Amplicon-short-trimmed+3,170,a,0.1248
SARS-CoV2-5UTR-Amplicon-short-trimmed+3,171,t,0.1307
SARS-CoV2-5UTR-Amplicon-short-trimmed+3,172,c,0.176
SARS-CoV2-5UTR-Amplicon-short-trimmed+3,173,a,0.0714
SARS-CoV2-5UTR-Amplicon-short-trimmed+3,174,t,0.0916
SARS-CoV2-5UTR-Amplicon-short-trimmed+3,175,c,0.2029
SARS-CoV2-5UTR-Amplicon-short-trimmed+3,176,a,0.1457
SARS-CoV2-5UTR-Amplicon-short-trimmed+3,177,g,0.1421
SARS-CoV2-5UTR-Amplicon-short-trimmed+3,178,c,0.5459
SARS-CoV2-5UTR-Amplicon-short-trimmed+3,179,a,0.1194
SARS-CoV2-5UTR-Amplicon-short-trimmed+3,180,c,0.0932
SARS-CoV2-5UTR-Amplicon-short-trimmed+3,181,a,0.0969
SARS-CoV2-5UTR-Amplicon-short-trimmed+3,182,t,0.1531
SARS-CoV2-5UTR-Amplicon-short-trimmed+3,183,c,0.0812
SARS-CoV2-5UTR-Amplicon-short-trimmed+3,184,t,0.1058
SARS-CoV2-5UTR-Amplicon-short-trimmed+3,185,a,0.188
SARS-CoV2-5UTR-Amplicon-short-trimmed+3,186,g,0.0837
SARS-CoV2-5UTR-Amplicon-short-trimmed+3,187,g,0.1106
SARS-CoV2-5UTR-Amplicon-short-trimmed+3,188,t,0.1519
SARS-CoV2-5UTR-Amplicon-short-trimmed+3,189,t,0.2873
SARS-CoV2-5UTR-Amplicon-short-trimmed+3,190,t,0.3765
SARS-CoV2-5UTR-Amplicon-short-trimmed+3,191,c,0.1534
SARS-CoV2-5UTR-Amplicon-short-trimmed+3,192,g,0.0876
SARS-CoV2-5UTR-Amplicon-short-trimmed+3,193,t,1.1004
SARS-CoV2-5UTR-Amplicon-short-trimmed+3,194,c,0.1291
SARS-CoV2-5UTR-Amplicon-short-trimmed+3,195,c,0.1943
SARS-CoV2-5UTR-Amplicon-short-trimmed+3,196,g,0.3406
SARS-CoV2-5UTR-Amplicon-short-trimmed+3,197,g,0.1642
SARS-CoV2-5UTR-Amplicon-short-trimmed+3,198,g,0.4564
SARS-CoV2-5UTR-Amplicon-short-trimmed+3,199,t,0.2513
SARS-CoV2-5UTR-Amplicon-short-trimmed+3,200,g,0.098
SARS-CoV2-5UTR-Amplicon-short-trimmed+3,201,t,0.1448
SARS-CoV2-5UTR-Amplicon-short-trimmed+3,202,g,0.1162
SARS-CoV2-5UTR-Amplicon-short-trimmed+3,203,a,0.3053
SARS-CoV2-5UTR-Amplicon-short-trimmed+3,204,c,0.1268
SARS-CoV2-5UTR-Amplicon-short-trimmed+3,205,c,0.1004
SARS-CoV2-5UTR-Amplicon-short-trimmed+3,206,g,0.0887
SARS-CoV2-5UTR-Amplicon-short-trimmed+3,207,a,0.1138
SARS-CoV2-5UTR-Amplicon-short-trimmed+3,208,a,0.0666
SARS-CoV2-5UTR-Amplicon-short-trimmed+3,209,a,0.1649
SARS-CoV2-5UTR-Amplicon-short-trimmed+3,210,g,0.127
SARS-CoV2-5UTR-Amplicon-short-trimmed+3,211,g,0.1542
SARS-CoV2-5UTR-Amplicon-short-trimmed+3,212,t,0.1373
SARS-CoV2-5UTR-Amplicon-short-trimmed+3,213,a,0.0714
SARS-CoV2-5UTR-Amplicon-short-trimmed+3,214,a,0.0913
SARS-CoV2-5UTR-Amplicon-short-trimmed+3,215,g,0.077
SARS-CoV2-5UTR-Amplicon-short-trimmed+3,216,a,0.0481
SARS-CoV2-5UTR-Amplicon-short-trimmed+3,217,t,0.1188
SARS-CoV2-5UTR-Amplicon-short-trimmed+3,218,g,0.066
SARS-CoV2-5UTR-Amplicon-short-trimmed+3,219,g,0.0741
SARS-CoV2-5UTR-Amplicon-short-trimmed+3,220,a,0.2368
SARS-CoV2-5UTR-Amplicon-short-trimmed+3,221,g,0.1436
SARS-CoV2-5UTR-Amplicon-short-trimmed+3,222,a,0.0778
SARS-CoV2-5UTR-Amplicon-short-trimmed+3,223,g,0.2169
SARS-CoV2-5UTR-Amplicon-short-trimmed+3,224,c,0.1005
SARS-CoV2-5UTR-Amplicon-short-trimmed+3,225,c,0.0853
SARS-CoV2-5UTR-Amplicon-short-trimmed+3,226,t,0.0699
SARS-CoV2-5UTR-Amplicon-short-trimmed+3,227,t,0.3201
SARS-CoV2-5UTR-Amplicon-short-trimmed+3,228,g,0.0539
SARS-CoV2-5UTR-Amplicon-short-trimmed+3,229,t,0.1634
SARS-CoV2-5UTR-Amplicon-short-trimmed+3,230,c,0.0656
SARS-CoV2-5UTR-Amplicon-short-trimmed+3,231,c,0.058
SARS-CoV2-5UTR-Amplicon-short-trimmed+3,232,c,0.1005
SARS-CoV2-5UTR-Amplicon-short-trimmed+3,233,t,0.188
SARS-CoV2-5UTR-Amplicon-short-trimmed+3,234,g,0.0989
SARS-CoV2-5UTR-Amplicon-short-trimmed+3,235,g,0.2181
SARS-CoV2-5UTR-Amplicon-short-trimmed+3,236,t,0.0768
SARS-CoV2-5UTR-Amplicon-short-trimmed+3,237,t,0.0585
SARS-CoV2-5UTR-Amplicon-short-trimmed+3,238,t,0.1408
SARS-CoV2-5UTR-Amplicon-short-trimmed+3,239,c,0.5701
SARS-CoV2-5UTR-Amplicon-short-trimmed+3,240,a,0.0968
SARS-CoV2-5UTR-Amplicon-short-trimmed+3,241,a,0.0737
SARS-CoV2-5UTR-Amplicon-short-trimmed+3,242,c,0.0911
SARS-CoV2-5UTR-Amplicon-short-trimmed+3,243,g,0.0334
SARS-CoV2-5UTR-Amplicon-short-trimmed+3,244,a,0.1947
SARS-CoV2-5UTR-Amplicon-short-trimmed+3,245,g,1e-04
SARS-CoV2-5UTR-Amplicon-short-trimmed+3,246,g,0
SARS-CoV2-5UTR-Amplicon-short-trimmed+3,247,G,0
SARS-CoV2-5UTR-Amplicon-short-trimmed+3,248,A,0
SARS-CoV2-5UTR-Amplicon-short-trimmed+3,249,G,0
