Region,Position,Ref_base,Mut_percentage
SARS-CoV2-5UTR-Amplicon-short-trimmed+3,1,T,0
SARS-CoV2-5UTR-Amplicon-short-trimmed+3,2,T,0
SARS-CoV2-5UTR-Amplicon-short-trimmed+3,3,G,0
SARS-CoV2-5UTR-Amplicon-short-trimmed+3,4,t,0
SARS-CoV2-5UTR-Amplicon-short-trimmed+3,5,a,0
SARS-CoV2-5UTR-Amplicon-short-trimmed+3,6,g,0.0592
SARS-CoV2-5UTR-Amplicon-short-trimmed+3,7,a,0.0259
SARS-CoV2-5UTR-Amplicon-short-trimmed+3,8,t,0.0793
SARS-CoV2-5UTR-Amplicon-short-trimmed+3,9,c,0.0685
SARS-CoV2-5UTR-Amplicon-short-trimmed+3,10,t,0.0448
SARS-CoV2-5UTR-Amplicon-short-trimmed+3,11,g,0.1749
SARS-CoV2-5UTR-Amplicon-short-trimmed+3,12,t,0.072
SARS-CoV2-5UTR-Amplicon-short-trimmed+3,13,t,0.0748
SARS-CoV2-5UTR-Amplicon-short-trimmed+3,14,c,0.0569
SARS-CoV2-5UTR-Amplicon-short-trimmed+3,15,t,0.1149
SARS-CoV2-5UTR-Amplicon-short-trimmed+3,16,c,0.0627
SARS-CoV2-5UTR-Amplicon-short-trimmed+3,17,t,0.0377
SARS-CoV2-5UTR-Amplicon-short-trimmed+3,18,a,0.0732
SARS-CoV2-5UTR-Amplicon-short-trimmed+3,19,a,0.014
SARS-CoV2-5UTR-Amplicon-short-trimmed+3,20,a,0.0242
SARS-CoV2-5UTR-Amplicon-short-trimmed+3,21,c,0.0319
SARS-CoV2-5UTR-Amplicon-short-trimmed+3,22,g,0.0536
SARS-CoV2-5UTR-Amplicon-short-trimmed+3,23,a,0.0197
SARS-CoV2-5UTR-Amplicon-short-trimmed+3,24,a,0.044
SARS-CoV2-5UTR-Amplicon-short-trimmed+3,25,c,2.2755
SARS-CoV2-5UTR-Amplicon-short-trimmed+3,26,t,0.2003
SARS-CoV2-5UTR-Amplicon-short-trimmed+3,27,t,0.104
SARS-CoV2-5UTR-Amplicon-short-trimmed+3,28,t,0.0284
SARS-CoV2-5UTR-Amplicon-short-trimmed+3,29,a,0.0783
SARS-CoV2-5UTR-Amplicon-short-trimmed+3,30,a,0.0418
SARS-CoV2-5UTR-Amplicon-short-trimmed+3,31,a,0.0635
SARS-CoV2-5UTR-Amplicon-short-trimmed+3,32,a,0.0331
SARS-CoV2-5UTR-Amplicon-short-trimmed+3,33,t,0.065
SARS-CoV2-5UTR-Amplicon-short-trimmed+3,34,c,0.0372
SARS-CoV2-5UTR-Amplicon-short-trimmed+3,35,t,0.0586
SARS-CoV2-5UTR-Amplicon-short-trimmed+3,36,g,0.081
SARS-CoV2-5UTR-Amplicon-short-trimmed+3,37,t,0.0667
SARS-CoV2-5UTR-Amplicon-short-trimmed+3,38,g,0.0361
SARS-CoV2-5UTR-Amplicon-short-trimmed+3,39,t,0.0563
SARS-CoV2-5UTR-Amplicon-short-trimmed+3,40,g,0.0507
SARS-CoV2-5UTR-Amplicon-short-trimmed+3,41,g,0.1303
SARS-CoV2-5UTR-Amplicon-short-trimmed+3,42,c,0.086
SARS-CoV2-5UTR-Amplicon-short-trimmed+3,43,t,0.1384
SARS-CoV2-5UTR-Amplicon-short-trimmed+3,44,g,0.0887
SARS-CoV2-5UTR-Amplicon-short-trimmed+3,45,t,0.1389
SARS-CoV2-5UTR-Amplicon-short-trimmed+3,46,c,0.035
SARS-CoV2-5UTR-Amplicon-short-trimmed+3,47,a,0.0328
SARS-CoV2-5UTR-Amplicon-short-trimmed+3,48,c,0.0449
SARS-CoV2-5UTR-Amplicon-short-trimmed+3,49,t,0.0513
SARS-CoV2-5UTR-Amplicon-short-trimmed+3,50,c,0.0614
SARS-CoV2-5UTR-Amplicon-short-trimmed+3,51,g,0.0853
SARS-CoV2-5UTR-Amplicon-short-trimmed+3,52,g,0.2038
SARS-CoV2-5UTR-Amplicon-short-trimmed+3,53,c,0.1345
SARS-CoV2-5UTR-Amplicon-short-trimmed+3,54,t,0.0842
SARS-CoV2-5UTR-Amplicon-short-trimmed+3,55,g,0.1836
SARS-CoV2-5UTR-Amplicon-short-trimmed+3,56,c,0.0929
SARS-CoV2-5UTR-Amplicon-short-trimmed+3,57,g,0.189
SARS-CoV2-5UTR-Amplicon-short-trimmed+3,58,t,0.0759
SARS-CoV2-5UTR-Amplicon-short-trimmed+3,59,g,0.1373
SARS-CoV2-5UTR-Amplicon-short-trimmed+3,60,c,0.0893
SARS-CoV2-5UTR-Amplicon-short-trimmed+3,61,t,0.1073
SARS-CoV2-5UTR-Amplicon-short-trimmed+3,62,t,0.0459
SARS-CoV2-5UTR-Amplicon-short-trimmed+3,63,a,0.0475
SARS-CoV2-5UTR-Amplicon-short-trimmed+3,64,g,0.065
SARS-CoV2-5UTR-Amplicon-short-trimmed+3,65,t,0.0582
SARS-CoV2-5UTR-Amplicon-short-trimmed+3,66,g,0.1348
SARS-CoV2-5UTR-Amplicon-short-trimmed+3,67,c,0.1602
SARS-CoV2-5UTR-Amplicon-short-trimmed+3,68,a,0.0548
SARS-CoV2-5UTR-Amplicon-short-trimmed+3,69,c,0.0721
SARS-CoV2-5UTR-Amplicon-short-trimmed+3,70,t,0.0679
SARS-CoV2-5UTR-Amplicon-short-trimmed+3,71,c,0.0433
SARS-CoV2-5UTR-Amplicon-short-trimmed+3,72,a,0.0526
SARS-CoV2-5UTR-Amplicon-short-trimmed+3,73,c,0.0605
SARS-CoV2-5UTR-Amplicon-short-trimmed+3,74,g,0.1193
SARS-CoV2-5UTR-Amplicon-short-trimmed+3,75,c,0.0317
SARS-CoV2-5UTR-Amplicon-short-trimmed+3,76,a,0.0809
SARS-CoV2-5UTR-Amplicon-short-trimmed+3,77,g,0.097
SARS-CoV2-5UTR-Amplicon-short-trimmed+3,78,t,0.0389
SARS-CoV2-5UTR-Amplicon-short-trimmed+3,79,a,0.0309
SARS-CoV2-5UTR-Amplicon-short-trimmed+3,80,t,0.0234
SARS-CoV2-5UTR-Amplicon-short-trimmed+3,81,a,0.0316
SARS-CoV2-5UTR-Amplicon-short-trimmed+3,82,a,0.0562
SARS-CoV2-5UTR-Amplicon-short-trimmed+3,83,t,0.0357
SARS-CoV2-5UTR-Amplicon-short-trimmed+3,84,t,0.0576
SARS-CoV2-5UTR-Amplicon-short-trimmed+3,85,a,0.0768
SARS-CoV2-5UTR-Amplicon-short-trimmed+3,86,a,0.0605
SARS-CoV2-5UTR-Amplicon-short-trimmed+3,87,t,0.034
SARS-CoV2-5UTR-Amplicon-short-trimmed+3,88,a,0.0459
SARS-CoV2-5UTR-Amplicon-short-trimmed+3,89,a,0.0567
SARS-CoV2-5UTR-Amplicon-short-trimmed+3,90,c,0.3033
SARS-CoV2-5UTR-Amplicon-short-trimmed+3,91,t,0.0835
SARS-CoV2-5UTR-Amplicon-short-trimmed+3,92,a,0.0434
SARS-CoV2-5UTR-Amplicon-short-trimmed+3,93,a,0.0373
SARS-CoV2-5UTR-Amplicon-short-trimmed+3,94,t,0.0446
SARS-CoV2-5UTR-Amplicon-short-trimmed+3,95,t,0.0377
SARS-CoV2-5UTR-Amplicon-short-trimmed+3,96,a,0.0465
SARS-CoV2-5UTR-Amplicon-short-trimmed+3,97,c,0.0427
SARS-CoV2-5UTR-Amplicon-short-trimmed+3,98,t,0.3092
SARS-CoV2-5UTR-Amplicon-short-trimmed+3,99,g,0.0956
SARS-CoV2-5UTR-Amplicon-short-trimmed+3,100,t,0.1012
SARS-CoV2-5UTR-Amplicon-short-trimmed+3,101,c,0.0608
SARS-CoV2-5UTR-Amplicon-short-trimmed+3,102,g,0.0929
SARS-CoV2-5UTR-Amplicon-short-trimmed+3,103,t,0.0684
SARS-CoV2-5UTR-Amplicon-short-trimmed+3,104,t,0.0941
SARS-CoV2-5UTR-Amplicon-short-trimmed+3,105,g,0.0725
SARS-CoV2-5UTR-Amplicon-short-trimmed+3,106,a,0.0613
SARS-CoV2-5UTR-Amplicon-short-trimmed+3,107,c,0.0828
SARS-CoV2-5UTR-Amplicon-short-trimmed+3,108,a,0.0937
SARS-CoV2-5UTR-Amplicon-short-trimmed+3,109,g,0.1083
SARS-CoV2-5UTR-Amplicon-short-trimmed+3,110,g,0.1057
SARS-CoV2-5UTR-Amplicon-short-trimmed+3,111,a,0.046
SARS-CoV2-5UTR-Amplicon-short-trimmed+3,112,c,0.0778
SARS-CoV2-5UTR-Amplicon-short-trimmed+3,113,a,0.056
SARS-CoV2-5UTR-Amplicon-short-trimmed+3,114,c,0.103
SARS-CoV2-5UTR-Amplicon-short-trimmed+3,115,g,0.0621
SARS-CoV2-5UTR-Amplicon-short-trimmed+3,116,a,0.0638
SARS-CoV2-5UTR-Amplicon-short-trimmed+3,117,g,0.0586
SARS-CoV2-5UTR-Amplicon-short-trimmed+3,118,t,0.1309
SARS-CoV2-5UTR-Amplicon-short-trimmed+3,119,a,0.1281
SARS-CoV2-5UTR-Amplicon-short-trimmed+3,120,a,0.0901
SARS-CoV2-5UTR-Amplicon-short-trimmed+3,121,c,0.1681
SARS-CoV2-5UTR-Amplicon-short-trimmed+3,122,t,0.1767
SARS-CoV2-5UTR-Amplicon-short-trimmed+3,123,c,0.1808
SARS-CoV2-5UTR-Amplicon-short-trimmed+3,124,g,0.1825
SARS-CoV2-5UTR-Amplicon-short-trimmed+3,125,t,0.2855
SARS-CoV2-5UTR-Amplicon-short-trimmed+3,126,c,0.1194
SARS-CoV2-5UTR-Amplicon-short-trimmed+3,127,t,0.0717
SARS-CoV2-5UTR-Amplicon-short-trimmed+3,128,a,0.1031
SARS-CoV2-5UTR-Amplicon-short-trimmed+3,129,t,0.4358
SARS-CoV2-5UTR-Amplicon-short-trimmed+3,130,c,0.0763
SARS-CoV2-5UTR-Amplicon-short-trimmed+3,131,t,0.097
SARS-CoV2-5UTR-Amplicon-short-trimmed+3,132,t,0.1555
SARS-CoV2-5UTR-Amplicon-short-trimmed+3,133,c,0.2269
SARS-CoV2-5UTR-Amplicon-short-trimmed+3,134,t,0.1627
SARS-CoV2-5UTR-Amplicon-short-trimmed+3,135,g,0.1354
SARS-CoV2-5UTR-Amplicon-short-trimmed+3,136,c,0.4012
SARS-CoV2-5UTR-Amplicon-short-trimmed+3,137,a,0.1893
SARS-CoV2-5UTR-Amplicon-short-trimmed+3,138,g,0.079
SARS-CoV2-5UTR-Amplicon-short-trimmed+3,139,g,0.2384
SARS-CoV2-5UTR-Amplicon-short-trimmed+3,140,c,0.114
SARS-CoV2-5UTR-Amplicon-short-trimmed+3,141,t,0.2544
SARS-CoV2-5UTR-Amplicon-short-trimmed+3,142,g,0.3808
SARS-CoV2-5UTR-Amplicon-short-trimmed+3,143,c,0.1039
SARS-CoV2-5UTR-Amplicon-short-trimmed+3,144,t,0.0939
SARS-CoV2-5UTR-Amplicon-short-trimmed+3,145,t,0.107
SARS-CoV2-5UTR-Amplicon-short-trimmed+3,146,a,0.1535
SARS-CoV2-5UTR-Amplicon-short-trimmed+3,147,c,0.154
SARS-CoV2-5UTR-Amplicon-short-trimmed+3,148,g,0.3423
SARS-CoV2-5UTR-Amplicon-short-trimmed+3,149,g,0.1532
SARS-CoV2-5UTR-Amplicon-short-trimmed+3,150,t,0.1413
SARS-CoV2-5UTR-Amplicon-short-trimmed+3,151,t,0.123
SARS-CoV2-5UTR-Amplicon-short-trimmed+3,152,t,0.1933
SARS-CoV2-5UTR-Amplicon-short-trimmed+3,153,c,0.1923
SARS-CoV2-5UTR-Amplicon-short-trimmed+3,154,g,0.0807
SARS-CoV2-5UTR-Amplicon-short-trimmed+3,155,t,0.3073
SARS-CoV2-5UTR-Amplicon-short-trimmed+3,156,c,0.1868
SARS-CoV2-5UTR-Amplicon-short-trimmed+3,157,c,0.1889
SARS-CoV2-5UTR-Amplicon-short-trimmed+3,158,g,0.101
SARS-CoV2-5UTR-Amplicon-short-trimmed+3,159,t,1.1176
SARS-CoV2-5UTR-Amplicon-short-trimmed+3,160,g,0.0825
SARS-CoV2-5UTR-Amplicon-short-trimmed+3,161,t,0.1229
SARS-CoV2-5UTR-Amplicon-short-trimmed+3,162,t,0.1611
SARS-CoV2-5UTR-Amplicon-short-trimmed+3,163,g,0.1081
SARS-CoV2-5UTR-Amplicon-short-trimmed+3,164,c,0.2365
SARS-CoV2-5UTR-Amplicon-short-trimmed+3,165,a,0.2354
SARS-CoV2-5UTR-Amplicon-short-trimmed+3,166,g,0.4043
SARS-CoV2-5UTR-Amplicon-short-trimmed+3,167,c,0.2882
SARS-CoV2-5UTR-Amplicon-short-trimmed+3,168,c,0.5584
SARS-CoV2-5UTR-Amplicon-short-trimmed+3,169,g,0.1051
SARS-CoV2-5UTR-Amplicon-short-trimmed+3,170,a,0.1103
SARS-CoV2-5UTR-Amplicon-short-trimmed+3,171,t,0.1255
SARS-CoV2-5UTR-Amplicon-short-trimmed+3,172,c,0.1709
SARS-CoV2-5UTR-Amplicon-short-trimmed+3,173,a,0.0563
SARS-CoV2-5UTR-Amplicon-short-trimmed+3,174,t,0.095
SARS-CoV2-5UTR-Amplicon-short-trimmed+3,175,c,0.2056
SARS-CoV2-5UTR-Amplicon-short-trimmed+3,176,a,0.128
SARS-CoV2-5UTR-Amplicon-short-trimmed+3,177,g,0.1253
SARS-CoV2-5UTR-Amplicon-short-trimmed+3,178,c,0.5767
SARS-CoV2-5UTR-Amplicon-short-trimmed+3,179,a,0.0972
SARS-CoV2-5UTR-Amplicon-short-trimmed+3,180,c,0.0917
SARS-CoV2-5UTR-Amplicon-short-trimmed+3,181,a,0.0749
SARS-CoV2-5UTR-Amplicon-short-trimmed+3,182,t,0.1273
SARS-CoV2-5UTR-Amplicon-short-trimmed+3,183,c,0.0727
SARS-CoV2-5UTR-Amplicon-short-trimmed+3,184,t,0.0872
SARS-CoV2-5UTR-Amplicon-short-trimmed+3,185,a,0.1695
SARS-CoV2-5UTR-Amplicon-short-trimmed+3,186,g,0.0859
SARS-CoV2-5UTR-Amplicon-short-trimmed+3,187,g,0.1008
SARS-CoV2-5UTR-Amplicon-short-trimmed+3,188,t,0.1291
SARS-CoV2-5UTR-Amplicon-short-trimmed+3,189,t,0.255
SARS-CoV2-5UTR-Amplicon-short-trimmed+3,190,t,0.3118
SARS-CoV2-5UTR-Amplicon-short-trimmed+3,191,c,0.1383
SARS-CoV2-5UTR-Amplicon-short-trimmed+3,192,g,0.0746
SARS-CoV2-5UTR-Amplicon-short-trimmed+3,193,t,1.0018
SARS-CoV2-5UTR-Amplicon-short-trimmed+3,194,c,0.131
SARS-CoV2-5UTR-Amplicon-short-trimmed+3,195,c,0.1713
SARS-CoV2-5UTR-Amplicon-short-trimmed+3,196,g,0.3471
SARS-CoV2-5UTR-Amplicon-short-trimmed+3,197,g,0.1474
SARS-CoV2-5UTR-Amplicon-short-trimmed+3,198,g,0.4953
SARS-CoV2-5UTR-Amplicon-short-trimmed+3,199,t,0.2314
SARS-CoV2-5UTR-Amplicon-short-trimmed+3,200,g,0.0809
SARS-CoV2-5UTR-Amplicon-short-trimmed+3,201,t,0.1302
SARS-CoV2-5UTR-Amplicon-short-trimmed+3,202,g,0.0986
SARS-CoV2-5UTR-Amplicon-short-trimmed+3,203,a,0.2819
SARS-CoV2-5UTR-Amplicon-short-trimmed+3,204,c,0.1157
SARS-CoV2-5UTR-Amplicon-short-trimmed+3,205,c,0.0985
SARS-CoV2-5UTR-Amplicon-short-trimmed+3,206,g,0.0917
SARS-CoV2-5UTR-Amplicon-short-trimmed+3,207,a,0.1097
SARS-CoV2-5UTR-Amplicon-short-trimmed+3,208,a,0.0596
SARS-CoV2-5UTR-Amplicon-short-trimmed+3,209,a,0.1477
SARS-CoV2-5UTR-Amplicon-short-trimmed+3,210,g,0.117
SARS-CoV2-5UTR-Amplicon-short-trimmed+3,211,g,0.1324
SARS-CoV2-5UTR-Amplicon-short-trimmed+3,212,t,0.1207
SARS-CoV2-5UTR-Amplicon-short-trimmed+3,213,a,0.059
SARS-CoV2-5UTR-Amplicon-short-trimmed+3,214,a,0.0791
SARS-CoV2-5UTR-Amplicon-short-trimmed+3,215,g,0.0683
SARS-CoV2-5UTR-Amplicon-short-trimmed+3,216,a,0.0499
SARS-CoV2-5UTR-Amplicon-short-trimmed+3,217,t,0.1144
SARS-CoV2-5UTR-Amplicon-short-trimmed+3,218,g,0.0609
SARS-CoV2-5UTR-Amplicon-short-trimmed+3,219,g,0.0818
SARS-CoV2-5UTR-Amplicon-short-trimmed+3,220,a,0.2303
SARS-CoV2-5UTR-Amplicon-short-trimmed+3,221,g,0.1566
SARS-CoV2-5UTR-Amplicon-short-trimmed+3,222,a,0.0737
SARS-CoV2-5UTR-Amplicon-short-trimmed+3,223,g,0.2014
SARS-CoV2-5UTR-Amplicon-short-trimmed+3,224,c,0.0859
SARS-CoV2-5UTR-Amplicon-short-trimmed+3,225,c,0.0829
SARS-CoV2-5UTR-Amplicon-short-trimmed+3,226,t,0.0563
SARS-CoV2-5UTR-Amplicon-short-trimmed+3,227,t,0.2833
SARS-CoV2-5UTR-Amplicon-short-trimmed+3,228,g,0.0534
SARS-CoV2-5UTR-Amplicon-short-trimmed+3,229,t,0.1346
SARS-CoV2-5UTR-Amplicon-short-trimmed+3,230,c,0.0595
SARS-CoV2-5UTR-Amplicon-short-trimmed+3,231,c,0.0601
SARS-CoV2-5UTR-Amplicon-short-trimmed+3,232,c,0.1013
SARS-CoV2-5UTR-Amplicon-short-trimmed+3,233,t,0.1677
SARS-CoV2-5UTR-Amplicon-short-trimmed+3,234,g,0.0818
SARS-CoV2-5UTR-Amplicon-short-trimmed+3,235,g,0.1493
SARS-CoV2-5UTR-Amplicon-short-trimmed+3,236,t,0.0585
SARS-CoV2-5UTR-Amplicon-short-trimmed+3,237,t,0.0529
SARS-CoV2-5UTR-Amplicon-short-trimmed+3,238,t,0.1243
SARS-CoV2-5UTR-Amplicon-short-trimmed+3,239,c,0.5865
SARS-CoV2-5UTR-Amplicon-short-trimmed+3,240,a,0.0851
SARS-CoV2-5UTR-Amplicon-short-trimmed+3,241,a,0.0682
SARS-CoV2-5UTR-Amplicon-short-trimmed+3,242,c,0.0794
SARS-CoV2-5UTR-Amplicon-short-trimmed+3,243,g,0.0284
SARS-CoV2-5UTR-Amplicon-short-trimmed+3,244,a,0.1917
SARS-CoV2-5UTR-Amplicon-short-trimmed+3,245,g,0
SARS-CoV2-5UTR-Amplicon-short-trimmed+3,246,g,0
SARS-CoV2-5UTR-Amplicon-short-trimmed+3,247,G,0
SARS-CoV2-5UTR-Amplicon-short-trimmed+3,248,A,0
SARS-CoV2-5UTR-Amplicon-short-trimmed+3,249,G,0
