Region,Position,Ref_base,Mut_percentage
SARS-CoV2-5UTR-Amplicon-short-trimmed+3,1,T,0
SARS-CoV2-5UTR-Amplicon-short-trimmed+3,2,T,0
SARS-CoV2-5UTR-Amplicon-short-trimmed+3,3,G,0
SARS-CoV2-5UTR-Amplicon-short-trimmed+3,4,t,0
SARS-CoV2-5UTR-Amplicon-short-trimmed+3,5,a,0
SARS-CoV2-5UTR-Amplicon-short-trimmed+3,6,g,0.0493
SARS-CoV2-5UTR-Amplicon-short-trimmed+3,7,a,0.0253
SARS-CoV2-5UTR-Amplicon-short-trimmed+3,8,t,0.0722
SARS-CoV2-5UTR-Amplicon-short-trimmed+3,9,c,0.0515
SARS-CoV2-5UTR-Amplicon-short-trimmed+3,10,t,0.0323
SARS-CoV2-5UTR-Amplicon-short-trimmed+3,11,g,0.1452
SARS-CoV2-5UTR-Amplicon-short-trimmed+3,12,t,0.0759
SARS-CoV2-5UTR-Amplicon-short-trimmed+3,13,t,0.0689
SARS-CoV2-5UTR-Amplicon-short-trimmed+3,14,c,0.0548
SARS-CoV2-5UTR-Amplicon-short-trimmed+3,15,t,0.1013
SARS-CoV2-5UTR-Amplicon-short-trimmed+3,16,c,0.058
SARS-CoV2-5UTR-Amplicon-short-trimmed+3,17,t,0.0374
SARS-CoV2-5UTR-Amplicon-short-trimmed+3,18,a,0.0795
SARS-CoV2-5UTR-Amplicon-short-trimmed+3,19,a,0.017
SARS-CoV2-5UTR-Amplicon-short-trimmed+3,20,a,0.0229
SARS-CoV2-5UTR-Amplicon-short-trimmed+3,21,c,0.0356
SARS-CoV2-5UTR-Amplicon-short-trimmed+3,22,g,0.054
SARS-CoV2-5UTR-Amplicon-short-trimmed+3,23,a,0.0206
SARS-CoV2-5UTR-Amplicon-short-trimmed+3,24,a,0.0402
SARS-CoV2-5UTR-Amplicon-short-trimmed+3,25,c,2.3281
SARS-CoV2-5UTR-Amplicon-short-trimmed+3,26,t,0.1747
SARS-CoV2-5UTR-Amplicon-short-trimmed+3,27,t,0.1044
SARS-CoV2-5UTR-Amplicon-short-trimmed+3,28,t,0.0392
SARS-CoV2-5UTR-Amplicon-short-trimmed+3,29,a,0.0755
SARS-CoV2-5UTR-Amplicon-short-trimmed+3,30,a,0.0437
SARS-CoV2-5UTR-Amplicon-short-trimmed+3,31,a,0.0659
SARS-CoV2-5UTR-Amplicon-short-trimmed+3,32,a,0.0342
SARS-CoV2-5UTR-Amplicon-short-trimmed+3,33,t,0.065
SARS-CoV2-5UTR-Amplicon-short-trimmed+3,34,c,0.0315
SARS-CoV2-5UTR-Amplicon-short-trimmed+3,35,t,0.0674
SARS-CoV2-5UTR-Amplicon-short-trimmed+3,36,g,0.084
SARS-CoV2-5UTR-Amplicon-short-trimmed+3,37,t,0.0653
SARS-CoV2-5UTR-Amplicon-short-trimmed+3,38,g,0.0315
SARS-CoV2-5UTR-Amplicon-short-trimmed+3,39,t,0.0578
SARS-CoV2-5UTR-Amplicon-short-trimmed+3,40,g,0.0456
SARS-CoV2-5UTR-Amplicon-short-trimmed+3,41,g,0.1089
SARS-CoV2-5UTR-Amplicon-short-trimmed+3,42,c,0.0665
SARS-CoV2-5UTR-Amplicon-short-trimmed+3,43,t,0.1286
SARS-CoV2-5UTR-Amplicon-short-trimmed+3,44,g,0.0767
SARS-CoV2-5UTR-Amplicon-short-trimmed+3,45,t,0.1471
SARS-CoV2-5UTR-Amplicon-short-trimmed+3,46,c,0.0261
SARS-CoV2-5UTR-Amplicon-short-trimmed+3,47,a,0.0459
SARS-CoV2-5UTR-Amplicon-short-trimmed+3,48,c,0.0439
SARS-CoV2-5UTR-Amplicon-short-trimmed+3,49,t,0.0515
SARS-CoV2-5UTR-Amplicon-short-trimmed+3,50,c,0.0572
SARS-CoV2-5UTR-Amplicon-short-trimmed+3,51,g,0.0917
SARS-CoV2-5UTR-Amplicon-short-trimmed+3,52,g,0.1877
SARS-CoV2-5UTR-Amplicon-short-trimmed+3,53,c,0.1049
SARS-CoV2-5UTR-Amplicon-short-trimmed+3,54,t,0.0791
SARS-CoV2-5UTR-Amplicon-short-trimmed+3,55,g,0.1597
SARS-CoV2-5UTR-Amplicon-short-trimmed+3,56,c,0.0895
SARS-CoV2-5UTR-Amplicon-short-trimmed+3,57,g,0.1593
SARS-CoV2-5UTR-Amplicon-short-trimmed+3,58,t,0.0682
SARS-CoV2-5UTR-Amplicon-short-trimmed+3,59,g,0.1165
SARS-CoV2-5UTR-Amplicon-short-trimmed+3,60,c,0.0792
SARS-CoV2-5UTR-Amplicon-short-trimmed+3,61,t,0.0856
SARS-CoV2-5UTR-Amplicon-short-trimmed+3,62,t,0.0476
SARS-CoV2-5UTR-Amplicon-short-trimmed+3,63,a,0.0433
SARS-CoV2-5UTR-Amplicon-short-trimmed+3,64,g,0.065
SARS-CoV2-5UTR-Amplicon-short-trimmed+3,65,t,0.0612
SARS-CoV2-5UTR-Amplicon-short-trimmed+3,66,g,0.1116
SARS-CoV2-5UTR-Amplicon-short-trimmed+3,67,c,0.1299
SARS-CoV2-5UTR-Amplicon-short-trimmed+3,68,a,0.0536
SARS-CoV2-5UTR-Amplicon-short-trimmed+3,69,c,0.0604
SARS-CoV2-5UTR-Amplicon-short-trimmed+3,70,t,0.0767
SARS-CoV2-5UTR-Amplicon-short-trimmed+3,71,c,0.0386
SARS-CoV2-5UTR-Amplicon-short-trimmed+3,72,a,0.0566
SARS-CoV2-5UTR-Amplicon-short-trimmed+3,73,c,0.0512
SARS-CoV2-5UTR-Amplicon-short-trimmed+3,74,g,0.1191
SARS-CoV2-5UTR-Amplicon-short-trimmed+3,75,c,0.0368
SARS-CoV2-5UTR-Amplicon-short-trimmed+3,76,a,0.0828
SARS-CoV2-5UTR-Amplicon-short-trimmed+3,77,g,0.0782
SARS-CoV2-5UTR-Amplicon-short-trimmed+3,78,t,0.0338
SARS-CoV2-5UTR-Amplicon-short-trimmed+3,79,a,0.0285
SARS-CoV2-5UTR-Amplicon-short-trimmed+3,80,t,0.0221
SARS-CoV2-5UTR-Amplicon-short-trimmed+3,81,a,0.036
SARS-CoV2-5UTR-Amplicon-short-trimmed+3,82,a,0.0541
SARS-CoV2-5UTR-Amplicon-short-trimmed+3,83,t,0.0363
SARS-CoV2-5UTR-Amplicon-short-trimmed+3,84,t,0.0636
SARS-CoV2-5UTR-Amplicon-short-trimmed+3,85,a,0.073
SARS-CoV2-5UTR-Amplicon-short-trimmed+3,86,a,0.0614
SARS-CoV2-5UTR-Amplicon-short-trimmed+3,87,t,0.0304
SARS-CoV2-5UTR-Amplicon-short-trimmed+3,88,a,0.0469
SARS-CoV2-5UTR-Amplicon-short-trimmed+3,89,a,0.0528
SARS-CoV2-5UTR-Amplicon-short-trimmed+3,90,c,0.3018
SARS-CoV2-5UTR-Amplicon-short-trimmed+3,91,t,0.0915
SARS-CoV2-5UTR-Amplicon-short-trimmed+3,92,a,0.0483
SARS-CoV2-5UTR-Amplicon-short-trimmed+3,93,a,0.0453
SARS-CoV2-5UTR-Amplicon-short-trimmed+3,94,t,0.0483
SARS-CoV2-5UTR-Amplicon-short-trimmed+3,95,t,0.039
SARS-CoV2-5UTR-Amplicon-short-trimmed+3,96,a,0.0415
SARS-CoV2-5UTR-Amplicon-short-trimmed+3,97,c,0.043
SARS-CoV2-5UTR-Amplicon-short-trimmed+3,98,t,0.2806
SARS-CoV2-5UTR-Amplicon-short-trimmed+3,99,g,0.0831
SARS-CoV2-5UTR-Amplicon-short-trimmed+3,100,t,0.1027
SARS-CoV2-5UTR-Amplicon-short-trimmed+3,101,c,0.0545
SARS-CoV2-5UTR-Amplicon-short-trimmed+3,102,g,0.0847
SARS-CoV2-5UTR-Amplicon-short-trimmed+3,103,t,0.0755
SARS-CoV2-5UTR-Amplicon-short-trimmed+3,104,t,0.1079
SARS-CoV2-5UTR-Amplicon-short-trimmed+3,105,g,0.0654
SARS-CoV2-5UTR-Amplicon-short-trimmed+3,106,a,0.0553
SARS-CoV2-5UTR-Amplicon-short-trimmed+3,107,c,0.0681
SARS-CoV2-5UTR-Amplicon-short-trimmed+3,108,a,0.0876
SARS-CoV2-5UTR-Amplicon-short-trimmed+3,109,g,0.1011
SARS-CoV2-5UTR-Amplicon-short-trimmed+3,110,g,0.1139
SARS-CoV2-5UTR-Amplicon-short-trimmed+3,111,a,0.0458
SARS-CoV2-5UTR-Amplicon-short-trimmed+3,112,c,0.0748
SARS-CoV2-5UTR-Amplicon-short-trimmed+3,113,a,0.0616
SARS-CoV2-5UTR-Amplicon-short-trimmed+3,114,c,0.086
SARS-CoV2-5UTR-Amplicon-short-trimmed+3,115,g,0.0551
SARS-CoV2-5UTR-Amplicon-short-trimmed+3,116,a,0.0712
SARS-CoV2-5UTR-Amplicon-short-trimmed+3,117,g,0.0581
SARS-CoV2-5UTR-Amplicon-short-trimmed+3,118,t,0.1521
SARS-CoV2-5UTR-Amplicon-short-trimmed+3,119,a,0.1427
SARS-CoV2-5UTR-Amplicon-short-trimmed+3,120,a,0.1107
SARS-CoV2-5UTR-Amplicon-short-trimmed+3,121,c,0.1766
SARS-CoV2-5UTR-Amplicon-short-trimmed+3,122,t,0.1973
SARS-CoV2-5UTR-Amplicon-short-trimmed+3,123,c,0.1946
SARS-CoV2-5UTR-Amplicon-short-trimmed+3,124,g,0.1771
SARS-CoV2-5UTR-Amplicon-short-trimmed+3,125,t,0.3081
SARS-CoV2-5UTR-Amplicon-short-trimmed+3,126,c,0.1233
SARS-CoV2-5UTR-Amplicon-short-trimmed+3,127,t,0.0881
SARS-CoV2-5UTR-Amplicon-short-trimmed+3,128,a,0.1214
SARS-CoV2-5UTR-Amplicon-short-trimmed+3,129,t,0.5063
SARS-CoV2-5UTR-Amplicon-short-trimmed+3,130,c,0.0693
SARS-CoV2-5UTR-Amplicon-short-trimmed+3,131,t,0.1148
SARS-CoV2-5UTR-Amplicon-short-trimmed+3,132,t,0.173
SARS-CoV2-5UTR-Amplicon-short-trimmed+3,133,c,0.2554
SARS-CoV2-5UTR-Amplicon-short-trimmed+3,134,t,0.1972
SARS-CoV2-5UTR-Amplicon-short-trimmed+3,135,g,0.132
SARS-CoV2-5UTR-Amplicon-short-trimmed+3,136,c,0.3901
SARS-CoV2-5UTR-Amplicon-short-trimmed+3,137,a,0.2225
SARS-CoV2-5UTR-Amplicon-short-trimmed+3,138,g,0.0845
SARS-CoV2-5UTR-Amplicon-short-trimmed+3,139,g,0.2605
SARS-CoV2-5UTR-Amplicon-short-trimmed+3,140,c,0.1131
SARS-CoV2-5UTR-Amplicon-short-trimmed+3,141,t,0.2962
SARS-CoV2-5UTR-Amplicon-short-trimmed+3,142,g,0.4032
SARS-CoV2-5UTR-Amplicon-short-trimmed+3,143,c,0.1029
SARS-CoV2-5UTR-Amplicon-short-trimmed+3,144,t,0.1088
SARS-CoV2-5UTR-Amplicon-short-trimmed+3,145,t,0.1301
SARS-CoV2-5UTR-Amplicon-short-trimmed+3,146,a,0.1809
SARS-CoV2-5UTR-Amplicon-short-trimmed+3,147,c,0.1554
SARS-CoV2-5UTR-Amplicon-short-trimmed+3,148,g,0.3419
SARS-CoV2-5UTR-Amplicon-short-trimmed+3,149,g,0.1463
SARS-CoV2-5UTR-Amplicon-short-trimmed+3,150,t,0.1352
SARS-CoV2-5UTR-Amplicon-short-trimmed+3,151,t,0.1418
SARS-CoV2-5UTR-Amplicon-short-trimmed+3,152,t,0.2235
SARS-CoV2-5UTR-Amplicon-short-trimmed+3,153,c,0.2149
SARS-CoV2-5UTR-Amplicon-short-trimmed+3,154,g,0.0921
SARS-CoV2-5UTR-Amplicon-short-trimmed+3,155,t,0.3269
SARS-CoV2-5UTR-Amplicon-short-trimmed+3,156,c,0.1922
SARS-CoV2-5UTR-Amplicon-short-trimmed+3,157,c,0.1891
SARS-CoV2-5UTR-Amplicon-short-trimmed+3,158,g,0.1063
SARS-CoV2-5UTR-Amplicon-short-trimmed+3,159,t,1.2984
SARS-CoV2-5UTR-Amplicon-short-trimmed+3,160,g,0.0823
SARS-CoV2-5UTR-Amplicon-short-trimmed+3,161,t,0.1391
SARS-CoV2-5UTR-Amplicon-short-trimmed+3,162,t,0.1677
SARS-CoV2-5UTR-Amplicon-short-trimmed+3,163,g,0.1053
SARS-CoV2-5UTR-Amplicon-short-trimmed+3,164,c,0.259
SARS-CoV2-5UTR-Amplicon-short-trimmed+3,165,a,0.253
SARS-CoV2-5UTR-Amplicon-short-trimmed+3,166,g,0.4163
SARS-CoV2-5UTR-Amplicon-short-trimmed+3,167,c,0.2434
SARS-CoV2-5UTR-Amplicon-short-trimmed+3,168,c,0.5375
SARS-CoV2-5UTR-Amplicon-short-trimmed+3,169,g,0.1074
SARS-CoV2-5UTR-Amplicon-short-trimmed+3,170,a,0.1268
SARS-CoV2-5UTR-Amplicon-short-trimmed+3,171,t,0.1254
SARS-CoV2-5UTR-Amplicon-short-trimmed+3,172,c,0.1916
SARS-CoV2-5UTR-Amplicon-short-trimmed+3,173,a,0.0629
SARS-CoV2-5UTR-Amplicon-short-trimmed+3,174,t,0.0902
SARS-CoV2-5UTR-Amplicon-short-trimmed+3,175,c,0.2145
SARS-CoV2-5UTR-Amplicon-short-trimmed+3,176,a,0.1389
SARS-CoV2-5UTR-Amplicon-short-trimmed+3,177,g,0.1399
SARS-CoV2-5UTR-Amplicon-short-trimmed+3,178,c,0.6077
SARS-CoV2-5UTR-Amplicon-short-trimmed+3,179,a,0.1137
SARS-CoV2-5UTR-Amplicon-short-trimmed+3,180,c,0.0914
SARS-CoV2-5UTR-Amplicon-short-trimmed+3,181,a,0.0865
SARS-CoV2-5UTR-Amplicon-short-trimmed+3,182,t,0.1474
SARS-CoV2-5UTR-Amplicon-short-trimmed+3,183,c,0.0765
SARS-CoV2-5UTR-Amplicon-short-trimmed+3,184,t,0.1046
SARS-CoV2-5UTR-Amplicon-short-trimmed+3,185,a,0.1725
SARS-CoV2-5UTR-Amplicon-short-trimmed+3,186,g,0.0845
SARS-CoV2-5UTR-Amplicon-short-trimmed+3,187,g,0.1036
SARS-CoV2-5UTR-Amplicon-short-trimmed+3,188,t,0.1443
SARS-CoV2-5UTR-Amplicon-short-trimmed+3,189,t,0.29
SARS-CoV2-5UTR-Amplicon-short-trimmed+3,190,t,0.3707
SARS-CoV2-5UTR-Amplicon-short-trimmed+3,191,c,0.1454
SARS-CoV2-5UTR-Amplicon-short-trimmed+3,192,g,0.0755
SARS-CoV2-5UTR-Amplicon-short-trimmed+3,193,t,1.0928
SARS-CoV2-5UTR-Amplicon-short-trimmed+3,194,c,0.1042
SARS-CoV2-5UTR-Amplicon-short-trimmed+3,195,c,0.1647
SARS-CoV2-5UTR-Amplicon-short-trimmed+3,196,g,0.3441
SARS-CoV2-5UTR-Amplicon-short-trimmed+3,197,g,0.1358
SARS-CoV2-5UTR-Amplicon-short-trimmed+3,198,g,0.3916
SARS-CoV2-5UTR-Amplicon-short-trimmed+3,199,t,0.2423
SARS-CoV2-5UTR-Amplicon-short-trimmed+3,200,g,0.0872
SARS-CoV2-5UTR-Amplicon-short-trimmed+3,201,t,0.1364
SARS-CoV2-5UTR-Amplicon-short-trimmed+3,202,g,0.1147
SARS-CoV2-5UTR-Amplicon-short-trimmed+3,203,a,0.2888
SARS-CoV2-5UTR-Amplicon-short-trimmed+3,204,c,0.1002
SARS-CoV2-5UTR-Amplicon-short-trimmed+3,205,c,0.0971
SARS-CoV2-5UTR-Amplicon-short-trimmed+3,206,g,0.1051
SARS-CoV2-5UTR-Amplicon-short-trimmed+3,207,a,0.1251
SARS-CoV2-5UTR-Amplicon-short-trimmed+3,208,a,0.0722
SARS-CoV2-5UTR-Amplicon-short-trimmed+3,209,a,0.1592
SARS-CoV2-5UTR-Amplicon-short-trimmed+3,210,g,0.1192
SARS-CoV2-5UTR-Amplicon-short-trimmed+3,211,g,0.1362
SARS-CoV2-5UTR-Amplicon-short-trimmed+3,212,t,0.1478
SARS-CoV2-5UTR-Amplicon-short-trimmed+3,213,a,0.0615
SARS-CoV2-5UTR-Amplicon-short-trimmed+3,214,a,0.0781
SARS-CoV2-5UTR-Amplicon-short-trimmed+3,215,g,0.068
SARS-CoV2-5UTR-Amplicon-short-trimmed+3,216,a,0.0533
SARS-CoV2-5UTR-Amplicon-short-trimmed+3,217,t,0.1155
SARS-CoV2-5UTR-Amplicon-short-trimmed+3,218,g,0.0546
SARS-CoV2-5UTR-Amplicon-short-trimmed+3,219,g,0.0683
SARS-CoV2-5UTR-Amplicon-short-trimmed+3,220,a,0.2314
SARS-CoV2-5UTR-Amplicon-short-trimmed+3,221,g,0.1511
SARS-CoV2-5UTR-Amplicon-short-trimmed+3,222,a,0.075
SARS-CoV2-5UTR-Amplicon-short-trimmed+3,223,g,0.2124
SARS-CoV2-5UTR-Amplicon-short-trimmed+3,224,c,0.0807
SARS-CoV2-5UTR-Amplicon-short-trimmed+3,225,c,0.0812
SARS-CoV2-5UTR-Amplicon-short-trimmed+3,226,t,0.0606
SARS-CoV2-5UTR-Amplicon-short-trimmed+3,227,t,0.3163
SARS-CoV2-5UTR-Amplicon-short-trimmed+3,228,g,0.0549
SARS-CoV2-5UTR-Amplicon-short-trimmed+3,229,t,0.1461
SARS-CoV2-5UTR-Amplicon-short-trimmed+3,230,c,0.0623
SARS-CoV2-5UTR-Amplicon-short-trimmed+3,231,c,0.0595
SARS-CoV2-5UTR-Amplicon-short-trimmed+3,232,c,0.0929
SARS-CoV2-5UTR-Amplicon-short-trimmed+3,233,t,0.1594
SARS-CoV2-5UTR-Amplicon-short-trimmed+3,234,g,0.0896
SARS-CoV2-5UTR-Amplicon-short-trimmed+3,235,g,0.1546
SARS-CoV2-5UTR-Amplicon-short-trimmed+3,236,t,0.0661
SARS-CoV2-5UTR-Amplicon-short-trimmed+3,237,t,0.0679
SARS-CoV2-5UTR-Amplicon-short-trimmed+3,238,t,0.139
SARS-CoV2-5UTR-Amplicon-short-trimmed+3,239,c,0.5946
SARS-CoV2-5UTR-Amplicon-short-trimmed+3,240,a,0.082
SARS-CoV2-5UTR-Amplicon-short-trimmed+3,241,a,0.0706
SARS-CoV2-5UTR-Amplicon-short-trimmed+3,242,c,0.0818
SARS-CoV2-5UTR-Amplicon-short-trimmed+3,243,g,0.0271
SARS-CoV2-5UTR-Amplicon-short-trimmed+3,244,a,0.2009
SARS-CoV2-5UTR-Amplicon-short-trimmed+3,245,g,0
SARS-CoV2-5UTR-Amplicon-short-trimmed+3,246,g,0
SARS-CoV2-5UTR-Amplicon-short-trimmed+3,247,G,0
SARS-CoV2-5UTR-Amplicon-short-trimmed+3,248,A,0
SARS-CoV2-5UTR-Amplicon-short-trimmed+3,249,G,0
