Region,Position,Ref_base,Mut_percentage
SARS-CoV2-5UTR-Amplicon-short-trimmed+3,1,T,0
SARS-CoV2-5UTR-Amplicon-short-trimmed+3,2,T,0
SARS-CoV2-5UTR-Amplicon-short-trimmed+3,3,G,0
SARS-CoV2-5UTR-Amplicon-short-trimmed+3,4,t,0
SARS-CoV2-5UTR-Amplicon-short-trimmed+3,5,a,0
SARS-CoV2-5UTR-Amplicon-short-trimmed+3,6,g,0.0674
SARS-CoV2-5UTR-Amplicon-short-trimmed+3,7,a,0.0244
SARS-CoV2-5UTR-Amplicon-short-trimmed+3,8,t,0.0812
SARS-CoV2-5UTR-Amplicon-short-trimmed+3,9,c,0.0688
SARS-CoV2-5UTR-Amplicon-short-trimmed+3,10,t,0.0419
SARS-CoV2-5UTR-Amplicon-short-trimmed+3,11,g,0.2174
SARS-CoV2-5UTR-Amplicon-short-trimmed+3,12,t,0.0721
SARS-CoV2-5UTR-Amplicon-short-trimmed+3,13,t,0.0729
SARS-CoV2-5UTR-Amplicon-short-trimmed+3,14,c,0.0581
SARS-CoV2-5UTR-Amplicon-short-trimmed+3,15,t,0.1242
SARS-CoV2-5UTR-Amplicon-short-trimmed+3,16,c,0.0817
SARS-CoV2-5UTR-Amplicon-short-trimmed+3,17,t,0.0415
SARS-CoV2-5UTR-Amplicon-short-trimmed+3,18,a,0.0865
SARS-CoV2-5UTR-Amplicon-short-trimmed+3,19,a,0.0211
SARS-CoV2-5UTR-Amplicon-short-trimmed+3,20,a,0.0283
SARS-CoV2-5UTR-Amplicon-short-trimmed+3,21,c,0.0358
SARS-CoV2-5UTR-Amplicon-short-trimmed+3,22,g,0.097
SARS-CoV2-5UTR-Amplicon-short-trimmed+3,23,a,0.0252
SARS-CoV2-5UTR-Amplicon-short-trimmed+3,24,a,0.0415
SARS-CoV2-5UTR-Amplicon-short-trimmed+3,25,c,4.5522
SARS-CoV2-5UTR-Amplicon-short-trimmed+3,26,t,0.1994
SARS-CoV2-5UTR-Amplicon-short-trimmed+3,27,t,0.1446
SARS-CoV2-5UTR-Amplicon-short-trimmed+3,28,t,0.032
SARS-CoV2-5UTR-Amplicon-short-trimmed+3,29,a,0.0962
SARS-CoV2-5UTR-Amplicon-short-trimmed+3,30,a,0.0504
SARS-CoV2-5UTR-Amplicon-short-trimmed+3,31,a,0.0757
SARS-CoV2-5UTR-Amplicon-short-trimmed+3,32,a,0.0325
SARS-CoV2-5UTR-Amplicon-short-trimmed+3,33,t,0.072
SARS-CoV2-5UTR-Amplicon-short-trimmed+3,34,c,0.0452
SARS-CoV2-5UTR-Amplicon-short-trimmed+3,35,t,0.0743
SARS-CoV2-5UTR-Amplicon-short-trimmed+3,36,g,0.0942
SARS-CoV2-5UTR-Amplicon-short-trimmed+3,37,t,0.0674
SARS-CoV2-5UTR-Amplicon-short-trimmed+3,38,g,0.041
SARS-CoV2-5UTR-Amplicon-short-trimmed+3,39,t,0.0711
SARS-CoV2-5UTR-Amplicon-short-trimmed+3,40,g,0.0658
SARS-CoV2-5UTR-Amplicon-short-trimmed+3,41,g,0.1398
SARS-CoV2-5UTR-Amplicon-short-trimmed+3,42,c,0.0936
SARS-CoV2-5UTR-Amplicon-short-trimmed+3,43,t,0.1584
SARS-CoV2-5UTR-Amplicon-short-trimmed+3,44,g,0.1049
SARS-CoV2-5UTR-Amplicon-short-trimmed+3,45,t,0.1532
SARS-CoV2-5UTR-Amplicon-short-trimmed+3,46,c,0.0562
SARS-CoV2-5UTR-Amplicon-short-trimmed+3,47,a,0.0568
SARS-CoV2-5UTR-Amplicon-short-trimmed+3,48,c,0.0488
SARS-CoV2-5UTR-Amplicon-short-trimmed+3,49,t,0.0652
SARS-CoV2-5UTR-Amplicon-short-trimmed+3,50,c,0.0869
SARS-CoV2-5UTR-Amplicon-short-trimmed+3,51,g,0.0983
SARS-CoV2-5UTR-Amplicon-short-trimmed+3,52,g,0.2081
SARS-CoV2-5UTR-Amplicon-short-trimmed+3,53,c,0.1646
SARS-CoV2-5UTR-Amplicon-short-trimmed+3,54,t,0.0916
SARS-CoV2-5UTR-Amplicon-short-trimmed+3,55,g,0.2373
SARS-CoV2-5UTR-Amplicon-short-trimmed+3,56,c,0.0869
SARS-CoV2-5UTR-Amplicon-short-trimmed+3,57,g,0.2167
SARS-CoV2-5UTR-Amplicon-short-trimmed+3,58,t,0.0652
SARS-CoV2-5UTR-Amplicon-short-trimmed+3,59,g,0.1492
SARS-CoV2-5UTR-Amplicon-short-trimmed+3,60,c,0.0851
SARS-CoV2-5UTR-Amplicon-short-trimmed+3,61,t,0.1033
SARS-CoV2-5UTR-Amplicon-short-trimmed+3,62,t,0.0577
SARS-CoV2-5UTR-Amplicon-short-trimmed+3,63,a,0.0519
SARS-CoV2-5UTR-Amplicon-short-trimmed+3,64,g,0.0687
SARS-CoV2-5UTR-Amplicon-short-trimmed+3,65,t,0.0499
SARS-CoV2-5UTR-Amplicon-short-trimmed+3,66,g,0.1351
SARS-CoV2-5UTR-Amplicon-short-trimmed+3,67,c,0.1431
SARS-CoV2-5UTR-Amplicon-short-trimmed+3,68,a,0.0773
SARS-CoV2-5UTR-Amplicon-short-trimmed+3,69,c,0.0766
SARS-CoV2-5UTR-Amplicon-short-trimmed+3,70,t,0.0689
SARS-CoV2-5UTR-Amplicon-short-trimmed+3,71,c,0.0532
SARS-CoV2-5UTR-Amplicon-short-trimmed+3,72,a,0.0566
SARS-CoV2-5UTR-Amplicon-short-trimmed+3,73,c,0.0663
SARS-CoV2-5UTR-Amplicon-short-trimmed+3,74,g,0.1412
SARS-CoV2-5UTR-Amplicon-short-trimmed+3,75,c,0.0395
SARS-CoV2-5UTR-Amplicon-short-trimmed+3,76,a,0.093
SARS-CoV2-5UTR-Amplicon-short-trimmed+3,77,g,0.0987
SARS-CoV2-5UTR-Amplicon-short-trimmed+3,78,t,0.0481
SARS-CoV2-5UTR-Amplicon-short-trimmed+3,79,a,0.0363
SARS-CoV2-5UTR-Amplicon-short-trimmed+3,80,t,0.0289
SARS-CoV2-5UTR-Amplicon-short-trimmed+3,81,a,0.0363
SARS-CoV2-5UTR-Amplicon-short-trimmed+3,82,a,0.0731
SARS-CoV2-5UTR-Amplicon-short-trimmed+3,83,t,0.0365
SARS-CoV2-5UTR-Amplicon-short-trimmed+3,84,t,0.07
SARS-CoV2-5UTR-Amplicon-short-trimmed+3,85,a,0.0924
SARS-CoV2-5UTR-Amplicon-short-trimmed+3,86,a,0.0819
SARS-CoV2-5UTR-Amplicon-short-trimmed+3,87,t,0.0299
SARS-CoV2-5UTR-Amplicon-short-trimmed+3,88,a,0.0547
SARS-CoV2-5UTR-Amplicon-short-trimmed+3,89,a,0.0671
SARS-CoV2-5UTR-Amplicon-short-trimmed+3,90,c,0.3362
SARS-CoV2-5UTR-Amplicon-short-trimmed+3,91,t,0.1016
SARS-CoV2-5UTR-Amplicon-short-trimmed+3,92,a,0.048
SARS-CoV2-5UTR-Amplicon-short-trimmed+3,93,a,0.0487
SARS-CoV2-5UTR-Amplicon-short-trimmed+3,94,t,0.0546
SARS-CoV2-5UTR-Amplicon-short-trimmed+3,95,t,0.0474
SARS-CoV2-5UTR-Amplicon-short-trimmed+3,96,a,0.0508
SARS-CoV2-5UTR-Amplicon-short-trimmed+3,97,c,0.053
SARS-CoV2-5UTR-Amplicon-short-trimmed+3,98,t,0.2938
SARS-CoV2-5UTR-Amplicon-short-trimmed+3,99,g,0.1126
SARS-CoV2-5UTR-Amplicon-short-trimmed+3,100,t,0.1034
SARS-CoV2-5UTR-Amplicon-short-trimmed+3,101,c,0.0651
SARS-CoV2-5UTR-Amplicon-short-trimmed+3,102,g,0.1138
SARS-CoV2-5UTR-Amplicon-short-trimmed+3,103,t,0.0832
SARS-CoV2-5UTR-Amplicon-short-trimmed+3,104,t,0.1147
SARS-CoV2-5UTR-Amplicon-short-trimmed+3,105,g,0.0857
SARS-CoV2-5UTR-Amplicon-short-trimmed+3,106,a,0.0634
SARS-CoV2-5UTR-Amplicon-short-trimmed+3,107,c,0.088
SARS-CoV2-5UTR-Amplicon-short-trimmed+3,108,a,0.0925
SARS-CoV2-5UTR-Amplicon-short-trimmed+3,109,g,0.1181
SARS-CoV2-5UTR-Amplicon-short-trimmed+3,110,g,0.1182
SARS-CoV2-5UTR-Amplicon-short-trimmed+3,111,a,0.0582
SARS-CoV2-5UTR-Amplicon-short-trimmed+3,112,c,0.0863
SARS-CoV2-5UTR-Amplicon-short-trimmed+3,113,a,0.0607
SARS-CoV2-5UTR-Amplicon-short-trimmed+3,114,c,0.0933
SARS-CoV2-5UTR-Amplicon-short-trimmed+3,115,g,0.0637
SARS-CoV2-5UTR-Amplicon-short-trimmed+3,116,a,0.0689
SARS-CoV2-5UTR-Amplicon-short-trimmed+3,117,g,0.0574
SARS-CoV2-5UTR-Amplicon-short-trimmed+3,118,t,0.1449
SARS-CoV2-5UTR-Amplicon-short-trimmed+3,119,a,0.1405
SARS-CoV2-5UTR-Amplicon-short-trimmed+3,120,a,0.0958
SARS-CoV2-5UTR-Amplicon-short-trimmed+3,121,c,0.1724
SARS-CoV2-5UTR-Amplicon-short-trimmed+3,122,t,0.1969
SARS-CoV2-5UTR-Amplicon-short-trimmed+3,123,c,0.1994
SARS-CoV2-5UTR-Amplicon-short-trimmed+3,124,g,0.2199
SARS-CoV2-5UTR-Amplicon-short-trimmed+3,125,t,0.2953
SARS-CoV2-5UTR-Amplicon-short-trimmed+3,126,c,0.1158
SARS-CoV2-5UTR-Amplicon-short-trimmed+3,127,t,0.0769
SARS-CoV2-5UTR-Amplicon-short-trimmed+3,128,a,0.1078
SARS-CoV2-5UTR-Amplicon-short-trimmed+3,129,t,0.4555
SARS-CoV2-5UTR-Amplicon-short-trimmed+3,130,c,0.0813
SARS-CoV2-5UTR-Amplicon-short-trimmed+3,131,t,0.1121
SARS-CoV2-5UTR-Amplicon-short-trimmed+3,132,t,0.1849
SARS-CoV2-5UTR-Amplicon-short-trimmed+3,133,c,0.2253
SARS-CoV2-5UTR-Amplicon-short-trimmed+3,134,t,0.1899
SARS-CoV2-5UTR-Amplicon-short-trimmed+3,135,g,0.164
SARS-CoV2-5UTR-Amplicon-short-trimmed+3,136,c,0.3995
SARS-CoV2-5UTR-Amplicon-short-trimmed+3,137,a,0.2278
SARS-CoV2-5UTR-Amplicon-short-trimmed+3,138,g,0.1128
SARS-CoV2-5UTR-Amplicon-short-trimmed+3,139,g,0.2723
SARS-CoV2-5UTR-Amplicon-short-trimmed+3,140,c,0.1385
SARS-CoV2-5UTR-Amplicon-short-trimmed+3,141,t,0.2929
SARS-CoV2-5UTR-Amplicon-short-trimmed+3,142,g,0.3951
SARS-CoV2-5UTR-Amplicon-short-trimmed+3,143,c,0.1399
SARS-CoV2-5UTR-Amplicon-short-trimmed+3,144,t,0.1276
SARS-CoV2-5UTR-Amplicon-short-trimmed+3,145,t,0.1316
SARS-CoV2-5UTR-Amplicon-short-trimmed+3,146,a,0.1865
SARS-CoV2-5UTR-Amplicon-short-trimmed+3,147,c,0.1719
SARS-CoV2-5UTR-Amplicon-short-trimmed+3,148,g,0.3782
SARS-CoV2-5UTR-Amplicon-short-trimmed+3,149,g,0.2049
SARS-CoV2-5UTR-Amplicon-short-trimmed+3,150,t,0.1769
SARS-CoV2-5UTR-Amplicon-short-trimmed+3,151,t,0.1529
SARS-CoV2-5UTR-Amplicon-short-trimmed+3,152,t,0.2194
SARS-CoV2-5UTR-Amplicon-short-trimmed+3,153,c,0.2419
SARS-CoV2-5UTR-Amplicon-short-trimmed+3,154,g,0.1163
SARS-CoV2-5UTR-Amplicon-short-trimmed+3,155,t,0.3249
SARS-CoV2-5UTR-Amplicon-short-trimmed+3,156,c,0.2172
SARS-CoV2-5UTR-Amplicon-short-trimmed+3,157,c,0.2132
SARS-CoV2-5UTR-Amplicon-short-trimmed+3,158,g,0.1283
SARS-CoV2-5UTR-Amplicon-short-trimmed+3,159,t,1.1894
SARS-CoV2-5UTR-Amplicon-short-trimmed+3,160,g,0.1346
SARS-CoV2-5UTR-Amplicon-short-trimmed+3,161,t,0.1466
SARS-CoV2-5UTR-Amplicon-short-trimmed+3,162,t,0.1804
SARS-CoV2-5UTR-Amplicon-short-trimmed+3,163,g,0.1293
SARS-CoV2-5UTR-Amplicon-short-trimmed+3,164,c,0.2866
SARS-CoV2-5UTR-Amplicon-short-trimmed+3,165,a,0.4316
SARS-CoV2-5UTR-Amplicon-short-trimmed+3,166,g,0.6736
SARS-CoV2-5UTR-Amplicon-short-trimmed+3,167,c,0.2587
SARS-CoV2-5UTR-Amplicon-short-trimmed+3,168,c,0.5138
SARS-CoV2-5UTR-Amplicon-short-trimmed+3,169,g,0.1085
SARS-CoV2-5UTR-Amplicon-short-trimmed+3,170,a,0.1164
SARS-CoV2-5UTR-Amplicon-short-trimmed+3,171,t,0.1172
SARS-CoV2-5UTR-Amplicon-short-trimmed+3,172,c,0.1789
SARS-CoV2-5UTR-Amplicon-short-trimmed+3,173,a,0.0624
SARS-CoV2-5UTR-Amplicon-short-trimmed+3,174,t,0.0797
SARS-CoV2-5UTR-Amplicon-short-trimmed+3,175,c,0.2089
SARS-CoV2-5UTR-Amplicon-short-trimmed+3,176,a,0.1217
SARS-CoV2-5UTR-Amplicon-short-trimmed+3,177,g,0.1245
SARS-CoV2-5UTR-Amplicon-short-trimmed+3,178,c,0.5568
SARS-CoV2-5UTR-Amplicon-short-trimmed+3,179,a,0.1125
SARS-CoV2-5UTR-Amplicon-short-trimmed+3,180,c,0.0897
SARS-CoV2-5UTR-Amplicon-short-trimmed+3,181,a,0.084
SARS-CoV2-5UTR-Amplicon-short-trimmed+3,182,t,0.1507
SARS-CoV2-5UTR-Amplicon-short-trimmed+3,183,c,0.0782
SARS-CoV2-5UTR-Amplicon-short-trimmed+3,184,t,0.1011
SARS-CoV2-5UTR-Amplicon-short-trimmed+3,185,a,0.1664
SARS-CoV2-5UTR-Amplicon-short-trimmed+3,186,g,0.0791
SARS-CoV2-5UTR-Amplicon-short-trimmed+3,187,g,0.1028
SARS-CoV2-5UTR-Amplicon-short-trimmed+3,188,t,0.1502
SARS-CoV2-5UTR-Amplicon-short-trimmed+3,189,t,0.2743
SARS-CoV2-5UTR-Amplicon-short-trimmed+3,190,t,0.3361
SARS-CoV2-5UTR-Amplicon-short-trimmed+3,191,c,0.1507
SARS-CoV2-5UTR-Amplicon-short-trimmed+3,192,g,0.0811
SARS-CoV2-5UTR-Amplicon-short-trimmed+3,193,t,1.0067
SARS-CoV2-5UTR-Amplicon-short-trimmed+3,194,c,0.1255
SARS-CoV2-5UTR-Amplicon-short-trimmed+3,195,c,0.1731
SARS-CoV2-5UTR-Amplicon-short-trimmed+3,196,g,0.3366
SARS-CoV2-5UTR-Amplicon-short-trimmed+3,197,g,0.1457
SARS-CoV2-5UTR-Amplicon-short-trimmed+3,198,g,0.4164
SARS-CoV2-5UTR-Amplicon-short-trimmed+3,199,t,0.2359
SARS-CoV2-5UTR-Amplicon-short-trimmed+3,200,g,0.0932
SARS-CoV2-5UTR-Amplicon-short-trimmed+3,201,t,0.1252
SARS-CoV2-5UTR-Amplicon-short-trimmed+3,202,g,0.1185
SARS-CoV2-5UTR-Amplicon-short-trimmed+3,203,a,0.2877
SARS-CoV2-5UTR-Amplicon-short-trimmed+3,204,c,0.1185
SARS-CoV2-5UTR-Amplicon-short-trimmed+3,205,c,0.1031
SARS-CoV2-5UTR-Amplicon-short-trimmed+3,206,g,0.0952
SARS-CoV2-5UTR-Amplicon-short-trimmed+3,207,a,0.1167
SARS-CoV2-5UTR-Amplicon-short-trimmed+3,208,a,0.0655
SARS-CoV2-5UTR-Amplicon-short-trimmed+3,209,a,0.1489
SARS-CoV2-5UTR-Amplicon-short-trimmed+3,210,g,0.125
SARS-CoV2-5UTR-Amplicon-short-trimmed+3,211,g,0.1442
SARS-CoV2-5UTR-Amplicon-short-trimmed+3,212,t,0.1243
SARS-CoV2-5UTR-Amplicon-short-trimmed+3,213,a,0.0594
SARS-CoV2-5UTR-Amplicon-short-trimmed+3,214,a,0.0823
SARS-CoV2-5UTR-Amplicon-short-trimmed+3,215,g,0.0875
SARS-CoV2-5UTR-Amplicon-short-trimmed+3,216,a,0.0597
SARS-CoV2-5UTR-Amplicon-short-trimmed+3,217,t,0.1309
SARS-CoV2-5UTR-Amplicon-short-trimmed+3,218,g,0.0787
SARS-CoV2-5UTR-Amplicon-short-trimmed+3,219,g,0.0903
SARS-CoV2-5UTR-Amplicon-short-trimmed+3,220,a,0.2276
SARS-CoV2-5UTR-Amplicon-short-trimmed+3,221,g,0.1366
SARS-CoV2-5UTR-Amplicon-short-trimmed+3,222,a,0.075
SARS-CoV2-5UTR-Amplicon-short-trimmed+3,223,g,0.1838
SARS-CoV2-5UTR-Amplicon-short-trimmed+3,224,c,0.09
SARS-CoV2-5UTR-Amplicon-short-trimmed+3,225,c,0.1001
SARS-CoV2-5UTR-Amplicon-short-trimmed+3,226,t,0.0634
SARS-CoV2-5UTR-Amplicon-short-trimmed+3,227,t,0.2942
SARS-CoV2-5UTR-Amplicon-short-trimmed+3,228,g,0.054
SARS-CoV2-5UTR-Amplicon-short-trimmed+3,229,t,0.146
SARS-CoV2-5UTR-Amplicon-short-trimmed+3,230,c,0.0655
SARS-CoV2-5UTR-Amplicon-short-trimmed+3,231,c,0.0711
SARS-CoV2-5UTR-Amplicon-short-trimmed+3,232,c,0.0927
SARS-CoV2-5UTR-Amplicon-short-trimmed+3,233,t,0.1584
SARS-CoV2-5UTR-Amplicon-short-trimmed+3,234,g,0.0973
SARS-CoV2-5UTR-Amplicon-short-trimmed+3,235,g,0.1721
SARS-CoV2-5UTR-Amplicon-short-trimmed+3,236,t,0.0676
SARS-CoV2-5UTR-Amplicon-short-trimmed+3,237,t,0.0536
SARS-CoV2-5UTR-Amplicon-short-trimmed+3,238,t,0.1219
SARS-CoV2-5UTR-Amplicon-short-trimmed+3,239,c,0.5608
SARS-CoV2-5UTR-Amplicon-short-trimmed+3,240,a,0.0816
SARS-CoV2-5UTR-Amplicon-short-trimmed+3,241,a,0.0742
SARS-CoV2-5UTR-Amplicon-short-trimmed+3,242,c,0.0786
SARS-CoV2-5UTR-Amplicon-short-trimmed+3,243,g,0.0365
SARS-CoV2-5UTR-Amplicon-short-trimmed+3,244,a,0.1908
SARS-CoV2-5UTR-Amplicon-short-trimmed+3,245,g,0
SARS-CoV2-5UTR-Amplicon-short-trimmed+3,246,g,0
SARS-CoV2-5UTR-Amplicon-short-trimmed+3,247,G,1e-04
SARS-CoV2-5UTR-Amplicon-short-trimmed+3,248,A,0
SARS-CoV2-5UTR-Amplicon-short-trimmed+3,249,G,0
