Region,Position,Ref_base,Mut_percentage
SARS-CoV2-5UTR-Amplicon-short-trimmed+3,1,T,0
SARS-CoV2-5UTR-Amplicon-short-trimmed+3,2,T,0
SARS-CoV2-5UTR-Amplicon-short-trimmed+3,3,G,0
SARS-CoV2-5UTR-Amplicon-short-trimmed+3,4,t,0
SARS-CoV2-5UTR-Amplicon-short-trimmed+3,5,a,0
SARS-CoV2-5UTR-Amplicon-short-trimmed+3,6,g,0.0492
SARS-CoV2-5UTR-Amplicon-short-trimmed+3,7,a,0.0206
SARS-CoV2-5UTR-Amplicon-short-trimmed+3,8,t,0.0754
SARS-CoV2-5UTR-Amplicon-short-trimmed+3,9,c,0.0695
SARS-CoV2-5UTR-Amplicon-short-trimmed+3,10,t,0.0416
SARS-CoV2-5UTR-Amplicon-short-trimmed+3,11,g,0.1629
SARS-CoV2-5UTR-Amplicon-short-trimmed+3,12,t,0.0763
SARS-CoV2-5UTR-Amplicon-short-trimmed+3,13,t,0.0682
SARS-CoV2-5UTR-Amplicon-short-trimmed+3,14,c,0.0562
SARS-CoV2-5UTR-Amplicon-short-trimmed+3,15,t,0.1087
SARS-CoV2-5UTR-Amplicon-short-trimmed+3,16,c,0.0673
SARS-CoV2-5UTR-Amplicon-short-trimmed+3,17,t,0.039
SARS-CoV2-5UTR-Amplicon-short-trimmed+3,18,a,0.0737
SARS-CoV2-5UTR-Amplicon-short-trimmed+3,19,a,0.0171
SARS-CoV2-5UTR-Amplicon-short-trimmed+3,20,a,0.0286
SARS-CoV2-5UTR-Amplicon-short-trimmed+3,21,c,0.0314
SARS-CoV2-5UTR-Amplicon-short-trimmed+3,22,g,0.0692
SARS-CoV2-5UTR-Amplicon-short-trimmed+3,23,a,0.0214
SARS-CoV2-5UTR-Amplicon-short-trimmed+3,24,a,0.0401
SARS-CoV2-5UTR-Amplicon-short-trimmed+3,25,c,2.7794
SARS-CoV2-5UTR-Amplicon-short-trimmed+3,26,t,0.1989
SARS-CoV2-5UTR-Amplicon-short-trimmed+3,27,t,0.1026
SARS-CoV2-5UTR-Amplicon-short-trimmed+3,28,t,0.0362
SARS-CoV2-5UTR-Amplicon-short-trimmed+3,29,a,0.072
SARS-CoV2-5UTR-Amplicon-short-trimmed+3,30,a,0.0456
SARS-CoV2-5UTR-Amplicon-short-trimmed+3,31,a,0.0609
SARS-CoV2-5UTR-Amplicon-short-trimmed+3,32,a,0.0387
SARS-CoV2-5UTR-Amplicon-short-trimmed+3,33,t,0.0594
SARS-CoV2-5UTR-Amplicon-short-trimmed+3,34,c,0.0303
SARS-CoV2-5UTR-Amplicon-short-trimmed+3,35,t,0.0698
SARS-CoV2-5UTR-Amplicon-short-trimmed+3,36,g,0.0961
SARS-CoV2-5UTR-Amplicon-short-trimmed+3,37,t,0.0681
SARS-CoV2-5UTR-Amplicon-short-trimmed+3,38,g,0.0324
SARS-CoV2-5UTR-Amplicon-short-trimmed+3,39,t,0.0547
SARS-CoV2-5UTR-Amplicon-short-trimmed+3,40,g,0.0519
SARS-CoV2-5UTR-Amplicon-short-trimmed+3,41,g,0.1191
SARS-CoV2-5UTR-Amplicon-short-trimmed+3,42,c,0.0851
SARS-CoV2-5UTR-Amplicon-short-trimmed+3,43,t,0.1263
SARS-CoV2-5UTR-Amplicon-short-trimmed+3,44,g,0.0756
SARS-CoV2-5UTR-Amplicon-short-trimmed+3,45,t,0.1396
SARS-CoV2-5UTR-Amplicon-short-trimmed+3,46,c,0.0441
SARS-CoV2-5UTR-Amplicon-short-trimmed+3,47,a,0.047
SARS-CoV2-5UTR-Amplicon-short-trimmed+3,48,c,0.0483
SARS-CoV2-5UTR-Amplicon-short-trimmed+3,49,t,0.0563
SARS-CoV2-5UTR-Amplicon-short-trimmed+3,50,c,0.0725
SARS-CoV2-5UTR-Amplicon-short-trimmed+3,51,g,0.0902
SARS-CoV2-5UTR-Amplicon-short-trimmed+3,52,g,0.2045
SARS-CoV2-5UTR-Amplicon-short-trimmed+3,53,c,0.1229
SARS-CoV2-5UTR-Amplicon-short-trimmed+3,54,t,0.0805
SARS-CoV2-5UTR-Amplicon-short-trimmed+3,55,g,0.1674
SARS-CoV2-5UTR-Amplicon-short-trimmed+3,56,c,0.0907
SARS-CoV2-5UTR-Amplicon-short-trimmed+3,57,g,0.1862
SARS-CoV2-5UTR-Amplicon-short-trimmed+3,58,t,0.0623
SARS-CoV2-5UTR-Amplicon-short-trimmed+3,59,g,0.1277
SARS-CoV2-5UTR-Amplicon-short-trimmed+3,60,c,0.0924
SARS-CoV2-5UTR-Amplicon-short-trimmed+3,61,t,0.0785
SARS-CoV2-5UTR-Amplicon-short-trimmed+3,62,t,0.0382
SARS-CoV2-5UTR-Amplicon-short-trimmed+3,63,a,0.0448
SARS-CoV2-5UTR-Amplicon-short-trimmed+3,64,g,0.0632
SARS-CoV2-5UTR-Amplicon-short-trimmed+3,65,t,0.0524
SARS-CoV2-5UTR-Amplicon-short-trimmed+3,66,g,0.1209
SARS-CoV2-5UTR-Amplicon-short-trimmed+3,67,c,0.155
SARS-CoV2-5UTR-Amplicon-short-trimmed+3,68,a,0.0554
SARS-CoV2-5UTR-Amplicon-short-trimmed+3,69,c,0.0717
SARS-CoV2-5UTR-Amplicon-short-trimmed+3,70,t,0.0564
SARS-CoV2-5UTR-Amplicon-short-trimmed+3,71,c,0.0381
SARS-CoV2-5UTR-Amplicon-short-trimmed+3,72,a,0.0475
SARS-CoV2-5UTR-Amplicon-short-trimmed+3,73,c,0.0578
SARS-CoV2-5UTR-Amplicon-short-trimmed+3,74,g,0.1309
SARS-CoV2-5UTR-Amplicon-short-trimmed+3,75,c,0.0361
SARS-CoV2-5UTR-Amplicon-short-trimmed+3,76,a,0.0745
SARS-CoV2-5UTR-Amplicon-short-trimmed+3,77,g,0.0784
SARS-CoV2-5UTR-Amplicon-short-trimmed+3,78,t,0.0386
SARS-CoV2-5UTR-Amplicon-short-trimmed+3,79,a,0.0326
SARS-CoV2-5UTR-Amplicon-short-trimmed+3,80,t,0.0237
SARS-CoV2-5UTR-Amplicon-short-trimmed+3,81,a,0.0387
SARS-CoV2-5UTR-Amplicon-short-trimmed+3,82,a,0.066
SARS-CoV2-5UTR-Amplicon-short-trimmed+3,83,t,0.0416
SARS-CoV2-5UTR-Amplicon-short-trimmed+3,84,t,0.0583
SARS-CoV2-5UTR-Amplicon-short-trimmed+3,85,a,0.0799
SARS-CoV2-5UTR-Amplicon-short-trimmed+3,86,a,0.0652
SARS-CoV2-5UTR-Amplicon-short-trimmed+3,87,t,0.0291
SARS-CoV2-5UTR-Amplicon-short-trimmed+3,88,a,0.0451
SARS-CoV2-5UTR-Amplicon-short-trimmed+3,89,a,0.0498
SARS-CoV2-5UTR-Amplicon-short-trimmed+3,90,c,0.3046
SARS-CoV2-5UTR-Amplicon-short-trimmed+3,91,t,0.0924
SARS-CoV2-5UTR-Amplicon-short-trimmed+3,92,a,0.043
SARS-CoV2-5UTR-Amplicon-short-trimmed+3,93,a,0.0453
SARS-CoV2-5UTR-Amplicon-short-trimmed+3,94,t,0.0426
SARS-CoV2-5UTR-Amplicon-short-trimmed+3,95,t,0.0364
SARS-CoV2-5UTR-Amplicon-short-trimmed+3,96,a,0.0457
SARS-CoV2-5UTR-Amplicon-short-trimmed+3,97,c,0.0414
SARS-CoV2-5UTR-Amplicon-short-trimmed+3,98,t,0.2868
SARS-CoV2-5UTR-Amplicon-short-trimmed+3,99,g,0.102
SARS-CoV2-5UTR-Amplicon-short-trimmed+3,100,t,0.0985
SARS-CoV2-5UTR-Amplicon-short-trimmed+3,101,c,0.0628
SARS-CoV2-5UTR-Amplicon-short-trimmed+3,102,g,0.0907
SARS-CoV2-5UTR-Amplicon-short-trimmed+3,103,t,0.0741
SARS-CoV2-5UTR-Amplicon-short-trimmed+3,104,t,0.0905
SARS-CoV2-5UTR-Amplicon-short-trimmed+3,105,g,0.0552
SARS-CoV2-5UTR-Amplicon-short-trimmed+3,106,a,0.0484
SARS-CoV2-5UTR-Amplicon-short-trimmed+3,107,c,0.0714
SARS-CoV2-5UTR-Amplicon-short-trimmed+3,108,a,0.0931
SARS-CoV2-5UTR-Amplicon-short-trimmed+3,109,g,0.104
SARS-CoV2-5UTR-Amplicon-short-trimmed+3,110,g,0.0987
SARS-CoV2-5UTR-Amplicon-short-trimmed+3,111,a,0.0509
SARS-CoV2-5UTR-Amplicon-short-trimmed+3,112,c,0.0815
SARS-CoV2-5UTR-Amplicon-short-trimmed+3,113,a,0.0408
SARS-CoV2-5UTR-Amplicon-short-trimmed+3,114,c,0.1023
SARS-CoV2-5UTR-Amplicon-short-trimmed+3,115,g,0.0599
SARS-CoV2-5UTR-Amplicon-short-trimmed+3,116,a,0.0697
SARS-CoV2-5UTR-Amplicon-short-trimmed+3,117,g,0.0498
SARS-CoV2-5UTR-Amplicon-short-trimmed+3,118,t,0.1397
SARS-CoV2-5UTR-Amplicon-short-trimmed+3,119,a,0.1254
SARS-CoV2-5UTR-Amplicon-short-trimmed+3,120,a,0.0895
SARS-CoV2-5UTR-Amplicon-short-trimmed+3,121,c,0.16
SARS-CoV2-5UTR-Amplicon-short-trimmed+3,122,t,0.1676
SARS-CoV2-5UTR-Amplicon-short-trimmed+3,123,c,0.1878
SARS-CoV2-5UTR-Amplicon-short-trimmed+3,124,g,0.2078
SARS-CoV2-5UTR-Amplicon-short-trimmed+3,125,t,0.2657
SARS-CoV2-5UTR-Amplicon-short-trimmed+3,126,c,0.1147
SARS-CoV2-5UTR-Amplicon-short-trimmed+3,127,t,0.0699
SARS-CoV2-5UTR-Amplicon-short-trimmed+3,128,a,0.1076
SARS-CoV2-5UTR-Amplicon-short-trimmed+3,129,t,0.4312
SARS-CoV2-5UTR-Amplicon-short-trimmed+3,130,c,0.0742
SARS-CoV2-5UTR-Amplicon-short-trimmed+3,131,t,0.0945
SARS-CoV2-5UTR-Amplicon-short-trimmed+3,132,t,0.1611
SARS-CoV2-5UTR-Amplicon-short-trimmed+3,133,c,0.2163
SARS-CoV2-5UTR-Amplicon-short-trimmed+3,134,t,0.1674
SARS-CoV2-5UTR-Amplicon-short-trimmed+3,135,g,0.1354
SARS-CoV2-5UTR-Amplicon-short-trimmed+3,136,c,0.3952
SARS-CoV2-5UTR-Amplicon-short-trimmed+3,137,a,0.1883
SARS-CoV2-5UTR-Amplicon-short-trimmed+3,138,g,0.0874
SARS-CoV2-5UTR-Amplicon-short-trimmed+3,139,g,0.2199
SARS-CoV2-5UTR-Amplicon-short-trimmed+3,140,c,0.1082
SARS-CoV2-5UTR-Amplicon-short-trimmed+3,141,t,0.2509
SARS-CoV2-5UTR-Amplicon-short-trimmed+3,142,g,0.3549
SARS-CoV2-5UTR-Amplicon-short-trimmed+3,143,c,0.0977
SARS-CoV2-5UTR-Amplicon-short-trimmed+3,144,t,0.0932
SARS-CoV2-5UTR-Amplicon-short-trimmed+3,145,t,0.1155
SARS-CoV2-5UTR-Amplicon-short-trimmed+3,146,a,0.1563
SARS-CoV2-5UTR-Amplicon-short-trimmed+3,147,c,0.1474
SARS-CoV2-5UTR-Amplicon-short-trimmed+3,148,g,0.3334
SARS-CoV2-5UTR-Amplicon-short-trimmed+3,149,g,0.1834
SARS-CoV2-5UTR-Amplicon-short-trimmed+3,150,t,0.1412
SARS-CoV2-5UTR-Amplicon-short-trimmed+3,151,t,0.1228
SARS-CoV2-5UTR-Amplicon-short-trimmed+3,152,t,0.1827
SARS-CoV2-5UTR-Amplicon-short-trimmed+3,153,c,0.1949
SARS-CoV2-5UTR-Amplicon-short-trimmed+3,154,g,0.079
SARS-CoV2-5UTR-Amplicon-short-trimmed+3,155,t,0.3161
SARS-CoV2-5UTR-Amplicon-short-trimmed+3,156,c,0.1743
SARS-CoV2-5UTR-Amplicon-short-trimmed+3,157,c,0.1648
SARS-CoV2-5UTR-Amplicon-short-trimmed+3,158,g,0.1003
SARS-CoV2-5UTR-Amplicon-short-trimmed+3,159,t,1.121
SARS-CoV2-5UTR-Amplicon-short-trimmed+3,160,g,0.081
SARS-CoV2-5UTR-Amplicon-short-trimmed+3,161,t,0.1178
SARS-CoV2-5UTR-Amplicon-short-trimmed+3,162,t,0.1702
SARS-CoV2-5UTR-Amplicon-short-trimmed+3,163,g,0.1115
SARS-CoV2-5UTR-Amplicon-short-trimmed+3,164,c,0.2458
SARS-CoV2-5UTR-Amplicon-short-trimmed+3,165,a,0.2876
SARS-CoV2-5UTR-Amplicon-short-trimmed+3,166,g,0.4713
SARS-CoV2-5UTR-Amplicon-short-trimmed+3,167,c,0.2799
SARS-CoV2-5UTR-Amplicon-short-trimmed+3,168,c,0.4901
SARS-CoV2-5UTR-Amplicon-short-trimmed+3,169,g,0.103
SARS-CoV2-5UTR-Amplicon-short-trimmed+3,170,a,0.1045
SARS-CoV2-5UTR-Amplicon-short-trimmed+3,171,t,0.1247
SARS-CoV2-5UTR-Amplicon-short-trimmed+3,172,c,0.1654
SARS-CoV2-5UTR-Amplicon-short-trimmed+3,173,a,0.0573
SARS-CoV2-5UTR-Amplicon-short-trimmed+3,174,t,0.0795
SARS-CoV2-5UTR-Amplicon-short-trimmed+3,175,c,0.1904
SARS-CoV2-5UTR-Amplicon-short-trimmed+3,176,a,0.1245
SARS-CoV2-5UTR-Amplicon-short-trimmed+3,177,g,0.1235
SARS-CoV2-5UTR-Amplicon-short-trimmed+3,178,c,0.5523
SARS-CoV2-5UTR-Amplicon-short-trimmed+3,179,a,0.0983
SARS-CoV2-5UTR-Amplicon-short-trimmed+3,180,c,0.0823
SARS-CoV2-5UTR-Amplicon-short-trimmed+3,181,a,0.0739
SARS-CoV2-5UTR-Amplicon-short-trimmed+3,182,t,0.1445
SARS-CoV2-5UTR-Amplicon-short-trimmed+3,183,c,0.0789
SARS-CoV2-5UTR-Amplicon-short-trimmed+3,184,t,0.0999
SARS-CoV2-5UTR-Amplicon-short-trimmed+3,185,a,0.1628
SARS-CoV2-5UTR-Amplicon-short-trimmed+3,186,g,0.0838
SARS-CoV2-5UTR-Amplicon-short-trimmed+3,187,g,0.0894
SARS-CoV2-5UTR-Amplicon-short-trimmed+3,188,t,0.1354
SARS-CoV2-5UTR-Amplicon-short-trimmed+3,189,t,0.2625
SARS-CoV2-5UTR-Amplicon-short-trimmed+3,190,t,0.3089
SARS-CoV2-5UTR-Amplicon-short-trimmed+3,191,c,0.1393
SARS-CoV2-5UTR-Amplicon-short-trimmed+3,192,g,0.0699
SARS-CoV2-5UTR-Amplicon-short-trimmed+3,193,t,0.9999
SARS-CoV2-5UTR-Amplicon-short-trimmed+3,194,c,0.1229
SARS-CoV2-5UTR-Amplicon-short-trimmed+3,195,c,0.18
SARS-CoV2-5UTR-Amplicon-short-trimmed+3,196,g,0.3223
SARS-CoV2-5UTR-Amplicon-short-trimmed+3,197,g,0.1356
SARS-CoV2-5UTR-Amplicon-short-trimmed+3,198,g,0.4276
SARS-CoV2-5UTR-Amplicon-short-trimmed+3,199,t,0.2393
SARS-CoV2-5UTR-Amplicon-short-trimmed+3,200,g,0.0833
SARS-CoV2-5UTR-Amplicon-short-trimmed+3,201,t,0.1346
SARS-CoV2-5UTR-Amplicon-short-trimmed+3,202,g,0.1062
SARS-CoV2-5UTR-Amplicon-short-trimmed+3,203,a,0.276
SARS-CoV2-5UTR-Amplicon-short-trimmed+3,204,c,0.1016
SARS-CoV2-5UTR-Amplicon-short-trimmed+3,205,c,0.0996
SARS-CoV2-5UTR-Amplicon-short-trimmed+3,206,g,0.0844
SARS-CoV2-5UTR-Amplicon-short-trimmed+3,207,a,0.1102
SARS-CoV2-5UTR-Amplicon-short-trimmed+3,208,a,0.0535
SARS-CoV2-5UTR-Amplicon-short-trimmed+3,209,a,0.144
SARS-CoV2-5UTR-Amplicon-short-trimmed+3,210,g,0.1201
SARS-CoV2-5UTR-Amplicon-short-trimmed+3,211,g,0.1322
SARS-CoV2-5UTR-Amplicon-short-trimmed+3,212,t,0.1139
SARS-CoV2-5UTR-Amplicon-short-trimmed+3,213,a,0.0543
SARS-CoV2-5UTR-Amplicon-short-trimmed+3,214,a,0.0762
SARS-CoV2-5UTR-Amplicon-short-trimmed+3,215,g,0.0755
SARS-CoV2-5UTR-Amplicon-short-trimmed+3,216,a,0.0502
SARS-CoV2-5UTR-Amplicon-short-trimmed+3,217,t,0.1199
SARS-CoV2-5UTR-Amplicon-short-trimmed+3,218,g,0.0583
SARS-CoV2-5UTR-Amplicon-short-trimmed+3,219,g,0.0732
SARS-CoV2-5UTR-Amplicon-short-trimmed+3,220,a,0.2291
SARS-CoV2-5UTR-Amplicon-short-trimmed+3,221,g,0.133
SARS-CoV2-5UTR-Amplicon-short-trimmed+3,222,a,0.0726
SARS-CoV2-5UTR-Amplicon-short-trimmed+3,223,g,0.1971
SARS-CoV2-5UTR-Amplicon-short-trimmed+3,224,c,0.0885
SARS-CoV2-5UTR-Amplicon-short-trimmed+3,225,c,0.0737
SARS-CoV2-5UTR-Amplicon-short-trimmed+3,226,t,0.0613
SARS-CoV2-5UTR-Amplicon-short-trimmed+3,227,t,0.276
SARS-CoV2-5UTR-Amplicon-short-trimmed+3,228,g,0.064
SARS-CoV2-5UTR-Amplicon-short-trimmed+3,229,t,0.1496
SARS-CoV2-5UTR-Amplicon-short-trimmed+3,230,c,0.0587
SARS-CoV2-5UTR-Amplicon-short-trimmed+3,231,c,0.0692
SARS-CoV2-5UTR-Amplicon-short-trimmed+3,232,c,0.0931
SARS-CoV2-5UTR-Amplicon-short-trimmed+3,233,t,0.161
SARS-CoV2-5UTR-Amplicon-short-trimmed+3,234,g,0.0754
SARS-CoV2-5UTR-Amplicon-short-trimmed+3,235,g,0.1882
SARS-CoV2-5UTR-Amplicon-short-trimmed+3,236,t,0.0727
SARS-CoV2-5UTR-Amplicon-short-trimmed+3,237,t,0.0665
SARS-CoV2-5UTR-Amplicon-short-trimmed+3,238,t,0.1319
SARS-CoV2-5UTR-Amplicon-short-trimmed+3,239,c,0.5831
SARS-CoV2-5UTR-Amplicon-short-trimmed+3,240,a,0.082
SARS-CoV2-5UTR-Amplicon-short-trimmed+3,241,a,0.0617
SARS-CoV2-5UTR-Amplicon-short-trimmed+3,242,c,0.0827
SARS-CoV2-5UTR-Amplicon-short-trimmed+3,243,g,0.0305
SARS-CoV2-5UTR-Amplicon-short-trimmed+3,244,a,0.1992
SARS-CoV2-5UTR-Amplicon-short-trimmed+3,245,g,0
SARS-CoV2-5UTR-Amplicon-short-trimmed+3,246,g,0
SARS-CoV2-5UTR-Amplicon-short-trimmed+3,247,G,0
SARS-CoV2-5UTR-Amplicon-short-trimmed+3,248,A,0
SARS-CoV2-5UTR-Amplicon-short-trimmed+3,249,G,0
