Region,Position,Ref_base,Mut_percentage
SARS-CoV2-5UTR-Amplicon-short-trimmed+3,1,T,0
SARS-CoV2-5UTR-Amplicon-short-trimmed+3,2,T,0
SARS-CoV2-5UTR-Amplicon-short-trimmed+3,3,G,0
SARS-CoV2-5UTR-Amplicon-short-trimmed+3,4,t,0
SARS-CoV2-5UTR-Amplicon-short-trimmed+3,5,a,0
SARS-CoV2-5UTR-Amplicon-short-trimmed+3,6,g,0.0603
SARS-CoV2-5UTR-Amplicon-short-trimmed+3,7,a,0.0224
SARS-CoV2-5UTR-Amplicon-short-trimmed+3,8,t,0.0884
SARS-CoV2-5UTR-Amplicon-short-trimmed+3,9,c,0.0574
SARS-CoV2-5UTR-Amplicon-short-trimmed+3,10,t,0.0356
SARS-CoV2-5UTR-Amplicon-short-trimmed+3,11,g,0.2115
SARS-CoV2-5UTR-Amplicon-short-trimmed+3,12,t,0.0749
SARS-CoV2-5UTR-Amplicon-short-trimmed+3,13,t,0.0669
SARS-CoV2-5UTR-Amplicon-short-trimmed+3,14,c,0.0516
SARS-CoV2-5UTR-Amplicon-short-trimmed+3,15,t,0.1157
SARS-CoV2-5UTR-Amplicon-short-trimmed+3,16,c,0.0727
SARS-CoV2-5UTR-Amplicon-short-trimmed+3,17,t,0.0381
SARS-CoV2-5UTR-Amplicon-short-trimmed+3,18,a,0.0717
SARS-CoV2-5UTR-Amplicon-short-trimmed+3,19,a,0.0195
SARS-CoV2-5UTR-Amplicon-short-trimmed+3,20,a,0.0225
SARS-CoV2-5UTR-Amplicon-short-trimmed+3,21,c,0.0373
SARS-CoV2-5UTR-Amplicon-short-trimmed+3,22,g,0.0566
SARS-CoV2-5UTR-Amplicon-short-trimmed+3,23,a,0.0159
SARS-CoV2-5UTR-Amplicon-short-trimmed+3,24,a,0.0371
SARS-CoV2-5UTR-Amplicon-short-trimmed+3,25,c,2.0513
SARS-CoV2-5UTR-Amplicon-short-trimmed+3,26,t,0.1932
SARS-CoV2-5UTR-Amplicon-short-trimmed+3,27,t,0.1283
SARS-CoV2-5UTR-Amplicon-short-trimmed+3,28,t,0.0286
SARS-CoV2-5UTR-Amplicon-short-trimmed+3,29,a,0.0851
SARS-CoV2-5UTR-Amplicon-short-trimmed+3,30,a,0.0457
SARS-CoV2-5UTR-Amplicon-short-trimmed+3,31,a,0.0645
SARS-CoV2-5UTR-Amplicon-short-trimmed+3,32,a,0.0308
SARS-CoV2-5UTR-Amplicon-short-trimmed+3,33,t,0.0669
SARS-CoV2-5UTR-Amplicon-short-trimmed+3,34,c,0.0469
SARS-CoV2-5UTR-Amplicon-short-trimmed+3,35,t,0.0705
SARS-CoV2-5UTR-Amplicon-short-trimmed+3,36,g,0.0997
SARS-CoV2-5UTR-Amplicon-short-trimmed+3,37,t,0.0631
SARS-CoV2-5UTR-Amplicon-short-trimmed+3,38,g,0.0355
SARS-CoV2-5UTR-Amplicon-short-trimmed+3,39,t,0.0618
SARS-CoV2-5UTR-Amplicon-short-trimmed+3,40,g,0.0539
SARS-CoV2-5UTR-Amplicon-short-trimmed+3,41,g,0.1313
SARS-CoV2-5UTR-Amplicon-short-trimmed+3,42,c,0.0806
SARS-CoV2-5UTR-Amplicon-short-trimmed+3,43,t,0.1428
SARS-CoV2-5UTR-Amplicon-short-trimmed+3,44,g,0.1057
SARS-CoV2-5UTR-Amplicon-short-trimmed+3,45,t,0.1454
SARS-CoV2-5UTR-Amplicon-short-trimmed+3,46,c,0.0482
SARS-CoV2-5UTR-Amplicon-short-trimmed+3,47,a,0.0395
SARS-CoV2-5UTR-Amplicon-short-trimmed+3,48,c,0.0479
SARS-CoV2-5UTR-Amplicon-short-trimmed+3,49,t,0.062
SARS-CoV2-5UTR-Amplicon-short-trimmed+3,50,c,0.0664
SARS-CoV2-5UTR-Amplicon-short-trimmed+3,51,g,0.0996
SARS-CoV2-5UTR-Amplicon-short-trimmed+3,52,g,0.2024
SARS-CoV2-5UTR-Amplicon-short-trimmed+3,53,c,0.1539
SARS-CoV2-5UTR-Amplicon-short-trimmed+3,54,t,0.0789
SARS-CoV2-5UTR-Amplicon-short-trimmed+3,55,g,0.2162
SARS-CoV2-5UTR-Amplicon-short-trimmed+3,56,c,0.0874
SARS-CoV2-5UTR-Amplicon-short-trimmed+3,57,g,0.2208
SARS-CoV2-5UTR-Amplicon-short-trimmed+3,58,t,0.0703
SARS-CoV2-5UTR-Amplicon-short-trimmed+3,59,g,0.1442
SARS-CoV2-5UTR-Amplicon-short-trimmed+3,60,c,0.0979
SARS-CoV2-5UTR-Amplicon-short-trimmed+3,61,t,0.0898
SARS-CoV2-5UTR-Amplicon-short-trimmed+3,62,t,0.0516
SARS-CoV2-5UTR-Amplicon-short-trimmed+3,63,a,0.0504
SARS-CoV2-5UTR-Amplicon-short-trimmed+3,64,g,0.062
SARS-CoV2-5UTR-Amplicon-short-trimmed+3,65,t,0.0496
SARS-CoV2-5UTR-Amplicon-short-trimmed+3,66,g,0.1318
SARS-CoV2-5UTR-Amplicon-short-trimmed+3,67,c,0.1368
SARS-CoV2-5UTR-Amplicon-short-trimmed+3,68,a,0.0537
SARS-CoV2-5UTR-Amplicon-short-trimmed+3,69,c,0.0783
SARS-CoV2-5UTR-Amplicon-short-trimmed+3,70,t,0.0591
SARS-CoV2-5UTR-Amplicon-short-trimmed+3,71,c,0.0569
SARS-CoV2-5UTR-Amplicon-short-trimmed+3,72,a,0.041
SARS-CoV2-5UTR-Amplicon-short-trimmed+3,73,c,0.0656
SARS-CoV2-5UTR-Amplicon-short-trimmed+3,74,g,0.1435
SARS-CoV2-5UTR-Amplicon-short-trimmed+3,75,c,0.0415
SARS-CoV2-5UTR-Amplicon-short-trimmed+3,76,a,0.0786
SARS-CoV2-5UTR-Amplicon-short-trimmed+3,77,g,0.0876
SARS-CoV2-5UTR-Amplicon-short-trimmed+3,78,t,0.0424
SARS-CoV2-5UTR-Amplicon-short-trimmed+3,79,a,0.0319
SARS-CoV2-5UTR-Amplicon-short-trimmed+3,80,t,0.0229
SARS-CoV2-5UTR-Amplicon-short-trimmed+3,81,a,0.0293
SARS-CoV2-5UTR-Amplicon-short-trimmed+3,82,a,0.0568
SARS-CoV2-5UTR-Amplicon-short-trimmed+3,83,t,0.0376
SARS-CoV2-5UTR-Amplicon-short-trimmed+3,84,t,0.0588
SARS-CoV2-5UTR-Amplicon-short-trimmed+3,85,a,0.0759
SARS-CoV2-5UTR-Amplicon-short-trimmed+3,86,a,0.0557
SARS-CoV2-5UTR-Amplicon-short-trimmed+3,87,t,0.0269
SARS-CoV2-5UTR-Amplicon-short-trimmed+3,88,a,0.042
SARS-CoV2-5UTR-Amplicon-short-trimmed+3,89,a,0.0596
SARS-CoV2-5UTR-Amplicon-short-trimmed+3,90,c,0.3091
SARS-CoV2-5UTR-Amplicon-short-trimmed+3,91,t,0.0814
SARS-CoV2-5UTR-Amplicon-short-trimmed+3,92,a,0.0438
SARS-CoV2-5UTR-Amplicon-short-trimmed+3,93,a,0.0429
SARS-CoV2-5UTR-Amplicon-short-trimmed+3,94,t,0.0364
SARS-CoV2-5UTR-Amplicon-short-trimmed+3,95,t,0.0392
SARS-CoV2-5UTR-Amplicon-short-trimmed+3,96,a,0.0319
SARS-CoV2-5UTR-Amplicon-short-trimmed+3,97,c,0.0497
SARS-CoV2-5UTR-Amplicon-short-trimmed+3,98,t,0.289
SARS-CoV2-5UTR-Amplicon-short-trimmed+3,99,g,0.1007
SARS-CoV2-5UTR-Amplicon-short-trimmed+3,100,t,0.0954
SARS-CoV2-5UTR-Amplicon-short-trimmed+3,101,c,0.0668
SARS-CoV2-5UTR-Amplicon-short-trimmed+3,102,g,0.1053
SARS-CoV2-5UTR-Amplicon-short-trimmed+3,103,t,0.0606
SARS-CoV2-5UTR-Amplicon-short-trimmed+3,104,t,0.1004
SARS-CoV2-5UTR-Amplicon-short-trimmed+3,105,g,0.0842
SARS-CoV2-5UTR-Amplicon-short-trimmed+3,106,a,0.0404
SARS-CoV2-5UTR-Amplicon-short-trimmed+3,107,c,0.0758
SARS-CoV2-5UTR-Amplicon-short-trimmed+3,108,a,0.0819
SARS-CoV2-5UTR-Amplicon-short-trimmed+3,109,g,0.1163
SARS-CoV2-5UTR-Amplicon-short-trimmed+3,110,g,0.1138
SARS-CoV2-5UTR-Amplicon-short-trimmed+3,111,a,0.0429
SARS-CoV2-5UTR-Amplicon-short-trimmed+3,112,c,0.0871
SARS-CoV2-5UTR-Amplicon-short-trimmed+3,113,a,0.0397
SARS-CoV2-5UTR-Amplicon-short-trimmed+3,114,c,0.0944
SARS-CoV2-5UTR-Amplicon-short-trimmed+3,115,g,0.0704
SARS-CoV2-5UTR-Amplicon-short-trimmed+3,116,a,0.0697
SARS-CoV2-5UTR-Amplicon-short-trimmed+3,117,g,0.0554
SARS-CoV2-5UTR-Amplicon-short-trimmed+3,118,t,0.1241
SARS-CoV2-5UTR-Amplicon-short-trimmed+3,119,a,0.1145
SARS-CoV2-5UTR-Amplicon-short-trimmed+3,120,a,0.0785
SARS-CoV2-5UTR-Amplicon-short-trimmed+3,121,c,0.1578
SARS-CoV2-5UTR-Amplicon-short-trimmed+3,122,t,0.149
SARS-CoV2-5UTR-Amplicon-short-trimmed+3,123,c,0.1682
SARS-CoV2-5UTR-Amplicon-short-trimmed+3,124,g,0.1874
SARS-CoV2-5UTR-Amplicon-short-trimmed+3,125,t,0.2643
SARS-CoV2-5UTR-Amplicon-short-trimmed+3,126,c,0.1098
SARS-CoV2-5UTR-Amplicon-short-trimmed+3,127,t,0.065
SARS-CoV2-5UTR-Amplicon-short-trimmed+3,128,a,0.0862
SARS-CoV2-5UTR-Amplicon-short-trimmed+3,129,t,0.3635
SARS-CoV2-5UTR-Amplicon-short-trimmed+3,130,c,0.0588
SARS-CoV2-5UTR-Amplicon-short-trimmed+3,131,t,0.0918
SARS-CoV2-5UTR-Amplicon-short-trimmed+3,132,t,0.132
SARS-CoV2-5UTR-Amplicon-short-trimmed+3,133,c,0.1893
SARS-CoV2-5UTR-Amplicon-short-trimmed+3,134,t,0.1362
SARS-CoV2-5UTR-Amplicon-short-trimmed+3,135,g,0.1239
SARS-CoV2-5UTR-Amplicon-short-trimmed+3,136,c,0.3743
SARS-CoV2-5UTR-Amplicon-short-trimmed+3,137,a,0.1576
SARS-CoV2-5UTR-Amplicon-short-trimmed+3,138,g,0.0774
SARS-CoV2-5UTR-Amplicon-short-trimmed+3,139,g,0.2042
SARS-CoV2-5UTR-Amplicon-short-trimmed+3,140,c,0.0921
SARS-CoV2-5UTR-Amplicon-short-trimmed+3,141,t,0.2019
SARS-CoV2-5UTR-Amplicon-short-trimmed+3,142,g,0.3059
SARS-CoV2-5UTR-Amplicon-short-trimmed+3,143,c,0.0977
SARS-CoV2-5UTR-Amplicon-short-trimmed+3,144,t,0.0734
SARS-CoV2-5UTR-Amplicon-short-trimmed+3,145,t,0.099
SARS-CoV2-5UTR-Amplicon-short-trimmed+3,146,a,0.1338
SARS-CoV2-5UTR-Amplicon-short-trimmed+3,147,c,0.1386
SARS-CoV2-5UTR-Amplicon-short-trimmed+3,148,g,0.3401
SARS-CoV2-5UTR-Amplicon-short-trimmed+3,149,g,0.1354
SARS-CoV2-5UTR-Amplicon-short-trimmed+3,150,t,0.1206
SARS-CoV2-5UTR-Amplicon-short-trimmed+3,151,t,0.1119
SARS-CoV2-5UTR-Amplicon-short-trimmed+3,152,t,0.159
SARS-CoV2-5UTR-Amplicon-short-trimmed+3,153,c,0.1792
SARS-CoV2-5UTR-Amplicon-short-trimmed+3,154,g,0.0656
SARS-CoV2-5UTR-Amplicon-short-trimmed+3,155,t,0.2504
SARS-CoV2-5UTR-Amplicon-short-trimmed+3,156,c,0.1738
SARS-CoV2-5UTR-Amplicon-short-trimmed+3,157,c,0.1725
SARS-CoV2-5UTR-Amplicon-short-trimmed+3,158,g,0.0831
SARS-CoV2-5UTR-Amplicon-short-trimmed+3,159,t,0.9811
SARS-CoV2-5UTR-Amplicon-short-trimmed+3,160,g,0.0881
SARS-CoV2-5UTR-Amplicon-short-trimmed+3,161,t,0.1156
SARS-CoV2-5UTR-Amplicon-short-trimmed+3,162,t,0.1392
SARS-CoV2-5UTR-Amplicon-short-trimmed+3,163,g,0.1115
SARS-CoV2-5UTR-Amplicon-short-trimmed+3,164,c,0.2102
SARS-CoV2-5UTR-Amplicon-short-trimmed+3,165,a,0.2322
SARS-CoV2-5UTR-Amplicon-short-trimmed+3,166,g,0.3962
SARS-CoV2-5UTR-Amplicon-short-trimmed+3,167,c,0.2727
SARS-CoV2-5UTR-Amplicon-short-trimmed+3,168,c,0.54
SARS-CoV2-5UTR-Amplicon-short-trimmed+3,169,g,0.0906
SARS-CoV2-5UTR-Amplicon-short-trimmed+3,170,a,0.0911
SARS-CoV2-5UTR-Amplicon-short-trimmed+3,171,t,0.1108
SARS-CoV2-5UTR-Amplicon-short-trimmed+3,172,c,0.1562
SARS-CoV2-5UTR-Amplicon-short-trimmed+3,173,a,0.046
SARS-CoV2-5UTR-Amplicon-short-trimmed+3,174,t,0.0781
SARS-CoV2-5UTR-Amplicon-short-trimmed+3,175,c,0.1876
SARS-CoV2-5UTR-Amplicon-short-trimmed+3,176,a,0.1171
SARS-CoV2-5UTR-Amplicon-short-trimmed+3,177,g,0.1198
SARS-CoV2-5UTR-Amplicon-short-trimmed+3,178,c,0.5532
SARS-CoV2-5UTR-Amplicon-short-trimmed+3,179,a,0.0781
SARS-CoV2-5UTR-Amplicon-short-trimmed+3,180,c,0.08
SARS-CoV2-5UTR-Amplicon-short-trimmed+3,181,a,0.0605
SARS-CoV2-5UTR-Amplicon-short-trimmed+3,182,t,0.1252
SARS-CoV2-5UTR-Amplicon-short-trimmed+3,183,c,0.068
SARS-CoV2-5UTR-Amplicon-short-trimmed+3,184,t,0.0846
SARS-CoV2-5UTR-Amplicon-short-trimmed+3,185,a,0.1631
SARS-CoV2-5UTR-Amplicon-short-trimmed+3,186,g,0.0835
SARS-CoV2-5UTR-Amplicon-short-trimmed+3,187,g,0.0844
SARS-CoV2-5UTR-Amplicon-short-trimmed+3,188,t,0.1249
SARS-CoV2-5UTR-Amplicon-short-trimmed+3,189,t,0.2603
SARS-CoV2-5UTR-Amplicon-short-trimmed+3,190,t,0.2749
SARS-CoV2-5UTR-Amplicon-short-trimmed+3,191,c,0.1247
SARS-CoV2-5UTR-Amplicon-short-trimmed+3,192,g,0.0741
SARS-CoV2-5UTR-Amplicon-short-trimmed+3,193,t,0.8584
SARS-CoV2-5UTR-Amplicon-short-trimmed+3,194,c,0.1198
SARS-CoV2-5UTR-Amplicon-short-trimmed+3,195,c,0.1604
SARS-CoV2-5UTR-Amplicon-short-trimmed+3,196,g,0.3367
SARS-CoV2-5UTR-Amplicon-short-trimmed+3,197,g,0.144
SARS-CoV2-5UTR-Amplicon-short-trimmed+3,198,g,0.434
SARS-CoV2-5UTR-Amplicon-short-trimmed+3,199,t,0.1932
SARS-CoV2-5UTR-Amplicon-short-trimmed+3,200,g,0.0738
SARS-CoV2-5UTR-Amplicon-short-trimmed+3,201,t,0.1148
SARS-CoV2-5UTR-Amplicon-short-trimmed+3,202,g,0.1032
SARS-CoV2-5UTR-Amplicon-short-trimmed+3,203,a,0.25
SARS-CoV2-5UTR-Amplicon-short-trimmed+3,204,c,0.0951
SARS-CoV2-5UTR-Amplicon-short-trimmed+3,205,c,0.0784
SARS-CoV2-5UTR-Amplicon-short-trimmed+3,206,g,0.0906
SARS-CoV2-5UTR-Amplicon-short-trimmed+3,207,a,0.0993
SARS-CoV2-5UTR-Amplicon-short-trimmed+3,208,a,0.0486
SARS-CoV2-5UTR-Amplicon-short-trimmed+3,209,a,0.1351
SARS-CoV2-5UTR-Amplicon-short-trimmed+3,210,g,0.1181
SARS-CoV2-5UTR-Amplicon-short-trimmed+3,211,g,0.1286
SARS-CoV2-5UTR-Amplicon-short-trimmed+3,212,t,0.103
SARS-CoV2-5UTR-Amplicon-short-trimmed+3,213,a,0.0549
SARS-CoV2-5UTR-Amplicon-short-trimmed+3,214,a,0.0687
SARS-CoV2-5UTR-Amplicon-short-trimmed+3,215,g,0.0697
SARS-CoV2-5UTR-Amplicon-short-trimmed+3,216,a,0.0468
SARS-CoV2-5UTR-Amplicon-short-trimmed+3,217,t,0.0993
SARS-CoV2-5UTR-Amplicon-short-trimmed+3,218,g,0.0601
SARS-CoV2-5UTR-Amplicon-short-trimmed+3,219,g,0.0773
SARS-CoV2-5UTR-Amplicon-short-trimmed+3,220,a,0.2317
SARS-CoV2-5UTR-Amplicon-short-trimmed+3,221,g,0.1595
SARS-CoV2-5UTR-Amplicon-short-trimmed+3,222,a,0.0672
SARS-CoV2-5UTR-Amplicon-short-trimmed+3,223,g,0.1684
SARS-CoV2-5UTR-Amplicon-short-trimmed+3,224,c,0.0857
SARS-CoV2-5UTR-Amplicon-short-trimmed+3,225,c,0.0703
SARS-CoV2-5UTR-Amplicon-short-trimmed+3,226,t,0.0544
SARS-CoV2-5UTR-Amplicon-short-trimmed+3,227,t,0.2472
SARS-CoV2-5UTR-Amplicon-short-trimmed+3,228,g,0.0557
SARS-CoV2-5UTR-Amplicon-short-trimmed+3,229,t,0.1225
SARS-CoV2-5UTR-Amplicon-short-trimmed+3,230,c,0.0591
SARS-CoV2-5UTR-Amplicon-short-trimmed+3,231,c,0.0587
SARS-CoV2-5UTR-Amplicon-short-trimmed+3,232,c,0.101
SARS-CoV2-5UTR-Amplicon-short-trimmed+3,233,t,0.1589
SARS-CoV2-5UTR-Amplicon-short-trimmed+3,234,g,0.0858
SARS-CoV2-5UTR-Amplicon-short-trimmed+3,235,g,0.1521
SARS-CoV2-5UTR-Amplicon-short-trimmed+3,236,t,0.0657
SARS-CoV2-5UTR-Amplicon-short-trimmed+3,237,t,0.0464
SARS-CoV2-5UTR-Amplicon-short-trimmed+3,238,t,0.1003
SARS-CoV2-5UTR-Amplicon-short-trimmed+3,239,c,0.6034
SARS-CoV2-5UTR-Amplicon-short-trimmed+3,240,a,0.0739
SARS-CoV2-5UTR-Amplicon-short-trimmed+3,241,a,0.0605
SARS-CoV2-5UTR-Amplicon-short-trimmed+3,242,c,0.0835
SARS-CoV2-5UTR-Amplicon-short-trimmed+3,243,g,0.0322
SARS-CoV2-5UTR-Amplicon-short-trimmed+3,244,a,0.1923
SARS-CoV2-5UTR-Amplicon-short-trimmed+3,245,g,0
SARS-CoV2-5UTR-Amplicon-short-trimmed+3,246,g,0
SARS-CoV2-5UTR-Amplicon-short-trimmed+3,247,G,0
SARS-CoV2-5UTR-Amplicon-short-trimmed+3,248,A,0
SARS-CoV2-5UTR-Amplicon-short-trimmed+3,249,G,0
