Region,Position,Ref_base,Mut_percentage
SARS-CoV2-5UTR-Amplicon-short-trimmed+3,1,T,0
SARS-CoV2-5UTR-Amplicon-short-trimmed+3,2,T,0
SARS-CoV2-5UTR-Amplicon-short-trimmed+3,3,G,0
SARS-CoV2-5UTR-Amplicon-short-trimmed+3,4,t,0
SARS-CoV2-5UTR-Amplicon-short-trimmed+3,5,a,0
SARS-CoV2-5UTR-Amplicon-short-trimmed+3,6,g,0.065
SARS-CoV2-5UTR-Amplicon-short-trimmed+3,7,a,0.0239
SARS-CoV2-5UTR-Amplicon-short-trimmed+3,8,t,0.0714
SARS-CoV2-5UTR-Amplicon-short-trimmed+3,9,c,0.0643
SARS-CoV2-5UTR-Amplicon-short-trimmed+3,10,t,0.0317
SARS-CoV2-5UTR-Amplicon-short-trimmed+3,11,g,0.1805
SARS-CoV2-5UTR-Amplicon-short-trimmed+3,12,t,0.0719
SARS-CoV2-5UTR-Amplicon-short-trimmed+3,13,t,0.0662
SARS-CoV2-5UTR-Amplicon-short-trimmed+3,14,c,0.0494
SARS-CoV2-5UTR-Amplicon-short-trimmed+3,15,t,0.1089
SARS-CoV2-5UTR-Amplicon-short-trimmed+3,16,c,0.0676
SARS-CoV2-5UTR-Amplicon-short-trimmed+3,17,t,0.0385
SARS-CoV2-5UTR-Amplicon-short-trimmed+3,18,a,0.0654
SARS-CoV2-5UTR-Amplicon-short-trimmed+3,19,a,0.0154
SARS-CoV2-5UTR-Amplicon-short-trimmed+3,20,a,0.0232
SARS-CoV2-5UTR-Amplicon-short-trimmed+3,21,c,0.0308
SARS-CoV2-5UTR-Amplicon-short-trimmed+3,22,g,0.0483
SARS-CoV2-5UTR-Amplicon-short-trimmed+3,23,a,0.0188
SARS-CoV2-5UTR-Amplicon-short-trimmed+3,24,a,0.0432
SARS-CoV2-5UTR-Amplicon-short-trimmed+3,25,c,2.0361
SARS-CoV2-5UTR-Amplicon-short-trimmed+3,26,t,0.1911
SARS-CoV2-5UTR-Amplicon-short-trimmed+3,27,t,0.1134
SARS-CoV2-5UTR-Amplicon-short-trimmed+3,28,t,0.0348
SARS-CoV2-5UTR-Amplicon-short-trimmed+3,29,a,0.0777
SARS-CoV2-5UTR-Amplicon-short-trimmed+3,30,a,0.0456
SARS-CoV2-5UTR-Amplicon-short-trimmed+3,31,a,0.0662
SARS-CoV2-5UTR-Amplicon-short-trimmed+3,32,a,0.0328
SARS-CoV2-5UTR-Amplicon-short-trimmed+3,33,t,0.07
SARS-CoV2-5UTR-Amplicon-short-trimmed+3,34,c,0.0359
SARS-CoV2-5UTR-Amplicon-short-trimmed+3,35,t,0.0748
SARS-CoV2-5UTR-Amplicon-short-trimmed+3,36,g,0.0761
SARS-CoV2-5UTR-Amplicon-short-trimmed+3,37,t,0.0771
SARS-CoV2-5UTR-Amplicon-short-trimmed+3,38,g,0.0359
SARS-CoV2-5UTR-Amplicon-short-trimmed+3,39,t,0.0488
SARS-CoV2-5UTR-Amplicon-short-trimmed+3,40,g,0.0574
SARS-CoV2-5UTR-Amplicon-short-trimmed+3,41,g,0.1122
SARS-CoV2-5UTR-Amplicon-short-trimmed+3,42,c,0.0777
SARS-CoV2-5UTR-Amplicon-short-trimmed+3,43,t,0.1311
SARS-CoV2-5UTR-Amplicon-short-trimmed+3,44,g,0.0856
SARS-CoV2-5UTR-Amplicon-short-trimmed+3,45,t,0.1394
SARS-CoV2-5UTR-Amplicon-short-trimmed+3,46,c,0.0402
SARS-CoV2-5UTR-Amplicon-short-trimmed+3,47,a,0.0464
SARS-CoV2-5UTR-Amplicon-short-trimmed+3,48,c,0.0359
SARS-CoV2-5UTR-Amplicon-short-trimmed+3,49,t,0.0586
SARS-CoV2-5UTR-Amplicon-short-trimmed+3,50,c,0.0602
SARS-CoV2-5UTR-Amplicon-short-trimmed+3,51,g,0.1002
SARS-CoV2-5UTR-Amplicon-short-trimmed+3,52,g,0.2022
SARS-CoV2-5UTR-Amplicon-short-trimmed+3,53,c,0.1299
SARS-CoV2-5UTR-Amplicon-short-trimmed+3,54,t,0.0735
SARS-CoV2-5UTR-Amplicon-short-trimmed+3,55,g,0.1832
SARS-CoV2-5UTR-Amplicon-short-trimmed+3,56,c,0.095
SARS-CoV2-5UTR-Amplicon-short-trimmed+3,57,g,0.1864
SARS-CoV2-5UTR-Amplicon-short-trimmed+3,58,t,0.0712
SARS-CoV2-5UTR-Amplicon-short-trimmed+3,59,g,0.13
SARS-CoV2-5UTR-Amplicon-short-trimmed+3,60,c,0.0775
SARS-CoV2-5UTR-Amplicon-short-trimmed+3,61,t,0.0945
SARS-CoV2-5UTR-Amplicon-short-trimmed+3,62,t,0.0489
SARS-CoV2-5UTR-Amplicon-short-trimmed+3,63,a,0.0483
SARS-CoV2-5UTR-Amplicon-short-trimmed+3,64,g,0.0649
SARS-CoV2-5UTR-Amplicon-short-trimmed+3,65,t,0.0422
SARS-CoV2-5UTR-Amplicon-short-trimmed+3,66,g,0.1165
SARS-CoV2-5UTR-Amplicon-short-trimmed+3,67,c,0.1387
SARS-CoV2-5UTR-Amplicon-short-trimmed+3,68,a,0.0625
SARS-CoV2-5UTR-Amplicon-short-trimmed+3,69,c,0.0687
SARS-CoV2-5UTR-Amplicon-short-trimmed+3,70,t,0.0687
SARS-CoV2-5UTR-Amplicon-short-trimmed+3,71,c,0.0417
SARS-CoV2-5UTR-Amplicon-short-trimmed+3,72,a,0.0516
SARS-CoV2-5UTR-Amplicon-short-trimmed+3,73,c,0.0604
SARS-CoV2-5UTR-Amplicon-short-trimmed+3,74,g,0.1234
SARS-CoV2-5UTR-Amplicon-short-trimmed+3,75,c,0.033
SARS-CoV2-5UTR-Amplicon-short-trimmed+3,76,a,0.0816
SARS-CoV2-5UTR-Amplicon-short-trimmed+3,77,g,0.0802
SARS-CoV2-5UTR-Amplicon-short-trimmed+3,78,t,0.0382
SARS-CoV2-5UTR-Amplicon-short-trimmed+3,79,a,0.0359
SARS-CoV2-5UTR-Amplicon-short-trimmed+3,80,t,0.0305
SARS-CoV2-5UTR-Amplicon-short-trimmed+3,81,a,0.0269
SARS-CoV2-5UTR-Amplicon-short-trimmed+3,82,a,0.0587
SARS-CoV2-5UTR-Amplicon-short-trimmed+3,83,t,0.0348
SARS-CoV2-5UTR-Amplicon-short-trimmed+3,84,t,0.0577
SARS-CoV2-5UTR-Amplicon-short-trimmed+3,85,a,0.0678
SARS-CoV2-5UTR-Amplicon-short-trimmed+3,86,a,0.0551
SARS-CoV2-5UTR-Amplicon-short-trimmed+3,87,t,0.0242
SARS-CoV2-5UTR-Amplicon-short-trimmed+3,88,a,0.0432
SARS-CoV2-5UTR-Amplicon-short-trimmed+3,89,a,0.0538
SARS-CoV2-5UTR-Amplicon-short-trimmed+3,90,c,0.2967
SARS-CoV2-5UTR-Amplicon-short-trimmed+3,91,t,0.0868
SARS-CoV2-5UTR-Amplicon-short-trimmed+3,92,a,0.0396
SARS-CoV2-5UTR-Amplicon-short-trimmed+3,93,a,0.0389
SARS-CoV2-5UTR-Amplicon-short-trimmed+3,94,t,0.0443
SARS-CoV2-5UTR-Amplicon-short-trimmed+3,95,t,0.0385
SARS-CoV2-5UTR-Amplicon-short-trimmed+3,96,a,0.0418
SARS-CoV2-5UTR-Amplicon-short-trimmed+3,97,c,0.0418
SARS-CoV2-5UTR-Amplicon-short-trimmed+3,98,t,0.2858
SARS-CoV2-5UTR-Amplicon-short-trimmed+3,99,g,0.0995
SARS-CoV2-5UTR-Amplicon-short-trimmed+3,100,t,0.0923
SARS-CoV2-5UTR-Amplicon-short-trimmed+3,101,c,0.0573
SARS-CoV2-5UTR-Amplicon-short-trimmed+3,102,g,0.093
SARS-CoV2-5UTR-Amplicon-short-trimmed+3,103,t,0.0718
SARS-CoV2-5UTR-Amplicon-short-trimmed+3,104,t,0.094
SARS-CoV2-5UTR-Amplicon-short-trimmed+3,105,g,0.0745
SARS-CoV2-5UTR-Amplicon-short-trimmed+3,106,a,0.0442
SARS-CoV2-5UTR-Amplicon-short-trimmed+3,107,c,0.0783
SARS-CoV2-5UTR-Amplicon-short-trimmed+3,108,a,0.0861
SARS-CoV2-5UTR-Amplicon-short-trimmed+3,109,g,0.1167
SARS-CoV2-5UTR-Amplicon-short-trimmed+3,110,g,0.1002
SARS-CoV2-5UTR-Amplicon-short-trimmed+3,111,a,0.0434
SARS-CoV2-5UTR-Amplicon-short-trimmed+3,112,c,0.0742
SARS-CoV2-5UTR-Amplicon-short-trimmed+3,113,a,0.0543
SARS-CoV2-5UTR-Amplicon-short-trimmed+3,114,c,0.1025
SARS-CoV2-5UTR-Amplicon-short-trimmed+3,115,g,0.06
SARS-CoV2-5UTR-Amplicon-short-trimmed+3,116,a,0.069
SARS-CoV2-5UTR-Amplicon-short-trimmed+3,117,g,0.0462
SARS-CoV2-5UTR-Amplicon-short-trimmed+3,118,t,0.15
SARS-CoV2-5UTR-Amplicon-short-trimmed+3,119,a,0.1189
SARS-CoV2-5UTR-Amplicon-short-trimmed+3,120,a,0.0894
SARS-CoV2-5UTR-Amplicon-short-trimmed+3,121,c,0.1813
SARS-CoV2-5UTR-Amplicon-short-trimmed+3,122,t,0.1813
SARS-CoV2-5UTR-Amplicon-short-trimmed+3,123,c,0.1834
SARS-CoV2-5UTR-Amplicon-short-trimmed+3,124,g,0.1973
SARS-CoV2-5UTR-Amplicon-short-trimmed+3,125,t,0.2733
SARS-CoV2-5UTR-Amplicon-short-trimmed+3,126,c,0.116
SARS-CoV2-5UTR-Amplicon-short-trimmed+3,127,t,0.0842
SARS-CoV2-5UTR-Amplicon-short-trimmed+3,128,a,0.1043
SARS-CoV2-5UTR-Amplicon-short-trimmed+3,129,t,0.4333
SARS-CoV2-5UTR-Amplicon-short-trimmed+3,130,c,0.0769
SARS-CoV2-5UTR-Amplicon-short-trimmed+3,131,t,0.0978
SARS-CoV2-5UTR-Amplicon-short-trimmed+3,132,t,0.142
SARS-CoV2-5UTR-Amplicon-short-trimmed+3,133,c,0.2123
SARS-CoV2-5UTR-Amplicon-short-trimmed+3,134,t,0.1703
SARS-CoV2-5UTR-Amplicon-short-trimmed+3,135,g,0.1312
SARS-CoV2-5UTR-Amplicon-short-trimmed+3,136,c,0.3884
SARS-CoV2-5UTR-Amplicon-short-trimmed+3,137,a,0.1952
SARS-CoV2-5UTR-Amplicon-short-trimmed+3,138,g,0.0765
SARS-CoV2-5UTR-Amplicon-short-trimmed+3,139,g,0.2237
SARS-CoV2-5UTR-Amplicon-short-trimmed+3,140,c,0.098
SARS-CoV2-5UTR-Amplicon-short-trimmed+3,141,t,0.2469
SARS-CoV2-5UTR-Amplicon-short-trimmed+3,142,g,0.3531
SARS-CoV2-5UTR-Amplicon-short-trimmed+3,143,c,0.1125
SARS-CoV2-5UTR-Amplicon-short-trimmed+3,144,t,0.1003
SARS-CoV2-5UTR-Amplicon-short-trimmed+3,145,t,0.119
SARS-CoV2-5UTR-Amplicon-short-trimmed+3,146,a,0.1566
SARS-CoV2-5UTR-Amplicon-short-trimmed+3,147,c,0.1556
SARS-CoV2-5UTR-Amplicon-short-trimmed+3,148,g,0.3496
SARS-CoV2-5UTR-Amplicon-short-trimmed+3,149,g,0.1654
SARS-CoV2-5UTR-Amplicon-short-trimmed+3,150,t,0.1364
SARS-CoV2-5UTR-Amplicon-short-trimmed+3,151,t,0.125
SARS-CoV2-5UTR-Amplicon-short-trimmed+3,152,t,0.1822
SARS-CoV2-5UTR-Amplicon-short-trimmed+3,153,c,0.1983
SARS-CoV2-5UTR-Amplicon-short-trimmed+3,154,g,0.0781
SARS-CoV2-5UTR-Amplicon-short-trimmed+3,155,t,0.297
SARS-CoV2-5UTR-Amplicon-short-trimmed+3,156,c,0.1764
SARS-CoV2-5UTR-Amplicon-short-trimmed+3,157,c,0.1956
SARS-CoV2-5UTR-Amplicon-short-trimmed+3,158,g,0.1009
SARS-CoV2-5UTR-Amplicon-short-trimmed+3,159,t,1.147
SARS-CoV2-5UTR-Amplicon-short-trimmed+3,160,g,0.0828
SARS-CoV2-5UTR-Amplicon-short-trimmed+3,161,t,0.1306
SARS-CoV2-5UTR-Amplicon-short-trimmed+3,162,t,0.1652
SARS-CoV2-5UTR-Amplicon-short-trimmed+3,163,g,0.111
SARS-CoV2-5UTR-Amplicon-short-trimmed+3,164,c,0.2385
SARS-CoV2-5UTR-Amplicon-short-trimmed+3,165,a,0.2582
SARS-CoV2-5UTR-Amplicon-short-trimmed+3,166,g,0.4191
SARS-CoV2-5UTR-Amplicon-short-trimmed+3,167,c,0.2506
SARS-CoV2-5UTR-Amplicon-short-trimmed+3,168,c,0.5374
SARS-CoV2-5UTR-Amplicon-short-trimmed+3,169,g,0.1072
SARS-CoV2-5UTR-Amplicon-short-trimmed+3,170,a,0.1168
SARS-CoV2-5UTR-Amplicon-short-trimmed+3,171,t,0.1208
SARS-CoV2-5UTR-Amplicon-short-trimmed+3,172,c,0.1726
SARS-CoV2-5UTR-Amplicon-short-trimmed+3,173,a,0.0544
SARS-CoV2-5UTR-Amplicon-short-trimmed+3,174,t,0.0849
SARS-CoV2-5UTR-Amplicon-short-trimmed+3,175,c,0.2088
SARS-CoV2-5UTR-Amplicon-short-trimmed+3,176,a,0.136
SARS-CoV2-5UTR-Amplicon-short-trimmed+3,177,g,0.1319
SARS-CoV2-5UTR-Amplicon-short-trimmed+3,178,c,0.5713
SARS-CoV2-5UTR-Amplicon-short-trimmed+3,179,a,0.1003
SARS-CoV2-5UTR-Amplicon-short-trimmed+3,180,c,0.0876
SARS-CoV2-5UTR-Amplicon-short-trimmed+3,181,a,0.0787
SARS-CoV2-5UTR-Amplicon-short-trimmed+3,182,t,0.1391
SARS-CoV2-5UTR-Amplicon-short-trimmed+3,183,c,0.0755
SARS-CoV2-5UTR-Amplicon-short-trimmed+3,184,t,0.1001
SARS-CoV2-5UTR-Amplicon-short-trimmed+3,185,a,0.1767
SARS-CoV2-5UTR-Amplicon-short-trimmed+3,186,g,0.0781
SARS-CoV2-5UTR-Amplicon-short-trimmed+3,187,g,0.091
SARS-CoV2-5UTR-Amplicon-short-trimmed+3,188,t,0.1276
SARS-CoV2-5UTR-Amplicon-short-trimmed+3,189,t,0.2706
SARS-CoV2-5UTR-Amplicon-short-trimmed+3,190,t,0.3182
SARS-CoV2-5UTR-Amplicon-short-trimmed+3,191,c,0.1284
SARS-CoV2-5UTR-Amplicon-short-trimmed+3,192,g,0.0754
SARS-CoV2-5UTR-Amplicon-short-trimmed+3,193,t,0.9598
SARS-CoV2-5UTR-Amplicon-short-trimmed+3,194,c,0.1222
SARS-CoV2-5UTR-Amplicon-short-trimmed+3,195,c,0.1766
SARS-CoV2-5UTR-Amplicon-short-trimmed+3,196,g,0.3252
SARS-CoV2-5UTR-Amplicon-short-trimmed+3,197,g,0.1335
SARS-CoV2-5UTR-Amplicon-short-trimmed+3,198,g,0.4232
SARS-CoV2-5UTR-Amplicon-short-trimmed+3,199,t,0.2227
SARS-CoV2-5UTR-Amplicon-short-trimmed+3,200,g,0.0845
SARS-CoV2-5UTR-Amplicon-short-trimmed+3,201,t,0.1257
SARS-CoV2-5UTR-Amplicon-short-trimmed+3,202,g,0.1048
SARS-CoV2-5UTR-Amplicon-short-trimmed+3,203,a,0.2882
SARS-CoV2-5UTR-Amplicon-short-trimmed+3,204,c,0.1056
SARS-CoV2-5UTR-Amplicon-short-trimmed+3,205,c,0.0969
SARS-CoV2-5UTR-Amplicon-short-trimmed+3,206,g,0.0832
SARS-CoV2-5UTR-Amplicon-short-trimmed+3,207,a,0.1044
SARS-CoV2-5UTR-Amplicon-short-trimmed+3,208,a,0.0627
SARS-CoV2-5UTR-Amplicon-short-trimmed+3,209,a,0.1427
SARS-CoV2-5UTR-Amplicon-short-trimmed+3,210,g,0.1046
SARS-CoV2-5UTR-Amplicon-short-trimmed+3,211,g,0.1146
SARS-CoV2-5UTR-Amplicon-short-trimmed+3,212,t,0.1216
SARS-CoV2-5UTR-Amplicon-short-trimmed+3,213,a,0.0608
SARS-CoV2-5UTR-Amplicon-short-trimmed+3,214,a,0.0823
SARS-CoV2-5UTR-Amplicon-short-trimmed+3,215,g,0.0729
SARS-CoV2-5UTR-Amplicon-short-trimmed+3,216,a,0.0488
SARS-CoV2-5UTR-Amplicon-short-trimmed+3,217,t,0.1273
SARS-CoV2-5UTR-Amplicon-short-trimmed+3,218,g,0.0664
SARS-CoV2-5UTR-Amplicon-short-trimmed+3,219,g,0.0746
SARS-CoV2-5UTR-Amplicon-short-trimmed+3,220,a,0.2405
SARS-CoV2-5UTR-Amplicon-short-trimmed+3,221,g,0.1593
SARS-CoV2-5UTR-Amplicon-short-trimmed+3,222,a,0.0751
SARS-CoV2-5UTR-Amplicon-short-trimmed+3,223,g,0.1892
SARS-CoV2-5UTR-Amplicon-short-trimmed+3,224,c,0.0824
SARS-CoV2-5UTR-Amplicon-short-trimmed+3,225,c,0.0809
SARS-CoV2-5UTR-Amplicon-short-trimmed+3,226,t,0.0585
SARS-CoV2-5UTR-Amplicon-short-trimmed+3,227,t,0.2837
SARS-CoV2-5UTR-Amplicon-short-trimmed+3,228,g,0.0544
SARS-CoV2-5UTR-Amplicon-short-trimmed+3,229,t,0.1442
SARS-CoV2-5UTR-Amplicon-short-trimmed+3,230,c,0.06
SARS-CoV2-5UTR-Amplicon-short-trimmed+3,231,c,0.0612
SARS-CoV2-5UTR-Amplicon-short-trimmed+3,232,c,0.0855
SARS-CoV2-5UTR-Amplicon-short-trimmed+3,233,t,0.1677
SARS-CoV2-5UTR-Amplicon-short-trimmed+3,234,g,0.0848
SARS-CoV2-5UTR-Amplicon-short-trimmed+3,235,g,0.1547
SARS-CoV2-5UTR-Amplicon-short-trimmed+3,236,t,0.0692
SARS-CoV2-5UTR-Amplicon-short-trimmed+3,237,t,0.053
SARS-CoV2-5UTR-Amplicon-short-trimmed+3,238,t,0.1142
SARS-CoV2-5UTR-Amplicon-short-trimmed+3,239,c,0.5851
SARS-CoV2-5UTR-Amplicon-short-trimmed+3,240,a,0.0864
SARS-CoV2-5UTR-Amplicon-short-trimmed+3,241,a,0.0729
SARS-CoV2-5UTR-Amplicon-short-trimmed+3,242,c,0.081
SARS-CoV2-5UTR-Amplicon-short-trimmed+3,243,g,0.0369
SARS-CoV2-5UTR-Amplicon-short-trimmed+3,244,a,0.2026
SARS-CoV2-5UTR-Amplicon-short-trimmed+3,245,g,0
SARS-CoV2-5UTR-Amplicon-short-trimmed+3,246,g,0
SARS-CoV2-5UTR-Amplicon-short-trimmed+3,247,G,0
SARS-CoV2-5UTR-Amplicon-short-trimmed+3,248,A,0
SARS-CoV2-5UTR-Amplicon-short-trimmed+3,249,G,0
