Region,Position,Ref_base,Mut_percentage
SARS-CoV2-5UTR-Amplicon-short-trimmed+3,1,T,0
SARS-CoV2-5UTR-Amplicon-short-trimmed+3,2,T,0
SARS-CoV2-5UTR-Amplicon-short-trimmed+3,3,G,0
SARS-CoV2-5UTR-Amplicon-short-trimmed+3,4,t,0
SARS-CoV2-5UTR-Amplicon-short-trimmed+3,5,a,0
SARS-CoV2-5UTR-Amplicon-short-trimmed+3,6,g,0.0377
SARS-CoV2-5UTR-Amplicon-short-trimmed+3,7,a,0.0162
SARS-CoV2-5UTR-Amplicon-short-trimmed+3,8,t,0.0222
SARS-CoV2-5UTR-Amplicon-short-trimmed+3,9,c,0.0367
SARS-CoV2-5UTR-Amplicon-short-trimmed+3,10,t,0.0147
SARS-CoV2-5UTR-Amplicon-short-trimmed+3,11,g,0.0715
SARS-CoV2-5UTR-Amplicon-short-trimmed+3,12,t,0.0321
SARS-CoV2-5UTR-Amplicon-short-trimmed+3,13,t,0.0405
SARS-CoV2-5UTR-Amplicon-short-trimmed+3,14,c,0.0432
SARS-CoV2-5UTR-Amplicon-short-trimmed+3,15,t,0.0567
SARS-CoV2-5UTR-Amplicon-short-trimmed+3,16,c,0.0353
SARS-CoV2-5UTR-Amplicon-short-trimmed+3,17,t,0.027
SARS-CoV2-5UTR-Amplicon-short-trimmed+3,18,a,0.0658
SARS-CoV2-5UTR-Amplicon-short-trimmed+3,19,a,0.0113
SARS-CoV2-5UTR-Amplicon-short-trimmed+3,20,a,0.0233
SARS-CoV2-5UTR-Amplicon-short-trimmed+3,21,c,0.023
SARS-CoV2-5UTR-Amplicon-short-trimmed+3,22,g,0.0294
SARS-CoV2-5UTR-Amplicon-short-trimmed+3,23,a,0.0165
SARS-CoV2-5UTR-Amplicon-short-trimmed+3,24,a,0.0149
SARS-CoV2-5UTR-Amplicon-short-trimmed+3,25,c,0.4802
SARS-CoV2-5UTR-Amplicon-short-trimmed+3,26,t,0.096
SARS-CoV2-5UTR-Amplicon-short-trimmed+3,27,t,0.0601
SARS-CoV2-5UTR-Amplicon-short-trimmed+3,28,t,0.0157
SARS-CoV2-5UTR-Amplicon-short-trimmed+3,29,a,0.0501
SARS-CoV2-5UTR-Amplicon-short-trimmed+3,30,a,0.0338
SARS-CoV2-5UTR-Amplicon-short-trimmed+3,31,a,0.0679
SARS-CoV2-5UTR-Amplicon-short-trimmed+3,32,a,0.0279
SARS-CoV2-5UTR-Amplicon-short-trimmed+3,33,t,0.0386
SARS-CoV2-5UTR-Amplicon-short-trimmed+3,34,c,0.0306
SARS-CoV2-5UTR-Amplicon-short-trimmed+3,35,t,0.0366
SARS-CoV2-5UTR-Amplicon-short-trimmed+3,36,g,0.0498
SARS-CoV2-5UTR-Amplicon-short-trimmed+3,37,t,0.045
SARS-CoV2-5UTR-Amplicon-short-trimmed+3,38,g,0.0257
SARS-CoV2-5UTR-Amplicon-short-trimmed+3,39,t,0.0344
SARS-CoV2-5UTR-Amplicon-short-trimmed+3,40,g,0.0332
SARS-CoV2-5UTR-Amplicon-short-trimmed+3,41,g,0.0589
SARS-CoV2-5UTR-Amplicon-short-trimmed+3,42,c,0.0537
SARS-CoV2-5UTR-Amplicon-short-trimmed+3,43,t,0.0772
SARS-CoV2-5UTR-Amplicon-short-trimmed+3,44,g,0.0451
SARS-CoV2-5UTR-Amplicon-short-trimmed+3,45,t,0.0667
SARS-CoV2-5UTR-Amplicon-short-trimmed+3,46,c,0.0275
SARS-CoV2-5UTR-Amplicon-short-trimmed+3,47,a,0.0319
SARS-CoV2-5UTR-Amplicon-short-trimmed+3,48,c,0.0439
SARS-CoV2-5UTR-Amplicon-short-trimmed+3,49,t,0.0312
SARS-CoV2-5UTR-Amplicon-short-trimmed+3,50,c,0.0441
SARS-CoV2-5UTR-Amplicon-short-trimmed+3,51,g,0.057
SARS-CoV2-5UTR-Amplicon-short-trimmed+3,52,g,0.0872
SARS-CoV2-5UTR-Amplicon-short-trimmed+3,53,c,0.0653
SARS-CoV2-5UTR-Amplicon-short-trimmed+3,54,t,0.0541
SARS-CoV2-5UTR-Amplicon-short-trimmed+3,55,g,0.0845
SARS-CoV2-5UTR-Amplicon-short-trimmed+3,56,c,0.0471
SARS-CoV2-5UTR-Amplicon-short-trimmed+3,57,g,0.0743
SARS-CoV2-5UTR-Amplicon-short-trimmed+3,58,t,0.0336
SARS-CoV2-5UTR-Amplicon-short-trimmed+3,59,g,0.0638
SARS-CoV2-5UTR-Amplicon-short-trimmed+3,60,c,0.0472
SARS-CoV2-5UTR-Amplicon-short-trimmed+3,61,t,0.0607
SARS-CoV2-5UTR-Amplicon-short-trimmed+3,62,t,0.0281
SARS-CoV2-5UTR-Amplicon-short-trimmed+3,63,a,0.0417
SARS-CoV2-5UTR-Amplicon-short-trimmed+3,64,g,0.0378
SARS-CoV2-5UTR-Amplicon-short-trimmed+3,65,t,0.0222
SARS-CoV2-5UTR-Amplicon-short-trimmed+3,66,g,0.0745
SARS-CoV2-5UTR-Amplicon-short-trimmed+3,67,c,0.0827
SARS-CoV2-5UTR-Amplicon-short-trimmed+3,68,a,0.0442
SARS-CoV2-5UTR-Amplicon-short-trimmed+3,69,c,0.0457
SARS-CoV2-5UTR-Amplicon-short-trimmed+3,70,t,0.0291
SARS-CoV2-5UTR-Amplicon-short-trimmed+3,71,c,0.0293
SARS-CoV2-5UTR-Amplicon-short-trimmed+3,72,a,0.0394
SARS-CoV2-5UTR-Amplicon-short-trimmed+3,73,c,0.0432
SARS-CoV2-5UTR-Amplicon-short-trimmed+3,74,g,0.0603
SARS-CoV2-5UTR-Amplicon-short-trimmed+3,75,c,0.0305
SARS-CoV2-5UTR-Amplicon-short-trimmed+3,76,a,0.0731
SARS-CoV2-5UTR-Amplicon-short-trimmed+3,77,g,0.048
SARS-CoV2-5UTR-Amplicon-short-trimmed+3,78,t,0.0194
SARS-CoV2-5UTR-Amplicon-short-trimmed+3,79,a,0.0291
SARS-CoV2-5UTR-Amplicon-short-trimmed+3,80,t,0.0112
SARS-CoV2-5UTR-Amplicon-short-trimmed+3,81,a,0.0248
SARS-CoV2-5UTR-Amplicon-short-trimmed+3,82,a,0.0481
SARS-CoV2-5UTR-Amplicon-short-trimmed+3,83,t,0.0257
SARS-CoV2-5UTR-Amplicon-short-trimmed+3,84,t,0.0403
SARS-CoV2-5UTR-Amplicon-short-trimmed+3,85,a,0.0651
SARS-CoV2-5UTR-Amplicon-short-trimmed+3,86,a,0.0445
SARS-CoV2-5UTR-Amplicon-short-trimmed+3,87,t,0.0204
SARS-CoV2-5UTR-Amplicon-short-trimmed+3,88,a,0.0396
SARS-CoV2-5UTR-Amplicon-short-trimmed+3,89,a,0.0492
SARS-CoV2-5UTR-Amplicon-short-trimmed+3,90,c,0.298
SARS-CoV2-5UTR-Amplicon-short-trimmed+3,91,t,0.0723
SARS-CoV2-5UTR-Amplicon-short-trimmed+3,92,a,0.0392
SARS-CoV2-5UTR-Amplicon-short-trimmed+3,93,a,0.0357
SARS-CoV2-5UTR-Amplicon-short-trimmed+3,94,t,0.0319
SARS-CoV2-5UTR-Amplicon-short-trimmed+3,95,t,0.0247
SARS-CoV2-5UTR-Amplicon-short-trimmed+3,96,a,0.0411
SARS-CoV2-5UTR-Amplicon-short-trimmed+3,97,c,0.0354
SARS-CoV2-5UTR-Amplicon-short-trimmed+3,98,t,0.286
SARS-CoV2-5UTR-Amplicon-short-trimmed+3,99,g,0.0627
SARS-CoV2-5UTR-Amplicon-short-trimmed+3,100,t,0.0652
SARS-CoV2-5UTR-Amplicon-short-trimmed+3,101,c,0.0398
SARS-CoV2-5UTR-Amplicon-short-trimmed+3,102,g,0.0643
SARS-CoV2-5UTR-Amplicon-short-trimmed+3,103,t,0.0568
SARS-CoV2-5UTR-Amplicon-short-trimmed+3,104,t,0.0807
SARS-CoV2-5UTR-Amplicon-short-trimmed+3,105,g,0.0475
SARS-CoV2-5UTR-Amplicon-short-trimmed+3,106,a,0.0325
SARS-CoV2-5UTR-Amplicon-short-trimmed+3,107,c,0.0602
SARS-CoV2-5UTR-Amplicon-short-trimmed+3,108,a,0.0619
SARS-CoV2-5UTR-Amplicon-short-trimmed+3,109,g,0.0584
SARS-CoV2-5UTR-Amplicon-short-trimmed+3,110,g,0.0889
SARS-CoV2-5UTR-Amplicon-short-trimmed+3,111,a,0.0322
SARS-CoV2-5UTR-Amplicon-short-trimmed+3,112,c,0.0719
SARS-CoV2-5UTR-Amplicon-short-trimmed+3,113,a,0.0458
SARS-CoV2-5UTR-Amplicon-short-trimmed+3,114,c,0.0626
SARS-CoV2-5UTR-Amplicon-short-trimmed+3,115,g,0.0408
SARS-CoV2-5UTR-Amplicon-short-trimmed+3,116,a,0.0577
SARS-CoV2-5UTR-Amplicon-short-trimmed+3,117,g,0.0473
SARS-CoV2-5UTR-Amplicon-short-trimmed+3,118,t,0.1445
SARS-CoV2-5UTR-Amplicon-short-trimmed+3,119,a,0.1523
SARS-CoV2-5UTR-Amplicon-short-trimmed+3,120,a,0.1169
SARS-CoV2-5UTR-Amplicon-short-trimmed+3,121,c,0.1988
SARS-CoV2-5UTR-Amplicon-short-trimmed+3,122,t,0.1821
SARS-CoV2-5UTR-Amplicon-short-trimmed+3,123,c,0.2134
SARS-CoV2-5UTR-Amplicon-short-trimmed+3,124,g,0.1584
SARS-CoV2-5UTR-Amplicon-short-trimmed+3,125,t,0.2055
SARS-CoV2-5UTR-Amplicon-short-trimmed+3,126,c,0.1197
SARS-CoV2-5UTR-Amplicon-short-trimmed+3,127,t,0.0761
SARS-CoV2-5UTR-Amplicon-short-trimmed+3,128,a,0.1192
SARS-CoV2-5UTR-Amplicon-short-trimmed+3,129,t,0.5191
SARS-CoV2-5UTR-Amplicon-short-trimmed+3,130,c,0.0752
SARS-CoV2-5UTR-Amplicon-short-trimmed+3,131,t,0.1054
SARS-CoV2-5UTR-Amplicon-short-trimmed+3,132,t,0.1507
SARS-CoV2-5UTR-Amplicon-short-trimmed+3,133,c,0.2625
SARS-CoV2-5UTR-Amplicon-short-trimmed+3,134,t,0.1926
SARS-CoV2-5UTR-Amplicon-short-trimmed+3,135,g,0.09
SARS-CoV2-5UTR-Amplicon-short-trimmed+3,136,c,0.3855
SARS-CoV2-5UTR-Amplicon-short-trimmed+3,137,a,0.1972
SARS-CoV2-5UTR-Amplicon-short-trimmed+3,138,g,0.057
SARS-CoV2-5UTR-Amplicon-short-trimmed+3,139,g,0.2232
SARS-CoV2-5UTR-Amplicon-short-trimmed+3,140,c,0.1025
SARS-CoV2-5UTR-Amplicon-short-trimmed+3,141,t,0.2841
SARS-CoV2-5UTR-Amplicon-short-trimmed+3,142,g,0.369
SARS-CoV2-5UTR-Amplicon-short-trimmed+3,143,c,0.0599
SARS-CoV2-5UTR-Amplicon-short-trimmed+3,144,t,0.094
SARS-CoV2-5UTR-Amplicon-short-trimmed+3,145,t,0.1402
SARS-CoV2-5UTR-Amplicon-short-trimmed+3,146,a,0.1833
SARS-CoV2-5UTR-Amplicon-short-trimmed+3,147,c,0.1432
SARS-CoV2-5UTR-Amplicon-short-trimmed+3,148,g,0.3292
SARS-CoV2-5UTR-Amplicon-short-trimmed+3,149,g,0.0784
SARS-CoV2-5UTR-Amplicon-short-trimmed+3,150,t,0.1354
SARS-CoV2-5UTR-Amplicon-short-trimmed+3,151,t,0.1395
SARS-CoV2-5UTR-Amplicon-short-trimmed+3,152,t,0.221
SARS-CoV2-5UTR-Amplicon-short-trimmed+3,153,c,0.2238
SARS-CoV2-5UTR-Amplicon-short-trimmed+3,154,g,0.0708
SARS-CoV2-5UTR-Amplicon-short-trimmed+3,155,t,0.2518
SARS-CoV2-5UTR-Amplicon-short-trimmed+3,156,c,0.1266
SARS-CoV2-5UTR-Amplicon-short-trimmed+3,157,c,0.1959
SARS-CoV2-5UTR-Amplicon-short-trimmed+3,158,g,0.0824
SARS-CoV2-5UTR-Amplicon-short-trimmed+3,159,t,1.5201
SARS-CoV2-5UTR-Amplicon-short-trimmed+3,160,g,0.0607
SARS-CoV2-5UTR-Amplicon-short-trimmed+3,161,t,0.0963
SARS-CoV2-5UTR-Amplicon-short-trimmed+3,162,t,0.1792
SARS-CoV2-5UTR-Amplicon-short-trimmed+3,163,g,0.07
SARS-CoV2-5UTR-Amplicon-short-trimmed+3,164,c,0.2373
SARS-CoV2-5UTR-Amplicon-short-trimmed+3,165,a,0.1728
SARS-CoV2-5UTR-Amplicon-short-trimmed+3,166,g,0.2821
SARS-CoV2-5UTR-Amplicon-short-trimmed+3,167,c,0.1399
SARS-CoV2-5UTR-Amplicon-short-trimmed+3,168,c,0.6417
SARS-CoV2-5UTR-Amplicon-short-trimmed+3,169,g,0.1037
SARS-CoV2-5UTR-Amplicon-short-trimmed+3,170,a,0.1361
SARS-CoV2-5UTR-Amplicon-short-trimmed+3,171,t,0.1055
SARS-CoV2-5UTR-Amplicon-short-trimmed+3,172,c,0.1904
SARS-CoV2-5UTR-Amplicon-short-trimmed+3,173,a,0.0622
SARS-CoV2-5UTR-Amplicon-short-trimmed+3,174,t,0.0775
SARS-CoV2-5UTR-Amplicon-short-trimmed+3,175,c,0.2256
SARS-CoV2-5UTR-Amplicon-short-trimmed+3,176,a,0.1233
SARS-CoV2-5UTR-Amplicon-short-trimmed+3,177,g,0.1004
SARS-CoV2-5UTR-Amplicon-short-trimmed+3,178,c,0.6322
SARS-CoV2-5UTR-Amplicon-short-trimmed+3,179,a,0.1215
SARS-CoV2-5UTR-Amplicon-short-trimmed+3,180,c,0.104
SARS-CoV2-5UTR-Amplicon-short-trimmed+3,181,a,0.0888
SARS-CoV2-5UTR-Amplicon-short-trimmed+3,182,t,0.1376
SARS-CoV2-5UTR-Amplicon-short-trimmed+3,183,c,0.0834
SARS-CoV2-5UTR-Amplicon-short-trimmed+3,184,t,0.126
SARS-CoV2-5UTR-Amplicon-short-trimmed+3,185,a,0.2016
SARS-CoV2-5UTR-Amplicon-short-trimmed+3,186,g,0.0547
SARS-CoV2-5UTR-Amplicon-short-trimmed+3,187,g,0.0444
SARS-CoV2-5UTR-Amplicon-short-trimmed+3,188,t,0.1321
SARS-CoV2-5UTR-Amplicon-short-trimmed+3,189,t,0.323
SARS-CoV2-5UTR-Amplicon-short-trimmed+3,190,t,0.4153
SARS-CoV2-5UTR-Amplicon-short-trimmed+3,191,c,0.1521
SARS-CoV2-5UTR-Amplicon-short-trimmed+3,192,g,0.0734
SARS-CoV2-5UTR-Amplicon-short-trimmed+3,193,t,1.2167
SARS-CoV2-5UTR-Amplicon-short-trimmed+3,194,c,0.0836
SARS-CoV2-5UTR-Amplicon-short-trimmed+3,195,c,0.1405
SARS-CoV2-5UTR-Amplicon-short-trimmed+3,196,g,0.3201
SARS-CoV2-5UTR-Amplicon-short-trimmed+3,197,g,0.0992
SARS-CoV2-5UTR-Amplicon-short-trimmed+3,198,g,0.3916
SARS-CoV2-5UTR-Amplicon-short-trimmed+3,199,t,0.2403
SARS-CoV2-5UTR-Amplicon-short-trimmed+3,200,g,0.0637
SARS-CoV2-5UTR-Amplicon-short-trimmed+3,201,t,0.1307
SARS-CoV2-5UTR-Amplicon-short-trimmed+3,202,g,0.1102
SARS-CoV2-5UTR-Amplicon-short-trimmed+3,203,a,0.2786
SARS-CoV2-5UTR-Amplicon-short-trimmed+3,204,c,0.0825
SARS-CoV2-5UTR-Amplicon-short-trimmed+3,205,c,0.1018
SARS-CoV2-5UTR-Amplicon-short-trimmed+3,206,g,0.0739
SARS-CoV2-5UTR-Amplicon-short-trimmed+3,207,a,0.1091
SARS-CoV2-5UTR-Amplicon-short-trimmed+3,208,a,0.0691
SARS-CoV2-5UTR-Amplicon-short-trimmed+3,209,a,0.1629
SARS-CoV2-5UTR-Amplicon-short-trimmed+3,210,g,0.1032
SARS-CoV2-5UTR-Amplicon-short-trimmed+3,211,g,0.1282
SARS-CoV2-5UTR-Amplicon-short-trimmed+3,212,t,0.1528
SARS-CoV2-5UTR-Amplicon-short-trimmed+3,213,a,0.0648
SARS-CoV2-5UTR-Amplicon-short-trimmed+3,214,a,0.0653
SARS-CoV2-5UTR-Amplicon-short-trimmed+3,215,g,0.0633
SARS-CoV2-5UTR-Amplicon-short-trimmed+3,216,a,0.0465
SARS-CoV2-5UTR-Amplicon-short-trimmed+3,217,t,0.1252
SARS-CoV2-5UTR-Amplicon-short-trimmed+3,218,g,0.0603
SARS-CoV2-5UTR-Amplicon-short-trimmed+3,219,g,0.0613
SARS-CoV2-5UTR-Amplicon-short-trimmed+3,220,a,0.2391
SARS-CoV2-5UTR-Amplicon-short-trimmed+3,221,g,0.15
SARS-CoV2-5UTR-Amplicon-short-trimmed+3,222,a,0.0733
SARS-CoV2-5UTR-Amplicon-short-trimmed+3,223,g,0.1568
SARS-CoV2-5UTR-Amplicon-short-trimmed+3,224,c,0.0554
SARS-CoV2-5UTR-Amplicon-short-trimmed+3,225,c,0.0623
SARS-CoV2-5UTR-Amplicon-short-trimmed+3,226,t,0.0431
SARS-CoV2-5UTR-Amplicon-short-trimmed+3,227,t,0.343
SARS-CoV2-5UTR-Amplicon-short-trimmed+3,228,g,0.0512
SARS-CoV2-5UTR-Amplicon-short-trimmed+3,229,t,0.1107
SARS-CoV2-5UTR-Amplicon-short-trimmed+3,230,c,0.0494
SARS-CoV2-5UTR-Amplicon-short-trimmed+3,231,c,0.0618
SARS-CoV2-5UTR-Amplicon-short-trimmed+3,232,c,0.0966
SARS-CoV2-5UTR-Amplicon-short-trimmed+3,233,t,0.1419
SARS-CoV2-5UTR-Amplicon-short-trimmed+3,234,g,0.063
SARS-CoV2-5UTR-Amplicon-short-trimmed+3,235,g,0.0616
SARS-CoV2-5UTR-Amplicon-short-trimmed+3,236,t,0.0534
SARS-CoV2-5UTR-Amplicon-short-trimmed+3,237,t,0.0627
SARS-CoV2-5UTR-Amplicon-short-trimmed+3,238,t,0.135
SARS-CoV2-5UTR-Amplicon-short-trimmed+3,239,c,0.5672
SARS-CoV2-5UTR-Amplicon-short-trimmed+3,240,a,0.0706
SARS-CoV2-5UTR-Amplicon-short-trimmed+3,241,a,0.0642
SARS-CoV2-5UTR-Amplicon-short-trimmed+3,242,c,0.0611
SARS-CoV2-5UTR-Amplicon-short-trimmed+3,243,g,0.0313
SARS-CoV2-5UTR-Amplicon-short-trimmed+3,244,a,0.231
SARS-CoV2-5UTR-Amplicon-short-trimmed+3,245,g,0
SARS-CoV2-5UTR-Amplicon-short-trimmed+3,246,g,0
SARS-CoV2-5UTR-Amplicon-short-trimmed+3,247,G,0
SARS-CoV2-5UTR-Amplicon-short-trimmed+3,248,A,0
SARS-CoV2-5UTR-Amplicon-short-trimmed+3,249,G,0
