Region,Position,Ref_base,Mut_percentage
SARS-CoV2-5UTR-Amplicon-short-trimmed+3,1,T,0
SARS-CoV2-5UTR-Amplicon-short-trimmed+3,2,T,0
SARS-CoV2-5UTR-Amplicon-short-trimmed+3,3,G,0
SARS-CoV2-5UTR-Amplicon-short-trimmed+3,4,t,0
SARS-CoV2-5UTR-Amplicon-short-trimmed+3,5,a,0
SARS-CoV2-5UTR-Amplicon-short-trimmed+3,6,g,0.0548
SARS-CoV2-5UTR-Amplicon-short-trimmed+3,7,a,0.0235
SARS-CoV2-5UTR-Amplicon-short-trimmed+3,8,t,0.0868
SARS-CoV2-5UTR-Amplicon-short-trimmed+3,9,c,0.0732
SARS-CoV2-5UTR-Amplicon-short-trimmed+3,10,t,0.0382
SARS-CoV2-5UTR-Amplicon-short-trimmed+3,11,g,0.1334
SARS-CoV2-5UTR-Amplicon-short-trimmed+3,12,t,0.0728
SARS-CoV2-5UTR-Amplicon-short-trimmed+3,13,t,0.0657
SARS-CoV2-5UTR-Amplicon-short-trimmed+3,14,c,0.0591
SARS-CoV2-5UTR-Amplicon-short-trimmed+3,15,t,0.1176
SARS-CoV2-5UTR-Amplicon-short-trimmed+3,16,c,0.0475
SARS-CoV2-5UTR-Amplicon-short-trimmed+3,17,t,0.0361
SARS-CoV2-5UTR-Amplicon-short-trimmed+3,18,a,0.0697
SARS-CoV2-5UTR-Amplicon-short-trimmed+3,19,a,0.0164
SARS-CoV2-5UTR-Amplicon-short-trimmed+3,20,a,0.0255
SARS-CoV2-5UTR-Amplicon-short-trimmed+3,21,c,0.0431
SARS-CoV2-5UTR-Amplicon-short-trimmed+3,22,g,0.0872
SARS-CoV2-5UTR-Amplicon-short-trimmed+3,23,a,0.0267
SARS-CoV2-5UTR-Amplicon-short-trimmed+3,24,a,0.048
SARS-CoV2-5UTR-Amplicon-short-trimmed+3,25,c,5.3548
SARS-CoV2-5UTR-Amplicon-short-trimmed+3,26,t,0.1947
SARS-CoV2-5UTR-Amplicon-short-trimmed+3,27,t,0.0974
SARS-CoV2-5UTR-Amplicon-short-trimmed+3,28,t,0.0298
SARS-CoV2-5UTR-Amplicon-short-trimmed+3,29,a,0.0834
SARS-CoV2-5UTR-Amplicon-short-trimmed+3,30,a,0.043
SARS-CoV2-5UTR-Amplicon-short-trimmed+3,31,a,0.0734
SARS-CoV2-5UTR-Amplicon-short-trimmed+3,32,a,0.0333
SARS-CoV2-5UTR-Amplicon-short-trimmed+3,33,t,0.0739
SARS-CoV2-5UTR-Amplicon-short-trimmed+3,34,c,0.0476
SARS-CoV2-5UTR-Amplicon-short-trimmed+3,35,t,0.0619
SARS-CoV2-5UTR-Amplicon-short-trimmed+3,36,g,0.0805
SARS-CoV2-5UTR-Amplicon-short-trimmed+3,37,t,0.0671
SARS-CoV2-5UTR-Amplicon-short-trimmed+3,38,g,0.0308
SARS-CoV2-5UTR-Amplicon-short-trimmed+3,39,t,0.0613
SARS-CoV2-5UTR-Amplicon-short-trimmed+3,40,g,0.0407
SARS-CoV2-5UTR-Amplicon-short-trimmed+3,41,g,0.1184
SARS-CoV2-5UTR-Amplicon-short-trimmed+3,42,c,0.0832
SARS-CoV2-5UTR-Amplicon-short-trimmed+3,43,t,0.1288
SARS-CoV2-5UTR-Amplicon-short-trimmed+3,44,g,0.0864
SARS-CoV2-5UTR-Amplicon-short-trimmed+3,45,t,0.1503
SARS-CoV2-5UTR-Amplicon-short-trimmed+3,46,c,0.036
SARS-CoV2-5UTR-Amplicon-short-trimmed+3,47,a,0.043
SARS-CoV2-5UTR-Amplicon-short-trimmed+3,48,c,0.05
SARS-CoV2-5UTR-Amplicon-short-trimmed+3,49,t,0.0559
SARS-CoV2-5UTR-Amplicon-short-trimmed+3,50,c,0.064
SARS-CoV2-5UTR-Amplicon-short-trimmed+3,51,g,0.0867
SARS-CoV2-5UTR-Amplicon-short-trimmed+3,52,g,0.2097
SARS-CoV2-5UTR-Amplicon-short-trimmed+3,53,c,0.1028
SARS-CoV2-5UTR-Amplicon-short-trimmed+3,54,t,0.0806
SARS-CoV2-5UTR-Amplicon-short-trimmed+3,55,g,0.1421
SARS-CoV2-5UTR-Amplicon-short-trimmed+3,56,c,0.0927
SARS-CoV2-5UTR-Amplicon-short-trimmed+3,57,g,0.1517
SARS-CoV2-5UTR-Amplicon-short-trimmed+3,58,t,0.065
SARS-CoV2-5UTR-Amplicon-short-trimmed+3,59,g,0.112
SARS-CoV2-5UTR-Amplicon-short-trimmed+3,60,c,0.089
SARS-CoV2-5UTR-Amplicon-short-trimmed+3,61,t,0.098
SARS-CoV2-5UTR-Amplicon-short-trimmed+3,62,t,0.0463
SARS-CoV2-5UTR-Amplicon-short-trimmed+3,63,a,0.0491
SARS-CoV2-5UTR-Amplicon-short-trimmed+3,64,g,0.0627
SARS-CoV2-5UTR-Amplicon-short-trimmed+3,65,t,0.0412
SARS-CoV2-5UTR-Amplicon-short-trimmed+3,66,g,0.1356
SARS-CoV2-5UTR-Amplicon-short-trimmed+3,67,c,0.155
SARS-CoV2-5UTR-Amplicon-short-trimmed+3,68,a,0.0566
SARS-CoV2-5UTR-Amplicon-short-trimmed+3,69,c,0.0694
SARS-CoV2-5UTR-Amplicon-short-trimmed+3,70,t,0.0563
SARS-CoV2-5UTR-Amplicon-short-trimmed+3,71,c,0.0412
SARS-CoV2-5UTR-Amplicon-short-trimmed+3,72,a,0.0549
SARS-CoV2-5UTR-Amplicon-short-trimmed+3,73,c,0.061
SARS-CoV2-5UTR-Amplicon-short-trimmed+3,74,g,0.124
SARS-CoV2-5UTR-Amplicon-short-trimmed+3,75,c,0.0342
SARS-CoV2-5UTR-Amplicon-short-trimmed+3,76,a,0.0732
SARS-CoV2-5UTR-Amplicon-short-trimmed+3,77,g,0.09
SARS-CoV2-5UTR-Amplicon-short-trimmed+3,78,t,0.0424
SARS-CoV2-5UTR-Amplicon-short-trimmed+3,79,a,0.0308
SARS-CoV2-5UTR-Amplicon-short-trimmed+3,80,t,0.0238
SARS-CoV2-5UTR-Amplicon-short-trimmed+3,81,a,0.0294
SARS-CoV2-5UTR-Amplicon-short-trimmed+3,82,a,0.0529
SARS-CoV2-5UTR-Amplicon-short-trimmed+3,83,t,0.0315
SARS-CoV2-5UTR-Amplicon-short-trimmed+3,84,t,0.057
SARS-CoV2-5UTR-Amplicon-short-trimmed+3,85,a,0.0719
SARS-CoV2-5UTR-Amplicon-short-trimmed+3,86,a,0.0529
SARS-CoV2-5UTR-Amplicon-short-trimmed+3,87,t,0.0248
SARS-CoV2-5UTR-Amplicon-short-trimmed+3,88,a,0.0427
SARS-CoV2-5UTR-Amplicon-short-trimmed+3,89,a,0.0551
SARS-CoV2-5UTR-Amplicon-short-trimmed+3,90,c,0.3045
SARS-CoV2-5UTR-Amplicon-short-trimmed+3,91,t,0.0936
SARS-CoV2-5UTR-Amplicon-short-trimmed+3,92,a,0.0453
SARS-CoV2-5UTR-Amplicon-short-trimmed+3,93,a,0.0458
SARS-CoV2-5UTR-Amplicon-short-trimmed+3,94,t,0.0425
SARS-CoV2-5UTR-Amplicon-short-trimmed+3,95,t,0.0402
SARS-CoV2-5UTR-Amplicon-short-trimmed+3,96,a,0.0417
SARS-CoV2-5UTR-Amplicon-short-trimmed+3,97,c,0.0416
SARS-CoV2-5UTR-Amplicon-short-trimmed+3,98,t,0.3017
SARS-CoV2-5UTR-Amplicon-short-trimmed+3,99,g,0.0725
SARS-CoV2-5UTR-Amplicon-short-trimmed+3,100,t,0.0953
SARS-CoV2-5UTR-Amplicon-short-trimmed+3,101,c,0.0637
SARS-CoV2-5UTR-Amplicon-short-trimmed+3,102,g,0.0773
SARS-CoV2-5UTR-Amplicon-short-trimmed+3,103,t,0.0732
SARS-CoV2-5UTR-Amplicon-short-trimmed+3,104,t,0.0966
SARS-CoV2-5UTR-Amplicon-short-trimmed+3,105,g,0.0596
SARS-CoV2-5UTR-Amplicon-short-trimmed+3,106,a,0.0494
SARS-CoV2-5UTR-Amplicon-short-trimmed+3,107,c,0.0826
SARS-CoV2-5UTR-Amplicon-short-trimmed+3,108,a,0.0863
SARS-CoV2-5UTR-Amplicon-short-trimmed+3,109,g,0.1009
SARS-CoV2-5UTR-Amplicon-short-trimmed+3,110,g,0.1031
SARS-CoV2-5UTR-Amplicon-short-trimmed+3,111,a,0.0439
SARS-CoV2-5UTR-Amplicon-short-trimmed+3,112,c,0.0752
SARS-CoV2-5UTR-Amplicon-short-trimmed+3,113,a,0.0539
SARS-CoV2-5UTR-Amplicon-short-trimmed+3,114,c,0.0889
SARS-CoV2-5UTR-Amplicon-short-trimmed+3,115,g,0.0637
SARS-CoV2-5UTR-Amplicon-short-trimmed+3,116,a,0.0692
SARS-CoV2-5UTR-Amplicon-short-trimmed+3,117,g,0.0601
SARS-CoV2-5UTR-Amplicon-short-trimmed+3,118,t,0.1368
SARS-CoV2-5UTR-Amplicon-short-trimmed+3,119,a,0.1362
SARS-CoV2-5UTR-Amplicon-short-trimmed+3,120,a,0.0864
SARS-CoV2-5UTR-Amplicon-short-trimmed+3,121,c,0.1836
SARS-CoV2-5UTR-Amplicon-short-trimmed+3,122,t,0.1649
SARS-CoV2-5UTR-Amplicon-short-trimmed+3,123,c,0.1892
SARS-CoV2-5UTR-Amplicon-short-trimmed+3,124,g,0.1817
SARS-CoV2-5UTR-Amplicon-short-trimmed+3,125,t,0.3113
SARS-CoV2-5UTR-Amplicon-short-trimmed+3,126,c,0.1191
SARS-CoV2-5UTR-Amplicon-short-trimmed+3,127,t,0.0764
SARS-CoV2-5UTR-Amplicon-short-trimmed+3,128,a,0.1053
SARS-CoV2-5UTR-Amplicon-short-trimmed+3,129,t,0.4424
SARS-CoV2-5UTR-Amplicon-short-trimmed+3,130,c,0.0847
SARS-CoV2-5UTR-Amplicon-short-trimmed+3,131,t,0.1016
SARS-CoV2-5UTR-Amplicon-short-trimmed+3,132,t,0.2077
SARS-CoV2-5UTR-Amplicon-short-trimmed+3,133,c,0.2408
SARS-CoV2-5UTR-Amplicon-short-trimmed+3,134,t,0.1685
SARS-CoV2-5UTR-Amplicon-short-trimmed+3,135,g,0.1826
SARS-CoV2-5UTR-Amplicon-short-trimmed+3,136,c,0.4734
SARS-CoV2-5UTR-Amplicon-short-trimmed+3,137,a,0.2419
SARS-CoV2-5UTR-Amplicon-short-trimmed+3,138,g,0.1271
SARS-CoV2-5UTR-Amplicon-short-trimmed+3,139,g,0.2898
SARS-CoV2-5UTR-Amplicon-short-trimmed+3,140,c,0.165
SARS-CoV2-5UTR-Amplicon-short-trimmed+3,141,t,0.2803
SARS-CoV2-5UTR-Amplicon-short-trimmed+3,142,g,0.4137
SARS-CoV2-5UTR-Amplicon-short-trimmed+3,143,c,0.1551
SARS-CoV2-5UTR-Amplicon-short-trimmed+3,144,t,0.1444
SARS-CoV2-5UTR-Amplicon-short-trimmed+3,145,t,0.1606
SARS-CoV2-5UTR-Amplicon-short-trimmed+3,146,a,0.1984
SARS-CoV2-5UTR-Amplicon-short-trimmed+3,147,c,0.2011
SARS-CoV2-5UTR-Amplicon-short-trimmed+3,148,g,0.3904
SARS-CoV2-5UTR-Amplicon-short-trimmed+3,149,g,0.2094
SARS-CoV2-5UTR-Amplicon-short-trimmed+3,150,t,0.1841
SARS-CoV2-5UTR-Amplicon-short-trimmed+3,151,t,0.1711
SARS-CoV2-5UTR-Amplicon-short-trimmed+3,152,t,0.2156
SARS-CoV2-5UTR-Amplicon-short-trimmed+3,153,c,0.2666
SARS-CoV2-5UTR-Amplicon-short-trimmed+3,154,g,0.1163
SARS-CoV2-5UTR-Amplicon-short-trimmed+3,155,t,0.3454
SARS-CoV2-5UTR-Amplicon-short-trimmed+3,156,c,0.2305
SARS-CoV2-5UTR-Amplicon-short-trimmed+3,157,c,0.2338
SARS-CoV2-5UTR-Amplicon-short-trimmed+3,158,g,0.1405
SARS-CoV2-5UTR-Amplicon-short-trimmed+3,159,t,1.2478
SARS-CoV2-5UTR-Amplicon-short-trimmed+3,160,g,0.1226
SARS-CoV2-5UTR-Amplicon-short-trimmed+3,161,t,0.1516
SARS-CoV2-5UTR-Amplicon-short-trimmed+3,162,t,0.1925
SARS-CoV2-5UTR-Amplicon-short-trimmed+3,163,g,0.1569
SARS-CoV2-5UTR-Amplicon-short-trimmed+3,164,c,0.3368
SARS-CoV2-5UTR-Amplicon-short-trimmed+3,165,a,0.5556
SARS-CoV2-5UTR-Amplicon-short-trimmed+3,166,g,0.9076
SARS-CoV2-5UTR-Amplicon-short-trimmed+3,167,c,0.2861
SARS-CoV2-5UTR-Amplicon-short-trimmed+3,168,c,0.6537
SARS-CoV2-5UTR-Amplicon-short-trimmed+3,169,g,0.1157
SARS-CoV2-5UTR-Amplicon-short-trimmed+3,170,a,0.1154
SARS-CoV2-5UTR-Amplicon-short-trimmed+3,171,t,0.1122
SARS-CoV2-5UTR-Amplicon-short-trimmed+3,172,c,0.1804
SARS-CoV2-5UTR-Amplicon-short-trimmed+3,173,a,0.0463
SARS-CoV2-5UTR-Amplicon-short-trimmed+3,174,t,0.0677
SARS-CoV2-5UTR-Amplicon-short-trimmed+3,175,c,0.2343
SARS-CoV2-5UTR-Amplicon-short-trimmed+3,176,a,0.1373
SARS-CoV2-5UTR-Amplicon-short-trimmed+3,177,g,0.1316
SARS-CoV2-5UTR-Amplicon-short-trimmed+3,178,c,0.6473
SARS-CoV2-5UTR-Amplicon-short-trimmed+3,179,a,0.1015
SARS-CoV2-5UTR-Amplicon-short-trimmed+3,180,c,0.0972
SARS-CoV2-5UTR-Amplicon-short-trimmed+3,181,a,0.0784
SARS-CoV2-5UTR-Amplicon-short-trimmed+3,182,t,0.1417
SARS-CoV2-5UTR-Amplicon-short-trimmed+3,183,c,0.0722
SARS-CoV2-5UTR-Amplicon-short-trimmed+3,184,t,0.1117
SARS-CoV2-5UTR-Amplicon-short-trimmed+3,185,a,0.2098
SARS-CoV2-5UTR-Amplicon-short-trimmed+3,186,g,0.0905
SARS-CoV2-5UTR-Amplicon-short-trimmed+3,187,g,0.113
SARS-CoV2-5UTR-Amplicon-short-trimmed+3,188,t,0.1566
SARS-CoV2-5UTR-Amplicon-short-trimmed+3,189,t,0.3078
SARS-CoV2-5UTR-Amplicon-short-trimmed+3,190,t,0.3338
SARS-CoV2-5UTR-Amplicon-short-trimmed+3,191,c,0.1499
SARS-CoV2-5UTR-Amplicon-short-trimmed+3,192,g,0.0858
SARS-CoV2-5UTR-Amplicon-short-trimmed+3,193,t,1.0068
SARS-CoV2-5UTR-Amplicon-short-trimmed+3,194,c,0.1327
SARS-CoV2-5UTR-Amplicon-short-trimmed+3,195,c,0.1917
SARS-CoV2-5UTR-Amplicon-short-trimmed+3,196,g,0.3324
SARS-CoV2-5UTR-Amplicon-short-trimmed+3,197,g,0.1475
SARS-CoV2-5UTR-Amplicon-short-trimmed+3,198,g,0.4458
SARS-CoV2-5UTR-Amplicon-short-trimmed+3,199,t,0.2453
SARS-CoV2-5UTR-Amplicon-short-trimmed+3,200,g,0.0884
SARS-CoV2-5UTR-Amplicon-short-trimmed+3,201,t,0.1257
SARS-CoV2-5UTR-Amplicon-short-trimmed+3,202,g,0.1209
SARS-CoV2-5UTR-Amplicon-short-trimmed+3,203,a,0.2982
SARS-CoV2-5UTR-Amplicon-short-trimmed+3,204,c,0.123
SARS-CoV2-5UTR-Amplicon-short-trimmed+3,205,c,0.1081
SARS-CoV2-5UTR-Amplicon-short-trimmed+3,206,g,0.103
SARS-CoV2-5UTR-Amplicon-short-trimmed+3,207,a,0.1123
SARS-CoV2-5UTR-Amplicon-short-trimmed+3,208,a,0.0694
SARS-CoV2-5UTR-Amplicon-short-trimmed+3,209,a,0.1706
SARS-CoV2-5UTR-Amplicon-short-trimmed+3,210,g,0.1272
SARS-CoV2-5UTR-Amplicon-short-trimmed+3,211,g,0.1267
SARS-CoV2-5UTR-Amplicon-short-trimmed+3,212,t,0.1327
SARS-CoV2-5UTR-Amplicon-short-trimmed+3,213,a,0.0612
SARS-CoV2-5UTR-Amplicon-short-trimmed+3,214,a,0.0747
SARS-CoV2-5UTR-Amplicon-short-trimmed+3,215,g,0.0775
SARS-CoV2-5UTR-Amplicon-short-trimmed+3,216,a,0.0498
SARS-CoV2-5UTR-Amplicon-short-trimmed+3,217,t,0.1175
SARS-CoV2-5UTR-Amplicon-short-trimmed+3,218,g,0.0628
SARS-CoV2-5UTR-Amplicon-short-trimmed+3,219,g,0.0868
SARS-CoV2-5UTR-Amplicon-short-trimmed+3,220,a,0.2558
SARS-CoV2-5UTR-Amplicon-short-trimmed+3,221,g,0.1779
SARS-CoV2-5UTR-Amplicon-short-trimmed+3,222,a,0.0849
SARS-CoV2-5UTR-Amplicon-short-trimmed+3,223,g,0.2214
SARS-CoV2-5UTR-Amplicon-short-trimmed+3,224,c,0.0791
SARS-CoV2-5UTR-Amplicon-short-trimmed+3,225,c,0.0766
SARS-CoV2-5UTR-Amplicon-short-trimmed+3,226,t,0.0616
SARS-CoV2-5UTR-Amplicon-short-trimmed+3,227,t,0.3149
SARS-CoV2-5UTR-Amplicon-short-trimmed+3,228,g,0.0561
SARS-CoV2-5UTR-Amplicon-short-trimmed+3,229,t,0.1438
SARS-CoV2-5UTR-Amplicon-short-trimmed+3,230,c,0.0647
SARS-CoV2-5UTR-Amplicon-short-trimmed+3,231,c,0.0557
SARS-CoV2-5UTR-Amplicon-short-trimmed+3,232,c,0.113
SARS-CoV2-5UTR-Amplicon-short-trimmed+3,233,t,0.1751
SARS-CoV2-5UTR-Amplicon-short-trimmed+3,234,g,0.0912
SARS-CoV2-5UTR-Amplicon-short-trimmed+3,235,g,0.1786
SARS-CoV2-5UTR-Amplicon-short-trimmed+3,236,t,0.0681
SARS-CoV2-5UTR-Amplicon-short-trimmed+3,237,t,0.0588
SARS-CoV2-5UTR-Amplicon-short-trimmed+3,238,t,0.1079
SARS-CoV2-5UTR-Amplicon-short-trimmed+3,239,c,0.597
SARS-CoV2-5UTR-Amplicon-short-trimmed+3,240,a,0.0926
SARS-CoV2-5UTR-Amplicon-short-trimmed+3,241,a,0.0739
SARS-CoV2-5UTR-Amplicon-short-trimmed+3,242,c,0.0832
SARS-CoV2-5UTR-Amplicon-short-trimmed+3,243,g,0.0289
SARS-CoV2-5UTR-Amplicon-short-trimmed+3,244,a,0.2332
SARS-CoV2-5UTR-Amplicon-short-trimmed+3,245,g,0
SARS-CoV2-5UTR-Amplicon-short-trimmed+3,246,g,0
SARS-CoV2-5UTR-Amplicon-short-trimmed+3,247,G,0
SARS-CoV2-5UTR-Amplicon-short-trimmed+3,248,A,0
SARS-CoV2-5UTR-Amplicon-short-trimmed+3,249,G,0
