Region,Position,Ref_base,Mut_percentage
SARS-CoV2-5UTR-Amplicon-short-trimmed+3,1,T,0
SARS-CoV2-5UTR-Amplicon-short-trimmed+3,2,T,0
SARS-CoV2-5UTR-Amplicon-short-trimmed+3,3,G,0
SARS-CoV2-5UTR-Amplicon-short-trimmed+3,4,t,0
SARS-CoV2-5UTR-Amplicon-short-trimmed+3,5,a,0
SARS-CoV2-5UTR-Amplicon-short-trimmed+3,6,g,0.052
SARS-CoV2-5UTR-Amplicon-short-trimmed+3,7,a,0.0303
SARS-CoV2-5UTR-Amplicon-short-trimmed+3,8,t,0.085
SARS-CoV2-5UTR-Amplicon-short-trimmed+3,9,c,0.0799
SARS-CoV2-5UTR-Amplicon-short-trimmed+3,10,t,0.0434
SARS-CoV2-5UTR-Amplicon-short-trimmed+3,11,g,0.1878
SARS-CoV2-5UTR-Amplicon-short-trimmed+3,12,t,0.0803
SARS-CoV2-5UTR-Amplicon-short-trimmed+3,13,t,0.0797
SARS-CoV2-5UTR-Amplicon-short-trimmed+3,14,c,0.0741
SARS-CoV2-5UTR-Amplicon-short-trimmed+3,15,t,0.1114
SARS-CoV2-5UTR-Amplicon-short-trimmed+3,16,c,0.081
SARS-CoV2-5UTR-Amplicon-short-trimmed+3,17,t,0.0442
SARS-CoV2-5UTR-Amplicon-short-trimmed+3,18,a,0.0911
SARS-CoV2-5UTR-Amplicon-short-trimmed+3,19,a,0.0251
SARS-CoV2-5UTR-Amplicon-short-trimmed+3,20,a,0.0361
SARS-CoV2-5UTR-Amplicon-short-trimmed+3,21,c,0.0521
SARS-CoV2-5UTR-Amplicon-short-trimmed+3,22,g,0.0895
SARS-CoV2-5UTR-Amplicon-short-trimmed+3,23,a,0.0422
SARS-CoV2-5UTR-Amplicon-short-trimmed+3,24,a,0.0543
SARS-CoV2-5UTR-Amplicon-short-trimmed+3,25,c,3.6682
SARS-CoV2-5UTR-Amplicon-short-trimmed+3,26,t,0.2347
SARS-CoV2-5UTR-Amplicon-short-trimmed+3,27,t,0.1313
SARS-CoV2-5UTR-Amplicon-short-trimmed+3,28,t,0.0509
SARS-CoV2-5UTR-Amplicon-short-trimmed+3,29,a,0.2005
SARS-CoV2-5UTR-Amplicon-short-trimmed+3,30,a,0.1008
SARS-CoV2-5UTR-Amplicon-short-trimmed+3,31,a,0.1118
SARS-CoV2-5UTR-Amplicon-short-trimmed+3,32,a,0.0733
SARS-CoV2-5UTR-Amplicon-short-trimmed+3,33,t,0.0962
SARS-CoV2-5UTR-Amplicon-short-trimmed+3,34,c,0.051
SARS-CoV2-5UTR-Amplicon-short-trimmed+3,35,t,0.0814
SARS-CoV2-5UTR-Amplicon-short-trimmed+3,36,g,0.1062
SARS-CoV2-5UTR-Amplicon-short-trimmed+3,37,t,0.0883
SARS-CoV2-5UTR-Amplicon-short-trimmed+3,38,g,0.0524
SARS-CoV2-5UTR-Amplicon-short-trimmed+3,39,t,0.0739
SARS-CoV2-5UTR-Amplicon-short-trimmed+3,40,g,0.0638
SARS-CoV2-5UTR-Amplicon-short-trimmed+3,41,g,0.1407
SARS-CoV2-5UTR-Amplicon-short-trimmed+3,42,c,0.1303
SARS-CoV2-5UTR-Amplicon-short-trimmed+3,43,t,0.1531
SARS-CoV2-5UTR-Amplicon-short-trimmed+3,44,g,0.1069
SARS-CoV2-5UTR-Amplicon-short-trimmed+3,45,t,0.1602
SARS-CoV2-5UTR-Amplicon-short-trimmed+3,46,c,0.0736
SARS-CoV2-5UTR-Amplicon-short-trimmed+3,47,a,0.0729
SARS-CoV2-5UTR-Amplicon-short-trimmed+3,48,c,0.0729
SARS-CoV2-5UTR-Amplicon-short-trimmed+3,49,t,0.0851
SARS-CoV2-5UTR-Amplicon-short-trimmed+3,50,c,0.1303
SARS-CoV2-5UTR-Amplicon-short-trimmed+3,51,g,0.1449
SARS-CoV2-5UTR-Amplicon-short-trimmed+3,52,g,0.296
SARS-CoV2-5UTR-Amplicon-short-trimmed+3,53,c,0.2095
SARS-CoV2-5UTR-Amplicon-short-trimmed+3,54,t,0.174
SARS-CoV2-5UTR-Amplicon-short-trimmed+3,55,g,0.2257
SARS-CoV2-5UTR-Amplicon-short-trimmed+3,56,c,0.1282
SARS-CoV2-5UTR-Amplicon-short-trimmed+3,57,g,0.2216
SARS-CoV2-5UTR-Amplicon-short-trimmed+3,58,t,0.0911
SARS-CoV2-5UTR-Amplicon-short-trimmed+3,59,g,0.1396
SARS-CoV2-5UTR-Amplicon-short-trimmed+3,60,c,0.0901
SARS-CoV2-5UTR-Amplicon-short-trimmed+3,61,t,0.1033
SARS-CoV2-5UTR-Amplicon-short-trimmed+3,62,t,0.0606
SARS-CoV2-5UTR-Amplicon-short-trimmed+3,63,a,0.0527
SARS-CoV2-5UTR-Amplicon-short-trimmed+3,64,g,0.0691
SARS-CoV2-5UTR-Amplicon-short-trimmed+3,65,t,0.0556
SARS-CoV2-5UTR-Amplicon-short-trimmed+3,66,g,0.1476
SARS-CoV2-5UTR-Amplicon-short-trimmed+3,67,c,0.1393
SARS-CoV2-5UTR-Amplicon-short-trimmed+3,68,a,0.0829
SARS-CoV2-5UTR-Amplicon-short-trimmed+3,69,c,0.0701
SARS-CoV2-5UTR-Amplicon-short-trimmed+3,70,t,0.0667
SARS-CoV2-5UTR-Amplicon-short-trimmed+3,71,c,0.056
SARS-CoV2-5UTR-Amplicon-short-trimmed+3,72,a,0.0639
SARS-CoV2-5UTR-Amplicon-short-trimmed+3,73,c,0.0648
SARS-CoV2-5UTR-Amplicon-short-trimmed+3,74,g,0.1399
SARS-CoV2-5UTR-Amplicon-short-trimmed+3,75,c,0.0368
SARS-CoV2-5UTR-Amplicon-short-trimmed+3,76,a,0.0965
SARS-CoV2-5UTR-Amplicon-short-trimmed+3,77,g,0.0977
SARS-CoV2-5UTR-Amplicon-short-trimmed+3,78,t,0.0603
SARS-CoV2-5UTR-Amplicon-short-trimmed+3,79,a,0.0686
SARS-CoV2-5UTR-Amplicon-short-trimmed+3,80,t,0.0273
SARS-CoV2-5UTR-Amplicon-short-trimmed+3,81,a,0.0497
SARS-CoV2-5UTR-Amplicon-short-trimmed+3,82,a,0.0827
SARS-CoV2-5UTR-Amplicon-short-trimmed+3,83,t,0.0437
SARS-CoV2-5UTR-Amplicon-short-trimmed+3,84,t,0.0965
SARS-CoV2-5UTR-Amplicon-short-trimmed+3,85,a,0.1101
SARS-CoV2-5UTR-Amplicon-short-trimmed+3,86,a,0.1413
SARS-CoV2-5UTR-Amplicon-short-trimmed+3,87,t,0.0442
SARS-CoV2-5UTR-Amplicon-short-trimmed+3,88,a,0.078
SARS-CoV2-5UTR-Amplicon-short-trimmed+3,89,a,0.0968
SARS-CoV2-5UTR-Amplicon-short-trimmed+3,90,c,0.3558
SARS-CoV2-5UTR-Amplicon-short-trimmed+3,91,t,0.1254
SARS-CoV2-5UTR-Amplicon-short-trimmed+3,92,a,0.0905
SARS-CoV2-5UTR-Amplicon-short-trimmed+3,93,a,0.0849
SARS-CoV2-5UTR-Amplicon-short-trimmed+3,94,t,0.0912
SARS-CoV2-5UTR-Amplicon-short-trimmed+3,95,t,0.1
SARS-CoV2-5UTR-Amplicon-short-trimmed+3,96,a,0.1264
SARS-CoV2-5UTR-Amplicon-short-trimmed+3,97,c,0.0817
SARS-CoV2-5UTR-Amplicon-short-trimmed+3,98,t,0.3331
SARS-CoV2-5UTR-Amplicon-short-trimmed+3,99,g,0.1356
SARS-CoV2-5UTR-Amplicon-short-trimmed+3,100,t,0.1626
SARS-CoV2-5UTR-Amplicon-short-trimmed+3,101,c,0.081
SARS-CoV2-5UTR-Amplicon-short-trimmed+3,102,g,0.1064
SARS-CoV2-5UTR-Amplicon-short-trimmed+3,103,t,0.0943
SARS-CoV2-5UTR-Amplicon-short-trimmed+3,104,t,0.1237
SARS-CoV2-5UTR-Amplicon-short-trimmed+3,105,g,0.0977
SARS-CoV2-5UTR-Amplicon-short-trimmed+3,106,a,0.1086
SARS-CoV2-5UTR-Amplicon-short-trimmed+3,107,c,0.1143
SARS-CoV2-5UTR-Amplicon-short-trimmed+3,108,a,0.1197
SARS-CoV2-5UTR-Amplicon-short-trimmed+3,109,g,0.1337
SARS-CoV2-5UTR-Amplicon-short-trimmed+3,110,g,0.137
SARS-CoV2-5UTR-Amplicon-short-trimmed+3,111,a,0.1018
SARS-CoV2-5UTR-Amplicon-short-trimmed+3,112,c,0.1287
SARS-CoV2-5UTR-Amplicon-short-trimmed+3,113,a,0.0988
SARS-CoV2-5UTR-Amplicon-short-trimmed+3,114,c,0.1069
SARS-CoV2-5UTR-Amplicon-short-trimmed+3,115,g,0.067
SARS-CoV2-5UTR-Amplicon-short-trimmed+3,116,a,0.0941
SARS-CoV2-5UTR-Amplicon-short-trimmed+3,117,g,0.0748
SARS-CoV2-5UTR-Amplicon-short-trimmed+3,118,t,0.1757
SARS-CoV2-5UTR-Amplicon-short-trimmed+3,119,a,0.176
SARS-CoV2-5UTR-Amplicon-short-trimmed+3,120,a,0.1339
SARS-CoV2-5UTR-Amplicon-short-trimmed+3,121,c,0.2058
SARS-CoV2-5UTR-Amplicon-short-trimmed+3,122,t,0.2305
SARS-CoV2-5UTR-Amplicon-short-trimmed+3,123,c,0.2113
SARS-CoV2-5UTR-Amplicon-short-trimmed+3,124,g,0.1979
SARS-CoV2-5UTR-Amplicon-short-trimmed+3,125,t,0.3306
SARS-CoV2-5UTR-Amplicon-short-trimmed+3,126,c,0.1361
SARS-CoV2-5UTR-Amplicon-short-trimmed+3,127,t,0.0895
SARS-CoV2-5UTR-Amplicon-short-trimmed+3,128,a,0.1423
SARS-CoV2-5UTR-Amplicon-short-trimmed+3,129,t,0.5619
SARS-CoV2-5UTR-Amplicon-short-trimmed+3,130,c,0.0875
SARS-CoV2-5UTR-Amplicon-short-trimmed+3,131,t,0.1309
SARS-CoV2-5UTR-Amplicon-short-trimmed+3,132,t,0.2186
SARS-CoV2-5UTR-Amplicon-short-trimmed+3,133,c,0.2902
SARS-CoV2-5UTR-Amplicon-short-trimmed+3,134,t,0.2455
SARS-CoV2-5UTR-Amplicon-short-trimmed+3,135,g,0.2256
SARS-CoV2-5UTR-Amplicon-short-trimmed+3,136,c,0.5018
SARS-CoV2-5UTR-Amplicon-short-trimmed+3,137,a,0.2971
SARS-CoV2-5UTR-Amplicon-short-trimmed+3,138,g,0.1287
SARS-CoV2-5UTR-Amplicon-short-trimmed+3,139,g,0.331
SARS-CoV2-5UTR-Amplicon-short-trimmed+3,140,c,0.1376
SARS-CoV2-5UTR-Amplicon-short-trimmed+3,141,t,0.3429
SARS-CoV2-5UTR-Amplicon-short-trimmed+3,142,g,0.4795
SARS-CoV2-5UTR-Amplicon-short-trimmed+3,143,c,0.1639
SARS-CoV2-5UTR-Amplicon-short-trimmed+3,144,t,0.1577
SARS-CoV2-5UTR-Amplicon-short-trimmed+3,145,t,0.2008
SARS-CoV2-5UTR-Amplicon-short-trimmed+3,146,a,0.2829
SARS-CoV2-5UTR-Amplicon-short-trimmed+3,147,c,0.2696
SARS-CoV2-5UTR-Amplicon-short-trimmed+3,148,g,0.4819
SARS-CoV2-5UTR-Amplicon-short-trimmed+3,149,g,0.2956
SARS-CoV2-5UTR-Amplicon-short-trimmed+3,150,t,0.2816
SARS-CoV2-5UTR-Amplicon-short-trimmed+3,151,t,0.2531
SARS-CoV2-5UTR-Amplicon-short-trimmed+3,152,t,0.3102
SARS-CoV2-5UTR-Amplicon-short-trimmed+3,153,c,0.3281
SARS-CoV2-5UTR-Amplicon-short-trimmed+3,154,g,0.1662
SARS-CoV2-5UTR-Amplicon-short-trimmed+3,155,t,0.376
SARS-CoV2-5UTR-Amplicon-short-trimmed+3,156,c,0.2236
SARS-CoV2-5UTR-Amplicon-short-trimmed+3,157,c,0.2181
SARS-CoV2-5UTR-Amplicon-short-trimmed+3,158,g,0.1463
SARS-CoV2-5UTR-Amplicon-short-trimmed+3,159,t,1.3716
SARS-CoV2-5UTR-Amplicon-short-trimmed+3,160,g,0.1099
SARS-CoV2-5UTR-Amplicon-short-trimmed+3,161,t,0.1632
SARS-CoV2-5UTR-Amplicon-short-trimmed+3,162,t,0.2007
SARS-CoV2-5UTR-Amplicon-short-trimmed+3,163,g,0.1514
SARS-CoV2-5UTR-Amplicon-short-trimmed+3,164,c,0.3399
SARS-CoV2-5UTR-Amplicon-short-trimmed+3,165,a,0.433
SARS-CoV2-5UTR-Amplicon-short-trimmed+3,166,g,0.6016
SARS-CoV2-5UTR-Amplicon-short-trimmed+3,167,c,0.2736
SARS-CoV2-5UTR-Amplicon-short-trimmed+3,168,c,0.556
SARS-CoV2-5UTR-Amplicon-short-trimmed+3,169,g,0.116
SARS-CoV2-5UTR-Amplicon-short-trimmed+3,170,a,0.1634
SARS-CoV2-5UTR-Amplicon-short-trimmed+3,171,t,0.1648
SARS-CoV2-5UTR-Amplicon-short-trimmed+3,172,c,0.2166
SARS-CoV2-5UTR-Amplicon-short-trimmed+3,173,a,0.1049
SARS-CoV2-5UTR-Amplicon-short-trimmed+3,174,t,0.0987
SARS-CoV2-5UTR-Amplicon-short-trimmed+3,175,c,0.2253
SARS-CoV2-5UTR-Amplicon-short-trimmed+3,176,a,0.1585
SARS-CoV2-5UTR-Amplicon-short-trimmed+3,177,g,0.1437
SARS-CoV2-5UTR-Amplicon-short-trimmed+3,178,c,0.6181
SARS-CoV2-5UTR-Amplicon-short-trimmed+3,179,a,0.1608
SARS-CoV2-5UTR-Amplicon-short-trimmed+3,180,c,0.1108
SARS-CoV2-5UTR-Amplicon-short-trimmed+3,181,a,0.1282
SARS-CoV2-5UTR-Amplicon-short-trimmed+3,182,t,0.1949
SARS-CoV2-5UTR-Amplicon-short-trimmed+3,183,c,0.129
SARS-CoV2-5UTR-Amplicon-short-trimmed+3,184,t,0.2205
SARS-CoV2-5UTR-Amplicon-short-trimmed+3,185,a,0.3401
SARS-CoV2-5UTR-Amplicon-short-trimmed+3,186,g,0.2262
SARS-CoV2-5UTR-Amplicon-short-trimmed+3,187,g,0.2678
SARS-CoV2-5UTR-Amplicon-short-trimmed+3,188,t,0.2939
SARS-CoV2-5UTR-Amplicon-short-trimmed+3,189,t,0.3814
SARS-CoV2-5UTR-Amplicon-short-trimmed+3,190,t,0.4502
SARS-CoV2-5UTR-Amplicon-short-trimmed+3,191,c,0.261
SARS-CoV2-5UTR-Amplicon-short-trimmed+3,192,g,0.1526
SARS-CoV2-5UTR-Amplicon-short-trimmed+3,193,t,1.1669
SARS-CoV2-5UTR-Amplicon-short-trimmed+3,194,c,0.1396
SARS-CoV2-5UTR-Amplicon-short-trimmed+3,195,c,0.1976
SARS-CoV2-5UTR-Amplicon-short-trimmed+3,196,g,0.3663
SARS-CoV2-5UTR-Amplicon-short-trimmed+3,197,g,0.1464
SARS-CoV2-5UTR-Amplicon-short-trimmed+3,198,g,0.4613
SARS-CoV2-5UTR-Amplicon-short-trimmed+3,199,t,0.2693
SARS-CoV2-5UTR-Amplicon-short-trimmed+3,200,g,0.1002
SARS-CoV2-5UTR-Amplicon-short-trimmed+3,201,t,0.1566
SARS-CoV2-5UTR-Amplicon-short-trimmed+3,202,g,0.122
SARS-CoV2-5UTR-Amplicon-short-trimmed+3,203,a,0.3149
SARS-CoV2-5UTR-Amplicon-short-trimmed+3,204,c,0.1154
SARS-CoV2-5UTR-Amplicon-short-trimmed+3,205,c,0.1147
SARS-CoV2-5UTR-Amplicon-short-trimmed+3,206,g,0.1358
SARS-CoV2-5UTR-Amplicon-short-trimmed+3,207,a,0.1696
SARS-CoV2-5UTR-Amplicon-short-trimmed+3,208,a,0.0931
SARS-CoV2-5UTR-Amplicon-short-trimmed+3,209,a,0.162
SARS-CoV2-5UTR-Amplicon-short-trimmed+3,210,g,0.1285
SARS-CoV2-5UTR-Amplicon-short-trimmed+3,211,g,0.1399
SARS-CoV2-5UTR-Amplicon-short-trimmed+3,212,t,0.1482
SARS-CoV2-5UTR-Amplicon-short-trimmed+3,213,a,0.084
SARS-CoV2-5UTR-Amplicon-short-trimmed+3,214,a,0.1107
SARS-CoV2-5UTR-Amplicon-short-trimmed+3,215,g,0.1135
SARS-CoV2-5UTR-Amplicon-short-trimmed+3,216,a,0.0838
SARS-CoV2-5UTR-Amplicon-short-trimmed+3,217,t,0.1579
SARS-CoV2-5UTR-Amplicon-short-trimmed+3,218,g,0.1001
SARS-CoV2-5UTR-Amplicon-short-trimmed+3,219,g,0.1391
SARS-CoV2-5UTR-Amplicon-short-trimmed+3,220,a,0.3242
SARS-CoV2-5UTR-Amplicon-short-trimmed+3,221,g,0.1642
SARS-CoV2-5UTR-Amplicon-short-trimmed+3,222,a,0.0968
SARS-CoV2-5UTR-Amplicon-short-trimmed+3,223,g,0.233
SARS-CoV2-5UTR-Amplicon-short-trimmed+3,224,c,0.2056
SARS-CoV2-5UTR-Amplicon-short-trimmed+3,225,c,0.1138
SARS-CoV2-5UTR-Amplicon-short-trimmed+3,226,t,0.1037
SARS-CoV2-5UTR-Amplicon-short-trimmed+3,227,t,0.3486
SARS-CoV2-5UTR-Amplicon-short-trimmed+3,228,g,0.1191
SARS-CoV2-5UTR-Amplicon-short-trimmed+3,229,t,0.2171
SARS-CoV2-5UTR-Amplicon-short-trimmed+3,230,c,0.1024
SARS-CoV2-5UTR-Amplicon-short-trimmed+3,231,c,0.072
SARS-CoV2-5UTR-Amplicon-short-trimmed+3,232,c,0.1181
SARS-CoV2-5UTR-Amplicon-short-trimmed+3,233,t,0.1702
SARS-CoV2-5UTR-Amplicon-short-trimmed+3,234,g,0.0925
SARS-CoV2-5UTR-Amplicon-short-trimmed+3,235,g,0.1672
SARS-CoV2-5UTR-Amplicon-short-trimmed+3,236,t,0.0731
SARS-CoV2-5UTR-Amplicon-short-trimmed+3,237,t,0.0691
SARS-CoV2-5UTR-Amplicon-short-trimmed+3,238,t,0.1551
SARS-CoV2-5UTR-Amplicon-short-trimmed+3,239,c,0.5768
SARS-CoV2-5UTR-Amplicon-short-trimmed+3,240,a,0.0936
SARS-CoV2-5UTR-Amplicon-short-trimmed+3,241,a,0.0811
SARS-CoV2-5UTR-Amplicon-short-trimmed+3,242,c,0.0843
SARS-CoV2-5UTR-Amplicon-short-trimmed+3,243,g,0.0363
SARS-CoV2-5UTR-Amplicon-short-trimmed+3,244,a,0.2
SARS-CoV2-5UTR-Amplicon-short-trimmed+3,245,g,0
SARS-CoV2-5UTR-Amplicon-short-trimmed+3,246,g,0
SARS-CoV2-5UTR-Amplicon-short-trimmed+3,247,G,0
SARS-CoV2-5UTR-Amplicon-short-trimmed+3,248,A,0
SARS-CoV2-5UTR-Amplicon-short-trimmed+3,249,G,0
