Region,Position,Ref_base,Mut_percentage
SARS-CoV2-5UTR-Amplicon-short-trimmed+3,1,T,0
SARS-CoV2-5UTR-Amplicon-short-trimmed+3,2,T,0
SARS-CoV2-5UTR-Amplicon-short-trimmed+3,3,G,0
SARS-CoV2-5UTR-Amplicon-short-trimmed+3,4,t,0
SARS-CoV2-5UTR-Amplicon-short-trimmed+3,5,a,0
SARS-CoV2-5UTR-Amplicon-short-trimmed+3,6,g,0.0453
SARS-CoV2-5UTR-Amplicon-short-trimmed+3,7,a,0.023
SARS-CoV2-5UTR-Amplicon-short-trimmed+3,8,t,0.0823
SARS-CoV2-5UTR-Amplicon-short-trimmed+3,9,c,0.0662
SARS-CoV2-5UTR-Amplicon-short-trimmed+3,10,t,0.0362
SARS-CoV2-5UTR-Amplicon-short-trimmed+3,11,g,0.1187
SARS-CoV2-5UTR-Amplicon-short-trimmed+3,12,t,0.0638
SARS-CoV2-5UTR-Amplicon-short-trimmed+3,13,t,0.072
SARS-CoV2-5UTR-Amplicon-short-trimmed+3,14,c,0.065
SARS-CoV2-5UTR-Amplicon-short-trimmed+3,15,t,0.0941
SARS-CoV2-5UTR-Amplicon-short-trimmed+3,16,c,0.0684
SARS-CoV2-5UTR-Amplicon-short-trimmed+3,17,t,0.0347
SARS-CoV2-5UTR-Amplicon-short-trimmed+3,18,a,0.0777
SARS-CoV2-5UTR-Amplicon-short-trimmed+3,19,a,0.0234
SARS-CoV2-5UTR-Amplicon-short-trimmed+3,20,a,0.0296
SARS-CoV2-5UTR-Amplicon-short-trimmed+3,21,c,0.0456
SARS-CoV2-5UTR-Amplicon-short-trimmed+3,22,g,0.08
SARS-CoV2-5UTR-Amplicon-short-trimmed+3,23,a,0.0284
SARS-CoV2-5UTR-Amplicon-short-trimmed+3,24,a,0.0486
SARS-CoV2-5UTR-Amplicon-short-trimmed+3,25,c,4.3775
SARS-CoV2-5UTR-Amplicon-short-trimmed+3,26,t,0.2321
SARS-CoV2-5UTR-Amplicon-short-trimmed+3,27,t,0.0994
SARS-CoV2-5UTR-Amplicon-short-trimmed+3,28,t,0.0451
SARS-CoV2-5UTR-Amplicon-short-trimmed+3,29,a,0.1918
SARS-CoV2-5UTR-Amplicon-short-trimmed+3,30,a,0.09
SARS-CoV2-5UTR-Amplicon-short-trimmed+3,31,a,0.0979
SARS-CoV2-5UTR-Amplicon-short-trimmed+3,32,a,0.0666
SARS-CoV2-5UTR-Amplicon-short-trimmed+3,33,t,0.0695
SARS-CoV2-5UTR-Amplicon-short-trimmed+3,34,c,0.0581
SARS-CoV2-5UTR-Amplicon-short-trimmed+3,35,t,0.0722
SARS-CoV2-5UTR-Amplicon-short-trimmed+3,36,g,0.0933
SARS-CoV2-5UTR-Amplicon-short-trimmed+3,37,t,0.0796
SARS-CoV2-5UTR-Amplicon-short-trimmed+3,38,g,0.0359
SARS-CoV2-5UTR-Amplicon-short-trimmed+3,39,t,0.0612
SARS-CoV2-5UTR-Amplicon-short-trimmed+3,40,g,0.0694
SARS-CoV2-5UTR-Amplicon-short-trimmed+3,41,g,0.132
SARS-CoV2-5UTR-Amplicon-short-trimmed+3,42,c,0.1102
SARS-CoV2-5UTR-Amplicon-short-trimmed+3,43,t,0.1201
SARS-CoV2-5UTR-Amplicon-short-trimmed+3,44,g,0.0894
SARS-CoV2-5UTR-Amplicon-short-trimmed+3,45,t,0.1631
SARS-CoV2-5UTR-Amplicon-short-trimmed+3,46,c,0.0551
SARS-CoV2-5UTR-Amplicon-short-trimmed+3,47,a,0.0805
SARS-CoV2-5UTR-Amplicon-short-trimmed+3,48,c,0.0711
SARS-CoV2-5UTR-Amplicon-short-trimmed+3,49,t,0.0734
SARS-CoV2-5UTR-Amplicon-short-trimmed+3,50,c,0.1364
SARS-CoV2-5UTR-Amplicon-short-trimmed+3,51,g,0.1383
SARS-CoV2-5UTR-Amplicon-short-trimmed+3,52,g,0.3069
SARS-CoV2-5UTR-Amplicon-short-trimmed+3,53,c,0.1753
SARS-CoV2-5UTR-Amplicon-short-trimmed+3,54,t,0.1679
SARS-CoV2-5UTR-Amplicon-short-trimmed+3,55,g,0.19
SARS-CoV2-5UTR-Amplicon-short-trimmed+3,56,c,0.1507
SARS-CoV2-5UTR-Amplicon-short-trimmed+3,57,g,0.1748
SARS-CoV2-5UTR-Amplicon-short-trimmed+3,58,t,0.079
SARS-CoV2-5UTR-Amplicon-short-trimmed+3,59,g,0.1251
SARS-CoV2-5UTR-Amplicon-short-trimmed+3,60,c,0.0948
SARS-CoV2-5UTR-Amplicon-short-trimmed+3,61,t,0.1017
SARS-CoV2-5UTR-Amplicon-short-trimmed+3,62,t,0.0554
SARS-CoV2-5UTR-Amplicon-short-trimmed+3,63,a,0.0595
SARS-CoV2-5UTR-Amplicon-short-trimmed+3,64,g,0.0716
SARS-CoV2-5UTR-Amplicon-short-trimmed+3,65,t,0.0517
SARS-CoV2-5UTR-Amplicon-short-trimmed+3,66,g,0.1256
SARS-CoV2-5UTR-Amplicon-short-trimmed+3,67,c,0.1725
SARS-CoV2-5UTR-Amplicon-short-trimmed+3,68,a,0.0804
SARS-CoV2-5UTR-Amplicon-short-trimmed+3,69,c,0.0728
SARS-CoV2-5UTR-Amplicon-short-trimmed+3,70,t,0.066
SARS-CoV2-5UTR-Amplicon-short-trimmed+3,71,c,0.0375
SARS-CoV2-5UTR-Amplicon-short-trimmed+3,72,a,0.0487
SARS-CoV2-5UTR-Amplicon-short-trimmed+3,73,c,0.0758
SARS-CoV2-5UTR-Amplicon-short-trimmed+3,74,g,0.125
SARS-CoV2-5UTR-Amplicon-short-trimmed+3,75,c,0.0349
SARS-CoV2-5UTR-Amplicon-short-trimmed+3,76,a,0.0805
SARS-CoV2-5UTR-Amplicon-short-trimmed+3,77,g,0.0874
SARS-CoV2-5UTR-Amplicon-short-trimmed+3,78,t,0.0324
SARS-CoV2-5UTR-Amplicon-short-trimmed+3,79,a,0.0543
SARS-CoV2-5UTR-Amplicon-short-trimmed+3,80,t,0.0304
SARS-CoV2-5UTR-Amplicon-short-trimmed+3,81,a,0.0448
SARS-CoV2-5UTR-Amplicon-short-trimmed+3,82,a,0.082
SARS-CoV2-5UTR-Amplicon-short-trimmed+3,83,t,0.0445
SARS-CoV2-5UTR-Amplicon-short-trimmed+3,84,t,0.0687
SARS-CoV2-5UTR-Amplicon-short-trimmed+3,85,a,0.1012
SARS-CoV2-5UTR-Amplicon-short-trimmed+3,86,a,0.1318
SARS-CoV2-5UTR-Amplicon-short-trimmed+3,87,t,0.0302
SARS-CoV2-5UTR-Amplicon-short-trimmed+3,88,a,0.0703
SARS-CoV2-5UTR-Amplicon-short-trimmed+3,89,a,0.0974
SARS-CoV2-5UTR-Amplicon-short-trimmed+3,90,c,0.3492
SARS-CoV2-5UTR-Amplicon-short-trimmed+3,91,t,0.101
SARS-CoV2-5UTR-Amplicon-short-trimmed+3,92,a,0.0795
SARS-CoV2-5UTR-Amplicon-short-trimmed+3,93,a,0.0668
SARS-CoV2-5UTR-Amplicon-short-trimmed+3,94,t,0.0884
SARS-CoV2-5UTR-Amplicon-short-trimmed+3,95,t,0.0812
SARS-CoV2-5UTR-Amplicon-short-trimmed+3,96,a,0.092
SARS-CoV2-5UTR-Amplicon-short-trimmed+3,97,c,0.0669
SARS-CoV2-5UTR-Amplicon-short-trimmed+3,98,t,0.3247
SARS-CoV2-5UTR-Amplicon-short-trimmed+3,99,g,0.1111
SARS-CoV2-5UTR-Amplicon-short-trimmed+3,100,t,0.1003
SARS-CoV2-5UTR-Amplicon-short-trimmed+3,101,c,0.0787
SARS-CoV2-5UTR-Amplicon-short-trimmed+3,102,g,0.1019
SARS-CoV2-5UTR-Amplicon-short-trimmed+3,103,t,0.0703
SARS-CoV2-5UTR-Amplicon-short-trimmed+3,104,t,0.1007
SARS-CoV2-5UTR-Amplicon-short-trimmed+3,105,g,0.0742
SARS-CoV2-5UTR-Amplicon-short-trimmed+3,106,a,0.0845
SARS-CoV2-5UTR-Amplicon-short-trimmed+3,107,c,0.0956
SARS-CoV2-5UTR-Amplicon-short-trimmed+3,108,a,0.1041
SARS-CoV2-5UTR-Amplicon-short-trimmed+3,109,g,0.1179
SARS-CoV2-5UTR-Amplicon-short-trimmed+3,110,g,0.1162
SARS-CoV2-5UTR-Amplicon-short-trimmed+3,111,a,0.085
SARS-CoV2-5UTR-Amplicon-short-trimmed+3,112,c,0.1189
SARS-CoV2-5UTR-Amplicon-short-trimmed+3,113,a,0.0616
SARS-CoV2-5UTR-Amplicon-short-trimmed+3,114,c,0.1081
SARS-CoV2-5UTR-Amplicon-short-trimmed+3,115,g,0.0667
SARS-CoV2-5UTR-Amplicon-short-trimmed+3,116,a,0.0904
SARS-CoV2-5UTR-Amplicon-short-trimmed+3,117,g,0.0603
SARS-CoV2-5UTR-Amplicon-short-trimmed+3,118,t,0.1528
SARS-CoV2-5UTR-Amplicon-short-trimmed+3,119,a,0.1677
SARS-CoV2-5UTR-Amplicon-short-trimmed+3,120,a,0.1233
SARS-CoV2-5UTR-Amplicon-short-trimmed+3,121,c,0.2126
SARS-CoV2-5UTR-Amplicon-short-trimmed+3,122,t,0.2009
SARS-CoV2-5UTR-Amplicon-short-trimmed+3,123,c,0.2291
SARS-CoV2-5UTR-Amplicon-short-trimmed+3,124,g,0.19
SARS-CoV2-5UTR-Amplicon-short-trimmed+3,125,t,0.2881
SARS-CoV2-5UTR-Amplicon-short-trimmed+3,126,c,0.1371
SARS-CoV2-5UTR-Amplicon-short-trimmed+3,127,t,0.0865
SARS-CoV2-5UTR-Amplicon-short-trimmed+3,128,a,0.1285
SARS-CoV2-5UTR-Amplicon-short-trimmed+3,129,t,0.5215
SARS-CoV2-5UTR-Amplicon-short-trimmed+3,130,c,0.0851
SARS-CoV2-5UTR-Amplicon-short-trimmed+3,131,t,0.109
SARS-CoV2-5UTR-Amplicon-short-trimmed+3,132,t,0.2057
SARS-CoV2-5UTR-Amplicon-short-trimmed+3,133,c,0.2965
SARS-CoV2-5UTR-Amplicon-short-trimmed+3,134,t,0.2244
SARS-CoV2-5UTR-Amplicon-short-trimmed+3,135,g,0.2377
SARS-CoV2-5UTR-Amplicon-short-trimmed+3,136,c,0.572
SARS-CoV2-5UTR-Amplicon-short-trimmed+3,137,a,0.2879
SARS-CoV2-5UTR-Amplicon-short-trimmed+3,138,g,0.1166
SARS-CoV2-5UTR-Amplicon-short-trimmed+3,139,g,0.2875
SARS-CoV2-5UTR-Amplicon-short-trimmed+3,140,c,0.1445
SARS-CoV2-5UTR-Amplicon-short-trimmed+3,141,t,0.3079
SARS-CoV2-5UTR-Amplicon-short-trimmed+3,142,g,0.4456
SARS-CoV2-5UTR-Amplicon-short-trimmed+3,143,c,0.1418
SARS-CoV2-5UTR-Amplicon-short-trimmed+3,144,t,0.154
SARS-CoV2-5UTR-Amplicon-short-trimmed+3,145,t,0.1989
SARS-CoV2-5UTR-Amplicon-short-trimmed+3,146,a,0.2627
SARS-CoV2-5UTR-Amplicon-short-trimmed+3,147,c,0.2639
SARS-CoV2-5UTR-Amplicon-short-trimmed+3,148,g,0.4577
SARS-CoV2-5UTR-Amplicon-short-trimmed+3,149,g,0.2449
SARS-CoV2-5UTR-Amplicon-short-trimmed+3,150,t,0.2743
SARS-CoV2-5UTR-Amplicon-short-trimmed+3,151,t,0.2334
SARS-CoV2-5UTR-Amplicon-short-trimmed+3,152,t,0.2792
SARS-CoV2-5UTR-Amplicon-short-trimmed+3,153,c,0.3339
SARS-CoV2-5UTR-Amplicon-short-trimmed+3,154,g,0.1486
SARS-CoV2-5UTR-Amplicon-short-trimmed+3,155,t,0.3579
SARS-CoV2-5UTR-Amplicon-short-trimmed+3,156,c,0.2699
SARS-CoV2-5UTR-Amplicon-short-trimmed+3,157,c,0.2579
SARS-CoV2-5UTR-Amplicon-short-trimmed+3,158,g,0.1555
SARS-CoV2-5UTR-Amplicon-short-trimmed+3,159,t,1.3767
SARS-CoV2-5UTR-Amplicon-short-trimmed+3,160,g,0.1156
SARS-CoV2-5UTR-Amplicon-short-trimmed+3,161,t,0.1497
SARS-CoV2-5UTR-Amplicon-short-trimmed+3,162,t,0.2074
SARS-CoV2-5UTR-Amplicon-short-trimmed+3,163,g,0.165
SARS-CoV2-5UTR-Amplicon-short-trimmed+3,164,c,0.3466
SARS-CoV2-5UTR-Amplicon-short-trimmed+3,165,a,0.4093
SARS-CoV2-5UTR-Amplicon-short-trimmed+3,166,g,0.6651
SARS-CoV2-5UTR-Amplicon-short-trimmed+3,167,c,0.3179
SARS-CoV2-5UTR-Amplicon-short-trimmed+3,168,c,0.7122
SARS-CoV2-5UTR-Amplicon-short-trimmed+3,169,g,0.1336
SARS-CoV2-5UTR-Amplicon-short-trimmed+3,170,a,0.1546
SARS-CoV2-5UTR-Amplicon-short-trimmed+3,171,t,0.1461
SARS-CoV2-5UTR-Amplicon-short-trimmed+3,172,c,0.2451
SARS-CoV2-5UTR-Amplicon-short-trimmed+3,173,a,0.1074
SARS-CoV2-5UTR-Amplicon-short-trimmed+3,174,t,0.0954
SARS-CoV2-5UTR-Amplicon-short-trimmed+3,175,c,0.2486
SARS-CoV2-5UTR-Amplicon-short-trimmed+3,176,a,0.149
SARS-CoV2-5UTR-Amplicon-short-trimmed+3,177,g,0.1535
SARS-CoV2-5UTR-Amplicon-short-trimmed+3,178,c,0.7247
SARS-CoV2-5UTR-Amplicon-short-trimmed+3,179,a,0.1464
SARS-CoV2-5UTR-Amplicon-short-trimmed+3,180,c,0.1248
SARS-CoV2-5UTR-Amplicon-short-trimmed+3,181,a,0.1095
SARS-CoV2-5UTR-Amplicon-short-trimmed+3,182,t,0.1852
SARS-CoV2-5UTR-Amplicon-short-trimmed+3,183,c,0.1316
SARS-CoV2-5UTR-Amplicon-short-trimmed+3,184,t,0.2017
SARS-CoV2-5UTR-Amplicon-short-trimmed+3,185,a,0.3572
SARS-CoV2-5UTR-Amplicon-short-trimmed+3,186,g,0.2191
SARS-CoV2-5UTR-Amplicon-short-trimmed+3,187,g,0.2425
SARS-CoV2-5UTR-Amplicon-short-trimmed+3,188,t,0.2661
SARS-CoV2-5UTR-Amplicon-short-trimmed+3,189,t,0.4098
SARS-CoV2-5UTR-Amplicon-short-trimmed+3,190,t,0.4767
SARS-CoV2-5UTR-Amplicon-short-trimmed+3,191,c,0.2756
SARS-CoV2-5UTR-Amplicon-short-trimmed+3,192,g,0.1487
SARS-CoV2-5UTR-Amplicon-short-trimmed+3,193,t,1.2105
SARS-CoV2-5UTR-Amplicon-short-trimmed+3,194,c,0.1565
SARS-CoV2-5UTR-Amplicon-short-trimmed+3,195,c,0.194
SARS-CoV2-5UTR-Amplicon-short-trimmed+3,196,g,0.3719
SARS-CoV2-5UTR-Amplicon-short-trimmed+3,197,g,0.1535
SARS-CoV2-5UTR-Amplicon-short-trimmed+3,198,g,0.4425
SARS-CoV2-5UTR-Amplicon-short-trimmed+3,199,t,0.2547
SARS-CoV2-5UTR-Amplicon-short-trimmed+3,200,g,0.0959
SARS-CoV2-5UTR-Amplicon-short-trimmed+3,201,t,0.1499
SARS-CoV2-5UTR-Amplicon-short-trimmed+3,202,g,0.1295
SARS-CoV2-5UTR-Amplicon-short-trimmed+3,203,a,0.3416
SARS-CoV2-5UTR-Amplicon-short-trimmed+3,204,c,0.126
SARS-CoV2-5UTR-Amplicon-short-trimmed+3,205,c,0.1084
SARS-CoV2-5UTR-Amplicon-short-trimmed+3,206,g,0.116
SARS-CoV2-5UTR-Amplicon-short-trimmed+3,207,a,0.1643
SARS-CoV2-5UTR-Amplicon-short-trimmed+3,208,a,0.0922
SARS-CoV2-5UTR-Amplicon-short-trimmed+3,209,a,0.1813
SARS-CoV2-5UTR-Amplicon-short-trimmed+3,210,g,0.1407
SARS-CoV2-5UTR-Amplicon-short-trimmed+3,211,g,0.1331
SARS-CoV2-5UTR-Amplicon-short-trimmed+3,212,t,0.1635
SARS-CoV2-5UTR-Amplicon-short-trimmed+3,213,a,0.09
SARS-CoV2-5UTR-Amplicon-short-trimmed+3,214,a,0.1125
SARS-CoV2-5UTR-Amplicon-short-trimmed+3,215,g,0.1014
SARS-CoV2-5UTR-Amplicon-short-trimmed+3,216,a,0.0561
SARS-CoV2-5UTR-Amplicon-short-trimmed+3,217,t,0.1376
SARS-CoV2-5UTR-Amplicon-short-trimmed+3,218,g,0.096
SARS-CoV2-5UTR-Amplicon-short-trimmed+3,219,g,0.1293
SARS-CoV2-5UTR-Amplicon-short-trimmed+3,220,a,0.3214
SARS-CoV2-5UTR-Amplicon-short-trimmed+3,221,g,0.1814
SARS-CoV2-5UTR-Amplicon-short-trimmed+3,222,a,0.0932
SARS-CoV2-5UTR-Amplicon-short-trimmed+3,223,g,0.2377
SARS-CoV2-5UTR-Amplicon-short-trimmed+3,224,c,0.2211
SARS-CoV2-5UTR-Amplicon-short-trimmed+3,225,c,0.1108
SARS-CoV2-5UTR-Amplicon-short-trimmed+3,226,t,0.0973
SARS-CoV2-5UTR-Amplicon-short-trimmed+3,227,t,0.3934
SARS-CoV2-5UTR-Amplicon-short-trimmed+3,228,g,0.1055
SARS-CoV2-5UTR-Amplicon-short-trimmed+3,229,t,0.2081
SARS-CoV2-5UTR-Amplicon-short-trimmed+3,230,c,0.1026
SARS-CoV2-5UTR-Amplicon-short-trimmed+3,231,c,0.089
SARS-CoV2-5UTR-Amplicon-short-trimmed+3,232,c,0.134
SARS-CoV2-5UTR-Amplicon-short-trimmed+3,233,t,0.1866
SARS-CoV2-5UTR-Amplicon-short-trimmed+3,234,g,0.1044
SARS-CoV2-5UTR-Amplicon-short-trimmed+3,235,g,0.1603
SARS-CoV2-5UTR-Amplicon-short-trimmed+3,236,t,0.0687
SARS-CoV2-5UTR-Amplicon-short-trimmed+3,237,t,0.0598
SARS-CoV2-5UTR-Amplicon-short-trimmed+3,238,t,0.1389
SARS-CoV2-5UTR-Amplicon-short-trimmed+3,239,c,0.5804
SARS-CoV2-5UTR-Amplicon-short-trimmed+3,240,a,0.1064
SARS-CoV2-5UTR-Amplicon-short-trimmed+3,241,a,0.0812
SARS-CoV2-5UTR-Amplicon-short-trimmed+3,242,c,0.0838
SARS-CoV2-5UTR-Amplicon-short-trimmed+3,243,g,0.0377
SARS-CoV2-5UTR-Amplicon-short-trimmed+3,244,a,0.2394
SARS-CoV2-5UTR-Amplicon-short-trimmed+3,245,g,0
SARS-CoV2-5UTR-Amplicon-short-trimmed+3,246,g,0
SARS-CoV2-5UTR-Amplicon-short-trimmed+3,247,G,0
SARS-CoV2-5UTR-Amplicon-short-trimmed+3,248,A,0
SARS-CoV2-5UTR-Amplicon-short-trimmed+3,249,G,0
