Region,Position,Ref_base,Mut_percentage
SARS-CoV2-5UTR-Amplicon-short-trimmed+3,1,T,0
SARS-CoV2-5UTR-Amplicon-short-trimmed+3,2,T,0
SARS-CoV2-5UTR-Amplicon-short-trimmed+3,3,G,0
SARS-CoV2-5UTR-Amplicon-short-trimmed+3,4,t,0
SARS-CoV2-5UTR-Amplicon-short-trimmed+3,5,a,0
SARS-CoV2-5UTR-Amplicon-short-trimmed+3,6,g,0.0613
SARS-CoV2-5UTR-Amplicon-short-trimmed+3,7,a,0.0312
SARS-CoV2-5UTR-Amplicon-short-trimmed+3,8,t,0.0947
SARS-CoV2-5UTR-Amplicon-short-trimmed+3,9,c,0.074
SARS-CoV2-5UTR-Amplicon-short-trimmed+3,10,t,0.0496
SARS-CoV2-5UTR-Amplicon-short-trimmed+3,11,g,0.2373
SARS-CoV2-5UTR-Amplicon-short-trimmed+3,12,t,0.0773
SARS-CoV2-5UTR-Amplicon-short-trimmed+3,13,t,0.0805
SARS-CoV2-5UTR-Amplicon-short-trimmed+3,14,c,0.0597
SARS-CoV2-5UTR-Amplicon-short-trimmed+3,15,t,0.1308
SARS-CoV2-5UTR-Amplicon-short-trimmed+3,16,c,0.0805
SARS-CoV2-5UTR-Amplicon-short-trimmed+3,17,t,0.0496
SARS-CoV2-5UTR-Amplicon-short-trimmed+3,18,a,0.0937
SARS-CoV2-5UTR-Amplicon-short-trimmed+3,19,a,0.0263
SARS-CoV2-5UTR-Amplicon-short-trimmed+3,20,a,0.0363
SARS-CoV2-5UTR-Amplicon-short-trimmed+3,21,c,0.0451
SARS-CoV2-5UTR-Amplicon-short-trimmed+3,22,g,0.0859
SARS-CoV2-5UTR-Amplicon-short-trimmed+3,23,a,0.0315
SARS-CoV2-5UTR-Amplicon-short-trimmed+3,24,a,0.0495
SARS-CoV2-5UTR-Amplicon-short-trimmed+3,25,c,5.1817
SARS-CoV2-5UTR-Amplicon-short-trimmed+3,26,t,0.2269
SARS-CoV2-5UTR-Amplicon-short-trimmed+3,27,t,0.1339
SARS-CoV2-5UTR-Amplicon-short-trimmed+3,28,t,0.0413
SARS-CoV2-5UTR-Amplicon-short-trimmed+3,29,a,0.0994
SARS-CoV2-5UTR-Amplicon-short-trimmed+3,30,a,0.0587
SARS-CoV2-5UTR-Amplicon-short-trimmed+3,31,a,0.0941
SARS-CoV2-5UTR-Amplicon-short-trimmed+3,32,a,0.0392
SARS-CoV2-5UTR-Amplicon-short-trimmed+3,33,t,0.0774
SARS-CoV2-5UTR-Amplicon-short-trimmed+3,34,c,0.0386
SARS-CoV2-5UTR-Amplicon-short-trimmed+3,35,t,0.0727
SARS-CoV2-5UTR-Amplicon-short-trimmed+3,36,g,0.0925
SARS-CoV2-5UTR-Amplicon-short-trimmed+3,37,t,0.084
SARS-CoV2-5UTR-Amplicon-short-trimmed+3,38,g,0.0377
SARS-CoV2-5UTR-Amplicon-short-trimmed+3,39,t,0.0633
SARS-CoV2-5UTR-Amplicon-short-trimmed+3,40,g,0.0564
SARS-CoV2-5UTR-Amplicon-short-trimmed+3,41,g,0.1407
SARS-CoV2-5UTR-Amplicon-short-trimmed+3,42,c,0.0773
SARS-CoV2-5UTR-Amplicon-short-trimmed+3,43,t,0.1568
SARS-CoV2-5UTR-Amplicon-short-trimmed+3,44,g,0.1084
SARS-CoV2-5UTR-Amplicon-short-trimmed+3,45,t,0.1469
SARS-CoV2-5UTR-Amplicon-short-trimmed+3,46,c,0.0486
SARS-CoV2-5UTR-Amplicon-short-trimmed+3,47,a,0.0468
SARS-CoV2-5UTR-Amplicon-short-trimmed+3,48,c,0.0413
SARS-CoV2-5UTR-Amplicon-short-trimmed+3,49,t,0.0692
SARS-CoV2-5UTR-Amplicon-short-trimmed+3,50,c,0.0626
SARS-CoV2-5UTR-Amplicon-short-trimmed+3,51,g,0.1141
SARS-CoV2-5UTR-Amplicon-short-trimmed+3,52,g,0.2129
SARS-CoV2-5UTR-Amplicon-short-trimmed+3,53,c,0.1496
SARS-CoV2-5UTR-Amplicon-short-trimmed+3,54,t,0.0879
SARS-CoV2-5UTR-Amplicon-short-trimmed+3,55,g,0.2359
SARS-CoV2-5UTR-Amplicon-short-trimmed+3,56,c,0.1021
SARS-CoV2-5UTR-Amplicon-short-trimmed+3,57,g,0.2172
SARS-CoV2-5UTR-Amplicon-short-trimmed+3,58,t,0.0884
SARS-CoV2-5UTR-Amplicon-short-trimmed+3,59,g,0.1441
SARS-CoV2-5UTR-Amplicon-short-trimmed+3,60,c,0.0945
SARS-CoV2-5UTR-Amplicon-short-trimmed+3,61,t,0.1011
SARS-CoV2-5UTR-Amplicon-short-trimmed+3,62,t,0.0567
SARS-CoV2-5UTR-Amplicon-short-trimmed+3,63,a,0.0468
SARS-CoV2-5UTR-Amplicon-short-trimmed+3,64,g,0.0777
SARS-CoV2-5UTR-Amplicon-short-trimmed+3,65,t,0.0495
SARS-CoV2-5UTR-Amplicon-short-trimmed+3,66,g,0.1333
SARS-CoV2-5UTR-Amplicon-short-trimmed+3,67,c,0.1336
SARS-CoV2-5UTR-Amplicon-short-trimmed+3,68,a,0.0683
SARS-CoV2-5UTR-Amplicon-short-trimmed+3,69,c,0.0755
SARS-CoV2-5UTR-Amplicon-short-trimmed+3,70,t,0.0757
SARS-CoV2-5UTR-Amplicon-short-trimmed+3,71,c,0.0575
SARS-CoV2-5UTR-Amplicon-short-trimmed+3,72,a,0.0694
SARS-CoV2-5UTR-Amplicon-short-trimmed+3,73,c,0.0694
SARS-CoV2-5UTR-Amplicon-short-trimmed+3,74,g,0.1252
SARS-CoV2-5UTR-Amplicon-short-trimmed+3,75,c,0.047
SARS-CoV2-5UTR-Amplicon-short-trimmed+3,76,a,0.1005
SARS-CoV2-5UTR-Amplicon-short-trimmed+3,77,g,0.1165
SARS-CoV2-5UTR-Amplicon-short-trimmed+3,78,t,0.0453
SARS-CoV2-5UTR-Amplicon-short-trimmed+3,79,a,0.0428
SARS-CoV2-5UTR-Amplicon-short-trimmed+3,80,t,0.0255
SARS-CoV2-5UTR-Amplicon-short-trimmed+3,81,a,0.0463
SARS-CoV2-5UTR-Amplicon-short-trimmed+3,82,a,0.0838
SARS-CoV2-5UTR-Amplicon-short-trimmed+3,83,t,0.0401
SARS-CoV2-5UTR-Amplicon-short-trimmed+3,84,t,0.0818
SARS-CoV2-5UTR-Amplicon-short-trimmed+3,85,a,0.0975
SARS-CoV2-5UTR-Amplicon-short-trimmed+3,86,a,0.0821
SARS-CoV2-5UTR-Amplicon-short-trimmed+3,87,t,0.0383
SARS-CoV2-5UTR-Amplicon-short-trimmed+3,88,a,0.0607
SARS-CoV2-5UTR-Amplicon-short-trimmed+3,89,a,0.0669
SARS-CoV2-5UTR-Amplicon-short-trimmed+3,90,c,0.3372
SARS-CoV2-5UTR-Amplicon-short-trimmed+3,91,t,0.1123
SARS-CoV2-5UTR-Amplicon-short-trimmed+3,92,a,0.0664
SARS-CoV2-5UTR-Amplicon-short-trimmed+3,93,a,0.0572
SARS-CoV2-5UTR-Amplicon-short-trimmed+3,94,t,0.0628
SARS-CoV2-5UTR-Amplicon-short-trimmed+3,95,t,0.0605
SARS-CoV2-5UTR-Amplicon-short-trimmed+3,96,a,0.0652
SARS-CoV2-5UTR-Amplicon-short-trimmed+3,97,c,0.0526
SARS-CoV2-5UTR-Amplicon-short-trimmed+3,98,t,0.3056
SARS-CoV2-5UTR-Amplicon-short-trimmed+3,99,g,0.1224
SARS-CoV2-5UTR-Amplicon-short-trimmed+3,100,t,0.1258
SARS-CoV2-5UTR-Amplicon-short-trimmed+3,101,c,0.0608
SARS-CoV2-5UTR-Amplicon-short-trimmed+3,102,g,0.1101
SARS-CoV2-5UTR-Amplicon-short-trimmed+3,103,t,0.0888
SARS-CoV2-5UTR-Amplicon-short-trimmed+3,104,t,0.1347
SARS-CoV2-5UTR-Amplicon-short-trimmed+3,105,g,0.0852
SARS-CoV2-5UTR-Amplicon-short-trimmed+3,106,a,0.073
SARS-CoV2-5UTR-Amplicon-short-trimmed+3,107,c,0.0902
SARS-CoV2-5UTR-Amplicon-short-trimmed+3,108,a,0.1097
SARS-CoV2-5UTR-Amplicon-short-trimmed+3,109,g,0.1253
SARS-CoV2-5UTR-Amplicon-short-trimmed+3,110,g,0.1182
SARS-CoV2-5UTR-Amplicon-short-trimmed+3,111,a,0.0582
SARS-CoV2-5UTR-Amplicon-short-trimmed+3,112,c,0.0838
SARS-CoV2-5UTR-Amplicon-short-trimmed+3,113,a,0.0814
SARS-CoV2-5UTR-Amplicon-short-trimmed+3,114,c,0.0976
SARS-CoV2-5UTR-Amplicon-short-trimmed+3,115,g,0.0701
SARS-CoV2-5UTR-Amplicon-short-trimmed+3,116,a,0.0906
SARS-CoV2-5UTR-Amplicon-short-trimmed+3,117,g,0.0692
SARS-CoV2-5UTR-Amplicon-short-trimmed+3,118,t,0.1708
SARS-CoV2-5UTR-Amplicon-short-trimmed+3,119,a,0.1751
SARS-CoV2-5UTR-Amplicon-short-trimmed+3,120,a,0.1201
SARS-CoV2-5UTR-Amplicon-short-trimmed+3,121,c,0.1858
SARS-CoV2-5UTR-Amplicon-short-trimmed+3,122,t,0.2317
SARS-CoV2-5UTR-Amplicon-short-trimmed+3,123,c,0.2242
SARS-CoV2-5UTR-Amplicon-short-trimmed+3,124,g,0.2328
SARS-CoV2-5UTR-Amplicon-short-trimmed+3,125,t,0.3358
SARS-CoV2-5UTR-Amplicon-short-trimmed+3,126,c,0.1343
SARS-CoV2-5UTR-Amplicon-short-trimmed+3,127,t,0.0921
SARS-CoV2-5UTR-Amplicon-short-trimmed+3,128,a,0.1341
SARS-CoV2-5UTR-Amplicon-short-trimmed+3,129,t,0.5376
SARS-CoV2-5UTR-Amplicon-short-trimmed+3,130,c,0.0875
SARS-CoV2-5UTR-Amplicon-short-trimmed+3,131,t,0.1268
SARS-CoV2-5UTR-Amplicon-short-trimmed+3,132,t,0.2153
SARS-CoV2-5UTR-Amplicon-short-trimmed+3,133,c,0.2726
SARS-CoV2-5UTR-Amplicon-short-trimmed+3,134,t,0.2134
SARS-CoV2-5UTR-Amplicon-short-trimmed+3,135,g,0.1546
SARS-CoV2-5UTR-Amplicon-short-trimmed+3,136,c,0.4408
SARS-CoV2-5UTR-Amplicon-short-trimmed+3,137,a,0.2528
SARS-CoV2-5UTR-Amplicon-short-trimmed+3,138,g,0.1052
SARS-CoV2-5UTR-Amplicon-short-trimmed+3,139,g,0.2974
SARS-CoV2-5UTR-Amplicon-short-trimmed+3,140,c,0.1278
SARS-CoV2-5UTR-Amplicon-short-trimmed+3,141,t,0.3177
SARS-CoV2-5UTR-Amplicon-short-trimmed+3,142,g,0.4458
SARS-CoV2-5UTR-Amplicon-short-trimmed+3,143,c,0.1445
SARS-CoV2-5UTR-Amplicon-short-trimmed+3,144,t,0.1287
SARS-CoV2-5UTR-Amplicon-short-trimmed+3,145,t,0.1514
SARS-CoV2-5UTR-Amplicon-short-trimmed+3,146,a,0.2234
SARS-CoV2-5UTR-Amplicon-short-trimmed+3,147,c,0.1812
SARS-CoV2-5UTR-Amplicon-short-trimmed+3,148,g,0.3906
SARS-CoV2-5UTR-Amplicon-short-trimmed+3,149,g,0.2147
SARS-CoV2-5UTR-Amplicon-short-trimmed+3,150,t,0.1876
SARS-CoV2-5UTR-Amplicon-short-trimmed+3,151,t,0.1683
SARS-CoV2-5UTR-Amplicon-short-trimmed+3,152,t,0.2571
SARS-CoV2-5UTR-Amplicon-short-trimmed+3,153,c,0.2596
SARS-CoV2-5UTR-Amplicon-short-trimmed+3,154,g,0.1228
SARS-CoV2-5UTR-Amplicon-short-trimmed+3,155,t,0.3694
SARS-CoV2-5UTR-Amplicon-short-trimmed+3,156,c,0.2244
SARS-CoV2-5UTR-Amplicon-short-trimmed+3,157,c,0.2184
SARS-CoV2-5UTR-Amplicon-short-trimmed+3,158,g,0.1372
SARS-CoV2-5UTR-Amplicon-short-trimmed+3,159,t,1.3464
SARS-CoV2-5UTR-Amplicon-short-trimmed+3,160,g,0.1179
SARS-CoV2-5UTR-Amplicon-short-trimmed+3,161,t,0.1542
SARS-CoV2-5UTR-Amplicon-short-trimmed+3,162,t,0.1955
SARS-CoV2-5UTR-Amplicon-short-trimmed+3,163,g,0.1394
SARS-CoV2-5UTR-Amplicon-short-trimmed+3,164,c,0.3047
SARS-CoV2-5UTR-Amplicon-short-trimmed+3,165,a,0.4571
SARS-CoV2-5UTR-Amplicon-short-trimmed+3,166,g,0.7348
SARS-CoV2-5UTR-Amplicon-short-trimmed+3,167,c,0.2644
SARS-CoV2-5UTR-Amplicon-short-trimmed+3,168,c,0.5452
SARS-CoV2-5UTR-Amplicon-short-trimmed+3,169,g,0.1073
SARS-CoV2-5UTR-Amplicon-short-trimmed+3,170,a,0.1263
SARS-CoV2-5UTR-Amplicon-short-trimmed+3,171,t,0.1353
SARS-CoV2-5UTR-Amplicon-short-trimmed+3,172,c,0.1891
SARS-CoV2-5UTR-Amplicon-short-trimmed+3,173,a,0.0731
SARS-CoV2-5UTR-Amplicon-short-trimmed+3,174,t,0.0925
SARS-CoV2-5UTR-Amplicon-short-trimmed+3,175,c,0.2304
SARS-CoV2-5UTR-Amplicon-short-trimmed+3,176,a,0.1531
SARS-CoV2-5UTR-Amplicon-short-trimmed+3,177,g,0.1498
SARS-CoV2-5UTR-Amplicon-short-trimmed+3,178,c,0.6248
SARS-CoV2-5UTR-Amplicon-short-trimmed+3,179,a,0.126
SARS-CoV2-5UTR-Amplicon-short-trimmed+3,180,c,0.0945
SARS-CoV2-5UTR-Amplicon-short-trimmed+3,181,a,0.1052
SARS-CoV2-5UTR-Amplicon-short-trimmed+3,182,t,0.1547
SARS-CoV2-5UTR-Amplicon-short-trimmed+3,183,c,0.0911
SARS-CoV2-5UTR-Amplicon-short-trimmed+3,184,t,0.0968
SARS-CoV2-5UTR-Amplicon-short-trimmed+3,185,a,0.1986
SARS-CoV2-5UTR-Amplicon-short-trimmed+3,186,g,0.0877
SARS-CoV2-5UTR-Amplicon-short-trimmed+3,187,g,0.1019
SARS-CoV2-5UTR-Amplicon-short-trimmed+3,188,t,0.1561
SARS-CoV2-5UTR-Amplicon-short-trimmed+3,189,t,0.3001
SARS-CoV2-5UTR-Amplicon-short-trimmed+3,190,t,0.3868
SARS-CoV2-5UTR-Amplicon-short-trimmed+3,191,c,0.1638
SARS-CoV2-5UTR-Amplicon-short-trimmed+3,192,g,0.0807
SARS-CoV2-5UTR-Amplicon-short-trimmed+3,193,t,1.0778
SARS-CoV2-5UTR-Amplicon-short-trimmed+3,194,c,0.1216
SARS-CoV2-5UTR-Amplicon-short-trimmed+3,195,c,0.1761
SARS-CoV2-5UTR-Amplicon-short-trimmed+3,196,g,0.3571
SARS-CoV2-5UTR-Amplicon-short-trimmed+3,197,g,0.152
SARS-CoV2-5UTR-Amplicon-short-trimmed+3,198,g,0.4368
SARS-CoV2-5UTR-Amplicon-short-trimmed+3,199,t,0.2597
SARS-CoV2-5UTR-Amplicon-short-trimmed+3,200,g,0.104
SARS-CoV2-5UTR-Amplicon-short-trimmed+3,201,t,0.1472
SARS-CoV2-5UTR-Amplicon-short-trimmed+3,202,g,0.1092
SARS-CoV2-5UTR-Amplicon-short-trimmed+3,203,a,0.3252
SARS-CoV2-5UTR-Amplicon-short-trimmed+3,204,c,0.1175
SARS-CoV2-5UTR-Amplicon-short-trimmed+3,205,c,0.1028
SARS-CoV2-5UTR-Amplicon-short-trimmed+3,206,g,0.107
SARS-CoV2-5UTR-Amplicon-short-trimmed+3,207,a,0.134
SARS-CoV2-5UTR-Amplicon-short-trimmed+3,208,a,0.0771
SARS-CoV2-5UTR-Amplicon-short-trimmed+3,209,a,0.1755
SARS-CoV2-5UTR-Amplicon-short-trimmed+3,210,g,0.1407
SARS-CoV2-5UTR-Amplicon-short-trimmed+3,211,g,0.1281
SARS-CoV2-5UTR-Amplicon-short-trimmed+3,212,t,0.1399
SARS-CoV2-5UTR-Amplicon-short-trimmed+3,213,a,0.0762
SARS-CoV2-5UTR-Amplicon-short-trimmed+3,214,a,0.0933
SARS-CoV2-5UTR-Amplicon-short-trimmed+3,215,g,0.0996
SARS-CoV2-5UTR-Amplicon-short-trimmed+3,216,a,0.0624
SARS-CoV2-5UTR-Amplicon-short-trimmed+3,217,t,0.1371
SARS-CoV2-5UTR-Amplicon-short-trimmed+3,218,g,0.078
SARS-CoV2-5UTR-Amplicon-short-trimmed+3,219,g,0.0747
SARS-CoV2-5UTR-Amplicon-short-trimmed+3,220,a,0.2483
SARS-CoV2-5UTR-Amplicon-short-trimmed+3,221,g,0.1627
SARS-CoV2-5UTR-Amplicon-short-trimmed+3,222,a,0.0801
SARS-CoV2-5UTR-Amplicon-short-trimmed+3,223,g,0.2129
SARS-CoV2-5UTR-Amplicon-short-trimmed+3,224,c,0.0917
SARS-CoV2-5UTR-Amplicon-short-trimmed+3,225,c,0.0915
SARS-CoV2-5UTR-Amplicon-short-trimmed+3,226,t,0.072
SARS-CoV2-5UTR-Amplicon-short-trimmed+3,227,t,0.3062
SARS-CoV2-5UTR-Amplicon-short-trimmed+3,228,g,0.0689
SARS-CoV2-5UTR-Amplicon-short-trimmed+3,229,t,0.1645
SARS-CoV2-5UTR-Amplicon-short-trimmed+3,230,c,0.0615
SARS-CoV2-5UTR-Amplicon-short-trimmed+3,231,c,0.0707
SARS-CoV2-5UTR-Amplicon-short-trimmed+3,232,c,0.098
SARS-CoV2-5UTR-Amplicon-short-trimmed+3,233,t,0.1922
SARS-CoV2-5UTR-Amplicon-short-trimmed+3,234,g,0.0991
SARS-CoV2-5UTR-Amplicon-short-trimmed+3,235,g,0.178
SARS-CoV2-5UTR-Amplicon-short-trimmed+3,236,t,0.0735
SARS-CoV2-5UTR-Amplicon-short-trimmed+3,237,t,0.0656
SARS-CoV2-5UTR-Amplicon-short-trimmed+3,238,t,0.1436
SARS-CoV2-5UTR-Amplicon-short-trimmed+3,239,c,0.5867
SARS-CoV2-5UTR-Amplicon-short-trimmed+3,240,a,0.0911
SARS-CoV2-5UTR-Amplicon-short-trimmed+3,241,a,0.078
SARS-CoV2-5UTR-Amplicon-short-trimmed+3,242,c,0.09
SARS-CoV2-5UTR-Amplicon-short-trimmed+3,243,g,0.0309
SARS-CoV2-5UTR-Amplicon-short-trimmed+3,244,a,0.211
SARS-CoV2-5UTR-Amplicon-short-trimmed+3,245,g,0
SARS-CoV2-5UTR-Amplicon-short-trimmed+3,246,g,0
SARS-CoV2-5UTR-Amplicon-short-trimmed+3,247,G,0
SARS-CoV2-5UTR-Amplicon-short-trimmed+3,248,A,0
SARS-CoV2-5UTR-Amplicon-short-trimmed+3,249,G,0
