Region,Position,Ref_base,Mut_percentage
SARS-CoV2-5UTR-Amplicon-short-trimmed+3,1,T,0
SARS-CoV2-5UTR-Amplicon-short-trimmed+3,2,T,0
SARS-CoV2-5UTR-Amplicon-short-trimmed+3,3,G,0
SARS-CoV2-5UTR-Amplicon-short-trimmed+3,4,t,0
SARS-CoV2-5UTR-Amplicon-short-trimmed+3,5,a,0
SARS-CoV2-5UTR-Amplicon-short-trimmed+3,6,g,0.0602
SARS-CoV2-5UTR-Amplicon-short-trimmed+3,7,a,0.0301
SARS-CoV2-5UTR-Amplicon-short-trimmed+3,8,t,0.0825
SARS-CoV2-5UTR-Amplicon-short-trimmed+3,9,c,0.0684
SARS-CoV2-5UTR-Amplicon-short-trimmed+3,10,t,0.0372
SARS-CoV2-5UTR-Amplicon-short-trimmed+3,11,g,0.2075
SARS-CoV2-5UTR-Amplicon-short-trimmed+3,12,t,0.0749
SARS-CoV2-5UTR-Amplicon-short-trimmed+3,13,t,0.0736
SARS-CoV2-5UTR-Amplicon-short-trimmed+3,14,c,0.0624
SARS-CoV2-5UTR-Amplicon-short-trimmed+3,15,t,0.1196
SARS-CoV2-5UTR-Amplicon-short-trimmed+3,16,c,0.072
SARS-CoV2-5UTR-Amplicon-short-trimmed+3,17,t,0.0457
SARS-CoV2-5UTR-Amplicon-short-trimmed+3,18,a,0.0952
SARS-CoV2-5UTR-Amplicon-short-trimmed+3,19,a,0.0218
SARS-CoV2-5UTR-Amplicon-short-trimmed+3,20,a,0.0425
SARS-CoV2-5UTR-Amplicon-short-trimmed+3,21,c,0.0424
SARS-CoV2-5UTR-Amplicon-short-trimmed+3,22,g,0.0885
SARS-CoV2-5UTR-Amplicon-short-trimmed+3,23,a,0.0277
SARS-CoV2-5UTR-Amplicon-short-trimmed+3,24,a,0.0484
SARS-CoV2-5UTR-Amplicon-short-trimmed+3,25,c,4.9718
SARS-CoV2-5UTR-Amplicon-short-trimmed+3,26,t,0.2195
SARS-CoV2-5UTR-Amplicon-short-trimmed+3,27,t,0.1252
SARS-CoV2-5UTR-Amplicon-short-trimmed+3,28,t,0.0332
SARS-CoV2-5UTR-Amplicon-short-trimmed+3,29,a,0.0849
SARS-CoV2-5UTR-Amplicon-short-trimmed+3,30,a,0.0598
SARS-CoV2-5UTR-Amplicon-short-trimmed+3,31,a,0.0929
SARS-CoV2-5UTR-Amplicon-short-trimmed+3,32,a,0.0358
SARS-CoV2-5UTR-Amplicon-short-trimmed+3,33,t,0.0721
SARS-CoV2-5UTR-Amplicon-short-trimmed+3,34,c,0.042
SARS-CoV2-5UTR-Amplicon-short-trimmed+3,35,t,0.0744
SARS-CoV2-5UTR-Amplicon-short-trimmed+3,36,g,0.0908
SARS-CoV2-5UTR-Amplicon-short-trimmed+3,37,t,0.0718
SARS-CoV2-5UTR-Amplicon-short-trimmed+3,38,g,0.0428
SARS-CoV2-5UTR-Amplicon-short-trimmed+3,39,t,0.0669
SARS-CoV2-5UTR-Amplicon-short-trimmed+3,40,g,0.0526
SARS-CoV2-5UTR-Amplicon-short-trimmed+3,41,g,0.123
SARS-CoV2-5UTR-Amplicon-short-trimmed+3,42,c,0.0857
SARS-CoV2-5UTR-Amplicon-short-trimmed+3,43,t,0.1616
SARS-CoV2-5UTR-Amplicon-short-trimmed+3,44,g,0.1004
SARS-CoV2-5UTR-Amplicon-short-trimmed+3,45,t,0.1678
SARS-CoV2-5UTR-Amplicon-short-trimmed+3,46,c,0.0513
SARS-CoV2-5UTR-Amplicon-short-trimmed+3,47,a,0.0564
SARS-CoV2-5UTR-Amplicon-short-trimmed+3,48,c,0.0545
SARS-CoV2-5UTR-Amplicon-short-trimmed+3,49,t,0.0668
SARS-CoV2-5UTR-Amplicon-short-trimmed+3,50,c,0.0672
SARS-CoV2-5UTR-Amplicon-short-trimmed+3,51,g,0.0978
SARS-CoV2-5UTR-Amplicon-short-trimmed+3,52,g,0.2386
SARS-CoV2-5UTR-Amplicon-short-trimmed+3,53,c,0.1448
SARS-CoV2-5UTR-Amplicon-short-trimmed+3,54,t,0.0745
SARS-CoV2-5UTR-Amplicon-short-trimmed+3,55,g,0.1944
SARS-CoV2-5UTR-Amplicon-short-trimmed+3,56,c,0.1041
SARS-CoV2-5UTR-Amplicon-short-trimmed+3,57,g,0.2128
SARS-CoV2-5UTR-Amplicon-short-trimmed+3,58,t,0.0816
SARS-CoV2-5UTR-Amplicon-short-trimmed+3,59,g,0.1409
SARS-CoV2-5UTR-Amplicon-short-trimmed+3,60,c,0.0819
SARS-CoV2-5UTR-Amplicon-short-trimmed+3,61,t,0.1063
SARS-CoV2-5UTR-Amplicon-short-trimmed+3,62,t,0.0562
SARS-CoV2-5UTR-Amplicon-short-trimmed+3,63,a,0.0546
SARS-CoV2-5UTR-Amplicon-short-trimmed+3,64,g,0.065
SARS-CoV2-5UTR-Amplicon-short-trimmed+3,65,t,0.0549
SARS-CoV2-5UTR-Amplicon-short-trimmed+3,66,g,0.1445
SARS-CoV2-5UTR-Amplicon-short-trimmed+3,67,c,0.1569
SARS-CoV2-5UTR-Amplicon-short-trimmed+3,68,a,0.0744
SARS-CoV2-5UTR-Amplicon-short-trimmed+3,69,c,0.0797
SARS-CoV2-5UTR-Amplicon-short-trimmed+3,70,t,0.0767
SARS-CoV2-5UTR-Amplicon-short-trimmed+3,71,c,0.0562
SARS-CoV2-5UTR-Amplicon-short-trimmed+3,72,a,0.0666
SARS-CoV2-5UTR-Amplicon-short-trimmed+3,73,c,0.0662
SARS-CoV2-5UTR-Amplicon-short-trimmed+3,74,g,0.1236
SARS-CoV2-5UTR-Amplicon-short-trimmed+3,75,c,0.0415
SARS-CoV2-5UTR-Amplicon-short-trimmed+3,76,a,0.111
SARS-CoV2-5UTR-Amplicon-short-trimmed+3,77,g,0.1045
SARS-CoV2-5UTR-Amplicon-short-trimmed+3,78,t,0.0561
SARS-CoV2-5UTR-Amplicon-short-trimmed+3,79,a,0.051
SARS-CoV2-5UTR-Amplicon-short-trimmed+3,80,t,0.0273
SARS-CoV2-5UTR-Amplicon-short-trimmed+3,81,a,0.0453
SARS-CoV2-5UTR-Amplicon-short-trimmed+3,82,a,0.0783
SARS-CoV2-5UTR-Amplicon-short-trimmed+3,83,t,0.0389
SARS-CoV2-5UTR-Amplicon-short-trimmed+3,84,t,0.0983
SARS-CoV2-5UTR-Amplicon-short-trimmed+3,85,a,0.0936
SARS-CoV2-5UTR-Amplicon-short-trimmed+3,86,a,0.0776
SARS-CoV2-5UTR-Amplicon-short-trimmed+3,87,t,0.0304
SARS-CoV2-5UTR-Amplicon-short-trimmed+3,88,a,0.064
SARS-CoV2-5UTR-Amplicon-short-trimmed+3,89,a,0.0773
SARS-CoV2-5UTR-Amplicon-short-trimmed+3,90,c,0.3169
SARS-CoV2-5UTR-Amplicon-short-trimmed+3,91,t,0.11
SARS-CoV2-5UTR-Amplicon-short-trimmed+3,92,a,0.0559
SARS-CoV2-5UTR-Amplicon-short-trimmed+3,93,a,0.0571
SARS-CoV2-5UTR-Amplicon-short-trimmed+3,94,t,0.066
SARS-CoV2-5UTR-Amplicon-short-trimmed+3,95,t,0.0714
SARS-CoV2-5UTR-Amplicon-short-trimmed+3,96,a,0.0549
SARS-CoV2-5UTR-Amplicon-short-trimmed+3,97,c,0.051
SARS-CoV2-5UTR-Amplicon-short-trimmed+3,98,t,0.2986
SARS-CoV2-5UTR-Amplicon-short-trimmed+3,99,g,0.1012
SARS-CoV2-5UTR-Amplicon-short-trimmed+3,100,t,0.1194
SARS-CoV2-5UTR-Amplicon-short-trimmed+3,101,c,0.0554
SARS-CoV2-5UTR-Amplicon-short-trimmed+3,102,g,0.1012
SARS-CoV2-5UTR-Amplicon-short-trimmed+3,103,t,0.0968
SARS-CoV2-5UTR-Amplicon-short-trimmed+3,104,t,0.1413
SARS-CoV2-5UTR-Amplicon-short-trimmed+3,105,g,0.0792
SARS-CoV2-5UTR-Amplicon-short-trimmed+3,106,a,0.0805
SARS-CoV2-5UTR-Amplicon-short-trimmed+3,107,c,0.0981
SARS-CoV2-5UTR-Amplicon-short-trimmed+3,108,a,0.122
SARS-CoV2-5UTR-Amplicon-short-trimmed+3,109,g,0.1264
SARS-CoV2-5UTR-Amplicon-short-trimmed+3,110,g,0.1153
SARS-CoV2-5UTR-Amplicon-short-trimmed+3,111,a,0.0798
SARS-CoV2-5UTR-Amplicon-short-trimmed+3,112,c,0.0886
SARS-CoV2-5UTR-Amplicon-short-trimmed+3,113,a,0.1076
SARS-CoV2-5UTR-Amplicon-short-trimmed+3,114,c,0.105
SARS-CoV2-5UTR-Amplicon-short-trimmed+3,115,g,0.0697
SARS-CoV2-5UTR-Amplicon-short-trimmed+3,116,a,0.0962
SARS-CoV2-5UTR-Amplicon-short-trimmed+3,117,g,0.0685
SARS-CoV2-5UTR-Amplicon-short-trimmed+3,118,t,0.1749
SARS-CoV2-5UTR-Amplicon-short-trimmed+3,119,a,0.2057
SARS-CoV2-5UTR-Amplicon-short-trimmed+3,120,a,0.1392
SARS-CoV2-5UTR-Amplicon-short-trimmed+3,121,c,0.2
SARS-CoV2-5UTR-Amplicon-short-trimmed+3,122,t,0.2698
SARS-CoV2-5UTR-Amplicon-short-trimmed+3,123,c,0.2399
SARS-CoV2-5UTR-Amplicon-short-trimmed+3,124,g,0.2104
SARS-CoV2-5UTR-Amplicon-short-trimmed+3,125,t,0.3717
SARS-CoV2-5UTR-Amplicon-short-trimmed+3,126,c,0.1491
SARS-CoV2-5UTR-Amplicon-short-trimmed+3,127,t,0.1121
SARS-CoV2-5UTR-Amplicon-short-trimmed+3,128,a,0.1497
SARS-CoV2-5UTR-Amplicon-short-trimmed+3,129,t,0.634
SARS-CoV2-5UTR-Amplicon-short-trimmed+3,130,c,0.0977
SARS-CoV2-5UTR-Amplicon-short-trimmed+3,131,t,0.1514
SARS-CoV2-5UTR-Amplicon-short-trimmed+3,132,t,0.2635
SARS-CoV2-5UTR-Amplicon-short-trimmed+3,133,c,0.2961
SARS-CoV2-5UTR-Amplicon-short-trimmed+3,134,t,0.2727
SARS-CoV2-5UTR-Amplicon-short-trimmed+3,135,g,0.166
SARS-CoV2-5UTR-Amplicon-short-trimmed+3,136,c,0.4714
SARS-CoV2-5UTR-Amplicon-short-trimmed+3,137,a,0.2989
SARS-CoV2-5UTR-Amplicon-short-trimmed+3,138,g,0.1209
SARS-CoV2-5UTR-Amplicon-short-trimmed+3,139,g,0.3055
SARS-CoV2-5UTR-Amplicon-short-trimmed+3,140,c,0.1722
SARS-CoV2-5UTR-Amplicon-short-trimmed+3,141,t,0.3658
SARS-CoV2-5UTR-Amplicon-short-trimmed+3,142,g,0.4836
SARS-CoV2-5UTR-Amplicon-short-trimmed+3,143,c,0.1628
SARS-CoV2-5UTR-Amplicon-short-trimmed+3,144,t,0.1544
SARS-CoV2-5UTR-Amplicon-short-trimmed+3,145,t,0.1853
SARS-CoV2-5UTR-Amplicon-short-trimmed+3,146,a,0.2503
SARS-CoV2-5UTR-Amplicon-short-trimmed+3,147,c,0.1982
SARS-CoV2-5UTR-Amplicon-short-trimmed+3,148,g,0.3978
SARS-CoV2-5UTR-Amplicon-short-trimmed+3,149,g,0.2238
SARS-CoV2-5UTR-Amplicon-short-trimmed+3,150,t,0.1959
SARS-CoV2-5UTR-Amplicon-short-trimmed+3,151,t,0.1852
SARS-CoV2-5UTR-Amplicon-short-trimmed+3,152,t,0.3131
SARS-CoV2-5UTR-Amplicon-short-trimmed+3,153,c,0.2732
SARS-CoV2-5UTR-Amplicon-short-trimmed+3,154,g,0.1255
SARS-CoV2-5UTR-Amplicon-short-trimmed+3,155,t,0.4119
SARS-CoV2-5UTR-Amplicon-short-trimmed+3,156,c,0.2383
SARS-CoV2-5UTR-Amplicon-short-trimmed+3,157,c,0.2572
SARS-CoV2-5UTR-Amplicon-short-trimmed+3,158,g,0.1342
SARS-CoV2-5UTR-Amplicon-short-trimmed+3,159,t,1.608
SARS-CoV2-5UTR-Amplicon-short-trimmed+3,160,g,0.1074
SARS-CoV2-5UTR-Amplicon-short-trimmed+3,161,t,0.1723
SARS-CoV2-5UTR-Amplicon-short-trimmed+3,162,t,0.2224
SARS-CoV2-5UTR-Amplicon-short-trimmed+3,163,g,0.1377
SARS-CoV2-5UTR-Amplicon-short-trimmed+3,164,c,0.3542
SARS-CoV2-5UTR-Amplicon-short-trimmed+3,165,a,0.5643
SARS-CoV2-5UTR-Amplicon-short-trimmed+3,166,g,0.8158
SARS-CoV2-5UTR-Amplicon-short-trimmed+3,167,c,0.31
SARS-CoV2-5UTR-Amplicon-short-trimmed+3,168,c,0.5545
SARS-CoV2-5UTR-Amplicon-short-trimmed+3,169,g,0.1054
SARS-CoV2-5UTR-Amplicon-short-trimmed+3,170,a,0.1591
SARS-CoV2-5UTR-Amplicon-short-trimmed+3,171,t,0.1515
SARS-CoV2-5UTR-Amplicon-short-trimmed+3,172,c,0.2065
SARS-CoV2-5UTR-Amplicon-short-trimmed+3,173,a,0.0741
SARS-CoV2-5UTR-Amplicon-short-trimmed+3,174,t,0.1028
SARS-CoV2-5UTR-Amplicon-short-trimmed+3,175,c,0.2303
SARS-CoV2-5UTR-Amplicon-short-trimmed+3,176,a,0.1573
SARS-CoV2-5UTR-Amplicon-short-trimmed+3,177,g,0.1389
SARS-CoV2-5UTR-Amplicon-short-trimmed+3,178,c,0.63
SARS-CoV2-5UTR-Amplicon-short-trimmed+3,179,a,0.1485
SARS-CoV2-5UTR-Amplicon-short-trimmed+3,180,c,0.0954
SARS-CoV2-5UTR-Amplicon-short-trimmed+3,181,a,0.1274
SARS-CoV2-5UTR-Amplicon-short-trimmed+3,182,t,0.1618
SARS-CoV2-5UTR-Amplicon-short-trimmed+3,183,c,0.1046
SARS-CoV2-5UTR-Amplicon-short-trimmed+3,184,t,0.1081
SARS-CoV2-5UTR-Amplicon-short-trimmed+3,185,a,0.2016
SARS-CoV2-5UTR-Amplicon-short-trimmed+3,186,g,0.0894
SARS-CoV2-5UTR-Amplicon-short-trimmed+3,187,g,0.1224
SARS-CoV2-5UTR-Amplicon-short-trimmed+3,188,t,0.1777
SARS-CoV2-5UTR-Amplicon-short-trimmed+3,189,t,0.3196
SARS-CoV2-5UTR-Amplicon-short-trimmed+3,190,t,0.4277
SARS-CoV2-5UTR-Amplicon-short-trimmed+3,191,c,0.1737
SARS-CoV2-5UTR-Amplicon-short-trimmed+3,192,g,0.0858
SARS-CoV2-5UTR-Amplicon-short-trimmed+3,193,t,1.2573
SARS-CoV2-5UTR-Amplicon-short-trimmed+3,194,c,0.1401
SARS-CoV2-5UTR-Amplicon-short-trimmed+3,195,c,0.1876
SARS-CoV2-5UTR-Amplicon-short-trimmed+3,196,g,0.3672
SARS-CoV2-5UTR-Amplicon-short-trimmed+3,197,g,0.1775
SARS-CoV2-5UTR-Amplicon-short-trimmed+3,198,g,0.451
SARS-CoV2-5UTR-Amplicon-short-trimmed+3,199,t,0.2536
SARS-CoV2-5UTR-Amplicon-short-trimmed+3,200,g,0.086
SARS-CoV2-5UTR-Amplicon-short-trimmed+3,201,t,0.1617
SARS-CoV2-5UTR-Amplicon-short-trimmed+3,202,g,0.1038
SARS-CoV2-5UTR-Amplicon-short-trimmed+3,203,a,0.3397
SARS-CoV2-5UTR-Amplicon-short-trimmed+3,204,c,0.1294
SARS-CoV2-5UTR-Amplicon-short-trimmed+3,205,c,0.1175
SARS-CoV2-5UTR-Amplicon-short-trimmed+3,206,g,0.1042
SARS-CoV2-5UTR-Amplicon-short-trimmed+3,207,a,0.1242
SARS-CoV2-5UTR-Amplicon-short-trimmed+3,208,a,0.0753
SARS-CoV2-5UTR-Amplicon-short-trimmed+3,209,a,0.1698
SARS-CoV2-5UTR-Amplicon-short-trimmed+3,210,g,0.1222
SARS-CoV2-5UTR-Amplicon-short-trimmed+3,211,g,0.1508
SARS-CoV2-5UTR-Amplicon-short-trimmed+3,212,t,0.1466
SARS-CoV2-5UTR-Amplicon-short-trimmed+3,213,a,0.0692
SARS-CoV2-5UTR-Amplicon-short-trimmed+3,214,a,0.0829
SARS-CoV2-5UTR-Amplicon-short-trimmed+3,215,g,0.0711
SARS-CoV2-5UTR-Amplicon-short-trimmed+3,216,a,0.056
SARS-CoV2-5UTR-Amplicon-short-trimmed+3,217,t,0.1402
SARS-CoV2-5UTR-Amplicon-short-trimmed+3,218,g,0.0722
SARS-CoV2-5UTR-Amplicon-short-trimmed+3,219,g,0.0712
SARS-CoV2-5UTR-Amplicon-short-trimmed+3,220,a,0.2397
SARS-CoV2-5UTR-Amplicon-short-trimmed+3,221,g,0.1368
SARS-CoV2-5UTR-Amplicon-short-trimmed+3,222,a,0.0854
SARS-CoV2-5UTR-Amplicon-short-trimmed+3,223,g,0.2063
SARS-CoV2-5UTR-Amplicon-short-trimmed+3,224,c,0.0942
SARS-CoV2-5UTR-Amplicon-short-trimmed+3,225,c,0.0996
SARS-CoV2-5UTR-Amplicon-short-trimmed+3,226,t,0.0606
SARS-CoV2-5UTR-Amplicon-short-trimmed+3,227,t,0.3426
SARS-CoV2-5UTR-Amplicon-short-trimmed+3,228,g,0.055
SARS-CoV2-5UTR-Amplicon-short-trimmed+3,229,t,0.1608
SARS-CoV2-5UTR-Amplicon-short-trimmed+3,230,c,0.0702
SARS-CoV2-5UTR-Amplicon-short-trimmed+3,231,c,0.0832
SARS-CoV2-5UTR-Amplicon-short-trimmed+3,232,c,0.0902
SARS-CoV2-5UTR-Amplicon-short-trimmed+3,233,t,0.185
SARS-CoV2-5UTR-Amplicon-short-trimmed+3,234,g,0.0941
SARS-CoV2-5UTR-Amplicon-short-trimmed+3,235,g,0.1623
SARS-CoV2-5UTR-Amplicon-short-trimmed+3,236,t,0.0693
SARS-CoV2-5UTR-Amplicon-short-trimmed+3,237,t,0.0783
SARS-CoV2-5UTR-Amplicon-short-trimmed+3,238,t,0.1452
SARS-CoV2-5UTR-Amplicon-short-trimmed+3,239,c,0.5919
SARS-CoV2-5UTR-Amplicon-short-trimmed+3,240,a,0.111
SARS-CoV2-5UTR-Amplicon-short-trimmed+3,241,a,0.0818
SARS-CoV2-5UTR-Amplicon-short-trimmed+3,242,c,0.0767
SARS-CoV2-5UTR-Amplicon-short-trimmed+3,243,g,0.0362
SARS-CoV2-5UTR-Amplicon-short-trimmed+3,244,a,0.2028
SARS-CoV2-5UTR-Amplicon-short-trimmed+3,245,g,1e-04
SARS-CoV2-5UTR-Amplicon-short-trimmed+3,246,g,0
SARS-CoV2-5UTR-Amplicon-short-trimmed+3,247,G,1e-04
SARS-CoV2-5UTR-Amplicon-short-trimmed+3,248,A,0
SARS-CoV2-5UTR-Amplicon-short-trimmed+3,249,G,0
