Region,Position,Ref_base,Mut_percentage
SARS-CoV2-5UTR-Amplicon-short-trimmed+3,1,T,0
SARS-CoV2-5UTR-Amplicon-short-trimmed+3,2,T,0
SARS-CoV2-5UTR-Amplicon-short-trimmed+3,3,G,0
SARS-CoV2-5UTR-Amplicon-short-trimmed+3,4,t,0
SARS-CoV2-5UTR-Amplicon-short-trimmed+3,5,a,0
SARS-CoV2-5UTR-Amplicon-short-trimmed+3,6,g,0.0561
SARS-CoV2-5UTR-Amplicon-short-trimmed+3,7,a,0.0197
SARS-CoV2-5UTR-Amplicon-short-trimmed+3,8,t,0.0223
SARS-CoV2-5UTR-Amplicon-short-trimmed+3,9,c,0.0387
SARS-CoV2-5UTR-Amplicon-short-trimmed+3,10,t,0.0182
SARS-CoV2-5UTR-Amplicon-short-trimmed+3,11,g,0.1996
SARS-CoV2-5UTR-Amplicon-short-trimmed+3,12,t,0.0399
SARS-CoV2-5UTR-Amplicon-short-trimmed+3,13,t,0.0462
SARS-CoV2-5UTR-Amplicon-short-trimmed+3,14,c,0.0502
SARS-CoV2-5UTR-Amplicon-short-trimmed+3,15,t,0.0743
SARS-CoV2-5UTR-Amplicon-short-trimmed+3,16,c,0.075
SARS-CoV2-5UTR-Amplicon-short-trimmed+3,17,t,0.0351
SARS-CoV2-5UTR-Amplicon-short-trimmed+3,18,a,0.0726
SARS-CoV2-5UTR-Amplicon-short-trimmed+3,19,a,0.0171
SARS-CoV2-5UTR-Amplicon-short-trimmed+3,20,a,0.0254
SARS-CoV2-5UTR-Amplicon-short-trimmed+3,21,c,0.0307
SARS-CoV2-5UTR-Amplicon-short-trimmed+3,22,g,0.0423
SARS-CoV2-5UTR-Amplicon-short-trimmed+3,23,a,0.0162
SARS-CoV2-5UTR-Amplicon-short-trimmed+3,24,a,0.0147
SARS-CoV2-5UTR-Amplicon-short-trimmed+3,25,c,0.4822
SARS-CoV2-5UTR-Amplicon-short-trimmed+3,26,t,0.1029
SARS-CoV2-5UTR-Amplicon-short-trimmed+3,27,t,0.1162
SARS-CoV2-5UTR-Amplicon-short-trimmed+3,28,t,0.0223
SARS-CoV2-5UTR-Amplicon-short-trimmed+3,29,a,0.0466
SARS-CoV2-5UTR-Amplicon-short-trimmed+3,30,a,0.0374
SARS-CoV2-5UTR-Amplicon-short-trimmed+3,31,a,0.0709
SARS-CoV2-5UTR-Amplicon-short-trimmed+3,32,a,0.0283
SARS-CoV2-5UTR-Amplicon-short-trimmed+3,33,t,0.0355
SARS-CoV2-5UTR-Amplicon-short-trimmed+3,34,c,0.0326
SARS-CoV2-5UTR-Amplicon-short-trimmed+3,35,t,0.0551
SARS-CoV2-5UTR-Amplicon-short-trimmed+3,36,g,0.0604
SARS-CoV2-5UTR-Amplicon-short-trimmed+3,37,t,0.0457
SARS-CoV2-5UTR-Amplicon-short-trimmed+3,38,g,0.038
SARS-CoV2-5UTR-Amplicon-short-trimmed+3,39,t,0.0424
SARS-CoV2-5UTR-Amplicon-short-trimmed+3,40,g,0.038
SARS-CoV2-5UTR-Amplicon-short-trimmed+3,41,g,0.0848
SARS-CoV2-5UTR-Amplicon-short-trimmed+3,42,c,0.0483
SARS-CoV2-5UTR-Amplicon-short-trimmed+3,43,t,0.1255
SARS-CoV2-5UTR-Amplicon-short-trimmed+3,44,g,0.0735
SARS-CoV2-5UTR-Amplicon-short-trimmed+3,45,t,0.075
SARS-CoV2-5UTR-Amplicon-short-trimmed+3,46,c,0.05
SARS-CoV2-5UTR-Amplicon-short-trimmed+3,47,a,0.0341
SARS-CoV2-5UTR-Amplicon-short-trimmed+3,48,c,0.039
SARS-CoV2-5UTR-Amplicon-short-trimmed+3,49,t,0.0398
SARS-CoV2-5UTR-Amplicon-short-trimmed+3,50,c,0.0472
SARS-CoV2-5UTR-Amplicon-short-trimmed+3,51,g,0.0878
SARS-CoV2-5UTR-Amplicon-short-trimmed+3,52,g,0.0841
SARS-CoV2-5UTR-Amplicon-short-trimmed+3,53,c,0.1542
SARS-CoV2-5UTR-Amplicon-short-trimmed+3,54,t,0.0552
SARS-CoV2-5UTR-Amplicon-short-trimmed+3,55,g,0.185
SARS-CoV2-5UTR-Amplicon-short-trimmed+3,56,c,0.0572
SARS-CoV2-5UTR-Amplicon-short-trimmed+3,57,g,0.2013
SARS-CoV2-5UTR-Amplicon-short-trimmed+3,58,t,0.0531
SARS-CoV2-5UTR-Amplicon-short-trimmed+3,59,g,0.1074
SARS-CoV2-5UTR-Amplicon-short-trimmed+3,60,c,0.0532
SARS-CoV2-5UTR-Amplicon-short-trimmed+3,61,t,0.0735
SARS-CoV2-5UTR-Amplicon-short-trimmed+3,62,t,0.0355
SARS-CoV2-5UTR-Amplicon-short-trimmed+3,63,a,0.0397
SARS-CoV2-5UTR-Amplicon-short-trimmed+3,64,g,0.04
SARS-CoV2-5UTR-Amplicon-short-trimmed+3,65,t,0.0266
SARS-CoV2-5UTR-Amplicon-short-trimmed+3,66,g,0.1044
SARS-CoV2-5UTR-Amplicon-short-trimmed+3,67,c,0.0874
SARS-CoV2-5UTR-Amplicon-short-trimmed+3,68,a,0.0426
SARS-CoV2-5UTR-Amplicon-short-trimmed+3,69,c,0.0583
SARS-CoV2-5UTR-Amplicon-short-trimmed+3,70,t,0.0368
SARS-CoV2-5UTR-Amplicon-short-trimmed+3,71,c,0.0506
SARS-CoV2-5UTR-Amplicon-short-trimmed+3,72,a,0.0385
SARS-CoV2-5UTR-Amplicon-short-trimmed+3,73,c,0.0457
SARS-CoV2-5UTR-Amplicon-short-trimmed+3,74,g,0.0579
SARS-CoV2-5UTR-Amplicon-short-trimmed+3,75,c,0.0258
SARS-CoV2-5UTR-Amplicon-short-trimmed+3,76,a,0.0663
SARS-CoV2-5UTR-Amplicon-short-trimmed+3,77,g,0.0557
SARS-CoV2-5UTR-Amplicon-short-trimmed+3,78,t,0.0282
SARS-CoV2-5UTR-Amplicon-short-trimmed+3,79,a,0.0335
SARS-CoV2-5UTR-Amplicon-short-trimmed+3,80,t,0.0158
SARS-CoV2-5UTR-Amplicon-short-trimmed+3,81,a,0.0317
SARS-CoV2-5UTR-Amplicon-short-trimmed+3,82,a,0.0636
SARS-CoV2-5UTR-Amplicon-short-trimmed+3,83,t,0.0233
SARS-CoV2-5UTR-Amplicon-short-trimmed+3,84,t,0.0618
SARS-CoV2-5UTR-Amplicon-short-trimmed+3,85,a,0.061
SARS-CoV2-5UTR-Amplicon-short-trimmed+3,86,a,0.0462
SARS-CoV2-5UTR-Amplicon-short-trimmed+3,87,t,0.0227
SARS-CoV2-5UTR-Amplicon-short-trimmed+3,88,a,0.0402
SARS-CoV2-5UTR-Amplicon-short-trimmed+3,89,a,0.0466
SARS-CoV2-5UTR-Amplicon-short-trimmed+3,90,c,0.3057
SARS-CoV2-5UTR-Amplicon-short-trimmed+3,91,t,0.0816
SARS-CoV2-5UTR-Amplicon-short-trimmed+3,92,a,0.0352
SARS-CoV2-5UTR-Amplicon-short-trimmed+3,93,a,0.0378
SARS-CoV2-5UTR-Amplicon-short-trimmed+3,94,t,0.0348
SARS-CoV2-5UTR-Amplicon-short-trimmed+3,95,t,0.0355
SARS-CoV2-5UTR-Amplicon-short-trimmed+3,96,a,0.0275
SARS-CoV2-5UTR-Amplicon-short-trimmed+3,97,c,0.0399
SARS-CoV2-5UTR-Amplicon-short-trimmed+3,98,t,0.2843
SARS-CoV2-5UTR-Amplicon-short-trimmed+3,99,g,0.0868
SARS-CoV2-5UTR-Amplicon-short-trimmed+3,100,t,0.0614
SARS-CoV2-5UTR-Amplicon-short-trimmed+3,101,c,0.0477
SARS-CoV2-5UTR-Amplicon-short-trimmed+3,102,g,0.0851
SARS-CoV2-5UTR-Amplicon-short-trimmed+3,103,t,0.0541
SARS-CoV2-5UTR-Amplicon-short-trimmed+3,104,t,0.1123
SARS-CoV2-5UTR-Amplicon-short-trimmed+3,105,g,0.0937
SARS-CoV2-5UTR-Amplicon-short-trimmed+3,106,a,0.0426
SARS-CoV2-5UTR-Amplicon-short-trimmed+3,107,c,0.0439
SARS-CoV2-5UTR-Amplicon-short-trimmed+3,108,a,0.051
SARS-CoV2-5UTR-Amplicon-short-trimmed+3,109,g,0.0902
SARS-CoV2-5UTR-Amplicon-short-trimmed+3,110,g,0.1036
SARS-CoV2-5UTR-Amplicon-short-trimmed+3,111,a,0.0303
SARS-CoV2-5UTR-Amplicon-short-trimmed+3,112,c,0.0696
SARS-CoV2-5UTR-Amplicon-short-trimmed+3,113,a,0.0449
SARS-CoV2-5UTR-Amplicon-short-trimmed+3,114,c,0.0662
SARS-CoV2-5UTR-Amplicon-short-trimmed+3,115,g,0.0543
SARS-CoV2-5UTR-Amplicon-short-trimmed+3,116,a,0.0502
SARS-CoV2-5UTR-Amplicon-short-trimmed+3,117,g,0.0385
SARS-CoV2-5UTR-Amplicon-short-trimmed+3,118,t,0.1226
SARS-CoV2-5UTR-Amplicon-short-trimmed+3,119,a,0.1221
SARS-CoV2-5UTR-Amplicon-short-trimmed+3,120,a,0.0853
SARS-CoV2-5UTR-Amplicon-short-trimmed+3,121,c,0.1648
SARS-CoV2-5UTR-Amplicon-short-trimmed+3,122,t,0.1551
SARS-CoV2-5UTR-Amplicon-short-trimmed+3,123,c,0.1683
SARS-CoV2-5UTR-Amplicon-short-trimmed+3,124,g,0.165
SARS-CoV2-5UTR-Amplicon-short-trimmed+3,125,t,0.1554
SARS-CoV2-5UTR-Amplicon-short-trimmed+3,126,c,0.103
SARS-CoV2-5UTR-Amplicon-short-trimmed+3,127,t,0.0593
SARS-CoV2-5UTR-Amplicon-short-trimmed+3,128,a,0.1027
SARS-CoV2-5UTR-Amplicon-short-trimmed+3,129,t,0.3743
SARS-CoV2-5UTR-Amplicon-short-trimmed+3,130,c,0.063
SARS-CoV2-5UTR-Amplicon-short-trimmed+3,131,t,0.0844
SARS-CoV2-5UTR-Amplicon-short-trimmed+3,132,t,0.1126
SARS-CoV2-5UTR-Amplicon-short-trimmed+3,133,c,0.218
SARS-CoV2-5UTR-Amplicon-short-trimmed+3,134,t,0.1537
SARS-CoV2-5UTR-Amplicon-short-trimmed+3,135,g,0.0803
SARS-CoV2-5UTR-Amplicon-short-trimmed+3,136,c,0.3269
SARS-CoV2-5UTR-Amplicon-short-trimmed+3,137,a,0.1657
SARS-CoV2-5UTR-Amplicon-short-trimmed+3,138,g,0.0508
SARS-CoV2-5UTR-Amplicon-short-trimmed+3,139,g,0.1804
SARS-CoV2-5UTR-Amplicon-short-trimmed+3,140,c,0.089
SARS-CoV2-5UTR-Amplicon-short-trimmed+3,141,t,0.2155
SARS-CoV2-5UTR-Amplicon-short-trimmed+3,142,g,0.2848
SARS-CoV2-5UTR-Amplicon-short-trimmed+3,143,c,0.055
SARS-CoV2-5UTR-Amplicon-short-trimmed+3,144,t,0.0708
SARS-CoV2-5UTR-Amplicon-short-trimmed+3,145,t,0.0979
SARS-CoV2-5UTR-Amplicon-short-trimmed+3,146,a,0.1413
SARS-CoV2-5UTR-Amplicon-short-trimmed+3,147,c,0.1258
SARS-CoV2-5UTR-Amplicon-short-trimmed+3,148,g,0.3323
SARS-CoV2-5UTR-Amplicon-short-trimmed+3,149,g,0.0644
SARS-CoV2-5UTR-Amplicon-short-trimmed+3,150,t,0.107
SARS-CoV2-5UTR-Amplicon-short-trimmed+3,151,t,0.1072
SARS-CoV2-5UTR-Amplicon-short-trimmed+3,152,t,0.1582
SARS-CoV2-5UTR-Amplicon-short-trimmed+3,153,c,0.2007
SARS-CoV2-5UTR-Amplicon-short-trimmed+3,154,g,0.0578
SARS-CoV2-5UTR-Amplicon-short-trimmed+3,155,t,0.2084
SARS-CoV2-5UTR-Amplicon-short-trimmed+3,156,c,0.1115
SARS-CoV2-5UTR-Amplicon-short-trimmed+3,157,c,0.1654
SARS-CoV2-5UTR-Amplicon-short-trimmed+3,158,g,0.0589
SARS-CoV2-5UTR-Amplicon-short-trimmed+3,159,t,1.1035
SARS-CoV2-5UTR-Amplicon-short-trimmed+3,160,g,0.0479
SARS-CoV2-5UTR-Amplicon-short-trimmed+3,161,t,0.0789
SARS-CoV2-5UTR-Amplicon-short-trimmed+3,162,t,0.1434
SARS-CoV2-5UTR-Amplicon-short-trimmed+3,163,g,0.0563
SARS-CoV2-5UTR-Amplicon-short-trimmed+3,164,c,0.1885
SARS-CoV2-5UTR-Amplicon-short-trimmed+3,165,a,0.121
SARS-CoV2-5UTR-Amplicon-short-trimmed+3,166,g,0.2192
SARS-CoV2-5UTR-Amplicon-short-trimmed+3,167,c,0.1378
SARS-CoV2-5UTR-Amplicon-short-trimmed+3,168,c,0.5425
SARS-CoV2-5UTR-Amplicon-short-trimmed+3,169,g,0.0836
SARS-CoV2-5UTR-Amplicon-short-trimmed+3,170,a,0.1046
SARS-CoV2-5UTR-Amplicon-short-trimmed+3,171,t,0.0758
SARS-CoV2-5UTR-Amplicon-short-trimmed+3,172,c,0.1564
SARS-CoV2-5UTR-Amplicon-short-trimmed+3,173,a,0.0446
SARS-CoV2-5UTR-Amplicon-short-trimmed+3,174,t,0.0573
SARS-CoV2-5UTR-Amplicon-short-trimmed+3,175,c,0.2021
SARS-CoV2-5UTR-Amplicon-short-trimmed+3,176,a,0.0927
SARS-CoV2-5UTR-Amplicon-short-trimmed+3,177,g,0.0853
SARS-CoV2-5UTR-Amplicon-short-trimmed+3,178,c,0.5546
SARS-CoV2-5UTR-Amplicon-short-trimmed+3,179,a,0.0903
SARS-CoV2-5UTR-Amplicon-short-trimmed+3,180,c,0.0844
SARS-CoV2-5UTR-Amplicon-short-trimmed+3,181,a,0.0688
SARS-CoV2-5UTR-Amplicon-short-trimmed+3,182,t,0.1024
SARS-CoV2-5UTR-Amplicon-short-trimmed+3,183,c,0.067
SARS-CoV2-5UTR-Amplicon-short-trimmed+3,184,t,0.0843
SARS-CoV2-5UTR-Amplicon-short-trimmed+3,185,a,0.1576
SARS-CoV2-5UTR-Amplicon-short-trimmed+3,186,g,0.0524
SARS-CoV2-5UTR-Amplicon-short-trimmed+3,187,g,0.0398
SARS-CoV2-5UTR-Amplicon-short-trimmed+3,188,t,0.1131
SARS-CoV2-5UTR-Amplicon-short-trimmed+3,189,t,0.2615
SARS-CoV2-5UTR-Amplicon-short-trimmed+3,190,t,0.3013
SARS-CoV2-5UTR-Amplicon-short-trimmed+3,191,c,0.1292
SARS-CoV2-5UTR-Amplicon-short-trimmed+3,192,g,0.0651
SARS-CoV2-5UTR-Amplicon-short-trimmed+3,193,t,0.8906
SARS-CoV2-5UTR-Amplicon-short-trimmed+3,194,c,0.0743
SARS-CoV2-5UTR-Amplicon-short-trimmed+3,195,c,0.1528
SARS-CoV2-5UTR-Amplicon-short-trimmed+3,196,g,0.3404
SARS-CoV2-5UTR-Amplicon-short-trimmed+3,197,g,0.0802
SARS-CoV2-5UTR-Amplicon-short-trimmed+3,198,g,0.4056
SARS-CoV2-5UTR-Amplicon-short-trimmed+3,199,t,0.1778
SARS-CoV2-5UTR-Amplicon-short-trimmed+3,200,g,0.0655
SARS-CoV2-5UTR-Amplicon-short-trimmed+3,201,t,0.1005
SARS-CoV2-5UTR-Amplicon-short-trimmed+3,202,g,0.0974
SARS-CoV2-5UTR-Amplicon-short-trimmed+3,203,a,0.2214
SARS-CoV2-5UTR-Amplicon-short-trimmed+3,204,c,0.0735
SARS-CoV2-5UTR-Amplicon-short-trimmed+3,205,c,0.0876
SARS-CoV2-5UTR-Amplicon-short-trimmed+3,206,g,0.0628
SARS-CoV2-5UTR-Amplicon-short-trimmed+3,207,a,0.0921
SARS-CoV2-5UTR-Amplicon-short-trimmed+3,208,a,0.0491
SARS-CoV2-5UTR-Amplicon-short-trimmed+3,209,a,0.1371
SARS-CoV2-5UTR-Amplicon-short-trimmed+3,210,g,0.0859
SARS-CoV2-5UTR-Amplicon-short-trimmed+3,211,g,0.1198
SARS-CoV2-5UTR-Amplicon-short-trimmed+3,212,t,0.1127
SARS-CoV2-5UTR-Amplicon-short-trimmed+3,213,a,0.046
SARS-CoV2-5UTR-Amplicon-short-trimmed+3,214,a,0.0571
SARS-CoV2-5UTR-Amplicon-short-trimmed+3,215,g,0.0607
SARS-CoV2-5UTR-Amplicon-short-trimmed+3,216,a,0.0345
SARS-CoV2-5UTR-Amplicon-short-trimmed+3,217,t,0.1014
SARS-CoV2-5UTR-Amplicon-short-trimmed+3,218,g,0.0496
SARS-CoV2-5UTR-Amplicon-short-trimmed+3,219,g,0.0719
SARS-CoV2-5UTR-Amplicon-short-trimmed+3,220,a,0.1884
SARS-CoV2-5UTR-Amplicon-short-trimmed+3,221,g,0.1497
SARS-CoV2-5UTR-Amplicon-short-trimmed+3,222,a,0.0701
SARS-CoV2-5UTR-Amplicon-short-trimmed+3,223,g,0.126
SARS-CoV2-5UTR-Amplicon-short-trimmed+3,224,c,0.0513
SARS-CoV2-5UTR-Amplicon-short-trimmed+3,225,c,0.0637
SARS-CoV2-5UTR-Amplicon-short-trimmed+3,226,t,0.0324
SARS-CoV2-5UTR-Amplicon-short-trimmed+3,227,t,0.2832
SARS-CoV2-5UTR-Amplicon-short-trimmed+3,228,g,0.0448
SARS-CoV2-5UTR-Amplicon-short-trimmed+3,229,t,0.0977
SARS-CoV2-5UTR-Amplicon-short-trimmed+3,230,c,0.0522
SARS-CoV2-5UTR-Amplicon-short-trimmed+3,231,c,0.0475
SARS-CoV2-5UTR-Amplicon-short-trimmed+3,232,c,0.0952
SARS-CoV2-5UTR-Amplicon-short-trimmed+3,233,t,0.1156
SARS-CoV2-5UTR-Amplicon-short-trimmed+3,234,g,0.0586
SARS-CoV2-5UTR-Amplicon-short-trimmed+3,235,g,0.0514
SARS-CoV2-5UTR-Amplicon-short-trimmed+3,236,t,0.0379
SARS-CoV2-5UTR-Amplicon-short-trimmed+3,237,t,0.0463
SARS-CoV2-5UTR-Amplicon-short-trimmed+3,238,t,0.0998
SARS-CoV2-5UTR-Amplicon-short-trimmed+3,239,c,0.5763
SARS-CoV2-5UTR-Amplicon-short-trimmed+3,240,a,0.0573
SARS-CoV2-5UTR-Amplicon-short-trimmed+3,241,a,0.0534
SARS-CoV2-5UTR-Amplicon-short-trimmed+3,242,c,0.0538
SARS-CoV2-5UTR-Amplicon-short-trimmed+3,243,g,0.0307
SARS-CoV2-5UTR-Amplicon-short-trimmed+3,244,a,0.1896
SARS-CoV2-5UTR-Amplicon-short-trimmed+3,245,g,0
SARS-CoV2-5UTR-Amplicon-short-trimmed+3,246,g,0
SARS-CoV2-5UTR-Amplicon-short-trimmed+3,247,G,0
SARS-CoV2-5UTR-Amplicon-short-trimmed+3,248,A,0
SARS-CoV2-5UTR-Amplicon-short-trimmed+3,249,G,0
