Region,Position,Ref_base,Mut_percentage
SARS-CoV2-5UTR-Amplicon-short-trimmed+3,1,T,0
SARS-CoV2-5UTR-Amplicon-short-trimmed+3,2,T,0
SARS-CoV2-5UTR-Amplicon-short-trimmed+3,3,G,0
SARS-CoV2-5UTR-Amplicon-short-trimmed+3,4,t,0
SARS-CoV2-5UTR-Amplicon-short-trimmed+3,5,a,0
SARS-CoV2-5UTR-Amplicon-short-trimmed+3,6,g,0.0593
SARS-CoV2-5UTR-Amplicon-short-trimmed+3,7,a,0.0212
SARS-CoV2-5UTR-Amplicon-short-trimmed+3,8,t,0.0681
SARS-CoV2-5UTR-Amplicon-short-trimmed+3,9,c,0.0707
SARS-CoV2-5UTR-Amplicon-short-trimmed+3,10,t,0.0426
SARS-CoV2-5UTR-Amplicon-short-trimmed+3,11,g,0.1677
SARS-CoV2-5UTR-Amplicon-short-trimmed+3,12,t,0.0706
SARS-CoV2-5UTR-Amplicon-short-trimmed+3,13,t,0.0603
SARS-CoV2-5UTR-Amplicon-short-trimmed+3,14,c,0.07
SARS-CoV2-5UTR-Amplicon-short-trimmed+3,15,t,0.1061
SARS-CoV2-5UTR-Amplicon-short-trimmed+3,16,c,0.0641
SARS-CoV2-5UTR-Amplicon-short-trimmed+3,17,t,0.0386
SARS-CoV2-5UTR-Amplicon-short-trimmed+3,18,a,0.0725
SARS-CoV2-5UTR-Amplicon-short-trimmed+3,19,a,0.0194
SARS-CoV2-5UTR-Amplicon-short-trimmed+3,20,a,0.031
SARS-CoV2-5UTR-Amplicon-short-trimmed+3,21,c,0.0352
SARS-CoV2-5UTR-Amplicon-short-trimmed+3,22,g,0.0827
SARS-CoV2-5UTR-Amplicon-short-trimmed+3,23,a,0.026
SARS-CoV2-5UTR-Amplicon-short-trimmed+3,24,a,0.0408
SARS-CoV2-5UTR-Amplicon-short-trimmed+3,25,c,4.4969
SARS-CoV2-5UTR-Amplicon-short-trimmed+3,26,t,0.1904
SARS-CoV2-5UTR-Amplicon-short-trimmed+3,27,t,0.1011
SARS-CoV2-5UTR-Amplicon-short-trimmed+3,28,t,0.0299
SARS-CoV2-5UTR-Amplicon-short-trimmed+3,29,a,0.0934
SARS-CoV2-5UTR-Amplicon-short-trimmed+3,30,a,0.0447
SARS-CoV2-5UTR-Amplicon-short-trimmed+3,31,a,0.0642
SARS-CoV2-5UTR-Amplicon-short-trimmed+3,32,a,0.0336
SARS-CoV2-5UTR-Amplicon-short-trimmed+3,33,t,0.0645
SARS-CoV2-5UTR-Amplicon-short-trimmed+3,34,c,0.0415
SARS-CoV2-5UTR-Amplicon-short-trimmed+3,35,t,0.0667
SARS-CoV2-5UTR-Amplicon-short-trimmed+3,36,g,0.0907
SARS-CoV2-5UTR-Amplicon-short-trimmed+3,37,t,0.0649
SARS-CoV2-5UTR-Amplicon-short-trimmed+3,38,g,0.0319
SARS-CoV2-5UTR-Amplicon-short-trimmed+3,39,t,0.0519
SARS-CoV2-5UTR-Amplicon-short-trimmed+3,40,g,0.0421
SARS-CoV2-5UTR-Amplicon-short-trimmed+3,41,g,0.124
SARS-CoV2-5UTR-Amplicon-short-trimmed+3,42,c,0.0809
SARS-CoV2-5UTR-Amplicon-short-trimmed+3,43,t,0.1256
SARS-CoV2-5UTR-Amplicon-short-trimmed+3,44,g,0.0729
SARS-CoV2-5UTR-Amplicon-short-trimmed+3,45,t,0.1223
SARS-CoV2-5UTR-Amplicon-short-trimmed+3,46,c,0.0348
SARS-CoV2-5UTR-Amplicon-short-trimmed+3,47,a,0.0324
SARS-CoV2-5UTR-Amplicon-short-trimmed+3,48,c,0.0487
SARS-CoV2-5UTR-Amplicon-short-trimmed+3,49,t,0.0593
SARS-CoV2-5UTR-Amplicon-short-trimmed+3,50,c,0.0688
SARS-CoV2-5UTR-Amplicon-short-trimmed+3,51,g,0.0781
SARS-CoV2-5UTR-Amplicon-short-trimmed+3,52,g,0.1876
SARS-CoV2-5UTR-Amplicon-short-trimmed+3,53,c,0.1147
SARS-CoV2-5UTR-Amplicon-short-trimmed+3,54,t,0.0832
SARS-CoV2-5UTR-Amplicon-short-trimmed+3,55,g,0.1719
SARS-CoV2-5UTR-Amplicon-short-trimmed+3,56,c,0.0807
SARS-CoV2-5UTR-Amplicon-short-trimmed+3,57,g,0.1615
SARS-CoV2-5UTR-Amplicon-short-trimmed+3,58,t,0.0582
SARS-CoV2-5UTR-Amplicon-short-trimmed+3,59,g,0.1117
SARS-CoV2-5UTR-Amplicon-short-trimmed+3,60,c,0.0893
SARS-CoV2-5UTR-Amplicon-short-trimmed+3,61,t,0.0815
SARS-CoV2-5UTR-Amplicon-short-trimmed+3,62,t,0.0433
SARS-CoV2-5UTR-Amplicon-short-trimmed+3,63,a,0.0478
SARS-CoV2-5UTR-Amplicon-short-trimmed+3,64,g,0.0597
SARS-CoV2-5UTR-Amplicon-short-trimmed+3,65,t,0.046
SARS-CoV2-5UTR-Amplicon-short-trimmed+3,66,g,0.1208
SARS-CoV2-5UTR-Amplicon-short-trimmed+3,67,c,0.13
SARS-CoV2-5UTR-Amplicon-short-trimmed+3,68,a,0.0623
SARS-CoV2-5UTR-Amplicon-short-trimmed+3,69,c,0.0661
SARS-CoV2-5UTR-Amplicon-short-trimmed+3,70,t,0.0563
SARS-CoV2-5UTR-Amplicon-short-trimmed+3,71,c,0.0385
SARS-CoV2-5UTR-Amplicon-short-trimmed+3,72,a,0.0459
SARS-CoV2-5UTR-Amplicon-short-trimmed+3,73,c,0.0522
SARS-CoV2-5UTR-Amplicon-short-trimmed+3,74,g,0.1235
SARS-CoV2-5UTR-Amplicon-short-trimmed+3,75,c,0.0358
SARS-CoV2-5UTR-Amplicon-short-trimmed+3,76,a,0.0719
SARS-CoV2-5UTR-Amplicon-short-trimmed+3,77,g,0.0899
SARS-CoV2-5UTR-Amplicon-short-trimmed+3,78,t,0.0372
SARS-CoV2-5UTR-Amplicon-short-trimmed+3,79,a,0.0341
SARS-CoV2-5UTR-Amplicon-short-trimmed+3,80,t,0.0219
SARS-CoV2-5UTR-Amplicon-short-trimmed+3,81,a,0.0302
SARS-CoV2-5UTR-Amplicon-short-trimmed+3,82,a,0.0536
SARS-CoV2-5UTR-Amplicon-short-trimmed+3,83,t,0.0347
SARS-CoV2-5UTR-Amplicon-short-trimmed+3,84,t,0.0534
SARS-CoV2-5UTR-Amplicon-short-trimmed+3,85,a,0.0763
SARS-CoV2-5UTR-Amplicon-short-trimmed+3,86,a,0.0613
SARS-CoV2-5UTR-Amplicon-short-trimmed+3,87,t,0.0237
SARS-CoV2-5UTR-Amplicon-short-trimmed+3,88,a,0.0445
SARS-CoV2-5UTR-Amplicon-short-trimmed+3,89,a,0.0516
SARS-CoV2-5UTR-Amplicon-short-trimmed+3,90,c,0.323
SARS-CoV2-5UTR-Amplicon-short-trimmed+3,91,t,0.0953
SARS-CoV2-5UTR-Amplicon-short-trimmed+3,92,a,0.0486
SARS-CoV2-5UTR-Amplicon-short-trimmed+3,93,a,0.0506
SARS-CoV2-5UTR-Amplicon-short-trimmed+3,94,t,0.0469
SARS-CoV2-5UTR-Amplicon-short-trimmed+3,95,t,0.044
SARS-CoV2-5UTR-Amplicon-short-trimmed+3,96,a,0.0511
SARS-CoV2-5UTR-Amplicon-short-trimmed+3,97,c,0.05
SARS-CoV2-5UTR-Amplicon-short-trimmed+3,98,t,0.2957
SARS-CoV2-5UTR-Amplicon-short-trimmed+3,99,g,0.0865
SARS-CoV2-5UTR-Amplicon-short-trimmed+3,100,t,0.0971
SARS-CoV2-5UTR-Amplicon-short-trimmed+3,101,c,0.0549
SARS-CoV2-5UTR-Amplicon-short-trimmed+3,102,g,0.0816
SARS-CoV2-5UTR-Amplicon-short-trimmed+3,103,t,0.0651
SARS-CoV2-5UTR-Amplicon-short-trimmed+3,104,t,0.0883
SARS-CoV2-5UTR-Amplicon-short-trimmed+3,105,g,0.0562
SARS-CoV2-5UTR-Amplicon-short-trimmed+3,106,a,0.0409
SARS-CoV2-5UTR-Amplicon-short-trimmed+3,107,c,0.0781
SARS-CoV2-5UTR-Amplicon-short-trimmed+3,108,a,0.0837
SARS-CoV2-5UTR-Amplicon-short-trimmed+3,109,g,0.0984
SARS-CoV2-5UTR-Amplicon-short-trimmed+3,110,g,0.0948
SARS-CoV2-5UTR-Amplicon-short-trimmed+3,111,a,0.0398
SARS-CoV2-5UTR-Amplicon-short-trimmed+3,112,c,0.0791
SARS-CoV2-5UTR-Amplicon-short-trimmed+3,113,a,0.0541
SARS-CoV2-5UTR-Amplicon-short-trimmed+3,114,c,0.0922
SARS-CoV2-5UTR-Amplicon-short-trimmed+3,115,g,0.057
SARS-CoV2-5UTR-Amplicon-short-trimmed+3,116,a,0.0689
SARS-CoV2-5UTR-Amplicon-short-trimmed+3,117,g,0.0572
SARS-CoV2-5UTR-Amplicon-short-trimmed+3,118,t,0.1432
SARS-CoV2-5UTR-Amplicon-short-trimmed+3,119,a,0.1337
SARS-CoV2-5UTR-Amplicon-short-trimmed+3,120,a,0.1005
SARS-CoV2-5UTR-Amplicon-short-trimmed+3,121,c,0.18
SARS-CoV2-5UTR-Amplicon-short-trimmed+3,122,t,0.1812
SARS-CoV2-5UTR-Amplicon-short-trimmed+3,123,c,0.2
SARS-CoV2-5UTR-Amplicon-short-trimmed+3,124,g,0.2135
SARS-CoV2-5UTR-Amplicon-short-trimmed+3,125,t,0.2925
SARS-CoV2-5UTR-Amplicon-short-trimmed+3,126,c,0.1174
SARS-CoV2-5UTR-Amplicon-short-trimmed+3,127,t,0.0775
SARS-CoV2-5UTR-Amplicon-short-trimmed+3,128,a,0.1096
SARS-CoV2-5UTR-Amplicon-short-trimmed+3,129,t,0.4621
SARS-CoV2-5UTR-Amplicon-short-trimmed+3,130,c,0.0759
SARS-CoV2-5UTR-Amplicon-short-trimmed+3,131,t,0.0999
SARS-CoV2-5UTR-Amplicon-short-trimmed+3,132,t,0.1781
SARS-CoV2-5UTR-Amplicon-short-trimmed+3,133,c,0.2276
SARS-CoV2-5UTR-Amplicon-short-trimmed+3,134,t,0.1773
SARS-CoV2-5UTR-Amplicon-short-trimmed+3,135,g,0.1468
SARS-CoV2-5UTR-Amplicon-short-trimmed+3,136,c,0.4058
SARS-CoV2-5UTR-Amplicon-short-trimmed+3,137,a,0.2141
SARS-CoV2-5UTR-Amplicon-short-trimmed+3,138,g,0.087
SARS-CoV2-5UTR-Amplicon-short-trimmed+3,139,g,0.2482
SARS-CoV2-5UTR-Amplicon-short-trimmed+3,140,c,0.1134
SARS-CoV2-5UTR-Amplicon-short-trimmed+3,141,t,0.2691
SARS-CoV2-5UTR-Amplicon-short-trimmed+3,142,g,0.3845
SARS-CoV2-5UTR-Amplicon-short-trimmed+3,143,c,0.1302
SARS-CoV2-5UTR-Amplicon-short-trimmed+3,144,t,0.1133
SARS-CoV2-5UTR-Amplicon-short-trimmed+3,145,t,0.1474
SARS-CoV2-5UTR-Amplicon-short-trimmed+3,146,a,0.1904
SARS-CoV2-5UTR-Amplicon-short-trimmed+3,147,c,0.1681
SARS-CoV2-5UTR-Amplicon-short-trimmed+3,148,g,0.373
SARS-CoV2-5UTR-Amplicon-short-trimmed+3,149,g,0.1968
SARS-CoV2-5UTR-Amplicon-short-trimmed+3,150,t,0.1548
SARS-CoV2-5UTR-Amplicon-short-trimmed+3,151,t,0.1481
SARS-CoV2-5UTR-Amplicon-short-trimmed+3,152,t,0.2073
SARS-CoV2-5UTR-Amplicon-short-trimmed+3,153,c,0.2212
SARS-CoV2-5UTR-Amplicon-short-trimmed+3,154,g,0.106
SARS-CoV2-5UTR-Amplicon-short-trimmed+3,155,t,0.3258
SARS-CoV2-5UTR-Amplicon-short-trimmed+3,156,c,0.1972
SARS-CoV2-5UTR-Amplicon-short-trimmed+3,157,c,0.1954
SARS-CoV2-5UTR-Amplicon-short-trimmed+3,158,g,0.1177
SARS-CoV2-5UTR-Amplicon-short-trimmed+3,159,t,1.2312
SARS-CoV2-5UTR-Amplicon-short-trimmed+3,160,g,0.1141
SARS-CoV2-5UTR-Amplicon-short-trimmed+3,161,t,0.1315
SARS-CoV2-5UTR-Amplicon-short-trimmed+3,162,t,0.1754
SARS-CoV2-5UTR-Amplicon-short-trimmed+3,163,g,0.1176
SARS-CoV2-5UTR-Amplicon-short-trimmed+3,164,c,0.274
SARS-CoV2-5UTR-Amplicon-short-trimmed+3,165,a,0.3737
SARS-CoV2-5UTR-Amplicon-short-trimmed+3,166,g,0.6122
SARS-CoV2-5UTR-Amplicon-short-trimmed+3,167,c,0.2568
SARS-CoV2-5UTR-Amplicon-short-trimmed+3,168,c,0.5412
SARS-CoV2-5UTR-Amplicon-short-trimmed+3,169,g,0.1049
SARS-CoV2-5UTR-Amplicon-short-trimmed+3,170,a,0.1246
SARS-CoV2-5UTR-Amplicon-short-trimmed+3,171,t,0.1259
SARS-CoV2-5UTR-Amplicon-short-trimmed+3,172,c,0.1874
SARS-CoV2-5UTR-Amplicon-short-trimmed+3,173,a,0.0609
SARS-CoV2-5UTR-Amplicon-short-trimmed+3,174,t,0.0914
SARS-CoV2-5UTR-Amplicon-short-trimmed+3,175,c,0.2034
SARS-CoV2-5UTR-Amplicon-short-trimmed+3,176,a,0.1339
SARS-CoV2-5UTR-Amplicon-short-trimmed+3,177,g,0.1302
SARS-CoV2-5UTR-Amplicon-short-trimmed+3,178,c,0.5893
SARS-CoV2-5UTR-Amplicon-short-trimmed+3,179,a,0.1115
SARS-CoV2-5UTR-Amplicon-short-trimmed+3,180,c,0.0985
SARS-CoV2-5UTR-Amplicon-short-trimmed+3,181,a,0.0817
SARS-CoV2-5UTR-Amplicon-short-trimmed+3,182,t,0.1451
SARS-CoV2-5UTR-Amplicon-short-trimmed+3,183,c,0.0884
SARS-CoV2-5UTR-Amplicon-short-trimmed+3,184,t,0.0981
SARS-CoV2-5UTR-Amplicon-short-trimmed+3,185,a,0.1853
SARS-CoV2-5UTR-Amplicon-short-trimmed+3,186,g,0.0866
SARS-CoV2-5UTR-Amplicon-short-trimmed+3,187,g,0.0974
SARS-CoV2-5UTR-Amplicon-short-trimmed+3,188,t,0.1417
SARS-CoV2-5UTR-Amplicon-short-trimmed+3,189,t,0.3008
SARS-CoV2-5UTR-Amplicon-short-trimmed+3,190,t,0.3534
SARS-CoV2-5UTR-Amplicon-short-trimmed+3,191,c,0.1466
SARS-CoV2-5UTR-Amplicon-short-trimmed+3,192,g,0.0843
SARS-CoV2-5UTR-Amplicon-short-trimmed+3,193,t,1.0632
SARS-CoV2-5UTR-Amplicon-short-trimmed+3,194,c,0.1232
SARS-CoV2-5UTR-Amplicon-short-trimmed+3,195,c,0.1783
SARS-CoV2-5UTR-Amplicon-short-trimmed+3,196,g,0.3421
SARS-CoV2-5UTR-Amplicon-short-trimmed+3,197,g,0.1388
SARS-CoV2-5UTR-Amplicon-short-trimmed+3,198,g,0.4309
SARS-CoV2-5UTR-Amplicon-short-trimmed+3,199,t,0.2429
SARS-CoV2-5UTR-Amplicon-short-trimmed+3,200,g,0.0821
SARS-CoV2-5UTR-Amplicon-short-trimmed+3,201,t,0.1377
SARS-CoV2-5UTR-Amplicon-short-trimmed+3,202,g,0.1097
SARS-CoV2-5UTR-Amplicon-short-trimmed+3,203,a,0.2937
SARS-CoV2-5UTR-Amplicon-short-trimmed+3,204,c,0.1083
SARS-CoV2-5UTR-Amplicon-short-trimmed+3,205,c,0.1022
SARS-CoV2-5UTR-Amplicon-short-trimmed+3,206,g,0.0983
SARS-CoV2-5UTR-Amplicon-short-trimmed+3,207,a,0.1057
SARS-CoV2-5UTR-Amplicon-short-trimmed+3,208,a,0.0649
SARS-CoV2-5UTR-Amplicon-short-trimmed+3,209,a,0.1541
SARS-CoV2-5UTR-Amplicon-short-trimmed+3,210,g,0.1161
SARS-CoV2-5UTR-Amplicon-short-trimmed+3,211,g,0.1503
SARS-CoV2-5UTR-Amplicon-short-trimmed+3,212,t,0.1311
SARS-CoV2-5UTR-Amplicon-short-trimmed+3,213,a,0.0738
SARS-CoV2-5UTR-Amplicon-short-trimmed+3,214,a,0.0899
SARS-CoV2-5UTR-Amplicon-short-trimmed+3,215,g,0.0853
SARS-CoV2-5UTR-Amplicon-short-trimmed+3,216,a,0.0594
SARS-CoV2-5UTR-Amplicon-short-trimmed+3,217,t,0.1311
SARS-CoV2-5UTR-Amplicon-short-trimmed+3,218,g,0.0771
SARS-CoV2-5UTR-Amplicon-short-trimmed+3,219,g,0.0737
SARS-CoV2-5UTR-Amplicon-short-trimmed+3,220,a,0.2425
SARS-CoV2-5UTR-Amplicon-short-trimmed+3,221,g,0.1519
SARS-CoV2-5UTR-Amplicon-short-trimmed+3,222,a,0.0685
SARS-CoV2-5UTR-Amplicon-short-trimmed+3,223,g,0.1936
SARS-CoV2-5UTR-Amplicon-short-trimmed+3,224,c,0.085
SARS-CoV2-5UTR-Amplicon-short-trimmed+3,225,c,0.08
SARS-CoV2-5UTR-Amplicon-short-trimmed+3,226,t,0.0617
SARS-CoV2-5UTR-Amplicon-short-trimmed+3,227,t,0.2952
SARS-CoV2-5UTR-Amplicon-short-trimmed+3,228,g,0.059
SARS-CoV2-5UTR-Amplicon-short-trimmed+3,229,t,0.1398
SARS-CoV2-5UTR-Amplicon-short-trimmed+3,230,c,0.0549
SARS-CoV2-5UTR-Amplicon-short-trimmed+3,231,c,0.0635
SARS-CoV2-5UTR-Amplicon-short-trimmed+3,232,c,0.093
SARS-CoV2-5UTR-Amplicon-short-trimmed+3,233,t,0.1647
SARS-CoV2-5UTR-Amplicon-short-trimmed+3,234,g,0.0896
SARS-CoV2-5UTR-Amplicon-short-trimmed+3,235,g,0.1571
SARS-CoV2-5UTR-Amplicon-short-trimmed+3,236,t,0.063
SARS-CoV2-5UTR-Amplicon-short-trimmed+3,237,t,0.0602
SARS-CoV2-5UTR-Amplicon-short-trimmed+3,238,t,0.1318
SARS-CoV2-5UTR-Amplicon-short-trimmed+3,239,c,0.5783
SARS-CoV2-5UTR-Amplicon-short-trimmed+3,240,a,0.0855
SARS-CoV2-5UTR-Amplicon-short-trimmed+3,241,a,0.0729
SARS-CoV2-5UTR-Amplicon-short-trimmed+3,242,c,0.0788
SARS-CoV2-5UTR-Amplicon-short-trimmed+3,243,g,0.0353
SARS-CoV2-5UTR-Amplicon-short-trimmed+3,244,a,0.2099
SARS-CoV2-5UTR-Amplicon-short-trimmed+3,245,g,0
SARS-CoV2-5UTR-Amplicon-short-trimmed+3,246,g,0
SARS-CoV2-5UTR-Amplicon-short-trimmed+3,247,G,0
SARS-CoV2-5UTR-Amplicon-short-trimmed+3,248,A,0
SARS-CoV2-5UTR-Amplicon-short-trimmed+3,249,G,0
