Region,Position,Ref_base,Mut_percentage
SARS-CoV2-5UTR-Amplicon-short-trimmed+3,1,T,0
SARS-CoV2-5UTR-Amplicon-short-trimmed+3,2,T,0
SARS-CoV2-5UTR-Amplicon-short-trimmed+3,3,G,0
SARS-CoV2-5UTR-Amplicon-short-trimmed+3,4,t,0
SARS-CoV2-5UTR-Amplicon-short-trimmed+3,5,a,0
SARS-CoV2-5UTR-Amplicon-short-trimmed+3,6,g,0.0615
SARS-CoV2-5UTR-Amplicon-short-trimmed+3,7,a,0.0402
SARS-CoV2-5UTR-Amplicon-short-trimmed+3,8,t,0.0887
SARS-CoV2-5UTR-Amplicon-short-trimmed+3,9,c,0.0673
SARS-CoV2-5UTR-Amplicon-short-trimmed+3,10,t,0.0426
SARS-CoV2-5UTR-Amplicon-short-trimmed+3,11,g,0.1715
SARS-CoV2-5UTR-Amplicon-short-trimmed+3,12,t,0.0929
SARS-CoV2-5UTR-Amplicon-short-trimmed+3,13,t,0.0743
SARS-CoV2-5UTR-Amplicon-short-trimmed+3,14,c,0.0599
SARS-CoV2-5UTR-Amplicon-short-trimmed+3,15,t,0.1443
SARS-CoV2-5UTR-Amplicon-short-trimmed+3,16,c,0.0622
SARS-CoV2-5UTR-Amplicon-short-trimmed+3,17,t,0.0487
SARS-CoV2-5UTR-Amplicon-short-trimmed+3,18,a,0.0974
SARS-CoV2-5UTR-Amplicon-short-trimmed+3,19,a,0.0269
SARS-CoV2-5UTR-Amplicon-short-trimmed+3,20,a,0.0411
SARS-CoV2-5UTR-Amplicon-short-trimmed+3,21,c,0.0426
SARS-CoV2-5UTR-Amplicon-short-trimmed+3,22,g,0.0947
SARS-CoV2-5UTR-Amplicon-short-trimmed+3,23,a,0.0357
SARS-CoV2-5UTR-Amplicon-short-trimmed+3,24,a,0.0525
SARS-CoV2-5UTR-Amplicon-short-trimmed+3,25,c,5.2773
SARS-CoV2-5UTR-Amplicon-short-trimmed+3,26,t,0.2148
SARS-CoV2-5UTR-Amplicon-short-trimmed+3,27,t,0.125
SARS-CoV2-5UTR-Amplicon-short-trimmed+3,28,t,0.0312
SARS-CoV2-5UTR-Amplicon-short-trimmed+3,29,a,0.0913
SARS-CoV2-5UTR-Amplicon-short-trimmed+3,30,a,0.0572
SARS-CoV2-5UTR-Amplicon-short-trimmed+3,31,a,0.1021
SARS-CoV2-5UTR-Amplicon-short-trimmed+3,32,a,0.0498
SARS-CoV2-5UTR-Amplicon-short-trimmed+3,33,t,0.0851
SARS-CoV2-5UTR-Amplicon-short-trimmed+3,34,c,0.0415
SARS-CoV2-5UTR-Amplicon-short-trimmed+3,35,t,0.0709
SARS-CoV2-5UTR-Amplicon-short-trimmed+3,36,g,0.0844
SARS-CoV2-5UTR-Amplicon-short-trimmed+3,37,t,0.0981
SARS-CoV2-5UTR-Amplicon-short-trimmed+3,38,g,0.0355
SARS-CoV2-5UTR-Amplicon-short-trimmed+3,39,t,0.0907
SARS-CoV2-5UTR-Amplicon-short-trimmed+3,40,g,0.0554
SARS-CoV2-5UTR-Amplicon-short-trimmed+3,41,g,0.1205
SARS-CoV2-5UTR-Amplicon-short-trimmed+3,42,c,0.0768
SARS-CoV2-5UTR-Amplicon-short-trimmed+3,43,t,0.1582
SARS-CoV2-5UTR-Amplicon-short-trimmed+3,44,g,0.0904
SARS-CoV2-5UTR-Amplicon-short-trimmed+3,45,t,0.1679
SARS-CoV2-5UTR-Amplicon-short-trimmed+3,46,c,0.0462
SARS-CoV2-5UTR-Amplicon-short-trimmed+3,47,a,0.057
SARS-CoV2-5UTR-Amplicon-short-trimmed+3,48,c,0.0536
SARS-CoV2-5UTR-Amplicon-short-trimmed+3,49,t,0.0779
SARS-CoV2-5UTR-Amplicon-short-trimmed+3,50,c,0.068
SARS-CoV2-5UTR-Amplicon-short-trimmed+3,51,g,0.1021
SARS-CoV2-5UTR-Amplicon-short-trimmed+3,52,g,0.2134
SARS-CoV2-5UTR-Amplicon-short-trimmed+3,53,c,0.1347
SARS-CoV2-5UTR-Amplicon-short-trimmed+3,54,t,0.079
SARS-CoV2-5UTR-Amplicon-short-trimmed+3,55,g,0.1681
SARS-CoV2-5UTR-Amplicon-short-trimmed+3,56,c,0.0851
SARS-CoV2-5UTR-Amplicon-short-trimmed+3,57,g,0.1777
SARS-CoV2-5UTR-Amplicon-short-trimmed+3,58,t,0.0945
SARS-CoV2-5UTR-Amplicon-short-trimmed+3,59,g,0.1492
SARS-CoV2-5UTR-Amplicon-short-trimmed+3,60,c,0.0875
SARS-CoV2-5UTR-Amplicon-short-trimmed+3,61,t,0.1219
SARS-CoV2-5UTR-Amplicon-short-trimmed+3,62,t,0.0572
SARS-CoV2-5UTR-Amplicon-short-trimmed+3,63,a,0.0566
SARS-CoV2-5UTR-Amplicon-short-trimmed+3,64,g,0.0608
SARS-CoV2-5UTR-Amplicon-short-trimmed+3,65,t,0.055
SARS-CoV2-5UTR-Amplicon-short-trimmed+3,66,g,0.129
SARS-CoV2-5UTR-Amplicon-short-trimmed+3,67,c,0.1508
SARS-CoV2-5UTR-Amplicon-short-trimmed+3,68,a,0.0922
SARS-CoV2-5UTR-Amplicon-short-trimmed+3,69,c,0.0761
SARS-CoV2-5UTR-Amplicon-short-trimmed+3,70,t,0.0734
SARS-CoV2-5UTR-Amplicon-short-trimmed+3,71,c,0.07
SARS-CoV2-5UTR-Amplicon-short-trimmed+3,72,a,0.0705
SARS-CoV2-5UTR-Amplicon-short-trimmed+3,73,c,0.0617
SARS-CoV2-5UTR-Amplicon-short-trimmed+3,74,g,0.1396
SARS-CoV2-5UTR-Amplicon-short-trimmed+3,75,c,0.0352
SARS-CoV2-5UTR-Amplicon-short-trimmed+3,76,a,0.1365
SARS-CoV2-5UTR-Amplicon-short-trimmed+3,77,g,0.1104
SARS-CoV2-5UTR-Amplicon-short-trimmed+3,78,t,0.05
SARS-CoV2-5UTR-Amplicon-short-trimmed+3,79,a,0.0601
SARS-CoV2-5UTR-Amplicon-short-trimmed+3,80,t,0.0294
SARS-CoV2-5UTR-Amplicon-short-trimmed+3,81,a,0.0507
SARS-CoV2-5UTR-Amplicon-short-trimmed+3,82,a,0.0889
SARS-CoV2-5UTR-Amplicon-short-trimmed+3,83,t,0.0404
SARS-CoV2-5UTR-Amplicon-short-trimmed+3,84,t,0.1055
SARS-CoV2-5UTR-Amplicon-short-trimmed+3,85,a,0.1055
SARS-CoV2-5UTR-Amplicon-short-trimmed+3,86,a,0.09
SARS-CoV2-5UTR-Amplicon-short-trimmed+3,87,t,0.0301
SARS-CoV2-5UTR-Amplicon-short-trimmed+3,88,a,0.0817
SARS-CoV2-5UTR-Amplicon-short-trimmed+3,89,a,0.0745
SARS-CoV2-5UTR-Amplicon-short-trimmed+3,90,c,0.313
SARS-CoV2-5UTR-Amplicon-short-trimmed+3,91,t,0.1277
SARS-CoV2-5UTR-Amplicon-short-trimmed+3,92,a,0.0716
SARS-CoV2-5UTR-Amplicon-short-trimmed+3,93,a,0.0799
SARS-CoV2-5UTR-Amplicon-short-trimmed+3,94,t,0.0779
SARS-CoV2-5UTR-Amplicon-short-trimmed+3,95,t,0.0736
SARS-CoV2-5UTR-Amplicon-short-trimmed+3,96,a,0.0653
SARS-CoV2-5UTR-Amplicon-short-trimmed+3,97,c,0.0507
SARS-CoV2-5UTR-Amplicon-short-trimmed+3,98,t,0.2944
SARS-CoV2-5UTR-Amplicon-short-trimmed+3,99,g,0.1106
SARS-CoV2-5UTR-Amplicon-short-trimmed+3,100,t,0.143
SARS-CoV2-5UTR-Amplicon-short-trimmed+3,101,c,0.0644
SARS-CoV2-5UTR-Amplicon-short-trimmed+3,102,g,0.1039
SARS-CoV2-5UTR-Amplicon-short-trimmed+3,103,t,0.1171
SARS-CoV2-5UTR-Amplicon-short-trimmed+3,104,t,0.1676
SARS-CoV2-5UTR-Amplicon-short-trimmed+3,105,g,0.0853
SARS-CoV2-5UTR-Amplicon-short-trimmed+3,106,a,0.085
SARS-CoV2-5UTR-Amplicon-short-trimmed+3,107,c,0.096
SARS-CoV2-5UTR-Amplicon-short-trimmed+3,108,a,0.1358
SARS-CoV2-5UTR-Amplicon-short-trimmed+3,109,g,0.1331
SARS-CoV2-5UTR-Amplicon-short-trimmed+3,110,g,0.1052
SARS-CoV2-5UTR-Amplicon-short-trimmed+3,111,a,0.0695
SARS-CoV2-5UTR-Amplicon-short-trimmed+3,112,c,0.0878
SARS-CoV2-5UTR-Amplicon-short-trimmed+3,113,a,0.1159
SARS-CoV2-5UTR-Amplicon-short-trimmed+3,114,c,0.1053
SARS-CoV2-5UTR-Amplicon-short-trimmed+3,115,g,0.0734
SARS-CoV2-5UTR-Amplicon-short-trimmed+3,116,a,0.1036
SARS-CoV2-5UTR-Amplicon-short-trimmed+3,117,g,0.0561
SARS-CoV2-5UTR-Amplicon-short-trimmed+3,118,t,0.1752
SARS-CoV2-5UTR-Amplicon-short-trimmed+3,119,a,0.1997
SARS-CoV2-5UTR-Amplicon-short-trimmed+3,120,a,0.1283
SARS-CoV2-5UTR-Amplicon-short-trimmed+3,121,c,0.1877
SARS-CoV2-5UTR-Amplicon-short-trimmed+3,122,t,0.2485
SARS-CoV2-5UTR-Amplicon-short-trimmed+3,123,c,0.2105
SARS-CoV2-5UTR-Amplicon-short-trimmed+3,124,g,0.1894
SARS-CoV2-5UTR-Amplicon-short-trimmed+3,125,t,0.3355
SARS-CoV2-5UTR-Amplicon-short-trimmed+3,126,c,0.1438
SARS-CoV2-5UTR-Amplicon-short-trimmed+3,127,t,0.1089
SARS-CoV2-5UTR-Amplicon-short-trimmed+3,128,a,0.1459
SARS-CoV2-5UTR-Amplicon-short-trimmed+3,129,t,0.5931
SARS-CoV2-5UTR-Amplicon-short-trimmed+3,130,c,0.09
SARS-CoV2-5UTR-Amplicon-short-trimmed+3,131,t,0.1354
SARS-CoV2-5UTR-Amplicon-short-trimmed+3,132,t,0.2435
SARS-CoV2-5UTR-Amplicon-short-trimmed+3,133,c,0.2671
SARS-CoV2-5UTR-Amplicon-short-trimmed+3,134,t,0.2417
SARS-CoV2-5UTR-Amplicon-short-trimmed+3,135,g,0.1567
SARS-CoV2-5UTR-Amplicon-short-trimmed+3,136,c,0.4125
SARS-CoV2-5UTR-Amplicon-short-trimmed+3,137,a,0.283
SARS-CoV2-5UTR-Amplicon-short-trimmed+3,138,g,0.1146
SARS-CoV2-5UTR-Amplicon-short-trimmed+3,139,g,0.2764
SARS-CoV2-5UTR-Amplicon-short-trimmed+3,140,c,0.1438
SARS-CoV2-5UTR-Amplicon-short-trimmed+3,141,t,0.3398
SARS-CoV2-5UTR-Amplicon-short-trimmed+3,142,g,0.4512
SARS-CoV2-5UTR-Amplicon-short-trimmed+3,143,c,0.1429
SARS-CoV2-5UTR-Amplicon-short-trimmed+3,144,t,0.1397
SARS-CoV2-5UTR-Amplicon-short-trimmed+3,145,t,0.1598
SARS-CoV2-5UTR-Amplicon-short-trimmed+3,146,a,0.2299
SARS-CoV2-5UTR-Amplicon-short-trimmed+3,147,c,0.1878
SARS-CoV2-5UTR-Amplicon-short-trimmed+3,148,g,0.3895
SARS-CoV2-5UTR-Amplicon-short-trimmed+3,149,g,0.2114
SARS-CoV2-5UTR-Amplicon-short-trimmed+3,150,t,0.1844
SARS-CoV2-5UTR-Amplicon-short-trimmed+3,151,t,0.1715
SARS-CoV2-5UTR-Amplicon-short-trimmed+3,152,t,0.2675
SARS-CoV2-5UTR-Amplicon-short-trimmed+3,153,c,0.2385
SARS-CoV2-5UTR-Amplicon-short-trimmed+3,154,g,0.112
SARS-CoV2-5UTR-Amplicon-short-trimmed+3,155,t,0.3588
SARS-CoV2-5UTR-Amplicon-short-trimmed+3,156,c,0.24
SARS-CoV2-5UTR-Amplicon-short-trimmed+3,157,c,0.2204
SARS-CoV2-5UTR-Amplicon-short-trimmed+3,158,g,0.1296
SARS-CoV2-5UTR-Amplicon-short-trimmed+3,159,t,1.4589
SARS-CoV2-5UTR-Amplicon-short-trimmed+3,160,g,0.1084
SARS-CoV2-5UTR-Amplicon-short-trimmed+3,161,t,0.1544
SARS-CoV2-5UTR-Amplicon-short-trimmed+3,162,t,0.2184
SARS-CoV2-5UTR-Amplicon-short-trimmed+3,163,g,0.1406
SARS-CoV2-5UTR-Amplicon-short-trimmed+3,164,c,0.3081
SARS-CoV2-5UTR-Amplicon-short-trimmed+3,165,a,0.5024
SARS-CoV2-5UTR-Amplicon-short-trimmed+3,166,g,0.734
SARS-CoV2-5UTR-Amplicon-short-trimmed+3,167,c,0.2697
SARS-CoV2-5UTR-Amplicon-short-trimmed+3,168,c,0.5272
SARS-CoV2-5UTR-Amplicon-short-trimmed+3,169,g,0.0976
SARS-CoV2-5UTR-Amplicon-short-trimmed+3,170,a,0.137
SARS-CoV2-5UTR-Amplicon-short-trimmed+3,171,t,0.1374
SARS-CoV2-5UTR-Amplicon-short-trimmed+3,172,c,0.1636
SARS-CoV2-5UTR-Amplicon-short-trimmed+3,173,a,0.0586
SARS-CoV2-5UTR-Amplicon-short-trimmed+3,174,t,0.1066
SARS-CoV2-5UTR-Amplicon-short-trimmed+3,175,c,0.2291
SARS-CoV2-5UTR-Amplicon-short-trimmed+3,176,a,0.1494
SARS-CoV2-5UTR-Amplicon-short-trimmed+3,177,g,0.1172
SARS-CoV2-5UTR-Amplicon-short-trimmed+3,178,c,0.593
SARS-CoV2-5UTR-Amplicon-short-trimmed+3,179,a,0.1372
SARS-CoV2-5UTR-Amplicon-short-trimmed+3,180,c,0.0883
SARS-CoV2-5UTR-Amplicon-short-trimmed+3,181,a,0.1181
SARS-CoV2-5UTR-Amplicon-short-trimmed+3,182,t,0.1613
SARS-CoV2-5UTR-Amplicon-short-trimmed+3,183,c,0.0845
SARS-CoV2-5UTR-Amplicon-short-trimmed+3,184,t,0.1052
SARS-CoV2-5UTR-Amplicon-short-trimmed+3,185,a,0.1953
SARS-CoV2-5UTR-Amplicon-short-trimmed+3,186,g,0.0791
SARS-CoV2-5UTR-Amplicon-short-trimmed+3,187,g,0.105
SARS-CoV2-5UTR-Amplicon-short-trimmed+3,188,t,0.1638
SARS-CoV2-5UTR-Amplicon-short-trimmed+3,189,t,0.303
SARS-CoV2-5UTR-Amplicon-short-trimmed+3,190,t,0.3898
SARS-CoV2-5UTR-Amplicon-short-trimmed+3,191,c,0.1435
SARS-CoV2-5UTR-Amplicon-short-trimmed+3,192,g,0.0811
SARS-CoV2-5UTR-Amplicon-short-trimmed+3,193,t,1.1031
SARS-CoV2-5UTR-Amplicon-short-trimmed+3,194,c,0.1419
SARS-CoV2-5UTR-Amplicon-short-trimmed+3,195,c,0.1588
SARS-CoV2-5UTR-Amplicon-short-trimmed+3,196,g,0.3384
SARS-CoV2-5UTR-Amplicon-short-trimmed+3,197,g,0.1379
SARS-CoV2-5UTR-Amplicon-short-trimmed+3,198,g,0.4256
SARS-CoV2-5UTR-Amplicon-short-trimmed+3,199,t,0.2467
SARS-CoV2-5UTR-Amplicon-short-trimmed+3,200,g,0.0867
SARS-CoV2-5UTR-Amplicon-short-trimmed+3,201,t,0.1293
SARS-CoV2-5UTR-Amplicon-short-trimmed+3,202,g,0.1111
SARS-CoV2-5UTR-Amplicon-short-trimmed+3,203,a,0.3272
SARS-CoV2-5UTR-Amplicon-short-trimmed+3,204,c,0.1169
SARS-CoV2-5UTR-Amplicon-short-trimmed+3,205,c,0.0949
SARS-CoV2-5UTR-Amplicon-short-trimmed+3,206,g,0.091
SARS-CoV2-5UTR-Amplicon-short-trimmed+3,207,a,0.1176
SARS-CoV2-5UTR-Amplicon-short-trimmed+3,208,a,0.0856
SARS-CoV2-5UTR-Amplicon-short-trimmed+3,209,a,0.1661
SARS-CoV2-5UTR-Amplicon-short-trimmed+3,210,g,0.1289
SARS-CoV2-5UTR-Amplicon-short-trimmed+3,211,g,0.1401
SARS-CoV2-5UTR-Amplicon-short-trimmed+3,212,t,0.1401
SARS-CoV2-5UTR-Amplicon-short-trimmed+3,213,a,0.0633
SARS-CoV2-5UTR-Amplicon-short-trimmed+3,214,a,0.0861
SARS-CoV2-5UTR-Amplicon-short-trimmed+3,215,g,0.0744
SARS-CoV2-5UTR-Amplicon-short-trimmed+3,216,a,0.0561
SARS-CoV2-5UTR-Amplicon-short-trimmed+3,217,t,0.1268
SARS-CoV2-5UTR-Amplicon-short-trimmed+3,218,g,0.0676
SARS-CoV2-5UTR-Amplicon-short-trimmed+3,219,g,0.073
SARS-CoV2-5UTR-Amplicon-short-trimmed+3,220,a,0.2206
SARS-CoV2-5UTR-Amplicon-short-trimmed+3,221,g,0.1485
SARS-CoV2-5UTR-Amplicon-short-trimmed+3,222,a,0.0719
SARS-CoV2-5UTR-Amplicon-short-trimmed+3,223,g,0.1904
SARS-CoV2-5UTR-Amplicon-short-trimmed+3,224,c,0.082
SARS-CoV2-5UTR-Amplicon-short-trimmed+3,225,c,0.0847
SARS-CoV2-5UTR-Amplicon-short-trimmed+3,226,t,0.0649
SARS-CoV2-5UTR-Amplicon-short-trimmed+3,227,t,0.3141
SARS-CoV2-5UTR-Amplicon-short-trimmed+3,228,g,0.0541
SARS-CoV2-5UTR-Amplicon-short-trimmed+3,229,t,0.144
SARS-CoV2-5UTR-Amplicon-short-trimmed+3,230,c,0.0611
SARS-CoV2-5UTR-Amplicon-short-trimmed+3,231,c,0.0615
SARS-CoV2-5UTR-Amplicon-short-trimmed+3,232,c,0.1014
SARS-CoV2-5UTR-Amplicon-short-trimmed+3,233,t,0.1742
SARS-CoV2-5UTR-Amplicon-short-trimmed+3,234,g,0.08
SARS-CoV2-5UTR-Amplicon-short-trimmed+3,235,g,0.1523
SARS-CoV2-5UTR-Amplicon-short-trimmed+3,236,t,0.0644
SARS-CoV2-5UTR-Amplicon-short-trimmed+3,237,t,0.0811
SARS-CoV2-5UTR-Amplicon-short-trimmed+3,238,t,0.1415
SARS-CoV2-5UTR-Amplicon-short-trimmed+3,239,c,0.597
SARS-CoV2-5UTR-Amplicon-short-trimmed+3,240,a,0.0874
SARS-CoV2-5UTR-Amplicon-short-trimmed+3,241,a,0.071
SARS-CoV2-5UTR-Amplicon-short-trimmed+3,242,c,0.0832
SARS-CoV2-5UTR-Amplicon-short-trimmed+3,243,g,0.0257
SARS-CoV2-5UTR-Amplicon-short-trimmed+3,244,a,0.2099
SARS-CoV2-5UTR-Amplicon-short-trimmed+3,245,g,0
SARS-CoV2-5UTR-Amplicon-short-trimmed+3,246,g,0
SARS-CoV2-5UTR-Amplicon-short-trimmed+3,247,G,0
SARS-CoV2-5UTR-Amplicon-short-trimmed+3,248,A,0
SARS-CoV2-5UTR-Amplicon-short-trimmed+3,249,G,0
