Region,Position,Ref_base,Mut_percentage
SARS-CoV2-5UTR-Amplicon-short-trimmed+3,1,T,0
SARS-CoV2-5UTR-Amplicon-short-trimmed+3,2,T,0
SARS-CoV2-5UTR-Amplicon-short-trimmed+3,3,G,0
SARS-CoV2-5UTR-Amplicon-short-trimmed+3,4,t,0
SARS-CoV2-5UTR-Amplicon-short-trimmed+3,5,a,0
SARS-CoV2-5UTR-Amplicon-short-trimmed+3,6,g,0.0449
SARS-CoV2-5UTR-Amplicon-short-trimmed+3,7,a,0.0266
SARS-CoV2-5UTR-Amplicon-short-trimmed+3,8,t,0.075
SARS-CoV2-5UTR-Amplicon-short-trimmed+3,9,c,0.0648
SARS-CoV2-5UTR-Amplicon-short-trimmed+3,10,t,0.0373
SARS-CoV2-5UTR-Amplicon-short-trimmed+3,11,g,0.1744
SARS-CoV2-5UTR-Amplicon-short-trimmed+3,12,t,0.0727
SARS-CoV2-5UTR-Amplicon-short-trimmed+3,13,t,0.0771
SARS-CoV2-5UTR-Amplicon-short-trimmed+3,14,c,0.0765
SARS-CoV2-5UTR-Amplicon-short-trimmed+3,15,t,0.1071
SARS-CoV2-5UTR-Amplicon-short-trimmed+3,16,c,0.0662
SARS-CoV2-5UTR-Amplicon-short-trimmed+3,17,t,0.0371
SARS-CoV2-5UTR-Amplicon-short-trimmed+3,18,a,0.0935
SARS-CoV2-5UTR-Amplicon-short-trimmed+3,19,a,0.0317
SARS-CoV2-5UTR-Amplicon-short-trimmed+3,20,a,0.0342
SARS-CoV2-5UTR-Amplicon-short-trimmed+3,21,c,0.0405
SARS-CoV2-5UTR-Amplicon-short-trimmed+3,22,g,0.0833
SARS-CoV2-5UTR-Amplicon-short-trimmed+3,23,a,0.0351
SARS-CoV2-5UTR-Amplicon-short-trimmed+3,24,a,0.0471
SARS-CoV2-5UTR-Amplicon-short-trimmed+3,25,c,4.6136
SARS-CoV2-5UTR-Amplicon-short-trimmed+3,26,t,0.2218
SARS-CoV2-5UTR-Amplicon-short-trimmed+3,27,t,0.1044
SARS-CoV2-5UTR-Amplicon-short-trimmed+3,28,t,0.0366
SARS-CoV2-5UTR-Amplicon-short-trimmed+3,29,a,0.1939
SARS-CoV2-5UTR-Amplicon-short-trimmed+3,30,a,0.0846
SARS-CoV2-5UTR-Amplicon-short-trimmed+3,31,a,0.1028
SARS-CoV2-5UTR-Amplicon-short-trimmed+3,32,a,0.0608
SARS-CoV2-5UTR-Amplicon-short-trimmed+3,33,t,0.0655
SARS-CoV2-5UTR-Amplicon-short-trimmed+3,34,c,0.0456
SARS-CoV2-5UTR-Amplicon-short-trimmed+3,35,t,0.0748
SARS-CoV2-5UTR-Amplicon-short-trimmed+3,36,g,0.0936
SARS-CoV2-5UTR-Amplicon-short-trimmed+3,37,t,0.0772
SARS-CoV2-5UTR-Amplicon-short-trimmed+3,38,g,0.0418
SARS-CoV2-5UTR-Amplicon-short-trimmed+3,39,t,0.0664
SARS-CoV2-5UTR-Amplicon-short-trimmed+3,40,g,0.0723
SARS-CoV2-5UTR-Amplicon-short-trimmed+3,41,g,0.1392
SARS-CoV2-5UTR-Amplicon-short-trimmed+3,42,c,0.1291
SARS-CoV2-5UTR-Amplicon-short-trimmed+3,43,t,0.1426
SARS-CoV2-5UTR-Amplicon-short-trimmed+3,44,g,0.0893
SARS-CoV2-5UTR-Amplicon-short-trimmed+3,45,t,0.1492
SARS-CoV2-5UTR-Amplicon-short-trimmed+3,46,c,0.0675
SARS-CoV2-5UTR-Amplicon-short-trimmed+3,47,a,0.0608
SARS-CoV2-5UTR-Amplicon-short-trimmed+3,48,c,0.0609
SARS-CoV2-5UTR-Amplicon-short-trimmed+3,49,t,0.0727
SARS-CoV2-5UTR-Amplicon-short-trimmed+3,50,c,0.1271
SARS-CoV2-5UTR-Amplicon-short-trimmed+3,51,g,0.1613
SARS-CoV2-5UTR-Amplicon-short-trimmed+3,52,g,0.3241
SARS-CoV2-5UTR-Amplicon-short-trimmed+3,53,c,0.1967
SARS-CoV2-5UTR-Amplicon-short-trimmed+3,54,t,0.184
SARS-CoV2-5UTR-Amplicon-short-trimmed+3,55,g,0.2173
SARS-CoV2-5UTR-Amplicon-short-trimmed+3,56,c,0.1333
SARS-CoV2-5UTR-Amplicon-short-trimmed+3,57,g,0.185
SARS-CoV2-5UTR-Amplicon-short-trimmed+3,58,t,0.083
SARS-CoV2-5UTR-Amplicon-short-trimmed+3,59,g,0.1271
SARS-CoV2-5UTR-Amplicon-short-trimmed+3,60,c,0.0977
SARS-CoV2-5UTR-Amplicon-short-trimmed+3,61,t,0.0984
SARS-CoV2-5UTR-Amplicon-short-trimmed+3,62,t,0.0541
SARS-CoV2-5UTR-Amplicon-short-trimmed+3,63,a,0.0571
SARS-CoV2-5UTR-Amplicon-short-trimmed+3,64,g,0.0693
SARS-CoV2-5UTR-Amplicon-short-trimmed+3,65,t,0.0526
SARS-CoV2-5UTR-Amplicon-short-trimmed+3,66,g,0.1368
SARS-CoV2-5UTR-Amplicon-short-trimmed+3,67,c,0.1487
SARS-CoV2-5UTR-Amplicon-short-trimmed+3,68,a,0.0773
SARS-CoV2-5UTR-Amplicon-short-trimmed+3,69,c,0.0583
SARS-CoV2-5UTR-Amplicon-short-trimmed+3,70,t,0.0597
SARS-CoV2-5UTR-Amplicon-short-trimmed+3,71,c,0.0493
SARS-CoV2-5UTR-Amplicon-short-trimmed+3,72,a,0.0591
SARS-CoV2-5UTR-Amplicon-short-trimmed+3,73,c,0.0661
SARS-CoV2-5UTR-Amplicon-short-trimmed+3,74,g,0.1198
SARS-CoV2-5UTR-Amplicon-short-trimmed+3,75,c,0.0415
SARS-CoV2-5UTR-Amplicon-short-trimmed+3,76,a,0.0788
SARS-CoV2-5UTR-Amplicon-short-trimmed+3,77,g,0.0832
SARS-CoV2-5UTR-Amplicon-short-trimmed+3,78,t,0.0403
SARS-CoV2-5UTR-Amplicon-short-trimmed+3,79,a,0.0482
SARS-CoV2-5UTR-Amplicon-short-trimmed+3,80,t,0.0272
SARS-CoV2-5UTR-Amplicon-short-trimmed+3,81,a,0.0492
SARS-CoV2-5UTR-Amplicon-short-trimmed+3,82,a,0.0874
SARS-CoV2-5UTR-Amplicon-short-trimmed+3,83,t,0.042
SARS-CoV2-5UTR-Amplicon-short-trimmed+3,84,t,0.0827
SARS-CoV2-5UTR-Amplicon-short-trimmed+3,85,a,0.1109
SARS-CoV2-5UTR-Amplicon-short-trimmed+3,86,a,0.1355
SARS-CoV2-5UTR-Amplicon-short-trimmed+3,87,t,0.0438
SARS-CoV2-5UTR-Amplicon-short-trimmed+3,88,a,0.0686
SARS-CoV2-5UTR-Amplicon-short-trimmed+3,89,a,0.1002
SARS-CoV2-5UTR-Amplicon-short-trimmed+3,90,c,0.3431
SARS-CoV2-5UTR-Amplicon-short-trimmed+3,91,t,0.1043
SARS-CoV2-5UTR-Amplicon-short-trimmed+3,92,a,0.092
SARS-CoV2-5UTR-Amplicon-short-trimmed+3,93,a,0.094
SARS-CoV2-5UTR-Amplicon-short-trimmed+3,94,t,0.0825
SARS-CoV2-5UTR-Amplicon-short-trimmed+3,95,t,0.0909
SARS-CoV2-5UTR-Amplicon-short-trimmed+3,96,a,0.0984
SARS-CoV2-5UTR-Amplicon-short-trimmed+3,97,c,0.08
SARS-CoV2-5UTR-Amplicon-short-trimmed+3,98,t,0.3186
SARS-CoV2-5UTR-Amplicon-short-trimmed+3,99,g,0.136
SARS-CoV2-5UTR-Amplicon-short-trimmed+3,100,t,0.1071
SARS-CoV2-5UTR-Amplicon-short-trimmed+3,101,c,0.0797
SARS-CoV2-5UTR-Amplicon-short-trimmed+3,102,g,0.1021
SARS-CoV2-5UTR-Amplicon-short-trimmed+3,103,t,0.0825
SARS-CoV2-5UTR-Amplicon-short-trimmed+3,104,t,0.099
SARS-CoV2-5UTR-Amplicon-short-trimmed+3,105,g,0.0837
SARS-CoV2-5UTR-Amplicon-short-trimmed+3,106,a,0.0776
SARS-CoV2-5UTR-Amplicon-short-trimmed+3,107,c,0.0939
SARS-CoV2-5UTR-Amplicon-short-trimmed+3,108,a,0.1023
SARS-CoV2-5UTR-Amplicon-short-trimmed+3,109,g,0.1128
SARS-CoV2-5UTR-Amplicon-short-trimmed+3,110,g,0.1271
SARS-CoV2-5UTR-Amplicon-short-trimmed+3,111,a,0.0941
SARS-CoV2-5UTR-Amplicon-short-trimmed+3,112,c,0.1374
SARS-CoV2-5UTR-Amplicon-short-trimmed+3,113,a,0.0645
SARS-CoV2-5UTR-Amplicon-short-trimmed+3,114,c,0.106
SARS-CoV2-5UTR-Amplicon-short-trimmed+3,115,g,0.0705
SARS-CoV2-5UTR-Amplicon-short-trimmed+3,116,a,0.0813
SARS-CoV2-5UTR-Amplicon-short-trimmed+3,117,g,0.0571
SARS-CoV2-5UTR-Amplicon-short-trimmed+3,118,t,0.1534
SARS-CoV2-5UTR-Amplicon-short-trimmed+3,119,a,0.1538
SARS-CoV2-5UTR-Amplicon-short-trimmed+3,120,a,0.1214
SARS-CoV2-5UTR-Amplicon-short-trimmed+3,121,c,0.1987
SARS-CoV2-5UTR-Amplicon-short-trimmed+3,122,t,0.1872
SARS-CoV2-5UTR-Amplicon-short-trimmed+3,123,c,0.2106
SARS-CoV2-5UTR-Amplicon-short-trimmed+3,124,g,0.197
SARS-CoV2-5UTR-Amplicon-short-trimmed+3,125,t,0.2916
SARS-CoV2-5UTR-Amplicon-short-trimmed+3,126,c,0.1306
SARS-CoV2-5UTR-Amplicon-short-trimmed+3,127,t,0.0728
SARS-CoV2-5UTR-Amplicon-short-trimmed+3,128,a,0.1217
SARS-CoV2-5UTR-Amplicon-short-trimmed+3,129,t,0.4813
SARS-CoV2-5UTR-Amplicon-short-trimmed+3,130,c,0.077
SARS-CoV2-5UTR-Amplicon-short-trimmed+3,131,t,0.1038
SARS-CoV2-5UTR-Amplicon-short-trimmed+3,132,t,0.1978
SARS-CoV2-5UTR-Amplicon-short-trimmed+3,133,c,0.2761
SARS-CoV2-5UTR-Amplicon-short-trimmed+3,134,t,0.2153
SARS-CoV2-5UTR-Amplicon-short-trimmed+3,135,g,0.2028
SARS-CoV2-5UTR-Amplicon-short-trimmed+3,136,c,0.562
SARS-CoV2-5UTR-Amplicon-short-trimmed+3,137,a,0.2621
SARS-CoV2-5UTR-Amplicon-short-trimmed+3,138,g,0.1188
SARS-CoV2-5UTR-Amplicon-short-trimmed+3,139,g,0.2946
SARS-CoV2-5UTR-Amplicon-short-trimmed+3,140,c,0.1451
SARS-CoV2-5UTR-Amplicon-short-trimmed+3,141,t,0.3021
SARS-CoV2-5UTR-Amplicon-short-trimmed+3,142,g,0.4384
SARS-CoV2-5UTR-Amplicon-short-trimmed+3,143,c,0.1453
SARS-CoV2-5UTR-Amplicon-short-trimmed+3,144,t,0.1462
SARS-CoV2-5UTR-Amplicon-short-trimmed+3,145,t,0.1891
SARS-CoV2-5UTR-Amplicon-short-trimmed+3,146,a,0.2586
SARS-CoV2-5UTR-Amplicon-short-trimmed+3,147,c,0.2606
SARS-CoV2-5UTR-Amplicon-short-trimmed+3,148,g,0.4389
SARS-CoV2-5UTR-Amplicon-short-trimmed+3,149,g,0.2588
SARS-CoV2-5UTR-Amplicon-short-trimmed+3,150,t,0.2652
SARS-CoV2-5UTR-Amplicon-short-trimmed+3,151,t,0.2247
SARS-CoV2-5UTR-Amplicon-short-trimmed+3,152,t,0.2864
SARS-CoV2-5UTR-Amplicon-short-trimmed+3,153,c,0.3305
SARS-CoV2-5UTR-Amplicon-short-trimmed+3,154,g,0.1619
SARS-CoV2-5UTR-Amplicon-short-trimmed+3,155,t,0.362
SARS-CoV2-5UTR-Amplicon-short-trimmed+3,156,c,0.2346
SARS-CoV2-5UTR-Amplicon-short-trimmed+3,157,c,0.2329
SARS-CoV2-5UTR-Amplicon-short-trimmed+3,158,g,0.1472
SARS-CoV2-5UTR-Amplicon-short-trimmed+3,159,t,1.3085
SARS-CoV2-5UTR-Amplicon-short-trimmed+3,160,g,0.1077
SARS-CoV2-5UTR-Amplicon-short-trimmed+3,161,t,0.1566
SARS-CoV2-5UTR-Amplicon-short-trimmed+3,162,t,0.2017
SARS-CoV2-5UTR-Amplicon-short-trimmed+3,163,g,0.1368
SARS-CoV2-5UTR-Amplicon-short-trimmed+3,164,c,0.2964
SARS-CoV2-5UTR-Amplicon-short-trimmed+3,165,a,0.4024
SARS-CoV2-5UTR-Amplicon-short-trimmed+3,166,g,0.6236
SARS-CoV2-5UTR-Amplicon-short-trimmed+3,167,c,0.2825
SARS-CoV2-5UTR-Amplicon-short-trimmed+3,168,c,0.6469
SARS-CoV2-5UTR-Amplicon-short-trimmed+3,169,g,0.117
SARS-CoV2-5UTR-Amplicon-short-trimmed+3,170,a,0.1382
SARS-CoV2-5UTR-Amplicon-short-trimmed+3,171,t,0.1465
SARS-CoV2-5UTR-Amplicon-short-trimmed+3,172,c,0.2332
SARS-CoV2-5UTR-Amplicon-short-trimmed+3,173,a,0.1155
SARS-CoV2-5UTR-Amplicon-short-trimmed+3,174,t,0.0902
SARS-CoV2-5UTR-Amplicon-short-trimmed+3,175,c,0.2426
SARS-CoV2-5UTR-Amplicon-short-trimmed+3,176,a,0.1421
SARS-CoV2-5UTR-Amplicon-short-trimmed+3,177,g,0.1311
SARS-CoV2-5UTR-Amplicon-short-trimmed+3,178,c,0.6672
SARS-CoV2-5UTR-Amplicon-short-trimmed+3,179,a,0.134
SARS-CoV2-5UTR-Amplicon-short-trimmed+3,180,c,0.1135
SARS-CoV2-5UTR-Amplicon-short-trimmed+3,181,a,0.1001
SARS-CoV2-5UTR-Amplicon-short-trimmed+3,182,t,0.169
SARS-CoV2-5UTR-Amplicon-short-trimmed+3,183,c,0.1184
SARS-CoV2-5UTR-Amplicon-short-trimmed+3,184,t,0.2141
SARS-CoV2-5UTR-Amplicon-short-trimmed+3,185,a,0.3584
SARS-CoV2-5UTR-Amplicon-short-trimmed+3,186,g,0.2372
SARS-CoV2-5UTR-Amplicon-short-trimmed+3,187,g,0.2582
SARS-CoV2-5UTR-Amplicon-short-trimmed+3,188,t,0.2547
SARS-CoV2-5UTR-Amplicon-short-trimmed+3,189,t,0.3758
SARS-CoV2-5UTR-Amplicon-short-trimmed+3,190,t,0.4602
SARS-CoV2-5UTR-Amplicon-short-trimmed+3,191,c,0.2658
SARS-CoV2-5UTR-Amplicon-short-trimmed+3,192,g,0.1565
SARS-CoV2-5UTR-Amplicon-short-trimmed+3,193,t,1.0805
SARS-CoV2-5UTR-Amplicon-short-trimmed+3,194,c,0.1281
SARS-CoV2-5UTR-Amplicon-short-trimmed+3,195,c,0.1757
SARS-CoV2-5UTR-Amplicon-short-trimmed+3,196,g,0.3442
SARS-CoV2-5UTR-Amplicon-short-trimmed+3,197,g,0.1458
SARS-CoV2-5UTR-Amplicon-short-trimmed+3,198,g,0.4677
SARS-CoV2-5UTR-Amplicon-short-trimmed+3,199,t,0.2429
SARS-CoV2-5UTR-Amplicon-short-trimmed+3,200,g,0.0914
SARS-CoV2-5UTR-Amplicon-short-trimmed+3,201,t,0.1527
SARS-CoV2-5UTR-Amplicon-short-trimmed+3,202,g,0.1152
SARS-CoV2-5UTR-Amplicon-short-trimmed+3,203,a,0.3071
SARS-CoV2-5UTR-Amplicon-short-trimmed+3,204,c,0.112
SARS-CoV2-5UTR-Amplicon-short-trimmed+3,205,c,0.1081
SARS-CoV2-5UTR-Amplicon-short-trimmed+3,206,g,0.104
SARS-CoV2-5UTR-Amplicon-short-trimmed+3,207,a,0.1728
SARS-CoV2-5UTR-Amplicon-short-trimmed+3,208,a,0.0943
SARS-CoV2-5UTR-Amplicon-short-trimmed+3,209,a,0.1686
SARS-CoV2-5UTR-Amplicon-short-trimmed+3,210,g,0.1318
SARS-CoV2-5UTR-Amplicon-short-trimmed+3,211,g,0.1456
SARS-CoV2-5UTR-Amplicon-short-trimmed+3,212,t,0.1423
SARS-CoV2-5UTR-Amplicon-short-trimmed+3,213,a,0.0843
SARS-CoV2-5UTR-Amplicon-short-trimmed+3,214,a,0.1064
SARS-CoV2-5UTR-Amplicon-short-trimmed+3,215,g,0.1084
SARS-CoV2-5UTR-Amplicon-short-trimmed+3,216,a,0.0659
SARS-CoV2-5UTR-Amplicon-short-trimmed+3,217,t,0.151
SARS-CoV2-5UTR-Amplicon-short-trimmed+3,218,g,0.0985
SARS-CoV2-5UTR-Amplicon-short-trimmed+3,219,g,0.1413
SARS-CoV2-5UTR-Amplicon-short-trimmed+3,220,a,0.3084
SARS-CoV2-5UTR-Amplicon-short-trimmed+3,221,g,0.1756
SARS-CoV2-5UTR-Amplicon-short-trimmed+3,222,a,0.0903
SARS-CoV2-5UTR-Amplicon-short-trimmed+3,223,g,0.2231
SARS-CoV2-5UTR-Amplicon-short-trimmed+3,224,c,0.2188
SARS-CoV2-5UTR-Amplicon-short-trimmed+3,225,c,0.1047
SARS-CoV2-5UTR-Amplicon-short-trimmed+3,226,t,0.0914
SARS-CoV2-5UTR-Amplicon-short-trimmed+3,227,t,0.3593
SARS-CoV2-5UTR-Amplicon-short-trimmed+3,228,g,0.1093
SARS-CoV2-5UTR-Amplicon-short-trimmed+3,229,t,0.2371
SARS-CoV2-5UTR-Amplicon-short-trimmed+3,230,c,0.1017
SARS-CoV2-5UTR-Amplicon-short-trimmed+3,231,c,0.0781
SARS-CoV2-5UTR-Amplicon-short-trimmed+3,232,c,0.1182
SARS-CoV2-5UTR-Amplicon-short-trimmed+3,233,t,0.1687
SARS-CoV2-5UTR-Amplicon-short-trimmed+3,234,g,0.1031
SARS-CoV2-5UTR-Amplicon-short-trimmed+3,235,g,0.1566
SARS-CoV2-5UTR-Amplicon-short-trimmed+3,236,t,0.0777
SARS-CoV2-5UTR-Amplicon-short-trimmed+3,237,t,0.0657
SARS-CoV2-5UTR-Amplicon-short-trimmed+3,238,t,0.1375
SARS-CoV2-5UTR-Amplicon-short-trimmed+3,239,c,0.5793
SARS-CoV2-5UTR-Amplicon-short-trimmed+3,240,a,0.0874
SARS-CoV2-5UTR-Amplicon-short-trimmed+3,241,a,0.0711
SARS-CoV2-5UTR-Amplicon-short-trimmed+3,242,c,0.0855
SARS-CoV2-5UTR-Amplicon-short-trimmed+3,243,g,0.0396
SARS-CoV2-5UTR-Amplicon-short-trimmed+3,244,a,0.2233
SARS-CoV2-5UTR-Amplicon-short-trimmed+3,245,g,0
SARS-CoV2-5UTR-Amplicon-short-trimmed+3,246,g,0
SARS-CoV2-5UTR-Amplicon-short-trimmed+3,247,G,0
SARS-CoV2-5UTR-Amplicon-short-trimmed+3,248,A,0
SARS-CoV2-5UTR-Amplicon-short-trimmed+3,249,G,0
