JW-JZ-3s-HC2a-HC-114_R1.fastq.gz, 1424987
JW-JZ-3s-HC2a-HC-114_R2.fastq.gz, 1424987
JW-JZ-3s-HC2a-HC-115_R1.fastq.gz, 1293767
JW-JZ-3s-HC2a-HC-115_R2.fastq.gz, 1293767
JW-JZ-3s-HC2a-HC-116_R1.fastq.gz, 1437683
JW-JZ-3s-HC2a-HC-116_R2.fastq.gz, 1437683
JW-JZ-3s-HC2a-HC-117_R1.fastq.gz, 1343396
JW-JZ-3s-HC2a-HC-117_R2.fastq.gz, 1343396
JW-JZ-3s-HC2a-HC-118_R1.fastq.gz, 1232435
JW-JZ-3s-HC2a-HC-118_R2.fastq.gz, 1232435
JW-JZ-3s-HC2a-HC-119_R1.fastq.gz, 1117692
JW-JZ-3s-HC2a-HC-119_R2.fastq.gz, 1117692
JW-JZ-3s-HC2a-HC-120_R1.fastq.gz, 1138751
JW-JZ-3s-HC2a-HC-120_R2.fastq.gz, 1138751
JW-JZ-3s-HC2a-HC-121_R1.fastq.gz, 794710
JW-JZ-3s-HC2a-HC-121_R2.fastq.gz, 794710
JW-JZ-3s-HC2a-HC-122_R1.fastq.gz, 1170433
JW-JZ-3s-HC2a-HC-122_R2.fastq.gz, 1170433
JW-JZ-3s-HC2a-HC-123_R1.fastq.gz, 785848
JW-JZ-3s-HC2a-HC-123_R2.fastq.gz, 785848
JW-JZ-3s-HC2a-HC-124_R1.fastq.gz, 1383997
JW-JZ-3s-HC2a-HC-124_R2.fastq.gz, 1383997
JW-JZ-3s-HC2a-HC-125_R1.fastq.gz, 1597567
JW-JZ-3s-HC2a-HC-125_R2.fastq.gz, 1597567
JW-JZ-3s-HC2a-HC-132_R1.fastq.gz, 1467163
JW-JZ-3s-HC2a-HC-132_R2.fastq.gz, 1467163
JW-JZ-3s-HC2a-HC-133_R1.fastq.gz, 1125756
JW-JZ-3s-HC2a-HC-133_R2.fastq.gz, 1125756
JW-JZ-3s-HC2a-HC-134_R1.fastq.gz, 1259206
JW-JZ-3s-HC2a-HC-134_R2.fastq.gz, 1259206
JW-JZ-3s-HC2a-HC-135_R1.fastq.gz, 1424502
JW-JZ-3s-HC2a-HC-135_R2.fastq.gz, 1424502
JW-JZ-3s-HC2a-HC-136_R1.fastq.gz, 1423534
JW-JZ-3s-HC2a-HC-136_R2.fastq.gz, 1423534
JW-JZ-3s-HC2a-HC-137_R1.fastq.gz, 1447711
JW-JZ-3s-HC2a-HC-137_R2.fastq.gz, 1447711
JW-JZ-3s-HC2a-HC-144_R1.fastq.gz, 1462322
JW-JZ-3s-HC2a-HC-144_R2.fastq.gz, 1462322
JW-JZ-3s-HC2a-HC-145_R1.fastq.gz, 1184351
JW-JZ-3s-HC2a-HC-145_R2.fastq.gz, 1184351
JW-JZ-3s-HC2a-HC-146_R1.fastq.gz, 1177452
JW-JZ-3s-HC2a-HC-146_R2.fastq.gz, 1177452
JW-JZ-3s-HC2a-HC-147_R1.fastq.gz, 1271382
JW-JZ-3s-HC2a-HC-147_R2.fastq.gz, 1271382
JW-JZ-3s-HC2a-HC-148_R1.fastq.gz, 1654501
JW-JZ-3s-HC2a-HC-148_R2.fastq.gz, 1654501
JW-JZ-3s-HC2a-HC-149_R1.fastq.gz, 1465401
JW-JZ-3s-HC2a-HC-149_R2.fastq.gz, 1465401
JW-JZ-3s-HC2a-HC-156_R1.fastq.gz, 698392
JW-JZ-3s-HC2a-HC-156_R2.fastq.gz, 698392
JW-JZ-3s-HC2a-HC-157_R1.fastq.gz, 636626
JW-JZ-3s-HC2a-HC-157_R2.fastq.gz, 636626
JW-JZ-3s-HC2a-HC-158_R1.fastq.gz, 799511
JW-JZ-3s-HC2a-HC-158_R2.fastq.gz, 799511
JW-JZ-3s-HC2a-HC-159_R1.fastq.gz, 763992
JW-JZ-3s-HC2a-HC-159_R2.fastq.gz, 763992
JW-JZ-3s-HC2a-HC-162_R1.fastq.gz, 1294956
JW-JZ-3s-HC2a-HC-162_R2.fastq.gz, 1294956
JW-JZ-3s-HC2a-HC-163_R1.fastq.gz, 1338754
JW-JZ-3s-HC2a-HC-163_R2.fastq.gz, 1338754
