Region,Position,Ref_base,Mut_percentage
SARS-CoV2-5UTR-Amplicon-short-trimmed,1,t,0
SARS-CoV2-5UTR-Amplicon-short-trimmed,2,a,0
SARS-CoV2-5UTR-Amplicon-short-trimmed,3,g,0
SARS-CoV2-5UTR-Amplicon-short-trimmed,4,a,0
SARS-CoV2-5UTR-Amplicon-short-trimmed,5,t,0.0821
SARS-CoV2-5UTR-Amplicon-short-trimmed,6,c,0.4922
SARS-CoV2-5UTR-Amplicon-short-trimmed,7,t,0.3546
SARS-CoV2-5UTR-Amplicon-short-trimmed,8,g,0.5441
SARS-CoV2-5UTR-Amplicon-short-trimmed,9,t,1.0867
SARS-CoV2-5UTR-Amplicon-short-trimmed,10,t,0.6511
SARS-CoV2-5UTR-Amplicon-short-trimmed,11,c,0.8406
SARS-CoV2-5UTR-Amplicon-short-trimmed,12,t,0.3515
SARS-CoV2-5UTR-Amplicon-short-trimmed,13,c,0.8383
SARS-CoV2-5UTR-Amplicon-short-trimmed,14,t,0.6215
SARS-CoV2-5UTR-Amplicon-short-trimmed,15,a,4.717
SARS-CoV2-5UTR-Amplicon-short-trimmed,16,a,0.1885
SARS-CoV2-5UTR-Amplicon-short-trimmed,17,a,0.1883
SARS-CoV2-5UTR-Amplicon-short-trimmed,18,c,0.2689
SARS-CoV2-5UTR-Amplicon-short-trimmed,19,g,0.6985
SARS-CoV2-5UTR-Amplicon-short-trimmed,20,a,0.2147
SARS-CoV2-5UTR-Amplicon-short-trimmed,21,a,0.3755
SARS-CoV2-5UTR-Amplicon-short-trimmed,22,c,2.2788
SARS-CoV2-5UTR-Amplicon-short-trimmed,23,t,0.4288
SARS-CoV2-5UTR-Amplicon-short-trimmed,24,t,0.2144
SARS-CoV2-5UTR-Amplicon-short-trimmed,25,t,0.1876
SARS-CoV2-5UTR-Amplicon-short-trimmed,26,a,0.5091
SARS-CoV2-5UTR-Amplicon-short-trimmed,27,a,0.1876
SARS-CoV2-5UTR-Amplicon-short-trimmed,28,a,0.1608
SARS-CoV2-5UTR-Amplicon-short-trimmed,29,a,0.4016
SARS-CoV2-5UTR-Amplicon-short-trimmed,30,t,0.5353
SARS-CoV2-5UTR-Amplicon-short-trimmed,31,c,0.3746
SARS-CoV2-5UTR-Amplicon-short-trimmed,32,t,0.4814
SARS-CoV2-5UTR-Amplicon-short-trimmed,33,g,0.3209
SARS-CoV2-5UTR-Amplicon-short-trimmed,34,t,0.2674
SARS-CoV2-5UTR-Amplicon-short-trimmed,35,g,0.107
SARS-CoV2-5UTR-Amplicon-short-trimmed,36,t,0.5348
SARS-CoV2-5UTR-Amplicon-short-trimmed,37,g,0.3208
SARS-CoV2-5UTR-Amplicon-short-trimmed,38,g,0.3207
SARS-CoV2-5UTR-Amplicon-short-trimmed,39,c,0.5596
SARS-CoV2-5UTR-Amplicon-short-trimmed,40,t,0.6661
SARS-CoV2-5UTR-Amplicon-short-trimmed,41,g,0.3728
SARS-CoV2-5UTR-Amplicon-short-trimmed,42,t,0.3728
SARS-CoV2-5UTR-Amplicon-short-trimmed,43,c,0.4527
SARS-CoV2-5UTR-Amplicon-short-trimmed,44,a,0.5322
SARS-CoV2-5UTR-Amplicon-short-trimmed,45,c,0.5056
SARS-CoV2-5UTR-Amplicon-short-trimmed,46,t,0.4789
SARS-CoV2-5UTR-Amplicon-short-trimmed,47,c,0.9045
SARS-CoV2-5UTR-Amplicon-short-trimmed,48,g,0.6383
SARS-CoV2-5UTR-Amplicon-short-trimmed,49,g,0.7181
SARS-CoV2-5UTR-Amplicon-short-trimmed,50,c,0.3917
SARS-CoV2-5UTR-Amplicon-short-trimmed,51,t,0.4703
SARS-CoV2-5UTR-Amplicon-short-trimmed,52,g,0.81
SARS-CoV2-5UTR-Amplicon-short-trimmed,53,c,0.8623
SARS-CoV2-5UTR-Amplicon-short-trimmed,54,g,0.4443
SARS-CoV2-5UTR-Amplicon-short-trimmed,55,t,0.6796
SARS-CoV2-5UTR-Amplicon-short-trimmed,56,g,0.5227
SARS-CoV2-5UTR-Amplicon-short-trimmed,57,c,1.2284
SARS-CoV2-5UTR-Amplicon-short-trimmed,58,t,1.3065
SARS-CoV2-5UTR-Amplicon-short-trimmed,59,t,1.6196
SARS-CoV2-5UTR-Amplicon-short-trimmed,60,a,0.3656
SARS-CoV2-5UTR-Amplicon-short-trimmed,61,g,0.3655
SARS-CoV2-5UTR-Amplicon-short-trimmed,62,t,0.3394
SARS-CoV2-5UTR-Amplicon-short-trimmed,63,g,0.4437
SARS-CoV2-5UTR-Amplicon-short-trimmed,64,c,0.5219
SARS-CoV2-5UTR-Amplicon-short-trimmed,65,a,0.4175
SARS-CoV2-5UTR-Amplicon-short-trimmed,66,c,0.2871
SARS-CoV2-5UTR-Amplicon-short-trimmed,67,t,0.3132
SARS-CoV2-5UTR-Amplicon-short-trimmed,68,c,0.6004
SARS-CoV2-5UTR-Amplicon-short-trimmed,69,a,0.1827
SARS-CoV2-5UTR-Amplicon-short-trimmed,70,c,0.261
SARS-CoV2-5UTR-Amplicon-short-trimmed,71,g,0.5999
SARS-CoV2-5UTR-Amplicon-short-trimmed,72,c,0.313
SARS-CoV2-5UTR-Amplicon-short-trimmed,73,a,0.3131
SARS-CoV2-5UTR-Amplicon-short-trimmed,74,g,0.3913
SARS-CoV2-5UTR-Amplicon-short-trimmed,75,t,0.4705
SARS-CoV2-5UTR-Amplicon-short-trimmed,76,a,0.2875
SARS-CoV2-5UTR-Amplicon-short-trimmed,77,t,0.4397
SARS-CoV2-5UTR-Amplicon-short-trimmed,78,a,0.2587
SARS-CoV2-5UTR-Amplicon-short-trimmed,79,a,0.1552
SARS-CoV2-5UTR-Amplicon-short-trimmed,80,t,0.1552
SARS-CoV2-5UTR-Amplicon-short-trimmed,81,t,0.2587
SARS-CoV2-5UTR-Amplicon-short-trimmed,82,a,0.2329
SARS-CoV2-5UTR-Amplicon-short-trimmed,83,a,0.854
SARS-CoV2-5UTR-Amplicon-short-trimmed,84,t,0.3107
SARS-CoV2-5UTR-Amplicon-short-trimmed,85,a,0.6213
SARS-CoV2-5UTR-Amplicon-short-trimmed,86,a,0.1294
SARS-CoV2-5UTR-Amplicon-short-trimmed,87,c,0.7248
SARS-CoV2-5UTR-Amplicon-short-trimmed,88,t,0.3107
SARS-CoV2-5UTR-Amplicon-short-trimmed,89,a,0.1815
SARS-CoV2-5UTR-Amplicon-short-trimmed,90,a,0.1815
SARS-CoV2-5UTR-Amplicon-short-trimmed,91,t,0.1296
SARS-CoV2-5UTR-Amplicon-short-trimmed,92,t,0.363
SARS-CoV2-5UTR-Amplicon-short-trimmed,93,a,0.337
SARS-CoV2-5UTR-Amplicon-short-trimmed,94,c,0.2591
SARS-CoV2-5UTR-Amplicon-short-trimmed,95,t,0.4664
SARS-CoV2-5UTR-Amplicon-short-trimmed,96,g,0.2333
SARS-CoV2-5UTR-Amplicon-short-trimmed,97,t,0.2582
SARS-CoV2-5UTR-Amplicon-short-trimmed,98,c,0.3617
SARS-CoV2-5UTR-Amplicon-short-trimmed,99,g,0.621
SARS-CoV2-5UTR-Amplicon-short-trimmed,100,t,0.2589
SARS-CoV2-5UTR-Amplicon-short-trimmed,101,t,0.3361
SARS-CoV2-5UTR-Amplicon-short-trimmed,102,g,0.8518
SARS-CoV2-5UTR-Amplicon-short-trimmed,103,a,0.3613
SARS-CoV2-5UTR-Amplicon-short-trimmed,104,c,0.2082
SARS-CoV2-5UTR-Amplicon-short-trimmed,105,a,0.3382
SARS-CoV2-5UTR-Amplicon-short-trimmed,106,g,1.0929
SARS-CoV2-5UTR-Amplicon-short-trimmed,107,g,0.939
SARS-CoV2-5UTR-Amplicon-short-trimmed,108,a,0.7305
SARS-CoV2-5UTR-Amplicon-short-trimmed,109,c,0.7827
SARS-CoV2-5UTR-Amplicon-short-trimmed,110,a,1.9562
SARS-CoV2-5UTR-Amplicon-short-trimmed,111,c,0.4694
SARS-CoV2-5UTR-Amplicon-short-trimmed,112,g,1.905
SARS-CoV2-5UTR-Amplicon-short-trimmed,113,a,1.3354
SARS-CoV2-5UTR-Amplicon-short-trimmed,114,g,0.4367
SARS-CoV2-5UTR-Amplicon-short-trimmed,115,t,0.6165
SARS-CoV2-5UTR-Amplicon-short-trimmed,116,a,0.693
SARS-CoV2-5UTR-Amplicon-short-trimmed,117,a,0.4363
SARS-CoV2-5UTR-Amplicon-short-trimmed,118,c,0.231
SARS-CoV2-5UTR-Amplicon-short-trimmed,119,t,0.41
SARS-CoV2-5UTR-Amplicon-short-trimmed,120,c,0.6409
SARS-CoV2-5UTR-Amplicon-short-trimmed,121,g,0.5638
SARS-CoV2-5UTR-Amplicon-short-trimmed,122,t,0.6144
SARS-CoV2-5UTR-Amplicon-short-trimmed,123,c,0.5631
SARS-CoV2-5UTR-Amplicon-short-trimmed,124,t,1.0238
SARS-CoV2-5UTR-Amplicon-short-trimmed,125,a,0.5119
SARS-CoV2-5UTR-Amplicon-short-trimmed,126,t,0.4858
SARS-CoV2-5UTR-Amplicon-short-trimmed,127,c,0.4857
SARS-CoV2-5UTR-Amplicon-short-trimmed,128,t,0.5111
SARS-CoV2-5UTR-Amplicon-short-trimmed,129,t,0.4088
SARS-CoV2-5UTR-Amplicon-short-trimmed,130,c,0.5882
SARS-CoV2-5UTR-Amplicon-short-trimmed,131,t,0.4092
SARS-CoV2-5UTR-Amplicon-short-trimmed,132,g,0.6137
SARS-CoV2-5UTR-Amplicon-short-trimmed,133,c,0.6135
SARS-CoV2-5UTR-Amplicon-short-trimmed,134,a,0.3836
SARS-CoV2-5UTR-Amplicon-short-trimmed,135,g,0.4732
SARS-CoV2-5UTR-Amplicon-short-trimmed,136,g,0.3733
SARS-CoV2-5UTR-Amplicon-short-trimmed,137,c,0.3727
SARS-CoV2-5UTR-Amplicon-short-trimmed,138,t,0.471
SARS-CoV2-5UTR-Amplicon-short-trimmed,139,g,0.6691
SARS-CoV2-5UTR-Amplicon-short-trimmed,140,c,0.496
SARS-CoV2-5UTR-Amplicon-short-trimmed,141,t,1.0435
SARS-CoV2-5UTR-Amplicon-short-trimmed,142,t,0.5466
SARS-CoV2-5UTR-Amplicon-short-trimmed,143,a,0.5219
SARS-CoV2-5UTR-Amplicon-short-trimmed,144,c,0.7702
SARS-CoV2-5UTR-Amplicon-short-trimmed,145,g,0.596
SARS-CoV2-5UTR-Amplicon-short-trimmed,146,g,0.8191
SARS-CoV2-5UTR-Amplicon-short-trimmed,147,t,0.7198
SARS-CoV2-5UTR-Amplicon-short-trimmed,148,t,0.4716
SARS-CoV2-5UTR-Amplicon-short-trimmed,149,t,0.4964
SARS-CoV2-5UTR-Amplicon-short-trimmed,150,c,1.0921
SARS-CoV2-5UTR-Amplicon-short-trimmed,151,g,0.5212
SARS-CoV2-5UTR-Amplicon-short-trimmed,152,t,0.8687
SARS-CoV2-5UTR-Amplicon-short-trimmed,153,c,0.9436
SARS-CoV2-5UTR-Amplicon-short-trimmed,154,c,1.0681
SARS-CoV2-5UTR-Amplicon-short-trimmed,155,g,0.5961
SARS-CoV2-5UTR-Amplicon-short-trimmed,156,t,1.7387
SARS-CoV2-5UTR-Amplicon-short-trimmed,157,g,0.6955
SARS-CoV2-5UTR-Amplicon-short-trimmed,158,t,0.745
SARS-CoV2-5UTR-Amplicon-short-trimmed,159,t,0.4716
SARS-CoV2-5UTR-Amplicon-short-trimmed,160,g,0.5327
SARS-CoV2-5UTR-Amplicon-short-trimmed,161,c,0.6778
SARS-CoV2-5UTR-Amplicon-short-trimmed,162,a,0.6288
SARS-CoV2-5UTR-Amplicon-short-trimmed,163,g,0.5562
SARS-CoV2-5UTR-Amplicon-short-trimmed,164,c,0.726
SARS-CoV2-5UTR-Amplicon-short-trimmed,165,c,0.4846
SARS-CoV2-5UTR-Amplicon-short-trimmed,166,g,1.0928
SARS-CoV2-5UTR-Amplicon-short-trimmed,167,a,0.5829
SARS-CoV2-5UTR-Amplicon-short-trimmed,168,t,0.5349
SARS-CoV2-5UTR-Amplicon-short-trimmed,169,c,1.3865
SARS-CoV2-5UTR-Amplicon-short-trimmed,170,a,2.1411
SARS-CoV2-5UTR-Amplicon-short-trimmed,171,t,0.3162
SARS-CoV2-5UTR-Amplicon-short-trimmed,172,c,2.0681
SARS-CoV2-5UTR-Amplicon-short-trimmed,173,a,4.1059
SARS-CoV2-5UTR-Amplicon-short-trimmed,174,g,3.9359
SARS-CoV2-5UTR-Amplicon-short-trimmed,175,c,0.8505
SARS-CoV2-5UTR-Amplicon-short-trimmed,176,a,1.7749
SARS-CoV2-5UTR-Amplicon-short-trimmed,177,c,0.1939
SARS-CoV2-5UTR-Amplicon-short-trimmed,178,a,0.7996
SARS-CoV2-5UTR-Amplicon-short-trimmed,179,t,0.4367
SARS-CoV2-5UTR-Amplicon-short-trimmed,180,c,0.9947
SARS-CoV2-5UTR-Amplicon-short-trimmed,181,t,0.9702
SARS-CoV2-5UTR-Amplicon-short-trimmed,182,a,0.6793
SARS-CoV2-5UTR-Amplicon-short-trimmed,183,g,0.5578
SARS-CoV2-5UTR-Amplicon-short-trimmed,184,g,0.4608
SARS-CoV2-5UTR-Amplicon-short-trimmed,185,t,0.5803
SARS-CoV2-5UTR-Amplicon-short-trimmed,186,t,0.3386
SARS-CoV2-5UTR-Amplicon-short-trimmed,187,t,0.4838
SARS-CoV2-5UTR-Amplicon-short-trimmed,188,c,0.6289
SARS-CoV2-5UTR-Amplicon-short-trimmed,189,g,0.3144
SARS-CoV2-5UTR-Amplicon-short-trimmed,190,t,0.411
SARS-CoV2-5UTR-Amplicon-short-trimmed,191,c,0.5079
SARS-CoV2-5UTR-Amplicon-short-trimmed,192,c,0.5806
SARS-CoV2-5UTR-Amplicon-short-trimmed,193,g,0.847
SARS-CoV2-5UTR-Amplicon-short-trimmed,194,g,0.5326
SARS-CoV2-5UTR-Amplicon-short-trimmed,195,g,0.4845
SARS-CoV2-5UTR-Amplicon-short-trimmed,196,t,0.5345
SARS-CoV2-5UTR-Amplicon-short-trimmed,197,g,0.1702
SARS-CoV2-5UTR-Amplicon-short-trimmed,198,t,0.3405
SARS-CoV2-5UTR-Amplicon-short-trimmed,199,g,0.5838
SARS-CoV2-5UTR-Amplicon-short-trimmed,200,a,0.5842
SARS-CoV2-5UTR-Amplicon-short-trimmed,201,c,0.4627
SARS-CoV2-5UTR-Amplicon-short-trimmed,202,c,0.3654
SARS-CoV2-5UTR-Amplicon-short-trimmed,203,g,0.5847
SARS-CoV2-5UTR-Amplicon-short-trimmed,204,a,0.7795
SARS-CoV2-5UTR-Amplicon-short-trimmed,205,a,0.2437
SARS-CoV2-5UTR-Amplicon-short-trimmed,206,a,0.5606
SARS-CoV2-5UTR-Amplicon-short-trimmed,207,g,0.5362
SARS-CoV2-5UTR-Amplicon-short-trimmed,208,g,0.4143
SARS-CoV2-5UTR-Amplicon-short-trimmed,209,t,0.6582
SARS-CoV2-5UTR-Amplicon-short-trimmed,210,a,0.7561
SARS-CoV2-5UTR-Amplicon-short-trimmed,211,a,0.1709
SARS-CoV2-5UTR-Amplicon-short-trimmed,212,g,0.537
SARS-CoV2-5UTR-Amplicon-short-trimmed,213,a,0.2197
SARS-CoV2-5UTR-Amplicon-short-trimmed,214,t,0.3663
SARS-CoV2-5UTR-Amplicon-short-trimmed,215,g,0.7574
SARS-CoV2-5UTR-Amplicon-short-trimmed,216,g,0.2443
SARS-CoV2-5UTR-Amplicon-short-trimmed,217,a,0.4642
SARS-CoV2-5UTR-Amplicon-short-trimmed,218,g,0.4647
SARS-CoV2-5UTR-Amplicon-short-trimmed,219,a,0.3914
SARS-CoV2-5UTR-Amplicon-short-trimmed,220,g,0.5138
SARS-CoV2-5UTR-Amplicon-short-trimmed,221,c,0.3916
SARS-CoV2-5UTR-Amplicon-short-trimmed,222,c,0.2203
SARS-CoV2-5UTR-Amplicon-short-trimmed,223,t,0.661
SARS-CoV2-5UTR-Amplicon-short-trimmed,224,t,0.2204
SARS-CoV2-5UTR-Amplicon-short-trimmed,225,g,0.196
SARS-CoV2-5UTR-Amplicon-short-trimmed,226,t,0.392
SARS-CoV2-5UTR-Amplicon-short-trimmed,227,c,0.9802
SARS-CoV2-5UTR-Amplicon-short-trimmed,228,c,0.1962
SARS-CoV2-5UTR-Amplicon-short-trimmed,229,c,0.3189
SARS-CoV2-5UTR-Amplicon-short-trimmed,230,t,0.7611
SARS-CoV2-5UTR-Amplicon-short-trimmed,231,g,0.983
SARS-CoV2-5UTR-Amplicon-short-trimmed,232,g,0.3689
SARS-CoV2-5UTR-Amplicon-short-trimmed,233,t,0.2952
SARS-CoV2-5UTR-Amplicon-short-trimmed,234,t,0.0492
SARS-CoV2-5UTR-Amplicon-short-trimmed,235,t,0.0742
SARS-CoV2-5UTR-Amplicon-short-trimmed,236,c,0.4461
SARS-CoV2-5UTR-Amplicon-short-trimmed,237,a,0.2727
SARS-CoV2-5UTR-Amplicon-short-trimmed,238,a,0.0248
SARS-CoV2-5UTR-Amplicon-short-trimmed,239,c,0.0993
SARS-CoV2-5UTR-Amplicon-short-trimmed,240,g,0.2486
SARS-CoV2-5UTR-Amplicon-short-trimmed,241,a,0
SARS-CoV2-5UTR-Amplicon-short-trimmed,242,g,0
SARS-CoV2-5UTR-Amplicon-short-trimmed,243,g,0
