Region,Position,Ref_base,Mut_percentage
SARS-CoV2-5UTR-Amplicon-short-trimmed,1,t,0
SARS-CoV2-5UTR-Amplicon-short-trimmed,2,a,0
SARS-CoV2-5UTR-Amplicon-short-trimmed,3,g,0
SARS-CoV2-5UTR-Amplicon-short-trimmed,4,a,0.026
SARS-CoV2-5UTR-Amplicon-short-trimmed,5,t,0.1296
SARS-CoV2-5UTR-Amplicon-short-trimmed,6,c,0.5176
SARS-CoV2-5UTR-Amplicon-short-trimmed,7,t,0.4903
SARS-CoV2-5UTR-Amplicon-short-trimmed,8,g,0.5155
SARS-CoV2-5UTR-Amplicon-short-trimmed,9,t,0.8237
SARS-CoV2-5UTR-Amplicon-short-trimmed,10,t,0.5913
SARS-CoV2-5UTR-Amplicon-short-trimmed,11,c,0.6684
SARS-CoV2-5UTR-Amplicon-short-trimmed,12,t,0.411
SARS-CoV2-5UTR-Amplicon-short-trimmed,13,c,0.7961
SARS-CoV2-5UTR-Amplicon-short-trimmed,14,t,0.8729
SARS-CoV2-5UTR-Amplicon-short-trimmed,15,a,4.3344
SARS-CoV2-5UTR-Amplicon-short-trimmed,16,a,0.1281
SARS-CoV2-5UTR-Amplicon-short-trimmed,17,a,0.0512
SARS-CoV2-5UTR-Amplicon-short-trimmed,18,c,0.0768
SARS-CoV2-5UTR-Amplicon-short-trimmed,19,g,0.5891
SARS-CoV2-5UTR-Amplicon-short-trimmed,20,a,0.3072
SARS-CoV2-5UTR-Amplicon-short-trimmed,21,a,0.3583
SARS-CoV2-5UTR-Amplicon-short-trimmed,22,c,2.1756
SARS-CoV2-5UTR-Amplicon-short-trimmed,23,t,0.4602
SARS-CoV2-5UTR-Amplicon-short-trimmed,24,t,0.179
SARS-CoV2-5UTR-Amplicon-short-trimmed,25,t,0.179
SARS-CoV2-5UTR-Amplicon-short-trimmed,26,a,0.3068
SARS-CoV2-5UTR-Amplicon-short-trimmed,27,a,0.1278
SARS-CoV2-5UTR-Amplicon-short-trimmed,28,a,0.1534
SARS-CoV2-5UTR-Amplicon-short-trimmed,29,a,0.1534
SARS-CoV2-5UTR-Amplicon-short-trimmed,30,t,0.23
SARS-CoV2-5UTR-Amplicon-short-trimmed,31,c,0.3831
SARS-CoV2-5UTR-Amplicon-short-trimmed,32,t,0.3574
SARS-CoV2-5UTR-Amplicon-short-trimmed,33,g,0.1784
SARS-CoV2-5UTR-Amplicon-short-trimmed,34,t,0.051
SARS-CoV2-5UTR-Amplicon-short-trimmed,35,g,0.0764
SARS-CoV2-5UTR-Amplicon-short-trimmed,36,t,0.2548
SARS-CoV2-5UTR-Amplicon-short-trimmed,37,g,0.1529
SARS-CoV2-5UTR-Amplicon-short-trimmed,38,g,0.2546
SARS-CoV2-5UTR-Amplicon-short-trimmed,39,c,0.2022
SARS-CoV2-5UTR-Amplicon-short-trimmed,40,t,0.2781
SARS-CoV2-5UTR-Amplicon-short-trimmed,41,g,0.3033
SARS-CoV2-5UTR-Amplicon-short-trimmed,42,t,0.1011
SARS-CoV2-5UTR-Amplicon-short-trimmed,43,c,0.2022
SARS-CoV2-5UTR-Amplicon-short-trimmed,44,a,0.3033
SARS-CoV2-5UTR-Amplicon-short-trimmed,45,c,0.1264
SARS-CoV2-5UTR-Amplicon-short-trimmed,46,t,0.1264
SARS-CoV2-5UTR-Amplicon-short-trimmed,47,c,0.5815
SARS-CoV2-5UTR-Amplicon-short-trimmed,48,g,0.3793
SARS-CoV2-5UTR-Amplicon-short-trimmed,49,g,0.3793
SARS-CoV2-5UTR-Amplicon-short-trimmed,50,c,0.2031
SARS-CoV2-5UTR-Amplicon-short-trimmed,51,t,0.2591
SARS-CoV2-5UTR-Amplicon-short-trimmed,52,g,0.4663
SARS-CoV2-5UTR-Amplicon-short-trimmed,53,c,0.5699
SARS-CoV2-5UTR-Amplicon-short-trimmed,54,g,0.3111
SARS-CoV2-5UTR-Amplicon-short-trimmed,55,t,0.4921
SARS-CoV2-5UTR-Amplicon-short-trimmed,56,g,0.2849
SARS-CoV2-5UTR-Amplicon-short-trimmed,57,c,1.0619
SARS-CoV2-5UTR-Amplicon-short-trimmed,58,t,0.9324
SARS-CoV2-5UTR-Amplicon-short-trimmed,59,t,1.1914
SARS-CoV2-5UTR-Amplicon-short-trimmed,60,a,0.2331
SARS-CoV2-5UTR-Amplicon-short-trimmed,61,g,0.3626
SARS-CoV2-5UTR-Amplicon-short-trimmed,62,t,0.2589
SARS-CoV2-5UTR-Amplicon-short-trimmed,63,g,0.3107
SARS-CoV2-5UTR-Amplicon-short-trimmed,64,c,0.3885
SARS-CoV2-5UTR-Amplicon-short-trimmed,65,a,0.1295
SARS-CoV2-5UTR-Amplicon-short-trimmed,66,c,0.285
SARS-CoV2-5UTR-Amplicon-short-trimmed,67,t,0.1296
SARS-CoV2-5UTR-Amplicon-short-trimmed,68,c,0.4663
SARS-CoV2-5UTR-Amplicon-short-trimmed,69,a,0.2333
SARS-CoV2-5UTR-Amplicon-short-trimmed,70,c,0.311
SARS-CoV2-5UTR-Amplicon-short-trimmed,71,g,0.2591
SARS-CoV2-5UTR-Amplicon-short-trimmed,72,c,0.1814
SARS-CoV2-5UTR-Amplicon-short-trimmed,73,a,0.2073
SARS-CoV2-5UTR-Amplicon-short-trimmed,74,g,0.1814
SARS-CoV2-5UTR-Amplicon-short-trimmed,75,t,0.2862
SARS-CoV2-5UTR-Amplicon-short-trimmed,76,a,0.2604
SARS-CoV2-5UTR-Amplicon-short-trimmed,77,t,0.258
SARS-CoV2-5UTR-Amplicon-short-trimmed,78,a,0.2064
SARS-CoV2-5UTR-Amplicon-short-trimmed,79,a,0.129
SARS-CoV2-5UTR-Amplicon-short-trimmed,80,t,0.129
SARS-CoV2-5UTR-Amplicon-short-trimmed,81,t,0.2839
SARS-CoV2-5UTR-Amplicon-short-trimmed,82,a,0.3097
SARS-CoV2-5UTR-Amplicon-short-trimmed,83,a,0.6194
SARS-CoV2-5UTR-Amplicon-short-trimmed,84,t,0.1806
SARS-CoV2-5UTR-Amplicon-short-trimmed,85,a,0.7742
SARS-CoV2-5UTR-Amplicon-short-trimmed,86,a,0.2323
SARS-CoV2-5UTR-Amplicon-short-trimmed,87,c,0.8002
SARS-CoV2-5UTR-Amplicon-short-trimmed,88,t,0.2581
SARS-CoV2-5UTR-Amplicon-short-trimmed,89,a,0.2067
SARS-CoV2-5UTR-Amplicon-short-trimmed,90,a,0.1034
SARS-CoV2-5UTR-Amplicon-short-trimmed,91,t,0.155
SARS-CoV2-5UTR-Amplicon-short-trimmed,92,t,0.2584
SARS-CoV2-5UTR-Amplicon-short-trimmed,93,a,0.2067
SARS-CoV2-5UTR-Amplicon-short-trimmed,94,c,0.2579
SARS-CoV2-5UTR-Amplicon-short-trimmed,95,t,0.4129
SARS-CoV2-5UTR-Amplicon-short-trimmed,96,g,0.1548
SARS-CoV2-5UTR-Amplicon-short-trimmed,97,t,0.1547
SARS-CoV2-5UTR-Amplicon-short-trimmed,98,c,0.3094
SARS-CoV2-5UTR-Amplicon-short-trimmed,99,g,0.2837
SARS-CoV2-5UTR-Amplicon-short-trimmed,100,t,0.3094
SARS-CoV2-5UTR-Amplicon-short-trimmed,101,t,0.3067
SARS-CoV2-5UTR-Amplicon-short-trimmed,102,g,0.689
SARS-CoV2-5UTR-Amplicon-short-trimmed,103,a,0.2552
SARS-CoV2-5UTR-Amplicon-short-trimmed,104,c,0.282
SARS-CoV2-5UTR-Amplicon-short-trimmed,105,a,0.3333
SARS-CoV2-5UTR-Amplicon-short-trimmed,106,g,0.7436
SARS-CoV2-5UTR-Amplicon-short-trimmed,107,g,0.9749
SARS-CoV2-5UTR-Amplicon-short-trimmed,108,a,0.5389
SARS-CoV2-5UTR-Amplicon-short-trimmed,109,c,0.6415
SARS-CoV2-5UTR-Amplicon-short-trimmed,110,a,1.5389
SARS-CoV2-5UTR-Amplicon-short-trimmed,111,c,0.4104
SARS-CoV2-5UTR-Amplicon-short-trimmed,112,g,1.7995
SARS-CoV2-5UTR-Amplicon-short-trimmed,113,a,1.1222
SARS-CoV2-5UTR-Amplicon-short-trimmed,114,g,0.4081
SARS-CoV2-5UTR-Amplicon-short-trimmed,115,t,0.4844
SARS-CoV2-5UTR-Amplicon-short-trimmed,116,a,1.0709
SARS-CoV2-5UTR-Amplicon-short-trimmed,117,a,0.357
SARS-CoV2-5UTR-Amplicon-short-trimmed,118,c,0.3821
SARS-CoV2-5UTR-Amplicon-short-trimmed,119,t,0.305
SARS-CoV2-5UTR-Amplicon-short-trimmed,120,c,0.7117
SARS-CoV2-5UTR-Amplicon-short-trimmed,121,g,0.5084
SARS-CoV2-5UTR-Amplicon-short-trimmed,122,t,0.7105
SARS-CoV2-5UTR-Amplicon-short-trimmed,123,c,1.1923
SARS-CoV2-5UTR-Amplicon-short-trimmed,124,t,2.2329
SARS-CoV2-5UTR-Amplicon-short-trimmed,125,a,0.9137
SARS-CoV2-5UTR-Amplicon-short-trimmed,126,t,0.5824
SARS-CoV2-5UTR-Amplicon-short-trimmed,127,c,0.6835
SARS-CoV2-5UTR-Amplicon-short-trimmed,128,t,1.1637
SARS-CoV2-5UTR-Amplicon-short-trimmed,129,t,0.4299
SARS-CoV2-5UTR-Amplicon-short-trimmed,130,c,0.8093
SARS-CoV2-5UTR-Amplicon-short-trimmed,131,t,0.5311
SARS-CoV2-5UTR-Amplicon-short-trimmed,132,g,0.7332
SARS-CoV2-5UTR-Amplicon-short-trimmed,133,c,0.7329
SARS-CoV2-5UTR-Amplicon-short-trimmed,134,a,0.3031
SARS-CoV2-5UTR-Amplicon-short-trimmed,135,g,0.2738
SARS-CoV2-5UTR-Amplicon-short-trimmed,136,g,0.2739
SARS-CoV2-5UTR-Amplicon-short-trimmed,137,c,0.2486
SARS-CoV2-5UTR-Amplicon-short-trimmed,138,t,0.6464
SARS-CoV2-5UTR-Amplicon-short-trimmed,139,g,0.6711
SARS-CoV2-5UTR-Amplicon-short-trimmed,140,c,0.4474
SARS-CoV2-5UTR-Amplicon-short-trimmed,141,t,0.8211
SARS-CoV2-5UTR-Amplicon-short-trimmed,142,t,0.5477
SARS-CoV2-5UTR-Amplicon-short-trimmed,143,a,0.4731
SARS-CoV2-5UTR-Amplicon-short-trimmed,144,c,0.4232
SARS-CoV2-5UTR-Amplicon-short-trimmed,145,g,0.672
SARS-CoV2-5UTR-Amplicon-short-trimmed,146,g,0.5475
SARS-CoV2-5UTR-Amplicon-short-trimmed,147,t,0.3733
SARS-CoV2-5UTR-Amplicon-short-trimmed,148,t,0.224
SARS-CoV2-5UTR-Amplicon-short-trimmed,149,t,0.2235
SARS-CoV2-5UTR-Amplicon-short-trimmed,150,c,0.7452
SARS-CoV2-5UTR-Amplicon-short-trimmed,151,g,0.2981
SARS-CoV2-5UTR-Amplicon-short-trimmed,152,t,0.3976
SARS-CoV2-5UTR-Amplicon-short-trimmed,153,c,0.5467
SARS-CoV2-5UTR-Amplicon-short-trimmed,154,c,0.6213
SARS-CoV2-5UTR-Amplicon-short-trimmed,155,g,0.2486
SARS-CoV2-5UTR-Amplicon-short-trimmed,156,t,0.5716
SARS-CoV2-5UTR-Amplicon-short-trimmed,157,g,0.3477
SARS-CoV2-5UTR-Amplicon-short-trimmed,158,t,0.4223
SARS-CoV2-5UTR-Amplicon-short-trimmed,159,t,0.571
SARS-CoV2-5UTR-Amplicon-short-trimmed,160,g,0.3931
SARS-CoV2-5UTR-Amplicon-short-trimmed,161,c,0.5652
SARS-CoV2-5UTR-Amplicon-short-trimmed,162,a,0.2704
SARS-CoV2-5UTR-Amplicon-short-trimmed,163,g,0.5156
SARS-CoV2-5UTR-Amplicon-short-trimmed,164,c,0.3437
SARS-CoV2-5UTR-Amplicon-short-trimmed,165,c,0.3194
SARS-CoV2-5UTR-Amplicon-short-trimmed,166,g,0.9091
SARS-CoV2-5UTR-Amplicon-short-trimmed,167,a,0.2703
SARS-CoV2-5UTR-Amplicon-short-trimmed,168,t,0.2213
SARS-CoV2-5UTR-Amplicon-short-trimmed,169,c,1.2051
SARS-CoV2-5UTR-Amplicon-short-trimmed,170,a,1.9183
SARS-CoV2-5UTR-Amplicon-short-trimmed,171,t,0.3198
SARS-CoV2-5UTR-Amplicon-short-trimmed,172,c,1.8942
SARS-CoV2-5UTR-Amplicon-short-trimmed,173,a,3.8622
SARS-CoV2-5UTR-Amplicon-short-trimmed,174,g,4.0836
SARS-CoV2-5UTR-Amplicon-short-trimmed,175,c,0.6398
SARS-CoV2-5UTR-Amplicon-short-trimmed,176,a,1.3057
SARS-CoV2-5UTR-Amplicon-short-trimmed,177,c,0.3441
SARS-CoV2-5UTR-Amplicon-short-trimmed,178,a,0.836
SARS-CoV2-5UTR-Amplicon-short-trimmed,179,t,0.5658
SARS-CoV2-5UTR-Amplicon-short-trimmed,180,c,0.8364
SARS-CoV2-5UTR-Amplicon-short-trimmed,181,t,0.861
SARS-CoV2-5UTR-Amplicon-short-trimmed,182,a,0.6396
SARS-CoV2-5UTR-Amplicon-short-trimmed,183,g,0.7872
SARS-CoV2-5UTR-Amplicon-short-trimmed,184,g,0.6152
SARS-CoV2-5UTR-Amplicon-short-trimmed,185,t,0.7371
SARS-CoV2-5UTR-Amplicon-short-trimmed,186,t,0.4916
SARS-CoV2-5UTR-Amplicon-short-trimmed,187,t,0.4918
SARS-CoV2-5UTR-Amplicon-short-trimmed,188,c,0.664
SARS-CoV2-5UTR-Amplicon-short-trimmed,189,g,0.2951
SARS-CoV2-5UTR-Amplicon-short-trimmed,190,t,0.1968
SARS-CoV2-5UTR-Amplicon-short-trimmed,191,c,0.4673
SARS-CoV2-5UTR-Amplicon-short-trimmed,192,c,0.3197
SARS-CoV2-5UTR-Amplicon-short-trimmed,193,g,0.5175
SARS-CoV2-5UTR-Amplicon-short-trimmed,194,g,0.3948
SARS-CoV2-5UTR-Amplicon-short-trimmed,195,g,0.8144
SARS-CoV2-5UTR-Amplicon-short-trimmed,196,t,0.7185
SARS-CoV2-5UTR-Amplicon-short-trimmed,197,g,0.3223
SARS-CoV2-5UTR-Amplicon-short-trimmed,198,t,0.3968
SARS-CoV2-5UTR-Amplicon-short-trimmed,199,g,0.6696
SARS-CoV2-5UTR-Amplicon-short-trimmed,200,a,0.7196
SARS-CoV2-5UTR-Amplicon-short-trimmed,201,c,0.2731
SARS-CoV2-5UTR-Amplicon-short-trimmed,202,c,0.3724
SARS-CoV2-5UTR-Amplicon-short-trimmed,203,g,0.8441
SARS-CoV2-5UTR-Amplicon-short-trimmed,204,a,0.6207
SARS-CoV2-5UTR-Amplicon-short-trimmed,205,a,0.2483
SARS-CoV2-5UTR-Amplicon-short-trimmed,206,a,0.4718
SARS-CoV2-5UTR-Amplicon-short-trimmed,207,g,0.4471
SARS-CoV2-5UTR-Amplicon-short-trimmed,208,g,0.472
SARS-CoV2-5UTR-Amplicon-short-trimmed,209,t,0.5716
SARS-CoV2-5UTR-Amplicon-short-trimmed,210,a,0.7209
SARS-CoV2-5UTR-Amplicon-short-trimmed,211,a,0.4475
SARS-CoV2-5UTR-Amplicon-short-trimmed,212,g,0.547
SARS-CoV2-5UTR-Amplicon-short-trimmed,213,a,0.2985
SARS-CoV2-5UTR-Amplicon-short-trimmed,214,t,0.1992
SARS-CoV2-5UTR-Amplicon-short-trimmed,215,g,0.4736
SARS-CoV2-5UTR-Amplicon-short-trimmed,216,g,0.7483
SARS-CoV2-5UTR-Amplicon-short-trimmed,217,a,0.2496
SARS-CoV2-5UTR-Amplicon-short-trimmed,218,g,0.4244
SARS-CoV2-5UTR-Amplicon-short-trimmed,219,a,0.2999
SARS-CoV2-5UTR-Amplicon-short-trimmed,220,g,0.5018
SARS-CoV2-5UTR-Amplicon-short-trimmed,221,c,0.4266
SARS-CoV2-5UTR-Amplicon-short-trimmed,222,c,0.4768
SARS-CoV2-5UTR-Amplicon-short-trimmed,223,t,0.6775
SARS-CoV2-5UTR-Amplicon-short-trimmed,224,t,0.1757
SARS-CoV2-5UTR-Amplicon-short-trimmed,225,g,0.201
SARS-CoV2-5UTR-Amplicon-short-trimmed,226,t,0.4025
SARS-CoV2-5UTR-Amplicon-short-trimmed,227,c,1.1824
SARS-CoV2-5UTR-Amplicon-short-trimmed,228,c,0.2518
SARS-CoV2-5UTR-Amplicon-short-trimmed,229,c,0.2267
SARS-CoV2-5UTR-Amplicon-short-trimmed,230,t,0.5544
SARS-CoV2-5UTR-Amplicon-short-trimmed,231,g,0.9077
SARS-CoV2-5UTR-Amplicon-short-trimmed,232,g,0.1766
SARS-CoV2-5UTR-Amplicon-short-trimmed,233,t,0.2775
SARS-CoV2-5UTR-Amplicon-short-trimmed,234,t,0.0505
SARS-CoV2-5UTR-Amplicon-short-trimmed,235,t,0.1013
SARS-CoV2-5UTR-Amplicon-short-trimmed,236,c,0.7351
SARS-CoV2-5UTR-Amplicon-short-trimmed,237,a,0.2537
SARS-CoV2-5UTR-Amplicon-short-trimmed,238,a,0.0254
SARS-CoV2-5UTR-Amplicon-short-trimmed,239,c,0.127
SARS-CoV2-5UTR-Amplicon-short-trimmed,240,g,0.1272
SARS-CoV2-5UTR-Amplicon-short-trimmed,241,a,0
SARS-CoV2-5UTR-Amplicon-short-trimmed,242,g,0
SARS-CoV2-5UTR-Amplicon-short-trimmed,243,g,0
