Region,Position,Ref_base,Mut_percentage
SARS-CoV2-5UTR-Amplicon-short-trimmed,1,t,0
SARS-CoV2-5UTR-Amplicon-short-trimmed,2,a,0
SARS-CoV2-5UTR-Amplicon-short-trimmed,3,g,0
SARS-CoV2-5UTR-Amplicon-short-trimmed,4,a,0
SARS-CoV2-5UTR-Amplicon-short-trimmed,5,t,0
SARS-CoV2-5UTR-Amplicon-short-trimmed,6,c,0.3576
SARS-CoV2-5UTR-Amplicon-short-trimmed,7,t,0.3798
SARS-CoV2-5UTR-Amplicon-short-trimmed,8,g,0.6394
SARS-CoV2-5UTR-Amplicon-short-trimmed,9,t,0.828
SARS-CoV2-5UTR-Amplicon-short-trimmed,10,t,0.4959
SARS-CoV2-5UTR-Amplicon-short-trimmed,11,c,0.6135
SARS-CoV2-5UTR-Amplicon-short-trimmed,12,t,0.1648
SARS-CoV2-5UTR-Amplicon-short-trimmed,13,c,0.7064
SARS-CoV2-5UTR-Amplicon-short-trimmed,14,t,0.5176
SARS-CoV2-5UTR-Amplicon-short-trimmed,15,a,4.4397
SARS-CoV2-5UTR-Amplicon-short-trimmed,16,a,0.0704
SARS-CoV2-5UTR-Amplicon-short-trimmed,17,a,0.0939
SARS-CoV2-5UTR-Amplicon-short-trimmed,18,c,0.2345
SARS-CoV2-5UTR-Amplicon-short-trimmed,19,g,0.7496
SARS-CoV2-5UTR-Amplicon-short-trimmed,20,a,0.4214
SARS-CoV2-5UTR-Amplicon-short-trimmed,21,a,0.2807
SARS-CoV2-5UTR-Amplicon-short-trimmed,22,c,0.7248
SARS-CoV2-5UTR-Amplicon-short-trimmed,23,t,0.3738
SARS-CoV2-5UTR-Amplicon-short-trimmed,24,t,0.1636
SARS-CoV2-5UTR-Amplicon-short-trimmed,25,t,0.3037
SARS-CoV2-5UTR-Amplicon-short-trimmed,26,a,0.4206
SARS-CoV2-5UTR-Amplicon-short-trimmed,27,a,0.1402
SARS-CoV2-5UTR-Amplicon-short-trimmed,28,a,0.1635
SARS-CoV2-5UTR-Amplicon-short-trimmed,29,a,0.327
SARS-CoV2-5UTR-Amplicon-short-trimmed,30,t,0.3737
SARS-CoV2-5UTR-Amplicon-short-trimmed,31,c,0.4905
SARS-CoV2-5UTR-Amplicon-short-trimmed,32,t,0.3971
SARS-CoV2-5UTR-Amplicon-short-trimmed,33,g,0.327
SARS-CoV2-5UTR-Amplicon-short-trimmed,34,t,0.3503
SARS-CoV2-5UTR-Amplicon-short-trimmed,35,g,0.1401
SARS-CoV2-5UTR-Amplicon-short-trimmed,36,t,0.3968
SARS-CoV2-5UTR-Amplicon-short-trimmed,37,g,0.2101
SARS-CoV2-5UTR-Amplicon-short-trimmed,38,g,0.2334
SARS-CoV2-5UTR-Amplicon-short-trimmed,39,c,0.2097
SARS-CoV2-5UTR-Amplicon-short-trimmed,40,t,0.4426
SARS-CoV2-5UTR-Amplicon-short-trimmed,41,g,0.3494
SARS-CoV2-5UTR-Amplicon-short-trimmed,42,t,0.3027
SARS-CoV2-5UTR-Amplicon-short-trimmed,43,c,0.4425
SARS-CoV2-5UTR-Amplicon-short-trimmed,44,a,0.4887
SARS-CoV2-5UTR-Amplicon-short-trimmed,45,c,0.5351
SARS-CoV2-5UTR-Amplicon-short-trimmed,46,t,0.5117
SARS-CoV2-5UTR-Amplicon-short-trimmed,47,c,0.7909
SARS-CoV2-5UTR-Amplicon-short-trimmed,48,g,0.442
SARS-CoV2-5UTR-Amplicon-short-trimmed,49,g,0.1396
SARS-CoV2-5UTR-Amplicon-short-trimmed,50,c,0.1145
SARS-CoV2-5UTR-Amplicon-short-trimmed,51,t,0.3665
SARS-CoV2-5UTR-Amplicon-short-trimmed,52,g,0.4123
SARS-CoV2-5UTR-Amplicon-short-trimmed,53,c,0.6413
SARS-CoV2-5UTR-Amplicon-short-trimmed,54,g,0.4123
SARS-CoV2-5UTR-Amplicon-short-trimmed,55,t,0.6635
SARS-CoV2-5UTR-Amplicon-short-trimmed,56,g,0.2975
SARS-CoV2-5UTR-Amplicon-short-trimmed,57,c,1.2815
SARS-CoV2-5UTR-Amplicon-short-trimmed,58,t,1.4416
SARS-CoV2-5UTR-Amplicon-short-trimmed,59,t,1.6018
SARS-CoV2-5UTR-Amplicon-short-trimmed,60,a,0.389
SARS-CoV2-5UTR-Amplicon-short-trimmed,61,g,0.1831
SARS-CoV2-5UTR-Amplicon-short-trimmed,62,t,0.2059
SARS-CoV2-5UTR-Amplicon-short-trimmed,63,g,0.1601
SARS-CoV2-5UTR-Amplicon-short-trimmed,64,c,0.2288
SARS-CoV2-5UTR-Amplicon-short-trimmed,65,a,0.2974
SARS-CoV2-5UTR-Amplicon-short-trimmed,66,c,0.183
SARS-CoV2-5UTR-Amplicon-short-trimmed,67,t,0.3203
SARS-CoV2-5UTR-Amplicon-short-trimmed,68,c,0.6635
SARS-CoV2-5UTR-Amplicon-short-trimmed,69,a,0.1601
SARS-CoV2-5UTR-Amplicon-short-trimmed,70,c,0.4347
SARS-CoV2-5UTR-Amplicon-short-trimmed,71,g,0.1144
SARS-CoV2-5UTR-Amplicon-short-trimmed,72,c,0.2059
SARS-CoV2-5UTR-Amplicon-short-trimmed,73,a,0.3202
SARS-CoV2-5UTR-Amplicon-short-trimmed,74,g,0.366
SARS-CoV2-5UTR-Amplicon-short-trimmed,75,t,0.3662
SARS-CoV2-5UTR-Amplicon-short-trimmed,76,a,0.3891
SARS-CoV2-5UTR-Amplicon-short-trimmed,77,t,0.2963
SARS-CoV2-5UTR-Amplicon-short-trimmed,78,a,0.2052
SARS-CoV2-5UTR-Amplicon-short-trimmed,79,a,0.1368
SARS-CoV2-5UTR-Amplicon-short-trimmed,80,t,0.1823
SARS-CoV2-5UTR-Amplicon-short-trimmed,81,t,0.2507
SARS-CoV2-5UTR-Amplicon-short-trimmed,82,a,0.2051
SARS-CoV2-5UTR-Amplicon-short-trimmed,83,a,0.4101
SARS-CoV2-5UTR-Amplicon-short-trimmed,84,t,0.2278
SARS-CoV2-5UTR-Amplicon-short-trimmed,85,a,0.4329
SARS-CoV2-5UTR-Amplicon-short-trimmed,86,a,0.2734
SARS-CoV2-5UTR-Amplicon-short-trimmed,87,c,0.3645
SARS-CoV2-5UTR-Amplicon-short-trimmed,88,t,0.2962
SARS-CoV2-5UTR-Amplicon-short-trimmed,89,a,0.2052
SARS-CoV2-5UTR-Amplicon-short-trimmed,90,a,0.2052
SARS-CoV2-5UTR-Amplicon-short-trimmed,91,t,0.1824
SARS-CoV2-5UTR-Amplicon-short-trimmed,92,t,0.2281
SARS-CoV2-5UTR-Amplicon-short-trimmed,93,a,0.2509
SARS-CoV2-5UTR-Amplicon-short-trimmed,94,c,0.3418
SARS-CoV2-5UTR-Amplicon-short-trimmed,95,t,0.2506
SARS-CoV2-5UTR-Amplicon-short-trimmed,96,g,0.1139
SARS-CoV2-5UTR-Amplicon-short-trimmed,97,t,0.0683
SARS-CoV2-5UTR-Amplicon-short-trimmed,98,c,0.4552
SARS-CoV2-5UTR-Amplicon-short-trimmed,99,g,0.5009
SARS-CoV2-5UTR-Amplicon-short-trimmed,100,t,0.2506
SARS-CoV2-5UTR-Amplicon-short-trimmed,101,t,0.1821
SARS-CoV2-5UTR-Amplicon-short-trimmed,102,g,0.7509
SARS-CoV2-5UTR-Amplicon-short-trimmed,103,a,0.1138
SARS-CoV2-5UTR-Amplicon-short-trimmed,104,c,0.1147
SARS-CoV2-5UTR-Amplicon-short-trimmed,105,a,0.4128
SARS-CoV2-5UTR-Amplicon-short-trimmed,106,g,0.9633
SARS-CoV2-5UTR-Amplicon-short-trimmed,107,g,0.7353
SARS-CoV2-5UTR-Amplicon-short-trimmed,108,a,0.4366
SARS-CoV2-5UTR-Amplicon-short-trimmed,109,c,0.5516
SARS-CoV2-5UTR-Amplicon-short-trimmed,110,a,1.5621
SARS-CoV2-5UTR-Amplicon-short-trimmed,111,c,0.4133
SARS-CoV2-5UTR-Amplicon-short-trimmed,112,g,1.9509
SARS-CoV2-5UTR-Amplicon-short-trimmed,113,a,1.1228
SARS-CoV2-5UTR-Amplicon-short-trimmed,114,g,0.4717
SARS-CoV2-5UTR-Amplicon-short-trimmed,115,t,0.5391
SARS-CoV2-5UTR-Amplicon-short-trimmed,116,a,0.6063
SARS-CoV2-5UTR-Amplicon-short-trimmed,117,a,0.1797
SARS-CoV2-5UTR-Amplicon-short-trimmed,118,c,0.2021
SARS-CoV2-5UTR-Amplicon-short-trimmed,119,t,0.1346
SARS-CoV2-5UTR-Amplicon-short-trimmed,120,c,0.7848
SARS-CoV2-5UTR-Amplicon-short-trimmed,121,g,0.3813
SARS-CoV2-5UTR-Amplicon-short-trimmed,122,t,0.4033
SARS-CoV2-5UTR-Amplicon-short-trimmed,123,c,0.6498
SARS-CoV2-5UTR-Amplicon-short-trimmed,124,t,1.0307
SARS-CoV2-5UTR-Amplicon-short-trimmed,125,a,0.6271
SARS-CoV2-5UTR-Amplicon-short-trimmed,126,t,0.2911
SARS-CoV2-5UTR-Amplicon-short-trimmed,127,c,0.3806
SARS-CoV2-5UTR-Amplicon-short-trimmed,128,t,0.4477
SARS-CoV2-5UTR-Amplicon-short-trimmed,129,t,0.3133
SARS-CoV2-5UTR-Amplicon-short-trimmed,130,c,0.4253
SARS-CoV2-5UTR-Amplicon-short-trimmed,131,t,0.1791
SARS-CoV2-5UTR-Amplicon-short-trimmed,132,g,0.3805
SARS-CoV2-5UTR-Amplicon-short-trimmed,133,c,0.4696
SARS-CoV2-5UTR-Amplicon-short-trimmed,134,a,0.2683
SARS-CoV2-5UTR-Amplicon-short-trimmed,135,g,0.2889
SARS-CoV2-5UTR-Amplicon-short-trimmed,136,g,0.1332
SARS-CoV2-5UTR-Amplicon-short-trimmed,137,c,0.3324
SARS-CoV2-5UTR-Amplicon-short-trimmed,138,t,0.3763
SARS-CoV2-5UTR-Amplicon-short-trimmed,139,g,0.1328
SARS-CoV2-5UTR-Amplicon-short-trimmed,140,c,0.3099
SARS-CoV2-5UTR-Amplicon-short-trimmed,141,t,0.5991
SARS-CoV2-5UTR-Amplicon-short-trimmed,142,t,0.4881
SARS-CoV2-5UTR-Amplicon-short-trimmed,143,a,0.4881
SARS-CoV2-5UTR-Amplicon-short-trimmed,144,c,0.3106
SARS-CoV2-5UTR-Amplicon-short-trimmed,145,g,0.5104
SARS-CoV2-5UTR-Amplicon-short-trimmed,146,g,0.1997
SARS-CoV2-5UTR-Amplicon-short-trimmed,147,t,0.4659
SARS-CoV2-5UTR-Amplicon-short-trimmed,148,t,0.1553
SARS-CoV2-5UTR-Amplicon-short-trimmed,149,t,0.2662
SARS-CoV2-5UTR-Amplicon-short-trimmed,150,c,0.8429
SARS-CoV2-5UTR-Amplicon-short-trimmed,151,g,0.3549
SARS-CoV2-5UTR-Amplicon-short-trimmed,152,t,0.1331
SARS-CoV2-5UTR-Amplicon-short-trimmed,153,c,0.5766
SARS-CoV2-5UTR-Amplicon-short-trimmed,154,c,0.5323
SARS-CoV2-5UTR-Amplicon-short-trimmed,155,g,0.3328
SARS-CoV2-5UTR-Amplicon-short-trimmed,156,t,1.9081
SARS-CoV2-5UTR-Amplicon-short-trimmed,157,g,0.4438
SARS-CoV2-5UTR-Amplicon-short-trimmed,158,t,0.4217
SARS-CoV2-5UTR-Amplicon-short-trimmed,159,t,0.9321
SARS-CoV2-5UTR-Amplicon-short-trimmed,160,g,0.3311
SARS-CoV2-5UTR-Amplicon-short-trimmed,161,c,0.64
SARS-CoV2-5UTR-Amplicon-short-trimmed,162,a,0.3752
SARS-CoV2-5UTR-Amplicon-short-trimmed,163,g,0.1985
SARS-CoV2-5UTR-Amplicon-short-trimmed,164,c,0.2868
SARS-CoV2-5UTR-Amplicon-short-trimmed,165,c,0.4637
SARS-CoV2-5UTR-Amplicon-short-trimmed,166,g,0.9302
SARS-CoV2-5UTR-Amplicon-short-trimmed,167,a,0.2437
SARS-CoV2-5UTR-Amplicon-short-trimmed,168,t,0.3547
SARS-CoV2-5UTR-Amplicon-short-trimmed,169,c,1.1532
SARS-CoV2-5UTR-Amplicon-short-trimmed,170,a,1.9743
SARS-CoV2-5UTR-Amplicon-short-trimmed,171,t,0.1996
SARS-CoV2-5UTR-Amplicon-short-trimmed,172,c,1.8855
SARS-CoV2-5UTR-Amplicon-short-trimmed,173,a,3.3252
SARS-CoV2-5UTR-Amplicon-short-trimmed,174,g,3.4139
SARS-CoV2-5UTR-Amplicon-short-trimmed,175,c,0.5543
SARS-CoV2-5UTR-Amplicon-short-trimmed,176,a,1.2641
SARS-CoV2-5UTR-Amplicon-short-trimmed,177,c,0.3102
SARS-CoV2-5UTR-Amplicon-short-trimmed,178,a,0.7311
SARS-CoV2-5UTR-Amplicon-short-trimmed,179,t,0.4654
SARS-CoV2-5UTR-Amplicon-short-trimmed,180,c,1.219
SARS-CoV2-5UTR-Amplicon-short-trimmed,181,t,0.7759
SARS-CoV2-5UTR-Amplicon-short-trimmed,182,a,0.7537
SARS-CoV2-5UTR-Amplicon-short-trimmed,183,g,0.6207
SARS-CoV2-5UTR-Amplicon-short-trimmed,184,g,0.3769
SARS-CoV2-5UTR-Amplicon-short-trimmed,185,t,0.4872
SARS-CoV2-5UTR-Amplicon-short-trimmed,186,t,0.31
SARS-CoV2-5UTR-Amplicon-short-trimmed,187,t,0.4652
SARS-CoV2-5UTR-Amplicon-short-trimmed,188,c,0.7314
SARS-CoV2-5UTR-Amplicon-short-trimmed,189,g,0.1773
SARS-CoV2-5UTR-Amplicon-short-trimmed,190,t,0.1552
SARS-CoV2-5UTR-Amplicon-short-trimmed,191,c,0.3106
SARS-CoV2-5UTR-Amplicon-short-trimmed,192,c,0.4217
SARS-CoV2-5UTR-Amplicon-short-trimmed,193,g,0.6881
SARS-CoV2-5UTR-Amplicon-short-trimmed,194,g,0.2003
SARS-CoV2-5UTR-Amplicon-short-trimmed,195,g,0.6901
SARS-CoV2-5UTR-Amplicon-short-trimmed,196,t,0.5807
SARS-CoV2-5UTR-Amplicon-short-trimmed,197,g,0.1564
SARS-CoV2-5UTR-Amplicon-short-trimmed,198,t,0.4245
SARS-CoV2-5UTR-Amplicon-short-trimmed,199,g,0.5363
SARS-CoV2-5UTR-Amplicon-short-trimmed,200,a,0.425
SARS-CoV2-5UTR-Amplicon-short-trimmed,201,c,0.3132
SARS-CoV2-5UTR-Amplicon-short-trimmed,202,c,0.4474
SARS-CoV2-5UTR-Amplicon-short-trimmed,203,g,0.8505
SARS-CoV2-5UTR-Amplicon-short-trimmed,204,a,0.7165
SARS-CoV2-5UTR-Amplicon-short-trimmed,205,a,0.3135
SARS-CoV2-5UTR-Amplicon-short-trimmed,206,a,0.4479
SARS-CoV2-5UTR-Amplicon-short-trimmed,207,g,0.5599
SARS-CoV2-5UTR-Amplicon-short-trimmed,208,g,0.2912
SARS-CoV2-5UTR-Amplicon-short-trimmed,209,t,0.672
SARS-CoV2-5UTR-Amplicon-short-trimmed,210,a,0.6496
SARS-CoV2-5UTR-Amplicon-short-trimmed,211,a,0.336
SARS-CoV2-5UTR-Amplicon-short-trimmed,212,g,0.56
SARS-CoV2-5UTR-Amplicon-short-trimmed,213,a,0.4929
SARS-CoV2-5UTR-Amplicon-short-trimmed,214,t,0.2689
SARS-CoV2-5UTR-Amplicon-short-trimmed,215,g,0.4934
SARS-CoV2-5UTR-Amplicon-short-trimmed,216,g,0.314
SARS-CoV2-5UTR-Amplicon-short-trimmed,217,a,0.2243
SARS-CoV2-5UTR-Amplicon-short-trimmed,218,g,0.3813
SARS-CoV2-5UTR-Amplicon-short-trimmed,219,a,0.1571
SARS-CoV2-5UTR-Amplicon-short-trimmed,220,g,0.4044
SARS-CoV2-5UTR-Amplicon-short-trimmed,221,c,0.4719
SARS-CoV2-5UTR-Amplicon-short-trimmed,222,c,0.4045
SARS-CoV2-5UTR-Amplicon-short-trimmed,223,t,0.7193
SARS-CoV2-5UTR-Amplicon-short-trimmed,224,t,0.2473
SARS-CoV2-5UTR-Amplicon-short-trimmed,225,g,0.2248
SARS-CoV2-5UTR-Amplicon-short-trimmed,226,t,0.4721
SARS-CoV2-5UTR-Amplicon-short-trimmed,227,c,1.1476
SARS-CoV2-5UTR-Amplicon-short-trimmed,228,c,0.1801
SARS-CoV2-5UTR-Amplicon-short-trimmed,229,c,0.2477
SARS-CoV2-5UTR-Amplicon-short-trimmed,230,t,0.2929
SARS-CoV2-5UTR-Amplicon-short-trimmed,231,g,0.7665
SARS-CoV2-5UTR-Amplicon-short-trimmed,232,g,0.2931
SARS-CoV2-5UTR-Amplicon-short-trimmed,233,t,0.1803
SARS-CoV2-5UTR-Amplicon-short-trimmed,234,t,0.0676
SARS-CoV2-5UTR-Amplicon-short-trimmed,235,t,0.068
SARS-CoV2-5UTR-Amplicon-short-trimmed,236,c,0.5458
SARS-CoV2-5UTR-Amplicon-short-trimmed,237,a,0.3641
SARS-CoV2-5UTR-Amplicon-short-trimmed,238,a,0.0228
SARS-CoV2-5UTR-Amplicon-short-trimmed,239,c,0
SARS-CoV2-5UTR-Amplicon-short-trimmed,240,g,0.274
SARS-CoV2-5UTR-Amplicon-short-trimmed,241,a,0
SARS-CoV2-5UTR-Amplicon-short-trimmed,242,g,0
SARS-CoV2-5UTR-Amplicon-short-trimmed,243,g,0
