Region,Position,Ref_base,Mut_percentage
SARS-CoV2-5UTR-Amplicon-short-trimmed,1,t,0
SARS-CoV2-5UTR-Amplicon-short-trimmed,2,a,0
SARS-CoV2-5UTR-Amplicon-short-trimmed,3,g,0
SARS-CoV2-5UTR-Amplicon-short-trimmed,4,a,0.0286
SARS-CoV2-5UTR-Amplicon-short-trimmed,5,t,0.143
SARS-CoV2-5UTR-Amplicon-short-trimmed,6,c,0.4571
SARS-CoV2-5UTR-Amplicon-short-trimmed,7,t,0.1136
SARS-CoV2-5UTR-Amplicon-short-trimmed,8,g,0.6239
SARS-CoV2-5UTR-Amplicon-short-trimmed,9,t,1.2168
SARS-CoV2-5UTR-Amplicon-short-trimmed,10,t,0.4521
SARS-CoV2-5UTR-Amplicon-short-trimmed,11,c,0.904
SARS-CoV2-5UTR-Amplicon-short-trimmed,12,t,0.1693
SARS-CoV2-5UTR-Amplicon-short-trimmed,13,c,0.8745
SARS-CoV2-5UTR-Amplicon-short-trimmed,14,t,0.4791
SARS-CoV2-5UTR-Amplicon-short-trimmed,15,a,4.0776
SARS-CoV2-5UTR-Amplicon-short-trimmed,16,a,0.0843
SARS-CoV2-5UTR-Amplicon-short-trimmed,17,a,0.0562
SARS-CoV2-5UTR-Amplicon-short-trimmed,18,c,0.1967
SARS-CoV2-5UTR-Amplicon-short-trimmed,19,g,0.8148
SARS-CoV2-5UTR-Amplicon-short-trimmed,20,a,0.3089
SARS-CoV2-5UTR-Amplicon-short-trimmed,21,a,0.1965
SARS-CoV2-5UTR-Amplicon-short-trimmed,22,c,2.0763
SARS-CoV2-5UTR-Amplicon-short-trimmed,23,t,0.5048
SARS-CoV2-5UTR-Amplicon-short-trimmed,24,t,0.1122
SARS-CoV2-5UTR-Amplicon-short-trimmed,25,t,0.1402
SARS-CoV2-5UTR-Amplicon-short-trimmed,26,a,0.4205
SARS-CoV2-5UTR-Amplicon-short-trimmed,27,a,0.1121
SARS-CoV2-5UTR-Amplicon-short-trimmed,28,a,0.056
SARS-CoV2-5UTR-Amplicon-short-trimmed,29,a,0.168
SARS-CoV2-5UTR-Amplicon-short-trimmed,30,t,0.196
SARS-CoV2-5UTR-Amplicon-short-trimmed,31,c,0.28
SARS-CoV2-5UTR-Amplicon-short-trimmed,32,t,0.28
SARS-CoV2-5UTR-Amplicon-short-trimmed,33,g,0.168
SARS-CoV2-5UTR-Amplicon-short-trimmed,34,t,0.168
SARS-CoV2-5UTR-Amplicon-short-trimmed,35,g,0
SARS-CoV2-5UTR-Amplicon-short-trimmed,36,t,0.364
SARS-CoV2-5UTR-Amplicon-short-trimmed,37,g,0.168
SARS-CoV2-5UTR-Amplicon-short-trimmed,38,g,0.28
SARS-CoV2-5UTR-Amplicon-short-trimmed,39,c,0.1399
SARS-CoV2-5UTR-Amplicon-short-trimmed,40,t,0.3638
SARS-CoV2-5UTR-Amplicon-short-trimmed,41,g,0.3638
SARS-CoV2-5UTR-Amplicon-short-trimmed,42,t,0.3358
SARS-CoV2-5UTR-Amplicon-short-trimmed,43,c,0.1959
SARS-CoV2-5UTR-Amplicon-short-trimmed,44,a,0.4197
SARS-CoV2-5UTR-Amplicon-short-trimmed,45,c,0.2798
SARS-CoV2-5UTR-Amplicon-short-trimmed,46,t,0.1679
SARS-CoV2-5UTR-Amplicon-short-trimmed,47,c,0.6997
SARS-CoV2-5UTR-Amplicon-short-trimmed,48,g,0.3359
SARS-CoV2-5UTR-Amplicon-short-trimmed,49,g,0.4201
SARS-CoV2-5UTR-Amplicon-short-trimmed,50,c,0.1949
SARS-CoV2-5UTR-Amplicon-short-trimmed,51,t,0.4456
SARS-CoV2-5UTR-Amplicon-short-trimmed,52,g,0.6126
SARS-CoV2-5UTR-Amplicon-short-trimmed,53,c,0.5291
SARS-CoV2-5UTR-Amplicon-short-trimmed,54,g,0.2785
SARS-CoV2-5UTR-Amplicon-short-trimmed,55,t,0.2783
SARS-CoV2-5UTR-Amplicon-short-trimmed,56,g,0.167
SARS-CoV2-5UTR-Amplicon-short-trimmed,57,c,0.6958
SARS-CoV2-5UTR-Amplicon-short-trimmed,58,t,0.6401
SARS-CoV2-5UTR-Amplicon-short-trimmed,59,t,0.7793
SARS-CoV2-5UTR-Amplicon-short-trimmed,60,a,0.4175
SARS-CoV2-5UTR-Amplicon-short-trimmed,61,g,0.3062
SARS-CoV2-5UTR-Amplicon-short-trimmed,62,t,0.167
SARS-CoV2-5UTR-Amplicon-short-trimmed,63,g,0.1948
SARS-CoV2-5UTR-Amplicon-short-trimmed,64,c,0.2783
SARS-CoV2-5UTR-Amplicon-short-trimmed,65,a,0.167
SARS-CoV2-5UTR-Amplicon-short-trimmed,66,c,0.334
SARS-CoV2-5UTR-Amplicon-short-trimmed,67,t,0.1948
SARS-CoV2-5UTR-Amplicon-short-trimmed,68,c,0.501
SARS-CoV2-5UTR-Amplicon-short-trimmed,69,a,0.1392
SARS-CoV2-5UTR-Amplicon-short-trimmed,70,c,0.167
SARS-CoV2-5UTR-Amplicon-short-trimmed,71,g,0.3618
SARS-CoV2-5UTR-Amplicon-short-trimmed,72,c,0.1669
SARS-CoV2-5UTR-Amplicon-short-trimmed,73,a,0.2504
SARS-CoV2-5UTR-Amplicon-short-trimmed,74,g,0.473
SARS-CoV2-5UTR-Amplicon-short-trimmed,75,t,0.5039
SARS-CoV2-5UTR-Amplicon-short-trimmed,76,a,0.308
SARS-CoV2-5UTR-Amplicon-short-trimmed,77,t,0.1955
SARS-CoV2-5UTR-Amplicon-short-trimmed,78,a,0.2235
SARS-CoV2-5UTR-Amplicon-short-trimmed,79,a,0.0559
SARS-CoV2-5UTR-Amplicon-short-trimmed,80,t,0.1676
SARS-CoV2-5UTR-Amplicon-short-trimmed,81,t,0.4749
SARS-CoV2-5UTR-Amplicon-short-trimmed,82,a,0.2793
SARS-CoV2-5UTR-Amplicon-short-trimmed,83,a,0.3073
SARS-CoV2-5UTR-Amplicon-short-trimmed,84,t,0.2514
SARS-CoV2-5UTR-Amplicon-short-trimmed,85,a,0.3911
SARS-CoV2-5UTR-Amplicon-short-trimmed,86,a,0.2235
SARS-CoV2-5UTR-Amplicon-short-trimmed,87,c,0.391
SARS-CoV2-5UTR-Amplicon-short-trimmed,88,t,0.2513
SARS-CoV2-5UTR-Amplicon-short-trimmed,89,a,0.2234
SARS-CoV2-5UTR-Amplicon-short-trimmed,90,a,0.1396
SARS-CoV2-5UTR-Amplicon-short-trimmed,91,t,0.1396
SARS-CoV2-5UTR-Amplicon-short-trimmed,92,t,0.1675
SARS-CoV2-5UTR-Amplicon-short-trimmed,93,a,0.2233
SARS-CoV2-5UTR-Amplicon-short-trimmed,94,c,0.2232
SARS-CoV2-5UTR-Amplicon-short-trimmed,95,t,0.3069
SARS-CoV2-5UTR-Amplicon-short-trimmed,96,g,0.2511
SARS-CoV2-5UTR-Amplicon-short-trimmed,97,t,0.1949
SARS-CoV2-5UTR-Amplicon-short-trimmed,98,c,0.362
SARS-CoV2-5UTR-Amplicon-short-trimmed,99,g,0.5569
SARS-CoV2-5UTR-Amplicon-short-trimmed,100,t,0.3063
SARS-CoV2-5UTR-Amplicon-short-trimmed,101,t,0.2227
SARS-CoV2-5UTR-Amplicon-short-trimmed,102,g,0.7506
SARS-CoV2-5UTR-Amplicon-short-trimmed,103,a,0.139
SARS-CoV2-5UTR-Amplicon-short-trimmed,104,c,0.2502
SARS-CoV2-5UTR-Amplicon-short-trimmed,105,a,0.278
SARS-CoV2-5UTR-Amplicon-short-trimmed,106,g,0.9452
SARS-CoV2-5UTR-Amplicon-short-trimmed,107,g,1.0017
SARS-CoV2-5UTR-Amplicon-short-trimmed,108,a,0.7232
SARS-CoV2-5UTR-Amplicon-short-trimmed,109,c,1.1127
SARS-CoV2-5UTR-Amplicon-short-trimmed,110,a,3.4742
SARS-CoV2-5UTR-Amplicon-short-trimmed,111,c,0.6115
SARS-CoV2-5UTR-Amplicon-short-trimmed,112,g,2.2809
SARS-CoV2-5UTR-Amplicon-short-trimmed,113,a,1.3629
SARS-CoV2-5UTR-Amplicon-short-trimmed,114,g,0.5047
SARS-CoV2-5UTR-Amplicon-short-trimmed,115,t,0.6813
SARS-CoV2-5UTR-Amplicon-short-trimmed,116,a,0.6818
SARS-CoV2-5UTR-Amplicon-short-trimmed,117,a,0.2523
SARS-CoV2-5UTR-Amplicon-short-trimmed,118,c,0.1765
SARS-CoV2-5UTR-Amplicon-short-trimmed,119,t,0.252
SARS-CoV2-5UTR-Amplicon-short-trimmed,120,c,0.7053
SARS-CoV2-5UTR-Amplicon-short-trimmed,121,g,0.3777
SARS-CoV2-5UTR-Amplicon-short-trimmed,122,t,0.478
SARS-CoV2-5UTR-Amplicon-short-trimmed,123,c,0.7044
SARS-CoV2-5UTR-Amplicon-short-trimmed,124,t,0.9054
SARS-CoV2-5UTR-Amplicon-short-trimmed,125,a,0.7545
SARS-CoV2-5UTR-Amplicon-short-trimmed,126,t,0.377
SARS-CoV2-5UTR-Amplicon-short-trimmed,127,c,0.7035
SARS-CoV2-5UTR-Amplicon-short-trimmed,128,t,0.4521
SARS-CoV2-5UTR-Amplicon-short-trimmed,129,t,0.2261
SARS-CoV2-5UTR-Amplicon-short-trimmed,130,c,0.3266
SARS-CoV2-5UTR-Amplicon-short-trimmed,131,t,0.1507
SARS-CoV2-5UTR-Amplicon-short-trimmed,132,g,0.3517
SARS-CoV2-5UTR-Amplicon-short-trimmed,133,c,0.201
SARS-CoV2-5UTR-Amplicon-short-trimmed,134,a,0.3265
SARS-CoV2-5UTR-Amplicon-short-trimmed,135,g,0.3698
SARS-CoV2-5UTR-Amplicon-short-trimmed,136,g,0.1971
SARS-CoV2-5UTR-Amplicon-short-trimmed,137,c,0.2957
SARS-CoV2-5UTR-Amplicon-short-trimmed,138,t,0.4189
SARS-CoV2-5UTR-Amplicon-short-trimmed,139,g,0.5419
SARS-CoV2-5UTR-Amplicon-short-trimmed,140,c,0.1724
SARS-CoV2-5UTR-Amplicon-short-trimmed,141,t,0.7141
SARS-CoV2-5UTR-Amplicon-short-trimmed,142,t,0.3447
SARS-CoV2-5UTR-Amplicon-short-trimmed,143,a,0.2955
SARS-CoV2-5UTR-Amplicon-short-trimmed,144,c,0.4679
SARS-CoV2-5UTR-Amplicon-short-trimmed,145,g,0.394
SARS-CoV2-5UTR-Amplicon-short-trimmed,146,g,0.3694
SARS-CoV2-5UTR-Amplicon-short-trimmed,147,t,0.4186
SARS-CoV2-5UTR-Amplicon-short-trimmed,148,t,0.1478
SARS-CoV2-5UTR-Amplicon-short-trimmed,149,t,0.3695
SARS-CoV2-5UTR-Amplicon-short-trimmed,150,c,1.5764
SARS-CoV2-5UTR-Amplicon-short-trimmed,151,g,0.2709
SARS-CoV2-5UTR-Amplicon-short-trimmed,152,t,0.468
SARS-CoV2-5UTR-Amplicon-short-trimmed,153,c,0.8128
SARS-CoV2-5UTR-Amplicon-short-trimmed,154,c,0.6654
SARS-CoV2-5UTR-Amplicon-short-trimmed,155,g,0.5175
SARS-CoV2-5UTR-Amplicon-short-trimmed,156,t,1.3307
SARS-CoV2-5UTR-Amplicon-short-trimmed,157,g,0.7146
SARS-CoV2-5UTR-Amplicon-short-trimmed,158,t,0.4927
SARS-CoV2-5UTR-Amplicon-short-trimmed,159,t,0.7637
SARS-CoV2-5UTR-Amplicon-short-trimmed,160,g,0.5084
SARS-CoV2-5UTR-Amplicon-short-trimmed,161,c,0.6294
SARS-CoV2-5UTR-Amplicon-short-trimmed,162,a,0.4841
SARS-CoV2-5UTR-Amplicon-short-trimmed,163,g,0.3872
SARS-CoV2-5UTR-Amplicon-short-trimmed,164,c,0.4355
SARS-CoV2-5UTR-Amplicon-short-trimmed,165,c,0.5081
SARS-CoV2-5UTR-Amplicon-short-trimmed,166,g,1.1608
SARS-CoV2-5UTR-Amplicon-short-trimmed,167,a,0.3869
SARS-CoV2-5UTR-Amplicon-short-trimmed,168,t,0.2902
SARS-CoV2-5UTR-Amplicon-short-trimmed,169,c,1.3304
SARS-CoV2-5UTR-Amplicon-short-trimmed,170,a,2.3464
SARS-CoV2-5UTR-Amplicon-short-trimmed,171,t,0.2419
SARS-CoV2-5UTR-Amplicon-short-trimmed,172,c,2.2018
SARS-CoV2-5UTR-Amplicon-short-trimmed,173,a,3.9932
SARS-CoV2-5UTR-Amplicon-short-trimmed,174,g,4.1384
SARS-CoV2-5UTR-Amplicon-short-trimmed,175,c,0.4597
SARS-CoV2-5UTR-Amplicon-short-trimmed,176,a,1.4763
SARS-CoV2-5UTR-Amplicon-short-trimmed,177,c,0.3852
SARS-CoV2-5UTR-Amplicon-short-trimmed,178,a,0.7463
SARS-CoV2-5UTR-Amplicon-short-trimmed,179,t,0.4092
SARS-CoV2-5UTR-Amplicon-short-trimmed,180,c,1.0351
SARS-CoV2-5UTR-Amplicon-short-trimmed,181,t,0.987
SARS-CoV2-5UTR-Amplicon-short-trimmed,182,a,0.5778
SARS-CoV2-5UTR-Amplicon-short-trimmed,183,g,0.5538
SARS-CoV2-5UTR-Amplicon-short-trimmed,184,g,0.2889
SARS-CoV2-5UTR-Amplicon-short-trimmed,185,t,0.5277
SARS-CoV2-5UTR-Amplicon-short-trimmed,186,t,0.3599
SARS-CoV2-5UTR-Amplicon-short-trimmed,187,t,0.384
SARS-CoV2-5UTR-Amplicon-short-trimmed,188,c,0.6241
SARS-CoV2-5UTR-Amplicon-short-trimmed,189,g,0.096
SARS-CoV2-5UTR-Amplicon-short-trimmed,190,t,0.24
SARS-CoV2-5UTR-Amplicon-short-trimmed,191,c,0.6001
SARS-CoV2-5UTR-Amplicon-short-trimmed,192,c,0.3601
SARS-CoV2-5UTR-Amplicon-short-trimmed,193,g,0.6724
SARS-CoV2-5UTR-Amplicon-short-trimmed,194,g,0.3864
SARS-CoV2-5UTR-Amplicon-short-trimmed,195,g,0.6279
SARS-CoV2-5UTR-Amplicon-short-trimmed,196,t,0.628
SARS-CoV2-5UTR-Amplicon-short-trimmed,197,g,0.2415
SARS-CoV2-5UTR-Amplicon-short-trimmed,198,t,0.3382
SARS-CoV2-5UTR-Amplicon-short-trimmed,199,g,0.6763
SARS-CoV2-5UTR-Amplicon-short-trimmed,200,a,0.4831
SARS-CoV2-5UTR-Amplicon-short-trimmed,201,c,0.4349
SARS-CoV2-5UTR-Amplicon-short-trimmed,202,c,0.6282
SARS-CoV2-5UTR-Amplicon-short-trimmed,203,g,0.7973
SARS-CoV2-5UTR-Amplicon-short-trimmed,204,a,0.6767
SARS-CoV2-5UTR-Amplicon-short-trimmed,205,a,0.2417
SARS-CoV2-5UTR-Amplicon-short-trimmed,206,a,0.5075
SARS-CoV2-5UTR-Amplicon-short-trimmed,207,g,0.4833
SARS-CoV2-5UTR-Amplicon-short-trimmed,208,g,0.29
SARS-CoV2-5UTR-Amplicon-short-trimmed,209,t,0.556
SARS-CoV2-5UTR-Amplicon-short-trimmed,210,a,1.0636
SARS-CoV2-5UTR-Amplicon-short-trimmed,211,a,0.4593
SARS-CoV2-5UTR-Amplicon-short-trimmed,212,g,0.4351
SARS-CoV2-5UTR-Amplicon-short-trimmed,213,a,0.2417
SARS-CoV2-5UTR-Amplicon-short-trimmed,214,t,0.2659
SARS-CoV2-5UTR-Amplicon-short-trimmed,215,g,0.4352
SARS-CoV2-5UTR-Amplicon-short-trimmed,216,g,0.2901
SARS-CoV2-5UTR-Amplicon-short-trimmed,217,a,0.2901
SARS-CoV2-5UTR-Amplicon-short-trimmed,218,g,0.4837
SARS-CoV2-5UTR-Amplicon-short-trimmed,219,a,0.1693
SARS-CoV2-5UTR-Amplicon-short-trimmed,220,g,0.3145
SARS-CoV2-5UTR-Amplicon-short-trimmed,221,c,0.3145
SARS-CoV2-5UTR-Amplicon-short-trimmed,222,c,0.3632
SARS-CoV2-5UTR-Amplicon-short-trimmed,223,t,0.5085
SARS-CoV2-5UTR-Amplicon-short-trimmed,224,t,0.1937
SARS-CoV2-5UTR-Amplicon-short-trimmed,225,g,0.339
SARS-CoV2-5UTR-Amplicon-short-trimmed,226,t,0.3633
SARS-CoV2-5UTR-Amplicon-short-trimmed,227,c,0.9692
SARS-CoV2-5UTR-Amplicon-short-trimmed,228,c,0.1696
SARS-CoV2-5UTR-Amplicon-short-trimmed,229,c,0.2423
SARS-CoV2-5UTR-Amplicon-short-trimmed,230,t,0.8004
SARS-CoV2-5UTR-Amplicon-short-trimmed,231,g,0.7522
SARS-CoV2-5UTR-Amplicon-short-trimmed,232,g,0.4854
SARS-CoV2-5UTR-Amplicon-short-trimmed,233,t,0.2185
SARS-CoV2-5UTR-Amplicon-short-trimmed,234,t,0.1214
SARS-CoV2-5UTR-Amplicon-short-trimmed,235,t,0.1459
SARS-CoV2-5UTR-Amplicon-short-trimmed,236,c,0.5118
SARS-CoV2-5UTR-Amplicon-short-trimmed,237,a,0.4389
SARS-CoV2-5UTR-Amplicon-short-trimmed,238,a,0.0732
SARS-CoV2-5UTR-Amplicon-short-trimmed,239,c,0.0488
SARS-CoV2-5UTR-Amplicon-short-trimmed,240,g,0.1957
SARS-CoV2-5UTR-Amplicon-short-trimmed,241,a,0
SARS-CoV2-5UTR-Amplicon-short-trimmed,242,g,0
SARS-CoV2-5UTR-Amplicon-short-trimmed,243,g,0
