Region,Position,Ref_base,Mut_percentage
SARS-CoV2-5UTR-Amplicon-short-trimmed,1,t,0
SARS-CoV2-5UTR-Amplicon-short-trimmed,2,a,0
SARS-CoV2-5UTR-Amplicon-short-trimmed,3,g,0
SARS-CoV2-5UTR-Amplicon-short-trimmed,4,a,0.132
SARS-CoV2-5UTR-Amplicon-short-trimmed,5,t,0.2638
SARS-CoV2-5UTR-Amplicon-short-trimmed,6,c,0.6319
SARS-CoV2-5UTR-Amplicon-short-trimmed,7,t,0.4447
SARS-CoV2-5UTR-Amplicon-short-trimmed,8,g,0.7051
SARS-CoV2-5UTR-Amplicon-short-trimmed,9,t,1.0943
SARS-CoV2-5UTR-Amplicon-short-trimmed,10,t,0.9613
SARS-CoV2-5UTR-Amplicon-short-trimmed,11,c,1.323
SARS-CoV2-5UTR-Amplicon-short-trimmed,12,t,0.4143
SARS-CoV2-5UTR-Amplicon-short-trimmed,13,c,1.5018
SARS-CoV2-5UTR-Amplicon-short-trimmed,14,t,0.931
SARS-CoV2-5UTR-Amplicon-short-trimmed,15,a,5.4968
SARS-CoV2-5UTR-Amplicon-short-trimmed,16,a,0.1288
SARS-CoV2-5UTR-Amplicon-short-trimmed,17,a,0.1803
SARS-CoV2-5UTR-Amplicon-short-trimmed,18,c,0.6438
SARS-CoV2-5UTR-Amplicon-short-trimmed,19,g,1.3381
SARS-CoV2-5UTR-Amplicon-short-trimmed,20,a,0.2315
SARS-CoV2-5UTR-Amplicon-short-trimmed,21,a,0.4628
SARS-CoV2-5UTR-Amplicon-short-trimmed,22,c,2.6478
SARS-CoV2-5UTR-Amplicon-short-trimmed,23,t,0.642
SARS-CoV2-5UTR-Amplicon-short-trimmed,24,t,0.3595
SARS-CoV2-5UTR-Amplicon-short-trimmed,25,t,0.4366
SARS-CoV2-5UTR-Amplicon-short-trimmed,26,a,0.8986
SARS-CoV2-5UTR-Amplicon-short-trimmed,27,a,0.4108
SARS-CoV2-5UTR-Amplicon-short-trimmed,28,a,0.3081
SARS-CoV2-5UTR-Amplicon-short-trimmed,29,a,0.4876
SARS-CoV2-5UTR-Amplicon-short-trimmed,30,t,1.0521
SARS-CoV2-5UTR-Amplicon-short-trimmed,31,c,1.1544
SARS-CoV2-5UTR-Amplicon-short-trimmed,32,t,0.5642
SARS-CoV2-5UTR-Amplicon-short-trimmed,33,g,0.6148
SARS-CoV2-5UTR-Amplicon-short-trimmed,34,t,0.4611
SARS-CoV2-5UTR-Amplicon-short-trimmed,35,g,0.4611
SARS-CoV2-5UTR-Amplicon-short-trimmed,36,t,0.4866
SARS-CoV2-5UTR-Amplicon-short-trimmed,37,g,0.5888
SARS-CoV2-5UTR-Amplicon-short-trimmed,38,g,0.5375
SARS-CoV2-5UTR-Amplicon-short-trimmed,39,c,0.7394
SARS-CoV2-5UTR-Amplicon-short-trimmed,40,t,0.7136
SARS-CoV2-5UTR-Amplicon-short-trimmed,41,g,0.4842
SARS-CoV2-5UTR-Amplicon-short-trimmed,42,t,0.5607
SARS-CoV2-5UTR-Amplicon-short-trimmed,43,c,0.79
SARS-CoV2-5UTR-Amplicon-short-trimmed,44,a,0.841
SARS-CoV2-5UTR-Amplicon-short-trimmed,45,c,0.841
SARS-CoV2-5UTR-Amplicon-short-trimmed,46,t,0.5607
SARS-CoV2-5UTR-Amplicon-short-trimmed,47,c,1.6815
SARS-CoV2-5UTR-Amplicon-short-trimmed,48,g,0.9679
SARS-CoV2-5UTR-Amplicon-short-trimmed,49,g,0.9424
SARS-CoV2-5UTR-Amplicon-short-trimmed,50,c,1.0335
SARS-CoV2-5UTR-Amplicon-short-trimmed,51,t,0.782
SARS-CoV2-5UTR-Amplicon-short-trimmed,52,g,0.9334
SARS-CoV2-5UTR-Amplicon-short-trimmed,53,c,1.337
SARS-CoV2-5UTR-Amplicon-short-trimmed,54,g,0.7818
SARS-CoV2-5UTR-Amplicon-short-trimmed,55,t,0.5796
SARS-CoV2-5UTR-Amplicon-short-trimmed,56,g,0.7812
SARS-CoV2-5UTR-Amplicon-short-trimmed,57,c,1.4365
SARS-CoV2-5UTR-Amplicon-short-trimmed,58,t,1.5621
SARS-CoV2-5UTR-Amplicon-short-trimmed,59,t,1.6377
SARS-CoV2-5UTR-Amplicon-short-trimmed,60,a,0.7055
SARS-CoV2-5UTR-Amplicon-short-trimmed,61,g,0.4535
SARS-CoV2-5UTR-Amplicon-short-trimmed,62,t,0.4031
SARS-CoV2-5UTR-Amplicon-short-trimmed,63,g,0.7055
SARS-CoV2-5UTR-Amplicon-short-trimmed,64,c,0.6804
SARS-CoV2-5UTR-Amplicon-short-trimmed,65,a,0.2772
SARS-CoV2-5UTR-Amplicon-short-trimmed,66,c,0.6299
SARS-CoV2-5UTR-Amplicon-short-trimmed,67,t,0.4535
SARS-CoV2-5UTR-Amplicon-short-trimmed,68,c,0.7305
SARS-CoV2-5UTR-Amplicon-short-trimmed,69,a,0.4534
SARS-CoV2-5UTR-Amplicon-short-trimmed,70,c,0.7559
SARS-CoV2-5UTR-Amplicon-short-trimmed,71,g,0.5539
SARS-CoV2-5UTR-Amplicon-short-trimmed,72,c,1.1329
SARS-CoV2-5UTR-Amplicon-short-trimmed,73,a,0.4533
SARS-CoV2-5UTR-Amplicon-short-trimmed,74,g,0.5283
SARS-CoV2-5UTR-Amplicon-short-trimmed,75,t,0.6547
SARS-CoV2-5UTR-Amplicon-short-trimmed,76,a,0.5037
SARS-CoV2-5UTR-Amplicon-short-trimmed,77,t,0.3755
SARS-CoV2-5UTR-Amplicon-short-trimmed,78,a,0.4255
SARS-CoV2-5UTR-Amplicon-short-trimmed,79,a,0.2753
SARS-CoV2-5UTR-Amplicon-short-trimmed,80,t,0.3002
SARS-CoV2-5UTR-Amplicon-short-trimmed,81,t,0.5253
SARS-CoV2-5UTR-Amplicon-short-trimmed,82,a,0.3252
SARS-CoV2-5UTR-Amplicon-short-trimmed,83,a,0.5753
SARS-CoV2-5UTR-Amplicon-short-trimmed,84,t,0.3002
SARS-CoV2-5UTR-Amplicon-short-trimmed,85,a,0.5003
SARS-CoV2-5UTR-Amplicon-short-trimmed,86,a,0.3754
SARS-CoV2-5UTR-Amplicon-short-trimmed,87,c,0.8008
SARS-CoV2-5UTR-Amplicon-short-trimmed,88,t,0.676
SARS-CoV2-5UTR-Amplicon-short-trimmed,89,a,0.3255
SARS-CoV2-5UTR-Amplicon-short-trimmed,90,a,0.2003
SARS-CoV2-5UTR-Amplicon-short-trimmed,91,t,0.2003
SARS-CoV2-5UTR-Amplicon-short-trimmed,92,t,0.2252
SARS-CoV2-5UTR-Amplicon-short-trimmed,93,a,0.5504
SARS-CoV2-5UTR-Amplicon-short-trimmed,94,c,0.8
SARS-CoV2-5UTR-Amplicon-short-trimmed,95,t,0.6748
SARS-CoV2-5UTR-Amplicon-short-trimmed,96,g,0.6503
SARS-CoV2-5UTR-Amplicon-short-trimmed,97,t,0.4001
SARS-CoV2-5UTR-Amplicon-short-trimmed,98,c,1.2
SARS-CoV2-5UTR-Amplicon-short-trimmed,99,g,0.8504
SARS-CoV2-5UTR-Amplicon-short-trimmed,100,t,0.3751
SARS-CoV2-5UTR-Amplicon-short-trimmed,101,t,0.3486
SARS-CoV2-5UTR-Amplicon-short-trimmed,102,g,0.9453
SARS-CoV2-5UTR-Amplicon-short-trimmed,103,a,0.6963
SARS-CoV2-5UTR-Amplicon-short-trimmed,104,c,0.8496
SARS-CoV2-5UTR-Amplicon-short-trimmed,105,a,0.7246
SARS-CoV2-5UTR-Amplicon-short-trimmed,106,g,1.4236
SARS-CoV2-5UTR-Amplicon-short-trimmed,107,g,1.2753
SARS-CoV2-5UTR-Amplicon-short-trimmed,108,a,1.0255
SARS-CoV2-5UTR-Amplicon-short-trimmed,109,c,1.4507
SARS-CoV2-5UTR-Amplicon-short-trimmed,110,a,1.7181
SARS-CoV2-5UTR-Amplicon-short-trimmed,111,c,1.0209
SARS-CoV2-5UTR-Amplicon-short-trimmed,112,g,2.0927
SARS-CoV2-5UTR-Amplicon-short-trimmed,113,a,1.6361
SARS-CoV2-5UTR-Amplicon-short-trimmed,114,g,0.7331
SARS-CoV2-5UTR-Amplicon-short-trimmed,115,t,0.5623
SARS-CoV2-5UTR-Amplicon-short-trimmed,116,a,0.8798
SARS-CoV2-5UTR-Amplicon-short-trimmed,117,a,0.4639
SARS-CoV2-5UTR-Amplicon-short-trimmed,118,c,1.0007
SARS-CoV2-5UTR-Amplicon-short-trimmed,119,t,0.6332
SARS-CoV2-5UTR-Amplicon-short-trimmed,120,c,1.0219
SARS-CoV2-5UTR-Amplicon-short-trimmed,121,g,0.5595
SARS-CoV2-5UTR-Amplicon-short-trimmed,122,t,0.8751
SARS-CoV2-5UTR-Amplicon-short-trimmed,123,c,1.5553
SARS-CoV2-5UTR-Amplicon-short-trimmed,124,t,1.3366
SARS-CoV2-5UTR-Amplicon-short-trimmed,125,a,1.0698
SARS-CoV2-5UTR-Amplicon-short-trimmed,126,t,0.5829
SARS-CoV2-5UTR-Amplicon-short-trimmed,127,c,1.237
SARS-CoV2-5UTR-Amplicon-short-trimmed,128,t,0.8002
SARS-CoV2-5UTR-Amplicon-short-trimmed,129,t,0.5821
SARS-CoV2-5UTR-Amplicon-short-trimmed,130,c,1.0182
SARS-CoV2-5UTR-Amplicon-short-trimmed,131,t,0.4846
SARS-CoV2-5UTR-Amplicon-short-trimmed,132,g,0.7506
SARS-CoV2-5UTR-Amplicon-short-trimmed,133,c,0.9194
SARS-CoV2-5UTR-Amplicon-short-trimmed,134,a,0.4108
SARS-CoV2-5UTR-Amplicon-short-trimmed,135,g,0.4756
SARS-CoV2-5UTR-Amplicon-short-trimmed,136,g,0.3795
SARS-CoV2-5UTR-Amplicon-short-trimmed,137,c,0.5419
SARS-CoV2-5UTR-Amplicon-short-trimmed,138,t,0.7763
SARS-CoV2-5UTR-Amplicon-short-trimmed,139,g,0.541
SARS-CoV2-5UTR-Amplicon-short-trimmed,140,c,0.7059
SARS-CoV2-5UTR-Amplicon-short-trimmed,141,t,1.1064
SARS-CoV2-5UTR-Amplicon-short-trimmed,142,t,0.8945
SARS-CoV2-5UTR-Amplicon-short-trimmed,143,a,0.7533
SARS-CoV2-5UTR-Amplicon-short-trimmed,144,c,0.7062
SARS-CoV2-5UTR-Amplicon-short-trimmed,145,g,0.8704
SARS-CoV2-5UTR-Amplicon-short-trimmed,146,g,0.6819
SARS-CoV2-5UTR-Amplicon-short-trimmed,147,t,0.9636
SARS-CoV2-5UTR-Amplicon-short-trimmed,148,t,0.5403
SARS-CoV2-5UTR-Amplicon-short-trimmed,149,t,0.5867
SARS-CoV2-5UTR-Amplicon-short-trimmed,150,c,1.8775
SARS-CoV2-5UTR-Amplicon-short-trimmed,151,g,0.6337
SARS-CoV2-5UTR-Amplicon-short-trimmed,152,t,0.7514
SARS-CoV2-5UTR-Amplicon-short-trimmed,153,c,1.1505
SARS-CoV2-5UTR-Amplicon-short-trimmed,154,c,1.2911
SARS-CoV2-5UTR-Amplicon-short-trimmed,155,g,1.1033
SARS-CoV2-5UTR-Amplicon-short-trimmed,156,t,2.0413
SARS-CoV2-5UTR-Amplicon-short-trimmed,157,g,0.821
SARS-CoV2-5UTR-Amplicon-short-trimmed,158,t,0.5394
SARS-CoV2-5UTR-Amplicon-short-trimmed,159,t,0.7506
SARS-CoV2-5UTR-Amplicon-short-trimmed,160,g,0.603
SARS-CoV2-5UTR-Amplicon-short-trimmed,161,c,0.5567
SARS-CoV2-5UTR-Amplicon-short-trimmed,162,a,0.4175
SARS-CoV2-5UTR-Amplicon-short-trimmed,163,g,0.4407
SARS-CoV2-5UTR-Amplicon-short-trimmed,164,c,0.9283
SARS-CoV2-5UTR-Amplicon-short-trimmed,165,c,0.5572
SARS-CoV2-5UTR-Amplicon-short-trimmed,166,g,1.2082
SARS-CoV2-5UTR-Amplicon-short-trimmed,167,a,0.6041
SARS-CoV2-5UTR-Amplicon-short-trimmed,168,t,0.7438
SARS-CoV2-5UTR-Amplicon-short-trimmed,169,c,1.488
SARS-CoV2-5UTR-Amplicon-short-trimmed,170,a,2.489
SARS-CoV2-5UTR-Amplicon-short-trimmed,171,t,0.3955
SARS-CoV2-5UTR-Amplicon-short-trimmed,172,c,2.2563
SARS-CoV2-5UTR-Amplicon-short-trimmed,173,a,3.7201
SARS-CoV2-5UTR-Amplicon-short-trimmed,174,g,3.6727
SARS-CoV2-5UTR-Amplicon-short-trimmed,175,c,1.232
SARS-CoV2-5UTR-Amplicon-short-trimmed,176,a,2.093
SARS-CoV2-5UTR-Amplicon-short-trimmed,177,c,0.9057
SARS-CoV2-5UTR-Amplicon-short-trimmed,178,a,0.9522
SARS-CoV2-5UTR-Amplicon-short-trimmed,179,t,0.8132
SARS-CoV2-5UTR-Amplicon-short-trimmed,180,c,1.6264
SARS-CoV2-5UTR-Amplicon-short-trimmed,181,t,1.2782
SARS-CoV2-5UTR-Amplicon-short-trimmed,182,a,1.1155
SARS-CoV2-5UTR-Amplicon-short-trimmed,183,g,0.9763
SARS-CoV2-5UTR-Amplicon-short-trimmed,184,g,0.6278
SARS-CoV2-5UTR-Amplicon-short-trimmed,185,t,1.0668
SARS-CoV2-5UTR-Amplicon-short-trimmed,186,t,0.7423
SARS-CoV2-5UTR-Amplicon-short-trimmed,187,t,0.789
SARS-CoV2-5UTR-Amplicon-short-trimmed,188,c,1.5085
SARS-CoV2-5UTR-Amplicon-short-trimmed,189,g,0.8587
SARS-CoV2-5UTR-Amplicon-short-trimmed,190,t,0.5807
SARS-CoV2-5UTR-Amplicon-short-trimmed,191,c,1.5106
SARS-CoV2-5UTR-Amplicon-short-trimmed,192,c,1.3724
SARS-CoV2-5UTR-Amplicon-short-trimmed,193,g,1.0703
SARS-CoV2-5UTR-Amplicon-short-trimmed,194,g,0.6288
SARS-CoV2-5UTR-Amplicon-short-trimmed,195,g,0.7689
SARS-CoV2-5UTR-Amplicon-short-trimmed,196,t,0.732
SARS-CoV2-5UTR-Amplicon-short-trimmed,197,g,0.4252
SARS-CoV2-5UTR-Amplicon-short-trimmed,198,t,0.4252
SARS-CoV2-5UTR-Amplicon-short-trimmed,199,g,0.5198
SARS-CoV2-5UTR-Amplicon-short-trimmed,200,a,0.6627
SARS-CoV2-5UTR-Amplicon-short-trimmed,201,c,0.7339
SARS-CoV2-5UTR-Amplicon-short-trimmed,202,c,0.8523
SARS-CoV2-5UTR-Amplicon-short-trimmed,203,g,1.019
SARS-CoV2-5UTR-Amplicon-short-trimmed,204,a,0.9716
SARS-CoV2-5UTR-Amplicon-short-trimmed,205,a,0.2133
SARS-CoV2-5UTR-Amplicon-short-trimmed,206,a,0.5924
SARS-CoV2-5UTR-Amplicon-short-trimmed,207,g,0.6875
SARS-CoV2-5UTR-Amplicon-short-trimmed,208,g,0.3795
SARS-CoV2-5UTR-Amplicon-short-trimmed,209,t,0.4982
SARS-CoV2-5UTR-Amplicon-short-trimmed,210,a,1.234
SARS-CoV2-5UTR-Amplicon-short-trimmed,211,a,0.8068
SARS-CoV2-5UTR-Amplicon-short-trimmed,212,g,0.7596
SARS-CoV2-5UTR-Amplicon-short-trimmed,213,a,0.6173
SARS-CoV2-5UTR-Amplicon-short-trimmed,214,t,0.7603
SARS-CoV2-5UTR-Amplicon-short-trimmed,215,g,1.3549
SARS-CoV2-5UTR-Amplicon-short-trimmed,216,g,0.9275
SARS-CoV2-5UTR-Amplicon-short-trimmed,217,a,0.452
SARS-CoV2-5UTR-Amplicon-short-trimmed,218,g,0.4282
SARS-CoV2-5UTR-Amplicon-short-trimmed,219,a,0.1903
SARS-CoV2-5UTR-Amplicon-short-trimmed,220,g,1.0048
SARS-CoV2-5UTR-Amplicon-short-trimmed,221,c,0.9576
SARS-CoV2-5UTR-Amplicon-short-trimmed,222,c,1.0299
SARS-CoV2-5UTR-Amplicon-short-trimmed,223,t,0.8383
SARS-CoV2-5UTR-Amplicon-short-trimmed,224,t,0.4793
SARS-CoV2-5UTR-Amplicon-short-trimmed,225,g,0.4554
SARS-CoV2-5UTR-Amplicon-short-trimmed,226,t,0.7676
SARS-CoV2-5UTR-Amplicon-short-trimmed,227,c,1.3689
SARS-CoV2-5UTR-Amplicon-short-trimmed,228,c,0.6966
SARS-CoV2-5UTR-Amplicon-short-trimmed,229,c,0.8175
SARS-CoV2-5UTR-Amplicon-short-trimmed,230,t,0.8185
SARS-CoV2-5UTR-Amplicon-short-trimmed,231,g,1.9513
SARS-CoV2-5UTR-Amplicon-short-trimmed,232,g,0.7229
SARS-CoV2-5UTR-Amplicon-short-trimmed,233,t,0.4338
SARS-CoV2-5UTR-Amplicon-short-trimmed,234,t,0.2169
SARS-CoV2-5UTR-Amplicon-short-trimmed,235,t,0.3899
SARS-CoV2-5UTR-Amplicon-short-trimmed,236,c,1.3196
SARS-CoV2-5UTR-Amplicon-short-trimmed,237,a,0.5379
SARS-CoV2-5UTR-Amplicon-short-trimmed,238,a,0.1223
SARS-CoV2-5UTR-Amplicon-short-trimmed,239,c,0.2939
SARS-CoV2-5UTR-Amplicon-short-trimmed,240,g,0.3681
SARS-CoV2-5UTR-Amplicon-short-trimmed,241,a,0
SARS-CoV2-5UTR-Amplicon-short-trimmed,242,g,0
SARS-CoV2-5UTR-Amplicon-short-trimmed,243,g,0
