Region,Position,Ref_base,Mut_percentage
SARS-CoV2-5UTR-Amplicon-short-trimmed,1,t,0
SARS-CoV2-5UTR-Amplicon-short-trimmed,2,a,0
SARS-CoV2-5UTR-Amplicon-short-trimmed,3,g,0
SARS-CoV2-5UTR-Amplicon-short-trimmed,4,a,0.0558
SARS-CoV2-5UTR-Amplicon-short-trimmed,5,t,0.1115
SARS-CoV2-5UTR-Amplicon-short-trimmed,6,c,0.5295
SARS-CoV2-5UTR-Amplicon-short-trimmed,7,t,0.3324
SARS-CoV2-5UTR-Amplicon-short-trimmed,8,g,0.5531
SARS-CoV2-5UTR-Amplicon-short-trimmed,9,t,1.2697
SARS-CoV2-5UTR-Amplicon-short-trimmed,10,t,0.5241
SARS-CoV2-5UTR-Amplicon-short-trimmed,11,c,0.8549
SARS-CoV2-5UTR-Amplicon-short-trimmed,12,t,0.165
SARS-CoV2-5UTR-Amplicon-short-trimmed,13,c,0.8798
SARS-CoV2-5UTR-Amplicon-short-trimmed,14,t,0.4121
SARS-CoV2-5UTR-Amplicon-short-trimmed,15,a,4.5542
SARS-CoV2-5UTR-Amplicon-short-trimmed,16,a,0.2195
SARS-CoV2-5UTR-Amplicon-short-trimmed,17,a,0.2194
SARS-CoV2-5UTR-Amplicon-short-trimmed,18,c,0.3563
SARS-CoV2-5UTR-Amplicon-short-trimmed,19,g,0.9041
SARS-CoV2-5UTR-Amplicon-short-trimmed,20,a,0.2192
SARS-CoV2-5UTR-Amplicon-short-trimmed,21,a,0.2738
SARS-CoV2-5UTR-Amplicon-short-trimmed,22,c,3.2037
SARS-CoV2-5UTR-Amplicon-short-trimmed,23,t,0.3832
SARS-CoV2-5UTR-Amplicon-short-trimmed,24,t,0.2464
SARS-CoV2-5UTR-Amplicon-short-trimmed,25,t,0.1916
SARS-CoV2-5UTR-Amplicon-short-trimmed,26,a,0.5749
SARS-CoV2-5UTR-Amplicon-short-trimmed,27,a,0.2737
SARS-CoV2-5UTR-Amplicon-short-trimmed,28,a,0.3011
SARS-CoV2-5UTR-Amplicon-short-trimmed,29,a,0.219
SARS-CoV2-5UTR-Amplicon-short-trimmed,30,t,0.1642
SARS-CoV2-5UTR-Amplicon-short-trimmed,31,c,0.3284
SARS-CoV2-5UTR-Amplicon-short-trimmed,32,t,0.3831
SARS-CoV2-5UTR-Amplicon-short-trimmed,33,g,0.5746
SARS-CoV2-5UTR-Amplicon-short-trimmed,34,t,0.3556
SARS-CoV2-5UTR-Amplicon-short-trimmed,35,g,0.3282
SARS-CoV2-5UTR-Amplicon-short-trimmed,36,t,0.6291
SARS-CoV2-5UTR-Amplicon-short-trimmed,37,g,0.2735
SARS-CoV2-5UTR-Amplicon-short-trimmed,38,g,0.4923
SARS-CoV2-5UTR-Amplicon-short-trimmed,39,c,0.5739
SARS-CoV2-5UTR-Amplicon-short-trimmed,40,t,0.6013
SARS-CoV2-5UTR-Amplicon-short-trimmed,41,g,0.3826
SARS-CoV2-5UTR-Amplicon-short-trimmed,42,t,0.3826
SARS-CoV2-5UTR-Amplicon-short-trimmed,43,c,0.4373
SARS-CoV2-5UTR-Amplicon-short-trimmed,44,a,0.246
SARS-CoV2-5UTR-Amplicon-short-trimmed,45,c,0.6284
SARS-CoV2-5UTR-Amplicon-short-trimmed,46,t,0.3825
SARS-CoV2-5UTR-Amplicon-short-trimmed,47,c,1.0109
SARS-CoV2-5UTR-Amplicon-short-trimmed,48,g,0.2459
SARS-CoV2-5UTR-Amplicon-short-trimmed,49,g,0.6011
SARS-CoV2-5UTR-Amplicon-short-trimmed,50,c,0.3262
SARS-CoV2-5UTR-Amplicon-short-trimmed,51,t,0.4893
SARS-CoV2-5UTR-Amplicon-short-trimmed,52,g,0.4077
SARS-CoV2-5UTR-Amplicon-short-trimmed,53,c,0.5707
SARS-CoV2-5UTR-Amplicon-short-trimmed,54,g,0.1902
SARS-CoV2-5UTR-Amplicon-short-trimmed,55,t,0.5162
SARS-CoV2-5UTR-Amplicon-short-trimmed,56,g,0.2173
SARS-CoV2-5UTR-Amplicon-short-trimmed,57,c,0.7607
SARS-CoV2-5UTR-Amplicon-short-trimmed,58,t,0.5162
SARS-CoV2-5UTR-Amplicon-short-trimmed,59,t,0.5975
SARS-CoV2-5UTR-Amplicon-short-trimmed,60,a,0.2988
SARS-CoV2-5UTR-Amplicon-short-trimmed,61,g,0.1901
SARS-CoV2-5UTR-Amplicon-short-trimmed,62,t,0.2173
SARS-CoV2-5UTR-Amplicon-short-trimmed,63,g,0.1087
SARS-CoV2-5UTR-Amplicon-short-trimmed,64,c,0.5162
SARS-CoV2-5UTR-Amplicon-short-trimmed,65,a,0.2988
SARS-CoV2-5UTR-Amplicon-short-trimmed,66,c,0.2988
SARS-CoV2-5UTR-Amplicon-short-trimmed,67,t,0.0815
SARS-CoV2-5UTR-Amplicon-short-trimmed,68,c,0.4618
SARS-CoV2-5UTR-Amplicon-short-trimmed,69,a,0.3803
SARS-CoV2-5UTR-Amplicon-short-trimmed,70,c,0.5703
SARS-CoV2-5UTR-Amplicon-short-trimmed,71,g,0.3802
SARS-CoV2-5UTR-Amplicon-short-trimmed,72,c,0.3531
SARS-CoV2-5UTR-Amplicon-short-trimmed,73,a,0.1901
SARS-CoV2-5UTR-Amplicon-short-trimmed,74,g,0.3531
SARS-CoV2-5UTR-Amplicon-short-trimmed,75,t,0.4894
SARS-CoV2-5UTR-Amplicon-short-trimmed,76,a,0.3263
SARS-CoV2-5UTR-Amplicon-short-trimmed,77,t,0.2167
SARS-CoV2-5UTR-Amplicon-short-trimmed,78,a,0.1354
SARS-CoV2-5UTR-Amplicon-short-trimmed,79,a,0.1625
SARS-CoV2-5UTR-Amplicon-short-trimmed,80,t,0.1083
SARS-CoV2-5UTR-Amplicon-short-trimmed,81,t,0.3249
SARS-CoV2-5UTR-Amplicon-short-trimmed,82,a,0.2166
SARS-CoV2-5UTR-Amplicon-short-trimmed,83,a,0.4062
SARS-CoV2-5UTR-Amplicon-short-trimmed,84,t,0.1625
SARS-CoV2-5UTR-Amplicon-short-trimmed,85,a,0.5145
SARS-CoV2-5UTR-Amplicon-short-trimmed,86,a,0.3791
SARS-CoV2-5UTR-Amplicon-short-trimmed,87,c,0.5145
SARS-CoV2-5UTR-Amplicon-short-trimmed,88,t,0.325
SARS-CoV2-5UTR-Amplicon-short-trimmed,89,a,0.1626
SARS-CoV2-5UTR-Amplicon-short-trimmed,90,a,0.1355
SARS-CoV2-5UTR-Amplicon-short-trimmed,91,t,0.1084
SARS-CoV2-5UTR-Amplicon-short-trimmed,92,t,0.1897
SARS-CoV2-5UTR-Amplicon-short-trimmed,93,a,0.2168
SARS-CoV2-5UTR-Amplicon-short-trimmed,94,c,0.2167
SARS-CoV2-5UTR-Amplicon-short-trimmed,95,t,0.1626
SARS-CoV2-5UTR-Amplicon-short-trimmed,96,g,0.271
SARS-CoV2-5UTR-Amplicon-short-trimmed,97,t,0.2438
SARS-CoV2-5UTR-Amplicon-short-trimmed,98,c,0.6231
SARS-CoV2-5UTR-Amplicon-short-trimmed,99,g,0.6777
SARS-CoV2-5UTR-Amplicon-short-trimmed,100,t,0.2982
SARS-CoV2-5UTR-Amplicon-short-trimmed,101,t,0.3523
SARS-CoV2-5UTR-Amplicon-short-trimmed,102,g,1.0837
SARS-CoV2-5UTR-Amplicon-short-trimmed,103,a,0.298
SARS-CoV2-5UTR-Amplicon-short-trimmed,104,c,0.5964
SARS-CoV2-5UTR-Amplicon-short-trimmed,105,a,0.759
SARS-CoV2-5UTR-Amplicon-short-trimmed,106,g,1.0572
SARS-CoV2-5UTR-Amplicon-short-trimmed,107,g,1.0038
SARS-CoV2-5UTR-Amplicon-short-trimmed,108,a,0.7054
SARS-CoV2-5UTR-Amplicon-short-trimmed,109,c,1.0309
SARS-CoV2-5UTR-Amplicon-short-trimmed,110,a,1.7891
SARS-CoV2-5UTR-Amplicon-short-trimmed,111,c,0.542
SARS-CoV2-5UTR-Amplicon-short-trimmed,112,g,1.8167
SARS-CoV2-5UTR-Amplicon-short-trimmed,113,a,1.3117
SARS-CoV2-5UTR-Amplicon-short-trimmed,114,g,0.463
SARS-CoV2-5UTR-Amplicon-short-trimmed,115,t,0.6686
SARS-CoV2-5UTR-Amplicon-short-trimmed,116,a,0.4113
SARS-CoV2-5UTR-Amplicon-short-trimmed,117,a,0.1799
SARS-CoV2-5UTR-Amplicon-short-trimmed,118,c,0.5908
SARS-CoV2-5UTR-Amplicon-short-trimmed,119,t,0.3594
SARS-CoV2-5UTR-Amplicon-short-trimmed,120,c,0.6418
SARS-CoV2-5UTR-Amplicon-short-trimmed,121,g,0.5648
SARS-CoV2-5UTR-Amplicon-short-trimmed,122,t,0.539
SARS-CoV2-5UTR-Amplicon-short-trimmed,123,c,1.1031
SARS-CoV2-5UTR-Amplicon-short-trimmed,124,t,1.3337
SARS-CoV2-5UTR-Amplicon-short-trimmed,125,a,0.4872
SARS-CoV2-5UTR-Amplicon-short-trimmed,126,t,0.4613
SARS-CoV2-5UTR-Amplicon-short-trimmed,127,c,0.6149
SARS-CoV2-5UTR-Amplicon-short-trimmed,128,t,0.5893
SARS-CoV2-5UTR-Amplicon-short-trimmed,129,t,0.7684
SARS-CoV2-5UTR-Amplicon-short-trimmed,130,c,1.127
SARS-CoV2-5UTR-Amplicon-short-trimmed,131,t,0.5891
SARS-CoV2-5UTR-Amplicon-short-trimmed,132,g,0.7941
SARS-CoV2-5UTR-Amplicon-short-trimmed,133,c,0.9221
SARS-CoV2-5UTR-Amplicon-short-trimmed,134,a,0.5891
SARS-CoV2-5UTR-Amplicon-short-trimmed,135,g,0.5827
SARS-CoV2-5UTR-Amplicon-short-trimmed,136,g,0.5322
SARS-CoV2-5UTR-Amplicon-short-trimmed,137,c,0.4809
SARS-CoV2-5UTR-Amplicon-short-trimmed,138,t,0.8859
SARS-CoV2-5UTR-Amplicon-short-trimmed,139,g,0.8352
SARS-CoV2-5UTR-Amplicon-short-trimmed,140,c,0.7087
SARS-CoV2-5UTR-Amplicon-short-trimmed,141,t,1.1139
SARS-CoV2-5UTR-Amplicon-short-trimmed,142,t,0.8101
SARS-CoV2-5UTR-Amplicon-short-trimmed,143,a,0.709
SARS-CoV2-5UTR-Amplicon-short-trimmed,144,c,0.6331
SARS-CoV2-5UTR-Amplicon-short-trimmed,145,g,0.8357
SARS-CoV2-5UTR-Amplicon-short-trimmed,146,g,0.6329
SARS-CoV2-5UTR-Amplicon-short-trimmed,147,t,0.6329
SARS-CoV2-5UTR-Amplicon-short-trimmed,148,t,0.4051
SARS-CoV2-5UTR-Amplicon-short-trimmed,149,t,0.5568
SARS-CoV2-5UTR-Amplicon-short-trimmed,150,c,1.3664
SARS-CoV2-5UTR-Amplicon-short-trimmed,151,g,0.6326
SARS-CoV2-5UTR-Amplicon-short-trimmed,152,t,0.9613
SARS-CoV2-5UTR-Amplicon-short-trimmed,153,c,1.3661
SARS-CoV2-5UTR-Amplicon-short-trimmed,154,c,1.3155
SARS-CoV2-5UTR-Amplicon-short-trimmed,155,g,0.9107
SARS-CoV2-5UTR-Amplicon-short-trimmed,156,t,1.7708
SARS-CoV2-5UTR-Amplicon-short-trimmed,157,g,0.7336
SARS-CoV2-5UTR-Amplicon-short-trimmed,158,t,0.7085
SARS-CoV2-5UTR-Amplicon-short-trimmed,159,t,0.936
SARS-CoV2-5UTR-Amplicon-short-trimmed,160,g,0.7019
SARS-CoV2-5UTR-Amplicon-short-trimmed,161,c,0.9777
SARS-CoV2-5UTR-Amplicon-short-trimmed,162,a,0.7771
SARS-CoV2-5UTR-Amplicon-short-trimmed,163,g,0.8273
SARS-CoV2-5UTR-Amplicon-short-trimmed,164,c,0.7019
SARS-CoV2-5UTR-Amplicon-short-trimmed,165,c,0.6769
SARS-CoV2-5UTR-Amplicon-short-trimmed,166,g,1.4783
SARS-CoV2-5UTR-Amplicon-short-trimmed,167,a,0.4261
SARS-CoV2-5UTR-Amplicon-short-trimmed,168,t,0.4011
SARS-CoV2-5UTR-Amplicon-short-trimmed,169,c,1.7047
SARS-CoV2-5UTR-Amplicon-short-trimmed,170,a,2.4066
SARS-CoV2-5UTR-Amplicon-short-trimmed,171,t,0.4262
SARS-CoV2-5UTR-Amplicon-short-trimmed,172,c,1.7803
SARS-CoV2-5UTR-Amplicon-short-trimmed,173,a,3.9619
SARS-CoV2-5UTR-Amplicon-short-trimmed,174,g,4.0371
SARS-CoV2-5UTR-Amplicon-short-trimmed,175,c,0.5767
SARS-CoV2-5UTR-Amplicon-short-trimmed,176,a,1.5797
SARS-CoV2-5UTR-Amplicon-short-trimmed,177,c,0.6003
SARS-CoV2-5UTR-Amplicon-short-trimmed,178,a,0.7754
SARS-CoV2-5UTR-Amplicon-short-trimmed,179,t,0.5254
SARS-CoV2-5UTR-Amplicon-short-trimmed,180,c,1.1512
SARS-CoV2-5UTR-Amplicon-short-trimmed,181,t,0.7758
SARS-CoV2-5UTR-Amplicon-short-trimmed,182,a,0.826
SARS-CoV2-5UTR-Amplicon-short-trimmed,183,g,0.8262
SARS-CoV2-5UTR-Amplicon-short-trimmed,184,g,0.4007
SARS-CoV2-5UTR-Amplicon-short-trimmed,185,t,0.7011
SARS-CoV2-5UTR-Amplicon-short-trimmed,186,t,0.2754
SARS-CoV2-5UTR-Amplicon-short-trimmed,187,t,0.5259
SARS-CoV2-5UTR-Amplicon-short-trimmed,188,c,0.8517
SARS-CoV2-5UTR-Amplicon-short-trimmed,189,g,0.2255
SARS-CoV2-5UTR-Amplicon-short-trimmed,190,t,0.4509
SARS-CoV2-5UTR-Amplicon-short-trimmed,191,c,0.9519
SARS-CoV2-5UTR-Amplicon-short-trimmed,192,c,0.6764
SARS-CoV2-5UTR-Amplicon-short-trimmed,193,g,0.9524
SARS-CoV2-5UTR-Amplicon-short-trimmed,194,g,0.4014
SARS-CoV2-5UTR-Amplicon-short-trimmed,195,g,0.9032
SARS-CoV2-5UTR-Amplicon-short-trimmed,196,t,0.7037
SARS-CoV2-5UTR-Amplicon-short-trimmed,197,g,0.2263
SARS-CoV2-5UTR-Amplicon-short-trimmed,198,t,0.352
SARS-CoV2-5UTR-Amplicon-short-trimmed,199,g,0.5783
SARS-CoV2-5UTR-Amplicon-short-trimmed,200,a,0.6035
SARS-CoV2-5UTR-Amplicon-short-trimmed,201,c,0.4275
SARS-CoV2-5UTR-Amplicon-short-trimmed,202,c,0.5785
SARS-CoV2-5UTR-Amplicon-short-trimmed,203,g,1.0569
SARS-CoV2-5UTR-Amplicon-short-trimmed,204,a,1.1324
SARS-CoV2-5UTR-Amplicon-short-trimmed,205,a,0.4026
SARS-CoV2-5UTR-Amplicon-short-trimmed,206,a,0.6039
SARS-CoV2-5UTR-Amplicon-short-trimmed,207,g,0.7046
SARS-CoV2-5UTR-Amplicon-short-trimmed,208,g,0.5033
SARS-CoV2-5UTR-Amplicon-short-trimmed,209,t,0.6544
SARS-CoV2-5UTR-Amplicon-short-trimmed,210,a,1.334
SARS-CoV2-5UTR-Amplicon-short-trimmed,211,a,0.6796
SARS-CoV2-5UTR-Amplicon-short-trimmed,212,g,0.7299
SARS-CoV2-5UTR-Amplicon-short-trimmed,213,a,0.4279
SARS-CoV2-5UTR-Amplicon-short-trimmed,214,t,0.302
SARS-CoV2-5UTR-Amplicon-short-trimmed,215,g,0.6544
SARS-CoV2-5UTR-Amplicon-short-trimmed,216,g,0.4027
SARS-CoV2-5UTR-Amplicon-short-trimmed,217,a,0.3775
SARS-CoV2-5UTR-Amplicon-short-trimmed,218,g,0.5287
SARS-CoV2-5UTR-Amplicon-short-trimmed,219,a,0.3275
SARS-CoV2-5UTR-Amplicon-short-trimmed,220,g,0.5546
SARS-CoV2-5UTR-Amplicon-short-trimmed,221,c,0.454
SARS-CoV2-5UTR-Amplicon-short-trimmed,222,c,0.4288
SARS-CoV2-5UTR-Amplicon-short-trimmed,223,t,0.6307
SARS-CoV2-5UTR-Amplicon-short-trimmed,224,t,0.2271
SARS-CoV2-5UTR-Amplicon-short-trimmed,225,g,0.2523
SARS-CoV2-5UTR-Amplicon-short-trimmed,226,t,0.5047
SARS-CoV2-5UTR-Amplicon-short-trimmed,227,c,0.9336
SARS-CoV2-5UTR-Amplicon-short-trimmed,228,c,0.3029
SARS-CoV2-5UTR-Amplicon-short-trimmed,229,c,0.4294
SARS-CoV2-5UTR-Amplicon-short-trimmed,230,t,0.9606
SARS-CoV2-5UTR-Amplicon-short-trimmed,231,g,0.5314
SARS-CoV2-5UTR-Amplicon-short-trimmed,232,g,0.2784
SARS-CoV2-5UTR-Amplicon-short-trimmed,233,t,0.2278
SARS-CoV2-5UTR-Amplicon-short-trimmed,234,t,0.1013
SARS-CoV2-5UTR-Amplicon-short-trimmed,235,t,0.1016
SARS-CoV2-5UTR-Amplicon-short-trimmed,236,c,0.9677
SARS-CoV2-5UTR-Amplicon-short-trimmed,237,a,0.3313
SARS-CoV2-5UTR-Amplicon-short-trimmed,238,a,0
SARS-CoV2-5UTR-Amplicon-short-trimmed,239,c,0.2041
SARS-CoV2-5UTR-Amplicon-short-trimmed,240,g,0.1277
SARS-CoV2-5UTR-Amplicon-short-trimmed,241,a,0
SARS-CoV2-5UTR-Amplicon-short-trimmed,242,g,0
SARS-CoV2-5UTR-Amplicon-short-trimmed,243,g,0
