Region,Position,Ref_base,Mut_percentage
SARS-CoV2-5UTR-Amplicon-short-trimmed,1,t,0
SARS-CoV2-5UTR-Amplicon-short-trimmed,2,a,0
SARS-CoV2-5UTR-Amplicon-short-trimmed,3,g,0
SARS-CoV2-5UTR-Amplicon-short-trimmed,4,a,0
SARS-CoV2-5UTR-Amplicon-short-trimmed,5,t,0.1029
SARS-CoV2-5UTR-Amplicon-short-trimmed,6,c,0.667
SARS-CoV2-5UTR-Amplicon-short-trimmed,7,t,0.3321
SARS-CoV2-5UTR-Amplicon-short-trimmed,8,g,0.7643
SARS-CoV2-5UTR-Amplicon-short-trimmed,9,t,1.0936
SARS-CoV2-5UTR-Amplicon-short-trimmed,10,t,0.5839
SARS-CoV2-5UTR-Amplicon-short-trimmed,11,c,0.9386
SARS-CoV2-5UTR-Amplicon-short-trimmed,12,t,0.329
SARS-CoV2-5UTR-Amplicon-short-trimmed,13,c,1.0121
SARS-CoV2-5UTR-Amplicon-short-trimmed,14,t,0.8083
SARS-CoV2-5UTR-Amplicon-short-trimmed,15,a,5.1185
SARS-CoV2-5UTR-Amplicon-short-trimmed,16,a,0.1764
SARS-CoV2-5UTR-Amplicon-short-trimmed,17,a,0.1259
SARS-CoV2-5UTR-Amplicon-short-trimmed,18,c,0.2769
SARS-CoV2-5UTR-Amplicon-short-trimmed,19,g,0.83
SARS-CoV2-5UTR-Amplicon-short-trimmed,20,a,0.2514
SARS-CoV2-5UTR-Amplicon-short-trimmed,21,a,0.377
SARS-CoV2-5UTR-Amplicon-short-trimmed,22,c,1.809
SARS-CoV2-5UTR-Amplicon-short-trimmed,23,t,0.3767
SARS-CoV2-5UTR-Amplicon-short-trimmed,24,t,0.1758
SARS-CoV2-5UTR-Amplicon-short-trimmed,25,t,0.1507
SARS-CoV2-5UTR-Amplicon-short-trimmed,26,a,0.3515
SARS-CoV2-5UTR-Amplicon-short-trimmed,27,a,0.2259
SARS-CoV2-5UTR-Amplicon-short-trimmed,28,a,0.2008
SARS-CoV2-5UTR-Amplicon-short-trimmed,29,a,0.251
SARS-CoV2-5UTR-Amplicon-short-trimmed,30,t,0.276
SARS-CoV2-5UTR-Amplicon-short-trimmed,31,c,0.4014
SARS-CoV2-5UTR-Amplicon-short-trimmed,32,t,0.3011
SARS-CoV2-5UTR-Amplicon-short-trimmed,33,g,0.2007
SARS-CoV2-5UTR-Amplicon-short-trimmed,34,t,0.2508
SARS-CoV2-5UTR-Amplicon-short-trimmed,35,g,0.2007
SARS-CoV2-5UTR-Amplicon-short-trimmed,36,t,0.3511
SARS-CoV2-5UTR-Amplicon-short-trimmed,37,g,0.2007
SARS-CoV2-5UTR-Amplicon-short-trimmed,38,g,0.2257
SARS-CoV2-5UTR-Amplicon-short-trimmed,39,c,0.2003
SARS-CoV2-5UTR-Amplicon-short-trimmed,40,t,0.5006
SARS-CoV2-5UTR-Amplicon-short-trimmed,41,g,0.5507
SARS-CoV2-5UTR-Amplicon-short-trimmed,42,t,0.5757
SARS-CoV2-5UTR-Amplicon-short-trimmed,43,c,0.5006
SARS-CoV2-5UTR-Amplicon-short-trimmed,44,a,0.4755
SARS-CoV2-5UTR-Amplicon-short-trimmed,45,c,0.4254
SARS-CoV2-5UTR-Amplicon-short-trimmed,46,t,0.4004
SARS-CoV2-5UTR-Amplicon-short-trimmed,47,c,0.9009
SARS-CoV2-5UTR-Amplicon-short-trimmed,48,g,0.4755
SARS-CoV2-5UTR-Amplicon-short-trimmed,49,g,0.6256
SARS-CoV2-5UTR-Amplicon-short-trimmed,50,c,0.397
SARS-CoV2-5UTR-Amplicon-short-trimmed,51,t,0.4966
SARS-CoV2-5UTR-Amplicon-short-trimmed,52,g,0.4718
SARS-CoV2-5UTR-Amplicon-short-trimmed,53,c,0.5463
SARS-CoV2-5UTR-Amplicon-short-trimmed,54,g,0.4471
SARS-CoV2-5UTR-Amplicon-short-trimmed,55,t,0.3974
SARS-CoV2-5UTR-Amplicon-short-trimmed,56,g,0.4472
SARS-CoV2-5UTR-Amplicon-short-trimmed,57,c,0.8199
SARS-CoV2-5UTR-Amplicon-short-trimmed,58,t,0.8696
SARS-CoV2-5UTR-Amplicon-short-trimmed,59,t,0.9441
SARS-CoV2-5UTR-Amplicon-short-trimmed,60,a,0.149
SARS-CoV2-5UTR-Amplicon-short-trimmed,61,g,0.1987
SARS-CoV2-5UTR-Amplicon-short-trimmed,62,t,0.149
SARS-CoV2-5UTR-Amplicon-short-trimmed,63,g,0.0993
SARS-CoV2-5UTR-Amplicon-short-trimmed,64,c,0.4222
SARS-CoV2-5UTR-Amplicon-short-trimmed,65,a,0.3228
SARS-CoV2-5UTR-Amplicon-short-trimmed,66,c,0.1738
SARS-CoV2-5UTR-Amplicon-short-trimmed,67,t,0.1242
SARS-CoV2-5UTR-Amplicon-short-trimmed,68,c,0.447
SARS-CoV2-5UTR-Amplicon-short-trimmed,69,a,0.2732
SARS-CoV2-5UTR-Amplicon-short-trimmed,70,c,0.2732
SARS-CoV2-5UTR-Amplicon-short-trimmed,71,g,0.422
SARS-CoV2-5UTR-Amplicon-short-trimmed,72,c,0.3227
SARS-CoV2-5UTR-Amplicon-short-trimmed,73,a,0.2979
SARS-CoV2-5UTR-Amplicon-short-trimmed,74,g,0.4469
SARS-CoV2-5UTR-Amplicon-short-trimmed,75,t,0.4227
SARS-CoV2-5UTR-Amplicon-short-trimmed,76,a,0.2734
SARS-CoV2-5UTR-Amplicon-short-trimmed,77,t,0.1483
SARS-CoV2-5UTR-Amplicon-short-trimmed,78,a,0.0742
SARS-CoV2-5UTR-Amplicon-short-trimmed,79,a,0.0494
SARS-CoV2-5UTR-Amplicon-short-trimmed,80,t,0.1484
SARS-CoV2-5UTR-Amplicon-short-trimmed,81,t,0.1236
SARS-CoV2-5UTR-Amplicon-short-trimmed,82,a,0.0495
SARS-CoV2-5UTR-Amplicon-short-trimmed,83,a,0.2967
SARS-CoV2-5UTR-Amplicon-short-trimmed,84,t,0.0742
SARS-CoV2-5UTR-Amplicon-short-trimmed,85,a,0.3709
SARS-CoV2-5UTR-Amplicon-short-trimmed,86,a,0.1483
SARS-CoV2-5UTR-Amplicon-short-trimmed,87,c,0.4697
SARS-CoV2-5UTR-Amplicon-short-trimmed,88,t,0.2719
SARS-CoV2-5UTR-Amplicon-short-trimmed,89,a,0.0989
SARS-CoV2-5UTR-Amplicon-short-trimmed,90,a,0.1484
SARS-CoV2-5UTR-Amplicon-short-trimmed,91,t,0.1236
SARS-CoV2-5UTR-Amplicon-short-trimmed,92,t,0.1484
SARS-CoV2-5UTR-Amplicon-short-trimmed,93,a,0.1731
SARS-CoV2-5UTR-Amplicon-short-trimmed,94,c,0.1235
SARS-CoV2-5UTR-Amplicon-short-trimmed,95,t,0.3706
SARS-CoV2-5UTR-Amplicon-short-trimmed,96,g,0.173
SARS-CoV2-5UTR-Amplicon-short-trimmed,97,t,0.074
SARS-CoV2-5UTR-Amplicon-short-trimmed,98,c,0.2468
SARS-CoV2-5UTR-Amplicon-short-trimmed,99,g,0.4444
SARS-CoV2-5UTR-Amplicon-short-trimmed,100,t,0.1481
SARS-CoV2-5UTR-Amplicon-short-trimmed,101,t,0.1478
SARS-CoV2-5UTR-Amplicon-short-trimmed,102,g,0.6402
SARS-CoV2-5UTR-Amplicon-short-trimmed,103,a,0.197
SARS-CoV2-5UTR-Amplicon-short-trimmed,104,c,0.1974
SARS-CoV2-5UTR-Amplicon-short-trimmed,105,a,0.3949
SARS-CoV2-5UTR-Amplicon-short-trimmed,106,g,0.6418
SARS-CoV2-5UTR-Amplicon-short-trimmed,107,g,0.7903
SARS-CoV2-5UTR-Amplicon-short-trimmed,108,a,0.3705
SARS-CoV2-5UTR-Amplicon-short-trimmed,109,c,0.42
SARS-CoV2-5UTR-Amplicon-short-trimmed,110,a,1.7012
SARS-CoV2-5UTR-Amplicon-short-trimmed,111,c,0.3944
SARS-CoV2-5UTR-Amplicon-short-trimmed,112,g,1.5028
SARS-CoV2-5UTR-Amplicon-short-trimmed,113,a,1.1029
SARS-CoV2-5UTR-Amplicon-short-trimmed,114,g,0.5036
SARS-CoV2-5UTR-Amplicon-short-trimmed,115,t,0.5754
SARS-CoV2-5UTR-Amplicon-short-trimmed,116,a,1.0789
SARS-CoV2-5UTR-Amplicon-short-trimmed,117,a,0.3831
SARS-CoV2-5UTR-Amplicon-short-trimmed,118,c,0.3351
SARS-CoV2-5UTR-Amplicon-short-trimmed,119,t,0.2869
SARS-CoV2-5UTR-Amplicon-short-trimmed,120,c,0.5498
SARS-CoV2-5UTR-Amplicon-short-trimmed,121,g,0.502
SARS-CoV2-5UTR-Amplicon-short-trimmed,122,t,0.7643
SARS-CoV2-5UTR-Amplicon-short-trimmed,123,c,0.7643
SARS-CoV2-5UTR-Amplicon-short-trimmed,124,t,0.6208
SARS-CoV2-5UTR-Amplicon-short-trimmed,125,a,0.5253
SARS-CoV2-5UTR-Amplicon-short-trimmed,126,t,0.382
SARS-CoV2-5UTR-Amplicon-short-trimmed,127,c,0.3581
SARS-CoV2-5UTR-Amplicon-short-trimmed,128,t,0.3103
SARS-CoV2-5UTR-Amplicon-short-trimmed,129,t,0.2864
SARS-CoV2-5UTR-Amplicon-short-trimmed,130,c,0.3103
SARS-CoV2-5UTR-Amplicon-short-trimmed,131,t,0.191
SARS-CoV2-5UTR-Amplicon-short-trimmed,132,g,0.5012
SARS-CoV2-5UTR-Amplicon-short-trimmed,133,c,0.3344
SARS-CoV2-5UTR-Amplicon-short-trimmed,134,a,0.1911
SARS-CoV2-5UTR-Amplicon-short-trimmed,135,g,0.305
SARS-CoV2-5UTR-Amplicon-short-trimmed,136,g,0.1877
SARS-CoV2-5UTR-Amplicon-short-trimmed,137,c,0.2344
SARS-CoV2-5UTR-Amplicon-short-trimmed,138,t,0.4216
SARS-CoV2-5UTR-Amplicon-short-trimmed,139,g,0.3513
SARS-CoV2-5UTR-Amplicon-short-trimmed,140,c,0.3515
SARS-CoV2-5UTR-Amplicon-short-trimmed,141,t,0.4925
SARS-CoV2-5UTR-Amplicon-short-trimmed,142,t,0.5629
SARS-CoV2-5UTR-Amplicon-short-trimmed,143,a,0.3049
SARS-CoV2-5UTR-Amplicon-short-trimmed,144,c,0.3283
SARS-CoV2-5UTR-Amplicon-short-trimmed,145,g,0.3986
SARS-CoV2-5UTR-Amplicon-short-trimmed,146,g,0.2813
SARS-CoV2-5UTR-Amplicon-short-trimmed,147,t,0.4454
SARS-CoV2-5UTR-Amplicon-short-trimmed,148,t,0.1641
SARS-CoV2-5UTR-Amplicon-short-trimmed,149,t,0.2814
SARS-CoV2-5UTR-Amplicon-short-trimmed,150,c,0.6331
SARS-CoV2-5UTR-Amplicon-short-trimmed,151,g,0.3282
SARS-CoV2-5UTR-Amplicon-short-trimmed,152,t,0.4688
SARS-CoV2-5UTR-Amplicon-short-trimmed,153,c,0.68
SARS-CoV2-5UTR-Amplicon-short-trimmed,154,c,0.891
SARS-CoV2-5UTR-Amplicon-short-trimmed,155,g,0.5158
SARS-CoV2-5UTR-Amplicon-short-trimmed,156,t,2.6501
SARS-CoV2-5UTR-Amplicon-short-trimmed,157,g,0.3986
SARS-CoV2-5UTR-Amplicon-short-trimmed,158,t,0.4453
SARS-CoV2-5UTR-Amplicon-short-trimmed,159,t,1.078
SARS-CoV2-5UTR-Amplicon-short-trimmed,160,g,0.369
SARS-CoV2-5UTR-Amplicon-short-trimmed,161,c,0.5073
SARS-CoV2-5UTR-Amplicon-short-trimmed,162,a,0.4611
SARS-CoV2-5UTR-Amplicon-short-trimmed,163,g,0.3919
SARS-CoV2-5UTR-Amplicon-short-trimmed,164,c,0.4148
SARS-CoV2-5UTR-Amplicon-short-trimmed,165,c,0.6223
SARS-CoV2-5UTR-Amplicon-short-trimmed,166,g,1.4075
SARS-CoV2-5UTR-Amplicon-short-trimmed,167,a,0.2769
SARS-CoV2-5UTR-Amplicon-short-trimmed,168,t,0.3233
SARS-CoV2-5UTR-Amplicon-short-trimmed,169,c,1.2705
SARS-CoV2-5UTR-Amplicon-short-trimmed,170,a,1.9409
SARS-CoV2-5UTR-Amplicon-short-trimmed,171,t,0.231
SARS-CoV2-5UTR-Amplicon-short-trimmed,172,c,2.2407
SARS-CoV2-5UTR-Amplicon-short-trimmed,173,a,4.0859
SARS-CoV2-5UTR-Amplicon-short-trimmed,174,g,4.5014
SARS-CoV2-5UTR-Amplicon-short-trimmed,175,c,0.4617
SARS-CoV2-5UTR-Amplicon-short-trimmed,176,a,1.709
SARS-CoV2-5UTR-Amplicon-short-trimmed,177,c,0.2536
SARS-CoV2-5UTR-Amplicon-short-trimmed,178,a,0.6687
SARS-CoV2-5UTR-Amplicon-short-trimmed,179,t,0.4154
SARS-CoV2-5UTR-Amplicon-short-trimmed,180,c,0.5308
SARS-CoV2-5UTR-Amplicon-short-trimmed,181,t,0.5308
SARS-CoV2-5UTR-Amplicon-short-trimmed,182,a,0.4617
SARS-CoV2-5UTR-Amplicon-short-trimmed,183,g,0.3693
SARS-CoV2-5UTR-Amplicon-short-trimmed,184,g,0.2539
SARS-CoV2-5UTR-Amplicon-short-trimmed,185,t,0.2766
SARS-CoV2-5UTR-Amplicon-short-trimmed,186,t,0.2305
SARS-CoV2-5UTR-Amplicon-short-trimmed,187,t,0.2996
SARS-CoV2-5UTR-Amplicon-short-trimmed,188,c,0.438
SARS-CoV2-5UTR-Amplicon-short-trimmed,189,g,0.0692
SARS-CoV2-5UTR-Amplicon-short-trimmed,190,t,0.1383
SARS-CoV2-5UTR-Amplicon-short-trimmed,191,c,0.2766
SARS-CoV2-5UTR-Amplicon-short-trimmed,192,c,0.3919
SARS-CoV2-5UTR-Amplicon-short-trimmed,193,g,0.461
SARS-CoV2-5UTR-Amplicon-short-trimmed,194,g,0.3463
SARS-CoV2-5UTR-Amplicon-short-trimmed,195,g,0.6236
SARS-CoV2-5UTR-Amplicon-short-trimmed,196,t,0.5086
SARS-CoV2-5UTR-Amplicon-short-trimmed,197,g,0.1618
SARS-CoV2-5UTR-Amplicon-short-trimmed,198,t,0.2543
SARS-CoV2-5UTR-Amplicon-short-trimmed,199,g,0.6943
SARS-CoV2-5UTR-Amplicon-short-trimmed,200,a,0.6025
SARS-CoV2-5UTR-Amplicon-short-trimmed,201,c,0.3709
SARS-CoV2-5UTR-Amplicon-short-trimmed,202,c,0.3013
SARS-CoV2-5UTR-Amplicon-short-trimmed,203,g,1.1593
SARS-CoV2-5UTR-Amplicon-short-trimmed,204,a,0.5102
SARS-CoV2-5UTR-Amplicon-short-trimmed,205,a,0.2552
SARS-CoV2-5UTR-Amplicon-short-trimmed,206,a,0.5568
SARS-CoV2-5UTR-Amplicon-short-trimmed,207,g,0.3712
SARS-CoV2-5UTR-Amplicon-short-trimmed,208,g,0.2553
SARS-CoV2-5UTR-Amplicon-short-trimmed,209,t,0.3945
SARS-CoV2-5UTR-Amplicon-short-trimmed,210,a,0.6035
SARS-CoV2-5UTR-Amplicon-short-trimmed,211,a,0.441
SARS-CoV2-5UTR-Amplicon-short-trimmed,212,g,0.4876
SARS-CoV2-5UTR-Amplicon-short-trimmed,213,a,0.2554
SARS-CoV2-5UTR-Amplicon-short-trimmed,214,t,0.1625
SARS-CoV2-5UTR-Amplicon-short-trimmed,215,g,0.4182
SARS-CoV2-5UTR-Amplicon-short-trimmed,216,g,0.1859
SARS-CoV2-5UTR-Amplicon-short-trimmed,217,a,0.1627
SARS-CoV2-5UTR-Amplicon-short-trimmed,218,g,0.3487
SARS-CoV2-5UTR-Amplicon-short-trimmed,219,a,0.3255
SARS-CoV2-5UTR-Amplicon-short-trimmed,220,g,0.4185
SARS-CoV2-5UTR-Amplicon-short-trimmed,221,c,0.3023
SARS-CoV2-5UTR-Amplicon-short-trimmed,222,c,0.2094
SARS-CoV2-5UTR-Amplicon-short-trimmed,223,t,0.535
SARS-CoV2-5UTR-Amplicon-short-trimmed,224,t,0.3024
SARS-CoV2-5UTR-Amplicon-short-trimmed,225,g,0.1861
SARS-CoV2-5UTR-Amplicon-short-trimmed,226,t,0.4421
SARS-CoV2-5UTR-Amplicon-short-trimmed,227,c,1.0475
SARS-CoV2-5UTR-Amplicon-short-trimmed,228,c,0.1397
SARS-CoV2-5UTR-Amplicon-short-trimmed,229,c,0.3727
SARS-CoV2-5UTR-Amplicon-short-trimmed,230,t,0.6522
SARS-CoV2-5UTR-Amplicon-short-trimmed,231,g,0.699
SARS-CoV2-5UTR-Amplicon-short-trimmed,232,g,0.3029
SARS-CoV2-5UTR-Amplicon-short-trimmed,233,t,0.3961
SARS-CoV2-5UTR-Amplicon-short-trimmed,234,t,0.0699
SARS-CoV2-5UTR-Amplicon-short-trimmed,235,t,0.0701
SARS-CoV2-5UTR-Amplicon-short-trimmed,236,c,0.4916
SARS-CoV2-5UTR-Amplicon-short-trimmed,237,a,0.2342
SARS-CoV2-5UTR-Amplicon-short-trimmed,238,a,0.0469
SARS-CoV2-5UTR-Amplicon-short-trimmed,239,c,0.0469
SARS-CoV2-5UTR-Amplicon-short-trimmed,240,g,0.2351
SARS-CoV2-5UTR-Amplicon-short-trimmed,241,a,0
SARS-CoV2-5UTR-Amplicon-short-trimmed,242,g,0
SARS-CoV2-5UTR-Amplicon-short-trimmed,243,g,0
