Region,Position,Ref_base,Mut_percentage
SARS-CoV2-5UTR-Amplicon-short-trimmed,1,t,0
SARS-CoV2-5UTR-Amplicon-short-trimmed,2,a,0
SARS-CoV2-5UTR-Amplicon-short-trimmed,3,g,0
SARS-CoV2-5UTR-Amplicon-short-trimmed,4,a,0
SARS-CoV2-5UTR-Amplicon-short-trimmed,5,t,0.0772
SARS-CoV2-5UTR-Amplicon-short-trimmed,6,c,0.6422
SARS-CoV2-5UTR-Amplicon-short-trimmed,7,t,0.281
SARS-CoV2-5UTR-Amplicon-short-trimmed,8,g,0.4849
SARS-CoV2-5UTR-Amplicon-short-trimmed,9,t,1.3238
SARS-CoV2-5UTR-Amplicon-short-trimmed,10,t,0.3811
SARS-CoV2-5UTR-Amplicon-short-trimmed,11,c,0.8886
SARS-CoV2-5UTR-Amplicon-short-trimmed,12,t,0.2532
SARS-CoV2-5UTR-Amplicon-short-trimmed,13,c,0.962
SARS-CoV2-5UTR-Amplicon-short-trimmed,14,t,0.6576
SARS-CoV2-5UTR-Amplicon-short-trimmed,15,a,4.5983
SARS-CoV2-5UTR-Amplicon-short-trimmed,16,a,0.0758
SARS-CoV2-5UTR-Amplicon-short-trimmed,17,a,0.2272
SARS-CoV2-5UTR-Amplicon-short-trimmed,18,c,0.2776
SARS-CoV2-5UTR-Amplicon-short-trimmed,19,g,0.7568
SARS-CoV2-5UTR-Amplicon-short-trimmed,20,a,0.2775
SARS-CoV2-5UTR-Amplicon-short-trimmed,21,a,0.3279
SARS-CoV2-5UTR-Amplicon-short-trimmed,22,c,2.0681
SARS-CoV2-5UTR-Amplicon-short-trimmed,23,t,0.605
SARS-CoV2-5UTR-Amplicon-short-trimmed,24,t,0.2017
SARS-CoV2-5UTR-Amplicon-short-trimmed,25,t,0.1765
SARS-CoV2-5UTR-Amplicon-short-trimmed,26,a,0.3528
SARS-CoV2-5UTR-Amplicon-short-trimmed,27,a,0.2015
SARS-CoV2-5UTR-Amplicon-short-trimmed,28,a,0.1259
SARS-CoV2-5UTR-Amplicon-short-trimmed,29,a,0.4029
SARS-CoV2-5UTR-Amplicon-short-trimmed,30,t,0.3022
SARS-CoV2-5UTR-Amplicon-short-trimmed,31,c,0.277
SARS-CoV2-5UTR-Amplicon-short-trimmed,32,t,0.277
SARS-CoV2-5UTR-Amplicon-short-trimmed,33,g,0.3022
SARS-CoV2-5UTR-Amplicon-short-trimmed,34,t,0.1763
SARS-CoV2-5UTR-Amplicon-short-trimmed,35,g,0.1259
SARS-CoV2-5UTR-Amplicon-short-trimmed,36,t,0.3526
SARS-CoV2-5UTR-Amplicon-short-trimmed,37,g,0.2518
SARS-CoV2-5UTR-Amplicon-short-trimmed,38,g,0.3274
SARS-CoV2-5UTR-Amplicon-short-trimmed,39,c,0.2262
SARS-CoV2-5UTR-Amplicon-short-trimmed,40,t,0.4775
SARS-CoV2-5UTR-Amplicon-short-trimmed,41,g,0.377
SARS-CoV2-5UTR-Amplicon-short-trimmed,42,t,0.3267
SARS-CoV2-5UTR-Amplicon-short-trimmed,43,c,0.3016
SARS-CoV2-5UTR-Amplicon-short-trimmed,44,a,0.201
SARS-CoV2-5UTR-Amplicon-short-trimmed,45,c,0.3768
SARS-CoV2-5UTR-Amplicon-short-trimmed,46,t,0.3518
SARS-CoV2-5UTR-Amplicon-short-trimmed,47,c,0.6281
SARS-CoV2-5UTR-Amplicon-short-trimmed,48,g,0.3014
SARS-CoV2-5UTR-Amplicon-short-trimmed,49,g,0.427
SARS-CoV2-5UTR-Amplicon-short-trimmed,50,c,0.2244
SARS-CoV2-5UTR-Amplicon-short-trimmed,51,t,0.3243
SARS-CoV2-5UTR-Amplicon-short-trimmed,52,g,0.5238
SARS-CoV2-5UTR-Amplicon-short-trimmed,53,c,0.5488
SARS-CoV2-5UTR-Amplicon-short-trimmed,54,g,0.4739
SARS-CoV2-5UTR-Amplicon-short-trimmed,55,t,0.5985
SARS-CoV2-5UTR-Amplicon-short-trimmed,56,g,0.2743
SARS-CoV2-5UTR-Amplicon-short-trimmed,57,c,0.7232
SARS-CoV2-5UTR-Amplicon-short-trimmed,58,t,0.9476
SARS-CoV2-5UTR-Amplicon-short-trimmed,59,t,0.9975
SARS-CoV2-5UTR-Amplicon-short-trimmed,60,a,0.3242
SARS-CoV2-5UTR-Amplicon-short-trimmed,61,g,0.3491
SARS-CoV2-5UTR-Amplicon-short-trimmed,62,t,0.3741
SARS-CoV2-5UTR-Amplicon-short-trimmed,63,g,0.1746
SARS-CoV2-5UTR-Amplicon-short-trimmed,64,c,0.4738
SARS-CoV2-5UTR-Amplicon-short-trimmed,65,a,0.2743
SARS-CoV2-5UTR-Amplicon-short-trimmed,66,c,0.1496
SARS-CoV2-5UTR-Amplicon-short-trimmed,67,t,0.1995
SARS-CoV2-5UTR-Amplicon-short-trimmed,68,c,0.3742
SARS-CoV2-5UTR-Amplicon-short-trimmed,69,a,0.1746
SARS-CoV2-5UTR-Amplicon-short-trimmed,70,c,0.2993
SARS-CoV2-5UTR-Amplicon-short-trimmed,71,g,0.2744
SARS-CoV2-5UTR-Amplicon-short-trimmed,72,c,0.1746
SARS-CoV2-5UTR-Amplicon-short-trimmed,73,a,0.2744
SARS-CoV2-5UTR-Amplicon-short-trimmed,74,g,0.424
SARS-CoV2-5UTR-Amplicon-short-trimmed,75,t,0.325
SARS-CoV2-5UTR-Amplicon-short-trimmed,76,a,0.2
SARS-CoV2-5UTR-Amplicon-short-trimmed,77,t,0.2738
SARS-CoV2-5UTR-Amplicon-short-trimmed,78,a,0.1743
SARS-CoV2-5UTR-Amplicon-short-trimmed,79,a,0.0747
SARS-CoV2-5UTR-Amplicon-short-trimmed,80,t,0.0747
SARS-CoV2-5UTR-Amplicon-short-trimmed,81,t,0.249
SARS-CoV2-5UTR-Amplicon-short-trimmed,82,a,0.1245
SARS-CoV2-5UTR-Amplicon-short-trimmed,83,a,0.3984
SARS-CoV2-5UTR-Amplicon-short-trimmed,84,t,0.1992
SARS-CoV2-5UTR-Amplicon-short-trimmed,85,a,0.498
SARS-CoV2-5UTR-Amplicon-short-trimmed,86,a,0.249
SARS-CoV2-5UTR-Amplicon-short-trimmed,87,c,0.498
SARS-CoV2-5UTR-Amplicon-short-trimmed,88,t,0.2739
SARS-CoV2-5UTR-Amplicon-short-trimmed,89,a,0.1494
SARS-CoV2-5UTR-Amplicon-short-trimmed,90,a,0.0996
SARS-CoV2-5UTR-Amplicon-short-trimmed,91,t,0.1494
SARS-CoV2-5UTR-Amplicon-short-trimmed,92,t,0.1992
SARS-CoV2-5UTR-Amplicon-short-trimmed,93,a,0.1743
SARS-CoV2-5UTR-Amplicon-short-trimmed,94,c,0.2984
SARS-CoV2-5UTR-Amplicon-short-trimmed,95,t,0.2238
SARS-CoV2-5UTR-Amplicon-short-trimmed,96,g,0.2486
SARS-CoV2-5UTR-Amplicon-short-trimmed,97,t,0.1987
SARS-CoV2-5UTR-Amplicon-short-trimmed,98,c,0.2981
SARS-CoV2-5UTR-Amplicon-short-trimmed,99,g,0.4724
SARS-CoV2-5UTR-Amplicon-short-trimmed,100,t,0.1989
SARS-CoV2-5UTR-Amplicon-short-trimmed,101,t,0.2233
SARS-CoV2-5UTR-Amplicon-short-trimmed,102,g,0.5946
SARS-CoV2-5UTR-Amplicon-short-trimmed,103,a,0.1487
SARS-CoV2-5UTR-Amplicon-short-trimmed,104,c,0.1488
SARS-CoV2-5UTR-Amplicon-short-trimmed,105,a,0.372
SARS-CoV2-5UTR-Amplicon-short-trimmed,106,g,0.9425
SARS-CoV2-5UTR-Amplicon-short-trimmed,107,g,0.8191
SARS-CoV2-5UTR-Amplicon-short-trimmed,108,a,0.5459
SARS-CoV2-5UTR-Amplicon-short-trimmed,109,c,0.6203
SARS-CoV2-5UTR-Amplicon-short-trimmed,110,a,1.4877
SARS-CoV2-5UTR-Amplicon-short-trimmed,111,c,0.3471
SARS-CoV2-5UTR-Amplicon-short-trimmed,112,g,1.3142
SARS-CoV2-5UTR-Amplicon-short-trimmed,113,a,0.9899
SARS-CoV2-5UTR-Amplicon-short-trimmed,114,g,0.3862
SARS-CoV2-5UTR-Amplicon-short-trimmed,115,t,0.5552
SARS-CoV2-5UTR-Amplicon-short-trimmed,116,a,0.8448
SARS-CoV2-5UTR-Amplicon-short-trimmed,117,a,0.2414
SARS-CoV2-5UTR-Amplicon-short-trimmed,118,c,0.1688
SARS-CoV2-5UTR-Amplicon-short-trimmed,119,t,0.0964
SARS-CoV2-5UTR-Amplicon-short-trimmed,120,c,0.5542
SARS-CoV2-5UTR-Amplicon-short-trimmed,121,g,0.3611
SARS-CoV2-5UTR-Amplicon-short-trimmed,122,t,0.5775
SARS-CoV2-5UTR-Amplicon-short-trimmed,123,c,0.5533
SARS-CoV2-5UTR-Amplicon-short-trimmed,124,t,0.6732
SARS-CoV2-5UTR-Amplicon-short-trimmed,125,a,0.4809
SARS-CoV2-5UTR-Amplicon-short-trimmed,126,t,0.3366
SARS-CoV2-5UTR-Amplicon-short-trimmed,127,c,0.3124
SARS-CoV2-5UTR-Amplicon-short-trimmed,128,t,0.4566
SARS-CoV2-5UTR-Amplicon-short-trimmed,129,t,0.3365
SARS-CoV2-5UTR-Amplicon-short-trimmed,130,c,0.4808
SARS-CoV2-5UTR-Amplicon-short-trimmed,131,t,0.2404
SARS-CoV2-5UTR-Amplicon-short-trimmed,132,g,0.4327
SARS-CoV2-5UTR-Amplicon-short-trimmed,133,c,0.4326
SARS-CoV2-5UTR-Amplicon-short-trimmed,134,a,0.3124
SARS-CoV2-5UTR-Amplicon-short-trimmed,135,g,0.4506
SARS-CoV2-5UTR-Amplicon-short-trimmed,136,g,0.3083
SARS-CoV2-5UTR-Amplicon-short-trimmed,137,c,0.4979
SARS-CoV2-5UTR-Amplicon-short-trimmed,138,t,0.4974
SARS-CoV2-5UTR-Amplicon-short-trimmed,139,g,0.663
SARS-CoV2-5UTR-Amplicon-short-trimmed,140,c,0.2842
SARS-CoV2-5UTR-Amplicon-short-trimmed,141,t,0.8294
SARS-CoV2-5UTR-Amplicon-short-trimmed,142,t,0.5452
SARS-CoV2-5UTR-Amplicon-short-trimmed,143,a,0.403
SARS-CoV2-5UTR-Amplicon-short-trimmed,144,c,0.4979
SARS-CoV2-5UTR-Amplicon-short-trimmed,145,g,0.166
SARS-CoV2-5UTR-Amplicon-short-trimmed,146,g,0.474
SARS-CoV2-5UTR-Amplicon-short-trimmed,147,t,0.4976
SARS-CoV2-5UTR-Amplicon-short-trimmed,148,t,0.1421
SARS-CoV2-5UTR-Amplicon-short-trimmed,149,t,0.308
SARS-CoV2-5UTR-Amplicon-short-trimmed,150,c,1.0187
SARS-CoV2-5UTR-Amplicon-short-trimmed,151,g,0.4501
SARS-CoV2-5UTR-Amplicon-short-trimmed,152,t,0.687
SARS-CoV2-5UTR-Amplicon-short-trimmed,153,c,1.0424
SARS-CoV2-5UTR-Amplicon-short-trimmed,154,c,0.8766
SARS-CoV2-5UTR-Amplicon-short-trimmed,155,g,0.6158
SARS-CoV2-5UTR-Amplicon-short-trimmed,156,t,2.1075
SARS-CoV2-5UTR-Amplicon-short-trimmed,157,g,0.3552
SARS-CoV2-5UTR-Amplicon-short-trimmed,158,t,0.4973
SARS-CoV2-5UTR-Amplicon-short-trimmed,159,t,0.947
SARS-CoV2-5UTR-Amplicon-short-trimmed,160,g,0.608
SARS-CoV2-5UTR-Amplicon-short-trimmed,161,c,0.8419
SARS-CoV2-5UTR-Amplicon-short-trimmed,162,a,0.4911
SARS-CoV2-5UTR-Amplicon-short-trimmed,163,g,0.6082
SARS-CoV2-5UTR-Amplicon-short-trimmed,164,c,0.4444
SARS-CoV2-5UTR-Amplicon-short-trimmed,165,c,0.4683
SARS-CoV2-5UTR-Amplicon-short-trimmed,166,g,1.1712
SARS-CoV2-5UTR-Amplicon-short-trimmed,167,a,0.3748
SARS-CoV2-5UTR-Amplicon-short-trimmed,168,t,0.2342
SARS-CoV2-5UTR-Amplicon-short-trimmed,169,c,1.2649
SARS-CoV2-5UTR-Amplicon-short-trimmed,170,a,2.2253
SARS-CoV2-5UTR-Amplicon-short-trimmed,171,t,0.2108
SARS-CoV2-5UTR-Amplicon-short-trimmed,172,c,1.8037
SARS-CoV2-5UTR-Amplicon-short-trimmed,173,a,3.7444
SARS-CoV2-5UTR-Amplicon-short-trimmed,174,g,3.5564
SARS-CoV2-5UTR-Amplicon-short-trimmed,175,c,0.2574
SARS-CoV2-5UTR-Amplicon-short-trimmed,176,a,1.4276
SARS-CoV2-5UTR-Amplicon-short-trimmed,177,c,0.3037
SARS-CoV2-5UTR-Amplicon-short-trimmed,178,a,0.6774
SARS-CoV2-5UTR-Amplicon-short-trimmed,179,t,0.4671
SARS-CoV2-5UTR-Amplicon-short-trimmed,180,c,0.911
SARS-CoV2-5UTR-Amplicon-short-trimmed,181,t,0.7475
SARS-CoV2-5UTR-Amplicon-short-trimmed,182,a,0.5842
SARS-CoV2-5UTR-Amplicon-short-trimmed,183,g,0.4207
SARS-CoV2-5UTR-Amplicon-short-trimmed,184,g,0.3038
SARS-CoV2-5UTR-Amplicon-short-trimmed,185,t,0.3267
SARS-CoV2-5UTR-Amplicon-short-trimmed,186,t,0.2801
SARS-CoV2-5UTR-Amplicon-short-trimmed,187,t,0.2801
SARS-CoV2-5UTR-Amplicon-short-trimmed,188,c,0.5369
SARS-CoV2-5UTR-Amplicon-short-trimmed,189,g,0.2334
SARS-CoV2-5UTR-Amplicon-short-trimmed,190,t,0.2568
SARS-CoV2-5UTR-Amplicon-short-trimmed,191,c,0.6304
SARS-CoV2-5UTR-Amplicon-short-trimmed,192,c,0.397
SARS-CoV2-5UTR-Amplicon-short-trimmed,193,g,0.5838
SARS-CoV2-5UTR-Amplicon-short-trimmed,194,g,0.304
SARS-CoV2-5UTR-Amplicon-short-trimmed,195,g,0.7717
SARS-CoV2-5UTR-Amplicon-short-trimmed,196,t,0.679
SARS-CoV2-5UTR-Amplicon-short-trimmed,197,g,0.1639
SARS-CoV2-5UTR-Amplicon-short-trimmed,198,t,0.3981
SARS-CoV2-5UTR-Amplicon-short-trimmed,199,g,0.5386
SARS-CoV2-5UTR-Amplicon-short-trimmed,200,a,0.3747
SARS-CoV2-5UTR-Amplicon-short-trimmed,201,c,0.2812
SARS-CoV2-5UTR-Amplicon-short-trimmed,202,c,0.4686
SARS-CoV2-5UTR-Amplicon-short-trimmed,203,g,1.0544
SARS-CoV2-5UTR-Amplicon-short-trimmed,204,a,0.7029
SARS-CoV2-5UTR-Amplicon-short-trimmed,205,a,0.0469
SARS-CoV2-5UTR-Amplicon-short-trimmed,206,a,0.3047
SARS-CoV2-5UTR-Amplicon-short-trimmed,207,g,0.4218
SARS-CoV2-5UTR-Amplicon-short-trimmed,208,g,0.3281
SARS-CoV2-5UTR-Amplicon-short-trimmed,209,t,0.2813
SARS-CoV2-5UTR-Amplicon-short-trimmed,210,a,0.7032
SARS-CoV2-5UTR-Amplicon-short-trimmed,211,a,0.3751
SARS-CoV2-5UTR-Amplicon-short-trimmed,212,g,0.4923
SARS-CoV2-5UTR-Amplicon-short-trimmed,213,a,0.1877
SARS-CoV2-5UTR-Amplicon-short-trimmed,214,t,0.2113
SARS-CoV2-5UTR-Amplicon-short-trimmed,215,g,0.4931
SARS-CoV2-5UTR-Amplicon-short-trimmed,216,g,0.3287
SARS-CoV2-5UTR-Amplicon-short-trimmed,217,a,0.2818
SARS-CoV2-5UTR-Amplicon-short-trimmed,218,g,0.3287
SARS-CoV2-5UTR-Amplicon-short-trimmed,219,a,0.2583
SARS-CoV2-5UTR-Amplicon-short-trimmed,220,g,0.4699
SARS-CoV2-5UTR-Amplicon-short-trimmed,221,c,0.282
SARS-CoV2-5UTR-Amplicon-short-trimmed,222,c,0.2115
SARS-CoV2-5UTR-Amplicon-short-trimmed,223,t,0.6112
SARS-CoV2-5UTR-Amplicon-short-trimmed,224,t,0.1882
SARS-CoV2-5UTR-Amplicon-short-trimmed,225,g,0.3529
SARS-CoV2-5UTR-Amplicon-short-trimmed,226,t,0.5647
SARS-CoV2-5UTR-Amplicon-short-trimmed,227,c,1.2479
SARS-CoV2-5UTR-Amplicon-short-trimmed,228,c,0.2826
SARS-CoV2-5UTR-Amplicon-short-trimmed,229,c,0.3063
SARS-CoV2-5UTR-Amplicon-short-trimmed,230,t,0.7542
SARS-CoV2-5UTR-Amplicon-short-trimmed,231,g,0.7542
SARS-CoV2-5UTR-Amplicon-short-trimmed,232,g,0.6363
SARS-CoV2-5UTR-Amplicon-short-trimmed,233,t,0.3771
SARS-CoV2-5UTR-Amplicon-short-trimmed,234,t,0.0707
SARS-CoV2-5UTR-Amplicon-short-trimmed,235,t,0.0945
SARS-CoV2-5UTR-Amplicon-short-trimmed,236,c,0.6394
SARS-CoV2-5UTR-Amplicon-short-trimmed,237,a,0.3078
SARS-CoV2-5UTR-Amplicon-short-trimmed,238,a,0.0474
SARS-CoV2-5UTR-Amplicon-short-trimmed,239,c,0.0948
SARS-CoV2-5UTR-Amplicon-short-trimmed,240,g,0.261
SARS-CoV2-5UTR-Amplicon-short-trimmed,241,a,0
SARS-CoV2-5UTR-Amplicon-short-trimmed,242,g,0
SARS-CoV2-5UTR-Amplicon-short-trimmed,243,g,0
