Region,Position,Ref_base,Mut_percentage
SARS-CoV2-5UTR-Amplicon-short-trimmed,1,t,0
SARS-CoV2-5UTR-Amplicon-short-trimmed,2,a,0
SARS-CoV2-5UTR-Amplicon-short-trimmed,3,g,0
SARS-CoV2-5UTR-Amplicon-short-trimmed,4,a,0.0295
SARS-CoV2-5UTR-Amplicon-short-trimmed,5,t,0.1473
SARS-CoV2-5UTR-Amplicon-short-trimmed,6,c,0.6761
SARS-CoV2-5UTR-Amplicon-short-trimmed,7,t,0.5853
SARS-CoV2-5UTR-Amplicon-short-trimmed,8,g,0.6427
SARS-CoV2-5UTR-Amplicon-short-trimmed,9,t,1.0499
SARS-CoV2-5UTR-Amplicon-short-trimmed,10,t,0.6122
SARS-CoV2-5UTR-Amplicon-short-trimmed,11,c,0.9327
SARS-CoV2-5UTR-Amplicon-short-trimmed,12,t,0.2905
SARS-CoV2-5UTR-Amplicon-short-trimmed,13,c,0.7844
SARS-CoV2-5UTR-Amplicon-short-trimmed,14,t,0.8418
SARS-CoV2-5UTR-Amplicon-short-trimmed,15,a,5.4171
SARS-CoV2-5UTR-Amplicon-short-trimmed,16,a,0.1157
SARS-CoV2-5UTR-Amplicon-short-trimmed,17,a,0.1734
SARS-CoV2-5UTR-Amplicon-short-trimmed,18,c,0.202
SARS-CoV2-5UTR-Amplicon-short-trimmed,19,g,0.9225
SARS-CoV2-5UTR-Amplicon-short-trimmed,20,a,0.1441
SARS-CoV2-5UTR-Amplicon-short-trimmed,21,a,0.2305
SARS-CoV2-5UTR-Amplicon-short-trimmed,22,c,1.814
SARS-CoV2-5UTR-Amplicon-short-trimmed,23,t,0.4315
SARS-CoV2-5UTR-Amplicon-short-trimmed,24,t,0.1438
SARS-CoV2-5UTR-Amplicon-short-trimmed,25,t,0.115
SARS-CoV2-5UTR-Amplicon-short-trimmed,26,a,0.6901
SARS-CoV2-5UTR-Amplicon-short-trimmed,27,a,0.1725
SARS-CoV2-5UTR-Amplicon-short-trimmed,28,a,0.0575
SARS-CoV2-5UTR-Amplicon-short-trimmed,29,a,0.3735
SARS-CoV2-5UTR-Amplicon-short-trimmed,30,t,0.5455
SARS-CoV2-5UTR-Amplicon-short-trimmed,31,c,0.5739
SARS-CoV2-5UTR-Amplicon-short-trimmed,32,t,0.4304
SARS-CoV2-5UTR-Amplicon-short-trimmed,33,g,0.4302
SARS-CoV2-5UTR-Amplicon-short-trimmed,34,t,0.4013
SARS-CoV2-5UTR-Amplicon-short-trimmed,35,g,0.2866
SARS-CoV2-5UTR-Amplicon-short-trimmed,36,t,0.4013
SARS-CoV2-5UTR-Amplicon-short-trimmed,37,g,0.2006
SARS-CoV2-5UTR-Amplicon-short-trimmed,38,g,0.3438
SARS-CoV2-5UTR-Amplicon-short-trimmed,39,c,0.2851
SARS-CoV2-5UTR-Amplicon-short-trimmed,40,t,0.5133
SARS-CoV2-5UTR-Amplicon-short-trimmed,41,g,0.3704
SARS-CoV2-5UTR-Amplicon-short-trimmed,42,t,0.4271
SARS-CoV2-5UTR-Amplicon-short-trimmed,43,c,0.4556
SARS-CoV2-5UTR-Amplicon-short-trimmed,44,a,0.2847
SARS-CoV2-5UTR-Amplicon-short-trimmed,45,c,0.4269
SARS-CoV2-5UTR-Amplicon-short-trimmed,46,t,0.3698
SARS-CoV2-5UTR-Amplicon-short-trimmed,47,c,0.569
SARS-CoV2-5UTR-Amplicon-short-trimmed,48,g,0.4836
SARS-CoV2-5UTR-Amplicon-short-trimmed,49,g,0.5407
SARS-CoV2-5UTR-Amplicon-short-trimmed,50,c,0.2223
SARS-CoV2-5UTR-Amplicon-short-trimmed,51,t,0.3061
SARS-CoV2-5UTR-Amplicon-short-trimmed,52,g,0.7234
SARS-CoV2-5UTR-Amplicon-short-trimmed,53,c,0.6954
SARS-CoV2-5UTR-Amplicon-short-trimmed,54,g,0.529
SARS-CoV2-5UTR-Amplicon-short-trimmed,55,t,0.612
SARS-CoV2-5UTR-Amplicon-short-trimmed,56,g,0.5565
SARS-CoV2-5UTR-Amplicon-short-trimmed,57,c,1.7251
SARS-CoV2-5UTR-Amplicon-short-trimmed,58,t,1.8076
SARS-CoV2-5UTR-Amplicon-short-trimmed,59,t,1.6407
SARS-CoV2-5UTR-Amplicon-short-trimmed,60,a,0.1947
SARS-CoV2-5UTR-Amplicon-short-trimmed,61,g,0.2781
SARS-CoV2-5UTR-Amplicon-short-trimmed,62,t,0.2225
SARS-CoV2-5UTR-Amplicon-short-trimmed,63,g,0.1947
SARS-CoV2-5UTR-Amplicon-short-trimmed,64,c,0.3615
SARS-CoV2-5UTR-Amplicon-short-trimmed,65,a,0.2781
SARS-CoV2-5UTR-Amplicon-short-trimmed,66,c,0.2781
SARS-CoV2-5UTR-Amplicon-short-trimmed,67,t,0.2503
SARS-CoV2-5UTR-Amplicon-short-trimmed,68,c,0.6678
SARS-CoV2-5UTR-Amplicon-short-trimmed,69,a,0.3341
SARS-CoV2-5UTR-Amplicon-short-trimmed,70,c,0.4177
SARS-CoV2-5UTR-Amplicon-short-trimmed,71,g,0.3898
SARS-CoV2-5UTR-Amplicon-short-trimmed,72,c,0.3898
SARS-CoV2-5UTR-Amplicon-short-trimmed,73,a,0.3896
SARS-CoV2-5UTR-Amplicon-short-trimmed,74,g,0.5846
SARS-CoV2-5UTR-Amplicon-short-trimmed,75,t,0.3073
SARS-CoV2-5UTR-Amplicon-short-trimmed,76,a,0.2515
SARS-CoV2-5UTR-Amplicon-short-trimmed,77,t,0.1934
SARS-CoV2-5UTR-Amplicon-short-trimmed,78,a,0.0829
SARS-CoV2-5UTR-Amplicon-short-trimmed,79,a,0.1105
SARS-CoV2-5UTR-Amplicon-short-trimmed,80,t,0.1381
SARS-CoV2-5UTR-Amplicon-short-trimmed,81,t,0.138
SARS-CoV2-5UTR-Amplicon-short-trimmed,82,a,0.2485
SARS-CoV2-5UTR-Amplicon-short-trimmed,83,a,0.6348
SARS-CoV2-5UTR-Amplicon-short-trimmed,84,t,0.138
SARS-CoV2-5UTR-Amplicon-short-trimmed,85,a,0.7728
SARS-CoV2-5UTR-Amplicon-short-trimmed,86,a,0.1932
SARS-CoV2-5UTR-Amplicon-short-trimmed,87,c,0.8278
SARS-CoV2-5UTR-Amplicon-short-trimmed,88,t,0.3863
SARS-CoV2-5UTR-Amplicon-short-trimmed,89,a,0.221
SARS-CoV2-5UTR-Amplicon-short-trimmed,90,a,0.1657
SARS-CoV2-5UTR-Amplicon-short-trimmed,91,t,0.1105
SARS-CoV2-5UTR-Amplicon-short-trimmed,92,t,0.221
SARS-CoV2-5UTR-Amplicon-short-trimmed,93,a,0.1658
SARS-CoV2-5UTR-Amplicon-short-trimmed,94,c,0.2207
SARS-CoV2-5UTR-Amplicon-short-trimmed,95,t,0.4964
SARS-CoV2-5UTR-Amplicon-short-trimmed,96,g,0.1379
SARS-CoV2-5UTR-Amplicon-short-trimmed,97,t,0.0549
SARS-CoV2-5UTR-Amplicon-short-trimmed,98,c,0.22
SARS-CoV2-5UTR-Amplicon-short-trimmed,99,g,0.4403
SARS-CoV2-5UTR-Amplicon-short-trimmed,100,t,0.2753
SARS-CoV2-5UTR-Amplicon-short-trimmed,101,t,0.2466
SARS-CoV2-5UTR-Amplicon-short-trimmed,102,g,0.875
SARS-CoV2-5UTR-Amplicon-short-trimmed,103,a,0.2462
SARS-CoV2-5UTR-Amplicon-short-trimmed,104,c,0.4145
SARS-CoV2-5UTR-Amplicon-short-trimmed,105,a,0.4975
SARS-CoV2-5UTR-Amplicon-short-trimmed,106,g,0.5803
SARS-CoV2-5UTR-Amplicon-short-trimmed,107,g,0.6366
SARS-CoV2-5UTR-Amplicon-short-trimmed,108,a,0.4979
SARS-CoV2-5UTR-Amplicon-short-trimmed,109,c,0.8301
SARS-CoV2-5UTR-Amplicon-short-trimmed,110,a,1.3252
SARS-CoV2-5UTR-Amplicon-short-trimmed,111,c,0.4416
SARS-CoV2-5UTR-Amplicon-short-trimmed,112,g,1.88
SARS-CoV2-5UTR-Amplicon-short-trimmed,113,a,1.0126
SARS-CoV2-5UTR-Amplicon-short-trimmed,114,g,0.383
SARS-CoV2-5UTR-Amplicon-short-trimmed,115,t,0.7114
SARS-CoV2-5UTR-Amplicon-short-trimmed,116,a,0.7389
SARS-CoV2-5UTR-Amplicon-short-trimmed,117,a,0.3556
SARS-CoV2-5UTR-Amplicon-short-trimmed,118,c,0.3005
SARS-CoV2-5UTR-Amplicon-short-trimmed,119,t,0.3272
SARS-CoV2-5UTR-Amplicon-short-trimmed,120,c,0.7084
SARS-CoV2-5UTR-Amplicon-short-trimmed,121,g,0.3542
SARS-CoV2-5UTR-Amplicon-short-trimmed,122,t,0.7359
SARS-CoV2-5UTR-Amplicon-short-trimmed,123,c,0.6819
SARS-CoV2-5UTR-Amplicon-short-trimmed,124,t,1.1181
SARS-CoV2-5UTR-Amplicon-short-trimmed,125,a,0.7088
SARS-CoV2-5UTR-Amplicon-short-trimmed,126,t,0.7092
SARS-CoV2-5UTR-Amplicon-short-trimmed,127,c,0.7094
SARS-CoV2-5UTR-Amplicon-short-trimmed,128,t,0.7369
SARS-CoV2-5UTR-Amplicon-short-trimmed,129,t,0.6003
SARS-CoV2-5UTR-Amplicon-short-trimmed,130,c,0.8451
SARS-CoV2-5UTR-Amplicon-short-trimmed,131,t,0.491
SARS-CoV2-5UTR-Amplicon-short-trimmed,132,g,0.6818
SARS-CoV2-5UTR-Amplicon-short-trimmed,133,c,0.7625
SARS-CoV2-5UTR-Amplicon-short-trimmed,134,a,0.4628
SARS-CoV2-5UTR-Amplicon-short-trimmed,135,g,0.5278
SARS-CoV2-5UTR-Amplicon-short-trimmed,136,g,0.3432
SARS-CoV2-5UTR-Amplicon-short-trimmed,137,c,0.5271
SARS-CoV2-5UTR-Amplicon-short-trimmed,138,t,0.7363
SARS-CoV2-5UTR-Amplicon-short-trimmed,139,g,0.8414
SARS-CoV2-5UTR-Amplicon-short-trimmed,140,c,0.5262
SARS-CoV2-5UTR-Amplicon-short-trimmed,141,t,1.2121
SARS-CoV2-5UTR-Amplicon-short-trimmed,142,t,0.7909
SARS-CoV2-5UTR-Amplicon-short-trimmed,143,a,0.4746
SARS-CoV2-5UTR-Amplicon-short-trimmed,144,c,0.5273
SARS-CoV2-5UTR-Amplicon-short-trimmed,145,g,0.4744
SARS-CoV2-5UTR-Amplicon-short-trimmed,146,g,0.6589
SARS-CoV2-5UTR-Amplicon-short-trimmed,147,t,0.7113
SARS-CoV2-5UTR-Amplicon-short-trimmed,148,t,0.3688
SARS-CoV2-5UTR-Amplicon-short-trimmed,149,t,0.6321
SARS-CoV2-5UTR-Amplicon-short-trimmed,150,c,1.2908
SARS-CoV2-5UTR-Amplicon-short-trimmed,151,g,0.6061
SARS-CoV2-5UTR-Amplicon-short-trimmed,152,t,1.0277
SARS-CoV2-5UTR-Amplicon-short-trimmed,153,c,1.0018
SARS-CoV2-5UTR-Amplicon-short-trimmed,154,c,1.0277
SARS-CoV2-5UTR-Amplicon-short-trimmed,155,g,0.5799
SARS-CoV2-5UTR-Amplicon-short-trimmed,156,t,2.5033
SARS-CoV2-5UTR-Amplicon-short-trimmed,157,g,0.5531
SARS-CoV2-5UTR-Amplicon-short-trimmed,158,t,0.7113
SARS-CoV2-5UTR-Amplicon-short-trimmed,159,t,1.0535
SARS-CoV2-5UTR-Amplicon-short-trimmed,160,g,0.6159
SARS-CoV2-5UTR-Amplicon-short-trimmed,161,c,0.8466
SARS-CoV2-5UTR-Amplicon-short-trimmed,162,a,0.7438
SARS-CoV2-5UTR-Amplicon-short-trimmed,163,g,0.7955
SARS-CoV2-5UTR-Amplicon-short-trimmed,164,c,0.5135
SARS-CoV2-5UTR-Amplicon-short-trimmed,165,c,0.6932
SARS-CoV2-5UTR-Amplicon-short-trimmed,166,g,1.0819
SARS-CoV2-5UTR-Amplicon-short-trimmed,167,a,0.3606
SARS-CoV2-5UTR-Amplicon-short-trimmed,168,t,0.3351
SARS-CoV2-5UTR-Amplicon-short-trimmed,169,c,0.8254
SARS-CoV2-5UTR-Amplicon-short-trimmed,170,a,1.6266
SARS-CoV2-5UTR-Amplicon-short-trimmed,171,t,0.2324
SARS-CoV2-5UTR-Amplicon-short-trimmed,172,c,1.3946
SARS-CoV2-5UTR-Amplicon-short-trimmed,173,a,2.9389
SARS-CoV2-5UTR-Amplicon-short-trimmed,174,g,2.4491
SARS-CoV2-5UTR-Amplicon-short-trimmed,175,c,0.5673
SARS-CoV2-5UTR-Amplicon-short-trimmed,176,a,1.3674
SARS-CoV2-5UTR-Amplicon-short-trimmed,177,c,0.257
SARS-CoV2-5UTR-Amplicon-short-trimmed,178,a,0.9512
SARS-CoV2-5UTR-Amplicon-short-trimmed,179,t,0.5405
SARS-CoV2-5UTR-Amplicon-short-trimmed,180,c,0.8494
SARS-CoV2-5UTR-Amplicon-short-trimmed,181,t,0.8756
SARS-CoV2-5UTR-Amplicon-short-trimmed,182,a,0.7726
SARS-CoV2-5UTR-Amplicon-short-trimmed,183,g,0.4378
SARS-CoV2-5UTR-Amplicon-short-trimmed,184,g,0.5407
SARS-CoV2-5UTR-Amplicon-short-trimmed,185,t,0.4878
SARS-CoV2-5UTR-Amplicon-short-trimmed,186,t,0.5393
SARS-CoV2-5UTR-Amplicon-short-trimmed,187,t,0.6422
SARS-CoV2-5UTR-Amplicon-short-trimmed,188,c,0.7192
SARS-CoV2-5UTR-Amplicon-short-trimmed,189,g,0.2569
SARS-CoV2-5UTR-Amplicon-short-trimmed,190,t,0.5145
SARS-CoV2-5UTR-Amplicon-short-trimmed,191,c,0.5917
SARS-CoV2-5UTR-Amplicon-short-trimmed,192,c,0.4628
SARS-CoV2-5UTR-Amplicon-short-trimmed,193,g,0.5404
SARS-CoV2-5UTR-Amplicon-short-trimmed,194,g,0.5151
SARS-CoV2-5UTR-Amplicon-short-trimmed,195,g,1.0304
SARS-CoV2-5UTR-Amplicon-short-trimmed,196,t,0.8783
SARS-CoV2-5UTR-Amplicon-short-trimmed,197,g,0.2845
SARS-CoV2-5UTR-Amplicon-short-trimmed,198,t,0.4656
SARS-CoV2-5UTR-Amplicon-short-trimmed,199,g,0.5175
SARS-CoV2-5UTR-Amplicon-short-trimmed,200,a,0.4666
SARS-CoV2-5UTR-Amplicon-short-trimmed,201,c,0.3629
SARS-CoV2-5UTR-Amplicon-short-trimmed,202,c,0.3112
SARS-CoV2-5UTR-Amplicon-short-trimmed,203,g,0.7525
SARS-CoV2-5UTR-Amplicon-short-trimmed,204,a,0.7784
SARS-CoV2-5UTR-Amplicon-short-trimmed,205,a,0.2595
SARS-CoV2-5UTR-Amplicon-short-trimmed,206,a,0.3893
SARS-CoV2-5UTR-Amplicon-short-trimmed,207,g,0.7275
SARS-CoV2-5UTR-Amplicon-short-trimmed,208,g,0.4936
SARS-CoV2-5UTR-Amplicon-short-trimmed,209,t,0.5456
SARS-CoV2-5UTR-Amplicon-short-trimmed,210,a,1.0915
SARS-CoV2-5UTR-Amplicon-short-trimmed,211,a,0.6759
SARS-CoV2-5UTR-Amplicon-short-trimmed,212,g,0.4679
SARS-CoV2-5UTR-Amplicon-short-trimmed,213,a,0.312
SARS-CoV2-5UTR-Amplicon-short-trimmed,214,t,0.1561
SARS-CoV2-5UTR-Amplicon-short-trimmed,215,g,0.5729
SARS-CoV2-5UTR-Amplicon-short-trimmed,216,g,0.417
SARS-CoV2-5UTR-Amplicon-short-trimmed,217,a,0.2346
SARS-CoV2-5UTR-Amplicon-short-trimmed,218,g,0.4956
SARS-CoV2-5UTR-Amplicon-short-trimmed,219,a,0.2349
SARS-CoV2-5UTR-Amplicon-short-trimmed,220,g,0.5756
SARS-CoV2-5UTR-Amplicon-short-trimmed,221,c,0.4448
SARS-CoV2-5UTR-Amplicon-short-trimmed,222,c,0.2094
SARS-CoV2-5UTR-Amplicon-short-trimmed,223,t,0.5761
SARS-CoV2-5UTR-Amplicon-short-trimmed,224,t,0.1047
SARS-CoV2-5UTR-Amplicon-short-trimmed,225,g,0.2881
SARS-CoV2-5UTR-Amplicon-short-trimmed,226,t,0.4976
SARS-CoV2-5UTR-Amplicon-short-trimmed,227,c,0.9958
SARS-CoV2-5UTR-Amplicon-short-trimmed,228,c,0.2098
SARS-CoV2-5UTR-Amplicon-short-trimmed,229,c,0.2625
SARS-CoV2-5UTR-Amplicon-short-trimmed,230,t,0.4728
SARS-CoV2-5UTR-Amplicon-short-trimmed,231,g,1.2352
SARS-CoV2-5UTR-Amplicon-short-trimmed,232,g,0.4206
SARS-CoV2-5UTR-Amplicon-short-trimmed,233,t,0.3155
SARS-CoV2-5UTR-Amplicon-short-trimmed,234,t,0.1315
SARS-CoV2-5UTR-Amplicon-short-trimmed,235,t,0.1061
SARS-CoV2-5UTR-Amplicon-short-trimmed,236,c,0.5319
SARS-CoV2-5UTR-Amplicon-short-trimmed,237,a,0.4255
SARS-CoV2-5UTR-Amplicon-short-trimmed,238,a,0.0799
SARS-CoV2-5UTR-Amplicon-short-trimmed,239,c,0.1333
SARS-CoV2-5UTR-Amplicon-short-trimmed,240,g,0.2134
SARS-CoV2-5UTR-Amplicon-short-trimmed,241,a,0
SARS-CoV2-5UTR-Amplicon-short-trimmed,242,g,0
SARS-CoV2-5UTR-Amplicon-short-trimmed,243,g,0
