Region,Position,Ref_base,Mut_percentage
SARS-CoV2-5UTR-Amplicon-short-trimmed,1,t,-0.0265
SARS-CoV2-5UTR-Amplicon-short-trimmed,2,a,0
SARS-CoV2-5UTR-Amplicon-short-trimmed,3,g,0
SARS-CoV2-5UTR-Amplicon-short-trimmed,4,a,0.0526
SARS-CoV2-5UTR-Amplicon-short-trimmed,5,t,0.0788
SARS-CoV2-5UTR-Amplicon-short-trimmed,6,c,0.4988
SARS-CoV2-5UTR-Amplicon-short-trimmed,7,t,0.2356
SARS-CoV2-5UTR-Amplicon-short-trimmed,8,g,0.9146
SARS-CoV2-5UTR-Amplicon-short-trimmed,9,t,1.3292
SARS-CoV2-5UTR-Amplicon-short-trimmed,10,t,0.6247
SARS-CoV2-5UTR-Amplicon-short-trimmed,11,c,0.9103
SARS-CoV2-5UTR-Amplicon-short-trimmed,12,t,0.2597
SARS-CoV2-5UTR-Amplicon-short-trimmed,13,c,0.5193
SARS-CoV2-5UTR-Amplicon-short-trimmed,14,t,0.5968
SARS-CoV2-5UTR-Amplicon-short-trimmed,15,a,5.0518
SARS-CoV2-5UTR-Amplicon-short-trimmed,16,a,0.1035
SARS-CoV2-5UTR-Amplicon-short-trimmed,17,a,0.1811
SARS-CoV2-5UTR-Amplicon-short-trimmed,18,c,0.3102
SARS-CoV2-5UTR-Amplicon-short-trimmed,19,g,0.749
SARS-CoV2-5UTR-Amplicon-short-trimmed,20,a,0.1806
SARS-CoV2-5UTR-Amplicon-short-trimmed,21,a,0.1804
SARS-CoV2-5UTR-Amplicon-short-trimmed,22,c,1.8814
SARS-CoV2-5UTR-Amplicon-short-trimmed,23,t,0.3866
SARS-CoV2-5UTR-Amplicon-short-trimmed,24,t,0.1288
SARS-CoV2-5UTR-Amplicon-short-trimmed,25,t,0.1803
SARS-CoV2-5UTR-Amplicon-short-trimmed,26,a,0.3864
SARS-CoV2-5UTR-Amplicon-short-trimmed,27,a,0.1546
SARS-CoV2-5UTR-Amplicon-short-trimmed,28,a,0.0258
SARS-CoV2-5UTR-Amplicon-short-trimmed,29,a,0.3864
SARS-CoV2-5UTR-Amplicon-short-trimmed,30,t,0.2575
SARS-CoV2-5UTR-Amplicon-short-trimmed,31,c,0.4119
SARS-CoV2-5UTR-Amplicon-short-trimmed,32,t,0.2317
SARS-CoV2-5UTR-Amplicon-short-trimmed,33,g,0.3602
SARS-CoV2-5UTR-Amplicon-short-trimmed,34,t,0.2058
SARS-CoV2-5UTR-Amplicon-short-trimmed,35,g,0.3086
SARS-CoV2-5UTR-Amplicon-short-trimmed,36,t,0.7459
SARS-CoV2-5UTR-Amplicon-short-trimmed,37,g,0.2057
SARS-CoV2-5UTR-Amplicon-short-trimmed,38,g,0.3342
SARS-CoV2-5UTR-Amplicon-short-trimmed,39,c,0.2045
SARS-CoV2-5UTR-Amplicon-short-trimmed,40,t,0.5368
SARS-CoV2-5UTR-Amplicon-short-trimmed,41,g,0.3323
SARS-CoV2-5UTR-Amplicon-short-trimmed,42,t,0.3579
SARS-CoV2-5UTR-Amplicon-short-trimmed,43,c,0.2299
SARS-CoV2-5UTR-Amplicon-short-trimmed,44,a,0.1788
SARS-CoV2-5UTR-Amplicon-short-trimmed,45,c,0.3321
SARS-CoV2-5UTR-Amplicon-short-trimmed,46,t,0.2298
SARS-CoV2-5UTR-Amplicon-short-trimmed,47,c,0.6387
SARS-CoV2-5UTR-Amplicon-short-trimmed,48,g,0.3832
SARS-CoV2-5UTR-Amplicon-short-trimmed,49,g,0.7665
SARS-CoV2-5UTR-Amplicon-short-trimmed,50,c,0.1521
SARS-CoV2-5UTR-Amplicon-short-trimmed,51,t,0.3042
SARS-CoV2-5UTR-Amplicon-short-trimmed,52,g,0.4056
SARS-CoV2-5UTR-Amplicon-short-trimmed,53,c,0.583
SARS-CoV2-5UTR-Amplicon-short-trimmed,54,g,0.2789
SARS-CoV2-5UTR-Amplicon-short-trimmed,55,t,0.3799
SARS-CoV2-5UTR-Amplicon-short-trimmed,56,g,0.2533
SARS-CoV2-5UTR-Amplicon-short-trimmed,57,c,0.7092
SARS-CoV2-5UTR-Amplicon-short-trimmed,58,t,0.709
SARS-CoV2-5UTR-Amplicon-short-trimmed,59,t,0.8357
SARS-CoV2-5UTR-Amplicon-short-trimmed,60,a,0.3039
SARS-CoV2-5UTR-Amplicon-short-trimmed,61,g,0.076
SARS-CoV2-5UTR-Amplicon-short-trimmed,62,t,0.3039
SARS-CoV2-5UTR-Amplicon-short-trimmed,63,g,0.2279
SARS-CoV2-5UTR-Amplicon-short-trimmed,64,c,0.3545
SARS-CoV2-5UTR-Amplicon-short-trimmed,65,a,0.2532
SARS-CoV2-5UTR-Amplicon-short-trimmed,66,c,0.2786
SARS-CoV2-5UTR-Amplicon-short-trimmed,67,t,0.1773
SARS-CoV2-5UTR-Amplicon-short-trimmed,68,c,0.4809
SARS-CoV2-5UTR-Amplicon-short-trimmed,69,a,0.2531
SARS-CoV2-5UTR-Amplicon-short-trimmed,70,c,0.405
SARS-CoV2-5UTR-Amplicon-short-trimmed,71,g,0.3543
SARS-CoV2-5UTR-Amplicon-short-trimmed,72,c,0.2531
SARS-CoV2-5UTR-Amplicon-short-trimmed,73,a,0.2531
SARS-CoV2-5UTR-Amplicon-short-trimmed,74,g,0.3795
SARS-CoV2-5UTR-Amplicon-short-trimmed,75,t,0.4304
SARS-CoV2-5UTR-Amplicon-short-trimmed,76,a,0.3038
SARS-CoV2-5UTR-Amplicon-short-trimmed,77,t,0.302
SARS-CoV2-5UTR-Amplicon-short-trimmed,78,a,0.2014
SARS-CoV2-5UTR-Amplicon-short-trimmed,79,a,0.2014
SARS-CoV2-5UTR-Amplicon-short-trimmed,80,t,0.1762
SARS-CoV2-5UTR-Amplicon-short-trimmed,81,t,0.3272
SARS-CoV2-5UTR-Amplicon-short-trimmed,82,a,0.3272
SARS-CoV2-5UTR-Amplicon-short-trimmed,83,a,0.5034
SARS-CoV2-5UTR-Amplicon-short-trimmed,84,t,0.2768
SARS-CoV2-5UTR-Amplicon-short-trimmed,85,a,0.5284
SARS-CoV2-5UTR-Amplicon-short-trimmed,86,a,0.2014
SARS-CoV2-5UTR-Amplicon-short-trimmed,87,c,0.5791
SARS-CoV2-5UTR-Amplicon-short-trimmed,88,t,0.3776
SARS-CoV2-5UTR-Amplicon-short-trimmed,89,a,0.2015
SARS-CoV2-5UTR-Amplicon-short-trimmed,90,a,0.1763
SARS-CoV2-5UTR-Amplicon-short-trimmed,91,t,0.252
SARS-CoV2-5UTR-Amplicon-short-trimmed,92,t,0.2771
SARS-CoV2-5UTR-Amplicon-short-trimmed,93,a,0.3779
SARS-CoV2-5UTR-Amplicon-short-trimmed,94,c,0.2769
SARS-CoV2-5UTR-Amplicon-short-trimmed,95,t,0.1511
SARS-CoV2-5UTR-Amplicon-short-trimmed,96,g,0.1259
SARS-CoV2-5UTR-Amplicon-short-trimmed,97,t,0.2266
SARS-CoV2-5UTR-Amplicon-short-trimmed,98,c,0.3777
SARS-CoV2-5UTR-Amplicon-short-trimmed,99,g,0.2771
SARS-CoV2-5UTR-Amplicon-short-trimmed,100,t,0.2268
SARS-CoV2-5UTR-Amplicon-short-trimmed,101,t,0.2256
SARS-CoV2-5UTR-Amplicon-short-trimmed,102,g,0.6263
SARS-CoV2-5UTR-Amplicon-short-trimmed,103,a,0.2505
SARS-CoV2-5UTR-Amplicon-short-trimmed,104,c,0.352
SARS-CoV2-5UTR-Amplicon-short-trimmed,105,a,0.4022
SARS-CoV2-5UTR-Amplicon-short-trimmed,106,g,0.7541
SARS-CoV2-5UTR-Amplicon-short-trimmed,107,g,0.6289
SARS-CoV2-5UTR-Amplicon-short-trimmed,108,a,0.3774
SARS-CoV2-5UTR-Amplicon-short-trimmed,109,c,0.5533
SARS-CoV2-5UTR-Amplicon-short-trimmed,110,a,1.6064
SARS-CoV2-5UTR-Amplicon-short-trimmed,111,c,0.3266
SARS-CoV2-5UTR-Amplicon-short-trimmed,112,g,2.0342
SARS-CoV2-5UTR-Amplicon-short-trimmed,113,a,0.9674
SARS-CoV2-5UTR-Amplicon-short-trimmed,114,g,0.532
SARS-CoV2-5UTR-Amplicon-short-trimmed,115,t,0.5562
SARS-CoV2-5UTR-Amplicon-short-trimmed,116,a,0.9915
SARS-CoV2-5UTR-Amplicon-short-trimmed,117,a,0.3383
SARS-CoV2-5UTR-Amplicon-short-trimmed,118,c,0.4583
SARS-CoV2-5UTR-Amplicon-short-trimmed,119,t,0.5538
SARS-CoV2-5UTR-Amplicon-short-trimmed,120,c,0.9634
SARS-CoV2-5UTR-Amplicon-short-trimmed,121,g,0.6981
SARS-CoV2-5UTR-Amplicon-short-trimmed,122,t,0.7931
SARS-CoV2-5UTR-Amplicon-short-trimmed,123,c,0.8413
SARS-CoV2-5UTR-Amplicon-short-trimmed,124,t,1.1773
SARS-CoV2-5UTR-Amplicon-short-trimmed,125,a,0.8163
SARS-CoV2-5UTR-Amplicon-short-trimmed,126,t,0.5518
SARS-CoV2-5UTR-Amplicon-short-trimmed,127,c,0.5994
SARS-CoV2-5UTR-Amplicon-short-trimmed,128,t,0.6466
SARS-CoV2-5UTR-Amplicon-short-trimmed,129,t,0.4547
SARS-CoV2-5UTR-Amplicon-short-trimmed,130,c,0.4784
SARS-CoV2-5UTR-Amplicon-short-trimmed,131,t,0.2151
SARS-CoV2-5UTR-Amplicon-short-trimmed,132,g,0.4537
SARS-CoV2-5UTR-Amplicon-short-trimmed,133,c,0.4057
SARS-CoV2-5UTR-Amplicon-short-trimmed,134,a,0.3337
SARS-CoV2-5UTR-Amplicon-short-trimmed,135,g,0.3507
SARS-CoV2-5UTR-Amplicon-short-trimmed,136,g,0.2333
SARS-CoV2-5UTR-Amplicon-short-trimmed,137,c,0.3934
SARS-CoV2-5UTR-Amplicon-short-trimmed,138,t,0.6238
SARS-CoV2-5UTR-Amplicon-short-trimmed,139,g,0.6234
SARS-CoV2-5UTR-Amplicon-short-trimmed,140,c,0.6003
SARS-CoV2-5UTR-Amplicon-short-trimmed,141,t,0.9469
SARS-CoV2-5UTR-Amplicon-short-trimmed,142,t,0.9005
SARS-CoV2-5UTR-Amplicon-short-trimmed,143,a,0.3924
SARS-CoV2-5UTR-Amplicon-short-trimmed,144,c,0.5308
SARS-CoV2-5UTR-Amplicon-short-trimmed,145,g,0.5077
SARS-CoV2-5UTR-Amplicon-short-trimmed,146,g,0.5077
SARS-CoV2-5UTR-Amplicon-short-trimmed,147,t,0.5539
SARS-CoV2-5UTR-Amplicon-short-trimmed,148,t,0.2077
SARS-CoV2-5UTR-Amplicon-short-trimmed,149,t,0.4382
SARS-CoV2-5UTR-Amplicon-short-trimmed,150,c,0.9686
SARS-CoV2-5UTR-Amplicon-short-trimmed,151,g,0.4843
SARS-CoV2-5UTR-Amplicon-short-trimmed,152,t,0.5074
SARS-CoV2-5UTR-Amplicon-short-trimmed,153,c,0.7841
SARS-CoV2-5UTR-Amplicon-short-trimmed,154,c,0.8301
SARS-CoV2-5UTR-Amplicon-short-trimmed,155,g,0.4843
SARS-CoV2-5UTR-Amplicon-short-trimmed,156,t,1.1301
SARS-CoV2-5UTR-Amplicon-short-trimmed,157,g,0.3689
SARS-CoV2-5UTR-Amplicon-short-trimmed,158,t,0.461
SARS-CoV2-5UTR-Amplicon-short-trimmed,159,t,0.5762
SARS-CoV2-5UTR-Amplicon-short-trimmed,160,g,0.4986
SARS-CoV2-5UTR-Amplicon-short-trimmed,161,c,0.5212
SARS-CoV2-5UTR-Amplicon-short-trimmed,162,a,0.4757
SARS-CoV2-5UTR-Amplicon-short-trimmed,163,g,0.6111
SARS-CoV2-5UTR-Amplicon-short-trimmed,164,c,0.3395
SARS-CoV2-5UTR-Amplicon-short-trimmed,165,c,0.3398
SARS-CoV2-5UTR-Amplicon-short-trimmed,166,g,1.3391
SARS-CoV2-5UTR-Amplicon-short-trimmed,167,a,0.4087
SARS-CoV2-5UTR-Amplicon-short-trimmed,168,t,0.409
SARS-CoV2-5UTR-Amplicon-short-trimmed,169,c,1.0447
SARS-CoV2-5UTR-Amplicon-short-trimmed,170,a,2.5437
SARS-CoV2-5UTR-Amplicon-short-trimmed,171,t,0.2953
SARS-CoV2-5UTR-Amplicon-short-trimmed,172,c,1.8628
SARS-CoV2-5UTR-Amplicon-short-trimmed,173,a,3.7264
SARS-CoV2-5UTR-Amplicon-short-trimmed,174,g,3.681
SARS-CoV2-5UTR-Amplicon-short-trimmed,175,c,0.5225
SARS-CoV2-5UTR-Amplicon-short-trimmed,176,a,1.4997
SARS-CoV2-5UTR-Amplicon-short-trimmed,177,c,0.2499
SARS-CoV2-5UTR-Amplicon-short-trimmed,178,a,0.9087
SARS-CoV2-5UTR-Amplicon-short-trimmed,179,t,0.4546
SARS-CoV2-5UTR-Amplicon-short-trimmed,180,c,1.0002
SARS-CoV2-5UTR-Amplicon-short-trimmed,181,t,1.0684
SARS-CoV2-5UTR-Amplicon-short-trimmed,182,a,0.7502
SARS-CoV2-5UTR-Amplicon-short-trimmed,183,g,0.682
SARS-CoV2-5UTR-Amplicon-short-trimmed,184,g,0.5457
SARS-CoV2-5UTR-Amplicon-short-trimmed,185,t,0.6806
SARS-CoV2-5UTR-Amplicon-short-trimmed,186,t,0.4764
SARS-CoV2-5UTR-Amplicon-short-trimmed,187,t,0.4084
SARS-CoV2-5UTR-Amplicon-short-trimmed,188,c,0.7037
SARS-CoV2-5UTR-Amplicon-short-trimmed,189,g,0.2497
SARS-CoV2-5UTR-Amplicon-short-trimmed,190,t,0.1817
SARS-CoV2-5UTR-Amplicon-short-trimmed,191,c,0.5225
SARS-CoV2-5UTR-Amplicon-short-trimmed,192,c,0.6817
SARS-CoV2-5UTR-Amplicon-short-trimmed,193,g,0.75
SARS-CoV2-5UTR-Amplicon-short-trimmed,194,g,0.5006
SARS-CoV2-5UTR-Amplicon-short-trimmed,195,g,0.7286
SARS-CoV2-5UTR-Amplicon-short-trimmed,196,t,0.5996
SARS-CoV2-5UTR-Amplicon-short-trimmed,197,g,0.3
SARS-CoV2-5UTR-Amplicon-short-trimmed,198,t,0.3233
SARS-CoV2-5UTR-Amplicon-short-trimmed,199,g,0.5544
SARS-CoV2-5UTR-Amplicon-short-trimmed,200,a,0.7861
SARS-CoV2-5UTR-Amplicon-short-trimmed,201,c,0.3699
SARS-CoV2-5UTR-Amplicon-short-trimmed,202,c,0.6012
SARS-CoV2-5UTR-Amplicon-short-trimmed,203,g,0.8792
SARS-CoV2-5UTR-Amplicon-short-trimmed,204,a,1.0412
SARS-CoV2-5UTR-Amplicon-short-trimmed,205,a,0.3933
SARS-CoV2-5UTR-Amplicon-short-trimmed,206,a,0.3702
SARS-CoV2-5UTR-Amplicon-short-trimmed,207,g,0.5322
SARS-CoV2-5UTR-Amplicon-short-trimmed,208,g,0.2776
SARS-CoV2-5UTR-Amplicon-short-trimmed,209,t,0.6016
SARS-CoV2-5UTR-Amplicon-short-trimmed,210,a,0.8329
SARS-CoV2-5UTR-Amplicon-short-trimmed,211,a,0.2777
SARS-CoV2-5UTR-Amplicon-short-trimmed,212,g,0.3009
SARS-CoV2-5UTR-Amplicon-short-trimmed,213,a,0.2546
SARS-CoV2-5UTR-Amplicon-short-trimmed,214,t,0.1622
SARS-CoV2-5UTR-Amplicon-short-trimmed,215,g,0.8349
SARS-CoV2-5UTR-Amplicon-short-trimmed,216,g,0.557
SARS-CoV2-5UTR-Amplicon-short-trimmed,217,a,0.1625
SARS-CoV2-5UTR-Amplicon-short-trimmed,218,g,0.441
SARS-CoV2-5UTR-Amplicon-short-trimmed,219,a,0.3018
SARS-CoV2-5UTR-Amplicon-short-trimmed,220,g,0.653
SARS-CoV2-5UTR-Amplicon-short-trimmed,221,c,0.3266
SARS-CoV2-5UTR-Amplicon-short-trimmed,222,c,0.3734
SARS-CoV2-5UTR-Amplicon-short-trimmed,223,t,0.6069
SARS-CoV2-5UTR-Amplicon-short-trimmed,224,t,0.2334
SARS-CoV2-5UTR-Amplicon-short-trimmed,225,g,0.3735
SARS-CoV2-5UTR-Amplicon-short-trimmed,226,t,0.467
SARS-CoV2-5UTR-Amplicon-short-trimmed,227,c,0.9341
SARS-CoV2-5UTR-Amplicon-short-trimmed,228,c,0.2338
SARS-CoV2-5UTR-Amplicon-short-trimmed,229,c,0.4214
SARS-CoV2-5UTR-Amplicon-short-trimmed,230,t,0.7498
SARS-CoV2-5UTR-Amplicon-short-trimmed,231,g,1.5702
SARS-CoV2-5UTR-Amplicon-short-trimmed,232,g,0.3985
SARS-CoV2-5UTR-Amplicon-short-trimmed,233,t,0.0938
SARS-CoV2-5UTR-Amplicon-short-trimmed,234,t,0.0703
SARS-CoV2-5UTR-Amplicon-short-trimmed,235,t,0.1897
SARS-CoV2-5UTR-Amplicon-short-trimmed,236,c,0.5698
SARS-CoV2-5UTR-Amplicon-short-trimmed,237,a,0.1901
SARS-CoV2-5UTR-Amplicon-short-trimmed,238,a,0.095
SARS-CoV2-5UTR-Amplicon-short-trimmed,239,c,0.1188
SARS-CoV2-5UTR-Amplicon-short-trimmed,240,g,0.3095
SARS-CoV2-5UTR-Amplicon-short-trimmed,241,a,0
SARS-CoV2-5UTR-Amplicon-short-trimmed,242,g,0
SARS-CoV2-5UTR-Amplicon-short-trimmed,243,g,0
