Region,Position,Ref_base,Mut_percentage
SARS-CoV2-5UTR-Amplicon-short-trimmed,1,t,0
SARS-CoV2-5UTR-Amplicon-short-trimmed,2,a,0
SARS-CoV2-5UTR-Amplicon-short-trimmed,3,g,0
SARS-CoV2-5UTR-Amplicon-short-trimmed,4,a,0
SARS-CoV2-5UTR-Amplicon-short-trimmed,5,t,0.1591
SARS-CoV2-5UTR-Amplicon-short-trimmed,6,c,0.5033
SARS-CoV2-5UTR-Amplicon-short-trimmed,7,t,0.4217
SARS-CoV2-5UTR-Amplicon-short-trimmed,8,g,0.4738
SARS-CoV2-5UTR-Amplicon-short-trimmed,9,t,1.2605
SARS-CoV2-5UTR-Amplicon-short-trimmed,10,t,0.551
SARS-CoV2-5UTR-Amplicon-short-trimmed,11,c,0.9441
SARS-CoV2-5UTR-Amplicon-short-trimmed,12,t,0.4706
SARS-CoV2-5UTR-Amplicon-short-trimmed,13,c,1.15
SARS-CoV2-5UTR-Amplicon-short-trimmed,14,t,0.888
SARS-CoV2-5UTR-Amplicon-short-trimmed,15,a,4.9283
SARS-CoV2-5UTR-Amplicon-short-trimmed,16,a,0.1825
SARS-CoV2-5UTR-Amplicon-short-trimmed,17,a,0.3127
SARS-CoV2-5UTR-Amplicon-short-trimmed,18,c,0.3388
SARS-CoV2-5UTR-Amplicon-short-trimmed,19,g,1.1985
SARS-CoV2-5UTR-Amplicon-short-trimmed,20,a,0.4427
SARS-CoV2-5UTR-Amplicon-short-trimmed,21,a,0.4688
SARS-CoV2-5UTR-Amplicon-short-trimmed,22,c,2.3177
SARS-CoV2-5UTR-Amplicon-short-trimmed,23,t,0.5729
SARS-CoV2-5UTR-Amplicon-short-trimmed,24,t,0.1302
SARS-CoV2-5UTR-Amplicon-short-trimmed,25,t,0.1302
SARS-CoV2-5UTR-Amplicon-short-trimmed,26,a,0.3906
SARS-CoV2-5UTR-Amplicon-short-trimmed,27,a,0.1042
SARS-CoV2-5UTR-Amplicon-short-trimmed,28,a,0.0521
SARS-CoV2-5UTR-Amplicon-short-trimmed,29,a,0.1562
SARS-CoV2-5UTR-Amplicon-short-trimmed,30,t,0.2343
SARS-CoV2-5UTR-Amplicon-short-trimmed,31,c,0.3904
SARS-CoV2-5UTR-Amplicon-short-trimmed,32,t,0.3383
SARS-CoV2-5UTR-Amplicon-short-trimmed,33,g,0.3381
SARS-CoV2-5UTR-Amplicon-short-trimmed,34,t,0.3121
SARS-CoV2-5UTR-Amplicon-short-trimmed,35,g,0.156
SARS-CoV2-5UTR-Amplicon-short-trimmed,36,t,0.4941
SARS-CoV2-5UTR-Amplicon-short-trimmed,37,g,0.2861
SARS-CoV2-5UTR-Amplicon-short-trimmed,38,g,0.2601
SARS-CoV2-5UTR-Amplicon-short-trimmed,39,c,0.4159
SARS-CoV2-5UTR-Amplicon-short-trimmed,40,t,0.5719
SARS-CoV2-5UTR-Amplicon-short-trimmed,41,g,0.4419
SARS-CoV2-5UTR-Amplicon-short-trimmed,42,t,0.2859
SARS-CoV2-5UTR-Amplicon-short-trimmed,43,c,0.1819
SARS-CoV2-5UTR-Amplicon-short-trimmed,44,a,0.5457
SARS-CoV2-5UTR-Amplicon-short-trimmed,45,c,0.3897
SARS-CoV2-5UTR-Amplicon-short-trimmed,46,t,0.3378
SARS-CoV2-5UTR-Amplicon-short-trimmed,47,c,0.8054
SARS-CoV2-5UTR-Amplicon-short-trimmed,48,g,0.3378
SARS-CoV2-5UTR-Amplicon-short-trimmed,49,g,0.5196
SARS-CoV2-5UTR-Amplicon-short-trimmed,50,c,0.1295
SARS-CoV2-5UTR-Amplicon-short-trimmed,51,t,0.3626
SARS-CoV2-5UTR-Amplicon-short-trimmed,52,g,0.5439
SARS-CoV2-5UTR-Amplicon-short-trimmed,53,c,0.6993
SARS-CoV2-5UTR-Amplicon-short-trimmed,54,g,0.492
SARS-CoV2-5UTR-Amplicon-short-trimmed,55,t,0.466
SARS-CoV2-5UTR-Amplicon-short-trimmed,56,g,0.3365
SARS-CoV2-5UTR-Amplicon-short-trimmed,57,c,0.5177
SARS-CoV2-5UTR-Amplicon-short-trimmed,58,t,0.4918
SARS-CoV2-5UTR-Amplicon-short-trimmed,59,t,0.7248
SARS-CoV2-5UTR-Amplicon-short-trimmed,60,a,0.4917
SARS-CoV2-5UTR-Amplicon-short-trimmed,61,g,0.3881
SARS-CoV2-5UTR-Amplicon-short-trimmed,62,t,0.2587
SARS-CoV2-5UTR-Amplicon-short-trimmed,63,g,0.1552
SARS-CoV2-5UTR-Amplicon-short-trimmed,64,c,0.4916
SARS-CoV2-5UTR-Amplicon-short-trimmed,65,a,0.2847
SARS-CoV2-5UTR-Amplicon-short-trimmed,66,c,0.2329
SARS-CoV2-5UTR-Amplicon-short-trimmed,67,t,0.1812
SARS-CoV2-5UTR-Amplicon-short-trimmed,68,c,0.3105
SARS-CoV2-5UTR-Amplicon-short-trimmed,69,a,0.3364
SARS-CoV2-5UTR-Amplicon-short-trimmed,70,c,0.0776
SARS-CoV2-5UTR-Amplicon-short-trimmed,71,g,0.4139
SARS-CoV2-5UTR-Amplicon-short-trimmed,72,c,0.2845
SARS-CoV2-5UTR-Amplicon-short-trimmed,73,a,0.2845
SARS-CoV2-5UTR-Amplicon-short-trimmed,74,g,0.4915
SARS-CoV2-5UTR-Amplicon-short-trimmed,75,t,0.4397
SARS-CoV2-5UTR-Amplicon-short-trimmed,76,a,0.2587
SARS-CoV2-5UTR-Amplicon-short-trimmed,77,t,0.2841
SARS-CoV2-5UTR-Amplicon-short-trimmed,78,a,0.2583
SARS-CoV2-5UTR-Amplicon-short-trimmed,79,a,0.155
SARS-CoV2-5UTR-Amplicon-short-trimmed,80,t,0.155
SARS-CoV2-5UTR-Amplicon-short-trimmed,81,t,0.2841
SARS-CoV2-5UTR-Amplicon-short-trimmed,82,a,0.2066
SARS-CoV2-5UTR-Amplicon-short-trimmed,83,a,0.2841
SARS-CoV2-5UTR-Amplicon-short-trimmed,84,t,0.0517
SARS-CoV2-5UTR-Amplicon-short-trimmed,85,a,0.3099
SARS-CoV2-5UTR-Amplicon-short-trimmed,86,a,0.2583
SARS-CoV2-5UTR-Amplicon-short-trimmed,87,c,0.3357
SARS-CoV2-5UTR-Amplicon-short-trimmed,88,t,0.2841
SARS-CoV2-5UTR-Amplicon-short-trimmed,89,a,0.3099
SARS-CoV2-5UTR-Amplicon-short-trimmed,90,a,0.1291
SARS-CoV2-5UTR-Amplicon-short-trimmed,91,t,0.2066
SARS-CoV2-5UTR-Amplicon-short-trimmed,92,t,0.1033
SARS-CoV2-5UTR-Amplicon-short-trimmed,93,a,0.284
SARS-CoV2-5UTR-Amplicon-short-trimmed,94,c,0.3871
SARS-CoV2-5UTR-Amplicon-short-trimmed,95,t,0.3097
SARS-CoV2-5UTR-Amplicon-short-trimmed,96,g,0.3613
SARS-CoV2-5UTR-Amplicon-short-trimmed,97,t,0.1548
SARS-CoV2-5UTR-Amplicon-short-trimmed,98,c,0.3096
SARS-CoV2-5UTR-Amplicon-short-trimmed,99,g,0.5937
SARS-CoV2-5UTR-Amplicon-short-trimmed,100,t,0.2839
SARS-CoV2-5UTR-Amplicon-short-trimmed,101,t,0.1805
SARS-CoV2-5UTR-Amplicon-short-trimmed,102,g,0.6443
SARS-CoV2-5UTR-Amplicon-short-trimmed,103,a,0.335
SARS-CoV2-5UTR-Amplicon-short-trimmed,104,c,0.309
SARS-CoV2-5UTR-Amplicon-short-trimmed,105,a,0.6437
SARS-CoV2-5UTR-Amplicon-short-trimmed,106,g,1.1843
SARS-CoV2-5UTR-Amplicon-short-trimmed,107,g,0.7979
SARS-CoV2-5UTR-Amplicon-short-trimmed,108,a,0.7463
SARS-CoV2-5UTR-Amplicon-short-trimmed,109,c,1.0046
SARS-CoV2-5UTR-Amplicon-short-trimmed,110,a,2.1107
SARS-CoV2-5UTR-Amplicon-short-trimmed,111,c,0.4117
SARS-CoV2-5UTR-Amplicon-short-trimmed,112,g,2.3926
SARS-CoV2-5UTR-Amplicon-short-trimmed,113,a,1.4136
SARS-CoV2-5UTR-Amplicon-short-trimmed,114,g,0.4388
SARS-CoV2-5UTR-Amplicon-short-trimmed,115,t,0.5608
SARS-CoV2-5UTR-Amplicon-short-trimmed,116,a,0.7803
SARS-CoV2-5UTR-Amplicon-short-trimmed,117,a,0.3658
SARS-CoV2-5UTR-Amplicon-short-trimmed,118,c,0.2925
SARS-CoV2-5UTR-Amplicon-short-trimmed,119,t,0.341
SARS-CoV2-5UTR-Amplicon-short-trimmed,120,c,0.7305
SARS-CoV2-5UTR-Amplicon-short-trimmed,121,g,0.5841
SARS-CoV2-5UTR-Amplicon-short-trimmed,122,t,0.6809
SARS-CoV2-5UTR-Amplicon-short-trimmed,123,c,0.7782
SARS-CoV2-5UTR-Amplicon-short-trimmed,124,t,1.2883
SARS-CoV2-5UTR-Amplicon-short-trimmed,125,a,0.4375
SARS-CoV2-5UTR-Amplicon-short-trimmed,126,t,0.4618
SARS-CoV2-5UTR-Amplicon-short-trimmed,127,c,0.5592
SARS-CoV2-5UTR-Amplicon-short-trimmed,128,t,0.7289
SARS-CoV2-5UTR-Amplicon-short-trimmed,129,t,0.3158
SARS-CoV2-5UTR-Amplicon-short-trimmed,130,c,0.7287
SARS-CoV2-5UTR-Amplicon-short-trimmed,131,t,0.3401
SARS-CoV2-5UTR-Amplicon-short-trimmed,132,g,0.5587
SARS-CoV2-5UTR-Amplicon-short-trimmed,133,c,0.3886
SARS-CoV2-5UTR-Amplicon-short-trimmed,134,a,0.4129
SARS-CoV2-5UTR-Amplicon-short-trimmed,135,g,0.2642
SARS-CoV2-5UTR-Amplicon-short-trimmed,136,g,0.2162
SARS-CoV2-5UTR-Amplicon-short-trimmed,137,c,0.2882
SARS-CoV2-5UTR-Amplicon-short-trimmed,138,t,0.5762
SARS-CoV2-5UTR-Amplicon-short-trimmed,139,g,0.6723
SARS-CoV2-5UTR-Amplicon-short-trimmed,140,c,0.4321
SARS-CoV2-5UTR-Amplicon-short-trimmed,141,t,0.6719
SARS-CoV2-5UTR-Amplicon-short-trimmed,142,t,0.624
SARS-CoV2-5UTR-Amplicon-short-trimmed,143,a,0.432
SARS-CoV2-5UTR-Amplicon-short-trimmed,144,c,0.6721
SARS-CoV2-5UTR-Amplicon-short-trimmed,145,g,0.504
SARS-CoV2-5UTR-Amplicon-short-trimmed,146,g,0.576
SARS-CoV2-5UTR-Amplicon-short-trimmed,147,t,0.7436
SARS-CoV2-5UTR-Amplicon-short-trimmed,148,t,0.3838
SARS-CoV2-5UTR-Amplicon-short-trimmed,149,t,0.3118
SARS-CoV2-5UTR-Amplicon-short-trimmed,150,c,1.2713
SARS-CoV2-5UTR-Amplicon-short-trimmed,151,g,0.5276
SARS-CoV2-5UTR-Amplicon-short-trimmed,152,t,0.6954
SARS-CoV2-5UTR-Amplicon-short-trimmed,153,c,0.9353
SARS-CoV2-5UTR-Amplicon-short-trimmed,154,c,1.1519
SARS-CoV2-5UTR-Amplicon-short-trimmed,155,g,0.7919
SARS-CoV2-5UTR-Amplicon-short-trimmed,156,t,1.6079
SARS-CoV2-5UTR-Amplicon-short-trimmed,157,g,0.528
SARS-CoV2-5UTR-Amplicon-short-trimmed,158,t,0.4321
SARS-CoV2-5UTR-Amplicon-short-trimmed,159,t,0.8401
SARS-CoV2-5UTR-Amplicon-short-trimmed,160,g,0.4753
SARS-CoV2-5UTR-Amplicon-short-trimmed,161,c,0.5942
SARS-CoV2-5UTR-Amplicon-short-trimmed,162,a,0.8319
SARS-CoV2-5UTR-Amplicon-short-trimmed,163,g,0.6893
SARS-CoV2-5UTR-Amplicon-short-trimmed,164,c,0.6186
SARS-CoV2-5UTR-Amplicon-short-trimmed,165,c,0.6665
SARS-CoV2-5UTR-Amplicon-short-trimmed,166,g,1.0719
SARS-CoV2-5UTR-Amplicon-short-trimmed,167,a,0.6433
SARS-CoV2-5UTR-Amplicon-short-trimmed,168,t,0.4051
SARS-CoV2-5UTR-Amplicon-short-trimmed,169,c,1.4058
SARS-CoV2-5UTR-Amplicon-short-trimmed,170,a,2.7162
SARS-CoV2-5UTR-Amplicon-short-trimmed,171,t,0.3336
SARS-CoV2-5UTR-Amplicon-short-trimmed,172,c,2.2635
SARS-CoV2-5UTR-Amplicon-short-trimmed,173,a,4.3116
SARS-CoV2-5UTR-Amplicon-short-trimmed,174,g,4.5725
SARS-CoV2-5UTR-Amplicon-short-trimmed,175,c,0.5479
SARS-CoV2-5UTR-Amplicon-short-trimmed,176,a,1.2863
SARS-CoV2-5UTR-Amplicon-short-trimmed,177,c,0.1189
SARS-CoV2-5UTR-Amplicon-short-trimmed,178,a,0.5945
SARS-CoV2-5UTR-Amplicon-short-trimmed,179,t,0.4994
SARS-CoV2-5UTR-Amplicon-short-trimmed,180,c,0.8799
SARS-CoV2-5UTR-Amplicon-short-trimmed,181,t,0.7134
SARS-CoV2-5UTR-Amplicon-short-trimmed,182,a,0.7372
SARS-CoV2-5UTR-Amplicon-short-trimmed,183,g,0.3329
SARS-CoV2-5UTR-Amplicon-short-trimmed,184,g,0.3567
SARS-CoV2-5UTR-Amplicon-short-trimmed,185,t,0.4039
SARS-CoV2-5UTR-Amplicon-short-trimmed,186,t,0.3089
SARS-CoV2-5UTR-Amplicon-short-trimmed,187,t,0.5227
SARS-CoV2-5UTR-Amplicon-short-trimmed,188,c,1.236
SARS-CoV2-5UTR-Amplicon-short-trimmed,189,g,0.2375
SARS-CoV2-5UTR-Amplicon-short-trimmed,190,t,0.3326
SARS-CoV2-5UTR-Amplicon-short-trimmed,191,c,0.8791
SARS-CoV2-5UTR-Amplicon-short-trimmed,192,c,0.9268
SARS-CoV2-5UTR-Amplicon-short-trimmed,193,g,1.0456
SARS-CoV2-5UTR-Amplicon-short-trimmed,194,g,0.4529
SARS-CoV2-5UTR-Amplicon-short-trimmed,195,g,0.8582
SARS-CoV2-5UTR-Amplicon-short-trimmed,196,t,0.7634
SARS-CoV2-5UTR-Amplicon-short-trimmed,197,g,0.334
SARS-CoV2-5UTR-Amplicon-short-trimmed,198,t,0.334
SARS-CoV2-5UTR-Amplicon-short-trimmed,199,g,0.6444
SARS-CoV2-5UTR-Amplicon-short-trimmed,200,a,0.5012
SARS-CoV2-5UTR-Amplicon-short-trimmed,201,c,0.4536
SARS-CoV2-5UTR-Amplicon-short-trimmed,202,c,0.6684
SARS-CoV2-5UTR-Amplicon-short-trimmed,203,g,1.313
SARS-CoV2-5UTR-Amplicon-short-trimmed,204,a,1.2652
SARS-CoV2-5UTR-Amplicon-short-trimmed,205,a,0.4058
SARS-CoV2-5UTR-Amplicon-short-trimmed,206,a,0.5252
SARS-CoV2-5UTR-Amplicon-short-trimmed,207,g,0.7165
SARS-CoV2-5UTR-Amplicon-short-trimmed,208,g,0.4299
SARS-CoV2-5UTR-Amplicon-short-trimmed,209,t,0.9076
SARS-CoV2-5UTR-Amplicon-short-trimmed,210,a,1.0748
SARS-CoV2-5UTR-Amplicon-short-trimmed,211,a,0.406
SARS-CoV2-5UTR-Amplicon-short-trimmed,212,g,0.5016
SARS-CoV2-5UTR-Amplicon-short-trimmed,213,a,0.3344
SARS-CoV2-5UTR-Amplicon-short-trimmed,214,t,0.2867
SARS-CoV2-5UTR-Amplicon-short-trimmed,215,g,0.86
SARS-CoV2-5UTR-Amplicon-short-trimmed,216,g,0.3585
SARS-CoV2-5UTR-Amplicon-short-trimmed,217,a,0.4302
SARS-CoV2-5UTR-Amplicon-short-trimmed,218,g,0.5497
SARS-CoV2-5UTR-Amplicon-short-trimmed,219,a,0.263
SARS-CoV2-5UTR-Amplicon-short-trimmed,220,g,0.5023
SARS-CoV2-5UTR-Amplicon-short-trimmed,221,c,0.4306
SARS-CoV2-5UTR-Amplicon-short-trimmed,222,c,0.4067
SARS-CoV2-5UTR-Amplicon-short-trimmed,223,t,0.4786
SARS-CoV2-5UTR-Amplicon-short-trimmed,224,t,0.2154
SARS-CoV2-5UTR-Amplicon-short-trimmed,225,g,0.0957
SARS-CoV2-5UTR-Amplicon-short-trimmed,226,t,0.5026
SARS-CoV2-5UTR-Amplicon-short-trimmed,227,c,0.9097
SARS-CoV2-5UTR-Amplicon-short-trimmed,228,c,0.2635
SARS-CoV2-5UTR-Amplicon-short-trimmed,229,c,0.4554
SARS-CoV2-5UTR-Amplicon-short-trimmed,230,t,0.6716
SARS-CoV2-5UTR-Amplicon-short-trimmed,231,g,0.7199
SARS-CoV2-5UTR-Amplicon-short-trimmed,232,g,0.4562
SARS-CoV2-5UTR-Amplicon-short-trimmed,233,t,0.1921
SARS-CoV2-5UTR-Amplicon-short-trimmed,234,t,0.12
SARS-CoV2-5UTR-Amplicon-short-trimmed,235,t,0.0962
SARS-CoV2-5UTR-Amplicon-short-trimmed,236,c,0.4829
SARS-CoV2-5UTR-Amplicon-short-trimmed,237,a,0.6523
SARS-CoV2-5UTR-Amplicon-short-trimmed,238,a,0
SARS-CoV2-5UTR-Amplicon-short-trimmed,239,c,0.0967
SARS-CoV2-5UTR-Amplicon-short-trimmed,240,g,0.3156
SARS-CoV2-5UTR-Amplicon-short-trimmed,241,a,0
SARS-CoV2-5UTR-Amplicon-short-trimmed,242,g,0
SARS-CoV2-5UTR-Amplicon-short-trimmed,243,g,0
