Region,Position,Ref_base,Mut_percentage
SARS-CoV2-5UTR-Amplicon-short-trimmed,1,t,-0.0238
SARS-CoV2-5UTR-Amplicon-short-trimmed,2,a,0
SARS-CoV2-5UTR-Amplicon-short-trimmed,3,g,0
SARS-CoV2-5UTR-Amplicon-short-trimmed,4,a,0
SARS-CoV2-5UTR-Amplicon-short-trimmed,5,t,0.047
SARS-CoV2-5UTR-Amplicon-short-trimmed,6,c,0.3991
SARS-CoV2-5UTR-Amplicon-short-trimmed,7,t,0.421
SARS-CoV2-5UTR-Amplicon-short-trimmed,8,g,0.5368
SARS-CoV2-5UTR-Amplicon-short-trimmed,9,t,0.8153
SARS-CoV2-5UTR-Amplicon-short-trimmed,10,t,0.6515
SARS-CoV2-5UTR-Amplicon-short-trimmed,11,c,0.9068
SARS-CoV2-5UTR-Amplicon-short-trimmed,12,t,0.3945
SARS-CoV2-5UTR-Amplicon-short-trimmed,13,c,0.9281
SARS-CoV2-5UTR-Amplicon-short-trimmed,14,t,0.9034
SARS-CoV2-5UTR-Amplicon-short-trimmed,15,a,4.8797
SARS-CoV2-5UTR-Amplicon-short-trimmed,16,a,0.0693
SARS-CoV2-5UTR-Amplicon-short-trimmed,17,a,0.0693
SARS-CoV2-5UTR-Amplicon-short-trimmed,18,c,0.1386
SARS-CoV2-5UTR-Amplicon-short-trimmed,19,g,0.9231
SARS-CoV2-5UTR-Amplicon-short-trimmed,20,a,0.1614
SARS-CoV2-5UTR-Amplicon-short-trimmed,21,a,0.2534
SARS-CoV2-5UTR-Amplicon-short-trimmed,22,c,0.6447
SARS-CoV2-5UTR-Amplicon-short-trimmed,23,t,0.3681
SARS-CoV2-5UTR-Amplicon-short-trimmed,24,t,0.115
SARS-CoV2-5UTR-Amplicon-short-trimmed,25,t,0.23
SARS-CoV2-5UTR-Amplicon-short-trimmed,26,a,0.3451
SARS-CoV2-5UTR-Amplicon-short-trimmed,27,a,0.161
SARS-CoV2-5UTR-Amplicon-short-trimmed,28,a,0.138
SARS-CoV2-5UTR-Amplicon-short-trimmed,29,a,0.4597
SARS-CoV2-5UTR-Amplicon-short-trimmed,30,t,0.5516
SARS-CoV2-5UTR-Amplicon-short-trimmed,31,c,0.3904
SARS-CoV2-5UTR-Amplicon-short-trimmed,32,t,0.2526
SARS-CoV2-5UTR-Amplicon-short-trimmed,33,g,0.2524
SARS-CoV2-5UTR-Amplicon-short-trimmed,34,t,0.2522
SARS-CoV2-5UTR-Amplicon-short-trimmed,35,g,0.1376
SARS-CoV2-5UTR-Amplicon-short-trimmed,36,t,0.3438
SARS-CoV2-5UTR-Amplicon-short-trimmed,37,g,0.3209
SARS-CoV2-5UTR-Amplicon-short-trimmed,38,g,0.252
SARS-CoV2-5UTR-Amplicon-short-trimmed,39,c,0.5001
SARS-CoV2-5UTR-Amplicon-short-trimmed,40,t,0.7727
SARS-CoV2-5UTR-Amplicon-short-trimmed,41,g,0.4318
SARS-CoV2-5UTR-Amplicon-short-trimmed,42,t,0.409
SARS-CoV2-5UTR-Amplicon-short-trimmed,43,c,0.5226
SARS-CoV2-5UTR-Amplicon-short-trimmed,44,a,0.5453
SARS-CoV2-5UTR-Amplicon-short-trimmed,45,c,0.6817
SARS-CoV2-5UTR-Amplicon-short-trimmed,46,t,0.6135
SARS-CoV2-5UTR-Amplicon-short-trimmed,47,c,0.8634
SARS-CoV2-5UTR-Amplicon-short-trimmed,48,g,0.4316
SARS-CoV2-5UTR-Amplicon-short-trimmed,49,g,0.2499
SARS-CoV2-5UTR-Amplicon-short-trimmed,50,c,0.2673
SARS-CoV2-5UTR-Amplicon-short-trimmed,51,t,0.4909
SARS-CoV2-5UTR-Amplicon-short-trimmed,52,g,0.5804
SARS-CoV2-5UTR-Amplicon-short-trimmed,53,c,0.6698
SARS-CoV2-5UTR-Amplicon-short-trimmed,54,g,0.4466
SARS-CoV2-5UTR-Amplicon-short-trimmed,55,t,0.4907
SARS-CoV2-5UTR-Amplicon-short-trimmed,56,g,0.2231
SARS-CoV2-5UTR-Amplicon-short-trimmed,57,c,1.4726
SARS-CoV2-5UTR-Amplicon-short-trimmed,58,t,1.4502
SARS-CoV2-5UTR-Amplicon-short-trimmed,59,t,1.8299
SARS-CoV2-5UTR-Amplicon-short-trimmed,60,a,0.3794
SARS-CoV2-5UTR-Amplicon-short-trimmed,61,g,0.3123
SARS-CoV2-5UTR-Amplicon-short-trimmed,62,t,0.4459
SARS-CoV2-5UTR-Amplicon-short-trimmed,63,g,0.223
SARS-CoV2-5UTR-Amplicon-short-trimmed,64,c,0.2229
SARS-CoV2-5UTR-Amplicon-short-trimmed,65,a,0.2006
SARS-CoV2-5UTR-Amplicon-short-trimmed,66,c,0.1337
SARS-CoV2-5UTR-Amplicon-short-trimmed,67,t,0.2007
SARS-CoV2-5UTR-Amplicon-short-trimmed,68,c,0.5129
SARS-CoV2-5UTR-Amplicon-short-trimmed,69,a,0.1561
SARS-CoV2-5UTR-Amplicon-short-trimmed,70,c,0.3121
SARS-CoV2-5UTR-Amplicon-short-trimmed,71,g,0.2004
SARS-CoV2-5UTR-Amplicon-short-trimmed,72,c,0.2227
SARS-CoV2-5UTR-Amplicon-short-trimmed,73,a,0.2449
SARS-CoV2-5UTR-Amplicon-short-trimmed,74,g,0.2003
SARS-CoV2-5UTR-Amplicon-short-trimmed,75,t,0.3796
SARS-CoV2-5UTR-Amplicon-short-trimmed,76,a,0.1787
SARS-CoV2-5UTR-Amplicon-short-trimmed,77,t,0.2226
SARS-CoV2-5UTR-Amplicon-short-trimmed,78,a,0.1781
SARS-CoV2-5UTR-Amplicon-short-trimmed,79,a,0.1113
SARS-CoV2-5UTR-Amplicon-short-trimmed,80,t,0.0891
SARS-CoV2-5UTR-Amplicon-short-trimmed,81,t,0.1559
SARS-CoV2-5UTR-Amplicon-short-trimmed,82,a,0.2228
SARS-CoV2-5UTR-Amplicon-short-trimmed,83,a,0.3119
SARS-CoV2-5UTR-Amplicon-short-trimmed,84,t,0.1115
SARS-CoV2-5UTR-Amplicon-short-trimmed,85,a,0.2452
SARS-CoV2-5UTR-Amplicon-short-trimmed,86,a,0.1337
SARS-CoV2-5UTR-Amplicon-short-trimmed,87,c,0.3123
SARS-CoV2-5UTR-Amplicon-short-trimmed,88,t,0.2677
SARS-CoV2-5UTR-Amplicon-short-trimmed,89,a,0.1117
SARS-CoV2-5UTR-Amplicon-short-trimmed,90,a,0.0893
SARS-CoV2-5UTR-Amplicon-short-trimmed,91,t,0.1116
SARS-CoV2-5UTR-Amplicon-short-trimmed,92,t,0.134
SARS-CoV2-5UTR-Amplicon-short-trimmed,93,a,0.134
SARS-CoV2-5UTR-Amplicon-short-trimmed,94,c,0.2456
SARS-CoV2-5UTR-Amplicon-short-trimmed,95,t,0.1787
SARS-CoV2-5UTR-Amplicon-short-trimmed,96,g,0.1787
SARS-CoV2-5UTR-Amplicon-short-trimmed,97,t,0.2009
SARS-CoV2-5UTR-Amplicon-short-trimmed,98,c,0.3573
SARS-CoV2-5UTR-Amplicon-short-trimmed,99,g,0.3126
SARS-CoV2-5UTR-Amplicon-short-trimmed,100,t,0.1563
SARS-CoV2-5UTR-Amplicon-short-trimmed,101,t,0.1556
SARS-CoV2-5UTR-Amplicon-short-trimmed,102,g,0.6667
SARS-CoV2-5UTR-Amplicon-short-trimmed,103,a,0.1334
SARS-CoV2-5UTR-Amplicon-short-trimmed,104,c,0.0226
SARS-CoV2-5UTR-Amplicon-short-trimmed,105,a,0.181
SARS-CoV2-5UTR-Amplicon-short-trimmed,106,g,0.5207
SARS-CoV2-5UTR-Amplicon-short-trimmed,107,g,0.7478
SARS-CoV2-5UTR-Amplicon-short-trimmed,108,a,0.4081
SARS-CoV2-5UTR-Amplicon-short-trimmed,109,c,0.5214
SARS-CoV2-5UTR-Amplicon-short-trimmed,110,a,1.3376
SARS-CoV2-5UTR-Amplicon-short-trimmed,111,c,0.1589
SARS-CoV2-5UTR-Amplicon-short-trimmed,112,g,1.7249
SARS-CoV2-5UTR-Amplicon-short-trimmed,113,a,1.2881
SARS-CoV2-5UTR-Amplicon-short-trimmed,114,g,0.4071
SARS-CoV2-5UTR-Amplicon-short-trimmed,115,t,0.5201
SARS-CoV2-5UTR-Amplicon-short-trimmed,116,a,0.6786
SARS-CoV2-5UTR-Amplicon-short-trimmed,117,a,0.3162
SARS-CoV2-5UTR-Amplicon-short-trimmed,118,c,0.271
SARS-CoV2-5UTR-Amplicon-short-trimmed,119,t,0.2703
SARS-CoV2-5UTR-Amplicon-short-trimmed,120,c,0.5856
SARS-CoV2-5UTR-Amplicon-short-trimmed,121,g,0.4503
SARS-CoV2-5UTR-Amplicon-short-trimmed,122,t,0.3374
SARS-CoV2-5UTR-Amplicon-short-trimmed,123,c,0.7206
SARS-CoV2-5UTR-Amplicon-short-trimmed,124,t,0.8557
SARS-CoV2-5UTR-Amplicon-short-trimmed,125,a,0.6976
SARS-CoV2-5UTR-Amplicon-short-trimmed,126,t,0.3151
SARS-CoV2-5UTR-Amplicon-short-trimmed,127,c,0.6523
SARS-CoV2-5UTR-Amplicon-short-trimmed,128,t,0.3595
SARS-CoV2-5UTR-Amplicon-short-trimmed,129,t,0.3147
SARS-CoV2-5UTR-Amplicon-short-trimmed,130,c,0.3369
SARS-CoV2-5UTR-Amplicon-short-trimmed,131,t,0.1798
SARS-CoV2-5UTR-Amplicon-short-trimmed,132,g,0.3368
SARS-CoV2-5UTR-Amplicon-short-trimmed,133,c,0.4487
SARS-CoV2-5UTR-Amplicon-short-trimmed,134,a,0.3364
SARS-CoV2-5UTR-Amplicon-short-trimmed,135,g,0.1999
SARS-CoV2-5UTR-Amplicon-short-trimmed,136,g,0.1109
SARS-CoV2-5UTR-Amplicon-short-trimmed,137,c,0.1549
SARS-CoV2-5UTR-Amplicon-short-trimmed,138,t,0.3314
SARS-CoV2-5UTR-Amplicon-short-trimmed,139,g,0.3093
SARS-CoV2-5UTR-Amplicon-short-trimmed,140,c,0.2429
SARS-CoV2-5UTR-Amplicon-short-trimmed,141,t,0.7764
SARS-CoV2-5UTR-Amplicon-short-trimmed,142,t,0.6213
SARS-CoV2-5UTR-Amplicon-short-trimmed,143,a,0.1996
SARS-CoV2-5UTR-Amplicon-short-trimmed,144,c,0.5322
SARS-CoV2-5UTR-Amplicon-short-trimmed,145,g,0.3103
SARS-CoV2-5UTR-Amplicon-short-trimmed,146,g,0.1773
SARS-CoV2-5UTR-Amplicon-short-trimmed,147,t,0.3322
SARS-CoV2-5UTR-Amplicon-short-trimmed,148,t,0.155
SARS-CoV2-5UTR-Amplicon-short-trimmed,149,t,0.2437
SARS-CoV2-5UTR-Amplicon-short-trimmed,150,c,1.0195
SARS-CoV2-5UTR-Amplicon-short-trimmed,151,g,0.3103
SARS-CoV2-5UTR-Amplicon-short-trimmed,152,t,0.2882
SARS-CoV2-5UTR-Amplicon-short-trimmed,153,c,0.6649
SARS-CoV2-5UTR-Amplicon-short-trimmed,154,c,0.5318
SARS-CoV2-5UTR-Amplicon-short-trimmed,155,g,0.3768
SARS-CoV2-5UTR-Amplicon-short-trimmed,156,t,1.9282
SARS-CoV2-5UTR-Amplicon-short-trimmed,157,g,0.3547
SARS-CoV2-5UTR-Amplicon-short-trimmed,158,t,0.4653
SARS-CoV2-5UTR-Amplicon-short-trimmed,159,t,0.9309
SARS-CoV2-5UTR-Amplicon-short-trimmed,160,g,0.4396
SARS-CoV2-5UTR-Amplicon-short-trimmed,161,c,0.5057
SARS-CoV2-5UTR-Amplicon-short-trimmed,162,a,0.3514
SARS-CoV2-5UTR-Amplicon-short-trimmed,163,g,0.3727
SARS-CoV2-5UTR-Amplicon-short-trimmed,164,c,0.3291
SARS-CoV2-5UTR-Amplicon-short-trimmed,165,c,0.6142
SARS-CoV2-5UTR-Amplicon-short-trimmed,166,g,1.2566
SARS-CoV2-5UTR-Amplicon-short-trimmed,167,a,0.397
SARS-CoV2-5UTR-Amplicon-short-trimmed,168,t,0.3091
SARS-CoV2-5UTR-Amplicon-short-trimmed,169,c,1.4576
SARS-CoV2-5UTR-Amplicon-short-trimmed,170,a,1.7009
SARS-CoV2-5UTR-Amplicon-short-trimmed,171,t,0.3535
SARS-CoV2-5UTR-Amplicon-short-trimmed,172,c,1.4144
SARS-CoV2-5UTR-Amplicon-short-trimmed,173,a,3.0236
SARS-CoV2-5UTR-Amplicon-short-trimmed,174,g,2.9126
SARS-CoV2-5UTR-Amplicon-short-trimmed,175,c,0.3534
SARS-CoV2-5UTR-Amplicon-short-trimmed,176,a,1.3039
SARS-CoV2-5UTR-Amplicon-short-trimmed,177,c,0.3534
SARS-CoV2-5UTR-Amplicon-short-trimmed,178,a,0.7731
SARS-CoV2-5UTR-Amplicon-short-trimmed,179,t,0.3761
SARS-CoV2-5UTR-Amplicon-short-trimmed,180,c,0.7083
SARS-CoV2-5UTR-Amplicon-short-trimmed,181,t,0.7304
SARS-CoV2-5UTR-Amplicon-short-trimmed,182,a,0.5533
SARS-CoV2-5UTR-Amplicon-short-trimmed,183,g,0.3984
SARS-CoV2-5UTR-Amplicon-short-trimmed,184,g,0.2877
SARS-CoV2-5UTR-Amplicon-short-trimmed,185,t,0.4421
SARS-CoV2-5UTR-Amplicon-short-trimmed,186,t,0.2431
SARS-CoV2-5UTR-Amplicon-short-trimmed,187,t,0.3761
SARS-CoV2-5UTR-Amplicon-short-trimmed,188,c,0.509
SARS-CoV2-5UTR-Amplicon-short-trimmed,189,g,0.2434
SARS-CoV2-5UTR-Amplicon-short-trimmed,190,t,0.1552
SARS-CoV2-5UTR-Amplicon-short-trimmed,191,c,0.1996
SARS-CoV2-5UTR-Amplicon-short-trimmed,192,c,0.3775
SARS-CoV2-5UTR-Amplicon-short-trimmed,193,g,0.5775
SARS-CoV2-5UTR-Amplicon-short-trimmed,194,g,0.2446
SARS-CoV2-5UTR-Amplicon-short-trimmed,195,g,0.3783
SARS-CoV2-5UTR-Amplicon-short-trimmed,196,t,0.4257
SARS-CoV2-5UTR-Amplicon-short-trimmed,197,g,0.2466
SARS-CoV2-5UTR-Amplicon-short-trimmed,198,t,0.3366
SARS-CoV2-5UTR-Amplicon-short-trimmed,199,g,0.4939
SARS-CoV2-5UTR-Amplicon-short-trimmed,200,a,0.3596
SARS-CoV2-5UTR-Amplicon-short-trimmed,201,c,0.3149
SARS-CoV2-5UTR-Amplicon-short-trimmed,202,c,0.3374
SARS-CoV2-5UTR-Amplicon-short-trimmed,203,g,0.9222
SARS-CoV2-5UTR-Amplicon-short-trimmed,204,a,1.0121
SARS-CoV2-5UTR-Amplicon-short-trimmed,205,a,0.2249
SARS-CoV2-5UTR-Amplicon-short-trimmed,206,a,0.5848
SARS-CoV2-5UTR-Amplicon-short-trimmed,207,g,0.5629
SARS-CoV2-5UTR-Amplicon-short-trimmed,208,g,0.3828
SARS-CoV2-5UTR-Amplicon-short-trimmed,209,t,0.9011
SARS-CoV2-5UTR-Amplicon-short-trimmed,210,a,0.6533
SARS-CoV2-5UTR-Amplicon-short-trimmed,211,a,0.5857
SARS-CoV2-5UTR-Amplicon-short-trimmed,212,g,0.586
SARS-CoV2-5UTR-Amplicon-short-trimmed,213,a,0.3606
SARS-CoV2-5UTR-Amplicon-short-trimmed,214,t,0.2481
SARS-CoV2-5UTR-Amplicon-short-trimmed,215,g,0.565
SARS-CoV2-5UTR-Amplicon-short-trimmed,216,g,0.6784
SARS-CoV2-5UTR-Amplicon-short-trimmed,217,a,0.4071
SARS-CoV2-5UTR-Amplicon-short-trimmed,218,g,0.3845
SARS-CoV2-5UTR-Amplicon-short-trimmed,219,a,0.181
SARS-CoV2-5UTR-Amplicon-short-trimmed,220,g,0.6589
SARS-CoV2-5UTR-Amplicon-short-trimmed,221,c,0.3184
SARS-CoV2-5UTR-Amplicon-short-trimmed,222,c,0.273
SARS-CoV2-5UTR-Amplicon-short-trimmed,223,t,0.7279
SARS-CoV2-5UTR-Amplicon-short-trimmed,224,t,0.2048
SARS-CoV2-5UTR-Amplicon-short-trimmed,225,g,0.3185
SARS-CoV2-5UTR-Amplicon-short-trimmed,226,t,0.2735
SARS-CoV2-5UTR-Amplicon-short-trimmed,227,c,0.6387
SARS-CoV2-5UTR-Amplicon-short-trimmed,228,c,0.1599
SARS-CoV2-5UTR-Amplicon-short-trimmed,229,c,0.2057
SARS-CoV2-5UTR-Amplicon-short-trimmed,230,t,0.458
SARS-CoV2-5UTR-Amplicon-short-trimmed,231,g,2.016
SARS-CoV2-5UTR-Amplicon-short-trimmed,232,g,0.2064
SARS-CoV2-5UTR-Amplicon-short-trimmed,233,t,0.1606
SARS-CoV2-5UTR-Amplicon-short-trimmed,234,t,0.0459
SARS-CoV2-5UTR-Amplicon-short-trimmed,235,t,0.0468
SARS-CoV2-5UTR-Amplicon-short-trimmed,236,c,0.5629
SARS-CoV2-5UTR-Amplicon-short-trimmed,237,a,0.2816
SARS-CoV2-5UTR-Amplicon-short-trimmed,238,a,0.0939
SARS-CoV2-5UTR-Amplicon-short-trimmed,239,c,0
SARS-CoV2-5UTR-Amplicon-short-trimmed,240,g,0.212
SARS-CoV2-5UTR-Amplicon-short-trimmed,241,a,0
SARS-CoV2-5UTR-Amplicon-short-trimmed,242,g,0
SARS-CoV2-5UTR-Amplicon-short-trimmed,243,g,0
