JW-JZ-3s-HC2a-HC-116.mpileup.csv,02_live-cell_C12-5mM_40C-15min_Mn_rep1
JW-JZ-3s-HC2a-HC-117.mpileup.csv,02_live-cell_C12-5mM_40C-15min_Mn_rep2
JW-JZ-3s-HC2a-HC-118.mpileup.csv,03_live-cell_C30-5mM_40C-15min_Mn_rep1
JW-JZ-3s-HC2a-HC-119.mpileup.csv,03_live-cell_C30-5mM_40C-15min_Mn_rep2
JW-JZ-3s-HC2a-HC-122.mpileup.csv,05_live-cell_C12-5mM_50C-15min_Mn_rep1
JW-JZ-3s-HC2a-HC-123.mpileup.csv,05_live-cell_C12-5mM_50C-15min_Mn_rep2
JW-JZ-3s-HC2a-HC-124.mpileup.csv,06_live-cell_C30-5mM_50C-15min_Mn_rep1
JW-JZ-3s-HC2a-HC-125.mpileup.csv,06_live-cell_C30-5mM_50C-15min_Mn_rep2
JW-JZ-3s-HC2a-HC-134.mpileup.csv,08_live-cell_C12-5mM_60C-15min_Mn_rep1
JW-JZ-3s-HC2a-HC-135.mpileup.csv,08_live-cell_C12-5mM_60C-15min_Mn_rep2
JW-JZ-3s-HC2a-HC-136.mpileup.csv,09_live-cell_C30-5mM_60C-15min_Mn_rep1
JW-JZ-3s-HC2a-HC-137.mpileup.csv,09_live-cell_C30-5mM_60C-15min_Mn_rep2
JW-JZ-3s-HC2a-HC-146.mpileup.csv,11_live-cell_C12-5mM_70C-15min_Mn_rep1
JW-JZ-3s-HC2a-HC-147.mpileup.csv,11_live-cell_C12-5mM_70C-15min_Mn_rep2
JW-JZ-3s-HC2a-HC-148.mpileup.csv,12_live-cell_C30-5mM_70C-15min_Mn_rep1
JW-JZ-3s-HC2a-HC-149.mpileup.csv,12_live-cell_C30-5mM_70C-15min_Mn_rep2
JW-JZ-3s-HC2a-HC-158.mpileup.csv,14_live-cell_C12-5mM_80C-15min_Mn_rep1
JW-JZ-3s-HC2a-HC-159.mpileup.csv,14_live-cell_C12-5mM_80C-15min_Mn_rep2
JW-JZ-3s-HC2a-HC-162.mpileup.csv,15_live-cell_C30-5mM_80C-15min_Mn_rep1
JW-JZ-3s-HC2a-HC-163.mpileup.csv,15_live-cell_C30-5mM_80C-15min_Mn_rep2
