Region,Position,Ref_base,Mut_percentage
SARS-CoV2-5UTR-Amplicon-short-trimmed+3,1,T,99.8179
SARS-CoV2-5UTR-Amplicon-short-trimmed+3,2,T,99.8492
SARS-CoV2-5UTR-Amplicon-short-trimmed+3,3,G,99.9602
SARS-CoV2-5UTR-Amplicon-short-trimmed+3,4,t,99.9362
SARS-CoV2-5UTR-Amplicon-short-trimmed+3,5,a,0.0021
SARS-CoV2-5UTR-Amplicon-short-trimmed+3,6,g,0.0639
SARS-CoV2-5UTR-Amplicon-short-trimmed+3,7,a,0.0067
SARS-CoV2-5UTR-Amplicon-short-trimmed+3,8,t,0.0103
SARS-CoV2-5UTR-Amplicon-short-trimmed+3,9,c,0.005
SARS-CoV2-5UTR-Amplicon-short-trimmed+3,10,t,0.0036
SARS-CoV2-5UTR-Amplicon-short-trimmed+3,11,g,0.137
SARS-CoV2-5UTR-Amplicon-short-trimmed+3,12,t,0.0164
SARS-CoV2-5UTR-Amplicon-short-trimmed+3,13,t,0.0159
SARS-CoV2-5UTR-Amplicon-short-trimmed+3,14,c,0.0068
SARS-CoV2-5UTR-Amplicon-short-trimmed+3,15,t,0.0373
SARS-CoV2-5UTR-Amplicon-short-trimmed+3,16,c,0.0287
SARS-CoV2-5UTR-Amplicon-short-trimmed+3,17,t,0.0171
SARS-CoV2-5UTR-Amplicon-short-trimmed+3,18,a,0.0323
SARS-CoV2-5UTR-Amplicon-short-trimmed+3,19,a,0.0065
SARS-CoV2-5UTR-Amplicon-short-trimmed+3,20,a,0.0052
SARS-CoV2-5UTR-Amplicon-short-trimmed+3,21,c,0.0073
SARS-CoV2-5UTR-Amplicon-short-trimmed+3,22,g,0.0093
SARS-CoV2-5UTR-Amplicon-short-trimmed+3,23,a,0.0046
SARS-CoV2-5UTR-Amplicon-short-trimmed+3,24,a,0.0045
SARS-CoV2-5UTR-Amplicon-short-trimmed+3,25,c,0.1949
SARS-CoV2-5UTR-Amplicon-short-trimmed+3,26,t,0.0361
SARS-CoV2-5UTR-Amplicon-short-trimmed+3,27,t,0.0734
SARS-CoV2-5UTR-Amplicon-short-trimmed+3,28,t,0.0054
SARS-CoV2-5UTR-Amplicon-short-trimmed+3,29,a,0.0083
SARS-CoV2-5UTR-Amplicon-short-trimmed+3,30,a,0.0096
SARS-CoV2-5UTR-Amplicon-short-trimmed+3,31,a,0.0391
SARS-CoV2-5UTR-Amplicon-short-trimmed+3,32,a,0.0098
SARS-CoV2-5UTR-Amplicon-short-trimmed+3,33,t,0.0115
SARS-CoV2-5UTR-Amplicon-short-trimmed+3,34,c,0.0067
SARS-CoV2-5UTR-Amplicon-short-trimmed+3,35,t,0.0126
SARS-CoV2-5UTR-Amplicon-short-trimmed+3,36,g,0.0132
SARS-CoV2-5UTR-Amplicon-short-trimmed+3,37,t,0.0156
SARS-CoV2-5UTR-Amplicon-short-trimmed+3,38,g,0.0098
SARS-CoV2-5UTR-Amplicon-short-trimmed+3,39,t,0.0168
SARS-CoV2-5UTR-Amplicon-short-trimmed+3,40,g,0.0124
SARS-CoV2-5UTR-Amplicon-short-trimmed+3,41,g,0.0386
SARS-CoV2-5UTR-Amplicon-short-trimmed+3,42,c,0.0103
SARS-CoV2-5UTR-Amplicon-short-trimmed+3,43,t,0.0753
SARS-CoV2-5UTR-Amplicon-short-trimmed+3,44,g,0.0341
SARS-CoV2-5UTR-Amplicon-short-trimmed+3,45,t,0.0265
SARS-CoV2-5UTR-Amplicon-short-trimmed+3,46,c,0.0094
SARS-CoV2-5UTR-Amplicon-short-trimmed+3,47,a,0.0061
SARS-CoV2-5UTR-Amplicon-short-trimmed+3,48,c,0.0059
SARS-CoV2-5UTR-Amplicon-short-trimmed+3,49,t,0.0187
SARS-CoV2-5UTR-Amplicon-short-trimmed+3,50,c,0.0085
SARS-CoV2-5UTR-Amplicon-short-trimmed+3,51,g,0.0374
SARS-CoV2-5UTR-Amplicon-short-trimmed+3,52,g,0.0318
SARS-CoV2-5UTR-Amplicon-short-trimmed+3,53,c,0.0893
SARS-CoV2-5UTR-Amplicon-short-trimmed+3,54,t,0.0075
SARS-CoV2-5UTR-Amplicon-short-trimmed+3,55,g,0.1232
SARS-CoV2-5UTR-Amplicon-short-trimmed+3,56,c,0.0172
SARS-CoV2-5UTR-Amplicon-short-trimmed+3,57,g,0.1267
SARS-CoV2-5UTR-Amplicon-short-trimmed+3,58,t,0.0215
SARS-CoV2-5UTR-Amplicon-short-trimmed+3,59,g,0.0569
SARS-CoV2-5UTR-Amplicon-short-trimmed+3,60,c,0.0109
SARS-CoV2-5UTR-Amplicon-short-trimmed+3,61,t,0.024
SARS-CoV2-5UTR-Amplicon-short-trimmed+3,62,t,0.0156
SARS-CoV2-5UTR-Amplicon-short-trimmed+3,63,a,0.0104
SARS-CoV2-5UTR-Amplicon-short-trimmed+3,64,g,0.0113
SARS-CoV2-5UTR-Amplicon-short-trimmed+3,65,t,0.0061
SARS-CoV2-5UTR-Amplicon-short-trimmed+3,66,g,0.0334
SARS-CoV2-5UTR-Amplicon-short-trimmed+3,67,c,0.018
SARS-CoV2-5UTR-Amplicon-short-trimmed+3,68,a,0.0114
SARS-CoV2-5UTR-Amplicon-short-trimmed+3,69,c,0.0139
SARS-CoV2-5UTR-Amplicon-short-trimmed+3,70,t,0.01
SARS-CoV2-5UTR-Amplicon-short-trimmed+3,71,c,0.0212
SARS-CoV2-5UTR-Amplicon-short-trimmed+3,72,a,0.013
SARS-CoV2-5UTR-Amplicon-short-trimmed+3,73,c,0.0067
SARS-CoV2-5UTR-Amplicon-short-trimmed+3,74,g,0.0207
SARS-CoV2-5UTR-Amplicon-short-trimmed+3,75,c,0.0031
SARS-CoV2-5UTR-Amplicon-short-trimmed+3,76,a,0.0347
SARS-CoV2-5UTR-Amplicon-short-trimmed+3,77,g,0.0159
SARS-CoV2-5UTR-Amplicon-short-trimmed+3,78,t,0.0085
SARS-CoV2-5UTR-Amplicon-short-trimmed+3,79,a,0.0119
SARS-CoV2-5UTR-Amplicon-short-trimmed+3,80,t,0.004
SARS-CoV2-5UTR-Amplicon-short-trimmed+3,81,a,0.0076
SARS-CoV2-5UTR-Amplicon-short-trimmed+3,82,a,0.0289
SARS-CoV2-5UTR-Amplicon-short-trimmed+3,83,t,0.0041
SARS-CoV2-5UTR-Amplicon-short-trimmed+3,84,t,0.0226
SARS-CoV2-5UTR-Amplicon-short-trimmed+3,85,a,0.0236
SARS-CoV2-5UTR-Amplicon-short-trimmed+3,86,a,0.0174
SARS-CoV2-5UTR-Amplicon-short-trimmed+3,87,t,0.0051
SARS-CoV2-5UTR-Amplicon-short-trimmed+3,88,a,0.0112
SARS-CoV2-5UTR-Amplicon-short-trimmed+3,89,a,0.0147
SARS-CoV2-5UTR-Amplicon-short-trimmed+3,90,c,0.2849
SARS-CoV2-5UTR-Amplicon-short-trimmed+3,91,t,0.0469
SARS-CoV2-5UTR-Amplicon-short-trimmed+3,92,a,0.0105
SARS-CoV2-5UTR-Amplicon-short-trimmed+3,93,a,0.0132
SARS-CoV2-5UTR-Amplicon-short-trimmed+3,94,t,0.0128
SARS-CoV2-5UTR-Amplicon-short-trimmed+3,95,t,0.0184
SARS-CoV2-5UTR-Amplicon-short-trimmed+3,96,a,0.0131
SARS-CoV2-5UTR-Amplicon-short-trimmed+3,97,c,0.0114
SARS-CoV2-5UTR-Amplicon-short-trimmed+3,98,t,0.2545
SARS-CoV2-5UTR-Amplicon-short-trimmed+3,99,g,0.0539
SARS-CoV2-5UTR-Amplicon-short-trimmed+3,100,t,0.0236
SARS-CoV2-5UTR-Amplicon-short-trimmed+3,101,c,0.0077
SARS-CoV2-5UTR-Amplicon-short-trimmed+3,102,g,0.0427
SARS-CoV2-5UTR-Amplicon-short-trimmed+3,103,t,0.023
SARS-CoV2-5UTR-Amplicon-short-trimmed+3,104,t,0.0532
SARS-CoV2-5UTR-Amplicon-short-trimmed+3,105,g,0.0393
SARS-CoV2-5UTR-Amplicon-short-trimmed+3,106,a,0.0169
SARS-CoV2-5UTR-Amplicon-short-trimmed+3,107,c,0.02
SARS-CoV2-5UTR-Amplicon-short-trimmed+3,108,a,0.0245
SARS-CoV2-5UTR-Amplicon-short-trimmed+3,109,g,0.0491
SARS-CoV2-5UTR-Amplicon-short-trimmed+3,110,g,0.0333
SARS-CoV2-5UTR-Amplicon-short-trimmed+3,111,a,0.0126
SARS-CoV2-5UTR-Amplicon-short-trimmed+3,112,c,0.0261
SARS-CoV2-5UTR-Amplicon-short-trimmed+3,113,a,0.0205
SARS-CoV2-5UTR-Amplicon-short-trimmed+3,114,c,0.0226
SARS-CoV2-5UTR-Amplicon-short-trimmed+3,115,g,0.0261
SARS-CoV2-5UTR-Amplicon-short-trimmed+3,116,a,0.0106
SARS-CoV2-5UTR-Amplicon-short-trimmed+3,117,g,0.0137
SARS-CoV2-5UTR-Amplicon-short-trimmed+3,118,t,0.0388
SARS-CoV2-5UTR-Amplicon-short-trimmed+3,119,a,0.0273
SARS-CoV2-5UTR-Amplicon-short-trimmed+3,120,a,0.0123
SARS-CoV2-5UTR-Amplicon-short-trimmed+3,121,c,0.0168
SARS-CoV2-5UTR-Amplicon-short-trimmed+3,122,t,0.0497
SARS-CoV2-5UTR-Amplicon-short-trimmed+3,123,c,0.1364
SARS-CoV2-5UTR-Amplicon-short-trimmed+3,124,g,0.1444
SARS-CoV2-5UTR-Amplicon-short-trimmed+3,125,t,0.1581
SARS-CoV2-5UTR-Amplicon-short-trimmed+3,126,c,0.0735
SARS-CoV2-5UTR-Amplicon-short-trimmed+3,127,t,0.0639
SARS-CoV2-5UTR-Amplicon-short-trimmed+3,128,a,0.1233
SARS-CoV2-5UTR-Amplicon-short-trimmed+3,129,t,0.6049
SARS-CoV2-5UTR-Amplicon-short-trimmed+3,130,c,0.0907
SARS-CoV2-5UTR-Amplicon-short-trimmed+3,131,t,0.1042
SARS-CoV2-5UTR-Amplicon-short-trimmed+3,132,t,0.1707
SARS-CoV2-5UTR-Amplicon-short-trimmed+3,133,c,0.1856
SARS-CoV2-5UTR-Amplicon-short-trimmed+3,134,t,0.1205
SARS-CoV2-5UTR-Amplicon-short-trimmed+3,135,g,0.0999
SARS-CoV2-5UTR-Amplicon-short-trimmed+3,136,c,0.3374
SARS-CoV2-5UTR-Amplicon-short-trimmed+3,137,a,0.1514
SARS-CoV2-5UTR-Amplicon-short-trimmed+3,138,g,0.0652
SARS-CoV2-5UTR-Amplicon-short-trimmed+3,139,g,0.1715
SARS-CoV2-5UTR-Amplicon-short-trimmed+3,140,c,0.076
SARS-CoV2-5UTR-Amplicon-short-trimmed+3,141,t,0.181
SARS-CoV2-5UTR-Amplicon-short-trimmed+3,142,g,0.2822
SARS-CoV2-5UTR-Amplicon-short-trimmed+3,143,c,0.0796
SARS-CoV2-5UTR-Amplicon-short-trimmed+3,144,t,0.0684
SARS-CoV2-5UTR-Amplicon-short-trimmed+3,145,t,0.0879
SARS-CoV2-5UTR-Amplicon-short-trimmed+3,146,a,0.108
SARS-CoV2-5UTR-Amplicon-short-trimmed+3,147,c,0.1269
SARS-CoV2-5UTR-Amplicon-short-trimmed+3,148,g,0.3224
SARS-CoV2-5UTR-Amplicon-short-trimmed+3,149,g,0.1145
SARS-CoV2-5UTR-Amplicon-short-trimmed+3,150,t,0.1071
SARS-CoV2-5UTR-Amplicon-short-trimmed+3,151,t,0.0971
SARS-CoV2-5UTR-Amplicon-short-trimmed+3,152,t,0.1292
SARS-CoV2-5UTR-Amplicon-short-trimmed+3,153,c,0.1578
SARS-CoV2-5UTR-Amplicon-short-trimmed+3,154,g,0.0616
SARS-CoV2-5UTR-Amplicon-short-trimmed+3,155,t,0.2251
SARS-CoV2-5UTR-Amplicon-short-trimmed+3,156,c,0.1728
SARS-CoV2-5UTR-Amplicon-short-trimmed+3,157,c,0.1474
SARS-CoV2-5UTR-Amplicon-short-trimmed+3,158,g,0.0812
SARS-CoV2-5UTR-Amplicon-short-trimmed+3,159,t,0.9023
SARS-CoV2-5UTR-Amplicon-short-trimmed+3,160,g,0.0669
SARS-CoV2-5UTR-Amplicon-short-trimmed+3,161,t,0.0902
SARS-CoV2-5UTR-Amplicon-short-trimmed+3,162,t,0.1254
SARS-CoV2-5UTR-Amplicon-short-trimmed+3,163,g,0.0814
SARS-CoV2-5UTR-Amplicon-short-trimmed+3,164,c,0.1998
SARS-CoV2-5UTR-Amplicon-short-trimmed+3,165,a,0.1499
SARS-CoV2-5UTR-Amplicon-short-trimmed+3,166,g,0.2639
SARS-CoV2-5UTR-Amplicon-short-trimmed+3,167,c,0.2407
SARS-CoV2-5UTR-Amplicon-short-trimmed+3,168,c,0.4382
SARS-CoV2-5UTR-Amplicon-short-trimmed+3,169,g,0.0806
SARS-CoV2-5UTR-Amplicon-short-trimmed+3,170,a,0.0799
SARS-CoV2-5UTR-Amplicon-short-trimmed+3,171,t,0.0822
SARS-CoV2-5UTR-Amplicon-short-trimmed+3,172,c,0.1453
SARS-CoV2-5UTR-Amplicon-short-trimmed+3,173,a,0.0432
SARS-CoV2-5UTR-Amplicon-short-trimmed+3,174,t,0.0599
SARS-CoV2-5UTR-Amplicon-short-trimmed+3,175,c,0.1774
SARS-CoV2-5UTR-Amplicon-short-trimmed+3,176,a,0.1065
SARS-CoV2-5UTR-Amplicon-short-trimmed+3,177,g,0.0971
SARS-CoV2-5UTR-Amplicon-short-trimmed+3,178,c,0.4769
SARS-CoV2-5UTR-Amplicon-short-trimmed+3,179,a,0.0693
SARS-CoV2-5UTR-Amplicon-short-trimmed+3,180,c,0.0724
SARS-CoV2-5UTR-Amplicon-short-trimmed+3,181,a,0.054
SARS-CoV2-5UTR-Amplicon-short-trimmed+3,182,t,0.0901
SARS-CoV2-5UTR-Amplicon-short-trimmed+3,183,c,0.062
SARS-CoV2-5UTR-Amplicon-short-trimmed+3,184,t,0.0737
SARS-CoV2-5UTR-Amplicon-short-trimmed+3,185,a,0.1321
SARS-CoV2-5UTR-Amplicon-short-trimmed+3,186,g,0.0585
SARS-CoV2-5UTR-Amplicon-short-trimmed+3,187,g,0.0632
SARS-CoV2-5UTR-Amplicon-short-trimmed+3,188,t,0.0962
SARS-CoV2-5UTR-Amplicon-short-trimmed+3,189,t,0.22
SARS-CoV2-5UTR-Amplicon-short-trimmed+3,190,t,0.2382
SARS-CoV2-5UTR-Amplicon-short-trimmed+3,191,c,0.1117
SARS-CoV2-5UTR-Amplicon-short-trimmed+3,192,g,0.0499
SARS-CoV2-5UTR-Amplicon-short-trimmed+3,193,t,0.7888
SARS-CoV2-5UTR-Amplicon-short-trimmed+3,194,c,0.1154
SARS-CoV2-5UTR-Amplicon-short-trimmed+3,195,c,0.1308
SARS-CoV2-5UTR-Amplicon-short-trimmed+3,196,g,0.3032
SARS-CoV2-5UTR-Amplicon-short-trimmed+3,197,g,0.1196
SARS-CoV2-5UTR-Amplicon-short-trimmed+3,198,g,0.4345
SARS-CoV2-5UTR-Amplicon-short-trimmed+3,199,t,0.1678
SARS-CoV2-5UTR-Amplicon-short-trimmed+3,200,g,0.0527
SARS-CoV2-5UTR-Amplicon-short-trimmed+3,201,t,0.0934
SARS-CoV2-5UTR-Amplicon-short-trimmed+3,202,g,0.0848
SARS-CoV2-5UTR-Amplicon-short-trimmed+3,203,a,0.2432
SARS-CoV2-5UTR-Amplicon-short-trimmed+3,204,c,0.0979
SARS-CoV2-5UTR-Amplicon-short-trimmed+3,205,c,0.0821
SARS-CoV2-5UTR-Amplicon-short-trimmed+3,206,g,0.0661
SARS-CoV2-5UTR-Amplicon-short-trimmed+3,207,a,0.0816
SARS-CoV2-5UTR-Amplicon-short-trimmed+3,208,a,0.0453
SARS-CoV2-5UTR-Amplicon-short-trimmed+3,209,a,0.1081
SARS-CoV2-5UTR-Amplicon-short-trimmed+3,210,g,0.1102
SARS-CoV2-5UTR-Amplicon-short-trimmed+3,211,g,0.1487
SARS-CoV2-5UTR-Amplicon-short-trimmed+3,212,t,0.089
SARS-CoV2-5UTR-Amplicon-short-trimmed+3,213,a,0.0399
SARS-CoV2-5UTR-Amplicon-short-trimmed+3,214,a,0.051
SARS-CoV2-5UTR-Amplicon-short-trimmed+3,215,g,0.045
SARS-CoV2-5UTR-Amplicon-short-trimmed+3,216,a,0.0409
SARS-CoV2-5UTR-Amplicon-short-trimmed+3,217,t,0.0922
SARS-CoV2-5UTR-Amplicon-short-trimmed+3,218,g,0.0442
SARS-CoV2-5UTR-Amplicon-short-trimmed+3,219,g,0.0589
SARS-CoV2-5UTR-Amplicon-short-trimmed+3,220,a,0.1847
SARS-CoV2-5UTR-Amplicon-short-trimmed+3,221,g,0.1228
SARS-CoV2-5UTR-Amplicon-short-trimmed+3,222,a,0.0588
SARS-CoV2-5UTR-Amplicon-short-trimmed+3,223,g,0.1356
SARS-CoV2-5UTR-Amplicon-short-trimmed+3,224,c,0.0895
SARS-CoV2-5UTR-Amplicon-short-trimmed+3,225,c,0.073
SARS-CoV2-5UTR-Amplicon-short-trimmed+3,226,t,0.047
SARS-CoV2-5UTR-Amplicon-short-trimmed+3,227,t,0.2347
SARS-CoV2-5UTR-Amplicon-short-trimmed+3,228,g,0.036
SARS-CoV2-5UTR-Amplicon-short-trimmed+3,229,t,0.1055
SARS-CoV2-5UTR-Amplicon-short-trimmed+3,230,c,0.0587
SARS-CoV2-5UTR-Amplicon-short-trimmed+3,231,c,0.0506
SARS-CoV2-5UTR-Amplicon-short-trimmed+3,232,c,0.0908
SARS-CoV2-5UTR-Amplicon-short-trimmed+3,233,t,0.1353
SARS-CoV2-5UTR-Amplicon-short-trimmed+3,234,g,0.0635
SARS-CoV2-5UTR-Amplicon-short-trimmed+3,235,g,0.1035
SARS-CoV2-5UTR-Amplicon-short-trimmed+3,236,t,0.0531
SARS-CoV2-5UTR-Amplicon-short-trimmed+3,237,t,0.0417
SARS-CoV2-5UTR-Amplicon-short-trimmed+3,238,t,0.0833
SARS-CoV2-5UTR-Amplicon-short-trimmed+3,239,c,0.5941
SARS-CoV2-5UTR-Amplicon-short-trimmed+3,240,a,0.0732
SARS-CoV2-5UTR-Amplicon-short-trimmed+3,241,a,0.0619
SARS-CoV2-5UTR-Amplicon-short-trimmed+3,242,c,0.0937
SARS-CoV2-5UTR-Amplicon-short-trimmed+3,243,g,0.0141
SARS-CoV2-5UTR-Amplicon-short-trimmed+3,244,a,0.1633
SARS-CoV2-5UTR-Amplicon-short-trimmed+3,245,g,0.5618
SARS-CoV2-5UTR-Amplicon-short-trimmed+3,246,g,5.695
SARS-CoV2-5UTR-Amplicon-short-trimmed+3,247,G,95.6583
SARS-CoV2-5UTR-Amplicon-short-trimmed+3,248,A,99.8728
SARS-CoV2-5UTR-Amplicon-short-trimmed+3,249,G,99.7438
