Region,Position,Ref_base,Mut_percentage
SARS-CoV2-5UTR-Amplicon-short-trimmed+3,1,T,99.8332
SARS-CoV2-5UTR-Amplicon-short-trimmed+3,2,T,99.8564
SARS-CoV2-5UTR-Amplicon-short-trimmed+3,3,G,99.9741
SARS-CoV2-5UTR-Amplicon-short-trimmed+3,4,t,99.9305
SARS-CoV2-5UTR-Amplicon-short-trimmed+3,5,a,0.0037
SARS-CoV2-5UTR-Amplicon-short-trimmed+3,6,g,0.4399
SARS-CoV2-5UTR-Amplicon-short-trimmed+3,7,a,0.0093
SARS-CoV2-5UTR-Amplicon-short-trimmed+3,8,t,0.0126
SARS-CoV2-5UTR-Amplicon-short-trimmed+3,9,c,0.0045
SARS-CoV2-5UTR-Amplicon-short-trimmed+3,10,t,0.0028
SARS-CoV2-5UTR-Amplicon-short-trimmed+3,11,g,0.1022
SARS-CoV2-5UTR-Amplicon-short-trimmed+3,12,t,0.0145
SARS-CoV2-5UTR-Amplicon-short-trimmed+3,13,t,0.0144
SARS-CoV2-5UTR-Amplicon-short-trimmed+3,14,c,0.0057
SARS-CoV2-5UTR-Amplicon-short-trimmed+3,15,t,0.0255
SARS-CoV2-5UTR-Amplicon-short-trimmed+3,16,c,0.0154
SARS-CoV2-5UTR-Amplicon-short-trimmed+3,17,t,0.0243
SARS-CoV2-5UTR-Amplicon-short-trimmed+3,18,a,0.0422
SARS-CoV2-5UTR-Amplicon-short-trimmed+3,19,a,0.0085
SARS-CoV2-5UTR-Amplicon-short-trimmed+3,20,a,0.0072
SARS-CoV2-5UTR-Amplicon-short-trimmed+3,21,c,0.0079
SARS-CoV2-5UTR-Amplicon-short-trimmed+3,22,g,0.0256
SARS-CoV2-5UTR-Amplicon-short-trimmed+3,23,a,0.0036
SARS-CoV2-5UTR-Amplicon-short-trimmed+3,24,a,0.0069
SARS-CoV2-5UTR-Amplicon-short-trimmed+3,25,c,0.1763
SARS-CoV2-5UTR-Amplicon-short-trimmed+3,26,t,0.0348
SARS-CoV2-5UTR-Amplicon-short-trimmed+3,27,t,0.0419
SARS-CoV2-5UTR-Amplicon-short-trimmed+3,28,t,0.0058
SARS-CoV2-5UTR-Amplicon-short-trimmed+3,29,a,0.0123
SARS-CoV2-5UTR-Amplicon-short-trimmed+3,30,a,0.0105
SARS-CoV2-5UTR-Amplicon-short-trimmed+3,31,a,0.0458
SARS-CoV2-5UTR-Amplicon-short-trimmed+3,32,a,0.0159
SARS-CoV2-5UTR-Amplicon-short-trimmed+3,33,t,0.0145
SARS-CoV2-5UTR-Amplicon-short-trimmed+3,34,c,0.0099
SARS-CoV2-5UTR-Amplicon-short-trimmed+3,35,t,0.0162
SARS-CoV2-5UTR-Amplicon-short-trimmed+3,36,g,0.0529
SARS-CoV2-5UTR-Amplicon-short-trimmed+3,37,t,0.0222
SARS-CoV2-5UTR-Amplicon-short-trimmed+3,38,g,0.0363
SARS-CoV2-5UTR-Amplicon-short-trimmed+3,39,t,0.0142
SARS-CoV2-5UTR-Amplicon-short-trimmed+3,40,g,0.047
SARS-CoV2-5UTR-Amplicon-short-trimmed+3,41,g,0.0676
SARS-CoV2-5UTR-Amplicon-short-trimmed+3,42,c,0.0115
SARS-CoV2-5UTR-Amplicon-short-trimmed+3,43,t,0.047
SARS-CoV2-5UTR-Amplicon-short-trimmed+3,44,g,0.0505
SARS-CoV2-5UTR-Amplicon-short-trimmed+3,45,t,0.0333
SARS-CoV2-5UTR-Amplicon-short-trimmed+3,46,c,0.0091
SARS-CoV2-5UTR-Amplicon-short-trimmed+3,47,a,0.0085
SARS-CoV2-5UTR-Amplicon-short-trimmed+3,48,c,0.0054
SARS-CoV2-5UTR-Amplicon-short-trimmed+3,49,t,0.0142
SARS-CoV2-5UTR-Amplicon-short-trimmed+3,50,c,0.0079
SARS-CoV2-5UTR-Amplicon-short-trimmed+3,51,g,0.0595
SARS-CoV2-5UTR-Amplicon-short-trimmed+3,52,g,0.0494
SARS-CoV2-5UTR-Amplicon-short-trimmed+3,53,c,0.041
SARS-CoV2-5UTR-Amplicon-short-trimmed+3,54,t,0.0136
SARS-CoV2-5UTR-Amplicon-short-trimmed+3,55,g,0.0755
SARS-CoV2-5UTR-Amplicon-short-trimmed+3,56,c,0.0138
SARS-CoV2-5UTR-Amplicon-short-trimmed+3,57,g,0.0902
SARS-CoV2-5UTR-Amplicon-short-trimmed+3,58,t,0.024
SARS-CoV2-5UTR-Amplicon-short-trimmed+3,59,g,0.0795
SARS-CoV2-5UTR-Amplicon-short-trimmed+3,60,c,0.0121
SARS-CoV2-5UTR-Amplicon-short-trimmed+3,61,t,0.0276
SARS-CoV2-5UTR-Amplicon-short-trimmed+3,62,t,0.0178
SARS-CoV2-5UTR-Amplicon-short-trimmed+3,63,a,0.0117
SARS-CoV2-5UTR-Amplicon-short-trimmed+3,64,g,0.0178
SARS-CoV2-5UTR-Amplicon-short-trimmed+3,65,t,0.0096
SARS-CoV2-5UTR-Amplicon-short-trimmed+3,66,g,0.0806
SARS-CoV2-5UTR-Amplicon-short-trimmed+3,67,c,0.0211
SARS-CoV2-5UTR-Amplicon-short-trimmed+3,68,a,0.0187
SARS-CoV2-5UTR-Amplicon-short-trimmed+3,69,c,0.0115
SARS-CoV2-5UTR-Amplicon-short-trimmed+3,70,t,0.0135
SARS-CoV2-5UTR-Amplicon-short-trimmed+3,71,c,0.0178
SARS-CoV2-5UTR-Amplicon-short-trimmed+3,72,a,0.0193
SARS-CoV2-5UTR-Amplicon-short-trimmed+3,73,c,0.0121
SARS-CoV2-5UTR-Amplicon-short-trimmed+3,74,g,0.0733
SARS-CoV2-5UTR-Amplicon-short-trimmed+3,75,c,0.006
SARS-CoV2-5UTR-Amplicon-short-trimmed+3,76,a,0.0464
SARS-CoV2-5UTR-Amplicon-short-trimmed+3,77,g,0.0234
SARS-CoV2-5UTR-Amplicon-short-trimmed+3,78,t,0.0133
SARS-CoV2-5UTR-Amplicon-short-trimmed+3,79,a,0.0153
SARS-CoV2-5UTR-Amplicon-short-trimmed+3,80,t,0.0058
SARS-CoV2-5UTR-Amplicon-short-trimmed+3,81,a,0.0127
SARS-CoV2-5UTR-Amplicon-short-trimmed+3,82,a,0.0276
SARS-CoV2-5UTR-Amplicon-short-trimmed+3,83,t,0.0054
SARS-CoV2-5UTR-Amplicon-short-trimmed+3,84,t,0.0298
SARS-CoV2-5UTR-Amplicon-short-trimmed+3,85,a,0.0289
SARS-CoV2-5UTR-Amplicon-short-trimmed+3,86,a,0.0271
SARS-CoV2-5UTR-Amplicon-short-trimmed+3,87,t,0.0075
SARS-CoV2-5UTR-Amplicon-short-trimmed+3,88,a,0.0175
SARS-CoV2-5UTR-Amplicon-short-trimmed+3,89,a,0.0196
SARS-CoV2-5UTR-Amplicon-short-trimmed+3,90,c,0.2725
SARS-CoV2-5UTR-Amplicon-short-trimmed+3,91,t,0.0526
SARS-CoV2-5UTR-Amplicon-short-trimmed+3,92,a,0.0181
SARS-CoV2-5UTR-Amplicon-short-trimmed+3,93,a,0.0195
SARS-CoV2-5UTR-Amplicon-short-trimmed+3,94,t,0.0151
SARS-CoV2-5UTR-Amplicon-short-trimmed+3,95,t,0.019
SARS-CoV2-5UTR-Amplicon-short-trimmed+3,96,a,0.0171
SARS-CoV2-5UTR-Amplicon-short-trimmed+3,97,c,0.0114
SARS-CoV2-5UTR-Amplicon-short-trimmed+3,98,t,0.2628
SARS-CoV2-5UTR-Amplicon-short-trimmed+3,99,g,0.0652
SARS-CoV2-5UTR-Amplicon-short-trimmed+3,100,t,0.0373
SARS-CoV2-5UTR-Amplicon-short-trimmed+3,101,c,0.0153
SARS-CoV2-5UTR-Amplicon-short-trimmed+3,102,g,0.0906
SARS-CoV2-5UTR-Amplicon-short-trimmed+3,103,t,0.0249
SARS-CoV2-5UTR-Amplicon-short-trimmed+3,104,t,0.0551
SARS-CoV2-5UTR-Amplicon-short-trimmed+3,105,g,0.027
SARS-CoV2-5UTR-Amplicon-short-trimmed+3,106,a,0.0238
SARS-CoV2-5UTR-Amplicon-short-trimmed+3,107,c,0.0216
SARS-CoV2-5UTR-Amplicon-short-trimmed+3,108,a,0.0377
SARS-CoV2-5UTR-Amplicon-short-trimmed+3,109,g,0.0511
SARS-CoV2-5UTR-Amplicon-short-trimmed+3,110,g,0.0288
SARS-CoV2-5UTR-Amplicon-short-trimmed+3,111,a,0.0159
SARS-CoV2-5UTR-Amplicon-short-trimmed+3,112,c,0.0253
SARS-CoV2-5UTR-Amplicon-short-trimmed+3,113,a,0.0356
SARS-CoV2-5UTR-Amplicon-short-trimmed+3,114,c,0.0217
SARS-CoV2-5UTR-Amplicon-short-trimmed+3,115,g,0.0343
SARS-CoV2-5UTR-Amplicon-short-trimmed+3,116,a,0.0174
SARS-CoV2-5UTR-Amplicon-short-trimmed+3,117,g,0.0513
SARS-CoV2-5UTR-Amplicon-short-trimmed+3,118,t,0.0528
SARS-CoV2-5UTR-Amplicon-short-trimmed+3,119,a,0.0456
SARS-CoV2-5UTR-Amplicon-short-trimmed+3,120,a,0.014
SARS-CoV2-5UTR-Amplicon-short-trimmed+3,121,c,0.0196
SARS-CoV2-5UTR-Amplicon-short-trimmed+3,122,t,0.082
SARS-CoV2-5UTR-Amplicon-short-trimmed+3,123,c,0.2834
SARS-CoV2-5UTR-Amplicon-short-trimmed+3,124,g,0.3558
SARS-CoV2-5UTR-Amplicon-short-trimmed+3,125,t,0.2162
SARS-CoV2-5UTR-Amplicon-short-trimmed+3,126,c,0.1048
SARS-CoV2-5UTR-Amplicon-short-trimmed+3,127,t,0.1199
SARS-CoV2-5UTR-Amplicon-short-trimmed+3,128,a,0.1936
SARS-CoV2-5UTR-Amplicon-short-trimmed+3,129,t,0.9866
SARS-CoV2-5UTR-Amplicon-short-trimmed+3,130,c,0.1309
SARS-CoV2-5UTR-Amplicon-short-trimmed+3,131,t,0.1743
SARS-CoV2-5UTR-Amplicon-short-trimmed+3,132,t,0.2769
SARS-CoV2-5UTR-Amplicon-short-trimmed+3,133,c,0.3017
SARS-CoV2-5UTR-Amplicon-short-trimmed+3,134,t,0.2146
SARS-CoV2-5UTR-Amplicon-short-trimmed+3,135,g,0.5802
SARS-CoV2-5UTR-Amplicon-short-trimmed+3,136,c,0.472
SARS-CoV2-5UTR-Amplicon-short-trimmed+3,137,a,0.2415
SARS-CoV2-5UTR-Amplicon-short-trimmed+3,138,g,0.2386
SARS-CoV2-5UTR-Amplicon-short-trimmed+3,139,g,0.5083
SARS-CoV2-5UTR-Amplicon-short-trimmed+3,140,c,0.1262
SARS-CoV2-5UTR-Amplicon-short-trimmed+3,141,t,0.2906
SARS-CoV2-5UTR-Amplicon-short-trimmed+3,142,g,0.5467
SARS-CoV2-5UTR-Amplicon-short-trimmed+3,143,c,0.1309
SARS-CoV2-5UTR-Amplicon-short-trimmed+3,144,t,0.0997
SARS-CoV2-5UTR-Amplicon-short-trimmed+3,145,t,0.1294
SARS-CoV2-5UTR-Amplicon-short-trimmed+3,146,a,0.1801
SARS-CoV2-5UTR-Amplicon-short-trimmed+3,147,c,0.1859
SARS-CoV2-5UTR-Amplicon-short-trimmed+3,148,g,0.737
SARS-CoV2-5UTR-Amplicon-short-trimmed+3,149,g,0.5376
SARS-CoV2-5UTR-Amplicon-short-trimmed+3,150,t,0.1478
SARS-CoV2-5UTR-Amplicon-short-trimmed+3,151,t,0.1411
SARS-CoV2-5UTR-Amplicon-short-trimmed+3,152,t,0.2281
SARS-CoV2-5UTR-Amplicon-short-trimmed+3,153,c,0.2736
SARS-CoV2-5UTR-Amplicon-short-trimmed+3,154,g,0.2749
SARS-CoV2-5UTR-Amplicon-short-trimmed+3,155,t,0.3385
SARS-CoV2-5UTR-Amplicon-short-trimmed+3,156,c,0.2392
SARS-CoV2-5UTR-Amplicon-short-trimmed+3,157,c,0.2387
SARS-CoV2-5UTR-Amplicon-short-trimmed+3,158,g,0.5738
SARS-CoV2-5UTR-Amplicon-short-trimmed+3,159,t,1.3543
SARS-CoV2-5UTR-Amplicon-short-trimmed+3,160,g,0.3365
SARS-CoV2-5UTR-Amplicon-short-trimmed+3,161,t,0.1354
SARS-CoV2-5UTR-Amplicon-short-trimmed+3,162,t,0.177
SARS-CoV2-5UTR-Amplicon-short-trimmed+3,163,g,0.3
SARS-CoV2-5UTR-Amplicon-short-trimmed+3,164,c,0.3159
SARS-CoV2-5UTR-Amplicon-short-trimmed+3,165,a,0.2246
SARS-CoV2-5UTR-Amplicon-short-trimmed+3,166,g,0.6593
SARS-CoV2-5UTR-Amplicon-short-trimmed+3,167,c,0.3403
SARS-CoV2-5UTR-Amplicon-short-trimmed+3,168,c,0.6166
SARS-CoV2-5UTR-Amplicon-short-trimmed+3,169,g,0.12
SARS-CoV2-5UTR-Amplicon-short-trimmed+3,170,a,0.1164
SARS-CoV2-5UTR-Amplicon-short-trimmed+3,171,t,0.1253
SARS-CoV2-5UTR-Amplicon-short-trimmed+3,172,c,0.1981
SARS-CoV2-5UTR-Amplicon-short-trimmed+3,173,a,0.0572
SARS-CoV2-5UTR-Amplicon-short-trimmed+3,174,t,0.086
SARS-CoV2-5UTR-Amplicon-short-trimmed+3,175,c,0.2432
SARS-CoV2-5UTR-Amplicon-short-trimmed+3,176,a,0.1531
SARS-CoV2-5UTR-Amplicon-short-trimmed+3,177,g,0.6937
SARS-CoV2-5UTR-Amplicon-short-trimmed+3,178,c,0.6702
SARS-CoV2-5UTR-Amplicon-short-trimmed+3,179,a,0.0994
SARS-CoV2-5UTR-Amplicon-short-trimmed+3,180,c,0.1069
SARS-CoV2-5UTR-Amplicon-short-trimmed+3,181,a,0.0796
SARS-CoV2-5UTR-Amplicon-short-trimmed+3,182,t,0.1537
SARS-CoV2-5UTR-Amplicon-short-trimmed+3,183,c,0.0905
SARS-CoV2-5UTR-Amplicon-short-trimmed+3,184,t,0.1135
SARS-CoV2-5UTR-Amplicon-short-trimmed+3,185,a,0.2373
SARS-CoV2-5UTR-Amplicon-short-trimmed+3,186,g,0.2714
SARS-CoV2-5UTR-Amplicon-short-trimmed+3,187,g,0.367
SARS-CoV2-5UTR-Amplicon-short-trimmed+3,188,t,0.1306
SARS-CoV2-5UTR-Amplicon-short-trimmed+3,189,t,0.2413
SARS-CoV2-5UTR-Amplicon-short-trimmed+3,190,t,0.3682
SARS-CoV2-5UTR-Amplicon-short-trimmed+3,191,c,0.1936
SARS-CoV2-5UTR-Amplicon-short-trimmed+3,192,g,0.2204
SARS-CoV2-5UTR-Amplicon-short-trimmed+3,193,t,1.1451
SARS-CoV2-5UTR-Amplicon-short-trimmed+3,194,c,0.1572
SARS-CoV2-5UTR-Amplicon-short-trimmed+3,195,c,0.2152
SARS-CoV2-5UTR-Amplicon-short-trimmed+3,196,g,0.5983
SARS-CoV2-5UTR-Amplicon-short-trimmed+3,197,g,0.5442
SARS-CoV2-5UTR-Amplicon-short-trimmed+3,198,g,0.8421
SARS-CoV2-5UTR-Amplicon-short-trimmed+3,199,t,0.2631
SARS-CoV2-5UTR-Amplicon-short-trimmed+3,200,g,0.4872
SARS-CoV2-5UTR-Amplicon-short-trimmed+3,201,t,0.1282
SARS-CoV2-5UTR-Amplicon-short-trimmed+3,202,g,0.2274
SARS-CoV2-5UTR-Amplicon-short-trimmed+3,203,a,0.3479
SARS-CoV2-5UTR-Amplicon-short-trimmed+3,204,c,0.1361
SARS-CoV2-5UTR-Amplicon-short-trimmed+3,205,c,0.1263
SARS-CoV2-5UTR-Amplicon-short-trimmed+3,206,g,0.6166
SARS-CoV2-5UTR-Amplicon-short-trimmed+3,207,a,0.1183
SARS-CoV2-5UTR-Amplicon-short-trimmed+3,208,a,0.061
SARS-CoV2-5UTR-Amplicon-short-trimmed+3,209,a,0.164
SARS-CoV2-5UTR-Amplicon-short-trimmed+3,210,g,0.4815
SARS-CoV2-5UTR-Amplicon-short-trimmed+3,211,g,0.5392
SARS-CoV2-5UTR-Amplicon-short-trimmed+3,212,t,0.1327
SARS-CoV2-5UTR-Amplicon-short-trimmed+3,213,a,0.0574
SARS-CoV2-5UTR-Amplicon-short-trimmed+3,214,a,0.0847
SARS-CoV2-5UTR-Amplicon-short-trimmed+3,215,g,0.0943
SARS-CoV2-5UTR-Amplicon-short-trimmed+3,216,a,0.045
SARS-CoV2-5UTR-Amplicon-short-trimmed+3,217,t,0.1656
SARS-CoV2-5UTR-Amplicon-short-trimmed+3,218,g,0.3929
SARS-CoV2-5UTR-Amplicon-short-trimmed+3,219,g,0.0988
SARS-CoV2-5UTR-Amplicon-short-trimmed+3,220,a,0.2725
SARS-CoV2-5UTR-Amplicon-short-trimmed+3,221,g,0.2254
SARS-CoV2-5UTR-Amplicon-short-trimmed+3,222,a,0.0801
SARS-CoV2-5UTR-Amplicon-short-trimmed+3,223,g,0.968
SARS-CoV2-5UTR-Amplicon-short-trimmed+3,224,c,0.111
SARS-CoV2-5UTR-Amplicon-short-trimmed+3,225,c,0.101
SARS-CoV2-5UTR-Amplicon-short-trimmed+3,226,t,0.0691
SARS-CoV2-5UTR-Amplicon-short-trimmed+3,227,t,0.3229
SARS-CoV2-5UTR-Amplicon-short-trimmed+3,228,g,0.082
SARS-CoV2-5UTR-Amplicon-short-trimmed+3,229,t,0.1444
SARS-CoV2-5UTR-Amplicon-short-trimmed+3,230,c,0.0839
SARS-CoV2-5UTR-Amplicon-short-trimmed+3,231,c,0.0747
SARS-CoV2-5UTR-Amplicon-short-trimmed+3,232,c,0.1028
SARS-CoV2-5UTR-Amplicon-short-trimmed+3,233,t,0.2431
SARS-CoV2-5UTR-Amplicon-short-trimmed+3,234,g,0.4556
SARS-CoV2-5UTR-Amplicon-short-trimmed+3,235,g,0.3086
SARS-CoV2-5UTR-Amplicon-short-trimmed+3,236,t,0.0622
SARS-CoV2-5UTR-Amplicon-short-trimmed+3,237,t,0.069
SARS-CoV2-5UTR-Amplicon-short-trimmed+3,238,t,0.1267
SARS-CoV2-5UTR-Amplicon-short-trimmed+3,239,c,0.5502
SARS-CoV2-5UTR-Amplicon-short-trimmed+3,240,a,0.1049
SARS-CoV2-5UTR-Amplicon-short-trimmed+3,241,a,0.0967
SARS-CoV2-5UTR-Amplicon-short-trimmed+3,242,c,0.1724
SARS-CoV2-5UTR-Amplicon-short-trimmed+3,243,g,0.0284
SARS-CoV2-5UTR-Amplicon-short-trimmed+3,244,a,0.1927
SARS-CoV2-5UTR-Amplicon-short-trimmed+3,245,g,0.5645
SARS-CoV2-5UTR-Amplicon-short-trimmed+3,246,g,5.5706
SARS-CoV2-5UTR-Amplicon-short-trimmed+3,247,G,95.7869
SARS-CoV2-5UTR-Amplicon-short-trimmed+3,248,A,99.8737
SARS-CoV2-5UTR-Amplicon-short-trimmed+3,249,G,99.7492
