Region,Position,Ref_base,Mut_percentage
SARS-CoV2-5UTR-Amplicon-short-trimmed+3,1,T,99.872
SARS-CoV2-5UTR-Amplicon-short-trimmed+3,2,T,99.8615
SARS-CoV2-5UTR-Amplicon-short-trimmed+3,3,G,99.9645
SARS-CoV2-5UTR-Amplicon-short-trimmed+3,4,t,99.9423
SARS-CoV2-5UTR-Amplicon-short-trimmed+3,5,a,0.0036
SARS-CoV2-5UTR-Amplicon-short-trimmed+3,6,g,0.0672
SARS-CoV2-5UTR-Amplicon-short-trimmed+3,7,a,0.0159
SARS-CoV2-5UTR-Amplicon-short-trimmed+3,8,t,0.0121
SARS-CoV2-5UTR-Amplicon-short-trimmed+3,9,c,0.0056
SARS-CoV2-5UTR-Amplicon-short-trimmed+3,10,t,0.0073
SARS-CoV2-5UTR-Amplicon-short-trimmed+3,11,g,0.0858
SARS-CoV2-5UTR-Amplicon-short-trimmed+3,12,t,0.0236
SARS-CoV2-5UTR-Amplicon-short-trimmed+3,13,t,0.024
SARS-CoV2-5UTR-Amplicon-short-trimmed+3,14,c,0.0067
SARS-CoV2-5UTR-Amplicon-short-trimmed+3,15,t,0.0422
SARS-CoV2-5UTR-Amplicon-short-trimmed+3,16,c,0.019
SARS-CoV2-5UTR-Amplicon-short-trimmed+3,17,t,0.0252
SARS-CoV2-5UTR-Amplicon-short-trimmed+3,18,a,0.0512
SARS-CoV2-5UTR-Amplicon-short-trimmed+3,19,a,0.0103
SARS-CoV2-5UTR-Amplicon-short-trimmed+3,20,a,0.0157
SARS-CoV2-5UTR-Amplicon-short-trimmed+3,21,c,0.0075
SARS-CoV2-5UTR-Amplicon-short-trimmed+3,22,g,0.0141
SARS-CoV2-5UTR-Amplicon-short-trimmed+3,23,a,0.0107
SARS-CoV2-5UTR-Amplicon-short-trimmed+3,24,a,0.0093
SARS-CoV2-5UTR-Amplicon-short-trimmed+3,25,c,0.507
SARS-CoV2-5UTR-Amplicon-short-trimmed+3,26,t,0.0488
SARS-CoV2-5UTR-Amplicon-short-trimmed+3,27,t,0.0577
SARS-CoV2-5UTR-Amplicon-short-trimmed+3,28,t,0.0065
SARS-CoV2-5UTR-Amplicon-short-trimmed+3,29,a,0.0075
SARS-CoV2-5UTR-Amplicon-short-trimmed+3,30,a,0.0141
SARS-CoV2-5UTR-Amplicon-short-trimmed+3,31,a,0.0579
SARS-CoV2-5UTR-Amplicon-short-trimmed+3,32,a,0.0143
SARS-CoV2-5UTR-Amplicon-short-trimmed+3,33,t,0.0194
SARS-CoV2-5UTR-Amplicon-short-trimmed+3,34,c,0.0046
SARS-CoV2-5UTR-Amplicon-short-trimmed+3,35,t,0.0184
SARS-CoV2-5UTR-Amplicon-short-trimmed+3,36,g,0.0161
SARS-CoV2-5UTR-Amplicon-short-trimmed+3,37,t,0.0299
SARS-CoV2-5UTR-Amplicon-short-trimmed+3,38,g,0.0101
SARS-CoV2-5UTR-Amplicon-short-trimmed+3,39,t,0.0214
SARS-CoV2-5UTR-Amplicon-short-trimmed+3,40,g,0.0163
SARS-CoV2-5UTR-Amplicon-short-trimmed+3,41,g,0.0315
SARS-CoV2-5UTR-Amplicon-short-trimmed+3,42,c,0.0109
SARS-CoV2-5UTR-Amplicon-short-trimmed+3,43,t,0.0658
SARS-CoV2-5UTR-Amplicon-short-trimmed+3,44,g,0.024
SARS-CoV2-5UTR-Amplicon-short-trimmed+3,45,t,0.047
SARS-CoV2-5UTR-Amplicon-short-trimmed+3,46,c,0.0075
SARS-CoV2-5UTR-Amplicon-short-trimmed+3,47,a,0.0101
SARS-CoV2-5UTR-Amplicon-short-trimmed+3,48,c,0.0089
SARS-CoV2-5UTR-Amplicon-short-trimmed+3,49,t,0.0204
SARS-CoV2-5UTR-Amplicon-short-trimmed+3,50,c,0.0101
SARS-CoV2-5UTR-Amplicon-short-trimmed+3,51,g,0.0359
SARS-CoV2-5UTR-Amplicon-short-trimmed+3,52,g,0.0391
SARS-CoV2-5UTR-Amplicon-short-trimmed+3,53,c,0.0547
SARS-CoV2-5UTR-Amplicon-short-trimmed+3,54,t,0.0127
SARS-CoV2-5UTR-Amplicon-short-trimmed+3,55,g,0.0896
SARS-CoV2-5UTR-Amplicon-short-trimmed+3,56,c,0.0145
SARS-CoV2-5UTR-Amplicon-short-trimmed+3,57,g,0.0857
SARS-CoV2-5UTR-Amplicon-short-trimmed+3,58,t,0.0397
SARS-CoV2-5UTR-Amplicon-short-trimmed+3,59,g,0.0474
SARS-CoV2-5UTR-Amplicon-short-trimmed+3,60,c,0.0135
SARS-CoV2-5UTR-Amplicon-short-trimmed+3,61,t,0.0424
SARS-CoV2-5UTR-Amplicon-short-trimmed+3,62,t,0.02
SARS-CoV2-5UTR-Amplicon-short-trimmed+3,63,a,0.0184
SARS-CoV2-5UTR-Amplicon-short-trimmed+3,64,g,0.0129
SARS-CoV2-5UTR-Amplicon-short-trimmed+3,65,t,0.0135
SARS-CoV2-5UTR-Amplicon-short-trimmed+3,66,g,0.0406
SARS-CoV2-5UTR-Amplicon-short-trimmed+3,67,c,0.0198
SARS-CoV2-5UTR-Amplicon-short-trimmed+3,68,a,0.0343
SARS-CoV2-5UTR-Amplicon-short-trimmed+3,69,c,0.0147
SARS-CoV2-5UTR-Amplicon-short-trimmed+3,70,t,0.0196
SARS-CoV2-5UTR-Amplicon-short-trimmed+3,71,c,0.0232
SARS-CoV2-5UTR-Amplicon-short-trimmed+3,72,a,0.0305
SARS-CoV2-5UTR-Amplicon-short-trimmed+3,73,c,0.0095
SARS-CoV2-5UTR-Amplicon-short-trimmed+3,74,g,0.0264
SARS-CoV2-5UTR-Amplicon-short-trimmed+3,75,c,0.0038
SARS-CoV2-5UTR-Amplicon-short-trimmed+3,76,a,0.0658
SARS-CoV2-5UTR-Amplicon-short-trimmed+3,77,g,0.0232
SARS-CoV2-5UTR-Amplicon-short-trimmed+3,78,t,0.0254
SARS-CoV2-5UTR-Amplicon-short-trimmed+3,79,a,0.0272
SARS-CoV2-5UTR-Amplicon-short-trimmed+3,80,t,0.0125
SARS-CoV2-5UTR-Amplicon-short-trimmed+3,81,a,0.0276
SARS-CoV2-5UTR-Amplicon-short-trimmed+3,82,a,0.0464
SARS-CoV2-5UTR-Amplicon-short-trimmed+3,83,t,0.0133
SARS-CoV2-5UTR-Amplicon-short-trimmed+3,84,t,0.0595
SARS-CoV2-5UTR-Amplicon-short-trimmed+3,85,a,0.0474
SARS-CoV2-5UTR-Amplicon-short-trimmed+3,86,a,0.0337
SARS-CoV2-5UTR-Amplicon-short-trimmed+3,87,t,0.0143
SARS-CoV2-5UTR-Amplicon-short-trimmed+3,88,a,0.0309
SARS-CoV2-5UTR-Amplicon-short-trimmed+3,89,a,0.0321
SARS-CoV2-5UTR-Amplicon-short-trimmed+3,90,c,0.2877
SARS-CoV2-5UTR-Amplicon-short-trimmed+3,91,t,0.0757
SARS-CoV2-5UTR-Amplicon-short-trimmed+3,92,a,0.0254
SARS-CoV2-5UTR-Amplicon-short-trimmed+3,93,a,0.0353
SARS-CoV2-5UTR-Amplicon-short-trimmed+3,94,t,0.0395
SARS-CoV2-5UTR-Amplicon-short-trimmed+3,95,t,0.0422
SARS-CoV2-5UTR-Amplicon-short-trimmed+3,96,a,0.0288
SARS-CoV2-5UTR-Amplicon-short-trimmed+3,97,c,0.0121
SARS-CoV2-5UTR-Amplicon-short-trimmed+3,98,t,0.2758
SARS-CoV2-5UTR-Amplicon-short-trimmed+3,99,g,0.0539
SARS-CoV2-5UTR-Amplicon-short-trimmed+3,100,t,0.0668
SARS-CoV2-5UTR-Amplicon-short-trimmed+3,101,c,0.0121
SARS-CoV2-5UTR-Amplicon-short-trimmed+3,102,g,0.0412
SARS-CoV2-5UTR-Amplicon-short-trimmed+3,103,t,0.0603
SARS-CoV2-5UTR-Amplicon-short-trimmed+3,104,t,0.0817
SARS-CoV2-5UTR-Amplicon-short-trimmed+3,105,g,0.0329
SARS-CoV2-5UTR-Amplicon-short-trimmed+3,106,a,0.0448
SARS-CoV2-5UTR-Amplicon-short-trimmed+3,107,c,0.0192
SARS-CoV2-5UTR-Amplicon-short-trimmed+3,108,a,0.0603
SARS-CoV2-5UTR-Amplicon-short-trimmed+3,109,g,0.0452
SARS-CoV2-5UTR-Amplicon-short-trimmed+3,110,g,0.0323
SARS-CoV2-5UTR-Amplicon-short-trimmed+3,111,a,0.0351
SARS-CoV2-5UTR-Amplicon-short-trimmed+3,112,c,0.0351
SARS-CoV2-5UTR-Amplicon-short-trimmed+3,113,a,0.0773
SARS-CoV2-5UTR-Amplicon-short-trimmed+3,114,c,0.0202
SARS-CoV2-5UTR-Amplicon-short-trimmed+3,115,g,0.0303
SARS-CoV2-5UTR-Amplicon-short-trimmed+3,116,a,0.0357
SARS-CoV2-5UTR-Amplicon-short-trimmed+3,117,g,0.0177
SARS-CoV2-5UTR-Amplicon-short-trimmed+3,118,t,0.0808
SARS-CoV2-5UTR-Amplicon-short-trimmed+3,119,a,0.0936
SARS-CoV2-5UTR-Amplicon-short-trimmed+3,120,a,0.0295
SARS-CoV2-5UTR-Amplicon-short-trimmed+3,121,c,0.0175
SARS-CoV2-5UTR-Amplicon-short-trimmed+3,122,t,0.1029
SARS-CoV2-5UTR-Amplicon-short-trimmed+3,123,c,0.2006
SARS-CoV2-5UTR-Amplicon-short-trimmed+3,124,g,0.1468
SARS-CoV2-5UTR-Amplicon-short-trimmed+3,125,t,0.2521
SARS-CoV2-5UTR-Amplicon-short-trimmed+3,126,c,0.1082
SARS-CoV2-5UTR-Amplicon-short-trimmed+3,127,t,0.153
SARS-CoV2-5UTR-Amplicon-short-trimmed+3,128,a,0.2622
SARS-CoV2-5UTR-Amplicon-short-trimmed+3,129,t,1.2229
SARS-CoV2-5UTR-Amplicon-short-trimmed+3,130,c,0.1388
SARS-CoV2-5UTR-Amplicon-short-trimmed+3,131,t,0.2295
SARS-CoV2-5UTR-Amplicon-short-trimmed+3,132,t,0.3552
SARS-CoV2-5UTR-Amplicon-short-trimmed+3,133,c,0.3552
SARS-CoV2-5UTR-Amplicon-short-trimmed+3,134,t,0.2805
SARS-CoV2-5UTR-Amplicon-short-trimmed+3,135,g,0.1255
SARS-CoV2-5UTR-Amplicon-short-trimmed+3,136,c,0.4329
SARS-CoV2-5UTR-Amplicon-short-trimmed+3,137,a,0.2966
SARS-CoV2-5UTR-Amplicon-short-trimmed+3,138,g,0.087
SARS-CoV2-5UTR-Amplicon-short-trimmed+3,139,g,0.2954
SARS-CoV2-5UTR-Amplicon-short-trimmed+3,140,c,0.1103
SARS-CoV2-5UTR-Amplicon-short-trimmed+3,141,t,0.3466
SARS-CoV2-5UTR-Amplicon-short-trimmed+3,142,g,0.5304
SARS-CoV2-5UTR-Amplicon-short-trimmed+3,143,c,0.1018
SARS-CoV2-5UTR-Amplicon-short-trimmed+3,144,t,0.1221
SARS-CoV2-5UTR-Amplicon-short-trimmed+3,145,t,0.1738
SARS-CoV2-5UTR-Amplicon-short-trimmed+3,146,a,0.2275
SARS-CoV2-5UTR-Amplicon-short-trimmed+3,147,c,0.1667
SARS-CoV2-5UTR-Amplicon-short-trimmed+3,148,g,0.3768
SARS-CoV2-5UTR-Amplicon-short-trimmed+3,149,g,0.1344
SARS-CoV2-5UTR-Amplicon-short-trimmed+3,150,t,0.165
SARS-CoV2-5UTR-Amplicon-short-trimmed+3,151,t,0.1662
SARS-CoV2-5UTR-Amplicon-short-trimmed+3,152,t,0.2824
SARS-CoV2-5UTR-Amplicon-short-trimmed+3,153,c,0.2657
SARS-CoV2-5UTR-Amplicon-short-trimmed+3,154,g,0.0929
SARS-CoV2-5UTR-Amplicon-short-trimmed+3,155,t,0.3553
SARS-CoV2-5UTR-Amplicon-short-trimmed+3,156,c,0.196
SARS-CoV2-5UTR-Amplicon-short-trimmed+3,157,c,0.2444
SARS-CoV2-5UTR-Amplicon-short-trimmed+3,158,g,0.1048
SARS-CoV2-5UTR-Amplicon-short-trimmed+3,159,t,1.6481
SARS-CoV2-5UTR-Amplicon-short-trimmed+3,160,g,0.0748
SARS-CoV2-5UTR-Amplicon-short-trimmed+3,161,t,0.1434
SARS-CoV2-5UTR-Amplicon-short-trimmed+3,162,t,0.2205
SARS-CoV2-5UTR-Amplicon-short-trimmed+3,163,g,0.1001
SARS-CoV2-5UTR-Amplicon-short-trimmed+3,164,c,0.3044
SARS-CoV2-5UTR-Amplicon-short-trimmed+3,165,a,0.2286
SARS-CoV2-5UTR-Amplicon-short-trimmed+3,166,g,0.4168
SARS-CoV2-5UTR-Amplicon-short-trimmed+3,167,c,0.2421
SARS-CoV2-5UTR-Amplicon-short-trimmed+3,168,c,0.6012
SARS-CoV2-5UTR-Amplicon-short-trimmed+3,169,g,0.1132
SARS-CoV2-5UTR-Amplicon-short-trimmed+3,170,a,0.1641
SARS-CoV2-5UTR-Amplicon-short-trimmed+3,171,t,0.1426
SARS-CoV2-5UTR-Amplicon-short-trimmed+3,172,c,0.2296
SARS-CoV2-5UTR-Amplicon-short-trimmed+3,173,a,0.0602
SARS-CoV2-5UTR-Amplicon-short-trimmed+3,174,t,0.1094
SARS-CoV2-5UTR-Amplicon-short-trimmed+3,175,c,0.2499
SARS-CoV2-5UTR-Amplicon-short-trimmed+3,176,a,0.1563
SARS-CoV2-5UTR-Amplicon-short-trimmed+3,177,g,0.132
SARS-CoV2-5UTR-Amplicon-short-trimmed+3,178,c,0.6719
SARS-CoV2-5UTR-Amplicon-short-trimmed+3,179,a,0.1396
SARS-CoV2-5UTR-Amplicon-short-trimmed+3,180,c,0.0896
SARS-CoV2-5UTR-Amplicon-short-trimmed+3,181,a,0.131
SARS-CoV2-5UTR-Amplicon-short-trimmed+3,182,t,0.1781
SARS-CoV2-5UTR-Amplicon-short-trimmed+3,183,c,0.0877
SARS-CoV2-5UTR-Amplicon-short-trimmed+3,184,t,0.1081
SARS-CoV2-5UTR-Amplicon-short-trimmed+3,185,a,0.1878
SARS-CoV2-5UTR-Amplicon-short-trimmed+3,186,g,0.0731
SARS-CoV2-5UTR-Amplicon-short-trimmed+3,187,g,0.0773
SARS-CoV2-5UTR-Amplicon-short-trimmed+3,188,t,0.1491
SARS-CoV2-5UTR-Amplicon-short-trimmed+3,189,t,0.3359
SARS-CoV2-5UTR-Amplicon-short-trimmed+3,190,t,0.4651
SARS-CoV2-5UTR-Amplicon-short-trimmed+3,191,c,0.1551
SARS-CoV2-5UTR-Amplicon-short-trimmed+3,192,g,0.061
SARS-CoV2-5UTR-Amplicon-short-trimmed+3,193,t,1.2587
SARS-CoV2-5UTR-Amplicon-short-trimmed+3,194,c,0.0851
SARS-CoV2-5UTR-Amplicon-short-trimmed+3,195,c,0.1643
SARS-CoV2-5UTR-Amplicon-short-trimmed+3,196,g,0.3299
SARS-CoV2-5UTR-Amplicon-short-trimmed+3,197,g,0.1301
SARS-CoV2-5UTR-Amplicon-short-trimmed+3,198,g,0.3714
SARS-CoV2-5UTR-Amplicon-short-trimmed+3,199,t,0.2484
SARS-CoV2-5UTR-Amplicon-short-trimmed+3,200,g,0.0801
SARS-CoV2-5UTR-Amplicon-short-trimmed+3,201,t,0.1403
SARS-CoV2-5UTR-Amplicon-short-trimmed+3,202,g,0.1029
SARS-CoV2-5UTR-Amplicon-short-trimmed+3,203,a,0.3447
SARS-CoV2-5UTR-Amplicon-short-trimmed+3,204,c,0.1094
SARS-CoV2-5UTR-Amplicon-short-trimmed+3,205,c,0.1077
SARS-CoV2-5UTR-Amplicon-short-trimmed+3,206,g,0.0834
SARS-CoV2-5UTR-Amplicon-short-trimmed+3,207,a,0.1263
SARS-CoV2-5UTR-Amplicon-short-trimmed+3,208,a,0.0762
SARS-CoV2-5UTR-Amplicon-short-trimmed+3,209,a,0.1675
SARS-CoV2-5UTR-Amplicon-short-trimmed+3,210,g,0.1354
SARS-CoV2-5UTR-Amplicon-short-trimmed+3,211,g,0.1185
SARS-CoV2-5UTR-Amplicon-short-trimmed+3,212,t,0.1572
SARS-CoV2-5UTR-Amplicon-short-trimmed+3,213,a,0.0623
SARS-CoV2-5UTR-Amplicon-short-trimmed+3,214,a,0.0667
SARS-CoV2-5UTR-Amplicon-short-trimmed+3,215,g,0.0676
SARS-CoV2-5UTR-Amplicon-short-trimmed+3,216,a,0.0496
SARS-CoV2-5UTR-Amplicon-short-trimmed+3,217,t,0.1265
SARS-CoV2-5UTR-Amplicon-short-trimmed+3,218,g,0.0528
SARS-CoV2-5UTR-Amplicon-short-trimmed+3,219,g,0.0703
SARS-CoV2-5UTR-Amplicon-short-trimmed+3,220,a,0.2269
SARS-CoV2-5UTR-Amplicon-short-trimmed+3,221,g,0.1677
SARS-CoV2-5UTR-Amplicon-short-trimmed+3,222,a,0.0775
SARS-CoV2-5UTR-Amplicon-short-trimmed+3,223,g,0.1967
SARS-CoV2-5UTR-Amplicon-short-trimmed+3,224,c,0.068
SARS-CoV2-5UTR-Amplicon-short-trimmed+3,225,c,0.0781
SARS-CoV2-5UTR-Amplicon-short-trimmed+3,226,t,0.0534
SARS-CoV2-5UTR-Amplicon-short-trimmed+3,227,t,0.3287
SARS-CoV2-5UTR-Amplicon-short-trimmed+3,228,g,0.041
SARS-CoV2-5UTR-Amplicon-short-trimmed+3,229,t,0.143
SARS-CoV2-5UTR-Amplicon-short-trimmed+3,230,c,0.0591
SARS-CoV2-5UTR-Amplicon-short-trimmed+3,231,c,0.0577
SARS-CoV2-5UTR-Amplicon-short-trimmed+3,232,c,0.0986
SARS-CoV2-5UTR-Amplicon-short-trimmed+3,233,t,0.1533
SARS-CoV2-5UTR-Amplicon-short-trimmed+3,234,g,0.068
SARS-CoV2-5UTR-Amplicon-short-trimmed+3,235,g,0.1181
SARS-CoV2-5UTR-Amplicon-short-trimmed+3,236,t,0.0598
SARS-CoV2-5UTR-Amplicon-short-trimmed+3,237,t,0.0796
SARS-CoV2-5UTR-Amplicon-short-trimmed+3,238,t,0.1483
SARS-CoV2-5UTR-Amplicon-short-trimmed+3,239,c,0.4649
SARS-CoV2-5UTR-Amplicon-short-trimmed+3,240,a,0.1092
SARS-CoV2-5UTR-Amplicon-short-trimmed+3,241,a,0.0765
SARS-CoV2-5UTR-Amplicon-short-trimmed+3,242,c,0.0767
SARS-CoV2-5UTR-Amplicon-short-trimmed+3,243,g,0.0207
SARS-CoV2-5UTR-Amplicon-short-trimmed+3,244,a,0.2327
SARS-CoV2-5UTR-Amplicon-short-trimmed+3,245,g,0.468
SARS-CoV2-5UTR-Amplicon-short-trimmed+3,246,g,4.9992
SARS-CoV2-5UTR-Amplicon-short-trimmed+3,247,G,96.238
SARS-CoV2-5UTR-Amplicon-short-trimmed+3,248,A,99.8684
SARS-CoV2-5UTR-Amplicon-short-trimmed+3,249,G,99.7717
