Region,Position,Ref_base,Mut_percentage
SARS-CoV2-5UTR-Amplicon-short-trimmed+3,1,T,99.8161
SARS-CoV2-5UTR-Amplicon-short-trimmed+3,2,T,99.858
SARS-CoV2-5UTR-Amplicon-short-trimmed+3,3,G,99.9674
SARS-CoV2-5UTR-Amplicon-short-trimmed+3,4,t,99.9475
SARS-CoV2-5UTR-Amplicon-short-trimmed+3,5,a,0.0019
SARS-CoV2-5UTR-Amplicon-short-trimmed+3,6,g,0.065
SARS-CoV2-5UTR-Amplicon-short-trimmed+3,7,a,0.0124
SARS-CoV2-5UTR-Amplicon-short-trimmed+3,8,t,0.0066
SARS-CoV2-5UTR-Amplicon-short-trimmed+3,9,c,0.0045
SARS-CoV2-5UTR-Amplicon-short-trimmed+3,10,t,0.0043
SARS-CoV2-5UTR-Amplicon-short-trimmed+3,11,g,0.0982
SARS-CoV2-5UTR-Amplicon-short-trimmed+3,12,t,0.0173
SARS-CoV2-5UTR-Amplicon-short-trimmed+3,13,t,0.0167
SARS-CoV2-5UTR-Amplicon-short-trimmed+3,14,c,0.0041
SARS-CoV2-5UTR-Amplicon-short-trimmed+3,15,t,0.0339
SARS-CoV2-5UTR-Amplicon-short-trimmed+3,16,c,0.02
SARS-CoV2-5UTR-Amplicon-short-trimmed+3,17,t,0.0155
SARS-CoV2-5UTR-Amplicon-short-trimmed+3,18,a,0.0446
SARS-CoV2-5UTR-Amplicon-short-trimmed+3,19,a,0.0094
SARS-CoV2-5UTR-Amplicon-short-trimmed+3,20,a,0.0116
SARS-CoV2-5UTR-Amplicon-short-trimmed+3,21,c,0.0079
SARS-CoV2-5UTR-Amplicon-short-trimmed+3,22,g,0.0173
SARS-CoV2-5UTR-Amplicon-short-trimmed+3,23,a,0.0079
SARS-CoV2-5UTR-Amplicon-short-trimmed+3,24,a,0.0057
SARS-CoV2-5UTR-Amplicon-short-trimmed+3,25,c,0.0566
SARS-CoV2-5UTR-Amplicon-short-trimmed+3,26,t,0.0333
SARS-CoV2-5UTR-Amplicon-short-trimmed+3,27,t,0.0617
SARS-CoV2-5UTR-Amplicon-short-trimmed+3,28,t,0.0046
SARS-CoV2-5UTR-Amplicon-short-trimmed+3,29,a,0.0062
SARS-CoV2-5UTR-Amplicon-short-trimmed+3,30,a,0.0119
SARS-CoV2-5UTR-Amplicon-short-trimmed+3,31,a,0.0565
SARS-CoV2-5UTR-Amplicon-short-trimmed+3,32,a,0.0132
SARS-CoV2-5UTR-Amplicon-short-trimmed+3,33,t,0.0145
SARS-CoV2-5UTR-Amplicon-short-trimmed+3,34,c,0.0074
SARS-CoV2-5UTR-Amplicon-short-trimmed+3,35,t,0.0135
SARS-CoV2-5UTR-Amplicon-short-trimmed+3,36,g,0.011
SARS-CoV2-5UTR-Amplicon-short-trimmed+3,37,t,0.0237
SARS-CoV2-5UTR-Amplicon-short-trimmed+3,38,g,0.0111
SARS-CoV2-5UTR-Amplicon-short-trimmed+3,39,t,0.0178
SARS-CoV2-5UTR-Amplicon-short-trimmed+3,40,g,0.0132
SARS-CoV2-5UTR-Amplicon-short-trimmed+3,41,g,0.0282
SARS-CoV2-5UTR-Amplicon-short-trimmed+3,42,c,0.0109
SARS-CoV2-5UTR-Amplicon-short-trimmed+3,43,t,0.071
SARS-CoV2-5UTR-Amplicon-short-trimmed+3,44,g,0.0309
SARS-CoV2-5UTR-Amplicon-short-trimmed+3,45,t,0.0392
SARS-CoV2-5UTR-Amplicon-short-trimmed+3,46,c,0.0082
SARS-CoV2-5UTR-Amplicon-short-trimmed+3,47,a,0.0093
SARS-CoV2-5UTR-Amplicon-short-trimmed+3,48,c,0.007
SARS-CoV2-5UTR-Amplicon-short-trimmed+3,49,t,0.022
SARS-CoV2-5UTR-Amplicon-short-trimmed+3,50,c,0.0074
SARS-CoV2-5UTR-Amplicon-short-trimmed+3,51,g,0.0334
SARS-CoV2-5UTR-Amplicon-short-trimmed+3,52,g,0.0224
SARS-CoV2-5UTR-Amplicon-short-trimmed+3,53,c,0.068
SARS-CoV2-5UTR-Amplicon-short-trimmed+3,54,t,0.0115
SARS-CoV2-5UTR-Amplicon-short-trimmed+3,55,g,0.1068
SARS-CoV2-5UTR-Amplicon-short-trimmed+3,56,c,0.0122
SARS-CoV2-5UTR-Amplicon-short-trimmed+3,57,g,0.1065
SARS-CoV2-5UTR-Amplicon-short-trimmed+3,58,t,0.0319
SARS-CoV2-5UTR-Amplicon-short-trimmed+3,59,g,0.0532
SARS-CoV2-5UTR-Amplicon-short-trimmed+3,60,c,0.0106
SARS-CoV2-5UTR-Amplicon-short-trimmed+3,61,t,0.032
SARS-CoV2-5UTR-Amplicon-short-trimmed+3,62,t,0.0162
SARS-CoV2-5UTR-Amplicon-short-trimmed+3,63,a,0.015
SARS-CoV2-5UTR-Amplicon-short-trimmed+3,64,g,0.0153
SARS-CoV2-5UTR-Amplicon-short-trimmed+3,65,t,0.0074
SARS-CoV2-5UTR-Amplicon-short-trimmed+3,66,g,0.0409
SARS-CoV2-5UTR-Amplicon-short-trimmed+3,67,c,0.0146
SARS-CoV2-5UTR-Amplicon-short-trimmed+3,68,a,0.0295
SARS-CoV2-5UTR-Amplicon-short-trimmed+3,69,c,0.0115
SARS-CoV2-5UTR-Amplicon-short-trimmed+3,70,t,0.0132
SARS-CoV2-5UTR-Amplicon-short-trimmed+3,71,c,0.0226
SARS-CoV2-5UTR-Amplicon-short-trimmed+3,72,a,0.0236
SARS-CoV2-5UTR-Amplicon-short-trimmed+3,73,c,0.0099
SARS-CoV2-5UTR-Amplicon-short-trimmed+3,74,g,0.0234
SARS-CoV2-5UTR-Amplicon-short-trimmed+3,75,c,0.0023
SARS-CoV2-5UTR-Amplicon-short-trimmed+3,76,a,0.0612
SARS-CoV2-5UTR-Amplicon-short-trimmed+3,77,g,0.0197
SARS-CoV2-5UTR-Amplicon-short-trimmed+3,78,t,0.0211
SARS-CoV2-5UTR-Amplicon-short-trimmed+3,79,a,0.0276
SARS-CoV2-5UTR-Amplicon-short-trimmed+3,80,t,0.0084
SARS-CoV2-5UTR-Amplicon-short-trimmed+3,81,a,0.0221
SARS-CoV2-5UTR-Amplicon-short-trimmed+3,82,a,0.0382
SARS-CoV2-5UTR-Amplicon-short-trimmed+3,83,t,0.0095
SARS-CoV2-5UTR-Amplicon-short-trimmed+3,84,t,0.0448
SARS-CoV2-5UTR-Amplicon-short-trimmed+3,85,a,0.0386
SARS-CoV2-5UTR-Amplicon-short-trimmed+3,86,a,0.0314
SARS-CoV2-5UTR-Amplicon-short-trimmed+3,87,t,0.0094
SARS-CoV2-5UTR-Amplicon-short-trimmed+3,88,a,0.0271
SARS-CoV2-5UTR-Amplicon-short-trimmed+3,89,a,0.026
SARS-CoV2-5UTR-Amplicon-short-trimmed+3,90,c,0.2819
SARS-CoV2-5UTR-Amplicon-short-trimmed+3,91,t,0.0645
SARS-CoV2-5UTR-Amplicon-short-trimmed+3,92,a,0.0239
SARS-CoV2-5UTR-Amplicon-short-trimmed+3,93,a,0.0319
SARS-CoV2-5UTR-Amplicon-short-trimmed+3,94,t,0.027
SARS-CoV2-5UTR-Amplicon-short-trimmed+3,95,t,0.03
SARS-CoV2-5UTR-Amplicon-short-trimmed+3,96,a,0.023
SARS-CoV2-5UTR-Amplicon-short-trimmed+3,97,c,0.013
SARS-CoV2-5UTR-Amplicon-short-trimmed+3,98,t,0.2617
SARS-CoV2-5UTR-Amplicon-short-trimmed+3,99,g,0.0574
SARS-CoV2-5UTR-Amplicon-short-trimmed+3,100,t,0.0492
SARS-CoV2-5UTR-Amplicon-short-trimmed+3,101,c,0.0111
SARS-CoV2-5UTR-Amplicon-short-trimmed+3,102,g,0.0407
SARS-CoV2-5UTR-Amplicon-short-trimmed+3,103,t,0.0397
SARS-CoV2-5UTR-Amplicon-short-trimmed+3,104,t,0.0753
SARS-CoV2-5UTR-Amplicon-short-trimmed+3,105,g,0.0408
SARS-CoV2-5UTR-Amplicon-short-trimmed+3,106,a,0.0378
SARS-CoV2-5UTR-Amplicon-short-trimmed+3,107,c,0.0187
SARS-CoV2-5UTR-Amplicon-short-trimmed+3,108,a,0.0466
SARS-CoV2-5UTR-Amplicon-short-trimmed+3,109,g,0.0488
SARS-CoV2-5UTR-Amplicon-short-trimmed+3,110,g,0.0375
SARS-CoV2-5UTR-Amplicon-short-trimmed+3,111,a,0.0297
SARS-CoV2-5UTR-Amplicon-short-trimmed+3,112,c,0.0298
SARS-CoV2-5UTR-Amplicon-short-trimmed+3,113,a,0.063
SARS-CoV2-5UTR-Amplicon-short-trimmed+3,114,c,0.0176
SARS-CoV2-5UTR-Amplicon-short-trimmed+3,115,g,0.0304
SARS-CoV2-5UTR-Amplicon-short-trimmed+3,116,a,0.0285
SARS-CoV2-5UTR-Amplicon-short-trimmed+3,117,g,0.0138
SARS-CoV2-5UTR-Amplicon-short-trimmed+3,118,t,0.0722
SARS-CoV2-5UTR-Amplicon-short-trimmed+3,119,a,0.0865
SARS-CoV2-5UTR-Amplicon-short-trimmed+3,120,a,0.0197
SARS-CoV2-5UTR-Amplicon-short-trimmed+3,121,c,0.0178
SARS-CoV2-5UTR-Amplicon-short-trimmed+3,122,t,0.0876
SARS-CoV2-5UTR-Amplicon-short-trimmed+3,123,c,0.1707
SARS-CoV2-5UTR-Amplicon-short-trimmed+3,124,g,0.1389
SARS-CoV2-5UTR-Amplicon-short-trimmed+3,125,t,0.1702
SARS-CoV2-5UTR-Amplicon-short-trimmed+3,126,c,0.0858
SARS-CoV2-5UTR-Amplicon-short-trimmed+3,127,t,0.1061
SARS-CoV2-5UTR-Amplicon-short-trimmed+3,128,a,0.2056
SARS-CoV2-5UTR-Amplicon-short-trimmed+3,129,t,0.9803
SARS-CoV2-5UTR-Amplicon-short-trimmed+3,130,c,0.1176
SARS-CoV2-5UTR-Amplicon-short-trimmed+3,131,t,0.1696
SARS-CoV2-5UTR-Amplicon-short-trimmed+3,132,t,0.2781
SARS-CoV2-5UTR-Amplicon-short-trimmed+3,133,c,0.2931
SARS-CoV2-5UTR-Amplicon-short-trimmed+3,134,t,0.2192
SARS-CoV2-5UTR-Amplicon-short-trimmed+3,135,g,0.0781
SARS-CoV2-5UTR-Amplicon-short-trimmed+3,136,c,0.3443
SARS-CoV2-5UTR-Amplicon-short-trimmed+3,137,a,0.2162
SARS-CoV2-5UTR-Amplicon-short-trimmed+3,138,g,0.0621
SARS-CoV2-5UTR-Amplicon-short-trimmed+3,139,g,0.2242
SARS-CoV2-5UTR-Amplicon-short-trimmed+3,140,c,0.0803
SARS-CoV2-5UTR-Amplicon-short-trimmed+3,141,t,0.2799
SARS-CoV2-5UTR-Amplicon-short-trimmed+3,142,g,0.393
SARS-CoV2-5UTR-Amplicon-short-trimmed+3,143,c,0.0531
SARS-CoV2-5UTR-Amplicon-short-trimmed+3,144,t,0.0903
SARS-CoV2-5UTR-Amplicon-short-trimmed+3,145,t,0.1287
SARS-CoV2-5UTR-Amplicon-short-trimmed+3,146,a,0.1821
SARS-CoV2-5UTR-Amplicon-short-trimmed+3,147,c,0.1192
SARS-CoV2-5UTR-Amplicon-short-trimmed+3,148,g,0.3173
SARS-CoV2-5UTR-Amplicon-short-trimmed+3,149,g,0.0746
SARS-CoV2-5UTR-Amplicon-short-trimmed+3,150,t,0.1249
SARS-CoV2-5UTR-Amplicon-short-trimmed+3,151,t,0.1247
SARS-CoV2-5UTR-Amplicon-short-trimmed+3,152,t,0.2182
SARS-CoV2-5UTR-Amplicon-short-trimmed+3,153,c,0.2033
SARS-CoV2-5UTR-Amplicon-short-trimmed+3,154,g,0.0671
SARS-CoV2-5UTR-Amplicon-short-trimmed+3,155,t,0.2431
SARS-CoV2-5UTR-Amplicon-short-trimmed+3,156,c,0.1153
SARS-CoV2-5UTR-Amplicon-short-trimmed+3,157,c,0.1741
SARS-CoV2-5UTR-Amplicon-short-trimmed+3,158,g,0.0771
SARS-CoV2-5UTR-Amplicon-short-trimmed+3,159,t,1.3713
SARS-CoV2-5UTR-Amplicon-short-trimmed+3,160,g,0.0452
SARS-CoV2-5UTR-Amplicon-short-trimmed+3,161,t,0.0927
SARS-CoV2-5UTR-Amplicon-short-trimmed+3,162,t,0.1599
SARS-CoV2-5UTR-Amplicon-short-trimmed+3,163,g,0.0619
SARS-CoV2-5UTR-Amplicon-short-trimmed+3,164,c,0.216
SARS-CoV2-5UTR-Amplicon-short-trimmed+3,165,a,0.1373
SARS-CoV2-5UTR-Amplicon-short-trimmed+3,166,g,0.2114
SARS-CoV2-5UTR-Amplicon-short-trimmed+3,167,c,0.1075
SARS-CoV2-5UTR-Amplicon-short-trimmed+3,168,c,0.4931
SARS-CoV2-5UTR-Amplicon-short-trimmed+3,169,g,0.0851
SARS-CoV2-5UTR-Amplicon-short-trimmed+3,170,a,0.1297
SARS-CoV2-5UTR-Amplicon-short-trimmed+3,171,t,0.0944
SARS-CoV2-5UTR-Amplicon-short-trimmed+3,172,c,0.1804
SARS-CoV2-5UTR-Amplicon-short-trimmed+3,173,a,0.0565
SARS-CoV2-5UTR-Amplicon-short-trimmed+3,174,t,0.0758
SARS-CoV2-5UTR-Amplicon-short-trimmed+3,175,c,0.2126
SARS-CoV2-5UTR-Amplicon-short-trimmed+3,176,a,0.1207
SARS-CoV2-5UTR-Amplicon-short-trimmed+3,177,g,0.0818
SARS-CoV2-5UTR-Amplicon-short-trimmed+3,178,c,0.5605
SARS-CoV2-5UTR-Amplicon-short-trimmed+3,179,a,0.1098
SARS-CoV2-5UTR-Amplicon-short-trimmed+3,180,c,0.0745
SARS-CoV2-5UTR-Amplicon-short-trimmed+3,181,a,0.0993
SARS-CoV2-5UTR-Amplicon-short-trimmed+3,182,t,0.1228
SARS-CoV2-5UTR-Amplicon-short-trimmed+3,183,c,0.0739
SARS-CoV2-5UTR-Amplicon-short-trimmed+3,184,t,0.0867
SARS-CoV2-5UTR-Amplicon-short-trimmed+3,185,a,0.1516
SARS-CoV2-5UTR-Amplicon-short-trimmed+3,186,g,0.0427
SARS-CoV2-5UTR-Amplicon-short-trimmed+3,187,g,0.0326
SARS-CoV2-5UTR-Amplicon-short-trimmed+3,188,t,0.1017
SARS-CoV2-5UTR-Amplicon-short-trimmed+3,189,t,0.2858
SARS-CoV2-5UTR-Amplicon-short-trimmed+3,190,t,0.3768
SARS-CoV2-5UTR-Amplicon-short-trimmed+3,191,c,0.115
SARS-CoV2-5UTR-Amplicon-short-trimmed+3,192,g,0.0535
SARS-CoV2-5UTR-Amplicon-short-trimmed+3,193,t,1.1006
SARS-CoV2-5UTR-Amplicon-short-trimmed+3,194,c,0.0582
SARS-CoV2-5UTR-Amplicon-short-trimmed+3,195,c,0.118
SARS-CoV2-5UTR-Amplicon-short-trimmed+3,196,g,0.3063
SARS-CoV2-5UTR-Amplicon-short-trimmed+3,197,g,0.084
SARS-CoV2-5UTR-Amplicon-short-trimmed+3,198,g,0.3792
SARS-CoV2-5UTR-Amplicon-short-trimmed+3,199,t,0.199
SARS-CoV2-5UTR-Amplicon-short-trimmed+3,200,g,0.0523
SARS-CoV2-5UTR-Amplicon-short-trimmed+3,201,t,0.1122
SARS-CoV2-5UTR-Amplicon-short-trimmed+3,202,g,0.074
SARS-CoV2-5UTR-Amplicon-short-trimmed+3,203,a,0.2564
SARS-CoV2-5UTR-Amplicon-short-trimmed+3,204,c,0.0717
SARS-CoV2-5UTR-Amplicon-short-trimmed+3,205,c,0.0782
SARS-CoV2-5UTR-Amplicon-short-trimmed+3,206,g,0.061
SARS-CoV2-5UTR-Amplicon-short-trimmed+3,207,a,0.1007
SARS-CoV2-5UTR-Amplicon-short-trimmed+3,208,a,0.0516
SARS-CoV2-5UTR-Amplicon-short-trimmed+3,209,a,0.136
SARS-CoV2-5UTR-Amplicon-short-trimmed+3,210,g,0.0841
SARS-CoV2-5UTR-Amplicon-short-trimmed+3,211,g,0.1316
SARS-CoV2-5UTR-Amplicon-short-trimmed+3,212,t,0.1349
SARS-CoV2-5UTR-Amplicon-short-trimmed+3,213,a,0.0449
SARS-CoV2-5UTR-Amplicon-short-trimmed+3,214,a,0.0477
SARS-CoV2-5UTR-Amplicon-short-trimmed+3,215,g,0.0605
SARS-CoV2-5UTR-Amplicon-short-trimmed+3,216,a,0.0367
SARS-CoV2-5UTR-Amplicon-short-trimmed+3,217,t,0.1093
SARS-CoV2-5UTR-Amplicon-short-trimmed+3,218,g,0.0435
SARS-CoV2-5UTR-Amplicon-short-trimmed+3,219,g,0.0484
SARS-CoV2-5UTR-Amplicon-short-trimmed+3,220,a,0.1712
SARS-CoV2-5UTR-Amplicon-short-trimmed+3,221,g,0.1205
SARS-CoV2-5UTR-Amplicon-short-trimmed+3,222,a,0.0564
SARS-CoV2-5UTR-Amplicon-short-trimmed+3,223,g,0.1441
SARS-CoV2-5UTR-Amplicon-short-trimmed+3,224,c,0.0469
SARS-CoV2-5UTR-Amplicon-short-trimmed+3,225,c,0.0697
SARS-CoV2-5UTR-Amplicon-short-trimmed+3,226,t,0.0309
SARS-CoV2-5UTR-Amplicon-short-trimmed+3,227,t,0.2789
SARS-CoV2-5UTR-Amplicon-short-trimmed+3,228,g,0.0379
SARS-CoV2-5UTR-Amplicon-short-trimmed+3,229,t,0.0912
SARS-CoV2-5UTR-Amplicon-short-trimmed+3,230,c,0.0328
SARS-CoV2-5UTR-Amplicon-short-trimmed+3,231,c,0.0485
SARS-CoV2-5UTR-Amplicon-short-trimmed+3,232,c,0.0717
SARS-CoV2-5UTR-Amplicon-short-trimmed+3,233,t,0.1085
SARS-CoV2-5UTR-Amplicon-short-trimmed+3,234,g,0.0409
SARS-CoV2-5UTR-Amplicon-short-trimmed+3,235,g,0.0381
SARS-CoV2-5UTR-Amplicon-short-trimmed+3,236,t,0.0379
SARS-CoV2-5UTR-Amplicon-short-trimmed+3,237,t,0.0585
SARS-CoV2-5UTR-Amplicon-short-trimmed+3,238,t,0.1225
SARS-CoV2-5UTR-Amplicon-short-trimmed+3,239,c,0.5486
SARS-CoV2-5UTR-Amplicon-short-trimmed+3,240,a,0.0614
SARS-CoV2-5UTR-Amplicon-short-trimmed+3,241,a,0.0576
SARS-CoV2-5UTR-Amplicon-short-trimmed+3,242,c,0.0431
SARS-CoV2-5UTR-Amplicon-short-trimmed+3,243,g,0.0134
SARS-CoV2-5UTR-Amplicon-short-trimmed+3,244,a,0.1854
SARS-CoV2-5UTR-Amplicon-short-trimmed+3,245,g,0.5031
SARS-CoV2-5UTR-Amplicon-short-trimmed+3,246,g,5.2323
SARS-CoV2-5UTR-Amplicon-short-trimmed+3,247,G,96.0316
SARS-CoV2-5UTR-Amplicon-short-trimmed+3,248,A,99.8637
SARS-CoV2-5UTR-Amplicon-short-trimmed+3,249,G,99.7696
