Region,Position,Ref_base,Mut_percentage
SARS-CoV2-5UTR-Amplicon-short-trimmed+3,1,T,99.8099
SARS-CoV2-5UTR-Amplicon-short-trimmed+3,2,T,99.8397
SARS-CoV2-5UTR-Amplicon-short-trimmed+3,3,G,99.9499
SARS-CoV2-5UTR-Amplicon-short-trimmed+3,4,t,99.9418
SARS-CoV2-5UTR-Amplicon-short-trimmed+3,5,a,0.0028
SARS-CoV2-5UTR-Amplicon-short-trimmed+3,6,g,0.1101
SARS-CoV2-5UTR-Amplicon-short-trimmed+3,7,a,0.0118
SARS-CoV2-5UTR-Amplicon-short-trimmed+3,8,t,0.0155
SARS-CoV2-5UTR-Amplicon-short-trimmed+3,9,c,0.0055
SARS-CoV2-5UTR-Amplicon-short-trimmed+3,10,t,0.0068
SARS-CoV2-5UTR-Amplicon-short-trimmed+3,11,g,0.1366
SARS-CoV2-5UTR-Amplicon-short-trimmed+3,12,t,0.019
SARS-CoV2-5UTR-Amplicon-short-trimmed+3,13,t,0.0237
SARS-CoV2-5UTR-Amplicon-short-trimmed+3,14,c,0.0147
SARS-CoV2-5UTR-Amplicon-short-trimmed+3,15,t,0.0453
SARS-CoV2-5UTR-Amplicon-short-trimmed+3,16,c,0.0361
SARS-CoV2-5UTR-Amplicon-short-trimmed+3,17,t,0.0289
SARS-CoV2-5UTR-Amplicon-short-trimmed+3,18,a,0.0379
SARS-CoV2-5UTR-Amplicon-short-trimmed+3,19,a,0.0123
SARS-CoV2-5UTR-Amplicon-short-trimmed+3,20,a,0.0083
SARS-CoV2-5UTR-Amplicon-short-trimmed+3,21,c,0.0109
SARS-CoV2-5UTR-Amplicon-short-trimmed+3,22,g,0.0142
SARS-CoV2-5UTR-Amplicon-short-trimmed+3,23,a,0.0072
SARS-CoV2-5UTR-Amplicon-short-trimmed+3,24,a,0.0101
SARS-CoV2-5UTR-Amplicon-short-trimmed+3,25,c,0.1901
SARS-CoV2-5UTR-Amplicon-short-trimmed+3,26,t,0.0466
SARS-CoV2-5UTR-Amplicon-short-trimmed+3,27,t,0.0708
SARS-CoV2-5UTR-Amplicon-short-trimmed+3,28,t,0.0085
SARS-CoV2-5UTR-Amplicon-short-trimmed+3,29,a,0.0109
SARS-CoV2-5UTR-Amplicon-short-trimmed+3,30,a,0.0116
SARS-CoV2-5UTR-Amplicon-short-trimmed+3,31,a,0.0462
SARS-CoV2-5UTR-Amplicon-short-trimmed+3,32,a,0.0134
SARS-CoV2-5UTR-Amplicon-short-trimmed+3,33,t,0.016
SARS-CoV2-5UTR-Amplicon-short-trimmed+3,34,c,0.0098
SARS-CoV2-5UTR-Amplicon-short-trimmed+3,35,t,0.0195
SARS-CoV2-5UTR-Amplicon-short-trimmed+3,36,g,0.0228
SARS-CoV2-5UTR-Amplicon-short-trimmed+3,37,t,0.0317
SARS-CoV2-5UTR-Amplicon-short-trimmed+3,38,g,0.0098
SARS-CoV2-5UTR-Amplicon-short-trimmed+3,39,t,0.0188
SARS-CoV2-5UTR-Amplicon-short-trimmed+3,40,g,0.0175
SARS-CoV2-5UTR-Amplicon-short-trimmed+3,41,g,0.0534
SARS-CoV2-5UTR-Amplicon-short-trimmed+3,42,c,0.0147
SARS-CoV2-5UTR-Amplicon-short-trimmed+3,43,t,0.0784
SARS-CoV2-5UTR-Amplicon-short-trimmed+3,44,g,0.0453
SARS-CoV2-5UTR-Amplicon-short-trimmed+3,45,t,0.0359
SARS-CoV2-5UTR-Amplicon-short-trimmed+3,46,c,0.0112
SARS-CoV2-5UTR-Amplicon-short-trimmed+3,47,a,0.0099
SARS-CoV2-5UTR-Amplicon-short-trimmed+3,48,c,0.0109
SARS-CoV2-5UTR-Amplicon-short-trimmed+3,49,t,0.0213
SARS-CoV2-5UTR-Amplicon-short-trimmed+3,50,c,0.0118
SARS-CoV2-5UTR-Amplicon-short-trimmed+3,51,g,0.0396
SARS-CoV2-5UTR-Amplicon-short-trimmed+3,52,g,0.0396
SARS-CoV2-5UTR-Amplicon-short-trimmed+3,53,c,0.0692
SARS-CoV2-5UTR-Amplicon-short-trimmed+3,54,t,0.0131
SARS-CoV2-5UTR-Amplicon-short-trimmed+3,55,g,0.1124
SARS-CoV2-5UTR-Amplicon-short-trimmed+3,56,c,0.0197
SARS-CoV2-5UTR-Amplicon-short-trimmed+3,57,g,0.1141
SARS-CoV2-5UTR-Amplicon-short-trimmed+3,58,t,0.0305
SARS-CoV2-5UTR-Amplicon-short-trimmed+3,59,g,0.0565
SARS-CoV2-5UTR-Amplicon-short-trimmed+3,60,c,0.0151
SARS-CoV2-5UTR-Amplicon-short-trimmed+3,61,t,0.0364
SARS-CoV2-5UTR-Amplicon-short-trimmed+3,62,t,0.0162
SARS-CoV2-5UTR-Amplicon-short-trimmed+3,63,a,0.0103
SARS-CoV2-5UTR-Amplicon-short-trimmed+3,64,g,0.0149
SARS-CoV2-5UTR-Amplicon-short-trimmed+3,65,t,0.0121
SARS-CoV2-5UTR-Amplicon-short-trimmed+3,66,g,0.0423
SARS-CoV2-5UTR-Amplicon-short-trimmed+3,67,c,0.0228
SARS-CoV2-5UTR-Amplicon-short-trimmed+3,68,a,0.0243
SARS-CoV2-5UTR-Amplicon-short-trimmed+3,69,c,0.0182
SARS-CoV2-5UTR-Amplicon-short-trimmed+3,70,t,0.0164
SARS-CoV2-5UTR-Amplicon-short-trimmed+3,71,c,0.0254
SARS-CoV2-5UTR-Amplicon-short-trimmed+3,72,a,0.0184
SARS-CoV2-5UTR-Amplicon-short-trimmed+3,73,c,0.0145
SARS-CoV2-5UTR-Amplicon-short-trimmed+3,74,g,0.025
SARS-CoV2-5UTR-Amplicon-short-trimmed+3,75,c,0.0053
SARS-CoV2-5UTR-Amplicon-short-trimmed+3,76,a,0.0484
SARS-CoV2-5UTR-Amplicon-short-trimmed+3,77,g,0.0212
SARS-CoV2-5UTR-Amplicon-short-trimmed+3,78,t,0.0193
SARS-CoV2-5UTR-Amplicon-short-trimmed+3,79,a,0.0212
SARS-CoV2-5UTR-Amplicon-short-trimmed+3,80,t,0.011
SARS-CoV2-5UTR-Amplicon-short-trimmed+3,81,a,0.0164
SARS-CoV2-5UTR-Amplicon-short-trimmed+3,82,a,0.0346
SARS-CoV2-5UTR-Amplicon-short-trimmed+3,83,t,0.0061
SARS-CoV2-5UTR-Amplicon-short-trimmed+3,84,t,0.0366
SARS-CoV2-5UTR-Amplicon-short-trimmed+3,85,a,0.0315
SARS-CoV2-5UTR-Amplicon-short-trimmed+3,86,a,0.0283
SARS-CoV2-5UTR-Amplicon-short-trimmed+3,87,t,0.0094
SARS-CoV2-5UTR-Amplicon-short-trimmed+3,88,a,0.018
SARS-CoV2-5UTR-Amplicon-short-trimmed+3,89,a,0.0252
SARS-CoV2-5UTR-Amplicon-short-trimmed+3,90,c,0.2861
SARS-CoV2-5UTR-Amplicon-short-trimmed+3,91,t,0.0639
SARS-CoV2-5UTR-Amplicon-short-trimmed+3,92,a,0.0171
SARS-CoV2-5UTR-Amplicon-short-trimmed+3,93,a,0.0237
SARS-CoV2-5UTR-Amplicon-short-trimmed+3,94,t,0.0241
SARS-CoV2-5UTR-Amplicon-short-trimmed+3,95,t,0.0302
SARS-CoV2-5UTR-Amplicon-short-trimmed+3,96,a,0.0213
SARS-CoV2-5UTR-Amplicon-short-trimmed+3,97,c,0.0166
SARS-CoV2-5UTR-Amplicon-short-trimmed+3,98,t,0.2791
SARS-CoV2-5UTR-Amplicon-short-trimmed+3,99,g,0.0572
SARS-CoV2-5UTR-Amplicon-short-trimmed+3,100,t,0.0377
SARS-CoV2-5UTR-Amplicon-short-trimmed+3,101,c,0.0145
SARS-CoV2-5UTR-Amplicon-short-trimmed+3,102,g,0.0414
SARS-CoV2-5UTR-Amplicon-short-trimmed+3,103,t,0.0359
SARS-CoV2-5UTR-Amplicon-short-trimmed+3,104,t,0.0662
SARS-CoV2-5UTR-Amplicon-short-trimmed+3,105,g,0.0438
SARS-CoV2-5UTR-Amplicon-short-trimmed+3,106,a,0.0339
SARS-CoV2-5UTR-Amplicon-short-trimmed+3,107,c,0.0201
SARS-CoV2-5UTR-Amplicon-short-trimmed+3,108,a,0.0418
SARS-CoV2-5UTR-Amplicon-short-trimmed+3,109,g,0.05
SARS-CoV2-5UTR-Amplicon-short-trimmed+3,110,g,0.0353
SARS-CoV2-5UTR-Amplicon-short-trimmed+3,111,a,0.0197
SARS-CoV2-5UTR-Amplicon-short-trimmed+3,112,c,0.0296
SARS-CoV2-5UTR-Amplicon-short-trimmed+3,113,a,0.039
SARS-CoV2-5UTR-Amplicon-short-trimmed+3,114,c,0.023
SARS-CoV2-5UTR-Amplicon-short-trimmed+3,115,g,0.0239
SARS-CoV2-5UTR-Amplicon-short-trimmed+3,116,a,0.0212
SARS-CoV2-5UTR-Amplicon-short-trimmed+3,117,g,0.0156
SARS-CoV2-5UTR-Amplicon-short-trimmed+3,118,t,0.0529
SARS-CoV2-5UTR-Amplicon-short-trimmed+3,119,a,0.0527
SARS-CoV2-5UTR-Amplicon-short-trimmed+3,120,a,0.0168
SARS-CoV2-5UTR-Amplicon-short-trimmed+3,121,c,0.0183
SARS-CoV2-5UTR-Amplicon-short-trimmed+3,122,t,0.0742
SARS-CoV2-5UTR-Amplicon-short-trimmed+3,123,c,0.1904
SARS-CoV2-5UTR-Amplicon-short-trimmed+3,124,g,0.1501
SARS-CoV2-5UTR-Amplicon-short-trimmed+3,125,t,0.2065
SARS-CoV2-5UTR-Amplicon-short-trimmed+3,126,c,0.1056
SARS-CoV2-5UTR-Amplicon-short-trimmed+3,127,t,0.1097
SARS-CoV2-5UTR-Amplicon-short-trimmed+3,128,a,0.1943
SARS-CoV2-5UTR-Amplicon-short-trimmed+3,129,t,0.9152
SARS-CoV2-5UTR-Amplicon-short-trimmed+3,130,c,0.1479
SARS-CoV2-5UTR-Amplicon-short-trimmed+3,131,t,0.183
SARS-CoV2-5UTR-Amplicon-short-trimmed+3,132,t,0.2624
SARS-CoV2-5UTR-Amplicon-short-trimmed+3,133,c,0.3071
SARS-CoV2-5UTR-Amplicon-short-trimmed+3,134,t,0.2058
SARS-CoV2-5UTR-Amplicon-short-trimmed+3,135,g,0.1202
SARS-CoV2-5UTR-Amplicon-short-trimmed+3,136,c,0.4092
SARS-CoV2-5UTR-Amplicon-short-trimmed+3,137,a,0.2281
SARS-CoV2-5UTR-Amplicon-short-trimmed+3,138,g,0.0823
SARS-CoV2-5UTR-Amplicon-short-trimmed+3,139,g,0.253
SARS-CoV2-5UTR-Amplicon-short-trimmed+3,140,c,0.1057
SARS-CoV2-5UTR-Amplicon-short-trimmed+3,141,t,0.2869
SARS-CoV2-5UTR-Amplicon-short-trimmed+3,142,g,0.4144
SARS-CoV2-5UTR-Amplicon-short-trimmed+3,143,c,0.1076
SARS-CoV2-5UTR-Amplicon-short-trimmed+3,144,t,0.1034
SARS-CoV2-5UTR-Amplicon-short-trimmed+3,145,t,0.1264
SARS-CoV2-5UTR-Amplicon-short-trimmed+3,146,a,0.1783
SARS-CoV2-5UTR-Amplicon-short-trimmed+3,147,c,0.1624
SARS-CoV2-5UTR-Amplicon-short-trimmed+3,148,g,0.3603
SARS-CoV2-5UTR-Amplicon-short-trimmed+3,149,g,0.1337
SARS-CoV2-5UTR-Amplicon-short-trimmed+3,150,t,0.1653
SARS-CoV2-5UTR-Amplicon-short-trimmed+3,151,t,0.1347
SARS-CoV2-5UTR-Amplicon-short-trimmed+3,152,t,0.2174
SARS-CoV2-5UTR-Amplicon-short-trimmed+3,153,c,0.2387
SARS-CoV2-5UTR-Amplicon-short-trimmed+3,154,g,0.0818
SARS-CoV2-5UTR-Amplicon-short-trimmed+3,155,t,0.3253
SARS-CoV2-5UTR-Amplicon-short-trimmed+3,156,c,0.2069
SARS-CoV2-5UTR-Amplicon-short-trimmed+3,157,c,0.2011
SARS-CoV2-5UTR-Amplicon-short-trimmed+3,158,g,0.1086
SARS-CoV2-5UTR-Amplicon-short-trimmed+3,159,t,1.3075
SARS-CoV2-5UTR-Amplicon-short-trimmed+3,160,g,0.0796
SARS-CoV2-5UTR-Amplicon-short-trimmed+3,161,t,0.1308
SARS-CoV2-5UTR-Amplicon-short-trimmed+3,162,t,0.1761
SARS-CoV2-5UTR-Amplicon-short-trimmed+3,163,g,0.0925
SARS-CoV2-5UTR-Amplicon-short-trimmed+3,164,c,0.2613
SARS-CoV2-5UTR-Amplicon-short-trimmed+3,165,a,0.1832
SARS-CoV2-5UTR-Amplicon-short-trimmed+3,166,g,0.3623
SARS-CoV2-5UTR-Amplicon-short-trimmed+3,167,c,0.2696
SARS-CoV2-5UTR-Amplicon-short-trimmed+3,168,c,0.5507
SARS-CoV2-5UTR-Amplicon-short-trimmed+3,169,g,0.1033
SARS-CoV2-5UTR-Amplicon-short-trimmed+3,170,a,0.1249
SARS-CoV2-5UTR-Amplicon-short-trimmed+3,171,t,0.1231
SARS-CoV2-5UTR-Amplicon-short-trimmed+3,172,c,0.1984
SARS-CoV2-5UTR-Amplicon-short-trimmed+3,173,a,0.0607
SARS-CoV2-5UTR-Amplicon-short-trimmed+3,174,t,0.087
SARS-CoV2-5UTR-Amplicon-short-trimmed+3,175,c,0.261
SARS-CoV2-5UTR-Amplicon-short-trimmed+3,176,a,0.1352
SARS-CoV2-5UTR-Amplicon-short-trimmed+3,177,g,0.1297
SARS-CoV2-5UTR-Amplicon-short-trimmed+3,178,c,0.5849
SARS-CoV2-5UTR-Amplicon-short-trimmed+3,179,a,0.1107
SARS-CoV2-5UTR-Amplicon-short-trimmed+3,180,c,0.0943
SARS-CoV2-5UTR-Amplicon-short-trimmed+3,181,a,0.0944
SARS-CoV2-5UTR-Amplicon-short-trimmed+3,182,t,0.157
SARS-CoV2-5UTR-Amplicon-short-trimmed+3,183,c,0.0854
SARS-CoV2-5UTR-Amplicon-short-trimmed+3,184,t,0.0982
SARS-CoV2-5UTR-Amplicon-short-trimmed+3,185,a,0.1778
SARS-CoV2-5UTR-Amplicon-short-trimmed+3,186,g,0.0827
SARS-CoV2-5UTR-Amplicon-short-trimmed+3,187,g,0.0822
SARS-CoV2-5UTR-Amplicon-short-trimmed+3,188,t,0.1508
SARS-CoV2-5UTR-Amplicon-short-trimmed+3,189,t,0.2852
SARS-CoV2-5UTR-Amplicon-short-trimmed+3,190,t,0.3715
SARS-CoV2-5UTR-Amplicon-short-trimmed+3,191,c,0.1558
SARS-CoV2-5UTR-Amplicon-short-trimmed+3,192,g,0.0676
SARS-CoV2-5UTR-Amplicon-short-trimmed+3,193,t,1.051
SARS-CoV2-5UTR-Amplicon-short-trimmed+3,194,c,0.1477
SARS-CoV2-5UTR-Amplicon-short-trimmed+3,195,c,0.1608
SARS-CoV2-5UTR-Amplicon-short-trimmed+3,196,g,0.3582
SARS-CoV2-5UTR-Amplicon-short-trimmed+3,197,g,0.1418
SARS-CoV2-5UTR-Amplicon-short-trimmed+3,198,g,0.478
SARS-CoV2-5UTR-Amplicon-short-trimmed+3,199,t,0.2349
SARS-CoV2-5UTR-Amplicon-short-trimmed+3,200,g,0.0905
SARS-CoV2-5UTR-Amplicon-short-trimmed+3,201,t,0.1188
SARS-CoV2-5UTR-Amplicon-short-trimmed+3,202,g,0.0956
SARS-CoV2-5UTR-Amplicon-short-trimmed+3,203,a,0.307
SARS-CoV2-5UTR-Amplicon-short-trimmed+3,204,c,0.1269
SARS-CoV2-5UTR-Amplicon-short-trimmed+3,205,c,0.1204
SARS-CoV2-5UTR-Amplicon-short-trimmed+3,206,g,0.0946
SARS-CoV2-5UTR-Amplicon-short-trimmed+3,207,a,0.1313
SARS-CoV2-5UTR-Amplicon-short-trimmed+3,208,a,0.0597
SARS-CoV2-5UTR-Amplicon-short-trimmed+3,209,a,0.146
SARS-CoV2-5UTR-Amplicon-short-trimmed+3,210,g,0.1361
SARS-CoV2-5UTR-Amplicon-short-trimmed+3,211,g,0.1503
SARS-CoV2-5UTR-Amplicon-short-trimmed+3,212,t,0.1285
SARS-CoV2-5UTR-Amplicon-short-trimmed+3,213,a,0.0598
SARS-CoV2-5UTR-Amplicon-short-trimmed+3,214,a,0.0687
SARS-CoV2-5UTR-Amplicon-short-trimmed+3,215,g,0.0702
SARS-CoV2-5UTR-Amplicon-short-trimmed+3,216,a,0.0597
SARS-CoV2-5UTR-Amplicon-short-trimmed+3,217,t,0.119
SARS-CoV2-5UTR-Amplicon-short-trimmed+3,218,g,0.0725
SARS-CoV2-5UTR-Amplicon-short-trimmed+3,219,g,0.0713
SARS-CoV2-5UTR-Amplicon-short-trimmed+3,220,a,0.2309
SARS-CoV2-5UTR-Amplicon-short-trimmed+3,221,g,0.1596
SARS-CoV2-5UTR-Amplicon-short-trimmed+3,222,a,0.0778
SARS-CoV2-5UTR-Amplicon-short-trimmed+3,223,g,0.1968
SARS-CoV2-5UTR-Amplicon-short-trimmed+3,224,c,0.1057
SARS-CoV2-5UTR-Amplicon-short-trimmed+3,225,c,0.1027
SARS-CoV2-5UTR-Amplicon-short-trimmed+3,226,t,0.0607
SARS-CoV2-5UTR-Amplicon-short-trimmed+3,227,t,0.3137
SARS-CoV2-5UTR-Amplicon-short-trimmed+3,228,g,0.0424
SARS-CoV2-5UTR-Amplicon-short-trimmed+3,229,t,0.1223
SARS-CoV2-5UTR-Amplicon-short-trimmed+3,230,c,0.0794
SARS-CoV2-5UTR-Amplicon-short-trimmed+3,231,c,0.078
SARS-CoV2-5UTR-Amplicon-short-trimmed+3,232,c,0.128
SARS-CoV2-5UTR-Amplicon-short-trimmed+3,233,t,0.1676
SARS-CoV2-5UTR-Amplicon-short-trimmed+3,234,g,0.0834
SARS-CoV2-5UTR-Amplicon-short-trimmed+3,235,g,0.1247
SARS-CoV2-5UTR-Amplicon-short-trimmed+3,236,t,0.0702
SARS-CoV2-5UTR-Amplicon-short-trimmed+3,237,t,0.0654
SARS-CoV2-5UTR-Amplicon-short-trimmed+3,238,t,0.1285
SARS-CoV2-5UTR-Amplicon-short-trimmed+3,239,c,0.6202
SARS-CoV2-5UTR-Amplicon-short-trimmed+3,240,a,0.092
SARS-CoV2-5UTR-Amplicon-short-trimmed+3,241,a,0.0912
SARS-CoV2-5UTR-Amplicon-short-trimmed+3,242,c,0.1052
SARS-CoV2-5UTR-Amplicon-short-trimmed+3,243,g,0.0178
SARS-CoV2-5UTR-Amplicon-short-trimmed+3,244,a,0.2304
SARS-CoV2-5UTR-Amplicon-short-trimmed+3,245,g,0.4973
SARS-CoV2-5UTR-Amplicon-short-trimmed+3,246,g,5.2486
SARS-CoV2-5UTR-Amplicon-short-trimmed+3,247,G,96.0375
SARS-CoV2-5UTR-Amplicon-short-trimmed+3,248,A,99.8663
SARS-CoV2-5UTR-Amplicon-short-trimmed+3,249,G,99.7671
