Region,Position,Ref_base,Mut_percentage
SARS-CoV2-5UTR-Amplicon-short-trimmed+3,1,T,99.8276
SARS-CoV2-5UTR-Amplicon-short-trimmed+3,2,T,99.8457
SARS-CoV2-5UTR-Amplicon-short-trimmed+3,3,G,99.9622
SARS-CoV2-5UTR-Amplicon-short-trimmed+3,4,t,99.935
SARS-CoV2-5UTR-Amplicon-short-trimmed+3,5,a,0.0035
SARS-CoV2-5UTR-Amplicon-short-trimmed+3,6,g,0.4379
SARS-CoV2-5UTR-Amplicon-short-trimmed+3,7,a,0.0145
SARS-CoV2-5UTR-Amplicon-short-trimmed+3,8,t,0.0154
SARS-CoV2-5UTR-Amplicon-short-trimmed+3,9,c,0.0058
SARS-CoV2-5UTR-Amplicon-short-trimmed+3,10,t,0.0051
SARS-CoV2-5UTR-Amplicon-short-trimmed+3,11,g,0.145
SARS-CoV2-5UTR-Amplicon-short-trimmed+3,12,t,0.019
SARS-CoV2-5UTR-Amplicon-short-trimmed+3,13,t,0.0192
SARS-CoV2-5UTR-Amplicon-short-trimmed+3,14,c,0.0121
SARS-CoV2-5UTR-Amplicon-short-trimmed+3,15,t,0.0353
SARS-CoV2-5UTR-Amplicon-short-trimmed+3,16,c,0.0266
SARS-CoV2-5UTR-Amplicon-short-trimmed+3,17,t,0.0266
SARS-CoV2-5UTR-Amplicon-short-trimmed+3,18,a,0.0505
SARS-CoV2-5UTR-Amplicon-short-trimmed+3,19,a,0.0122
SARS-CoV2-5UTR-Amplicon-short-trimmed+3,20,a,0.0115
SARS-CoV2-5UTR-Amplicon-short-trimmed+3,21,c,0.0103
SARS-CoV2-5UTR-Amplicon-short-trimmed+3,22,g,0.0318
SARS-CoV2-5UTR-Amplicon-short-trimmed+3,23,a,0.0089
SARS-CoV2-5UTR-Amplicon-short-trimmed+3,24,a,0.008
SARS-CoV2-5UTR-Amplicon-short-trimmed+3,25,c,0.1933
SARS-CoV2-5UTR-Amplicon-short-trimmed+3,26,t,0.0522
SARS-CoV2-5UTR-Amplicon-short-trimmed+3,27,t,0.0547
SARS-CoV2-5UTR-Amplicon-short-trimmed+3,28,t,0.0086
SARS-CoV2-5UTR-Amplicon-short-trimmed+3,29,a,0.0142
SARS-CoV2-5UTR-Amplicon-short-trimmed+3,30,a,0.0166
SARS-CoV2-5UTR-Amplicon-short-trimmed+3,31,a,0.058
SARS-CoV2-5UTR-Amplicon-short-trimmed+3,32,a,0.0166
SARS-CoV2-5UTR-Amplicon-short-trimmed+3,33,t,0.0204
SARS-CoV2-5UTR-Amplicon-short-trimmed+3,34,c,0.0082
SARS-CoV2-5UTR-Amplicon-short-trimmed+3,35,t,0.0175
SARS-CoV2-5UTR-Amplicon-short-trimmed+3,36,g,0.0559
SARS-CoV2-5UTR-Amplicon-short-trimmed+3,37,t,0.0255
SARS-CoV2-5UTR-Amplicon-short-trimmed+3,38,g,0.0391
SARS-CoV2-5UTR-Amplicon-short-trimmed+3,39,t,0.0224
SARS-CoV2-5UTR-Amplicon-short-trimmed+3,40,g,0.0514
SARS-CoV2-5UTR-Amplicon-short-trimmed+3,41,g,0.0916
SARS-CoV2-5UTR-Amplicon-short-trimmed+3,42,c,0.0145
SARS-CoV2-5UTR-Amplicon-short-trimmed+3,43,t,0.0645
SARS-CoV2-5UTR-Amplicon-short-trimmed+3,44,g,0.0688
SARS-CoV2-5UTR-Amplicon-short-trimmed+3,45,t,0.046
SARS-CoV2-5UTR-Amplicon-short-trimmed+3,46,c,0.0126
SARS-CoV2-5UTR-Amplicon-short-trimmed+3,47,a,0.0129
SARS-CoV2-5UTR-Amplicon-short-trimmed+3,48,c,0.0108
SARS-CoV2-5UTR-Amplicon-short-trimmed+3,49,t,0.0187
SARS-CoV2-5UTR-Amplicon-short-trimmed+3,50,c,0.0143
SARS-CoV2-5UTR-Amplicon-short-trimmed+3,51,g,0.0673
SARS-CoV2-5UTR-Amplicon-short-trimmed+3,52,g,0.0706
SARS-CoV2-5UTR-Amplicon-short-trimmed+3,53,c,0.0664
SARS-CoV2-5UTR-Amplicon-short-trimmed+3,54,t,0.0183
SARS-CoV2-5UTR-Amplicon-short-trimmed+3,55,g,0.1167
SARS-CoV2-5UTR-Amplicon-short-trimmed+3,56,c,0.0197
SARS-CoV2-5UTR-Amplicon-short-trimmed+3,57,g,0.1524
SARS-CoV2-5UTR-Amplicon-short-trimmed+3,58,t,0.0346
SARS-CoV2-5UTR-Amplicon-short-trimmed+3,59,g,0.1055
SARS-CoV2-5UTR-Amplicon-short-trimmed+3,60,c,0.0159
SARS-CoV2-5UTR-Amplicon-short-trimmed+3,61,t,0.039
SARS-CoV2-5UTR-Amplicon-short-trimmed+3,62,t,0.0231
SARS-CoV2-5UTR-Amplicon-short-trimmed+3,63,a,0.0185
SARS-CoV2-5UTR-Amplicon-short-trimmed+3,64,g,0.026
SARS-CoV2-5UTR-Amplicon-short-trimmed+3,65,t,0.014
SARS-CoV2-5UTR-Amplicon-short-trimmed+3,66,g,0.093
SARS-CoV2-5UTR-Amplicon-short-trimmed+3,67,c,0.0295
SARS-CoV2-5UTR-Amplicon-short-trimmed+3,68,a,0.0322
SARS-CoV2-5UTR-Amplicon-short-trimmed+3,69,c,0.0126
SARS-CoV2-5UTR-Amplicon-short-trimmed+3,70,t,0.0163
SARS-CoV2-5UTR-Amplicon-short-trimmed+3,71,c,0.0234
SARS-CoV2-5UTR-Amplicon-short-trimmed+3,72,a,0.0297
SARS-CoV2-5UTR-Amplicon-short-trimmed+3,73,c,0.0189
SARS-CoV2-5UTR-Amplicon-short-trimmed+3,74,g,0.0837
SARS-CoV2-5UTR-Amplicon-short-trimmed+3,75,c,0.0108
SARS-CoV2-5UTR-Amplicon-short-trimmed+3,76,a,0.0606
SARS-CoV2-5UTR-Amplicon-short-trimmed+3,77,g,0.0346
SARS-CoV2-5UTR-Amplicon-short-trimmed+3,78,t,0.0274
SARS-CoV2-5UTR-Amplicon-short-trimmed+3,79,a,0.0274
SARS-CoV2-5UTR-Amplicon-short-trimmed+3,80,t,0.0086
SARS-CoV2-5UTR-Amplicon-short-trimmed+3,81,a,0.0227
SARS-CoV2-5UTR-Amplicon-short-trimmed+3,82,a,0.0409
SARS-CoV2-5UTR-Amplicon-short-trimmed+3,83,t,0.0121
SARS-CoV2-5UTR-Amplicon-short-trimmed+3,84,t,0.0502
SARS-CoV2-5UTR-Amplicon-short-trimmed+3,85,a,0.0386
SARS-CoV2-5UTR-Amplicon-short-trimmed+3,86,a,0.0348
SARS-CoV2-5UTR-Amplicon-short-trimmed+3,87,t,0.0129
SARS-CoV2-5UTR-Amplicon-short-trimmed+3,88,a,0.0285
SARS-CoV2-5UTR-Amplicon-short-trimmed+3,89,a,0.0288
SARS-CoV2-5UTR-Amplicon-short-trimmed+3,90,c,0.2733
SARS-CoV2-5UTR-Amplicon-short-trimmed+3,91,t,0.075
SARS-CoV2-5UTR-Amplicon-short-trimmed+3,92,a,0.0253
SARS-CoV2-5UTR-Amplicon-short-trimmed+3,93,a,0.0301
SARS-CoV2-5UTR-Amplicon-short-trimmed+3,94,t,0.0397
SARS-CoV2-5UTR-Amplicon-short-trimmed+3,95,t,0.0446
SARS-CoV2-5UTR-Amplicon-short-trimmed+3,96,a,0.0271
SARS-CoV2-5UTR-Amplicon-short-trimmed+3,97,c,0.0122
SARS-CoV2-5UTR-Amplicon-short-trimmed+3,98,t,0.2684
SARS-CoV2-5UTR-Amplicon-short-trimmed+3,99,g,0.0765
SARS-CoV2-5UTR-Amplicon-short-trimmed+3,100,t,0.0535
SARS-CoV2-5UTR-Amplicon-short-trimmed+3,101,c,0.0178
SARS-CoV2-5UTR-Amplicon-short-trimmed+3,102,g,0.1148
SARS-CoV2-5UTR-Amplicon-short-trimmed+3,103,t,0.0435
SARS-CoV2-5UTR-Amplicon-short-trimmed+3,104,t,0.0867
SARS-CoV2-5UTR-Amplicon-short-trimmed+3,105,g,0.0428
SARS-CoV2-5UTR-Amplicon-short-trimmed+3,106,a,0.0444
SARS-CoV2-5UTR-Amplicon-short-trimmed+3,107,c,0.0255
SARS-CoV2-5UTR-Amplicon-short-trimmed+3,108,a,0.0552
SARS-CoV2-5UTR-Amplicon-short-trimmed+3,109,g,0.0718
SARS-CoV2-5UTR-Amplicon-short-trimmed+3,110,g,0.0348
SARS-CoV2-5UTR-Amplicon-short-trimmed+3,111,a,0.029
SARS-CoV2-5UTR-Amplicon-short-trimmed+3,112,c,0.0306
SARS-CoV2-5UTR-Amplicon-short-trimmed+3,113,a,0.0648
SARS-CoV2-5UTR-Amplicon-short-trimmed+3,114,c,0.0272
SARS-CoV2-5UTR-Amplicon-short-trimmed+3,115,g,0.0381
SARS-CoV2-5UTR-Amplicon-short-trimmed+3,116,a,0.0278
SARS-CoV2-5UTR-Amplicon-short-trimmed+3,117,g,0.07
SARS-CoV2-5UTR-Amplicon-short-trimmed+3,118,t,0.0807
SARS-CoV2-5UTR-Amplicon-short-trimmed+3,119,a,0.0809
SARS-CoV2-5UTR-Amplicon-short-trimmed+3,120,a,0.0256
SARS-CoV2-5UTR-Amplicon-short-trimmed+3,121,c,0.02
SARS-CoV2-5UTR-Amplicon-short-trimmed+3,122,t,0.1012
SARS-CoV2-5UTR-Amplicon-short-trimmed+3,123,c,0.2947
SARS-CoV2-5UTR-Amplicon-short-trimmed+3,124,g,0.3593
SARS-CoV2-5UTR-Amplicon-short-trimmed+3,125,t,0.2403
SARS-CoV2-5UTR-Amplicon-short-trimmed+3,126,c,0.1223
SARS-CoV2-5UTR-Amplicon-short-trimmed+3,127,t,0.1293
SARS-CoV2-5UTR-Amplicon-short-trimmed+3,128,a,0.2295
SARS-CoV2-5UTR-Amplicon-short-trimmed+3,129,t,1.0971
SARS-CoV2-5UTR-Amplicon-short-trimmed+3,130,c,0.1258
SARS-CoV2-5UTR-Amplicon-short-trimmed+3,131,t,0.1962
SARS-CoV2-5UTR-Amplicon-short-trimmed+3,132,t,0.3016
SARS-CoV2-5UTR-Amplicon-short-trimmed+3,133,c,0.3232
SARS-CoV2-5UTR-Amplicon-short-trimmed+3,134,t,0.2542
SARS-CoV2-5UTR-Amplicon-short-trimmed+3,135,g,0.5314
SARS-CoV2-5UTR-Amplicon-short-trimmed+3,136,c,0.4338
SARS-CoV2-5UTR-Amplicon-short-trimmed+3,137,a,0.282
SARS-CoV2-5UTR-Amplicon-short-trimmed+3,138,g,0.2306
SARS-CoV2-5UTR-Amplicon-short-trimmed+3,139,g,0.5142
SARS-CoV2-5UTR-Amplicon-short-trimmed+3,140,c,0.1216
SARS-CoV2-5UTR-Amplicon-short-trimmed+3,141,t,0.3242
SARS-CoV2-5UTR-Amplicon-short-trimmed+3,142,g,0.5176
SARS-CoV2-5UTR-Amplicon-short-trimmed+3,143,c,0.1178
SARS-CoV2-5UTR-Amplicon-short-trimmed+3,144,t,0.1232
SARS-CoV2-5UTR-Amplicon-short-trimmed+3,145,t,0.1464
SARS-CoV2-5UTR-Amplicon-short-trimmed+3,146,a,0.2089
SARS-CoV2-5UTR-Amplicon-short-trimmed+3,147,c,0.1854
SARS-CoV2-5UTR-Amplicon-short-trimmed+3,148,g,0.7275
SARS-CoV2-5UTR-Amplicon-short-trimmed+3,149,g,0.5189
SARS-CoV2-5UTR-Amplicon-short-trimmed+3,150,t,0.1507
SARS-CoV2-5UTR-Amplicon-short-trimmed+3,151,t,0.1365
SARS-CoV2-5UTR-Amplicon-short-trimmed+3,152,t,0.2581
SARS-CoV2-5UTR-Amplicon-short-trimmed+3,153,c,0.2808
SARS-CoV2-5UTR-Amplicon-short-trimmed+3,154,g,0.2387
SARS-CoV2-5UTR-Amplicon-short-trimmed+3,155,t,0.346
SARS-CoV2-5UTR-Amplicon-short-trimmed+3,156,c,0.2753
SARS-CoV2-5UTR-Amplicon-short-trimmed+3,157,c,0.2352
SARS-CoV2-5UTR-Amplicon-short-trimmed+3,158,g,0.5249
SARS-CoV2-5UTR-Amplicon-short-trimmed+3,159,t,1.4256
SARS-CoV2-5UTR-Amplicon-short-trimmed+3,160,g,0.3261
SARS-CoV2-5UTR-Amplicon-short-trimmed+3,161,t,0.14
SARS-CoV2-5UTR-Amplicon-short-trimmed+3,162,t,0.1956
SARS-CoV2-5UTR-Amplicon-short-trimmed+3,163,g,0.3019
SARS-CoV2-5UTR-Amplicon-short-trimmed+3,164,c,0.3233
SARS-CoV2-5UTR-Amplicon-short-trimmed+3,165,a,0.2255
SARS-CoV2-5UTR-Amplicon-short-trimmed+3,166,g,0.5588
SARS-CoV2-5UTR-Amplicon-short-trimmed+3,167,c,0.3322
SARS-CoV2-5UTR-Amplicon-short-trimmed+3,168,c,0.5067
SARS-CoV2-5UTR-Amplicon-short-trimmed+3,169,g,0.1048
SARS-CoV2-5UTR-Amplicon-short-trimmed+3,170,a,0.1298
SARS-CoV2-5UTR-Amplicon-short-trimmed+3,171,t,0.1211
SARS-CoV2-5UTR-Amplicon-short-trimmed+3,172,c,0.1996
SARS-CoV2-5UTR-Amplicon-short-trimmed+3,173,a,0.0612
SARS-CoV2-5UTR-Amplicon-short-trimmed+3,174,t,0.1018
SARS-CoV2-5UTR-Amplicon-short-trimmed+3,175,c,0.2424
SARS-CoV2-5UTR-Amplicon-short-trimmed+3,176,a,0.1558
SARS-CoV2-5UTR-Amplicon-short-trimmed+3,177,g,0.573
SARS-CoV2-5UTR-Amplicon-short-trimmed+3,178,c,0.5941
SARS-CoV2-5UTR-Amplicon-short-trimmed+3,179,a,0.1208
SARS-CoV2-5UTR-Amplicon-short-trimmed+3,180,c,0.0936
SARS-CoV2-5UTR-Amplicon-short-trimmed+3,181,a,0.0981
SARS-CoV2-5UTR-Amplicon-short-trimmed+3,182,t,0.1524
SARS-CoV2-5UTR-Amplicon-short-trimmed+3,183,c,0.0943
SARS-CoV2-5UTR-Amplicon-short-trimmed+3,184,t,0.1055
SARS-CoV2-5UTR-Amplicon-short-trimmed+3,185,a,0.2349
SARS-CoV2-5UTR-Amplicon-short-trimmed+3,186,g,0.2108
SARS-CoV2-5UTR-Amplicon-short-trimmed+3,187,g,0.327
SARS-CoV2-5UTR-Amplicon-short-trimmed+3,188,t,0.1354
SARS-CoV2-5UTR-Amplicon-short-trimmed+3,189,t,0.2846
SARS-CoV2-5UTR-Amplicon-short-trimmed+3,190,t,0.4152
SARS-CoV2-5UTR-Amplicon-short-trimmed+3,191,c,0.1906
SARS-CoV2-5UTR-Amplicon-short-trimmed+3,192,g,0.2264
SARS-CoV2-5UTR-Amplicon-short-trimmed+3,193,t,1.1758
SARS-CoV2-5UTR-Amplicon-short-trimmed+3,194,c,0.1528
SARS-CoV2-5UTR-Amplicon-short-trimmed+3,195,c,0.2114
SARS-CoV2-5UTR-Amplicon-short-trimmed+3,196,g,0.5181
SARS-CoV2-5UTR-Amplicon-short-trimmed+3,197,g,0.5117
SARS-CoV2-5UTR-Amplicon-short-trimmed+3,198,g,0.7426
SARS-CoV2-5UTR-Amplicon-short-trimmed+3,199,t,0.2905
SARS-CoV2-5UTR-Amplicon-short-trimmed+3,200,g,0.4853
SARS-CoV2-5UTR-Amplicon-short-trimmed+3,201,t,0.1339
SARS-CoV2-5UTR-Amplicon-short-trimmed+3,202,g,0.1948
SARS-CoV2-5UTR-Amplicon-short-trimmed+3,203,a,0.3707
SARS-CoV2-5UTR-Amplicon-short-trimmed+3,204,c,0.1454
SARS-CoV2-5UTR-Amplicon-short-trimmed+3,205,c,0.1117
SARS-CoV2-5UTR-Amplicon-short-trimmed+3,206,g,0.5646
SARS-CoV2-5UTR-Amplicon-short-trimmed+3,207,a,0.1251
SARS-CoV2-5UTR-Amplicon-short-trimmed+3,208,a,0.0684
SARS-CoV2-5UTR-Amplicon-short-trimmed+3,209,a,0.1587
SARS-CoV2-5UTR-Amplicon-short-trimmed+3,210,g,0.395
SARS-CoV2-5UTR-Amplicon-short-trimmed+3,211,g,0.5387
SARS-CoV2-5UTR-Amplicon-short-trimmed+3,212,t,0.1288
SARS-CoV2-5UTR-Amplicon-short-trimmed+3,213,a,0.0646
SARS-CoV2-5UTR-Amplicon-short-trimmed+3,214,a,0.086
SARS-CoV2-5UTR-Amplicon-short-trimmed+3,215,g,0.1096
SARS-CoV2-5UTR-Amplicon-short-trimmed+3,216,a,0.0562
SARS-CoV2-5UTR-Amplicon-short-trimmed+3,217,t,0.151
SARS-CoV2-5UTR-Amplicon-short-trimmed+3,218,g,0.3757
SARS-CoV2-5UTR-Amplicon-short-trimmed+3,219,g,0.0965
SARS-CoV2-5UTR-Amplicon-short-trimmed+3,220,a,0.2424
SARS-CoV2-5UTR-Amplicon-short-trimmed+3,221,g,0.2245
SARS-CoV2-5UTR-Amplicon-short-trimmed+3,222,a,0.0857
SARS-CoV2-5UTR-Amplicon-short-trimmed+3,223,g,0.8591
SARS-CoV2-5UTR-Amplicon-short-trimmed+3,224,c,0.0924
SARS-CoV2-5UTR-Amplicon-short-trimmed+3,225,c,0.1095
SARS-CoV2-5UTR-Amplicon-short-trimmed+3,226,t,0.062
SARS-CoV2-5UTR-Amplicon-short-trimmed+3,227,t,0.3204
SARS-CoV2-5UTR-Amplicon-short-trimmed+3,228,g,0.0927
SARS-CoV2-5UTR-Amplicon-short-trimmed+3,229,t,0.1483
SARS-CoV2-5UTR-Amplicon-short-trimmed+3,230,c,0.0804
SARS-CoV2-5UTR-Amplicon-short-trimmed+3,231,c,0.0783
SARS-CoV2-5UTR-Amplicon-short-trimmed+3,232,c,0.1237
SARS-CoV2-5UTR-Amplicon-short-trimmed+3,233,t,0.2229
SARS-CoV2-5UTR-Amplicon-short-trimmed+3,234,g,0.4513
SARS-CoV2-5UTR-Amplicon-short-trimmed+3,235,g,0.3316
SARS-CoV2-5UTR-Amplicon-short-trimmed+3,236,t,0.065
SARS-CoV2-5UTR-Amplicon-short-trimmed+3,237,t,0.0785
SARS-CoV2-5UTR-Amplicon-short-trimmed+3,238,t,0.1373
SARS-CoV2-5UTR-Amplicon-short-trimmed+3,239,c,0.5739
SARS-CoV2-5UTR-Amplicon-short-trimmed+3,240,a,0.1125
SARS-CoV2-5UTR-Amplicon-short-trimmed+3,241,a,0.0798
SARS-CoV2-5UTR-Amplicon-short-trimmed+3,242,c,0.141
SARS-CoV2-5UTR-Amplicon-short-trimmed+3,243,g,0.0243
SARS-CoV2-5UTR-Amplicon-short-trimmed+3,244,a,0.1797
SARS-CoV2-5UTR-Amplicon-short-trimmed+3,245,g,0.5443
SARS-CoV2-5UTR-Amplicon-short-trimmed+3,246,g,5.4686
SARS-CoV2-5UTR-Amplicon-short-trimmed+3,247,G,95.8632
SARS-CoV2-5UTR-Amplicon-short-trimmed+3,248,A,99.8712
SARS-CoV2-5UTR-Amplicon-short-trimmed+3,249,G,99.743
