Region,Position,Ref_base,Mut_percentage
SARS-CoV2-5UTR-Amplicon-short-trimmed+3,1,T,99.8467
SARS-CoV2-5UTR-Amplicon-short-trimmed+3,2,T,99.8573
SARS-CoV2-5UTR-Amplicon-short-trimmed+3,3,G,99.9608
SARS-CoV2-5UTR-Amplicon-short-trimmed+3,4,t,99.9447
SARS-CoV2-5UTR-Amplicon-short-trimmed+3,5,a,0.0025
SARS-CoV2-5UTR-Amplicon-short-trimmed+3,6,g,0.0672
SARS-CoV2-5UTR-Amplicon-short-trimmed+3,7,a,0.0172
SARS-CoV2-5UTR-Amplicon-short-trimmed+3,8,t,0.0191
SARS-CoV2-5UTR-Amplicon-short-trimmed+3,9,c,0.0036
SARS-CoV2-5UTR-Amplicon-short-trimmed+3,10,t,0.0056
SARS-CoV2-5UTR-Amplicon-short-trimmed+3,11,g,0.1127
SARS-CoV2-5UTR-Amplicon-short-trimmed+3,12,t,0.0258
SARS-CoV2-5UTR-Amplicon-short-trimmed+3,13,t,0.023
SARS-CoV2-5UTR-Amplicon-short-trimmed+3,14,c,0.0082
SARS-CoV2-5UTR-Amplicon-short-trimmed+3,15,t,0.0408
SARS-CoV2-5UTR-Amplicon-short-trimmed+3,16,c,0.0245
SARS-CoV2-5UTR-Amplicon-short-trimmed+3,17,t,0.0258
SARS-CoV2-5UTR-Amplicon-short-trimmed+3,18,a,0.0469
SARS-CoV2-5UTR-Amplicon-short-trimmed+3,19,a,0.0111
SARS-CoV2-5UTR-Amplicon-short-trimmed+3,20,a,0.0161
SARS-CoV2-5UTR-Amplicon-short-trimmed+3,21,c,0.0056
SARS-CoV2-5UTR-Amplicon-short-trimmed+3,22,g,0.0132
SARS-CoV2-5UTR-Amplicon-short-trimmed+3,23,a,0.0105
SARS-CoV2-5UTR-Amplicon-short-trimmed+3,24,a,0.0115
SARS-CoV2-5UTR-Amplicon-short-trimmed+3,25,c,0.3474
SARS-CoV2-5UTR-Amplicon-short-trimmed+3,26,t,0.0565
SARS-CoV2-5UTR-Amplicon-short-trimmed+3,27,t,0.0668
SARS-CoV2-5UTR-Amplicon-short-trimmed+3,28,t,0.0077
SARS-CoV2-5UTR-Amplicon-short-trimmed+3,29,a,0.0078
SARS-CoV2-5UTR-Amplicon-short-trimmed+3,30,a,0.0157
SARS-CoV2-5UTR-Amplicon-short-trimmed+3,31,a,0.0607
SARS-CoV2-5UTR-Amplicon-short-trimmed+3,32,a,0.0163
SARS-CoV2-5UTR-Amplicon-short-trimmed+3,33,t,0.018
SARS-CoV2-5UTR-Amplicon-short-trimmed+3,34,c,0.0075
SARS-CoV2-5UTR-Amplicon-short-trimmed+3,35,t,0.0214
SARS-CoV2-5UTR-Amplicon-short-trimmed+3,36,g,0.018
SARS-CoV2-5UTR-Amplicon-short-trimmed+3,37,t,0.0276
SARS-CoV2-5UTR-Amplicon-short-trimmed+3,38,g,0.0077
SARS-CoV2-5UTR-Amplicon-short-trimmed+3,39,t,0.0243
SARS-CoV2-5UTR-Amplicon-short-trimmed+3,40,g,0.0136
SARS-CoV2-5UTR-Amplicon-short-trimmed+3,41,g,0.0425
SARS-CoV2-5UTR-Amplicon-short-trimmed+3,42,c,0.014
SARS-CoV2-5UTR-Amplicon-short-trimmed+3,43,t,0.076
SARS-CoV2-5UTR-Amplicon-short-trimmed+3,44,g,0.0352
SARS-CoV2-5UTR-Amplicon-short-trimmed+3,45,t,0.0509
SARS-CoV2-5UTR-Amplicon-short-trimmed+3,46,c,0.008
SARS-CoV2-5UTR-Amplicon-short-trimmed+3,47,a,0.0098
SARS-CoV2-5UTR-Amplicon-short-trimmed+3,48,c,0.0059
SARS-CoV2-5UTR-Amplicon-short-trimmed+3,49,t,0.0237
SARS-CoV2-5UTR-Amplicon-short-trimmed+3,50,c,0.0082
SARS-CoV2-5UTR-Amplicon-short-trimmed+3,51,g,0.0341
SARS-CoV2-5UTR-Amplicon-short-trimmed+3,52,g,0.0411
SARS-CoV2-5UTR-Amplicon-short-trimmed+3,53,c,0.0676
SARS-CoV2-5UTR-Amplicon-short-trimmed+3,54,t,0.0113
SARS-CoV2-5UTR-Amplicon-short-trimmed+3,55,g,0.1068
SARS-CoV2-5UTR-Amplicon-short-trimmed+3,56,c,0.0174
SARS-CoV2-5UTR-Amplicon-short-trimmed+3,57,g,0.1068
SARS-CoV2-5UTR-Amplicon-short-trimmed+3,58,t,0.0358
SARS-CoV2-5UTR-Amplicon-short-trimmed+3,59,g,0.0576
SARS-CoV2-5UTR-Amplicon-short-trimmed+3,60,c,0.0149
SARS-CoV2-5UTR-Amplicon-short-trimmed+3,61,t,0.0377
SARS-CoV2-5UTR-Amplicon-short-trimmed+3,62,t,0.0258
SARS-CoV2-5UTR-Amplicon-short-trimmed+3,63,a,0.0174
SARS-CoV2-5UTR-Amplicon-short-trimmed+3,64,g,0.0167
SARS-CoV2-5UTR-Amplicon-short-trimmed+3,65,t,0.0188
SARS-CoV2-5UTR-Amplicon-short-trimmed+3,66,g,0.0477
SARS-CoV2-5UTR-Amplicon-short-trimmed+3,67,c,0.0186
SARS-CoV2-5UTR-Amplicon-short-trimmed+3,68,a,0.0329
SARS-CoV2-5UTR-Amplicon-short-trimmed+3,69,c,0.014
SARS-CoV2-5UTR-Amplicon-short-trimmed+3,70,t,0.0195
SARS-CoV2-5UTR-Amplicon-short-trimmed+3,71,c,0.0266
SARS-CoV2-5UTR-Amplicon-short-trimmed+3,72,a,0.0283
SARS-CoV2-5UTR-Amplicon-short-trimmed+3,73,c,0.0121
SARS-CoV2-5UTR-Amplicon-short-trimmed+3,74,g,0.0302
SARS-CoV2-5UTR-Amplicon-short-trimmed+3,75,c,0.0044
SARS-CoV2-5UTR-Amplicon-short-trimmed+3,76,a,0.0708
SARS-CoV2-5UTR-Amplicon-short-trimmed+3,77,g,0.0232
SARS-CoV2-5UTR-Amplicon-short-trimmed+3,78,t,0.0279
SARS-CoV2-5UTR-Amplicon-short-trimmed+3,79,a,0.0306
SARS-CoV2-5UTR-Amplicon-short-trimmed+3,80,t,0.0094
SARS-CoV2-5UTR-Amplicon-short-trimmed+3,81,a,0.0228
SARS-CoV2-5UTR-Amplicon-short-trimmed+3,82,a,0.0411
SARS-CoV2-5UTR-Amplicon-short-trimmed+3,83,t,0.0145
SARS-CoV2-5UTR-Amplicon-short-trimmed+3,84,t,0.057
SARS-CoV2-5UTR-Amplicon-short-trimmed+3,85,a,0.0465
SARS-CoV2-5UTR-Amplicon-short-trimmed+3,86,a,0.036
SARS-CoV2-5UTR-Amplicon-short-trimmed+3,87,t,0.0126
SARS-CoV2-5UTR-Amplicon-short-trimmed+3,88,a,0.0316
SARS-CoV2-5UTR-Amplicon-short-trimmed+3,89,a,0.0343
SARS-CoV2-5UTR-Amplicon-short-trimmed+3,90,c,0.2857
SARS-CoV2-5UTR-Amplicon-short-trimmed+3,91,t,0.0697
SARS-CoV2-5UTR-Amplicon-short-trimmed+3,92,a,0.0283
SARS-CoV2-5UTR-Amplicon-short-trimmed+3,93,a,0.0312
SARS-CoV2-5UTR-Amplicon-short-trimmed+3,94,t,0.0322
SARS-CoV2-5UTR-Amplicon-short-trimmed+3,95,t,0.0417
SARS-CoV2-5UTR-Amplicon-short-trimmed+3,96,a,0.0295
SARS-CoV2-5UTR-Amplicon-short-trimmed+3,97,c,0.0117
SARS-CoV2-5UTR-Amplicon-short-trimmed+3,98,t,0.2681
SARS-CoV2-5UTR-Amplicon-short-trimmed+3,99,g,0.0526
SARS-CoV2-5UTR-Amplicon-short-trimmed+3,100,t,0.0737
SARS-CoV2-5UTR-Amplicon-short-trimmed+3,101,c,0.0109
SARS-CoV2-5UTR-Amplicon-short-trimmed+3,102,g,0.04
SARS-CoV2-5UTR-Amplicon-short-trimmed+3,103,t,0.0511
SARS-CoV2-5UTR-Amplicon-short-trimmed+3,104,t,0.0869
SARS-CoV2-5UTR-Amplicon-short-trimmed+3,105,g,0.0385
SARS-CoV2-5UTR-Amplicon-short-trimmed+3,106,a,0.0415
SARS-CoV2-5UTR-Amplicon-short-trimmed+3,107,c,0.0233
SARS-CoV2-5UTR-Amplicon-short-trimmed+3,108,a,0.0662
SARS-CoV2-5UTR-Amplicon-short-trimmed+3,109,g,0.049
SARS-CoV2-5UTR-Amplicon-short-trimmed+3,110,g,0.0387
SARS-CoV2-5UTR-Amplicon-short-trimmed+3,111,a,0.0318
SARS-CoV2-5UTR-Amplicon-short-trimmed+3,112,c,0.0306
SARS-CoV2-5UTR-Amplicon-short-trimmed+3,113,a,0.0723
SARS-CoV2-5UTR-Amplicon-short-trimmed+3,114,c,0.0214
SARS-CoV2-5UTR-Amplicon-short-trimmed+3,115,g,0.0306
SARS-CoV2-5UTR-Amplicon-short-trimmed+3,116,a,0.0327
SARS-CoV2-5UTR-Amplicon-short-trimmed+3,117,g,0.0163
SARS-CoV2-5UTR-Amplicon-short-trimmed+3,118,t,0.0826
SARS-CoV2-5UTR-Amplicon-short-trimmed+3,119,a,0.0913
SARS-CoV2-5UTR-Amplicon-short-trimmed+3,120,a,0.024
SARS-CoV2-5UTR-Amplicon-short-trimmed+3,121,c,0.0202
SARS-CoV2-5UTR-Amplicon-short-trimmed+3,122,t,0.1008
SARS-CoV2-5UTR-Amplicon-short-trimmed+3,123,c,0.204
SARS-CoV2-5UTR-Amplicon-short-trimmed+3,124,g,0.1474
SARS-CoV2-5UTR-Amplicon-short-trimmed+3,125,t,0.2721
SARS-CoV2-5UTR-Amplicon-short-trimmed+3,126,c,0.1064
SARS-CoV2-5UTR-Amplicon-short-trimmed+3,127,t,0.1401
SARS-CoV2-5UTR-Amplicon-short-trimmed+3,128,a,0.2599
SARS-CoV2-5UTR-Amplicon-short-trimmed+3,129,t,1.2349
SARS-CoV2-5UTR-Amplicon-short-trimmed+3,130,c,0.1394
SARS-CoV2-5UTR-Amplicon-short-trimmed+3,131,t,0.2288
SARS-CoV2-5UTR-Amplicon-short-trimmed+3,132,t,0.3818
SARS-CoV2-5UTR-Amplicon-short-trimmed+3,133,c,0.3557
SARS-CoV2-5UTR-Amplicon-short-trimmed+3,134,t,0.2836
SARS-CoV2-5UTR-Amplicon-short-trimmed+3,135,g,0.123
SARS-CoV2-5UTR-Amplicon-short-trimmed+3,136,c,0.4072
SARS-CoV2-5UTR-Amplicon-short-trimmed+3,137,a,0.3097
SARS-CoV2-5UTR-Amplicon-short-trimmed+3,138,g,0.0969
SARS-CoV2-5UTR-Amplicon-short-trimmed+3,139,g,0.3099
SARS-CoV2-5UTR-Amplicon-short-trimmed+3,140,c,0.1201
SARS-CoV2-5UTR-Amplicon-short-trimmed+3,141,t,0.347
SARS-CoV2-5UTR-Amplicon-short-trimmed+3,142,g,0.5283
SARS-CoV2-5UTR-Amplicon-short-trimmed+3,143,c,0.1102
SARS-CoV2-5UTR-Amplicon-short-trimmed+3,144,t,0.1287
SARS-CoV2-5UTR-Amplicon-short-trimmed+3,145,t,0.166
SARS-CoV2-5UTR-Amplicon-short-trimmed+3,146,a,0.2481
SARS-CoV2-5UTR-Amplicon-short-trimmed+3,147,c,0.1758
SARS-CoV2-5UTR-Amplicon-short-trimmed+3,148,g,0.3782
SARS-CoV2-5UTR-Amplicon-short-trimmed+3,149,g,0.164
SARS-CoV2-5UTR-Amplicon-short-trimmed+3,150,t,0.1752
SARS-CoV2-5UTR-Amplicon-short-trimmed+3,151,t,0.1544
SARS-CoV2-5UTR-Amplicon-short-trimmed+3,152,t,0.2876
SARS-CoV2-5UTR-Amplicon-short-trimmed+3,153,c,0.2456
SARS-CoV2-5UTR-Amplicon-short-trimmed+3,154,g,0.0915
SARS-CoV2-5UTR-Amplicon-short-trimmed+3,155,t,0.4045
SARS-CoV2-5UTR-Amplicon-short-trimmed+3,156,c,0.2369
SARS-CoV2-5UTR-Amplicon-short-trimmed+3,157,c,0.2575
SARS-CoV2-5UTR-Amplicon-short-trimmed+3,158,g,0.1162
SARS-CoV2-5UTR-Amplicon-short-trimmed+3,159,t,1.6569
SARS-CoV2-5UTR-Amplicon-short-trimmed+3,160,g,0.0665
SARS-CoV2-5UTR-Amplicon-short-trimmed+3,161,t,0.1473
SARS-CoV2-5UTR-Amplicon-short-trimmed+3,162,t,0.2147
SARS-CoV2-5UTR-Amplicon-short-trimmed+3,163,g,0.1064
SARS-CoV2-5UTR-Amplicon-short-trimmed+3,164,c,0.3188
SARS-CoV2-5UTR-Amplicon-short-trimmed+3,165,a,0.2566
SARS-CoV2-5UTR-Amplicon-short-trimmed+3,166,g,0.4217
SARS-CoV2-5UTR-Amplicon-short-trimmed+3,167,c,0.2718
SARS-CoV2-5UTR-Amplicon-short-trimmed+3,168,c,0.565
SARS-CoV2-5UTR-Amplicon-short-trimmed+3,169,g,0.1109
SARS-CoV2-5UTR-Amplicon-short-trimmed+3,170,a,0.1586
SARS-CoV2-5UTR-Amplicon-short-trimmed+3,171,t,0.1452
SARS-CoV2-5UTR-Amplicon-short-trimmed+3,172,c,0.1908
SARS-CoV2-5UTR-Amplicon-short-trimmed+3,173,a,0.0794
SARS-CoV2-5UTR-Amplicon-short-trimmed+3,174,t,0.1211
SARS-CoV2-5UTR-Amplicon-short-trimmed+3,175,c,0.2575
SARS-CoV2-5UTR-Amplicon-short-trimmed+3,176,a,0.1607
SARS-CoV2-5UTR-Amplicon-short-trimmed+3,177,g,0.1339
SARS-CoV2-5UTR-Amplicon-short-trimmed+3,178,c,0.6479
SARS-CoV2-5UTR-Amplicon-short-trimmed+3,179,a,0.1473
SARS-CoV2-5UTR-Amplicon-short-trimmed+3,180,c,0.0893
SARS-CoV2-5UTR-Amplicon-short-trimmed+3,181,a,0.1276
SARS-CoV2-5UTR-Amplicon-short-trimmed+3,182,t,0.18
SARS-CoV2-5UTR-Amplicon-short-trimmed+3,183,c,0.0863
SARS-CoV2-5UTR-Amplicon-short-trimmed+3,184,t,0.0988
SARS-CoV2-5UTR-Amplicon-short-trimmed+3,185,a,0.1848
SARS-CoV2-5UTR-Amplicon-short-trimmed+3,186,g,0.0672
SARS-CoV2-5UTR-Amplicon-short-trimmed+3,187,g,0.0873
SARS-CoV2-5UTR-Amplicon-short-trimmed+3,188,t,0.1731
SARS-CoV2-5UTR-Amplicon-short-trimmed+3,189,t,0.3048
SARS-CoV2-5UTR-Amplicon-short-trimmed+3,190,t,0.4569
SARS-CoV2-5UTR-Amplicon-short-trimmed+3,191,c,0.133
SARS-CoV2-5UTR-Amplicon-short-trimmed+3,192,g,0.0709
SARS-CoV2-5UTR-Amplicon-short-trimmed+3,193,t,1.2821
SARS-CoV2-5UTR-Amplicon-short-trimmed+3,194,c,0.1176
SARS-CoV2-5UTR-Amplicon-short-trimmed+3,195,c,0.1669
SARS-CoV2-5UTR-Amplicon-short-trimmed+3,196,g,0.3218
SARS-CoV2-5UTR-Amplicon-short-trimmed+3,197,g,0.145
SARS-CoV2-5UTR-Amplicon-short-trimmed+3,198,g,0.4462
SARS-CoV2-5UTR-Amplicon-short-trimmed+3,199,t,0.2427
SARS-CoV2-5UTR-Amplicon-short-trimmed+3,200,g,0.071
SARS-CoV2-5UTR-Amplicon-short-trimmed+3,201,t,0.1441
SARS-CoV2-5UTR-Amplicon-short-trimmed+3,202,g,0.095
SARS-CoV2-5UTR-Amplicon-short-trimmed+3,203,a,0.3512
SARS-CoV2-5UTR-Amplicon-short-trimmed+3,204,c,0.1252
SARS-CoV2-5UTR-Amplicon-short-trimmed+3,205,c,0.1133
SARS-CoV2-5UTR-Amplicon-short-trimmed+3,206,g,0.102
SARS-CoV2-5UTR-Amplicon-short-trimmed+3,207,a,0.1356
SARS-CoV2-5UTR-Amplicon-short-trimmed+3,208,a,0.071
SARS-CoV2-5UTR-Amplicon-short-trimmed+3,209,a,0.1597
SARS-CoV2-5UTR-Amplicon-short-trimmed+3,210,g,0.1414
SARS-CoV2-5UTR-Amplicon-short-trimmed+3,211,g,0.1555
SARS-CoV2-5UTR-Amplicon-short-trimmed+3,212,t,0.1549
SARS-CoV2-5UTR-Amplicon-short-trimmed+3,213,a,0.0603
SARS-CoV2-5UTR-Amplicon-short-trimmed+3,214,a,0.0714
SARS-CoV2-5UTR-Amplicon-short-trimmed+3,215,g,0.0661
SARS-CoV2-5UTR-Amplicon-short-trimmed+3,216,a,0.0498
SARS-CoV2-5UTR-Amplicon-short-trimmed+3,217,t,0.1209
SARS-CoV2-5UTR-Amplicon-short-trimmed+3,218,g,0.0598
SARS-CoV2-5UTR-Amplicon-short-trimmed+3,219,g,0.0627
SARS-CoV2-5UTR-Amplicon-short-trimmed+3,220,a,0.239
SARS-CoV2-5UTR-Amplicon-short-trimmed+3,221,g,0.1464
SARS-CoV2-5UTR-Amplicon-short-trimmed+3,222,a,0.0729
SARS-CoV2-5UTR-Amplicon-short-trimmed+3,223,g,0.2157
SARS-CoV2-5UTR-Amplicon-short-trimmed+3,224,c,0.0797
SARS-CoV2-5UTR-Amplicon-short-trimmed+3,225,c,0.0786
SARS-CoV2-5UTR-Amplicon-short-trimmed+3,226,t,0.0518
SARS-CoV2-5UTR-Amplicon-short-trimmed+3,227,t,0.3347
SARS-CoV2-5UTR-Amplicon-short-trimmed+3,228,g,0.0453
SARS-CoV2-5UTR-Amplicon-short-trimmed+3,229,t,0.1392
SARS-CoV2-5UTR-Amplicon-short-trimmed+3,230,c,0.0734
SARS-CoV2-5UTR-Amplicon-short-trimmed+3,231,c,0.0529
SARS-CoV2-5UTR-Amplicon-short-trimmed+3,232,c,0.0848
SARS-CoV2-5UTR-Amplicon-short-trimmed+3,233,t,0.1803
SARS-CoV2-5UTR-Amplicon-short-trimmed+3,234,g,0.0698
SARS-CoV2-5UTR-Amplicon-short-trimmed+3,235,g,0.1477
SARS-CoV2-5UTR-Amplicon-short-trimmed+3,236,t,0.0705
SARS-CoV2-5UTR-Amplicon-short-trimmed+3,237,t,0.0745
SARS-CoV2-5UTR-Amplicon-short-trimmed+3,238,t,0.1502
SARS-CoV2-5UTR-Amplicon-short-trimmed+3,239,c,0.6187
SARS-CoV2-5UTR-Amplicon-short-trimmed+3,240,a,0.0986
SARS-CoV2-5UTR-Amplicon-short-trimmed+3,241,a,0.0926
SARS-CoV2-5UTR-Amplicon-short-trimmed+3,242,c,0.0792
SARS-CoV2-5UTR-Amplicon-short-trimmed+3,243,g,0.0199
SARS-CoV2-5UTR-Amplicon-short-trimmed+3,244,a,0.2197
SARS-CoV2-5UTR-Amplicon-short-trimmed+3,245,g,0.4696
SARS-CoV2-5UTR-Amplicon-short-trimmed+3,246,g,4.9795
SARS-CoV2-5UTR-Amplicon-short-trimmed+3,247,G,96.1912
SARS-CoV2-5UTR-Amplicon-short-trimmed+3,248,A,99.8617
SARS-CoV2-5UTR-Amplicon-short-trimmed+3,249,G,99.7863
