Region,Position,Ref_base,Mut_percentage
SARS-CoV2-5UTR-Amplicon-short-trimmed+3,1,T,99.8443
SARS-CoV2-5UTR-Amplicon-short-trimmed+3,2,T,99.8606
SARS-CoV2-5UTR-Amplicon-short-trimmed+3,3,G,99.9681
SARS-CoV2-5UTR-Amplicon-short-trimmed+3,4,t,99.9427
SARS-CoV2-5UTR-Amplicon-short-trimmed+3,5,a,0.0015
SARS-CoV2-5UTR-Amplicon-short-trimmed+3,6,g,0.0837
SARS-CoV2-5UTR-Amplicon-short-trimmed+3,7,a,0.007
SARS-CoV2-5UTR-Amplicon-short-trimmed+3,8,t,0.0118
SARS-CoV2-5UTR-Amplicon-short-trimmed+3,9,c,0.0033
SARS-CoV2-5UTR-Amplicon-short-trimmed+3,10,t,0.0034
SARS-CoV2-5UTR-Amplicon-short-trimmed+3,11,g,0.0782
SARS-CoV2-5UTR-Amplicon-short-trimmed+3,12,t,0.0139
SARS-CoV2-5UTR-Amplicon-short-trimmed+3,13,t,0.0147
SARS-CoV2-5UTR-Amplicon-short-trimmed+3,14,c,0.0086
SARS-CoV2-5UTR-Amplicon-short-trimmed+3,15,t,0.0319
SARS-CoV2-5UTR-Amplicon-short-trimmed+3,16,c,0.0213
SARS-CoV2-5UTR-Amplicon-short-trimmed+3,17,t,0.0175
SARS-CoV2-5UTR-Amplicon-short-trimmed+3,18,a,0.0335
SARS-CoV2-5UTR-Amplicon-short-trimmed+3,19,a,0.0061
SARS-CoV2-5UTR-Amplicon-short-trimmed+3,20,a,0.0065
SARS-CoV2-5UTR-Amplicon-short-trimmed+3,21,c,0.0063
SARS-CoV2-5UTR-Amplicon-short-trimmed+3,22,g,0.0107
SARS-CoV2-5UTR-Amplicon-short-trimmed+3,23,a,0.0044
SARS-CoV2-5UTR-Amplicon-short-trimmed+3,24,a,0.0051
SARS-CoV2-5UTR-Amplicon-short-trimmed+3,25,c,0.1466
SARS-CoV2-5UTR-Amplicon-short-trimmed+3,26,t,0.0319
SARS-CoV2-5UTR-Amplicon-short-trimmed+3,27,t,0.0587
SARS-CoV2-5UTR-Amplicon-short-trimmed+3,28,t,0.0044
SARS-CoV2-5UTR-Amplicon-short-trimmed+3,29,a,0.007
SARS-CoV2-5UTR-Amplicon-short-trimmed+3,30,a,0.0097
SARS-CoV2-5UTR-Amplicon-short-trimmed+3,31,a,0.0335
SARS-CoV2-5UTR-Amplicon-short-trimmed+3,32,a,0.0085
SARS-CoV2-5UTR-Amplicon-short-trimmed+3,33,t,0.0116
SARS-CoV2-5UTR-Amplicon-short-trimmed+3,34,c,0.0081
SARS-CoV2-5UTR-Amplicon-short-trimmed+3,35,t,0.0142
SARS-CoV2-5UTR-Amplicon-short-trimmed+3,36,g,0.0153
SARS-CoV2-5UTR-Amplicon-short-trimmed+3,37,t,0.0179
SARS-CoV2-5UTR-Amplicon-short-trimmed+3,38,g,0.0082
SARS-CoV2-5UTR-Amplicon-short-trimmed+3,39,t,0.0128
SARS-CoV2-5UTR-Amplicon-short-trimmed+3,40,g,0.0104
SARS-CoV2-5UTR-Amplicon-short-trimmed+3,41,g,0.0286
SARS-CoV2-5UTR-Amplicon-short-trimmed+3,42,c,0.0107
SARS-CoV2-5UTR-Amplicon-short-trimmed+3,43,t,0.0603
SARS-CoV2-5UTR-Amplicon-short-trimmed+3,44,g,0.0242
SARS-CoV2-5UTR-Amplicon-short-trimmed+3,45,t,0.033
SARS-CoV2-5UTR-Amplicon-short-trimmed+3,46,c,0.0077
SARS-CoV2-5UTR-Amplicon-short-trimmed+3,47,a,0.0066
SARS-CoV2-5UTR-Amplicon-short-trimmed+3,48,c,0.0086
SARS-CoV2-5UTR-Amplicon-short-trimmed+3,49,t,0.013
SARS-CoV2-5UTR-Amplicon-short-trimmed+3,50,c,0.0092
SARS-CoV2-5UTR-Amplicon-short-trimmed+3,51,g,0.0278
SARS-CoV2-5UTR-Amplicon-short-trimmed+3,52,g,0.026
SARS-CoV2-5UTR-Amplicon-short-trimmed+3,53,c,0.0592
SARS-CoV2-5UTR-Amplicon-short-trimmed+3,54,t,0.008
SARS-CoV2-5UTR-Amplicon-short-trimmed+3,55,g,0.0872
SARS-CoV2-5UTR-Amplicon-short-trimmed+3,56,c,0.0132
SARS-CoV2-5UTR-Amplicon-short-trimmed+3,57,g,0.0921
SARS-CoV2-5UTR-Amplicon-short-trimmed+3,58,t,0.0188
SARS-CoV2-5UTR-Amplicon-short-trimmed+3,59,g,0.0429
SARS-CoV2-5UTR-Amplicon-short-trimmed+3,60,c,0.0103
SARS-CoV2-5UTR-Amplicon-short-trimmed+3,61,t,0.0254
SARS-CoV2-5UTR-Amplicon-short-trimmed+3,62,t,0.012
SARS-CoV2-5UTR-Amplicon-short-trimmed+3,63,a,0.0087
SARS-CoV2-5UTR-Amplicon-short-trimmed+3,64,g,0.0093
SARS-CoV2-5UTR-Amplicon-short-trimmed+3,65,t,0.006
SARS-CoV2-5UTR-Amplicon-short-trimmed+3,66,g,0.0284
SARS-CoV2-5UTR-Amplicon-short-trimmed+3,67,c,0.0185
SARS-CoV2-5UTR-Amplicon-short-trimmed+3,68,a,0.013
SARS-CoV2-5UTR-Amplicon-short-trimmed+3,69,c,0.0114
SARS-CoV2-5UTR-Amplicon-short-trimmed+3,70,t,0.0082
SARS-CoV2-5UTR-Amplicon-short-trimmed+3,71,c,0.0206
SARS-CoV2-5UTR-Amplicon-short-trimmed+3,72,a,0.0139
SARS-CoV2-5UTR-Amplicon-short-trimmed+3,73,c,0.0071
SARS-CoV2-5UTR-Amplicon-short-trimmed+3,74,g,0.0175
SARS-CoV2-5UTR-Amplicon-short-trimmed+3,75,c,0.0037
SARS-CoV2-5UTR-Amplicon-short-trimmed+3,76,a,0.0346
SARS-CoV2-5UTR-Amplicon-short-trimmed+3,77,g,0.0145
SARS-CoV2-5UTR-Amplicon-short-trimmed+3,78,t,0.0085
SARS-CoV2-5UTR-Amplicon-short-trimmed+3,79,a,0.013
SARS-CoV2-5UTR-Amplicon-short-trimmed+3,80,t,0.0026
SARS-CoV2-5UTR-Amplicon-short-trimmed+3,81,a,0.0096
SARS-CoV2-5UTR-Amplicon-short-trimmed+3,82,a,0.0262
SARS-CoV2-5UTR-Amplicon-short-trimmed+3,83,t,0.0053
SARS-CoV2-5UTR-Amplicon-short-trimmed+3,84,t,0.0223
SARS-CoV2-5UTR-Amplicon-short-trimmed+3,85,a,0.0216
SARS-CoV2-5UTR-Amplicon-short-trimmed+3,86,a,0.0196
SARS-CoV2-5UTR-Amplicon-short-trimmed+3,87,t,0.0048
SARS-CoV2-5UTR-Amplicon-short-trimmed+3,88,a,0.0128
SARS-CoV2-5UTR-Amplicon-short-trimmed+3,89,a,0.0139
SARS-CoV2-5UTR-Amplicon-short-trimmed+3,90,c,0.2892
SARS-CoV2-5UTR-Amplicon-short-trimmed+3,91,t,0.0482
SARS-CoV2-5UTR-Amplicon-short-trimmed+3,92,a,0.0102
SARS-CoV2-5UTR-Amplicon-short-trimmed+3,93,a,0.0136
SARS-CoV2-5UTR-Amplicon-short-trimmed+3,94,t,0.0134
SARS-CoV2-5UTR-Amplicon-short-trimmed+3,95,t,0.0148
SARS-CoV2-5UTR-Amplicon-short-trimmed+3,96,a,0.0112
SARS-CoV2-5UTR-Amplicon-short-trimmed+3,97,c,0.0114
SARS-CoV2-5UTR-Amplicon-short-trimmed+3,98,t,0.2773
SARS-CoV2-5UTR-Amplicon-short-trimmed+3,99,g,0.049
SARS-CoV2-5UTR-Amplicon-short-trimmed+3,100,t,0.0219
SARS-CoV2-5UTR-Amplicon-short-trimmed+3,101,c,0.0105
SARS-CoV2-5UTR-Amplicon-short-trimmed+3,102,g,0.0284
SARS-CoV2-5UTR-Amplicon-short-trimmed+3,103,t,0.0223
SARS-CoV2-5UTR-Amplicon-short-trimmed+3,104,t,0.0503
SARS-CoV2-5UTR-Amplicon-short-trimmed+3,105,g,0.0329
SARS-CoV2-5UTR-Amplicon-short-trimmed+3,106,a,0.0126
SARS-CoV2-5UTR-Amplicon-short-trimmed+3,107,c,0.0141
SARS-CoV2-5UTR-Amplicon-short-trimmed+3,108,a,0.0239
SARS-CoV2-5UTR-Amplicon-short-trimmed+3,109,g,0.0338
SARS-CoV2-5UTR-Amplicon-short-trimmed+3,110,g,0.0245
SARS-CoV2-5UTR-Amplicon-short-trimmed+3,111,a,0.0075
SARS-CoV2-5UTR-Amplicon-short-trimmed+3,112,c,0.021
SARS-CoV2-5UTR-Amplicon-short-trimmed+3,113,a,0.0163
SARS-CoV2-5UTR-Amplicon-short-trimmed+3,114,c,0.0147
SARS-CoV2-5UTR-Amplicon-short-trimmed+3,115,g,0.0185
SARS-CoV2-5UTR-Amplicon-short-trimmed+3,116,a,0.011
SARS-CoV2-5UTR-Amplicon-short-trimmed+3,117,g,0.0083
SARS-CoV2-5UTR-Amplicon-short-trimmed+3,118,t,0.0349
SARS-CoV2-5UTR-Amplicon-short-trimmed+3,119,a,0.028
SARS-CoV2-5UTR-Amplicon-short-trimmed+3,120,a,0.0098
SARS-CoV2-5UTR-Amplicon-short-trimmed+3,121,c,0.015
SARS-CoV2-5UTR-Amplicon-short-trimmed+3,122,t,0.0521
SARS-CoV2-5UTR-Amplicon-short-trimmed+3,123,c,0.1461
SARS-CoV2-5UTR-Amplicon-short-trimmed+3,124,g,0.1452
SARS-CoV2-5UTR-Amplicon-short-trimmed+3,125,t,0.156
SARS-CoV2-5UTR-Amplicon-short-trimmed+3,126,c,0.0774
SARS-CoV2-5UTR-Amplicon-short-trimmed+3,127,t,0.0669
SARS-CoV2-5UTR-Amplicon-short-trimmed+3,128,a,0.1388
SARS-CoV2-5UTR-Amplicon-short-trimmed+3,129,t,0.6472
SARS-CoV2-5UTR-Amplicon-short-trimmed+3,130,c,0.0967
SARS-CoV2-5UTR-Amplicon-short-trimmed+3,131,t,0.1188
SARS-CoV2-5UTR-Amplicon-short-trimmed+3,132,t,0.1836
SARS-CoV2-5UTR-Amplicon-short-trimmed+3,133,c,0.2042
SARS-CoV2-5UTR-Amplicon-short-trimmed+3,134,t,0.1366
SARS-CoV2-5UTR-Amplicon-short-trimmed+3,135,g,0.1122
SARS-CoV2-5UTR-Amplicon-short-trimmed+3,136,c,0.3533
SARS-CoV2-5UTR-Amplicon-short-trimmed+3,137,a,0.1602
SARS-CoV2-5UTR-Amplicon-short-trimmed+3,138,g,0.0615
SARS-CoV2-5UTR-Amplicon-short-trimmed+3,139,g,0.1756
SARS-CoV2-5UTR-Amplicon-short-trimmed+3,140,c,0.0783
SARS-CoV2-5UTR-Amplicon-short-trimmed+3,141,t,0.1901
SARS-CoV2-5UTR-Amplicon-short-trimmed+3,142,g,0.2938
SARS-CoV2-5UTR-Amplicon-short-trimmed+3,143,c,0.0933
SARS-CoV2-5UTR-Amplicon-short-trimmed+3,144,t,0.0748
SARS-CoV2-5UTR-Amplicon-short-trimmed+3,145,t,0.0822
SARS-CoV2-5UTR-Amplicon-short-trimmed+3,146,a,0.1165
SARS-CoV2-5UTR-Amplicon-short-trimmed+3,147,c,0.1262
SARS-CoV2-5UTR-Amplicon-short-trimmed+3,148,g,0.3341
SARS-CoV2-5UTR-Amplicon-short-trimmed+3,149,g,0.1112
SARS-CoV2-5UTR-Amplicon-short-trimmed+3,150,t,0.1177
SARS-CoV2-5UTR-Amplicon-short-trimmed+3,151,t,0.1043
SARS-CoV2-5UTR-Amplicon-short-trimmed+3,152,t,0.1448
SARS-CoV2-5UTR-Amplicon-short-trimmed+3,153,c,0.1709
SARS-CoV2-5UTR-Amplicon-short-trimmed+3,154,g,0.0666
SARS-CoV2-5UTR-Amplicon-short-trimmed+3,155,t,0.2225
SARS-CoV2-5UTR-Amplicon-short-trimmed+3,156,c,0.1813
SARS-CoV2-5UTR-Amplicon-short-trimmed+3,157,c,0.1474
SARS-CoV2-5UTR-Amplicon-short-trimmed+3,158,g,0.0805
SARS-CoV2-5UTR-Amplicon-short-trimmed+3,159,t,0.972
SARS-CoV2-5UTR-Amplicon-short-trimmed+3,160,g,0.0744
SARS-CoV2-5UTR-Amplicon-short-trimmed+3,161,t,0.0986
SARS-CoV2-5UTR-Amplicon-short-trimmed+3,162,t,0.132
SARS-CoV2-5UTR-Amplicon-short-trimmed+3,163,g,0.0845
SARS-CoV2-5UTR-Amplicon-short-trimmed+3,164,c,0.2056
SARS-CoV2-5UTR-Amplicon-short-trimmed+3,165,a,0.1462
SARS-CoV2-5UTR-Amplicon-short-trimmed+3,166,g,0.301
SARS-CoV2-5UTR-Amplicon-short-trimmed+3,167,c,0.2682
SARS-CoV2-5UTR-Amplicon-short-trimmed+3,168,c,0.4607
SARS-CoV2-5UTR-Amplicon-short-trimmed+3,169,g,0.0833
SARS-CoV2-5UTR-Amplicon-short-trimmed+3,170,a,0.0885
SARS-CoV2-5UTR-Amplicon-short-trimmed+3,171,t,0.0934
SARS-CoV2-5UTR-Amplicon-short-trimmed+3,172,c,0.1477
SARS-CoV2-5UTR-Amplicon-short-trimmed+3,173,a,0.0462
SARS-CoV2-5UTR-Amplicon-short-trimmed+3,174,t,0.0574
SARS-CoV2-5UTR-Amplicon-short-trimmed+3,175,c,0.1786
SARS-CoV2-5UTR-Amplicon-short-trimmed+3,176,a,0.1049
SARS-CoV2-5UTR-Amplicon-short-trimmed+3,177,g,0.1138
SARS-CoV2-5UTR-Amplicon-short-trimmed+3,178,c,0.4965
SARS-CoV2-5UTR-Amplicon-short-trimmed+3,179,a,0.0751
SARS-CoV2-5UTR-Amplicon-short-trimmed+3,180,c,0.0847
SARS-CoV2-5UTR-Amplicon-short-trimmed+3,181,a,0.0644
SARS-CoV2-5UTR-Amplicon-short-trimmed+3,182,t,0.1027
SARS-CoV2-5UTR-Amplicon-short-trimmed+3,183,c,0.0621
SARS-CoV2-5UTR-Amplicon-short-trimmed+3,184,t,0.081
SARS-CoV2-5UTR-Amplicon-short-trimmed+3,185,a,0.1386
SARS-CoV2-5UTR-Amplicon-short-trimmed+3,186,g,0.077
SARS-CoV2-5UTR-Amplicon-short-trimmed+3,187,g,0.0697
SARS-CoV2-5UTR-Amplicon-short-trimmed+3,188,t,0.1044
SARS-CoV2-5UTR-Amplicon-short-trimmed+3,189,t,0.2327
SARS-CoV2-5UTR-Amplicon-short-trimmed+3,190,t,0.2668
SARS-CoV2-5UTR-Amplicon-short-trimmed+3,191,c,0.117
SARS-CoV2-5UTR-Amplicon-short-trimmed+3,192,g,0.0619
SARS-CoV2-5UTR-Amplicon-short-trimmed+3,193,t,0.8285
SARS-CoV2-5UTR-Amplicon-short-trimmed+3,194,c,0.1334
SARS-CoV2-5UTR-Amplicon-short-trimmed+3,195,c,0.1589
SARS-CoV2-5UTR-Amplicon-short-trimmed+3,196,g,0.3098
SARS-CoV2-5UTR-Amplicon-short-trimmed+3,197,g,0.1224
SARS-CoV2-5UTR-Amplicon-short-trimmed+3,198,g,0.4557
SARS-CoV2-5UTR-Amplicon-short-trimmed+3,199,t,0.1756
SARS-CoV2-5UTR-Amplicon-short-trimmed+3,200,g,0.072
SARS-CoV2-5UTR-Amplicon-short-trimmed+3,201,t,0.0922
SARS-CoV2-5UTR-Amplicon-short-trimmed+3,202,g,0.0879
SARS-CoV2-5UTR-Amplicon-short-trimmed+3,203,a,0.2561
SARS-CoV2-5UTR-Amplicon-short-trimmed+3,204,c,0.1119
SARS-CoV2-5UTR-Amplicon-short-trimmed+3,205,c,0.0916
SARS-CoV2-5UTR-Amplicon-short-trimmed+3,206,g,0.0948
SARS-CoV2-5UTR-Amplicon-short-trimmed+3,207,a,0.0826
SARS-CoV2-5UTR-Amplicon-short-trimmed+3,208,a,0.0463
SARS-CoV2-5UTR-Amplicon-short-trimmed+3,209,a,0.1168
SARS-CoV2-5UTR-Amplicon-short-trimmed+3,210,g,0.1086
SARS-CoV2-5UTR-Amplicon-short-trimmed+3,211,g,0.1317
SARS-CoV2-5UTR-Amplicon-short-trimmed+3,212,t,0.0901
SARS-CoV2-5UTR-Amplicon-short-trimmed+3,213,a,0.0419
SARS-CoV2-5UTR-Amplicon-short-trimmed+3,214,a,0.0538
SARS-CoV2-5UTR-Amplicon-short-trimmed+3,215,g,0.0568
SARS-CoV2-5UTR-Amplicon-short-trimmed+3,216,a,0.043
SARS-CoV2-5UTR-Amplicon-short-trimmed+3,217,t,0.0928
SARS-CoV2-5UTR-Amplicon-short-trimmed+3,218,g,0.0546
SARS-CoV2-5UTR-Amplicon-short-trimmed+3,219,g,0.0537
SARS-CoV2-5UTR-Amplicon-short-trimmed+3,220,a,0.2038
SARS-CoV2-5UTR-Amplicon-short-trimmed+3,221,g,0.1269
SARS-CoV2-5UTR-Amplicon-short-trimmed+3,222,a,0.0619
SARS-CoV2-5UTR-Amplicon-short-trimmed+3,223,g,0.166
SARS-CoV2-5UTR-Amplicon-short-trimmed+3,224,c,0.0811
SARS-CoV2-5UTR-Amplicon-short-trimmed+3,225,c,0.0777
SARS-CoV2-5UTR-Amplicon-short-trimmed+3,226,t,0.0416
SARS-CoV2-5UTR-Amplicon-short-trimmed+3,227,t,0.2502
SARS-CoV2-5UTR-Amplicon-short-trimmed+3,228,g,0.039
SARS-CoV2-5UTR-Amplicon-short-trimmed+3,229,t,0.0965
SARS-CoV2-5UTR-Amplicon-short-trimmed+3,230,c,0.0613
SARS-CoV2-5UTR-Amplicon-short-trimmed+3,231,c,0.0574
SARS-CoV2-5UTR-Amplicon-short-trimmed+3,232,c,0.0904
SARS-CoV2-5UTR-Amplicon-short-trimmed+3,233,t,0.1425
SARS-CoV2-5UTR-Amplicon-short-trimmed+3,234,g,0.0653
SARS-CoV2-5UTR-Amplicon-short-trimmed+3,235,g,0.1057
SARS-CoV2-5UTR-Amplicon-short-trimmed+3,236,t,0.0624
SARS-CoV2-5UTR-Amplicon-short-trimmed+3,237,t,0.0444
SARS-CoV2-5UTR-Amplicon-short-trimmed+3,238,t,0.0952
SARS-CoV2-5UTR-Amplicon-short-trimmed+3,239,c,0.6335
SARS-CoV2-5UTR-Amplicon-short-trimmed+3,240,a,0.0755
SARS-CoV2-5UTR-Amplicon-short-trimmed+3,241,a,0.0722
SARS-CoV2-5UTR-Amplicon-short-trimmed+3,242,c,0.099
SARS-CoV2-5UTR-Amplicon-short-trimmed+3,243,g,0.0126
SARS-CoV2-5UTR-Amplicon-short-trimmed+3,244,a,0.179
SARS-CoV2-5UTR-Amplicon-short-trimmed+3,245,g,0.5442
SARS-CoV2-5UTR-Amplicon-short-trimmed+3,246,g,5.5378
SARS-CoV2-5UTR-Amplicon-short-trimmed+3,247,G,95.7785
SARS-CoV2-5UTR-Amplicon-short-trimmed+3,248,A,99.877
SARS-CoV2-5UTR-Amplicon-short-trimmed+3,249,G,99.7569
