Region,Position,Ref_base,Mut_percentage
SARS-CoV2-5UTR-Amplicon-short-trimmed+3,1,T,99.8132
SARS-CoV2-5UTR-Amplicon-short-trimmed+3,2,T,99.8697
SARS-CoV2-5UTR-Amplicon-short-trimmed+3,3,G,99.9776
SARS-CoV2-5UTR-Amplicon-short-trimmed+3,4,t,99.9427
SARS-CoV2-5UTR-Amplicon-short-trimmed+3,5,a,0.0025
SARS-CoV2-5UTR-Amplicon-short-trimmed+3,6,g,0.058
SARS-CoV2-5UTR-Amplicon-short-trimmed+3,7,a,0.0163
SARS-CoV2-5UTR-Amplicon-short-trimmed+3,8,t,0.0158
SARS-CoV2-5UTR-Amplicon-short-trimmed+3,9,c,0.0043
SARS-CoV2-5UTR-Amplicon-short-trimmed+3,10,t,0.0073
SARS-CoV2-5UTR-Amplicon-short-trimmed+3,11,g,0.0634
SARS-CoV2-5UTR-Amplicon-short-trimmed+3,12,t,0.0221
SARS-CoV2-5UTR-Amplicon-short-trimmed+3,13,t,0.0211
SARS-CoV2-5UTR-Amplicon-short-trimmed+3,14,c,0.0064
SARS-CoV2-5UTR-Amplicon-short-trimmed+3,15,t,0.0376
SARS-CoV2-5UTR-Amplicon-short-trimmed+3,16,c,0.0122
SARS-CoV2-5UTR-Amplicon-short-trimmed+3,17,t,0.025
SARS-CoV2-5UTR-Amplicon-short-trimmed+3,18,a,0.0555
SARS-CoV2-5UTR-Amplicon-short-trimmed+3,19,a,0.0124
SARS-CoV2-5UTR-Amplicon-short-trimmed+3,20,a,0.0137
SARS-CoV2-5UTR-Amplicon-short-trimmed+3,21,c,0.0052
SARS-CoV2-5UTR-Amplicon-short-trimmed+3,22,g,0.0129
SARS-CoV2-5UTR-Amplicon-short-trimmed+3,23,a,0.0122
SARS-CoV2-5UTR-Amplicon-short-trimmed+3,24,a,0.0109
SARS-CoV2-5UTR-Amplicon-short-trimmed+3,25,c,0.4253
SARS-CoV2-5UTR-Amplicon-short-trimmed+3,26,t,0.049
SARS-CoV2-5UTR-Amplicon-short-trimmed+3,27,t,0.0444
SARS-CoV2-5UTR-Amplicon-short-trimmed+3,28,t,0.0067
SARS-CoV2-5UTR-Amplicon-short-trimmed+3,29,a,0.0103
SARS-CoV2-5UTR-Amplicon-short-trimmed+3,30,a,0.0122
SARS-CoV2-5UTR-Amplicon-short-trimmed+3,31,a,0.0679
SARS-CoV2-5UTR-Amplicon-short-trimmed+3,32,a,0.0179
SARS-CoV2-5UTR-Amplicon-short-trimmed+3,33,t,0.0189
SARS-CoV2-5UTR-Amplicon-short-trimmed+3,34,c,0.0052
SARS-CoV2-5UTR-Amplicon-short-trimmed+3,35,t,0.0152
SARS-CoV2-5UTR-Amplicon-short-trimmed+3,36,g,0.0133
SARS-CoV2-5UTR-Amplicon-short-trimmed+3,37,t,0.0309
SARS-CoV2-5UTR-Amplicon-short-trimmed+3,38,g,0.012
SARS-CoV2-5UTR-Amplicon-short-trimmed+3,39,t,0.0225
SARS-CoV2-5UTR-Amplicon-short-trimmed+3,40,g,0.0126
SARS-CoV2-5UTR-Amplicon-short-trimmed+3,41,g,0.0253
SARS-CoV2-5UTR-Amplicon-short-trimmed+3,42,c,0.0082
SARS-CoV2-5UTR-Amplicon-short-trimmed+3,43,t,0.0619
SARS-CoV2-5UTR-Amplicon-short-trimmed+3,44,g,0.0256
SARS-CoV2-5UTR-Amplicon-short-trimmed+3,45,t,0.0478
SARS-CoV2-5UTR-Amplicon-short-trimmed+3,46,c,0.0061
SARS-CoV2-5UTR-Amplicon-short-trimmed+3,47,a,0.0119
SARS-CoV2-5UTR-Amplicon-short-trimmed+3,48,c,0.0064
SARS-CoV2-5UTR-Amplicon-short-trimmed+3,49,t,0.0249
SARS-CoV2-5UTR-Amplicon-short-trimmed+3,50,c,0.0073
SARS-CoV2-5UTR-Amplicon-short-trimmed+3,51,g,0.0279
SARS-CoV2-5UTR-Amplicon-short-trimmed+3,52,g,0.0314
SARS-CoV2-5UTR-Amplicon-short-trimmed+3,53,c,0.0487
SARS-CoV2-5UTR-Amplicon-short-trimmed+3,54,t,0.0141
SARS-CoV2-5UTR-Amplicon-short-trimmed+3,55,g,0.0732
SARS-CoV2-5UTR-Amplicon-short-trimmed+3,56,c,0.0122
SARS-CoV2-5UTR-Amplicon-short-trimmed+3,57,g,0.0697
SARS-CoV2-5UTR-Amplicon-short-trimmed+3,58,t,0.036
SARS-CoV2-5UTR-Amplicon-short-trimmed+3,59,g,0.0405
SARS-CoV2-5UTR-Amplicon-short-trimmed+3,60,c,0.0117
SARS-CoV2-5UTR-Amplicon-short-trimmed+3,61,t,0.0373
SARS-CoV2-5UTR-Amplicon-short-trimmed+3,62,t,0.019
SARS-CoV2-5UTR-Amplicon-short-trimmed+3,63,a,0.0142
SARS-CoV2-5UTR-Amplicon-short-trimmed+3,64,g,0.0147
SARS-CoV2-5UTR-Amplicon-short-trimmed+3,65,t,0.0182
SARS-CoV2-5UTR-Amplicon-short-trimmed+3,66,g,0.046
SARS-CoV2-5UTR-Amplicon-short-trimmed+3,67,c,0.02
SARS-CoV2-5UTR-Amplicon-short-trimmed+3,68,a,0.0345
SARS-CoV2-5UTR-Amplicon-short-trimmed+3,69,c,0.0109
SARS-CoV2-5UTR-Amplicon-short-trimmed+3,70,t,0.0159
SARS-CoV2-5UTR-Amplicon-short-trimmed+3,71,c,0.019
SARS-CoV2-5UTR-Amplicon-short-trimmed+3,72,a,0.0321
SARS-CoV2-5UTR-Amplicon-short-trimmed+3,73,c,0.0105
SARS-CoV2-5UTR-Amplicon-short-trimmed+3,74,g,0.032
SARS-CoV2-5UTR-Amplicon-short-trimmed+3,75,c,0.0031
SARS-CoV2-5UTR-Amplicon-short-trimmed+3,76,a,0.0743
SARS-CoV2-5UTR-Amplicon-short-trimmed+3,77,g,0.0235
SARS-CoV2-5UTR-Amplicon-short-trimmed+3,78,t,0.0246
SARS-CoV2-5UTR-Amplicon-short-trimmed+3,79,a,0.031
SARS-CoV2-5UTR-Amplicon-short-trimmed+3,80,t,0.0124
SARS-CoV2-5UTR-Amplicon-short-trimmed+3,81,a,0.0278
SARS-CoV2-5UTR-Amplicon-short-trimmed+3,82,a,0.0386
SARS-CoV2-5UTR-Amplicon-short-trimmed+3,83,t,0.0127
SARS-CoV2-5UTR-Amplicon-short-trimmed+3,84,t,0.0514
SARS-CoV2-5UTR-Amplicon-short-trimmed+3,85,a,0.0513
SARS-CoV2-5UTR-Amplicon-short-trimmed+3,86,a,0.039
SARS-CoV2-5UTR-Amplicon-short-trimmed+3,87,t,0.0123
SARS-CoV2-5UTR-Amplicon-short-trimmed+3,88,a,0.0365
SARS-CoV2-5UTR-Amplicon-short-trimmed+3,89,a,0.0384
SARS-CoV2-5UTR-Amplicon-short-trimmed+3,90,c,0.2921
SARS-CoV2-5UTR-Amplicon-short-trimmed+3,91,t,0.0736
SARS-CoV2-5UTR-Amplicon-short-trimmed+3,92,a,0.0298
SARS-CoV2-5UTR-Amplicon-short-trimmed+3,93,a,0.0349
SARS-CoV2-5UTR-Amplicon-short-trimmed+3,94,t,0.0349
SARS-CoV2-5UTR-Amplicon-short-trimmed+3,95,t,0.0473
SARS-CoV2-5UTR-Amplicon-short-trimmed+3,96,a,0.0342
SARS-CoV2-5UTR-Amplicon-short-trimmed+3,97,c,0.0126
SARS-CoV2-5UTR-Amplicon-short-trimmed+3,98,t,0.2834
SARS-CoV2-5UTR-Amplicon-short-trimmed+3,99,g,0.0542
SARS-CoV2-5UTR-Amplicon-short-trimmed+3,100,t,0.0687
SARS-CoV2-5UTR-Amplicon-short-trimmed+3,101,c,0.0134
SARS-CoV2-5UTR-Amplicon-short-trimmed+3,102,g,0.0355
SARS-CoV2-5UTR-Amplicon-short-trimmed+3,103,t,0.0492
SARS-CoV2-5UTR-Amplicon-short-trimmed+3,104,t,0.0901
SARS-CoV2-5UTR-Amplicon-short-trimmed+3,105,g,0.0345
SARS-CoV2-5UTR-Amplicon-short-trimmed+3,106,a,0.0546
SARS-CoV2-5UTR-Amplicon-short-trimmed+3,107,c,0.0204
SARS-CoV2-5UTR-Amplicon-short-trimmed+3,108,a,0.0652
SARS-CoV2-5UTR-Amplicon-short-trimmed+3,109,g,0.0473
SARS-CoV2-5UTR-Amplicon-short-trimmed+3,110,g,0.0335
SARS-CoV2-5UTR-Amplicon-short-trimmed+3,111,a,0.0377
SARS-CoV2-5UTR-Amplicon-short-trimmed+3,112,c,0.0292
SARS-CoV2-5UTR-Amplicon-short-trimmed+3,113,a,0.0839
SARS-CoV2-5UTR-Amplicon-short-trimmed+3,114,c,0.0207
SARS-CoV2-5UTR-Amplicon-short-trimmed+3,115,g,0.036
SARS-CoV2-5UTR-Amplicon-short-trimmed+3,116,a,0.037
SARS-CoV2-5UTR-Amplicon-short-trimmed+3,117,g,0.0216
SARS-CoV2-5UTR-Amplicon-short-trimmed+3,118,t,0.0888
SARS-CoV2-5UTR-Amplicon-short-trimmed+3,119,a,0.1051
SARS-CoV2-5UTR-Amplicon-short-trimmed+3,120,a,0.0275
SARS-CoV2-5UTR-Amplicon-short-trimmed+3,121,c,0.023
SARS-CoV2-5UTR-Amplicon-short-trimmed+3,122,t,0.0959
SARS-CoV2-5UTR-Amplicon-short-trimmed+3,123,c,0.2028
SARS-CoV2-5UTR-Amplicon-short-trimmed+3,124,g,0.1458
SARS-CoV2-5UTR-Amplicon-short-trimmed+3,125,t,0.2641
SARS-CoV2-5UTR-Amplicon-short-trimmed+3,126,c,0.104
SARS-CoV2-5UTR-Amplicon-short-trimmed+3,127,t,0.1383
SARS-CoV2-5UTR-Amplicon-short-trimmed+3,128,a,0.2621
SARS-CoV2-5UTR-Amplicon-short-trimmed+3,129,t,1.316
SARS-CoV2-5UTR-Amplicon-short-trimmed+3,130,c,0.1202
SARS-CoV2-5UTR-Amplicon-short-trimmed+3,131,t,0.2438
SARS-CoV2-5UTR-Amplicon-short-trimmed+3,132,t,0.3594
SARS-CoV2-5UTR-Amplicon-short-trimmed+3,133,c,0.3315
SARS-CoV2-5UTR-Amplicon-short-trimmed+3,134,t,0.2779
SARS-CoV2-5UTR-Amplicon-short-trimmed+3,135,g,0.1234
SARS-CoV2-5UTR-Amplicon-short-trimmed+3,136,c,0.392
SARS-CoV2-5UTR-Amplicon-short-trimmed+3,137,a,0.3001
SARS-CoV2-5UTR-Amplicon-short-trimmed+3,138,g,0.091
SARS-CoV2-5UTR-Amplicon-short-trimmed+3,139,g,0.309
SARS-CoV2-5UTR-Amplicon-short-trimmed+3,140,c,0.1027
SARS-CoV2-5UTR-Amplicon-short-trimmed+3,141,t,0.3513
SARS-CoV2-5UTR-Amplicon-short-trimmed+3,142,g,0.5061
SARS-CoV2-5UTR-Amplicon-short-trimmed+3,143,c,0.1027
SARS-CoV2-5UTR-Amplicon-short-trimmed+3,144,t,0.1237
SARS-CoV2-5UTR-Amplicon-short-trimmed+3,145,t,0.1604
SARS-CoV2-5UTR-Amplicon-short-trimmed+3,146,a,0.232
SARS-CoV2-5UTR-Amplicon-short-trimmed+3,147,c,0.1554
SARS-CoV2-5UTR-Amplicon-short-trimmed+3,148,g,0.3755
SARS-CoV2-5UTR-Amplicon-short-trimmed+3,149,g,0.1545
SARS-CoV2-5UTR-Amplicon-short-trimmed+3,150,t,0.1734
SARS-CoV2-5UTR-Amplicon-short-trimmed+3,151,t,0.1569
SARS-CoV2-5UTR-Amplicon-short-trimmed+3,152,t,0.3011
SARS-CoV2-5UTR-Amplicon-short-trimmed+3,153,c,0.2335
SARS-CoV2-5UTR-Amplicon-short-trimmed+3,154,g,0.0829
SARS-CoV2-5UTR-Amplicon-short-trimmed+3,155,t,0.381
SARS-CoV2-5UTR-Amplicon-short-trimmed+3,156,c,0.1951
SARS-CoV2-5UTR-Amplicon-short-trimmed+3,157,c,0.2336
SARS-CoV2-5UTR-Amplicon-short-trimmed+3,158,g,0.1039
SARS-CoV2-5UTR-Amplicon-short-trimmed+3,159,t,1.7253
SARS-CoV2-5UTR-Amplicon-short-trimmed+3,160,g,0.0693
SARS-CoV2-5UTR-Amplicon-short-trimmed+3,161,t,0.1392
SARS-CoV2-5UTR-Amplicon-short-trimmed+3,162,t,0.2125
SARS-CoV2-5UTR-Amplicon-short-trimmed+3,163,g,0.0961
SARS-CoV2-5UTR-Amplicon-short-trimmed+3,164,c,0.3062
SARS-CoV2-5UTR-Amplicon-short-trimmed+3,165,a,0.2472
SARS-CoV2-5UTR-Amplicon-short-trimmed+3,166,g,0.4254
SARS-CoV2-5UTR-Amplicon-short-trimmed+3,167,c,0.2202
SARS-CoV2-5UTR-Amplicon-short-trimmed+3,168,c,0.5134
SARS-CoV2-5UTR-Amplicon-short-trimmed+3,169,g,0.0896
SARS-CoV2-5UTR-Amplicon-short-trimmed+3,170,a,0.1611
SARS-CoV2-5UTR-Amplicon-short-trimmed+3,171,t,0.1519
SARS-CoV2-5UTR-Amplicon-short-trimmed+3,172,c,0.2016
SARS-CoV2-5UTR-Amplicon-short-trimmed+3,173,a,0.0734
SARS-CoV2-5UTR-Amplicon-short-trimmed+3,174,t,0.1184
SARS-CoV2-5UTR-Amplicon-short-trimmed+3,175,c,0.2283
SARS-CoV2-5UTR-Amplicon-short-trimmed+3,176,a,0.1524
SARS-CoV2-5UTR-Amplicon-short-trimmed+3,177,g,0.1231
SARS-CoV2-5UTR-Amplicon-short-trimmed+3,178,c,0.6012
SARS-CoV2-5UTR-Amplicon-short-trimmed+3,179,a,0.1434
SARS-CoV2-5UTR-Amplicon-short-trimmed+3,180,c,0.0844
SARS-CoV2-5UTR-Amplicon-short-trimmed+3,181,a,0.1354
SARS-CoV2-5UTR-Amplicon-short-trimmed+3,182,t,0.1782
SARS-CoV2-5UTR-Amplicon-short-trimmed+3,183,c,0.0803
SARS-CoV2-5UTR-Amplicon-short-trimmed+3,184,t,0.1059
SARS-CoV2-5UTR-Amplicon-short-trimmed+3,185,a,0.1807
SARS-CoV2-5UTR-Amplicon-short-trimmed+3,186,g,0.0696
SARS-CoV2-5UTR-Amplicon-short-trimmed+3,187,g,0.0791
SARS-CoV2-5UTR-Amplicon-short-trimmed+3,188,t,0.1499
SARS-CoV2-5UTR-Amplicon-short-trimmed+3,189,t,0.3264
SARS-CoV2-5UTR-Amplicon-short-trimmed+3,190,t,0.4655
SARS-CoV2-5UTR-Amplicon-short-trimmed+3,191,c,0.1251
SARS-CoV2-5UTR-Amplicon-short-trimmed+3,192,g,0.0645
SARS-CoV2-5UTR-Amplicon-short-trimmed+3,193,t,1.3872
SARS-CoV2-5UTR-Amplicon-short-trimmed+3,194,c,0.0891
SARS-CoV2-5UTR-Amplicon-short-trimmed+3,195,c,0.1455
SARS-CoV2-5UTR-Amplicon-short-trimmed+3,196,g,0.3196
SARS-CoV2-5UTR-Amplicon-short-trimmed+3,197,g,0.1337
SARS-CoV2-5UTR-Amplicon-short-trimmed+3,198,g,0.3889
SARS-CoV2-5UTR-Amplicon-short-trimmed+3,199,t,0.2539
SARS-CoV2-5UTR-Amplicon-short-trimmed+3,200,g,0.0812
SARS-CoV2-5UTR-Amplicon-short-trimmed+3,201,t,0.1413
SARS-CoV2-5UTR-Amplicon-short-trimmed+3,202,g,0.0903
SARS-CoV2-5UTR-Amplicon-short-trimmed+3,203,a,0.3396
SARS-CoV2-5UTR-Amplicon-short-trimmed+3,204,c,0.1034
SARS-CoV2-5UTR-Amplicon-short-trimmed+3,205,c,0.1039
SARS-CoV2-5UTR-Amplicon-short-trimmed+3,206,g,0.0802
SARS-CoV2-5UTR-Amplicon-short-trimmed+3,207,a,0.1382
SARS-CoV2-5UTR-Amplicon-short-trimmed+3,208,a,0.075
SARS-CoV2-5UTR-Amplicon-short-trimmed+3,209,a,0.1593
SARS-CoV2-5UTR-Amplicon-short-trimmed+3,210,g,0.1295
SARS-CoV2-5UTR-Amplicon-short-trimmed+3,211,g,0.1292
SARS-CoV2-5UTR-Amplicon-short-trimmed+3,212,t,0.1523
SARS-CoV2-5UTR-Amplicon-short-trimmed+3,213,a,0.0616
SARS-CoV2-5UTR-Amplicon-short-trimmed+3,214,a,0.0653
SARS-CoV2-5UTR-Amplicon-short-trimmed+3,215,g,0.072
SARS-CoV2-5UTR-Amplicon-short-trimmed+3,216,a,0.0496
SARS-CoV2-5UTR-Amplicon-short-trimmed+3,217,t,0.1287
SARS-CoV2-5UTR-Amplicon-short-trimmed+3,218,g,0.0498
SARS-CoV2-5UTR-Amplicon-short-trimmed+3,219,g,0.0546
SARS-CoV2-5UTR-Amplicon-short-trimmed+3,220,a,0.2007
SARS-CoV2-5UTR-Amplicon-short-trimmed+3,221,g,0.123
SARS-CoV2-5UTR-Amplicon-short-trimmed+3,222,a,0.0646
SARS-CoV2-5UTR-Amplicon-short-trimmed+3,223,g,0.203
SARS-CoV2-5UTR-Amplicon-short-trimmed+3,224,c,0.0642
SARS-CoV2-5UTR-Amplicon-short-trimmed+3,225,c,0.0811
SARS-CoV2-5UTR-Amplicon-short-trimmed+3,226,t,0.0509
SARS-CoV2-5UTR-Amplicon-short-trimmed+3,227,t,0.3486
SARS-CoV2-5UTR-Amplicon-short-trimmed+3,228,g,0.0444
SARS-CoV2-5UTR-Amplicon-short-trimmed+3,229,t,0.1433
SARS-CoV2-5UTR-Amplicon-short-trimmed+3,230,c,0.053
SARS-CoV2-5UTR-Amplicon-short-trimmed+3,231,c,0.0455
SARS-CoV2-5UTR-Amplicon-short-trimmed+3,232,c,0.0787
SARS-CoV2-5UTR-Amplicon-short-trimmed+3,233,t,0.1562
SARS-CoV2-5UTR-Amplicon-short-trimmed+3,234,g,0.0634
SARS-CoV2-5UTR-Amplicon-short-trimmed+3,235,g,0.1238
SARS-CoV2-5UTR-Amplicon-short-trimmed+3,236,t,0.0579
SARS-CoV2-5UTR-Amplicon-short-trimmed+3,237,t,0.0729
SARS-CoV2-5UTR-Amplicon-short-trimmed+3,238,t,0.1545
SARS-CoV2-5UTR-Amplicon-short-trimmed+3,239,c,0.4828
SARS-CoV2-5UTR-Amplicon-short-trimmed+3,240,a,0.0988
SARS-CoV2-5UTR-Amplicon-short-trimmed+3,241,a,0.0879
SARS-CoV2-5UTR-Amplicon-short-trimmed+3,242,c,0.0753
SARS-CoV2-5UTR-Amplicon-short-trimmed+3,243,g,0.0142
SARS-CoV2-5UTR-Amplicon-short-trimmed+3,244,a,0.1868
SARS-CoV2-5UTR-Amplicon-short-trimmed+3,245,g,0.4818
SARS-CoV2-5UTR-Amplicon-short-trimmed+3,246,g,5.0804
SARS-CoV2-5UTR-Amplicon-short-trimmed+3,247,G,96.1399
SARS-CoV2-5UTR-Amplicon-short-trimmed+3,248,A,99.8672
SARS-CoV2-5UTR-Amplicon-short-trimmed+3,249,G,99.7769
