Region,Position,Ref_base,Mut_percentage
SARS-CoV2-5UTR-Amplicon-short-trimmed+3,1,T,99.8479
SARS-CoV2-5UTR-Amplicon-short-trimmed+3,2,T,99.8296
SARS-CoV2-5UTR-Amplicon-short-trimmed+3,3,G,99.9238
SARS-CoV2-5UTR-Amplicon-short-trimmed+3,4,t,99.9401
SARS-CoV2-5UTR-Amplicon-short-trimmed+3,5,a,0.0025
SARS-CoV2-5UTR-Amplicon-short-trimmed+3,6,g,0.0991
SARS-CoV2-5UTR-Amplicon-short-trimmed+3,7,a,0.0078
SARS-CoV2-5UTR-Amplicon-short-trimmed+3,8,t,0.01
SARS-CoV2-5UTR-Amplicon-short-trimmed+3,9,c,0.008
SARS-CoV2-5UTR-Amplicon-short-trimmed+3,10,t,0.0042
SARS-CoV2-5UTR-Amplicon-short-trimmed+3,11,g,0.2236
SARS-CoV2-5UTR-Amplicon-short-trimmed+3,12,t,0.0232
SARS-CoV2-5UTR-Amplicon-short-trimmed+3,13,t,0.0278
SARS-CoV2-5UTR-Amplicon-short-trimmed+3,14,c,0.0114
SARS-CoV2-5UTR-Amplicon-short-trimmed+3,15,t,0.0521
SARS-CoV2-5UTR-Amplicon-short-trimmed+3,16,c,0.0505
SARS-CoV2-5UTR-Amplicon-short-trimmed+3,17,t,0.0238
SARS-CoV2-5UTR-Amplicon-short-trimmed+3,18,a,0.0401
SARS-CoV2-5UTR-Amplicon-short-trimmed+3,19,a,0.0074
SARS-CoV2-5UTR-Amplicon-short-trimmed+3,20,a,0.0071
SARS-CoV2-5UTR-Amplicon-short-trimmed+3,21,c,0.0089
SARS-CoV2-5UTR-Amplicon-short-trimmed+3,22,g,0.0165
SARS-CoV2-5UTR-Amplicon-short-trimmed+3,23,a,0.0069
SARS-CoV2-5UTR-Amplicon-short-trimmed+3,24,a,0.0067
SARS-CoV2-5UTR-Amplicon-short-trimmed+3,25,c,0.3397
SARS-CoV2-5UTR-Amplicon-short-trimmed+3,26,t,0.0541
SARS-CoV2-5UTR-Amplicon-short-trimmed+3,27,t,0.1091
SARS-CoV2-5UTR-Amplicon-short-trimmed+3,28,t,0.006
SARS-CoV2-5UTR-Amplicon-short-trimmed+3,29,a,0.0067
SARS-CoV2-5UTR-Amplicon-short-trimmed+3,30,a,0.0103
SARS-CoV2-5UTR-Amplicon-short-trimmed+3,31,a,0.0416
SARS-CoV2-5UTR-Amplicon-short-trimmed+3,32,a,0.0127
SARS-CoV2-5UTR-Amplicon-short-trimmed+3,33,t,0.0145
SARS-CoV2-5UTR-Amplicon-short-trimmed+3,34,c,0.0091
SARS-CoV2-5UTR-Amplicon-short-trimmed+3,35,t,0.0211
SARS-CoV2-5UTR-Amplicon-short-trimmed+3,36,g,0.0214
SARS-CoV2-5UTR-Amplicon-short-trimmed+3,37,t,0.0232
SARS-CoV2-5UTR-Amplicon-short-trimmed+3,38,g,0.0131
SARS-CoV2-5UTR-Amplicon-short-trimmed+3,39,t,0.0227
SARS-CoV2-5UTR-Amplicon-short-trimmed+3,40,g,0.0243
SARS-CoV2-5UTR-Amplicon-short-trimmed+3,41,g,0.0739
SARS-CoV2-5UTR-Amplicon-short-trimmed+3,42,c,0.014
SARS-CoV2-5UTR-Amplicon-short-trimmed+3,43,t,0.1033
SARS-CoV2-5UTR-Amplicon-short-trimmed+3,44,g,0.0584
SARS-CoV2-5UTR-Amplicon-short-trimmed+3,45,t,0.039
SARS-CoV2-5UTR-Amplicon-short-trimmed+3,46,c,0.0145
SARS-CoV2-5UTR-Amplicon-short-trimmed+3,47,a,0.0096
SARS-CoV2-5UTR-Amplicon-short-trimmed+3,48,c,0.0073
SARS-CoV2-5UTR-Amplicon-short-trimmed+3,49,t,0.0207
SARS-CoV2-5UTR-Amplicon-short-trimmed+3,50,c,0.0089
SARS-CoV2-5UTR-Amplicon-short-trimmed+3,51,g,0.0486
SARS-CoV2-5UTR-Amplicon-short-trimmed+3,52,g,0.0485
SARS-CoV2-5UTR-Amplicon-short-trimmed+3,53,c,0.1149
SARS-CoV2-5UTR-Amplicon-short-trimmed+3,54,t,0.012
SARS-CoV2-5UTR-Amplicon-short-trimmed+3,55,g,0.184
SARS-CoV2-5UTR-Amplicon-short-trimmed+3,56,c,0.0209
SARS-CoV2-5UTR-Amplicon-short-trimmed+3,57,g,0.19
SARS-CoV2-5UTR-Amplicon-short-trimmed+3,58,t,0.0292
SARS-CoV2-5UTR-Amplicon-short-trimmed+3,59,g,0.0773
SARS-CoV2-5UTR-Amplicon-short-trimmed+3,60,c,0.0167
SARS-CoV2-5UTR-Amplicon-short-trimmed+3,61,t,0.0352
SARS-CoV2-5UTR-Amplicon-short-trimmed+3,62,t,0.02
SARS-CoV2-5UTR-Amplicon-short-trimmed+3,63,a,0.0087
SARS-CoV2-5UTR-Amplicon-short-trimmed+3,64,g,0.0111
SARS-CoV2-5UTR-Amplicon-short-trimmed+3,65,t,0.0076
SARS-CoV2-5UTR-Amplicon-short-trimmed+3,66,g,0.041
SARS-CoV2-5UTR-Amplicon-short-trimmed+3,67,c,0.0254
SARS-CoV2-5UTR-Amplicon-short-trimmed+3,68,a,0.0178
SARS-CoV2-5UTR-Amplicon-short-trimmed+3,69,c,0.0158
SARS-CoV2-5UTR-Amplicon-short-trimmed+3,70,t,0.0165
SARS-CoV2-5UTR-Amplicon-short-trimmed+3,71,c,0.0319
SARS-CoV2-5UTR-Amplicon-short-trimmed+3,72,a,0.0178
SARS-CoV2-5UTR-Amplicon-short-trimmed+3,73,c,0.0105
SARS-CoV2-5UTR-Amplicon-short-trimmed+3,74,g,0.0303
SARS-CoV2-5UTR-Amplicon-short-trimmed+3,75,c,0.0051
SARS-CoV2-5UTR-Amplicon-short-trimmed+3,76,a,0.0394
SARS-CoV2-5UTR-Amplicon-short-trimmed+3,77,g,0.0254
SARS-CoV2-5UTR-Amplicon-short-trimmed+3,78,t,0.0114
SARS-CoV2-5UTR-Amplicon-short-trimmed+3,79,a,0.0136
SARS-CoV2-5UTR-Amplicon-short-trimmed+3,80,t,0.0076
SARS-CoV2-5UTR-Amplicon-short-trimmed+3,81,a,0.0093
SARS-CoV2-5UTR-Amplicon-short-trimmed+3,82,a,0.0385
SARS-CoV2-5UTR-Amplicon-short-trimmed+3,83,t,0.0089
SARS-CoV2-5UTR-Amplicon-short-trimmed+3,84,t,0.0272
SARS-CoV2-5UTR-Amplicon-short-trimmed+3,85,a,0.0252
SARS-CoV2-5UTR-Amplicon-short-trimmed+3,86,a,0.0249
SARS-CoV2-5UTR-Amplicon-short-trimmed+3,87,t,0.0082
SARS-CoV2-5UTR-Amplicon-short-trimmed+3,88,a,0.0183
SARS-CoV2-5UTR-Amplicon-short-trimmed+3,89,a,0.0227
SARS-CoV2-5UTR-Amplicon-short-trimmed+3,90,c,0.2918
SARS-CoV2-5UTR-Amplicon-short-trimmed+3,91,t,0.059
SARS-CoV2-5UTR-Amplicon-short-trimmed+3,92,a,0.0151
SARS-CoV2-5UTR-Amplicon-short-trimmed+3,93,a,0.0205
SARS-CoV2-5UTR-Amplicon-short-trimmed+3,94,t,0.0162
SARS-CoV2-5UTR-Amplicon-short-trimmed+3,95,t,0.0189
SARS-CoV2-5UTR-Amplicon-short-trimmed+3,96,a,0.0134
SARS-CoV2-5UTR-Amplicon-short-trimmed+3,97,c,0.0145
SARS-CoV2-5UTR-Amplicon-short-trimmed+3,98,t,0.2659
SARS-CoV2-5UTR-Amplicon-short-trimmed+3,99,g,0.0655
SARS-CoV2-5UTR-Amplicon-short-trimmed+3,100,t,0.0368
SARS-CoV2-5UTR-Amplicon-short-trimmed+3,101,c,0.0131
SARS-CoV2-5UTR-Amplicon-short-trimmed+3,102,g,0.055
SARS-CoV2-5UTR-Amplicon-short-trimmed+3,103,t,0.0261
SARS-CoV2-5UTR-Amplicon-short-trimmed+3,104,t,0.0626
SARS-CoV2-5UTR-Amplicon-short-trimmed+3,105,g,0.0505
SARS-CoV2-5UTR-Amplicon-short-trimmed+3,106,a,0.0181
SARS-CoV2-5UTR-Amplicon-short-trimmed+3,107,c,0.023
SARS-CoV2-5UTR-Amplicon-short-trimmed+3,108,a,0.0332
SARS-CoV2-5UTR-Amplicon-short-trimmed+3,109,g,0.0521
SARS-CoV2-5UTR-Amplicon-short-trimmed+3,110,g,0.0403
SARS-CoV2-5UTR-Amplicon-short-trimmed+3,111,a,0.0132
SARS-CoV2-5UTR-Amplicon-short-trimmed+3,112,c,0.0247
SARS-CoV2-5UTR-Amplicon-short-trimmed+3,113,a,0.0278
SARS-CoV2-5UTR-Amplicon-short-trimmed+3,114,c,0.02
SARS-CoV2-5UTR-Amplicon-short-trimmed+3,115,g,0.0252
SARS-CoV2-5UTR-Amplicon-short-trimmed+3,116,a,0.014
SARS-CoV2-5UTR-Amplicon-short-trimmed+3,117,g,0.0131
SARS-CoV2-5UTR-Amplicon-short-trimmed+3,118,t,0.0435
SARS-CoV2-5UTR-Amplicon-short-trimmed+3,119,a,0.0402
SARS-CoV2-5UTR-Amplicon-short-trimmed+3,120,a,0.0128
SARS-CoV2-5UTR-Amplicon-short-trimmed+3,121,c,0.0136
SARS-CoV2-5UTR-Amplicon-short-trimmed+3,122,t,0.0563
SARS-CoV2-5UTR-Amplicon-short-trimmed+3,123,c,0.1514
SARS-CoV2-5UTR-Amplicon-short-trimmed+3,124,g,0.1527
SARS-CoV2-5UTR-Amplicon-short-trimmed+3,125,t,0.1863
SARS-CoV2-5UTR-Amplicon-short-trimmed+3,126,c,0.0826
SARS-CoV2-5UTR-Amplicon-short-trimmed+3,127,t,0.0781
SARS-CoV2-5UTR-Amplicon-short-trimmed+3,128,a,0.1483
SARS-CoV2-5UTR-Amplicon-short-trimmed+3,129,t,0.6633
SARS-CoV2-5UTR-Amplicon-short-trimmed+3,130,c,0.0971
SARS-CoV2-5UTR-Amplicon-short-trimmed+3,131,t,0.1233
SARS-CoV2-5UTR-Amplicon-short-trimmed+3,132,t,0.1959
SARS-CoV2-5UTR-Amplicon-short-trimmed+3,133,c,0.206
SARS-CoV2-5UTR-Amplicon-short-trimmed+3,134,t,0.1396
SARS-CoV2-5UTR-Amplicon-short-trimmed+3,135,g,0.1125
SARS-CoV2-5UTR-Amplicon-short-trimmed+3,136,c,0.3554
SARS-CoV2-5UTR-Amplicon-short-trimmed+3,137,a,0.1773
SARS-CoV2-5UTR-Amplicon-short-trimmed+3,138,g,0.0753
SARS-CoV2-5UTR-Amplicon-short-trimmed+3,139,g,0.2185
SARS-CoV2-5UTR-Amplicon-short-trimmed+3,140,c,0.0891
SARS-CoV2-5UTR-Amplicon-short-trimmed+3,141,t,0.2105
SARS-CoV2-5UTR-Amplicon-short-trimmed+3,142,g,0.3326
SARS-CoV2-5UTR-Amplicon-short-trimmed+3,143,c,0.0842
SARS-CoV2-5UTR-Amplicon-short-trimmed+3,144,t,0.084
SARS-CoV2-5UTR-Amplicon-short-trimmed+3,145,t,0.1035
SARS-CoV2-5UTR-Amplicon-short-trimmed+3,146,a,0.1306
SARS-CoV2-5UTR-Amplicon-short-trimmed+3,147,c,0.134
SARS-CoV2-5UTR-Amplicon-short-trimmed+3,148,g,0.3346
SARS-CoV2-5UTR-Amplicon-short-trimmed+3,149,g,0.1311
SARS-CoV2-5UTR-Amplicon-short-trimmed+3,150,t,0.1249
SARS-CoV2-5UTR-Amplicon-short-trimmed+3,151,t,0.0961
SARS-CoV2-5UTR-Amplicon-short-trimmed+3,152,t,0.1481
SARS-CoV2-5UTR-Amplicon-short-trimmed+3,153,c,0.1694
SARS-CoV2-5UTR-Amplicon-short-trimmed+3,154,g,0.0675
SARS-CoV2-5UTR-Amplicon-short-trimmed+3,155,t,0.278
SARS-CoV2-5UTR-Amplicon-short-trimmed+3,156,c,0.1943
SARS-CoV2-5UTR-Amplicon-short-trimmed+3,157,c,0.1728
SARS-CoV2-5UTR-Amplicon-short-trimmed+3,158,g,0.0845
SARS-CoV2-5UTR-Amplicon-short-trimmed+3,159,t,1.0199
SARS-CoV2-5UTR-Amplicon-short-trimmed+3,160,g,0.0772
SARS-CoV2-5UTR-Amplicon-short-trimmed+3,161,t,0.113
SARS-CoV2-5UTR-Amplicon-short-trimmed+3,162,t,0.1389
SARS-CoV2-5UTR-Amplicon-short-trimmed+3,163,g,0.0917
SARS-CoV2-5UTR-Amplicon-short-trimmed+3,164,c,0.2299
SARS-CoV2-5UTR-Amplicon-short-trimmed+3,165,a,0.174
SARS-CoV2-5UTR-Amplicon-short-trimmed+3,166,g,0.3967
SARS-CoV2-5UTR-Amplicon-short-trimmed+3,167,c,0.2932
SARS-CoV2-5UTR-Amplicon-short-trimmed+3,168,c,0.5395
SARS-CoV2-5UTR-Amplicon-short-trimmed+3,169,g,0.1004
SARS-CoV2-5UTR-Amplicon-short-trimmed+3,170,a,0.1018
SARS-CoV2-5UTR-Amplicon-short-trimmed+3,171,t,0.0907
SARS-CoV2-5UTR-Amplicon-short-trimmed+3,172,c,0.1577
SARS-CoV2-5UTR-Amplicon-short-trimmed+3,173,a,0.0441
SARS-CoV2-5UTR-Amplicon-short-trimmed+3,174,t,0.0692
SARS-CoV2-5UTR-Amplicon-short-trimmed+3,175,c,0.1844
SARS-CoV2-5UTR-Amplicon-short-trimmed+3,176,a,0.1122
SARS-CoV2-5UTR-Amplicon-short-trimmed+3,177,g,0.1192
SARS-CoV2-5UTR-Amplicon-short-trimmed+3,178,c,0.541
SARS-CoV2-5UTR-Amplicon-short-trimmed+3,179,a,0.0738
SARS-CoV2-5UTR-Amplicon-short-trimmed+3,180,c,0.0753
SARS-CoV2-5UTR-Amplicon-short-trimmed+3,181,a,0.0636
SARS-CoV2-5UTR-Amplicon-short-trimmed+3,182,t,0.1178
SARS-CoV2-5UTR-Amplicon-short-trimmed+3,183,c,0.0629
SARS-CoV2-5UTR-Amplicon-short-trimmed+3,184,t,0.0902
SARS-CoV2-5UTR-Amplicon-short-trimmed+3,185,a,0.1502
SARS-CoV2-5UTR-Amplicon-short-trimmed+3,186,g,0.0786
SARS-CoV2-5UTR-Amplicon-short-trimmed+3,187,g,0.0774
SARS-CoV2-5UTR-Amplicon-short-trimmed+3,188,t,0.1134
SARS-CoV2-5UTR-Amplicon-short-trimmed+3,189,t,0.256
SARS-CoV2-5UTR-Amplicon-short-trimmed+3,190,t,0.2773
SARS-CoV2-5UTR-Amplicon-short-trimmed+3,191,c,0.1173
SARS-CoV2-5UTR-Amplicon-short-trimmed+3,192,g,0.0622
SARS-CoV2-5UTR-Amplicon-short-trimmed+3,193,t,0.8879
SARS-CoV2-5UTR-Amplicon-short-trimmed+3,194,c,0.1152
SARS-CoV2-5UTR-Amplicon-short-trimmed+3,195,c,0.1507
SARS-CoV2-5UTR-Amplicon-short-trimmed+3,196,g,0.3225
SARS-CoV2-5UTR-Amplicon-short-trimmed+3,197,g,0.1515
SARS-CoV2-5UTR-Amplicon-short-trimmed+3,198,g,0.4686
SARS-CoV2-5UTR-Amplicon-short-trimmed+3,199,t,0.1964
SARS-CoV2-5UTR-Amplicon-short-trimmed+3,200,g,0.069
SARS-CoV2-5UTR-Amplicon-short-trimmed+3,201,t,0.106
SARS-CoV2-5UTR-Amplicon-short-trimmed+3,202,g,0.1091
SARS-CoV2-5UTR-Amplicon-short-trimmed+3,203,a,0.2779
SARS-CoV2-5UTR-Amplicon-short-trimmed+3,204,c,0.096
SARS-CoV2-5UTR-Amplicon-short-trimmed+3,205,c,0.0767
SARS-CoV2-5UTR-Amplicon-short-trimmed+3,206,g,0.0813
SARS-CoV2-5UTR-Amplicon-short-trimmed+3,207,a,0.0886
SARS-CoV2-5UTR-Amplicon-short-trimmed+3,208,a,0.052
SARS-CoV2-5UTR-Amplicon-short-trimmed+3,209,a,0.133
SARS-CoV2-5UTR-Amplicon-short-trimmed+3,210,g,0.1224
SARS-CoV2-5UTR-Amplicon-short-trimmed+3,211,g,0.1544
SARS-CoV2-5UTR-Amplicon-short-trimmed+3,212,t,0.1082
SARS-CoV2-5UTR-Amplicon-short-trimmed+3,213,a,0.0499
SARS-CoV2-5UTR-Amplicon-short-trimmed+3,214,a,0.0598
SARS-CoV2-5UTR-Amplicon-short-trimmed+3,215,g,0.0595
SARS-CoV2-5UTR-Amplicon-short-trimmed+3,216,a,0.0382
SARS-CoV2-5UTR-Amplicon-short-trimmed+3,217,t,0.104
SARS-CoV2-5UTR-Amplicon-short-trimmed+3,218,g,0.0576
SARS-CoV2-5UTR-Amplicon-short-trimmed+3,219,g,0.0736
SARS-CoV2-5UTR-Amplicon-short-trimmed+3,220,a,0.2209
SARS-CoV2-5UTR-Amplicon-short-trimmed+3,221,g,0.1625
SARS-CoV2-5UTR-Amplicon-short-trimmed+3,222,a,0.0689
SARS-CoV2-5UTR-Amplicon-short-trimmed+3,223,g,0.1694
SARS-CoV2-5UTR-Amplicon-short-trimmed+3,224,c,0.0883
SARS-CoV2-5UTR-Amplicon-short-trimmed+3,225,c,0.0612
SARS-CoV2-5UTR-Amplicon-short-trimmed+3,226,t,0.0472
SARS-CoV2-5UTR-Amplicon-short-trimmed+3,227,t,0.2623
SARS-CoV2-5UTR-Amplicon-short-trimmed+3,228,g,0.0402
SARS-CoV2-5UTR-Amplicon-short-trimmed+3,229,t,0.1209
SARS-CoV2-5UTR-Amplicon-short-trimmed+3,230,c,0.0701
SARS-CoV2-5UTR-Amplicon-short-trimmed+3,231,c,0.0571
SARS-CoV2-5UTR-Amplicon-short-trimmed+3,232,c,0.0934
SARS-CoV2-5UTR-Amplicon-short-trimmed+3,233,t,0.1539
SARS-CoV2-5UTR-Amplicon-short-trimmed+3,234,g,0.0592
SARS-CoV2-5UTR-Amplicon-short-trimmed+3,235,g,0.1403
SARS-CoV2-5UTR-Amplicon-short-trimmed+3,236,t,0.0709
SARS-CoV2-5UTR-Amplicon-short-trimmed+3,237,t,0.0506
SARS-CoV2-5UTR-Amplicon-short-trimmed+3,238,t,0.0992
SARS-CoV2-5UTR-Amplicon-short-trimmed+3,239,c,0.5944
SARS-CoV2-5UTR-Amplicon-short-trimmed+3,240,a,0.0818
SARS-CoV2-5UTR-Amplicon-short-trimmed+3,241,a,0.0723
SARS-CoV2-5UTR-Amplicon-short-trimmed+3,242,c,0.0946
SARS-CoV2-5UTR-Amplicon-short-trimmed+3,243,g,0.016
SARS-CoV2-5UTR-Amplicon-short-trimmed+3,244,a,0.2293
SARS-CoV2-5UTR-Amplicon-short-trimmed+3,245,g,0.4935
SARS-CoV2-5UTR-Amplicon-short-trimmed+3,246,g,5.3965
SARS-CoV2-5UTR-Amplicon-short-trimmed+3,247,G,95.9126
SARS-CoV2-5UTR-Amplicon-short-trimmed+3,248,A,99.8716
SARS-CoV2-5UTR-Amplicon-short-trimmed+3,249,G,99.7608
