Region,Position,Ref_base,Mut_percentage
SARS-CoV2-5UTR-Amplicon-short-trimmed+3,1,T,99.7629
SARS-CoV2-5UTR-Amplicon-short-trimmed+3,2,T,99.8564
SARS-CoV2-5UTR-Amplicon-short-trimmed+3,3,G,99.9663
SARS-CoV2-5UTR-Amplicon-short-trimmed+3,4,t,99.936
SARS-CoV2-5UTR-Amplicon-short-trimmed+3,5,a,0.0033
SARS-CoV2-5UTR-Amplicon-short-trimmed+3,6,g,0.0758
SARS-CoV2-5UTR-Amplicon-short-trimmed+3,7,a,0.011
SARS-CoV2-5UTR-Amplicon-short-trimmed+3,8,t,0.0132
SARS-CoV2-5UTR-Amplicon-short-trimmed+3,9,c,0.0046
SARS-CoV2-5UTR-Amplicon-short-trimmed+3,10,t,0.0037
SARS-CoV2-5UTR-Amplicon-short-trimmed+3,11,g,0.0903
SARS-CoV2-5UTR-Amplicon-short-trimmed+3,12,t,0.023
SARS-CoV2-5UTR-Amplicon-short-trimmed+3,13,t,0.0196
SARS-CoV2-5UTR-Amplicon-short-trimmed+3,14,c,0.0065
SARS-CoV2-5UTR-Amplicon-short-trimmed+3,15,t,0.0306
SARS-CoV2-5UTR-Amplicon-short-trimmed+3,16,c,0.0187
SARS-CoV2-5UTR-Amplicon-short-trimmed+3,17,t,0.0123
SARS-CoV2-5UTR-Amplicon-short-trimmed+3,18,a,0.0359
SARS-CoV2-5UTR-Amplicon-short-trimmed+3,19,a,0.0067
SARS-CoV2-5UTR-Amplicon-short-trimmed+3,20,a,0.0088
SARS-CoV2-5UTR-Amplicon-short-trimmed+3,21,c,0.0046
SARS-CoV2-5UTR-Amplicon-short-trimmed+3,22,g,0.0105
SARS-CoV2-5UTR-Amplicon-short-trimmed+3,23,a,0.0086
SARS-CoV2-5UTR-Amplicon-short-trimmed+3,24,a,0.0086
SARS-CoV2-5UTR-Amplicon-short-trimmed+3,25,c,0.2183
SARS-CoV2-5UTR-Amplicon-short-trimmed+3,26,t,0.0427
SARS-CoV2-5UTR-Amplicon-short-trimmed+3,27,t,0.0568
SARS-CoV2-5UTR-Amplicon-short-trimmed+3,28,t,0.0051
SARS-CoV2-5UTR-Amplicon-short-trimmed+3,29,a,0.0062
SARS-CoV2-5UTR-Amplicon-short-trimmed+3,30,a,0.0108
SARS-CoV2-5UTR-Amplicon-short-trimmed+3,31,a,0.0459
SARS-CoV2-5UTR-Amplicon-short-trimmed+3,32,a,0.0136
SARS-CoV2-5UTR-Amplicon-short-trimmed+3,33,t,0.0161
SARS-CoV2-5UTR-Amplicon-short-trimmed+3,34,c,0.0072
SARS-CoV2-5UTR-Amplicon-short-trimmed+3,35,t,0.0164
SARS-CoV2-5UTR-Amplicon-short-trimmed+3,36,g,0.0129
SARS-CoV2-5UTR-Amplicon-short-trimmed+3,37,t,0.0252
SARS-CoV2-5UTR-Amplicon-short-trimmed+3,38,g,0.0099
SARS-CoV2-5UTR-Amplicon-short-trimmed+3,39,t,0.0167
SARS-CoV2-5UTR-Amplicon-short-trimmed+3,40,g,0.0096
SARS-CoV2-5UTR-Amplicon-short-trimmed+3,41,g,0.0298
SARS-CoV2-5UTR-Amplicon-short-trimmed+3,42,c,0.0097
SARS-CoV2-5UTR-Amplicon-short-trimmed+3,43,t,0.0643
SARS-CoV2-5UTR-Amplicon-short-trimmed+3,44,g,0.0263
SARS-CoV2-5UTR-Amplicon-short-trimmed+3,45,t,0.0447
SARS-CoV2-5UTR-Amplicon-short-trimmed+3,46,c,0.0064
SARS-CoV2-5UTR-Amplicon-short-trimmed+3,47,a,0.0077
SARS-CoV2-5UTR-Amplicon-short-trimmed+3,48,c,0.0064
SARS-CoV2-5UTR-Amplicon-short-trimmed+3,49,t,0.0169
SARS-CoV2-5UTR-Amplicon-short-trimmed+3,50,c,0.0053
SARS-CoV2-5UTR-Amplicon-short-trimmed+3,51,g,0.0298
SARS-CoV2-5UTR-Amplicon-short-trimmed+3,52,g,0.033
SARS-CoV2-5UTR-Amplicon-short-trimmed+3,53,c,0.0689
SARS-CoV2-5UTR-Amplicon-short-trimmed+3,54,t,0.0094
SARS-CoV2-5UTR-Amplicon-short-trimmed+3,55,g,0.0993
SARS-CoV2-5UTR-Amplicon-short-trimmed+3,56,c,0.0144
SARS-CoV2-5UTR-Amplicon-short-trimmed+3,57,g,0.0936
SARS-CoV2-5UTR-Amplicon-short-trimmed+3,58,t,0.0324
SARS-CoV2-5UTR-Amplicon-short-trimmed+3,59,g,0.0517
SARS-CoV2-5UTR-Amplicon-short-trimmed+3,60,c,0.0115
SARS-CoV2-5UTR-Amplicon-short-trimmed+3,61,t,0.0309
SARS-CoV2-5UTR-Amplicon-short-trimmed+3,62,t,0.0161
SARS-CoV2-5UTR-Amplicon-short-trimmed+3,63,a,0.0116
SARS-CoV2-5UTR-Amplicon-short-trimmed+3,64,g,0.0136
SARS-CoV2-5UTR-Amplicon-short-trimmed+3,65,t,0.0112
SARS-CoV2-5UTR-Amplicon-short-trimmed+3,66,g,0.0378
SARS-CoV2-5UTR-Amplicon-short-trimmed+3,67,c,0.0195
SARS-CoV2-5UTR-Amplicon-short-trimmed+3,68,a,0.0238
SARS-CoV2-5UTR-Amplicon-short-trimmed+3,69,c,0.0096
SARS-CoV2-5UTR-Amplicon-short-trimmed+3,70,t,0.0147
SARS-CoV2-5UTR-Amplicon-short-trimmed+3,71,c,0.0233
SARS-CoV2-5UTR-Amplicon-short-trimmed+3,72,a,0.0218
SARS-CoV2-5UTR-Amplicon-short-trimmed+3,73,c,0.0069
SARS-CoV2-5UTR-Amplicon-short-trimmed+3,74,g,0.0247
SARS-CoV2-5UTR-Amplicon-short-trimmed+3,75,c,0.0038
SARS-CoV2-5UTR-Amplicon-short-trimmed+3,76,a,0.0552
SARS-CoV2-5UTR-Amplicon-short-trimmed+3,77,g,0.0209
SARS-CoV2-5UTR-Amplicon-short-trimmed+3,78,t,0.0166
SARS-CoV2-5UTR-Amplicon-short-trimmed+3,79,a,0.0211
SARS-CoV2-5UTR-Amplicon-short-trimmed+3,80,t,0.0088
SARS-CoV2-5UTR-Amplicon-short-trimmed+3,81,a,0.0159
SARS-CoV2-5UTR-Amplicon-short-trimmed+3,82,a,0.0301
SARS-CoV2-5UTR-Amplicon-short-trimmed+3,83,t,0.0089
SARS-CoV2-5UTR-Amplicon-short-trimmed+3,84,t,0.04
SARS-CoV2-5UTR-Amplicon-short-trimmed+3,85,a,0.0338
SARS-CoV2-5UTR-Amplicon-short-trimmed+3,86,a,0.0293
SARS-CoV2-5UTR-Amplicon-short-trimmed+3,87,t,0.0096
SARS-CoV2-5UTR-Amplicon-short-trimmed+3,88,a,0.0263
SARS-CoV2-5UTR-Amplicon-short-trimmed+3,89,a,0.0262
SARS-CoV2-5UTR-Amplicon-short-trimmed+3,90,c,0.2717
SARS-CoV2-5UTR-Amplicon-short-trimmed+3,91,t,0.0667
SARS-CoV2-5UTR-Amplicon-short-trimmed+3,92,a,0.0226
SARS-CoV2-5UTR-Amplicon-short-trimmed+3,93,a,0.0212
SARS-CoV2-5UTR-Amplicon-short-trimmed+3,94,t,0.0277
SARS-CoV2-5UTR-Amplicon-short-trimmed+3,95,t,0.0343
SARS-CoV2-5UTR-Amplicon-short-trimmed+3,96,a,0.0207
SARS-CoV2-5UTR-Amplicon-short-trimmed+3,97,c,0.0137
SARS-CoV2-5UTR-Amplicon-short-trimmed+3,98,t,0.2669
SARS-CoV2-5UTR-Amplicon-short-trimmed+3,99,g,0.0606
SARS-CoV2-5UTR-Amplicon-short-trimmed+3,100,t,0.0462
SARS-CoV2-5UTR-Amplicon-short-trimmed+3,101,c,0.011
SARS-CoV2-5UTR-Amplicon-short-trimmed+3,102,g,0.0378
SARS-CoV2-5UTR-Amplicon-short-trimmed+3,103,t,0.033
SARS-CoV2-5UTR-Amplicon-short-trimmed+3,104,t,0.0745
SARS-CoV2-5UTR-Amplicon-short-trimmed+3,105,g,0.0359
SARS-CoV2-5UTR-Amplicon-short-trimmed+3,106,a,0.0367
SARS-CoV2-5UTR-Amplicon-short-trimmed+3,107,c,0.0266
SARS-CoV2-5UTR-Amplicon-short-trimmed+3,108,a,0.0408
SARS-CoV2-5UTR-Amplicon-short-trimmed+3,109,g,0.0442
SARS-CoV2-5UTR-Amplicon-short-trimmed+3,110,g,0.0316
SARS-CoV2-5UTR-Amplicon-short-trimmed+3,111,a,0.0236
SARS-CoV2-5UTR-Amplicon-short-trimmed+3,112,c,0.03
SARS-CoV2-5UTR-Amplicon-short-trimmed+3,113,a,0.0561
SARS-CoV2-5UTR-Amplicon-short-trimmed+3,114,c,0.0223
SARS-CoV2-5UTR-Amplicon-short-trimmed+3,115,g,0.0274
SARS-CoV2-5UTR-Amplicon-short-trimmed+3,116,a,0.0288
SARS-CoV2-5UTR-Amplicon-short-trimmed+3,117,g,0.0137
SARS-CoV2-5UTR-Amplicon-short-trimmed+3,118,t,0.0691
SARS-CoV2-5UTR-Amplicon-short-trimmed+3,119,a,0.07
SARS-CoV2-5UTR-Amplicon-short-trimmed+3,120,a,0.0143
SARS-CoV2-5UTR-Amplicon-short-trimmed+3,121,c,0.0185
SARS-CoV2-5UTR-Amplicon-short-trimmed+3,122,t,0.0728
SARS-CoV2-5UTR-Amplicon-short-trimmed+3,123,c,0.1638
SARS-CoV2-5UTR-Amplicon-short-trimmed+3,124,g,0.1414
SARS-CoV2-5UTR-Amplicon-short-trimmed+3,125,t,0.2331
SARS-CoV2-5UTR-Amplicon-short-trimmed+3,126,c,0.0853
SARS-CoV2-5UTR-Amplicon-short-trimmed+3,127,t,0.11
SARS-CoV2-5UTR-Amplicon-short-trimmed+3,128,a,0.1941
SARS-CoV2-5UTR-Amplicon-short-trimmed+3,129,t,0.9691
SARS-CoV2-5UTR-Amplicon-short-trimmed+3,130,c,0.1021
SARS-CoV2-5UTR-Amplicon-short-trimmed+3,131,t,0.1548
SARS-CoV2-5UTR-Amplicon-short-trimmed+3,132,t,0.2768
SARS-CoV2-5UTR-Amplicon-short-trimmed+3,133,c,0.2709
SARS-CoV2-5UTR-Amplicon-short-trimmed+3,134,t,0.2179
SARS-CoV2-5UTR-Amplicon-short-trimmed+3,135,g,0.1175
SARS-CoV2-5UTR-Amplicon-short-trimmed+3,136,c,0.3757
SARS-CoV2-5UTR-Amplicon-short-trimmed+3,137,a,0.2268
SARS-CoV2-5UTR-Amplicon-short-trimmed+3,138,g,0.0787
SARS-CoV2-5UTR-Amplicon-short-trimmed+3,139,g,0.2509
SARS-CoV2-5UTR-Amplicon-short-trimmed+3,140,c,0.0898
SARS-CoV2-5UTR-Amplicon-short-trimmed+3,141,t,0.2731
SARS-CoV2-5UTR-Amplicon-short-trimmed+3,142,g,0.4102
SARS-CoV2-5UTR-Amplicon-short-trimmed+3,143,c,0.1059
SARS-CoV2-5UTR-Amplicon-short-trimmed+3,144,t,0.1064
SARS-CoV2-5UTR-Amplicon-short-trimmed+3,145,t,0.1302
SARS-CoV2-5UTR-Amplicon-short-trimmed+3,146,a,0.1682
SARS-CoV2-5UTR-Amplicon-short-trimmed+3,147,c,0.14
SARS-CoV2-5UTR-Amplicon-short-trimmed+3,148,g,0.359
SARS-CoV2-5UTR-Amplicon-short-trimmed+3,149,g,0.1402
SARS-CoV2-5UTR-Amplicon-short-trimmed+3,150,t,0.1335
SARS-CoV2-5UTR-Amplicon-short-trimmed+3,151,t,0.1242
SARS-CoV2-5UTR-Amplicon-short-trimmed+3,152,t,0.2066
SARS-CoV2-5UTR-Amplicon-short-trimmed+3,153,c,0.2029
SARS-CoV2-5UTR-Amplicon-short-trimmed+3,154,g,0.0672
SARS-CoV2-5UTR-Amplicon-short-trimmed+3,155,t,0.349
SARS-CoV2-5UTR-Amplicon-short-trimmed+3,156,c,0.1982
SARS-CoV2-5UTR-Amplicon-short-trimmed+3,157,c,0.1995
SARS-CoV2-5UTR-Amplicon-short-trimmed+3,158,g,0.1001
SARS-CoV2-5UTR-Amplicon-short-trimmed+3,159,t,1.3393
SARS-CoV2-5UTR-Amplicon-short-trimmed+3,160,g,0.0793
SARS-CoV2-5UTR-Amplicon-short-trimmed+3,161,t,0.1248
SARS-CoV2-5UTR-Amplicon-short-trimmed+3,162,t,0.1718
SARS-CoV2-5UTR-Amplicon-short-trimmed+3,163,g,0.101
SARS-CoV2-5UTR-Amplicon-short-trimmed+3,164,c,0.2652
SARS-CoV2-5UTR-Amplicon-short-trimmed+3,165,a,0.1896
SARS-CoV2-5UTR-Amplicon-short-trimmed+3,166,g,0.356
SARS-CoV2-5UTR-Amplicon-short-trimmed+3,167,c,0.2539
SARS-CoV2-5UTR-Amplicon-short-trimmed+3,168,c,0.4717
SARS-CoV2-5UTR-Amplicon-short-trimmed+3,169,g,0.0912
SARS-CoV2-5UTR-Amplicon-short-trimmed+3,170,a,0.121
SARS-CoV2-5UTR-Amplicon-short-trimmed+3,171,t,0.123
SARS-CoV2-5UTR-Amplicon-short-trimmed+3,172,c,0.1689
SARS-CoV2-5UTR-Amplicon-short-trimmed+3,173,a,0.0541
SARS-CoV2-5UTR-Amplicon-short-trimmed+3,174,t,0.0924
SARS-CoV2-5UTR-Amplicon-short-trimmed+3,175,c,0.1946
SARS-CoV2-5UTR-Amplicon-short-trimmed+3,176,a,0.12
SARS-CoV2-5UTR-Amplicon-short-trimmed+3,177,g,0.1185
SARS-CoV2-5UTR-Amplicon-short-trimmed+3,178,c,0.5618
SARS-CoV2-5UTR-Amplicon-short-trimmed+3,179,a,0.1111
SARS-CoV2-5UTR-Amplicon-short-trimmed+3,180,c,0.0704
SARS-CoV2-5UTR-Amplicon-short-trimmed+3,181,a,0.09
SARS-CoV2-5UTR-Amplicon-short-trimmed+3,182,t,0.1506
SARS-CoV2-5UTR-Amplicon-short-trimmed+3,183,c,0.0689
SARS-CoV2-5UTR-Amplicon-short-trimmed+3,184,t,0.0796
SARS-CoV2-5UTR-Amplicon-short-trimmed+3,185,a,0.1521
SARS-CoV2-5UTR-Amplicon-short-trimmed+3,186,g,0.0769
SARS-CoV2-5UTR-Amplicon-short-trimmed+3,187,g,0.0788
SARS-CoV2-5UTR-Amplicon-short-trimmed+3,188,t,0.1264
SARS-CoV2-5UTR-Amplicon-short-trimmed+3,189,t,0.2767
SARS-CoV2-5UTR-Amplicon-short-trimmed+3,190,t,0.3548
SARS-CoV2-5UTR-Amplicon-short-trimmed+3,191,c,0.1243
SARS-CoV2-5UTR-Amplicon-short-trimmed+3,192,g,0.0636
SARS-CoV2-5UTR-Amplicon-short-trimmed+3,193,t,1.0447
SARS-CoV2-5UTR-Amplicon-short-trimmed+3,194,c,0.1081
SARS-CoV2-5UTR-Amplicon-short-trimmed+3,195,c,0.1632
SARS-CoV2-5UTR-Amplicon-short-trimmed+3,196,g,0.3314
SARS-CoV2-5UTR-Amplicon-short-trimmed+3,197,g,0.1471
SARS-CoV2-5UTR-Amplicon-short-trimmed+3,198,g,0.4678
SARS-CoV2-5UTR-Amplicon-short-trimmed+3,199,t,0.2238
SARS-CoV2-5UTR-Amplicon-short-trimmed+3,200,g,0.0636
SARS-CoV2-5UTR-Amplicon-short-trimmed+3,201,t,0.1221
SARS-CoV2-5UTR-Amplicon-short-trimmed+3,202,g,0.0871
SARS-CoV2-5UTR-Amplicon-short-trimmed+3,203,a,0.3001
SARS-CoV2-5UTR-Amplicon-short-trimmed+3,204,c,0.1147
SARS-CoV2-5UTR-Amplicon-short-trimmed+3,205,c,0.0861
SARS-CoV2-5UTR-Amplicon-short-trimmed+3,206,g,0.083
SARS-CoV2-5UTR-Amplicon-short-trimmed+3,207,a,0.1011
SARS-CoV2-5UTR-Amplicon-short-trimmed+3,208,a,0.0586
SARS-CoV2-5UTR-Amplicon-short-trimmed+3,209,a,0.1317
SARS-CoV2-5UTR-Amplicon-short-trimmed+3,210,g,0.1224
SARS-CoV2-5UTR-Amplicon-short-trimmed+3,211,g,0.132
SARS-CoV2-5UTR-Amplicon-short-trimmed+3,212,t,0.1169
SARS-CoV2-5UTR-Amplicon-short-trimmed+3,213,a,0.0499
SARS-CoV2-5UTR-Amplicon-short-trimmed+3,214,a,0.0628
SARS-CoV2-5UTR-Amplicon-short-trimmed+3,215,g,0.0588
SARS-CoV2-5UTR-Amplicon-short-trimmed+3,216,a,0.0399
SARS-CoV2-5UTR-Amplicon-short-trimmed+3,217,t,0.1035
SARS-CoV2-5UTR-Amplicon-short-trimmed+3,218,g,0.05
SARS-CoV2-5UTR-Amplicon-short-trimmed+3,219,g,0.0476
SARS-CoV2-5UTR-Amplicon-short-trimmed+3,220,a,0.195
SARS-CoV2-5UTR-Amplicon-short-trimmed+3,221,g,0.1213
SARS-CoV2-5UTR-Amplicon-short-trimmed+3,222,a,0.0657
SARS-CoV2-5UTR-Amplicon-short-trimmed+3,223,g,0.1688
SARS-CoV2-5UTR-Amplicon-short-trimmed+3,224,c,0.0812
SARS-CoV2-5UTR-Amplicon-short-trimmed+3,225,c,0.0793
SARS-CoV2-5UTR-Amplicon-short-trimmed+3,226,t,0.0437
SARS-CoV2-5UTR-Amplicon-short-trimmed+3,227,t,0.2848
SARS-CoV2-5UTR-Amplicon-short-trimmed+3,228,g,0.0372
SARS-CoV2-5UTR-Amplicon-short-trimmed+3,229,t,0.1302
SARS-CoV2-5UTR-Amplicon-short-trimmed+3,230,c,0.0672
SARS-CoV2-5UTR-Amplicon-short-trimmed+3,231,c,0.05
SARS-CoV2-5UTR-Amplicon-short-trimmed+3,232,c,0.0874
SARS-CoV2-5UTR-Amplicon-short-trimmed+3,233,t,0.1637
SARS-CoV2-5UTR-Amplicon-short-trimmed+3,234,g,0.0597
SARS-CoV2-5UTR-Amplicon-short-trimmed+3,235,g,0.1494
SARS-CoV2-5UTR-Amplicon-short-trimmed+3,236,t,0.0684
SARS-CoV2-5UTR-Amplicon-short-trimmed+3,237,t,0.0588
SARS-CoV2-5UTR-Amplicon-short-trimmed+3,238,t,0.1251
SARS-CoV2-5UTR-Amplicon-short-trimmed+3,239,c,0.6063
SARS-CoV2-5UTR-Amplicon-short-trimmed+3,240,a,0.0877
SARS-CoV2-5UTR-Amplicon-short-trimmed+3,241,a,0.0733
SARS-CoV2-5UTR-Amplicon-short-trimmed+3,242,c,0.088
SARS-CoV2-5UTR-Amplicon-short-trimmed+3,243,g,0.0149
SARS-CoV2-5UTR-Amplicon-short-trimmed+3,244,a,0.1631
SARS-CoV2-5UTR-Amplicon-short-trimmed+3,245,g,0.5426
SARS-CoV2-5UTR-Amplicon-short-trimmed+3,246,g,5.4388
SARS-CoV2-5UTR-Amplicon-short-trimmed+3,247,G,95.8669
SARS-CoV2-5UTR-Amplicon-short-trimmed+3,248,A,99.8671
SARS-CoV2-5UTR-Amplicon-short-trimmed+3,249,G,99.7542
