Region,Position,Ref_base,Mut_percentage
SARS-CoV2-5UTR-Amplicon-short-trimmed+3,1,T,99.8134
SARS-CoV2-5UTR-Amplicon-short-trimmed+3,2,T,99.8654
SARS-CoV2-5UTR-Amplicon-short-trimmed+3,3,G,99.9704
SARS-CoV2-5UTR-Amplicon-short-trimmed+3,4,t,99.9402
SARS-CoV2-5UTR-Amplicon-short-trimmed+3,5,a,0.0022
SARS-CoV2-5UTR-Amplicon-short-trimmed+3,6,g,0.0682
SARS-CoV2-5UTR-Amplicon-short-trimmed+3,7,a,0.0113
SARS-CoV2-5UTR-Amplicon-short-trimmed+3,8,t,0.0119
SARS-CoV2-5UTR-Amplicon-short-trimmed+3,9,c,0.0057
SARS-CoV2-5UTR-Amplicon-short-trimmed+3,10,t,0.0042
SARS-CoV2-5UTR-Amplicon-short-trimmed+3,11,g,0.074
SARS-CoV2-5UTR-Amplicon-short-trimmed+3,12,t,0.021
SARS-CoV2-5UTR-Amplicon-short-trimmed+3,13,t,0.0172
SARS-CoV2-5UTR-Amplicon-short-trimmed+3,14,c,0.0102
SARS-CoV2-5UTR-Amplicon-short-trimmed+3,15,t,0.0358
SARS-CoV2-5UTR-Amplicon-short-trimmed+3,16,c,0.0184
SARS-CoV2-5UTR-Amplicon-short-trimmed+3,17,t,0.0199
SARS-CoV2-5UTR-Amplicon-short-trimmed+3,18,a,0.0381
SARS-CoV2-5UTR-Amplicon-short-trimmed+3,19,a,0.0108
SARS-CoV2-5UTR-Amplicon-short-trimmed+3,20,a,0.0102
SARS-CoV2-5UTR-Amplicon-short-trimmed+3,21,c,0.0079
SARS-CoV2-5UTR-Amplicon-short-trimmed+3,22,g,0.0082
SARS-CoV2-5UTR-Amplicon-short-trimmed+3,23,a,0.0061
SARS-CoV2-5UTR-Amplicon-short-trimmed+3,24,a,0.0061
SARS-CoV2-5UTR-Amplicon-short-trimmed+3,25,c,0.346
SARS-CoV2-5UTR-Amplicon-short-trimmed+3,26,t,0.0376
SARS-CoV2-5UTR-Amplicon-short-trimmed+3,27,t,0.0503
SARS-CoV2-5UTR-Amplicon-short-trimmed+3,28,t,0.0061
SARS-CoV2-5UTR-Amplicon-short-trimmed+3,29,a,0.0097
SARS-CoV2-5UTR-Amplicon-short-trimmed+3,30,a,0.0109
SARS-CoV2-5UTR-Amplicon-short-trimmed+3,31,a,0.0507
SARS-CoV2-5UTR-Amplicon-short-trimmed+3,32,a,0.0115
SARS-CoV2-5UTR-Amplicon-short-trimmed+3,33,t,0.0168
SARS-CoV2-5UTR-Amplicon-short-trimmed+3,34,c,0.0059
SARS-CoV2-5UTR-Amplicon-short-trimmed+3,35,t,0.015
SARS-CoV2-5UTR-Amplicon-short-trimmed+3,36,g,0.01
SARS-CoV2-5UTR-Amplicon-short-trimmed+3,37,t,0.0225
SARS-CoV2-5UTR-Amplicon-short-trimmed+3,38,g,0.0078
SARS-CoV2-5UTR-Amplicon-short-trimmed+3,39,t,0.0194
SARS-CoV2-5UTR-Amplicon-short-trimmed+3,40,g,0.0089
SARS-CoV2-5UTR-Amplicon-short-trimmed+3,41,g,0.0232
SARS-CoV2-5UTR-Amplicon-short-trimmed+3,42,c,0.0108
SARS-CoV2-5UTR-Amplicon-short-trimmed+3,43,t,0.0615
SARS-CoV2-5UTR-Amplicon-short-trimmed+3,44,g,0.022
SARS-CoV2-5UTR-Amplicon-short-trimmed+3,45,t,0.0376
SARS-CoV2-5UTR-Amplicon-short-trimmed+3,46,c,0.0081
SARS-CoV2-5UTR-Amplicon-short-trimmed+3,47,a,0.0115
SARS-CoV2-5UTR-Amplicon-short-trimmed+3,48,c,0.0064
SARS-CoV2-5UTR-Amplicon-short-trimmed+3,49,t,0.0201
SARS-CoV2-5UTR-Amplicon-short-trimmed+3,50,c,0.0079
SARS-CoV2-5UTR-Amplicon-short-trimmed+3,51,g,0.0311
SARS-CoV2-5UTR-Amplicon-short-trimmed+3,52,g,0.0246
SARS-CoV2-5UTR-Amplicon-short-trimmed+3,53,c,0.057
SARS-CoV2-5UTR-Amplicon-short-trimmed+3,54,t,0.01
SARS-CoV2-5UTR-Amplicon-short-trimmed+3,55,g,0.0777
SARS-CoV2-5UTR-Amplicon-short-trimmed+3,56,c,0.0148
SARS-CoV2-5UTR-Amplicon-short-trimmed+3,57,g,0.0768
SARS-CoV2-5UTR-Amplicon-short-trimmed+3,58,t,0.0306
SARS-CoV2-5UTR-Amplicon-short-trimmed+3,59,g,0.0406
SARS-CoV2-5UTR-Amplicon-short-trimmed+3,60,c,0.0102
SARS-CoV2-5UTR-Amplicon-short-trimmed+3,61,t,0.0306
SARS-CoV2-5UTR-Amplicon-short-trimmed+3,62,t,0.0164
SARS-CoV2-5UTR-Amplicon-short-trimmed+3,63,a,0.0122
SARS-CoV2-5UTR-Amplicon-short-trimmed+3,64,g,0.0138
SARS-CoV2-5UTR-Amplicon-short-trimmed+3,65,t,0.0131
SARS-CoV2-5UTR-Amplicon-short-trimmed+3,66,g,0.034
SARS-CoV2-5UTR-Amplicon-short-trimmed+3,67,c,0.0165
SARS-CoV2-5UTR-Amplicon-short-trimmed+3,68,a,0.0232
SARS-CoV2-5UTR-Amplicon-short-trimmed+3,69,c,0.0119
SARS-CoV2-5UTR-Amplicon-short-trimmed+3,70,t,0.0157
SARS-CoV2-5UTR-Amplicon-short-trimmed+3,71,c,0.0172
SARS-CoV2-5UTR-Amplicon-short-trimmed+3,72,a,0.0236
SARS-CoV2-5UTR-Amplicon-short-trimmed+3,73,c,0.0086
SARS-CoV2-5UTR-Amplicon-short-trimmed+3,74,g,0.0227
SARS-CoV2-5UTR-Amplicon-short-trimmed+3,75,c,0.0044
SARS-CoV2-5UTR-Amplicon-short-trimmed+3,76,a,0.0568
SARS-CoV2-5UTR-Amplicon-short-trimmed+3,77,g,0.0182
SARS-CoV2-5UTR-Amplicon-short-trimmed+3,78,t,0.0184
SARS-CoV2-5UTR-Amplicon-short-trimmed+3,79,a,0.0223
SARS-CoV2-5UTR-Amplicon-short-trimmed+3,80,t,0.0086
SARS-CoV2-5UTR-Amplicon-short-trimmed+3,81,a,0.0182
SARS-CoV2-5UTR-Amplicon-short-trimmed+3,82,a,0.0351
SARS-CoV2-5UTR-Amplicon-short-trimmed+3,83,t,0.0113
SARS-CoV2-5UTR-Amplicon-short-trimmed+3,84,t,0.0393
SARS-CoV2-5UTR-Amplicon-short-trimmed+3,85,a,0.0362
SARS-CoV2-5UTR-Amplicon-short-trimmed+3,86,a,0.0317
SARS-CoV2-5UTR-Amplicon-short-trimmed+3,87,t,0.0081
SARS-CoV2-5UTR-Amplicon-short-trimmed+3,88,a,0.0242
SARS-CoV2-5UTR-Amplicon-short-trimmed+3,89,a,0.0316
SARS-CoV2-5UTR-Amplicon-short-trimmed+3,90,c,0.2836
SARS-CoV2-5UTR-Amplicon-short-trimmed+3,91,t,0.0631
SARS-CoV2-5UTR-Amplicon-short-trimmed+3,92,a,0.0202
SARS-CoV2-5UTR-Amplicon-short-trimmed+3,93,a,0.028
SARS-CoV2-5UTR-Amplicon-short-trimmed+3,94,t,0.0249
SARS-CoV2-5UTR-Amplicon-short-trimmed+3,95,t,0.0311
SARS-CoV2-5UTR-Amplicon-short-trimmed+3,96,a,0.0187
SARS-CoV2-5UTR-Amplicon-short-trimmed+3,97,c,0.0134
SARS-CoV2-5UTR-Amplicon-short-trimmed+3,98,t,0.2706
SARS-CoV2-5UTR-Amplicon-short-trimmed+3,99,g,0.0522
SARS-CoV2-5UTR-Amplicon-short-trimmed+3,100,t,0.0505
SARS-CoV2-5UTR-Amplicon-short-trimmed+3,101,c,0.0115
SARS-CoV2-5UTR-Amplicon-short-trimmed+3,102,g,0.0316
SARS-CoV2-5UTR-Amplicon-short-trimmed+3,103,t,0.037
SARS-CoV2-5UTR-Amplicon-short-trimmed+3,104,t,0.0744
SARS-CoV2-5UTR-Amplicon-short-trimmed+3,105,g,0.0343
SARS-CoV2-5UTR-Amplicon-short-trimmed+3,106,a,0.0393
SARS-CoV2-5UTR-Amplicon-short-trimmed+3,107,c,0.0197
SARS-CoV2-5UTR-Amplicon-short-trimmed+3,108,a,0.0453
SARS-CoV2-5UTR-Amplicon-short-trimmed+3,109,g,0.0436
SARS-CoV2-5UTR-Amplicon-short-trimmed+3,110,g,0.0264
SARS-CoV2-5UTR-Amplicon-short-trimmed+3,111,a,0.0224
SARS-CoV2-5UTR-Amplicon-short-trimmed+3,112,c,0.029
SARS-CoV2-5UTR-Amplicon-short-trimmed+3,113,a,0.0481
SARS-CoV2-5UTR-Amplicon-short-trimmed+3,114,c,0.0197
SARS-CoV2-5UTR-Amplicon-short-trimmed+3,115,g,0.024
SARS-CoV2-5UTR-Amplicon-short-trimmed+3,116,a,0.0254
SARS-CoV2-5UTR-Amplicon-short-trimmed+3,117,g,0.0157
SARS-CoV2-5UTR-Amplicon-short-trimmed+3,118,t,0.069
SARS-CoV2-5UTR-Amplicon-short-trimmed+3,119,a,0.0655
SARS-CoV2-5UTR-Amplicon-short-trimmed+3,120,a,0.0175
SARS-CoV2-5UTR-Amplicon-short-trimmed+3,121,c,0.0178
SARS-CoV2-5UTR-Amplicon-short-trimmed+3,122,t,0.0806
SARS-CoV2-5UTR-Amplicon-short-trimmed+3,123,c,0.1791
SARS-CoV2-5UTR-Amplicon-short-trimmed+3,124,g,0.1469
SARS-CoV2-5UTR-Amplicon-short-trimmed+3,125,t,0.2082
SARS-CoV2-5UTR-Amplicon-short-trimmed+3,126,c,0.0972
SARS-CoV2-5UTR-Amplicon-short-trimmed+3,127,t,0.1009
SARS-CoV2-5UTR-Amplicon-short-trimmed+3,128,a,0.2009
SARS-CoV2-5UTR-Amplicon-short-trimmed+3,129,t,1.0158
SARS-CoV2-5UTR-Amplicon-short-trimmed+3,130,c,0.1303
SARS-CoV2-5UTR-Amplicon-short-trimmed+3,131,t,0.1884
SARS-CoV2-5UTR-Amplicon-short-trimmed+3,132,t,0.2816
SARS-CoV2-5UTR-Amplicon-short-trimmed+3,133,c,0.2857
SARS-CoV2-5UTR-Amplicon-short-trimmed+3,134,t,0.2163
SARS-CoV2-5UTR-Amplicon-short-trimmed+3,135,g,0.1205
SARS-CoV2-5UTR-Amplicon-short-trimmed+3,136,c,0.3659
SARS-CoV2-5UTR-Amplicon-short-trimmed+3,137,a,0.2282
SARS-CoV2-5UTR-Amplicon-short-trimmed+3,138,g,0.0667
SARS-CoV2-5UTR-Amplicon-short-trimmed+3,139,g,0.235
SARS-CoV2-5UTR-Amplicon-short-trimmed+3,140,c,0.0858
SARS-CoV2-5UTR-Amplicon-short-trimmed+3,141,t,0.2774
SARS-CoV2-5UTR-Amplicon-short-trimmed+3,142,g,0.393
SARS-CoV2-5UTR-Amplicon-short-trimmed+3,143,c,0.0916
SARS-CoV2-5UTR-Amplicon-short-trimmed+3,144,t,0.1012
SARS-CoV2-5UTR-Amplicon-short-trimmed+3,145,t,0.1333
SARS-CoV2-5UTR-Amplicon-short-trimmed+3,146,a,0.195
SARS-CoV2-5UTR-Amplicon-short-trimmed+3,147,c,0.1512
SARS-CoV2-5UTR-Amplicon-short-trimmed+3,148,g,0.3434
SARS-CoV2-5UTR-Amplicon-short-trimmed+3,149,g,0.1218
SARS-CoV2-5UTR-Amplicon-short-trimmed+3,150,t,0.1499
SARS-CoV2-5UTR-Amplicon-short-trimmed+3,151,t,0.1333
SARS-CoV2-5UTR-Amplicon-short-trimmed+3,152,t,0.2341
SARS-CoV2-5UTR-Amplicon-short-trimmed+3,153,c,0.2148
SARS-CoV2-5UTR-Amplicon-short-trimmed+3,154,g,0.0745
SARS-CoV2-5UTR-Amplicon-short-trimmed+3,155,t,0.3049
SARS-CoV2-5UTR-Amplicon-short-trimmed+3,156,c,0.1982
SARS-CoV2-5UTR-Amplicon-short-trimmed+3,157,c,0.1952
SARS-CoV2-5UTR-Amplicon-short-trimmed+3,158,g,0.1004
SARS-CoV2-5UTR-Amplicon-short-trimmed+3,159,t,1.396
SARS-CoV2-5UTR-Amplicon-short-trimmed+3,160,g,0.0728
SARS-CoV2-5UTR-Amplicon-short-trimmed+3,161,t,0.1232
SARS-CoV2-5UTR-Amplicon-short-trimmed+3,162,t,0.1746
SARS-CoV2-5UTR-Amplicon-short-trimmed+3,163,g,0.0943
SARS-CoV2-5UTR-Amplicon-short-trimmed+3,164,c,0.2418
SARS-CoV2-5UTR-Amplicon-short-trimmed+3,165,a,0.1755
SARS-CoV2-5UTR-Amplicon-short-trimmed+3,166,g,0.3132
SARS-CoV2-5UTR-Amplicon-short-trimmed+3,167,c,0.2303
SARS-CoV2-5UTR-Amplicon-short-trimmed+3,168,c,0.4636
SARS-CoV2-5UTR-Amplicon-short-trimmed+3,169,g,0.0839
SARS-CoV2-5UTR-Amplicon-short-trimmed+3,170,a,0.1241
SARS-CoV2-5UTR-Amplicon-short-trimmed+3,171,t,0.1211
SARS-CoV2-5UTR-Amplicon-short-trimmed+3,172,c,0.1805
SARS-CoV2-5UTR-Amplicon-short-trimmed+3,173,a,0.0659
SARS-CoV2-5UTR-Amplicon-short-trimmed+3,174,t,0.1006
SARS-CoV2-5UTR-Amplicon-short-trimmed+3,175,c,0.2179
SARS-CoV2-5UTR-Amplicon-short-trimmed+3,176,a,0.1263
SARS-CoV2-5UTR-Amplicon-short-trimmed+3,177,g,0.1226
SARS-CoV2-5UTR-Amplicon-short-trimmed+3,178,c,0.5322
SARS-CoV2-5UTR-Amplicon-short-trimmed+3,179,a,0.1179
SARS-CoV2-5UTR-Amplicon-short-trimmed+3,180,c,0.0893
SARS-CoV2-5UTR-Amplicon-short-trimmed+3,181,a,0.1013
SARS-CoV2-5UTR-Amplicon-short-trimmed+3,182,t,0.1335
SARS-CoV2-5UTR-Amplicon-short-trimmed+3,183,c,0.0819
SARS-CoV2-5UTR-Amplicon-short-trimmed+3,184,t,0.0941
SARS-CoV2-5UTR-Amplicon-short-trimmed+3,185,a,0.1566
SARS-CoV2-5UTR-Amplicon-short-trimmed+3,186,g,0.0617
SARS-CoV2-5UTR-Amplicon-short-trimmed+3,187,g,0.0828
SARS-CoV2-5UTR-Amplicon-short-trimmed+3,188,t,0.1287
SARS-CoV2-5UTR-Amplicon-short-trimmed+3,189,t,0.2992
SARS-CoV2-5UTR-Amplicon-short-trimmed+3,190,t,0.3844
SARS-CoV2-5UTR-Amplicon-short-trimmed+3,191,c,0.1355
SARS-CoV2-5UTR-Amplicon-short-trimmed+3,192,g,0.0654
SARS-CoV2-5UTR-Amplicon-short-trimmed+3,193,t,1.1079
SARS-CoV2-5UTR-Amplicon-short-trimmed+3,194,c,0.1218
SARS-CoV2-5UTR-Amplicon-short-trimmed+3,195,c,0.1559
SARS-CoV2-5UTR-Amplicon-short-trimmed+3,196,g,0.3376
SARS-CoV2-5UTR-Amplicon-short-trimmed+3,197,g,0.1238
SARS-CoV2-5UTR-Amplicon-short-trimmed+3,198,g,0.3482
SARS-CoV2-5UTR-Amplicon-short-trimmed+3,199,t,0.2353
SARS-CoV2-5UTR-Amplicon-short-trimmed+3,200,g,0.0699
SARS-CoV2-5UTR-Amplicon-short-trimmed+3,201,t,0.1249
SARS-CoV2-5UTR-Amplicon-short-trimmed+3,202,g,0.0929
SARS-CoV2-5UTR-Amplicon-short-trimmed+3,203,a,0.2949
SARS-CoV2-5UTR-Amplicon-short-trimmed+3,204,c,0.1208
SARS-CoV2-5UTR-Amplicon-short-trimmed+3,205,c,0.1115
SARS-CoV2-5UTR-Amplicon-short-trimmed+3,206,g,0.0944
SARS-CoV2-5UTR-Amplicon-short-trimmed+3,207,a,0.1166
SARS-CoV2-5UTR-Amplicon-short-trimmed+3,208,a,0.0642
SARS-CoV2-5UTR-Amplicon-short-trimmed+3,209,a,0.1373
SARS-CoV2-5UTR-Amplicon-short-trimmed+3,210,g,0.116
SARS-CoV2-5UTR-Amplicon-short-trimmed+3,211,g,0.1125
SARS-CoV2-5UTR-Amplicon-short-trimmed+3,212,t,0.1229
SARS-CoV2-5UTR-Amplicon-short-trimmed+3,213,a,0.0581
SARS-CoV2-5UTR-Amplicon-short-trimmed+3,214,a,0.0623
SARS-CoV2-5UTR-Amplicon-short-trimmed+3,215,g,0.06
SARS-CoV2-5UTR-Amplicon-short-trimmed+3,216,a,0.042
SARS-CoV2-5UTR-Amplicon-short-trimmed+3,217,t,0.1128
SARS-CoV2-5UTR-Amplicon-short-trimmed+3,218,g,0.0524
SARS-CoV2-5UTR-Amplicon-short-trimmed+3,219,g,0.0566
SARS-CoV2-5UTR-Amplicon-short-trimmed+3,220,a,0.19
SARS-CoV2-5UTR-Amplicon-short-trimmed+3,221,g,0.1143
SARS-CoV2-5UTR-Amplicon-short-trimmed+3,222,a,0.0691
SARS-CoV2-5UTR-Amplicon-short-trimmed+3,223,g,0.1732
SARS-CoV2-5UTR-Amplicon-short-trimmed+3,224,c,0.0875
SARS-CoV2-5UTR-Amplicon-short-trimmed+3,225,c,0.0916
SARS-CoV2-5UTR-Amplicon-short-trimmed+3,226,t,0.0471
SARS-CoV2-5UTR-Amplicon-short-trimmed+3,227,t,0.3041
SARS-CoV2-5UTR-Amplicon-short-trimmed+3,228,g,0.0428
SARS-CoV2-5UTR-Amplicon-short-trimmed+3,229,t,0.1402
SARS-CoV2-5UTR-Amplicon-short-trimmed+3,230,c,0.0632
SARS-CoV2-5UTR-Amplicon-short-trimmed+3,231,c,0.057
SARS-CoV2-5UTR-Amplicon-short-trimmed+3,232,c,0.1013
SARS-CoV2-5UTR-Amplicon-short-trimmed+3,233,t,0.1539
SARS-CoV2-5UTR-Amplicon-short-trimmed+3,234,g,0.0704
SARS-CoV2-5UTR-Amplicon-short-trimmed+3,235,g,0.1023
SARS-CoV2-5UTR-Amplicon-short-trimmed+3,236,t,0.0682
SARS-CoV2-5UTR-Amplicon-short-trimmed+3,237,t,0.0614
SARS-CoV2-5UTR-Amplicon-short-trimmed+3,238,t,0.1298
SARS-CoV2-5UTR-Amplicon-short-trimmed+3,239,c,0.4995
SARS-CoV2-5UTR-Amplicon-short-trimmed+3,240,a,0.0851
SARS-CoV2-5UTR-Amplicon-short-trimmed+3,241,a,0.0782
SARS-CoV2-5UTR-Amplicon-short-trimmed+3,242,c,0.0945
SARS-CoV2-5UTR-Amplicon-short-trimmed+3,243,g,0.0142
SARS-CoV2-5UTR-Amplicon-short-trimmed+3,244,a,0.1682
SARS-CoV2-5UTR-Amplicon-short-trimmed+3,245,g,0.5359
SARS-CoV2-5UTR-Amplicon-short-trimmed+3,246,g,5.3829
SARS-CoV2-5UTR-Amplicon-short-trimmed+3,247,G,95.8866
SARS-CoV2-5UTR-Amplicon-short-trimmed+3,248,A,99.8686
SARS-CoV2-5UTR-Amplicon-short-trimmed+3,249,G,99.7686
