Region,Position,Ref_base,Mut_percentage
SARS-CoV2-5UTR-Amplicon-short-trimmed+3,1,T,99.8576
SARS-CoV2-5UTR-Amplicon-short-trimmed+3,2,T,99.8775
SARS-CoV2-5UTR-Amplicon-short-trimmed+3,3,G,99.9823
SARS-CoV2-5UTR-Amplicon-short-trimmed+3,4,t,99.9532
SARS-CoV2-5UTR-Amplicon-short-trimmed+3,5,a,0.0023
SARS-CoV2-5UTR-Amplicon-short-trimmed+3,6,g,0.0432
SARS-CoV2-5UTR-Amplicon-short-trimmed+3,7,a,0.0105
SARS-CoV2-5UTR-Amplicon-short-trimmed+3,8,t,0.0062
SARS-CoV2-5UTR-Amplicon-short-trimmed+3,9,c,0.003
SARS-CoV2-5UTR-Amplicon-short-trimmed+3,10,t,0.0031
SARS-CoV2-5UTR-Amplicon-short-trimmed+3,11,g,0.0278
SARS-CoV2-5UTR-Amplicon-short-trimmed+3,12,t,0.014
SARS-CoV2-5UTR-Amplicon-short-trimmed+3,13,t,0.0092
SARS-CoV2-5UTR-Amplicon-short-trimmed+3,14,c,0.004
SARS-CoV2-5UTR-Amplicon-short-trimmed+3,15,t,0.0256
SARS-CoV2-5UTR-Amplicon-short-trimmed+3,16,c,0.0065
SARS-CoV2-5UTR-Amplicon-short-trimmed+3,17,t,0.0132
SARS-CoV2-5UTR-Amplicon-short-trimmed+3,18,a,0.0391
SARS-CoV2-5UTR-Amplicon-short-trimmed+3,19,a,0.009
SARS-CoV2-5UTR-Amplicon-short-trimmed+3,20,a,0.0112
SARS-CoV2-5UTR-Amplicon-short-trimmed+3,21,c,0.0046
SARS-CoV2-5UTR-Amplicon-short-trimmed+3,22,g,0.0071
SARS-CoV2-5UTR-Amplicon-short-trimmed+3,23,a,0.008
SARS-CoV2-5UTR-Amplicon-short-trimmed+3,24,a,0.0042
SARS-CoV2-5UTR-Amplicon-short-trimmed+3,25,c,0.0417
SARS-CoV2-5UTR-Amplicon-short-trimmed+3,26,t,0.0222
SARS-CoV2-5UTR-Amplicon-short-trimmed+3,27,t,0.0256
SARS-CoV2-5UTR-Amplicon-short-trimmed+3,28,t,0.0049
SARS-CoV2-5UTR-Amplicon-short-trimmed+3,29,a,0.0046
SARS-CoV2-5UTR-Amplicon-short-trimmed+3,30,a,0.0115
SARS-CoV2-5UTR-Amplicon-short-trimmed+3,31,a,0.0537
SARS-CoV2-5UTR-Amplicon-short-trimmed+3,32,a,0.0127
SARS-CoV2-5UTR-Amplicon-short-trimmed+3,33,t,0.012
SARS-CoV2-5UTR-Amplicon-short-trimmed+3,34,c,0.0043
SARS-CoV2-5UTR-Amplicon-short-trimmed+3,35,t,0.0104
SARS-CoV2-5UTR-Amplicon-short-trimmed+3,36,g,0.0078
SARS-CoV2-5UTR-Amplicon-short-trimmed+3,37,t,0.0201
SARS-CoV2-5UTR-Amplicon-short-trimmed+3,38,g,0.0044
SARS-CoV2-5UTR-Amplicon-short-trimmed+3,39,t,0.0163
SARS-CoV2-5UTR-Amplicon-short-trimmed+3,40,g,0.0065
SARS-CoV2-5UTR-Amplicon-short-trimmed+3,41,g,0.0144
SARS-CoV2-5UTR-Amplicon-short-trimmed+3,42,c,0.0063
SARS-CoV2-5UTR-Amplicon-short-trimmed+3,43,t,0.0357
SARS-CoV2-5UTR-Amplicon-short-trimmed+3,44,g,0.0084
SARS-CoV2-5UTR-Amplicon-short-trimmed+3,45,t,0.0302
SARS-CoV2-5UTR-Amplicon-short-trimmed+3,46,c,0.0036
SARS-CoV2-5UTR-Amplicon-short-trimmed+3,47,a,0.0085
SARS-CoV2-5UTR-Amplicon-short-trimmed+3,48,c,0.0051
SARS-CoV2-5UTR-Amplicon-short-trimmed+3,49,t,0.0142
SARS-CoV2-5UTR-Amplicon-short-trimmed+3,50,c,0.0049
SARS-CoV2-5UTR-Amplicon-short-trimmed+3,51,g,0.0197
SARS-CoV2-5UTR-Amplicon-short-trimmed+3,52,g,0.0093
SARS-CoV2-5UTR-Amplicon-short-trimmed+3,53,c,0.0216
SARS-CoV2-5UTR-Amplicon-short-trimmed+3,54,t,0.0053
SARS-CoV2-5UTR-Amplicon-short-trimmed+3,55,g,0.044
SARS-CoV2-5UTR-Amplicon-short-trimmed+3,56,c,0.0067
SARS-CoV2-5UTR-Amplicon-short-trimmed+3,57,g,0.0282
SARS-CoV2-5UTR-Amplicon-short-trimmed+3,58,t,0.0221
SARS-CoV2-5UTR-Amplicon-short-trimmed+3,59,g,0.0247
SARS-CoV2-5UTR-Amplicon-short-trimmed+3,60,c,0.0061
SARS-CoV2-5UTR-Amplicon-short-trimmed+3,61,t,0.0259
SARS-CoV2-5UTR-Amplicon-short-trimmed+3,62,t,0.012
SARS-CoV2-5UTR-Amplicon-short-trimmed+3,63,a,0.0113
SARS-CoV2-5UTR-Amplicon-short-trimmed+3,64,g,0.009
SARS-CoV2-5UTR-Amplicon-short-trimmed+3,65,t,0.0063
SARS-CoV2-5UTR-Amplicon-short-trimmed+3,66,g,0.0243
SARS-CoV2-5UTR-Amplicon-short-trimmed+3,67,c,0.0096
SARS-CoV2-5UTR-Amplicon-short-trimmed+3,68,a,0.0251
SARS-CoV2-5UTR-Amplicon-short-trimmed+3,69,c,0.0055
SARS-CoV2-5UTR-Amplicon-short-trimmed+3,70,t,0.0125
SARS-CoV2-5UTR-Amplicon-short-trimmed+3,71,c,0.0115
SARS-CoV2-5UTR-Amplicon-short-trimmed+3,72,a,0.0241
SARS-CoV2-5UTR-Amplicon-short-trimmed+3,73,c,0.0074
SARS-CoV2-5UTR-Amplicon-short-trimmed+3,74,g,0.0136
SARS-CoV2-5UTR-Amplicon-short-trimmed+3,75,c,0.003
SARS-CoV2-5UTR-Amplicon-short-trimmed+3,76,a,0.0618
SARS-CoV2-5UTR-Amplicon-short-trimmed+3,77,g,0.0148
SARS-CoV2-5UTR-Amplicon-short-trimmed+3,78,t,0.0151
SARS-CoV2-5UTR-Amplicon-short-trimmed+3,79,a,0.021
SARS-CoV2-5UTR-Amplicon-short-trimmed+3,80,t,0.0065
SARS-CoV2-5UTR-Amplicon-short-trimmed+3,81,a,0.0154
SARS-CoV2-5UTR-Amplicon-short-trimmed+3,82,a,0.029
SARS-CoV2-5UTR-Amplicon-short-trimmed+3,83,t,0.0061
SARS-CoV2-5UTR-Amplicon-short-trimmed+3,84,t,0.0369
SARS-CoV2-5UTR-Amplicon-short-trimmed+3,85,a,0.0336
SARS-CoV2-5UTR-Amplicon-short-trimmed+3,86,a,0.0342
SARS-CoV2-5UTR-Amplicon-short-trimmed+3,87,t,0.0085
SARS-CoV2-5UTR-Amplicon-short-trimmed+3,88,a,0.0231
SARS-CoV2-5UTR-Amplicon-short-trimmed+3,89,a,0.0286
SARS-CoV2-5UTR-Amplicon-short-trimmed+3,90,c,0.2825
SARS-CoV2-5UTR-Amplicon-short-trimmed+3,91,t,0.0547
SARS-CoV2-5UTR-Amplicon-short-trimmed+3,92,a,0.0213
SARS-CoV2-5UTR-Amplicon-short-trimmed+3,93,a,0.0252
SARS-CoV2-5UTR-Amplicon-short-trimmed+3,94,t,0.019
SARS-CoV2-5UTR-Amplicon-short-trimmed+3,95,t,0.0235
SARS-CoV2-5UTR-Amplicon-short-trimmed+3,96,a,0.0201
SARS-CoV2-5UTR-Amplicon-short-trimmed+3,97,c,0.0112
SARS-CoV2-5UTR-Amplicon-short-trimmed+3,98,t,0.2752
SARS-CoV2-5UTR-Amplicon-short-trimmed+3,99,g,0.0372
SARS-CoV2-5UTR-Amplicon-short-trimmed+3,100,t,0.0426
SARS-CoV2-5UTR-Amplicon-short-trimmed+3,101,c,0.0051
SARS-CoV2-5UTR-Amplicon-short-trimmed+3,102,g,0.0217
SARS-CoV2-5UTR-Amplicon-short-trimmed+3,103,t,0.0338
SARS-CoV2-5UTR-Amplicon-short-trimmed+3,104,t,0.0589
SARS-CoV2-5UTR-Amplicon-short-trimmed+3,105,g,0.0196
SARS-CoV2-5UTR-Amplicon-short-trimmed+3,106,a,0.0291
SARS-CoV2-5UTR-Amplicon-short-trimmed+3,107,c,0.0131
SARS-CoV2-5UTR-Amplicon-short-trimmed+3,108,a,0.0438
SARS-CoV2-5UTR-Amplicon-short-trimmed+3,109,g,0.0276
SARS-CoV2-5UTR-Amplicon-short-trimmed+3,110,g,0.0244
SARS-CoV2-5UTR-Amplicon-short-trimmed+3,111,a,0.0253
SARS-CoV2-5UTR-Amplicon-short-trimmed+3,112,c,0.0214
SARS-CoV2-5UTR-Amplicon-short-trimmed+3,113,a,0.05
SARS-CoV2-5UTR-Amplicon-short-trimmed+3,114,c,0.0112
SARS-CoV2-5UTR-Amplicon-short-trimmed+3,115,g,0.0236
SARS-CoV2-5UTR-Amplicon-short-trimmed+3,116,a,0.023
SARS-CoV2-5UTR-Amplicon-short-trimmed+3,117,g,0.0133
SARS-CoV2-5UTR-Amplicon-short-trimmed+3,118,t,0.0587
SARS-CoV2-5UTR-Amplicon-short-trimmed+3,119,a,0.0671
SARS-CoV2-5UTR-Amplicon-short-trimmed+3,120,a,0.0172
SARS-CoV2-5UTR-Amplicon-short-trimmed+3,121,c,0.0153
SARS-CoV2-5UTR-Amplicon-short-trimmed+3,122,t,0.065
SARS-CoV2-5UTR-Amplicon-short-trimmed+3,123,c,0.1982
SARS-CoV2-5UTR-Amplicon-short-trimmed+3,124,g,0.1285
SARS-CoV2-5UTR-Amplicon-short-trimmed+3,125,t,0.1986
SARS-CoV2-5UTR-Amplicon-short-trimmed+3,126,c,0.1022
SARS-CoV2-5UTR-Amplicon-short-trimmed+3,127,t,0.1299
SARS-CoV2-5UTR-Amplicon-short-trimmed+3,128,a,0.2451
SARS-CoV2-5UTR-Amplicon-short-trimmed+3,129,t,1.2621
SARS-CoV2-5UTR-Amplicon-short-trimmed+3,130,c,0.1433
SARS-CoV2-5UTR-Amplicon-short-trimmed+3,131,t,0.2158
SARS-CoV2-5UTR-Amplicon-short-trimmed+3,132,t,0.3352
SARS-CoV2-5UTR-Amplicon-short-trimmed+3,133,c,0.342
SARS-CoV2-5UTR-Amplicon-short-trimmed+3,134,t,0.2602
SARS-CoV2-5UTR-Amplicon-short-trimmed+3,135,g,0.0804
SARS-CoV2-5UTR-Amplicon-short-trimmed+3,136,c,0.3973
SARS-CoV2-5UTR-Amplicon-short-trimmed+3,137,a,0.2698
SARS-CoV2-5UTR-Amplicon-short-trimmed+3,138,g,0.07
SARS-CoV2-5UTR-Amplicon-short-trimmed+3,139,g,0.262
SARS-CoV2-5UTR-Amplicon-short-trimmed+3,140,c,0.104
SARS-CoV2-5UTR-Amplicon-short-trimmed+3,141,t,0.3323
SARS-CoV2-5UTR-Amplicon-short-trimmed+3,142,g,0.449
SARS-CoV2-5UTR-Amplicon-short-trimmed+3,143,c,0.0595
SARS-CoV2-5UTR-Amplicon-short-trimmed+3,144,t,0.1143
SARS-CoV2-5UTR-Amplicon-short-trimmed+3,145,t,0.1733
SARS-CoV2-5UTR-Amplicon-short-trimmed+3,146,a,0.2253
SARS-CoV2-5UTR-Amplicon-short-trimmed+3,147,c,0.1429
SARS-CoV2-5UTR-Amplicon-short-trimmed+3,148,g,0.3331
SARS-CoV2-5UTR-Amplicon-short-trimmed+3,149,g,0.0758
SARS-CoV2-5UTR-Amplicon-short-trimmed+3,150,t,0.1466
SARS-CoV2-5UTR-Amplicon-short-trimmed+3,151,t,0.1456
SARS-CoV2-5UTR-Amplicon-short-trimmed+3,152,t,0.2766
SARS-CoV2-5UTR-Amplicon-short-trimmed+3,153,c,0.2314
SARS-CoV2-5UTR-Amplicon-short-trimmed+3,154,g,0.0818
SARS-CoV2-5UTR-Amplicon-short-trimmed+3,155,t,0.2966
SARS-CoV2-5UTR-Amplicon-short-trimmed+3,156,c,0.1283
SARS-CoV2-5UTR-Amplicon-short-trimmed+3,157,c,0.2101
SARS-CoV2-5UTR-Amplicon-short-trimmed+3,158,g,0.082
SARS-CoV2-5UTR-Amplicon-short-trimmed+3,159,t,1.7983
SARS-CoV2-5UTR-Amplicon-short-trimmed+3,160,g,0.0544
SARS-CoV2-5UTR-Amplicon-short-trimmed+3,161,t,0.1107
SARS-CoV2-5UTR-Amplicon-short-trimmed+3,162,t,0.1955
SARS-CoV2-5UTR-Amplicon-short-trimmed+3,163,g,0.0656
SARS-CoV2-5UTR-Amplicon-short-trimmed+3,164,c,0.2615
SARS-CoV2-5UTR-Amplicon-short-trimmed+3,165,a,0.1544
SARS-CoV2-5UTR-Amplicon-short-trimmed+3,166,g,0.2487
SARS-CoV2-5UTR-Amplicon-short-trimmed+3,167,c,0.1171
SARS-CoV2-5UTR-Amplicon-short-trimmed+3,168,c,0.6195
SARS-CoV2-5UTR-Amplicon-short-trimmed+3,169,g,0.0915
SARS-CoV2-5UTR-Amplicon-short-trimmed+3,170,a,0.1554
SARS-CoV2-5UTR-Amplicon-short-trimmed+3,171,t,0.121
SARS-CoV2-5UTR-Amplicon-short-trimmed+3,172,c,0.2068
SARS-CoV2-5UTR-Amplicon-short-trimmed+3,173,a,0.0698
SARS-CoV2-5UTR-Amplicon-short-trimmed+3,174,t,0.0942
SARS-CoV2-5UTR-Amplicon-short-trimmed+3,175,c,0.2468
SARS-CoV2-5UTR-Amplicon-short-trimmed+3,176,a,0.1376
SARS-CoV2-5UTR-Amplicon-short-trimmed+3,177,g,0.0939
SARS-CoV2-5UTR-Amplicon-short-trimmed+3,178,c,0.6594
SARS-CoV2-5UTR-Amplicon-short-trimmed+3,179,a,0.134
SARS-CoV2-5UTR-Amplicon-short-trimmed+3,180,c,0.0877
SARS-CoV2-5UTR-Amplicon-short-trimmed+3,181,a,0.1185
SARS-CoV2-5UTR-Amplicon-short-trimmed+3,182,t,0.1478
SARS-CoV2-5UTR-Amplicon-short-trimmed+3,183,c,0.0889
SARS-CoV2-5UTR-Amplicon-short-trimmed+3,184,t,0.1126
SARS-CoV2-5UTR-Amplicon-short-trimmed+3,185,a,0.1898
SARS-CoV2-5UTR-Amplicon-short-trimmed+3,186,g,0.0399
SARS-CoV2-5UTR-Amplicon-short-trimmed+3,187,g,0.0337
SARS-CoV2-5UTR-Amplicon-short-trimmed+3,188,t,0.1418
SARS-CoV2-5UTR-Amplicon-short-trimmed+3,189,t,0.3222
SARS-CoV2-5UTR-Amplicon-short-trimmed+3,190,t,0.4977
SARS-CoV2-5UTR-Amplicon-short-trimmed+3,191,c,0.1261
SARS-CoV2-5UTR-Amplicon-short-trimmed+3,192,g,0.0664
SARS-CoV2-5UTR-Amplicon-short-trimmed+3,193,t,1.4111
SARS-CoV2-5UTR-Amplicon-short-trimmed+3,194,c,0.0624
SARS-CoV2-5UTR-Amplicon-short-trimmed+3,195,c,0.1123
SARS-CoV2-5UTR-Amplicon-short-trimmed+3,196,g,0.3098
SARS-CoV2-5UTR-Amplicon-short-trimmed+3,197,g,0.0873
SARS-CoV2-5UTR-Amplicon-short-trimmed+3,198,g,0.3918
SARS-CoV2-5UTR-Amplicon-short-trimmed+3,199,t,0.2527
SARS-CoV2-5UTR-Amplicon-short-trimmed+3,200,g,0.0623
SARS-CoV2-5UTR-Amplicon-short-trimmed+3,201,t,0.148
SARS-CoV2-5UTR-Amplicon-short-trimmed+3,202,g,0.0803
SARS-CoV2-5UTR-Amplicon-short-trimmed+3,203,a,0.3066
SARS-CoV2-5UTR-Amplicon-short-trimmed+3,204,c,0.0814
SARS-CoV2-5UTR-Amplicon-short-trimmed+3,205,c,0.1021
SARS-CoV2-5UTR-Amplicon-short-trimmed+3,206,g,0.0704
SARS-CoV2-5UTR-Amplicon-short-trimmed+3,207,a,0.1183
SARS-CoV2-5UTR-Amplicon-short-trimmed+3,208,a,0.0735
SARS-CoV2-5UTR-Amplicon-short-trimmed+3,209,a,0.1601
SARS-CoV2-5UTR-Amplicon-short-trimmed+3,210,g,0.0976
SARS-CoV2-5UTR-Amplicon-short-trimmed+3,211,g,0.1265
SARS-CoV2-5UTR-Amplicon-short-trimmed+3,212,t,0.1685
SARS-CoV2-5UTR-Amplicon-short-trimmed+3,213,a,0.0523
SARS-CoV2-5UTR-Amplicon-short-trimmed+3,214,a,0.053
SARS-CoV2-5UTR-Amplicon-short-trimmed+3,215,g,0.0631
SARS-CoV2-5UTR-Amplicon-short-trimmed+3,216,a,0.0419
SARS-CoV2-5UTR-Amplicon-short-trimmed+3,217,t,0.1303
SARS-CoV2-5UTR-Amplicon-short-trimmed+3,218,g,0.0423
SARS-CoV2-5UTR-Amplicon-short-trimmed+3,219,g,0.0521
SARS-CoV2-5UTR-Amplicon-short-trimmed+3,220,a,0.1972
SARS-CoV2-5UTR-Amplicon-short-trimmed+3,221,g,0.1251
SARS-CoV2-5UTR-Amplicon-short-trimmed+3,222,a,0.0594
SARS-CoV2-5UTR-Amplicon-short-trimmed+3,223,g,0.1766
SARS-CoV2-5UTR-Amplicon-short-trimmed+3,224,c,0.0485
SARS-CoV2-5UTR-Amplicon-short-trimmed+3,225,c,0.0716
SARS-CoV2-5UTR-Amplicon-short-trimmed+3,226,t,0.0352
SARS-CoV2-5UTR-Amplicon-short-trimmed+3,227,t,0.3719
SARS-CoV2-5UTR-Amplicon-short-trimmed+3,228,g,0.039
SARS-CoV2-5UTR-Amplicon-short-trimmed+3,229,t,0.1148
SARS-CoV2-5UTR-Amplicon-short-trimmed+3,230,c,0.0312
SARS-CoV2-5UTR-Amplicon-short-trimmed+3,231,c,0.0451
SARS-CoV2-5UTR-Amplicon-short-trimmed+3,232,c,0.0746
SARS-CoV2-5UTR-Amplicon-short-trimmed+3,233,t,0.1308
SARS-CoV2-5UTR-Amplicon-short-trimmed+3,234,g,0.0485
SARS-CoV2-5UTR-Amplicon-short-trimmed+3,235,g,0.0474
SARS-CoV2-5UTR-Amplicon-short-trimmed+3,236,t,0.0472
SARS-CoV2-5UTR-Amplicon-short-trimmed+3,237,t,0.0742
SARS-CoV2-5UTR-Amplicon-short-trimmed+3,238,t,0.1441
SARS-CoV2-5UTR-Amplicon-short-trimmed+3,239,c,0.5673
SARS-CoV2-5UTR-Amplicon-short-trimmed+3,240,a,0.0823
SARS-CoV2-5UTR-Amplicon-short-trimmed+3,241,a,0.0761
SARS-CoV2-5UTR-Amplicon-short-trimmed+3,242,c,0.0519
SARS-CoV2-5UTR-Amplicon-short-trimmed+3,243,g,0.0151
SARS-CoV2-5UTR-Amplicon-short-trimmed+3,244,a,0.2093
SARS-CoV2-5UTR-Amplicon-short-trimmed+3,245,g,0.4907
SARS-CoV2-5UTR-Amplicon-short-trimmed+3,246,g,5.0681
SARS-CoV2-5UTR-Amplicon-short-trimmed+3,247,G,96.1386
SARS-CoV2-5UTR-Amplicon-short-trimmed+3,248,A,99.8545
SARS-CoV2-5UTR-Amplicon-short-trimmed+3,249,G,99.7836
