Region,Position,Ref_base,Mut_percentage
SARS-CoV2-5UTR-Amplicon-short-trimmed+3,1,T,99.8666
SARS-CoV2-5UTR-Amplicon-short-trimmed+3,2,T,99.8509
SARS-CoV2-5UTR-Amplicon-short-trimmed+3,3,G,99.961
SARS-CoV2-5UTR-Amplicon-short-trimmed+3,4,t,99.944
SARS-CoV2-5UTR-Amplicon-short-trimmed+3,5,a,0.0021
SARS-CoV2-5UTR-Amplicon-short-trimmed+3,6,g,0.0885
SARS-CoV2-5UTR-Amplicon-short-trimmed+3,7,a,0.0164
SARS-CoV2-5UTR-Amplicon-short-trimmed+3,8,t,0.0168
SARS-CoV2-5UTR-Amplicon-short-trimmed+3,9,c,0.0056
SARS-CoV2-5UTR-Amplicon-short-trimmed+3,10,t,0.0054
SARS-CoV2-5UTR-Amplicon-short-trimmed+3,11,g,0.1146
SARS-CoV2-5UTR-Amplicon-short-trimmed+3,12,t,0.0224
SARS-CoV2-5UTR-Amplicon-short-trimmed+3,13,t,0.0195
SARS-CoV2-5UTR-Amplicon-short-trimmed+3,14,c,0.0124
SARS-CoV2-5UTR-Amplicon-short-trimmed+3,15,t,0.0423
SARS-CoV2-5UTR-Amplicon-short-trimmed+3,16,c,0.0334
SARS-CoV2-5UTR-Amplicon-short-trimmed+3,17,t,0.0286
SARS-CoV2-5UTR-Amplicon-short-trimmed+3,18,a,0.0464
SARS-CoV2-5UTR-Amplicon-short-trimmed+3,19,a,0.0099
SARS-CoV2-5UTR-Amplicon-short-trimmed+3,20,a,0.0143
SARS-CoV2-5UTR-Amplicon-short-trimmed+3,21,c,0.0093
SARS-CoV2-5UTR-Amplicon-short-trimmed+3,22,g,0.0153
SARS-CoV2-5UTR-Amplicon-short-trimmed+3,23,a,0.0099
SARS-CoV2-5UTR-Amplicon-short-trimmed+3,24,a,0.0104
SARS-CoV2-5UTR-Amplicon-short-trimmed+3,25,c,0.3599
SARS-CoV2-5UTR-Amplicon-short-trimmed+3,26,t,0.0495
SARS-CoV2-5UTR-Amplicon-short-trimmed+3,27,t,0.0653
SARS-CoV2-5UTR-Amplicon-short-trimmed+3,28,t,0.0077
SARS-CoV2-5UTR-Amplicon-short-trimmed+3,29,a,0.0104
SARS-CoV2-5UTR-Amplicon-short-trimmed+3,30,a,0.0131
SARS-CoV2-5UTR-Amplicon-short-trimmed+3,31,a,0.0559
SARS-CoV2-5UTR-Amplicon-short-trimmed+3,32,a,0.0131
SARS-CoV2-5UTR-Amplicon-short-trimmed+3,33,t,0.0166
SARS-CoV2-5UTR-Amplicon-short-trimmed+3,34,c,0.0091
SARS-CoV2-5UTR-Amplicon-short-trimmed+3,35,t,0.0209
SARS-CoV2-5UTR-Amplicon-short-trimmed+3,36,g,0.018
SARS-CoV2-5UTR-Amplicon-short-trimmed+3,37,t,0.0298
SARS-CoV2-5UTR-Amplicon-short-trimmed+3,38,g,0.0128
SARS-CoV2-5UTR-Amplicon-short-trimmed+3,39,t,0.0218
SARS-CoV2-5UTR-Amplicon-short-trimmed+3,40,g,0.0128
SARS-CoV2-5UTR-Amplicon-short-trimmed+3,41,g,0.04
SARS-CoV2-5UTR-Amplicon-short-trimmed+3,42,c,0.0151
SARS-CoV2-5UTR-Amplicon-short-trimmed+3,43,t,0.0698
SARS-CoV2-5UTR-Amplicon-short-trimmed+3,44,g,0.0348
SARS-CoV2-5UTR-Amplicon-short-trimmed+3,45,t,0.0454
SARS-CoV2-5UTR-Amplicon-short-trimmed+3,46,c,0.0118
SARS-CoV2-5UTR-Amplicon-short-trimmed+3,47,a,0.0157
SARS-CoV2-5UTR-Amplicon-short-trimmed+3,48,c,0.0116
SARS-CoV2-5UTR-Amplicon-short-trimmed+3,49,t,0.0211
SARS-CoV2-5UTR-Amplicon-short-trimmed+3,50,c,0.0143
SARS-CoV2-5UTR-Amplicon-short-trimmed+3,51,g,0.0348
SARS-CoV2-5UTR-Amplicon-short-trimmed+3,52,g,0.04
SARS-CoV2-5UTR-Amplicon-short-trimmed+3,53,c,0.0622
SARS-CoV2-5UTR-Amplicon-short-trimmed+3,54,t,0.0124
SARS-CoV2-5UTR-Amplicon-short-trimmed+3,55,g,0.1094
SARS-CoV2-5UTR-Amplicon-short-trimmed+3,56,c,0.0193
SARS-CoV2-5UTR-Amplicon-short-trimmed+3,57,g,0.0949
SARS-CoV2-5UTR-Amplicon-short-trimmed+3,58,t,0.0352
SARS-CoV2-5UTR-Amplicon-short-trimmed+3,59,g,0.0499
SARS-CoV2-5UTR-Amplicon-short-trimmed+3,60,c,0.0149
SARS-CoV2-5UTR-Amplicon-short-trimmed+3,61,t,0.039
SARS-CoV2-5UTR-Amplicon-short-trimmed+3,62,t,0.0238
SARS-CoV2-5UTR-Amplicon-short-trimmed+3,63,a,0.0149
SARS-CoV2-5UTR-Amplicon-short-trimmed+3,64,g,0.0143
SARS-CoV2-5UTR-Amplicon-short-trimmed+3,65,t,0.0157
SARS-CoV2-5UTR-Amplicon-short-trimmed+3,66,g,0.0429
SARS-CoV2-5UTR-Amplicon-short-trimmed+3,67,c,0.0247
SARS-CoV2-5UTR-Amplicon-short-trimmed+3,68,a,0.0269
SARS-CoV2-5UTR-Amplicon-short-trimmed+3,69,c,0.0174
SARS-CoV2-5UTR-Amplicon-short-trimmed+3,70,t,0.018
SARS-CoV2-5UTR-Amplicon-short-trimmed+3,71,c,0.0255
SARS-CoV2-5UTR-Amplicon-short-trimmed+3,72,a,0.0265
SARS-CoV2-5UTR-Amplicon-short-trimmed+3,73,c,0.0116
SARS-CoV2-5UTR-Amplicon-short-trimmed+3,74,g,0.0313
SARS-CoV2-5UTR-Amplicon-short-trimmed+3,75,c,0.0083
SARS-CoV2-5UTR-Amplicon-short-trimmed+3,76,a,0.063
SARS-CoV2-5UTR-Amplicon-short-trimmed+3,77,g,0.0257
SARS-CoV2-5UTR-Amplicon-short-trimmed+3,78,t,0.0178
SARS-CoV2-5UTR-Amplicon-short-trimmed+3,79,a,0.0261
SARS-CoV2-5UTR-Amplicon-short-trimmed+3,80,t,0.0089
SARS-CoV2-5UTR-Amplicon-short-trimmed+3,81,a,0.0189
SARS-CoV2-5UTR-Amplicon-short-trimmed+3,82,a,0.041
SARS-CoV2-5UTR-Amplicon-short-trimmed+3,83,t,0.0131
SARS-CoV2-5UTR-Amplicon-short-trimmed+3,84,t,0.0514
SARS-CoV2-5UTR-Amplicon-short-trimmed+3,85,a,0.0379
SARS-CoV2-5UTR-Amplicon-short-trimmed+3,86,a,0.0305
SARS-CoV2-5UTR-Amplicon-short-trimmed+3,87,t,0.0131
SARS-CoV2-5UTR-Amplicon-short-trimmed+3,88,a,0.0209
SARS-CoV2-5UTR-Amplicon-short-trimmed+3,89,a,0.0278
SARS-CoV2-5UTR-Amplicon-short-trimmed+3,90,c,0.2764
SARS-CoV2-5UTR-Amplicon-short-trimmed+3,91,t,0.0806
SARS-CoV2-5UTR-Amplicon-short-trimmed+3,92,a,0.022
SARS-CoV2-5UTR-Amplicon-short-trimmed+3,93,a,0.0325
SARS-CoV2-5UTR-Amplicon-short-trimmed+3,94,t,0.0284
SARS-CoV2-5UTR-Amplicon-short-trimmed+3,95,t,0.0381
SARS-CoV2-5UTR-Amplicon-short-trimmed+3,96,a,0.0249
SARS-CoV2-5UTR-Amplicon-short-trimmed+3,97,c,0.0186
SARS-CoV2-5UTR-Amplicon-short-trimmed+3,98,t,0.2739
SARS-CoV2-5UTR-Amplicon-short-trimmed+3,99,g,0.0528
SARS-CoV2-5UTR-Amplicon-short-trimmed+3,100,t,0.0601
SARS-CoV2-5UTR-Amplicon-short-trimmed+3,101,c,0.0166
SARS-CoV2-5UTR-Amplicon-short-trimmed+3,102,g,0.0441
SARS-CoV2-5UTR-Amplicon-short-trimmed+3,103,t,0.0435
SARS-CoV2-5UTR-Amplicon-short-trimmed+3,104,t,0.0852
SARS-CoV2-5UTR-Amplicon-short-trimmed+3,105,g,0.0392
SARS-CoV2-5UTR-Amplicon-short-trimmed+3,106,a,0.0435
SARS-CoV2-5UTR-Amplicon-short-trimmed+3,107,c,0.0263
SARS-CoV2-5UTR-Amplicon-short-trimmed+3,108,a,0.0549
SARS-CoV2-5UTR-Amplicon-short-trimmed+3,109,g,0.0474
SARS-CoV2-5UTR-Amplicon-short-trimmed+3,110,g,0.0313
SARS-CoV2-5UTR-Amplicon-short-trimmed+3,111,a,0.0244
SARS-CoV2-5UTR-Amplicon-short-trimmed+3,112,c,0.0344
SARS-CoV2-5UTR-Amplicon-short-trimmed+3,113,a,0.0582
SARS-CoV2-5UTR-Amplicon-short-trimmed+3,114,c,0.0232
SARS-CoV2-5UTR-Amplicon-short-trimmed+3,115,g,0.024
SARS-CoV2-5UTR-Amplicon-short-trimmed+3,116,a,0.0246
SARS-CoV2-5UTR-Amplicon-short-trimmed+3,117,g,0.013
SARS-CoV2-5UTR-Amplicon-short-trimmed+3,118,t,0.0811
SARS-CoV2-5UTR-Amplicon-short-trimmed+3,119,a,0.0742
SARS-CoV2-5UTR-Amplicon-short-trimmed+3,120,a,0.0243
SARS-CoV2-5UTR-Amplicon-short-trimmed+3,121,c,0.0196
SARS-CoV2-5UTR-Amplicon-short-trimmed+3,122,t,0.0919
SARS-CoV2-5UTR-Amplicon-short-trimmed+3,123,c,0.2161
SARS-CoV2-5UTR-Amplicon-short-trimmed+3,124,g,0.1573
SARS-CoV2-5UTR-Amplicon-short-trimmed+3,125,t,0.2527
SARS-CoV2-5UTR-Amplicon-short-trimmed+3,126,c,0.1165
SARS-CoV2-5UTR-Amplicon-short-trimmed+3,127,t,0.1401
SARS-CoV2-5UTR-Amplicon-short-trimmed+3,128,a,0.2554
SARS-CoV2-5UTR-Amplicon-short-trimmed+3,129,t,1.1374
SARS-CoV2-5UTR-Amplicon-short-trimmed+3,130,c,0.1617
SARS-CoV2-5UTR-Amplicon-short-trimmed+3,131,t,0.2372
SARS-CoV2-5UTR-Amplicon-short-trimmed+3,132,t,0.3228
SARS-CoV2-5UTR-Amplicon-short-trimmed+3,133,c,0.3433
SARS-CoV2-5UTR-Amplicon-short-trimmed+3,134,t,0.2711
SARS-CoV2-5UTR-Amplicon-short-trimmed+3,135,g,0.1389
SARS-CoV2-5UTR-Amplicon-short-trimmed+3,136,c,0.4204
SARS-CoV2-5UTR-Amplicon-short-trimmed+3,137,a,0.2736
SARS-CoV2-5UTR-Amplicon-short-trimmed+3,138,g,0.0949
SARS-CoV2-5UTR-Amplicon-short-trimmed+3,139,g,0.2813
SARS-CoV2-5UTR-Amplicon-short-trimmed+3,140,c,0.096
SARS-CoV2-5UTR-Amplicon-short-trimmed+3,141,t,0.3366
SARS-CoV2-5UTR-Amplicon-short-trimmed+3,142,g,0.4892
SARS-CoV2-5UTR-Amplicon-short-trimmed+3,143,c,0.1086
SARS-CoV2-5UTR-Amplicon-short-trimmed+3,144,t,0.1287
SARS-CoV2-5UTR-Amplicon-short-trimmed+3,145,t,0.1498
SARS-CoV2-5UTR-Amplicon-short-trimmed+3,146,a,0.2183
SARS-CoV2-5UTR-Amplicon-short-trimmed+3,147,c,0.1749
SARS-CoV2-5UTR-Amplicon-short-trimmed+3,148,g,0.3772
SARS-CoV2-5UTR-Amplicon-short-trimmed+3,149,g,0.1631
SARS-CoV2-5UTR-Amplicon-short-trimmed+3,150,t,0.1702
SARS-CoV2-5UTR-Amplicon-short-trimmed+3,151,t,0.164
SARS-CoV2-5UTR-Amplicon-short-trimmed+3,152,t,0.2757
SARS-CoV2-5UTR-Amplicon-short-trimmed+3,153,c,0.2715
SARS-CoV2-5UTR-Amplicon-short-trimmed+3,154,g,0.0978
SARS-CoV2-5UTR-Amplicon-short-trimmed+3,155,t,0.3652
SARS-CoV2-5UTR-Amplicon-short-trimmed+3,156,c,0.2228
SARS-CoV2-5UTR-Amplicon-short-trimmed+3,157,c,0.2344
SARS-CoV2-5UTR-Amplicon-short-trimmed+3,158,g,0.1186
SARS-CoV2-5UTR-Amplicon-short-trimmed+3,159,t,1.5493
SARS-CoV2-5UTR-Amplicon-short-trimmed+3,160,g,0.0783
SARS-CoV2-5UTR-Amplicon-short-trimmed+3,161,t,0.1329
SARS-CoV2-5UTR-Amplicon-short-trimmed+3,162,t,0.1955
SARS-CoV2-5UTR-Amplicon-short-trimmed+3,163,g,0.1269
SARS-CoV2-5UTR-Amplicon-short-trimmed+3,164,c,0.3028
SARS-CoV2-5UTR-Amplicon-short-trimmed+3,165,a,0.2268
SARS-CoV2-5UTR-Amplicon-short-trimmed+3,166,g,0.4151
SARS-CoV2-5UTR-Amplicon-short-trimmed+3,167,c,0.2827
SARS-CoV2-5UTR-Amplicon-short-trimmed+3,168,c,0.5604
SARS-CoV2-5UTR-Amplicon-short-trimmed+3,169,g,0.1183
SARS-CoV2-5UTR-Amplicon-short-trimmed+3,170,a,0.1554
SARS-CoV2-5UTR-Amplicon-short-trimmed+3,171,t,0.1438
SARS-CoV2-5UTR-Amplicon-short-trimmed+3,172,c,0.2249
SARS-CoV2-5UTR-Amplicon-short-trimmed+3,173,a,0.0682
SARS-CoV2-5UTR-Amplicon-short-trimmed+3,174,t,0.108
SARS-CoV2-5UTR-Amplicon-short-trimmed+3,175,c,0.2607
SARS-CoV2-5UTR-Amplicon-short-trimmed+3,176,a,0.1567
SARS-CoV2-5UTR-Amplicon-short-trimmed+3,177,g,0.1324
SARS-CoV2-5UTR-Amplicon-short-trimmed+3,178,c,0.6311
SARS-CoV2-5UTR-Amplicon-short-trimmed+3,179,a,0.1347
SARS-CoV2-5UTR-Amplicon-short-trimmed+3,180,c,0.1148
SARS-CoV2-5UTR-Amplicon-short-trimmed+3,181,a,0.1194
SARS-CoV2-5UTR-Amplicon-short-trimmed+3,182,t,0.1621
SARS-CoV2-5UTR-Amplicon-short-trimmed+3,183,c,0.0968
SARS-CoV2-5UTR-Amplicon-short-trimmed+3,184,t,0.098
SARS-CoV2-5UTR-Amplicon-short-trimmed+3,185,a,0.1778
SARS-CoV2-5UTR-Amplicon-short-trimmed+3,186,g,0.0953
SARS-CoV2-5UTR-Amplicon-short-trimmed+3,187,g,0.1038
SARS-CoV2-5UTR-Amplicon-short-trimmed+3,188,t,0.1594
SARS-CoV2-5UTR-Amplicon-short-trimmed+3,189,t,0.3208
SARS-CoV2-5UTR-Amplicon-short-trimmed+3,190,t,0.4396
SARS-CoV2-5UTR-Amplicon-short-trimmed+3,191,c,0.187
SARS-CoV2-5UTR-Amplicon-short-trimmed+3,192,g,0.0767
SARS-CoV2-5UTR-Amplicon-short-trimmed+3,193,t,1.2262
SARS-CoV2-5UTR-Amplicon-short-trimmed+3,194,c,0.1331
SARS-CoV2-5UTR-Amplicon-short-trimmed+3,195,c,0.1805
SARS-CoV2-5UTR-Amplicon-short-trimmed+3,196,g,0.3422
SARS-CoV2-5UTR-Amplicon-short-trimmed+3,197,g,0.153
SARS-CoV2-5UTR-Amplicon-short-trimmed+3,198,g,0.3843
SARS-CoV2-5UTR-Amplicon-short-trimmed+3,199,t,0.2647
SARS-CoV2-5UTR-Amplicon-short-trimmed+3,200,g,0.1014
SARS-CoV2-5UTR-Amplicon-short-trimmed+3,201,t,0.1602
SARS-CoV2-5UTR-Amplicon-short-trimmed+3,202,g,0.0974
SARS-CoV2-5UTR-Amplicon-short-trimmed+3,203,a,0.3459
SARS-CoV2-5UTR-Amplicon-short-trimmed+3,204,c,0.1374
SARS-CoV2-5UTR-Amplicon-short-trimmed+3,205,c,0.1281
SARS-CoV2-5UTR-Amplicon-short-trimmed+3,206,g,0.1061
SARS-CoV2-5UTR-Amplicon-short-trimmed+3,207,a,0.1217
SARS-CoV2-5UTR-Amplicon-short-trimmed+3,208,a,0.0802
SARS-CoV2-5UTR-Amplicon-short-trimmed+3,209,a,0.1521
SARS-CoV2-5UTR-Amplicon-short-trimmed+3,210,g,0.1349
SARS-CoV2-5UTR-Amplicon-short-trimmed+3,211,g,0.1252
SARS-CoV2-5UTR-Amplicon-short-trimmed+3,212,t,0.1474
SARS-CoV2-5UTR-Amplicon-short-trimmed+3,213,a,0.0667
SARS-CoV2-5UTR-Amplicon-short-trimmed+3,214,a,0.0723
SARS-CoV2-5UTR-Amplicon-short-trimmed+3,215,g,0.0757
SARS-CoV2-5UTR-Amplicon-short-trimmed+3,216,a,0.0481
SARS-CoV2-5UTR-Amplicon-short-trimmed+3,217,t,0.1327
SARS-CoV2-5UTR-Amplicon-short-trimmed+3,218,g,0.0653
SARS-CoV2-5UTR-Amplicon-short-trimmed+3,219,g,0.0699
SARS-CoV2-5UTR-Amplicon-short-trimmed+3,220,a,0.2369
SARS-CoV2-5UTR-Amplicon-short-trimmed+3,221,g,0.1559
SARS-CoV2-5UTR-Amplicon-short-trimmed+3,222,a,0.074
SARS-CoV2-5UTR-Amplicon-short-trimmed+3,223,g,0.1975
SARS-CoV2-5UTR-Amplicon-short-trimmed+3,224,c,0.1047
SARS-CoV2-5UTR-Amplicon-short-trimmed+3,225,c,0.1036
SARS-CoV2-5UTR-Amplicon-short-trimmed+3,226,t,0.062
SARS-CoV2-5UTR-Amplicon-short-trimmed+3,227,t,0.3594
SARS-CoV2-5UTR-Amplicon-short-trimmed+3,228,g,0.051
SARS-CoV2-5UTR-Amplicon-short-trimmed+3,229,t,0.1642
SARS-CoV2-5UTR-Amplicon-short-trimmed+3,230,c,0.0719
SARS-CoV2-5UTR-Amplicon-short-trimmed+3,231,c,0.0802
SARS-CoV2-5UTR-Amplicon-short-trimmed+3,232,c,0.1196
SARS-CoV2-5UTR-Amplicon-short-trimmed+3,233,t,0.1838
SARS-CoV2-5UTR-Amplicon-short-trimmed+3,234,g,0.0813
SARS-CoV2-5UTR-Amplicon-short-trimmed+3,235,g,0.1482
SARS-CoV2-5UTR-Amplicon-short-trimmed+3,236,t,0.0678
SARS-CoV2-5UTR-Amplicon-short-trimmed+3,237,t,0.0728
SARS-CoV2-5UTR-Amplicon-short-trimmed+3,238,t,0.1447
SARS-CoV2-5UTR-Amplicon-short-trimmed+3,239,c,0.4997
SARS-CoV2-5UTR-Amplicon-short-trimmed+3,240,a,0.1134
SARS-CoV2-5UTR-Amplicon-short-trimmed+3,241,a,0.1034
SARS-CoV2-5UTR-Amplicon-short-trimmed+3,242,c,0.1078
SARS-CoV2-5UTR-Amplicon-short-trimmed+3,243,g,0.017
SARS-CoV2-5UTR-Amplicon-short-trimmed+3,244,a,0.2174
SARS-CoV2-5UTR-Amplicon-short-trimmed+3,245,g,0.4762
SARS-CoV2-5UTR-Amplicon-short-trimmed+3,246,g,5.0449
SARS-CoV2-5UTR-Amplicon-short-trimmed+3,247,G,96.1824
SARS-CoV2-5UTR-Amplicon-short-trimmed+3,248,A,99.8684
SARS-CoV2-5UTR-Amplicon-short-trimmed+3,249,G,99.7853
