Region,Position,Ref_base,Mut_percentage
SARS-CoV2-5UTR-Amplicon-short-trimmed+3,1,T,99.7779
SARS-CoV2-5UTR-Amplicon-short-trimmed+3,2,T,99.8637
SARS-CoV2-5UTR-Amplicon-short-trimmed+3,3,G,99.9694
SARS-CoV2-5UTR-Amplicon-short-trimmed+3,4,t,99.9408
SARS-CoV2-5UTR-Amplicon-short-trimmed+3,5,a,0.0021
SARS-CoV2-5UTR-Amplicon-short-trimmed+3,6,g,0.1303
SARS-CoV2-5UTR-Amplicon-short-trimmed+3,7,a,0.0131
SARS-CoV2-5UTR-Amplicon-short-trimmed+3,8,t,0.0103
SARS-CoV2-5UTR-Amplicon-short-trimmed+3,9,c,0.0028
SARS-CoV2-5UTR-Amplicon-short-trimmed+3,10,t,0.0065
SARS-CoV2-5UTR-Amplicon-short-trimmed+3,11,g,0.0796
SARS-CoV2-5UTR-Amplicon-short-trimmed+3,12,t,0.0208
SARS-CoV2-5UTR-Amplicon-short-trimmed+3,13,t,0.0204
SARS-CoV2-5UTR-Amplicon-short-trimmed+3,14,c,0.0078
SARS-CoV2-5UTR-Amplicon-short-trimmed+3,15,t,0.0336
SARS-CoV2-5UTR-Amplicon-short-trimmed+3,16,c,0.0168
SARS-CoV2-5UTR-Amplicon-short-trimmed+3,17,t,0.0168
SARS-CoV2-5UTR-Amplicon-short-trimmed+3,18,a,0.0429
SARS-CoV2-5UTR-Amplicon-short-trimmed+3,19,a,0.0124
SARS-CoV2-5UTR-Amplicon-short-trimmed+3,20,a,0.0124
SARS-CoV2-5UTR-Amplicon-short-trimmed+3,21,c,0.006
SARS-CoV2-5UTR-Amplicon-short-trimmed+3,22,g,0.0164
SARS-CoV2-5UTR-Amplicon-short-trimmed+3,23,a,0.009
SARS-CoV2-5UTR-Amplicon-short-trimmed+3,24,a,0.0082
SARS-CoV2-5UTR-Amplicon-short-trimmed+3,25,c,0.5246
SARS-CoV2-5UTR-Amplicon-short-trimmed+3,26,t,0.0451
SARS-CoV2-5UTR-Amplicon-short-trimmed+3,27,t,0.0535
SARS-CoV2-5UTR-Amplicon-short-trimmed+3,28,t,0.0049
SARS-CoV2-5UTR-Amplicon-short-trimmed+3,29,a,0.01
SARS-CoV2-5UTR-Amplicon-short-trimmed+3,30,a,0.0165
SARS-CoV2-5UTR-Amplicon-short-trimmed+3,31,a,0.0665
SARS-CoV2-5UTR-Amplicon-short-trimmed+3,32,a,0.0172
SARS-CoV2-5UTR-Amplicon-short-trimmed+3,33,t,0.0185
SARS-CoV2-5UTR-Amplicon-short-trimmed+3,34,c,0.0064
SARS-CoV2-5UTR-Amplicon-short-trimmed+3,35,t,0.0153
SARS-CoV2-5UTR-Amplicon-short-trimmed+3,36,g,0.0219
SARS-CoV2-5UTR-Amplicon-short-trimmed+3,37,t,0.0256
SARS-CoV2-5UTR-Amplicon-short-trimmed+3,38,g,0.0132
SARS-CoV2-5UTR-Amplicon-short-trimmed+3,39,t,0.0242
SARS-CoV2-5UTR-Amplicon-short-trimmed+3,40,g,0.0203
SARS-CoV2-5UTR-Amplicon-short-trimmed+3,41,g,0.0332
SARS-CoV2-5UTR-Amplicon-short-trimmed+3,42,c,0.0125
SARS-CoV2-5UTR-Amplicon-short-trimmed+3,43,t,0.0665
SARS-CoV2-5UTR-Amplicon-short-trimmed+3,44,g,0.0257
SARS-CoV2-5UTR-Amplicon-short-trimmed+3,45,t,0.0458
SARS-CoV2-5UTR-Amplicon-short-trimmed+3,46,c,0.0078
SARS-CoV2-5UTR-Amplicon-short-trimmed+3,47,a,0.0106
SARS-CoV2-5UTR-Amplicon-short-trimmed+3,48,c,0.0043
SARS-CoV2-5UTR-Amplicon-short-trimmed+3,49,t,0.0215
SARS-CoV2-5UTR-Amplicon-short-trimmed+3,50,c,0.0071
SARS-CoV2-5UTR-Amplicon-short-trimmed+3,51,g,0.0344
SARS-CoV2-5UTR-Amplicon-short-trimmed+3,52,g,0.0347
SARS-CoV2-5UTR-Amplicon-short-trimmed+3,53,c,0.0569
SARS-CoV2-5UTR-Amplicon-short-trimmed+3,54,t,0.0107
SARS-CoV2-5UTR-Amplicon-short-trimmed+3,55,g,0.081
SARS-CoV2-5UTR-Amplicon-short-trimmed+3,56,c,0.0118
SARS-CoV2-5UTR-Amplicon-short-trimmed+3,57,g,0.0826
SARS-CoV2-5UTR-Amplicon-short-trimmed+3,58,t,0.0385
SARS-CoV2-5UTR-Amplicon-short-trimmed+3,59,g,0.0543
SARS-CoV2-5UTR-Amplicon-short-trimmed+3,60,c,0.0101
SARS-CoV2-5UTR-Amplicon-short-trimmed+3,61,t,0.0367
SARS-CoV2-5UTR-Amplicon-short-trimmed+3,62,t,0.02
SARS-CoV2-5UTR-Amplicon-short-trimmed+3,63,a,0.0167
SARS-CoV2-5UTR-Amplicon-short-trimmed+3,64,g,0.0149
SARS-CoV2-5UTR-Amplicon-short-trimmed+3,65,t,0.0131
SARS-CoV2-5UTR-Amplicon-short-trimmed+3,66,g,0.0492
SARS-CoV2-5UTR-Amplicon-short-trimmed+3,67,c,0.0204
SARS-CoV2-5UTR-Amplicon-short-trimmed+3,68,a,0.029
SARS-CoV2-5UTR-Amplicon-short-trimmed+3,69,c,0.0125
SARS-CoV2-5UTR-Amplicon-short-trimmed+3,70,t,0.0186
SARS-CoV2-5UTR-Amplicon-short-trimmed+3,71,c,0.0174
SARS-CoV2-5UTR-Amplicon-short-trimmed+3,72,a,0.0282
SARS-CoV2-5UTR-Amplicon-short-trimmed+3,73,c,0.0079
SARS-CoV2-5UTR-Amplicon-short-trimmed+3,74,g,0.0383
SARS-CoV2-5UTR-Amplicon-short-trimmed+3,75,c,0.0046
SARS-CoV2-5UTR-Amplicon-short-trimmed+3,76,a,0.0643
SARS-CoV2-5UTR-Amplicon-short-trimmed+3,77,g,0.0218
SARS-CoV2-5UTR-Amplicon-short-trimmed+3,78,t,0.0214
SARS-CoV2-5UTR-Amplicon-short-trimmed+3,79,a,0.028
SARS-CoV2-5UTR-Amplicon-short-trimmed+3,80,t,0.0104
SARS-CoV2-5UTR-Amplicon-short-trimmed+3,81,a,0.0217
SARS-CoV2-5UTR-Amplicon-short-trimmed+3,82,a,0.0414
SARS-CoV2-5UTR-Amplicon-short-trimmed+3,83,t,0.0111
SARS-CoV2-5UTR-Amplicon-short-trimmed+3,84,t,0.0501
SARS-CoV2-5UTR-Amplicon-short-trimmed+3,85,a,0.0482
SARS-CoV2-5UTR-Amplicon-short-trimmed+3,86,a,0.0362
SARS-CoV2-5UTR-Amplicon-short-trimmed+3,87,t,0.0137
SARS-CoV2-5UTR-Amplicon-short-trimmed+3,88,a,0.0346
SARS-CoV2-5UTR-Amplicon-short-trimmed+3,89,a,0.0275
SARS-CoV2-5UTR-Amplicon-short-trimmed+3,90,c,0.2952
SARS-CoV2-5UTR-Amplicon-short-trimmed+3,91,t,0.0725
SARS-CoV2-5UTR-Amplicon-short-trimmed+3,92,a,0.0283
SARS-CoV2-5UTR-Amplicon-short-trimmed+3,93,a,0.0337
SARS-CoV2-5UTR-Amplicon-short-trimmed+3,94,t,0.0319
SARS-CoV2-5UTR-Amplicon-short-trimmed+3,95,t,0.0414
SARS-CoV2-5UTR-Amplicon-short-trimmed+3,96,a,0.0272
SARS-CoV2-5UTR-Amplicon-short-trimmed+3,97,c,0.0128
SARS-CoV2-5UTR-Amplicon-short-trimmed+3,98,t,0.2609
SARS-CoV2-5UTR-Amplicon-short-trimmed+3,99,g,0.0582
SARS-CoV2-5UTR-Amplicon-short-trimmed+3,100,t,0.0622
SARS-CoV2-5UTR-Amplicon-short-trimmed+3,101,c,0.0129
SARS-CoV2-5UTR-Amplicon-short-trimmed+3,102,g,0.05
SARS-CoV2-5UTR-Amplicon-short-trimmed+3,103,t,0.0482
SARS-CoV2-5UTR-Amplicon-short-trimmed+3,104,t,0.0885
SARS-CoV2-5UTR-Amplicon-short-trimmed+3,105,g,0.0362
SARS-CoV2-5UTR-Amplicon-short-trimmed+3,106,a,0.0455
SARS-CoV2-5UTR-Amplicon-short-trimmed+3,107,c,0.0207
SARS-CoV2-5UTR-Amplicon-short-trimmed+3,108,a,0.061
SARS-CoV2-5UTR-Amplicon-short-trimmed+3,109,g,0.0455
SARS-CoV2-5UTR-Amplicon-short-trimmed+3,110,g,0.031
SARS-CoV2-5UTR-Amplicon-short-trimmed+3,111,a,0.0355
SARS-CoV2-5UTR-Amplicon-short-trimmed+3,112,c,0.0297
SARS-CoV2-5UTR-Amplicon-short-trimmed+3,113,a,0.0711
SARS-CoV2-5UTR-Amplicon-short-trimmed+3,114,c,0.0201
SARS-CoV2-5UTR-Amplicon-short-trimmed+3,115,g,0.031
SARS-CoV2-5UTR-Amplicon-short-trimmed+3,116,a,0.0364
SARS-CoV2-5UTR-Amplicon-short-trimmed+3,117,g,0.0214
SARS-CoV2-5UTR-Amplicon-short-trimmed+3,118,t,0.0812
SARS-CoV2-5UTR-Amplicon-short-trimmed+3,119,a,0.0924
SARS-CoV2-5UTR-Amplicon-short-trimmed+3,120,a,0.0258
SARS-CoV2-5UTR-Amplicon-short-trimmed+3,121,c,0.0194
SARS-CoV2-5UTR-Amplicon-short-trimmed+3,122,t,0.1004
SARS-CoV2-5UTR-Amplicon-short-trimmed+3,123,c,0.2139
SARS-CoV2-5UTR-Amplicon-short-trimmed+3,124,g,0.189
SARS-CoV2-5UTR-Amplicon-short-trimmed+3,125,t,0.2397
SARS-CoV2-5UTR-Amplicon-short-trimmed+3,126,c,0.1062
SARS-CoV2-5UTR-Amplicon-short-trimmed+3,127,t,0.125
SARS-CoV2-5UTR-Amplicon-short-trimmed+3,128,a,0.2411
SARS-CoV2-5UTR-Amplicon-short-trimmed+3,129,t,1.2251
SARS-CoV2-5UTR-Amplicon-short-trimmed+3,130,c,0.1312
SARS-CoV2-5UTR-Amplicon-short-trimmed+3,131,t,0.2214
SARS-CoV2-5UTR-Amplicon-short-trimmed+3,132,t,0.3556
SARS-CoV2-5UTR-Amplicon-short-trimmed+3,133,c,0.3291
SARS-CoV2-5UTR-Amplicon-short-trimmed+3,134,t,0.2722
SARS-CoV2-5UTR-Amplicon-short-trimmed+3,135,g,0.2085
SARS-CoV2-5UTR-Amplicon-short-trimmed+3,136,c,0.4119
SARS-CoV2-5UTR-Amplicon-short-trimmed+3,137,a,0.298
SARS-CoV2-5UTR-Amplicon-short-trimmed+3,138,g,0.1259
SARS-CoV2-5UTR-Amplicon-short-trimmed+3,139,g,0.338
SARS-CoV2-5UTR-Amplicon-short-trimmed+3,140,c,0.1087
SARS-CoV2-5UTR-Amplicon-short-trimmed+3,141,t,0.3447
SARS-CoV2-5UTR-Amplicon-short-trimmed+3,142,g,0.5236
SARS-CoV2-5UTR-Amplicon-short-trimmed+3,143,c,0.0996
SARS-CoV2-5UTR-Amplicon-short-trimmed+3,144,t,0.1096
SARS-CoV2-5UTR-Amplicon-short-trimmed+3,145,t,0.1463
SARS-CoV2-5UTR-Amplicon-short-trimmed+3,146,a,0.2307
SARS-CoV2-5UTR-Amplicon-short-trimmed+3,147,c,0.1626
SARS-CoV2-5UTR-Amplicon-short-trimmed+3,148,g,0.4359
SARS-CoV2-5UTR-Amplicon-short-trimmed+3,149,g,0.2287
SARS-CoV2-5UTR-Amplicon-short-trimmed+3,150,t,0.1683
SARS-CoV2-5UTR-Amplicon-short-trimmed+3,151,t,0.1515
SARS-CoV2-5UTR-Amplicon-short-trimmed+3,152,t,0.2771
SARS-CoV2-5UTR-Amplicon-short-trimmed+3,153,c,0.2306
SARS-CoV2-5UTR-Amplicon-short-trimmed+3,154,g,0.119
SARS-CoV2-5UTR-Amplicon-short-trimmed+3,155,t,0.336
SARS-CoV2-5UTR-Amplicon-short-trimmed+3,156,c,0.2069
SARS-CoV2-5UTR-Amplicon-short-trimmed+3,157,c,0.2271
SARS-CoV2-5UTR-Amplicon-short-trimmed+3,158,g,0.2075
SARS-CoV2-5UTR-Amplicon-short-trimmed+3,159,t,1.6308
SARS-CoV2-5UTR-Amplicon-short-trimmed+3,160,g,0.1295
SARS-CoV2-5UTR-Amplicon-short-trimmed+3,161,t,0.1281
SARS-CoV2-5UTR-Amplicon-short-trimmed+3,162,t,0.2022
SARS-CoV2-5UTR-Amplicon-short-trimmed+3,163,g,0.1363
SARS-CoV2-5UTR-Amplicon-short-trimmed+3,164,c,0.2924
SARS-CoV2-5UTR-Amplicon-short-trimmed+3,165,a,0.2212
SARS-CoV2-5UTR-Amplicon-short-trimmed+3,166,g,0.4271
SARS-CoV2-5UTR-Amplicon-short-trimmed+3,167,c,0.2538
SARS-CoV2-5UTR-Amplicon-short-trimmed+3,168,c,0.5281
SARS-CoV2-5UTR-Amplicon-short-trimmed+3,169,g,0.0967
SARS-CoV2-5UTR-Amplicon-short-trimmed+3,170,a,0.1463
SARS-CoV2-5UTR-Amplicon-short-trimmed+3,171,t,0.1416
SARS-CoV2-5UTR-Amplicon-short-trimmed+3,172,c,0.1852
SARS-CoV2-5UTR-Amplicon-short-trimmed+3,173,a,0.0728
SARS-CoV2-5UTR-Amplicon-short-trimmed+3,174,t,0.1106
SARS-CoV2-5UTR-Amplicon-short-trimmed+3,175,c,0.2346
SARS-CoV2-5UTR-Amplicon-short-trimmed+3,176,a,0.1521
SARS-CoV2-5UTR-Amplicon-short-trimmed+3,177,g,0.2066
SARS-CoV2-5UTR-Amplicon-short-trimmed+3,178,c,0.617
SARS-CoV2-5UTR-Amplicon-short-trimmed+3,179,a,0.1419
SARS-CoV2-5UTR-Amplicon-short-trimmed+3,180,c,0.0879
SARS-CoV2-5UTR-Amplicon-short-trimmed+3,181,a,0.1335
SARS-CoV2-5UTR-Amplicon-short-trimmed+3,182,t,0.1647
SARS-CoV2-5UTR-Amplicon-short-trimmed+3,183,c,0.0818
SARS-CoV2-5UTR-Amplicon-short-trimmed+3,184,t,0.1047
SARS-CoV2-5UTR-Amplicon-short-trimmed+3,185,a,0.1809
SARS-CoV2-5UTR-Amplicon-short-trimmed+3,186,g,0.0912
SARS-CoV2-5UTR-Amplicon-short-trimmed+3,187,g,0.1445
SARS-CoV2-5UTR-Amplicon-short-trimmed+3,188,t,0.1472
SARS-CoV2-5UTR-Amplicon-short-trimmed+3,189,t,0.31
SARS-CoV2-5UTR-Amplicon-short-trimmed+3,190,t,0.442
SARS-CoV2-5UTR-Amplicon-short-trimmed+3,191,c,0.1324
SARS-CoV2-5UTR-Amplicon-short-trimmed+3,192,g,0.1033
SARS-CoV2-5UTR-Amplicon-short-trimmed+3,193,t,1.2991
SARS-CoV2-5UTR-Amplicon-short-trimmed+3,194,c,0.0933
SARS-CoV2-5UTR-Amplicon-short-trimmed+3,195,c,0.1495
SARS-CoV2-5UTR-Amplicon-short-trimmed+3,196,g,0.3736
SARS-CoV2-5UTR-Amplicon-short-trimmed+3,197,g,0.1976
SARS-CoV2-5UTR-Amplicon-short-trimmed+3,198,g,0.4368
SARS-CoV2-5UTR-Amplicon-short-trimmed+3,199,t,0.2577
SARS-CoV2-5UTR-Amplicon-short-trimmed+3,200,g,0.1715
SARS-CoV2-5UTR-Amplicon-short-trimmed+3,201,t,0.136
SARS-CoV2-5UTR-Amplicon-short-trimmed+3,202,g,0.1038
SARS-CoV2-5UTR-Amplicon-short-trimmed+3,203,a,0.3346
SARS-CoV2-5UTR-Amplicon-short-trimmed+3,204,c,0.1037
SARS-CoV2-5UTR-Amplicon-short-trimmed+3,205,c,0.1007
SARS-CoV2-5UTR-Amplicon-short-trimmed+3,206,g,0.2129
SARS-CoV2-5UTR-Amplicon-short-trimmed+3,207,a,0.1213
SARS-CoV2-5UTR-Amplicon-short-trimmed+3,208,a,0.0735
SARS-CoV2-5UTR-Amplicon-short-trimmed+3,209,a,0.1561
SARS-CoV2-5UTR-Amplicon-short-trimmed+3,210,g,0.1667
SARS-CoV2-5UTR-Amplicon-short-trimmed+3,211,g,0.1962
SARS-CoV2-5UTR-Amplicon-short-trimmed+3,212,t,0.1479
SARS-CoV2-5UTR-Amplicon-short-trimmed+3,213,a,0.0591
SARS-CoV2-5UTR-Amplicon-short-trimmed+3,214,a,0.071
SARS-CoV2-5UTR-Amplicon-short-trimmed+3,215,g,0.0712
SARS-CoV2-5UTR-Amplicon-short-trimmed+3,216,a,0.0403
SARS-CoV2-5UTR-Amplicon-short-trimmed+3,217,t,0.1309
SARS-CoV2-5UTR-Amplicon-short-trimmed+3,218,g,0.1111
SARS-CoV2-5UTR-Amplicon-short-trimmed+3,219,g,0.0614
SARS-CoV2-5UTR-Amplicon-short-trimmed+3,220,a,0.212
SARS-CoV2-5UTR-Amplicon-short-trimmed+3,221,g,0.1445
SARS-CoV2-5UTR-Amplicon-short-trimmed+3,222,a,0.0716
SARS-CoV2-5UTR-Amplicon-short-trimmed+3,223,g,0.3241
SARS-CoV2-5UTR-Amplicon-short-trimmed+3,224,c,0.0686
SARS-CoV2-5UTR-Amplicon-short-trimmed+3,225,c,0.0754
SARS-CoV2-5UTR-Amplicon-short-trimmed+3,226,t,0.0516
SARS-CoV2-5UTR-Amplicon-short-trimmed+3,227,t,0.3326
SARS-CoV2-5UTR-Amplicon-short-trimmed+3,228,g,0.0475
SARS-CoV2-5UTR-Amplicon-short-trimmed+3,229,t,0.1369
SARS-CoV2-5UTR-Amplicon-short-trimmed+3,230,c,0.06
SARS-CoV2-5UTR-Amplicon-short-trimmed+3,231,c,0.0513
SARS-CoV2-5UTR-Amplicon-short-trimmed+3,232,c,0.0826
SARS-CoV2-5UTR-Amplicon-short-trimmed+3,233,t,0.168
SARS-CoV2-5UTR-Amplicon-short-trimmed+3,234,g,0.1264
SARS-CoV2-5UTR-Amplicon-short-trimmed+3,235,g,0.1675
SARS-CoV2-5UTR-Amplicon-short-trimmed+3,236,t,0.064
SARS-CoV2-5UTR-Amplicon-short-trimmed+3,237,t,0.0734
SARS-CoV2-5UTR-Amplicon-short-trimmed+3,238,t,0.1443
SARS-CoV2-5UTR-Amplicon-short-trimmed+3,239,c,0.5719
SARS-CoV2-5UTR-Amplicon-short-trimmed+3,240,a,0.0967
SARS-CoV2-5UTR-Amplicon-short-trimmed+3,241,a,0.0876
SARS-CoV2-5UTR-Amplicon-short-trimmed+3,242,c,0.0775
SARS-CoV2-5UTR-Amplicon-short-trimmed+3,243,g,0.0182
SARS-CoV2-5UTR-Amplicon-short-trimmed+3,244,a,0.1922
SARS-CoV2-5UTR-Amplicon-short-trimmed+3,245,g,0.5081
SARS-CoV2-5UTR-Amplicon-short-trimmed+3,246,g,5.1843
SARS-CoV2-5UTR-Amplicon-short-trimmed+3,247,G,96.0638
SARS-CoV2-5UTR-Amplicon-short-trimmed+3,248,A,99.8543
SARS-CoV2-5UTR-Amplicon-short-trimmed+3,249,G,99.7599
