Region,Position,Ref_base,Mut_percentage
SARS-CoV2-5UTR-Amplicon-short-trimmed+3,1,T,99.8091
SARS-CoV2-5UTR-Amplicon-short-trimmed+3,2,T,99.8563
SARS-CoV2-5UTR-Amplicon-short-trimmed+3,3,G,99.9668
SARS-CoV2-5UTR-Amplicon-short-trimmed+3,4,t,99.9401
SARS-CoV2-5UTR-Amplicon-short-trimmed+3,5,a,0.0041
SARS-CoV2-5UTR-Amplicon-short-trimmed+3,6,g,0.0643
SARS-CoV2-5UTR-Amplicon-short-trimmed+3,7,a,0.0137
SARS-CoV2-5UTR-Amplicon-short-trimmed+3,8,t,0.0179
SARS-CoV2-5UTR-Amplicon-short-trimmed+3,9,c,0.0036
SARS-CoV2-5UTR-Amplicon-short-trimmed+3,10,t,0.0088
SARS-CoV2-5UTR-Amplicon-short-trimmed+3,11,g,0.107
SARS-CoV2-5UTR-Amplicon-short-trimmed+3,12,t,0.0311
SARS-CoV2-5UTR-Amplicon-short-trimmed+3,13,t,0.0234
SARS-CoV2-5UTR-Amplicon-short-trimmed+3,14,c,0.0071
SARS-CoV2-5UTR-Amplicon-short-trimmed+3,15,t,0.0465
SARS-CoV2-5UTR-Amplicon-short-trimmed+3,16,c,0.0218
SARS-CoV2-5UTR-Amplicon-short-trimmed+3,17,t,0.0223
SARS-CoV2-5UTR-Amplicon-short-trimmed+3,18,a,0.0495
SARS-CoV2-5UTR-Amplicon-short-trimmed+3,19,a,0.0148
SARS-CoV2-5UTR-Amplicon-short-trimmed+3,20,a,0.0132
SARS-CoV2-5UTR-Amplicon-short-trimmed+3,21,c,0.0069
SARS-CoV2-5UTR-Amplicon-short-trimmed+3,22,g,0.0145
SARS-CoV2-5UTR-Amplicon-short-trimmed+3,23,a,0.0101
SARS-CoV2-5UTR-Amplicon-short-trimmed+3,24,a,0.0107
SARS-CoV2-5UTR-Amplicon-short-trimmed+3,25,c,0.2737
SARS-CoV2-5UTR-Amplicon-short-trimmed+3,26,t,0.058
SARS-CoV2-5UTR-Amplicon-short-trimmed+3,27,t,0.0616
SARS-CoV2-5UTR-Amplicon-short-trimmed+3,28,t,0.0057
SARS-CoV2-5UTR-Amplicon-short-trimmed+3,29,a,0.0099
SARS-CoV2-5UTR-Amplicon-short-trimmed+3,30,a,0.017
SARS-CoV2-5UTR-Amplicon-short-trimmed+3,31,a,0.0567
SARS-CoV2-5UTR-Amplicon-short-trimmed+3,32,a,0.0168
SARS-CoV2-5UTR-Amplicon-short-trimmed+3,33,t,0.0215
SARS-CoV2-5UTR-Amplicon-short-trimmed+3,34,c,0.0066
SARS-CoV2-5UTR-Amplicon-short-trimmed+3,35,t,0.0192
SARS-CoV2-5UTR-Amplicon-short-trimmed+3,36,g,0.0189
SARS-CoV2-5UTR-Amplicon-short-trimmed+3,37,t,0.0339
SARS-CoV2-5UTR-Amplicon-short-trimmed+3,38,g,0.009
SARS-CoV2-5UTR-Amplicon-short-trimmed+3,39,t,0.0212
SARS-CoV2-5UTR-Amplicon-short-trimmed+3,40,g,0.0203
SARS-CoV2-5UTR-Amplicon-short-trimmed+3,41,g,0.0336
SARS-CoV2-5UTR-Amplicon-short-trimmed+3,42,c,0.0124
SARS-CoV2-5UTR-Amplicon-short-trimmed+3,43,t,0.0762
SARS-CoV2-5UTR-Amplicon-short-trimmed+3,44,g,0.031
SARS-CoV2-5UTR-Amplicon-short-trimmed+3,45,t,0.055
SARS-CoV2-5UTR-Amplicon-short-trimmed+3,46,c,0.0085
SARS-CoV2-5UTR-Amplicon-short-trimmed+3,47,a,0.0108
SARS-CoV2-5UTR-Amplicon-short-trimmed+3,48,c,0.0064
SARS-CoV2-5UTR-Amplicon-short-trimmed+3,49,t,0.0266
SARS-CoV2-5UTR-Amplicon-short-trimmed+3,50,c,0.011
SARS-CoV2-5UTR-Amplicon-short-trimmed+3,51,g,0.0333
SARS-CoV2-5UTR-Amplicon-short-trimmed+3,52,g,0.0418
SARS-CoV2-5UTR-Amplicon-short-trimmed+3,53,c,0.0745
SARS-CoV2-5UTR-Amplicon-short-trimmed+3,54,t,0.0138
SARS-CoV2-5UTR-Amplicon-short-trimmed+3,55,g,0.1021
SARS-CoV2-5UTR-Amplicon-short-trimmed+3,56,c,0.0167
SARS-CoV2-5UTR-Amplicon-short-trimmed+3,57,g,0.1067
SARS-CoV2-5UTR-Amplicon-short-trimmed+3,58,t,0.0434
SARS-CoV2-5UTR-Amplicon-short-trimmed+3,59,g,0.0567
SARS-CoV2-5UTR-Amplicon-short-trimmed+3,60,c,0.0149
SARS-CoV2-5UTR-Amplicon-short-trimmed+3,61,t,0.0457
SARS-CoV2-5UTR-Amplicon-short-trimmed+3,62,t,0.0281
SARS-CoV2-5UTR-Amplicon-short-trimmed+3,63,a,0.0174
SARS-CoV2-5UTR-Amplicon-short-trimmed+3,64,g,0.0157
SARS-CoV2-5UTR-Amplicon-short-trimmed+3,65,t,0.016
SARS-CoV2-5UTR-Amplicon-short-trimmed+3,66,g,0.0531
SARS-CoV2-5UTR-Amplicon-short-trimmed+3,67,c,0.0207
SARS-CoV2-5UTR-Amplicon-short-trimmed+3,68,a,0.0386
SARS-CoV2-5UTR-Amplicon-short-trimmed+3,69,c,0.0143
SARS-CoV2-5UTR-Amplicon-short-trimmed+3,70,t,0.025
SARS-CoV2-5UTR-Amplicon-short-trimmed+3,71,c,0.0228
SARS-CoV2-5UTR-Amplicon-short-trimmed+3,72,a,0.0294
SARS-CoV2-5UTR-Amplicon-short-trimmed+3,73,c,0.0099
SARS-CoV2-5UTR-Amplicon-short-trimmed+3,74,g,0.0342
SARS-CoV2-5UTR-Amplicon-short-trimmed+3,75,c,0.0066
SARS-CoV2-5UTR-Amplicon-short-trimmed+3,76,a,0.0753
SARS-CoV2-5UTR-Amplicon-short-trimmed+3,77,g,0.0273
SARS-CoV2-5UTR-Amplicon-short-trimmed+3,78,t,0.0264
SARS-CoV2-5UTR-Amplicon-short-trimmed+3,79,a,0.0294
SARS-CoV2-5UTR-Amplicon-short-trimmed+3,80,t,0.0107
SARS-CoV2-5UTR-Amplicon-short-trimmed+3,81,a,0.0256
SARS-CoV2-5UTR-Amplicon-short-trimmed+3,82,a,0.0456
SARS-CoV2-5UTR-Amplicon-short-trimmed+3,83,t,0.0105
SARS-CoV2-5UTR-Amplicon-short-trimmed+3,84,t,0.0641
SARS-CoV2-5UTR-Amplicon-short-trimmed+3,85,a,0.0478
SARS-CoV2-5UTR-Amplicon-short-trimmed+3,86,a,0.039
SARS-CoV2-5UTR-Amplicon-short-trimmed+3,87,t,0.0137
SARS-CoV2-5UTR-Amplicon-short-trimmed+3,88,a,0.0324
SARS-CoV2-5UTR-Amplicon-short-trimmed+3,89,a,0.0316
SARS-CoV2-5UTR-Amplicon-short-trimmed+3,90,c,0.285
SARS-CoV2-5UTR-Amplicon-short-trimmed+3,91,t,0.0781
SARS-CoV2-5UTR-Amplicon-short-trimmed+3,92,a,0.03
SARS-CoV2-5UTR-Amplicon-short-trimmed+3,93,a,0.0364
SARS-CoV2-5UTR-Amplicon-short-trimmed+3,94,t,0.036
SARS-CoV2-5UTR-Amplicon-short-trimmed+3,95,t,0.0437
SARS-CoV2-5UTR-Amplicon-short-trimmed+3,96,a,0.0294
SARS-CoV2-5UTR-Amplicon-short-trimmed+3,97,c,0.0138
SARS-CoV2-5UTR-Amplicon-short-trimmed+3,98,t,0.2738
SARS-CoV2-5UTR-Amplicon-short-trimmed+3,99,g,0.061
SARS-CoV2-5UTR-Amplicon-short-trimmed+3,100,t,0.0633
SARS-CoV2-5UTR-Amplicon-short-trimmed+3,101,c,0.0138
SARS-CoV2-5UTR-Amplicon-short-trimmed+3,102,g,0.046
SARS-CoV2-5UTR-Amplicon-short-trimmed+3,103,t,0.0605
SARS-CoV2-5UTR-Amplicon-short-trimmed+3,104,t,0.0902
SARS-CoV2-5UTR-Amplicon-short-trimmed+3,105,g,0.0371
SARS-CoV2-5UTR-Amplicon-short-trimmed+3,106,a,0.0517
SARS-CoV2-5UTR-Amplicon-short-trimmed+3,107,c,0.0253
SARS-CoV2-5UTR-Amplicon-short-trimmed+3,108,a,0.0654
SARS-CoV2-5UTR-Amplicon-short-trimmed+3,109,g,0.049
SARS-CoV2-5UTR-Amplicon-short-trimmed+3,110,g,0.0396
SARS-CoV2-5UTR-Amplicon-short-trimmed+3,111,a,0.0358
SARS-CoV2-5UTR-Amplicon-short-trimmed+3,112,c,0.0324
SARS-CoV2-5UTR-Amplicon-short-trimmed+3,113,a,0.0814
SARS-CoV2-5UTR-Amplicon-short-trimmed+3,114,c,0.028
SARS-CoV2-5UTR-Amplicon-short-trimmed+3,115,g,0.0357
SARS-CoV2-5UTR-Amplicon-short-trimmed+3,116,a,0.0325
SARS-CoV2-5UTR-Amplicon-short-trimmed+3,117,g,0.0209
SARS-CoV2-5UTR-Amplicon-short-trimmed+3,118,t,0.0839
SARS-CoV2-5UTR-Amplicon-short-trimmed+3,119,a,0.1031
SARS-CoV2-5UTR-Amplicon-short-trimmed+3,120,a,0.0239
SARS-CoV2-5UTR-Amplicon-short-trimmed+3,121,c,0.0211
SARS-CoV2-5UTR-Amplicon-short-trimmed+3,122,t,0.1069
SARS-CoV2-5UTR-Amplicon-short-trimmed+3,123,c,0.1947
SARS-CoV2-5UTR-Amplicon-short-trimmed+3,124,g,0.16
SARS-CoV2-5UTR-Amplicon-short-trimmed+3,125,t,0.2889
SARS-CoV2-5UTR-Amplicon-short-trimmed+3,126,c,0.1094
SARS-CoV2-5UTR-Amplicon-short-trimmed+3,127,t,0.1331
SARS-CoV2-5UTR-Amplicon-short-trimmed+3,128,a,0.2495
SARS-CoV2-5UTR-Amplicon-short-trimmed+3,129,t,1.2191
SARS-CoV2-5UTR-Amplicon-short-trimmed+3,130,c,0.1257
SARS-CoV2-5UTR-Amplicon-short-trimmed+3,131,t,0.2075
SARS-CoV2-5UTR-Amplicon-short-trimmed+3,132,t,0.3639
SARS-CoV2-5UTR-Amplicon-short-trimmed+3,133,c,0.3425
SARS-CoV2-5UTR-Amplicon-short-trimmed+3,134,t,0.2687
SARS-CoV2-5UTR-Amplicon-short-trimmed+3,135,g,0.1379
SARS-CoV2-5UTR-Amplicon-short-trimmed+3,136,c,0.4312
SARS-CoV2-5UTR-Amplicon-short-trimmed+3,137,a,0.291
SARS-CoV2-5UTR-Amplicon-short-trimmed+3,138,g,0.0851
SARS-CoV2-5UTR-Amplicon-short-trimmed+3,139,g,0.3074
SARS-CoV2-5UTR-Amplicon-short-trimmed+3,140,c,0.1119
SARS-CoV2-5UTR-Amplicon-short-trimmed+3,141,t,0.3449
SARS-CoV2-5UTR-Amplicon-short-trimmed+3,142,g,0.5245
SARS-CoV2-5UTR-Amplicon-short-trimmed+3,143,c,0.1024
SARS-CoV2-5UTR-Amplicon-short-trimmed+3,144,t,0.1251
SARS-CoV2-5UTR-Amplicon-short-trimmed+3,145,t,0.1655
SARS-CoV2-5UTR-Amplicon-short-trimmed+3,146,a,0.233
SARS-CoV2-5UTR-Amplicon-short-trimmed+3,147,c,0.1592
SARS-CoV2-5UTR-Amplicon-short-trimmed+3,148,g,0.3656
SARS-CoV2-5UTR-Amplicon-short-trimmed+3,149,g,0.162
SARS-CoV2-5UTR-Amplicon-short-trimmed+3,150,t,0.1693
SARS-CoV2-5UTR-Amplicon-short-trimmed+3,151,t,0.1573
SARS-CoV2-5UTR-Amplicon-short-trimmed+3,152,t,0.2696
SARS-CoV2-5UTR-Amplicon-short-trimmed+3,153,c,0.2326
SARS-CoV2-5UTR-Amplicon-short-trimmed+3,154,g,0.0926
SARS-CoV2-5UTR-Amplicon-short-trimmed+3,155,t,0.3974
SARS-CoV2-5UTR-Amplicon-short-trimmed+3,156,c,0.2388
SARS-CoV2-5UTR-Amplicon-short-trimmed+3,157,c,0.2195
SARS-CoV2-5UTR-Amplicon-short-trimmed+3,158,g,0.1165
SARS-CoV2-5UTR-Amplicon-short-trimmed+3,159,t,1.6055
SARS-CoV2-5UTR-Amplicon-short-trimmed+3,160,g,0.0943
SARS-CoV2-5UTR-Amplicon-short-trimmed+3,161,t,0.1489
SARS-CoV2-5UTR-Amplicon-short-trimmed+3,162,t,0.2053
SARS-CoV2-5UTR-Amplicon-short-trimmed+3,163,g,0.1092
SARS-CoV2-5UTR-Amplicon-short-trimmed+3,164,c,0.3052
SARS-CoV2-5UTR-Amplicon-short-trimmed+3,165,a,0.2236
SARS-CoV2-5UTR-Amplicon-short-trimmed+3,166,g,0.4013
SARS-CoV2-5UTR-Amplicon-short-trimmed+3,167,c,0.3053
SARS-CoV2-5UTR-Amplicon-short-trimmed+3,168,c,0.5327
SARS-CoV2-5UTR-Amplicon-short-trimmed+3,169,g,0.0893
SARS-CoV2-5UTR-Amplicon-short-trimmed+3,170,a,0.1528
SARS-CoV2-5UTR-Amplicon-short-trimmed+3,171,t,0.1512
SARS-CoV2-5UTR-Amplicon-short-trimmed+3,172,c,0.1933
SARS-CoV2-5UTR-Amplicon-short-trimmed+3,173,a,0.0741
SARS-CoV2-5UTR-Amplicon-short-trimmed+3,174,t,0.1071
SARS-CoV2-5UTR-Amplicon-short-trimmed+3,175,c,0.2361
SARS-CoV2-5UTR-Amplicon-short-trimmed+3,176,a,0.1564
SARS-CoV2-5UTR-Amplicon-short-trimmed+3,177,g,0.1239
SARS-CoV2-5UTR-Amplicon-short-trimmed+3,178,c,0.6267
SARS-CoV2-5UTR-Amplicon-short-trimmed+3,179,a,0.1376
SARS-CoV2-5UTR-Amplicon-short-trimmed+3,180,c,0.0778
SARS-CoV2-5UTR-Amplicon-short-trimmed+3,181,a,0.1238
SARS-CoV2-5UTR-Amplicon-short-trimmed+3,182,t,0.1742
SARS-CoV2-5UTR-Amplicon-short-trimmed+3,183,c,0.0793
SARS-CoV2-5UTR-Amplicon-short-trimmed+3,184,t,0.1027
SARS-CoV2-5UTR-Amplicon-short-trimmed+3,185,a,0.1631
SARS-CoV2-5UTR-Amplicon-short-trimmed+3,186,g,0.0795
SARS-CoV2-5UTR-Amplicon-short-trimmed+3,187,g,0.0731
SARS-CoV2-5UTR-Amplicon-short-trimmed+3,188,t,0.1497
SARS-CoV2-5UTR-Amplicon-short-trimmed+3,189,t,0.2951
SARS-CoV2-5UTR-Amplicon-short-trimmed+3,190,t,0.4391
SARS-CoV2-5UTR-Amplicon-short-trimmed+3,191,c,0.133
SARS-CoV2-5UTR-Amplicon-short-trimmed+3,192,g,0.0744
SARS-CoV2-5UTR-Amplicon-short-trimmed+3,193,t,1.2844
SARS-CoV2-5UTR-Amplicon-short-trimmed+3,194,c,0.108
SARS-CoV2-5UTR-Amplicon-short-trimmed+3,195,c,0.1446
SARS-CoV2-5UTR-Amplicon-short-trimmed+3,196,g,0.3503
SARS-CoV2-5UTR-Amplicon-short-trimmed+3,197,g,0.1428
SARS-CoV2-5UTR-Amplicon-short-trimmed+3,198,g,0.484
SARS-CoV2-5UTR-Amplicon-short-trimmed+3,199,t,0.2366
SARS-CoV2-5UTR-Amplicon-short-trimmed+3,200,g,0.0781
SARS-CoV2-5UTR-Amplicon-short-trimmed+3,201,t,0.1333
SARS-CoV2-5UTR-Amplicon-short-trimmed+3,202,g,0.0847
SARS-CoV2-5UTR-Amplicon-short-trimmed+3,203,a,0.3592
SARS-CoV2-5UTR-Amplicon-short-trimmed+3,204,c,0.1186
SARS-CoV2-5UTR-Amplicon-short-trimmed+3,205,c,0.1155
SARS-CoV2-5UTR-Amplicon-short-trimmed+3,206,g,0.0863
SARS-CoV2-5UTR-Amplicon-short-trimmed+3,207,a,0.118
SARS-CoV2-5UTR-Amplicon-short-trimmed+3,208,a,0.0686
SARS-CoV2-5UTR-Amplicon-short-trimmed+3,209,a,0.1457
SARS-CoV2-5UTR-Amplicon-short-trimmed+3,210,g,0.1295
SARS-CoV2-5UTR-Amplicon-short-trimmed+3,211,g,0.1178
SARS-CoV2-5UTR-Amplicon-short-trimmed+3,212,t,0.1357
SARS-CoV2-5UTR-Amplicon-short-trimmed+3,213,a,0.0592
SARS-CoV2-5UTR-Amplicon-short-trimmed+3,214,a,0.0681
SARS-CoV2-5UTR-Amplicon-short-trimmed+3,215,g,0.0664
SARS-CoV2-5UTR-Amplicon-short-trimmed+3,216,a,0.0533
SARS-CoV2-5UTR-Amplicon-short-trimmed+3,217,t,0.1213
SARS-CoV2-5UTR-Amplicon-short-trimmed+3,218,g,0.0436
SARS-CoV2-5UTR-Amplicon-short-trimmed+3,219,g,0.0495
SARS-CoV2-5UTR-Amplicon-short-trimmed+3,220,a,0.2129
SARS-CoV2-5UTR-Amplicon-short-trimmed+3,221,g,0.125
SARS-CoV2-5UTR-Amplicon-short-trimmed+3,222,a,0.0701
SARS-CoV2-5UTR-Amplicon-short-trimmed+3,223,g,0.1918
SARS-CoV2-5UTR-Amplicon-short-trimmed+3,224,c,0.0762
SARS-CoV2-5UTR-Amplicon-short-trimmed+3,225,c,0.0686
SARS-CoV2-5UTR-Amplicon-short-trimmed+3,226,t,0.0576
SARS-CoV2-5UTR-Amplicon-short-trimmed+3,227,t,0.3205
SARS-CoV2-5UTR-Amplicon-short-trimmed+3,228,g,0.0344
SARS-CoV2-5UTR-Amplicon-short-trimmed+3,229,t,0.1582
SARS-CoV2-5UTR-Amplicon-short-trimmed+3,230,c,0.072
SARS-CoV2-5UTR-Amplicon-short-trimmed+3,231,c,0.0603
SARS-CoV2-5UTR-Amplicon-short-trimmed+3,232,c,0.0836
SARS-CoV2-5UTR-Amplicon-short-trimmed+3,233,t,0.1667
SARS-CoV2-5UTR-Amplicon-short-trimmed+3,234,g,0.0711
SARS-CoV2-5UTR-Amplicon-short-trimmed+3,235,g,0.1503
SARS-CoV2-5UTR-Amplicon-short-trimmed+3,236,t,0.0683
SARS-CoV2-5UTR-Amplicon-short-trimmed+3,237,t,0.0725
SARS-CoV2-5UTR-Amplicon-short-trimmed+3,238,t,0.1402
SARS-CoV2-5UTR-Amplicon-short-trimmed+3,239,c,0.5845
SARS-CoV2-5UTR-Amplicon-short-trimmed+3,240,a,0.1007
SARS-CoV2-5UTR-Amplicon-short-trimmed+3,241,a,0.09
SARS-CoV2-5UTR-Amplicon-short-trimmed+3,242,c,0.0765
SARS-CoV2-5UTR-Amplicon-short-trimmed+3,243,g,0.015
SARS-CoV2-5UTR-Amplicon-short-trimmed+3,244,a,0.1817
SARS-CoV2-5UTR-Amplicon-short-trimmed+3,245,g,0.4973
SARS-CoV2-5UTR-Amplicon-short-trimmed+3,246,g,5.1225
SARS-CoV2-5UTR-Amplicon-short-trimmed+3,247,G,96.0886
SARS-CoV2-5UTR-Amplicon-short-trimmed+3,248,A,99.86
SARS-CoV2-5UTR-Amplicon-short-trimmed+3,249,G,99.7676
