Region,Position,Ref_base,Mut_percentage
SARS-CoV2-5UTR-Amplicon-short-trimmed+3,1,T,99.7916
SARS-CoV2-5UTR-Amplicon-short-trimmed+3,2,T,99.8546
SARS-CoV2-5UTR-Amplicon-short-trimmed+3,3,G,99.961
SARS-CoV2-5UTR-Amplicon-short-trimmed+3,4,t,99.9399
SARS-CoV2-5UTR-Amplicon-short-trimmed+3,5,a,0.0046
SARS-CoV2-5UTR-Amplicon-short-trimmed+3,6,g,0.1119
SARS-CoV2-5UTR-Amplicon-short-trimmed+3,7,a,0.0104
SARS-CoV2-5UTR-Amplicon-short-trimmed+3,8,t,0.0174
SARS-CoV2-5UTR-Amplicon-short-trimmed+3,9,c,0.0056
SARS-CoV2-5UTR-Amplicon-short-trimmed+3,10,t,0.0033
SARS-CoV2-5UTR-Amplicon-short-trimmed+3,11,g,0.1011
SARS-CoV2-5UTR-Amplicon-short-trimmed+3,12,t,0.0179
SARS-CoV2-5UTR-Amplicon-short-trimmed+3,13,t,0.0186
SARS-CoV2-5UTR-Amplicon-short-trimmed+3,14,c,0.0206
SARS-CoV2-5UTR-Amplicon-short-trimmed+3,15,t,0.033
SARS-CoV2-5UTR-Amplicon-short-trimmed+3,16,c,0.0261
SARS-CoV2-5UTR-Amplicon-short-trimmed+3,17,t,0.0205
SARS-CoV2-5UTR-Amplicon-short-trimmed+3,18,a,0.038
SARS-CoV2-5UTR-Amplicon-short-trimmed+3,19,a,0.0089
SARS-CoV2-5UTR-Amplicon-short-trimmed+3,20,a,0.0097
SARS-CoV2-5UTR-Amplicon-short-trimmed+3,21,c,0.0156
SARS-CoV2-5UTR-Amplicon-short-trimmed+3,22,g,0.013
SARS-CoV2-5UTR-Amplicon-short-trimmed+3,23,a,0.0091
SARS-CoV2-5UTR-Amplicon-short-trimmed+3,24,a,0.0089
SARS-CoV2-5UTR-Amplicon-short-trimmed+3,25,c,0.1723
SARS-CoV2-5UTR-Amplicon-short-trimmed+3,26,t,0.0372
SARS-CoV2-5UTR-Amplicon-short-trimmed+3,27,t,0.0648
SARS-CoV2-5UTR-Amplicon-short-trimmed+3,28,t,0.0062
SARS-CoV2-5UTR-Amplicon-short-trimmed+3,29,a,0.0111
SARS-CoV2-5UTR-Amplicon-short-trimmed+3,30,a,0.0104
SARS-CoV2-5UTR-Amplicon-short-trimmed+3,31,a,0.0373
SARS-CoV2-5UTR-Amplicon-short-trimmed+3,32,a,0.0134
SARS-CoV2-5UTR-Amplicon-short-trimmed+3,33,t,0.0164
SARS-CoV2-5UTR-Amplicon-short-trimmed+3,34,c,0.0115
SARS-CoV2-5UTR-Amplicon-short-trimmed+3,35,t,0.0166
SARS-CoV2-5UTR-Amplicon-short-trimmed+3,36,g,0.018
SARS-CoV2-5UTR-Amplicon-short-trimmed+3,37,t,0.021
SARS-CoV2-5UTR-Amplicon-short-trimmed+3,38,g,0.0088
SARS-CoV2-5UTR-Amplicon-short-trimmed+3,39,t,0.0144
SARS-CoV2-5UTR-Amplicon-short-trimmed+3,40,g,0.0143
SARS-CoV2-5UTR-Amplicon-short-trimmed+3,41,g,0.0302
SARS-CoV2-5UTR-Amplicon-short-trimmed+3,42,c,0.0192
SARS-CoV2-5UTR-Amplicon-short-trimmed+3,43,t,0.0596
SARS-CoV2-5UTR-Amplicon-short-trimmed+3,44,g,0.0284
SARS-CoV2-5UTR-Amplicon-short-trimmed+3,45,t,0.031
SARS-CoV2-5UTR-Amplicon-short-trimmed+3,46,c,0.0131
SARS-CoV2-5UTR-Amplicon-short-trimmed+3,47,a,0.0128
SARS-CoV2-5UTR-Amplicon-short-trimmed+3,48,c,0.0184
SARS-CoV2-5UTR-Amplicon-short-trimmed+3,49,t,0.02
SARS-CoV2-5UTR-Amplicon-short-trimmed+3,50,c,0.019
SARS-CoV2-5UTR-Amplicon-short-trimmed+3,51,g,0.0333
SARS-CoV2-5UTR-Amplicon-short-trimmed+3,52,g,0.0326
SARS-CoV2-5UTR-Amplicon-short-trimmed+3,53,c,0.0795
SARS-CoV2-5UTR-Amplicon-short-trimmed+3,54,t,0.0138
SARS-CoV2-5UTR-Amplicon-short-trimmed+3,55,g,0.1024
SARS-CoV2-5UTR-Amplicon-short-trimmed+3,56,c,0.0268
SARS-CoV2-5UTR-Amplicon-short-trimmed+3,57,g,0.0942
SARS-CoV2-5UTR-Amplicon-short-trimmed+3,58,t,0.0248
SARS-CoV2-5UTR-Amplicon-short-trimmed+3,59,g,0.0454
SARS-CoV2-5UTR-Amplicon-short-trimmed+3,60,c,0.0186
SARS-CoV2-5UTR-Amplicon-short-trimmed+3,61,t,0.0284
SARS-CoV2-5UTR-Amplicon-short-trimmed+3,62,t,0.0199
SARS-CoV2-5UTR-Amplicon-short-trimmed+3,63,a,0.0078
SARS-CoV2-5UTR-Amplicon-short-trimmed+3,64,g,0.0118
SARS-CoV2-5UTR-Amplicon-short-trimmed+3,65,t,0.0079
SARS-CoV2-5UTR-Amplicon-short-trimmed+3,66,g,0.0307
SARS-CoV2-5UTR-Amplicon-short-trimmed+3,67,c,0.0242
SARS-CoV2-5UTR-Amplicon-short-trimmed+3,68,a,0.0228
SARS-CoV2-5UTR-Amplicon-short-trimmed+3,69,c,0.0213
SARS-CoV2-5UTR-Amplicon-short-trimmed+3,70,t,0.013
SARS-CoV2-5UTR-Amplicon-short-trimmed+3,71,c,0.0261
SARS-CoV2-5UTR-Amplicon-short-trimmed+3,72,a,0.0216
SARS-CoV2-5UTR-Amplicon-short-trimmed+3,73,c,0.0202
SARS-CoV2-5UTR-Amplicon-short-trimmed+3,74,g,0.0243
SARS-CoV2-5UTR-Amplicon-short-trimmed+3,75,c,0.0134
SARS-CoV2-5UTR-Amplicon-short-trimmed+3,76,a,0.0421
SARS-CoV2-5UTR-Amplicon-short-trimmed+3,77,g,0.0173
SARS-CoV2-5UTR-Amplicon-short-trimmed+3,78,t,0.013
SARS-CoV2-5UTR-Amplicon-short-trimmed+3,79,a,0.021
SARS-CoV2-5UTR-Amplicon-short-trimmed+3,80,t,0.0053
SARS-CoV2-5UTR-Amplicon-short-trimmed+3,81,a,0.0135
SARS-CoV2-5UTR-Amplicon-short-trimmed+3,82,a,0.0359
SARS-CoV2-5UTR-Amplicon-short-trimmed+3,83,t,0.0075
SARS-CoV2-5UTR-Amplicon-short-trimmed+3,84,t,0.0341
SARS-CoV2-5UTR-Amplicon-short-trimmed+3,85,a,0.0277
SARS-CoV2-5UTR-Amplicon-short-trimmed+3,86,a,0.0288
SARS-CoV2-5UTR-Amplicon-short-trimmed+3,87,t,0.0082
SARS-CoV2-5UTR-Amplicon-short-trimmed+3,88,a,0.017
SARS-CoV2-5UTR-Amplicon-short-trimmed+3,89,a,0.0243
SARS-CoV2-5UTR-Amplicon-short-trimmed+3,90,c,0.2913
SARS-CoV2-5UTR-Amplicon-short-trimmed+3,91,t,0.0615
SARS-CoV2-5UTR-Amplicon-short-trimmed+3,92,a,0.0177
SARS-CoV2-5UTR-Amplicon-short-trimmed+3,93,a,0.0193
SARS-CoV2-5UTR-Amplicon-short-trimmed+3,94,t,0.0215
SARS-CoV2-5UTR-Amplicon-short-trimmed+3,95,t,0.0215
SARS-CoV2-5UTR-Amplicon-short-trimmed+3,96,a,0.0177
SARS-CoV2-5UTR-Amplicon-short-trimmed+3,97,c,0.0213
SARS-CoV2-5UTR-Amplicon-short-trimmed+3,98,t,0.2786
SARS-CoV2-5UTR-Amplicon-short-trimmed+3,99,g,0.0517
SARS-CoV2-5UTR-Amplicon-short-trimmed+3,100,t,0.036
SARS-CoV2-5UTR-Amplicon-short-trimmed+3,101,c,0.0189
SARS-CoV2-5UTR-Amplicon-short-trimmed+3,102,g,0.0323
SARS-CoV2-5UTR-Amplicon-short-trimmed+3,103,t,0.0209
SARS-CoV2-5UTR-Amplicon-short-trimmed+3,104,t,0.0608
SARS-CoV2-5UTR-Amplicon-short-trimmed+3,105,g,0.0338
SARS-CoV2-5UTR-Amplicon-short-trimmed+3,106,a,0.0284
SARS-CoV2-5UTR-Amplicon-short-trimmed+3,107,c,0.0302
SARS-CoV2-5UTR-Amplicon-short-trimmed+3,108,a,0.0357
SARS-CoV2-5UTR-Amplicon-short-trimmed+3,109,g,0.0379
SARS-CoV2-5UTR-Amplicon-short-trimmed+3,110,g,0.0323
SARS-CoV2-5UTR-Amplicon-short-trimmed+3,111,a,0.0177
SARS-CoV2-5UTR-Amplicon-short-trimmed+3,112,c,0.0379
SARS-CoV2-5UTR-Amplicon-short-trimmed+3,113,a,0.0334
SARS-CoV2-5UTR-Amplicon-short-trimmed+3,114,c,0.0271
SARS-CoV2-5UTR-Amplicon-short-trimmed+3,115,g,0.0236
SARS-CoV2-5UTR-Amplicon-short-trimmed+3,116,a,0.0177
SARS-CoV2-5UTR-Amplicon-short-trimmed+3,117,g,0.0117
SARS-CoV2-5UTR-Amplicon-short-trimmed+3,118,t,0.0535
SARS-CoV2-5UTR-Amplicon-short-trimmed+3,119,a,0.0503
SARS-CoV2-5UTR-Amplicon-short-trimmed+3,120,a,0.0182
SARS-CoV2-5UTR-Amplicon-short-trimmed+3,121,c,0.0292
SARS-CoV2-5UTR-Amplicon-short-trimmed+3,122,t,0.0681
SARS-CoV2-5UTR-Amplicon-short-trimmed+3,123,c,0.2072
SARS-CoV2-5UTR-Amplicon-short-trimmed+3,124,g,0.1539
SARS-CoV2-5UTR-Amplicon-short-trimmed+3,125,t,0.1623
SARS-CoV2-5UTR-Amplicon-short-trimmed+3,126,c,0.1348
SARS-CoV2-5UTR-Amplicon-short-trimmed+3,127,t,0.0846
SARS-CoV2-5UTR-Amplicon-short-trimmed+3,128,a,0.196
SARS-CoV2-5UTR-Amplicon-short-trimmed+3,129,t,0.7817
SARS-CoV2-5UTR-Amplicon-short-trimmed+3,130,c,0.1974
SARS-CoV2-5UTR-Amplicon-short-trimmed+3,131,t,0.1509
SARS-CoV2-5UTR-Amplicon-short-trimmed+3,132,t,0.221
SARS-CoV2-5UTR-Amplicon-short-trimmed+3,133,c,0.2855
SARS-CoV2-5UTR-Amplicon-short-trimmed+3,134,t,0.1557
SARS-CoV2-5UTR-Amplicon-short-trimmed+3,135,g,0.1147
SARS-CoV2-5UTR-Amplicon-short-trimmed+3,136,c,0.3986
SARS-CoV2-5UTR-Amplicon-short-trimmed+3,137,a,0.2082
SARS-CoV2-5UTR-Amplicon-short-trimmed+3,138,g,0.0806
SARS-CoV2-5UTR-Amplicon-short-trimmed+3,139,g,0.205
SARS-CoV2-5UTR-Amplicon-short-trimmed+3,140,c,0.1452
SARS-CoV2-5UTR-Amplicon-short-trimmed+3,141,t,0.2318
SARS-CoV2-5UTR-Amplicon-short-trimmed+3,142,g,0.3478
SARS-CoV2-5UTR-Amplicon-short-trimmed+3,143,c,0.1524
SARS-CoV2-5UTR-Amplicon-short-trimmed+3,144,t,0.0859
SARS-CoV2-5UTR-Amplicon-short-trimmed+3,145,t,0.1038
SARS-CoV2-5UTR-Amplicon-short-trimmed+3,146,a,0.1624
SARS-CoV2-5UTR-Amplicon-short-trimmed+3,147,c,0.2336
SARS-CoV2-5UTR-Amplicon-short-trimmed+3,148,g,0.3482
SARS-CoV2-5UTR-Amplicon-short-trimmed+3,149,g,0.1333
SARS-CoV2-5UTR-Amplicon-short-trimmed+3,150,t,0.1412
SARS-CoV2-5UTR-Amplicon-short-trimmed+3,151,t,0.1086
SARS-CoV2-5UTR-Amplicon-short-trimmed+3,152,t,0.1789
SARS-CoV2-5UTR-Amplicon-short-trimmed+3,153,c,0.3069
SARS-CoV2-5UTR-Amplicon-short-trimmed+3,154,g,0.081
SARS-CoV2-5UTR-Amplicon-short-trimmed+3,155,t,0.2518
SARS-CoV2-5UTR-Amplicon-short-trimmed+3,156,c,0.3071
SARS-CoV2-5UTR-Amplicon-short-trimmed+3,157,c,0.2353
SARS-CoV2-5UTR-Amplicon-short-trimmed+3,158,g,0.1062
SARS-CoV2-5UTR-Amplicon-short-trimmed+3,159,t,1.0997
SARS-CoV2-5UTR-Amplicon-short-trimmed+3,160,g,0.0811
SARS-CoV2-5UTR-Amplicon-short-trimmed+3,161,t,0.1031
SARS-CoV2-5UTR-Amplicon-short-trimmed+3,162,t,0.1564
SARS-CoV2-5UTR-Amplicon-short-trimmed+3,163,g,0.0878
SARS-CoV2-5UTR-Amplicon-short-trimmed+3,164,c,0.2816
SARS-CoV2-5UTR-Amplicon-short-trimmed+3,165,a,0.182
SARS-CoV2-5UTR-Amplicon-short-trimmed+3,166,g,0.308
SARS-CoV2-5UTR-Amplicon-short-trimmed+3,167,c,0.3292
SARS-CoV2-5UTR-Amplicon-short-trimmed+3,168,c,0.5138
SARS-CoV2-5UTR-Amplicon-short-trimmed+3,169,g,0.0853
SARS-CoV2-5UTR-Amplicon-short-trimmed+3,170,a,0.1039
SARS-CoV2-5UTR-Amplicon-short-trimmed+3,171,t,0.0972
SARS-CoV2-5UTR-Amplicon-short-trimmed+3,172,c,0.1881
SARS-CoV2-5UTR-Amplicon-short-trimmed+3,173,a,0.0661
SARS-CoV2-5UTR-Amplicon-short-trimmed+3,174,t,0.0665
SARS-CoV2-5UTR-Amplicon-short-trimmed+3,175,c,0.2476
SARS-CoV2-5UTR-Amplicon-short-trimmed+3,176,a,0.1351
SARS-CoV2-5UTR-Amplicon-short-trimmed+3,177,g,0.1182
SARS-CoV2-5UTR-Amplicon-short-trimmed+3,178,c,0.5571
SARS-CoV2-5UTR-Amplicon-short-trimmed+3,179,a,0.1063
SARS-CoV2-5UTR-Amplicon-short-trimmed+3,180,c,0.1186
SARS-CoV2-5UTR-Amplicon-short-trimmed+3,181,a,0.0943
SARS-CoV2-5UTR-Amplicon-short-trimmed+3,182,t,0.1211
SARS-CoV2-5UTR-Amplicon-short-trimmed+3,183,c,0.1416
SARS-CoV2-5UTR-Amplicon-short-trimmed+3,184,t,0.0878
SARS-CoV2-5UTR-Amplicon-short-trimmed+3,185,a,0.1772
SARS-CoV2-5UTR-Amplicon-short-trimmed+3,186,g,0.0803
SARS-CoV2-5UTR-Amplicon-short-trimmed+3,187,g,0.0741
SARS-CoV2-5UTR-Amplicon-short-trimmed+3,188,t,0.1266
SARS-CoV2-5UTR-Amplicon-short-trimmed+3,189,t,0.2423
SARS-CoV2-5UTR-Amplicon-short-trimmed+3,190,t,0.2943
SARS-CoV2-5UTR-Amplicon-short-trimmed+3,191,c,0.2253
SARS-CoV2-5UTR-Amplicon-short-trimmed+3,192,g,0.0719
SARS-CoV2-5UTR-Amplicon-short-trimmed+3,193,t,0.9032
SARS-CoV2-5UTR-Amplicon-short-trimmed+3,194,c,0.2226
SARS-CoV2-5UTR-Amplicon-short-trimmed+3,195,c,0.2191
SARS-CoV2-5UTR-Amplicon-short-trimmed+3,196,g,0.3364
SARS-CoV2-5UTR-Amplicon-short-trimmed+3,197,g,0.1375
SARS-CoV2-5UTR-Amplicon-short-trimmed+3,198,g,0.395
SARS-CoV2-5UTR-Amplicon-short-trimmed+3,199,t,0.2021
SARS-CoV2-5UTR-Amplicon-short-trimmed+3,200,g,0.0755
SARS-CoV2-5UTR-Amplicon-short-trimmed+3,201,t,0.1066
SARS-CoV2-5UTR-Amplicon-short-trimmed+3,202,g,0.0967
SARS-CoV2-5UTR-Amplicon-short-trimmed+3,203,a,0.2967
SARS-CoV2-5UTR-Amplicon-short-trimmed+3,204,c,0.2025
SARS-CoV2-5UTR-Amplicon-short-trimmed+3,205,c,0.1805
SARS-CoV2-5UTR-Amplicon-short-trimmed+3,206,g,0.1018
SARS-CoV2-5UTR-Amplicon-short-trimmed+3,207,a,0.1239
SARS-CoV2-5UTR-Amplicon-short-trimmed+3,208,a,0.0643
SARS-CoV2-5UTR-Amplicon-short-trimmed+3,209,a,0.1228
SARS-CoV2-5UTR-Amplicon-short-trimmed+3,210,g,0.1195
SARS-CoV2-5UTR-Amplicon-short-trimmed+3,211,g,0.1617
SARS-CoV2-5UTR-Amplicon-short-trimmed+3,212,t,0.1098
SARS-CoV2-5UTR-Amplicon-short-trimmed+3,213,a,0.0621
SARS-CoV2-5UTR-Amplicon-short-trimmed+3,214,a,0.0771
SARS-CoV2-5UTR-Amplicon-short-trimmed+3,215,g,0.0723
SARS-CoV2-5UTR-Amplicon-short-trimmed+3,216,a,0.0802
SARS-CoV2-5UTR-Amplicon-short-trimmed+3,217,t,0.1094
SARS-CoV2-5UTR-Amplicon-short-trimmed+3,218,g,0.0603
SARS-CoV2-5UTR-Amplicon-short-trimmed+3,219,g,0.0687
SARS-CoV2-5UTR-Amplicon-short-trimmed+3,220,a,0.2262
SARS-CoV2-5UTR-Amplicon-short-trimmed+3,221,g,0.1264
SARS-CoV2-5UTR-Amplicon-short-trimmed+3,222,a,0.0853
SARS-CoV2-5UTR-Amplicon-short-trimmed+3,223,g,0.1785
SARS-CoV2-5UTR-Amplicon-short-trimmed+3,224,c,0.1826
SARS-CoV2-5UTR-Amplicon-short-trimmed+3,225,c,0.1872
SARS-CoV2-5UTR-Amplicon-short-trimmed+3,226,t,0.042
SARS-CoV2-5UTR-Amplicon-short-trimmed+3,227,t,0.2789
SARS-CoV2-5UTR-Amplicon-short-trimmed+3,228,g,0.0524
SARS-CoV2-5UTR-Amplicon-short-trimmed+3,229,t,0.1136
SARS-CoV2-5UTR-Amplicon-short-trimmed+3,230,c,0.1187
SARS-CoV2-5UTR-Amplicon-short-trimmed+3,231,c,0.1325
SARS-CoV2-5UTR-Amplicon-short-trimmed+3,232,c,0.1948
SARS-CoV2-5UTR-Amplicon-short-trimmed+3,233,t,0.146
SARS-CoV2-5UTR-Amplicon-short-trimmed+3,234,g,0.0825
SARS-CoV2-5UTR-Amplicon-short-trimmed+3,235,g,0.1034
SARS-CoV2-5UTR-Amplicon-short-trimmed+3,236,t,0.0735
SARS-CoV2-5UTR-Amplicon-short-trimmed+3,237,t,0.052
SARS-CoV2-5UTR-Amplicon-short-trimmed+3,238,t,0.0976
SARS-CoV2-5UTR-Amplicon-short-trimmed+3,239,c,0.7166
SARS-CoV2-5UTR-Amplicon-short-trimmed+3,240,a,0.0907
SARS-CoV2-5UTR-Amplicon-short-trimmed+3,241,a,0.0969
SARS-CoV2-5UTR-Amplicon-short-trimmed+3,242,c,0.1972
SARS-CoV2-5UTR-Amplicon-short-trimmed+3,243,g,0.0177
SARS-CoV2-5UTR-Amplicon-short-trimmed+3,244,a,0.1645
SARS-CoV2-5UTR-Amplicon-short-trimmed+3,245,g,0.5524
SARS-CoV2-5UTR-Amplicon-short-trimmed+3,246,g,5.6024
SARS-CoV2-5UTR-Amplicon-short-trimmed+3,247,G,95.7023
SARS-CoV2-5UTR-Amplicon-short-trimmed+3,248,A,99.8754
SARS-CoV2-5UTR-Amplicon-short-trimmed+3,249,G,99.7552
