Region,Position,Ref_base,Mut_percentage
SARS-CoV2-5UTR-Amplicon-short-trimmed+3,1,T,99.7736
SARS-CoV2-5UTR-Amplicon-short-trimmed+3,2,T,99.8576
SARS-CoV2-5UTR-Amplicon-short-trimmed+3,3,G,99.9739
SARS-CoV2-5UTR-Amplicon-short-trimmed+3,4,t,99.9416
SARS-CoV2-5UTR-Amplicon-short-trimmed+3,5,a,0.0017
SARS-CoV2-5UTR-Amplicon-short-trimmed+3,6,g,0.0603
SARS-CoV2-5UTR-Amplicon-short-trimmed+3,7,a,0.015
SARS-CoV2-5UTR-Amplicon-short-trimmed+3,8,t,0.0179
SARS-CoV2-5UTR-Amplicon-short-trimmed+3,9,c,0.0042
SARS-CoV2-5UTR-Amplicon-short-trimmed+3,10,t,0.0065
SARS-CoV2-5UTR-Amplicon-short-trimmed+3,11,g,0.0861
SARS-CoV2-5UTR-Amplicon-short-trimmed+3,12,t,0.0212
SARS-CoV2-5UTR-Amplicon-short-trimmed+3,13,t,0.0196
SARS-CoV2-5UTR-Amplicon-short-trimmed+3,14,c,0.0091
SARS-CoV2-5UTR-Amplicon-short-trimmed+3,15,t,0.0428
SARS-CoV2-5UTR-Amplicon-short-trimmed+3,16,c,0.0198
SARS-CoV2-5UTR-Amplicon-short-trimmed+3,17,t,0.0252
SARS-CoV2-5UTR-Amplicon-short-trimmed+3,18,a,0.0471
SARS-CoV2-5UTR-Amplicon-short-trimmed+3,19,a,0.0128
SARS-CoV2-5UTR-Amplicon-short-trimmed+3,20,a,0.0151
SARS-CoV2-5UTR-Amplicon-short-trimmed+3,21,c,0.0093
SARS-CoV2-5UTR-Amplicon-short-trimmed+3,22,g,0.0181
SARS-CoV2-5UTR-Amplicon-short-trimmed+3,23,a,0.011
SARS-CoV2-5UTR-Amplicon-short-trimmed+3,24,a,0.009
SARS-CoV2-5UTR-Amplicon-short-trimmed+3,25,c,0.6386
SARS-CoV2-5UTR-Amplicon-short-trimmed+3,26,t,0.0545
SARS-CoV2-5UTR-Amplicon-short-trimmed+3,27,t,0.059
SARS-CoV2-5UTR-Amplicon-short-trimmed+3,28,t,0.0077
SARS-CoV2-5UTR-Amplicon-short-trimmed+3,29,a,0.0125
SARS-CoV2-5UTR-Amplicon-short-trimmed+3,30,a,0.0226
SARS-CoV2-5UTR-Amplicon-short-trimmed+3,31,a,0.0603
SARS-CoV2-5UTR-Amplicon-short-trimmed+3,32,a,0.0167
SARS-CoV2-5UTR-Amplicon-short-trimmed+3,33,t,0.0187
SARS-CoV2-5UTR-Amplicon-short-trimmed+3,34,c,0.0071
SARS-CoV2-5UTR-Amplicon-short-trimmed+3,35,t,0.0188
SARS-CoV2-5UTR-Amplicon-short-trimmed+3,36,g,0.0179
SARS-CoV2-5UTR-Amplicon-short-trimmed+3,37,t,0.0261
SARS-CoV2-5UTR-Amplicon-short-trimmed+3,38,g,0.0105
SARS-CoV2-5UTR-Amplicon-short-trimmed+3,39,t,0.0261
SARS-CoV2-5UTR-Amplicon-short-trimmed+3,40,g,0.0172
SARS-CoV2-5UTR-Amplicon-short-trimmed+3,41,g,0.0328
SARS-CoV2-5UTR-Amplicon-short-trimmed+3,42,c,0.0134
SARS-CoV2-5UTR-Amplicon-short-trimmed+3,43,t,0.0692
SARS-CoV2-5UTR-Amplicon-short-trimmed+3,44,g,0.0331
SARS-CoV2-5UTR-Amplicon-short-trimmed+3,45,t,0.0515
SARS-CoV2-5UTR-Amplicon-short-trimmed+3,46,c,0.0051
SARS-CoV2-5UTR-Amplicon-short-trimmed+3,47,a,0.0133
SARS-CoV2-5UTR-Amplicon-short-trimmed+3,48,c,0.0079
SARS-CoV2-5UTR-Amplicon-short-trimmed+3,49,t,0.0236
SARS-CoV2-5UTR-Amplicon-short-trimmed+3,50,c,0.0094
SARS-CoV2-5UTR-Amplicon-short-trimmed+3,51,g,0.0383
SARS-CoV2-5UTR-Amplicon-short-trimmed+3,52,g,0.046
SARS-CoV2-5UTR-Amplicon-short-trimmed+3,53,c,0.0559
SARS-CoV2-5UTR-Amplicon-short-trimmed+3,54,t,0.0116
SARS-CoV2-5UTR-Amplicon-short-trimmed+3,55,g,0.0941
SARS-CoV2-5UTR-Amplicon-short-trimmed+3,56,c,0.0207
SARS-CoV2-5UTR-Amplicon-short-trimmed+3,57,g,0.0875
SARS-CoV2-5UTR-Amplicon-short-trimmed+3,58,t,0.0411
SARS-CoV2-5UTR-Amplicon-short-trimmed+3,59,g,0.051
SARS-CoV2-5UTR-Amplicon-short-trimmed+3,60,c,0.0145
SARS-CoV2-5UTR-Amplicon-short-trimmed+3,61,t,0.0394
SARS-CoV2-5UTR-Amplicon-short-trimmed+3,62,t,0.026
SARS-CoV2-5UTR-Amplicon-short-trimmed+3,63,a,0.0172
SARS-CoV2-5UTR-Amplicon-short-trimmed+3,64,g,0.0162
SARS-CoV2-5UTR-Amplicon-short-trimmed+3,65,t,0.0173
SARS-CoV2-5UTR-Amplicon-short-trimmed+3,66,g,0.0525
SARS-CoV2-5UTR-Amplicon-short-trimmed+3,67,c,0.0236
SARS-CoV2-5UTR-Amplicon-short-trimmed+3,68,a,0.0414
SARS-CoV2-5UTR-Amplicon-short-trimmed+3,69,c,0.0165
SARS-CoV2-5UTR-Amplicon-short-trimmed+3,70,t,0.0201
SARS-CoV2-5UTR-Amplicon-short-trimmed+3,71,c,0.0229
SARS-CoV2-5UTR-Amplicon-short-trimmed+3,72,a,0.0334
SARS-CoV2-5UTR-Amplicon-short-trimmed+3,73,c,0.0125
SARS-CoV2-5UTR-Amplicon-short-trimmed+3,74,g,0.0355
SARS-CoV2-5UTR-Amplicon-short-trimmed+3,75,c,0.0076
SARS-CoV2-5UTR-Amplicon-short-trimmed+3,76,a,0.083
SARS-CoV2-5UTR-Amplicon-short-trimmed+3,77,g,0.0281
SARS-CoV2-5UTR-Amplicon-short-trimmed+3,78,t,0.0303
SARS-CoV2-5UTR-Amplicon-short-trimmed+3,79,a,0.0379
SARS-CoV2-5UTR-Amplicon-short-trimmed+3,80,t,0.0124
SARS-CoV2-5UTR-Amplicon-short-trimmed+3,81,a,0.0269
SARS-CoV2-5UTR-Amplicon-short-trimmed+3,82,a,0.0525
SARS-CoV2-5UTR-Amplicon-short-trimmed+3,83,t,0.0113
SARS-CoV2-5UTR-Amplicon-short-trimmed+3,84,t,0.0573
SARS-CoV2-5UTR-Amplicon-short-trimmed+3,85,a,0.0507
SARS-CoV2-5UTR-Amplicon-short-trimmed+3,86,a,0.044
SARS-CoV2-5UTR-Amplicon-short-trimmed+3,87,t,0.0147
SARS-CoV2-5UTR-Amplicon-short-trimmed+3,88,a,0.0389
SARS-CoV2-5UTR-Amplicon-short-trimmed+3,89,a,0.0363
SARS-CoV2-5UTR-Amplicon-short-trimmed+3,90,c,0.2914
SARS-CoV2-5UTR-Amplicon-short-trimmed+3,91,t,0.076
SARS-CoV2-5UTR-Amplicon-short-trimmed+3,92,a,0.0311
SARS-CoV2-5UTR-Amplicon-short-trimmed+3,93,a,0.0434
SARS-CoV2-5UTR-Amplicon-short-trimmed+3,94,t,0.04
SARS-CoV2-5UTR-Amplicon-short-trimmed+3,95,t,0.0436
SARS-CoV2-5UTR-Amplicon-short-trimmed+3,96,a,0.0332
SARS-CoV2-5UTR-Amplicon-short-trimmed+3,97,c,0.0107
SARS-CoV2-5UTR-Amplicon-short-trimmed+3,98,t,0.2725
SARS-CoV2-5UTR-Amplicon-short-trimmed+3,99,g,0.0706
SARS-CoV2-5UTR-Amplicon-short-trimmed+3,100,t,0.0684
SARS-CoV2-5UTR-Amplicon-short-trimmed+3,101,c,0.0128
SARS-CoV2-5UTR-Amplicon-short-trimmed+3,102,g,0.0476
SARS-CoV2-5UTR-Amplicon-short-trimmed+3,103,t,0.0501
SARS-CoV2-5UTR-Amplicon-short-trimmed+3,104,t,0.0933
SARS-CoV2-5UTR-Amplicon-short-trimmed+3,105,g,0.045
SARS-CoV2-5UTR-Amplicon-short-trimmed+3,106,a,0.0626
SARS-CoV2-5UTR-Amplicon-short-trimmed+3,107,c,0.0261
SARS-CoV2-5UTR-Amplicon-short-trimmed+3,108,a,0.074
SARS-CoV2-5UTR-Amplicon-short-trimmed+3,109,g,0.0454
SARS-CoV2-5UTR-Amplicon-short-trimmed+3,110,g,0.0343
SARS-CoV2-5UTR-Amplicon-short-trimmed+3,111,a,0.0462
SARS-CoV2-5UTR-Amplicon-short-trimmed+3,112,c,0.0368
SARS-CoV2-5UTR-Amplicon-short-trimmed+3,113,a,0.0921
SARS-CoV2-5UTR-Amplicon-short-trimmed+3,114,c,0.0216
SARS-CoV2-5UTR-Amplicon-short-trimmed+3,115,g,0.0355
SARS-CoV2-5UTR-Amplicon-short-trimmed+3,116,a,0.0411
SARS-CoV2-5UTR-Amplicon-short-trimmed+3,117,g,0.0159
SARS-CoV2-5UTR-Amplicon-short-trimmed+3,118,t,0.095
SARS-CoV2-5UTR-Amplicon-short-trimmed+3,119,a,0.1264
SARS-CoV2-5UTR-Amplicon-short-trimmed+3,120,a,0.0241
SARS-CoV2-5UTR-Amplicon-short-trimmed+3,121,c,0.0224
SARS-CoV2-5UTR-Amplicon-short-trimmed+3,122,t,0.1142
SARS-CoV2-5UTR-Amplicon-short-trimmed+3,123,c,0.2171
SARS-CoV2-5UTR-Amplicon-short-trimmed+3,124,g,0.1505
SARS-CoV2-5UTR-Amplicon-short-trimmed+3,125,t,0.2866
SARS-CoV2-5UTR-Amplicon-short-trimmed+3,126,c,0.1101
SARS-CoV2-5UTR-Amplicon-short-trimmed+3,127,t,0.1431
SARS-CoV2-5UTR-Amplicon-short-trimmed+3,128,a,0.2661
SARS-CoV2-5UTR-Amplicon-short-trimmed+3,129,t,1.3136
SARS-CoV2-5UTR-Amplicon-short-trimmed+3,130,c,0.1488
SARS-CoV2-5UTR-Amplicon-short-trimmed+3,131,t,0.2255
SARS-CoV2-5UTR-Amplicon-short-trimmed+3,132,t,0.3751
SARS-CoV2-5UTR-Amplicon-short-trimmed+3,133,c,0.3606
SARS-CoV2-5UTR-Amplicon-short-trimmed+3,134,t,0.2999
SARS-CoV2-5UTR-Amplicon-short-trimmed+3,135,g,0.1407
SARS-CoV2-5UTR-Amplicon-short-trimmed+3,136,c,0.439
SARS-CoV2-5UTR-Amplicon-short-trimmed+3,137,a,0.3221
SARS-CoV2-5UTR-Amplicon-short-trimmed+3,138,g,0.0953
SARS-CoV2-5UTR-Amplicon-short-trimmed+3,139,g,0.3186
SARS-CoV2-5UTR-Amplicon-short-trimmed+3,140,c,0.1218
SARS-CoV2-5UTR-Amplicon-short-trimmed+3,141,t,0.3639
SARS-CoV2-5UTR-Amplicon-short-trimmed+3,142,g,0.5656
SARS-CoV2-5UTR-Amplicon-short-trimmed+3,143,c,0.1089
SARS-CoV2-5UTR-Amplicon-short-trimmed+3,144,t,0.1327
SARS-CoV2-5UTR-Amplicon-short-trimmed+3,145,t,0.1707
SARS-CoV2-5UTR-Amplicon-short-trimmed+3,146,a,0.2464
SARS-CoV2-5UTR-Amplicon-short-trimmed+3,147,c,0.1619
SARS-CoV2-5UTR-Amplicon-short-trimmed+3,148,g,0.3889
SARS-CoV2-5UTR-Amplicon-short-trimmed+3,149,g,0.1872
SARS-CoV2-5UTR-Amplicon-short-trimmed+3,150,t,0.1749
SARS-CoV2-5UTR-Amplicon-short-trimmed+3,151,t,0.175
SARS-CoV2-5UTR-Amplicon-short-trimmed+3,152,t,0.2952
SARS-CoV2-5UTR-Amplicon-short-trimmed+3,153,c,0.2483
SARS-CoV2-5UTR-Amplicon-short-trimmed+3,154,g,0.0895
SARS-CoV2-5UTR-Amplicon-short-trimmed+3,155,t,0.4108
SARS-CoV2-5UTR-Amplicon-short-trimmed+3,156,c,0.2291
SARS-CoV2-5UTR-Amplicon-short-trimmed+3,157,c,0.2555
SARS-CoV2-5UTR-Amplicon-short-trimmed+3,158,g,0.1102
SARS-CoV2-5UTR-Amplicon-short-trimmed+3,159,t,1.7013
SARS-CoV2-5UTR-Amplicon-short-trimmed+3,160,g,0.0818
SARS-CoV2-5UTR-Amplicon-short-trimmed+3,161,t,0.155
SARS-CoV2-5UTR-Amplicon-short-trimmed+3,162,t,0.2127
SARS-CoV2-5UTR-Amplicon-short-trimmed+3,163,g,0.1195
SARS-CoV2-5UTR-Amplicon-short-trimmed+3,164,c,0.3407
SARS-CoV2-5UTR-Amplicon-short-trimmed+3,165,a,0.2722
SARS-CoV2-5UTR-Amplicon-short-trimmed+3,166,g,0.4999
SARS-CoV2-5UTR-Amplicon-short-trimmed+3,167,c,0.3032
SARS-CoV2-5UTR-Amplicon-short-trimmed+3,168,c,0.5534
SARS-CoV2-5UTR-Amplicon-short-trimmed+3,169,g,0.104
SARS-CoV2-5UTR-Amplicon-short-trimmed+3,170,a,0.1586
SARS-CoV2-5UTR-Amplicon-short-trimmed+3,171,t,0.1523
SARS-CoV2-5UTR-Amplicon-short-trimmed+3,172,c,0.2223
SARS-CoV2-5UTR-Amplicon-short-trimmed+3,173,a,0.0747
SARS-CoV2-5UTR-Amplicon-short-trimmed+3,174,t,0.1087
SARS-CoV2-5UTR-Amplicon-short-trimmed+3,175,c,0.2444
SARS-CoV2-5UTR-Amplicon-short-trimmed+3,176,a,0.1683
SARS-CoV2-5UTR-Amplicon-short-trimmed+3,177,g,0.1314
SARS-CoV2-5UTR-Amplicon-short-trimmed+3,178,c,0.6344
SARS-CoV2-5UTR-Amplicon-short-trimmed+3,179,a,0.1422
SARS-CoV2-5UTR-Amplicon-short-trimmed+3,180,c,0.0923
SARS-CoV2-5UTR-Amplicon-short-trimmed+3,181,a,0.1312
SARS-CoV2-5UTR-Amplicon-short-trimmed+3,182,t,0.1766
SARS-CoV2-5UTR-Amplicon-short-trimmed+3,183,c,0.0905
SARS-CoV2-5UTR-Amplicon-short-trimmed+3,184,t,0.109
SARS-CoV2-5UTR-Amplicon-short-trimmed+3,185,a,0.1772
SARS-CoV2-5UTR-Amplicon-short-trimmed+3,186,g,0.0718
SARS-CoV2-5UTR-Amplicon-short-trimmed+3,187,g,0.107
SARS-CoV2-5UTR-Amplicon-short-trimmed+3,188,t,0.1455
SARS-CoV2-5UTR-Amplicon-short-trimmed+3,189,t,0.314
SARS-CoV2-5UTR-Amplicon-short-trimmed+3,190,t,0.4677
SARS-CoV2-5UTR-Amplicon-short-trimmed+3,191,c,0.1403
SARS-CoV2-5UTR-Amplicon-short-trimmed+3,192,g,0.0659
SARS-CoV2-5UTR-Amplicon-short-trimmed+3,193,t,1.3627
SARS-CoV2-5UTR-Amplicon-short-trimmed+3,194,c,0.1172
SARS-CoV2-5UTR-Amplicon-short-trimmed+3,195,c,0.1537
SARS-CoV2-5UTR-Amplicon-short-trimmed+3,196,g,0.3414
SARS-CoV2-5UTR-Amplicon-short-trimmed+3,197,g,0.1524
SARS-CoV2-5UTR-Amplicon-short-trimmed+3,198,g,0.4336
SARS-CoV2-5UTR-Amplicon-short-trimmed+3,199,t,0.2584
SARS-CoV2-5UTR-Amplicon-short-trimmed+3,200,g,0.0841
SARS-CoV2-5UTR-Amplicon-short-trimmed+3,201,t,0.1507
SARS-CoV2-5UTR-Amplicon-short-trimmed+3,202,g,0.0957
SARS-CoV2-5UTR-Amplicon-short-trimmed+3,203,a,0.3794
SARS-CoV2-5UTR-Amplicon-short-trimmed+3,204,c,0.129
SARS-CoV2-5UTR-Amplicon-short-trimmed+3,205,c,0.1079
SARS-CoV2-5UTR-Amplicon-short-trimmed+3,206,g,0.0976
SARS-CoV2-5UTR-Amplicon-short-trimmed+3,207,a,0.128
SARS-CoV2-5UTR-Amplicon-short-trimmed+3,208,a,0.0707
SARS-CoV2-5UTR-Amplicon-short-trimmed+3,209,a,0.1615
SARS-CoV2-5UTR-Amplicon-short-trimmed+3,210,g,0.127
SARS-CoV2-5UTR-Amplicon-short-trimmed+3,211,g,0.1156
SARS-CoV2-5UTR-Amplicon-short-trimmed+3,212,t,0.1487
SARS-CoV2-5UTR-Amplicon-short-trimmed+3,213,a,0.0574
SARS-CoV2-5UTR-Amplicon-short-trimmed+3,214,a,0.0652
SARS-CoV2-5UTR-Amplicon-short-trimmed+3,215,g,0.0743
SARS-CoV2-5UTR-Amplicon-short-trimmed+3,216,a,0.0548
SARS-CoV2-5UTR-Amplicon-short-trimmed+3,217,t,0.1244
SARS-CoV2-5UTR-Amplicon-short-trimmed+3,218,g,0.051
SARS-CoV2-5UTR-Amplicon-short-trimmed+3,219,g,0.0535
SARS-CoV2-5UTR-Amplicon-short-trimmed+3,220,a,0.218
SARS-CoV2-5UTR-Amplicon-short-trimmed+3,221,g,0.1312
SARS-CoV2-5UTR-Amplicon-short-trimmed+3,222,a,0.0692
SARS-CoV2-5UTR-Amplicon-short-trimmed+3,223,g,0.2174
SARS-CoV2-5UTR-Amplicon-short-trimmed+3,224,c,0.0819
SARS-CoV2-5UTR-Amplicon-short-trimmed+3,225,c,0.0851
SARS-CoV2-5UTR-Amplicon-short-trimmed+3,226,t,0.061
SARS-CoV2-5UTR-Amplicon-short-trimmed+3,227,t,0.3264
SARS-CoV2-5UTR-Amplicon-short-trimmed+3,228,g,0.0382
SARS-CoV2-5UTR-Amplicon-short-trimmed+3,229,t,0.1498
SARS-CoV2-5UTR-Amplicon-short-trimmed+3,230,c,0.0653
SARS-CoV2-5UTR-Amplicon-short-trimmed+3,231,c,0.0549
SARS-CoV2-5UTR-Amplicon-short-trimmed+3,232,c,0.0841
SARS-CoV2-5UTR-Amplicon-short-trimmed+3,233,t,0.1817
SARS-CoV2-5UTR-Amplicon-short-trimmed+3,234,g,0.0656
SARS-CoV2-5UTR-Amplicon-short-trimmed+3,235,g,0.1668
SARS-CoV2-5UTR-Amplicon-short-trimmed+3,236,t,0.0686
SARS-CoV2-5UTR-Amplicon-short-trimmed+3,237,t,0.076
SARS-CoV2-5UTR-Amplicon-short-trimmed+3,238,t,0.1479
SARS-CoV2-5UTR-Amplicon-short-trimmed+3,239,c,0.5081
SARS-CoV2-5UTR-Amplicon-short-trimmed+3,240,a,0.108
SARS-CoV2-5UTR-Amplicon-short-trimmed+3,241,a,0.0872
SARS-CoV2-5UTR-Amplicon-short-trimmed+3,242,c,0.0831
SARS-CoV2-5UTR-Amplicon-short-trimmed+3,243,g,0.0146
SARS-CoV2-5UTR-Amplicon-short-trimmed+3,244,a,0.1857
SARS-CoV2-5UTR-Amplicon-short-trimmed+3,245,g,0.4936
SARS-CoV2-5UTR-Amplicon-short-trimmed+3,246,g,5.1465
SARS-CoV2-5UTR-Amplicon-short-trimmed+3,247,G,96.0974
SARS-CoV2-5UTR-Amplicon-short-trimmed+3,248,A,99.8655
SARS-CoV2-5UTR-Amplicon-short-trimmed+3,249,G,99.7757
