Region,Position,Ref_base,Mut_percentage
SARS-CoV2-5UTR-Amplicon-short-trimmed+3,1,T,99.8257
SARS-CoV2-5UTR-Amplicon-short-trimmed+3,2,T,99.8685
SARS-CoV2-5UTR-Amplicon-short-trimmed+3,3,G,99.9776
SARS-CoV2-5UTR-Amplicon-short-trimmed+3,4,t,99.9372
SARS-CoV2-5UTR-Amplicon-short-trimmed+3,5,a,0.0027
SARS-CoV2-5UTR-Amplicon-short-trimmed+3,6,g,0.3704
SARS-CoV2-5UTR-Amplicon-short-trimmed+3,7,a,0.01
SARS-CoV2-5UTR-Amplicon-short-trimmed+3,8,t,0.0111
SARS-CoV2-5UTR-Amplicon-short-trimmed+3,9,c,0.0023
SARS-CoV2-5UTR-Amplicon-short-trimmed+3,10,t,0.0027
SARS-CoV2-5UTR-Amplicon-short-trimmed+3,11,g,0.077
SARS-CoV2-5UTR-Amplicon-short-trimmed+3,12,t,0.0114
SARS-CoV2-5UTR-Amplicon-short-trimmed+3,13,t,0.013
SARS-CoV2-5UTR-Amplicon-short-trimmed+3,14,c,0.0077
SARS-CoV2-5UTR-Amplicon-short-trimmed+3,15,t,0.0282
SARS-CoV2-5UTR-Amplicon-short-trimmed+3,16,c,0.0102
SARS-CoV2-5UTR-Amplicon-short-trimmed+3,17,t,0.0149
SARS-CoV2-5UTR-Amplicon-short-trimmed+3,18,a,0.038
SARS-CoV2-5UTR-Amplicon-short-trimmed+3,19,a,0.008
SARS-CoV2-5UTR-Amplicon-short-trimmed+3,20,a,0.0097
SARS-CoV2-5UTR-Amplicon-short-trimmed+3,21,c,0.0059
SARS-CoV2-5UTR-Amplicon-short-trimmed+3,22,g,0.0194
SARS-CoV2-5UTR-Amplicon-short-trimmed+3,23,a,0.0036
SARS-CoV2-5UTR-Amplicon-short-trimmed+3,24,a,0.0031
SARS-CoV2-5UTR-Amplicon-short-trimmed+3,25,c,0.1288
SARS-CoV2-5UTR-Amplicon-short-trimmed+3,26,t,0.0311
SARS-CoV2-5UTR-Amplicon-short-trimmed+3,27,t,0.044
SARS-CoV2-5UTR-Amplicon-short-trimmed+3,28,t,0.0049
SARS-CoV2-5UTR-Amplicon-short-trimmed+3,29,a,0.0075
SARS-CoV2-5UTR-Amplicon-short-trimmed+3,30,a,0.0086
SARS-CoV2-5UTR-Amplicon-short-trimmed+3,31,a,0.0495
SARS-CoV2-5UTR-Amplicon-short-trimmed+3,32,a,0.0106
SARS-CoV2-5UTR-Amplicon-short-trimmed+3,33,t,0.0117
SARS-CoV2-5UTR-Amplicon-short-trimmed+3,34,c,0.0047
SARS-CoV2-5UTR-Amplicon-short-trimmed+3,35,t,0.0138
SARS-CoV2-5UTR-Amplicon-short-trimmed+3,36,g,0.0388
SARS-CoV2-5UTR-Amplicon-short-trimmed+3,37,t,0.0186
SARS-CoV2-5UTR-Amplicon-short-trimmed+3,38,g,0.0311
SARS-CoV2-5UTR-Amplicon-short-trimmed+3,39,t,0.0158
SARS-CoV2-5UTR-Amplicon-short-trimmed+3,40,g,0.0374
SARS-CoV2-5UTR-Amplicon-short-trimmed+3,41,g,0.0531
SARS-CoV2-5UTR-Amplicon-short-trimmed+3,42,c,0.011
SARS-CoV2-5UTR-Amplicon-short-trimmed+3,43,t,0.0513
SARS-CoV2-5UTR-Amplicon-short-trimmed+3,44,g,0.0445
SARS-CoV2-5UTR-Amplicon-short-trimmed+3,45,t,0.0315
SARS-CoV2-5UTR-Amplicon-short-trimmed+3,46,c,0.0055
SARS-CoV2-5UTR-Amplicon-short-trimmed+3,47,a,0.0053
SARS-CoV2-5UTR-Amplicon-short-trimmed+3,48,c,0.0067
SARS-CoV2-5UTR-Amplicon-short-trimmed+3,49,t,0.0146
SARS-CoV2-5UTR-Amplicon-short-trimmed+3,50,c,0.0081
SARS-CoV2-5UTR-Amplicon-short-trimmed+3,51,g,0.0474
SARS-CoV2-5UTR-Amplicon-short-trimmed+3,52,g,0.0441
SARS-CoV2-5UTR-Amplicon-short-trimmed+3,53,c,0.0373
SARS-CoV2-5UTR-Amplicon-short-trimmed+3,54,t,0.0121
SARS-CoV2-5UTR-Amplicon-short-trimmed+3,55,g,0.0678
SARS-CoV2-5UTR-Amplicon-short-trimmed+3,56,c,0.0127
SARS-CoV2-5UTR-Amplicon-short-trimmed+3,57,g,0.0642
SARS-CoV2-5UTR-Amplicon-short-trimmed+3,58,t,0.0158
SARS-CoV2-5UTR-Amplicon-short-trimmed+3,59,g,0.0722
SARS-CoV2-5UTR-Amplicon-short-trimmed+3,60,c,0.0106
SARS-CoV2-5UTR-Amplicon-short-trimmed+3,61,t,0.028
SARS-CoV2-5UTR-Amplicon-short-trimmed+3,62,t,0.0133
SARS-CoV2-5UTR-Amplicon-short-trimmed+3,63,a,0.013
SARS-CoV2-5UTR-Amplicon-short-trimmed+3,64,g,0.0144
SARS-CoV2-5UTR-Amplicon-short-trimmed+3,65,t,0.0066
SARS-CoV2-5UTR-Amplicon-short-trimmed+3,66,g,0.0615
SARS-CoV2-5UTR-Amplicon-short-trimmed+3,67,c,0.0194
SARS-CoV2-5UTR-Amplicon-short-trimmed+3,68,a,0.0122
SARS-CoV2-5UTR-Amplicon-short-trimmed+3,69,c,0.0092
SARS-CoV2-5UTR-Amplicon-short-trimmed+3,70,t,0.0111
SARS-CoV2-5UTR-Amplicon-short-trimmed+3,71,c,0.0158
SARS-CoV2-5UTR-Amplicon-short-trimmed+3,72,a,0.0199
SARS-CoV2-5UTR-Amplicon-short-trimmed+3,73,c,0.007
SARS-CoV2-5UTR-Amplicon-short-trimmed+3,74,g,0.0606
SARS-CoV2-5UTR-Amplicon-short-trimmed+3,75,c,0.0049
SARS-CoV2-5UTR-Amplicon-short-trimmed+3,76,a,0.0427
SARS-CoV2-5UTR-Amplicon-short-trimmed+3,77,g,0.0216
SARS-CoV2-5UTR-Amplicon-short-trimmed+3,78,t,0.0088
SARS-CoV2-5UTR-Amplicon-short-trimmed+3,79,a,0.0171
SARS-CoV2-5UTR-Amplicon-short-trimmed+3,80,t,0.0047
SARS-CoV2-5UTR-Amplicon-short-trimmed+3,81,a,0.0116
SARS-CoV2-5UTR-Amplicon-short-trimmed+3,82,a,0.025
SARS-CoV2-5UTR-Amplicon-short-trimmed+3,83,t,0.0044
SARS-CoV2-5UTR-Amplicon-short-trimmed+3,84,t,0.0214
SARS-CoV2-5UTR-Amplicon-short-trimmed+3,85,a,0.0271
SARS-CoV2-5UTR-Amplicon-short-trimmed+3,86,a,0.0218
SARS-CoV2-5UTR-Amplicon-short-trimmed+3,87,t,0.0059
SARS-CoV2-5UTR-Amplicon-short-trimmed+3,88,a,0.0182
SARS-CoV2-5UTR-Amplicon-short-trimmed+3,89,a,0.02
SARS-CoV2-5UTR-Amplicon-short-trimmed+3,90,c,0.268
SARS-CoV2-5UTR-Amplicon-short-trimmed+3,91,t,0.0477
SARS-CoV2-5UTR-Amplicon-short-trimmed+3,92,a,0.0139
SARS-CoV2-5UTR-Amplicon-short-trimmed+3,93,a,0.0186
SARS-CoV2-5UTR-Amplicon-short-trimmed+3,94,t,0.0167
SARS-CoV2-5UTR-Amplicon-short-trimmed+3,95,t,0.0193
SARS-CoV2-5UTR-Amplicon-short-trimmed+3,96,a,0.016
SARS-CoV2-5UTR-Amplicon-short-trimmed+3,97,c,0.0085
SARS-CoV2-5UTR-Amplicon-short-trimmed+3,98,t,0.2735
SARS-CoV2-5UTR-Amplicon-short-trimmed+3,99,g,0.059
SARS-CoV2-5UTR-Amplicon-short-trimmed+3,100,t,0.0315
SARS-CoV2-5UTR-Amplicon-short-trimmed+3,101,c,0.0122
SARS-CoV2-5UTR-Amplicon-short-trimmed+3,102,g,0.0826
SARS-CoV2-5UTR-Amplicon-short-trimmed+3,103,t,0.0193
SARS-CoV2-5UTR-Amplicon-short-trimmed+3,104,t,0.0485
SARS-CoV2-5UTR-Amplicon-short-trimmed+3,105,g,0.0222
SARS-CoV2-5UTR-Amplicon-short-trimmed+3,106,a,0.0225
SARS-CoV2-5UTR-Amplicon-short-trimmed+3,107,c,0.0141
SARS-CoV2-5UTR-Amplicon-short-trimmed+3,108,a,0.0329
SARS-CoV2-5UTR-Amplicon-short-trimmed+3,109,g,0.0474
SARS-CoV2-5UTR-Amplicon-short-trimmed+3,110,g,0.023
SARS-CoV2-5UTR-Amplicon-short-trimmed+3,111,a,0.0095
SARS-CoV2-5UTR-Amplicon-short-trimmed+3,112,c,0.0225
SARS-CoV2-5UTR-Amplicon-short-trimmed+3,113,a,0.0214
SARS-CoV2-5UTR-Amplicon-short-trimmed+3,114,c,0.0196
SARS-CoV2-5UTR-Amplicon-short-trimmed+3,115,g,0.0257
SARS-CoV2-5UTR-Amplicon-short-trimmed+3,116,a,0.0128
SARS-CoV2-5UTR-Amplicon-short-trimmed+3,117,g,0.0363
SARS-CoV2-5UTR-Amplicon-short-trimmed+3,118,t,0.0351
SARS-CoV2-5UTR-Amplicon-short-trimmed+3,119,a,0.0348
SARS-CoV2-5UTR-Amplicon-short-trimmed+3,120,a,0.0171
SARS-CoV2-5UTR-Amplicon-short-trimmed+3,121,c,0.0168
SARS-CoV2-5UTR-Amplicon-short-trimmed+3,122,t,0.0695
SARS-CoV2-5UTR-Amplicon-short-trimmed+3,123,c,0.2892
SARS-CoV2-5UTR-Amplicon-short-trimmed+3,124,g,0.355
SARS-CoV2-5UTR-Amplicon-short-trimmed+3,125,t,0.2128
SARS-CoV2-5UTR-Amplicon-short-trimmed+3,126,c,0.1082
SARS-CoV2-5UTR-Amplicon-short-trimmed+3,127,t,0.1073
SARS-CoV2-5UTR-Amplicon-short-trimmed+3,128,a,0.2035
SARS-CoV2-5UTR-Amplicon-short-trimmed+3,129,t,1.0101
SARS-CoV2-5UTR-Amplicon-short-trimmed+3,130,c,0.132
SARS-CoV2-5UTR-Amplicon-short-trimmed+3,131,t,0.1625
SARS-CoV2-5UTR-Amplicon-short-trimmed+3,132,t,0.2839
SARS-CoV2-5UTR-Amplicon-short-trimmed+3,133,c,0.2804
SARS-CoV2-5UTR-Amplicon-short-trimmed+3,134,t,0.2132
SARS-CoV2-5UTR-Amplicon-short-trimmed+3,135,g,0.5748
SARS-CoV2-5UTR-Amplicon-short-trimmed+3,136,c,0.4375
SARS-CoV2-5UTR-Amplicon-short-trimmed+3,137,a,0.2251
SARS-CoV2-5UTR-Amplicon-short-trimmed+3,138,g,0.2058
SARS-CoV2-5UTR-Amplicon-short-trimmed+3,139,g,0.4801
SARS-CoV2-5UTR-Amplicon-short-trimmed+3,140,c,0.1339
SARS-CoV2-5UTR-Amplicon-short-trimmed+3,141,t,0.2878
SARS-CoV2-5UTR-Amplicon-short-trimmed+3,142,g,0.4608
SARS-CoV2-5UTR-Amplicon-short-trimmed+3,143,c,0.0864
SARS-CoV2-5UTR-Amplicon-short-trimmed+3,144,t,0.1012
SARS-CoV2-5UTR-Amplicon-short-trimmed+3,145,t,0.127
SARS-CoV2-5UTR-Amplicon-short-trimmed+3,146,a,0.1716
SARS-CoV2-5UTR-Amplicon-short-trimmed+3,147,c,0.1863
SARS-CoV2-5UTR-Amplicon-short-trimmed+3,148,g,0.7764
SARS-CoV2-5UTR-Amplicon-short-trimmed+3,149,g,0.5677
SARS-CoV2-5UTR-Amplicon-short-trimmed+3,150,t,0.1534
SARS-CoV2-5UTR-Amplicon-short-trimmed+3,151,t,0.142
SARS-CoV2-5UTR-Amplicon-short-trimmed+3,152,t,0.2313
SARS-CoV2-5UTR-Amplicon-short-trimmed+3,153,c,0.279
SARS-CoV2-5UTR-Amplicon-short-trimmed+3,154,g,0.2799
SARS-CoV2-5UTR-Amplicon-short-trimmed+3,155,t,0.3154
SARS-CoV2-5UTR-Amplicon-short-trimmed+3,156,c,0.2362
SARS-CoV2-5UTR-Amplicon-short-trimmed+3,157,c,0.2259
SARS-CoV2-5UTR-Amplicon-short-trimmed+3,158,g,0.581
SARS-CoV2-5UTR-Amplicon-short-trimmed+3,159,t,1.4233
SARS-CoV2-5UTR-Amplicon-short-trimmed+3,160,g,0.3871
SARS-CoV2-5UTR-Amplicon-short-trimmed+3,161,t,0.1301
SARS-CoV2-5UTR-Amplicon-short-trimmed+3,162,t,0.1707
SARS-CoV2-5UTR-Amplicon-short-trimmed+3,163,g,0.3299
SARS-CoV2-5UTR-Amplicon-short-trimmed+3,164,c,0.3066
SARS-CoV2-5UTR-Amplicon-short-trimmed+3,165,a,0.208
SARS-CoV2-5UTR-Amplicon-short-trimmed+3,166,g,0.6093
SARS-CoV2-5UTR-Amplicon-short-trimmed+3,167,c,0.3099
SARS-CoV2-5UTR-Amplicon-short-trimmed+3,168,c,0.6459
SARS-CoV2-5UTR-Amplicon-short-trimmed+3,169,g,0.1066
SARS-CoV2-5UTR-Amplicon-short-trimmed+3,170,a,0.1141
SARS-CoV2-5UTR-Amplicon-short-trimmed+3,171,t,0.127
SARS-CoV2-5UTR-Amplicon-short-trimmed+3,172,c,0.2018
SARS-CoV2-5UTR-Amplicon-short-trimmed+3,173,a,0.0615
SARS-CoV2-5UTR-Amplicon-short-trimmed+3,174,t,0.0805
SARS-CoV2-5UTR-Amplicon-short-trimmed+3,175,c,0.2316
SARS-CoV2-5UTR-Amplicon-short-trimmed+3,176,a,0.1343
SARS-CoV2-5UTR-Amplicon-short-trimmed+3,177,g,0.621
SARS-CoV2-5UTR-Amplicon-short-trimmed+3,178,c,0.659
SARS-CoV2-5UTR-Amplicon-short-trimmed+3,179,a,0.1042
SARS-CoV2-5UTR-Amplicon-short-trimmed+3,180,c,0.0859
SARS-CoV2-5UTR-Amplicon-short-trimmed+3,181,a,0.0813
SARS-CoV2-5UTR-Amplicon-short-trimmed+3,182,t,0.1324
SARS-CoV2-5UTR-Amplicon-short-trimmed+3,183,c,0.0794
SARS-CoV2-5UTR-Amplicon-short-trimmed+3,184,t,0.1263
SARS-CoV2-5UTR-Amplicon-short-trimmed+3,185,a,0.2538
SARS-CoV2-5UTR-Amplicon-short-trimmed+3,186,g,0.251
SARS-CoV2-5UTR-Amplicon-short-trimmed+3,187,g,0.3573
SARS-CoV2-5UTR-Amplicon-short-trimmed+3,188,t,0.1515
SARS-CoV2-5UTR-Amplicon-short-trimmed+3,189,t,0.2932
SARS-CoV2-5UTR-Amplicon-short-trimmed+3,190,t,0.402
SARS-CoV2-5UTR-Amplicon-short-trimmed+3,191,c,0.175
SARS-CoV2-5UTR-Amplicon-short-trimmed+3,192,g,0.2249
SARS-CoV2-5UTR-Amplicon-short-trimmed+3,193,t,1.2273
SARS-CoV2-5UTR-Amplicon-short-trimmed+3,194,c,0.1493
SARS-CoV2-5UTR-Amplicon-short-trimmed+3,195,c,0.2187
SARS-CoV2-5UTR-Amplicon-short-trimmed+3,196,g,0.5941
SARS-CoV2-5UTR-Amplicon-short-trimmed+3,197,g,0.5224
SARS-CoV2-5UTR-Amplicon-short-trimmed+3,198,g,0.8032
SARS-CoV2-5UTR-Amplicon-short-trimmed+3,199,t,0.3223
SARS-CoV2-5UTR-Amplicon-short-trimmed+3,200,g,0.4983
SARS-CoV2-5UTR-Amplicon-short-trimmed+3,201,t,0.1343
SARS-CoV2-5UTR-Amplicon-short-trimmed+3,202,g,0.1896
SARS-CoV2-5UTR-Amplicon-short-trimmed+3,203,a,0.352
SARS-CoV2-5UTR-Amplicon-short-trimmed+3,204,c,0.1366
SARS-CoV2-5UTR-Amplicon-short-trimmed+3,205,c,0.1157
SARS-CoV2-5UTR-Amplicon-short-trimmed+3,206,g,0.6335
SARS-CoV2-5UTR-Amplicon-short-trimmed+3,207,a,0.1215
SARS-CoV2-5UTR-Amplicon-short-trimmed+3,208,a,0.0625
SARS-CoV2-5UTR-Amplicon-short-trimmed+3,209,a,0.1777
SARS-CoV2-5UTR-Amplicon-short-trimmed+3,210,g,0.4209
SARS-CoV2-5UTR-Amplicon-short-trimmed+3,211,g,0.5402
SARS-CoV2-5UTR-Amplicon-short-trimmed+3,212,t,0.1349
SARS-CoV2-5UTR-Amplicon-short-trimmed+3,213,a,0.0588
SARS-CoV2-5UTR-Amplicon-short-trimmed+3,214,a,0.0704
SARS-CoV2-5UTR-Amplicon-short-trimmed+3,215,g,0.1108
SARS-CoV2-5UTR-Amplicon-short-trimmed+3,216,a,0.0431
SARS-CoV2-5UTR-Amplicon-short-trimmed+3,217,t,0.1693
SARS-CoV2-5UTR-Amplicon-short-trimmed+3,218,g,0.3757
SARS-CoV2-5UTR-Amplicon-short-trimmed+3,219,g,0.102
SARS-CoV2-5UTR-Amplicon-short-trimmed+3,220,a,0.278
SARS-CoV2-5UTR-Amplicon-short-trimmed+3,221,g,0.2346
SARS-CoV2-5UTR-Amplicon-short-trimmed+3,222,a,0.0833
SARS-CoV2-5UTR-Amplicon-short-trimmed+3,223,g,0.9184
SARS-CoV2-5UTR-Amplicon-short-trimmed+3,224,c,0.1043
SARS-CoV2-5UTR-Amplicon-short-trimmed+3,225,c,0.0899
SARS-CoV2-5UTR-Amplicon-short-trimmed+3,226,t,0.0727
SARS-CoV2-5UTR-Amplicon-short-trimmed+3,227,t,0.3437
SARS-CoV2-5UTR-Amplicon-short-trimmed+3,228,g,0.0879
SARS-CoV2-5UTR-Amplicon-short-trimmed+3,229,t,0.1258
SARS-CoV2-5UTR-Amplicon-short-trimmed+3,230,c,0.0838
SARS-CoV2-5UTR-Amplicon-short-trimmed+3,231,c,0.0644
SARS-CoV2-5UTR-Amplicon-short-trimmed+3,232,c,0.1112
SARS-CoV2-5UTR-Amplicon-short-trimmed+3,233,t,0.2514
SARS-CoV2-5UTR-Amplicon-short-trimmed+3,234,g,0.4059
SARS-CoV2-5UTR-Amplicon-short-trimmed+3,235,g,0.3585
SARS-CoV2-5UTR-Amplicon-short-trimmed+3,236,t,0.0654
SARS-CoV2-5UTR-Amplicon-short-trimmed+3,237,t,0.0682
SARS-CoV2-5UTR-Amplicon-short-trimmed+3,238,t,0.1374
SARS-CoV2-5UTR-Amplicon-short-trimmed+3,239,c,0.5756
SARS-CoV2-5UTR-Amplicon-short-trimmed+3,240,a,0.1
SARS-CoV2-5UTR-Amplicon-short-trimmed+3,241,a,0.099
SARS-CoV2-5UTR-Amplicon-short-trimmed+3,242,c,0.1289
SARS-CoV2-5UTR-Amplicon-short-trimmed+3,243,g,0.0311
SARS-CoV2-5UTR-Amplicon-short-trimmed+3,244,a,0.2302
SARS-CoV2-5UTR-Amplicon-short-trimmed+3,245,g,0.5385
SARS-CoV2-5UTR-Amplicon-short-trimmed+3,246,g,5.4933
SARS-CoV2-5UTR-Amplicon-short-trimmed+3,247,G,95.839
SARS-CoV2-5UTR-Amplicon-short-trimmed+3,248,A,99.8658
SARS-CoV2-5UTR-Amplicon-short-trimmed+3,249,G,99.7559
