Region,Position,Ref_base,Mut_percentage
SARS-CoV2-5UTR-Amplicon-short-trimmed+3,1,T,99.8404
SARS-CoV2-5UTR-Amplicon-short-trimmed+3,2,T,99.8527
SARS-CoV2-5UTR-Amplicon-short-trimmed+3,3,G,99.961
SARS-CoV2-5UTR-Amplicon-short-trimmed+3,4,t,99.9427
SARS-CoV2-5UTR-Amplicon-short-trimmed+3,5,a,0.0026
SARS-CoV2-5UTR-Amplicon-short-trimmed+3,6,g,0.0809
SARS-CoV2-5UTR-Amplicon-short-trimmed+3,7,a,0.0112
SARS-CoV2-5UTR-Amplicon-short-trimmed+3,8,t,0.0138
SARS-CoV2-5UTR-Amplicon-short-trimmed+3,9,c,0.0051
SARS-CoV2-5UTR-Amplicon-short-trimmed+3,10,t,0.0059
SARS-CoV2-5UTR-Amplicon-short-trimmed+3,11,g,0.1272
SARS-CoV2-5UTR-Amplicon-short-trimmed+3,12,t,0.0183
SARS-CoV2-5UTR-Amplicon-short-trimmed+3,13,t,0.0193
SARS-CoV2-5UTR-Amplicon-short-trimmed+3,14,c,0.0072
SARS-CoV2-5UTR-Amplicon-short-trimmed+3,15,t,0.0451
SARS-CoV2-5UTR-Amplicon-short-trimmed+3,16,c,0.0304
SARS-CoV2-5UTR-Amplicon-short-trimmed+3,17,t,0.0231
SARS-CoV2-5UTR-Amplicon-short-trimmed+3,18,a,0.0385
SARS-CoV2-5UTR-Amplicon-short-trimmed+3,19,a,0.0093
SARS-CoV2-5UTR-Amplicon-short-trimmed+3,20,a,0.0116
SARS-CoV2-5UTR-Amplicon-short-trimmed+3,21,c,0.0063
SARS-CoV2-5UTR-Amplicon-short-trimmed+3,22,g,0.0131
SARS-CoV2-5UTR-Amplicon-short-trimmed+3,23,a,0.0055
SARS-CoV2-5UTR-Amplicon-short-trimmed+3,24,a,0.0081
SARS-CoV2-5UTR-Amplicon-short-trimmed+3,25,c,0.4985
SARS-CoV2-5UTR-Amplicon-short-trimmed+3,26,t,0.0409
SARS-CoV2-5UTR-Amplicon-short-trimmed+3,27,t,0.0718
SARS-CoV2-5UTR-Amplicon-short-trimmed+3,28,t,0.0063
SARS-CoV2-5UTR-Amplicon-short-trimmed+3,29,a,0.0071
SARS-CoV2-5UTR-Amplicon-short-trimmed+3,30,a,0.0116
SARS-CoV2-5UTR-Amplicon-short-trimmed+3,31,a,0.049
SARS-CoV2-5UTR-Amplicon-short-trimmed+3,32,a,0.0091
SARS-CoV2-5UTR-Amplicon-short-trimmed+3,33,t,0.0142
SARS-CoV2-5UTR-Amplicon-short-trimmed+3,34,c,0.0068
SARS-CoV2-5UTR-Amplicon-short-trimmed+3,35,t,0.0176
SARS-CoV2-5UTR-Amplicon-short-trimmed+3,36,g,0.018
SARS-CoV2-5UTR-Amplicon-short-trimmed+3,37,t,0.0257
SARS-CoV2-5UTR-Amplicon-short-trimmed+3,38,g,0.0115
SARS-CoV2-5UTR-Amplicon-short-trimmed+3,39,t,0.0182
SARS-CoV2-5UTR-Amplicon-short-trimmed+3,40,g,0.0182
SARS-CoV2-5UTR-Amplicon-short-trimmed+3,41,g,0.0428
SARS-CoV2-5UTR-Amplicon-short-trimmed+3,42,c,0.0112
SARS-CoV2-5UTR-Amplicon-short-trimmed+3,43,t,0.0798
SARS-CoV2-5UTR-Amplicon-short-trimmed+3,44,g,0.0334
SARS-CoV2-5UTR-Amplicon-short-trimmed+3,45,t,0.041
SARS-CoV2-5UTR-Amplicon-short-trimmed+3,46,c,0.0096
SARS-CoV2-5UTR-Amplicon-short-trimmed+3,47,a,0.0085
SARS-CoV2-5UTR-Amplicon-short-trimmed+3,48,c,0.0061
SARS-CoV2-5UTR-Amplicon-short-trimmed+3,49,t,0.0223
SARS-CoV2-5UTR-Amplicon-short-trimmed+3,50,c,0.0078
SARS-CoV2-5UTR-Amplicon-short-trimmed+3,51,g,0.0404
SARS-CoV2-5UTR-Amplicon-short-trimmed+3,52,g,0.0327
SARS-CoV2-5UTR-Amplicon-short-trimmed+3,53,c,0.0806
SARS-CoV2-5UTR-Amplicon-short-trimmed+3,54,t,0.0109
SARS-CoV2-5UTR-Amplicon-short-trimmed+3,55,g,0.123
SARS-CoV2-5UTR-Amplicon-short-trimmed+3,56,c,0.0169
SARS-CoV2-5UTR-Amplicon-short-trimmed+3,57,g,0.1243
SARS-CoV2-5UTR-Amplicon-short-trimmed+3,58,t,0.0284
SARS-CoV2-5UTR-Amplicon-short-trimmed+3,59,g,0.0593
SARS-CoV2-5UTR-Amplicon-short-trimmed+3,60,c,0.0116
SARS-CoV2-5UTR-Amplicon-short-trimmed+3,61,t,0.0312
SARS-CoV2-5UTR-Amplicon-short-trimmed+3,62,t,0.0197
SARS-CoV2-5UTR-Amplicon-short-trimmed+3,63,a,0.0111
SARS-CoV2-5UTR-Amplicon-short-trimmed+3,64,g,0.0127
SARS-CoV2-5UTR-Amplicon-short-trimmed+3,65,t,0.0101
SARS-CoV2-5UTR-Amplicon-short-trimmed+3,66,g,0.0415
SARS-CoV2-5UTR-Amplicon-short-trimmed+3,67,c,0.023
SARS-CoV2-5UTR-Amplicon-short-trimmed+3,68,a,0.0206
SARS-CoV2-5UTR-Amplicon-short-trimmed+3,69,c,0.0149
SARS-CoV2-5UTR-Amplicon-short-trimmed+3,70,t,0.0158
SARS-CoV2-5UTR-Amplicon-short-trimmed+3,71,c,0.0257
SARS-CoV2-5UTR-Amplicon-short-trimmed+3,72,a,0.0213
SARS-CoV2-5UTR-Amplicon-short-trimmed+3,73,c,0.0094
SARS-CoV2-5UTR-Amplicon-short-trimmed+3,74,g,0.0298
SARS-CoV2-5UTR-Amplicon-short-trimmed+3,75,c,0.003
SARS-CoV2-5UTR-Amplicon-short-trimmed+3,76,a,0.0512
SARS-CoV2-5UTR-Amplicon-short-trimmed+3,77,g,0.0244
SARS-CoV2-5UTR-Amplicon-short-trimmed+3,78,t,0.016
SARS-CoV2-5UTR-Amplicon-short-trimmed+3,79,a,0.0191
SARS-CoV2-5UTR-Amplicon-short-trimmed+3,80,t,0.0068
SARS-CoV2-5UTR-Amplicon-short-trimmed+3,81,a,0.0146
SARS-CoV2-5UTR-Amplicon-short-trimmed+3,82,a,0.0351
SARS-CoV2-5UTR-Amplicon-short-trimmed+3,83,t,0.0063
SARS-CoV2-5UTR-Amplicon-short-trimmed+3,84,t,0.0336
SARS-CoV2-5UTR-Amplicon-short-trimmed+3,85,a,0.0318
SARS-CoV2-5UTR-Amplicon-short-trimmed+3,86,a,0.0259
SARS-CoV2-5UTR-Amplicon-short-trimmed+3,87,t,0.0082
SARS-CoV2-5UTR-Amplicon-short-trimmed+3,88,a,0.0217
SARS-CoV2-5UTR-Amplicon-short-trimmed+3,89,a,0.0203
SARS-CoV2-5UTR-Amplicon-short-trimmed+3,90,c,0.2778
SARS-CoV2-5UTR-Amplicon-short-trimmed+3,91,t,0.0614
SARS-CoV2-5UTR-Amplicon-short-trimmed+3,92,a,0.0158
SARS-CoV2-5UTR-Amplicon-short-trimmed+3,93,a,0.0228
SARS-CoV2-5UTR-Amplicon-short-trimmed+3,94,t,0.0209
SARS-CoV2-5UTR-Amplicon-short-trimmed+3,95,t,0.0247
SARS-CoV2-5UTR-Amplicon-short-trimmed+3,96,a,0.0178
SARS-CoV2-5UTR-Amplicon-short-trimmed+3,97,c,0.0113
SARS-CoV2-5UTR-Amplicon-short-trimmed+3,98,t,0.2802
SARS-CoV2-5UTR-Amplicon-short-trimmed+3,99,g,0.057
SARS-CoV2-5UTR-Amplicon-short-trimmed+3,100,t,0.0461
SARS-CoV2-5UTR-Amplicon-short-trimmed+3,101,c,0.0133
SARS-CoV2-5UTR-Amplicon-short-trimmed+3,102,g,0.0469
SARS-CoV2-5UTR-Amplicon-short-trimmed+3,103,t,0.0324
SARS-CoV2-5UTR-Amplicon-short-trimmed+3,104,t,0.0694
SARS-CoV2-5UTR-Amplicon-short-trimmed+3,105,g,0.0424
SARS-CoV2-5UTR-Amplicon-short-trimmed+3,106,a,0.0286
SARS-CoV2-5UTR-Amplicon-short-trimmed+3,107,c,0.0209
SARS-CoV2-5UTR-Amplicon-short-trimmed+3,108,a,0.039
SARS-CoV2-5UTR-Amplicon-short-trimmed+3,109,g,0.0517
SARS-CoV2-5UTR-Amplicon-short-trimmed+3,110,g,0.0348
SARS-CoV2-5UTR-Amplicon-short-trimmed+3,111,a,0.016
SARS-CoV2-5UTR-Amplicon-short-trimmed+3,112,c,0.0279
SARS-CoV2-5UTR-Amplicon-short-trimmed+3,113,a,0.0371
SARS-CoV2-5UTR-Amplicon-short-trimmed+3,114,c,0.0183
SARS-CoV2-5UTR-Amplicon-short-trimmed+3,115,g,0.0263
SARS-CoV2-5UTR-Amplicon-short-trimmed+3,116,a,0.0169
SARS-CoV2-5UTR-Amplicon-short-trimmed+3,117,g,0.0115
SARS-CoV2-5UTR-Amplicon-short-trimmed+3,118,t,0.0477
SARS-CoV2-5UTR-Amplicon-short-trimmed+3,119,a,0.0479
SARS-CoV2-5UTR-Amplicon-short-trimmed+3,120,a,0.0141
SARS-CoV2-5UTR-Amplicon-short-trimmed+3,121,c,0.0143
SARS-CoV2-5UTR-Amplicon-short-trimmed+3,122,t,0.0761
SARS-CoV2-5UTR-Amplicon-short-trimmed+3,123,c,0.1705
SARS-CoV2-5UTR-Amplicon-short-trimmed+3,124,g,0.1954
SARS-CoV2-5UTR-Amplicon-short-trimmed+3,125,t,0.1985
SARS-CoV2-5UTR-Amplicon-short-trimmed+3,126,c,0.0823
SARS-CoV2-5UTR-Amplicon-short-trimmed+3,127,t,0.0999
SARS-CoV2-5UTR-Amplicon-short-trimmed+3,128,a,0.1666
SARS-CoV2-5UTR-Amplicon-short-trimmed+3,129,t,0.8671
SARS-CoV2-5UTR-Amplicon-short-trimmed+3,130,c,0.1024
SARS-CoV2-5UTR-Amplicon-short-trimmed+3,131,t,0.151
SARS-CoV2-5UTR-Amplicon-short-trimmed+3,132,t,0.2466
SARS-CoV2-5UTR-Amplicon-short-trimmed+3,133,c,0.2462
SARS-CoV2-5UTR-Amplicon-short-trimmed+3,134,t,0.1782
SARS-CoV2-5UTR-Amplicon-short-trimmed+3,135,g,0.1324
SARS-CoV2-5UTR-Amplicon-short-trimmed+3,136,c,0.387
SARS-CoV2-5UTR-Amplicon-short-trimmed+3,137,a,0.205
SARS-CoV2-5UTR-Amplicon-short-trimmed+3,138,g,0.0751
SARS-CoV2-5UTR-Amplicon-short-trimmed+3,139,g,0.2262
SARS-CoV2-5UTR-Amplicon-short-trimmed+3,140,c,0.0943
SARS-CoV2-5UTR-Amplicon-short-trimmed+3,141,t,0.2469
SARS-CoV2-5UTR-Amplicon-short-trimmed+3,142,g,0.3878
SARS-CoV2-5UTR-Amplicon-short-trimmed+3,143,c,0.0913
SARS-CoV2-5UTR-Amplicon-short-trimmed+3,144,t,0.0896
SARS-CoV2-5UTR-Amplicon-short-trimmed+3,145,t,0.1132
SARS-CoV2-5UTR-Amplicon-short-trimmed+3,146,a,0.1599
SARS-CoV2-5UTR-Amplicon-short-trimmed+3,147,c,0.1367
SARS-CoV2-5UTR-Amplicon-short-trimmed+3,148,g,0.3548
SARS-CoV2-5UTR-Amplicon-short-trimmed+3,149,g,0.1432
SARS-CoV2-5UTR-Amplicon-short-trimmed+3,150,t,0.1437
SARS-CoV2-5UTR-Amplicon-short-trimmed+3,151,t,0.1233
SARS-CoV2-5UTR-Amplicon-short-trimmed+3,152,t,0.1924
SARS-CoV2-5UTR-Amplicon-short-trimmed+3,153,c,0.2019
SARS-CoV2-5UTR-Amplicon-short-trimmed+3,154,g,0.0711
SARS-CoV2-5UTR-Amplicon-short-trimmed+3,155,t,0.2955
SARS-CoV2-5UTR-Amplicon-short-trimmed+3,156,c,0.2
SARS-CoV2-5UTR-Amplicon-short-trimmed+3,157,c,0.1863
SARS-CoV2-5UTR-Amplicon-short-trimmed+3,158,g,0.0914
SARS-CoV2-5UTR-Amplicon-short-trimmed+3,159,t,1.2114
SARS-CoV2-5UTR-Amplicon-short-trimmed+3,160,g,0.0967
SARS-CoV2-5UTR-Amplicon-short-trimmed+3,161,t,0.1178
SARS-CoV2-5UTR-Amplicon-short-trimmed+3,162,t,0.1559
SARS-CoV2-5UTR-Amplicon-short-trimmed+3,163,g,0.1035
SARS-CoV2-5UTR-Amplicon-short-trimmed+3,164,c,0.2518
SARS-CoV2-5UTR-Amplicon-short-trimmed+3,165,a,0.2033
SARS-CoV2-5UTR-Amplicon-short-trimmed+3,166,g,0.4528
SARS-CoV2-5UTR-Amplicon-short-trimmed+3,167,c,0.288
SARS-CoV2-5UTR-Amplicon-short-trimmed+3,168,c,0.5268
SARS-CoV2-5UTR-Amplicon-short-trimmed+3,169,g,0.0969
SARS-CoV2-5UTR-Amplicon-short-trimmed+3,170,a,0.1113
SARS-CoV2-5UTR-Amplicon-short-trimmed+3,171,t,0.1124
SARS-CoV2-5UTR-Amplicon-short-trimmed+3,172,c,0.1661
SARS-CoV2-5UTR-Amplicon-short-trimmed+3,173,a,0.0572
SARS-CoV2-5UTR-Amplicon-short-trimmed+3,174,t,0.072
SARS-CoV2-5UTR-Amplicon-short-trimmed+3,175,c,0.1954
SARS-CoV2-5UTR-Amplicon-short-trimmed+3,176,a,0.1237
SARS-CoV2-5UTR-Amplicon-short-trimmed+3,177,g,0.1188
SARS-CoV2-5UTR-Amplicon-short-trimmed+3,178,c,0.5698
SARS-CoV2-5UTR-Amplicon-short-trimmed+3,179,a,0.0927
SARS-CoV2-5UTR-Amplicon-short-trimmed+3,180,c,0.079
SARS-CoV2-5UTR-Amplicon-short-trimmed+3,181,a,0.0813
SARS-CoV2-5UTR-Amplicon-short-trimmed+3,182,t,0.1341
SARS-CoV2-5UTR-Amplicon-short-trimmed+3,183,c,0.0575
SARS-CoV2-5UTR-Amplicon-short-trimmed+3,184,t,0.0969
SARS-CoV2-5UTR-Amplicon-short-trimmed+3,185,a,0.1624
SARS-CoV2-5UTR-Amplicon-short-trimmed+3,186,g,0.0745
SARS-CoV2-5UTR-Amplicon-short-trimmed+3,187,g,0.1037
SARS-CoV2-5UTR-Amplicon-short-trimmed+3,188,t,0.1277
SARS-CoV2-5UTR-Amplicon-short-trimmed+3,189,t,0.2708
SARS-CoV2-5UTR-Amplicon-short-trimmed+3,190,t,0.3344
SARS-CoV2-5UTR-Amplicon-short-trimmed+3,191,c,0.1185
SARS-CoV2-5UTR-Amplicon-short-trimmed+3,192,g,0.0699
SARS-CoV2-5UTR-Amplicon-short-trimmed+3,193,t,1.0003
SARS-CoV2-5UTR-Amplicon-short-trimmed+3,194,c,0.1181
SARS-CoV2-5UTR-Amplicon-short-trimmed+3,195,c,0.1548
SARS-CoV2-5UTR-Amplicon-short-trimmed+3,196,g,0.344
SARS-CoV2-5UTR-Amplicon-short-trimmed+3,197,g,0.148
SARS-CoV2-5UTR-Amplicon-short-trimmed+3,198,g,0.4211
SARS-CoV2-5UTR-Amplicon-short-trimmed+3,199,t,0.2256
SARS-CoV2-5UTR-Amplicon-short-trimmed+3,200,g,0.0805
SARS-CoV2-5UTR-Amplicon-short-trimmed+3,201,t,0.1211
SARS-CoV2-5UTR-Amplicon-short-trimmed+3,202,g,0.1021
SARS-CoV2-5UTR-Amplicon-short-trimmed+3,203,a,0.3057
SARS-CoV2-5UTR-Amplicon-short-trimmed+3,204,c,0.1066
SARS-CoV2-5UTR-Amplicon-short-trimmed+3,205,c,0.0896
SARS-CoV2-5UTR-Amplicon-short-trimmed+3,206,g,0.0969
SARS-CoV2-5UTR-Amplicon-short-trimmed+3,207,a,0.1012
SARS-CoV2-5UTR-Amplicon-short-trimmed+3,208,a,0.0556
SARS-CoV2-5UTR-Amplicon-short-trimmed+3,209,a,0.1344
SARS-CoV2-5UTR-Amplicon-short-trimmed+3,210,g,0.1239
SARS-CoV2-5UTR-Amplicon-short-trimmed+3,211,g,0.113
SARS-CoV2-5UTR-Amplicon-short-trimmed+3,212,t,0.1152
SARS-CoV2-5UTR-Amplicon-short-trimmed+3,213,a,0.0524
SARS-CoV2-5UTR-Amplicon-short-trimmed+3,214,a,0.0604
SARS-CoV2-5UTR-Amplicon-short-trimmed+3,215,g,0.0583
SARS-CoV2-5UTR-Amplicon-short-trimmed+3,216,a,0.0409
SARS-CoV2-5UTR-Amplicon-short-trimmed+3,217,t,0.102
SARS-CoV2-5UTR-Amplicon-short-trimmed+3,218,g,0.0664
SARS-CoV2-5UTR-Amplicon-short-trimmed+3,219,g,0.0593
SARS-CoV2-5UTR-Amplicon-short-trimmed+3,220,a,0.2126
SARS-CoV2-5UTR-Amplicon-short-trimmed+3,221,g,0.1323
SARS-CoV2-5UTR-Amplicon-short-trimmed+3,222,a,0.0689
SARS-CoV2-5UTR-Amplicon-short-trimmed+3,223,g,0.193
SARS-CoV2-5UTR-Amplicon-short-trimmed+3,224,c,0.0786
SARS-CoV2-5UTR-Amplicon-short-trimmed+3,225,c,0.069
SARS-CoV2-5UTR-Amplicon-short-trimmed+3,226,t,0.0492
SARS-CoV2-5UTR-Amplicon-short-trimmed+3,227,t,0.2843
SARS-CoV2-5UTR-Amplicon-short-trimmed+3,228,g,0.0339
SARS-CoV2-5UTR-Amplicon-short-trimmed+3,229,t,0.1296
SARS-CoV2-5UTR-Amplicon-short-trimmed+3,230,c,0.062
SARS-CoV2-5UTR-Amplicon-short-trimmed+3,231,c,0.0524
SARS-CoV2-5UTR-Amplicon-short-trimmed+3,232,c,0.0889
SARS-CoV2-5UTR-Amplicon-short-trimmed+3,233,t,0.1538
SARS-CoV2-5UTR-Amplicon-short-trimmed+3,234,g,0.0758
SARS-CoV2-5UTR-Amplicon-short-trimmed+3,235,g,0.1972
SARS-CoV2-5UTR-Amplicon-short-trimmed+3,236,t,0.0618
SARS-CoV2-5UTR-Amplicon-short-trimmed+3,237,t,0.0567
SARS-CoV2-5UTR-Amplicon-short-trimmed+3,238,t,0.1122
SARS-CoV2-5UTR-Amplicon-short-trimmed+3,239,c,0.5422
SARS-CoV2-5UTR-Amplicon-short-trimmed+3,240,a,0.0904
SARS-CoV2-5UTR-Amplicon-short-trimmed+3,241,a,0.076
SARS-CoV2-5UTR-Amplicon-short-trimmed+3,242,c,0.0841
SARS-CoV2-5UTR-Amplicon-short-trimmed+3,243,g,0.0169
SARS-CoV2-5UTR-Amplicon-short-trimmed+3,244,a,0.2021
SARS-CoV2-5UTR-Amplicon-short-trimmed+3,245,g,0.5133
SARS-CoV2-5UTR-Amplicon-short-trimmed+3,246,g,5.3436
SARS-CoV2-5UTR-Amplicon-short-trimmed+3,247,G,95.91
SARS-CoV2-5UTR-Amplicon-short-trimmed+3,248,A,99.8709
SARS-CoV2-5UTR-Amplicon-short-trimmed+3,249,G,99.7602
