Region,Position,Ref_base,Mut_percentage
SARS-CoV2-5UTR-Amplicon-short-trimmed+3,1,T,99.765
SARS-CoV2-5UTR-Amplicon-short-trimmed+3,2,T,99.8493
SARS-CoV2-5UTR-Amplicon-short-trimmed+3,3,G,99.9724
SARS-CoV2-5UTR-Amplicon-short-trimmed+3,4,t,99.9392
SARS-CoV2-5UTR-Amplicon-short-trimmed+3,5,a,0.0022
SARS-CoV2-5UTR-Amplicon-short-trimmed+3,6,g,0.0685
SARS-CoV2-5UTR-Amplicon-short-trimmed+3,7,a,0.0138
SARS-CoV2-5UTR-Amplicon-short-trimmed+3,8,t,0.0148
SARS-CoV2-5UTR-Amplicon-short-trimmed+3,9,c,0.005
SARS-CoV2-5UTR-Amplicon-short-trimmed+3,10,t,0.0057
SARS-CoV2-5UTR-Amplicon-short-trimmed+3,11,g,0.0833
SARS-CoV2-5UTR-Amplicon-short-trimmed+3,12,t,0.0208
SARS-CoV2-5UTR-Amplicon-short-trimmed+3,13,t,0.0193
SARS-CoV2-5UTR-Amplicon-short-trimmed+3,14,c,0.0068
SARS-CoV2-5UTR-Amplicon-short-trimmed+3,15,t,0.0382
SARS-CoV2-5UTR-Amplicon-short-trimmed+3,16,c,0.0198
SARS-CoV2-5UTR-Amplicon-short-trimmed+3,17,t,0.0236
SARS-CoV2-5UTR-Amplicon-short-trimmed+3,18,a,0.0499
SARS-CoV2-5UTR-Amplicon-short-trimmed+3,19,a,0.0108
SARS-CoV2-5UTR-Amplicon-short-trimmed+3,20,a,0.0143
SARS-CoV2-5UTR-Amplicon-short-trimmed+3,21,c,0.0075
SARS-CoV2-5UTR-Amplicon-short-trimmed+3,22,g,0.0123
SARS-CoV2-5UTR-Amplicon-short-trimmed+3,23,a,0.01
SARS-CoV2-5UTR-Amplicon-short-trimmed+3,24,a,0.0085
SARS-CoV2-5UTR-Amplicon-short-trimmed+3,25,c,0.2347
SARS-CoV2-5UTR-Amplicon-short-trimmed+3,26,t,0.0487
SARS-CoV2-5UTR-Amplicon-short-trimmed+3,27,t,0.0504
SARS-CoV2-5UTR-Amplicon-short-trimmed+3,28,t,0.0055
SARS-CoV2-5UTR-Amplicon-short-trimmed+3,29,a,0.0078
SARS-CoV2-5UTR-Amplicon-short-trimmed+3,30,a,0.0141
SARS-CoV2-5UTR-Amplicon-short-trimmed+3,31,a,0.0575
SARS-CoV2-5UTR-Amplicon-short-trimmed+3,32,a,0.016
SARS-CoV2-5UTR-Amplicon-short-trimmed+3,33,t,0.0183
SARS-CoV2-5UTR-Amplicon-short-trimmed+3,34,c,0.0073
SARS-CoV2-5UTR-Amplicon-short-trimmed+3,35,t,0.0175
SARS-CoV2-5UTR-Amplicon-short-trimmed+3,36,g,0.0156
SARS-CoV2-5UTR-Amplicon-short-trimmed+3,37,t,0.0269
SARS-CoV2-5UTR-Amplicon-short-trimmed+3,38,g,0.008
SARS-CoV2-5UTR-Amplicon-short-trimmed+3,39,t,0.0216
SARS-CoV2-5UTR-Amplicon-short-trimmed+3,40,g,0.0145
SARS-CoV2-5UTR-Amplicon-short-trimmed+3,41,g,0.0311
SARS-CoV2-5UTR-Amplicon-short-trimmed+3,42,c,0.0108
SARS-CoV2-5UTR-Amplicon-short-trimmed+3,43,t,0.066
SARS-CoV2-5UTR-Amplicon-short-trimmed+3,44,g,0.0286
SARS-CoV2-5UTR-Amplicon-short-trimmed+3,45,t,0.048
SARS-CoV2-5UTR-Amplicon-short-trimmed+3,46,c,0.009
SARS-CoV2-5UTR-Amplicon-short-trimmed+3,47,a,0.0115
SARS-CoV2-5UTR-Amplicon-short-trimmed+3,48,c,0.0065
SARS-CoV2-5UTR-Amplicon-short-trimmed+3,49,t,0.0208
SARS-CoV2-5UTR-Amplicon-short-trimmed+3,50,c,0.0116
SARS-CoV2-5UTR-Amplicon-short-trimmed+3,51,g,0.0342
SARS-CoV2-5UTR-Amplicon-short-trimmed+3,52,g,0.0357
SARS-CoV2-5UTR-Amplicon-short-trimmed+3,53,c,0.0617
SARS-CoV2-5UTR-Amplicon-short-trimmed+3,54,t,0.0106
SARS-CoV2-5UTR-Amplicon-short-trimmed+3,55,g,0.0838
SARS-CoV2-5UTR-Amplicon-short-trimmed+3,56,c,0.0181
SARS-CoV2-5UTR-Amplicon-short-trimmed+3,57,g,0.0726
SARS-CoV2-5UTR-Amplicon-short-trimmed+3,58,t,0.0367
SARS-CoV2-5UTR-Amplicon-short-trimmed+3,59,g,0.0442
SARS-CoV2-5UTR-Amplicon-short-trimmed+3,60,c,0.0101
SARS-CoV2-5UTR-Amplicon-short-trimmed+3,61,t,0.0342
SARS-CoV2-5UTR-Amplicon-short-trimmed+3,62,t,0.0203
SARS-CoV2-5UTR-Amplicon-short-trimmed+3,63,a,0.015
SARS-CoV2-5UTR-Amplicon-short-trimmed+3,64,g,0.0141
SARS-CoV2-5UTR-Amplicon-short-trimmed+3,65,t,0.0141
SARS-CoV2-5UTR-Amplicon-short-trimmed+3,66,g,0.0397
SARS-CoV2-5UTR-Amplicon-short-trimmed+3,67,c,0.0199
SARS-CoV2-5UTR-Amplicon-short-trimmed+3,68,a,0.0326
SARS-CoV2-5UTR-Amplicon-short-trimmed+3,69,c,0.0118
SARS-CoV2-5UTR-Amplicon-short-trimmed+3,70,t,0.0158
SARS-CoV2-5UTR-Amplicon-short-trimmed+3,71,c,0.0219
SARS-CoV2-5UTR-Amplicon-short-trimmed+3,72,a,0.0254
SARS-CoV2-5UTR-Amplicon-short-trimmed+3,73,c,0.0118
SARS-CoV2-5UTR-Amplicon-short-trimmed+3,74,g,0.0286
SARS-CoV2-5UTR-Amplicon-short-trimmed+3,75,c,0.005
SARS-CoV2-5UTR-Amplicon-short-trimmed+3,76,a,0.0628
SARS-CoV2-5UTR-Amplicon-short-trimmed+3,77,g,0.0185
SARS-CoV2-5UTR-Amplicon-short-trimmed+3,78,t,0.0241
SARS-CoV2-5UTR-Amplicon-short-trimmed+3,79,a,0.0254
SARS-CoV2-5UTR-Amplicon-short-trimmed+3,80,t,0.0113
SARS-CoV2-5UTR-Amplicon-short-trimmed+3,81,a,0.0218
SARS-CoV2-5UTR-Amplicon-short-trimmed+3,82,a,0.0381
SARS-CoV2-5UTR-Amplicon-short-trimmed+3,83,t,0.0126
SARS-CoV2-5UTR-Amplicon-short-trimmed+3,84,t,0.0494
SARS-CoV2-5UTR-Amplicon-short-trimmed+3,85,a,0.0379
SARS-CoV2-5UTR-Amplicon-short-trimmed+3,86,a,0.0387
SARS-CoV2-5UTR-Amplicon-short-trimmed+3,87,t,0.013
SARS-CoV2-5UTR-Amplicon-short-trimmed+3,88,a,0.0291
SARS-CoV2-5UTR-Amplicon-short-trimmed+3,89,a,0.0284
SARS-CoV2-5UTR-Amplicon-short-trimmed+3,90,c,0.2826
SARS-CoV2-5UTR-Amplicon-short-trimmed+3,91,t,0.0705
SARS-CoV2-5UTR-Amplicon-short-trimmed+3,92,a,0.0288
SARS-CoV2-5UTR-Amplicon-short-trimmed+3,93,a,0.0303
SARS-CoV2-5UTR-Amplicon-short-trimmed+3,94,t,0.0342
SARS-CoV2-5UTR-Amplicon-short-trimmed+3,95,t,0.0399
SARS-CoV2-5UTR-Amplicon-short-trimmed+3,96,a,0.0274
SARS-CoV2-5UTR-Amplicon-short-trimmed+3,97,c,0.0141
SARS-CoV2-5UTR-Amplicon-short-trimmed+3,98,t,0.2663
SARS-CoV2-5UTR-Amplicon-short-trimmed+3,99,g,0.0545
SARS-CoV2-5UTR-Amplicon-short-trimmed+3,100,t,0.0635
SARS-CoV2-5UTR-Amplicon-short-trimmed+3,101,c,0.0131
SARS-CoV2-5UTR-Amplicon-short-trimmed+3,102,g,0.0381
SARS-CoV2-5UTR-Amplicon-short-trimmed+3,103,t,0.0472
SARS-CoV2-5UTR-Amplicon-short-trimmed+3,104,t,0.0838
SARS-CoV2-5UTR-Amplicon-short-trimmed+3,105,g,0.0354
SARS-CoV2-5UTR-Amplicon-short-trimmed+3,106,a,0.0482
SARS-CoV2-5UTR-Amplicon-short-trimmed+3,107,c,0.0229
SARS-CoV2-5UTR-Amplicon-short-trimmed+3,108,a,0.0575
SARS-CoV2-5UTR-Amplicon-short-trimmed+3,109,g,0.0369
SARS-CoV2-5UTR-Amplicon-short-trimmed+3,110,g,0.0274
SARS-CoV2-5UTR-Amplicon-short-trimmed+3,111,a,0.0346
SARS-CoV2-5UTR-Amplicon-short-trimmed+3,112,c,0.0316
SARS-CoV2-5UTR-Amplicon-short-trimmed+3,113,a,0.0788
SARS-CoV2-5UTR-Amplicon-short-trimmed+3,114,c,0.0196
SARS-CoV2-5UTR-Amplicon-short-trimmed+3,115,g,0.0244
SARS-CoV2-5UTR-Amplicon-short-trimmed+3,116,a,0.0319
SARS-CoV2-5UTR-Amplicon-short-trimmed+3,117,g,0.0144
SARS-CoV2-5UTR-Amplicon-short-trimmed+3,118,t,0.083
SARS-CoV2-5UTR-Amplicon-short-trimmed+3,119,a,0.0885
SARS-CoV2-5UTR-Amplicon-short-trimmed+3,120,a,0.0246
SARS-CoV2-5UTR-Amplicon-short-trimmed+3,121,c,0.0228
SARS-CoV2-5UTR-Amplicon-short-trimmed+3,122,t,0.0969
SARS-CoV2-5UTR-Amplicon-short-trimmed+3,123,c,0.1765
SARS-CoV2-5UTR-Amplicon-short-trimmed+3,124,g,0.1482
SARS-CoV2-5UTR-Amplicon-short-trimmed+3,125,t,0.2422
SARS-CoV2-5UTR-Amplicon-short-trimmed+3,126,c,0.1024
SARS-CoV2-5UTR-Amplicon-short-trimmed+3,127,t,0.1238
SARS-CoV2-5UTR-Amplicon-short-trimmed+3,128,a,0.231
SARS-CoV2-5UTR-Amplicon-short-trimmed+3,129,t,1.1682
SARS-CoV2-5UTR-Amplicon-short-trimmed+3,130,c,0.1296
SARS-CoV2-5UTR-Amplicon-short-trimmed+3,131,t,0.1959
SARS-CoV2-5UTR-Amplicon-short-trimmed+3,132,t,0.3274
SARS-CoV2-5UTR-Amplicon-short-trimmed+3,133,c,0.3003
SARS-CoV2-5UTR-Amplicon-short-trimmed+3,134,t,0.2547
SARS-CoV2-5UTR-Amplicon-short-trimmed+3,135,g,0.1292
SARS-CoV2-5UTR-Amplicon-short-trimmed+3,136,c,0.3858
SARS-CoV2-5UTR-Amplicon-short-trimmed+3,137,a,0.2967
SARS-CoV2-5UTR-Amplicon-short-trimmed+3,138,g,0.0884
SARS-CoV2-5UTR-Amplicon-short-trimmed+3,139,g,0.2652
SARS-CoV2-5UTR-Amplicon-short-trimmed+3,140,c,0.1025
SARS-CoV2-5UTR-Amplicon-short-trimmed+3,141,t,0.3189
SARS-CoV2-5UTR-Amplicon-short-trimmed+3,142,g,0.4551
SARS-CoV2-5UTR-Amplicon-short-trimmed+3,143,c,0.1019
SARS-CoV2-5UTR-Amplicon-short-trimmed+3,144,t,0.1179
SARS-CoV2-5UTR-Amplicon-short-trimmed+3,145,t,0.1427
SARS-CoV2-5UTR-Amplicon-short-trimmed+3,146,a,0.203
SARS-CoV2-5UTR-Amplicon-short-trimmed+3,147,c,0.1677
SARS-CoV2-5UTR-Amplicon-short-trimmed+3,148,g,0.3555
SARS-CoV2-5UTR-Amplicon-short-trimmed+3,149,g,0.1592
SARS-CoV2-5UTR-Amplicon-short-trimmed+3,150,t,0.1509
SARS-CoV2-5UTR-Amplicon-short-trimmed+3,151,t,0.1484
SARS-CoV2-5UTR-Amplicon-short-trimmed+3,152,t,0.2663
SARS-CoV2-5UTR-Amplicon-short-trimmed+3,153,c,0.2351
SARS-CoV2-5UTR-Amplicon-short-trimmed+3,154,g,0.079
SARS-CoV2-5UTR-Amplicon-short-trimmed+3,155,t,0.3538
SARS-CoV2-5UTR-Amplicon-short-trimmed+3,156,c,0.2385
SARS-CoV2-5UTR-Amplicon-short-trimmed+3,157,c,0.2126
SARS-CoV2-5UTR-Amplicon-short-trimmed+3,158,g,0.1116
SARS-CoV2-5UTR-Amplicon-short-trimmed+3,159,t,1.5227
SARS-CoV2-5UTR-Amplicon-short-trimmed+3,160,g,0.0692
SARS-CoV2-5UTR-Amplicon-short-trimmed+3,161,t,0.1426
SARS-CoV2-5UTR-Amplicon-short-trimmed+3,162,t,0.1963
SARS-CoV2-5UTR-Amplicon-short-trimmed+3,163,g,0.1153
SARS-CoV2-5UTR-Amplicon-short-trimmed+3,164,c,0.28
SARS-CoV2-5UTR-Amplicon-short-trimmed+3,165,a,0.2159
SARS-CoV2-5UTR-Amplicon-short-trimmed+3,166,g,0.3153
SARS-CoV2-5UTR-Amplicon-short-trimmed+3,167,c,0.2779
SARS-CoV2-5UTR-Amplicon-short-trimmed+3,168,c,0.4661
SARS-CoV2-5UTR-Amplicon-short-trimmed+3,169,g,0.0955
SARS-CoV2-5UTR-Amplicon-short-trimmed+3,170,a,0.1379
SARS-CoV2-5UTR-Amplicon-short-trimmed+3,171,t,0.1454
SARS-CoV2-5UTR-Amplicon-short-trimmed+3,172,c,0.1925
SARS-CoV2-5UTR-Amplicon-short-trimmed+3,173,a,0.0639
SARS-CoV2-5UTR-Amplicon-short-trimmed+3,174,t,0.0977
SARS-CoV2-5UTR-Amplicon-short-trimmed+3,175,c,0.2205
SARS-CoV2-5UTR-Amplicon-short-trimmed+3,176,a,0.1402
SARS-CoV2-5UTR-Amplicon-short-trimmed+3,177,g,0.1195
SARS-CoV2-5UTR-Amplicon-short-trimmed+3,178,c,0.5827
SARS-CoV2-5UTR-Amplicon-short-trimmed+3,179,a,0.1338
SARS-CoV2-5UTR-Amplicon-short-trimmed+3,180,c,0.0878
SARS-CoV2-5UTR-Amplicon-short-trimmed+3,181,a,0.1116
SARS-CoV2-5UTR-Amplicon-short-trimmed+3,182,t,0.1456
SARS-CoV2-5UTR-Amplicon-short-trimmed+3,183,c,0.0893
SARS-CoV2-5UTR-Amplicon-short-trimmed+3,184,t,0.0919
SARS-CoV2-5UTR-Amplicon-short-trimmed+3,185,a,0.1704
SARS-CoV2-5UTR-Amplicon-short-trimmed+3,186,g,0.0719
SARS-CoV2-5UTR-Amplicon-short-trimmed+3,187,g,0.0777
SARS-CoV2-5UTR-Amplicon-short-trimmed+3,188,t,0.1295
SARS-CoV2-5UTR-Amplicon-short-trimmed+3,189,t,0.2881
SARS-CoV2-5UTR-Amplicon-short-trimmed+3,190,t,0.4131
SARS-CoV2-5UTR-Amplicon-short-trimmed+3,191,c,0.149
SARS-CoV2-5UTR-Amplicon-short-trimmed+3,192,g,0.0614
SARS-CoV2-5UTR-Amplicon-short-trimmed+3,193,t,1.194
SARS-CoV2-5UTR-Amplicon-short-trimmed+3,194,c,0.1181
SARS-CoV2-5UTR-Amplicon-short-trimmed+3,195,c,0.1726
SARS-CoV2-5UTR-Amplicon-short-trimmed+3,196,g,0.331
SARS-CoV2-5UTR-Amplicon-short-trimmed+3,197,g,0.1415
SARS-CoV2-5UTR-Amplicon-short-trimmed+3,198,g,0.5023
SARS-CoV2-5UTR-Amplicon-short-trimmed+3,199,t,0.2247
SARS-CoV2-5UTR-Amplicon-short-trimmed+3,200,g,0.0708
SARS-CoV2-5UTR-Amplicon-short-trimmed+3,201,t,0.1302
SARS-CoV2-5UTR-Amplicon-short-trimmed+3,202,g,0.0977
SARS-CoV2-5UTR-Amplicon-short-trimmed+3,203,a,0.3549
SARS-CoV2-5UTR-Amplicon-short-trimmed+3,204,c,0.1295
SARS-CoV2-5UTR-Amplicon-short-trimmed+3,205,c,0.0994
SARS-CoV2-5UTR-Amplicon-short-trimmed+3,206,g,0.0826
SARS-CoV2-5UTR-Amplicon-short-trimmed+3,207,a,0.1109
SARS-CoV2-5UTR-Amplicon-short-trimmed+3,208,a,0.0638
SARS-CoV2-5UTR-Amplicon-short-trimmed+3,209,a,0.1481
SARS-CoV2-5UTR-Amplicon-short-trimmed+3,210,g,0.1269
SARS-CoV2-5UTR-Amplicon-short-trimmed+3,211,g,0.1314
SARS-CoV2-5UTR-Amplicon-short-trimmed+3,212,t,0.138
SARS-CoV2-5UTR-Amplicon-short-trimmed+3,213,a,0.0573
SARS-CoV2-5UTR-Amplicon-short-trimmed+3,214,a,0.0779
SARS-CoV2-5UTR-Amplicon-short-trimmed+3,215,g,0.0605
SARS-CoV2-5UTR-Amplicon-short-trimmed+3,216,a,0.0496
SARS-CoV2-5UTR-Amplicon-short-trimmed+3,217,t,0.1201
SARS-CoV2-5UTR-Amplicon-short-trimmed+3,218,g,0.0495
SARS-CoV2-5UTR-Amplicon-short-trimmed+3,219,g,0.0573
SARS-CoV2-5UTR-Amplicon-short-trimmed+3,220,a,0.206
SARS-CoV2-5UTR-Amplicon-short-trimmed+3,221,g,0.1244
SARS-CoV2-5UTR-Amplicon-short-trimmed+3,222,a,0.0735
SARS-CoV2-5UTR-Amplicon-short-trimmed+3,223,g,0.1723
SARS-CoV2-5UTR-Amplicon-short-trimmed+3,224,c,0.0996
SARS-CoV2-5UTR-Amplicon-short-trimmed+3,225,c,0.0941
SARS-CoV2-5UTR-Amplicon-short-trimmed+3,226,t,0.0496
SARS-CoV2-5UTR-Amplicon-short-trimmed+3,227,t,0.3089
SARS-CoV2-5UTR-Amplicon-short-trimmed+3,228,g,0.0369
SARS-CoV2-5UTR-Amplicon-short-trimmed+3,229,t,0.1434
SARS-CoV2-5UTR-Amplicon-short-trimmed+3,230,c,0.0644
SARS-CoV2-5UTR-Amplicon-short-trimmed+3,231,c,0.0682
SARS-CoV2-5UTR-Amplicon-short-trimmed+3,232,c,0.0939
SARS-CoV2-5UTR-Amplicon-short-trimmed+3,233,t,0.1768
SARS-CoV2-5UTR-Amplicon-short-trimmed+3,234,g,0.0622
SARS-CoV2-5UTR-Amplicon-short-trimmed+3,235,g,0.1157
SARS-CoV2-5UTR-Amplicon-short-trimmed+3,236,t,0.07
SARS-CoV2-5UTR-Amplicon-short-trimmed+3,237,t,0.0683
SARS-CoV2-5UTR-Amplicon-short-trimmed+3,238,t,0.1327
SARS-CoV2-5UTR-Amplicon-short-trimmed+3,239,c,0.5936
SARS-CoV2-5UTR-Amplicon-short-trimmed+3,240,a,0.096
SARS-CoV2-5UTR-Amplicon-short-trimmed+3,241,a,0.0781
SARS-CoV2-5UTR-Amplicon-short-trimmed+3,242,c,0.0776
SARS-CoV2-5UTR-Amplicon-short-trimmed+3,243,g,0.0144
SARS-CoV2-5UTR-Amplicon-short-trimmed+3,244,a,0.1765
SARS-CoV2-5UTR-Amplicon-short-trimmed+3,245,g,0.5333
SARS-CoV2-5UTR-Amplicon-short-trimmed+3,246,g,5.3328
SARS-CoV2-5UTR-Amplicon-short-trimmed+3,247,G,95.954
SARS-CoV2-5UTR-Amplicon-short-trimmed+3,248,A,99.8618
SARS-CoV2-5UTR-Amplicon-short-trimmed+3,249,G,99.7549
