Region,Position,Ref_base,Mut_percentage
SARS-CoV2-5UTR-Amplicon-short-trimmed+3,1,T,99.8102
SARS-CoV2-5UTR-Amplicon-short-trimmed+3,2,T,99.8411
SARS-CoV2-5UTR-Amplicon-short-trimmed+3,3,G,99.9694
SARS-CoV2-5UTR-Amplicon-short-trimmed+3,4,t,99.9373
SARS-CoV2-5UTR-Amplicon-short-trimmed+3,5,a,0.0037
SARS-CoV2-5UTR-Amplicon-short-trimmed+3,6,g,0.234
SARS-CoV2-5UTR-Amplicon-short-trimmed+3,7,a,0.0239
SARS-CoV2-5UTR-Amplicon-short-trimmed+3,8,t,0.0401
SARS-CoV2-5UTR-Amplicon-short-trimmed+3,9,c,0.0119
SARS-CoV2-5UTR-Amplicon-short-trimmed+3,10,t,0.0139
SARS-CoV2-5UTR-Amplicon-short-trimmed+3,11,g,0.1018
SARS-CoV2-5UTR-Amplicon-short-trimmed+3,12,t,0.0351
SARS-CoV2-5UTR-Amplicon-short-trimmed+3,13,t,0.0391
SARS-CoV2-5UTR-Amplicon-short-trimmed+3,14,c,0.0662
SARS-CoV2-5UTR-Amplicon-short-trimmed+3,15,t,0.05
SARS-CoV2-5UTR-Amplicon-short-trimmed+3,16,c,0.0513
SARS-CoV2-5UTR-Amplicon-short-trimmed+3,17,t,0.0592
SARS-CoV2-5UTR-Amplicon-short-trimmed+3,18,a,0.0498
SARS-CoV2-5UTR-Amplicon-short-trimmed+3,19,a,0.0167
SARS-CoV2-5UTR-Amplicon-short-trimmed+3,20,a,0.0222
SARS-CoV2-5UTR-Amplicon-short-trimmed+3,21,c,0.0441
SARS-CoV2-5UTR-Amplicon-short-trimmed+3,22,g,0.0236
SARS-CoV2-5UTR-Amplicon-short-trimmed+3,23,a,0.0139
SARS-CoV2-5UTR-Amplicon-short-trimmed+3,24,a,0.0142
SARS-CoV2-5UTR-Amplicon-short-trimmed+3,25,c,0.3833
SARS-CoV2-5UTR-Amplicon-short-trimmed+3,26,t,0.0545
SARS-CoV2-5UTR-Amplicon-short-trimmed+3,27,t,0.0642
SARS-CoV2-5UTR-Amplicon-short-trimmed+3,28,t,0.0321
SARS-CoV2-5UTR-Amplicon-short-trimmed+3,29,a,0.0167
SARS-CoV2-5UTR-Amplicon-short-trimmed+3,30,a,0.0199
SARS-CoV2-5UTR-Amplicon-short-trimmed+3,31,a,0.0689
SARS-CoV2-5UTR-Amplicon-short-trimmed+3,32,a,0.0251
SARS-CoV2-5UTR-Amplicon-short-trimmed+3,33,t,0.0326
SARS-CoV2-5UTR-Amplicon-short-trimmed+3,34,c,0.0391
SARS-CoV2-5UTR-Amplicon-short-trimmed+3,35,t,0.0393
SARS-CoV2-5UTR-Amplicon-short-trimmed+3,36,g,0.0416
SARS-CoV2-5UTR-Amplicon-short-trimmed+3,37,t,0.0388
SARS-CoV2-5UTR-Amplicon-short-trimmed+3,38,g,0.0239
SARS-CoV2-5UTR-Amplicon-short-trimmed+3,39,t,0.0353
SARS-CoV2-5UTR-Amplicon-short-trimmed+3,40,g,0.0336
SARS-CoV2-5UTR-Amplicon-short-trimmed+3,41,g,0.0515
SARS-CoV2-5UTR-Amplicon-short-trimmed+3,42,c,0.0647
SARS-CoV2-5UTR-Amplicon-short-trimmed+3,43,t,0.0816
SARS-CoV2-5UTR-Amplicon-short-trimmed+3,44,g,0.05
SARS-CoV2-5UTR-Amplicon-short-trimmed+3,45,t,0.0717
SARS-CoV2-5UTR-Amplicon-short-trimmed+3,46,c,0.052
SARS-CoV2-5UTR-Amplicon-short-trimmed+3,47,a,0.0207
SARS-CoV2-5UTR-Amplicon-short-trimmed+3,48,c,0.0585
SARS-CoV2-5UTR-Amplicon-short-trimmed+3,49,t,0.0401
SARS-CoV2-5UTR-Amplicon-short-trimmed+3,50,c,0.0729
SARS-CoV2-5UTR-Amplicon-short-trimmed+3,51,g,0.06
SARS-CoV2-5UTR-Amplicon-short-trimmed+3,52,g,0.0565
SARS-CoV2-5UTR-Amplicon-short-trimmed+3,53,c,0.0886
SARS-CoV2-5UTR-Amplicon-short-trimmed+3,54,t,0.0306
SARS-CoV2-5UTR-Amplicon-short-trimmed+3,55,g,0.0809
SARS-CoV2-5UTR-Amplicon-short-trimmed+3,56,c,0.0657
SARS-CoV2-5UTR-Amplicon-short-trimmed+3,57,g,0.0821
SARS-CoV2-5UTR-Amplicon-short-trimmed+3,58,t,0.0391
SARS-CoV2-5UTR-Amplicon-short-trimmed+3,59,g,0.0543
SARS-CoV2-5UTR-Amplicon-short-trimmed+3,60,c,0.0555
SARS-CoV2-5UTR-Amplicon-short-trimmed+3,61,t,0.051
SARS-CoV2-5UTR-Amplicon-short-trimmed+3,62,t,0.0331
SARS-CoV2-5UTR-Amplicon-short-trimmed+3,63,a,0.0194
SARS-CoV2-5UTR-Amplicon-short-trimmed+3,64,g,0.0244
SARS-CoV2-5UTR-Amplicon-short-trimmed+3,65,t,0.0271
SARS-CoV2-5UTR-Amplicon-short-trimmed+3,66,g,0.0562
SARS-CoV2-5UTR-Amplicon-short-trimmed+3,67,c,0.049
SARS-CoV2-5UTR-Amplicon-short-trimmed+3,68,a,0.0383
SARS-CoV2-5UTR-Amplicon-short-trimmed+3,69,c,0.0575
SARS-CoV2-5UTR-Amplicon-short-trimmed+3,70,t,0.0299
SARS-CoV2-5UTR-Amplicon-short-trimmed+3,71,c,0.0341
SARS-CoV2-5UTR-Amplicon-short-trimmed+3,72,a,0.0458
SARS-CoV2-5UTR-Amplicon-short-trimmed+3,73,c,0.0572
SARS-CoV2-5UTR-Amplicon-short-trimmed+3,74,g,0.0398
SARS-CoV2-5UTR-Amplicon-short-trimmed+3,75,c,0.0505
SARS-CoV2-5UTR-Amplicon-short-trimmed+3,76,a,0.0786
SARS-CoV2-5UTR-Amplicon-short-trimmed+3,77,g,0.0284
SARS-CoV2-5UTR-Amplicon-short-trimmed+3,78,t,0.0271
SARS-CoV2-5UTR-Amplicon-short-trimmed+3,79,a,0.0358
SARS-CoV2-5UTR-Amplicon-short-trimmed+3,80,t,0.0194
SARS-CoV2-5UTR-Amplicon-short-trimmed+3,81,a,0.0276
SARS-CoV2-5UTR-Amplicon-short-trimmed+3,82,a,0.0513
SARS-CoV2-5UTR-Amplicon-short-trimmed+3,83,t,0.0192
SARS-CoV2-5UTR-Amplicon-short-trimmed+3,84,t,0.0719
SARS-CoV2-5UTR-Amplicon-short-trimmed+3,85,a,0.0468
SARS-CoV2-5UTR-Amplicon-short-trimmed+3,86,a,0.0493
SARS-CoV2-5UTR-Amplicon-short-trimmed+3,87,t,0.0209
SARS-CoV2-5UTR-Amplicon-short-trimmed+3,88,a,0.0324
SARS-CoV2-5UTR-Amplicon-short-trimmed+3,89,a,0.049
SARS-CoV2-5UTR-Amplicon-short-trimmed+3,90,c,0.3173
SARS-CoV2-5UTR-Amplicon-short-trimmed+3,91,t,0.1038
SARS-CoV2-5UTR-Amplicon-short-trimmed+3,92,a,0.0296
SARS-CoV2-5UTR-Amplicon-short-trimmed+3,93,a,0.0458
SARS-CoV2-5UTR-Amplicon-short-trimmed+3,94,t,0.0515
SARS-CoV2-5UTR-Amplicon-short-trimmed+3,95,t,0.0488
SARS-CoV2-5UTR-Amplicon-short-trimmed+3,96,a,0.0396
SARS-CoV2-5UTR-Amplicon-short-trimmed+3,97,c,0.0632
SARS-CoV2-5UTR-Amplicon-short-trimmed+3,98,t,0.2768
SARS-CoV2-5UTR-Amplicon-short-trimmed+3,99,g,0.0679
SARS-CoV2-5UTR-Amplicon-short-trimmed+3,100,t,0.0831
SARS-CoV2-5UTR-Amplicon-short-trimmed+3,101,c,0.0627
SARS-CoV2-5UTR-Amplicon-short-trimmed+3,102,g,0.061
SARS-CoV2-5UTR-Amplicon-short-trimmed+3,103,t,0.063
SARS-CoV2-5UTR-Amplicon-short-trimmed+3,104,t,0.1043
SARS-CoV2-5UTR-Amplicon-short-trimmed+3,105,g,0.0443
SARS-CoV2-5UTR-Amplicon-short-trimmed+3,106,a,0.0664
SARS-CoV2-5UTR-Amplicon-short-trimmed+3,107,c,0.0752
SARS-CoV2-5UTR-Amplicon-short-trimmed+3,108,a,0.0771
SARS-CoV2-5UTR-Amplicon-short-trimmed+3,109,g,0.0585
SARS-CoV2-5UTR-Amplicon-short-trimmed+3,110,g,0.0383
SARS-CoV2-5UTR-Amplicon-short-trimmed+3,111,a,0.0363
SARS-CoV2-5UTR-Amplicon-short-trimmed+3,112,c,0.0659
SARS-CoV2-5UTR-Amplicon-short-trimmed+3,113,a,0.0839
SARS-CoV2-5UTR-Amplicon-short-trimmed+3,114,c,0.0761
SARS-CoV2-5UTR-Amplicon-short-trimmed+3,115,g,0.0393
SARS-CoV2-5UTR-Amplicon-short-trimmed+3,116,a,0.0415
SARS-CoV2-5UTR-Amplicon-short-trimmed+3,117,g,0.0321
SARS-CoV2-5UTR-Amplicon-short-trimmed+3,118,t,0.0926
SARS-CoV2-5UTR-Amplicon-short-trimmed+3,119,a,0.097
SARS-CoV2-5UTR-Amplicon-short-trimmed+3,120,a,0.039
SARS-CoV2-5UTR-Amplicon-short-trimmed+3,121,c,0.0752
SARS-CoV2-5UTR-Amplicon-short-trimmed+3,122,t,0.1359
SARS-CoV2-5UTR-Amplicon-short-trimmed+3,123,c,0.4907
SARS-CoV2-5UTR-Amplicon-short-trimmed+3,124,g,0.2429
SARS-CoV2-5UTR-Amplicon-short-trimmed+3,125,t,0.3276
SARS-CoV2-5UTR-Amplicon-short-trimmed+3,126,c,0.3646
SARS-CoV2-5UTR-Amplicon-short-trimmed+3,127,t,0.1734
SARS-CoV2-5UTR-Amplicon-short-trimmed+3,128,a,0.3291
SARS-CoV2-5UTR-Amplicon-short-trimmed+3,129,t,1.3176
SARS-CoV2-5UTR-Amplicon-short-trimmed+3,130,c,0.4973
SARS-CoV2-5UTR-Amplicon-short-trimmed+3,131,t,0.352
SARS-CoV2-5UTR-Amplicon-short-trimmed+3,132,t,0.3894
SARS-CoV2-5UTR-Amplicon-short-trimmed+3,133,c,0.7164
SARS-CoV2-5UTR-Amplicon-short-trimmed+3,134,t,0.3584
SARS-CoV2-5UTR-Amplicon-short-trimmed+3,135,g,0.2318
SARS-CoV2-5UTR-Amplicon-short-trimmed+3,136,c,0.6578
SARS-CoV2-5UTR-Amplicon-short-trimmed+3,137,a,0.3347
SARS-CoV2-5UTR-Amplicon-short-trimmed+3,138,g,0.1812
SARS-CoV2-5UTR-Amplicon-short-trimmed+3,139,g,0.3804
SARS-CoV2-5UTR-Amplicon-short-trimmed+3,140,c,0.2299
SARS-CoV2-5UTR-Amplicon-short-trimmed+3,141,t,0.3908
SARS-CoV2-5UTR-Amplicon-short-trimmed+3,142,g,0.5461
SARS-CoV2-5UTR-Amplicon-short-trimmed+3,143,c,0.2471
SARS-CoV2-5UTR-Amplicon-short-trimmed+3,144,t,0.171
SARS-CoV2-5UTR-Amplicon-short-trimmed+3,145,t,0.1714
SARS-CoV2-5UTR-Amplicon-short-trimmed+3,146,a,0.2669
SARS-CoV2-5UTR-Amplicon-short-trimmed+3,147,c,0.3807
SARS-CoV2-5UTR-Amplicon-short-trimmed+3,148,g,0.5032
SARS-CoV2-5UTR-Amplicon-short-trimmed+3,149,g,0.2405
SARS-CoV2-5UTR-Amplicon-short-trimmed+3,150,t,0.2126
SARS-CoV2-5UTR-Amplicon-short-trimmed+3,151,t,0.1916
SARS-CoV2-5UTR-Amplicon-short-trimmed+3,152,t,0.4015
SARS-CoV2-5UTR-Amplicon-short-trimmed+3,153,c,0.65
SARS-CoV2-5UTR-Amplicon-short-trimmed+3,154,g,0.1747
SARS-CoV2-5UTR-Amplicon-short-trimmed+3,155,t,0.4349
SARS-CoV2-5UTR-Amplicon-short-trimmed+3,156,c,0.412
SARS-CoV2-5UTR-Amplicon-short-trimmed+3,157,c,0.4079
SARS-CoV2-5UTR-Amplicon-short-trimmed+3,158,g,0.2089
SARS-CoV2-5UTR-Amplicon-short-trimmed+3,159,t,1.6989
SARS-CoV2-5UTR-Amplicon-short-trimmed+3,160,g,0.1772
SARS-CoV2-5UTR-Amplicon-short-trimmed+3,161,t,0.2188
SARS-CoV2-5UTR-Amplicon-short-trimmed+3,162,t,0.2619
SARS-CoV2-5UTR-Amplicon-short-trimmed+3,163,g,0.1431
SARS-CoV2-5UTR-Amplicon-short-trimmed+3,164,c,0.4521
SARS-CoV2-5UTR-Amplicon-short-trimmed+3,165,a,0.2345
SARS-CoV2-5UTR-Amplicon-short-trimmed+3,166,g,0.4343
SARS-CoV2-5UTR-Amplicon-short-trimmed+3,167,c,0.3733
SARS-CoV2-5UTR-Amplicon-short-trimmed+3,168,c,0.7329
SARS-CoV2-5UTR-Amplicon-short-trimmed+3,169,g,0.1363
SARS-CoV2-5UTR-Amplicon-short-trimmed+3,170,a,0.18
SARS-CoV2-5UTR-Amplicon-short-trimmed+3,171,t,0.1889
SARS-CoV2-5UTR-Amplicon-short-trimmed+3,172,c,0.3861
SARS-CoV2-5UTR-Amplicon-short-trimmed+3,173,a,0.1165
SARS-CoV2-5UTR-Amplicon-short-trimmed+3,174,t,0.1318
SARS-CoV2-5UTR-Amplicon-short-trimmed+3,175,c,0.5645
SARS-CoV2-5UTR-Amplicon-short-trimmed+3,176,a,0.1654
SARS-CoV2-5UTR-Amplicon-short-trimmed+3,177,g,0.2316
SARS-CoV2-5UTR-Amplicon-short-trimmed+3,178,c,0.8686
SARS-CoV2-5UTR-Amplicon-short-trimmed+3,179,a,0.1842
SARS-CoV2-5UTR-Amplicon-short-trimmed+3,180,c,0.292
SARS-CoV2-5UTR-Amplicon-short-trimmed+3,181,a,0.1547
SARS-CoV2-5UTR-Amplicon-short-trimmed+3,182,t,0.2634
SARS-CoV2-5UTR-Amplicon-short-trimmed+3,183,c,0.35
SARS-CoV2-5UTR-Amplicon-short-trimmed+3,184,t,0.1673
SARS-CoV2-5UTR-Amplicon-short-trimmed+3,185,a,0.2728
SARS-CoV2-5UTR-Amplicon-short-trimmed+3,186,g,0.2487
SARS-CoV2-5UTR-Amplicon-short-trimmed+3,187,g,0.2163
SARS-CoV2-5UTR-Amplicon-short-trimmed+3,188,t,0.2167
SARS-CoV2-5UTR-Amplicon-short-trimmed+3,189,t,0.3461
SARS-CoV2-5UTR-Amplicon-short-trimmed+3,190,t,0.531
SARS-CoV2-5UTR-Amplicon-short-trimmed+3,191,c,0.5517
SARS-CoV2-5UTR-Amplicon-short-trimmed+3,192,g,0.1745
SARS-CoV2-5UTR-Amplicon-short-trimmed+3,193,t,1.3085
SARS-CoV2-5UTR-Amplicon-short-trimmed+3,194,c,0.4762
SARS-CoV2-5UTR-Amplicon-short-trimmed+3,195,c,0.4799
SARS-CoV2-5UTR-Amplicon-short-trimmed+3,196,g,0.4923
SARS-CoV2-5UTR-Amplicon-short-trimmed+3,197,g,0.2809
SARS-CoV2-5UTR-Amplicon-short-trimmed+3,198,g,0.4549
SARS-CoV2-5UTR-Amplicon-short-trimmed+3,199,t,0.3648
SARS-CoV2-5UTR-Amplicon-short-trimmed+3,200,g,0.2203
SARS-CoV2-5UTR-Amplicon-short-trimmed+3,201,t,0.2382
SARS-CoV2-5UTR-Amplicon-short-trimmed+3,202,g,0.1765
SARS-CoV2-5UTR-Amplicon-short-trimmed+3,203,a,0.4032
SARS-CoV2-5UTR-Amplicon-short-trimmed+3,204,c,0.4087
SARS-CoV2-5UTR-Amplicon-short-trimmed+3,205,c,0.5176
SARS-CoV2-5UTR-Amplicon-short-trimmed+3,206,g,0.2316
SARS-CoV2-5UTR-Amplicon-short-trimmed+3,207,a,0.1813
SARS-CoV2-5UTR-Amplicon-short-trimmed+3,208,a,0.0955
SARS-CoV2-5UTR-Amplicon-short-trimmed+3,209,a,0.1712
SARS-CoV2-5UTR-Amplicon-short-trimmed+3,210,g,0.2599
SARS-CoV2-5UTR-Amplicon-short-trimmed+3,211,g,0.2132
SARS-CoV2-5UTR-Amplicon-short-trimmed+3,212,t,0.1648
SARS-CoV2-5UTR-Amplicon-short-trimmed+3,213,a,0.0786
SARS-CoV2-5UTR-Amplicon-short-trimmed+3,214,a,0.1322
SARS-CoV2-5UTR-Amplicon-short-trimmed+3,215,g,0.1365
SARS-CoV2-5UTR-Amplicon-short-trimmed+3,216,a,0.1252
SARS-CoV2-5UTR-Amplicon-short-trimmed+3,217,t,0.2273
SARS-CoV2-5UTR-Amplicon-short-trimmed+3,218,g,0.1712
SARS-CoV2-5UTR-Amplicon-short-trimmed+3,219,g,0.1161
SARS-CoV2-5UTR-Amplicon-short-trimmed+3,220,a,0.2848
SARS-CoV2-5UTR-Amplicon-short-trimmed+3,221,g,0.211
SARS-CoV2-5UTR-Amplicon-short-trimmed+3,222,a,0.112
SARS-CoV2-5UTR-Amplicon-short-trimmed+3,223,g,0.3347
SARS-CoV2-5UTR-Amplicon-short-trimmed+3,224,c,0.4036
SARS-CoV2-5UTR-Amplicon-short-trimmed+3,225,c,0.4576
SARS-CoV2-5UTR-Amplicon-short-trimmed+3,226,t,0.1143
SARS-CoV2-5UTR-Amplicon-short-trimmed+3,227,t,0.4613
SARS-CoV2-5UTR-Amplicon-short-trimmed+3,228,g,0.1363
SARS-CoV2-5UTR-Amplicon-short-trimmed+3,229,t,0.2423
SARS-CoV2-5UTR-Amplicon-short-trimmed+3,230,c,0.2673
SARS-CoV2-5UTR-Amplicon-short-trimmed+3,231,c,0.3512
SARS-CoV2-5UTR-Amplicon-short-trimmed+3,232,c,0.4335
SARS-CoV2-5UTR-Amplicon-short-trimmed+3,233,t,0.245
SARS-CoV2-5UTR-Amplicon-short-trimmed+3,234,g,0.212
SARS-CoV2-5UTR-Amplicon-short-trimmed+3,235,g,0.2219
SARS-CoV2-5UTR-Amplicon-short-trimmed+3,236,t,0.1204
SARS-CoV2-5UTR-Amplicon-short-trimmed+3,237,t,0.1095
SARS-CoV2-5UTR-Amplicon-short-trimmed+3,238,t,0.2481
SARS-CoV2-5UTR-Amplicon-short-trimmed+3,239,c,0.6784
SARS-CoV2-5UTR-Amplicon-short-trimmed+3,240,a,0.1155
SARS-CoV2-5UTR-Amplicon-short-trimmed+3,241,a,0.1421
SARS-CoV2-5UTR-Amplicon-short-trimmed+3,242,c,0.3736
SARS-CoV2-5UTR-Amplicon-short-trimmed+3,243,g,0.0276
SARS-CoV2-5UTR-Amplicon-short-trimmed+3,244,a,0.2269
SARS-CoV2-5UTR-Amplicon-short-trimmed+3,245,g,0.4972
SARS-CoV2-5UTR-Amplicon-short-trimmed+3,246,g,5.1999
SARS-CoV2-5UTR-Amplicon-short-trimmed+3,247,G,96.0951
SARS-CoV2-5UTR-Amplicon-short-trimmed+3,248,A,99.8541
SARS-CoV2-5UTR-Amplicon-short-trimmed+3,249,G,99.761
