Region,Position,Ref_base,Mut_percentage
SARS-CoV2-5UTR-Amplicon-short-trimmed+3,1,T,99.8204
SARS-CoV2-5UTR-Amplicon-short-trimmed+3,2,T,99.8474
SARS-CoV2-5UTR-Amplicon-short-trimmed+3,3,G,99.9605
SARS-CoV2-5UTR-Amplicon-short-trimmed+3,4,t,99.9366
SARS-CoV2-5UTR-Amplicon-short-trimmed+3,5,a,0.0025
SARS-CoV2-5UTR-Amplicon-short-trimmed+3,6,g,0.0782
SARS-CoV2-5UTR-Amplicon-short-trimmed+3,7,a,0.0113
SARS-CoV2-5UTR-Amplicon-short-trimmed+3,8,t,0.0137
SARS-CoV2-5UTR-Amplicon-short-trimmed+3,9,c,0.0041
SARS-CoV2-5UTR-Amplicon-short-trimmed+3,10,t,0.0047
SARS-CoV2-5UTR-Amplicon-short-trimmed+3,11,g,0.1251
SARS-CoV2-5UTR-Amplicon-short-trimmed+3,12,t,0.0261
SARS-CoV2-5UTR-Amplicon-short-trimmed+3,13,t,0.0192
SARS-CoV2-5UTR-Amplicon-short-trimmed+3,14,c,0.0066
SARS-CoV2-5UTR-Amplicon-short-trimmed+3,15,t,0.0439
SARS-CoV2-5UTR-Amplicon-short-trimmed+3,16,c,0.0284
SARS-CoV2-5UTR-Amplicon-short-trimmed+3,17,t,0.0243
SARS-CoV2-5UTR-Amplicon-short-trimmed+3,18,a,0.0469
SARS-CoV2-5UTR-Amplicon-short-trimmed+3,19,a,0.0107
SARS-CoV2-5UTR-Amplicon-short-trimmed+3,20,a,0.0112
SARS-CoV2-5UTR-Amplicon-short-trimmed+3,21,c,0.0084
SARS-CoV2-5UTR-Amplicon-short-trimmed+3,22,g,0.0143
SARS-CoV2-5UTR-Amplicon-short-trimmed+3,23,a,0.0106
SARS-CoV2-5UTR-Amplicon-short-trimmed+3,24,a,0.0101
SARS-CoV2-5UTR-Amplicon-short-trimmed+3,25,c,0.245
SARS-CoV2-5UTR-Amplicon-short-trimmed+3,26,t,0.0468
SARS-CoV2-5UTR-Amplicon-short-trimmed+3,27,t,0.0751
SARS-CoV2-5UTR-Amplicon-short-trimmed+3,28,t,0.0064
SARS-CoV2-5UTR-Amplicon-short-trimmed+3,29,a,0.0083
SARS-CoV2-5UTR-Amplicon-short-trimmed+3,30,a,0.0129
SARS-CoV2-5UTR-Amplicon-short-trimmed+3,31,a,0.0542
SARS-CoV2-5UTR-Amplicon-short-trimmed+3,32,a,0.0138
SARS-CoV2-5UTR-Amplicon-short-trimmed+3,33,t,0.0184
SARS-CoV2-5UTR-Amplicon-short-trimmed+3,34,c,0.0066
SARS-CoV2-5UTR-Amplicon-short-trimmed+3,35,t,0.0192
SARS-CoV2-5UTR-Amplicon-short-trimmed+3,36,g,0.0178
SARS-CoV2-5UTR-Amplicon-short-trimmed+3,37,t,0.0306
SARS-CoV2-5UTR-Amplicon-short-trimmed+3,38,g,0.0122
SARS-CoV2-5UTR-Amplicon-short-trimmed+3,39,t,0.0239
SARS-CoV2-5UTR-Amplicon-short-trimmed+3,40,g,0.0165
SARS-CoV2-5UTR-Amplicon-short-trimmed+3,41,g,0.0365
SARS-CoV2-5UTR-Amplicon-short-trimmed+3,42,c,0.0113
SARS-CoV2-5UTR-Amplicon-short-trimmed+3,43,t,0.0848
SARS-CoV2-5UTR-Amplicon-short-trimmed+3,44,g,0.0362
SARS-CoV2-5UTR-Amplicon-short-trimmed+3,45,t,0.0462
SARS-CoV2-5UTR-Amplicon-short-trimmed+3,46,c,0.0089
SARS-CoV2-5UTR-Amplicon-short-trimmed+3,47,a,0.0092
SARS-CoV2-5UTR-Amplicon-short-trimmed+3,48,c,0.0064
SARS-CoV2-5UTR-Amplicon-short-trimmed+3,49,t,0.0259
SARS-CoV2-5UTR-Amplicon-short-trimmed+3,50,c,0.0076
SARS-CoV2-5UTR-Amplicon-short-trimmed+3,51,g,0.0372
SARS-CoV2-5UTR-Amplicon-short-trimmed+3,52,g,0.0453
SARS-CoV2-5UTR-Amplicon-short-trimmed+3,53,c,0.0896
SARS-CoV2-5UTR-Amplicon-short-trimmed+3,54,t,0.0137
SARS-CoV2-5UTR-Amplicon-short-trimmed+3,55,g,0.1277
SARS-CoV2-5UTR-Amplicon-short-trimmed+3,56,c,0.0177
SARS-CoV2-5UTR-Amplicon-short-trimmed+3,57,g,0.1323
SARS-CoV2-5UTR-Amplicon-short-trimmed+3,58,t,0.0381
SARS-CoV2-5UTR-Amplicon-short-trimmed+3,59,g,0.0617
SARS-CoV2-5UTR-Amplicon-short-trimmed+3,60,c,0.0108
SARS-CoV2-5UTR-Amplicon-short-trimmed+3,61,t,0.0393
SARS-CoV2-5UTR-Amplicon-short-trimmed+3,62,t,0.0194
SARS-CoV2-5UTR-Amplicon-short-trimmed+3,63,a,0.0173
SARS-CoV2-5UTR-Amplicon-short-trimmed+3,64,g,0.0128
SARS-CoV2-5UTR-Amplicon-short-trimmed+3,65,t,0.0131
SARS-CoV2-5UTR-Amplicon-short-trimmed+3,66,g,0.0484
SARS-CoV2-5UTR-Amplicon-short-trimmed+3,67,c,0.0261
SARS-CoV2-5UTR-Amplicon-short-trimmed+3,68,a,0.0291
SARS-CoV2-5UTR-Amplicon-short-trimmed+3,69,c,0.0127
SARS-CoV2-5UTR-Amplicon-short-trimmed+3,70,t,0.0163
SARS-CoV2-5UTR-Amplicon-short-trimmed+3,71,c,0.0266
SARS-CoV2-5UTR-Amplicon-short-trimmed+3,72,a,0.0231
SARS-CoV2-5UTR-Amplicon-short-trimmed+3,73,c,0.0099
SARS-CoV2-5UTR-Amplicon-short-trimmed+3,74,g,0.0359
SARS-CoV2-5UTR-Amplicon-short-trimmed+3,75,c,0.0038
SARS-CoV2-5UTR-Amplicon-short-trimmed+3,76,a,0.0634
SARS-CoV2-5UTR-Amplicon-short-trimmed+3,77,g,0.0243
SARS-CoV2-5UTR-Amplicon-short-trimmed+3,78,t,0.0254
SARS-CoV2-5UTR-Amplicon-short-trimmed+3,79,a,0.0252
SARS-CoV2-5UTR-Amplicon-short-trimmed+3,80,t,0.0109
SARS-CoV2-5UTR-Amplicon-short-trimmed+3,81,a,0.0179
SARS-CoV2-5UTR-Amplicon-short-trimmed+3,82,a,0.0451
SARS-CoV2-5UTR-Amplicon-short-trimmed+3,83,t,0.0095
SARS-CoV2-5UTR-Amplicon-short-trimmed+3,84,t,0.0507
SARS-CoV2-5UTR-Amplicon-short-trimmed+3,85,a,0.0405
SARS-CoV2-5UTR-Amplicon-short-trimmed+3,86,a,0.0352
SARS-CoV2-5UTR-Amplicon-short-trimmed+3,87,t,0.0093
SARS-CoV2-5UTR-Amplicon-short-trimmed+3,88,a,0.0303
SARS-CoV2-5UTR-Amplicon-short-trimmed+3,89,a,0.0263
SARS-CoV2-5UTR-Amplicon-short-trimmed+3,90,c,0.2795
SARS-CoV2-5UTR-Amplicon-short-trimmed+3,91,t,0.0739
SARS-CoV2-5UTR-Amplicon-short-trimmed+3,92,a,0.0243
SARS-CoV2-5UTR-Amplicon-short-trimmed+3,93,a,0.028
SARS-CoV2-5UTR-Amplicon-short-trimmed+3,94,t,0.0319
SARS-CoV2-5UTR-Amplicon-short-trimmed+3,95,t,0.0355
SARS-CoV2-5UTR-Amplicon-short-trimmed+3,96,a,0.0275
SARS-CoV2-5UTR-Amplicon-short-trimmed+3,97,c,0.0133
SARS-CoV2-5UTR-Amplicon-short-trimmed+3,98,t,0.267
SARS-CoV2-5UTR-Amplicon-short-trimmed+3,99,g,0.0607
SARS-CoV2-5UTR-Amplicon-short-trimmed+3,100,t,0.0622
SARS-CoV2-5UTR-Amplicon-short-trimmed+3,101,c,0.0125
SARS-CoV2-5UTR-Amplicon-short-trimmed+3,102,g,0.051
SARS-CoV2-5UTR-Amplicon-short-trimmed+3,103,t,0.0446
SARS-CoV2-5UTR-Amplicon-short-trimmed+3,104,t,0.0888
SARS-CoV2-5UTR-Amplicon-short-trimmed+3,105,g,0.043
SARS-CoV2-5UTR-Amplicon-short-trimmed+3,106,a,0.0399
SARS-CoV2-5UTR-Amplicon-short-trimmed+3,107,c,0.023
SARS-CoV2-5UTR-Amplicon-short-trimmed+3,108,a,0.0553
SARS-CoV2-5UTR-Amplicon-short-trimmed+3,109,g,0.0543
SARS-CoV2-5UTR-Amplicon-short-trimmed+3,110,g,0.0385
SARS-CoV2-5UTR-Amplicon-short-trimmed+3,111,a,0.0283
SARS-CoV2-5UTR-Amplicon-short-trimmed+3,112,c,0.0288
SARS-CoV2-5UTR-Amplicon-short-trimmed+3,113,a,0.0653
SARS-CoV2-5UTR-Amplicon-short-trimmed+3,114,c,0.025
SARS-CoV2-5UTR-Amplicon-short-trimmed+3,115,g,0.0278
SARS-CoV2-5UTR-Amplicon-short-trimmed+3,116,a,0.0291
SARS-CoV2-5UTR-Amplicon-short-trimmed+3,117,g,0.0146
SARS-CoV2-5UTR-Amplicon-short-trimmed+3,118,t,0.0683
SARS-CoV2-5UTR-Amplicon-short-trimmed+3,119,a,0.0866
SARS-CoV2-5UTR-Amplicon-short-trimmed+3,120,a,0.0196
SARS-CoV2-5UTR-Amplicon-short-trimmed+3,121,c,0.0176
SARS-CoV2-5UTR-Amplicon-short-trimmed+3,122,t,0.0958
SARS-CoV2-5UTR-Amplicon-short-trimmed+3,123,c,0.1862
SARS-CoV2-5UTR-Amplicon-short-trimmed+3,124,g,0.1866
SARS-CoV2-5UTR-Amplicon-short-trimmed+3,125,t,0.2335
SARS-CoV2-5UTR-Amplicon-short-trimmed+3,126,c,0.0861
SARS-CoV2-5UTR-Amplicon-short-trimmed+3,127,t,0.1058
SARS-CoV2-5UTR-Amplicon-short-trimmed+3,128,a,0.1992
SARS-CoV2-5UTR-Amplicon-short-trimmed+3,129,t,1.0037
SARS-CoV2-5UTR-Amplicon-short-trimmed+3,130,c,0.1117
SARS-CoV2-5UTR-Amplicon-short-trimmed+3,131,t,0.1841
SARS-CoV2-5UTR-Amplicon-short-trimmed+3,132,t,0.3005
SARS-CoV2-5UTR-Amplicon-short-trimmed+3,133,c,0.2736
SARS-CoV2-5UTR-Amplicon-short-trimmed+3,134,t,0.2246
SARS-CoV2-5UTR-Amplicon-short-trimmed+3,135,g,0.1281
SARS-CoV2-5UTR-Amplicon-short-trimmed+3,136,c,0.3793
SARS-CoV2-5UTR-Amplicon-short-trimmed+3,137,a,0.2358
SARS-CoV2-5UTR-Amplicon-short-trimmed+3,138,g,0.0799
SARS-CoV2-5UTR-Amplicon-short-trimmed+3,139,g,0.2487
SARS-CoV2-5UTR-Amplicon-short-trimmed+3,140,c,0.0909
SARS-CoV2-5UTR-Amplicon-short-trimmed+3,141,t,0.2786
SARS-CoV2-5UTR-Amplicon-short-trimmed+3,142,g,0.4298
SARS-CoV2-5UTR-Amplicon-short-trimmed+3,143,c,0.0901
SARS-CoV2-5UTR-Amplicon-short-trimmed+3,144,t,0.0976
SARS-CoV2-5UTR-Amplicon-short-trimmed+3,145,t,0.1372
SARS-CoV2-5UTR-Amplicon-short-trimmed+3,146,a,0.1816
SARS-CoV2-5UTR-Amplicon-short-trimmed+3,147,c,0.1417
SARS-CoV2-5UTR-Amplicon-short-trimmed+3,148,g,0.3478
SARS-CoV2-5UTR-Amplicon-short-trimmed+3,149,g,0.132
SARS-CoV2-5UTR-Amplicon-short-trimmed+3,150,t,0.1489
SARS-CoV2-5UTR-Amplicon-short-trimmed+3,151,t,0.1341
SARS-CoV2-5UTR-Amplicon-short-trimmed+3,152,t,0.2289
SARS-CoV2-5UTR-Amplicon-short-trimmed+3,153,c,0.2112
SARS-CoV2-5UTR-Amplicon-short-trimmed+3,154,g,0.0851
SARS-CoV2-5UTR-Amplicon-short-trimmed+3,155,t,0.3229
SARS-CoV2-5UTR-Amplicon-short-trimmed+3,156,c,0.1965
SARS-CoV2-5UTR-Amplicon-short-trimmed+3,157,c,0.1939
SARS-CoV2-5UTR-Amplicon-short-trimmed+3,158,g,0.1087
SARS-CoV2-5UTR-Amplicon-short-trimmed+3,159,t,1.3709
SARS-CoV2-5UTR-Amplicon-short-trimmed+3,160,g,0.1031
SARS-CoV2-5UTR-Amplicon-short-trimmed+3,161,t,0.1158
SARS-CoV2-5UTR-Amplicon-short-trimmed+3,162,t,0.1648
SARS-CoV2-5UTR-Amplicon-short-trimmed+3,163,g,0.1001
SARS-CoV2-5UTR-Amplicon-short-trimmed+3,164,c,0.2709
SARS-CoV2-5UTR-Amplicon-short-trimmed+3,165,a,0.1979
SARS-CoV2-5UTR-Amplicon-short-trimmed+3,166,g,0.3223
SARS-CoV2-5UTR-Amplicon-short-trimmed+3,167,c,0.2644
SARS-CoV2-5UTR-Amplicon-short-trimmed+3,168,c,0.492
SARS-CoV2-5UTR-Amplicon-short-trimmed+3,169,g,0.0863
SARS-CoV2-5UTR-Amplicon-short-trimmed+3,170,a,0.1283
SARS-CoV2-5UTR-Amplicon-short-trimmed+3,171,t,0.1212
SARS-CoV2-5UTR-Amplicon-short-trimmed+3,172,c,0.1645
SARS-CoV2-5UTR-Amplicon-short-trimmed+3,173,a,0.0606
SARS-CoV2-5UTR-Amplicon-short-trimmed+3,174,t,0.0862
SARS-CoV2-5UTR-Amplicon-short-trimmed+3,175,c,0.2
SARS-CoV2-5UTR-Amplicon-short-trimmed+3,176,a,0.1271
SARS-CoV2-5UTR-Amplicon-short-trimmed+3,177,g,0.119
SARS-CoV2-5UTR-Amplicon-short-trimmed+3,178,c,0.5791
SARS-CoV2-5UTR-Amplicon-short-trimmed+3,179,a,0.1183
SARS-CoV2-5UTR-Amplicon-short-trimmed+3,180,c,0.08
SARS-CoV2-5UTR-Amplicon-short-trimmed+3,181,a,0.0988
SARS-CoV2-5UTR-Amplicon-short-trimmed+3,182,t,0.1477
SARS-CoV2-5UTR-Amplicon-short-trimmed+3,183,c,0.0642
SARS-CoV2-5UTR-Amplicon-short-trimmed+3,184,t,0.0881
SARS-CoV2-5UTR-Amplicon-short-trimmed+3,185,a,0.1581
SARS-CoV2-5UTR-Amplicon-short-trimmed+3,186,g,0.0705
SARS-CoV2-5UTR-Amplicon-short-trimmed+3,187,g,0.0732
SARS-CoV2-5UTR-Amplicon-short-trimmed+3,188,t,0.1242
SARS-CoV2-5UTR-Amplicon-short-trimmed+3,189,t,0.2776
SARS-CoV2-5UTR-Amplicon-short-trimmed+3,190,t,0.3637
SARS-CoV2-5UTR-Amplicon-short-trimmed+3,191,c,0.1203
SARS-CoV2-5UTR-Amplicon-short-trimmed+3,192,g,0.0618
SARS-CoV2-5UTR-Amplicon-short-trimmed+3,193,t,1.1056
SARS-CoV2-5UTR-Amplicon-short-trimmed+3,194,c,0.1147
SARS-CoV2-5UTR-Amplicon-short-trimmed+3,195,c,0.1494
SARS-CoV2-5UTR-Amplicon-short-trimmed+3,196,g,0.3384
SARS-CoV2-5UTR-Amplicon-short-trimmed+3,197,g,0.1501
SARS-CoV2-5UTR-Amplicon-short-trimmed+3,198,g,0.4382
SARS-CoV2-5UTR-Amplicon-short-trimmed+3,199,t,0.2092
SARS-CoV2-5UTR-Amplicon-short-trimmed+3,200,g,0.0647
SARS-CoV2-5UTR-Amplicon-short-trimmed+3,201,t,0.124
SARS-CoV2-5UTR-Amplicon-short-trimmed+3,202,g,0.0912
SARS-CoV2-5UTR-Amplicon-short-trimmed+3,203,a,0.3211
SARS-CoV2-5UTR-Amplicon-short-trimmed+3,204,c,0.1146
SARS-CoV2-5UTR-Amplicon-short-trimmed+3,205,c,0.0953
SARS-CoV2-5UTR-Amplicon-short-trimmed+3,206,g,0.0808
SARS-CoV2-5UTR-Amplicon-short-trimmed+3,207,a,0.1073
SARS-CoV2-5UTR-Amplicon-short-trimmed+3,208,a,0.0612
SARS-CoV2-5UTR-Amplicon-short-trimmed+3,209,a,0.1438
SARS-CoV2-5UTR-Amplicon-short-trimmed+3,210,g,0.1088
SARS-CoV2-5UTR-Amplicon-short-trimmed+3,211,g,0.1387
SARS-CoV2-5UTR-Amplicon-short-trimmed+3,212,t,0.1201
SARS-CoV2-5UTR-Amplicon-short-trimmed+3,213,a,0.0529
SARS-CoV2-5UTR-Amplicon-short-trimmed+3,214,a,0.0627
SARS-CoV2-5UTR-Amplicon-short-trimmed+3,215,g,0.0591
SARS-CoV2-5UTR-Amplicon-short-trimmed+3,216,a,0.044
SARS-CoV2-5UTR-Amplicon-short-trimmed+3,217,t,0.1089
SARS-CoV2-5UTR-Amplicon-short-trimmed+3,218,g,0.0559
SARS-CoV2-5UTR-Amplicon-short-trimmed+3,219,g,0.0649
SARS-CoV2-5UTR-Amplicon-short-trimmed+3,220,a,0.2012
SARS-CoV2-5UTR-Amplicon-short-trimmed+3,221,g,0.1257
SARS-CoV2-5UTR-Amplicon-short-trimmed+3,222,a,0.0656
SARS-CoV2-5UTR-Amplicon-short-trimmed+3,223,g,0.1777
SARS-CoV2-5UTR-Amplicon-short-trimmed+3,224,c,0.0833
SARS-CoV2-5UTR-Amplicon-short-trimmed+3,225,c,0.0703
SARS-CoV2-5UTR-Amplicon-short-trimmed+3,226,t,0.0448
SARS-CoV2-5UTR-Amplicon-short-trimmed+3,227,t,0.2872
SARS-CoV2-5UTR-Amplicon-short-trimmed+3,228,g,0.0353
SARS-CoV2-5UTR-Amplicon-short-trimmed+3,229,t,0.1321
SARS-CoV2-5UTR-Amplicon-short-trimmed+3,230,c,0.0619
SARS-CoV2-5UTR-Amplicon-short-trimmed+3,231,c,0.0559
SARS-CoV2-5UTR-Amplicon-short-trimmed+3,232,c,0.0804
SARS-CoV2-5UTR-Amplicon-short-trimmed+3,233,t,0.1599
SARS-CoV2-5UTR-Amplicon-short-trimmed+3,234,g,0.0635
SARS-CoV2-5UTR-Amplicon-short-trimmed+3,235,g,0.1308
SARS-CoV2-5UTR-Amplicon-short-trimmed+3,236,t,0.0583
SARS-CoV2-5UTR-Amplicon-short-trimmed+3,237,t,0.0618
SARS-CoV2-5UTR-Amplicon-short-trimmed+3,238,t,0.1215
SARS-CoV2-5UTR-Amplicon-short-trimmed+3,239,c,0.5766
SARS-CoV2-5UTR-Amplicon-short-trimmed+3,240,a,0.0891
SARS-CoV2-5UTR-Amplicon-short-trimmed+3,241,a,0.0767
SARS-CoV2-5UTR-Amplicon-short-trimmed+3,242,c,0.0838
SARS-CoV2-5UTR-Amplicon-short-trimmed+3,243,g,0.0125
SARS-CoV2-5UTR-Amplicon-short-trimmed+3,244,a,0.1834
SARS-CoV2-5UTR-Amplicon-short-trimmed+3,245,g,0.5203
SARS-CoV2-5UTR-Amplicon-short-trimmed+3,246,g,5.3045
SARS-CoV2-5UTR-Amplicon-short-trimmed+3,247,G,95.9412
SARS-CoV2-5UTR-Amplicon-short-trimmed+3,248,A,99.8691
SARS-CoV2-5UTR-Amplicon-short-trimmed+3,249,G,99.7657
