Region,Position,Ref_base,Mut_percentage
SARS-CoV2-5UTR-Amplicon-short-trimmed+3,1,T,99.8314
SARS-CoV2-5UTR-Amplicon-short-trimmed+3,2,T,99.8597
SARS-CoV2-5UTR-Amplicon-short-trimmed+3,3,G,99.9704
SARS-CoV2-5UTR-Amplicon-short-trimmed+3,4,t,99.9436
SARS-CoV2-5UTR-Amplicon-short-trimmed+3,5,a,0.0018
SARS-CoV2-5UTR-Amplicon-short-trimmed+3,6,g,0.0716
SARS-CoV2-5UTR-Amplicon-short-trimmed+3,7,a,0.0117
SARS-CoV2-5UTR-Amplicon-short-trimmed+3,8,t,0.0133
SARS-CoV2-5UTR-Amplicon-short-trimmed+3,9,c,0.0038
SARS-CoV2-5UTR-Amplicon-short-trimmed+3,10,t,0.0043
SARS-CoV2-5UTR-Amplicon-short-trimmed+3,11,g,0.0695
SARS-CoV2-5UTR-Amplicon-short-trimmed+3,12,t,0.0175
SARS-CoV2-5UTR-Amplicon-short-trimmed+3,13,t,0.0158
SARS-CoV2-5UTR-Amplicon-short-trimmed+3,14,c,0.005
SARS-CoV2-5UTR-Amplicon-short-trimmed+3,15,t,0.0313
SARS-CoV2-5UTR-Amplicon-short-trimmed+3,16,c,0.0134
SARS-CoV2-5UTR-Amplicon-short-trimmed+3,17,t,0.0152
SARS-CoV2-5UTR-Amplicon-short-trimmed+3,18,a,0.0382
SARS-CoV2-5UTR-Amplicon-short-trimmed+3,19,a,0.0094
SARS-CoV2-5UTR-Amplicon-short-trimmed+3,20,a,0.0086
SARS-CoV2-5UTR-Amplicon-short-trimmed+3,21,c,0.0067
SARS-CoV2-5UTR-Amplicon-short-trimmed+3,22,g,0.01
SARS-CoV2-5UTR-Amplicon-short-trimmed+3,23,a,0.0047
SARS-CoV2-5UTR-Amplicon-short-trimmed+3,24,a,0.006
SARS-CoV2-5UTR-Amplicon-short-trimmed+3,25,c,0.3805
SARS-CoV2-5UTR-Amplicon-short-trimmed+3,26,t,0.0344
SARS-CoV2-5UTR-Amplicon-short-trimmed+3,27,t,0.0485
SARS-CoV2-5UTR-Amplicon-short-trimmed+3,28,t,0.0041
SARS-CoV2-5UTR-Amplicon-short-trimmed+3,29,a,0.0077
SARS-CoV2-5UTR-Amplicon-short-trimmed+3,30,a,0.0107
SARS-CoV2-5UTR-Amplicon-short-trimmed+3,31,a,0.0452
SARS-CoV2-5UTR-Amplicon-short-trimmed+3,32,a,0.0108
SARS-CoV2-5UTR-Amplicon-short-trimmed+3,33,t,0.0163
SARS-CoV2-5UTR-Amplicon-short-trimmed+3,34,c,0.0063
SARS-CoV2-5UTR-Amplicon-short-trimmed+3,35,t,0.0129
SARS-CoV2-5UTR-Amplicon-short-trimmed+3,36,g,0.0133
SARS-CoV2-5UTR-Amplicon-short-trimmed+3,37,t,0.0207
SARS-CoV2-5UTR-Amplicon-short-trimmed+3,38,g,0.0069
SARS-CoV2-5UTR-Amplicon-short-trimmed+3,39,t,0.0173
SARS-CoV2-5UTR-Amplicon-short-trimmed+3,40,g,0.0125
SARS-CoV2-5UTR-Amplicon-short-trimmed+3,41,g,0.0279
SARS-CoV2-5UTR-Amplicon-short-trimmed+3,42,c,0.0075
SARS-CoV2-5UTR-Amplicon-short-trimmed+3,43,t,0.0541
SARS-CoV2-5UTR-Amplicon-short-trimmed+3,44,g,0.0237
SARS-CoV2-5UTR-Amplicon-short-trimmed+3,45,t,0.0361
SARS-CoV2-5UTR-Amplicon-short-trimmed+3,46,c,0.0057
SARS-CoV2-5UTR-Amplicon-short-trimmed+3,47,a,0.0077
SARS-CoV2-5UTR-Amplicon-short-trimmed+3,48,c,0.0066
SARS-CoV2-5UTR-Amplicon-short-trimmed+3,49,t,0.0181
SARS-CoV2-5UTR-Amplicon-short-trimmed+3,50,c,0.0063
SARS-CoV2-5UTR-Amplicon-short-trimmed+3,51,g,0.0269
SARS-CoV2-5UTR-Amplicon-short-trimmed+3,52,g,0.0309
SARS-CoV2-5UTR-Amplicon-short-trimmed+3,53,c,0.0504
SARS-CoV2-5UTR-Amplicon-short-trimmed+3,54,t,0.0083
SARS-CoV2-5UTR-Amplicon-short-trimmed+3,55,g,0.0713
SARS-CoV2-5UTR-Amplicon-short-trimmed+3,56,c,0.013
SARS-CoV2-5UTR-Amplicon-short-trimmed+3,57,g,0.0725
SARS-CoV2-5UTR-Amplicon-short-trimmed+3,58,t,0.0247
SARS-CoV2-5UTR-Amplicon-short-trimmed+3,59,g,0.0359
SARS-CoV2-5UTR-Amplicon-short-trimmed+3,60,c,0.0083
SARS-CoV2-5UTR-Amplicon-short-trimmed+3,61,t,0.0289
SARS-CoV2-5UTR-Amplicon-short-trimmed+3,62,t,0.014
SARS-CoV2-5UTR-Amplicon-short-trimmed+3,63,a,0.0095
SARS-CoV2-5UTR-Amplicon-short-trimmed+3,64,g,0.0099
SARS-CoV2-5UTR-Amplicon-short-trimmed+3,65,t,0.0081
SARS-CoV2-5UTR-Amplicon-short-trimmed+3,66,g,0.0332
SARS-CoV2-5UTR-Amplicon-short-trimmed+3,67,c,0.0185
SARS-CoV2-5UTR-Amplicon-short-trimmed+3,68,a,0.0185
SARS-CoV2-5UTR-Amplicon-short-trimmed+3,69,c,0.0123
SARS-CoV2-5UTR-Amplicon-short-trimmed+3,70,t,0.0148
SARS-CoV2-5UTR-Amplicon-short-trimmed+3,71,c,0.0195
SARS-CoV2-5UTR-Amplicon-short-trimmed+3,72,a,0.0199
SARS-CoV2-5UTR-Amplicon-short-trimmed+3,73,c,0.0071
SARS-CoV2-5UTR-Amplicon-short-trimmed+3,74,g,0.0253
SARS-CoV2-5UTR-Amplicon-short-trimmed+3,75,c,0.0035
SARS-CoV2-5UTR-Amplicon-short-trimmed+3,76,a,0.0452
SARS-CoV2-5UTR-Amplicon-short-trimmed+3,77,g,0.0165
SARS-CoV2-5UTR-Amplicon-short-trimmed+3,78,t,0.0142
SARS-CoV2-5UTR-Amplicon-short-trimmed+3,79,a,0.0165
SARS-CoV2-5UTR-Amplicon-short-trimmed+3,80,t,0.0068
SARS-CoV2-5UTR-Amplicon-short-trimmed+3,81,a,0.0128
SARS-CoV2-5UTR-Amplicon-short-trimmed+3,82,a,0.0288
SARS-CoV2-5UTR-Amplicon-short-trimmed+3,83,t,0.0064
SARS-CoV2-5UTR-Amplicon-short-trimmed+3,84,t,0.0321
SARS-CoV2-5UTR-Amplicon-short-trimmed+3,85,a,0.0296
SARS-CoV2-5UTR-Amplicon-short-trimmed+3,86,a,0.0244
SARS-CoV2-5UTR-Amplicon-short-trimmed+3,87,t,0.0077
SARS-CoV2-5UTR-Amplicon-short-trimmed+3,88,a,0.0171
SARS-CoV2-5UTR-Amplicon-short-trimmed+3,89,a,0.021
SARS-CoV2-5UTR-Amplicon-short-trimmed+3,90,c,0.2761
SARS-CoV2-5UTR-Amplicon-short-trimmed+3,91,t,0.0579
SARS-CoV2-5UTR-Amplicon-short-trimmed+3,92,a,0.0158
SARS-CoV2-5UTR-Amplicon-short-trimmed+3,93,a,0.018
SARS-CoV2-5UTR-Amplicon-short-trimmed+3,94,t,0.0189
SARS-CoV2-5UTR-Amplicon-short-trimmed+3,95,t,0.0198
SARS-CoV2-5UTR-Amplicon-short-trimmed+3,96,a,0.0151
SARS-CoV2-5UTR-Amplicon-short-trimmed+3,97,c,0.01
SARS-CoV2-5UTR-Amplicon-short-trimmed+3,98,t,0.2639
SARS-CoV2-5UTR-Amplicon-short-trimmed+3,99,g,0.0463
SARS-CoV2-5UTR-Amplicon-short-trimmed+3,100,t,0.0379
SARS-CoV2-5UTR-Amplicon-short-trimmed+3,101,c,0.0109
SARS-CoV2-5UTR-Amplicon-short-trimmed+3,102,g,0.0313
SARS-CoV2-5UTR-Amplicon-short-trimmed+3,103,t,0.0271
SARS-CoV2-5UTR-Amplicon-short-trimmed+3,104,t,0.0539
SARS-CoV2-5UTR-Amplicon-short-trimmed+3,105,g,0.0286
SARS-CoV2-5UTR-Amplicon-short-trimmed+3,106,a,0.0242
SARS-CoV2-5UTR-Amplicon-short-trimmed+3,107,c,0.0174
SARS-CoV2-5UTR-Amplicon-short-trimmed+3,108,a,0.0356
SARS-CoV2-5UTR-Amplicon-short-trimmed+3,109,g,0.0394
SARS-CoV2-5UTR-Amplicon-short-trimmed+3,110,g,0.0271
SARS-CoV2-5UTR-Amplicon-short-trimmed+3,111,a,0.0185
SARS-CoV2-5UTR-Amplicon-short-trimmed+3,112,c,0.0212
SARS-CoV2-5UTR-Amplicon-short-trimmed+3,113,a,0.0317
SARS-CoV2-5UTR-Amplicon-short-trimmed+3,114,c,0.0157
SARS-CoV2-5UTR-Amplicon-short-trimmed+3,115,g,0.0264
SARS-CoV2-5UTR-Amplicon-short-trimmed+3,116,a,0.0151
SARS-CoV2-5UTR-Amplicon-short-trimmed+3,117,g,0.0119
SARS-CoV2-5UTR-Amplicon-short-trimmed+3,118,t,0.0453
SARS-CoV2-5UTR-Amplicon-short-trimmed+3,119,a,0.0446
SARS-CoV2-5UTR-Amplicon-short-trimmed+3,120,a,0.0134
SARS-CoV2-5UTR-Amplicon-short-trimmed+3,121,c,0.0156
SARS-CoV2-5UTR-Amplicon-short-trimmed+3,122,t,0.0682
SARS-CoV2-5UTR-Amplicon-short-trimmed+3,123,c,0.1788
SARS-CoV2-5UTR-Amplicon-short-trimmed+3,124,g,0.1621
SARS-CoV2-5UTR-Amplicon-short-trimmed+3,125,t,0.209
SARS-CoV2-5UTR-Amplicon-short-trimmed+3,126,c,0.0906
SARS-CoV2-5UTR-Amplicon-short-trimmed+3,127,t,0.1054
SARS-CoV2-5UTR-Amplicon-short-trimmed+3,128,a,0.1841
SARS-CoV2-5UTR-Amplicon-short-trimmed+3,129,t,0.929
SARS-CoV2-5UTR-Amplicon-short-trimmed+3,130,c,0.1071
SARS-CoV2-5UTR-Amplicon-short-trimmed+3,131,t,0.1671
SARS-CoV2-5UTR-Amplicon-short-trimmed+3,132,t,0.2506
SARS-CoV2-5UTR-Amplicon-short-trimmed+3,133,c,0.2629
SARS-CoV2-5UTR-Amplicon-short-trimmed+3,134,t,0.1853
SARS-CoV2-5UTR-Amplicon-short-trimmed+3,135,g,0.1289
SARS-CoV2-5UTR-Amplicon-short-trimmed+3,136,c,0.393
SARS-CoV2-5UTR-Amplicon-short-trimmed+3,137,a,0.2023
SARS-CoV2-5UTR-Amplicon-short-trimmed+3,138,g,0.0727
SARS-CoV2-5UTR-Amplicon-short-trimmed+3,139,g,0.2518
SARS-CoV2-5UTR-Amplicon-short-trimmed+3,140,c,0.0932
SARS-CoV2-5UTR-Amplicon-short-trimmed+3,141,t,0.2471
SARS-CoV2-5UTR-Amplicon-short-trimmed+3,142,g,0.4004
SARS-CoV2-5UTR-Amplicon-short-trimmed+3,143,c,0.0941
SARS-CoV2-5UTR-Amplicon-short-trimmed+3,144,t,0.0917
SARS-CoV2-5UTR-Amplicon-short-trimmed+3,145,t,0.122
SARS-CoV2-5UTR-Amplicon-short-trimmed+3,146,a,0.1602
SARS-CoV2-5UTR-Amplicon-short-trimmed+3,147,c,0.1437
SARS-CoV2-5UTR-Amplicon-short-trimmed+3,148,g,0.3496
SARS-CoV2-5UTR-Amplicon-short-trimmed+3,149,g,0.1349
SARS-CoV2-5UTR-Amplicon-short-trimmed+3,150,t,0.13
SARS-CoV2-5UTR-Amplicon-short-trimmed+3,151,t,0.13
SARS-CoV2-5UTR-Amplicon-short-trimmed+3,152,t,0.2046
SARS-CoV2-5UTR-Amplicon-short-trimmed+3,153,c,0.1928
SARS-CoV2-5UTR-Amplicon-short-trimmed+3,154,g,0.0733
SARS-CoV2-5UTR-Amplicon-short-trimmed+3,155,t,0.3063
SARS-CoV2-5UTR-Amplicon-short-trimmed+3,156,c,0.1868
SARS-CoV2-5UTR-Amplicon-short-trimmed+3,157,c,0.1814
SARS-CoV2-5UTR-Amplicon-short-trimmed+3,158,g,0.0952
SARS-CoV2-5UTR-Amplicon-short-trimmed+3,159,t,1.2815
SARS-CoV2-5UTR-Amplicon-short-trimmed+3,160,g,0.0814
SARS-CoV2-5UTR-Amplicon-short-trimmed+3,161,t,0.1065
SARS-CoV2-5UTR-Amplicon-short-trimmed+3,162,t,0.1688
SARS-CoV2-5UTR-Amplicon-short-trimmed+3,163,g,0.0987
SARS-CoV2-5UTR-Amplicon-short-trimmed+3,164,c,0.2503
SARS-CoV2-5UTR-Amplicon-short-trimmed+3,165,a,0.2014
SARS-CoV2-5UTR-Amplicon-short-trimmed+3,166,g,0.4135
SARS-CoV2-5UTR-Amplicon-short-trimmed+3,167,c,0.2625
SARS-CoV2-5UTR-Amplicon-short-trimmed+3,168,c,0.5865
SARS-CoV2-5UTR-Amplicon-short-trimmed+3,169,g,0.1016
SARS-CoV2-5UTR-Amplicon-short-trimmed+3,170,a,0.1145
SARS-CoV2-5UTR-Amplicon-short-trimmed+3,171,t,0.1136
SARS-CoV2-5UTR-Amplicon-short-trimmed+3,172,c,0.1697
SARS-CoV2-5UTR-Amplicon-short-trimmed+3,173,a,0.0533
SARS-CoV2-5UTR-Amplicon-short-trimmed+3,174,t,0.0748
SARS-CoV2-5UTR-Amplicon-short-trimmed+3,175,c,0.2176
SARS-CoV2-5UTR-Amplicon-short-trimmed+3,176,a,0.128
SARS-CoV2-5UTR-Amplicon-short-trimmed+3,177,g,0.1137
SARS-CoV2-5UTR-Amplicon-short-trimmed+3,178,c,0.6035
SARS-CoV2-5UTR-Amplicon-short-trimmed+3,179,a,0.0967
SARS-CoV2-5UTR-Amplicon-short-trimmed+3,180,c,0.0772
SARS-CoV2-5UTR-Amplicon-short-trimmed+3,181,a,0.0803
SARS-CoV2-5UTR-Amplicon-short-trimmed+3,182,t,0.1468
SARS-CoV2-5UTR-Amplicon-short-trimmed+3,183,c,0.0699
SARS-CoV2-5UTR-Amplicon-short-trimmed+3,184,t,0.106
SARS-CoV2-5UTR-Amplicon-short-trimmed+3,185,a,0.1648
SARS-CoV2-5UTR-Amplicon-short-trimmed+3,186,g,0.0713
SARS-CoV2-5UTR-Amplicon-short-trimmed+3,187,g,0.0909
SARS-CoV2-5UTR-Amplicon-short-trimmed+3,188,t,0.1203
SARS-CoV2-5UTR-Amplicon-short-trimmed+3,189,t,0.2752
SARS-CoV2-5UTR-Amplicon-short-trimmed+3,190,t,0.3547
SARS-CoV2-5UTR-Amplicon-short-trimmed+3,191,c,0.1112
SARS-CoV2-5UTR-Amplicon-short-trimmed+3,192,g,0.0599
SARS-CoV2-5UTR-Amplicon-short-trimmed+3,193,t,1.0801
SARS-CoV2-5UTR-Amplicon-short-trimmed+3,194,c,0.109
SARS-CoV2-5UTR-Amplicon-short-trimmed+3,195,c,0.1547
SARS-CoV2-5UTR-Amplicon-short-trimmed+3,196,g,0.3229
SARS-CoV2-5UTR-Amplicon-short-trimmed+3,197,g,0.1319
SARS-CoV2-5UTR-Amplicon-short-trimmed+3,198,g,0.4
SARS-CoV2-5UTR-Amplicon-short-trimmed+3,199,t,0.2083
SARS-CoV2-5UTR-Amplicon-short-trimmed+3,200,g,0.08
SARS-CoV2-5UTR-Amplicon-short-trimmed+3,201,t,0.129
SARS-CoV2-5UTR-Amplicon-short-trimmed+3,202,g,0.0929
SARS-CoV2-5UTR-Amplicon-short-trimmed+3,203,a,0.3028
SARS-CoV2-5UTR-Amplicon-short-trimmed+3,204,c,0.1023
SARS-CoV2-5UTR-Amplicon-short-trimmed+3,205,c,0.0942
SARS-CoV2-5UTR-Amplicon-short-trimmed+3,206,g,0.0913
SARS-CoV2-5UTR-Amplicon-short-trimmed+3,207,a,0.0993
SARS-CoV2-5UTR-Amplicon-short-trimmed+3,208,a,0.0522
SARS-CoV2-5UTR-Amplicon-short-trimmed+3,209,a,0.1443
SARS-CoV2-5UTR-Amplicon-short-trimmed+3,210,g,0.1263
SARS-CoV2-5UTR-Amplicon-short-trimmed+3,211,g,0.1056
SARS-CoV2-5UTR-Amplicon-short-trimmed+3,212,t,0.1246
SARS-CoV2-5UTR-Amplicon-short-trimmed+3,213,a,0.0492
SARS-CoV2-5UTR-Amplicon-short-trimmed+3,214,a,0.0634
SARS-CoV2-5UTR-Amplicon-short-trimmed+3,215,g,0.0579
SARS-CoV2-5UTR-Amplicon-short-trimmed+3,216,a,0.0411
SARS-CoV2-5UTR-Amplicon-short-trimmed+3,217,t,0.1078
SARS-CoV2-5UTR-Amplicon-short-trimmed+3,218,g,0.0554
SARS-CoV2-5UTR-Amplicon-short-trimmed+3,219,g,0.0665
SARS-CoV2-5UTR-Amplicon-short-trimmed+3,220,a,0.2183
SARS-CoV2-5UTR-Amplicon-short-trimmed+3,221,g,0.1442
SARS-CoV2-5UTR-Amplicon-short-trimmed+3,222,a,0.0669
SARS-CoV2-5UTR-Amplicon-short-trimmed+3,223,g,0.1969
SARS-CoV2-5UTR-Amplicon-short-trimmed+3,224,c,0.0768
SARS-CoV2-5UTR-Amplicon-short-trimmed+3,225,c,0.0675
SARS-CoV2-5UTR-Amplicon-short-trimmed+3,226,t,0.0508
SARS-CoV2-5UTR-Amplicon-short-trimmed+3,227,t,0.3019
SARS-CoV2-5UTR-Amplicon-short-trimmed+3,228,g,0.0396
SARS-CoV2-5UTR-Amplicon-short-trimmed+3,229,t,0.1339
SARS-CoV2-5UTR-Amplicon-short-trimmed+3,230,c,0.0624
SARS-CoV2-5UTR-Amplicon-short-trimmed+3,231,c,0.0614
SARS-CoV2-5UTR-Amplicon-short-trimmed+3,232,c,0.0805
SARS-CoV2-5UTR-Amplicon-short-trimmed+3,233,t,0.149
SARS-CoV2-5UTR-Amplicon-short-trimmed+3,234,g,0.069
SARS-CoV2-5UTR-Amplicon-short-trimmed+3,235,g,0.1455
SARS-CoV2-5UTR-Amplicon-short-trimmed+3,236,t,0.0643
SARS-CoV2-5UTR-Amplicon-short-trimmed+3,237,t,0.0593
SARS-CoV2-5UTR-Amplicon-short-trimmed+3,238,t,0.1191
SARS-CoV2-5UTR-Amplicon-short-trimmed+3,239,c,0.5413
SARS-CoV2-5UTR-Amplicon-short-trimmed+3,240,a,0.087
SARS-CoV2-5UTR-Amplicon-short-trimmed+3,241,a,0.0726
SARS-CoV2-5UTR-Amplicon-short-trimmed+3,242,c,0.0817
SARS-CoV2-5UTR-Amplicon-short-trimmed+3,243,g,0.0157
SARS-CoV2-5UTR-Amplicon-short-trimmed+3,244,a,0.2049
SARS-CoV2-5UTR-Amplicon-short-trimmed+3,245,g,0.5227
SARS-CoV2-5UTR-Amplicon-short-trimmed+3,246,g,5.3824
SARS-CoV2-5UTR-Amplicon-short-trimmed+3,247,G,95.8866
SARS-CoV2-5UTR-Amplicon-short-trimmed+3,248,A,99.8586
SARS-CoV2-5UTR-Amplicon-short-trimmed+3,249,G,99.7558
