Region,Position,Ref_base,Mut_percentage
SARS-CoV2-5UTR-Amplicon-short-trimmed+3,1,T,99.8071
SARS-CoV2-5UTR-Amplicon-short-trimmed+3,2,T,99.8587
SARS-CoV2-5UTR-Amplicon-short-trimmed+3,3,G,99.9675
SARS-CoV2-5UTR-Amplicon-short-trimmed+3,4,t,99.9445
SARS-CoV2-5UTR-Amplicon-short-trimmed+3,5,a,0.0017
SARS-CoV2-5UTR-Amplicon-short-trimmed+3,6,g,0.073
SARS-CoV2-5UTR-Amplicon-short-trimmed+3,7,a,0.0076
SARS-CoV2-5UTR-Amplicon-short-trimmed+3,8,t,0.0114
SARS-CoV2-5UTR-Amplicon-short-trimmed+3,9,c,0.0041
SARS-CoV2-5UTR-Amplicon-short-trimmed+3,10,t,0.0044
SARS-CoV2-5UTR-Amplicon-short-trimmed+3,11,g,0.1032
SARS-CoV2-5UTR-Amplicon-short-trimmed+3,12,t,0.0169
SARS-CoV2-5UTR-Amplicon-short-trimmed+3,13,t,0.0175
SARS-CoV2-5UTR-Amplicon-short-trimmed+3,14,c,0.0105
SARS-CoV2-5UTR-Amplicon-short-trimmed+3,15,t,0.0366
SARS-CoV2-5UTR-Amplicon-short-trimmed+3,16,c,0.0225
SARS-CoV2-5UTR-Amplicon-short-trimmed+3,17,t,0.0178
SARS-CoV2-5UTR-Amplicon-short-trimmed+3,18,a,0.0381
SARS-CoV2-5UTR-Amplicon-short-trimmed+3,19,a,0.0076
SARS-CoV2-5UTR-Amplicon-short-trimmed+3,20,a,0.0093
SARS-CoV2-5UTR-Amplicon-short-trimmed+3,21,c,0.0081
SARS-CoV2-5UTR-Amplicon-short-trimmed+3,22,g,0.0128
SARS-CoV2-5UTR-Amplicon-short-trimmed+3,23,a,0.005
SARS-CoV2-5UTR-Amplicon-short-trimmed+3,24,a,0.006
SARS-CoV2-5UTR-Amplicon-short-trimmed+3,25,c,0.1716
SARS-CoV2-5UTR-Amplicon-short-trimmed+3,26,t,0.0348
SARS-CoV2-5UTR-Amplicon-short-trimmed+3,27,t,0.0549
SARS-CoV2-5UTR-Amplicon-short-trimmed+3,28,t,0.0042
SARS-CoV2-5UTR-Amplicon-short-trimmed+3,29,a,0.0076
SARS-CoV2-5UTR-Amplicon-short-trimmed+3,30,a,0.0091
SARS-CoV2-5UTR-Amplicon-short-trimmed+3,31,a,0.0434
SARS-CoV2-5UTR-Amplicon-short-trimmed+3,32,a,0.01
SARS-CoV2-5UTR-Amplicon-short-trimmed+3,33,t,0.0132
SARS-CoV2-5UTR-Amplicon-short-trimmed+3,34,c,0.0087
SARS-CoV2-5UTR-Amplicon-short-trimmed+3,35,t,0.0139
SARS-CoV2-5UTR-Amplicon-short-trimmed+3,36,g,0.0154
SARS-CoV2-5UTR-Amplicon-short-trimmed+3,37,t,0.0231
SARS-CoV2-5UTR-Amplicon-short-trimmed+3,38,g,0.0078
SARS-CoV2-5UTR-Amplicon-short-trimmed+3,39,t,0.0148
SARS-CoV2-5UTR-Amplicon-short-trimmed+3,40,g,0.0123
SARS-CoV2-5UTR-Amplicon-short-trimmed+3,41,g,0.0291
SARS-CoV2-5UTR-Amplicon-short-trimmed+3,42,c,0.0137
SARS-CoV2-5UTR-Amplicon-short-trimmed+3,43,t,0.0718
SARS-CoV2-5UTR-Amplicon-short-trimmed+3,44,g,0.0299
SARS-CoV2-5UTR-Amplicon-short-trimmed+3,45,t,0.0284
SARS-CoV2-5UTR-Amplicon-short-trimmed+3,46,c,0.0088
SARS-CoV2-5UTR-Amplicon-short-trimmed+3,47,a,0.0102
SARS-CoV2-5UTR-Amplicon-short-trimmed+3,48,c,0.0082
SARS-CoV2-5UTR-Amplicon-short-trimmed+3,49,t,0.0162
SARS-CoV2-5UTR-Amplicon-short-trimmed+3,50,c,0.0109
SARS-CoV2-5UTR-Amplicon-short-trimmed+3,51,g,0.0317
SARS-CoV2-5UTR-Amplicon-short-trimmed+3,52,g,0.0333
SARS-CoV2-5UTR-Amplicon-short-trimmed+3,53,c,0.0694
SARS-CoV2-5UTR-Amplicon-short-trimmed+3,54,t,0.0098
SARS-CoV2-5UTR-Amplicon-short-trimmed+3,55,g,0.1013
SARS-CoV2-5UTR-Amplicon-short-trimmed+3,56,c,0.0132
SARS-CoV2-5UTR-Amplicon-short-trimmed+3,57,g,0.1035
SARS-CoV2-5UTR-Amplicon-short-trimmed+3,58,t,0.0272
SARS-CoV2-5UTR-Amplicon-short-trimmed+3,59,g,0.045
SARS-CoV2-5UTR-Amplicon-short-trimmed+3,60,c,0.0113
SARS-CoV2-5UTR-Amplicon-short-trimmed+3,61,t,0.0284
SARS-CoV2-5UTR-Amplicon-short-trimmed+3,62,t,0.0143
SARS-CoV2-5UTR-Amplicon-short-trimmed+3,63,a,0.0096
SARS-CoV2-5UTR-Amplicon-short-trimmed+3,64,g,0.0111
SARS-CoV2-5UTR-Amplicon-short-trimmed+3,65,t,0.0075
SARS-CoV2-5UTR-Amplicon-short-trimmed+3,66,g,0.0345
SARS-CoV2-5UTR-Amplicon-short-trimmed+3,67,c,0.0185
SARS-CoV2-5UTR-Amplicon-short-trimmed+3,68,a,0.0177
SARS-CoV2-5UTR-Amplicon-short-trimmed+3,69,c,0.0153
SARS-CoV2-5UTR-Amplicon-short-trimmed+3,70,t,0.0137
SARS-CoV2-5UTR-Amplicon-short-trimmed+3,71,c,0.02
SARS-CoV2-5UTR-Amplicon-short-trimmed+3,72,a,0.0163
SARS-CoV2-5UTR-Amplicon-short-trimmed+3,73,c,0.0083
SARS-CoV2-5UTR-Amplicon-short-trimmed+3,74,g,0.023
SARS-CoV2-5UTR-Amplicon-short-trimmed+3,75,c,0.0071
SARS-CoV2-5UTR-Amplicon-short-trimmed+3,76,a,0.0427
SARS-CoV2-5UTR-Amplicon-short-trimmed+3,77,g,0.0188
SARS-CoV2-5UTR-Amplicon-short-trimmed+3,78,t,0.0126
SARS-CoV2-5UTR-Amplicon-short-trimmed+3,79,a,0.0148
SARS-CoV2-5UTR-Amplicon-short-trimmed+3,80,t,0.0055
SARS-CoV2-5UTR-Amplicon-short-trimmed+3,81,a,0.0113
SARS-CoV2-5UTR-Amplicon-short-trimmed+3,82,a,0.0292
SARS-CoV2-5UTR-Amplicon-short-trimmed+3,83,t,0.0078
SARS-CoV2-5UTR-Amplicon-short-trimmed+3,84,t,0.0307
SARS-CoV2-5UTR-Amplicon-short-trimmed+3,85,a,0.0274
SARS-CoV2-5UTR-Amplicon-short-trimmed+3,86,a,0.0229
SARS-CoV2-5UTR-Amplicon-short-trimmed+3,87,t,0.0076
SARS-CoV2-5UTR-Amplicon-short-trimmed+3,88,a,0.0175
SARS-CoV2-5UTR-Amplicon-short-trimmed+3,89,a,0.0178
SARS-CoV2-5UTR-Amplicon-short-trimmed+3,90,c,0.2778
SARS-CoV2-5UTR-Amplicon-short-trimmed+3,91,t,0.054
SARS-CoV2-5UTR-Amplicon-short-trimmed+3,92,a,0.0172
SARS-CoV2-5UTR-Amplicon-short-trimmed+3,93,a,0.0204
SARS-CoV2-5UTR-Amplicon-short-trimmed+3,94,t,0.0194
SARS-CoV2-5UTR-Amplicon-short-trimmed+3,95,t,0.0212
SARS-CoV2-5UTR-Amplicon-short-trimmed+3,96,a,0.0148
SARS-CoV2-5UTR-Amplicon-short-trimmed+3,97,c,0.0113
SARS-CoV2-5UTR-Amplicon-short-trimmed+3,98,t,0.2692
SARS-CoV2-5UTR-Amplicon-short-trimmed+3,99,g,0.0506
SARS-CoV2-5UTR-Amplicon-short-trimmed+3,100,t,0.0348
SARS-CoV2-5UTR-Amplicon-short-trimmed+3,101,c,0.0139
SARS-CoV2-5UTR-Amplicon-short-trimmed+3,102,g,0.0394
SARS-CoV2-5UTR-Amplicon-short-trimmed+3,103,t,0.0258
SARS-CoV2-5UTR-Amplicon-short-trimmed+3,104,t,0.0587
SARS-CoV2-5UTR-Amplicon-short-trimmed+3,105,g,0.0402
SARS-CoV2-5UTR-Amplicon-short-trimmed+3,106,a,0.0202
SARS-CoV2-5UTR-Amplicon-short-trimmed+3,107,c,0.0173
SARS-CoV2-5UTR-Amplicon-short-trimmed+3,108,a,0.0323
SARS-CoV2-5UTR-Amplicon-short-trimmed+3,109,g,0.0409
SARS-CoV2-5UTR-Amplicon-short-trimmed+3,110,g,0.0285
SARS-CoV2-5UTR-Amplicon-short-trimmed+3,111,a,0.0137
SARS-CoV2-5UTR-Amplicon-short-trimmed+3,112,c,0.0295
SARS-CoV2-5UTR-Amplicon-short-trimmed+3,113,a,0.031
SARS-CoV2-5UTR-Amplicon-short-trimmed+3,114,c,0.0229
SARS-CoV2-5UTR-Amplicon-short-trimmed+3,115,g,0.0195
SARS-CoV2-5UTR-Amplicon-short-trimmed+3,116,a,0.0168
SARS-CoV2-5UTR-Amplicon-short-trimmed+3,117,g,0.0097
SARS-CoV2-5UTR-Amplicon-short-trimmed+3,118,t,0.0474
SARS-CoV2-5UTR-Amplicon-short-trimmed+3,119,a,0.0454
SARS-CoV2-5UTR-Amplicon-short-trimmed+3,120,a,0.0124
SARS-CoV2-5UTR-Amplicon-short-trimmed+3,121,c,0.0164
SARS-CoV2-5UTR-Amplicon-short-trimmed+3,122,t,0.0657
SARS-CoV2-5UTR-Amplicon-short-trimmed+3,123,c,0.1569
SARS-CoV2-5UTR-Amplicon-short-trimmed+3,124,g,0.147
SARS-CoV2-5UTR-Amplicon-short-trimmed+3,125,t,0.1679
SARS-CoV2-5UTR-Amplicon-short-trimmed+3,126,c,0.0843
SARS-CoV2-5UTR-Amplicon-short-trimmed+3,127,t,0.0788
SARS-CoV2-5UTR-Amplicon-short-trimmed+3,128,a,0.1456
SARS-CoV2-5UTR-Amplicon-short-trimmed+3,129,t,0.7428
SARS-CoV2-5UTR-Amplicon-short-trimmed+3,130,c,0.1078
SARS-CoV2-5UTR-Amplicon-short-trimmed+3,131,t,0.1388
SARS-CoV2-5UTR-Amplicon-short-trimmed+3,132,t,0.1979
SARS-CoV2-5UTR-Amplicon-short-trimmed+3,133,c,0.2265
SARS-CoV2-5UTR-Amplicon-short-trimmed+3,134,t,0.1534
SARS-CoV2-5UTR-Amplicon-short-trimmed+3,135,g,0.11
SARS-CoV2-5UTR-Amplicon-short-trimmed+3,136,c,0.3596
SARS-CoV2-5UTR-Amplicon-short-trimmed+3,137,a,0.1766
SARS-CoV2-5UTR-Amplicon-short-trimmed+3,138,g,0.0755
SARS-CoV2-5UTR-Amplicon-short-trimmed+3,139,g,0.1838
SARS-CoV2-5UTR-Amplicon-short-trimmed+3,140,c,0.0827
SARS-CoV2-5UTR-Amplicon-short-trimmed+3,141,t,0.2089
SARS-CoV2-5UTR-Amplicon-short-trimmed+3,142,g,0.3223
SARS-CoV2-5UTR-Amplicon-short-trimmed+3,143,c,0.0813
SARS-CoV2-5UTR-Amplicon-short-trimmed+3,144,t,0.0826
SARS-CoV2-5UTR-Amplicon-short-trimmed+3,145,t,0.0923
SARS-CoV2-5UTR-Amplicon-short-trimmed+3,146,a,0.1441
SARS-CoV2-5UTR-Amplicon-short-trimmed+3,147,c,0.1288
SARS-CoV2-5UTR-Amplicon-short-trimmed+3,148,g,0.3309
SARS-CoV2-5UTR-Amplicon-short-trimmed+3,149,g,0.1188
SARS-CoV2-5UTR-Amplicon-short-trimmed+3,150,t,0.1239
SARS-CoV2-5UTR-Amplicon-short-trimmed+3,151,t,0.1047
SARS-CoV2-5UTR-Amplicon-short-trimmed+3,152,t,0.1629
SARS-CoV2-5UTR-Amplicon-short-trimmed+3,153,c,0.189
SARS-CoV2-5UTR-Amplicon-short-trimmed+3,154,g,0.0645
SARS-CoV2-5UTR-Amplicon-short-trimmed+3,155,t,0.2623
SARS-CoV2-5UTR-Amplicon-short-trimmed+3,156,c,0.175
SARS-CoV2-5UTR-Amplicon-short-trimmed+3,157,c,0.1719
SARS-CoV2-5UTR-Amplicon-short-trimmed+3,158,g,0.0881
SARS-CoV2-5UTR-Amplicon-short-trimmed+3,159,t,1.0543
SARS-CoV2-5UTR-Amplicon-short-trimmed+3,160,g,0.071
SARS-CoV2-5UTR-Amplicon-short-trimmed+3,161,t,0.0943
SARS-CoV2-5UTR-Amplicon-short-trimmed+3,162,t,0.1467
SARS-CoV2-5UTR-Amplicon-short-trimmed+3,163,g,0.0861
SARS-CoV2-5UTR-Amplicon-short-trimmed+3,164,c,0.2215
SARS-CoV2-5UTR-Amplicon-short-trimmed+3,165,a,0.165
SARS-CoV2-5UTR-Amplicon-short-trimmed+3,166,g,0.2955
SARS-CoV2-5UTR-Amplicon-short-trimmed+3,167,c,0.2624
SARS-CoV2-5UTR-Amplicon-short-trimmed+3,168,c,0.4767
SARS-CoV2-5UTR-Amplicon-short-trimmed+3,169,g,0.0815
SARS-CoV2-5UTR-Amplicon-short-trimmed+3,170,a,0.092
SARS-CoV2-5UTR-Amplicon-short-trimmed+3,171,t,0.0961
SARS-CoV2-5UTR-Amplicon-short-trimmed+3,172,c,0.1456
SARS-CoV2-5UTR-Amplicon-short-trimmed+3,173,a,0.0426
SARS-CoV2-5UTR-Amplicon-short-trimmed+3,174,t,0.0688
SARS-CoV2-5UTR-Amplicon-short-trimmed+3,175,c,0.1863
SARS-CoV2-5UTR-Amplicon-short-trimmed+3,176,a,0.1123
SARS-CoV2-5UTR-Amplicon-short-trimmed+3,177,g,0.1184
SARS-CoV2-5UTR-Amplicon-short-trimmed+3,178,c,0.5127
SARS-CoV2-5UTR-Amplicon-short-trimmed+3,179,a,0.0856
SARS-CoV2-5UTR-Amplicon-short-trimmed+3,180,c,0.0793
SARS-CoV2-5UTR-Amplicon-short-trimmed+3,181,a,0.0649
SARS-CoV2-5UTR-Amplicon-short-trimmed+3,182,t,0.1121
SARS-CoV2-5UTR-Amplicon-short-trimmed+3,183,c,0.0667
SARS-CoV2-5UTR-Amplicon-short-trimmed+3,184,t,0.078
SARS-CoV2-5UTR-Amplicon-short-trimmed+3,185,a,0.1467
SARS-CoV2-5UTR-Amplicon-short-trimmed+3,186,g,0.0689
SARS-CoV2-5UTR-Amplicon-short-trimmed+3,187,g,0.0672
SARS-CoV2-5UTR-Amplicon-short-trimmed+3,188,t,0.1169
SARS-CoV2-5UTR-Amplicon-short-trimmed+3,189,t,0.244
SARS-CoV2-5UTR-Amplicon-short-trimmed+3,190,t,0.2872
SARS-CoV2-5UTR-Amplicon-short-trimmed+3,191,c,0.1233
SARS-CoV2-5UTR-Amplicon-short-trimmed+3,192,g,0.0553
SARS-CoV2-5UTR-Amplicon-short-trimmed+3,193,t,0.8744
SARS-CoV2-5UTR-Amplicon-short-trimmed+3,194,c,0.1371
SARS-CoV2-5UTR-Amplicon-short-trimmed+3,195,c,0.1644
SARS-CoV2-5UTR-Amplicon-short-trimmed+3,196,g,0.3178
SARS-CoV2-5UTR-Amplicon-short-trimmed+3,197,g,0.1335
SARS-CoV2-5UTR-Amplicon-short-trimmed+3,198,g,0.4484
SARS-CoV2-5UTR-Amplicon-short-trimmed+3,199,t,0.1957
SARS-CoV2-5UTR-Amplicon-short-trimmed+3,200,g,0.0637
SARS-CoV2-5UTR-Amplicon-short-trimmed+3,201,t,0.1069
SARS-CoV2-5UTR-Amplicon-short-trimmed+3,202,g,0.0868
SARS-CoV2-5UTR-Amplicon-short-trimmed+3,203,a,0.2558
SARS-CoV2-5UTR-Amplicon-short-trimmed+3,204,c,0.1155
SARS-CoV2-5UTR-Amplicon-short-trimmed+3,205,c,0.0972
SARS-CoV2-5UTR-Amplicon-short-trimmed+3,206,g,0.086
SARS-CoV2-5UTR-Amplicon-short-trimmed+3,207,a,0.097
SARS-CoV2-5UTR-Amplicon-short-trimmed+3,208,a,0.0464
SARS-CoV2-5UTR-Amplicon-short-trimmed+3,209,a,0.1055
SARS-CoV2-5UTR-Amplicon-short-trimmed+3,210,g,0.1198
SARS-CoV2-5UTR-Amplicon-short-trimmed+3,211,g,0.1388
SARS-CoV2-5UTR-Amplicon-short-trimmed+3,212,t,0.1017
SARS-CoV2-5UTR-Amplicon-short-trimmed+3,213,a,0.0476
SARS-CoV2-5UTR-Amplicon-short-trimmed+3,214,a,0.0621
SARS-CoV2-5UTR-Amplicon-short-trimmed+3,215,g,0.0557
SARS-CoV2-5UTR-Amplicon-short-trimmed+3,216,a,0.0396
SARS-CoV2-5UTR-Amplicon-short-trimmed+3,217,t,0.0961
SARS-CoV2-5UTR-Amplicon-short-trimmed+3,218,g,0.0557
SARS-CoV2-5UTR-Amplicon-short-trimmed+3,219,g,0.0533
SARS-CoV2-5UTR-Amplicon-short-trimmed+3,220,a,0.2011
SARS-CoV2-5UTR-Amplicon-short-trimmed+3,221,g,0.1334
SARS-CoV2-5UTR-Amplicon-short-trimmed+3,222,a,0.0598
SARS-CoV2-5UTR-Amplicon-short-trimmed+3,223,g,0.1668
SARS-CoV2-5UTR-Amplicon-short-trimmed+3,224,c,0.0857
SARS-CoV2-5UTR-Amplicon-short-trimmed+3,225,c,0.0834
SARS-CoV2-5UTR-Amplicon-short-trimmed+3,226,t,0.0425
SARS-CoV2-5UTR-Amplicon-short-trimmed+3,227,t,0.2567
SARS-CoV2-5UTR-Amplicon-short-trimmed+3,228,g,0.0412
SARS-CoV2-5UTR-Amplicon-short-trimmed+3,229,t,0.1026
SARS-CoV2-5UTR-Amplicon-short-trimmed+3,230,c,0.0715
SARS-CoV2-5UTR-Amplicon-short-trimmed+3,231,c,0.0658
SARS-CoV2-5UTR-Amplicon-short-trimmed+3,232,c,0.0933
SARS-CoV2-5UTR-Amplicon-short-trimmed+3,233,t,0.151
SARS-CoV2-5UTR-Amplicon-short-trimmed+3,234,g,0.0657
SARS-CoV2-5UTR-Amplicon-short-trimmed+3,235,g,0.1028
SARS-CoV2-5UTR-Amplicon-short-trimmed+3,236,t,0.0638
SARS-CoV2-5UTR-Amplicon-short-trimmed+3,237,t,0.0486
SARS-CoV2-5UTR-Amplicon-short-trimmed+3,238,t,0.0952
SARS-CoV2-5UTR-Amplicon-short-trimmed+3,239,c,0.6158
SARS-CoV2-5UTR-Amplicon-short-trimmed+3,240,a,0.076
SARS-CoV2-5UTR-Amplicon-short-trimmed+3,241,a,0.0696
SARS-CoV2-5UTR-Amplicon-short-trimmed+3,242,c,0.099
SARS-CoV2-5UTR-Amplicon-short-trimmed+3,243,g,0.0125
SARS-CoV2-5UTR-Amplicon-short-trimmed+3,244,a,0.1682
SARS-CoV2-5UTR-Amplicon-short-trimmed+3,245,g,0.5455
SARS-CoV2-5UTR-Amplicon-short-trimmed+3,246,g,5.5335
SARS-CoV2-5UTR-Amplicon-short-trimmed+3,247,G,95.7785
SARS-CoV2-5UTR-Amplicon-short-trimmed+3,248,A,99.8709
SARS-CoV2-5UTR-Amplicon-short-trimmed+3,249,G,99.7488
