Region,Position,Ref_base,Mut_percentage
SARS-CoV2-5UTR-Amplicon-short-trimmed+3,1,T,99.8524
SARS-CoV2-5UTR-Amplicon-short-trimmed+3,2,T,99.8674
SARS-CoV2-5UTR-Amplicon-short-trimmed+3,3,G,99.9778
SARS-CoV2-5UTR-Amplicon-short-trimmed+3,4,t,99.9373
SARS-CoV2-5UTR-Amplicon-short-trimmed+3,5,a,0.0019
SARS-CoV2-5UTR-Amplicon-short-trimmed+3,6,g,0.107
SARS-CoV2-5UTR-Amplicon-short-trimmed+3,7,a,0.0097
SARS-CoV2-5UTR-Amplicon-short-trimmed+3,8,t,0.0157
SARS-CoV2-5UTR-Amplicon-short-trimmed+3,9,c,0.0033
SARS-CoV2-5UTR-Amplicon-short-trimmed+3,10,t,0.0034
SARS-CoV2-5UTR-Amplicon-short-trimmed+3,11,g,0.0549
SARS-CoV2-5UTR-Amplicon-short-trimmed+3,12,t,0.0178
SARS-CoV2-5UTR-Amplicon-short-trimmed+3,13,t,0.0158
SARS-CoV2-5UTR-Amplicon-short-trimmed+3,14,c,0.0151
SARS-CoV2-5UTR-Amplicon-short-trimmed+3,15,t,0.0303
SARS-CoV2-5UTR-Amplicon-short-trimmed+3,16,c,0.0191
SARS-CoV2-5UTR-Amplicon-short-trimmed+3,17,t,0.0166
SARS-CoV2-5UTR-Amplicon-short-trimmed+3,18,a,0.0352
SARS-CoV2-5UTR-Amplicon-short-trimmed+3,19,a,0.0081
SARS-CoV2-5UTR-Amplicon-short-trimmed+3,20,a,0.0095
SARS-CoV2-5UTR-Amplicon-short-trimmed+3,21,c,0.0139
SARS-CoV2-5UTR-Amplicon-short-trimmed+3,22,g,0.0112
SARS-CoV2-5UTR-Amplicon-short-trimmed+3,23,a,0.0076
SARS-CoV2-5UTR-Amplicon-short-trimmed+3,24,a,0.0081
SARS-CoV2-5UTR-Amplicon-short-trimmed+3,25,c,0.4601
SARS-CoV2-5UTR-Amplicon-short-trimmed+3,26,t,0.0395
SARS-CoV2-5UTR-Amplicon-short-trimmed+3,27,t,0.0386
SARS-CoV2-5UTR-Amplicon-short-trimmed+3,28,t,0.0045
SARS-CoV2-5UTR-Amplicon-short-trimmed+3,29,a,0.0084
SARS-CoV2-5UTR-Amplicon-short-trimmed+3,30,a,0.0097
SARS-CoV2-5UTR-Amplicon-short-trimmed+3,31,a,0.046
SARS-CoV2-5UTR-Amplicon-short-trimmed+3,32,a,0.013
SARS-CoV2-5UTR-Amplicon-short-trimmed+3,33,t,0.0143
SARS-CoV2-5UTR-Amplicon-short-trimmed+3,34,c,0.013
SARS-CoV2-5UTR-Amplicon-short-trimmed+3,35,t,0.0113
SARS-CoV2-5UTR-Amplicon-short-trimmed+3,36,g,0.0152
SARS-CoV2-5UTR-Amplicon-short-trimmed+3,37,t,0.0194
SARS-CoV2-5UTR-Amplicon-short-trimmed+3,38,g,0.0076
SARS-CoV2-5UTR-Amplicon-short-trimmed+3,39,t,0.0175
SARS-CoV2-5UTR-Amplicon-short-trimmed+3,40,g,0.0122
SARS-CoV2-5UTR-Amplicon-short-trimmed+3,41,g,0.0224
SARS-CoV2-5UTR-Amplicon-short-trimmed+3,42,c,0.0167
SARS-CoV2-5UTR-Amplicon-short-trimmed+3,43,t,0.0492
SARS-CoV2-5UTR-Amplicon-short-trimmed+3,44,g,0.023
SARS-CoV2-5UTR-Amplicon-short-trimmed+3,45,t,0.033
SARS-CoV2-5UTR-Amplicon-short-trimmed+3,46,c,0.0098
SARS-CoV2-5UTR-Amplicon-short-trimmed+3,47,a,0.0128
SARS-CoV2-5UTR-Amplicon-short-trimmed+3,48,c,0.0164
SARS-CoV2-5UTR-Amplicon-short-trimmed+3,49,t,0.0136
SARS-CoV2-5UTR-Amplicon-short-trimmed+3,50,c,0.0146
SARS-CoV2-5UTR-Amplicon-short-trimmed+3,51,g,0.0245
SARS-CoV2-5UTR-Amplicon-short-trimmed+3,52,g,0.0275
SARS-CoV2-5UTR-Amplicon-short-trimmed+3,53,c,0.0516
SARS-CoV2-5UTR-Amplicon-short-trimmed+3,54,t,0.0112
SARS-CoV2-5UTR-Amplicon-short-trimmed+3,55,g,0.0652
SARS-CoV2-5UTR-Amplicon-short-trimmed+3,56,c,0.0204
SARS-CoV2-5UTR-Amplicon-short-trimmed+3,57,g,0.0592
SARS-CoV2-5UTR-Amplicon-short-trimmed+3,58,t,0.0297
SARS-CoV2-5UTR-Amplicon-short-trimmed+3,59,g,0.0372
SARS-CoV2-5UTR-Amplicon-short-trimmed+3,60,c,0.0152
SARS-CoV2-5UTR-Amplicon-short-trimmed+3,61,t,0.0269
SARS-CoV2-5UTR-Amplicon-short-trimmed+3,62,t,0.0124
SARS-CoV2-5UTR-Amplicon-short-trimmed+3,63,a,0.0145
SARS-CoV2-5UTR-Amplicon-short-trimmed+3,64,g,0.0134
SARS-CoV2-5UTR-Amplicon-short-trimmed+3,65,t,0.0084
SARS-CoV2-5UTR-Amplicon-short-trimmed+3,66,g,0.0318
SARS-CoV2-5UTR-Amplicon-short-trimmed+3,67,c,0.0216
SARS-CoV2-5UTR-Amplicon-short-trimmed+3,68,a,0.0221
SARS-CoV2-5UTR-Amplicon-short-trimmed+3,69,c,0.0197
SARS-CoV2-5UTR-Amplicon-short-trimmed+3,70,t,0.0139
SARS-CoV2-5UTR-Amplicon-short-trimmed+3,71,c,0.0203
SARS-CoV2-5UTR-Amplicon-short-trimmed+3,72,a,0.0267
SARS-CoV2-5UTR-Amplicon-short-trimmed+3,73,c,0.0172
SARS-CoV2-5UTR-Amplicon-short-trimmed+3,74,g,0.0206
SARS-CoV2-5UTR-Amplicon-short-trimmed+3,75,c,0.0137
SARS-CoV2-5UTR-Amplicon-short-trimmed+3,76,a,0.0521
SARS-CoV2-5UTR-Amplicon-short-trimmed+3,77,g,0.0179
SARS-CoV2-5UTR-Amplicon-short-trimmed+3,78,t,0.0139
SARS-CoV2-5UTR-Amplicon-short-trimmed+3,79,a,0.0213
SARS-CoV2-5UTR-Amplicon-short-trimmed+3,80,t,0.0066
SARS-CoV2-5UTR-Amplicon-short-trimmed+3,81,a,0.0172
SARS-CoV2-5UTR-Amplicon-short-trimmed+3,82,a,0.0386
SARS-CoV2-5UTR-Amplicon-short-trimmed+3,83,t,0.0088
SARS-CoV2-5UTR-Amplicon-short-trimmed+3,84,t,0.0318
SARS-CoV2-5UTR-Amplicon-short-trimmed+3,85,a,0.0309
SARS-CoV2-5UTR-Amplicon-short-trimmed+3,86,a,0.0325
SARS-CoV2-5UTR-Amplicon-short-trimmed+3,87,t,0.0078
SARS-CoV2-5UTR-Amplicon-short-trimmed+3,88,a,0.0192
SARS-CoV2-5UTR-Amplicon-short-trimmed+3,89,a,0.023
SARS-CoV2-5UTR-Amplicon-short-trimmed+3,90,c,0.2908
SARS-CoV2-5UTR-Amplicon-short-trimmed+3,91,t,0.0607
SARS-CoV2-5UTR-Amplicon-short-trimmed+3,92,a,0.0179
SARS-CoV2-5UTR-Amplicon-short-trimmed+3,93,a,0.0221
SARS-CoV2-5UTR-Amplicon-short-trimmed+3,94,t,0.0216
SARS-CoV2-5UTR-Amplicon-short-trimmed+3,95,t,0.0258
SARS-CoV2-5UTR-Amplicon-short-trimmed+3,96,a,0.0213
SARS-CoV2-5UTR-Amplicon-short-trimmed+3,97,c,0.0166
SARS-CoV2-5UTR-Amplicon-short-trimmed+3,98,t,0.2699
SARS-CoV2-5UTR-Amplicon-short-trimmed+3,99,g,0.0479
SARS-CoV2-5UTR-Amplicon-short-trimmed+3,100,t,0.0445
SARS-CoV2-5UTR-Amplicon-short-trimmed+3,101,c,0.0224
SARS-CoV2-5UTR-Amplicon-short-trimmed+3,102,g,0.0264
SARS-CoV2-5UTR-Amplicon-short-trimmed+3,103,t,0.0352
SARS-CoV2-5UTR-Amplicon-short-trimmed+3,104,t,0.0568
SARS-CoV2-5UTR-Amplicon-short-trimmed+3,105,g,0.0254
SARS-CoV2-5UTR-Amplicon-short-trimmed+3,106,a,0.0307
SARS-CoV2-5UTR-Amplicon-short-trimmed+3,107,c,0.024
SARS-CoV2-5UTR-Amplicon-short-trimmed+3,108,a,0.044
SARS-CoV2-5UTR-Amplicon-short-trimmed+3,109,g,0.0376
SARS-CoV2-5UTR-Amplicon-short-trimmed+3,110,g,0.0212
SARS-CoV2-5UTR-Amplicon-short-trimmed+3,111,a,0.0219
SARS-CoV2-5UTR-Amplicon-short-trimmed+3,112,c,0.0313
SARS-CoV2-5UTR-Amplicon-short-trimmed+3,113,a,0.0397
SARS-CoV2-5UTR-Amplicon-short-trimmed+3,114,c,0.0249
SARS-CoV2-5UTR-Amplicon-short-trimmed+3,115,g,0.0203
SARS-CoV2-5UTR-Amplicon-short-trimmed+3,116,a,0.0209
SARS-CoV2-5UTR-Amplicon-short-trimmed+3,117,g,0.0125
SARS-CoV2-5UTR-Amplicon-short-trimmed+3,118,t,0.057
SARS-CoV2-5UTR-Amplicon-short-trimmed+3,119,a,0.0521
SARS-CoV2-5UTR-Amplicon-short-trimmed+3,120,a,0.0172
SARS-CoV2-5UTR-Amplicon-short-trimmed+3,121,c,0.028
SARS-CoV2-5UTR-Amplicon-short-trimmed+3,122,t,0.0695
SARS-CoV2-5UTR-Amplicon-short-trimmed+3,123,c,0.2222
SARS-CoV2-5UTR-Amplicon-short-trimmed+3,124,g,0.155
SARS-CoV2-5UTR-Amplicon-short-trimmed+3,125,t,0.1985
SARS-CoV2-5UTR-Amplicon-short-trimmed+3,126,c,0.1371
SARS-CoV2-5UTR-Amplicon-short-trimmed+3,127,t,0.0914
SARS-CoV2-5UTR-Amplicon-short-trimmed+3,128,a,0.2087
SARS-CoV2-5UTR-Amplicon-short-trimmed+3,129,t,0.9177
SARS-CoV2-5UTR-Amplicon-short-trimmed+3,130,c,0.1917
SARS-CoV2-5UTR-Amplicon-short-trimmed+3,131,t,0.1721
SARS-CoV2-5UTR-Amplicon-short-trimmed+3,132,t,0.2528
SARS-CoV2-5UTR-Amplicon-short-trimmed+3,133,c,0.3411
SARS-CoV2-5UTR-Amplicon-short-trimmed+3,134,t,0.2001
SARS-CoV2-5UTR-Amplicon-short-trimmed+3,135,g,0.1292
SARS-CoV2-5UTR-Amplicon-short-trimmed+3,136,c,0.4167
SARS-CoV2-5UTR-Amplicon-short-trimmed+3,137,a,0.229
SARS-CoV2-5UTR-Amplicon-short-trimmed+3,138,g,0.0895
SARS-CoV2-5UTR-Amplicon-short-trimmed+3,139,g,0.2494
SARS-CoV2-5UTR-Amplicon-short-trimmed+3,140,c,0.165
SARS-CoV2-5UTR-Amplicon-short-trimmed+3,141,t,0.2567
SARS-CoV2-5UTR-Amplicon-short-trimmed+3,142,g,0.4024
SARS-CoV2-5UTR-Amplicon-short-trimmed+3,143,c,0.177
SARS-CoV2-5UTR-Amplicon-short-trimmed+3,144,t,0.0949
SARS-CoV2-5UTR-Amplicon-short-trimmed+3,145,t,0.1261
SARS-CoV2-5UTR-Amplicon-short-trimmed+3,146,a,0.192
SARS-CoV2-5UTR-Amplicon-short-trimmed+3,147,c,0.2432
SARS-CoV2-5UTR-Amplicon-short-trimmed+3,148,g,0.3605
SARS-CoV2-5UTR-Amplicon-short-trimmed+3,149,g,0.1488
SARS-CoV2-5UTR-Amplicon-short-trimmed+3,150,t,0.1591
SARS-CoV2-5UTR-Amplicon-short-trimmed+3,151,t,0.1264
SARS-CoV2-5UTR-Amplicon-short-trimmed+3,152,t,0.2043
SARS-CoV2-5UTR-Amplicon-short-trimmed+3,153,c,0.291
SARS-CoV2-5UTR-Amplicon-short-trimmed+3,154,g,0.0872
SARS-CoV2-5UTR-Amplicon-short-trimmed+3,155,t,0.2916
SARS-CoV2-5UTR-Amplicon-short-trimmed+3,156,c,0.2873
SARS-CoV2-5UTR-Amplicon-short-trimmed+3,157,c,0.2562
SARS-CoV2-5UTR-Amplicon-short-trimmed+3,158,g,0.1143
SARS-CoV2-5UTR-Amplicon-short-trimmed+3,159,t,1.2711
SARS-CoV2-5UTR-Amplicon-short-trimmed+3,160,g,0.0763
SARS-CoV2-5UTR-Amplicon-short-trimmed+3,161,t,0.1214
SARS-CoV2-5UTR-Amplicon-short-trimmed+3,162,t,0.1612
SARS-CoV2-5UTR-Amplicon-short-trimmed+3,163,g,0.1102
SARS-CoV2-5UTR-Amplicon-short-trimmed+3,164,c,0.3093
SARS-CoV2-5UTR-Amplicon-short-trimmed+3,165,a,0.228
SARS-CoV2-5UTR-Amplicon-short-trimmed+3,166,g,0.4719
SARS-CoV2-5UTR-Amplicon-short-trimmed+3,167,c,0.3183
SARS-CoV2-5UTR-Amplicon-short-trimmed+3,168,c,0.5658
SARS-CoV2-5UTR-Amplicon-short-trimmed+3,169,g,0.0965
SARS-CoV2-5UTR-Amplicon-short-trimmed+3,170,a,0.124
SARS-CoV2-5UTR-Amplicon-short-trimmed+3,171,t,0.1037
SARS-CoV2-5UTR-Amplicon-short-trimmed+3,172,c,0.2022
SARS-CoV2-5UTR-Amplicon-short-trimmed+3,173,a,0.0758
SARS-CoV2-5UTR-Amplicon-short-trimmed+3,174,t,0.0782
SARS-CoV2-5UTR-Amplicon-short-trimmed+3,175,c,0.283
SARS-CoV2-5UTR-Amplicon-short-trimmed+3,176,a,0.1303
SARS-CoV2-5UTR-Amplicon-short-trimmed+3,177,g,0.1286
SARS-CoV2-5UTR-Amplicon-short-trimmed+3,178,c,0.6106
SARS-CoV2-5UTR-Amplicon-short-trimmed+3,179,a,0.1225
SARS-CoV2-5UTR-Amplicon-short-trimmed+3,180,c,0.1126
SARS-CoV2-5UTR-Amplicon-short-trimmed+3,181,a,0.0963
SARS-CoV2-5UTR-Amplicon-short-trimmed+3,182,t,0.1422
SARS-CoV2-5UTR-Amplicon-short-trimmed+3,183,c,0.1553
SARS-CoV2-5UTR-Amplicon-short-trimmed+3,184,t,0.0969
SARS-CoV2-5UTR-Amplicon-short-trimmed+3,185,a,0.2003
SARS-CoV2-5UTR-Amplicon-short-trimmed+3,186,g,0.0998
SARS-CoV2-5UTR-Amplicon-short-trimmed+3,187,g,0.1074
SARS-CoV2-5UTR-Amplicon-short-trimmed+3,188,t,0.1394
SARS-CoV2-5UTR-Amplicon-short-trimmed+3,189,t,0.271
SARS-CoV2-5UTR-Amplicon-short-trimmed+3,190,t,0.35
SARS-CoV2-5UTR-Amplicon-short-trimmed+3,191,c,0.211
SARS-CoV2-5UTR-Amplicon-short-trimmed+3,192,g,0.0671
SARS-CoV2-5UTR-Amplicon-short-trimmed+3,193,t,1.0494
SARS-CoV2-5UTR-Amplicon-short-trimmed+3,194,c,0.1988
SARS-CoV2-5UTR-Amplicon-short-trimmed+3,195,c,0.2418
SARS-CoV2-5UTR-Amplicon-short-trimmed+3,196,g,0.3575
SARS-CoV2-5UTR-Amplicon-short-trimmed+3,197,g,0.1491
SARS-CoV2-5UTR-Amplicon-short-trimmed+3,198,g,0.362
SARS-CoV2-5UTR-Amplicon-short-trimmed+3,199,t,0.2288
SARS-CoV2-5UTR-Amplicon-short-trimmed+3,200,g,0.0861
SARS-CoV2-5UTR-Amplicon-short-trimmed+3,201,t,0.1188
SARS-CoV2-5UTR-Amplicon-short-trimmed+3,202,g,0.1045
SARS-CoV2-5UTR-Amplicon-short-trimmed+3,203,a,0.3092
SARS-CoV2-5UTR-Amplicon-short-trimmed+3,204,c,0.2065
SARS-CoV2-5UTR-Amplicon-short-trimmed+3,205,c,0.1895
SARS-CoV2-5UTR-Amplicon-short-trimmed+3,206,g,0.1131
SARS-CoV2-5UTR-Amplicon-short-trimmed+3,207,a,0.1365
SARS-CoV2-5UTR-Amplicon-short-trimmed+3,208,a,0.0612
SARS-CoV2-5UTR-Amplicon-short-trimmed+3,209,a,0.1287
SARS-CoV2-5UTR-Amplicon-short-trimmed+3,210,g,0.1451
SARS-CoV2-5UTR-Amplicon-short-trimmed+3,211,g,0.1168
SARS-CoV2-5UTR-Amplicon-short-trimmed+3,212,t,0.1212
SARS-CoV2-5UTR-Amplicon-short-trimmed+3,213,a,0.065
SARS-CoV2-5UTR-Amplicon-short-trimmed+3,214,a,0.0809
SARS-CoV2-5UTR-Amplicon-short-trimmed+3,215,g,0.0802
SARS-CoV2-5UTR-Amplicon-short-trimmed+3,216,a,0.079
SARS-CoV2-5UTR-Amplicon-short-trimmed+3,217,t,0.1183
SARS-CoV2-5UTR-Amplicon-short-trimmed+3,218,g,0.0724
SARS-CoV2-5UTR-Amplicon-short-trimmed+3,219,g,0.0668
SARS-CoV2-5UTR-Amplicon-short-trimmed+3,220,a,0.2228
SARS-CoV2-5UTR-Amplicon-short-trimmed+3,221,g,0.1481
SARS-CoV2-5UTR-Amplicon-short-trimmed+3,222,a,0.0925
SARS-CoV2-5UTR-Amplicon-short-trimmed+3,223,g,0.2269
SARS-CoV2-5UTR-Amplicon-short-trimmed+3,224,c,0.1567
SARS-CoV2-5UTR-Amplicon-short-trimmed+3,225,c,0.167
SARS-CoV2-5UTR-Amplicon-short-trimmed+3,226,t,0.0519
SARS-CoV2-5UTR-Amplicon-short-trimmed+3,227,t,0.3074
SARS-CoV2-5UTR-Amplicon-short-trimmed+3,228,g,0.0528
SARS-CoV2-5UTR-Amplicon-short-trimmed+3,229,t,0.1374
SARS-CoV2-5UTR-Amplicon-short-trimmed+3,230,c,0.1211
SARS-CoV2-5UTR-Amplicon-short-trimmed+3,231,c,0.1221
SARS-CoV2-5UTR-Amplicon-short-trimmed+3,232,c,0.1735
SARS-CoV2-5UTR-Amplicon-short-trimmed+3,233,t,0.1576
SARS-CoV2-5UTR-Amplicon-short-trimmed+3,234,g,0.0904
SARS-CoV2-5UTR-Amplicon-short-trimmed+3,235,g,0.1553
SARS-CoV2-5UTR-Amplicon-short-trimmed+3,236,t,0.0751
SARS-CoV2-5UTR-Amplicon-short-trimmed+3,237,t,0.06
SARS-CoV2-5UTR-Amplicon-short-trimmed+3,238,t,0.1233
SARS-CoV2-5UTR-Amplicon-short-trimmed+3,239,c,0.5508
SARS-CoV2-5UTR-Amplicon-short-trimmed+3,240,a,0.0968
SARS-CoV2-5UTR-Amplicon-short-trimmed+3,241,a,0.0994
SARS-CoV2-5UTR-Amplicon-short-trimmed+3,242,c,0.1889
SARS-CoV2-5UTR-Amplicon-short-trimmed+3,243,g,0.0206
SARS-CoV2-5UTR-Amplicon-short-trimmed+3,244,a,0.1752
SARS-CoV2-5UTR-Amplicon-short-trimmed+3,245,g,0.5338
SARS-CoV2-5UTR-Amplicon-short-trimmed+3,246,g,5.4525
SARS-CoV2-5UTR-Amplicon-short-trimmed+3,247,G,95.8291
SARS-CoV2-5UTR-Amplicon-short-trimmed+3,248,A,99.8726
SARS-CoV2-5UTR-Amplicon-short-trimmed+3,249,G,99.7594
