Region,Position,Ref_base,Mut_percentage
SARS-CoV2-5UTR-Amplicon-short-trimmed+3,1,T,99.8237
SARS-CoV2-5UTR-Amplicon-short-trimmed+3,2,T,99.8442
SARS-CoV2-5UTR-Amplicon-short-trimmed+3,3,G,99.9543
SARS-CoV2-5UTR-Amplicon-short-trimmed+3,4,t,99.9369
SARS-CoV2-5UTR-Amplicon-short-trimmed+3,5,a,0.0029
SARS-CoV2-5UTR-Amplicon-short-trimmed+3,6,g,0.1186
SARS-CoV2-5UTR-Amplicon-short-trimmed+3,7,a,0.011
SARS-CoV2-5UTR-Amplicon-short-trimmed+3,8,t,0.0159
SARS-CoV2-5UTR-Amplicon-short-trimmed+3,9,c,0.0072
SARS-CoV2-5UTR-Amplicon-short-trimmed+3,10,t,0.0046
SARS-CoV2-5UTR-Amplicon-short-trimmed+3,11,g,0.1462
SARS-CoV2-5UTR-Amplicon-short-trimmed+3,12,t,0.0198
SARS-CoV2-5UTR-Amplicon-short-trimmed+3,13,t,0.0223
SARS-CoV2-5UTR-Amplicon-short-trimmed+3,14,c,0.0151
SARS-CoV2-5UTR-Amplicon-short-trimmed+3,15,t,0.0464
SARS-CoV2-5UTR-Amplicon-short-trimmed+3,16,c,0.0341
SARS-CoV2-5UTR-Amplicon-short-trimmed+3,17,t,0.0244
SARS-CoV2-5UTR-Amplicon-short-trimmed+3,18,a,0.0378
SARS-CoV2-5UTR-Amplicon-short-trimmed+3,19,a,0.01
SARS-CoV2-5UTR-Amplicon-short-trimmed+3,20,a,0.0115
SARS-CoV2-5UTR-Amplicon-short-trimmed+3,21,c,0.0115
SARS-CoV2-5UTR-Amplicon-short-trimmed+3,22,g,0.0188
SARS-CoV2-5UTR-Amplicon-short-trimmed+3,23,a,0.007
SARS-CoV2-5UTR-Amplicon-short-trimmed+3,24,a,0.0072
SARS-CoV2-5UTR-Amplicon-short-trimmed+3,25,c,0.2269
SARS-CoV2-5UTR-Amplicon-short-trimmed+3,26,t,0.0465
SARS-CoV2-5UTR-Amplicon-short-trimmed+3,27,t,0.0814
SARS-CoV2-5UTR-Amplicon-short-trimmed+3,28,t,0.012
SARS-CoV2-5UTR-Amplicon-short-trimmed+3,29,a,0.0102
SARS-CoV2-5UTR-Amplicon-short-trimmed+3,30,a,0.011
SARS-CoV2-5UTR-Amplicon-short-trimmed+3,31,a,0.0472
SARS-CoV2-5UTR-Amplicon-short-trimmed+3,32,a,0.0157
SARS-CoV2-5UTR-Amplicon-short-trimmed+3,33,t,0.0147
SARS-CoV2-5UTR-Amplicon-short-trimmed+3,34,c,0.009
SARS-CoV2-5UTR-Amplicon-short-trimmed+3,35,t,0.0182
SARS-CoV2-5UTR-Amplicon-short-trimmed+3,36,g,0.0185
SARS-CoV2-5UTR-Amplicon-short-trimmed+3,37,t,0.0264
SARS-CoV2-5UTR-Amplicon-short-trimmed+3,38,g,0.0118
SARS-CoV2-5UTR-Amplicon-short-trimmed+3,39,t,0.0175
SARS-CoV2-5UTR-Amplicon-short-trimmed+3,40,g,0.0198
SARS-CoV2-5UTR-Amplicon-short-trimmed+3,41,g,0.0596
SARS-CoV2-5UTR-Amplicon-short-trimmed+3,42,c,0.0179
SARS-CoV2-5UTR-Amplicon-short-trimmed+3,43,t,0.0814
SARS-CoV2-5UTR-Amplicon-short-trimmed+3,44,g,0.0462
SARS-CoV2-5UTR-Amplicon-short-trimmed+3,45,t,0.0374
SARS-CoV2-5UTR-Amplicon-short-trimmed+3,46,c,0.0152
SARS-CoV2-5UTR-Amplicon-short-trimmed+3,47,a,0.009
SARS-CoV2-5UTR-Amplicon-short-trimmed+3,48,c,0.0107
SARS-CoV2-5UTR-Amplicon-short-trimmed+3,49,t,0.019
SARS-CoV2-5UTR-Amplicon-short-trimmed+3,50,c,0.0165
SARS-CoV2-5UTR-Amplicon-short-trimmed+3,51,g,0.041
SARS-CoV2-5UTR-Amplicon-short-trimmed+3,52,g,0.0385
SARS-CoV2-5UTR-Amplicon-short-trimmed+3,53,c,0.0837
SARS-CoV2-5UTR-Amplicon-short-trimmed+3,54,t,0.0088
SARS-CoV2-5UTR-Amplicon-short-trimmed+3,55,g,0.1347
SARS-CoV2-5UTR-Amplicon-short-trimmed+3,56,c,0.0233
SARS-CoV2-5UTR-Amplicon-short-trimmed+3,57,g,0.1462
SARS-CoV2-5UTR-Amplicon-short-trimmed+3,58,t,0.0315
SARS-CoV2-5UTR-Amplicon-short-trimmed+3,59,g,0.0695
SARS-CoV2-5UTR-Amplicon-short-trimmed+3,60,c,0.0165
SARS-CoV2-5UTR-Amplicon-short-trimmed+3,61,t,0.0301
SARS-CoV2-5UTR-Amplicon-short-trimmed+3,62,t,0.0161
SARS-CoV2-5UTR-Amplicon-short-trimmed+3,63,a,0.0121
SARS-CoV2-5UTR-Amplicon-short-trimmed+3,64,g,0.0159
SARS-CoV2-5UTR-Amplicon-short-trimmed+3,65,t,0.0131
SARS-CoV2-5UTR-Amplicon-short-trimmed+3,66,g,0.0398
SARS-CoV2-5UTR-Amplicon-short-trimmed+3,67,c,0.022
SARS-CoV2-5UTR-Amplicon-short-trimmed+3,68,a,0.0228
SARS-CoV2-5UTR-Amplicon-short-trimmed+3,69,c,0.0152
SARS-CoV2-5UTR-Amplicon-short-trimmed+3,70,t,0.0162
SARS-CoV2-5UTR-Amplicon-short-trimmed+3,71,c,0.027
SARS-CoV2-5UTR-Amplicon-short-trimmed+3,72,a,0.0216
SARS-CoV2-5UTR-Amplicon-short-trimmed+3,73,c,0.0128
SARS-CoV2-5UTR-Amplicon-short-trimmed+3,74,g,0.0288
SARS-CoV2-5UTR-Amplicon-short-trimmed+3,75,c,0.0077
SARS-CoV2-5UTR-Amplicon-short-trimmed+3,76,a,0.0477
SARS-CoV2-5UTR-Amplicon-short-trimmed+3,77,g,0.0224
SARS-CoV2-5UTR-Amplicon-short-trimmed+3,78,t,0.0162
SARS-CoV2-5UTR-Amplicon-short-trimmed+3,79,a,0.0185
SARS-CoV2-5UTR-Amplicon-short-trimmed+3,80,t,0.0087
SARS-CoV2-5UTR-Amplicon-short-trimmed+3,81,a,0.0146
SARS-CoV2-5UTR-Amplicon-short-trimmed+3,82,a,0.0351
SARS-CoV2-5UTR-Amplicon-short-trimmed+3,83,t,0.009
SARS-CoV2-5UTR-Amplicon-short-trimmed+3,84,t,0.039
SARS-CoV2-5UTR-Amplicon-short-trimmed+3,85,a,0.0357
SARS-CoV2-5UTR-Amplicon-short-trimmed+3,86,a,0.0242
SARS-CoV2-5UTR-Amplicon-short-trimmed+3,87,t,0.01
SARS-CoV2-5UTR-Amplicon-short-trimmed+3,88,a,0.0216
SARS-CoV2-5UTR-Amplicon-short-trimmed+3,89,a,0.0198
SARS-CoV2-5UTR-Amplicon-short-trimmed+3,90,c,0.2959
SARS-CoV2-5UTR-Amplicon-short-trimmed+3,91,t,0.0583
SARS-CoV2-5UTR-Amplicon-short-trimmed+3,92,a,0.0174
SARS-CoV2-5UTR-Amplicon-short-trimmed+3,93,a,0.0228
SARS-CoV2-5UTR-Amplicon-short-trimmed+3,94,t,0.0244
SARS-CoV2-5UTR-Amplicon-short-trimmed+3,95,t,0.0301
SARS-CoV2-5UTR-Amplicon-short-trimmed+3,96,a,0.0197
SARS-CoV2-5UTR-Amplicon-short-trimmed+3,97,c,0.0179
SARS-CoV2-5UTR-Amplicon-short-trimmed+3,98,t,0.2674
SARS-CoV2-5UTR-Amplicon-short-trimmed+3,99,g,0.0575
SARS-CoV2-5UTR-Amplicon-short-trimmed+3,100,t,0.0428
SARS-CoV2-5UTR-Amplicon-short-trimmed+3,101,c,0.0152
SARS-CoV2-5UTR-Amplicon-short-trimmed+3,102,g,0.0415
SARS-CoV2-5UTR-Amplicon-short-trimmed+3,103,t,0.0398
SARS-CoV2-5UTR-Amplicon-short-trimmed+3,104,t,0.0655
SARS-CoV2-5UTR-Amplicon-short-trimmed+3,105,g,0.0501
SARS-CoV2-5UTR-Amplicon-short-trimmed+3,106,a,0.0282
SARS-CoV2-5UTR-Amplicon-short-trimmed+3,107,c,0.0205
SARS-CoV2-5UTR-Amplicon-short-trimmed+3,108,a,0.039
SARS-CoV2-5UTR-Amplicon-short-trimmed+3,109,g,0.0518
SARS-CoV2-5UTR-Amplicon-short-trimmed+3,110,g,0.0347
SARS-CoV2-5UTR-Amplicon-short-trimmed+3,111,a,0.0188
SARS-CoV2-5UTR-Amplicon-short-trimmed+3,112,c,0.031
SARS-CoV2-5UTR-Amplicon-short-trimmed+3,113,a,0.0403
SARS-CoV2-5UTR-Amplicon-short-trimmed+3,114,c,0.0216
SARS-CoV2-5UTR-Amplicon-short-trimmed+3,115,g,0.026
SARS-CoV2-5UTR-Amplicon-short-trimmed+3,116,a,0.0216
SARS-CoV2-5UTR-Amplicon-short-trimmed+3,117,g,0.0131
SARS-CoV2-5UTR-Amplicon-short-trimmed+3,118,t,0.0563
SARS-CoV2-5UTR-Amplicon-short-trimmed+3,119,a,0.0523
SARS-CoV2-5UTR-Amplicon-short-trimmed+3,120,a,0.0161
SARS-CoV2-5UTR-Amplicon-short-trimmed+3,121,c,0.0173
SARS-CoV2-5UTR-Amplicon-short-trimmed+3,122,t,0.0784
SARS-CoV2-5UTR-Amplicon-short-trimmed+3,123,c,0.1789
SARS-CoV2-5UTR-Amplicon-short-trimmed+3,124,g,0.1542
SARS-CoV2-5UTR-Amplicon-short-trimmed+3,125,t,0.197
SARS-CoV2-5UTR-Amplicon-short-trimmed+3,126,c,0.1003
SARS-CoV2-5UTR-Amplicon-short-trimmed+3,127,t,0.1033
SARS-CoV2-5UTR-Amplicon-short-trimmed+3,128,a,0.1932
SARS-CoV2-5UTR-Amplicon-short-trimmed+3,129,t,0.8608
SARS-CoV2-5UTR-Amplicon-short-trimmed+3,130,c,0.138
SARS-CoV2-5UTR-Amplicon-short-trimmed+3,131,t,0.1779
SARS-CoV2-5UTR-Amplicon-short-trimmed+3,132,t,0.2487
SARS-CoV2-5UTR-Amplicon-short-trimmed+3,133,c,0.2797
SARS-CoV2-5UTR-Amplicon-short-trimmed+3,134,t,0.1948
SARS-CoV2-5UTR-Amplicon-short-trimmed+3,135,g,0.1335
SARS-CoV2-5UTR-Amplicon-short-trimmed+3,136,c,0.4026
SARS-CoV2-5UTR-Amplicon-short-trimmed+3,137,a,0.2247
SARS-CoV2-5UTR-Amplicon-short-trimmed+3,138,g,0.0921
SARS-CoV2-5UTR-Amplicon-short-trimmed+3,139,g,0.2311
SARS-CoV2-5UTR-Amplicon-short-trimmed+3,140,c,0.0947
SARS-CoV2-5UTR-Amplicon-short-trimmed+3,141,t,0.264
SARS-CoV2-5UTR-Amplicon-short-trimmed+3,142,g,0.4012
SARS-CoV2-5UTR-Amplicon-short-trimmed+3,143,c,0.1171
SARS-CoV2-5UTR-Amplicon-short-trimmed+3,144,t,0.1013
SARS-CoV2-5UTR-Amplicon-short-trimmed+3,145,t,0.1111
SARS-CoV2-5UTR-Amplicon-short-trimmed+3,146,a,0.1649
SARS-CoV2-5UTR-Amplicon-short-trimmed+3,147,c,0.1604
SARS-CoV2-5UTR-Amplicon-short-trimmed+3,148,g,0.3466
SARS-CoV2-5UTR-Amplicon-short-trimmed+3,149,g,0.1309
SARS-CoV2-5UTR-Amplicon-short-trimmed+3,150,t,0.15
SARS-CoV2-5UTR-Amplicon-short-trimmed+3,151,t,0.1186
SARS-CoV2-5UTR-Amplicon-short-trimmed+3,152,t,0.2008
SARS-CoV2-5UTR-Amplicon-short-trimmed+3,153,c,0.2445
SARS-CoV2-5UTR-Amplicon-short-trimmed+3,154,g,0.0817
SARS-CoV2-5UTR-Amplicon-short-trimmed+3,155,t,0.3136
SARS-CoV2-5UTR-Amplicon-short-trimmed+3,156,c,0.2063
SARS-CoV2-5UTR-Amplicon-short-trimmed+3,157,c,0.1946
SARS-CoV2-5UTR-Amplicon-short-trimmed+3,158,g,0.1005
SARS-CoV2-5UTR-Amplicon-short-trimmed+3,159,t,1.226
SARS-CoV2-5UTR-Amplicon-short-trimmed+3,160,g,0.0875
SARS-CoV2-5UTR-Amplicon-short-trimmed+3,161,t,0.1162
SARS-CoV2-5UTR-Amplicon-short-trimmed+3,162,t,0.1644
SARS-CoV2-5UTR-Amplicon-short-trimmed+3,163,g,0.0926
SARS-CoV2-5UTR-Amplicon-short-trimmed+3,164,c,0.2691
SARS-CoV2-5UTR-Amplicon-short-trimmed+3,165,a,0.1781
SARS-CoV2-5UTR-Amplicon-short-trimmed+3,166,g,0.3609
SARS-CoV2-5UTR-Amplicon-short-trimmed+3,167,c,0.2741
SARS-CoV2-5UTR-Amplicon-short-trimmed+3,168,c,0.5716
SARS-CoV2-5UTR-Amplicon-short-trimmed+3,169,g,0.1068
SARS-CoV2-5UTR-Amplicon-short-trimmed+3,170,a,0.1127
SARS-CoV2-5UTR-Amplicon-short-trimmed+3,171,t,0.1168
SARS-CoV2-5UTR-Amplicon-short-trimmed+3,172,c,0.1854
SARS-CoV2-5UTR-Amplicon-short-trimmed+3,173,a,0.0586
SARS-CoV2-5UTR-Amplicon-short-trimmed+3,174,t,0.0807
SARS-CoV2-5UTR-Amplicon-short-trimmed+3,175,c,0.2216
SARS-CoV2-5UTR-Amplicon-short-trimmed+3,176,a,0.1231
SARS-CoV2-5UTR-Amplicon-short-trimmed+3,177,g,0.1268
SARS-CoV2-5UTR-Amplicon-short-trimmed+3,178,c,0.6169
SARS-CoV2-5UTR-Amplicon-short-trimmed+3,179,a,0.1099
SARS-CoV2-5UTR-Amplicon-short-trimmed+3,180,c,0.1061
SARS-CoV2-5UTR-Amplicon-short-trimmed+3,181,a,0.0872
SARS-CoV2-5UTR-Amplicon-short-trimmed+3,182,t,0.1444
SARS-CoV2-5UTR-Amplicon-short-trimmed+3,183,c,0.0876
SARS-CoV2-5UTR-Amplicon-short-trimmed+3,184,t,0.1015
SARS-CoV2-5UTR-Amplicon-short-trimmed+3,185,a,0.1704
SARS-CoV2-5UTR-Amplicon-short-trimmed+3,186,g,0.0846
SARS-CoV2-5UTR-Amplicon-short-trimmed+3,187,g,0.0766
SARS-CoV2-5UTR-Amplicon-short-trimmed+3,188,t,0.1451
SARS-CoV2-5UTR-Amplicon-short-trimmed+3,189,t,0.2706
SARS-CoV2-5UTR-Amplicon-short-trimmed+3,190,t,0.3345
SARS-CoV2-5UTR-Amplicon-short-trimmed+3,191,c,0.1529
SARS-CoV2-5UTR-Amplicon-short-trimmed+3,192,g,0.0744
SARS-CoV2-5UTR-Amplicon-short-trimmed+3,193,t,0.9937
SARS-CoV2-5UTR-Amplicon-short-trimmed+3,194,c,0.1377
SARS-CoV2-5UTR-Amplicon-short-trimmed+3,195,c,0.1718
SARS-CoV2-5UTR-Amplicon-short-trimmed+3,196,g,0.3431
SARS-CoV2-5UTR-Amplicon-short-trimmed+3,197,g,0.151
SARS-CoV2-5UTR-Amplicon-short-trimmed+3,198,g,0.457
SARS-CoV2-5UTR-Amplicon-short-trimmed+3,199,t,0.2246
SARS-CoV2-5UTR-Amplicon-short-trimmed+3,200,g,0.0761
SARS-CoV2-5UTR-Amplicon-short-trimmed+3,201,t,0.1124
SARS-CoV2-5UTR-Amplicon-short-trimmed+3,202,g,0.1051
SARS-CoV2-5UTR-Amplicon-short-trimmed+3,203,a,0.2933
SARS-CoV2-5UTR-Amplicon-short-trimmed+3,204,c,0.1381
SARS-CoV2-5UTR-Amplicon-short-trimmed+3,205,c,0.1194
SARS-CoV2-5UTR-Amplicon-short-trimmed+3,206,g,0.1024
SARS-CoV2-5UTR-Amplicon-short-trimmed+3,207,a,0.1136
SARS-CoV2-5UTR-Amplicon-short-trimmed+3,208,a,0.058
SARS-CoV2-5UTR-Amplicon-short-trimmed+3,209,a,0.1394
SARS-CoV2-5UTR-Amplicon-short-trimmed+3,210,g,0.1351
SARS-CoV2-5UTR-Amplicon-short-trimmed+3,211,g,0.1369
SARS-CoV2-5UTR-Amplicon-short-trimmed+3,212,t,0.1163
SARS-CoV2-5UTR-Amplicon-short-trimmed+3,213,a,0.0622
SARS-CoV2-5UTR-Amplicon-short-trimmed+3,214,a,0.0669
SARS-CoV2-5UTR-Amplicon-short-trimmed+3,215,g,0.0657
SARS-CoV2-5UTR-Amplicon-short-trimmed+3,216,a,0.0519
SARS-CoV2-5UTR-Amplicon-short-trimmed+3,217,t,0.111
SARS-CoV2-5UTR-Amplicon-short-trimmed+3,218,g,0.0646
SARS-CoV2-5UTR-Amplicon-short-trimmed+3,219,g,0.0775
SARS-CoV2-5UTR-Amplicon-short-trimmed+3,220,a,0.2313
SARS-CoV2-5UTR-Amplicon-short-trimmed+3,221,g,0.1602
SARS-CoV2-5UTR-Amplicon-short-trimmed+3,222,a,0.0706
SARS-CoV2-5UTR-Amplicon-short-trimmed+3,223,g,0.1939
SARS-CoV2-5UTR-Amplicon-short-trimmed+3,224,c,0.1067
SARS-CoV2-5UTR-Amplicon-short-trimmed+3,225,c,0.1061
SARS-CoV2-5UTR-Amplicon-short-trimmed+3,226,t,0.0562
SARS-CoV2-5UTR-Amplicon-short-trimmed+3,227,t,0.2918
SARS-CoV2-5UTR-Amplicon-short-trimmed+3,228,g,0.047
SARS-CoV2-5UTR-Amplicon-short-trimmed+3,229,t,0.1388
SARS-CoV2-5UTR-Amplicon-short-trimmed+3,230,c,0.0814
SARS-CoV2-5UTR-Amplicon-short-trimmed+3,231,c,0.0846
SARS-CoV2-5UTR-Amplicon-short-trimmed+3,232,c,0.1289
SARS-CoV2-5UTR-Amplicon-short-trimmed+3,233,t,0.1558
SARS-CoV2-5UTR-Amplicon-short-trimmed+3,234,g,0.0824
SARS-CoV2-5UTR-Amplicon-short-trimmed+3,235,g,0.1295
SARS-CoV2-5UTR-Amplicon-short-trimmed+3,236,t,0.0698
SARS-CoV2-5UTR-Amplicon-short-trimmed+3,237,t,0.0623
SARS-CoV2-5UTR-Amplicon-short-trimmed+3,238,t,0.1197
SARS-CoV2-5UTR-Amplicon-short-trimmed+3,239,c,0.6183
SARS-CoV2-5UTR-Amplicon-short-trimmed+3,240,a,0.0984
SARS-CoV2-5UTR-Amplicon-short-trimmed+3,241,a,0.0827
SARS-CoV2-5UTR-Amplicon-short-trimmed+3,242,c,0.0992
SARS-CoV2-5UTR-Amplicon-short-trimmed+3,243,g,0.0178
SARS-CoV2-5UTR-Amplicon-short-trimmed+3,244,a,0.2175
SARS-CoV2-5UTR-Amplicon-short-trimmed+3,245,g,0.4995
SARS-CoV2-5UTR-Amplicon-short-trimmed+3,246,g,5.2667
SARS-CoV2-5UTR-Amplicon-short-trimmed+3,247,G,96.0221
SARS-CoV2-5UTR-Amplicon-short-trimmed+3,248,A,99.88
SARS-CoV2-5UTR-Amplicon-short-trimmed+3,249,G,99.7688
