Region,Position,Ref_base,Mut_percentage
SARS-CoV2-5UTR-Amplicon-short-trimmed+3,1,T,99.7969
SARS-CoV2-5UTR-Amplicon-short-trimmed+3,2,T,99.8312
SARS-CoV2-5UTR-Amplicon-short-trimmed+3,3,G,99.9464
SARS-CoV2-5UTR-Amplicon-short-trimmed+3,4,t,99.9353
SARS-CoV2-5UTR-Amplicon-short-trimmed+3,5,a,0.0024
SARS-CoV2-5UTR-Amplicon-short-trimmed+3,6,g,0.0772
SARS-CoV2-5UTR-Amplicon-short-trimmed+3,7,a,0.0153
SARS-CoV2-5UTR-Amplicon-short-trimmed+3,8,t,0.0143
SARS-CoV2-5UTR-Amplicon-short-trimmed+3,9,c,0.0077
SARS-CoV2-5UTR-Amplicon-short-trimmed+3,10,t,0.0069
SARS-CoV2-5UTR-Amplicon-short-trimmed+3,11,g,0.1538
SARS-CoV2-5UTR-Amplicon-short-trimmed+3,12,t,0.0222
SARS-CoV2-5UTR-Amplicon-short-trimmed+3,13,t,0.0212
SARS-CoV2-5UTR-Amplicon-short-trimmed+3,14,c,0.0101
SARS-CoV2-5UTR-Amplicon-short-trimmed+3,15,t,0.0445
SARS-CoV2-5UTR-Amplicon-short-trimmed+3,16,c,0.0367
SARS-CoV2-5UTR-Amplicon-short-trimmed+3,17,t,0.0236
SARS-CoV2-5UTR-Amplicon-short-trimmed+3,18,a,0.0486
SARS-CoV2-5UTR-Amplicon-short-trimmed+3,19,a,0.0099
SARS-CoV2-5UTR-Amplicon-short-trimmed+3,20,a,0.0089
SARS-CoV2-5UTR-Amplicon-short-trimmed+3,21,c,0.0064
SARS-CoV2-5UTR-Amplicon-short-trimmed+3,22,g,0.0177
SARS-CoV2-5UTR-Amplicon-short-trimmed+3,23,a,0.0085
SARS-CoV2-5UTR-Amplicon-short-trimmed+3,24,a,0.0085
SARS-CoV2-5UTR-Amplicon-short-trimmed+3,25,c,0.2793
SARS-CoV2-5UTR-Amplicon-short-trimmed+3,26,t,0.0564
SARS-CoV2-5UTR-Amplicon-short-trimmed+3,27,t,0.084
SARS-CoV2-5UTR-Amplicon-short-trimmed+3,28,t,0.0075
SARS-CoV2-5UTR-Amplicon-short-trimmed+3,29,a,0.0109
SARS-CoV2-5UTR-Amplicon-short-trimmed+3,30,a,0.0143
SARS-CoV2-5UTR-Amplicon-short-trimmed+3,31,a,0.0562
SARS-CoV2-5UTR-Amplicon-short-trimmed+3,32,a,0.0127
SARS-CoV2-5UTR-Amplicon-short-trimmed+3,33,t,0.0185
SARS-CoV2-5UTR-Amplicon-short-trimmed+3,34,c,0.0066
SARS-CoV2-5UTR-Amplicon-short-trimmed+3,35,t,0.0169
SARS-CoV2-5UTR-Amplicon-short-trimmed+3,36,g,0.0222
SARS-CoV2-5UTR-Amplicon-short-trimmed+3,37,t,0.0276
SARS-CoV2-5UTR-Amplicon-short-trimmed+3,38,g,0.0101
SARS-CoV2-5UTR-Amplicon-short-trimmed+3,39,t,0.0191
SARS-CoV2-5UTR-Amplicon-short-trimmed+3,40,g,0.0153
SARS-CoV2-5UTR-Amplicon-short-trimmed+3,41,g,0.0584
SARS-CoV2-5UTR-Amplicon-short-trimmed+3,42,c,0.0167
SARS-CoV2-5UTR-Amplicon-short-trimmed+3,43,t,0.0859
SARS-CoV2-5UTR-Amplicon-short-trimmed+3,44,g,0.0421
SARS-CoV2-5UTR-Amplicon-short-trimmed+3,45,t,0.0449
SARS-CoV2-5UTR-Amplicon-short-trimmed+3,46,c,0.0125
SARS-CoV2-5UTR-Amplicon-short-trimmed+3,47,a,0.0095
SARS-CoV2-5UTR-Amplicon-short-trimmed+3,48,c,0.0067
SARS-CoV2-5UTR-Amplicon-short-trimmed+3,49,t,0.0198
SARS-CoV2-5UTR-Amplicon-short-trimmed+3,50,c,0.0095
SARS-CoV2-5UTR-Amplicon-short-trimmed+3,51,g,0.0457
SARS-CoV2-5UTR-Amplicon-short-trimmed+3,52,g,0.0518
SARS-CoV2-5UTR-Amplicon-short-trimmed+3,53,c,0.0782
SARS-CoV2-5UTR-Amplicon-short-trimmed+3,54,t,0.0103
SARS-CoV2-5UTR-Amplicon-short-trimmed+3,55,g,0.1362
SARS-CoV2-5UTR-Amplicon-short-trimmed+3,56,c,0.0181
SARS-CoV2-5UTR-Amplicon-short-trimmed+3,57,g,0.131
SARS-CoV2-5UTR-Amplicon-short-trimmed+3,58,t,0.0371
SARS-CoV2-5UTR-Amplicon-short-trimmed+3,59,g,0.0699
SARS-CoV2-5UTR-Amplicon-short-trimmed+3,60,c,0.0111
SARS-CoV2-5UTR-Amplicon-short-trimmed+3,61,t,0.0369
SARS-CoV2-5UTR-Amplicon-short-trimmed+3,62,t,0.0262
SARS-CoV2-5UTR-Amplicon-short-trimmed+3,63,a,0.0147
SARS-CoV2-5UTR-Amplicon-short-trimmed+3,64,g,0.0161
SARS-CoV2-5UTR-Amplicon-short-trimmed+3,65,t,0.0123
SARS-CoV2-5UTR-Amplicon-short-trimmed+3,66,g,0.0494
SARS-CoV2-5UTR-Amplicon-short-trimmed+3,67,c,0.0242
SARS-CoV2-5UTR-Amplicon-short-trimmed+3,68,a,0.0304
SARS-CoV2-5UTR-Amplicon-short-trimmed+3,69,c,0.0135
SARS-CoV2-5UTR-Amplicon-short-trimmed+3,70,t,0.0159
SARS-CoV2-5UTR-Amplicon-short-trimmed+3,71,c,0.0296
SARS-CoV2-5UTR-Amplicon-short-trimmed+3,72,a,0.028
SARS-CoV2-5UTR-Amplicon-short-trimmed+3,73,c,0.0117
SARS-CoV2-5UTR-Amplicon-short-trimmed+3,74,g,0.0349
SARS-CoV2-5UTR-Amplicon-short-trimmed+3,75,c,0.0032
SARS-CoV2-5UTR-Amplicon-short-trimmed+3,76,a,0.0518
SARS-CoV2-5UTR-Amplicon-short-trimmed+3,77,g,0.0232
SARS-CoV2-5UTR-Amplicon-short-trimmed+3,78,t,0.0169
SARS-CoV2-5UTR-Amplicon-short-trimmed+3,79,a,0.0286
SARS-CoV2-5UTR-Amplicon-short-trimmed+3,80,t,0.0091
SARS-CoV2-5UTR-Amplicon-short-trimmed+3,81,a,0.0197
SARS-CoV2-5UTR-Amplicon-short-trimmed+3,82,a,0.0425
SARS-CoV2-5UTR-Amplicon-short-trimmed+3,83,t,0.0121
SARS-CoV2-5UTR-Amplicon-short-trimmed+3,84,t,0.0459
SARS-CoV2-5UTR-Amplicon-short-trimmed+3,85,a,0.0419
SARS-CoV2-5UTR-Amplicon-short-trimmed+3,86,a,0.0296
SARS-CoV2-5UTR-Amplicon-short-trimmed+3,87,t,0.0091
SARS-CoV2-5UTR-Amplicon-short-trimmed+3,88,a,0.0268
SARS-CoV2-5UTR-Amplicon-short-trimmed+3,89,a,0.0298
SARS-CoV2-5UTR-Amplicon-short-trimmed+3,90,c,0.2906
SARS-CoV2-5UTR-Amplicon-short-trimmed+3,91,t,0.0629
SARS-CoV2-5UTR-Amplicon-short-trimmed+3,92,a,0.0232
SARS-CoV2-5UTR-Amplicon-short-trimmed+3,93,a,0.027
SARS-CoV2-5UTR-Amplicon-short-trimmed+3,94,t,0.0296
SARS-CoV2-5UTR-Amplicon-short-trimmed+3,95,t,0.0302
SARS-CoV2-5UTR-Amplicon-short-trimmed+3,96,a,0.0222
SARS-CoV2-5UTR-Amplicon-short-trimmed+3,97,c,0.0127
SARS-CoV2-5UTR-Amplicon-short-trimmed+3,98,t,0.2664
SARS-CoV2-5UTR-Amplicon-short-trimmed+3,99,g,0.0619
SARS-CoV2-5UTR-Amplicon-short-trimmed+3,100,t,0.0629
SARS-CoV2-5UTR-Amplicon-short-trimmed+3,101,c,0.0121
SARS-CoV2-5UTR-Amplicon-short-trimmed+3,102,g,0.0472
SARS-CoV2-5UTR-Amplicon-short-trimmed+3,103,t,0.0377
SARS-CoV2-5UTR-Amplicon-short-trimmed+3,104,t,0.0726
SARS-CoV2-5UTR-Amplicon-short-trimmed+3,105,g,0.0427
SARS-CoV2-5UTR-Amplicon-short-trimmed+3,106,a,0.0411
SARS-CoV2-5UTR-Amplicon-short-trimmed+3,107,c,0.0216
SARS-CoV2-5UTR-Amplicon-short-trimmed+3,108,a,0.0504
SARS-CoV2-5UTR-Amplicon-short-trimmed+3,109,g,0.0576
SARS-CoV2-5UTR-Amplicon-short-trimmed+3,110,g,0.0419
SARS-CoV2-5UTR-Amplicon-short-trimmed+3,111,a,0.027
SARS-CoV2-5UTR-Amplicon-short-trimmed+3,112,c,0.0308
SARS-CoV2-5UTR-Amplicon-short-trimmed+3,113,a,0.0607
SARS-CoV2-5UTR-Amplicon-short-trimmed+3,114,c,0.0246
SARS-CoV2-5UTR-Amplicon-short-trimmed+3,115,g,0.0335
SARS-CoV2-5UTR-Amplicon-short-trimmed+3,116,a,0.0236
SARS-CoV2-5UTR-Amplicon-short-trimmed+3,117,g,0.0178
SARS-CoV2-5UTR-Amplicon-short-trimmed+3,118,t,0.0799
SARS-CoV2-5UTR-Amplicon-short-trimmed+3,119,a,0.076
SARS-CoV2-5UTR-Amplicon-short-trimmed+3,120,a,0.0213
SARS-CoV2-5UTR-Amplicon-short-trimmed+3,121,c,0.0162
SARS-CoV2-5UTR-Amplicon-short-trimmed+3,122,t,0.096
SARS-CoV2-5UTR-Amplicon-short-trimmed+3,123,c,0.1905
SARS-CoV2-5UTR-Amplicon-short-trimmed+3,124,g,0.1548
SARS-CoV2-5UTR-Amplicon-short-trimmed+3,125,t,0.2454
SARS-CoV2-5UTR-Amplicon-short-trimmed+3,126,c,0.0995
SARS-CoV2-5UTR-Amplicon-short-trimmed+3,127,t,0.1219
SARS-CoV2-5UTR-Amplicon-short-trimmed+3,128,a,0.2189
SARS-CoV2-5UTR-Amplicon-short-trimmed+3,129,t,1.0755
SARS-CoV2-5UTR-Amplicon-short-trimmed+3,130,c,0.1316
SARS-CoV2-5UTR-Amplicon-short-trimmed+3,131,t,0.2045
SARS-CoV2-5UTR-Amplicon-short-trimmed+3,132,t,0.3164
SARS-CoV2-5UTR-Amplicon-short-trimmed+3,133,c,0.2988
SARS-CoV2-5UTR-Amplicon-short-trimmed+3,134,t,0.2497
SARS-CoV2-5UTR-Amplicon-short-trimmed+3,135,g,0.1363
SARS-CoV2-5UTR-Amplicon-short-trimmed+3,136,c,0.4018
SARS-CoV2-5UTR-Amplicon-short-trimmed+3,137,a,0.2595
SARS-CoV2-5UTR-Amplicon-short-trimmed+3,138,g,0.088
SARS-CoV2-5UTR-Amplicon-short-trimmed+3,139,g,0.2883
SARS-CoV2-5UTR-Amplicon-short-trimmed+3,140,c,0.0989
SARS-CoV2-5UTR-Amplicon-short-trimmed+3,141,t,0.3146
SARS-CoV2-5UTR-Amplicon-short-trimmed+3,142,g,0.4636
SARS-CoV2-5UTR-Amplicon-short-trimmed+3,143,c,0.0927
SARS-CoV2-5UTR-Amplicon-short-trimmed+3,144,t,0.0995
SARS-CoV2-5UTR-Amplicon-short-trimmed+3,145,t,0.1444
SARS-CoV2-5UTR-Amplicon-short-trimmed+3,146,a,0.2027
SARS-CoV2-5UTR-Amplicon-short-trimmed+3,147,c,0.1597
SARS-CoV2-5UTR-Amplicon-short-trimmed+3,148,g,0.3669
SARS-CoV2-5UTR-Amplicon-short-trimmed+3,149,g,0.1324
SARS-CoV2-5UTR-Amplicon-short-trimmed+3,150,t,0.1536
SARS-CoV2-5UTR-Amplicon-short-trimmed+3,151,t,0.1495
SARS-CoV2-5UTR-Amplicon-short-trimmed+3,152,t,0.2505
SARS-CoV2-5UTR-Amplicon-short-trimmed+3,153,c,0.2249
SARS-CoV2-5UTR-Amplicon-short-trimmed+3,154,g,0.0792
SARS-CoV2-5UTR-Amplicon-short-trimmed+3,155,t,0.3327
SARS-CoV2-5UTR-Amplicon-short-trimmed+3,156,c,0.1961
SARS-CoV2-5UTR-Amplicon-short-trimmed+3,157,c,0.2272
SARS-CoV2-5UTR-Amplicon-short-trimmed+3,158,g,0.1055
SARS-CoV2-5UTR-Amplicon-short-trimmed+3,159,t,1.5283
SARS-CoV2-5UTR-Amplicon-short-trimmed+3,160,g,0.0677
SARS-CoV2-5UTR-Amplicon-short-trimmed+3,161,t,0.1281
SARS-CoV2-5UTR-Amplicon-short-trimmed+3,162,t,0.1775
SARS-CoV2-5UTR-Amplicon-short-trimmed+3,163,g,0.0888
SARS-CoV2-5UTR-Amplicon-short-trimmed+3,164,c,0.2919
SARS-CoV2-5UTR-Amplicon-short-trimmed+3,165,a,0.2174
SARS-CoV2-5UTR-Amplicon-short-trimmed+3,166,g,0.3816
SARS-CoV2-5UTR-Amplicon-short-trimmed+3,167,c,0.2778
SARS-CoV2-5UTR-Amplicon-short-trimmed+3,168,c,0.5681
SARS-CoV2-5UTR-Amplicon-short-trimmed+3,169,g,0.1068
SARS-CoV2-5UTR-Amplicon-short-trimmed+3,170,a,0.135
SARS-CoV2-5UTR-Amplicon-short-trimmed+3,171,t,0.1283
SARS-CoV2-5UTR-Amplicon-short-trimmed+3,172,c,0.198
SARS-CoV2-5UTR-Amplicon-short-trimmed+3,173,a,0.0641
SARS-CoV2-5UTR-Amplicon-short-trimmed+3,174,t,0.1049
SARS-CoV2-5UTR-Amplicon-short-trimmed+3,175,c,0.2326
SARS-CoV2-5UTR-Amplicon-short-trimmed+3,176,a,0.1328
SARS-CoV2-5UTR-Amplicon-short-trimmed+3,177,g,0.1158
SARS-CoV2-5UTR-Amplicon-short-trimmed+3,178,c,0.6296
SARS-CoV2-5UTR-Amplicon-short-trimmed+3,179,a,0.1326
SARS-CoV2-5UTR-Amplicon-short-trimmed+3,180,c,0.088
SARS-CoV2-5UTR-Amplicon-short-trimmed+3,181,a,0.1089
SARS-CoV2-5UTR-Amplicon-short-trimmed+3,182,t,0.1604
SARS-CoV2-5UTR-Amplicon-short-trimmed+3,183,c,0.0762
SARS-CoV2-5UTR-Amplicon-short-trimmed+3,184,t,0.1002
SARS-CoV2-5UTR-Amplicon-short-trimmed+3,185,a,0.1755
SARS-CoV2-5UTR-Amplicon-short-trimmed+3,186,g,0.0711
SARS-CoV2-5UTR-Amplicon-short-trimmed+3,187,g,0.0854
SARS-CoV2-5UTR-Amplicon-short-trimmed+3,188,t,0.1371
SARS-CoV2-5UTR-Amplicon-short-trimmed+3,189,t,0.2937
SARS-CoV2-5UTR-Amplicon-short-trimmed+3,190,t,0.3797
SARS-CoV2-5UTR-Amplicon-short-trimmed+3,191,c,0.1392
SARS-CoV2-5UTR-Amplicon-short-trimmed+3,192,g,0.0609
SARS-CoV2-5UTR-Amplicon-short-trimmed+3,193,t,1.1511
SARS-CoV2-5UTR-Amplicon-short-trimmed+3,194,c,0.1068
SARS-CoV2-5UTR-Amplicon-short-trimmed+3,195,c,0.1531
SARS-CoV2-5UTR-Amplicon-short-trimmed+3,196,g,0.3291
SARS-CoV2-5UTR-Amplicon-short-trimmed+3,197,g,0.1378
SARS-CoV2-5UTR-Amplicon-short-trimmed+3,198,g,0.4653
SARS-CoV2-5UTR-Amplicon-short-trimmed+3,199,t,0.2247
SARS-CoV2-5UTR-Amplicon-short-trimmed+3,200,g,0.0801
SARS-CoV2-5UTR-Amplicon-short-trimmed+3,201,t,0.1373
SARS-CoV2-5UTR-Amplicon-short-trimmed+3,202,g,0.0888
SARS-CoV2-5UTR-Amplicon-short-trimmed+3,203,a,0.3325
SARS-CoV2-5UTR-Amplicon-short-trimmed+3,204,c,0.1155
SARS-CoV2-5UTR-Amplicon-short-trimmed+3,205,c,0.0944
SARS-CoV2-5UTR-Amplicon-short-trimmed+3,206,g,0.0897
SARS-CoV2-5UTR-Amplicon-short-trimmed+3,207,a,0.1219
SARS-CoV2-5UTR-Amplicon-short-trimmed+3,208,a,0.0686
SARS-CoV2-5UTR-Amplicon-short-trimmed+3,209,a,0.1457
SARS-CoV2-5UTR-Amplicon-short-trimmed+3,210,g,0.142
SARS-CoV2-5UTR-Amplicon-short-trimmed+3,211,g,0.133
SARS-CoV2-5UTR-Amplicon-short-trimmed+3,212,t,0.1373
SARS-CoV2-5UTR-Amplicon-short-trimmed+3,213,a,0.0653
SARS-CoV2-5UTR-Amplicon-short-trimmed+3,214,a,0.0688
SARS-CoV2-5UTR-Amplicon-short-trimmed+3,215,g,0.07
SARS-CoV2-5UTR-Amplicon-short-trimmed+3,216,a,0.0429
SARS-CoV2-5UTR-Amplicon-short-trimmed+3,217,t,0.1147
SARS-CoV2-5UTR-Amplicon-short-trimmed+3,218,g,0.0545
SARS-CoV2-5UTR-Amplicon-short-trimmed+3,219,g,0.0638
SARS-CoV2-5UTR-Amplicon-short-trimmed+3,220,a,0.2413
SARS-CoV2-5UTR-Amplicon-short-trimmed+3,221,g,0.1533
SARS-CoV2-5UTR-Amplicon-short-trimmed+3,222,a,0.0681
SARS-CoV2-5UTR-Amplicon-short-trimmed+3,223,g,0.1758
SARS-CoV2-5UTR-Amplicon-short-trimmed+3,224,c,0.069
SARS-CoV2-5UTR-Amplicon-short-trimmed+3,225,c,0.0795
SARS-CoV2-5UTR-Amplicon-short-trimmed+3,226,t,0.0461
SARS-CoV2-5UTR-Amplicon-short-trimmed+3,227,t,0.3295
SARS-CoV2-5UTR-Amplicon-short-trimmed+3,228,g,0.0382
SARS-CoV2-5UTR-Amplicon-short-trimmed+3,229,t,0.1256
SARS-CoV2-5UTR-Amplicon-short-trimmed+3,230,c,0.0591
SARS-CoV2-5UTR-Amplicon-short-trimmed+3,231,c,0.0615
SARS-CoV2-5UTR-Amplicon-short-trimmed+3,232,c,0.0916
SARS-CoV2-5UTR-Amplicon-short-trimmed+3,233,t,0.1568
SARS-CoV2-5UTR-Amplicon-short-trimmed+3,234,g,0.0653
SARS-CoV2-5UTR-Amplicon-short-trimmed+3,235,g,0.1305
SARS-CoV2-5UTR-Amplicon-short-trimmed+3,236,t,0.0594
SARS-CoV2-5UTR-Amplicon-short-trimmed+3,237,t,0.0668
SARS-CoV2-5UTR-Amplicon-short-trimmed+3,238,t,0.1356
SARS-CoV2-5UTR-Amplicon-short-trimmed+3,239,c,0.6204
SARS-CoV2-5UTR-Amplicon-short-trimmed+3,240,a,0.1004
SARS-CoV2-5UTR-Amplicon-short-trimmed+3,241,a,0.0792
SARS-CoV2-5UTR-Amplicon-short-trimmed+3,242,c,0.0841
SARS-CoV2-5UTR-Amplicon-short-trimmed+3,243,g,0.0141
SARS-CoV2-5UTR-Amplicon-short-trimmed+3,244,a,0.2227
SARS-CoV2-5UTR-Amplicon-short-trimmed+3,245,g,0.4881
SARS-CoV2-5UTR-Amplicon-short-trimmed+3,246,g,5.1001
SARS-CoV2-5UTR-Amplicon-short-trimmed+3,247,G,96.127
SARS-CoV2-5UTR-Amplicon-short-trimmed+3,248,A,99.8698
SARS-CoV2-5UTR-Amplicon-short-trimmed+3,249,G,99.7804
