Region,Position,Ref_base,Mut_percentage
SARS-CoV2-5UTR-Amplicon-short-trimmed+3,1,T,99.8327
SARS-CoV2-5UTR-Amplicon-short-trimmed+3,2,T,99.8697
SARS-CoV2-5UTR-Amplicon-short-trimmed+3,3,G,99.9779
SARS-CoV2-5UTR-Amplicon-short-trimmed+3,4,t,99.9432
SARS-CoV2-5UTR-Amplicon-short-trimmed+3,5,a,0.0028
SARS-CoV2-5UTR-Amplicon-short-trimmed+3,6,g,0.0697
SARS-CoV2-5UTR-Amplicon-short-trimmed+3,7,a,0.0143
SARS-CoV2-5UTR-Amplicon-short-trimmed+3,8,t,0.014
SARS-CoV2-5UTR-Amplicon-short-trimmed+3,9,c,0.0031
SARS-CoV2-5UTR-Amplicon-short-trimmed+3,10,t,0.0041
SARS-CoV2-5UTR-Amplicon-short-trimmed+3,11,g,0.0474
SARS-CoV2-5UTR-Amplicon-short-trimmed+3,12,t,0.019
SARS-CoV2-5UTR-Amplicon-short-trimmed+3,13,t,0.0141
SARS-CoV2-5UTR-Amplicon-short-trimmed+3,14,c,0.0064
SARS-CoV2-5UTR-Amplicon-short-trimmed+3,15,t,0.032
SARS-CoV2-5UTR-Amplicon-short-trimmed+3,16,c,0.0123
SARS-CoV2-5UTR-Amplicon-short-trimmed+3,17,t,0.0216
SARS-CoV2-5UTR-Amplicon-short-trimmed+3,18,a,0.0375
SARS-CoV2-5UTR-Amplicon-short-trimmed+3,19,a,0.0101
SARS-CoV2-5UTR-Amplicon-short-trimmed+3,20,a,0.0105
SARS-CoV2-5UTR-Amplicon-short-trimmed+3,21,c,0.0039
SARS-CoV2-5UTR-Amplicon-short-trimmed+3,22,g,0.0102
SARS-CoV2-5UTR-Amplicon-short-trimmed+3,23,a,0.0068
SARS-CoV2-5UTR-Amplicon-short-trimmed+3,24,a,0.0081
SARS-CoV2-5UTR-Amplicon-short-trimmed+3,25,c,0.581
SARS-CoV2-5UTR-Amplicon-short-trimmed+3,26,t,0.0351
SARS-CoV2-5UTR-Amplicon-short-trimmed+3,27,t,0.0401
SARS-CoV2-5UTR-Amplicon-short-trimmed+3,28,t,0.0042
SARS-CoV2-5UTR-Amplicon-short-trimmed+3,29,a,0.0088
SARS-CoV2-5UTR-Amplicon-short-trimmed+3,30,a,0.0115
SARS-CoV2-5UTR-Amplicon-short-trimmed+3,31,a,0.0592
SARS-CoV2-5UTR-Amplicon-short-trimmed+3,32,a,0.014
SARS-CoV2-5UTR-Amplicon-short-trimmed+3,33,t,0.0134
SARS-CoV2-5UTR-Amplicon-short-trimmed+3,34,c,0.0043
SARS-CoV2-5UTR-Amplicon-short-trimmed+3,35,t,0.0145
SARS-CoV2-5UTR-Amplicon-short-trimmed+3,36,g,0.0102
SARS-CoV2-5UTR-Amplicon-short-trimmed+3,37,t,0.0228
SARS-CoV2-5UTR-Amplicon-short-trimmed+3,38,g,0.0085
SARS-CoV2-5UTR-Amplicon-short-trimmed+3,39,t,0.0166
SARS-CoV2-5UTR-Amplicon-short-trimmed+3,40,g,0.0118
SARS-CoV2-5UTR-Amplicon-short-trimmed+3,41,g,0.0225
SARS-CoV2-5UTR-Amplicon-short-trimmed+3,42,c,0.0106
SARS-CoV2-5UTR-Amplicon-short-trimmed+3,43,t,0.053
SARS-CoV2-5UTR-Amplicon-short-trimmed+3,44,g,0.0196
SARS-CoV2-5UTR-Amplicon-short-trimmed+3,45,t,0.0378
SARS-CoV2-5UTR-Amplicon-short-trimmed+3,46,c,0.0052
SARS-CoV2-5UTR-Amplicon-short-trimmed+3,47,a,0.0093
SARS-CoV2-5UTR-Amplicon-short-trimmed+3,48,c,0.0059
SARS-CoV2-5UTR-Amplicon-short-trimmed+3,49,t,0.0189
SARS-CoV2-5UTR-Amplicon-short-trimmed+3,50,c,0.0084
SARS-CoV2-5UTR-Amplicon-short-trimmed+3,51,g,0.0255
SARS-CoV2-5UTR-Amplicon-short-trimmed+3,52,g,0.0224
SARS-CoV2-5UTR-Amplicon-short-trimmed+3,53,c,0.0364
SARS-CoV2-5UTR-Amplicon-short-trimmed+3,54,t,0.0085
SARS-CoV2-5UTR-Amplicon-short-trimmed+3,55,g,0.0563
SARS-CoV2-5UTR-Amplicon-short-trimmed+3,56,c,0.0124
SARS-CoV2-5UTR-Amplicon-short-trimmed+3,57,g,0.0486
SARS-CoV2-5UTR-Amplicon-short-trimmed+3,58,t,0.0267
SARS-CoV2-5UTR-Amplicon-short-trimmed+3,59,g,0.0365
SARS-CoV2-5UTR-Amplicon-short-trimmed+3,60,c,0.0105
SARS-CoV2-5UTR-Amplicon-short-trimmed+3,61,t,0.0316
SARS-CoV2-5UTR-Amplicon-short-trimmed+3,62,t,0.0157
SARS-CoV2-5UTR-Amplicon-short-trimmed+3,63,a,0.0126
SARS-CoV2-5UTR-Amplicon-short-trimmed+3,64,g,0.0117
SARS-CoV2-5UTR-Amplicon-short-trimmed+3,65,t,0.0128
SARS-CoV2-5UTR-Amplicon-short-trimmed+3,66,g,0.0299
SARS-CoV2-5UTR-Amplicon-short-trimmed+3,67,c,0.0204
SARS-CoV2-5UTR-Amplicon-short-trimmed+3,68,a,0.0266
SARS-CoV2-5UTR-Amplicon-short-trimmed+3,69,c,0.0111
SARS-CoV2-5UTR-Amplicon-short-trimmed+3,70,t,0.0158
SARS-CoV2-5UTR-Amplicon-short-trimmed+3,71,c,0.0161
SARS-CoV2-5UTR-Amplicon-short-trimmed+3,72,a,0.0234
SARS-CoV2-5UTR-Amplicon-short-trimmed+3,73,c,0.0079
SARS-CoV2-5UTR-Amplicon-short-trimmed+3,74,g,0.0238
SARS-CoV2-5UTR-Amplicon-short-trimmed+3,75,c,0.0034
SARS-CoV2-5UTR-Amplicon-short-trimmed+3,76,a,0.0571
SARS-CoV2-5UTR-Amplicon-short-trimmed+3,77,g,0.0181
SARS-CoV2-5UTR-Amplicon-short-trimmed+3,78,t,0.0147
SARS-CoV2-5UTR-Amplicon-short-trimmed+3,79,a,0.0232
SARS-CoV2-5UTR-Amplicon-short-trimmed+3,80,t,0.006
SARS-CoV2-5UTR-Amplicon-short-trimmed+3,81,a,0.0166
SARS-CoV2-5UTR-Amplicon-short-trimmed+3,82,a,0.0321
SARS-CoV2-5UTR-Amplicon-short-trimmed+3,83,t,0.0092
SARS-CoV2-5UTR-Amplicon-short-trimmed+3,84,t,0.0344
SARS-CoV2-5UTR-Amplicon-short-trimmed+3,85,a,0.0369
SARS-CoV2-5UTR-Amplicon-short-trimmed+3,86,a,0.0293
SARS-CoV2-5UTR-Amplicon-short-trimmed+3,87,t,0.0088
SARS-CoV2-5UTR-Amplicon-short-trimmed+3,88,a,0.0219
SARS-CoV2-5UTR-Amplicon-short-trimmed+3,89,a,0.0265
SARS-CoV2-5UTR-Amplicon-short-trimmed+3,90,c,0.2801
SARS-CoV2-5UTR-Amplicon-short-trimmed+3,91,t,0.0605
SARS-CoV2-5UTR-Amplicon-short-trimmed+3,92,a,0.0187
SARS-CoV2-5UTR-Amplicon-short-trimmed+3,93,a,0.0276
SARS-CoV2-5UTR-Amplicon-short-trimmed+3,94,t,0.0199
SARS-CoV2-5UTR-Amplicon-short-trimmed+3,95,t,0.0275
SARS-CoV2-5UTR-Amplicon-short-trimmed+3,96,a,0.0227
SARS-CoV2-5UTR-Amplicon-short-trimmed+3,97,c,0.0098
SARS-CoV2-5UTR-Amplicon-short-trimmed+3,98,t,0.2728
SARS-CoV2-5UTR-Amplicon-short-trimmed+3,99,g,0.0466
SARS-CoV2-5UTR-Amplicon-short-trimmed+3,100,t,0.0474
SARS-CoV2-5UTR-Amplicon-short-trimmed+3,101,c,0.0102
SARS-CoV2-5UTR-Amplicon-short-trimmed+3,102,g,0.0304
SARS-CoV2-5UTR-Amplicon-short-trimmed+3,103,t,0.0348
SARS-CoV2-5UTR-Amplicon-short-trimmed+3,104,t,0.0587
SARS-CoV2-5UTR-Amplicon-short-trimmed+3,105,g,0.0244
SARS-CoV2-5UTR-Amplicon-short-trimmed+3,106,a,0.0313
SARS-CoV2-5UTR-Amplicon-short-trimmed+3,107,c,0.0166
SARS-CoV2-5UTR-Amplicon-short-trimmed+3,108,a,0.047
SARS-CoV2-5UTR-Amplicon-short-trimmed+3,109,g,0.0368
SARS-CoV2-5UTR-Amplicon-short-trimmed+3,110,g,0.0251
SARS-CoV2-5UTR-Amplicon-short-trimmed+3,111,a,0.0271
SARS-CoV2-5UTR-Amplicon-short-trimmed+3,112,c,0.0237
SARS-CoV2-5UTR-Amplicon-short-trimmed+3,113,a,0.0467
SARS-CoV2-5UTR-Amplicon-short-trimmed+3,114,c,0.019
SARS-CoV2-5UTR-Amplicon-short-trimmed+3,115,g,0.0253
SARS-CoV2-5UTR-Amplicon-short-trimmed+3,116,a,0.0243
SARS-CoV2-5UTR-Amplicon-short-trimmed+3,117,g,0.0144
SARS-CoV2-5UTR-Amplicon-short-trimmed+3,118,t,0.0575
SARS-CoV2-5UTR-Amplicon-short-trimmed+3,119,a,0.0656
SARS-CoV2-5UTR-Amplicon-short-trimmed+3,120,a,0.0203
SARS-CoV2-5UTR-Amplicon-short-trimmed+3,121,c,0.0138
SARS-CoV2-5UTR-Amplicon-short-trimmed+3,122,t,0.0715
SARS-CoV2-5UTR-Amplicon-short-trimmed+3,123,c,0.1842
SARS-CoV2-5UTR-Amplicon-short-trimmed+3,124,g,0.1532
SARS-CoV2-5UTR-Amplicon-short-trimmed+3,125,t,0.223
SARS-CoV2-5UTR-Amplicon-short-trimmed+3,126,c,0.0984
SARS-CoV2-5UTR-Amplicon-short-trimmed+3,127,t,0.1161
SARS-CoV2-5UTR-Amplicon-short-trimmed+3,128,a,0.2024
SARS-CoV2-5UTR-Amplicon-short-trimmed+3,129,t,1.0475
SARS-CoV2-5UTR-Amplicon-short-trimmed+3,130,c,0.1194
SARS-CoV2-5UTR-Amplicon-short-trimmed+3,131,t,0.1847
SARS-CoV2-5UTR-Amplicon-short-trimmed+3,132,t,0.2962
SARS-CoV2-5UTR-Amplicon-short-trimmed+3,133,c,0.3077
SARS-CoV2-5UTR-Amplicon-short-trimmed+3,134,t,0.2108
SARS-CoV2-5UTR-Amplicon-short-trimmed+3,135,g,0.1253
SARS-CoV2-5UTR-Amplicon-short-trimmed+3,136,c,0.4449
SARS-CoV2-5UTR-Amplicon-short-trimmed+3,137,a,0.2413
SARS-CoV2-5UTR-Amplicon-short-trimmed+3,138,g,0.0778
SARS-CoV2-5UTR-Amplicon-short-trimmed+3,139,g,0.2754
SARS-CoV2-5UTR-Amplicon-short-trimmed+3,140,c,0.1137
SARS-CoV2-5UTR-Amplicon-short-trimmed+3,141,t,0.2899
SARS-CoV2-5UTR-Amplicon-short-trimmed+3,142,g,0.458
SARS-CoV2-5UTR-Amplicon-short-trimmed+3,143,c,0.109
SARS-CoV2-5UTR-Amplicon-short-trimmed+3,144,t,0.1072
SARS-CoV2-5UTR-Amplicon-short-trimmed+3,145,t,0.1376
SARS-CoV2-5UTR-Amplicon-short-trimmed+3,146,a,0.1874
SARS-CoV2-5UTR-Amplicon-short-trimmed+3,147,c,0.1532
SARS-CoV2-5UTR-Amplicon-short-trimmed+3,148,g,0.3465
SARS-CoV2-5UTR-Amplicon-short-trimmed+3,149,g,0.1543
SARS-CoV2-5UTR-Amplicon-short-trimmed+3,150,t,0.1384
SARS-CoV2-5UTR-Amplicon-short-trimmed+3,151,t,0.1388
SARS-CoV2-5UTR-Amplicon-short-trimmed+3,152,t,0.2277
SARS-CoV2-5UTR-Amplicon-short-trimmed+3,153,c,0.2217
SARS-CoV2-5UTR-Amplicon-short-trimmed+3,154,g,0.08
SARS-CoV2-5UTR-Amplicon-short-trimmed+3,155,t,0.3391
SARS-CoV2-5UTR-Amplicon-short-trimmed+3,156,c,0.1956
SARS-CoV2-5UTR-Amplicon-short-trimmed+3,157,c,0.2013
SARS-CoV2-5UTR-Amplicon-short-trimmed+3,158,g,0.1032
SARS-CoV2-5UTR-Amplicon-short-trimmed+3,159,t,1.4694
SARS-CoV2-5UTR-Amplicon-short-trimmed+3,160,g,0.0652
SARS-CoV2-5UTR-Amplicon-short-trimmed+3,161,t,0.1253
SARS-CoV2-5UTR-Amplicon-short-trimmed+3,162,t,0.176
SARS-CoV2-5UTR-Amplicon-short-trimmed+3,163,g,0.1066
SARS-CoV2-5UTR-Amplicon-short-trimmed+3,164,c,0.2799
SARS-CoV2-5UTR-Amplicon-short-trimmed+3,165,a,0.2281
SARS-CoV2-5UTR-Amplicon-short-trimmed+3,166,g,0.4849
SARS-CoV2-5UTR-Amplicon-short-trimmed+3,167,c,0.2829
SARS-CoV2-5UTR-Amplicon-short-trimmed+3,168,c,0.6106
SARS-CoV2-5UTR-Amplicon-short-trimmed+3,169,g,0.0982
SARS-CoV2-5UTR-Amplicon-short-trimmed+3,170,a,0.1285
SARS-CoV2-5UTR-Amplicon-short-trimmed+3,171,t,0.1285
SARS-CoV2-5UTR-Amplicon-short-trimmed+3,172,c,0.1927
SARS-CoV2-5UTR-Amplicon-short-trimmed+3,173,a,0.0596
SARS-CoV2-5UTR-Amplicon-short-trimmed+3,174,t,0.0847
SARS-CoV2-5UTR-Amplicon-short-trimmed+3,175,c,0.235
SARS-CoV2-5UTR-Amplicon-short-trimmed+3,176,a,0.1304
SARS-CoV2-5UTR-Amplicon-short-trimmed+3,177,g,0.138
SARS-CoV2-5UTR-Amplicon-short-trimmed+3,178,c,0.648
SARS-CoV2-5UTR-Amplicon-short-trimmed+3,179,a,0.1116
SARS-CoV2-5UTR-Amplicon-short-trimmed+3,180,c,0.0917
SARS-CoV2-5UTR-Amplicon-short-trimmed+3,181,a,0.1011
SARS-CoV2-5UTR-Amplicon-short-trimmed+3,182,t,0.1665
SARS-CoV2-5UTR-Amplicon-short-trimmed+3,183,c,0.0756
SARS-CoV2-5UTR-Amplicon-short-trimmed+3,184,t,0.1061
SARS-CoV2-5UTR-Amplicon-short-trimmed+3,185,a,0.1804
SARS-CoV2-5UTR-Amplicon-short-trimmed+3,186,g,0.0783
SARS-CoV2-5UTR-Amplicon-short-trimmed+3,187,g,0.0908
SARS-CoV2-5UTR-Amplicon-short-trimmed+3,188,t,0.1318
SARS-CoV2-5UTR-Amplicon-short-trimmed+3,189,t,0.3085
SARS-CoV2-5UTR-Amplicon-short-trimmed+3,190,t,0.4045
SARS-CoV2-5UTR-Amplicon-short-trimmed+3,191,c,0.1232
SARS-CoV2-5UTR-Amplicon-short-trimmed+3,192,g,0.0644
SARS-CoV2-5UTR-Amplicon-short-trimmed+3,193,t,1.2407
SARS-CoV2-5UTR-Amplicon-short-trimmed+3,194,c,0.1064
SARS-CoV2-5UTR-Amplicon-short-trimmed+3,195,c,0.1586
SARS-CoV2-5UTR-Amplicon-short-trimmed+3,196,g,0.3194
SARS-CoV2-5UTR-Amplicon-short-trimmed+3,197,g,0.14
SARS-CoV2-5UTR-Amplicon-short-trimmed+3,198,g,0.4121
SARS-CoV2-5UTR-Amplicon-short-trimmed+3,199,t,0.226
SARS-CoV2-5UTR-Amplicon-short-trimmed+3,200,g,0.086
SARS-CoV2-5UTR-Amplicon-short-trimmed+3,201,t,0.1421
SARS-CoV2-5UTR-Amplicon-short-trimmed+3,202,g,0.0965
SARS-CoV2-5UTR-Amplicon-short-trimmed+3,203,a,0.3236
SARS-CoV2-5UTR-Amplicon-short-trimmed+3,204,c,0.1051
SARS-CoV2-5UTR-Amplicon-short-trimmed+3,205,c,0.0908
SARS-CoV2-5UTR-Amplicon-short-trimmed+3,206,g,0.0871
SARS-CoV2-5UTR-Amplicon-short-trimmed+3,207,a,0.1086
SARS-CoV2-5UTR-Amplicon-short-trimmed+3,208,a,0.065
SARS-CoV2-5UTR-Amplicon-short-trimmed+3,209,a,0.1505
SARS-CoV2-5UTR-Amplicon-short-trimmed+3,210,g,0.1246
SARS-CoV2-5UTR-Amplicon-short-trimmed+3,211,g,0.1306
SARS-CoV2-5UTR-Amplicon-short-trimmed+3,212,t,0.1377
SARS-CoV2-5UTR-Amplicon-short-trimmed+3,213,a,0.0602
SARS-CoV2-5UTR-Amplicon-short-trimmed+3,214,a,0.0645
SARS-CoV2-5UTR-Amplicon-short-trimmed+3,215,g,0.0693
SARS-CoV2-5UTR-Amplicon-short-trimmed+3,216,a,0.046
SARS-CoV2-5UTR-Amplicon-short-trimmed+3,217,t,0.1115
SARS-CoV2-5UTR-Amplicon-short-trimmed+3,218,g,0.0602
SARS-CoV2-5UTR-Amplicon-short-trimmed+3,219,g,0.064
SARS-CoV2-5UTR-Amplicon-short-trimmed+3,220,a,0.2277
SARS-CoV2-5UTR-Amplicon-short-trimmed+3,221,g,0.158
SARS-CoV2-5UTR-Amplicon-short-trimmed+3,222,a,0.0666
SARS-CoV2-5UTR-Amplicon-short-trimmed+3,223,g,0.2021
SARS-CoV2-5UTR-Amplicon-short-trimmed+3,224,c,0.0834
SARS-CoV2-5UTR-Amplicon-short-trimmed+3,225,c,0.0857
SARS-CoV2-5UTR-Amplicon-short-trimmed+3,226,t,0.0526
SARS-CoV2-5UTR-Amplicon-short-trimmed+3,227,t,0.3346
SARS-CoV2-5UTR-Amplicon-short-trimmed+3,228,g,0.0418
SARS-CoV2-5UTR-Amplicon-short-trimmed+3,229,t,0.1392
SARS-CoV2-5UTR-Amplicon-short-trimmed+3,230,c,0.0684
SARS-CoV2-5UTR-Amplicon-short-trimmed+3,231,c,0.0529
SARS-CoV2-5UTR-Amplicon-short-trimmed+3,232,c,0.0887
SARS-CoV2-5UTR-Amplicon-short-trimmed+3,233,t,0.1753
SARS-CoV2-5UTR-Amplicon-short-trimmed+3,234,g,0.0692
SARS-CoV2-5UTR-Amplicon-short-trimmed+3,235,g,0.1705
SARS-CoV2-5UTR-Amplicon-short-trimmed+3,236,t,0.0612
SARS-CoV2-5UTR-Amplicon-short-trimmed+3,237,t,0.0672
SARS-CoV2-5UTR-Amplicon-short-trimmed+3,238,t,0.1387
SARS-CoV2-5UTR-Amplicon-short-trimmed+3,239,c,0.5296
SARS-CoV2-5UTR-Amplicon-short-trimmed+3,240,a,0.094
SARS-CoV2-5UTR-Amplicon-short-trimmed+3,241,a,0.0777
SARS-CoV2-5UTR-Amplicon-short-trimmed+3,242,c,0.0829
SARS-CoV2-5UTR-Amplicon-short-trimmed+3,243,g,0.0153
SARS-CoV2-5UTR-Amplicon-short-trimmed+3,244,a,0.2154
SARS-CoV2-5UTR-Amplicon-short-trimmed+3,245,g,0.5199
SARS-CoV2-5UTR-Amplicon-short-trimmed+3,246,g,5.2651
SARS-CoV2-5UTR-Amplicon-short-trimmed+3,247,G,96.0161
SARS-CoV2-5UTR-Amplicon-short-trimmed+3,248,A,99.8629
SARS-CoV2-5UTR-Amplicon-short-trimmed+3,249,G,99.7657
