Region,Position,Ref_base,Mut_percentage
SARS-CoV2-5UTR-Amplicon-short-trimmed+3,1,T,99.8274
SARS-CoV2-5UTR-Amplicon-short-trimmed+3,2,T,99.8583
SARS-CoV2-5UTR-Amplicon-short-trimmed+3,3,G,99.9715
SARS-CoV2-5UTR-Amplicon-short-trimmed+3,4,t,99.9447
SARS-CoV2-5UTR-Amplicon-short-trimmed+3,5,a,0.0022
SARS-CoV2-5UTR-Amplicon-short-trimmed+3,6,g,0.0696
SARS-CoV2-5UTR-Amplicon-short-trimmed+3,7,a,0.0108
SARS-CoV2-5UTR-Amplicon-short-trimmed+3,8,t,0.0125
SARS-CoV2-5UTR-Amplicon-short-trimmed+3,9,c,0.0035
SARS-CoV2-5UTR-Amplicon-short-trimmed+3,10,t,0.0046
SARS-CoV2-5UTR-Amplicon-short-trimmed+3,11,g,0.0692
SARS-CoV2-5UTR-Amplicon-short-trimmed+3,12,t,0.0189
SARS-CoV2-5UTR-Amplicon-short-trimmed+3,13,t,0.0162
SARS-CoV2-5UTR-Amplicon-short-trimmed+3,14,c,0.0055
SARS-CoV2-5UTR-Amplicon-short-trimmed+3,15,t,0.0387
SARS-CoV2-5UTR-Amplicon-short-trimmed+3,16,c,0.0133
SARS-CoV2-5UTR-Amplicon-short-trimmed+3,17,t,0.0179
SARS-CoV2-5UTR-Amplicon-short-trimmed+3,18,a,0.0412
SARS-CoV2-5UTR-Amplicon-short-trimmed+3,19,a,0.0101
SARS-CoV2-5UTR-Amplicon-short-trimmed+3,20,a,0.007
SARS-CoV2-5UTR-Amplicon-short-trimmed+3,21,c,0.0078
SARS-CoV2-5UTR-Amplicon-short-trimmed+3,22,g,0.0097
SARS-CoV2-5UTR-Amplicon-short-trimmed+3,23,a,0.0065
SARS-CoV2-5UTR-Amplicon-short-trimmed+3,24,a,0.0054
SARS-CoV2-5UTR-Amplicon-short-trimmed+3,25,c,0.4257
SARS-CoV2-5UTR-Amplicon-short-trimmed+3,26,t,0.038
SARS-CoV2-5UTR-Amplicon-short-trimmed+3,27,t,0.0509
SARS-CoV2-5UTR-Amplicon-short-trimmed+3,28,t,0.0033
SARS-CoV2-5UTR-Amplicon-short-trimmed+3,29,a,0.0062
SARS-CoV2-5UTR-Amplicon-short-trimmed+3,30,a,0.0111
SARS-CoV2-5UTR-Amplicon-short-trimmed+3,31,a,0.0509
SARS-CoV2-5UTR-Amplicon-short-trimmed+3,32,a,0.0132
SARS-CoV2-5UTR-Amplicon-short-trimmed+3,33,t,0.0158
SARS-CoV2-5UTR-Amplicon-short-trimmed+3,34,c,0.0057
SARS-CoV2-5UTR-Amplicon-short-trimmed+3,35,t,0.0144
SARS-CoV2-5UTR-Amplicon-short-trimmed+3,36,g,0.012
SARS-CoV2-5UTR-Amplicon-short-trimmed+3,37,t,0.0234
SARS-CoV2-5UTR-Amplicon-short-trimmed+3,38,g,0.006
SARS-CoV2-5UTR-Amplicon-short-trimmed+3,39,t,0.0182
SARS-CoV2-5UTR-Amplicon-short-trimmed+3,40,g,0.012
SARS-CoV2-5UTR-Amplicon-short-trimmed+3,41,g,0.0223
SARS-CoV2-5UTR-Amplicon-short-trimmed+3,42,c,0.0081
SARS-CoV2-5UTR-Amplicon-short-trimmed+3,43,t,0.0653
SARS-CoV2-5UTR-Amplicon-short-trimmed+3,44,g,0.02
SARS-CoV2-5UTR-Amplicon-short-trimmed+3,45,t,0.0364
SARS-CoV2-5UTR-Amplicon-short-trimmed+3,46,c,0.0065
SARS-CoV2-5UTR-Amplicon-short-trimmed+3,47,a,0.0087
SARS-CoV2-5UTR-Amplicon-short-trimmed+3,48,c,0.0044
SARS-CoV2-5UTR-Amplicon-short-trimmed+3,49,t,0.0195
SARS-CoV2-5UTR-Amplicon-short-trimmed+3,50,c,0.0078
SARS-CoV2-5UTR-Amplicon-short-trimmed+3,51,g,0.028
SARS-CoV2-5UTR-Amplicon-short-trimmed+3,52,g,0.0252
SARS-CoV2-5UTR-Amplicon-short-trimmed+3,53,c,0.0518
SARS-CoV2-5UTR-Amplicon-short-trimmed+3,54,t,0.009
SARS-CoV2-5UTR-Amplicon-short-trimmed+3,55,g,0.0786
SARS-CoV2-5UTR-Amplicon-short-trimmed+3,56,c,0.0112
SARS-CoV2-5UTR-Amplicon-short-trimmed+3,57,g,0.0749
SARS-CoV2-5UTR-Amplicon-short-trimmed+3,58,t,0.0269
SARS-CoV2-5UTR-Amplicon-short-trimmed+3,59,g,0.0414
SARS-CoV2-5UTR-Amplicon-short-trimmed+3,60,c,0.0097
SARS-CoV2-5UTR-Amplicon-short-trimmed+3,61,t,0.0309
SARS-CoV2-5UTR-Amplicon-short-trimmed+3,62,t,0.0189
SARS-CoV2-5UTR-Amplicon-short-trimmed+3,63,a,0.0127
SARS-CoV2-5UTR-Amplicon-short-trimmed+3,64,g,0.0116
SARS-CoV2-5UTR-Amplicon-short-trimmed+3,65,t,0.0097
SARS-CoV2-5UTR-Amplicon-short-trimmed+3,66,g,0.0311
SARS-CoV2-5UTR-Amplicon-short-trimmed+3,67,c,0.016
SARS-CoV2-5UTR-Amplicon-short-trimmed+3,68,a,0.0217
SARS-CoV2-5UTR-Amplicon-short-trimmed+3,69,c,0.0098
SARS-CoV2-5UTR-Amplicon-short-trimmed+3,70,t,0.0155
SARS-CoV2-5UTR-Amplicon-short-trimmed+3,71,c,0.0203
SARS-CoV2-5UTR-Amplicon-short-trimmed+3,72,a,0.0195
SARS-CoV2-5UTR-Amplicon-short-trimmed+3,73,c,0.0079
SARS-CoV2-5UTR-Amplicon-short-trimmed+3,74,g,0.0231
SARS-CoV2-5UTR-Amplicon-short-trimmed+3,75,c,0.0044
SARS-CoV2-5UTR-Amplicon-short-trimmed+3,76,a,0.0543
SARS-CoV2-5UTR-Amplicon-short-trimmed+3,77,g,0.0201
SARS-CoV2-5UTR-Amplicon-short-trimmed+3,78,t,0.013
SARS-CoV2-5UTR-Amplicon-short-trimmed+3,79,a,0.0223
SARS-CoV2-5UTR-Amplicon-short-trimmed+3,80,t,0.0073
SARS-CoV2-5UTR-Amplicon-short-trimmed+3,81,a,0.0144
SARS-CoV2-5UTR-Amplicon-short-trimmed+3,82,a,0.0288
SARS-CoV2-5UTR-Amplicon-short-trimmed+3,83,t,0.0062
SARS-CoV2-5UTR-Amplicon-short-trimmed+3,84,t,0.0323
SARS-CoV2-5UTR-Amplicon-short-trimmed+3,85,a,0.0298
SARS-CoV2-5UTR-Amplicon-short-trimmed+3,86,a,0.0292
SARS-CoV2-5UTR-Amplicon-short-trimmed+3,87,t,0.0082
SARS-CoV2-5UTR-Amplicon-short-trimmed+3,88,a,0.0181
SARS-CoV2-5UTR-Amplicon-short-trimmed+3,89,a,0.0179
SARS-CoV2-5UTR-Amplicon-short-trimmed+3,90,c,0.2804
SARS-CoV2-5UTR-Amplicon-short-trimmed+3,91,t,0.061
SARS-CoV2-5UTR-Amplicon-short-trimmed+3,92,a,0.0163
SARS-CoV2-5UTR-Amplicon-short-trimmed+3,93,a,0.0234
SARS-CoV2-5UTR-Amplicon-short-trimmed+3,94,t,0.02
SARS-CoV2-5UTR-Amplicon-short-trimmed+3,95,t,0.0236
SARS-CoV2-5UTR-Amplicon-short-trimmed+3,96,a,0.0155
SARS-CoV2-5UTR-Amplicon-short-trimmed+3,97,c,0.0089
SARS-CoV2-5UTR-Amplicon-short-trimmed+3,98,t,0.2717
SARS-CoV2-5UTR-Amplicon-short-trimmed+3,99,g,0.0463
SARS-CoV2-5UTR-Amplicon-short-trimmed+3,100,t,0.042
SARS-CoV2-5UTR-Amplicon-short-trimmed+3,101,c,0.009
SARS-CoV2-5UTR-Amplicon-short-trimmed+3,102,g,0.0317
SARS-CoV2-5UTR-Amplicon-short-trimmed+3,103,t,0.0353
SARS-CoV2-5UTR-Amplicon-short-trimmed+3,104,t,0.0646
SARS-CoV2-5UTR-Amplicon-short-trimmed+3,105,g,0.0325
SARS-CoV2-5UTR-Amplicon-short-trimmed+3,106,a,0.0244
SARS-CoV2-5UTR-Amplicon-short-trimmed+3,107,c,0.017
SARS-CoV2-5UTR-Amplicon-short-trimmed+3,108,a,0.0361
SARS-CoV2-5UTR-Amplicon-short-trimmed+3,109,g,0.0369
SARS-CoV2-5UTR-Amplicon-short-trimmed+3,110,g,0.0271
SARS-CoV2-5UTR-Amplicon-short-trimmed+3,111,a,0.0211
SARS-CoV2-5UTR-Amplicon-short-trimmed+3,112,c,0.0253
SARS-CoV2-5UTR-Amplicon-short-trimmed+3,113,a,0.0366
SARS-CoV2-5UTR-Amplicon-short-trimmed+3,114,c,0.0185
SARS-CoV2-5UTR-Amplicon-short-trimmed+3,115,g,0.0257
SARS-CoV2-5UTR-Amplicon-short-trimmed+3,116,a,0.0155
SARS-CoV2-5UTR-Amplicon-short-trimmed+3,117,g,0.012
SARS-CoV2-5UTR-Amplicon-short-trimmed+3,118,t,0.055
SARS-CoV2-5UTR-Amplicon-short-trimmed+3,119,a,0.0515
SARS-CoV2-5UTR-Amplicon-short-trimmed+3,120,a,0.0184
SARS-CoV2-5UTR-Amplicon-short-trimmed+3,121,c,0.0182
SARS-CoV2-5UTR-Amplicon-short-trimmed+3,122,t,0.0668
SARS-CoV2-5UTR-Amplicon-short-trimmed+3,123,c,0.1469
SARS-CoV2-5UTR-Amplicon-short-trimmed+3,124,g,0.1356
SARS-CoV2-5UTR-Amplicon-short-trimmed+3,125,t,0.173
SARS-CoV2-5UTR-Amplicon-short-trimmed+3,126,c,0.0805
SARS-CoV2-5UTR-Amplicon-short-trimmed+3,127,t,0.0834
SARS-CoV2-5UTR-Amplicon-short-trimmed+3,128,a,0.143
SARS-CoV2-5UTR-Amplicon-short-trimmed+3,129,t,0.7386
SARS-CoV2-5UTR-Amplicon-short-trimmed+3,130,c,0.0957
SARS-CoV2-5UTR-Amplicon-short-trimmed+3,131,t,0.1233
SARS-CoV2-5UTR-Amplicon-short-trimmed+3,132,t,0.2025
SARS-CoV2-5UTR-Amplicon-short-trimmed+3,133,c,0.2113
SARS-CoV2-5UTR-Amplicon-short-trimmed+3,134,t,0.1515
SARS-CoV2-5UTR-Amplicon-short-trimmed+3,135,g,0.0965
SARS-CoV2-5UTR-Amplicon-short-trimmed+3,136,c,0.3424
SARS-CoV2-5UTR-Amplicon-short-trimmed+3,137,a,0.1753
SARS-CoV2-5UTR-Amplicon-short-trimmed+3,138,g,0.0611
SARS-CoV2-5UTR-Amplicon-short-trimmed+3,139,g,0.1874
SARS-CoV2-5UTR-Amplicon-short-trimmed+3,140,c,0.0825
SARS-CoV2-5UTR-Amplicon-short-trimmed+3,141,t,0.2154
SARS-CoV2-5UTR-Amplicon-short-trimmed+3,142,g,0.3212
SARS-CoV2-5UTR-Amplicon-short-trimmed+3,143,c,0.0782
SARS-CoV2-5UTR-Amplicon-short-trimmed+3,144,t,0.0745
SARS-CoV2-5UTR-Amplicon-short-trimmed+3,145,t,0.0982
SARS-CoV2-5UTR-Amplicon-short-trimmed+3,146,a,0.1304
SARS-CoV2-5UTR-Amplicon-short-trimmed+3,147,c,0.1295
SARS-CoV2-5UTR-Amplicon-short-trimmed+3,148,g,0.3214
SARS-CoV2-5UTR-Amplicon-short-trimmed+3,149,g,0.1118
SARS-CoV2-5UTR-Amplicon-short-trimmed+3,150,t,0.1179
SARS-CoV2-5UTR-Amplicon-short-trimmed+3,151,t,0.1044
SARS-CoV2-5UTR-Amplicon-short-trimmed+3,152,t,0.162
SARS-CoV2-5UTR-Amplicon-short-trimmed+3,153,c,0.1689
SARS-CoV2-5UTR-Amplicon-short-trimmed+3,154,g,0.0568
SARS-CoV2-5UTR-Amplicon-short-trimmed+3,155,t,0.2435
SARS-CoV2-5UTR-Amplicon-short-trimmed+3,156,c,0.1663
SARS-CoV2-5UTR-Amplicon-short-trimmed+3,157,c,0.1453
SARS-CoV2-5UTR-Amplicon-short-trimmed+3,158,g,0.0768
SARS-CoV2-5UTR-Amplicon-short-trimmed+3,159,t,1.0446
SARS-CoV2-5UTR-Amplicon-short-trimmed+3,160,g,0.0613
SARS-CoV2-5UTR-Amplicon-short-trimmed+3,161,t,0.0942
SARS-CoV2-5UTR-Amplicon-short-trimmed+3,162,t,0.1408
SARS-CoV2-5UTR-Amplicon-short-trimmed+3,163,g,0.0844
SARS-CoV2-5UTR-Amplicon-short-trimmed+3,164,c,0.203
SARS-CoV2-5UTR-Amplicon-short-trimmed+3,165,a,0.1646
SARS-CoV2-5UTR-Amplicon-short-trimmed+3,166,g,0.3597
SARS-CoV2-5UTR-Amplicon-short-trimmed+3,167,c,0.2199
SARS-CoV2-5UTR-Amplicon-short-trimmed+3,168,c,0.4921
SARS-CoV2-5UTR-Amplicon-short-trimmed+3,169,g,0.082
SARS-CoV2-5UTR-Amplicon-short-trimmed+3,170,a,0.093
SARS-CoV2-5UTR-Amplicon-short-trimmed+3,171,t,0.0909
SARS-CoV2-5UTR-Amplicon-short-trimmed+3,172,c,0.1468
SARS-CoV2-5UTR-Amplicon-short-trimmed+3,173,a,0.0475
SARS-CoV2-5UTR-Amplicon-short-trimmed+3,174,t,0.0697
SARS-CoV2-5UTR-Amplicon-short-trimmed+3,175,c,0.1737
SARS-CoV2-5UTR-Amplicon-short-trimmed+3,176,a,0.1041
SARS-CoV2-5UTR-Amplicon-short-trimmed+3,177,g,0.1071
SARS-CoV2-5UTR-Amplicon-short-trimmed+3,178,c,0.4991
SARS-CoV2-5UTR-Amplicon-short-trimmed+3,179,a,0.0808
SARS-CoV2-5UTR-Amplicon-short-trimmed+3,180,c,0.0734
SARS-CoV2-5UTR-Amplicon-short-trimmed+3,181,a,0.0706
SARS-CoV2-5UTR-Amplicon-short-trimmed+3,182,t,0.1043
SARS-CoV2-5UTR-Amplicon-short-trimmed+3,183,c,0.055
SARS-CoV2-5UTR-Amplicon-short-trimmed+3,184,t,0.0816
SARS-CoV2-5UTR-Amplicon-short-trimmed+3,185,a,0.155
SARS-CoV2-5UTR-Amplicon-short-trimmed+3,186,g,0.0578
SARS-CoV2-5UTR-Amplicon-short-trimmed+3,187,g,0.0909
SARS-CoV2-5UTR-Amplicon-short-trimmed+3,188,t,0.1068
SARS-CoV2-5UTR-Amplicon-short-trimmed+3,189,t,0.2536
SARS-CoV2-5UTR-Amplicon-short-trimmed+3,190,t,0.2846
SARS-CoV2-5UTR-Amplicon-short-trimmed+3,191,c,0.1069
SARS-CoV2-5UTR-Amplicon-short-trimmed+3,192,g,0.0467
SARS-CoV2-5UTR-Amplicon-short-trimmed+3,193,t,0.8933
SARS-CoV2-5UTR-Amplicon-short-trimmed+3,194,c,0.0877
SARS-CoV2-5UTR-Amplicon-short-trimmed+3,195,c,0.141
SARS-CoV2-5UTR-Amplicon-short-trimmed+3,196,g,0.3067
SARS-CoV2-5UTR-Amplicon-short-trimmed+3,197,g,0.1166
SARS-CoV2-5UTR-Amplicon-short-trimmed+3,198,g,0.3441
SARS-CoV2-5UTR-Amplicon-short-trimmed+3,199,t,0.183
SARS-CoV2-5UTR-Amplicon-short-trimmed+3,200,g,0.0681
SARS-CoV2-5UTR-Amplicon-short-trimmed+3,201,t,0.1074
SARS-CoV2-5UTR-Amplicon-short-trimmed+3,202,g,0.0805
SARS-CoV2-5UTR-Amplicon-short-trimmed+3,203,a,0.2412
SARS-CoV2-5UTR-Amplicon-short-trimmed+3,204,c,0.0724
SARS-CoV2-5UTR-Amplicon-short-trimmed+3,205,c,0.0725
SARS-CoV2-5UTR-Amplicon-short-trimmed+3,206,g,0.0897
SARS-CoV2-5UTR-Amplicon-short-trimmed+3,207,a,0.0866
SARS-CoV2-5UTR-Amplicon-short-trimmed+3,208,a,0.0515
SARS-CoV2-5UTR-Amplicon-short-trimmed+3,209,a,0.1253
SARS-CoV2-5UTR-Amplicon-short-trimmed+3,210,g,0.1092
SARS-CoV2-5UTR-Amplicon-short-trimmed+3,211,g,0.1103
SARS-CoV2-5UTR-Amplicon-short-trimmed+3,212,t,0.0963
SARS-CoV2-5UTR-Amplicon-short-trimmed+3,213,a,0.0408
SARS-CoV2-5UTR-Amplicon-short-trimmed+3,214,a,0.0516
SARS-CoV2-5UTR-Amplicon-short-trimmed+3,215,g,0.0513
SARS-CoV2-5UTR-Amplicon-short-trimmed+3,216,a,0.0349
SARS-CoV2-5UTR-Amplicon-short-trimmed+3,217,t,0.0994
SARS-CoV2-5UTR-Amplicon-short-trimmed+3,218,g,0.0527
SARS-CoV2-5UTR-Amplicon-short-trimmed+3,219,g,0.0605
SARS-CoV2-5UTR-Amplicon-short-trimmed+3,220,a,0.1881
SARS-CoV2-5UTR-Amplicon-short-trimmed+3,221,g,0.1317
SARS-CoV2-5UTR-Amplicon-short-trimmed+3,222,a,0.0593
SARS-CoV2-5UTR-Amplicon-short-trimmed+3,223,g,0.1631
SARS-CoV2-5UTR-Amplicon-short-trimmed+3,224,c,0.0627
SARS-CoV2-5UTR-Amplicon-short-trimmed+3,225,c,0.0624
SARS-CoV2-5UTR-Amplicon-short-trimmed+3,226,t,0.043
SARS-CoV2-5UTR-Amplicon-short-trimmed+3,227,t,0.2561
SARS-CoV2-5UTR-Amplicon-short-trimmed+3,228,g,0.0301
SARS-CoV2-5UTR-Amplicon-short-trimmed+3,229,t,0.117
SARS-CoV2-5UTR-Amplicon-short-trimmed+3,230,c,0.0608
SARS-CoV2-5UTR-Amplicon-short-trimmed+3,231,c,0.0455
SARS-CoV2-5UTR-Amplicon-short-trimmed+3,232,c,0.0807
SARS-CoV2-5UTR-Amplicon-short-trimmed+3,233,t,0.1384
SARS-CoV2-5UTR-Amplicon-short-trimmed+3,234,g,0.055
SARS-CoV2-5UTR-Amplicon-short-trimmed+3,235,g,0.1305
SARS-CoV2-5UTR-Amplicon-short-trimmed+3,236,t,0.0436
SARS-CoV2-5UTR-Amplicon-short-trimmed+3,237,t,0.051
SARS-CoV2-5UTR-Amplicon-short-trimmed+3,238,t,0.0974
SARS-CoV2-5UTR-Amplicon-short-trimmed+3,239,c,0.4819
SARS-CoV2-5UTR-Amplicon-short-trimmed+3,240,a,0.082
SARS-CoV2-5UTR-Amplicon-short-trimmed+3,241,a,0.0647
SARS-CoV2-5UTR-Amplicon-short-trimmed+3,242,c,0.0719
SARS-CoV2-5UTR-Amplicon-short-trimmed+3,243,g,0.0126
SARS-CoV2-5UTR-Amplicon-short-trimmed+3,244,a,0.1759
SARS-CoV2-5UTR-Amplicon-short-trimmed+3,245,g,0.5537
SARS-CoV2-5UTR-Amplicon-short-trimmed+3,246,g,5.5629
SARS-CoV2-5UTR-Amplicon-short-trimmed+3,247,G,95.739
SARS-CoV2-5UTR-Amplicon-short-trimmed+3,248,A,99.8748
SARS-CoV2-5UTR-Amplicon-short-trimmed+3,249,G,99.7541
