Region,Position,Ref_base,Mut_percentage
SARS-CoV2-5UTR-Amplicon-short-trimmed+3,1,T,99.8082
SARS-CoV2-5UTR-Amplicon-short-trimmed+3,2,T,99.855
SARS-CoV2-5UTR-Amplicon-short-trimmed+3,3,G,99.9681
SARS-CoV2-5UTR-Amplicon-short-trimmed+3,4,t,99.9419
SARS-CoV2-5UTR-Amplicon-short-trimmed+3,5,a,0.0023
SARS-CoV2-5UTR-Amplicon-short-trimmed+3,6,g,0.0693
SARS-CoV2-5UTR-Amplicon-short-trimmed+3,7,a,0.0156
SARS-CoV2-5UTR-Amplicon-short-trimmed+3,8,t,0.014
SARS-CoV2-5UTR-Amplicon-short-trimmed+3,9,c,0.0042
SARS-CoV2-5UTR-Amplicon-short-trimmed+3,10,t,0.0061
SARS-CoV2-5UTR-Amplicon-short-trimmed+3,11,g,0.083
SARS-CoV2-5UTR-Amplicon-short-trimmed+3,12,t,0.0215
SARS-CoV2-5UTR-Amplicon-short-trimmed+3,13,t,0.0192
SARS-CoV2-5UTR-Amplicon-short-trimmed+3,14,c,0.0083
SARS-CoV2-5UTR-Amplicon-short-trimmed+3,15,t,0.0405
SARS-CoV2-5UTR-Amplicon-short-trimmed+3,16,c,0.0191
SARS-CoV2-5UTR-Amplicon-short-trimmed+3,17,t,0.0248
SARS-CoV2-5UTR-Amplicon-short-trimmed+3,18,a,0.043
SARS-CoV2-5UTR-Amplicon-short-trimmed+3,19,a,0.0141
SARS-CoV2-5UTR-Amplicon-short-trimmed+3,20,a,0.0118
SARS-CoV2-5UTR-Amplicon-short-trimmed+3,21,c,0.0056
SARS-CoV2-5UTR-Amplicon-short-trimmed+3,22,g,0.0126
SARS-CoV2-5UTR-Amplicon-short-trimmed+3,23,a,0.0102
SARS-CoV2-5UTR-Amplicon-short-trimmed+3,24,a,0.0108
SARS-CoV2-5UTR-Amplicon-short-trimmed+3,25,c,0.2591
SARS-CoV2-5UTR-Amplicon-short-trimmed+3,26,t,0.049
SARS-CoV2-5UTR-Amplicon-short-trimmed+3,27,t,0.0564
SARS-CoV2-5UTR-Amplicon-short-trimmed+3,28,t,0.0062
SARS-CoV2-5UTR-Amplicon-short-trimmed+3,29,a,0.007
SARS-CoV2-5UTR-Amplicon-short-trimmed+3,30,a,0.0139
SARS-CoV2-5UTR-Amplicon-short-trimmed+3,31,a,0.0615
SARS-CoV2-5UTR-Amplicon-short-trimmed+3,32,a,0.0137
SARS-CoV2-5UTR-Amplicon-short-trimmed+3,33,t,0.0179
SARS-CoV2-5UTR-Amplicon-short-trimmed+3,34,c,0.0074
SARS-CoV2-5UTR-Amplicon-short-trimmed+3,35,t,0.0182
SARS-CoV2-5UTR-Amplicon-short-trimmed+3,36,g,0.0137
SARS-CoV2-5UTR-Amplicon-short-trimmed+3,37,t,0.0293
SARS-CoV2-5UTR-Amplicon-short-trimmed+3,38,g,0.0087
SARS-CoV2-5UTR-Amplicon-short-trimmed+3,39,t,0.0218
SARS-CoV2-5UTR-Amplicon-short-trimmed+3,40,g,0.0141
SARS-CoV2-5UTR-Amplicon-short-trimmed+3,41,g,0.0307
SARS-CoV2-5UTR-Amplicon-short-trimmed+3,42,c,0.0105
SARS-CoV2-5UTR-Amplicon-short-trimmed+3,43,t,0.0607
SARS-CoV2-5UTR-Amplicon-short-trimmed+3,44,g,0.025
SARS-CoV2-5UTR-Amplicon-short-trimmed+3,45,t,0.0514
SARS-CoV2-5UTR-Amplicon-short-trimmed+3,46,c,0.0073
SARS-CoV2-5UTR-Amplicon-short-trimmed+3,47,a,0.0116
SARS-CoV2-5UTR-Amplicon-short-trimmed+3,48,c,0.0069
SARS-CoV2-5UTR-Amplicon-short-trimmed+3,49,t,0.0221
SARS-CoV2-5UTR-Amplicon-short-trimmed+3,50,c,0.0089
SARS-CoV2-5UTR-Amplicon-short-trimmed+3,51,g,0.032
SARS-CoV2-5UTR-Amplicon-short-trimmed+3,52,g,0.0374
SARS-CoV2-5UTR-Amplicon-short-trimmed+3,53,c,0.0617
SARS-CoV2-5UTR-Amplicon-short-trimmed+3,54,t,0.0133
SARS-CoV2-5UTR-Amplicon-short-trimmed+3,55,g,0.0893
SARS-CoV2-5UTR-Amplicon-short-trimmed+3,56,c,0.0148
SARS-CoV2-5UTR-Amplicon-short-trimmed+3,57,g,0.0834
SARS-CoV2-5UTR-Amplicon-short-trimmed+3,58,t,0.035
SARS-CoV2-5UTR-Amplicon-short-trimmed+3,59,g,0.0464
SARS-CoV2-5UTR-Amplicon-short-trimmed+3,60,c,0.0093
SARS-CoV2-5UTR-Amplicon-short-trimmed+3,61,t,0.035
SARS-CoV2-5UTR-Amplicon-short-trimmed+3,62,t,0.0223
SARS-CoV2-5UTR-Amplicon-short-trimmed+3,63,a,0.0149
SARS-CoV2-5UTR-Amplicon-short-trimmed+3,64,g,0.0176
SARS-CoV2-5UTR-Amplicon-short-trimmed+3,65,t,0.0163
SARS-CoV2-5UTR-Amplicon-short-trimmed+3,66,g,0.0479
SARS-CoV2-5UTR-Amplicon-short-trimmed+3,67,c,0.0191
SARS-CoV2-5UTR-Amplicon-short-trimmed+3,68,a,0.0307
SARS-CoV2-5UTR-Amplicon-short-trimmed+3,69,c,0.0109
SARS-CoV2-5UTR-Amplicon-short-trimmed+3,70,t,0.0196
SARS-CoV2-5UTR-Amplicon-short-trimmed+3,71,c,0.0211
SARS-CoV2-5UTR-Amplicon-short-trimmed+3,72,a,0.0278
SARS-CoV2-5UTR-Amplicon-short-trimmed+3,73,c,0.011
SARS-CoV2-5UTR-Amplicon-short-trimmed+3,74,g,0.0307
SARS-CoV2-5UTR-Amplicon-short-trimmed+3,75,c,0.0036
SARS-CoV2-5UTR-Amplicon-short-trimmed+3,76,a,0.0682
SARS-CoV2-5UTR-Amplicon-short-trimmed+3,77,g,0.0218
SARS-CoV2-5UTR-Amplicon-short-trimmed+3,78,t,0.0246
SARS-CoV2-5UTR-Amplicon-short-trimmed+3,79,a,0.0313
SARS-CoV2-5UTR-Amplicon-short-trimmed+3,80,t,0.0109
SARS-CoV2-5UTR-Amplicon-short-trimmed+3,81,a,0.0265
SARS-CoV2-5UTR-Amplicon-short-trimmed+3,82,a,0.0381
SARS-CoV2-5UTR-Amplicon-short-trimmed+3,83,t,0.0128
SARS-CoV2-5UTR-Amplicon-short-trimmed+3,84,t,0.0507
SARS-CoV2-5UTR-Amplicon-short-trimmed+3,85,a,0.0436
SARS-CoV2-5UTR-Amplicon-short-trimmed+3,86,a,0.04
SARS-CoV2-5UTR-Amplicon-short-trimmed+3,87,t,0.0144
SARS-CoV2-5UTR-Amplicon-short-trimmed+3,88,a,0.0299
SARS-CoV2-5UTR-Amplicon-short-trimmed+3,89,a,0.0326
SARS-CoV2-5UTR-Amplicon-short-trimmed+3,90,c,0.2838
SARS-CoV2-5UTR-Amplicon-short-trimmed+3,91,t,0.0745
SARS-CoV2-5UTR-Amplicon-short-trimmed+3,92,a,0.0262
SARS-CoV2-5UTR-Amplicon-short-trimmed+3,93,a,0.035
SARS-CoV2-5UTR-Amplicon-short-trimmed+3,94,t,0.0346
SARS-CoV2-5UTR-Amplicon-short-trimmed+3,95,t,0.0395
SARS-CoV2-5UTR-Amplicon-short-trimmed+3,96,a,0.0287
SARS-CoV2-5UTR-Amplicon-short-trimmed+3,97,c,0.0117
SARS-CoV2-5UTR-Amplicon-short-trimmed+3,98,t,0.2709
SARS-CoV2-5UTR-Amplicon-short-trimmed+3,99,g,0.0518
SARS-CoV2-5UTR-Amplicon-short-trimmed+3,100,t,0.0652
SARS-CoV2-5UTR-Amplicon-short-trimmed+3,101,c,0.0114
SARS-CoV2-5UTR-Amplicon-short-trimmed+3,102,g,0.0444
SARS-CoV2-5UTR-Amplicon-short-trimmed+3,103,t,0.0443
SARS-CoV2-5UTR-Amplicon-short-trimmed+3,104,t,0.0896
SARS-CoV2-5UTR-Amplicon-short-trimmed+3,105,g,0.033
SARS-CoV2-5UTR-Amplicon-short-trimmed+3,106,a,0.0464
SARS-CoV2-5UTR-Amplicon-short-trimmed+3,107,c,0.0227
SARS-CoV2-5UTR-Amplicon-short-trimmed+3,108,a,0.0638
SARS-CoV2-5UTR-Amplicon-short-trimmed+3,109,g,0.0464
SARS-CoV2-5UTR-Amplicon-short-trimmed+3,110,g,0.0323
SARS-CoV2-5UTR-Amplicon-short-trimmed+3,111,a,0.0351
SARS-CoV2-5UTR-Amplicon-short-trimmed+3,112,c,0.0324
SARS-CoV2-5UTR-Amplicon-short-trimmed+3,113,a,0.0725
SARS-CoV2-5UTR-Amplicon-short-trimmed+3,114,c,0.0212
SARS-CoV2-5UTR-Amplicon-short-trimmed+3,115,g,0.0319
SARS-CoV2-5UTR-Amplicon-short-trimmed+3,116,a,0.0342
SARS-CoV2-5UTR-Amplicon-short-trimmed+3,117,g,0.0164
SARS-CoV2-5UTR-Amplicon-short-trimmed+3,118,t,0.085
SARS-CoV2-5UTR-Amplicon-short-trimmed+3,119,a,0.0962
SARS-CoV2-5UTR-Amplicon-short-trimmed+3,120,a,0.0244
SARS-CoV2-5UTR-Amplicon-short-trimmed+3,121,c,0.018
SARS-CoV2-5UTR-Amplicon-short-trimmed+3,122,t,0.1083
SARS-CoV2-5UTR-Amplicon-short-trimmed+3,123,c,0.2206
SARS-CoV2-5UTR-Amplicon-short-trimmed+3,124,g,0.1928
SARS-CoV2-5UTR-Amplicon-short-trimmed+3,125,t,0.2716
SARS-CoV2-5UTR-Amplicon-short-trimmed+3,126,c,0.1139
SARS-CoV2-5UTR-Amplicon-short-trimmed+3,127,t,0.141
SARS-CoV2-5UTR-Amplicon-short-trimmed+3,128,a,0.263
SARS-CoV2-5UTR-Amplicon-short-trimmed+3,129,t,1.311
SARS-CoV2-5UTR-Amplicon-short-trimmed+3,130,c,0.1421
SARS-CoV2-5UTR-Amplicon-short-trimmed+3,131,t,0.2334
SARS-CoV2-5UTR-Amplicon-short-trimmed+3,132,t,0.3767
SARS-CoV2-5UTR-Amplicon-short-trimmed+3,133,c,0.3507
SARS-CoV2-5UTR-Amplicon-short-trimmed+3,134,t,0.2913
SARS-CoV2-5UTR-Amplicon-short-trimmed+3,135,g,0.1477
SARS-CoV2-5UTR-Amplicon-short-trimmed+3,136,c,0.4194
SARS-CoV2-5UTR-Amplicon-short-trimmed+3,137,a,0.2933
SARS-CoV2-5UTR-Amplicon-short-trimmed+3,138,g,0.0932
SARS-CoV2-5UTR-Amplicon-short-trimmed+3,139,g,0.3137
SARS-CoV2-5UTR-Amplicon-short-trimmed+3,140,c,0.1044
SARS-CoV2-5UTR-Amplicon-short-trimmed+3,141,t,0.3649
SARS-CoV2-5UTR-Amplicon-short-trimmed+3,142,g,0.5545
SARS-CoV2-5UTR-Amplicon-short-trimmed+3,143,c,0.0901
SARS-CoV2-5UTR-Amplicon-short-trimmed+3,144,t,0.1206
SARS-CoV2-5UTR-Amplicon-short-trimmed+3,145,t,0.1706
SARS-CoV2-5UTR-Amplicon-short-trimmed+3,146,a,0.2335
SARS-CoV2-5UTR-Amplicon-short-trimmed+3,147,c,0.165
SARS-CoV2-5UTR-Amplicon-short-trimmed+3,148,g,0.3717
SARS-CoV2-5UTR-Amplicon-short-trimmed+3,149,g,0.131
SARS-CoV2-5UTR-Amplicon-short-trimmed+3,150,t,0.1678
SARS-CoV2-5UTR-Amplicon-short-trimmed+3,151,t,0.1581
SARS-CoV2-5UTR-Amplicon-short-trimmed+3,152,t,0.2873
SARS-CoV2-5UTR-Amplicon-short-trimmed+3,153,c,0.248
SARS-CoV2-5UTR-Amplicon-short-trimmed+3,154,g,0.1028
SARS-CoV2-5UTR-Amplicon-short-trimmed+3,155,t,0.3684
SARS-CoV2-5UTR-Amplicon-short-trimmed+3,156,c,0.2426
SARS-CoV2-5UTR-Amplicon-short-trimmed+3,157,c,0.2452
SARS-CoV2-5UTR-Amplicon-short-trimmed+3,158,g,0.117
SARS-CoV2-5UTR-Amplicon-short-trimmed+3,159,t,1.6849
SARS-CoV2-5UTR-Amplicon-short-trimmed+3,160,g,0.1135
SARS-CoV2-5UTR-Amplicon-short-trimmed+3,161,t,0.1491
SARS-CoV2-5UTR-Amplicon-short-trimmed+3,162,t,0.2017
SARS-CoV2-5UTR-Amplicon-short-trimmed+3,163,g,0.1191
SARS-CoV2-5UTR-Amplicon-short-trimmed+3,164,c,0.33
SARS-CoV2-5UTR-Amplicon-short-trimmed+3,165,a,0.2359
SARS-CoV2-5UTR-Amplicon-short-trimmed+3,166,g,0.3819
SARS-CoV2-5UTR-Amplicon-short-trimmed+3,167,c,0.2892
SARS-CoV2-5UTR-Amplicon-short-trimmed+3,168,c,0.5226
SARS-CoV2-5UTR-Amplicon-short-trimmed+3,169,g,0.102
SARS-CoV2-5UTR-Amplicon-short-trimmed+3,170,a,0.145
SARS-CoV2-5UTR-Amplicon-short-trimmed+3,171,t,0.1528
SARS-CoV2-5UTR-Amplicon-short-trimmed+3,172,c,0.2074
SARS-CoV2-5UTR-Amplicon-short-trimmed+3,173,a,0.0718
SARS-CoV2-5UTR-Amplicon-short-trimmed+3,174,t,0.1206
SARS-CoV2-5UTR-Amplicon-short-trimmed+3,175,c,0.2493
SARS-CoV2-5UTR-Amplicon-short-trimmed+3,176,a,0.1658
SARS-CoV2-5UTR-Amplicon-short-trimmed+3,177,g,0.1356
SARS-CoV2-5UTR-Amplicon-short-trimmed+3,178,c,0.6327
SARS-CoV2-5UTR-Amplicon-short-trimmed+3,179,a,0.1434
SARS-CoV2-5UTR-Amplicon-short-trimmed+3,180,c,0.0942
SARS-CoV2-5UTR-Amplicon-short-trimmed+3,181,a,0.1357
SARS-CoV2-5UTR-Amplicon-short-trimmed+3,182,t,0.1816
SARS-CoV2-5UTR-Amplicon-short-trimmed+3,183,c,0.0868
SARS-CoV2-5UTR-Amplicon-short-trimmed+3,184,t,0.1026
SARS-CoV2-5UTR-Amplicon-short-trimmed+3,185,a,0.1865
SARS-CoV2-5UTR-Amplicon-short-trimmed+3,186,g,0.0686
SARS-CoV2-5UTR-Amplicon-short-trimmed+3,187,g,0.0761
SARS-CoV2-5UTR-Amplicon-short-trimmed+3,188,t,0.153
SARS-CoV2-5UTR-Amplicon-short-trimmed+3,189,t,0.3159
SARS-CoV2-5UTR-Amplicon-short-trimmed+3,190,t,0.4637
SARS-CoV2-5UTR-Amplicon-short-trimmed+3,191,c,0.1359
SARS-CoV2-5UTR-Amplicon-short-trimmed+3,192,g,0.071
SARS-CoV2-5UTR-Amplicon-short-trimmed+3,193,t,1.332
SARS-CoV2-5UTR-Amplicon-short-trimmed+3,194,c,0.1104
SARS-CoV2-5UTR-Amplicon-short-trimmed+3,195,c,0.1651
SARS-CoV2-5UTR-Amplicon-short-trimmed+3,196,g,0.342
SARS-CoV2-5UTR-Amplicon-short-trimmed+3,197,g,0.1542
SARS-CoV2-5UTR-Amplicon-short-trimmed+3,198,g,0.4823
SARS-CoV2-5UTR-Amplicon-short-trimmed+3,199,t,0.2573
SARS-CoV2-5UTR-Amplicon-short-trimmed+3,200,g,0.0742
SARS-CoV2-5UTR-Amplicon-short-trimmed+3,201,t,0.1347
SARS-CoV2-5UTR-Amplicon-short-trimmed+3,202,g,0.0907
SARS-CoV2-5UTR-Amplicon-short-trimmed+3,203,a,0.3754
SARS-CoV2-5UTR-Amplicon-short-trimmed+3,204,c,0.1305
SARS-CoV2-5UTR-Amplicon-short-trimmed+3,205,c,0.1163
SARS-CoV2-5UTR-Amplicon-short-trimmed+3,206,g,0.091
SARS-CoV2-5UTR-Amplicon-short-trimmed+3,207,a,0.1191
SARS-CoV2-5UTR-Amplicon-short-trimmed+3,208,a,0.0718
SARS-CoV2-5UTR-Amplicon-short-trimmed+3,209,a,0.1599
SARS-CoV2-5UTR-Amplicon-short-trimmed+3,210,g,0.137
SARS-CoV2-5UTR-Amplicon-short-trimmed+3,211,g,0.1589
SARS-CoV2-5UTR-Amplicon-short-trimmed+3,212,t,0.1543
SARS-CoV2-5UTR-Amplicon-short-trimmed+3,213,a,0.0588
SARS-CoV2-5UTR-Amplicon-short-trimmed+3,214,a,0.0668
SARS-CoV2-5UTR-Amplicon-short-trimmed+3,215,g,0.0685
SARS-CoV2-5UTR-Amplicon-short-trimmed+3,216,a,0.0449
SARS-CoV2-5UTR-Amplicon-short-trimmed+3,217,t,0.1275
SARS-CoV2-5UTR-Amplicon-short-trimmed+3,218,g,0.0564
SARS-CoV2-5UTR-Amplicon-short-trimmed+3,219,g,0.0514
SARS-CoV2-5UTR-Amplicon-short-trimmed+3,220,a,0.2182
SARS-CoV2-5UTR-Amplicon-short-trimmed+3,221,g,0.131
SARS-CoV2-5UTR-Amplicon-short-trimmed+3,222,a,0.0702
SARS-CoV2-5UTR-Amplicon-short-trimmed+3,223,g,0.1902
SARS-CoV2-5UTR-Amplicon-short-trimmed+3,224,c,0.0751
SARS-CoV2-5UTR-Amplicon-short-trimmed+3,225,c,0.0788
SARS-CoV2-5UTR-Amplicon-short-trimmed+3,226,t,0.0525
SARS-CoV2-5UTR-Amplicon-short-trimmed+3,227,t,0.3418
SARS-CoV2-5UTR-Amplicon-short-trimmed+3,228,g,0.0323
SARS-CoV2-5UTR-Amplicon-short-trimmed+3,229,t,0.1354
SARS-CoV2-5UTR-Amplicon-short-trimmed+3,230,c,0.0739
SARS-CoV2-5UTR-Amplicon-short-trimmed+3,231,c,0.0578
SARS-CoV2-5UTR-Amplicon-short-trimmed+3,232,c,0.0919
SARS-CoV2-5UTR-Amplicon-short-trimmed+3,233,t,0.1807
SARS-CoV2-5UTR-Amplicon-short-trimmed+3,234,g,0.0735
SARS-CoV2-5UTR-Amplicon-short-trimmed+3,235,g,0.1482
SARS-CoV2-5UTR-Amplicon-short-trimmed+3,236,t,0.0633
SARS-CoV2-5UTR-Amplicon-short-trimmed+3,237,t,0.0774
SARS-CoV2-5UTR-Amplicon-short-trimmed+3,238,t,0.1541
SARS-CoV2-5UTR-Amplicon-short-trimmed+3,239,c,0.613
SARS-CoV2-5UTR-Amplicon-short-trimmed+3,240,a,0.1099
SARS-CoV2-5UTR-Amplicon-short-trimmed+3,241,a,0.0932
SARS-CoV2-5UTR-Amplicon-short-trimmed+3,242,c,0.0875
SARS-CoV2-5UTR-Amplicon-short-trimmed+3,243,g,0.0181
SARS-CoV2-5UTR-Amplicon-short-trimmed+3,244,a,0.19
SARS-CoV2-5UTR-Amplicon-short-trimmed+3,245,g,0.5019
SARS-CoV2-5UTR-Amplicon-short-trimmed+3,246,g,5.1367
SARS-CoV2-5UTR-Amplicon-short-trimmed+3,247,G,96.0885
SARS-CoV2-5UTR-Amplicon-short-trimmed+3,248,A,99.8556
SARS-CoV2-5UTR-Amplicon-short-trimmed+3,249,G,99.7683
