Region,Position,Ref_base,Mut_percentage
SARS-CoV2-5UTR-Amplicon-short-trimmed+3,1,T,99.8295
SARS-CoV2-5UTR-Amplicon-short-trimmed+3,2,T,99.8446
SARS-CoV2-5UTR-Amplicon-short-trimmed+3,3,G,99.942
SARS-CoV2-5UTR-Amplicon-short-trimmed+3,4,t,99.9442
SARS-CoV2-5UTR-Amplicon-short-trimmed+3,5,a,0.0026
SARS-CoV2-5UTR-Amplicon-short-trimmed+3,6,g,0.0861
SARS-CoV2-5UTR-Amplicon-short-trimmed+3,7,a,0.0121
SARS-CoV2-5UTR-Amplicon-short-trimmed+3,8,t,0.0156
SARS-CoV2-5UTR-Amplicon-short-trimmed+3,9,c,0.0089
SARS-CoV2-5UTR-Amplicon-short-trimmed+3,10,t,0.0058
SARS-CoV2-5UTR-Amplicon-short-trimmed+3,11,g,0.1778
SARS-CoV2-5UTR-Amplicon-short-trimmed+3,12,t,0.0257
SARS-CoV2-5UTR-Amplicon-short-trimmed+3,13,t,0.0226
SARS-CoV2-5UTR-Amplicon-short-trimmed+3,14,c,0.0107
SARS-CoV2-5UTR-Amplicon-short-trimmed+3,15,t,0.0489
SARS-CoV2-5UTR-Amplicon-short-trimmed+3,16,c,0.0453
SARS-CoV2-5UTR-Amplicon-short-trimmed+3,17,t,0.0264
SARS-CoV2-5UTR-Amplicon-short-trimmed+3,18,a,0.042
SARS-CoV2-5UTR-Amplicon-short-trimmed+3,19,a,0.01
SARS-CoV2-5UTR-Amplicon-short-trimmed+3,20,a,0.0108
SARS-CoV2-5UTR-Amplicon-short-trimmed+3,21,c,0.0095
SARS-CoV2-5UTR-Amplicon-short-trimmed+3,22,g,0.0187
SARS-CoV2-5UTR-Amplicon-short-trimmed+3,23,a,0.0098
SARS-CoV2-5UTR-Amplicon-short-trimmed+3,24,a,0.01
SARS-CoV2-5UTR-Amplicon-short-trimmed+3,25,c,0.5372
SARS-CoV2-5UTR-Amplicon-short-trimmed+3,26,t,0.046
SARS-CoV2-5UTR-Amplicon-short-trimmed+3,27,t,0.0883
SARS-CoV2-5UTR-Amplicon-short-trimmed+3,28,t,0.0089
SARS-CoV2-5UTR-Amplicon-short-trimmed+3,29,a,0.0114
SARS-CoV2-5UTR-Amplicon-short-trimmed+3,30,a,0.0121
SARS-CoV2-5UTR-Amplicon-short-trimmed+3,31,a,0.0536
SARS-CoV2-5UTR-Amplicon-short-trimmed+3,32,a,0.0125
SARS-CoV2-5UTR-Amplicon-short-trimmed+3,33,t,0.0157
SARS-CoV2-5UTR-Amplicon-short-trimmed+3,34,c,0.0087
SARS-CoV2-5UTR-Amplicon-short-trimmed+3,35,t,0.018
SARS-CoV2-5UTR-Amplicon-short-trimmed+3,36,g,0.0196
SARS-CoV2-5UTR-Amplicon-short-trimmed+3,37,t,0.0296
SARS-CoV2-5UTR-Amplicon-short-trimmed+3,38,g,0.0128
SARS-CoV2-5UTR-Amplicon-short-trimmed+3,39,t,0.0192
SARS-CoV2-5UTR-Amplicon-short-trimmed+3,40,g,0.0193
SARS-CoV2-5UTR-Amplicon-short-trimmed+3,41,g,0.062
SARS-CoV2-5UTR-Amplicon-short-trimmed+3,42,c,0.0134
SARS-CoV2-5UTR-Amplicon-short-trimmed+3,43,t,0.09
SARS-CoV2-5UTR-Amplicon-short-trimmed+3,44,g,0.0486
SARS-CoV2-5UTR-Amplicon-short-trimmed+3,45,t,0.0411
SARS-CoV2-5UTR-Amplicon-short-trimmed+3,46,c,0.0107
SARS-CoV2-5UTR-Amplicon-short-trimmed+3,47,a,0.0092
SARS-CoV2-5UTR-Amplicon-short-trimmed+3,48,c,0.0097
SARS-CoV2-5UTR-Amplicon-short-trimmed+3,49,t,0.0216
SARS-CoV2-5UTR-Amplicon-short-trimmed+3,50,c,0.0085
SARS-CoV2-5UTR-Amplicon-short-trimmed+3,51,g,0.048
SARS-CoV2-5UTR-Amplicon-short-trimmed+3,52,g,0.0359
SARS-CoV2-5UTR-Amplicon-short-trimmed+3,53,c,0.089
SARS-CoV2-5UTR-Amplicon-short-trimmed+3,54,t,0.0115
SARS-CoV2-5UTR-Amplicon-short-trimmed+3,55,g,0.1474
SARS-CoV2-5UTR-Amplicon-short-trimmed+3,56,c,0.0213
SARS-CoV2-5UTR-Amplicon-short-trimmed+3,57,g,0.1459
SARS-CoV2-5UTR-Amplicon-short-trimmed+3,58,t,0.0358
SARS-CoV2-5UTR-Amplicon-short-trimmed+3,59,g,0.0705
SARS-CoV2-5UTR-Amplicon-short-trimmed+3,60,c,0.0159
SARS-CoV2-5UTR-Amplicon-short-trimmed+3,61,t,0.0369
SARS-CoV2-5UTR-Amplicon-short-trimmed+3,62,t,0.0209
SARS-CoV2-5UTR-Amplicon-short-trimmed+3,63,a,0.015
SARS-CoV2-5UTR-Amplicon-short-trimmed+3,64,g,0.0163
SARS-CoV2-5UTR-Amplicon-short-trimmed+3,65,t,0.0134
SARS-CoV2-5UTR-Amplicon-short-trimmed+3,66,g,0.0436
SARS-CoV2-5UTR-Amplicon-short-trimmed+3,67,c,0.0205
SARS-CoV2-5UTR-Amplicon-short-trimmed+3,68,a,0.0226
SARS-CoV2-5UTR-Amplicon-short-trimmed+3,69,c,0.0176
SARS-CoV2-5UTR-Amplicon-short-trimmed+3,70,t,0.0157
SARS-CoV2-5UTR-Amplicon-short-trimmed+3,71,c,0.031
SARS-CoV2-5UTR-Amplicon-short-trimmed+3,72,a,0.0271
SARS-CoV2-5UTR-Amplicon-short-trimmed+3,73,c,0.0098
SARS-CoV2-5UTR-Amplicon-short-trimmed+3,74,g,0.034
SARS-CoV2-5UTR-Amplicon-short-trimmed+3,75,c,0.0053
SARS-CoV2-5UTR-Amplicon-short-trimmed+3,76,a,0.0528
SARS-CoV2-5UTR-Amplicon-short-trimmed+3,77,g,0.026
SARS-CoV2-5UTR-Amplicon-short-trimmed+3,78,t,0.0172
SARS-CoV2-5UTR-Amplicon-short-trimmed+3,79,a,0.0205
SARS-CoV2-5UTR-Amplicon-short-trimmed+3,80,t,0.0082
SARS-CoV2-5UTR-Amplicon-short-trimmed+3,81,a,0.0182
SARS-CoV2-5UTR-Amplicon-short-trimmed+3,82,a,0.0375
SARS-CoV2-5UTR-Amplicon-short-trimmed+3,83,t,0.0097
SARS-CoV2-5UTR-Amplicon-short-trimmed+3,84,t,0.0412
SARS-CoV2-5UTR-Amplicon-short-trimmed+3,85,a,0.0332
SARS-CoV2-5UTR-Amplicon-short-trimmed+3,86,a,0.0281
SARS-CoV2-5UTR-Amplicon-short-trimmed+3,87,t,0.0092
SARS-CoV2-5UTR-Amplicon-short-trimmed+3,88,a,0.0255
SARS-CoV2-5UTR-Amplicon-short-trimmed+3,89,a,0.0255
SARS-CoV2-5UTR-Amplicon-short-trimmed+3,90,c,0.2759
SARS-CoV2-5UTR-Amplicon-short-trimmed+3,91,t,0.0697
SARS-CoV2-5UTR-Amplicon-short-trimmed+3,92,a,0.0199
SARS-CoV2-5UTR-Amplicon-short-trimmed+3,93,a,0.0268
SARS-CoV2-5UTR-Amplicon-short-trimmed+3,94,t,0.0248
SARS-CoV2-5UTR-Amplicon-short-trimmed+3,95,t,0.0306
SARS-CoV2-5UTR-Amplicon-short-trimmed+3,96,a,0.0203
SARS-CoV2-5UTR-Amplicon-short-trimmed+3,97,c,0.012
SARS-CoV2-5UTR-Amplicon-short-trimmed+3,98,t,0.2785
SARS-CoV2-5UTR-Amplicon-short-trimmed+3,99,g,0.0549
SARS-CoV2-5UTR-Amplicon-short-trimmed+3,100,t,0.0545
SARS-CoV2-5UTR-Amplicon-short-trimmed+3,101,c,0.0111
SARS-CoV2-5UTR-Amplicon-short-trimmed+3,102,g,0.0496
SARS-CoV2-5UTR-Amplicon-short-trimmed+3,103,t,0.0355
SARS-CoV2-5UTR-Amplicon-short-trimmed+3,104,t,0.0782
SARS-CoV2-5UTR-Amplicon-short-trimmed+3,105,g,0.0483
SARS-CoV2-5UTR-Amplicon-short-trimmed+3,106,a,0.0278
SARS-CoV2-5UTR-Amplicon-short-trimmed+3,107,c,0.0225
SARS-CoV2-5UTR-Amplicon-short-trimmed+3,108,a,0.043
SARS-CoV2-5UTR-Amplicon-short-trimmed+3,109,g,0.0523
SARS-CoV2-5UTR-Amplicon-short-trimmed+3,110,g,0.0346
SARS-CoV2-5UTR-Amplicon-short-trimmed+3,111,a,0.0225
SARS-CoV2-5UTR-Amplicon-short-trimmed+3,112,c,0.0311
SARS-CoV2-5UTR-Amplicon-short-trimmed+3,113,a,0.0474
SARS-CoV2-5UTR-Amplicon-short-trimmed+3,114,c,0.0193
SARS-CoV2-5UTR-Amplicon-short-trimmed+3,115,g,0.0349
SARS-CoV2-5UTR-Amplicon-short-trimmed+3,116,a,0.0172
SARS-CoV2-5UTR-Amplicon-short-trimmed+3,117,g,0.0179
SARS-CoV2-5UTR-Amplicon-short-trimmed+3,118,t,0.0619
SARS-CoV2-5UTR-Amplicon-short-trimmed+3,119,a,0.0632
SARS-CoV2-5UTR-Amplicon-short-trimmed+3,120,a,0.0198
SARS-CoV2-5UTR-Amplicon-short-trimmed+3,121,c,0.0175
SARS-CoV2-5UTR-Amplicon-short-trimmed+3,122,t,0.0794
SARS-CoV2-5UTR-Amplicon-short-trimmed+3,123,c,0.1736
SARS-CoV2-5UTR-Amplicon-short-trimmed+3,124,g,0.148
SARS-CoV2-5UTR-Amplicon-short-trimmed+3,125,t,0.2029
SARS-CoV2-5UTR-Amplicon-short-trimmed+3,126,c,0.0897
SARS-CoV2-5UTR-Amplicon-short-trimmed+3,127,t,0.098
SARS-CoV2-5UTR-Amplicon-short-trimmed+3,128,a,0.1899
SARS-CoV2-5UTR-Amplicon-short-trimmed+3,129,t,0.9063
SARS-CoV2-5UTR-Amplicon-short-trimmed+3,130,c,0.1197
SARS-CoV2-5UTR-Amplicon-short-trimmed+3,131,t,0.1625
SARS-CoV2-5UTR-Amplicon-short-trimmed+3,132,t,0.2705
SARS-CoV2-5UTR-Amplicon-short-trimmed+3,133,c,0.2608
SARS-CoV2-5UTR-Amplicon-short-trimmed+3,134,t,0.1989
SARS-CoV2-5UTR-Amplicon-short-trimmed+3,135,g,0.1072
SARS-CoV2-5UTR-Amplicon-short-trimmed+3,136,c,0.4047
SARS-CoV2-5UTR-Amplicon-short-trimmed+3,137,a,0.2216
SARS-CoV2-5UTR-Amplicon-short-trimmed+3,138,g,0.0753
SARS-CoV2-5UTR-Amplicon-short-trimmed+3,139,g,0.2434
SARS-CoV2-5UTR-Amplicon-short-trimmed+3,140,c,0.0919
SARS-CoV2-5UTR-Amplicon-short-trimmed+3,141,t,0.2516
SARS-CoV2-5UTR-Amplicon-short-trimmed+3,142,g,0.4007
SARS-CoV2-5UTR-Amplicon-short-trimmed+3,143,c,0.0939
SARS-CoV2-5UTR-Amplicon-short-trimmed+3,144,t,0.0919
SARS-CoV2-5UTR-Amplicon-short-trimmed+3,145,t,0.1211
SARS-CoV2-5UTR-Amplicon-short-trimmed+3,146,a,0.1708
SARS-CoV2-5UTR-Amplicon-short-trimmed+3,147,c,0.1422
SARS-CoV2-5UTR-Amplicon-short-trimmed+3,148,g,0.3535
SARS-CoV2-5UTR-Amplicon-short-trimmed+3,149,g,0.1356
SARS-CoV2-5UTR-Amplicon-short-trimmed+3,150,t,0.1409
SARS-CoV2-5UTR-Amplicon-short-trimmed+3,151,t,0.1165
SARS-CoV2-5UTR-Amplicon-short-trimmed+3,152,t,0.2214
SARS-CoV2-5UTR-Amplicon-short-trimmed+3,153,c,0.225
SARS-CoV2-5UTR-Amplicon-short-trimmed+3,154,g,0.0733
SARS-CoV2-5UTR-Amplicon-short-trimmed+3,155,t,0.3047
SARS-CoV2-5UTR-Amplicon-short-trimmed+3,156,c,0.1735
SARS-CoV2-5UTR-Amplicon-short-trimmed+3,157,c,0.1879
SARS-CoV2-5UTR-Amplicon-short-trimmed+3,158,g,0.0932
SARS-CoV2-5UTR-Amplicon-short-trimmed+3,159,t,1.3129
SARS-CoV2-5UTR-Amplicon-short-trimmed+3,160,g,0.066
SARS-CoV2-5UTR-Amplicon-short-trimmed+3,161,t,0.1189
SARS-CoV2-5UTR-Amplicon-short-trimmed+3,162,t,0.1727
SARS-CoV2-5UTR-Amplicon-short-trimmed+3,163,g,0.0927
SARS-CoV2-5UTR-Amplicon-short-trimmed+3,164,c,0.2341
SARS-CoV2-5UTR-Amplicon-short-trimmed+3,165,a,0.1875
SARS-CoV2-5UTR-Amplicon-short-trimmed+3,166,g,0.4005
SARS-CoV2-5UTR-Amplicon-short-trimmed+3,167,c,0.2274
SARS-CoV2-5UTR-Amplicon-short-trimmed+3,168,c,0.5722
SARS-CoV2-5UTR-Amplicon-short-trimmed+3,169,g,0.0982
SARS-CoV2-5UTR-Amplicon-short-trimmed+3,170,a,0.1262
SARS-CoV2-5UTR-Amplicon-short-trimmed+3,171,t,0.114
SARS-CoV2-5UTR-Amplicon-short-trimmed+3,172,c,0.1802
SARS-CoV2-5UTR-Amplicon-short-trimmed+3,173,a,0.0636
SARS-CoV2-5UTR-Amplicon-short-trimmed+3,174,t,0.0863
SARS-CoV2-5UTR-Amplicon-short-trimmed+3,175,c,0.2231
SARS-CoV2-5UTR-Amplicon-short-trimmed+3,176,a,0.1223
SARS-CoV2-5UTR-Amplicon-short-trimmed+3,177,g,0.1202
SARS-CoV2-5UTR-Amplicon-short-trimmed+3,178,c,0.5915
SARS-CoV2-5UTR-Amplicon-short-trimmed+3,179,a,0.1033
SARS-CoV2-5UTR-Amplicon-short-trimmed+3,180,c,0.0908
SARS-CoV2-5UTR-Amplicon-short-trimmed+3,181,a,0.0907
SARS-CoV2-5UTR-Amplicon-short-trimmed+3,182,t,0.1429
SARS-CoV2-5UTR-Amplicon-short-trimmed+3,183,c,0.0714
SARS-CoV2-5UTR-Amplicon-short-trimmed+3,184,t,0.0942
SARS-CoV2-5UTR-Amplicon-short-trimmed+3,185,a,0.1804
SARS-CoV2-5UTR-Amplicon-short-trimmed+3,186,g,0.0648
SARS-CoV2-5UTR-Amplicon-short-trimmed+3,187,g,0.0877
SARS-CoV2-5UTR-Amplicon-short-trimmed+3,188,t,0.1276
SARS-CoV2-5UTR-Amplicon-short-trimmed+3,189,t,0.2941
SARS-CoV2-5UTR-Amplicon-short-trimmed+3,190,t,0.3544
SARS-CoV2-5UTR-Amplicon-short-trimmed+3,191,c,0.1414
SARS-CoV2-5UTR-Amplicon-short-trimmed+3,192,g,0.0641
SARS-CoV2-5UTR-Amplicon-short-trimmed+3,193,t,1.0139
SARS-CoV2-5UTR-Amplicon-short-trimmed+3,194,c,0.0901
SARS-CoV2-5UTR-Amplicon-short-trimmed+3,195,c,0.1548
SARS-CoV2-5UTR-Amplicon-short-trimmed+3,196,g,0.3269
SARS-CoV2-5UTR-Amplicon-short-trimmed+3,197,g,0.1272
SARS-CoV2-5UTR-Amplicon-short-trimmed+3,198,g,0.3509
SARS-CoV2-5UTR-Amplicon-short-trimmed+3,199,t,0.2012
SARS-CoV2-5UTR-Amplicon-short-trimmed+3,200,g,0.078
SARS-CoV2-5UTR-Amplicon-short-trimmed+3,201,t,0.1133
SARS-CoV2-5UTR-Amplicon-short-trimmed+3,202,g,0.0979
SARS-CoV2-5UTR-Amplicon-short-trimmed+3,203,a,0.2895
SARS-CoV2-5UTR-Amplicon-short-trimmed+3,204,c,0.0966
SARS-CoV2-5UTR-Amplicon-short-trimmed+3,205,c,0.0948
SARS-CoV2-5UTR-Amplicon-short-trimmed+3,206,g,0.0826
SARS-CoV2-5UTR-Amplicon-short-trimmed+3,207,a,0.1009
SARS-CoV2-5UTR-Amplicon-short-trimmed+3,208,a,0.0578
SARS-CoV2-5UTR-Amplicon-short-trimmed+3,209,a,0.1472
SARS-CoV2-5UTR-Amplicon-short-trimmed+3,210,g,0.1223
SARS-CoV2-5UTR-Amplicon-short-trimmed+3,211,g,0.1168
SARS-CoV2-5UTR-Amplicon-short-trimmed+3,212,t,0.1312
SARS-CoV2-5UTR-Amplicon-short-trimmed+3,213,a,0.059
SARS-CoV2-5UTR-Amplicon-short-trimmed+3,214,a,0.0599
SARS-CoV2-5UTR-Amplicon-short-trimmed+3,215,g,0.0674
SARS-CoV2-5UTR-Amplicon-short-trimmed+3,216,a,0.0412
SARS-CoV2-5UTR-Amplicon-short-trimmed+3,217,t,0.1105
SARS-CoV2-5UTR-Amplicon-short-trimmed+3,218,g,0.0603
SARS-CoV2-5UTR-Amplicon-short-trimmed+3,219,g,0.0651
SARS-CoV2-5UTR-Amplicon-short-trimmed+3,220,a,0.224
SARS-CoV2-5UTR-Amplicon-short-trimmed+3,221,g,0.1581
SARS-CoV2-5UTR-Amplicon-short-trimmed+3,222,a,0.0764
SARS-CoV2-5UTR-Amplicon-short-trimmed+3,223,g,0.1742
SARS-CoV2-5UTR-Amplicon-short-trimmed+3,224,c,0.0847
SARS-CoV2-5UTR-Amplicon-short-trimmed+3,225,c,0.0796
SARS-CoV2-5UTR-Amplicon-short-trimmed+3,226,t,0.0446
SARS-CoV2-5UTR-Amplicon-short-trimmed+3,227,t,0.3001
SARS-CoV2-5UTR-Amplicon-short-trimmed+3,228,g,0.0459
SARS-CoV2-5UTR-Amplicon-short-trimmed+3,229,t,0.1246
SARS-CoV2-5UTR-Amplicon-short-trimmed+3,230,c,0.0571
SARS-CoV2-5UTR-Amplicon-short-trimmed+3,231,c,0.0548
SARS-CoV2-5UTR-Amplicon-short-trimmed+3,232,c,0.0915
SARS-CoV2-5UTR-Amplicon-short-trimmed+3,233,t,0.1443
SARS-CoV2-5UTR-Amplicon-short-trimmed+3,234,g,0.0715
SARS-CoV2-5UTR-Amplicon-short-trimmed+3,235,g,0.1363
SARS-CoV2-5UTR-Amplicon-short-trimmed+3,236,t,0.0544
SARS-CoV2-5UTR-Amplicon-short-trimmed+3,237,t,0.0616
SARS-CoV2-5UTR-Amplicon-short-trimmed+3,238,t,0.1203
SARS-CoV2-5UTR-Amplicon-short-trimmed+3,239,c,0.4854
SARS-CoV2-5UTR-Amplicon-short-trimmed+3,240,a,0.0962
SARS-CoV2-5UTR-Amplicon-short-trimmed+3,241,a,0.0767
SARS-CoV2-5UTR-Amplicon-short-trimmed+3,242,c,0.0785
SARS-CoV2-5UTR-Amplicon-short-trimmed+3,243,g,0.0185
SARS-CoV2-5UTR-Amplicon-short-trimmed+3,244,a,0.242
SARS-CoV2-5UTR-Amplicon-short-trimmed+3,245,g,0.483
SARS-CoV2-5UTR-Amplicon-short-trimmed+3,246,g,5.1921
SARS-CoV2-5UTR-Amplicon-short-trimmed+3,247,G,96.0744
SARS-CoV2-5UTR-Amplicon-short-trimmed+3,248,A,99.8655
SARS-CoV2-5UTR-Amplicon-short-trimmed+3,249,G,99.7756
