Region,Position,Ref_base,Mut_percentage
SARS-CoV2-5UTR-Amplicon-short-trimmed+3,1,T,99.7945
SARS-CoV2-5UTR-Amplicon-short-trimmed+3,2,T,99.875
SARS-CoV2-5UTR-Amplicon-short-trimmed+3,3,G,99.9749
SARS-CoV2-5UTR-Amplicon-short-trimmed+3,4,t,99.9568
SARS-CoV2-5UTR-Amplicon-short-trimmed+3,5,a,0.0015
SARS-CoV2-5UTR-Amplicon-short-trimmed+3,6,g,0.051
SARS-CoV2-5UTR-Amplicon-short-trimmed+3,7,a,0.017
SARS-CoV2-5UTR-Amplicon-short-trimmed+3,8,t,0.0084
SARS-CoV2-5UTR-Amplicon-short-trimmed+3,9,c,0.0021
SARS-CoV2-5UTR-Amplicon-short-trimmed+3,10,t,0.0036
SARS-CoV2-5UTR-Amplicon-short-trimmed+3,11,g,0.0681
SARS-CoV2-5UTR-Amplicon-short-trimmed+3,12,t,0.0202
SARS-CoV2-5UTR-Amplicon-short-trimmed+3,13,t,0.0166
SARS-CoV2-5UTR-Amplicon-short-trimmed+3,14,c,0.004
SARS-CoV2-5UTR-Amplicon-short-trimmed+3,15,t,0.0289
SARS-CoV2-5UTR-Amplicon-short-trimmed+3,16,c,0.0127
SARS-CoV2-5UTR-Amplicon-short-trimmed+3,17,t,0.0172
SARS-CoV2-5UTR-Amplicon-short-trimmed+3,18,a,0.0446
SARS-CoV2-5UTR-Amplicon-short-trimmed+3,19,a,0.0138
SARS-CoV2-5UTR-Amplicon-short-trimmed+3,20,a,0.0167
SARS-CoV2-5UTR-Amplicon-short-trimmed+3,21,c,0.0059
SARS-CoV2-5UTR-Amplicon-short-trimmed+3,22,g,0.0137
SARS-CoV2-5UTR-Amplicon-short-trimmed+3,23,a,0.0106
SARS-CoV2-5UTR-Amplicon-short-trimmed+3,24,a,0.0059
SARS-CoV2-5UTR-Amplicon-short-trimmed+3,25,c,0.053
SARS-CoV2-5UTR-Amplicon-short-trimmed+3,26,t,0.0371
SARS-CoV2-5UTR-Amplicon-short-trimmed+3,27,t,0.0453
SARS-CoV2-5UTR-Amplicon-short-trimmed+3,28,t,0.0054
SARS-CoV2-5UTR-Amplicon-short-trimmed+3,29,a,0.0067
SARS-CoV2-5UTR-Amplicon-short-trimmed+3,30,a,0.0135
SARS-CoV2-5UTR-Amplicon-short-trimmed+3,31,a,0.0609
SARS-CoV2-5UTR-Amplicon-short-trimmed+3,32,a,0.0162
SARS-CoV2-5UTR-Amplicon-short-trimmed+3,33,t,0.0165
SARS-CoV2-5UTR-Amplicon-short-trimmed+3,34,c,0.0054
SARS-CoV2-5UTR-Amplicon-short-trimmed+3,35,t,0.0158
SARS-CoV2-5UTR-Amplicon-short-trimmed+3,36,g,0.0103
SARS-CoV2-5UTR-Amplicon-short-trimmed+3,37,t,0.0251
SARS-CoV2-5UTR-Amplicon-short-trimmed+3,38,g,0.0084
SARS-CoV2-5UTR-Amplicon-short-trimmed+3,39,t,0.0202
SARS-CoV2-5UTR-Amplicon-short-trimmed+3,40,g,0.0121
SARS-CoV2-5UTR-Amplicon-short-trimmed+3,41,g,0.0219
SARS-CoV2-5UTR-Amplicon-short-trimmed+3,42,c,0.0068
SARS-CoV2-5UTR-Amplicon-short-trimmed+3,43,t,0.0541
SARS-CoV2-5UTR-Amplicon-short-trimmed+3,44,g,0.0206
SARS-CoV2-5UTR-Amplicon-short-trimmed+3,45,t,0.0381
SARS-CoV2-5UTR-Amplicon-short-trimmed+3,46,c,0.0063
SARS-CoV2-5UTR-Amplicon-short-trimmed+3,47,a,0.0088
SARS-CoV2-5UTR-Amplicon-short-trimmed+3,48,c,0.0049
SARS-CoV2-5UTR-Amplicon-short-trimmed+3,49,t,0.0222
SARS-CoV2-5UTR-Amplicon-short-trimmed+3,50,c,0.0079
SARS-CoV2-5UTR-Amplicon-short-trimmed+3,51,g,0.0234
SARS-CoV2-5UTR-Amplicon-short-trimmed+3,52,g,0.0202
SARS-CoV2-5UTR-Amplicon-short-trimmed+3,53,c,0.0406
SARS-CoV2-5UTR-Amplicon-short-trimmed+3,54,t,0.0116
SARS-CoV2-5UTR-Amplicon-short-trimmed+3,55,g,0.0746
SARS-CoV2-5UTR-Amplicon-short-trimmed+3,56,c,0.0088
SARS-CoV2-5UTR-Amplicon-short-trimmed+3,57,g,0.0618
SARS-CoV2-5UTR-Amplicon-short-trimmed+3,58,t,0.0325
SARS-CoV2-5UTR-Amplicon-short-trimmed+3,59,g,0.0365
SARS-CoV2-5UTR-Amplicon-short-trimmed+3,60,c,0.0091
SARS-CoV2-5UTR-Amplicon-short-trimmed+3,61,t,0.0322
SARS-CoV2-5UTR-Amplicon-short-trimmed+3,62,t,0.0181
SARS-CoV2-5UTR-Amplicon-short-trimmed+3,63,a,0.0156
SARS-CoV2-5UTR-Amplicon-short-trimmed+3,64,g,0.012
SARS-CoV2-5UTR-Amplicon-short-trimmed+3,65,t,0.0112
SARS-CoV2-5UTR-Amplicon-short-trimmed+3,66,g,0.0399
SARS-CoV2-5UTR-Amplicon-short-trimmed+3,67,c,0.0116
SARS-CoV2-5UTR-Amplicon-short-trimmed+3,68,a,0.0361
SARS-CoV2-5UTR-Amplicon-short-trimmed+3,69,c,0.0116
SARS-CoV2-5UTR-Amplicon-short-trimmed+3,70,t,0.0185
SARS-CoV2-5UTR-Amplicon-short-trimmed+3,71,c,0.0197
SARS-CoV2-5UTR-Amplicon-short-trimmed+3,72,a,0.03
SARS-CoV2-5UTR-Amplicon-short-trimmed+3,73,c,0.0084
SARS-CoV2-5UTR-Amplicon-short-trimmed+3,74,g,0.0178
SARS-CoV2-5UTR-Amplicon-short-trimmed+3,75,c,0.0043
SARS-CoV2-5UTR-Amplicon-short-trimmed+3,76,a,0.0747
SARS-CoV2-5UTR-Amplicon-short-trimmed+3,77,g,0.0198
SARS-CoV2-5UTR-Amplicon-short-trimmed+3,78,t,0.0199
SARS-CoV2-5UTR-Amplicon-short-trimmed+3,79,a,0.0318
SARS-CoV2-5UTR-Amplicon-short-trimmed+3,80,t,0.0105
SARS-CoV2-5UTR-Amplicon-short-trimmed+3,81,a,0.0289
SARS-CoV2-5UTR-Amplicon-short-trimmed+3,82,a,0.0383
SARS-CoV2-5UTR-Amplicon-short-trimmed+3,83,t,0.0109
SARS-CoV2-5UTR-Amplicon-short-trimmed+3,84,t,0.0522
SARS-CoV2-5UTR-Amplicon-short-trimmed+3,85,a,0.0456
SARS-CoV2-5UTR-Amplicon-short-trimmed+3,86,a,0.0372
SARS-CoV2-5UTR-Amplicon-short-trimmed+3,87,t,0.0132
SARS-CoV2-5UTR-Amplicon-short-trimmed+3,88,a,0.0342
SARS-CoV2-5UTR-Amplicon-short-trimmed+3,89,a,0.0307
SARS-CoV2-5UTR-Amplicon-short-trimmed+3,90,c,0.2956
SARS-CoV2-5UTR-Amplicon-short-trimmed+3,91,t,0.0668
SARS-CoV2-5UTR-Amplicon-short-trimmed+3,92,a,0.0314
SARS-CoV2-5UTR-Amplicon-short-trimmed+3,93,a,0.0381
SARS-CoV2-5UTR-Amplicon-short-trimmed+3,94,t,0.0304
SARS-CoV2-5UTR-Amplicon-short-trimmed+3,95,t,0.0417
SARS-CoV2-5UTR-Amplicon-short-trimmed+3,96,a,0.0326
SARS-CoV2-5UTR-Amplicon-short-trimmed+3,97,c,0.0096
SARS-CoV2-5UTR-Amplicon-short-trimmed+3,98,t,0.2722
SARS-CoV2-5UTR-Amplicon-short-trimmed+3,99,g,0.0488
SARS-CoV2-5UTR-Amplicon-short-trimmed+3,100,t,0.0636
SARS-CoV2-5UTR-Amplicon-short-trimmed+3,101,c,0.01
SARS-CoV2-5UTR-Amplicon-short-trimmed+3,102,g,0.0286
SARS-CoV2-5UTR-Amplicon-short-trimmed+3,103,t,0.0512
SARS-CoV2-5UTR-Amplicon-short-trimmed+3,104,t,0.0791
SARS-CoV2-5UTR-Amplicon-short-trimmed+3,105,g,0.0314
SARS-CoV2-5UTR-Amplicon-short-trimmed+3,106,a,0.0542
SARS-CoV2-5UTR-Amplicon-short-trimmed+3,107,c,0.0153
SARS-CoV2-5UTR-Amplicon-short-trimmed+3,108,a,0.0619
SARS-CoV2-5UTR-Amplicon-short-trimmed+3,109,g,0.0431
SARS-CoV2-5UTR-Amplicon-short-trimmed+3,110,g,0.0356
SARS-CoV2-5UTR-Amplicon-short-trimmed+3,111,a,0.0385
SARS-CoV2-5UTR-Amplicon-short-trimmed+3,112,c,0.0298
SARS-CoV2-5UTR-Amplicon-short-trimmed+3,113,a,0.0871
SARS-CoV2-5UTR-Amplicon-short-trimmed+3,114,c,0.017
SARS-CoV2-5UTR-Amplicon-short-trimmed+3,115,g,0.0328
SARS-CoV2-5UTR-Amplicon-short-trimmed+3,116,a,0.0379
SARS-CoV2-5UTR-Amplicon-short-trimmed+3,117,g,0.018
SARS-CoV2-5UTR-Amplicon-short-trimmed+3,118,t,0.0952
SARS-CoV2-5UTR-Amplicon-short-trimmed+3,119,a,0.1084
SARS-CoV2-5UTR-Amplicon-short-trimmed+3,120,a,0.0257
SARS-CoV2-5UTR-Amplicon-short-trimmed+3,121,c,0.0187
SARS-CoV2-5UTR-Amplicon-short-trimmed+3,122,t,0.1005
SARS-CoV2-5UTR-Amplicon-short-trimmed+3,123,c,0.2095
SARS-CoV2-5UTR-Amplicon-short-trimmed+3,124,g,0.1461
SARS-CoV2-5UTR-Amplicon-short-trimmed+3,125,t,0.2222
SARS-CoV2-5UTR-Amplicon-short-trimmed+3,126,c,0.1083
SARS-CoV2-5UTR-Amplicon-short-trimmed+3,127,t,0.1448
SARS-CoV2-5UTR-Amplicon-short-trimmed+3,128,a,0.2892
SARS-CoV2-5UTR-Amplicon-short-trimmed+3,129,t,1.3585
SARS-CoV2-5UTR-Amplicon-short-trimmed+3,130,c,0.1582
SARS-CoV2-5UTR-Amplicon-short-trimmed+3,131,t,0.2382
SARS-CoV2-5UTR-Amplicon-short-trimmed+3,132,t,0.3857
SARS-CoV2-5UTR-Amplicon-short-trimmed+3,133,c,0.378
SARS-CoV2-5UTR-Amplicon-short-trimmed+3,134,t,0.3042
SARS-CoV2-5UTR-Amplicon-short-trimmed+3,135,g,0.084
SARS-CoV2-5UTR-Amplicon-short-trimmed+3,136,c,0.3832
SARS-CoV2-5UTR-Amplicon-short-trimmed+3,137,a,0.3056
SARS-CoV2-5UTR-Amplicon-short-trimmed+3,138,g,0.0758
SARS-CoV2-5UTR-Amplicon-short-trimmed+3,139,g,0.2907
SARS-CoV2-5UTR-Amplicon-short-trimmed+3,140,c,0.1056
SARS-CoV2-5UTR-Amplicon-short-trimmed+3,141,t,0.3581
SARS-CoV2-5UTR-Amplicon-short-trimmed+3,142,g,0.5322
SARS-CoV2-5UTR-Amplicon-short-trimmed+3,143,c,0.064
SARS-CoV2-5UTR-Amplicon-short-trimmed+3,144,t,0.1193
SARS-CoV2-5UTR-Amplicon-short-trimmed+3,145,t,0.1831
SARS-CoV2-5UTR-Amplicon-short-trimmed+3,146,a,0.2575
SARS-CoV2-5UTR-Amplicon-short-trimmed+3,147,c,0.1553
SARS-CoV2-5UTR-Amplicon-short-trimmed+3,148,g,0.3557
SARS-CoV2-5UTR-Amplicon-short-trimmed+3,149,g,0.0881
SARS-CoV2-5UTR-Amplicon-short-trimmed+3,150,t,0.1642
SARS-CoV2-5UTR-Amplicon-short-trimmed+3,151,t,0.1623
SARS-CoV2-5UTR-Amplicon-short-trimmed+3,152,t,0.3128
SARS-CoV2-5UTR-Amplicon-short-trimmed+3,153,c,0.2435
SARS-CoV2-5UTR-Amplicon-short-trimmed+3,154,g,0.0873
SARS-CoV2-5UTR-Amplicon-short-trimmed+3,155,t,0.3225
SARS-CoV2-5UTR-Amplicon-short-trimmed+3,156,c,0.1375
SARS-CoV2-5UTR-Amplicon-short-trimmed+3,157,c,0.2245
SARS-CoV2-5UTR-Amplicon-short-trimmed+3,158,g,0.0884
SARS-CoV2-5UTR-Amplicon-short-trimmed+3,159,t,1.8208
SARS-CoV2-5UTR-Amplicon-short-trimmed+3,160,g,0.0534
SARS-CoV2-5UTR-Amplicon-short-trimmed+3,161,t,0.1153
SARS-CoV2-5UTR-Amplicon-short-trimmed+3,162,t,0.2097
SARS-CoV2-5UTR-Amplicon-short-trimmed+3,163,g,0.0754
SARS-CoV2-5UTR-Amplicon-short-trimmed+3,164,c,0.298
SARS-CoV2-5UTR-Amplicon-short-trimmed+3,165,a,0.172
SARS-CoV2-5UTR-Amplicon-short-trimmed+3,166,g,0.2423
SARS-CoV2-5UTR-Amplicon-short-trimmed+3,167,c,0.1209
SARS-CoV2-5UTR-Amplicon-short-trimmed+3,168,c,0.543
SARS-CoV2-5UTR-Amplicon-short-trimmed+3,169,g,0.1034
SARS-CoV2-5UTR-Amplicon-short-trimmed+3,170,a,0.166
SARS-CoV2-5UTR-Amplicon-short-trimmed+3,171,t,0.13
SARS-CoV2-5UTR-Amplicon-short-trimmed+3,172,c,0.2158
SARS-CoV2-5UTR-Amplicon-short-trimmed+3,173,a,0.0779
SARS-CoV2-5UTR-Amplicon-short-trimmed+3,174,t,0.1067
SARS-CoV2-5UTR-Amplicon-short-trimmed+3,175,c,0.2538
SARS-CoV2-5UTR-Amplicon-short-trimmed+3,176,a,0.1486
SARS-CoV2-5UTR-Amplicon-short-trimmed+3,177,g,0.0952
SARS-CoV2-5UTR-Amplicon-short-trimmed+3,178,c,0.6323
SARS-CoV2-5UTR-Amplicon-short-trimmed+3,179,a,0.152
SARS-CoV2-5UTR-Amplicon-short-trimmed+3,180,c,0.093
SARS-CoV2-5UTR-Amplicon-short-trimmed+3,181,a,0.1394
SARS-CoV2-5UTR-Amplicon-short-trimmed+3,182,t,0.162
SARS-CoV2-5UTR-Amplicon-short-trimmed+3,183,c,0.0887
SARS-CoV2-5UTR-Amplicon-short-trimmed+3,184,t,0.1111
SARS-CoV2-5UTR-Amplicon-short-trimmed+3,185,a,0.1702
SARS-CoV2-5UTR-Amplicon-short-trimmed+3,186,g,0.0445
SARS-CoV2-5UTR-Amplicon-short-trimmed+3,187,g,0.0363
SARS-CoV2-5UTR-Amplicon-short-trimmed+3,188,t,0.1218
SARS-CoV2-5UTR-Amplicon-short-trimmed+3,189,t,0.3362
SARS-CoV2-5UTR-Amplicon-short-trimmed+3,190,t,0.4909
SARS-CoV2-5UTR-Amplicon-short-trimmed+3,191,c,0.1397
SARS-CoV2-5UTR-Amplicon-short-trimmed+3,192,g,0.0636
SARS-CoV2-5UTR-Amplicon-short-trimmed+3,193,t,1.3818
SARS-CoV2-5UTR-Amplicon-short-trimmed+3,194,c,0.0616
SARS-CoV2-5UTR-Amplicon-short-trimmed+3,195,c,0.1334
SARS-CoV2-5UTR-Amplicon-short-trimmed+3,196,g,0.3306
SARS-CoV2-5UTR-Amplicon-short-trimmed+3,197,g,0.0934
SARS-CoV2-5UTR-Amplicon-short-trimmed+3,198,g,0.3489
SARS-CoV2-5UTR-Amplicon-short-trimmed+3,199,t,0.2414
SARS-CoV2-5UTR-Amplicon-short-trimmed+3,200,g,0.0736
SARS-CoV2-5UTR-Amplicon-short-trimmed+3,201,t,0.1431
SARS-CoV2-5UTR-Amplicon-short-trimmed+3,202,g,0.0882
SARS-CoV2-5UTR-Amplicon-short-trimmed+3,203,a,0.3106
SARS-CoV2-5UTR-Amplicon-short-trimmed+3,204,c,0.0884
SARS-CoV2-5UTR-Amplicon-short-trimmed+3,205,c,0.1052
SARS-CoV2-5UTR-Amplicon-short-trimmed+3,206,g,0.0635
SARS-CoV2-5UTR-Amplicon-short-trimmed+3,207,a,0.1155
SARS-CoV2-5UTR-Amplicon-short-trimmed+3,208,a,0.0692
SARS-CoV2-5UTR-Amplicon-short-trimmed+3,209,a,0.1516
SARS-CoV2-5UTR-Amplicon-short-trimmed+3,210,g,0.0936
SARS-CoV2-5UTR-Amplicon-short-trimmed+3,211,g,0.1111
SARS-CoV2-5UTR-Amplicon-short-trimmed+3,212,t,0.1575
SARS-CoV2-5UTR-Amplicon-short-trimmed+3,213,a,0.0562
SARS-CoV2-5UTR-Amplicon-short-trimmed+3,214,a,0.065
SARS-CoV2-5UTR-Amplicon-short-trimmed+3,215,g,0.059
SARS-CoV2-5UTR-Amplicon-short-trimmed+3,216,a,0.0504
SARS-CoV2-5UTR-Amplicon-short-trimmed+3,217,t,0.1237
SARS-CoV2-5UTR-Amplicon-short-trimmed+3,218,g,0.0504
SARS-CoV2-5UTR-Amplicon-short-trimmed+3,219,g,0.051
SARS-CoV2-5UTR-Amplicon-short-trimmed+3,220,a,0.1818
SARS-CoV2-5UTR-Amplicon-short-trimmed+3,221,g,0.1249
SARS-CoV2-5UTR-Amplicon-short-trimmed+3,222,a,0.062
SARS-CoV2-5UTR-Amplicon-short-trimmed+3,223,g,0.1598
SARS-CoV2-5UTR-Amplicon-short-trimmed+3,224,c,0.0483
SARS-CoV2-5UTR-Amplicon-short-trimmed+3,225,c,0.067
SARS-CoV2-5UTR-Amplicon-short-trimmed+3,226,t,0.0378
SARS-CoV2-5UTR-Amplicon-short-trimmed+3,227,t,0.3514
SARS-CoV2-5UTR-Amplicon-short-trimmed+3,228,g,0.0352
SARS-CoV2-5UTR-Amplicon-short-trimmed+3,229,t,0.1153
SARS-CoV2-5UTR-Amplicon-short-trimmed+3,230,c,0.0397
SARS-CoV2-5UTR-Amplicon-short-trimmed+3,231,c,0.0424
SARS-CoV2-5UTR-Amplicon-short-trimmed+3,232,c,0.0802
SARS-CoV2-5UTR-Amplicon-short-trimmed+3,233,t,0.1339
SARS-CoV2-5UTR-Amplicon-short-trimmed+3,234,g,0.049
SARS-CoV2-5UTR-Amplicon-short-trimmed+3,235,g,0.0354
SARS-CoV2-5UTR-Amplicon-short-trimmed+3,236,t,0.0376
SARS-CoV2-5UTR-Amplicon-short-trimmed+3,237,t,0.0742
SARS-CoV2-5UTR-Amplicon-short-trimmed+3,238,t,0.149
SARS-CoV2-5UTR-Amplicon-short-trimmed+3,239,c,0.5573
SARS-CoV2-5UTR-Amplicon-short-trimmed+3,240,a,0.0877
SARS-CoV2-5UTR-Amplicon-short-trimmed+3,241,a,0.0769
SARS-CoV2-5UTR-Amplicon-short-trimmed+3,242,c,0.0539
SARS-CoV2-5UTR-Amplicon-short-trimmed+3,243,g,0.014
SARS-CoV2-5UTR-Amplicon-short-trimmed+3,244,a,0.1969
SARS-CoV2-5UTR-Amplicon-short-trimmed+3,245,g,0.4828
SARS-CoV2-5UTR-Amplicon-short-trimmed+3,246,g,4.9911
SARS-CoV2-5UTR-Amplicon-short-trimmed+3,247,G,96.227
SARS-CoV2-5UTR-Amplicon-short-trimmed+3,248,A,99.85
SARS-CoV2-5UTR-Amplicon-short-trimmed+3,249,G,99.7861
