Region,Position,Ref_base,Mut_percentage
SARS-CoV2-5UTR-Amplicon-short-trimmed+3,1,T,99.8333
SARS-CoV2-5UTR-Amplicon-short-trimmed+3,2,T,99.8677
SARS-CoV2-5UTR-Amplicon-short-trimmed+3,3,G,99.9766
SARS-CoV2-5UTR-Amplicon-short-trimmed+3,4,t,99.9529
SARS-CoV2-5UTR-Amplicon-short-trimmed+3,5,a,0.0016
SARS-CoV2-5UTR-Amplicon-short-trimmed+3,6,g,0.0616
SARS-CoV2-5UTR-Amplicon-short-trimmed+3,7,a,0.014
SARS-CoV2-5UTR-Amplicon-short-trimmed+3,8,t,0.0084
SARS-CoV2-5UTR-Amplicon-short-trimmed+3,9,c,0.0031
SARS-CoV2-5UTR-Amplicon-short-trimmed+3,10,t,0.0049
SARS-CoV2-5UTR-Amplicon-short-trimmed+3,11,g,0.0766
SARS-CoV2-5UTR-Amplicon-short-trimmed+3,12,t,0.0189
SARS-CoV2-5UTR-Amplicon-short-trimmed+3,13,t,0.0177
SARS-CoV2-5UTR-Amplicon-short-trimmed+3,14,c,0.0076
SARS-CoV2-5UTR-Amplicon-short-trimmed+3,15,t,0.0305
SARS-CoV2-5UTR-Amplicon-short-trimmed+3,16,c,0.0173
SARS-CoV2-5UTR-Amplicon-short-trimmed+3,17,t,0.0192
SARS-CoV2-5UTR-Amplicon-short-trimmed+3,18,a,0.0405
SARS-CoV2-5UTR-Amplicon-short-trimmed+3,19,a,0.0108
SARS-CoV2-5UTR-Amplicon-short-trimmed+3,20,a,0.0132
SARS-CoV2-5UTR-Amplicon-short-trimmed+3,21,c,0.0071
SARS-CoV2-5UTR-Amplicon-short-trimmed+3,22,g,0.0137
SARS-CoV2-5UTR-Amplicon-short-trimmed+3,23,a,0.011
SARS-CoV2-5UTR-Amplicon-short-trimmed+3,24,a,0.007
SARS-CoV2-5UTR-Amplicon-short-trimmed+3,25,c,0.0464
SARS-CoV2-5UTR-Amplicon-short-trimmed+3,26,t,0.0334
SARS-CoV2-5UTR-Amplicon-short-trimmed+3,27,t,0.0517
SARS-CoV2-5UTR-Amplicon-short-trimmed+3,28,t,0.0051
SARS-CoV2-5UTR-Amplicon-short-trimmed+3,29,a,0.0076
SARS-CoV2-5UTR-Amplicon-short-trimmed+3,30,a,0.0177
SARS-CoV2-5UTR-Amplicon-short-trimmed+3,31,a,0.0596
SARS-CoV2-5UTR-Amplicon-short-trimmed+3,32,a,0.0138
SARS-CoV2-5UTR-Amplicon-short-trimmed+3,33,t,0.0147
SARS-CoV2-5UTR-Amplicon-short-trimmed+3,34,c,0.0048
SARS-CoV2-5UTR-Amplicon-short-trimmed+3,35,t,0.0129
SARS-CoV2-5UTR-Amplicon-short-trimmed+3,36,g,0.0108
SARS-CoV2-5UTR-Amplicon-short-trimmed+3,37,t,0.0243
SARS-CoV2-5UTR-Amplicon-short-trimmed+3,38,g,0.0083
SARS-CoV2-5UTR-Amplicon-short-trimmed+3,39,t,0.0217
SARS-CoV2-5UTR-Amplicon-short-trimmed+3,40,g,0.0106
SARS-CoV2-5UTR-Amplicon-short-trimmed+3,41,g,0.0205
SARS-CoV2-5UTR-Amplicon-short-trimmed+3,42,c,0.0065
SARS-CoV2-5UTR-Amplicon-short-trimmed+3,43,t,0.0599
SARS-CoV2-5UTR-Amplicon-short-trimmed+3,44,g,0.0267
SARS-CoV2-5UTR-Amplicon-short-trimmed+3,45,t,0.0358
SARS-CoV2-5UTR-Amplicon-short-trimmed+3,46,c,0.0057
SARS-CoV2-5UTR-Amplicon-short-trimmed+3,47,a,0.011
SARS-CoV2-5UTR-Amplicon-short-trimmed+3,48,c,0.0042
SARS-CoV2-5UTR-Amplicon-short-trimmed+3,49,t,0.0192
SARS-CoV2-5UTR-Amplicon-short-trimmed+3,50,c,0.0062
SARS-CoV2-5UTR-Amplicon-short-trimmed+3,51,g,0.0254
SARS-CoV2-5UTR-Amplicon-short-trimmed+3,52,g,0.0225
SARS-CoV2-5UTR-Amplicon-short-trimmed+3,53,c,0.0583
SARS-CoV2-5UTR-Amplicon-short-trimmed+3,54,t,0.0097
SARS-CoV2-5UTR-Amplicon-short-trimmed+3,55,g,0.0846
SARS-CoV2-5UTR-Amplicon-short-trimmed+3,56,c,0.0097
SARS-CoV2-5UTR-Amplicon-short-trimmed+3,57,g,0.0785
SARS-CoV2-5UTR-Amplicon-short-trimmed+3,58,t,0.0362
SARS-CoV2-5UTR-Amplicon-short-trimmed+3,59,g,0.0413
SARS-CoV2-5UTR-Amplicon-short-trimmed+3,60,c,0.0094
SARS-CoV2-5UTR-Amplicon-short-trimmed+3,61,t,0.032
SARS-CoV2-5UTR-Amplicon-short-trimmed+3,62,t,0.0173
SARS-CoV2-5UTR-Amplicon-short-trimmed+3,63,a,0.0134
SARS-CoV2-5UTR-Amplicon-short-trimmed+3,64,g,0.0086
SARS-CoV2-5UTR-Amplicon-short-trimmed+3,65,t,0.0128
SARS-CoV2-5UTR-Amplicon-short-trimmed+3,66,g,0.0385
SARS-CoV2-5UTR-Amplicon-short-trimmed+3,67,c,0.0103
SARS-CoV2-5UTR-Amplicon-short-trimmed+3,68,a,0.0302
SARS-CoV2-5UTR-Amplicon-short-trimmed+3,69,c,0.0103
SARS-CoV2-5UTR-Amplicon-short-trimmed+3,70,t,0.0134
SARS-CoV2-5UTR-Amplicon-short-trimmed+3,71,c,0.0212
SARS-CoV2-5UTR-Amplicon-short-trimmed+3,72,a,0.0267
SARS-CoV2-5UTR-Amplicon-short-trimmed+3,73,c,0.0089
SARS-CoV2-5UTR-Amplicon-short-trimmed+3,74,g,0.0179
SARS-CoV2-5UTR-Amplicon-short-trimmed+3,75,c,0.0031
SARS-CoV2-5UTR-Amplicon-short-trimmed+3,76,a,0.066
SARS-CoV2-5UTR-Amplicon-short-trimmed+3,77,g,0.0196
SARS-CoV2-5UTR-Amplicon-short-trimmed+3,78,t,0.0231
SARS-CoV2-5UTR-Amplicon-short-trimmed+3,79,a,0.0302
SARS-CoV2-5UTR-Amplicon-short-trimmed+3,80,t,0.0108
SARS-CoV2-5UTR-Amplicon-short-trimmed+3,81,a,0.0208
SARS-CoV2-5UTR-Amplicon-short-trimmed+3,82,a,0.0408
SARS-CoV2-5UTR-Amplicon-short-trimmed+3,83,t,0.0125
SARS-CoV2-5UTR-Amplicon-short-trimmed+3,84,t,0.0477
SARS-CoV2-5UTR-Amplicon-short-trimmed+3,85,a,0.0416
SARS-CoV2-5UTR-Amplicon-short-trimmed+3,86,a,0.032
SARS-CoV2-5UTR-Amplicon-short-trimmed+3,87,t,0.0113
SARS-CoV2-5UTR-Amplicon-short-trimmed+3,88,a,0.0327
SARS-CoV2-5UTR-Amplicon-short-trimmed+3,89,a,0.0288
SARS-CoV2-5UTR-Amplicon-short-trimmed+3,90,c,0.2869
SARS-CoV2-5UTR-Amplicon-short-trimmed+3,91,t,0.0623
SARS-CoV2-5UTR-Amplicon-short-trimmed+3,92,a,0.0301
SARS-CoV2-5UTR-Amplicon-short-trimmed+3,93,a,0.0279
SARS-CoV2-5UTR-Amplicon-short-trimmed+3,94,t,0.027
SARS-CoV2-5UTR-Amplicon-short-trimmed+3,95,t,0.0344
SARS-CoV2-5UTR-Amplicon-short-trimmed+3,96,a,0.0263
SARS-CoV2-5UTR-Amplicon-short-trimmed+3,97,c,0.0119
SARS-CoV2-5UTR-Amplicon-short-trimmed+3,98,t,0.2635
SARS-CoV2-5UTR-Amplicon-short-trimmed+3,99,g,0.0593
SARS-CoV2-5UTR-Amplicon-short-trimmed+3,100,t,0.0552
SARS-CoV2-5UTR-Amplicon-short-trimmed+3,101,c,0.009
SARS-CoV2-5UTR-Amplicon-short-trimmed+3,102,g,0.0374
SARS-CoV2-5UTR-Amplicon-short-trimmed+3,103,t,0.0424
SARS-CoV2-5UTR-Amplicon-short-trimmed+3,104,t,0.0772
SARS-CoV2-5UTR-Amplicon-short-trimmed+3,105,g,0.0331
SARS-CoV2-5UTR-Amplicon-short-trimmed+3,106,a,0.0443
SARS-CoV2-5UTR-Amplicon-short-trimmed+3,107,c,0.0214
SARS-CoV2-5UTR-Amplicon-short-trimmed+3,108,a,0.0504
SARS-CoV2-5UTR-Amplicon-short-trimmed+3,109,g,0.0389
SARS-CoV2-5UTR-Amplicon-short-trimmed+3,110,g,0.0311
SARS-CoV2-5UTR-Amplicon-short-trimmed+3,111,a,0.0273
SARS-CoV2-5UTR-Amplicon-short-trimmed+3,112,c,0.0302
SARS-CoV2-5UTR-Amplicon-short-trimmed+3,113,a,0.0674
SARS-CoV2-5UTR-Amplicon-short-trimmed+3,114,c,0.0182
SARS-CoV2-5UTR-Amplicon-short-trimmed+3,115,g,0.0324
SARS-CoV2-5UTR-Amplicon-short-trimmed+3,116,a,0.0305
SARS-CoV2-5UTR-Amplicon-short-trimmed+3,117,g,0.0141
SARS-CoV2-5UTR-Amplicon-short-trimmed+3,118,t,0.0788
SARS-CoV2-5UTR-Amplicon-short-trimmed+3,119,a,0.0868
SARS-CoV2-5UTR-Amplicon-short-trimmed+3,120,a,0.022
SARS-CoV2-5UTR-Amplicon-short-trimmed+3,121,c,0.0198
SARS-CoV2-5UTR-Amplicon-short-trimmed+3,122,t,0.0919
SARS-CoV2-5UTR-Amplicon-short-trimmed+3,123,c,0.1733
SARS-CoV2-5UTR-Amplicon-short-trimmed+3,124,g,0.1327
SARS-CoV2-5UTR-Amplicon-short-trimmed+3,125,t,0.1746
SARS-CoV2-5UTR-Amplicon-short-trimmed+3,126,c,0.0952
SARS-CoV2-5UTR-Amplicon-short-trimmed+3,127,t,0.1194
SARS-CoV2-5UTR-Amplicon-short-trimmed+3,128,a,0.2328
SARS-CoV2-5UTR-Amplicon-short-trimmed+3,129,t,1.111
SARS-CoV2-5UTR-Amplicon-short-trimmed+3,130,c,0.1244
SARS-CoV2-5UTR-Amplicon-short-trimmed+3,131,t,0.1944
SARS-CoV2-5UTR-Amplicon-short-trimmed+3,132,t,0.2925
SARS-CoV2-5UTR-Amplicon-short-trimmed+3,133,c,0.3024
SARS-CoV2-5UTR-Amplicon-short-trimmed+3,134,t,0.2405
SARS-CoV2-5UTR-Amplicon-short-trimmed+3,135,g,0.0714
SARS-CoV2-5UTR-Amplicon-short-trimmed+3,136,c,0.331
SARS-CoV2-5UTR-Amplicon-short-trimmed+3,137,a,0.2465
SARS-CoV2-5UTR-Amplicon-short-trimmed+3,138,g,0.0679
SARS-CoV2-5UTR-Amplicon-short-trimmed+3,139,g,0.2394
SARS-CoV2-5UTR-Amplicon-short-trimmed+3,140,c,0.0841
SARS-CoV2-5UTR-Amplicon-short-trimmed+3,141,t,0.3053
SARS-CoV2-5UTR-Amplicon-short-trimmed+3,142,g,0.425
SARS-CoV2-5UTR-Amplicon-short-trimmed+3,143,c,0.0562
SARS-CoV2-5UTR-Amplicon-short-trimmed+3,144,t,0.0986
SARS-CoV2-5UTR-Amplicon-short-trimmed+3,145,t,0.1455
SARS-CoV2-5UTR-Amplicon-short-trimmed+3,146,a,0.1984
SARS-CoV2-5UTR-Amplicon-short-trimmed+3,147,c,0.1282
SARS-CoV2-5UTR-Amplicon-short-trimmed+3,148,g,0.3279
SARS-CoV2-5UTR-Amplicon-short-trimmed+3,149,g,0.0691
SARS-CoV2-5UTR-Amplicon-short-trimmed+3,150,t,0.1555
SARS-CoV2-5UTR-Amplicon-short-trimmed+3,151,t,0.1318
SARS-CoV2-5UTR-Amplicon-short-trimmed+3,152,t,0.2481
SARS-CoV2-5UTR-Amplicon-short-trimmed+3,153,c,0.2187
SARS-CoV2-5UTR-Amplicon-short-trimmed+3,154,g,0.0787
SARS-CoV2-5UTR-Amplicon-short-trimmed+3,155,t,0.2659
SARS-CoV2-5UTR-Amplicon-short-trimmed+3,156,c,0.1269
SARS-CoV2-5UTR-Amplicon-short-trimmed+3,157,c,0.2011
SARS-CoV2-5UTR-Amplicon-short-trimmed+3,158,g,0.0751
SARS-CoV2-5UTR-Amplicon-short-trimmed+3,159,t,1.5284
SARS-CoV2-5UTR-Amplicon-short-trimmed+3,160,g,0.0528
SARS-CoV2-5UTR-Amplicon-short-trimmed+3,161,t,0.1005
SARS-CoV2-5UTR-Amplicon-short-trimmed+3,162,t,0.1801
SARS-CoV2-5UTR-Amplicon-short-trimmed+3,163,g,0.0658
SARS-CoV2-5UTR-Amplicon-short-trimmed+3,164,c,0.2352
SARS-CoV2-5UTR-Amplicon-short-trimmed+3,165,a,0.1417
SARS-CoV2-5UTR-Amplicon-short-trimmed+3,166,g,0.2106
SARS-CoV2-5UTR-Amplicon-short-trimmed+3,167,c,0.1125
SARS-CoV2-5UTR-Amplicon-short-trimmed+3,168,c,0.5068
SARS-CoV2-5UTR-Amplicon-short-trimmed+3,169,g,0.0817
SARS-CoV2-5UTR-Amplicon-short-trimmed+3,170,a,0.146
SARS-CoV2-5UTR-Amplicon-short-trimmed+3,171,t,0.1059
SARS-CoV2-5UTR-Amplicon-short-trimmed+3,172,c,0.1919
SARS-CoV2-5UTR-Amplicon-short-trimmed+3,173,a,0.0647
SARS-CoV2-5UTR-Amplicon-short-trimmed+3,174,t,0.0868
SARS-CoV2-5UTR-Amplicon-short-trimmed+3,175,c,0.213
SARS-CoV2-5UTR-Amplicon-short-trimmed+3,176,a,0.1178
SARS-CoV2-5UTR-Amplicon-short-trimmed+3,177,g,0.0769
SARS-CoV2-5UTR-Amplicon-short-trimmed+3,178,c,0.5717
SARS-CoV2-5UTR-Amplicon-short-trimmed+3,179,a,0.1259
SARS-CoV2-5UTR-Amplicon-short-trimmed+3,180,c,0.0792
SARS-CoV2-5UTR-Amplicon-short-trimmed+3,181,a,0.1123
SARS-CoV2-5UTR-Amplicon-short-trimmed+3,182,t,0.1318
SARS-CoV2-5UTR-Amplicon-short-trimmed+3,183,c,0.0744
SARS-CoV2-5UTR-Amplicon-short-trimmed+3,184,t,0.0992
SARS-CoV2-5UTR-Amplicon-short-trimmed+3,185,a,0.1486
SARS-CoV2-5UTR-Amplicon-short-trimmed+3,186,g,0.0407
SARS-CoV2-5UTR-Amplicon-short-trimmed+3,187,g,0.0347
SARS-CoV2-5UTR-Amplicon-short-trimmed+3,188,t,0.1086
SARS-CoV2-5UTR-Amplicon-short-trimmed+3,189,t,0.2898
SARS-CoV2-5UTR-Amplicon-short-trimmed+3,190,t,0.4057
SARS-CoV2-5UTR-Amplicon-short-trimmed+3,191,c,0.1211
SARS-CoV2-5UTR-Amplicon-short-trimmed+3,192,g,0.0582
SARS-CoV2-5UTR-Amplicon-short-trimmed+3,193,t,1.181
SARS-CoV2-5UTR-Amplicon-short-trimmed+3,194,c,0.0588
SARS-CoV2-5UTR-Amplicon-short-trimmed+3,195,c,0.1178
SARS-CoV2-5UTR-Amplicon-short-trimmed+3,196,g,0.3155
SARS-CoV2-5UTR-Amplicon-short-trimmed+3,197,g,0.0808
SARS-CoV2-5UTR-Amplicon-short-trimmed+3,198,g,0.3657
SARS-CoV2-5UTR-Amplicon-short-trimmed+3,199,t,0.2277
SARS-CoV2-5UTR-Amplicon-short-trimmed+3,200,g,0.0571
SARS-CoV2-5UTR-Amplicon-short-trimmed+3,201,t,0.1248
SARS-CoV2-5UTR-Amplicon-short-trimmed+3,202,g,0.0807
SARS-CoV2-5UTR-Amplicon-short-trimmed+3,203,a,0.2569
SARS-CoV2-5UTR-Amplicon-short-trimmed+3,204,c,0.0754
SARS-CoV2-5UTR-Amplicon-short-trimmed+3,205,c,0.0884
SARS-CoV2-5UTR-Amplicon-short-trimmed+3,206,g,0.0634
SARS-CoV2-5UTR-Amplicon-short-trimmed+3,207,a,0.1005
SARS-CoV2-5UTR-Amplicon-short-trimmed+3,208,a,0.0594
SARS-CoV2-5UTR-Amplicon-short-trimmed+3,209,a,0.1353
SARS-CoV2-5UTR-Amplicon-short-trimmed+3,210,g,0.0778
SARS-CoV2-5UTR-Amplicon-short-trimmed+3,211,g,0.1155
SARS-CoV2-5UTR-Amplicon-short-trimmed+3,212,t,0.1366
SARS-CoV2-5UTR-Amplicon-short-trimmed+3,213,a,0.0453
SARS-CoV2-5UTR-Amplicon-short-trimmed+3,214,a,0.05
SARS-CoV2-5UTR-Amplicon-short-trimmed+3,215,g,0.062
SARS-CoV2-5UTR-Amplicon-short-trimmed+3,216,a,0.0374
SARS-CoV2-5UTR-Amplicon-short-trimmed+3,217,t,0.1205
SARS-CoV2-5UTR-Amplicon-short-trimmed+3,218,g,0.041
SARS-CoV2-5UTR-Amplicon-short-trimmed+3,219,g,0.0487
SARS-CoV2-5UTR-Amplicon-short-trimmed+3,220,a,0.1739
SARS-CoV2-5UTR-Amplicon-short-trimmed+3,221,g,0.1202
SARS-CoV2-5UTR-Amplicon-short-trimmed+3,222,a,0.0544
SARS-CoV2-5UTR-Amplicon-short-trimmed+3,223,g,0.134
SARS-CoV2-5UTR-Amplicon-short-trimmed+3,224,c,0.0471
SARS-CoV2-5UTR-Amplicon-short-trimmed+3,225,c,0.0648
SARS-CoV2-5UTR-Amplicon-short-trimmed+3,226,t,0.0331
SARS-CoV2-5UTR-Amplicon-short-trimmed+3,227,t,0.3092
SARS-CoV2-5UTR-Amplicon-short-trimmed+3,228,g,0.038
SARS-CoV2-5UTR-Amplicon-short-trimmed+3,229,t,0.0956
SARS-CoV2-5UTR-Amplicon-short-trimmed+3,230,c,0.0398
SARS-CoV2-5UTR-Amplicon-short-trimmed+3,231,c,0.041
SARS-CoV2-5UTR-Amplicon-short-trimmed+3,232,c,0.0741
SARS-CoV2-5UTR-Amplicon-short-trimmed+3,233,t,0.1048
SARS-CoV2-5UTR-Amplicon-short-trimmed+3,234,g,0.0467
SARS-CoV2-5UTR-Amplicon-short-trimmed+3,235,g,0.033
SARS-CoV2-5UTR-Amplicon-short-trimmed+3,236,t,0.0428
SARS-CoV2-5UTR-Amplicon-short-trimmed+3,237,t,0.0679
SARS-CoV2-5UTR-Amplicon-short-trimmed+3,238,t,0.131
SARS-CoV2-5UTR-Amplicon-short-trimmed+3,239,c,0.5356
SARS-CoV2-5UTR-Amplicon-short-trimmed+3,240,a,0.0782
SARS-CoV2-5UTR-Amplicon-short-trimmed+3,241,a,0.0632
SARS-CoV2-5UTR-Amplicon-short-trimmed+3,242,c,0.0527
SARS-CoV2-5UTR-Amplicon-short-trimmed+3,243,g,0.0136
SARS-CoV2-5UTR-Amplicon-short-trimmed+3,244,a,0.1779
SARS-CoV2-5UTR-Amplicon-short-trimmed+3,245,g,0.4905
SARS-CoV2-5UTR-Amplicon-short-trimmed+3,246,g,5.182
SARS-CoV2-5UTR-Amplicon-short-trimmed+3,247,G,96.0769
SARS-CoV2-5UTR-Amplicon-short-trimmed+3,248,A,99.8627
SARS-CoV2-5UTR-Amplicon-short-trimmed+3,249,G,99.7827
