Region,Position,Ref_base,Mut_percentage
SARS-CoV2-5UTR-Amplicon-short-trimmed+3,1,T,99.8388
SARS-CoV2-5UTR-Amplicon-short-trimmed+3,2,T,99.8599
SARS-CoV2-5UTR-Amplicon-short-trimmed+3,3,G,99.9656
SARS-CoV2-5UTR-Amplicon-short-trimmed+3,4,t,99.9443
SARS-CoV2-5UTR-Amplicon-short-trimmed+3,5,a,0.0022
SARS-CoV2-5UTR-Amplicon-short-trimmed+3,6,g,0.1313
SARS-CoV2-5UTR-Amplicon-short-trimmed+3,7,a,0.0084
SARS-CoV2-5UTR-Amplicon-short-trimmed+3,8,t,0.0101
SARS-CoV2-5UTR-Amplicon-short-trimmed+3,9,c,0.0046
SARS-CoV2-5UTR-Amplicon-short-trimmed+3,10,t,0.0056
SARS-CoV2-5UTR-Amplicon-short-trimmed+3,11,g,0.1164
SARS-CoV2-5UTR-Amplicon-short-trimmed+3,12,t,0.0158
SARS-CoV2-5UTR-Amplicon-short-trimmed+3,13,t,0.0175
SARS-CoV2-5UTR-Amplicon-short-trimmed+3,14,c,0.008
SARS-CoV2-5UTR-Amplicon-short-trimmed+3,15,t,0.0374
SARS-CoV2-5UTR-Amplicon-short-trimmed+3,16,c,0.0227
SARS-CoV2-5UTR-Amplicon-short-trimmed+3,17,t,0.0171
SARS-CoV2-5UTR-Amplicon-short-trimmed+3,18,a,0.0381
SARS-CoV2-5UTR-Amplicon-short-trimmed+3,19,a,0.0065
SARS-CoV2-5UTR-Amplicon-short-trimmed+3,20,a,0.0091
SARS-CoV2-5UTR-Amplicon-short-trimmed+3,21,c,0.0087
SARS-CoV2-5UTR-Amplicon-short-trimmed+3,22,g,0.0118
SARS-CoV2-5UTR-Amplicon-short-trimmed+3,23,a,0.0043
SARS-CoV2-5UTR-Amplicon-short-trimmed+3,24,a,0.0074
SARS-CoV2-5UTR-Amplicon-short-trimmed+3,25,c,0.187
SARS-CoV2-5UTR-Amplicon-short-trimmed+3,26,t,0.0389
SARS-CoV2-5UTR-Amplicon-short-trimmed+3,27,t,0.0626
SARS-CoV2-5UTR-Amplicon-short-trimmed+3,28,t,0.0042
SARS-CoV2-5UTR-Amplicon-short-trimmed+3,29,a,0.0099
SARS-CoV2-5UTR-Amplicon-short-trimmed+3,30,a,0.0111
SARS-CoV2-5UTR-Amplicon-short-trimmed+3,31,a,0.0466
SARS-CoV2-5UTR-Amplicon-short-trimmed+3,32,a,0.0118
SARS-CoV2-5UTR-Amplicon-short-trimmed+3,33,t,0.012
SARS-CoV2-5UTR-Amplicon-short-trimmed+3,34,c,0.0063
SARS-CoV2-5UTR-Amplicon-short-trimmed+3,35,t,0.0161
SARS-CoV2-5UTR-Amplicon-short-trimmed+3,36,g,0.0199
SARS-CoV2-5UTR-Amplicon-short-trimmed+3,37,t,0.0198
SARS-CoV2-5UTR-Amplicon-short-trimmed+3,38,g,0.0137
SARS-CoV2-5UTR-Amplicon-short-trimmed+3,39,t,0.0139
SARS-CoV2-5UTR-Amplicon-short-trimmed+3,40,g,0.0189
SARS-CoV2-5UTR-Amplicon-short-trimmed+3,41,g,0.0473
SARS-CoV2-5UTR-Amplicon-short-trimmed+3,42,c,0.0091
SARS-CoV2-5UTR-Amplicon-short-trimmed+3,43,t,0.0721
SARS-CoV2-5UTR-Amplicon-short-trimmed+3,44,g,0.0351
SARS-CoV2-5UTR-Amplicon-short-trimmed+3,45,t,0.0346
SARS-CoV2-5UTR-Amplicon-short-trimmed+3,46,c,0.01
SARS-CoV2-5UTR-Amplicon-short-trimmed+3,47,a,0.0075
SARS-CoV2-5UTR-Amplicon-short-trimmed+3,48,c,0.0062
SARS-CoV2-5UTR-Amplicon-short-trimmed+3,49,t,0.0206
SARS-CoV2-5UTR-Amplicon-short-trimmed+3,50,c,0.0074
SARS-CoV2-5UTR-Amplicon-short-trimmed+3,51,g,0.0402
SARS-CoV2-5UTR-Amplicon-short-trimmed+3,52,g,0.0346
SARS-CoV2-5UTR-Amplicon-short-trimmed+3,53,c,0.0702
SARS-CoV2-5UTR-Amplicon-short-trimmed+3,54,t,0.014
SARS-CoV2-5UTR-Amplicon-short-trimmed+3,55,g,0.1113
SARS-CoV2-5UTR-Amplicon-short-trimmed+3,56,c,0.0148
SARS-CoV2-5UTR-Amplicon-short-trimmed+3,57,g,0.1223
SARS-CoV2-5UTR-Amplicon-short-trimmed+3,58,t,0.0265
SARS-CoV2-5UTR-Amplicon-short-trimmed+3,59,g,0.0602
SARS-CoV2-5UTR-Amplicon-short-trimmed+3,60,c,0.0108
SARS-CoV2-5UTR-Amplicon-short-trimmed+3,61,t,0.0283
SARS-CoV2-5UTR-Amplicon-short-trimmed+3,62,t,0.0174
SARS-CoV2-5UTR-Amplicon-short-trimmed+3,63,a,0.0097
SARS-CoV2-5UTR-Amplicon-short-trimmed+3,64,g,0.0129
SARS-CoV2-5UTR-Amplicon-short-trimmed+3,65,t,0.0088
SARS-CoV2-5UTR-Amplicon-short-trimmed+3,66,g,0.043
SARS-CoV2-5UTR-Amplicon-short-trimmed+3,67,c,0.0202
SARS-CoV2-5UTR-Amplicon-short-trimmed+3,68,a,0.0197
SARS-CoV2-5UTR-Amplicon-short-trimmed+3,69,c,0.0123
SARS-CoV2-5UTR-Amplicon-short-trimmed+3,70,t,0.015
SARS-CoV2-5UTR-Amplicon-short-trimmed+3,71,c,0.0251
SARS-CoV2-5UTR-Amplicon-short-trimmed+3,72,a,0.0203
SARS-CoV2-5UTR-Amplicon-short-trimmed+3,73,c,0.0087
SARS-CoV2-5UTR-Amplicon-short-trimmed+3,74,g,0.0353
SARS-CoV2-5UTR-Amplicon-short-trimmed+3,75,c,0.004
SARS-CoV2-5UTR-Amplicon-short-trimmed+3,76,a,0.0484
SARS-CoV2-5UTR-Amplicon-short-trimmed+3,77,g,0.0202
SARS-CoV2-5UTR-Amplicon-short-trimmed+3,78,t,0.0148
SARS-CoV2-5UTR-Amplicon-short-trimmed+3,79,a,0.0186
SARS-CoV2-5UTR-Amplicon-short-trimmed+3,80,t,0.005
SARS-CoV2-5UTR-Amplicon-short-trimmed+3,81,a,0.0137
SARS-CoV2-5UTR-Amplicon-short-trimmed+3,82,a,0.0285
SARS-CoV2-5UTR-Amplicon-short-trimmed+3,83,t,0.0077
SARS-CoV2-5UTR-Amplicon-short-trimmed+3,84,t,0.0299
SARS-CoV2-5UTR-Amplicon-short-trimmed+3,85,a,0.0302
SARS-CoV2-5UTR-Amplicon-short-trimmed+3,86,a,0.0222
SARS-CoV2-5UTR-Amplicon-short-trimmed+3,87,t,0.0087
SARS-CoV2-5UTR-Amplicon-short-trimmed+3,88,a,0.0155
SARS-CoV2-5UTR-Amplicon-short-trimmed+3,89,a,0.0183
SARS-CoV2-5UTR-Amplicon-short-trimmed+3,90,c,0.2831
SARS-CoV2-5UTR-Amplicon-short-trimmed+3,91,t,0.0559
SARS-CoV2-5UTR-Amplicon-short-trimmed+3,92,a,0.0163
SARS-CoV2-5UTR-Amplicon-short-trimmed+3,93,a,0.0209
SARS-CoV2-5UTR-Amplicon-short-trimmed+3,94,t,0.0179
SARS-CoV2-5UTR-Amplicon-short-trimmed+3,95,t,0.0204
SARS-CoV2-5UTR-Amplicon-short-trimmed+3,96,a,0.0161
SARS-CoV2-5UTR-Amplicon-short-trimmed+3,97,c,0.0113
SARS-CoV2-5UTR-Amplicon-short-trimmed+3,98,t,0.2574
SARS-CoV2-5UTR-Amplicon-short-trimmed+3,99,g,0.0616
SARS-CoV2-5UTR-Amplicon-short-trimmed+3,100,t,0.0378
SARS-CoV2-5UTR-Amplicon-short-trimmed+3,101,c,0.0139
SARS-CoV2-5UTR-Amplicon-short-trimmed+3,102,g,0.0504
SARS-CoV2-5UTR-Amplicon-short-trimmed+3,103,t,0.0271
SARS-CoV2-5UTR-Amplicon-short-trimmed+3,104,t,0.0596
SARS-CoV2-5UTR-Amplicon-short-trimmed+3,105,g,0.0418
SARS-CoV2-5UTR-Amplicon-short-trimmed+3,106,a,0.0242
SARS-CoV2-5UTR-Amplicon-short-trimmed+3,107,c,0.0203
SARS-CoV2-5UTR-Amplicon-short-trimmed+3,108,a,0.0366
SARS-CoV2-5UTR-Amplicon-short-trimmed+3,109,g,0.0508
SARS-CoV2-5UTR-Amplicon-short-trimmed+3,110,g,0.0305
SARS-CoV2-5UTR-Amplicon-short-trimmed+3,111,a,0.0189
SARS-CoV2-5UTR-Amplicon-short-trimmed+3,112,c,0.0262
SARS-CoV2-5UTR-Amplicon-short-trimmed+3,113,a,0.0341
SARS-CoV2-5UTR-Amplicon-short-trimmed+3,114,c,0.0196
SARS-CoV2-5UTR-Amplicon-short-trimmed+3,115,g,0.0241
SARS-CoV2-5UTR-Amplicon-short-trimmed+3,116,a,0.0162
SARS-CoV2-5UTR-Amplicon-short-trimmed+3,117,g,0.0156
SARS-CoV2-5UTR-Amplicon-short-trimmed+3,118,t,0.0469
SARS-CoV2-5UTR-Amplicon-short-trimmed+3,119,a,0.0508
SARS-CoV2-5UTR-Amplicon-short-trimmed+3,120,a,0.0142
SARS-CoV2-5UTR-Amplicon-short-trimmed+3,121,c,0.0148
SARS-CoV2-5UTR-Amplicon-short-trimmed+3,122,t,0.0691
SARS-CoV2-5UTR-Amplicon-short-trimmed+3,123,c,0.174
SARS-CoV2-5UTR-Amplicon-short-trimmed+3,124,g,0.1814
SARS-CoV2-5UTR-Amplicon-short-trimmed+3,125,t,0.1971
SARS-CoV2-5UTR-Amplicon-short-trimmed+3,126,c,0.0852
SARS-CoV2-5UTR-Amplicon-short-trimmed+3,127,t,0.0857
SARS-CoV2-5UTR-Amplicon-short-trimmed+3,128,a,0.1724
SARS-CoV2-5UTR-Amplicon-short-trimmed+3,129,t,0.8038
SARS-CoV2-5UTR-Amplicon-short-trimmed+3,130,c,0.0954
SARS-CoV2-5UTR-Amplicon-short-trimmed+3,131,t,0.1465
SARS-CoV2-5UTR-Amplicon-short-trimmed+3,132,t,0.2249
SARS-CoV2-5UTR-Amplicon-short-trimmed+3,133,c,0.2343
SARS-CoV2-5UTR-Amplicon-short-trimmed+3,134,t,0.1756
SARS-CoV2-5UTR-Amplicon-short-trimmed+3,135,g,0.1818
SARS-CoV2-5UTR-Amplicon-short-trimmed+3,136,c,0.3789
SARS-CoV2-5UTR-Amplicon-short-trimmed+3,137,a,0.1991
SARS-CoV2-5UTR-Amplicon-short-trimmed+3,138,g,0.0907
SARS-CoV2-5UTR-Amplicon-short-trimmed+3,139,g,0.2524
SARS-CoV2-5UTR-Amplicon-short-trimmed+3,140,c,0.0972
SARS-CoV2-5UTR-Amplicon-short-trimmed+3,141,t,0.2312
SARS-CoV2-5UTR-Amplicon-short-trimmed+3,142,g,0.3855
SARS-CoV2-5UTR-Amplicon-short-trimmed+3,143,c,0.0891
SARS-CoV2-5UTR-Amplicon-short-trimmed+3,144,t,0.0818
SARS-CoV2-5UTR-Amplicon-short-trimmed+3,145,t,0.109
SARS-CoV2-5UTR-Amplicon-short-trimmed+3,146,a,0.1555
SARS-CoV2-5UTR-Amplicon-short-trimmed+3,147,c,0.1339
SARS-CoV2-5UTR-Amplicon-short-trimmed+3,148,g,0.407
SARS-CoV2-5UTR-Amplicon-short-trimmed+3,149,g,0.1895
SARS-CoV2-5UTR-Amplicon-short-trimmed+3,150,t,0.1368
SARS-CoV2-5UTR-Amplicon-short-trimmed+3,151,t,0.1118
SARS-CoV2-5UTR-Amplicon-short-trimmed+3,152,t,0.1771
SARS-CoV2-5UTR-Amplicon-short-trimmed+3,153,c,0.1898
SARS-CoV2-5UTR-Amplicon-short-trimmed+3,154,g,0.0939
SARS-CoV2-5UTR-Amplicon-short-trimmed+3,155,t,0.2814
SARS-CoV2-5UTR-Amplicon-short-trimmed+3,156,c,0.1885
SARS-CoV2-5UTR-Amplicon-short-trimmed+3,157,c,0.1785
SARS-CoV2-5UTR-Amplicon-short-trimmed+3,158,g,0.1672
SARS-CoV2-5UTR-Amplicon-short-trimmed+3,159,t,1.1554
SARS-CoV2-5UTR-Amplicon-short-trimmed+3,160,g,0.1121
SARS-CoV2-5UTR-Amplicon-short-trimmed+3,161,t,0.1136
SARS-CoV2-5UTR-Amplicon-short-trimmed+3,162,t,0.1437
SARS-CoV2-5UTR-Amplicon-short-trimmed+3,163,g,0.1193
SARS-CoV2-5UTR-Amplicon-short-trimmed+3,164,c,0.2434
SARS-CoV2-5UTR-Amplicon-short-trimmed+3,165,a,0.197
SARS-CoV2-5UTR-Amplicon-short-trimmed+3,166,g,0.4479
SARS-CoV2-5UTR-Amplicon-short-trimmed+3,167,c,0.2877
SARS-CoV2-5UTR-Amplicon-short-trimmed+3,168,c,0.5127
SARS-CoV2-5UTR-Amplicon-short-trimmed+3,169,g,0.0903
SARS-CoV2-5UTR-Amplicon-short-trimmed+3,170,a,0.1114
SARS-CoV2-5UTR-Amplicon-short-trimmed+3,171,t,0.1129
SARS-CoV2-5UTR-Amplicon-short-trimmed+3,172,c,0.1634
SARS-CoV2-5UTR-Amplicon-short-trimmed+3,173,a,0.048
SARS-CoV2-5UTR-Amplicon-short-trimmed+3,174,t,0.0697
SARS-CoV2-5UTR-Amplicon-short-trimmed+3,175,c,0.1956
SARS-CoV2-5UTR-Amplicon-short-trimmed+3,176,a,0.1123
SARS-CoV2-5UTR-Amplicon-short-trimmed+3,177,g,0.1989
SARS-CoV2-5UTR-Amplicon-short-trimmed+3,178,c,0.55
SARS-CoV2-5UTR-Amplicon-short-trimmed+3,179,a,0.0901
SARS-CoV2-5UTR-Amplicon-short-trimmed+3,180,c,0.0777
SARS-CoV2-5UTR-Amplicon-short-trimmed+3,181,a,0.0741
SARS-CoV2-5UTR-Amplicon-short-trimmed+3,182,t,0.1316
SARS-CoV2-5UTR-Amplicon-short-trimmed+3,183,c,0.0651
SARS-CoV2-5UTR-Amplicon-short-trimmed+3,184,t,0.0853
SARS-CoV2-5UTR-Amplicon-short-trimmed+3,185,a,0.153
SARS-CoV2-5UTR-Amplicon-short-trimmed+3,186,g,0.1079
SARS-CoV2-5UTR-Amplicon-short-trimmed+3,187,g,0.107
SARS-CoV2-5UTR-Amplicon-short-trimmed+3,188,t,0.1204
SARS-CoV2-5UTR-Amplicon-short-trimmed+3,189,t,0.2497
SARS-CoV2-5UTR-Amplicon-short-trimmed+3,190,t,0.303
SARS-CoV2-5UTR-Amplicon-short-trimmed+3,191,c,0.1149
SARS-CoV2-5UTR-Amplicon-short-trimmed+3,192,g,0.0821
SARS-CoV2-5UTR-Amplicon-short-trimmed+3,193,t,0.9672
SARS-CoV2-5UTR-Amplicon-short-trimmed+3,194,c,0.1166
SARS-CoV2-5UTR-Amplicon-short-trimmed+3,195,c,0.1525
SARS-CoV2-5UTR-Amplicon-short-trimmed+3,196,g,0.3557
SARS-CoV2-5UTR-Amplicon-short-trimmed+3,197,g,0.1918
SARS-CoV2-5UTR-Amplicon-short-trimmed+3,198,g,0.4961
SARS-CoV2-5UTR-Amplicon-short-trimmed+3,199,t,0.2254
SARS-CoV2-5UTR-Amplicon-short-trimmed+3,200,g,0.1294
SARS-CoV2-5UTR-Amplicon-short-trimmed+3,201,t,0.1011
SARS-CoV2-5UTR-Amplicon-short-trimmed+3,202,g,0.1005
SARS-CoV2-5UTR-Amplicon-short-trimmed+3,203,a,0.2732
SARS-CoV2-5UTR-Amplicon-short-trimmed+3,204,c,0.1077
SARS-CoV2-5UTR-Amplicon-short-trimmed+3,205,c,0.0902
SARS-CoV2-5UTR-Amplicon-short-trimmed+3,206,g,0.1522
SARS-CoV2-5UTR-Amplicon-short-trimmed+3,207,a,0.0992
SARS-CoV2-5UTR-Amplicon-short-trimmed+3,208,a,0.0503
SARS-CoV2-5UTR-Amplicon-short-trimmed+3,209,a,0.13
SARS-CoV2-5UTR-Amplicon-short-trimmed+3,210,g,0.1872
SARS-CoV2-5UTR-Amplicon-short-trimmed+3,211,g,0.19
SARS-CoV2-5UTR-Amplicon-short-trimmed+3,212,t,0.1132
SARS-CoV2-5UTR-Amplicon-short-trimmed+3,213,a,0.0545
SARS-CoV2-5UTR-Amplicon-short-trimmed+3,214,a,0.0647
SARS-CoV2-5UTR-Amplicon-short-trimmed+3,215,g,0.0636
SARS-CoV2-5UTR-Amplicon-short-trimmed+3,216,a,0.0393
SARS-CoV2-5UTR-Amplicon-short-trimmed+3,217,t,0.1083
SARS-CoV2-5UTR-Amplicon-short-trimmed+3,218,g,0.0956
SARS-CoV2-5UTR-Amplicon-short-trimmed+3,219,g,0.0614
SARS-CoV2-5UTR-Amplicon-short-trimmed+3,220,a,0.2184
SARS-CoV2-5UTR-Amplicon-short-trimmed+3,221,g,0.1392
SARS-CoV2-5UTR-Amplicon-short-trimmed+3,222,a,0.0663
SARS-CoV2-5UTR-Amplicon-short-trimmed+3,223,g,0.2915
SARS-CoV2-5UTR-Amplicon-short-trimmed+3,224,c,0.0755
SARS-CoV2-5UTR-Amplicon-short-trimmed+3,225,c,0.0593
SARS-CoV2-5UTR-Amplicon-short-trimmed+3,226,t,0.0513
SARS-CoV2-5UTR-Amplicon-short-trimmed+3,227,t,0.2542
SARS-CoV2-5UTR-Amplicon-short-trimmed+3,228,g,0.0386
SARS-CoV2-5UTR-Amplicon-short-trimmed+3,229,t,0.1154
SARS-CoV2-5UTR-Amplicon-short-trimmed+3,230,c,0.0644
SARS-CoV2-5UTR-Amplicon-short-trimmed+3,231,c,0.0528
SARS-CoV2-5UTR-Amplicon-short-trimmed+3,232,c,0.0871
SARS-CoV2-5UTR-Amplicon-short-trimmed+3,233,t,0.1634
SARS-CoV2-5UTR-Amplicon-short-trimmed+3,234,g,0.1252
SARS-CoV2-5UTR-Amplicon-short-trimmed+3,235,g,0.1465
SARS-CoV2-5UTR-Amplicon-short-trimmed+3,236,t,0.0681
SARS-CoV2-5UTR-Amplicon-short-trimmed+3,237,t,0.0538
SARS-CoV2-5UTR-Amplicon-short-trimmed+3,238,t,0.1024
SARS-CoV2-5UTR-Amplicon-short-trimmed+3,239,c,0.6283
SARS-CoV2-5UTR-Amplicon-short-trimmed+3,240,a,0.0894
SARS-CoV2-5UTR-Amplicon-short-trimmed+3,241,a,0.0697
SARS-CoV2-5UTR-Amplicon-short-trimmed+3,242,c,0.0836
SARS-CoV2-5UTR-Amplicon-short-trimmed+3,243,g,0.0148
SARS-CoV2-5UTR-Amplicon-short-trimmed+3,244,a,0.1813
SARS-CoV2-5UTR-Amplicon-short-trimmed+3,245,g,0.5309
SARS-CoV2-5UTR-Amplicon-short-trimmed+3,246,g,5.4924
SARS-CoV2-5UTR-Amplicon-short-trimmed+3,247,G,95.8059
SARS-CoV2-5UTR-Amplicon-short-trimmed+3,248,A,99.8746
SARS-CoV2-5UTR-Amplicon-short-trimmed+3,249,G,99.7618
