Region,Position,Ref_base,Mut_percentage
SARS-CoV2-5UTR-Amplicon-short-trimmed+3,1,T,99.8308
SARS-CoV2-5UTR-Amplicon-short-trimmed+3,2,T,99.8597
SARS-CoV2-5UTR-Amplicon-short-trimmed+3,3,G,99.9738
SARS-CoV2-5UTR-Amplicon-short-trimmed+3,4,t,99.9383
SARS-CoV2-5UTR-Amplicon-short-trimmed+3,5,a,0.0035
SARS-CoV2-5UTR-Amplicon-short-trimmed+3,6,g,0.0592
SARS-CoV2-5UTR-Amplicon-short-trimmed+3,7,a,0.0127
SARS-CoV2-5UTR-Amplicon-short-trimmed+3,8,t,0.0148
SARS-CoV2-5UTR-Amplicon-short-trimmed+3,9,c,0.0041
SARS-CoV2-5UTR-Amplicon-short-trimmed+3,10,t,0.0058
SARS-CoV2-5UTR-Amplicon-short-trimmed+3,11,g,0.0578
SARS-CoV2-5UTR-Amplicon-short-trimmed+3,12,t,0.0223
SARS-CoV2-5UTR-Amplicon-short-trimmed+3,13,t,0.0175
SARS-CoV2-5UTR-Amplicon-short-trimmed+3,14,c,0.0068
SARS-CoV2-5UTR-Amplicon-short-trimmed+3,15,t,0.0345
SARS-CoV2-5UTR-Amplicon-short-trimmed+3,16,c,0.0142
SARS-CoV2-5UTR-Amplicon-short-trimmed+3,17,t,0.0223
SARS-CoV2-5UTR-Amplicon-short-trimmed+3,18,a,0.0426
SARS-CoV2-5UTR-Amplicon-short-trimmed+3,19,a,0.0123
SARS-CoV2-5UTR-Amplicon-short-trimmed+3,20,a,0.0116
SARS-CoV2-5UTR-Amplicon-short-trimmed+3,21,c,0.0075
SARS-CoV2-5UTR-Amplicon-short-trimmed+3,22,g,0.011
SARS-CoV2-5UTR-Amplicon-short-trimmed+3,23,a,0.0094
SARS-CoV2-5UTR-Amplicon-short-trimmed+3,24,a,0.0087
SARS-CoV2-5UTR-Amplicon-short-trimmed+3,25,c,0.4871
SARS-CoV2-5UTR-Amplicon-short-trimmed+3,26,t,0.0411
SARS-CoV2-5UTR-Amplicon-short-trimmed+3,27,t,0.0478
SARS-CoV2-5UTR-Amplicon-short-trimmed+3,28,t,0.0056
SARS-CoV2-5UTR-Amplicon-short-trimmed+3,29,a,0.0062
SARS-CoV2-5UTR-Amplicon-short-trimmed+3,30,a,0.0136
SARS-CoV2-5UTR-Amplicon-short-trimmed+3,31,a,0.0584
SARS-CoV2-5UTR-Amplicon-short-trimmed+3,32,a,0.0146
SARS-CoV2-5UTR-Amplicon-short-trimmed+3,33,t,0.0177
SARS-CoV2-5UTR-Amplicon-short-trimmed+3,34,c,0.0059
SARS-CoV2-5UTR-Amplicon-short-trimmed+3,35,t,0.0152
SARS-CoV2-5UTR-Amplicon-short-trimmed+3,36,g,0.0125
SARS-CoV2-5UTR-Amplicon-short-trimmed+3,37,t,0.0251
SARS-CoV2-5UTR-Amplicon-short-trimmed+3,38,g,0.009
SARS-CoV2-5UTR-Amplicon-short-trimmed+3,39,t,0.0219
SARS-CoV2-5UTR-Amplicon-short-trimmed+3,40,g,0.0119
SARS-CoV2-5UTR-Amplicon-short-trimmed+3,41,g,0.0229
SARS-CoV2-5UTR-Amplicon-short-trimmed+3,42,c,0.0106
SARS-CoV2-5UTR-Amplicon-short-trimmed+3,43,t,0.062
SARS-CoV2-5UTR-Amplicon-short-trimmed+3,44,g,0.0213
SARS-CoV2-5UTR-Amplicon-short-trimmed+3,45,t,0.0427
SARS-CoV2-5UTR-Amplicon-short-trimmed+3,46,c,0.0049
SARS-CoV2-5UTR-Amplicon-short-trimmed+3,47,a,0.0106
SARS-CoV2-5UTR-Amplicon-short-trimmed+3,48,c,0.0056
SARS-CoV2-5UTR-Amplicon-short-trimmed+3,49,t,0.0232
SARS-CoV2-5UTR-Amplicon-short-trimmed+3,50,c,0.0077
SARS-CoV2-5UTR-Amplicon-short-trimmed+3,51,g,0.03
SARS-CoV2-5UTR-Amplicon-short-trimmed+3,52,g,0.0353
SARS-CoV2-5UTR-Amplicon-short-trimmed+3,53,c,0.0407
SARS-CoV2-5UTR-Amplicon-short-trimmed+3,54,t,0.0083
SARS-CoV2-5UTR-Amplicon-short-trimmed+3,55,g,0.0765
SARS-CoV2-5UTR-Amplicon-short-trimmed+3,56,c,0.0151
SARS-CoV2-5UTR-Amplicon-short-trimmed+3,57,g,0.0656
SARS-CoV2-5UTR-Amplicon-short-trimmed+3,58,t,0.0321
SARS-CoV2-5UTR-Amplicon-short-trimmed+3,59,g,0.0423
SARS-CoV2-5UTR-Amplicon-short-trimmed+3,60,c,0.0123
SARS-CoV2-5UTR-Amplicon-short-trimmed+3,61,t,0.034
SARS-CoV2-5UTR-Amplicon-short-trimmed+3,62,t,0.0172
SARS-CoV2-5UTR-Amplicon-short-trimmed+3,63,a,0.0127
SARS-CoV2-5UTR-Amplicon-short-trimmed+3,64,g,0.0152
SARS-CoV2-5UTR-Amplicon-short-trimmed+3,65,t,0.011
SARS-CoV2-5UTR-Amplicon-short-trimmed+3,66,g,0.0384
SARS-CoV2-5UTR-Amplicon-short-trimmed+3,67,c,0.0175
SARS-CoV2-5UTR-Amplicon-short-trimmed+3,68,a,0.0297
SARS-CoV2-5UTR-Amplicon-short-trimmed+3,69,c,0.0125
SARS-CoV2-5UTR-Amplicon-short-trimmed+3,70,t,0.0169
SARS-CoV2-5UTR-Amplicon-short-trimmed+3,71,c,0.0143
SARS-CoV2-5UTR-Amplicon-short-trimmed+3,72,a,0.0243
SARS-CoV2-5UTR-Amplicon-short-trimmed+3,73,c,0.0109
SARS-CoV2-5UTR-Amplicon-short-trimmed+3,74,g,0.0275
SARS-CoV2-5UTR-Amplicon-short-trimmed+3,75,c,0.0029
SARS-CoV2-5UTR-Amplicon-short-trimmed+3,76,a,0.0644
SARS-CoV2-5UTR-Amplicon-short-trimmed+3,77,g,0.0214
SARS-CoV2-5UTR-Amplicon-short-trimmed+3,78,t,0.0213
SARS-CoV2-5UTR-Amplicon-short-trimmed+3,79,a,0.0274
SARS-CoV2-5UTR-Amplicon-short-trimmed+3,80,t,0.01
SARS-CoV2-5UTR-Amplicon-short-trimmed+3,81,a,0.019
SARS-CoV2-5UTR-Amplicon-short-trimmed+3,82,a,0.0334
SARS-CoV2-5UTR-Amplicon-short-trimmed+3,83,t,0.0126
SARS-CoV2-5UTR-Amplicon-short-trimmed+3,84,t,0.0449
SARS-CoV2-5UTR-Amplicon-short-trimmed+3,85,a,0.034
SARS-CoV2-5UTR-Amplicon-short-trimmed+3,86,a,0.039
SARS-CoV2-5UTR-Amplicon-short-trimmed+3,87,t,0.0122
SARS-CoV2-5UTR-Amplicon-short-trimmed+3,88,a,0.0292
SARS-CoV2-5UTR-Amplicon-short-trimmed+3,89,a,0.0285
SARS-CoV2-5UTR-Amplicon-short-trimmed+3,90,c,0.2809
SARS-CoV2-5UTR-Amplicon-short-trimmed+3,91,t,0.0654
SARS-CoV2-5UTR-Amplicon-short-trimmed+3,92,a,0.0236
SARS-CoV2-5UTR-Amplicon-short-trimmed+3,93,a,0.0298
SARS-CoV2-5UTR-Amplicon-short-trimmed+3,94,t,0.0326
SARS-CoV2-5UTR-Amplicon-short-trimmed+3,95,t,0.035
SARS-CoV2-5UTR-Amplicon-short-trimmed+3,96,a,0.0256
SARS-CoV2-5UTR-Amplicon-short-trimmed+3,97,c,0.0132
SARS-CoV2-5UTR-Amplicon-short-trimmed+3,98,t,0.2742
SARS-CoV2-5UTR-Amplicon-short-trimmed+3,99,g,0.0504
SARS-CoV2-5UTR-Amplicon-short-trimmed+3,100,t,0.0566
SARS-CoV2-5UTR-Amplicon-short-trimmed+3,101,c,0.0109
SARS-CoV2-5UTR-Amplicon-short-trimmed+3,102,g,0.0329
SARS-CoV2-5UTR-Amplicon-short-trimmed+3,103,t,0.0362
SARS-CoV2-5UTR-Amplicon-short-trimmed+3,104,t,0.0753
SARS-CoV2-5UTR-Amplicon-short-trimmed+3,105,g,0.0327
SARS-CoV2-5UTR-Amplicon-short-trimmed+3,106,a,0.0465
SARS-CoV2-5UTR-Amplicon-short-trimmed+3,107,c,0.021
SARS-CoV2-5UTR-Amplicon-short-trimmed+3,108,a,0.0576
SARS-CoV2-5UTR-Amplicon-short-trimmed+3,109,g,0.0433
SARS-CoV2-5UTR-Amplicon-short-trimmed+3,110,g,0.031
SARS-CoV2-5UTR-Amplicon-short-trimmed+3,111,a,0.0311
SARS-CoV2-5UTR-Amplicon-short-trimmed+3,112,c,0.0282
SARS-CoV2-5UTR-Amplicon-short-trimmed+3,113,a,0.0624
SARS-CoV2-5UTR-Amplicon-short-trimmed+3,114,c,0.0203
SARS-CoV2-5UTR-Amplicon-short-trimmed+3,115,g,0.0278
SARS-CoV2-5UTR-Amplicon-short-trimmed+3,116,a,0.0278
SARS-CoV2-5UTR-Amplicon-short-trimmed+3,117,g,0.0142
SARS-CoV2-5UTR-Amplicon-short-trimmed+3,118,t,0.0685
SARS-CoV2-5UTR-Amplicon-short-trimmed+3,119,a,0.0817
SARS-CoV2-5UTR-Amplicon-short-trimmed+3,120,a,0.024
SARS-CoV2-5UTR-Amplicon-short-trimmed+3,121,c,0.0193
SARS-CoV2-5UTR-Amplicon-short-trimmed+3,122,t,0.086
SARS-CoV2-5UTR-Amplicon-short-trimmed+3,123,c,0.1975
SARS-CoV2-5UTR-Amplicon-short-trimmed+3,124,g,0.1486
SARS-CoV2-5UTR-Amplicon-short-trimmed+3,125,t,0.2516
SARS-CoV2-5UTR-Amplicon-short-trimmed+3,126,c,0.1036
SARS-CoV2-5UTR-Amplicon-short-trimmed+3,127,t,0.1303
SARS-CoV2-5UTR-Amplicon-short-trimmed+3,128,a,0.2296
SARS-CoV2-5UTR-Amplicon-short-trimmed+3,129,t,1.1622
SARS-CoV2-5UTR-Amplicon-short-trimmed+3,130,c,0.1293
SARS-CoV2-5UTR-Amplicon-short-trimmed+3,131,t,0.189
SARS-CoV2-5UTR-Amplicon-short-trimmed+3,132,t,0.3223
SARS-CoV2-5UTR-Amplicon-short-trimmed+3,133,c,0.3219
SARS-CoV2-5UTR-Amplicon-short-trimmed+3,134,t,0.2379
SARS-CoV2-5UTR-Amplicon-short-trimmed+3,135,g,0.1362
SARS-CoV2-5UTR-Amplicon-short-trimmed+3,136,c,0.439
SARS-CoV2-5UTR-Amplicon-short-trimmed+3,137,a,0.2811
SARS-CoV2-5UTR-Amplicon-short-trimmed+3,138,g,0.0819
SARS-CoV2-5UTR-Amplicon-short-trimmed+3,139,g,0.2906
SARS-CoV2-5UTR-Amplicon-short-trimmed+3,140,c,0.1161
SARS-CoV2-5UTR-Amplicon-short-trimmed+3,141,t,0.3192
SARS-CoV2-5UTR-Amplicon-short-trimmed+3,142,g,0.5005
SARS-CoV2-5UTR-Amplicon-short-trimmed+3,143,c,0.11
SARS-CoV2-5UTR-Amplicon-short-trimmed+3,144,t,0.1081
SARS-CoV2-5UTR-Amplicon-short-trimmed+3,145,t,0.1628
SARS-CoV2-5UTR-Amplicon-short-trimmed+3,146,a,0.2082
SARS-CoV2-5UTR-Amplicon-short-trimmed+3,147,c,0.1611
SARS-CoV2-5UTR-Amplicon-short-trimmed+3,148,g,0.3729
SARS-CoV2-5UTR-Amplicon-short-trimmed+3,149,g,0.1615
SARS-CoV2-5UTR-Amplicon-short-trimmed+3,150,t,0.1627
SARS-CoV2-5UTR-Amplicon-short-trimmed+3,151,t,0.1463
SARS-CoV2-5UTR-Amplicon-short-trimmed+3,152,t,0.2753
SARS-CoV2-5UTR-Amplicon-short-trimmed+3,153,c,0.2245
SARS-CoV2-5UTR-Amplicon-short-trimmed+3,154,g,0.0823
SARS-CoV2-5UTR-Amplicon-short-trimmed+3,155,t,0.362
SARS-CoV2-5UTR-Amplicon-short-trimmed+3,156,c,0.2165
SARS-CoV2-5UTR-Amplicon-short-trimmed+3,157,c,0.2423
SARS-CoV2-5UTR-Amplicon-short-trimmed+3,158,g,0.1082
SARS-CoV2-5UTR-Amplicon-short-trimmed+3,159,t,1.5502
SARS-CoV2-5UTR-Amplicon-short-trimmed+3,160,g,0.0649
SARS-CoV2-5UTR-Amplicon-short-trimmed+3,161,t,0.1388
SARS-CoV2-5UTR-Amplicon-short-trimmed+3,162,t,0.1984
SARS-CoV2-5UTR-Amplicon-short-trimmed+3,163,g,0.1128
SARS-CoV2-5UTR-Amplicon-short-trimmed+3,164,c,0.3093
SARS-CoV2-5UTR-Amplicon-short-trimmed+3,165,a,0.2512
SARS-CoV2-5UTR-Amplicon-short-trimmed+3,166,g,0.5024
SARS-CoV2-5UTR-Amplicon-short-trimmed+3,167,c,0.2864
SARS-CoV2-5UTR-Amplicon-short-trimmed+3,168,c,0.6046
SARS-CoV2-5UTR-Amplicon-short-trimmed+3,169,g,0.1042
SARS-CoV2-5UTR-Amplicon-short-trimmed+3,170,a,0.1521
SARS-CoV2-5UTR-Amplicon-short-trimmed+3,171,t,0.1325
SARS-CoV2-5UTR-Amplicon-short-trimmed+3,172,c,0.1904
SARS-CoV2-5UTR-Amplicon-short-trimmed+3,173,a,0.0625
SARS-CoV2-5UTR-Amplicon-short-trimmed+3,174,t,0.0993
SARS-CoV2-5UTR-Amplicon-short-trimmed+3,175,c,0.236
SARS-CoV2-5UTR-Amplicon-short-trimmed+3,176,a,0.1547
SARS-CoV2-5UTR-Amplicon-short-trimmed+3,177,g,0.1297
SARS-CoV2-5UTR-Amplicon-short-trimmed+3,178,c,0.6551
SARS-CoV2-5UTR-Amplicon-short-trimmed+3,179,a,0.127
SARS-CoV2-5UTR-Amplicon-short-trimmed+3,180,c,0.0861
SARS-CoV2-5UTR-Amplicon-short-trimmed+3,181,a,0.1198
SARS-CoV2-5UTR-Amplicon-short-trimmed+3,182,t,0.1742
SARS-CoV2-5UTR-Amplicon-short-trimmed+3,183,c,0.0767
SARS-CoV2-5UTR-Amplicon-short-trimmed+3,184,t,0.1127
SARS-CoV2-5UTR-Amplicon-short-trimmed+3,185,a,0.1843
SARS-CoV2-5UTR-Amplicon-short-trimmed+3,186,g,0.0718
SARS-CoV2-5UTR-Amplicon-short-trimmed+3,187,g,0.0903
SARS-CoV2-5UTR-Amplicon-short-trimmed+3,188,t,0.1439
SARS-CoV2-5UTR-Amplicon-short-trimmed+3,189,t,0.3042
SARS-CoV2-5UTR-Amplicon-short-trimmed+3,190,t,0.4427
SARS-CoV2-5UTR-Amplicon-short-trimmed+3,191,c,0.1264
SARS-CoV2-5UTR-Amplicon-short-trimmed+3,192,g,0.0683
SARS-CoV2-5UTR-Amplicon-short-trimmed+3,193,t,1.2845
SARS-CoV2-5UTR-Amplicon-short-trimmed+3,194,c,0.1055
SARS-CoV2-5UTR-Amplicon-short-trimmed+3,195,c,0.1499
SARS-CoV2-5UTR-Amplicon-short-trimmed+3,196,g,0.3381
SARS-CoV2-5UTR-Amplicon-short-trimmed+3,197,g,0.1505
SARS-CoV2-5UTR-Amplicon-short-trimmed+3,198,g,0.3605
SARS-CoV2-5UTR-Amplicon-short-trimmed+3,199,t,0.2338
SARS-CoV2-5UTR-Amplicon-short-trimmed+3,200,g,0.08
SARS-CoV2-5UTR-Amplicon-short-trimmed+3,201,t,0.1449
SARS-CoV2-5UTR-Amplicon-short-trimmed+3,202,g,0.1111
SARS-CoV2-5UTR-Amplicon-short-trimmed+3,203,a,0.3408
SARS-CoV2-5UTR-Amplicon-short-trimmed+3,204,c,0.1154
SARS-CoV2-5UTR-Amplicon-short-trimmed+3,205,c,0.102
SARS-CoV2-5UTR-Amplicon-short-trimmed+3,206,g,0.0956
SARS-CoV2-5UTR-Amplicon-short-trimmed+3,207,a,0.1158
SARS-CoV2-5UTR-Amplicon-short-trimmed+3,208,a,0.0679
SARS-CoV2-5UTR-Amplicon-short-trimmed+3,209,a,0.1543
SARS-CoV2-5UTR-Amplicon-short-trimmed+3,210,g,0.1331
SARS-CoV2-5UTR-Amplicon-short-trimmed+3,211,g,0.1116
SARS-CoV2-5UTR-Amplicon-short-trimmed+3,212,t,0.1563
SARS-CoV2-5UTR-Amplicon-short-trimmed+3,213,a,0.0568
SARS-CoV2-5UTR-Amplicon-short-trimmed+3,214,a,0.0627
SARS-CoV2-5UTR-Amplicon-short-trimmed+3,215,g,0.0751
SARS-CoV2-5UTR-Amplicon-short-trimmed+3,216,a,0.0445
SARS-CoV2-5UTR-Amplicon-short-trimmed+3,217,t,0.127
SARS-CoV2-5UTR-Amplicon-short-trimmed+3,218,g,0.0581
SARS-CoV2-5UTR-Amplicon-short-trimmed+3,219,g,0.0659
SARS-CoV2-5UTR-Amplicon-short-trimmed+3,220,a,0.2394
SARS-CoV2-5UTR-Amplicon-short-trimmed+3,221,g,0.1396
SARS-CoV2-5UTR-Amplicon-short-trimmed+3,222,a,0.072
SARS-CoV2-5UTR-Amplicon-short-trimmed+3,223,g,0.2175
SARS-CoV2-5UTR-Amplicon-short-trimmed+3,224,c,0.0801
SARS-CoV2-5UTR-Amplicon-short-trimmed+3,225,c,0.075
SARS-CoV2-5UTR-Amplicon-short-trimmed+3,226,t,0.0519
SARS-CoV2-5UTR-Amplicon-short-trimmed+3,227,t,0.3343
SARS-CoV2-5UTR-Amplicon-short-trimmed+3,228,g,0.043
SARS-CoV2-5UTR-Amplicon-short-trimmed+3,229,t,0.1452
SARS-CoV2-5UTR-Amplicon-short-trimmed+3,230,c,0.0631
SARS-CoV2-5UTR-Amplicon-short-trimmed+3,231,c,0.0553
SARS-CoV2-5UTR-Amplicon-short-trimmed+3,232,c,0.0843
SARS-CoV2-5UTR-Amplicon-short-trimmed+3,233,t,0.164
SARS-CoV2-5UTR-Amplicon-short-trimmed+3,234,g,0.0737
SARS-CoV2-5UTR-Amplicon-short-trimmed+3,235,g,0.1645
SARS-CoV2-5UTR-Amplicon-short-trimmed+3,236,t,0.0655
SARS-CoV2-5UTR-Amplicon-short-trimmed+3,237,t,0.0739
SARS-CoV2-5UTR-Amplicon-short-trimmed+3,238,t,0.1412
SARS-CoV2-5UTR-Amplicon-short-trimmed+3,239,c,0.4917
SARS-CoV2-5UTR-Amplicon-short-trimmed+3,240,a,0.0995
SARS-CoV2-5UTR-Amplicon-short-trimmed+3,241,a,0.085
SARS-CoV2-5UTR-Amplicon-short-trimmed+3,242,c,0.074
SARS-CoV2-5UTR-Amplicon-short-trimmed+3,243,g,0.0174
SARS-CoV2-5UTR-Amplicon-short-trimmed+3,244,a,0.2015
SARS-CoV2-5UTR-Amplicon-short-trimmed+3,245,g,0.5096
SARS-CoV2-5UTR-Amplicon-short-trimmed+3,246,g,5.1654
SARS-CoV2-5UTR-Amplicon-short-trimmed+3,247,G,96.0793
SARS-CoV2-5UTR-Amplicon-short-trimmed+3,248,A,99.8574
SARS-CoV2-5UTR-Amplicon-short-trimmed+3,249,G,99.7685
