Region,Position,Ref_base,Mut_percentage
SARS-CoV2-5UTR-Amplicon-short-trimmed+3,1,T,99.8289
SARS-CoV2-5UTR-Amplicon-short-trimmed+3,2,T,99.8597
SARS-CoV2-5UTR-Amplicon-short-trimmed+3,3,G,99.9664
SARS-CoV2-5UTR-Amplicon-short-trimmed+3,4,t,99.9512
SARS-CoV2-5UTR-Amplicon-short-trimmed+3,5,a,0.0023
SARS-CoV2-5UTR-Amplicon-short-trimmed+3,6,g,0.0676
SARS-CoV2-5UTR-Amplicon-short-trimmed+3,7,a,0.013
SARS-CoV2-5UTR-Amplicon-short-trimmed+3,8,t,0.0086
SARS-CoV2-5UTR-Amplicon-short-trimmed+3,9,c,0.0042
SARS-CoV2-5UTR-Amplicon-short-trimmed+3,10,t,0.0056
SARS-CoV2-5UTR-Amplicon-short-trimmed+3,11,g,0.1027
SARS-CoV2-5UTR-Amplicon-short-trimmed+3,12,t,0.0211
SARS-CoV2-5UTR-Amplicon-short-trimmed+3,13,t,0.0176
SARS-CoV2-5UTR-Amplicon-short-trimmed+3,14,c,0.0051
SARS-CoV2-5UTR-Amplicon-short-trimmed+3,15,t,0.0337
SARS-CoV2-5UTR-Amplicon-short-trimmed+3,16,c,0.0201
SARS-CoV2-5UTR-Amplicon-short-trimmed+3,17,t,0.0231
SARS-CoV2-5UTR-Amplicon-short-trimmed+3,18,a,0.0448
SARS-CoV2-5UTR-Amplicon-short-trimmed+3,19,a,0.0116
SARS-CoV2-5UTR-Amplicon-short-trimmed+3,20,a,0.0127
SARS-CoV2-5UTR-Amplicon-short-trimmed+3,21,c,0.0073
SARS-CoV2-5UTR-Amplicon-short-trimmed+3,22,g,0.0122
SARS-CoV2-5UTR-Amplicon-short-trimmed+3,23,a,0.0101
SARS-CoV2-5UTR-Amplicon-short-trimmed+3,24,a,0.0052
SARS-CoV2-5UTR-Amplicon-short-trimmed+3,25,c,0.0544
SARS-CoV2-5UTR-Amplicon-short-trimmed+3,26,t,0.0352
SARS-CoV2-5UTR-Amplicon-short-trimmed+3,27,t,0.0615
SARS-CoV2-5UTR-Amplicon-short-trimmed+3,28,t,0.0051
SARS-CoV2-5UTR-Amplicon-short-trimmed+3,29,a,0.005
SARS-CoV2-5UTR-Amplicon-short-trimmed+3,30,a,0.0125
SARS-CoV2-5UTR-Amplicon-short-trimmed+3,31,a,0.0545
SARS-CoV2-5UTR-Amplicon-short-trimmed+3,32,a,0.0124
SARS-CoV2-5UTR-Amplicon-short-trimmed+3,33,t,0.0141
SARS-CoV2-5UTR-Amplicon-short-trimmed+3,34,c,0.0063
SARS-CoV2-5UTR-Amplicon-short-trimmed+3,35,t,0.0118
SARS-CoV2-5UTR-Amplicon-short-trimmed+3,36,g,0.0143
SARS-CoV2-5UTR-Amplicon-short-trimmed+3,37,t,0.0271
SARS-CoV2-5UTR-Amplicon-short-trimmed+3,38,g,0.0101
SARS-CoV2-5UTR-Amplicon-short-trimmed+3,39,t,0.0191
SARS-CoV2-5UTR-Amplicon-short-trimmed+3,40,g,0.0171
SARS-CoV2-5UTR-Amplicon-short-trimmed+3,41,g,0.0314
SARS-CoV2-5UTR-Amplicon-short-trimmed+3,42,c,0.0083
SARS-CoV2-5UTR-Amplicon-short-trimmed+3,43,t,0.0699
SARS-CoV2-5UTR-Amplicon-short-trimmed+3,44,g,0.0302
SARS-CoV2-5UTR-Amplicon-short-trimmed+3,45,t,0.0403
SARS-CoV2-5UTR-Amplicon-short-trimmed+3,46,c,0.008
SARS-CoV2-5UTR-Amplicon-short-trimmed+3,47,a,0.0089
SARS-CoV2-5UTR-Amplicon-short-trimmed+3,48,c,0.0064
SARS-CoV2-5UTR-Amplicon-short-trimmed+3,49,t,0.0189
SARS-CoV2-5UTR-Amplicon-short-trimmed+3,50,c,0.0078
SARS-CoV2-5UTR-Amplicon-short-trimmed+3,51,g,0.0384
SARS-CoV2-5UTR-Amplicon-short-trimmed+3,52,g,0.0235
SARS-CoV2-5UTR-Amplicon-short-trimmed+3,53,c,0.0729
SARS-CoV2-5UTR-Amplicon-short-trimmed+3,54,t,0.009
SARS-CoV2-5UTR-Amplicon-short-trimmed+3,55,g,0.1069
SARS-CoV2-5UTR-Amplicon-short-trimmed+3,56,c,0.0105
SARS-CoV2-5UTR-Amplicon-short-trimmed+3,57,g,0.1009
SARS-CoV2-5UTR-Amplicon-short-trimmed+3,58,t,0.0335
SARS-CoV2-5UTR-Amplicon-short-trimmed+3,59,g,0.0519
SARS-CoV2-5UTR-Amplicon-short-trimmed+3,60,c,0.0093
SARS-CoV2-5UTR-Amplicon-short-trimmed+3,61,t,0.0362
SARS-CoV2-5UTR-Amplicon-short-trimmed+3,62,t,0.0171
SARS-CoV2-5UTR-Amplicon-short-trimmed+3,63,a,0.0155
SARS-CoV2-5UTR-Amplicon-short-trimmed+3,64,g,0.0122
SARS-CoV2-5UTR-Amplicon-short-trimmed+3,65,t,0.0088
SARS-CoV2-5UTR-Amplicon-short-trimmed+3,66,g,0.0402
SARS-CoV2-5UTR-Amplicon-short-trimmed+3,67,c,0.0128
SARS-CoV2-5UTR-Amplicon-short-trimmed+3,68,a,0.0278
SARS-CoV2-5UTR-Amplicon-short-trimmed+3,69,c,0.0113
SARS-CoV2-5UTR-Amplicon-short-trimmed+3,70,t,0.0142
SARS-CoV2-5UTR-Amplicon-short-trimmed+3,71,c,0.0219
SARS-CoV2-5UTR-Amplicon-short-trimmed+3,72,a,0.0241
SARS-CoV2-5UTR-Amplicon-short-trimmed+3,73,c,0.008
SARS-CoV2-5UTR-Amplicon-short-trimmed+3,74,g,0.0203
SARS-CoV2-5UTR-Amplicon-short-trimmed+3,75,c,0.0025
SARS-CoV2-5UTR-Amplicon-short-trimmed+3,76,a,0.0566
SARS-CoV2-5UTR-Amplicon-short-trimmed+3,77,g,0.0246
SARS-CoV2-5UTR-Amplicon-short-trimmed+3,78,t,0.02
SARS-CoV2-5UTR-Amplicon-short-trimmed+3,79,a,0.0294
SARS-CoV2-5UTR-Amplicon-short-trimmed+3,80,t,0.0108
SARS-CoV2-5UTR-Amplicon-short-trimmed+3,81,a,0.0207
SARS-CoV2-5UTR-Amplicon-short-trimmed+3,82,a,0.0403
SARS-CoV2-5UTR-Amplicon-short-trimmed+3,83,t,0.0093
SARS-CoV2-5UTR-Amplicon-short-trimmed+3,84,t,0.0465
SARS-CoV2-5UTR-Amplicon-short-trimmed+3,85,a,0.0363
SARS-CoV2-5UTR-Amplicon-short-trimmed+3,86,a,0.0363
SARS-CoV2-5UTR-Amplicon-short-trimmed+3,87,t,0.0122
SARS-CoV2-5UTR-Amplicon-short-trimmed+3,88,a,0.0261
SARS-CoV2-5UTR-Amplicon-short-trimmed+3,89,a,0.0297
SARS-CoV2-5UTR-Amplicon-short-trimmed+3,90,c,0.2915
SARS-CoV2-5UTR-Amplicon-short-trimmed+3,91,t,0.0684
SARS-CoV2-5UTR-Amplicon-short-trimmed+3,92,a,0.0224
SARS-CoV2-5UTR-Amplicon-short-trimmed+3,93,a,0.0269
SARS-CoV2-5UTR-Amplicon-short-trimmed+3,94,t,0.0271
SARS-CoV2-5UTR-Amplicon-short-trimmed+3,95,t,0.0329
SARS-CoV2-5UTR-Amplicon-short-trimmed+3,96,a,0.0262
SARS-CoV2-5UTR-Amplicon-short-trimmed+3,97,c,0.0126
SARS-CoV2-5UTR-Amplicon-short-trimmed+3,98,t,0.2638
SARS-CoV2-5UTR-Amplicon-short-trimmed+3,99,g,0.0567
SARS-CoV2-5UTR-Amplicon-short-trimmed+3,100,t,0.0497
SARS-CoV2-5UTR-Amplicon-short-trimmed+3,101,c,0.0097
SARS-CoV2-5UTR-Amplicon-short-trimmed+3,102,g,0.046
SARS-CoV2-5UTR-Amplicon-short-trimmed+3,103,t,0.0398
SARS-CoV2-5UTR-Amplicon-short-trimmed+3,104,t,0.0774
SARS-CoV2-5UTR-Amplicon-short-trimmed+3,105,g,0.0399
SARS-CoV2-5UTR-Amplicon-short-trimmed+3,106,a,0.0386
SARS-CoV2-5UTR-Amplicon-short-trimmed+3,107,c,0.0202
SARS-CoV2-5UTR-Amplicon-short-trimmed+3,108,a,0.0479
SARS-CoV2-5UTR-Amplicon-short-trimmed+3,109,g,0.0509
SARS-CoV2-5UTR-Amplicon-short-trimmed+3,110,g,0.0357
SARS-CoV2-5UTR-Amplicon-short-trimmed+3,111,a,0.0279
SARS-CoV2-5UTR-Amplicon-short-trimmed+3,112,c,0.0284
SARS-CoV2-5UTR-Amplicon-short-trimmed+3,113,a,0.0563
SARS-CoV2-5UTR-Amplicon-short-trimmed+3,114,c,0.0173
SARS-CoV2-5UTR-Amplicon-short-trimmed+3,115,g,0.0313
SARS-CoV2-5UTR-Amplicon-short-trimmed+3,116,a,0.0215
SARS-CoV2-5UTR-Amplicon-short-trimmed+3,117,g,0.0155
SARS-CoV2-5UTR-Amplicon-short-trimmed+3,118,t,0.0695
SARS-CoV2-5UTR-Amplicon-short-trimmed+3,119,a,0.0784
SARS-CoV2-5UTR-Amplicon-short-trimmed+3,120,a,0.0225
SARS-CoV2-5UTR-Amplicon-short-trimmed+3,121,c,0.0158
SARS-CoV2-5UTR-Amplicon-short-trimmed+3,122,t,0.0859
SARS-CoV2-5UTR-Amplicon-short-trimmed+3,123,c,0.1797
SARS-CoV2-5UTR-Amplicon-short-trimmed+3,124,g,0.1463
SARS-CoV2-5UTR-Amplicon-short-trimmed+3,125,t,0.166
SARS-CoV2-5UTR-Amplicon-short-trimmed+3,126,c,0.0889
SARS-CoV2-5UTR-Amplicon-short-trimmed+3,127,t,0.1136
SARS-CoV2-5UTR-Amplicon-short-trimmed+3,128,a,0.2155
SARS-CoV2-5UTR-Amplicon-short-trimmed+3,129,t,1.0191
SARS-CoV2-5UTR-Amplicon-short-trimmed+3,130,c,0.1162
SARS-CoV2-5UTR-Amplicon-short-trimmed+3,131,t,0.1744
SARS-CoV2-5UTR-Amplicon-short-trimmed+3,132,t,0.2931
SARS-CoV2-5UTR-Amplicon-short-trimmed+3,133,c,0.2953
SARS-CoV2-5UTR-Amplicon-short-trimmed+3,134,t,0.2222
SARS-CoV2-5UTR-Amplicon-short-trimmed+3,135,g,0.0718
SARS-CoV2-5UTR-Amplicon-short-trimmed+3,136,c,0.3574
SARS-CoV2-5UTR-Amplicon-short-trimmed+3,137,a,0.2319
SARS-CoV2-5UTR-Amplicon-short-trimmed+3,138,g,0.0602
SARS-CoV2-5UTR-Amplicon-short-trimmed+3,139,g,0.2293
SARS-CoV2-5UTR-Amplicon-short-trimmed+3,140,c,0.0835
SARS-CoV2-5UTR-Amplicon-short-trimmed+3,141,t,0.2906
SARS-CoV2-5UTR-Amplicon-short-trimmed+3,142,g,0.3897
SARS-CoV2-5UTR-Amplicon-short-trimmed+3,143,c,0.0575
SARS-CoV2-5UTR-Amplicon-short-trimmed+3,144,t,0.0954
SARS-CoV2-5UTR-Amplicon-short-trimmed+3,145,t,0.1318
SARS-CoV2-5UTR-Amplicon-short-trimmed+3,146,a,0.1874
SARS-CoV2-5UTR-Amplicon-short-trimmed+3,147,c,0.1288
SARS-CoV2-5UTR-Amplicon-short-trimmed+3,148,g,0.3262
SARS-CoV2-5UTR-Amplicon-short-trimmed+3,149,g,0.0675
SARS-CoV2-5UTR-Amplicon-short-trimmed+3,150,t,0.1227
SARS-CoV2-5UTR-Amplicon-short-trimmed+3,151,t,0.133
SARS-CoV2-5UTR-Amplicon-short-trimmed+3,152,t,0.2415
SARS-CoV2-5UTR-Amplicon-short-trimmed+3,153,c,0.2211
SARS-CoV2-5UTR-Amplicon-short-trimmed+3,154,g,0.0708
SARS-CoV2-5UTR-Amplicon-short-trimmed+3,155,t,0.2458
SARS-CoV2-5UTR-Amplicon-short-trimmed+3,156,c,0.1213
SARS-CoV2-5UTR-Amplicon-short-trimmed+3,157,c,0.1791
SARS-CoV2-5UTR-Amplicon-short-trimmed+3,158,g,0.0637
SARS-CoV2-5UTR-Amplicon-short-trimmed+3,159,t,1.4267
SARS-CoV2-5UTR-Amplicon-short-trimmed+3,160,g,0.0445
SARS-CoV2-5UTR-Amplicon-short-trimmed+3,161,t,0.0943
SARS-CoV2-5UTR-Amplicon-short-trimmed+3,162,t,0.1671
SARS-CoV2-5UTR-Amplicon-short-trimmed+3,163,g,0.0615
SARS-CoV2-5UTR-Amplicon-short-trimmed+3,164,c,0.2327
SARS-CoV2-5UTR-Amplicon-short-trimmed+3,165,a,0.1241
SARS-CoV2-5UTR-Amplicon-short-trimmed+3,166,g,0.2368
SARS-CoV2-5UTR-Amplicon-short-trimmed+3,167,c,0.1059
SARS-CoV2-5UTR-Amplicon-short-trimmed+3,168,c,0.5522
SARS-CoV2-5UTR-Amplicon-short-trimmed+3,169,g,0.0859
SARS-CoV2-5UTR-Amplicon-short-trimmed+3,170,a,0.1348
SARS-CoV2-5UTR-Amplicon-short-trimmed+3,171,t,0.1004
SARS-CoV2-5UTR-Amplicon-short-trimmed+3,172,c,0.1927
SARS-CoV2-5UTR-Amplicon-short-trimmed+3,173,a,0.0579
SARS-CoV2-5UTR-Amplicon-short-trimmed+3,174,t,0.0764
SARS-CoV2-5UTR-Amplicon-short-trimmed+3,175,c,0.2196
SARS-CoV2-5UTR-Amplicon-short-trimmed+3,176,a,0.1163
SARS-CoV2-5UTR-Amplicon-short-trimmed+3,177,g,0.0899
SARS-CoV2-5UTR-Amplicon-short-trimmed+3,178,c,0.5867
SARS-CoV2-5UTR-Amplicon-short-trimmed+3,179,a,0.1114
SARS-CoV2-5UTR-Amplicon-short-trimmed+3,180,c,0.0892
SARS-CoV2-5UTR-Amplicon-short-trimmed+3,181,a,0.0969
SARS-CoV2-5UTR-Amplicon-short-trimmed+3,182,t,0.1239
SARS-CoV2-5UTR-Amplicon-short-trimmed+3,183,c,0.0699
SARS-CoV2-5UTR-Amplicon-short-trimmed+3,184,t,0.0968
SARS-CoV2-5UTR-Amplicon-short-trimmed+3,185,a,0.1574
SARS-CoV2-5UTR-Amplicon-short-trimmed+3,186,g,0.0383
SARS-CoV2-5UTR-Amplicon-short-trimmed+3,187,g,0.03
SARS-CoV2-5UTR-Amplicon-short-trimmed+3,188,t,0.1139
SARS-CoV2-5UTR-Amplicon-short-trimmed+3,189,t,0.2974
SARS-CoV2-5UTR-Amplicon-short-trimmed+3,190,t,0.39
SARS-CoV2-5UTR-Amplicon-short-trimmed+3,191,c,0.1188
SARS-CoV2-5UTR-Amplicon-short-trimmed+3,192,g,0.0551
SARS-CoV2-5UTR-Amplicon-short-trimmed+3,193,t,1.1118
SARS-CoV2-5UTR-Amplicon-short-trimmed+3,194,c,0.0514
SARS-CoV2-5UTR-Amplicon-short-trimmed+3,195,c,0.1167
SARS-CoV2-5UTR-Amplicon-short-trimmed+3,196,g,0.3066
SARS-CoV2-5UTR-Amplicon-short-trimmed+3,197,g,0.0768
SARS-CoV2-5UTR-Amplicon-short-trimmed+3,198,g,0.3559
SARS-CoV2-5UTR-Amplicon-short-trimmed+3,199,t,0.1983
SARS-CoV2-5UTR-Amplicon-short-trimmed+3,200,g,0.0582
SARS-CoV2-5UTR-Amplicon-short-trimmed+3,201,t,0.1124
SARS-CoV2-5UTR-Amplicon-short-trimmed+3,202,g,0.0879
SARS-CoV2-5UTR-Amplicon-short-trimmed+3,203,a,0.2635
SARS-CoV2-5UTR-Amplicon-short-trimmed+3,204,c,0.08
SARS-CoV2-5UTR-Amplicon-short-trimmed+3,205,c,0.0939
SARS-CoV2-5UTR-Amplicon-short-trimmed+3,206,g,0.0624
SARS-CoV2-5UTR-Amplicon-short-trimmed+3,207,a,0.0983
SARS-CoV2-5UTR-Amplicon-short-trimmed+3,208,a,0.0583
SARS-CoV2-5UTR-Amplicon-short-trimmed+3,209,a,0.1423
SARS-CoV2-5UTR-Amplicon-short-trimmed+3,210,g,0.0843
SARS-CoV2-5UTR-Amplicon-short-trimmed+3,211,g,0.1072
SARS-CoV2-5UTR-Amplicon-short-trimmed+3,212,t,0.1379
SARS-CoV2-5UTR-Amplicon-short-trimmed+3,213,a,0.0465
SARS-CoV2-5UTR-Amplicon-short-trimmed+3,214,a,0.0523
SARS-CoV2-5UTR-Amplicon-short-trimmed+3,215,g,0.0597
SARS-CoV2-5UTR-Amplicon-short-trimmed+3,216,a,0.0377
SARS-CoV2-5UTR-Amplicon-short-trimmed+3,217,t,0.1131
SARS-CoV2-5UTR-Amplicon-short-trimmed+3,218,g,0.0497
SARS-CoV2-5UTR-Amplicon-short-trimmed+3,219,g,0.0495
SARS-CoV2-5UTR-Amplicon-short-trimmed+3,220,a,0.1778
SARS-CoV2-5UTR-Amplicon-short-trimmed+3,221,g,0.1286
SARS-CoV2-5UTR-Amplicon-short-trimmed+3,222,a,0.0573
SARS-CoV2-5UTR-Amplicon-short-trimmed+3,223,g,0.1375
SARS-CoV2-5UTR-Amplicon-short-trimmed+3,224,c,0.0474
SARS-CoV2-5UTR-Amplicon-short-trimmed+3,225,c,0.0652
SARS-CoV2-5UTR-Amplicon-short-trimmed+3,226,t,0.0367
SARS-CoV2-5UTR-Amplicon-short-trimmed+3,227,t,0.3059
SARS-CoV2-5UTR-Amplicon-short-trimmed+3,228,g,0.0415
SARS-CoV2-5UTR-Amplicon-short-trimmed+3,229,t,0.1045
SARS-CoV2-5UTR-Amplicon-short-trimmed+3,230,c,0.0265
SARS-CoV2-5UTR-Amplicon-short-trimmed+3,231,c,0.0372
SARS-CoV2-5UTR-Amplicon-short-trimmed+3,232,c,0.0698
SARS-CoV2-5UTR-Amplicon-short-trimmed+3,233,t,0.114
SARS-CoV2-5UTR-Amplicon-short-trimmed+3,234,g,0.0438
SARS-CoV2-5UTR-Amplicon-short-trimmed+3,235,g,0.0389
SARS-CoV2-5UTR-Amplicon-short-trimmed+3,236,t,0.0346
SARS-CoV2-5UTR-Amplicon-short-trimmed+3,237,t,0.0638
SARS-CoV2-5UTR-Amplicon-short-trimmed+3,238,t,0.1196
SARS-CoV2-5UTR-Amplicon-short-trimmed+3,239,c,0.484
SARS-CoV2-5UTR-Amplicon-short-trimmed+3,240,a,0.0679
SARS-CoV2-5UTR-Amplicon-short-trimmed+3,241,a,0.0646
SARS-CoV2-5UTR-Amplicon-short-trimmed+3,242,c,0.048
SARS-CoV2-5UTR-Amplicon-short-trimmed+3,243,g,0.0166
SARS-CoV2-5UTR-Amplicon-short-trimmed+3,244,a,0.1893
SARS-CoV2-5UTR-Amplicon-short-trimmed+3,245,g,0.4954
SARS-CoV2-5UTR-Amplicon-short-trimmed+3,246,g,5.1789
SARS-CoV2-5UTR-Amplicon-short-trimmed+3,247,G,96.0712
SARS-CoV2-5UTR-Amplicon-short-trimmed+3,248,A,99.8615
SARS-CoV2-5UTR-Amplicon-short-trimmed+3,249,G,99.7686
