Region,Position,Ref_base,Mut_percentage
SARS-CoV2-5UTR-Amplicon-short-trimmed+3,1,T,99.8018
SARS-CoV2-5UTR-Amplicon-short-trimmed+3,2,T,99.8501
SARS-CoV2-5UTR-Amplicon-short-trimmed+3,3,G,99.9673
SARS-CoV2-5UTR-Amplicon-short-trimmed+3,4,t,99.9427
SARS-CoV2-5UTR-Amplicon-short-trimmed+3,5,a,0.0017
SARS-CoV2-5UTR-Amplicon-short-trimmed+3,6,g,0.0768
SARS-CoV2-5UTR-Amplicon-short-trimmed+3,7,a,0.0133
SARS-CoV2-5UTR-Amplicon-short-trimmed+3,8,t,0.0144
SARS-CoV2-5UTR-Amplicon-short-trimmed+3,9,c,0.0064
SARS-CoV2-5UTR-Amplicon-short-trimmed+3,10,t,0.005
SARS-CoV2-5UTR-Amplicon-short-trimmed+3,11,g,0.1036
SARS-CoV2-5UTR-Amplicon-short-trimmed+3,12,t,0.0196
SARS-CoV2-5UTR-Amplicon-short-trimmed+3,13,t,0.0217
SARS-CoV2-5UTR-Amplicon-short-trimmed+3,14,c,0.0082
SARS-CoV2-5UTR-Amplicon-short-trimmed+3,15,t,0.0432
SARS-CoV2-5UTR-Amplicon-short-trimmed+3,16,c,0.0255
SARS-CoV2-5UTR-Amplicon-short-trimmed+3,17,t,0.0193
SARS-CoV2-5UTR-Amplicon-short-trimmed+3,18,a,0.0458
SARS-CoV2-5UTR-Amplicon-short-trimmed+3,19,a,0.0124
SARS-CoV2-5UTR-Amplicon-short-trimmed+3,20,a,0.011
SARS-CoV2-5UTR-Amplicon-short-trimmed+3,21,c,0.0068
SARS-CoV2-5UTR-Amplicon-short-trimmed+3,22,g,0.0125
SARS-CoV2-5UTR-Amplicon-short-trimmed+3,23,a,0.0095
SARS-CoV2-5UTR-Amplicon-short-trimmed+3,24,a,0.0083
SARS-CoV2-5UTR-Amplicon-short-trimmed+3,25,c,0.6404
SARS-CoV2-5UTR-Amplicon-short-trimmed+3,26,t,0.0476
SARS-CoV2-5UTR-Amplicon-short-trimmed+3,27,t,0.0593
SARS-CoV2-5UTR-Amplicon-short-trimmed+3,28,t,0.0063
SARS-CoV2-5UTR-Amplicon-short-trimmed+3,29,a,0.011
SARS-CoV2-5UTR-Amplicon-short-trimmed+3,30,a,0.0141
SARS-CoV2-5UTR-Amplicon-short-trimmed+3,31,a,0.0631
SARS-CoV2-5UTR-Amplicon-short-trimmed+3,32,a,0.0162
SARS-CoV2-5UTR-Amplicon-short-trimmed+3,33,t,0.017
SARS-CoV2-5UTR-Amplicon-short-trimmed+3,34,c,0.0081
SARS-CoV2-5UTR-Amplicon-short-trimmed+3,35,t,0.0167
SARS-CoV2-5UTR-Amplicon-short-trimmed+3,36,g,0.0147
SARS-CoV2-5UTR-Amplicon-short-trimmed+3,37,t,0.0261
SARS-CoV2-5UTR-Amplicon-short-trimmed+3,38,g,0.0118
SARS-CoV2-5UTR-Amplicon-short-trimmed+3,39,t,0.0223
SARS-CoV2-5UTR-Amplicon-short-trimmed+3,40,g,0.0157
SARS-CoV2-5UTR-Amplicon-short-trimmed+3,41,g,0.0403
SARS-CoV2-5UTR-Amplicon-short-trimmed+3,42,c,0.014
SARS-CoV2-5UTR-Amplicon-short-trimmed+3,43,t,0.0683
SARS-CoV2-5UTR-Amplicon-short-trimmed+3,44,g,0.0358
SARS-CoV2-5UTR-Amplicon-short-trimmed+3,45,t,0.0455
SARS-CoV2-5UTR-Amplicon-short-trimmed+3,46,c,0.0077
SARS-CoV2-5UTR-Amplicon-short-trimmed+3,47,a,0.0108
SARS-CoV2-5UTR-Amplicon-short-trimmed+3,48,c,0.0077
SARS-CoV2-5UTR-Amplicon-short-trimmed+3,49,t,0.0209
SARS-CoV2-5UTR-Amplicon-short-trimmed+3,50,c,0.0099
SARS-CoV2-5UTR-Amplicon-short-trimmed+3,51,g,0.0367
SARS-CoV2-5UTR-Amplicon-short-trimmed+3,52,g,0.0362
SARS-CoV2-5UTR-Amplicon-short-trimmed+3,53,c,0.0668
SARS-CoV2-5UTR-Amplicon-short-trimmed+3,54,t,0.0129
SARS-CoV2-5UTR-Amplicon-short-trimmed+3,55,g,0.1149
SARS-CoV2-5UTR-Amplicon-short-trimmed+3,56,c,0.015
SARS-CoV2-5UTR-Amplicon-short-trimmed+3,57,g,0.1035
SARS-CoV2-5UTR-Amplicon-short-trimmed+3,58,t,0.0369
SARS-CoV2-5UTR-Amplicon-short-trimmed+3,59,g,0.0548
SARS-CoV2-5UTR-Amplicon-short-trimmed+3,60,c,0.0118
SARS-CoV2-5UTR-Amplicon-short-trimmed+3,61,t,0.038
SARS-CoV2-5UTR-Amplicon-short-trimmed+3,62,t,0.0192
SARS-CoV2-5UTR-Amplicon-short-trimmed+3,63,a,0.0141
SARS-CoV2-5UTR-Amplicon-short-trimmed+3,64,g,0.0152
SARS-CoV2-5UTR-Amplicon-short-trimmed+3,65,t,0.0128
SARS-CoV2-5UTR-Amplicon-short-trimmed+3,66,g,0.0416
SARS-CoV2-5UTR-Amplicon-short-trimmed+3,67,c,0.0229
SARS-CoV2-5UTR-Amplicon-short-trimmed+3,68,a,0.0301
SARS-CoV2-5UTR-Amplicon-short-trimmed+3,69,c,0.0113
SARS-CoV2-5UTR-Amplicon-short-trimmed+3,70,t,0.0186
SARS-CoV2-5UTR-Amplicon-short-trimmed+3,71,c,0.0245
SARS-CoV2-5UTR-Amplicon-short-trimmed+3,72,a,0.028
SARS-CoV2-5UTR-Amplicon-short-trimmed+3,73,c,0.011
SARS-CoV2-5UTR-Amplicon-short-trimmed+3,74,g,0.0256
SARS-CoV2-5UTR-Amplicon-short-trimmed+3,75,c,0.0046
SARS-CoV2-5UTR-Amplicon-short-trimmed+3,76,a,0.066
SARS-CoV2-5UTR-Amplicon-short-trimmed+3,77,g,0.0258
SARS-CoV2-5UTR-Amplicon-short-trimmed+3,78,t,0.0199
SARS-CoV2-5UTR-Amplicon-short-trimmed+3,79,a,0.0253
SARS-CoV2-5UTR-Amplicon-short-trimmed+3,80,t,0.0108
SARS-CoV2-5UTR-Amplicon-short-trimmed+3,81,a,0.0218
SARS-CoV2-5UTR-Amplicon-short-trimmed+3,82,a,0.0379
SARS-CoV2-5UTR-Amplicon-short-trimmed+3,83,t,0.0097
SARS-CoV2-5UTR-Amplicon-short-trimmed+3,84,t,0.047
SARS-CoV2-5UTR-Amplicon-short-trimmed+3,85,a,0.0408
SARS-CoV2-5UTR-Amplicon-short-trimmed+3,86,a,0.0323
SARS-CoV2-5UTR-Amplicon-short-trimmed+3,87,t,0.0077
SARS-CoV2-5UTR-Amplicon-short-trimmed+3,88,a,0.0285
SARS-CoV2-5UTR-Amplicon-short-trimmed+3,89,a,0.028
SARS-CoV2-5UTR-Amplicon-short-trimmed+3,90,c,0.282
SARS-CoV2-5UTR-Amplicon-short-trimmed+3,91,t,0.0705
SARS-CoV2-5UTR-Amplicon-short-trimmed+3,92,a,0.0213
SARS-CoV2-5UTR-Amplicon-short-trimmed+3,93,a,0.0304
SARS-CoV2-5UTR-Amplicon-short-trimmed+3,94,t,0.0284
SARS-CoV2-5UTR-Amplicon-short-trimmed+3,95,t,0.0348
SARS-CoV2-5UTR-Amplicon-short-trimmed+3,96,a,0.0256
SARS-CoV2-5UTR-Amplicon-short-trimmed+3,97,c,0.0129
SARS-CoV2-5UTR-Amplicon-short-trimmed+3,98,t,0.2643
SARS-CoV2-5UTR-Amplicon-short-trimmed+3,99,g,0.0582
SARS-CoV2-5UTR-Amplicon-short-trimmed+3,100,t,0.0506
SARS-CoV2-5UTR-Amplicon-short-trimmed+3,101,c,0.0145
SARS-CoV2-5UTR-Amplicon-short-trimmed+3,102,g,0.0429
SARS-CoV2-5UTR-Amplicon-short-trimmed+3,103,t,0.041
SARS-CoV2-5UTR-Amplicon-short-trimmed+3,104,t,0.0777
SARS-CoV2-5UTR-Amplicon-short-trimmed+3,105,g,0.0414
SARS-CoV2-5UTR-Amplicon-short-trimmed+3,106,a,0.0347
SARS-CoV2-5UTR-Amplicon-short-trimmed+3,107,c,0.0244
SARS-CoV2-5UTR-Amplicon-short-trimmed+3,108,a,0.0536
SARS-CoV2-5UTR-Amplicon-short-trimmed+3,109,g,0.0445
SARS-CoV2-5UTR-Amplicon-short-trimmed+3,110,g,0.0357
SARS-CoV2-5UTR-Amplicon-short-trimmed+3,111,a,0.029
SARS-CoV2-5UTR-Amplicon-short-trimmed+3,112,c,0.0304
SARS-CoV2-5UTR-Amplicon-short-trimmed+3,113,a,0.0606
SARS-CoV2-5UTR-Amplicon-short-trimmed+3,114,c,0.0237
SARS-CoV2-5UTR-Amplicon-short-trimmed+3,115,g,0.0303
SARS-CoV2-5UTR-Amplicon-short-trimmed+3,116,a,0.0316
SARS-CoV2-5UTR-Amplicon-short-trimmed+3,117,g,0.0166
SARS-CoV2-5UTR-Amplicon-short-trimmed+3,118,t,0.0685
SARS-CoV2-5UTR-Amplicon-short-trimmed+3,119,a,0.0791
SARS-CoV2-5UTR-Amplicon-short-trimmed+3,120,a,0.0214
SARS-CoV2-5UTR-Amplicon-short-trimmed+3,121,c,0.0155
SARS-CoV2-5UTR-Amplicon-short-trimmed+3,122,t,0.0803
SARS-CoV2-5UTR-Amplicon-short-trimmed+3,123,c,0.1702
SARS-CoV2-5UTR-Amplicon-short-trimmed+3,124,g,0.1482
SARS-CoV2-5UTR-Amplicon-short-trimmed+3,125,t,0.1899
SARS-CoV2-5UTR-Amplicon-short-trimmed+3,126,c,0.0831
SARS-CoV2-5UTR-Amplicon-short-trimmed+3,127,t,0.0935
SARS-CoV2-5UTR-Amplicon-short-trimmed+3,128,a,0.1866
SARS-CoV2-5UTR-Amplicon-short-trimmed+3,129,t,0.885
SARS-CoV2-5UTR-Amplicon-short-trimmed+3,130,c,0.1058
SARS-CoV2-5UTR-Amplicon-short-trimmed+3,131,t,0.156
SARS-CoV2-5UTR-Amplicon-short-trimmed+3,132,t,0.2471
SARS-CoV2-5UTR-Amplicon-short-trimmed+3,133,c,0.2538
SARS-CoV2-5UTR-Amplicon-short-trimmed+3,134,t,0.1841
SARS-CoV2-5UTR-Amplicon-short-trimmed+3,135,g,0.1123
SARS-CoV2-5UTR-Amplicon-short-trimmed+3,136,c,0.3568
SARS-CoV2-5UTR-Amplicon-short-trimmed+3,137,a,0.2054
SARS-CoV2-5UTR-Amplicon-short-trimmed+3,138,g,0.078
SARS-CoV2-5UTR-Amplicon-short-trimmed+3,139,g,0.2266
SARS-CoV2-5UTR-Amplicon-short-trimmed+3,140,c,0.0869
SARS-CoV2-5UTR-Amplicon-short-trimmed+3,141,t,0.2491
SARS-CoV2-5UTR-Amplicon-short-trimmed+3,142,g,0.3841
SARS-CoV2-5UTR-Amplicon-short-trimmed+3,143,c,0.0942
SARS-CoV2-5UTR-Amplicon-short-trimmed+3,144,t,0.0886
SARS-CoV2-5UTR-Amplicon-short-trimmed+3,145,t,0.1107
SARS-CoV2-5UTR-Amplicon-short-trimmed+3,146,a,0.1681
SARS-CoV2-5UTR-Amplicon-short-trimmed+3,147,c,0.1244
SARS-CoV2-5UTR-Amplicon-short-trimmed+3,148,g,0.3328
SARS-CoV2-5UTR-Amplicon-short-trimmed+3,149,g,0.13
SARS-CoV2-5UTR-Amplicon-short-trimmed+3,150,t,0.1386
SARS-CoV2-5UTR-Amplicon-short-trimmed+3,151,t,0.1185
SARS-CoV2-5UTR-Amplicon-short-trimmed+3,152,t,0.1905
SARS-CoV2-5UTR-Amplicon-short-trimmed+3,153,c,0.1919
SARS-CoV2-5UTR-Amplicon-short-trimmed+3,154,g,0.0695
SARS-CoV2-5UTR-Amplicon-short-trimmed+3,155,t,0.286
SARS-CoV2-5UTR-Amplicon-short-trimmed+3,156,c,0.1715
SARS-CoV2-5UTR-Amplicon-short-trimmed+3,157,c,0.1831
SARS-CoV2-5UTR-Amplicon-short-trimmed+3,158,g,0.0885
SARS-CoV2-5UTR-Amplicon-short-trimmed+3,159,t,1.2176
SARS-CoV2-5UTR-Amplicon-short-trimmed+3,160,g,0.0687
SARS-CoV2-5UTR-Amplicon-short-trimmed+3,161,t,0.1107
SARS-CoV2-5UTR-Amplicon-short-trimmed+3,162,t,0.1488
SARS-CoV2-5UTR-Amplicon-short-trimmed+3,163,g,0.0849
SARS-CoV2-5UTR-Amplicon-short-trimmed+3,164,c,0.2355
SARS-CoV2-5UTR-Amplicon-short-trimmed+3,165,a,0.1891
SARS-CoV2-5UTR-Amplicon-short-trimmed+3,166,g,0.3975
SARS-CoV2-5UTR-Amplicon-short-trimmed+3,167,c,0.2186
SARS-CoV2-5UTR-Amplicon-short-trimmed+3,168,c,0.5131
SARS-CoV2-5UTR-Amplicon-short-trimmed+3,169,g,0.0869
SARS-CoV2-5UTR-Amplicon-short-trimmed+3,170,a,0.1192
SARS-CoV2-5UTR-Amplicon-short-trimmed+3,171,t,0.1132
SARS-CoV2-5UTR-Amplicon-short-trimmed+3,172,c,0.1696
SARS-CoV2-5UTR-Amplicon-short-trimmed+3,173,a,0.0499
SARS-CoV2-5UTR-Amplicon-short-trimmed+3,174,t,0.0797
SARS-CoV2-5UTR-Amplicon-short-trimmed+3,175,c,0.2012
SARS-CoV2-5UTR-Amplicon-short-trimmed+3,176,a,0.1141
SARS-CoV2-5UTR-Amplicon-short-trimmed+3,177,g,0.0995
SARS-CoV2-5UTR-Amplicon-short-trimmed+3,178,c,0.5607
SARS-CoV2-5UTR-Amplicon-short-trimmed+3,179,a,0.0942
SARS-CoV2-5UTR-Amplicon-short-trimmed+3,180,c,0.0805
SARS-CoV2-5UTR-Amplicon-short-trimmed+3,181,a,0.0867
SARS-CoV2-5UTR-Amplicon-short-trimmed+3,182,t,0.1302
SARS-CoV2-5UTR-Amplicon-short-trimmed+3,183,c,0.0683
SARS-CoV2-5UTR-Amplicon-short-trimmed+3,184,t,0.0829
SARS-CoV2-5UTR-Amplicon-short-trimmed+3,185,a,0.1493
SARS-CoV2-5UTR-Amplicon-short-trimmed+3,186,g,0.062
SARS-CoV2-5UTR-Amplicon-short-trimmed+3,187,g,0.0767
SARS-CoV2-5UTR-Amplicon-short-trimmed+3,188,t,0.1288
SARS-CoV2-5UTR-Amplicon-short-trimmed+3,189,t,0.2606
SARS-CoV2-5UTR-Amplicon-short-trimmed+3,190,t,0.3355
SARS-CoV2-5UTR-Amplicon-short-trimmed+3,191,c,0.1123
SARS-CoV2-5UTR-Amplicon-short-trimmed+3,192,g,0.0629
SARS-CoV2-5UTR-Amplicon-short-trimmed+3,193,t,1.0279
SARS-CoV2-5UTR-Amplicon-short-trimmed+3,194,c,0.0979
SARS-CoV2-5UTR-Amplicon-short-trimmed+3,195,c,0.145
SARS-CoV2-5UTR-Amplicon-short-trimmed+3,196,g,0.3091
SARS-CoV2-5UTR-Amplicon-short-trimmed+3,197,g,0.1224
SARS-CoV2-5UTR-Amplicon-short-trimmed+3,198,g,0.3833
SARS-CoV2-5UTR-Amplicon-short-trimmed+3,199,t,0.2028
SARS-CoV2-5UTR-Amplicon-short-trimmed+3,200,g,0.075
SARS-CoV2-5UTR-Amplicon-short-trimmed+3,201,t,0.1165
SARS-CoV2-5UTR-Amplicon-short-trimmed+3,202,g,0.0835
SARS-CoV2-5UTR-Amplicon-short-trimmed+3,203,a,0.2764
SARS-CoV2-5UTR-Amplicon-short-trimmed+3,204,c,0.089
SARS-CoV2-5UTR-Amplicon-short-trimmed+3,205,c,0.0811
SARS-CoV2-5UTR-Amplicon-short-trimmed+3,206,g,0.072
SARS-CoV2-5UTR-Amplicon-short-trimmed+3,207,a,0.0916
SARS-CoV2-5UTR-Amplicon-short-trimmed+3,208,a,0.0581
SARS-CoV2-5UTR-Amplicon-short-trimmed+3,209,a,0.1345
SARS-CoV2-5UTR-Amplicon-short-trimmed+3,210,g,0.1089
SARS-CoV2-5UTR-Amplicon-short-trimmed+3,211,g,0.1147
SARS-CoV2-5UTR-Amplicon-short-trimmed+3,212,t,0.1223
SARS-CoV2-5UTR-Amplicon-short-trimmed+3,213,a,0.0506
SARS-CoV2-5UTR-Amplicon-short-trimmed+3,214,a,0.0576
SARS-CoV2-5UTR-Amplicon-short-trimmed+3,215,g,0.0595
SARS-CoV2-5UTR-Amplicon-short-trimmed+3,216,a,0.0342
SARS-CoV2-5UTR-Amplicon-short-trimmed+3,217,t,0.0951
SARS-CoV2-5UTR-Amplicon-short-trimmed+3,218,g,0.0522
SARS-CoV2-5UTR-Amplicon-short-trimmed+3,219,g,0.0563
SARS-CoV2-5UTR-Amplicon-short-trimmed+3,220,a,0.1955
SARS-CoV2-5UTR-Amplicon-short-trimmed+3,221,g,0.1377
SARS-CoV2-5UTR-Amplicon-short-trimmed+3,222,a,0.063
SARS-CoV2-5UTR-Amplicon-short-trimmed+3,223,g,0.2028
SARS-CoV2-5UTR-Amplicon-short-trimmed+3,224,c,0.0641
SARS-CoV2-5UTR-Amplicon-short-trimmed+3,225,c,0.0657
SARS-CoV2-5UTR-Amplicon-short-trimmed+3,226,t,0.0439
SARS-CoV2-5UTR-Amplicon-short-trimmed+3,227,t,0.2685
SARS-CoV2-5UTR-Amplicon-short-trimmed+3,228,g,0.0385
SARS-CoV2-5UTR-Amplicon-short-trimmed+3,229,t,0.1164
SARS-CoV2-5UTR-Amplicon-short-trimmed+3,230,c,0.0512
SARS-CoV2-5UTR-Amplicon-short-trimmed+3,231,c,0.051
SARS-CoV2-5UTR-Amplicon-short-trimmed+3,232,c,0.077
SARS-CoV2-5UTR-Amplicon-short-trimmed+3,233,t,0.1415
SARS-CoV2-5UTR-Amplicon-short-trimmed+3,234,g,0.0647
SARS-CoV2-5UTR-Amplicon-short-trimmed+3,235,g,0.1343
SARS-CoV2-5UTR-Amplicon-short-trimmed+3,236,t,0.0607
SARS-CoV2-5UTR-Amplicon-short-trimmed+3,237,t,0.0536
SARS-CoV2-5UTR-Amplicon-short-trimmed+3,238,t,0.1106
SARS-CoV2-5UTR-Amplicon-short-trimmed+3,239,c,0.5565
SARS-CoV2-5UTR-Amplicon-short-trimmed+3,240,a,0.0772
SARS-CoV2-5UTR-Amplicon-short-trimmed+3,241,a,0.0706
SARS-CoV2-5UTR-Amplicon-short-trimmed+3,242,c,0.0687
SARS-CoV2-5UTR-Amplicon-short-trimmed+3,243,g,0.0142
SARS-CoV2-5UTR-Amplicon-short-trimmed+3,244,a,0.1888
SARS-CoV2-5UTR-Amplicon-short-trimmed+3,245,g,0.5293
SARS-CoV2-5UTR-Amplicon-short-trimmed+3,246,g,5.4006
SARS-CoV2-5UTR-Amplicon-short-trimmed+3,247,G,95.8776
SARS-CoV2-5UTR-Amplicon-short-trimmed+3,248,A,99.8779
SARS-CoV2-5UTR-Amplicon-short-trimmed+3,249,G,99.7617
