Region,Position,Ref_base,Mut_percentage
SARS-CoV2-5UTR-Amplicon-short-trimmed+3,1,T,99.8496
SARS-CoV2-5UTR-Amplicon-short-trimmed+3,2,T,99.8677
SARS-CoV2-5UTR-Amplicon-short-trimmed+3,3,G,99.971
SARS-CoV2-5UTR-Amplicon-short-trimmed+3,4,t,99.9461
SARS-CoV2-5UTR-Amplicon-short-trimmed+3,5,a,9e-04
SARS-CoV2-5UTR-Amplicon-short-trimmed+3,6,g,0.0705
SARS-CoV2-5UTR-Amplicon-short-trimmed+3,7,a,0.0076
SARS-CoV2-5UTR-Amplicon-short-trimmed+3,8,t,0.0089
SARS-CoV2-5UTR-Amplicon-short-trimmed+3,9,c,0.0024
SARS-CoV2-5UTR-Amplicon-short-trimmed+3,10,t,0.0023
SARS-CoV2-5UTR-Amplicon-short-trimmed+3,11,g,0.0576
SARS-CoV2-5UTR-Amplicon-short-trimmed+3,12,t,0.0138
SARS-CoV2-5UTR-Amplicon-short-trimmed+3,13,t,0.0143
SARS-CoV2-5UTR-Amplicon-short-trimmed+3,14,c,0.0037
SARS-CoV2-5UTR-Amplicon-short-trimmed+3,15,t,0.0324
SARS-CoV2-5UTR-Amplicon-short-trimmed+3,16,c,0.0119
SARS-CoV2-5UTR-Amplicon-short-trimmed+3,17,t,0.0135
SARS-CoV2-5UTR-Amplicon-short-trimmed+3,18,a,0.0277
SARS-CoV2-5UTR-Amplicon-short-trimmed+3,19,a,0.0055
SARS-CoV2-5UTR-Amplicon-short-trimmed+3,20,a,0.0061
SARS-CoV2-5UTR-Amplicon-short-trimmed+3,21,c,0.0043
SARS-CoV2-5UTR-Amplicon-short-trimmed+3,22,g,0.009
SARS-CoV2-5UTR-Amplicon-short-trimmed+3,23,a,0.0036
SARS-CoV2-5UTR-Amplicon-short-trimmed+3,24,a,0.0037
SARS-CoV2-5UTR-Amplicon-short-trimmed+3,25,c,0.1644
SARS-CoV2-5UTR-Amplicon-short-trimmed+3,26,t,0.0275
SARS-CoV2-5UTR-Amplicon-short-trimmed+3,27,t,0.0424
SARS-CoV2-5UTR-Amplicon-short-trimmed+3,28,t,0.0023
SARS-CoV2-5UTR-Amplicon-short-trimmed+3,29,a,0.0044
SARS-CoV2-5UTR-Amplicon-short-trimmed+3,30,a,0.0068
SARS-CoV2-5UTR-Amplicon-short-trimmed+3,31,a,0.0342
SARS-CoV2-5UTR-Amplicon-short-trimmed+3,32,a,0.0074
SARS-CoV2-5UTR-Amplicon-short-trimmed+3,33,t,0.0113
SARS-CoV2-5UTR-Amplicon-short-trimmed+3,34,c,0.0045
SARS-CoV2-5UTR-Amplicon-short-trimmed+3,35,t,0.0104
SARS-CoV2-5UTR-Amplicon-short-trimmed+3,36,g,0.0096
SARS-CoV2-5UTR-Amplicon-short-trimmed+3,37,t,0.0152
SARS-CoV2-5UTR-Amplicon-short-trimmed+3,38,g,0.0058
SARS-CoV2-5UTR-Amplicon-short-trimmed+3,39,t,0.013
SARS-CoV2-5UTR-Amplicon-short-trimmed+3,40,g,0.0074
SARS-CoV2-5UTR-Amplicon-short-trimmed+3,41,g,0.0206
SARS-CoV2-5UTR-Amplicon-short-trimmed+3,42,c,0.006
SARS-CoV2-5UTR-Amplicon-short-trimmed+3,43,t,0.0469
SARS-CoV2-5UTR-Amplicon-short-trimmed+3,44,g,0.0165
SARS-CoV2-5UTR-Amplicon-short-trimmed+3,45,t,0.0281
SARS-CoV2-5UTR-Amplicon-short-trimmed+3,46,c,0.005
SARS-CoV2-5UTR-Amplicon-short-trimmed+3,47,a,0.0056
SARS-CoV2-5UTR-Amplicon-short-trimmed+3,48,c,0.0046
SARS-CoV2-5UTR-Amplicon-short-trimmed+3,49,t,0.0135
SARS-CoV2-5UTR-Amplicon-short-trimmed+3,50,c,0.0053
SARS-CoV2-5UTR-Amplicon-short-trimmed+3,51,g,0.0237
SARS-CoV2-5UTR-Amplicon-short-trimmed+3,52,g,0.0217
SARS-CoV2-5UTR-Amplicon-short-trimmed+3,53,c,0.0331
SARS-CoV2-5UTR-Amplicon-short-trimmed+3,54,t,0.0076
SARS-CoV2-5UTR-Amplicon-short-trimmed+3,55,g,0.0646
SARS-CoV2-5UTR-Amplicon-short-trimmed+3,56,c,0.0097
SARS-CoV2-5UTR-Amplicon-short-trimmed+3,57,g,0.0567
SARS-CoV2-5UTR-Amplicon-short-trimmed+3,58,t,0.0186
SARS-CoV2-5UTR-Amplicon-short-trimmed+3,59,g,0.0317
SARS-CoV2-5UTR-Amplicon-short-trimmed+3,60,c,0.006
SARS-CoV2-5UTR-Amplicon-short-trimmed+3,61,t,0.0224
SARS-CoV2-5UTR-Amplicon-short-trimmed+3,62,t,0.0108
SARS-CoV2-5UTR-Amplicon-short-trimmed+3,63,a,0.0085
SARS-CoV2-5UTR-Amplicon-short-trimmed+3,64,g,0.0076
SARS-CoV2-5UTR-Amplicon-short-trimmed+3,65,t,0.0043
SARS-CoV2-5UTR-Amplicon-short-trimmed+3,66,g,0.0268
SARS-CoV2-5UTR-Amplicon-short-trimmed+3,67,c,0.0141
SARS-CoV2-5UTR-Amplicon-short-trimmed+3,68,a,0.0114
SARS-CoV2-5UTR-Amplicon-short-trimmed+3,69,c,0.0093
SARS-CoV2-5UTR-Amplicon-short-trimmed+3,70,t,0.0098
SARS-CoV2-5UTR-Amplicon-short-trimmed+3,71,c,0.013
SARS-CoV2-5UTR-Amplicon-short-trimmed+3,72,a,0.0144
SARS-CoV2-5UTR-Amplicon-short-trimmed+3,73,c,0.007
SARS-CoV2-5UTR-Amplicon-short-trimmed+3,74,g,0.0172
SARS-CoV2-5UTR-Amplicon-short-trimmed+3,75,c,0.0037
SARS-CoV2-5UTR-Amplicon-short-trimmed+3,76,a,0.0369
SARS-CoV2-5UTR-Amplicon-short-trimmed+3,77,g,0.0143
SARS-CoV2-5UTR-Amplicon-short-trimmed+3,78,t,0.0067
SARS-CoV2-5UTR-Amplicon-short-trimmed+3,79,a,0.0109
SARS-CoV2-5UTR-Amplicon-short-trimmed+3,80,t,0.0038
SARS-CoV2-5UTR-Amplicon-short-trimmed+3,81,a,0.0097
SARS-CoV2-5UTR-Amplicon-short-trimmed+3,82,a,0.0203
SARS-CoV2-5UTR-Amplicon-short-trimmed+3,83,t,0.0037
SARS-CoV2-5UTR-Amplicon-short-trimmed+3,84,t,0.0186
SARS-CoV2-5UTR-Amplicon-short-trimmed+3,85,a,0.022
SARS-CoV2-5UTR-Amplicon-short-trimmed+3,86,a,0.0182
SARS-CoV2-5UTR-Amplicon-short-trimmed+3,87,t,0.0056
SARS-CoV2-5UTR-Amplicon-short-trimmed+3,88,a,0.0138
SARS-CoV2-5UTR-Amplicon-short-trimmed+3,89,a,0.0146
SARS-CoV2-5UTR-Amplicon-short-trimmed+3,90,c,0.2768
SARS-CoV2-5UTR-Amplicon-short-trimmed+3,91,t,0.0436
SARS-CoV2-5UTR-Amplicon-short-trimmed+3,92,a,0.0113
SARS-CoV2-5UTR-Amplicon-short-trimmed+3,93,a,0.0121
SARS-CoV2-5UTR-Amplicon-short-trimmed+3,94,t,0.0121
SARS-CoV2-5UTR-Amplicon-short-trimmed+3,95,t,0.0142
SARS-CoV2-5UTR-Amplicon-short-trimmed+3,96,a,0.0107
SARS-CoV2-5UTR-Amplicon-short-trimmed+3,97,c,0.0074
SARS-CoV2-5UTR-Amplicon-short-trimmed+3,98,t,0.2589
SARS-CoV2-5UTR-Amplicon-short-trimmed+3,99,g,0.0402
SARS-CoV2-5UTR-Amplicon-short-trimmed+3,100,t,0.0248
SARS-CoV2-5UTR-Amplicon-short-trimmed+3,101,c,0.0074
SARS-CoV2-5UTR-Amplicon-short-trimmed+3,102,g,0.0228
SARS-CoV2-5UTR-Amplicon-short-trimmed+3,103,t,0.0211
SARS-CoV2-5UTR-Amplicon-short-trimmed+3,104,t,0.0427
SARS-CoV2-5UTR-Amplicon-short-trimmed+3,105,g,0.0226
SARS-CoV2-5UTR-Amplicon-short-trimmed+3,106,a,0.0168
SARS-CoV2-5UTR-Amplicon-short-trimmed+3,107,c,0.0105
SARS-CoV2-5UTR-Amplicon-short-trimmed+3,108,a,0.0227
SARS-CoV2-5UTR-Amplicon-short-trimmed+3,109,g,0.0286
SARS-CoV2-5UTR-Amplicon-short-trimmed+3,110,g,0.0207
SARS-CoV2-5UTR-Amplicon-short-trimmed+3,111,a,0.0084
SARS-CoV2-5UTR-Amplicon-short-trimmed+3,112,c,0.0181
SARS-CoV2-5UTR-Amplicon-short-trimmed+3,113,a,0.0187
SARS-CoV2-5UTR-Amplicon-short-trimmed+3,114,c,0.0118
SARS-CoV2-5UTR-Amplicon-short-trimmed+3,115,g,0.0154
SARS-CoV2-5UTR-Amplicon-short-trimmed+3,116,a,0.0099
SARS-CoV2-5UTR-Amplicon-short-trimmed+3,117,g,0.0071
SARS-CoV2-5UTR-Amplicon-short-trimmed+3,118,t,0.0321
SARS-CoV2-5UTR-Amplicon-short-trimmed+3,119,a,0.0304
SARS-CoV2-5UTR-Amplicon-short-trimmed+3,120,a,0.0104
SARS-CoV2-5UTR-Amplicon-short-trimmed+3,121,c,0.0125
SARS-CoV2-5UTR-Amplicon-short-trimmed+3,122,t,0.0492
SARS-CoV2-5UTR-Amplicon-short-trimmed+3,123,c,0.1595
SARS-CoV2-5UTR-Amplicon-short-trimmed+3,124,g,0.1431
SARS-CoV2-5UTR-Amplicon-short-trimmed+3,125,t,0.1788
SARS-CoV2-5UTR-Amplicon-short-trimmed+3,126,c,0.0755
SARS-CoV2-5UTR-Amplicon-short-trimmed+3,127,t,0.0846
SARS-CoV2-5UTR-Amplicon-short-trimmed+3,128,a,0.1577
SARS-CoV2-5UTR-Amplicon-short-trimmed+3,129,t,0.7904
SARS-CoV2-5UTR-Amplicon-short-trimmed+3,130,c,0.0932
SARS-CoV2-5UTR-Amplicon-short-trimmed+3,131,t,0.1285
SARS-CoV2-5UTR-Amplicon-short-trimmed+3,132,t,0.1989
SARS-CoV2-5UTR-Amplicon-short-trimmed+3,133,c,0.2294
SARS-CoV2-5UTR-Amplicon-short-trimmed+3,134,t,0.1483
SARS-CoV2-5UTR-Amplicon-short-trimmed+3,135,g,0.1084
SARS-CoV2-5UTR-Amplicon-short-trimmed+3,136,c,0.4046
SARS-CoV2-5UTR-Amplicon-short-trimmed+3,137,a,0.1728
SARS-CoV2-5UTR-Amplicon-short-trimmed+3,138,g,0.0747
SARS-CoV2-5UTR-Amplicon-short-trimmed+3,139,g,0.217
SARS-CoV2-5UTR-Amplicon-short-trimmed+3,140,c,0.092
SARS-CoV2-5UTR-Amplicon-short-trimmed+3,141,t,0.2151
SARS-CoV2-5UTR-Amplicon-short-trimmed+3,142,g,0.3477
SARS-CoV2-5UTR-Amplicon-short-trimmed+3,143,c,0.08
SARS-CoV2-5UTR-Amplicon-short-trimmed+3,144,t,0.0818
SARS-CoV2-5UTR-Amplicon-short-trimmed+3,145,t,0.1066
SARS-CoV2-5UTR-Amplicon-short-trimmed+3,146,a,0.1387
SARS-CoV2-5UTR-Amplicon-short-trimmed+3,147,c,0.1394
SARS-CoV2-5UTR-Amplicon-short-trimmed+3,148,g,0.3423
SARS-CoV2-5UTR-Amplicon-short-trimmed+3,149,g,0.1199
SARS-CoV2-5UTR-Amplicon-short-trimmed+3,150,t,0.111
SARS-CoV2-5UTR-Amplicon-short-trimmed+3,151,t,0.1095
SARS-CoV2-5UTR-Amplicon-short-trimmed+3,152,t,0.1668
SARS-CoV2-5UTR-Amplicon-short-trimmed+3,153,c,0.1833
SARS-CoV2-5UTR-Amplicon-short-trimmed+3,154,g,0.0613
SARS-CoV2-5UTR-Amplicon-short-trimmed+3,155,t,0.2612
SARS-CoV2-5UTR-Amplicon-short-trimmed+3,156,c,0.1747
SARS-CoV2-5UTR-Amplicon-short-trimmed+3,157,c,0.1792
SARS-CoV2-5UTR-Amplicon-short-trimmed+3,158,g,0.0786
SARS-CoV2-5UTR-Amplicon-short-trimmed+3,159,t,1.1415
SARS-CoV2-5UTR-Amplicon-short-trimmed+3,160,g,0.0704
SARS-CoV2-5UTR-Amplicon-short-trimmed+3,161,t,0.1068
SARS-CoV2-5UTR-Amplicon-short-trimmed+3,162,t,0.1353
SARS-CoV2-5UTR-Amplicon-short-trimmed+3,163,g,0.0853
SARS-CoV2-5UTR-Amplicon-short-trimmed+3,164,c,0.2413
SARS-CoV2-5UTR-Amplicon-short-trimmed+3,165,a,0.1729
SARS-CoV2-5UTR-Amplicon-short-trimmed+3,166,g,0.3527
SARS-CoV2-5UTR-Amplicon-short-trimmed+3,167,c,0.2548
SARS-CoV2-5UTR-Amplicon-short-trimmed+3,168,c,0.6325
SARS-CoV2-5UTR-Amplicon-short-trimmed+3,169,g,0.1022
SARS-CoV2-5UTR-Amplicon-short-trimmed+3,170,a,0.1039
SARS-CoV2-5UTR-Amplicon-short-trimmed+3,171,t,0.092
SARS-CoV2-5UTR-Amplicon-short-trimmed+3,172,c,0.1698
SARS-CoV2-5UTR-Amplicon-short-trimmed+3,173,a,0.0432
SARS-CoV2-5UTR-Amplicon-short-trimmed+3,174,t,0.0629
SARS-CoV2-5UTR-Amplicon-short-trimmed+3,175,c,0.2028
SARS-CoV2-5UTR-Amplicon-short-trimmed+3,176,a,0.1151
SARS-CoV2-5UTR-Amplicon-short-trimmed+3,177,g,0.1071
SARS-CoV2-5UTR-Amplicon-short-trimmed+3,178,c,0.6205
SARS-CoV2-5UTR-Amplicon-short-trimmed+3,179,a,0.077
SARS-CoV2-5UTR-Amplicon-short-trimmed+3,180,c,0.0841
SARS-CoV2-5UTR-Amplicon-short-trimmed+3,181,a,0.0664
SARS-CoV2-5UTR-Amplicon-short-trimmed+3,182,t,0.1124
SARS-CoV2-5UTR-Amplicon-short-trimmed+3,183,c,0.0594
SARS-CoV2-5UTR-Amplicon-short-trimmed+3,184,t,0.0979
SARS-CoV2-5UTR-Amplicon-short-trimmed+3,185,a,0.1738
SARS-CoV2-5UTR-Amplicon-short-trimmed+3,186,g,0.0718
SARS-CoV2-5UTR-Amplicon-short-trimmed+3,187,g,0.0737
SARS-CoV2-5UTR-Amplicon-short-trimmed+3,188,t,0.1017
SARS-CoV2-5UTR-Amplicon-short-trimmed+3,189,t,0.2777
SARS-CoV2-5UTR-Amplicon-short-trimmed+3,190,t,0.3132
SARS-CoV2-5UTR-Amplicon-short-trimmed+3,191,c,0.1155
SARS-CoV2-5UTR-Amplicon-short-trimmed+3,192,g,0.0576
SARS-CoV2-5UTR-Amplicon-short-trimmed+3,193,t,1.0034
SARS-CoV2-5UTR-Amplicon-short-trimmed+3,194,c,0.0947
SARS-CoV2-5UTR-Amplicon-short-trimmed+3,195,c,0.1454
SARS-CoV2-5UTR-Amplicon-short-trimmed+3,196,g,0.3087
SARS-CoV2-5UTR-Amplicon-short-trimmed+3,197,g,0.1187
SARS-CoV2-5UTR-Amplicon-short-trimmed+3,198,g,0.4566
SARS-CoV2-5UTR-Amplicon-short-trimmed+3,199,t,0.1929
SARS-CoV2-5UTR-Amplicon-short-trimmed+3,200,g,0.0685
SARS-CoV2-5UTR-Amplicon-short-trimmed+3,201,t,0.1084
SARS-CoV2-5UTR-Amplicon-short-trimmed+3,202,g,0.0858
SARS-CoV2-5UTR-Amplicon-short-trimmed+3,203,a,0.2747
SARS-CoV2-5UTR-Amplicon-short-trimmed+3,204,c,0.0911
SARS-CoV2-5UTR-Amplicon-short-trimmed+3,205,c,0.0752
SARS-CoV2-5UTR-Amplicon-short-trimmed+3,206,g,0.0764
SARS-CoV2-5UTR-Amplicon-short-trimmed+3,207,a,0.0912
SARS-CoV2-5UTR-Amplicon-short-trimmed+3,208,a,0.0487
SARS-CoV2-5UTR-Amplicon-short-trimmed+3,209,a,0.1326
SARS-CoV2-5UTR-Amplicon-short-trimmed+3,210,g,0.1206
SARS-CoV2-5UTR-Amplicon-short-trimmed+3,211,g,0.1409
SARS-CoV2-5UTR-Amplicon-short-trimmed+3,212,t,0.114
SARS-CoV2-5UTR-Amplicon-short-trimmed+3,213,a,0.0531
SARS-CoV2-5UTR-Amplicon-short-trimmed+3,214,a,0.0547
SARS-CoV2-5UTR-Amplicon-short-trimmed+3,215,g,0.0625
SARS-CoV2-5UTR-Amplicon-short-trimmed+3,216,a,0.0411
SARS-CoV2-5UTR-Amplicon-short-trimmed+3,217,t,0.0951
SARS-CoV2-5UTR-Amplicon-short-trimmed+3,218,g,0.0577
SARS-CoV2-5UTR-Amplicon-short-trimmed+3,219,g,0.0656
SARS-CoV2-5UTR-Amplicon-short-trimmed+3,220,a,0.2297
SARS-CoV2-5UTR-Amplicon-short-trimmed+3,221,g,0.1632
SARS-CoV2-5UTR-Amplicon-short-trimmed+3,222,a,0.0652
SARS-CoV2-5UTR-Amplicon-short-trimmed+3,223,g,0.1808
SARS-CoV2-5UTR-Amplicon-short-trimmed+3,224,c,0.0687
SARS-CoV2-5UTR-Amplicon-short-trimmed+3,225,c,0.0564
SARS-CoV2-5UTR-Amplicon-short-trimmed+3,226,t,0.0371
SARS-CoV2-5UTR-Amplicon-short-trimmed+3,227,t,0.2881
SARS-CoV2-5UTR-Amplicon-short-trimmed+3,228,g,0.0373
SARS-CoV2-5UTR-Amplicon-short-trimmed+3,229,t,0.1128
SARS-CoV2-5UTR-Amplicon-short-trimmed+3,230,c,0.0486
SARS-CoV2-5UTR-Amplicon-short-trimmed+3,231,c,0.0524
SARS-CoV2-5UTR-Amplicon-short-trimmed+3,232,c,0.0868
SARS-CoV2-5UTR-Amplicon-short-trimmed+3,233,t,0.1441
SARS-CoV2-5UTR-Amplicon-short-trimmed+3,234,g,0.0638
SARS-CoV2-5UTR-Amplicon-short-trimmed+3,235,g,0.1207
SARS-CoV2-5UTR-Amplicon-short-trimmed+3,236,t,0.05
SARS-CoV2-5UTR-Amplicon-short-trimmed+3,237,t,0.0483
SARS-CoV2-5UTR-Amplicon-short-trimmed+3,238,t,0.107
SARS-CoV2-5UTR-Amplicon-short-trimmed+3,239,c,0.5856
SARS-CoV2-5UTR-Amplicon-short-trimmed+3,240,a,0.0823
SARS-CoV2-5UTR-Amplicon-short-trimmed+3,241,a,0.0697
SARS-CoV2-5UTR-Amplicon-short-trimmed+3,242,c,0.0767
SARS-CoV2-5UTR-Amplicon-short-trimmed+3,243,g,0.0165
SARS-CoV2-5UTR-Amplicon-short-trimmed+3,244,a,0.2336
SARS-CoV2-5UTR-Amplicon-short-trimmed+3,245,g,0.5267
SARS-CoV2-5UTR-Amplicon-short-trimmed+3,246,g,5.4403
SARS-CoV2-5UTR-Amplicon-short-trimmed+3,247,G,95.8772
SARS-CoV2-5UTR-Amplicon-short-trimmed+3,248,A,99.8577
SARS-CoV2-5UTR-Amplicon-short-trimmed+3,249,G,99.7616
