Region,Position,Ref_base,Mut_percentage
SARS-CoV2-5UTR-Amplicon-short-trimmed+3,1,T,99.8482
SARS-CoV2-5UTR-Amplicon-short-trimmed+3,2,T,99.8649
SARS-CoV2-5UTR-Amplicon-short-trimmed+3,3,G,99.9717
SARS-CoV2-5UTR-Amplicon-short-trimmed+3,4,t,99.9406
SARS-CoV2-5UTR-Amplicon-short-trimmed+3,5,a,0.0017
SARS-CoV2-5UTR-Amplicon-short-trimmed+3,6,g,0.0725
SARS-CoV2-5UTR-Amplicon-short-trimmed+3,7,a,0.0069
SARS-CoV2-5UTR-Amplicon-short-trimmed+3,8,t,0.0135
SARS-CoV2-5UTR-Amplicon-short-trimmed+3,9,c,0.0028
SARS-CoV2-5UTR-Amplicon-short-trimmed+3,10,t,0.0023
SARS-CoV2-5UTR-Amplicon-short-trimmed+3,11,g,0.057
SARS-CoV2-5UTR-Amplicon-short-trimmed+3,12,t,0.0201
SARS-CoV2-5UTR-Amplicon-short-trimmed+3,13,t,0.0178
SARS-CoV2-5UTR-Amplicon-short-trimmed+3,14,c,0.0068
SARS-CoV2-5UTR-Amplicon-short-trimmed+3,15,t,0.0324
SARS-CoV2-5UTR-Amplicon-short-trimmed+3,16,c,0.0135
SARS-CoV2-5UTR-Amplicon-short-trimmed+3,17,t,0.0246
SARS-CoV2-5UTR-Amplicon-short-trimmed+3,18,a,0.0369
SARS-CoV2-5UTR-Amplicon-short-trimmed+3,19,a,0.0074
SARS-CoV2-5UTR-Amplicon-short-trimmed+3,20,a,0.0055
SARS-CoV2-5UTR-Amplicon-short-trimmed+3,21,c,0.0065
SARS-CoV2-5UTR-Amplicon-short-trimmed+3,22,g,0.0074
SARS-CoV2-5UTR-Amplicon-short-trimmed+3,23,a,0.0041
SARS-CoV2-5UTR-Amplicon-short-trimmed+3,24,a,0.0058
SARS-CoV2-5UTR-Amplicon-short-trimmed+3,25,c,0.1712
SARS-CoV2-5UTR-Amplicon-short-trimmed+3,26,t,0.0313
SARS-CoV2-5UTR-Amplicon-short-trimmed+3,27,t,0.0433
SARS-CoV2-5UTR-Amplicon-short-trimmed+3,28,t,0.0048
SARS-CoV2-5UTR-Amplicon-short-trimmed+3,29,a,0.006
SARS-CoV2-5UTR-Amplicon-short-trimmed+3,30,a,0.0075
SARS-CoV2-5UTR-Amplicon-short-trimmed+3,31,a,0.0418
SARS-CoV2-5UTR-Amplicon-short-trimmed+3,32,a,0.0071
SARS-CoV2-5UTR-Amplicon-short-trimmed+3,33,t,0.0118
SARS-CoV2-5UTR-Amplicon-short-trimmed+3,34,c,0.0035
SARS-CoV2-5UTR-Amplicon-short-trimmed+3,35,t,0.0124
SARS-CoV2-5UTR-Amplicon-short-trimmed+3,36,g,0.0104
SARS-CoV2-5UTR-Amplicon-short-trimmed+3,37,t,0.0166
SARS-CoV2-5UTR-Amplicon-short-trimmed+3,38,g,0.0063
SARS-CoV2-5UTR-Amplicon-short-trimmed+3,39,t,0.0123
SARS-CoV2-5UTR-Amplicon-short-trimmed+3,40,g,0.008
SARS-CoV2-5UTR-Amplicon-short-trimmed+3,41,g,0.0197
SARS-CoV2-5UTR-Amplicon-short-trimmed+3,42,c,0.0089
SARS-CoV2-5UTR-Amplicon-short-trimmed+3,43,t,0.0519
SARS-CoV2-5UTR-Amplicon-short-trimmed+3,44,g,0.0174
SARS-CoV2-5UTR-Amplicon-short-trimmed+3,45,t,0.0244
SARS-CoV2-5UTR-Amplicon-short-trimmed+3,46,c,0.0055
SARS-CoV2-5UTR-Amplicon-short-trimmed+3,47,a,0.0054
SARS-CoV2-5UTR-Amplicon-short-trimmed+3,48,c,0.0054
SARS-CoV2-5UTR-Amplicon-short-trimmed+3,49,t,0.0144
SARS-CoV2-5UTR-Amplicon-short-trimmed+3,50,c,0.0069
SARS-CoV2-5UTR-Amplicon-short-trimmed+3,51,g,0.0237
SARS-CoV2-5UTR-Amplicon-short-trimmed+3,52,g,0.026
SARS-CoV2-5UTR-Amplicon-short-trimmed+3,53,c,0.0362
SARS-CoV2-5UTR-Amplicon-short-trimmed+3,54,t,0.0063
SARS-CoV2-5UTR-Amplicon-short-trimmed+3,55,g,0.065
SARS-CoV2-5UTR-Amplicon-short-trimmed+3,56,c,0.0111
SARS-CoV2-5UTR-Amplicon-short-trimmed+3,57,g,0.0561
SARS-CoV2-5UTR-Amplicon-short-trimmed+3,58,t,0.0167
SARS-CoV2-5UTR-Amplicon-short-trimmed+3,59,g,0.0278
SARS-CoV2-5UTR-Amplicon-short-trimmed+3,60,c,0.0077
SARS-CoV2-5UTR-Amplicon-short-trimmed+3,61,t,0.0289
SARS-CoV2-5UTR-Amplicon-short-trimmed+3,62,t,0.014
SARS-CoV2-5UTR-Amplicon-short-trimmed+3,63,a,0.0098
SARS-CoV2-5UTR-Amplicon-short-trimmed+3,64,g,0.0078
SARS-CoV2-5UTR-Amplicon-short-trimmed+3,65,t,0.0048
SARS-CoV2-5UTR-Amplicon-short-trimmed+3,66,g,0.024
SARS-CoV2-5UTR-Amplicon-short-trimmed+3,67,c,0.0181
SARS-CoV2-5UTR-Amplicon-short-trimmed+3,68,a,0.0124
SARS-CoV2-5UTR-Amplicon-short-trimmed+3,69,c,0.0111
SARS-CoV2-5UTR-Amplicon-short-trimmed+3,70,t,0.0098
SARS-CoV2-5UTR-Amplicon-short-trimmed+3,71,c,0.014
SARS-CoV2-5UTR-Amplicon-short-trimmed+3,72,a,0.0175
SARS-CoV2-5UTR-Amplicon-short-trimmed+3,73,c,0.008
SARS-CoV2-5UTR-Amplicon-short-trimmed+3,74,g,0.0195
SARS-CoV2-5UTR-Amplicon-short-trimmed+3,75,c,0.0032
SARS-CoV2-5UTR-Amplicon-short-trimmed+3,76,a,0.0395
SARS-CoV2-5UTR-Amplicon-short-trimmed+3,77,g,0.0127
SARS-CoV2-5UTR-Amplicon-short-trimmed+3,78,t,0.0068
SARS-CoV2-5UTR-Amplicon-short-trimmed+3,79,a,0.0112
SARS-CoV2-5UTR-Amplicon-short-trimmed+3,80,t,0.0041
SARS-CoV2-5UTR-Amplicon-short-trimmed+3,81,a,0.008
SARS-CoV2-5UTR-Amplicon-short-trimmed+3,82,a,0.0203
SARS-CoV2-5UTR-Amplicon-short-trimmed+3,83,t,0.0046
SARS-CoV2-5UTR-Amplicon-short-trimmed+3,84,t,0.0189
SARS-CoV2-5UTR-Amplicon-short-trimmed+3,85,a,0.0246
SARS-CoV2-5UTR-Amplicon-short-trimmed+3,86,a,0.0181
SARS-CoV2-5UTR-Amplicon-short-trimmed+3,87,t,0.0049
SARS-CoV2-5UTR-Amplicon-short-trimmed+3,88,a,0.0112
SARS-CoV2-5UTR-Amplicon-short-trimmed+3,89,a,0.0146
SARS-CoV2-5UTR-Amplicon-short-trimmed+3,90,c,0.2804
SARS-CoV2-5UTR-Amplicon-short-trimmed+3,91,t,0.0413
SARS-CoV2-5UTR-Amplicon-short-trimmed+3,92,a,0.0101
SARS-CoV2-5UTR-Amplicon-short-trimmed+3,93,a,0.0127
SARS-CoV2-5UTR-Amplicon-short-trimmed+3,94,t,0.0127
SARS-CoV2-5UTR-Amplicon-short-trimmed+3,95,t,0.0155
SARS-CoV2-5UTR-Amplicon-short-trimmed+3,96,a,0.0137
SARS-CoV2-5UTR-Amplicon-short-trimmed+3,97,c,0.0098
SARS-CoV2-5UTR-Amplicon-short-trimmed+3,98,t,0.2612
SARS-CoV2-5UTR-Amplicon-short-trimmed+3,99,g,0.045
SARS-CoV2-5UTR-Amplicon-short-trimmed+3,100,t,0.0264
SARS-CoV2-5UTR-Amplicon-short-trimmed+3,101,c,0.0069
SARS-CoV2-5UTR-Amplicon-short-trimmed+3,102,g,0.024
SARS-CoV2-5UTR-Amplicon-short-trimmed+3,103,t,0.0187
SARS-CoV2-5UTR-Amplicon-short-trimmed+3,104,t,0.0405
SARS-CoV2-5UTR-Amplicon-short-trimmed+3,105,g,0.0215
SARS-CoV2-5UTR-Amplicon-short-trimmed+3,106,a,0.0147
SARS-CoV2-5UTR-Amplicon-short-trimmed+3,107,c,0.0103
SARS-CoV2-5UTR-Amplicon-short-trimmed+3,108,a,0.0226
SARS-CoV2-5UTR-Amplicon-short-trimmed+3,109,g,0.0301
SARS-CoV2-5UTR-Amplicon-short-trimmed+3,110,g,0.0286
SARS-CoV2-5UTR-Amplicon-short-trimmed+3,111,a,0.0098
SARS-CoV2-5UTR-Amplicon-short-trimmed+3,112,c,0.0155
SARS-CoV2-5UTR-Amplicon-short-trimmed+3,113,a,0.0167
SARS-CoV2-5UTR-Amplicon-short-trimmed+3,114,c,0.0135
SARS-CoV2-5UTR-Amplicon-short-trimmed+3,115,g,0.0163
SARS-CoV2-5UTR-Amplicon-short-trimmed+3,116,a,0.0087
SARS-CoV2-5UTR-Amplicon-short-trimmed+3,117,g,0.0106
SARS-CoV2-5UTR-Amplicon-short-trimmed+3,118,t,0.0346
SARS-CoV2-5UTR-Amplicon-short-trimmed+3,119,a,0.0285
SARS-CoV2-5UTR-Amplicon-short-trimmed+3,120,a,0.0069
SARS-CoV2-5UTR-Amplicon-short-trimmed+3,121,c,0.0124
SARS-CoV2-5UTR-Amplicon-short-trimmed+3,122,t,0.0444
SARS-CoV2-5UTR-Amplicon-short-trimmed+3,123,c,0.1365
SARS-CoV2-5UTR-Amplicon-short-trimmed+3,124,g,0.1391
SARS-CoV2-5UTR-Amplicon-short-trimmed+3,125,t,0.1694
SARS-CoV2-5UTR-Amplicon-short-trimmed+3,126,c,0.0757
SARS-CoV2-5UTR-Amplicon-short-trimmed+3,127,t,0.0726
SARS-CoV2-5UTR-Amplicon-short-trimmed+3,128,a,0.1229
SARS-CoV2-5UTR-Amplicon-short-trimmed+3,129,t,0.6267
SARS-CoV2-5UTR-Amplicon-short-trimmed+3,130,c,0.0802
SARS-CoV2-5UTR-Amplicon-short-trimmed+3,131,t,0.1016
SARS-CoV2-5UTR-Amplicon-short-trimmed+3,132,t,0.1674
SARS-CoV2-5UTR-Amplicon-short-trimmed+3,133,c,0.1971
SARS-CoV2-5UTR-Amplicon-short-trimmed+3,134,t,0.1243
SARS-CoV2-5UTR-Amplicon-short-trimmed+3,135,g,0.1086
SARS-CoV2-5UTR-Amplicon-short-trimmed+3,136,c,0.3529
SARS-CoV2-5UTR-Amplicon-short-trimmed+3,137,a,0.1521
SARS-CoV2-5UTR-Amplicon-short-trimmed+3,138,g,0.0639
SARS-CoV2-5UTR-Amplicon-short-trimmed+3,139,g,0.1838
SARS-CoV2-5UTR-Amplicon-short-trimmed+3,140,c,0.0826
SARS-CoV2-5UTR-Amplicon-short-trimmed+3,141,t,0.1937
SARS-CoV2-5UTR-Amplicon-short-trimmed+3,142,g,0.3056
SARS-CoV2-5UTR-Amplicon-short-trimmed+3,143,c,0.0848
SARS-CoV2-5UTR-Amplicon-short-trimmed+3,144,t,0.0658
SARS-CoV2-5UTR-Amplicon-short-trimmed+3,145,t,0.0827
SARS-CoV2-5UTR-Amplicon-short-trimmed+3,146,a,0.1088
SARS-CoV2-5UTR-Amplicon-short-trimmed+3,147,c,0.1339
SARS-CoV2-5UTR-Amplicon-short-trimmed+3,148,g,0.3442
SARS-CoV2-5UTR-Amplicon-short-trimmed+3,149,g,0.124
SARS-CoV2-5UTR-Amplicon-short-trimmed+3,150,t,0.1062
SARS-CoV2-5UTR-Amplicon-short-trimmed+3,151,t,0.103
SARS-CoV2-5UTR-Amplicon-short-trimmed+3,152,t,0.1268
SARS-CoV2-5UTR-Amplicon-short-trimmed+3,153,c,0.1569
SARS-CoV2-5UTR-Amplicon-short-trimmed+3,154,g,0.0539
SARS-CoV2-5UTR-Amplicon-short-trimmed+3,155,t,0.257
SARS-CoV2-5UTR-Amplicon-short-trimmed+3,156,c,0.1759
SARS-CoV2-5UTR-Amplicon-short-trimmed+3,157,c,0.1633
SARS-CoV2-5UTR-Amplicon-short-trimmed+3,158,g,0.0766
SARS-CoV2-5UTR-Amplicon-short-trimmed+3,159,t,0.9565
SARS-CoV2-5UTR-Amplicon-short-trimmed+3,160,g,0.0671
SARS-CoV2-5UTR-Amplicon-short-trimmed+3,161,t,0.1153
SARS-CoV2-5UTR-Amplicon-short-trimmed+3,162,t,0.1285
SARS-CoV2-5UTR-Amplicon-short-trimmed+3,163,g,0.0869
SARS-CoV2-5UTR-Amplicon-short-trimmed+3,164,c,0.2143
SARS-CoV2-5UTR-Amplicon-short-trimmed+3,165,a,0.1489
SARS-CoV2-5UTR-Amplicon-short-trimmed+3,166,g,0.3502
SARS-CoV2-5UTR-Amplicon-short-trimmed+3,167,c,0.2472
SARS-CoV2-5UTR-Amplicon-short-trimmed+3,168,c,0.5398
SARS-CoV2-5UTR-Amplicon-short-trimmed+3,169,g,0.0971
SARS-CoV2-5UTR-Amplicon-short-trimmed+3,170,a,0.0901
SARS-CoV2-5UTR-Amplicon-short-trimmed+3,171,t,0.091
SARS-CoV2-5UTR-Amplicon-short-trimmed+3,172,c,0.151
SARS-CoV2-5UTR-Amplicon-short-trimmed+3,173,a,0.0394
SARS-CoV2-5UTR-Amplicon-short-trimmed+3,174,t,0.0568
SARS-CoV2-5UTR-Amplicon-short-trimmed+3,175,c,0.1746
SARS-CoV2-5UTR-Amplicon-short-trimmed+3,176,a,0.1013
SARS-CoV2-5UTR-Amplicon-short-trimmed+3,177,g,0.1081
SARS-CoV2-5UTR-Amplicon-short-trimmed+3,178,c,0.5326
SARS-CoV2-5UTR-Amplicon-short-trimmed+3,179,a,0.0652
SARS-CoV2-5UTR-Amplicon-short-trimmed+3,180,c,0.0856
SARS-CoV2-5UTR-Amplicon-short-trimmed+3,181,a,0.0536
SARS-CoV2-5UTR-Amplicon-short-trimmed+3,182,t,0.1011
SARS-CoV2-5UTR-Amplicon-short-trimmed+3,183,c,0.0569
SARS-CoV2-5UTR-Amplicon-short-trimmed+3,184,t,0.0826
SARS-CoV2-5UTR-Amplicon-short-trimmed+3,185,a,0.1539
SARS-CoV2-5UTR-Amplicon-short-trimmed+3,186,g,0.069
SARS-CoV2-5UTR-Amplicon-short-trimmed+3,187,g,0.0816
SARS-CoV2-5UTR-Amplicon-short-trimmed+3,188,t,0.1092
SARS-CoV2-5UTR-Amplicon-short-trimmed+3,189,t,0.2491
SARS-CoV2-5UTR-Amplicon-short-trimmed+3,190,t,0.2624
SARS-CoV2-5UTR-Amplicon-short-trimmed+3,191,c,0.1056
SARS-CoV2-5UTR-Amplicon-short-trimmed+3,192,g,0.0561
SARS-CoV2-5UTR-Amplicon-short-trimmed+3,193,t,0.8776
SARS-CoV2-5UTR-Amplicon-short-trimmed+3,194,c,0.1087
SARS-CoV2-5UTR-Amplicon-short-trimmed+3,195,c,0.1571
SARS-CoV2-5UTR-Amplicon-short-trimmed+3,196,g,0.3153
SARS-CoV2-5UTR-Amplicon-short-trimmed+3,197,g,0.1369
SARS-CoV2-5UTR-Amplicon-short-trimmed+3,198,g,0.4884
SARS-CoV2-5UTR-Amplicon-short-trimmed+3,199,t,0.1717
SARS-CoV2-5UTR-Amplicon-short-trimmed+3,200,g,0.064
SARS-CoV2-5UTR-Amplicon-short-trimmed+3,201,t,0.0962
SARS-CoV2-5UTR-Amplicon-short-trimmed+3,202,g,0.0984
SARS-CoV2-5UTR-Amplicon-short-trimmed+3,203,a,0.2475
SARS-CoV2-5UTR-Amplicon-short-trimmed+3,204,c,0.1045
SARS-CoV2-5UTR-Amplicon-short-trimmed+3,205,c,0.069
SARS-CoV2-5UTR-Amplicon-short-trimmed+3,206,g,0.0708
SARS-CoV2-5UTR-Amplicon-short-trimmed+3,207,a,0.0843
SARS-CoV2-5UTR-Amplicon-short-trimmed+3,208,a,0.0539
SARS-CoV2-5UTR-Amplicon-short-trimmed+3,209,a,0.1236
SARS-CoV2-5UTR-Amplicon-short-trimmed+3,210,g,0.1227
SARS-CoV2-5UTR-Amplicon-short-trimmed+3,211,g,0.1234
SARS-CoV2-5UTR-Amplicon-short-trimmed+3,212,t,0.0971
SARS-CoV2-5UTR-Amplicon-short-trimmed+3,213,a,0.0426
SARS-CoV2-5UTR-Amplicon-short-trimmed+3,214,a,0.0551
SARS-CoV2-5UTR-Amplicon-short-trimmed+3,215,g,0.0584
SARS-CoV2-5UTR-Amplicon-short-trimmed+3,216,a,0.0381
SARS-CoV2-5UTR-Amplicon-short-trimmed+3,217,t,0.0861
SARS-CoV2-5UTR-Amplicon-short-trimmed+3,218,g,0.0626
SARS-CoV2-5UTR-Amplicon-short-trimmed+3,219,g,0.0594
SARS-CoV2-5UTR-Amplicon-short-trimmed+3,220,a,0.206
SARS-CoV2-5UTR-Amplicon-short-trimmed+3,221,g,0.1497
SARS-CoV2-5UTR-Amplicon-short-trimmed+3,222,a,0.0669
SARS-CoV2-5UTR-Amplicon-short-trimmed+3,223,g,0.1615
SARS-CoV2-5UTR-Amplicon-short-trimmed+3,224,c,0.0871
SARS-CoV2-5UTR-Amplicon-short-trimmed+3,225,c,0.0623
SARS-CoV2-5UTR-Amplicon-short-trimmed+3,226,t,0.0439
SARS-CoV2-5UTR-Amplicon-short-trimmed+3,227,t,0.2533
SARS-CoV2-5UTR-Amplicon-short-trimmed+3,228,g,0.0359
SARS-CoV2-5UTR-Amplicon-short-trimmed+3,229,t,0.1268
SARS-CoV2-5UTR-Amplicon-short-trimmed+3,230,c,0.0637
SARS-CoV2-5UTR-Amplicon-short-trimmed+3,231,c,0.0624
SARS-CoV2-5UTR-Amplicon-short-trimmed+3,232,c,0.0779
SARS-CoV2-5UTR-Amplicon-short-trimmed+3,233,t,0.1465
SARS-CoV2-5UTR-Amplicon-short-trimmed+3,234,g,0.063
SARS-CoV2-5UTR-Amplicon-short-trimmed+3,235,g,0.1334
SARS-CoV2-5UTR-Amplicon-short-trimmed+3,236,t,0.0549
SARS-CoV2-5UTR-Amplicon-short-trimmed+3,237,t,0.0439
SARS-CoV2-5UTR-Amplicon-short-trimmed+3,238,t,0.0887
SARS-CoV2-5UTR-Amplicon-short-trimmed+3,239,c,0.6189
SARS-CoV2-5UTR-Amplicon-short-trimmed+3,240,a,0.0745
SARS-CoV2-5UTR-Amplicon-short-trimmed+3,241,a,0.0598
SARS-CoV2-5UTR-Amplicon-short-trimmed+3,242,c,0.0845
SARS-CoV2-5UTR-Amplicon-short-trimmed+3,243,g,0.0152
SARS-CoV2-5UTR-Amplicon-short-trimmed+3,244,a,0.2044
SARS-CoV2-5UTR-Amplicon-short-trimmed+3,245,g,0.5671
SARS-CoV2-5UTR-Amplicon-short-trimmed+3,246,g,5.6707
SARS-CoV2-5UTR-Amplicon-short-trimmed+3,247,G,95.688
SARS-CoV2-5UTR-Amplicon-short-trimmed+3,248,A,99.8679
SARS-CoV2-5UTR-Amplicon-short-trimmed+3,249,G,99.7571
