Region,Position,Ref_base,Mut_percentage
SARS-CoV2-5UTR-Amplicon-short-trimmed+3,1,T,99.7832
SARS-CoV2-5UTR-Amplicon-short-trimmed+3,2,T,99.8125
SARS-CoV2-5UTR-Amplicon-short-trimmed+3,3,G,99.9514
SARS-CoV2-5UTR-Amplicon-short-trimmed+3,4,t,99.9259
SARS-CoV2-5UTR-Amplicon-short-trimmed+3,5,a,0.0074
SARS-CoV2-5UTR-Amplicon-short-trimmed+3,6,g,0.3445
SARS-CoV2-5UTR-Amplicon-short-trimmed+3,7,a,0.0216
SARS-CoV2-5UTR-Amplicon-short-trimmed+3,8,t,0.0625
SARS-CoV2-5UTR-Amplicon-short-trimmed+3,9,c,0.0139
SARS-CoV2-5UTR-Amplicon-short-trimmed+3,10,t,0.0114
SARS-CoV2-5UTR-Amplicon-short-trimmed+3,11,g,0.1792
SARS-CoV2-5UTR-Amplicon-short-trimmed+3,12,t,0.042
SARS-CoV2-5UTR-Amplicon-short-trimmed+3,13,t,0.0511
SARS-CoV2-5UTR-Amplicon-short-trimmed+3,14,c,0.0815
SARS-CoV2-5UTR-Amplicon-short-trimmed+3,15,t,0.0508
SARS-CoV2-5UTR-Amplicon-short-trimmed+3,16,c,0.0823
SARS-CoV2-5UTR-Amplicon-short-trimmed+3,17,t,0.0636
SARS-CoV2-5UTR-Amplicon-short-trimmed+3,18,a,0.0568
SARS-CoV2-5UTR-Amplicon-short-trimmed+3,19,a,0.0125
SARS-CoV2-5UTR-Amplicon-short-trimmed+3,20,a,0.0204
SARS-CoV2-5UTR-Amplicon-short-trimmed+3,21,c,0.0698
SARS-CoV2-5UTR-Amplicon-short-trimmed+3,22,g,0.0338
SARS-CoV2-5UTR-Amplicon-short-trimmed+3,23,a,0.0094
SARS-CoV2-5UTR-Amplicon-short-trimmed+3,24,a,0.015
SARS-CoV2-5UTR-Amplicon-short-trimmed+3,25,c,0.2902
SARS-CoV2-5UTR-Amplicon-short-trimmed+3,26,t,0.0619
SARS-CoV2-5UTR-Amplicon-short-trimmed+3,27,t,0.0988
SARS-CoV2-5UTR-Amplicon-short-trimmed+3,28,t,0.0429
SARS-CoV2-5UTR-Amplicon-short-trimmed+3,29,a,0.0196
SARS-CoV2-5UTR-Amplicon-short-trimmed+3,30,a,0.0128
SARS-CoV2-5UTR-Amplicon-short-trimmed+3,31,a,0.065
SARS-CoV2-5UTR-Amplicon-short-trimmed+3,32,a,0.0338
SARS-CoV2-5UTR-Amplicon-short-trimmed+3,33,t,0.0335
SARS-CoV2-5UTR-Amplicon-short-trimmed+3,34,c,0.0511
SARS-CoV2-5UTR-Amplicon-short-trimmed+3,35,t,0.0378
SARS-CoV2-5UTR-Amplicon-short-trimmed+3,36,g,0.0503
SARS-CoV2-5UTR-Amplicon-short-trimmed+3,37,t,0.0372
SARS-CoV2-5UTR-Amplicon-short-trimmed+3,38,g,0.0321
SARS-CoV2-5UTR-Amplicon-short-trimmed+3,39,t,0.0298
SARS-CoV2-5UTR-Amplicon-short-trimmed+3,40,g,0.0409
SARS-CoV2-5UTR-Amplicon-short-trimmed+3,41,g,0.0715
SARS-CoV2-5UTR-Amplicon-short-trimmed+3,42,c,0.0718
SARS-CoV2-5UTR-Amplicon-short-trimmed+3,43,t,0.1153
SARS-CoV2-5UTR-Amplicon-short-trimmed+3,44,g,0.063
SARS-CoV2-5UTR-Amplicon-short-trimmed+3,45,t,0.0701
SARS-CoV2-5UTR-Amplicon-short-trimmed+3,46,c,0.0693
SARS-CoV2-5UTR-Amplicon-short-trimmed+3,47,a,0.0287
SARS-CoV2-5UTR-Amplicon-short-trimmed+3,48,c,0.0835
SARS-CoV2-5UTR-Amplicon-short-trimmed+3,49,t,0.0432
SARS-CoV2-5UTR-Amplicon-short-trimmed+3,50,c,0.0926
SARS-CoV2-5UTR-Amplicon-short-trimmed+3,51,g,0.0744
SARS-CoV2-5UTR-Amplicon-short-trimmed+3,52,g,0.0585
SARS-CoV2-5UTR-Amplicon-short-trimmed+3,53,c,0.1417
SARS-CoV2-5UTR-Amplicon-short-trimmed+3,54,t,0.038
SARS-CoV2-5UTR-Amplicon-short-trimmed+3,55,g,0.1343
SARS-CoV2-5UTR-Amplicon-short-trimmed+3,56,c,0.0761
SARS-CoV2-5UTR-Amplicon-short-trimmed+3,57,g,0.1431
SARS-CoV2-5UTR-Amplicon-short-trimmed+3,58,t,0.0432
SARS-CoV2-5UTR-Amplicon-short-trimmed+3,59,g,0.0778
SARS-CoV2-5UTR-Amplicon-short-trimmed+3,60,c,0.0619
SARS-CoV2-5UTR-Amplicon-short-trimmed+3,61,t,0.0503
SARS-CoV2-5UTR-Amplicon-short-trimmed+3,62,t,0.0344
SARS-CoV2-5UTR-Amplicon-short-trimmed+3,63,a,0.0168
SARS-CoV2-5UTR-Amplicon-short-trimmed+3,64,g,0.0281
SARS-CoV2-5UTR-Amplicon-short-trimmed+3,65,t,0.0335
SARS-CoV2-5UTR-Amplicon-short-trimmed+3,66,g,0.0707
SARS-CoV2-5UTR-Amplicon-short-trimmed+3,67,c,0.0701
SARS-CoV2-5UTR-Amplicon-short-trimmed+3,68,a,0.038
SARS-CoV2-5UTR-Amplicon-short-trimmed+3,69,c,0.0696
SARS-CoV2-5UTR-Amplicon-short-trimmed+3,70,t,0.0315
SARS-CoV2-5UTR-Amplicon-short-trimmed+3,71,c,0.0525
SARS-CoV2-5UTR-Amplicon-short-trimmed+3,72,a,0.0463
SARS-CoV2-5UTR-Amplicon-short-trimmed+3,73,c,0.0869
SARS-CoV2-5UTR-Amplicon-short-trimmed+3,74,g,0.0468
SARS-CoV2-5UTR-Amplicon-short-trimmed+3,75,c,0.0667
SARS-CoV2-5UTR-Amplicon-short-trimmed+3,76,a,0.0602
SARS-CoV2-5UTR-Amplicon-short-trimmed+3,77,g,0.0463
SARS-CoV2-5UTR-Amplicon-short-trimmed+3,78,t,0.0273
SARS-CoV2-5UTR-Amplicon-short-trimmed+3,79,a,0.0361
SARS-CoV2-5UTR-Amplicon-short-trimmed+3,80,t,0.0165
SARS-CoV2-5UTR-Amplicon-short-trimmed+3,81,a,0.0244
SARS-CoV2-5UTR-Amplicon-short-trimmed+3,82,a,0.0528
SARS-CoV2-5UTR-Amplicon-short-trimmed+3,83,t,0.0176
SARS-CoV2-5UTR-Amplicon-short-trimmed+3,84,t,0.0761
SARS-CoV2-5UTR-Amplicon-short-trimmed+3,85,a,0.0395
SARS-CoV2-5UTR-Amplicon-short-trimmed+3,86,a,0.0409
SARS-CoV2-5UTR-Amplicon-short-trimmed+3,87,t,0.017
SARS-CoV2-5UTR-Amplicon-short-trimmed+3,88,a,0.0295
SARS-CoV2-5UTR-Amplicon-short-trimmed+3,89,a,0.0415
SARS-CoV2-5UTR-Amplicon-short-trimmed+3,90,c,0.3356
SARS-CoV2-5UTR-Amplicon-short-trimmed+3,91,t,0.1019
SARS-CoV2-5UTR-Amplicon-short-trimmed+3,92,a,0.0267
SARS-CoV2-5UTR-Amplicon-short-trimmed+3,93,a,0.0389
SARS-CoV2-5UTR-Amplicon-short-trimmed+3,94,t,0.0491
SARS-CoV2-5UTR-Amplicon-short-trimmed+3,95,t,0.0494
SARS-CoV2-5UTR-Amplicon-short-trimmed+3,96,a,0.0389
SARS-CoV2-5UTR-Amplicon-short-trimmed+3,97,c,0.0784
SARS-CoV2-5UTR-Amplicon-short-trimmed+3,98,t,0.2794
SARS-CoV2-5UTR-Amplicon-short-trimmed+3,99,g,0.0818
SARS-CoV2-5UTR-Amplicon-short-trimmed+3,100,t,0.0809
SARS-CoV2-5UTR-Amplicon-short-trimmed+3,101,c,0.082
SARS-CoV2-5UTR-Amplicon-short-trimmed+3,102,g,0.0798
SARS-CoV2-5UTR-Amplicon-short-trimmed+3,103,t,0.0528
SARS-CoV2-5UTR-Amplicon-short-trimmed+3,104,t,0.111
SARS-CoV2-5UTR-Amplicon-short-trimmed+3,105,g,0.0497
SARS-CoV2-5UTR-Amplicon-short-trimmed+3,106,a,0.0568
SARS-CoV2-5UTR-Amplicon-short-trimmed+3,107,c,0.0917
SARS-CoV2-5UTR-Amplicon-short-trimmed+3,108,a,0.0593
SARS-CoV2-5UTR-Amplicon-short-trimmed+3,109,g,0.0713
SARS-CoV2-5UTR-Amplicon-short-trimmed+3,110,g,0.0519
SARS-CoV2-5UTR-Amplicon-short-trimmed+3,111,a,0.0378
SARS-CoV2-5UTR-Amplicon-short-trimmed+3,112,c,0.0923
SARS-CoV2-5UTR-Amplicon-short-trimmed+3,113,a,0.0661
SARS-CoV2-5UTR-Amplicon-short-trimmed+3,114,c,0.0789
SARS-CoV2-5UTR-Amplicon-short-trimmed+3,115,g,0.0429
SARS-CoV2-5UTR-Amplicon-short-trimmed+3,116,a,0.0366
SARS-CoV2-5UTR-Amplicon-short-trimmed+3,117,g,0.0422
SARS-CoV2-5UTR-Amplicon-short-trimmed+3,118,t,0.0955
SARS-CoV2-5UTR-Amplicon-short-trimmed+3,119,a,0.0832
SARS-CoV2-5UTR-Amplicon-short-trimmed+3,120,a,0.0341
SARS-CoV2-5UTR-Amplicon-short-trimmed+3,121,c,0.0938
SARS-CoV2-5UTR-Amplicon-short-trimmed+3,122,t,0.1417
SARS-CoV2-5UTR-Amplicon-short-trimmed+3,123,c,0.5278
SARS-CoV2-5UTR-Amplicon-short-trimmed+3,124,g,0.2803
SARS-CoV2-5UTR-Amplicon-short-trimmed+3,125,t,0.3159
SARS-CoV2-5UTR-Amplicon-short-trimmed+3,126,c,0.4
SARS-CoV2-5UTR-Amplicon-short-trimmed+3,127,t,0.1819
SARS-CoV2-5UTR-Amplicon-short-trimmed+3,128,a,0.3033
SARS-CoV2-5UTR-Amplicon-short-trimmed+3,129,t,1.1433
SARS-CoV2-5UTR-Amplicon-short-trimmed+3,130,c,0.5376
SARS-CoV2-5UTR-Amplicon-short-trimmed+3,131,t,0.3743
SARS-CoV2-5UTR-Amplicon-short-trimmed+3,132,t,0.3319
SARS-CoV2-5UTR-Amplicon-short-trimmed+3,133,c,0.6802
SARS-CoV2-5UTR-Amplicon-short-trimmed+3,134,t,0.3141
SARS-CoV2-5UTR-Amplicon-short-trimmed+3,135,g,0.2442
SARS-CoV2-5UTR-Amplicon-short-trimmed+3,136,c,0.632
SARS-CoV2-5UTR-Amplicon-short-trimmed+3,137,a,0.326
SARS-CoV2-5UTR-Amplicon-short-trimmed+3,138,g,0.1938
SARS-CoV2-5UTR-Amplicon-short-trimmed+3,139,g,0.3711
SARS-CoV2-5UTR-Amplicon-short-trimmed+3,140,c,0.3093
SARS-CoV2-5UTR-Amplicon-short-trimmed+3,141,t,0.3719
SARS-CoV2-5UTR-Amplicon-short-trimmed+3,142,g,0.5141
SARS-CoV2-5UTR-Amplicon-short-trimmed+3,143,c,0.3386
SARS-CoV2-5UTR-Amplicon-short-trimmed+3,144,t,0.1715
SARS-CoV2-5UTR-Amplicon-short-trimmed+3,145,t,0.1606
SARS-CoV2-5UTR-Amplicon-short-trimmed+3,146,a,0.2392
SARS-CoV2-5UTR-Amplicon-short-trimmed+3,147,c,0.4713
SARS-CoV2-5UTR-Amplicon-short-trimmed+3,148,g,0.5436
SARS-CoV2-5UTR-Amplicon-short-trimmed+3,149,g,0.298
SARS-CoV2-5UTR-Amplicon-short-trimmed+3,150,t,0.2178
SARS-CoV2-5UTR-Amplicon-short-trimmed+3,151,t,0.1785
SARS-CoV2-5UTR-Amplicon-short-trimmed+3,152,t,0.3596
SARS-CoV2-5UTR-Amplicon-short-trimmed+3,153,c,0.7351
SARS-CoV2-5UTR-Amplicon-short-trimmed+3,154,g,0.1813
SARS-CoV2-5UTR-Amplicon-short-trimmed+3,155,t,0.4179
SARS-CoV2-5UTR-Amplicon-short-trimmed+3,156,c,0.6082
SARS-CoV2-5UTR-Amplicon-short-trimmed+3,157,c,0.4469
SARS-CoV2-5UTR-Amplicon-short-trimmed+3,158,g,0.2431
SARS-CoV2-5UTR-Amplicon-short-trimmed+3,159,t,1.5337
SARS-CoV2-5UTR-Amplicon-short-trimmed+3,160,g,0.1973
SARS-CoV2-5UTR-Amplicon-short-trimmed+3,161,t,0.2317
SARS-CoV2-5UTR-Amplicon-short-trimmed+3,162,t,0.2338
SARS-CoV2-5UTR-Amplicon-short-trimmed+3,163,g,0.1727
SARS-CoV2-5UTR-Amplicon-short-trimmed+3,164,c,0.476
SARS-CoV2-5UTR-Amplicon-short-trimmed+3,165,a,0.2547
SARS-CoV2-5UTR-Amplicon-short-trimmed+3,166,g,0.4444
SARS-CoV2-5UTR-Amplicon-short-trimmed+3,167,c,0.4781
SARS-CoV2-5UTR-Amplicon-short-trimmed+3,168,c,0.7163
SARS-CoV2-5UTR-Amplicon-short-trimmed+3,169,g,0.1483
SARS-CoV2-5UTR-Amplicon-short-trimmed+3,170,a,0.1481
SARS-CoV2-5UTR-Amplicon-short-trimmed+3,171,t,0.182
SARS-CoV2-5UTR-Amplicon-short-trimmed+3,172,c,0.3112
SARS-CoV2-5UTR-Amplicon-short-trimmed+3,173,a,0.1095
SARS-CoV2-5UTR-Amplicon-short-trimmed+3,174,t,0.1188
SARS-CoV2-5UTR-Amplicon-short-trimmed+3,175,c,0.5969
SARS-CoV2-5UTR-Amplicon-short-trimmed+3,176,a,0.1599
SARS-CoV2-5UTR-Amplicon-short-trimmed+3,177,g,0.2773
SARS-CoV2-5UTR-Amplicon-short-trimmed+3,178,c,0.8546
SARS-CoV2-5UTR-Amplicon-short-trimmed+3,179,a,0.1704
SARS-CoV2-5UTR-Amplicon-short-trimmed+3,180,c,0.3133
SARS-CoV2-5UTR-Amplicon-short-trimmed+3,181,a,0.1455
SARS-CoV2-5UTR-Amplicon-short-trimmed+3,182,t,0.2638
SARS-CoV2-5UTR-Amplicon-short-trimmed+3,183,c,0.3926
SARS-CoV2-5UTR-Amplicon-short-trimmed+3,184,t,0.1683
SARS-CoV2-5UTR-Amplicon-short-trimmed+3,185,a,0.2908
SARS-CoV2-5UTR-Amplicon-short-trimmed+3,186,g,0.2659
SARS-CoV2-5UTR-Amplicon-short-trimmed+3,187,g,0.2092
SARS-CoV2-5UTR-Amplicon-short-trimmed+3,188,t,0.1973
SARS-CoV2-5UTR-Amplicon-short-trimmed+3,189,t,0.3096
SARS-CoV2-5UTR-Amplicon-short-trimmed+3,190,t,0.4672
SARS-CoV2-5UTR-Amplicon-short-trimmed+3,191,c,0.5845
SARS-CoV2-5UTR-Amplicon-short-trimmed+3,192,g,0.1857
SARS-CoV2-5UTR-Amplicon-short-trimmed+3,193,t,1.1981
SARS-CoV2-5UTR-Amplicon-short-trimmed+3,194,c,0.6136
SARS-CoV2-5UTR-Amplicon-short-trimmed+3,195,c,0.535
SARS-CoV2-5UTR-Amplicon-short-trimmed+3,196,g,0.5102
SARS-CoV2-5UTR-Amplicon-short-trimmed+3,197,g,0.3235
SARS-CoV2-5UTR-Amplicon-short-trimmed+3,198,g,0.568
SARS-CoV2-5UTR-Amplicon-short-trimmed+3,199,t,0.3691
SARS-CoV2-5UTR-Amplicon-short-trimmed+3,200,g,0.211
SARS-CoV2-5UTR-Amplicon-short-trimmed+3,201,t,0.2315
SARS-CoV2-5UTR-Amplicon-short-trimmed+3,202,g,0.175
SARS-CoV2-5UTR-Amplicon-short-trimmed+3,203,a,0.4191
SARS-CoV2-5UTR-Amplicon-short-trimmed+3,204,c,0.5053
SARS-CoV2-5UTR-Amplicon-short-trimmed+3,205,c,0.5506
SARS-CoV2-5UTR-Amplicon-short-trimmed+3,206,g,0.2464
SARS-CoV2-5UTR-Amplicon-short-trimmed+3,207,a,0.1706
SARS-CoV2-5UTR-Amplicon-short-trimmed+3,208,a,0.0939
SARS-CoV2-5UTR-Amplicon-short-trimmed+3,209,a,0.1743
SARS-CoV2-5UTR-Amplicon-short-trimmed+3,210,g,0.2998
SARS-CoV2-5UTR-Amplicon-short-trimmed+3,211,g,0.2619
SARS-CoV2-5UTR-Amplicon-short-trimmed+3,212,t,0.1541
SARS-CoV2-5UTR-Amplicon-short-trimmed+3,213,a,0.0879
SARS-CoV2-5UTR-Amplicon-short-trimmed+3,214,a,0.1271
SARS-CoV2-5UTR-Amplicon-short-trimmed+3,215,g,0.1457
SARS-CoV2-5UTR-Amplicon-short-trimmed+3,216,a,0.1578
SARS-CoV2-5UTR-Amplicon-short-trimmed+3,217,t,0.2366
SARS-CoV2-5UTR-Amplicon-short-trimmed+3,218,g,0.2069
SARS-CoV2-5UTR-Amplicon-short-trimmed+3,219,g,0.1118
SARS-CoV2-5UTR-Amplicon-short-trimmed+3,220,a,0.2759
SARS-CoV2-5UTR-Amplicon-short-trimmed+3,221,g,0.225
SARS-CoV2-5UTR-Amplicon-short-trimmed+3,222,a,0.1288
SARS-CoV2-5UTR-Amplicon-short-trimmed+3,223,g,0.3379
SARS-CoV2-5UTR-Amplicon-short-trimmed+3,224,c,0.5025
SARS-CoV2-5UTR-Amplicon-short-trimmed+3,225,c,0.5541
SARS-CoV2-5UTR-Amplicon-short-trimmed+3,226,t,0.1355
SARS-CoV2-5UTR-Amplicon-short-trimmed+3,227,t,0.4383
SARS-CoV2-5UTR-Amplicon-short-trimmed+3,228,g,0.1353
SARS-CoV2-5UTR-Amplicon-short-trimmed+3,229,t,0.255
SARS-CoV2-5UTR-Amplicon-short-trimmed+3,230,c,0.3475
SARS-CoV2-5UTR-Amplicon-short-trimmed+3,231,c,0.4718
SARS-CoV2-5UTR-Amplicon-short-trimmed+3,232,c,0.5488
SARS-CoV2-5UTR-Amplicon-short-trimmed+3,233,t,0.2924
SARS-CoV2-5UTR-Amplicon-short-trimmed+3,234,g,0.2478
SARS-CoV2-5UTR-Amplicon-short-trimmed+3,235,g,0.2475
SARS-CoV2-5UTR-Amplicon-short-trimmed+3,236,t,0.1141
SARS-CoV2-5UTR-Amplicon-short-trimmed+3,237,t,0.1099
SARS-CoV2-5UTR-Amplicon-short-trimmed+3,238,t,0.2564
SARS-CoV2-5UTR-Amplicon-short-trimmed+3,239,c,0.7622
SARS-CoV2-5UTR-Amplicon-short-trimmed+3,240,a,0.1155
SARS-CoV2-5UTR-Amplicon-short-trimmed+3,241,a,0.1637
SARS-CoV2-5UTR-Amplicon-short-trimmed+3,242,c,0.4907
SARS-CoV2-5UTR-Amplicon-short-trimmed+3,243,g,0.0372
SARS-CoV2-5UTR-Amplicon-short-trimmed+3,244,a,0.2432
SARS-CoV2-5UTR-Amplicon-short-trimmed+3,245,g,0.512
SARS-CoV2-5UTR-Amplicon-short-trimmed+3,246,g,5.4257
SARS-CoV2-5UTR-Amplicon-short-trimmed+3,247,G,95.9271
SARS-CoV2-5UTR-Amplicon-short-trimmed+3,248,A,99.8565
SARS-CoV2-5UTR-Amplicon-short-trimmed+3,249,G,99.7464
