Region,Position,Ref_base,Mut_percentage
SARS-CoV2-5UTR-Amplicon-short-trimmed+3,1,T,99.8484
SARS-CoV2-5UTR-Amplicon-short-trimmed+3,2,T,99.8689
SARS-CoV2-5UTR-Amplicon-short-trimmed+3,3,G,99.9822
SARS-CoV2-5UTR-Amplicon-short-trimmed+3,4,t,99.9523
SARS-CoV2-5UTR-Amplicon-short-trimmed+3,5,a,0.0015
SARS-CoV2-5UTR-Amplicon-short-trimmed+3,6,g,0.0472
SARS-CoV2-5UTR-Amplicon-short-trimmed+3,7,a,0.0095
SARS-CoV2-5UTR-Amplicon-short-trimmed+3,8,t,0.0064
SARS-CoV2-5UTR-Amplicon-short-trimmed+3,9,c,0.0025
SARS-CoV2-5UTR-Amplicon-short-trimmed+3,10,t,0.0033
SARS-CoV2-5UTR-Amplicon-short-trimmed+3,11,g,0.0433
SARS-CoV2-5UTR-Amplicon-short-trimmed+3,12,t,0.0122
SARS-CoV2-5UTR-Amplicon-short-trimmed+3,13,t,0.0125
SARS-CoV2-5UTR-Amplicon-short-trimmed+3,14,c,0.0033
SARS-CoV2-5UTR-Amplicon-short-trimmed+3,15,t,0.0196
SARS-CoV2-5UTR-Amplicon-short-trimmed+3,16,c,0.0081
SARS-CoV2-5UTR-Amplicon-short-trimmed+3,17,t,0.0159
SARS-CoV2-5UTR-Amplicon-short-trimmed+3,18,a,0.0355
SARS-CoV2-5UTR-Amplicon-short-trimmed+3,19,a,0.0072
SARS-CoV2-5UTR-Amplicon-short-trimmed+3,20,a,0.0098
SARS-CoV2-5UTR-Amplicon-short-trimmed+3,21,c,0.005
SARS-CoV2-5UTR-Amplicon-short-trimmed+3,22,g,0.0093
SARS-CoV2-5UTR-Amplicon-short-trimmed+3,23,a,0.0062
SARS-CoV2-5UTR-Amplicon-short-trimmed+3,24,a,0.0046
SARS-CoV2-5UTR-Amplicon-short-trimmed+3,25,c,0.0286
SARS-CoV2-5UTR-Amplicon-short-trimmed+3,26,t,0.0208
SARS-CoV2-5UTR-Amplicon-short-trimmed+3,27,t,0.0286
SARS-CoV2-5UTR-Amplicon-short-trimmed+3,28,t,0.004
SARS-CoV2-5UTR-Amplicon-short-trimmed+3,29,a,0.0038
SARS-CoV2-5UTR-Amplicon-short-trimmed+3,30,a,0.0086
SARS-CoV2-5UTR-Amplicon-short-trimmed+3,31,a,0.0443
SARS-CoV2-5UTR-Amplicon-short-trimmed+3,32,a,0.0089
SARS-CoV2-5UTR-Amplicon-short-trimmed+3,33,t,0.0113
SARS-CoV2-5UTR-Amplicon-short-trimmed+3,34,c,0.0044
SARS-CoV2-5UTR-Amplicon-short-trimmed+3,35,t,0.0081
SARS-CoV2-5UTR-Amplicon-short-trimmed+3,36,g,0.0065
SARS-CoV2-5UTR-Amplicon-short-trimmed+3,37,t,0.0176
SARS-CoV2-5UTR-Amplicon-short-trimmed+3,38,g,0.0046
SARS-CoV2-5UTR-Amplicon-short-trimmed+3,39,t,0.0142
SARS-CoV2-5UTR-Amplicon-short-trimmed+3,40,g,0.007
SARS-CoV2-5UTR-Amplicon-short-trimmed+3,41,g,0.0154
SARS-CoV2-5UTR-Amplicon-short-trimmed+3,42,c,0.0046
SARS-CoV2-5UTR-Amplicon-short-trimmed+3,43,t,0.0405
SARS-CoV2-5UTR-Amplicon-short-trimmed+3,44,g,0.0144
SARS-CoV2-5UTR-Amplicon-short-trimmed+3,45,t,0.0232
SARS-CoV2-5UTR-Amplicon-short-trimmed+3,46,c,0.0033
SARS-CoV2-5UTR-Amplicon-short-trimmed+3,47,a,0.0087
SARS-CoV2-5UTR-Amplicon-short-trimmed+3,48,c,0.0042
SARS-CoV2-5UTR-Amplicon-short-trimmed+3,49,t,0.0134
SARS-CoV2-5UTR-Amplicon-short-trimmed+3,50,c,0.0053
SARS-CoV2-5UTR-Amplicon-short-trimmed+3,51,g,0.0207
SARS-CoV2-5UTR-Amplicon-short-trimmed+3,52,g,0.0129
SARS-CoV2-5UTR-Amplicon-short-trimmed+3,53,c,0.0326
SARS-CoV2-5UTR-Amplicon-short-trimmed+3,54,t,0.0061
SARS-CoV2-5UTR-Amplicon-short-trimmed+3,55,g,0.0538
SARS-CoV2-5UTR-Amplicon-short-trimmed+3,56,c,0.0061
SARS-CoV2-5UTR-Amplicon-short-trimmed+3,57,g,0.0439
SARS-CoV2-5UTR-Amplicon-short-trimmed+3,58,t,0.0215
SARS-CoV2-5UTR-Amplicon-short-trimmed+3,59,g,0.0241
SARS-CoV2-5UTR-Amplicon-short-trimmed+3,60,c,0.008
SARS-CoV2-5UTR-Amplicon-short-trimmed+3,61,t,0.0274
SARS-CoV2-5UTR-Amplicon-short-trimmed+3,62,t,0.0089
SARS-CoV2-5UTR-Amplicon-short-trimmed+3,63,a,0.0109
SARS-CoV2-5UTR-Amplicon-short-trimmed+3,64,g,0.0101
SARS-CoV2-5UTR-Amplicon-short-trimmed+3,65,t,0.007
SARS-CoV2-5UTR-Amplicon-short-trimmed+3,66,g,0.0257
SARS-CoV2-5UTR-Amplicon-short-trimmed+3,67,c,0.0081
SARS-CoV2-5UTR-Amplicon-short-trimmed+3,68,a,0.0192
SARS-CoV2-5UTR-Amplicon-short-trimmed+3,69,c,0.0078
SARS-CoV2-5UTR-Amplicon-short-trimmed+3,70,t,0.0107
SARS-CoV2-5UTR-Amplicon-short-trimmed+3,71,c,0.0111
SARS-CoV2-5UTR-Amplicon-short-trimmed+3,72,a,0.0192
SARS-CoV2-5UTR-Amplicon-short-trimmed+3,73,c,0.0036
SARS-CoV2-5UTR-Amplicon-short-trimmed+3,74,g,0.0151
SARS-CoV2-5UTR-Amplicon-short-trimmed+3,75,c,0.0038
SARS-CoV2-5UTR-Amplicon-short-trimmed+3,76,a,0.0462
SARS-CoV2-5UTR-Amplicon-short-trimmed+3,77,g,0.0114
SARS-CoV2-5UTR-Amplicon-short-trimmed+3,78,t,0.0133
SARS-CoV2-5UTR-Amplicon-short-trimmed+3,79,a,0.0184
SARS-CoV2-5UTR-Amplicon-short-trimmed+3,80,t,0.0054
SARS-CoV2-5UTR-Amplicon-short-trimmed+3,81,a,0.0143
SARS-CoV2-5UTR-Amplicon-short-trimmed+3,82,a,0.0273
SARS-CoV2-5UTR-Amplicon-short-trimmed+3,83,t,0.0061
SARS-CoV2-5UTR-Amplicon-short-trimmed+3,84,t,0.0273
SARS-CoV2-5UTR-Amplicon-short-trimmed+3,85,a,0.0299
SARS-CoV2-5UTR-Amplicon-short-trimmed+3,86,a,0.0244
SARS-CoV2-5UTR-Amplicon-short-trimmed+3,87,t,0.0061
SARS-CoV2-5UTR-Amplicon-short-trimmed+3,88,a,0.0233
SARS-CoV2-5UTR-Amplicon-short-trimmed+3,89,a,0.025
SARS-CoV2-5UTR-Amplicon-short-trimmed+3,90,c,0.2849
SARS-CoV2-5UTR-Amplicon-short-trimmed+3,91,t,0.0521
SARS-CoV2-5UTR-Amplicon-short-trimmed+3,92,a,0.0146
SARS-CoV2-5UTR-Amplicon-short-trimmed+3,93,a,0.0236
SARS-CoV2-5UTR-Amplicon-short-trimmed+3,94,t,0.0168
SARS-CoV2-5UTR-Amplicon-short-trimmed+3,95,t,0.0221
SARS-CoV2-5UTR-Amplicon-short-trimmed+3,96,a,0.0184
SARS-CoV2-5UTR-Amplicon-short-trimmed+3,97,c,0.0069
SARS-CoV2-5UTR-Amplicon-short-trimmed+3,98,t,0.276
SARS-CoV2-5UTR-Amplicon-short-trimmed+3,99,g,0.0441
SARS-CoV2-5UTR-Amplicon-short-trimmed+3,100,t,0.0346
SARS-CoV2-5UTR-Amplicon-short-trimmed+3,101,c,0.0065
SARS-CoV2-5UTR-Amplicon-short-trimmed+3,102,g,0.022
SARS-CoV2-5UTR-Amplicon-short-trimmed+3,103,t,0.0246
SARS-CoV2-5UTR-Amplicon-short-trimmed+3,104,t,0.0541
SARS-CoV2-5UTR-Amplicon-short-trimmed+3,105,g,0.0223
SARS-CoV2-5UTR-Amplicon-short-trimmed+3,106,a,0.026
SARS-CoV2-5UTR-Amplicon-short-trimmed+3,107,c,0.0115
SARS-CoV2-5UTR-Amplicon-short-trimmed+3,108,a,0.0331
SARS-CoV2-5UTR-Amplicon-short-trimmed+3,109,g,0.027
SARS-CoV2-5UTR-Amplicon-short-trimmed+3,110,g,0.0252
SARS-CoV2-5UTR-Amplicon-short-trimmed+3,111,a,0.0199
SARS-CoV2-5UTR-Amplicon-short-trimmed+3,112,c,0.0203
SARS-CoV2-5UTR-Amplicon-short-trimmed+3,113,a,0.0454
SARS-CoV2-5UTR-Amplicon-short-trimmed+3,114,c,0.011
SARS-CoV2-5UTR-Amplicon-short-trimmed+3,115,g,0.0191
SARS-CoV2-5UTR-Amplicon-short-trimmed+3,116,a,0.0211
SARS-CoV2-5UTR-Amplicon-short-trimmed+3,117,g,0.0075
SARS-CoV2-5UTR-Amplicon-short-trimmed+3,118,t,0.0458
SARS-CoV2-5UTR-Amplicon-short-trimmed+3,119,a,0.0591
SARS-CoV2-5UTR-Amplicon-short-trimmed+3,120,a,0.0149
SARS-CoV2-5UTR-Amplicon-short-trimmed+3,121,c,0.0132
SARS-CoV2-5UTR-Amplicon-short-trimmed+3,122,t,0.0657
SARS-CoV2-5UTR-Amplicon-short-trimmed+3,123,c,0.1784
SARS-CoV2-5UTR-Amplicon-short-trimmed+3,124,g,0.1268
SARS-CoV2-5UTR-Amplicon-short-trimmed+3,125,t,0.1609
SARS-CoV2-5UTR-Amplicon-short-trimmed+3,126,c,0.0918
SARS-CoV2-5UTR-Amplicon-short-trimmed+3,127,t,0.1158
SARS-CoV2-5UTR-Amplicon-short-trimmed+3,128,a,0.2155
SARS-CoV2-5UTR-Amplicon-short-trimmed+3,129,t,1.0527
SARS-CoV2-5UTR-Amplicon-short-trimmed+3,130,c,0.1234
SARS-CoV2-5UTR-Amplicon-short-trimmed+3,131,t,0.1895
SARS-CoV2-5UTR-Amplicon-short-trimmed+3,132,t,0.2815
SARS-CoV2-5UTR-Amplicon-short-trimmed+3,133,c,0.3104
SARS-CoV2-5UTR-Amplicon-short-trimmed+3,134,t,0.2208
SARS-CoV2-5UTR-Amplicon-short-trimmed+3,135,g,0.0717
SARS-CoV2-5UTR-Amplicon-short-trimmed+3,136,c,0.3792
SARS-CoV2-5UTR-Amplicon-short-trimmed+3,137,a,0.231
SARS-CoV2-5UTR-Amplicon-short-trimmed+3,138,g,0.0602
SARS-CoV2-5UTR-Amplicon-short-trimmed+3,139,g,0.2445
SARS-CoV2-5UTR-Amplicon-short-trimmed+3,140,c,0.0871
SARS-CoV2-5UTR-Amplicon-short-trimmed+3,141,t,0.2768
SARS-CoV2-5UTR-Amplicon-short-trimmed+3,142,g,0.416
SARS-CoV2-5UTR-Amplicon-short-trimmed+3,143,c,0.0502
SARS-CoV2-5UTR-Amplicon-short-trimmed+3,144,t,0.0913
SARS-CoV2-5UTR-Amplicon-short-trimmed+3,145,t,0.1449
SARS-CoV2-5UTR-Amplicon-short-trimmed+3,146,a,0.1933
SARS-CoV2-5UTR-Amplicon-short-trimmed+3,147,c,0.1288
SARS-CoV2-5UTR-Amplicon-short-trimmed+3,148,g,0.3173
SARS-CoV2-5UTR-Amplicon-short-trimmed+3,149,g,0.0623
SARS-CoV2-5UTR-Amplicon-short-trimmed+3,150,t,0.1229
SARS-CoV2-5UTR-Amplicon-short-trimmed+3,151,t,0.1301
SARS-CoV2-5UTR-Amplicon-short-trimmed+3,152,t,0.2258
SARS-CoV2-5UTR-Amplicon-short-trimmed+3,153,c,0.2172
SARS-CoV2-5UTR-Amplicon-short-trimmed+3,154,g,0.0656
SARS-CoV2-5UTR-Amplicon-short-trimmed+3,155,t,0.2363
SARS-CoV2-5UTR-Amplicon-short-trimmed+3,156,c,0.1198
SARS-CoV2-5UTR-Amplicon-short-trimmed+3,157,c,0.1886
SARS-CoV2-5UTR-Amplicon-short-trimmed+3,158,g,0.0724
SARS-CoV2-5UTR-Amplicon-short-trimmed+3,159,t,1.4893
SARS-CoV2-5UTR-Amplicon-short-trimmed+3,160,g,0.0457
SARS-CoV2-5UTR-Amplicon-short-trimmed+3,161,t,0.095
SARS-CoV2-5UTR-Amplicon-short-trimmed+3,162,t,0.1727
SARS-CoV2-5UTR-Amplicon-short-trimmed+3,163,g,0.0576
SARS-CoV2-5UTR-Amplicon-short-trimmed+3,164,c,0.2343
SARS-CoV2-5UTR-Amplicon-short-trimmed+3,165,a,0.133
SARS-CoV2-5UTR-Amplicon-short-trimmed+3,166,g,0.23
SARS-CoV2-5UTR-Amplicon-short-trimmed+3,167,c,0.1002
SARS-CoV2-5UTR-Amplicon-short-trimmed+3,168,c,0.5903
SARS-CoV2-5UTR-Amplicon-short-trimmed+3,169,g,0.0965
SARS-CoV2-5UTR-Amplicon-short-trimmed+3,170,a,0.1323
SARS-CoV2-5UTR-Amplicon-short-trimmed+3,171,t,0.1001
SARS-CoV2-5UTR-Amplicon-short-trimmed+3,172,c,0.1901
SARS-CoV2-5UTR-Amplicon-short-trimmed+3,173,a,0.0598
SARS-CoV2-5UTR-Amplicon-short-trimmed+3,174,t,0.075
SARS-CoV2-5UTR-Amplicon-short-trimmed+3,175,c,0.2253
SARS-CoV2-5UTR-Amplicon-short-trimmed+3,176,a,0.111
SARS-CoV2-5UTR-Amplicon-short-trimmed+3,177,g,0.0798
SARS-CoV2-5UTR-Amplicon-short-trimmed+3,178,c,0.6257
SARS-CoV2-5UTR-Amplicon-short-trimmed+3,179,a,0.1174
SARS-CoV2-5UTR-Amplicon-short-trimmed+3,180,c,0.0871
SARS-CoV2-5UTR-Amplicon-short-trimmed+3,181,a,0.1089
SARS-CoV2-5UTR-Amplicon-short-trimmed+3,182,t,0.1232
SARS-CoV2-5UTR-Amplicon-short-trimmed+3,183,c,0.0728
SARS-CoV2-5UTR-Amplicon-short-trimmed+3,184,t,0.1015
SARS-CoV2-5UTR-Amplicon-short-trimmed+3,185,a,0.1611
SARS-CoV2-5UTR-Amplicon-short-trimmed+3,186,g,0.0432
SARS-CoV2-5UTR-Amplicon-short-trimmed+3,187,g,0.0329
SARS-CoV2-5UTR-Amplicon-short-trimmed+3,188,t,0.1157
SARS-CoV2-5UTR-Amplicon-short-trimmed+3,189,t,0.3258
SARS-CoV2-5UTR-Amplicon-short-trimmed+3,190,t,0.4154
SARS-CoV2-5UTR-Amplicon-short-trimmed+3,191,c,0.1113
SARS-CoV2-5UTR-Amplicon-short-trimmed+3,192,g,0.0555
SARS-CoV2-5UTR-Amplicon-short-trimmed+3,193,t,1.178
SARS-CoV2-5UTR-Amplicon-short-trimmed+3,194,c,0.0422
SARS-CoV2-5UTR-Amplicon-short-trimmed+3,195,c,0.1146
SARS-CoV2-5UTR-Amplicon-short-trimmed+3,196,g,0.2998
SARS-CoV2-5UTR-Amplicon-short-trimmed+3,197,g,0.0687
SARS-CoV2-5UTR-Amplicon-short-trimmed+3,198,g,0.294
SARS-CoV2-5UTR-Amplicon-short-trimmed+3,199,t,0.2076
SARS-CoV2-5UTR-Amplicon-short-trimmed+3,200,g,0.0644
SARS-CoV2-5UTR-Amplicon-short-trimmed+3,201,t,0.1114
SARS-CoV2-5UTR-Amplicon-short-trimmed+3,202,g,0.0937
SARS-CoV2-5UTR-Amplicon-short-trimmed+3,203,a,0.2556
SARS-CoV2-5UTR-Amplicon-short-trimmed+3,204,c,0.0696
SARS-CoV2-5UTR-Amplicon-short-trimmed+3,205,c,0.0897
SARS-CoV2-5UTR-Amplicon-short-trimmed+3,206,g,0.0602
SARS-CoV2-5UTR-Amplicon-short-trimmed+3,207,a,0.0926
SARS-CoV2-5UTR-Amplicon-short-trimmed+3,208,a,0.0583
SARS-CoV2-5UTR-Amplicon-short-trimmed+3,209,a,0.1409
SARS-CoV2-5UTR-Amplicon-short-trimmed+3,210,g,0.0876
SARS-CoV2-5UTR-Amplicon-short-trimmed+3,211,g,0.0965
SARS-CoV2-5UTR-Amplicon-short-trimmed+3,212,t,0.1437
SARS-CoV2-5UTR-Amplicon-short-trimmed+3,213,a,0.0417
SARS-CoV2-5UTR-Amplicon-short-trimmed+3,214,a,0.0469
SARS-CoV2-5UTR-Amplicon-short-trimmed+3,215,g,0.066
SARS-CoV2-5UTR-Amplicon-short-trimmed+3,216,a,0.031
SARS-CoV2-5UTR-Amplicon-short-trimmed+3,217,t,0.1127
SARS-CoV2-5UTR-Amplicon-short-trimmed+3,218,g,0.0455
SARS-CoV2-5UTR-Amplicon-short-trimmed+3,219,g,0.0572
SARS-CoV2-5UTR-Amplicon-short-trimmed+3,220,a,0.1835
SARS-CoV2-5UTR-Amplicon-short-trimmed+3,221,g,0.1257
SARS-CoV2-5UTR-Amplicon-short-trimmed+3,222,a,0.0542
SARS-CoV2-5UTR-Amplicon-short-trimmed+3,223,g,0.1467
SARS-CoV2-5UTR-Amplicon-short-trimmed+3,224,c,0.0442
SARS-CoV2-5UTR-Amplicon-short-trimmed+3,225,c,0.059
SARS-CoV2-5UTR-Amplicon-short-trimmed+3,226,t,0.0349
SARS-CoV2-5UTR-Amplicon-short-trimmed+3,227,t,0.3192
SARS-CoV2-5UTR-Amplicon-short-trimmed+3,228,g,0.04
SARS-CoV2-5UTR-Amplicon-short-trimmed+3,229,t,0.0964
SARS-CoV2-5UTR-Amplicon-short-trimmed+3,230,c,0.0354
SARS-CoV2-5UTR-Amplicon-short-trimmed+3,231,c,0.0393
SARS-CoV2-5UTR-Amplicon-short-trimmed+3,232,c,0.0641
SARS-CoV2-5UTR-Amplicon-short-trimmed+3,233,t,0.1075
SARS-CoV2-5UTR-Amplicon-short-trimmed+3,234,g,0.0457
SARS-CoV2-5UTR-Amplicon-short-trimmed+3,235,g,0.028
SARS-CoV2-5UTR-Amplicon-short-trimmed+3,236,t,0.0427
SARS-CoV2-5UTR-Amplicon-short-trimmed+3,237,t,0.0581
SARS-CoV2-5UTR-Amplicon-short-trimmed+3,238,t,0.1151
SARS-CoV2-5UTR-Amplicon-short-trimmed+3,239,c,0.5128
SARS-CoV2-5UTR-Amplicon-short-trimmed+3,240,a,0.0623
SARS-CoV2-5UTR-Amplicon-short-trimmed+3,241,a,0.0579
SARS-CoV2-5UTR-Amplicon-short-trimmed+3,242,c,0.0487
SARS-CoV2-5UTR-Amplicon-short-trimmed+3,243,g,0.014
SARS-CoV2-5UTR-Amplicon-short-trimmed+3,244,a,0.1889
SARS-CoV2-5UTR-Amplicon-short-trimmed+3,245,g,0.4802
SARS-CoV2-5UTR-Amplicon-short-trimmed+3,246,g,5.1141
SARS-CoV2-5UTR-Amplicon-short-trimmed+3,247,G,96.1164
SARS-CoV2-5UTR-Amplicon-short-trimmed+3,248,A,99.8626
SARS-CoV2-5UTR-Amplicon-short-trimmed+3,249,G,99.7769
