Region,Position,Ref_base,Mut_percentage
SARS-CoV2-5UTR-Amplicon-short-trimmed+3,1,T,99.8206
SARS-CoV2-5UTR-Amplicon-short-trimmed+3,2,T,99.865
SARS-CoV2-5UTR-Amplicon-short-trimmed+3,3,G,99.9687
SARS-CoV2-5UTR-Amplicon-short-trimmed+3,4,t,99.9499
SARS-CoV2-5UTR-Amplicon-short-trimmed+3,5,a,0.0015
SARS-CoV2-5UTR-Amplicon-short-trimmed+3,6,g,0.0642
SARS-CoV2-5UTR-Amplicon-short-trimmed+3,7,a,0.011
SARS-CoV2-5UTR-Amplicon-short-trimmed+3,8,t,0.012
SARS-CoV2-5UTR-Amplicon-short-trimmed+3,9,c,0.0033
SARS-CoV2-5UTR-Amplicon-short-trimmed+3,10,t,0.0042
SARS-CoV2-5UTR-Amplicon-short-trimmed+3,11,g,0.074
SARS-CoV2-5UTR-Amplicon-short-trimmed+3,12,t,0.0151
SARS-CoV2-5UTR-Amplicon-short-trimmed+3,13,t,0.0169
SARS-CoV2-5UTR-Amplicon-short-trimmed+3,14,c,0.0068
SARS-CoV2-5UTR-Amplicon-short-trimmed+3,15,t,0.0322
SARS-CoV2-5UTR-Amplicon-short-trimmed+3,16,c,0.0186
SARS-CoV2-5UTR-Amplicon-short-trimmed+3,17,t,0.026
SARS-CoV2-5UTR-Amplicon-short-trimmed+3,18,a,0.0409
SARS-CoV2-5UTR-Amplicon-short-trimmed+3,19,a,0.0075
SARS-CoV2-5UTR-Amplicon-short-trimmed+3,20,a,0.0114
SARS-CoV2-5UTR-Amplicon-short-trimmed+3,21,c,0.0066
SARS-CoV2-5UTR-Amplicon-short-trimmed+3,22,g,0.0096
SARS-CoV2-5UTR-Amplicon-short-trimmed+3,23,a,0.0053
SARS-CoV2-5UTR-Amplicon-short-trimmed+3,24,a,0.0074
SARS-CoV2-5UTR-Amplicon-short-trimmed+3,25,c,0.2264
SARS-CoV2-5UTR-Amplicon-short-trimmed+3,26,t,0.0387
SARS-CoV2-5UTR-Amplicon-short-trimmed+3,27,t,0.0515
SARS-CoV2-5UTR-Amplicon-short-trimmed+3,28,t,0.0053
SARS-CoV2-5UTR-Amplicon-short-trimmed+3,29,a,0.005
SARS-CoV2-5UTR-Amplicon-short-trimmed+3,30,a,0.0134
SARS-CoV2-5UTR-Amplicon-short-trimmed+3,31,a,0.0456
SARS-CoV2-5UTR-Amplicon-short-trimmed+3,32,a,0.0114
SARS-CoV2-5UTR-Amplicon-short-trimmed+3,33,t,0.0144
SARS-CoV2-5UTR-Amplicon-short-trimmed+3,34,c,0.0061
SARS-CoV2-5UTR-Amplicon-short-trimmed+3,35,t,0.0162
SARS-CoV2-5UTR-Amplicon-short-trimmed+3,36,g,0.0121
SARS-CoV2-5UTR-Amplicon-short-trimmed+3,37,t,0.0219
SARS-CoV2-5UTR-Amplicon-short-trimmed+3,38,g,0.0064
SARS-CoV2-5UTR-Amplicon-short-trimmed+3,39,t,0.018
SARS-CoV2-5UTR-Amplicon-short-trimmed+3,40,g,0.0092
SARS-CoV2-5UTR-Amplicon-short-trimmed+3,41,g,0.0329
SARS-CoV2-5UTR-Amplicon-short-trimmed+3,42,c,0.0136
SARS-CoV2-5UTR-Amplicon-short-trimmed+3,43,t,0.0611
SARS-CoV2-5UTR-Amplicon-short-trimmed+3,44,g,0.0223
SARS-CoV2-5UTR-Amplicon-short-trimmed+3,45,t,0.0399
SARS-CoV2-5UTR-Amplicon-short-trimmed+3,46,c,0.0053
SARS-CoV2-5UTR-Amplicon-short-trimmed+3,47,a,0.0098
SARS-CoV2-5UTR-Amplicon-short-trimmed+3,48,c,0.0037
SARS-CoV2-5UTR-Amplicon-short-trimmed+3,49,t,0.0162
SARS-CoV2-5UTR-Amplicon-short-trimmed+3,50,c,0.0088
SARS-CoV2-5UTR-Amplicon-short-trimmed+3,51,g,0.0298
SARS-CoV2-5UTR-Amplicon-short-trimmed+3,52,g,0.0269
SARS-CoV2-5UTR-Amplicon-short-trimmed+3,53,c,0.0396
SARS-CoV2-5UTR-Amplicon-short-trimmed+3,54,t,0.0083
SARS-CoV2-5UTR-Amplicon-short-trimmed+3,55,g,0.0703
SARS-CoV2-5UTR-Amplicon-short-trimmed+3,56,c,0.0142
SARS-CoV2-5UTR-Amplicon-short-trimmed+3,57,g,0.0591
SARS-CoV2-5UTR-Amplicon-short-trimmed+3,58,t,0.0283
SARS-CoV2-5UTR-Amplicon-short-trimmed+3,59,g,0.0353
SARS-CoV2-5UTR-Amplicon-short-trimmed+3,60,c,0.0092
SARS-CoV2-5UTR-Amplicon-short-trimmed+3,61,t,0.0289
SARS-CoV2-5UTR-Amplicon-short-trimmed+3,62,t,0.0155
SARS-CoV2-5UTR-Amplicon-short-trimmed+3,63,a,0.0109
SARS-CoV2-5UTR-Amplicon-short-trimmed+3,64,g,0.012
SARS-CoV2-5UTR-Amplicon-short-trimmed+3,65,t,0.0075
SARS-CoV2-5UTR-Amplicon-short-trimmed+3,66,g,0.0322
SARS-CoV2-5UTR-Amplicon-short-trimmed+3,67,c,0.0158
SARS-CoV2-5UTR-Amplicon-short-trimmed+3,68,a,0.0188
SARS-CoV2-5UTR-Amplicon-short-trimmed+3,69,c,0.0096
SARS-CoV2-5UTR-Amplicon-short-trimmed+3,70,t,0.0156
SARS-CoV2-5UTR-Amplicon-short-trimmed+3,71,c,0.0182
SARS-CoV2-5UTR-Amplicon-short-trimmed+3,72,a,0.0191
SARS-CoV2-5UTR-Amplicon-short-trimmed+3,73,c,0.0092
SARS-CoV2-5UTR-Amplicon-short-trimmed+3,74,g,0.0223
SARS-CoV2-5UTR-Amplicon-short-trimmed+3,75,c,0.0029
SARS-CoV2-5UTR-Amplicon-short-trimmed+3,76,a,0.0447
SARS-CoV2-5UTR-Amplicon-short-trimmed+3,77,g,0.0151
SARS-CoV2-5UTR-Amplicon-short-trimmed+3,78,t,0.0133
SARS-CoV2-5UTR-Amplicon-short-trimmed+3,79,a,0.0179
SARS-CoV2-5UTR-Amplicon-short-trimmed+3,80,t,0.0053
SARS-CoV2-5UTR-Amplicon-short-trimmed+3,81,a,0.014
SARS-CoV2-5UTR-Amplicon-short-trimmed+3,82,a,0.0306
SARS-CoV2-5UTR-Amplicon-short-trimmed+3,83,t,0.007
SARS-CoV2-5UTR-Amplicon-short-trimmed+3,84,t,0.0289
SARS-CoV2-5UTR-Amplicon-short-trimmed+3,85,a,0.0269
SARS-CoV2-5UTR-Amplicon-short-trimmed+3,86,a,0.0232
SARS-CoV2-5UTR-Amplicon-short-trimmed+3,87,t,0.0077
SARS-CoV2-5UTR-Amplicon-short-trimmed+3,88,a,0.0199
SARS-CoV2-5UTR-Amplicon-short-trimmed+3,89,a,0.0223
SARS-CoV2-5UTR-Amplicon-short-trimmed+3,90,c,0.2818
SARS-CoV2-5UTR-Amplicon-short-trimmed+3,91,t,0.0536
SARS-CoV2-5UTR-Amplicon-short-trimmed+3,92,a,0.0149
SARS-CoV2-5UTR-Amplicon-short-trimmed+3,93,a,0.0221
SARS-CoV2-5UTR-Amplicon-short-trimmed+3,94,t,0.0166
SARS-CoV2-5UTR-Amplicon-short-trimmed+3,95,t,0.0269
SARS-CoV2-5UTR-Amplicon-short-trimmed+3,96,a,0.0151
SARS-CoV2-5UTR-Amplicon-short-trimmed+3,97,c,0.0107
SARS-CoV2-5UTR-Amplicon-short-trimmed+3,98,t,0.2706
SARS-CoV2-5UTR-Amplicon-short-trimmed+3,99,g,0.0403
SARS-CoV2-5UTR-Amplicon-short-trimmed+3,100,t,0.0381
SARS-CoV2-5UTR-Amplicon-short-trimmed+3,101,c,0.0112
SARS-CoV2-5UTR-Amplicon-short-trimmed+3,102,g,0.0285
SARS-CoV2-5UTR-Amplicon-short-trimmed+3,103,t,0.0324
SARS-CoV2-5UTR-Amplicon-short-trimmed+3,104,t,0.0563
SARS-CoV2-5UTR-Amplicon-short-trimmed+3,105,g,0.0265
SARS-CoV2-5UTR-Amplicon-short-trimmed+3,106,a,0.0208
SARS-CoV2-5UTR-Amplicon-short-trimmed+3,107,c,0.0134
SARS-CoV2-5UTR-Amplicon-short-trimmed+3,108,a,0.0355
SARS-CoV2-5UTR-Amplicon-short-trimmed+3,109,g,0.035
SARS-CoV2-5UTR-Amplicon-short-trimmed+3,110,g,0.0237
SARS-CoV2-5UTR-Amplicon-short-trimmed+3,111,a,0.0169
SARS-CoV2-5UTR-Amplicon-short-trimmed+3,112,c,0.0201
SARS-CoV2-5UTR-Amplicon-short-trimmed+3,113,a,0.0352
SARS-CoV2-5UTR-Amplicon-short-trimmed+3,114,c,0.014
SARS-CoV2-5UTR-Amplicon-short-trimmed+3,115,g,0.018
SARS-CoV2-5UTR-Amplicon-short-trimmed+3,116,a,0.0175
SARS-CoV2-5UTR-Amplicon-short-trimmed+3,117,g,0.0061
SARS-CoV2-5UTR-Amplicon-short-trimmed+3,118,t,0.0436
SARS-CoV2-5UTR-Amplicon-short-trimmed+3,119,a,0.0531
SARS-CoV2-5UTR-Amplicon-short-trimmed+3,120,a,0.0132
SARS-CoV2-5UTR-Amplicon-short-trimmed+3,121,c,0.0176
SARS-CoV2-5UTR-Amplicon-short-trimmed+3,122,t,0.0658
SARS-CoV2-5UTR-Amplicon-short-trimmed+3,123,c,0.1713
SARS-CoV2-5UTR-Amplicon-short-trimmed+3,124,g,0.145
SARS-CoV2-5UTR-Amplicon-short-trimmed+3,125,t,0.2203
SARS-CoV2-5UTR-Amplicon-short-trimmed+3,126,c,0.0912
SARS-CoV2-5UTR-Amplicon-short-trimmed+3,127,t,0.1087
SARS-CoV2-5UTR-Amplicon-short-trimmed+3,128,a,0.2071
SARS-CoV2-5UTR-Amplicon-short-trimmed+3,129,t,0.9151
SARS-CoV2-5UTR-Amplicon-short-trimmed+3,130,c,0.1159
SARS-CoV2-5UTR-Amplicon-short-trimmed+3,131,t,0.1619
SARS-CoV2-5UTR-Amplicon-short-trimmed+3,132,t,0.2688
SARS-CoV2-5UTR-Amplicon-short-trimmed+3,133,c,0.2736
SARS-CoV2-5UTR-Amplicon-short-trimmed+3,134,t,0.2008
SARS-CoV2-5UTR-Amplicon-short-trimmed+3,135,g,0.1258
SARS-CoV2-5UTR-Amplicon-short-trimmed+3,136,c,0.4326
SARS-CoV2-5UTR-Amplicon-short-trimmed+3,137,a,0.2309
SARS-CoV2-5UTR-Amplicon-short-trimmed+3,138,g,0.0728
SARS-CoV2-5UTR-Amplicon-short-trimmed+3,139,g,0.2622
SARS-CoV2-5UTR-Amplicon-short-trimmed+3,140,c,0.1064
SARS-CoV2-5UTR-Amplicon-short-trimmed+3,141,t,0.2616
SARS-CoV2-5UTR-Amplicon-short-trimmed+3,142,g,0.4344
SARS-CoV2-5UTR-Amplicon-short-trimmed+3,143,c,0.1004
SARS-CoV2-5UTR-Amplicon-short-trimmed+3,144,t,0.0952
SARS-CoV2-5UTR-Amplicon-short-trimmed+3,145,t,0.1281
SARS-CoV2-5UTR-Amplicon-short-trimmed+3,146,a,0.1793
SARS-CoV2-5UTR-Amplicon-short-trimmed+3,147,c,0.1498
SARS-CoV2-5UTR-Amplicon-short-trimmed+3,148,g,0.3629
SARS-CoV2-5UTR-Amplicon-short-trimmed+3,149,g,0.1342
SARS-CoV2-5UTR-Amplicon-short-trimmed+3,150,t,0.1347
SARS-CoV2-5UTR-Amplicon-short-trimmed+3,151,t,0.1233
SARS-CoV2-5UTR-Amplicon-short-trimmed+3,152,t,0.2028
SARS-CoV2-5UTR-Amplicon-short-trimmed+3,153,c,0.2149
SARS-CoV2-5UTR-Amplicon-short-trimmed+3,154,g,0.0777
SARS-CoV2-5UTR-Amplicon-short-trimmed+3,155,t,0.3186
SARS-CoV2-5UTR-Amplicon-short-trimmed+3,156,c,0.1981
SARS-CoV2-5UTR-Amplicon-short-trimmed+3,157,c,0.2065
SARS-CoV2-5UTR-Amplicon-short-trimmed+3,158,g,0.0999
SARS-CoV2-5UTR-Amplicon-short-trimmed+3,159,t,1.3628
SARS-CoV2-5UTR-Amplicon-short-trimmed+3,160,g,0.0731
SARS-CoV2-5UTR-Amplicon-short-trimmed+3,161,t,0.1282
SARS-CoV2-5UTR-Amplicon-short-trimmed+3,162,t,0.1648
SARS-CoV2-5UTR-Amplicon-short-trimmed+3,163,g,0.1027
SARS-CoV2-5UTR-Amplicon-short-trimmed+3,164,c,0.2682
SARS-CoV2-5UTR-Amplicon-short-trimmed+3,165,a,0.2152
SARS-CoV2-5UTR-Amplicon-short-trimmed+3,166,g,0.4852
SARS-CoV2-5UTR-Amplicon-short-trimmed+3,167,c,0.2684
SARS-CoV2-5UTR-Amplicon-short-trimmed+3,168,c,0.6946
SARS-CoV2-5UTR-Amplicon-short-trimmed+3,169,g,0.1132
SARS-CoV2-5UTR-Amplicon-short-trimmed+3,170,a,0.1295
SARS-CoV2-5UTR-Amplicon-short-trimmed+3,171,t,0.1192
SARS-CoV2-5UTR-Amplicon-short-trimmed+3,172,c,0.1886
SARS-CoV2-5UTR-Amplicon-short-trimmed+3,173,a,0.0506
SARS-CoV2-5UTR-Amplicon-short-trimmed+3,174,t,0.0721
SARS-CoV2-5UTR-Amplicon-short-trimmed+3,175,c,0.2394
SARS-CoV2-5UTR-Amplicon-short-trimmed+3,176,a,0.1415
SARS-CoV2-5UTR-Amplicon-short-trimmed+3,177,g,0.1188
SARS-CoV2-5UTR-Amplicon-short-trimmed+3,178,c,0.6972
SARS-CoV2-5UTR-Amplicon-short-trimmed+3,179,a,0.1102
SARS-CoV2-5UTR-Amplicon-short-trimmed+3,180,c,0.0952
SARS-CoV2-5UTR-Amplicon-short-trimmed+3,181,a,0.0936
SARS-CoV2-5UTR-Amplicon-short-trimmed+3,182,t,0.1407
SARS-CoV2-5UTR-Amplicon-short-trimmed+3,183,c,0.074
SARS-CoV2-5UTR-Amplicon-short-trimmed+3,184,t,0.1062
SARS-CoV2-5UTR-Amplicon-short-trimmed+3,185,a,0.1886
SARS-CoV2-5UTR-Amplicon-short-trimmed+3,186,g,0.0737
SARS-CoV2-5UTR-Amplicon-short-trimmed+3,187,g,0.0887
SARS-CoV2-5UTR-Amplicon-short-trimmed+3,188,t,0.1314
SARS-CoV2-5UTR-Amplicon-short-trimmed+3,189,t,0.2868
SARS-CoV2-5UTR-Amplicon-short-trimmed+3,190,t,0.3638
SARS-CoV2-5UTR-Amplicon-short-trimmed+3,191,c,0.1429
SARS-CoV2-5UTR-Amplicon-short-trimmed+3,192,g,0.0714
SARS-CoV2-5UTR-Amplicon-short-trimmed+3,193,t,1.1084
SARS-CoV2-5UTR-Amplicon-short-trimmed+3,194,c,0.1164
SARS-CoV2-5UTR-Amplicon-short-trimmed+3,195,c,0.1548
SARS-CoV2-5UTR-Amplicon-short-trimmed+3,196,g,0.327
SARS-CoV2-5UTR-Amplicon-short-trimmed+3,197,g,0.1351
SARS-CoV2-5UTR-Amplicon-short-trimmed+3,198,g,0.4729
SARS-CoV2-5UTR-Amplicon-short-trimmed+3,199,t,0.2121
SARS-CoV2-5UTR-Amplicon-short-trimmed+3,200,g,0.0747
SARS-CoV2-5UTR-Amplicon-short-trimmed+3,201,t,0.1158
SARS-CoV2-5UTR-Amplicon-short-trimmed+3,202,g,0.1006
SARS-CoV2-5UTR-Amplicon-short-trimmed+3,203,a,0.3263
SARS-CoV2-5UTR-Amplicon-short-trimmed+3,204,c,0.1018
SARS-CoV2-5UTR-Amplicon-short-trimmed+3,205,c,0.0945
SARS-CoV2-5UTR-Amplicon-short-trimmed+3,206,g,0.0875
SARS-CoV2-5UTR-Amplicon-short-trimmed+3,207,a,0.1151
SARS-CoV2-5UTR-Amplicon-short-trimmed+3,208,a,0.0714
SARS-CoV2-5UTR-Amplicon-short-trimmed+3,209,a,0.1606
SARS-CoV2-5UTR-Amplicon-short-trimmed+3,210,g,0.1461
SARS-CoV2-5UTR-Amplicon-short-trimmed+3,211,g,0.1508
SARS-CoV2-5UTR-Amplicon-short-trimmed+3,212,t,0.1373
SARS-CoV2-5UTR-Amplicon-short-trimmed+3,213,a,0.0602
SARS-CoV2-5UTR-Amplicon-short-trimmed+3,214,a,0.0672
SARS-CoV2-5UTR-Amplicon-short-trimmed+3,215,g,0.066
SARS-CoV2-5UTR-Amplicon-short-trimmed+3,216,a,0.0394
SARS-CoV2-5UTR-Amplicon-short-trimmed+3,217,t,0.1139
SARS-CoV2-5UTR-Amplicon-short-trimmed+3,218,g,0.066
SARS-CoV2-5UTR-Amplicon-short-trimmed+3,219,g,0.0831
SARS-CoV2-5UTR-Amplicon-short-trimmed+3,220,a,0.2555
SARS-CoV2-5UTR-Amplicon-short-trimmed+3,221,g,0.1937
SARS-CoV2-5UTR-Amplicon-short-trimmed+3,222,a,0.0808
SARS-CoV2-5UTR-Amplicon-short-trimmed+3,223,g,0.1905
SARS-CoV2-5UTR-Amplicon-short-trimmed+3,224,c,0.0791
SARS-CoV2-5UTR-Amplicon-short-trimmed+3,225,c,0.0786
SARS-CoV2-5UTR-Amplicon-short-trimmed+3,226,t,0.0483
SARS-CoV2-5UTR-Amplicon-short-trimmed+3,227,t,0.3281
SARS-CoV2-5UTR-Amplicon-short-trimmed+3,228,g,0.0472
SARS-CoV2-5UTR-Amplicon-short-trimmed+3,229,t,0.1249
SARS-CoV2-5UTR-Amplicon-short-trimmed+3,230,c,0.0688
SARS-CoV2-5UTR-Amplicon-short-trimmed+3,231,c,0.0574
SARS-CoV2-5UTR-Amplicon-short-trimmed+3,232,c,0.1017
SARS-CoV2-5UTR-Amplicon-short-trimmed+3,233,t,0.1625
SARS-CoV2-5UTR-Amplicon-short-trimmed+3,234,g,0.0703
SARS-CoV2-5UTR-Amplicon-short-trimmed+3,235,g,0.1417
SARS-CoV2-5UTR-Amplicon-short-trimmed+3,236,t,0.0735
SARS-CoV2-5UTR-Amplicon-short-trimmed+3,237,t,0.0611
SARS-CoV2-5UTR-Amplicon-short-trimmed+3,238,t,0.1296
SARS-CoV2-5UTR-Amplicon-short-trimmed+3,239,c,0.5884
SARS-CoV2-5UTR-Amplicon-short-trimmed+3,240,a,0.0847
SARS-CoV2-5UTR-Amplicon-short-trimmed+3,241,a,0.0824
SARS-CoV2-5UTR-Amplicon-short-trimmed+3,242,c,0.0891
SARS-CoV2-5UTR-Amplicon-short-trimmed+3,243,g,0.0227
SARS-CoV2-5UTR-Amplicon-short-trimmed+3,244,a,0.288
SARS-CoV2-5UTR-Amplicon-short-trimmed+3,245,g,0.4803
SARS-CoV2-5UTR-Amplicon-short-trimmed+3,246,g,5.1171
SARS-CoV2-5UTR-Amplicon-short-trimmed+3,247,G,96.1615
SARS-CoV2-5UTR-Amplicon-short-trimmed+3,248,A,99.8619
SARS-CoV2-5UTR-Amplicon-short-trimmed+3,249,G,99.7745
