Region,Position,Ref_base,Mut_percentage
SARS-CoV2-5UTR-Amplicon-short-trimmed+3,1,T,99.7678
SARS-CoV2-5UTR-Amplicon-short-trimmed+3,2,T,99.8539
SARS-CoV2-5UTR-Amplicon-short-trimmed+3,3,G,99.9714
SARS-CoV2-5UTR-Amplicon-short-trimmed+3,4,t,99.9472
SARS-CoV2-5UTR-Amplicon-short-trimmed+3,5,a,0.0016
SARS-CoV2-5UTR-Amplicon-short-trimmed+3,6,g,0.0638
SARS-CoV2-5UTR-Amplicon-short-trimmed+3,7,a,0.011
SARS-CoV2-5UTR-Amplicon-short-trimmed+3,8,t,0.0121
SARS-CoV2-5UTR-Amplicon-short-trimmed+3,9,c,0.0029
SARS-CoV2-5UTR-Amplicon-short-trimmed+3,10,t,0.0047
SARS-CoV2-5UTR-Amplicon-short-trimmed+3,11,g,0.0737
SARS-CoV2-5UTR-Amplicon-short-trimmed+3,12,t,0.0161
SARS-CoV2-5UTR-Amplicon-short-trimmed+3,13,t,0.0164
SARS-CoV2-5UTR-Amplicon-short-trimmed+3,14,c,0.0064
SARS-CoV2-5UTR-Amplicon-short-trimmed+3,15,t,0.0397
SARS-CoV2-5UTR-Amplicon-short-trimmed+3,16,c,0.0202
SARS-CoV2-5UTR-Amplicon-short-trimmed+3,17,t,0.0158
SARS-CoV2-5UTR-Amplicon-short-trimmed+3,18,a,0.0395
SARS-CoV2-5UTR-Amplicon-short-trimmed+3,19,a,0.0079
SARS-CoV2-5UTR-Amplicon-short-trimmed+3,20,a,0.0109
SARS-CoV2-5UTR-Amplicon-short-trimmed+3,21,c,0.0068
SARS-CoV2-5UTR-Amplicon-short-trimmed+3,22,g,0.0106
SARS-CoV2-5UTR-Amplicon-short-trimmed+3,23,a,0.0085
SARS-CoV2-5UTR-Amplicon-short-trimmed+3,24,a,0.0065
SARS-CoV2-5UTR-Amplicon-short-trimmed+3,25,c,0.56
SARS-CoV2-5UTR-Amplicon-short-trimmed+3,26,t,0.0385
SARS-CoV2-5UTR-Amplicon-short-trimmed+3,27,t,0.05
SARS-CoV2-5UTR-Amplicon-short-trimmed+3,28,t,0.0079
SARS-CoV2-5UTR-Amplicon-short-trimmed+3,29,a,0.0091
SARS-CoV2-5UTR-Amplicon-short-trimmed+3,30,a,0.0117
SARS-CoV2-5UTR-Amplicon-short-trimmed+3,31,a,0.0518
SARS-CoV2-5UTR-Amplicon-short-trimmed+3,32,a,0.0126
SARS-CoV2-5UTR-Amplicon-short-trimmed+3,33,t,0.0153
SARS-CoV2-5UTR-Amplicon-short-trimmed+3,34,c,0.0055
SARS-CoV2-5UTR-Amplicon-short-trimmed+3,35,t,0.0169
SARS-CoV2-5UTR-Amplicon-short-trimmed+3,36,g,0.015
SARS-CoV2-5UTR-Amplicon-short-trimmed+3,37,t,0.0212
SARS-CoV2-5UTR-Amplicon-short-trimmed+3,38,g,0.0083
SARS-CoV2-5UTR-Amplicon-short-trimmed+3,39,t,0.0161
SARS-CoV2-5UTR-Amplicon-short-trimmed+3,40,g,0.0104
SARS-CoV2-5UTR-Amplicon-short-trimmed+3,41,g,0.0311
SARS-CoV2-5UTR-Amplicon-short-trimmed+3,42,c,0.0084
SARS-CoV2-5UTR-Amplicon-short-trimmed+3,43,t,0.0492
SARS-CoV2-5UTR-Amplicon-short-trimmed+3,44,g,0.0238
SARS-CoV2-5UTR-Amplicon-short-trimmed+3,45,t,0.0366
SARS-CoV2-5UTR-Amplicon-short-trimmed+3,46,c,0.0075
SARS-CoV2-5UTR-Amplicon-short-trimmed+3,47,a,0.0093
SARS-CoV2-5UTR-Amplicon-short-trimmed+3,48,c,0.0065
SARS-CoV2-5UTR-Amplicon-short-trimmed+3,49,t,0.0181
SARS-CoV2-5UTR-Amplicon-short-trimmed+3,50,c,0.0077
SARS-CoV2-5UTR-Amplicon-short-trimmed+3,51,g,0.0306
SARS-CoV2-5UTR-Amplicon-short-trimmed+3,52,g,0.0309
SARS-CoV2-5UTR-Amplicon-short-trimmed+3,53,c,0.0522
SARS-CoV2-5UTR-Amplicon-short-trimmed+3,54,t,0.0106
SARS-CoV2-5UTR-Amplicon-short-trimmed+3,55,g,0.0799
SARS-CoV2-5UTR-Amplicon-short-trimmed+3,56,c,0.014
SARS-CoV2-5UTR-Amplicon-short-trimmed+3,57,g,0.0749
SARS-CoV2-5UTR-Amplicon-short-trimmed+3,58,t,0.0284
SARS-CoV2-5UTR-Amplicon-short-trimmed+3,59,g,0.0437
SARS-CoV2-5UTR-Amplicon-short-trimmed+3,60,c,0.0092
SARS-CoV2-5UTR-Amplicon-short-trimmed+3,61,t,0.0311
SARS-CoV2-5UTR-Amplicon-short-trimmed+3,62,t,0.0148
SARS-CoV2-5UTR-Amplicon-short-trimmed+3,63,a,0.014
SARS-CoV2-5UTR-Amplicon-short-trimmed+3,64,g,0.014
SARS-CoV2-5UTR-Amplicon-short-trimmed+3,65,t,0.011
SARS-CoV2-5UTR-Amplicon-short-trimmed+3,66,g,0.0385
SARS-CoV2-5UTR-Amplicon-short-trimmed+3,67,c,0.0172
SARS-CoV2-5UTR-Amplicon-short-trimmed+3,68,a,0.0236
SARS-CoV2-5UTR-Amplicon-short-trimmed+3,69,c,0.0124
SARS-CoV2-5UTR-Amplicon-short-trimmed+3,70,t,0.011
SARS-CoV2-5UTR-Amplicon-short-trimmed+3,71,c,0.0189
SARS-CoV2-5UTR-Amplicon-short-trimmed+3,72,a,0.0222
SARS-CoV2-5UTR-Amplicon-short-trimmed+3,73,c,0.0092
SARS-CoV2-5UTR-Amplicon-short-trimmed+3,74,g,0.0262
SARS-CoV2-5UTR-Amplicon-short-trimmed+3,75,c,0.0031
SARS-CoV2-5UTR-Amplicon-short-trimmed+3,76,a,0.0518
SARS-CoV2-5UTR-Amplicon-short-trimmed+3,77,g,0.019
SARS-CoV2-5UTR-Amplicon-short-trimmed+3,78,t,0.0141
SARS-CoV2-5UTR-Amplicon-short-trimmed+3,79,a,0.0225
SARS-CoV2-5UTR-Amplicon-short-trimmed+3,80,t,0.0077
SARS-CoV2-5UTR-Amplicon-short-trimmed+3,81,a,0.017
SARS-CoV2-5UTR-Amplicon-short-trimmed+3,82,a,0.0331
SARS-CoV2-5UTR-Amplicon-short-trimmed+3,83,t,0.0084
SARS-CoV2-5UTR-Amplicon-short-trimmed+3,84,t,0.0339
SARS-CoV2-5UTR-Amplicon-short-trimmed+3,85,a,0.0326
SARS-CoV2-5UTR-Amplicon-short-trimmed+3,86,a,0.0266
SARS-CoV2-5UTR-Amplicon-short-trimmed+3,87,t,0.0097
SARS-CoV2-5UTR-Amplicon-short-trimmed+3,88,a,0.0229
SARS-CoV2-5UTR-Amplicon-short-trimmed+3,89,a,0.0266
SARS-CoV2-5UTR-Amplicon-short-trimmed+3,90,c,0.2846
SARS-CoV2-5UTR-Amplicon-short-trimmed+3,91,t,0.0574
SARS-CoV2-5UTR-Amplicon-short-trimmed+3,92,a,0.0168
SARS-CoV2-5UTR-Amplicon-short-trimmed+3,93,a,0.0256
SARS-CoV2-5UTR-Amplicon-short-trimmed+3,94,t,0.0245
SARS-CoV2-5UTR-Amplicon-short-trimmed+3,95,t,0.0224
SARS-CoV2-5UTR-Amplicon-short-trimmed+3,96,a,0.0189
SARS-CoV2-5UTR-Amplicon-short-trimmed+3,97,c,0.0117
SARS-CoV2-5UTR-Amplicon-short-trimmed+3,98,t,0.2675
SARS-CoV2-5UTR-Amplicon-short-trimmed+3,99,g,0.0524
SARS-CoV2-5UTR-Amplicon-short-trimmed+3,100,t,0.0414
SARS-CoV2-5UTR-Amplicon-short-trimmed+3,101,c,0.0122
SARS-CoV2-5UTR-Amplicon-short-trimmed+3,102,g,0.0382
SARS-CoV2-5UTR-Amplicon-short-trimmed+3,103,t,0.0362
SARS-CoV2-5UTR-Amplicon-short-trimmed+3,104,t,0.0651
SARS-CoV2-5UTR-Amplicon-short-trimmed+3,105,g,0.0323
SARS-CoV2-5UTR-Amplicon-short-trimmed+3,106,a,0.0318
SARS-CoV2-5UTR-Amplicon-short-trimmed+3,107,c,0.0202
SARS-CoV2-5UTR-Amplicon-short-trimmed+3,108,a,0.0417
SARS-CoV2-5UTR-Amplicon-short-trimmed+3,109,g,0.0427
SARS-CoV2-5UTR-Amplicon-short-trimmed+3,110,g,0.0307
SARS-CoV2-5UTR-Amplicon-short-trimmed+3,111,a,0.0225
SARS-CoV2-5UTR-Amplicon-short-trimmed+3,112,c,0.0272
SARS-CoV2-5UTR-Amplicon-short-trimmed+3,113,a,0.0486
SARS-CoV2-5UTR-Amplicon-short-trimmed+3,114,c,0.0185
SARS-CoV2-5UTR-Amplicon-short-trimmed+3,115,g,0.0257
SARS-CoV2-5UTR-Amplicon-short-trimmed+3,116,a,0.0184
SARS-CoV2-5UTR-Amplicon-short-trimmed+3,117,g,0.0156
SARS-CoV2-5UTR-Amplicon-short-trimmed+3,118,t,0.0585
SARS-CoV2-5UTR-Amplicon-short-trimmed+3,119,a,0.0604
SARS-CoV2-5UTR-Amplicon-short-trimmed+3,120,a,0.0177
SARS-CoV2-5UTR-Amplicon-short-trimmed+3,121,c,0.0159
SARS-CoV2-5UTR-Amplicon-short-trimmed+3,122,t,0.0736
SARS-CoV2-5UTR-Amplicon-short-trimmed+3,123,c,0.1728
SARS-CoV2-5UTR-Amplicon-short-trimmed+3,124,g,0.1478
SARS-CoV2-5UTR-Amplicon-short-trimmed+3,125,t,0.2175
SARS-CoV2-5UTR-Amplicon-short-trimmed+3,126,c,0.0912
SARS-CoV2-5UTR-Amplicon-short-trimmed+3,127,t,0.1084
SARS-CoV2-5UTR-Amplicon-short-trimmed+3,128,a,0.2007
SARS-CoV2-5UTR-Amplicon-short-trimmed+3,129,t,0.9708
SARS-CoV2-5UTR-Amplicon-short-trimmed+3,130,c,0.1071
SARS-CoV2-5UTR-Amplicon-short-trimmed+3,131,t,0.1842
SARS-CoV2-5UTR-Amplicon-short-trimmed+3,132,t,0.2772
SARS-CoV2-5UTR-Amplicon-short-trimmed+3,133,c,0.276
SARS-CoV2-5UTR-Amplicon-short-trimmed+3,134,t,0.198
SARS-CoV2-5UTR-Amplicon-short-trimmed+3,135,g,0.119
SARS-CoV2-5UTR-Amplicon-short-trimmed+3,136,c,0.3864
SARS-CoV2-5UTR-Amplicon-short-trimmed+3,137,a,0.2244
SARS-CoV2-5UTR-Amplicon-short-trimmed+3,138,g,0.0768
SARS-CoV2-5UTR-Amplicon-short-trimmed+3,139,g,0.2561
SARS-CoV2-5UTR-Amplicon-short-trimmed+3,140,c,0.0875
SARS-CoV2-5UTR-Amplicon-short-trimmed+3,141,t,0.2784
SARS-CoV2-5UTR-Amplicon-short-trimmed+3,142,g,0.4276
SARS-CoV2-5UTR-Amplicon-short-trimmed+3,143,c,0.0914
SARS-CoV2-5UTR-Amplicon-short-trimmed+3,144,t,0.0984
SARS-CoV2-5UTR-Amplicon-short-trimmed+3,145,t,0.1247
SARS-CoV2-5UTR-Amplicon-short-trimmed+3,146,a,0.1716
SARS-CoV2-5UTR-Amplicon-short-trimmed+3,147,c,0.1428
SARS-CoV2-5UTR-Amplicon-short-trimmed+3,148,g,0.3552
SARS-CoV2-5UTR-Amplicon-short-trimmed+3,149,g,0.1591
SARS-CoV2-5UTR-Amplicon-short-trimmed+3,150,t,0.1642
SARS-CoV2-5UTR-Amplicon-short-trimmed+3,151,t,0.1304
SARS-CoV2-5UTR-Amplicon-short-trimmed+3,152,t,0.2223
SARS-CoV2-5UTR-Amplicon-short-trimmed+3,153,c,0.2094
SARS-CoV2-5UTR-Amplicon-short-trimmed+3,154,g,0.0766
SARS-CoV2-5UTR-Amplicon-short-trimmed+3,155,t,0.3215
SARS-CoV2-5UTR-Amplicon-short-trimmed+3,156,c,0.191
SARS-CoV2-5UTR-Amplicon-short-trimmed+3,157,c,0.1972
SARS-CoV2-5UTR-Amplicon-short-trimmed+3,158,g,0.0961
SARS-CoV2-5UTR-Amplicon-short-trimmed+3,159,t,1.3644
SARS-CoV2-5UTR-Amplicon-short-trimmed+3,160,g,0.0783
SARS-CoV2-5UTR-Amplicon-short-trimmed+3,161,t,0.121
SARS-CoV2-5UTR-Amplicon-short-trimmed+3,162,t,0.1723
SARS-CoV2-5UTR-Amplicon-short-trimmed+3,163,g,0.1
SARS-CoV2-5UTR-Amplicon-short-trimmed+3,164,c,0.2636
SARS-CoV2-5UTR-Amplicon-short-trimmed+3,165,a,0.2223
SARS-CoV2-5UTR-Amplicon-short-trimmed+3,166,g,0.4852
SARS-CoV2-5UTR-Amplicon-short-trimmed+3,167,c,0.2629
SARS-CoV2-5UTR-Amplicon-short-trimmed+3,168,c,0.5407
SARS-CoV2-5UTR-Amplicon-short-trimmed+3,169,g,0.0959
SARS-CoV2-5UTR-Amplicon-short-trimmed+3,170,a,0.127
SARS-CoV2-5UTR-Amplicon-short-trimmed+3,171,t,0.1162
SARS-CoV2-5UTR-Amplicon-short-trimmed+3,172,c,0.1733
SARS-CoV2-5UTR-Amplicon-short-trimmed+3,173,a,0.0562
SARS-CoV2-5UTR-Amplicon-short-trimmed+3,174,t,0.0883
SARS-CoV2-5UTR-Amplicon-short-trimmed+3,175,c,0.2119
SARS-CoV2-5UTR-Amplicon-short-trimmed+3,176,a,0.1252
SARS-CoV2-5UTR-Amplicon-short-trimmed+3,177,g,0.1137
SARS-CoV2-5UTR-Amplicon-short-trimmed+3,178,c,0.5694
SARS-CoV2-5UTR-Amplicon-short-trimmed+3,179,a,0.1101
SARS-CoV2-5UTR-Amplicon-short-trimmed+3,180,c,0.0769
SARS-CoV2-5UTR-Amplicon-short-trimmed+3,181,a,0.1012
SARS-CoV2-5UTR-Amplicon-short-trimmed+3,182,t,0.1425
SARS-CoV2-5UTR-Amplicon-short-trimmed+3,183,c,0.0748
SARS-CoV2-5UTR-Amplicon-short-trimmed+3,184,t,0.0919
SARS-CoV2-5UTR-Amplicon-short-trimmed+3,185,a,0.1691
SARS-CoV2-5UTR-Amplicon-short-trimmed+3,186,g,0.0728
SARS-CoV2-5UTR-Amplicon-short-trimmed+3,187,g,0.1068
SARS-CoV2-5UTR-Amplicon-short-trimmed+3,188,t,0.1338
SARS-CoV2-5UTR-Amplicon-short-trimmed+3,189,t,0.2866
SARS-CoV2-5UTR-Amplicon-short-trimmed+3,190,t,0.3764
SARS-CoV2-5UTR-Amplicon-short-trimmed+3,191,c,0.1236
SARS-CoV2-5UTR-Amplicon-short-trimmed+3,192,g,0.0732
SARS-CoV2-5UTR-Amplicon-short-trimmed+3,193,t,1.1388
SARS-CoV2-5UTR-Amplicon-short-trimmed+3,194,c,0.1
SARS-CoV2-5UTR-Amplicon-short-trimmed+3,195,c,0.1443
SARS-CoV2-5UTR-Amplicon-short-trimmed+3,196,g,0.3295
SARS-CoV2-5UTR-Amplicon-short-trimmed+3,197,g,0.1287
SARS-CoV2-5UTR-Amplicon-short-trimmed+3,198,g,0.4366
SARS-CoV2-5UTR-Amplicon-short-trimmed+3,199,t,0.2354
SARS-CoV2-5UTR-Amplicon-short-trimmed+3,200,g,0.0804
SARS-CoV2-5UTR-Amplicon-short-trimmed+3,201,t,0.123
SARS-CoV2-5UTR-Amplicon-short-trimmed+3,202,g,0.0909
SARS-CoV2-5UTR-Amplicon-short-trimmed+3,203,a,0.3151
SARS-CoV2-5UTR-Amplicon-short-trimmed+3,204,c,0.101
SARS-CoV2-5UTR-Amplicon-short-trimmed+3,205,c,0.0933
SARS-CoV2-5UTR-Amplicon-short-trimmed+3,206,g,0.0926
SARS-CoV2-5UTR-Amplicon-short-trimmed+3,207,a,0.1106
SARS-CoV2-5UTR-Amplicon-short-trimmed+3,208,a,0.0551
SARS-CoV2-5UTR-Amplicon-short-trimmed+3,209,a,0.145
SARS-CoV2-5UTR-Amplicon-short-trimmed+3,210,g,0.1439
SARS-CoV2-5UTR-Amplicon-short-trimmed+3,211,g,0.1189
SARS-CoV2-5UTR-Amplicon-short-trimmed+3,212,t,0.1304
SARS-CoV2-5UTR-Amplicon-short-trimmed+3,213,a,0.053
SARS-CoV2-5UTR-Amplicon-short-trimmed+3,214,a,0.0608
SARS-CoV2-5UTR-Amplicon-short-trimmed+3,215,g,0.0703
SARS-CoV2-5UTR-Amplicon-short-trimmed+3,216,a,0.0439
SARS-CoV2-5UTR-Amplicon-short-trimmed+3,217,t,0.1152
SARS-CoV2-5UTR-Amplicon-short-trimmed+3,218,g,0.0556
SARS-CoV2-5UTR-Amplicon-short-trimmed+3,219,g,0.0658
SARS-CoV2-5UTR-Amplicon-short-trimmed+3,220,a,0.2039
SARS-CoV2-5UTR-Amplicon-short-trimmed+3,221,g,0.1359
SARS-CoV2-5UTR-Amplicon-short-trimmed+3,222,a,0.0642
SARS-CoV2-5UTR-Amplicon-short-trimmed+3,223,g,0.2062
SARS-CoV2-5UTR-Amplicon-short-trimmed+3,224,c,0.0702
SARS-CoV2-5UTR-Amplicon-short-trimmed+3,225,c,0.0712
SARS-CoV2-5UTR-Amplicon-short-trimmed+3,226,t,0.0518
SARS-CoV2-5UTR-Amplicon-short-trimmed+3,227,t,0.302
SARS-CoV2-5UTR-Amplicon-short-trimmed+3,228,g,0.0414
SARS-CoV2-5UTR-Amplicon-short-trimmed+3,229,t,0.1403
SARS-CoV2-5UTR-Amplicon-short-trimmed+3,230,c,0.0571
SARS-CoV2-5UTR-Amplicon-short-trimmed+3,231,c,0.0575
SARS-CoV2-5UTR-Amplicon-short-trimmed+3,232,c,0.0785
SARS-CoV2-5UTR-Amplicon-short-trimmed+3,233,t,0.1522
SARS-CoV2-5UTR-Amplicon-short-trimmed+3,234,g,0.0713
SARS-CoV2-5UTR-Amplicon-short-trimmed+3,235,g,0.1649
SARS-CoV2-5UTR-Amplicon-short-trimmed+3,236,t,0.067
SARS-CoV2-5UTR-Amplicon-short-trimmed+3,237,t,0.0659
SARS-CoV2-5UTR-Amplicon-short-trimmed+3,238,t,0.1289
SARS-CoV2-5UTR-Amplicon-short-trimmed+3,239,c,0.579
SARS-CoV2-5UTR-Amplicon-short-trimmed+3,240,a,0.0889
SARS-CoV2-5UTR-Amplicon-short-trimmed+3,241,a,0.0727
SARS-CoV2-5UTR-Amplicon-short-trimmed+3,242,c,0.083
SARS-CoV2-5UTR-Amplicon-short-trimmed+3,243,g,0.0148
SARS-CoV2-5UTR-Amplicon-short-trimmed+3,244,a,0.1892
SARS-CoV2-5UTR-Amplicon-short-trimmed+3,245,g,0.5042
SARS-CoV2-5UTR-Amplicon-short-trimmed+3,246,g,5.2955
SARS-CoV2-5UTR-Amplicon-short-trimmed+3,247,G,95.9878
SARS-CoV2-5UTR-Amplicon-short-trimmed+3,248,A,99.8684
SARS-CoV2-5UTR-Amplicon-short-trimmed+3,249,G,99.7621
