Region,Position,Ref_base,Mut_percentage
SARS-CoV2-5UTR-Amplicon-short-trimmed+3,1,T,99.8282
SARS-CoV2-5UTR-Amplicon-short-trimmed+3,2,T,99.8771
SARS-CoV2-5UTR-Amplicon-short-trimmed+3,3,G,99.9798
SARS-CoV2-5UTR-Amplicon-short-trimmed+3,4,t,99.9415
SARS-CoV2-5UTR-Amplicon-short-trimmed+3,5,a,0.0035
SARS-CoV2-5UTR-Amplicon-short-trimmed+3,6,g,0.1016
SARS-CoV2-5UTR-Amplicon-short-trimmed+3,7,a,0.0122
SARS-CoV2-5UTR-Amplicon-short-trimmed+3,8,t,0.0171
SARS-CoV2-5UTR-Amplicon-short-trimmed+3,9,c,0.0036
SARS-CoV2-5UTR-Amplicon-short-trimmed+3,10,t,0.0024
SARS-CoV2-5UTR-Amplicon-short-trimmed+3,11,g,0.0355
SARS-CoV2-5UTR-Amplicon-short-trimmed+3,12,t,0.0153
SARS-CoV2-5UTR-Amplicon-short-trimmed+3,13,t,0.0119
SARS-CoV2-5UTR-Amplicon-short-trimmed+3,14,c,0.016
SARS-CoV2-5UTR-Amplicon-short-trimmed+3,15,t,0.0292
SARS-CoV2-5UTR-Amplicon-short-trimmed+3,16,c,0.0111
SARS-CoV2-5UTR-Amplicon-short-trimmed+3,17,t,0.0188
SARS-CoV2-5UTR-Amplicon-short-trimmed+3,18,a,0.0427
SARS-CoV2-5UTR-Amplicon-short-trimmed+3,19,a,0.0107
SARS-CoV2-5UTR-Amplicon-short-trimmed+3,20,a,0.0107
SARS-CoV2-5UTR-Amplicon-short-trimmed+3,21,c,0.0114
SARS-CoV2-5UTR-Amplicon-short-trimmed+3,22,g,0.0069
SARS-CoV2-5UTR-Amplicon-short-trimmed+3,23,a,0.0065
SARS-CoV2-5UTR-Amplicon-short-trimmed+3,24,a,0.0081
SARS-CoV2-5UTR-Amplicon-short-trimmed+3,25,c,0.1869
SARS-CoV2-5UTR-Amplicon-short-trimmed+3,26,t,0.0345
SARS-CoV2-5UTR-Amplicon-short-trimmed+3,27,t,0.0368
SARS-CoV2-5UTR-Amplicon-short-trimmed+3,28,t,0.0041
SARS-CoV2-5UTR-Amplicon-short-trimmed+3,29,a,0.0074
SARS-CoV2-5UTR-Amplicon-short-trimmed+3,30,a,0.0098
SARS-CoV2-5UTR-Amplicon-short-trimmed+3,31,a,0.0514
SARS-CoV2-5UTR-Amplicon-short-trimmed+3,32,a,0.0119
SARS-CoV2-5UTR-Amplicon-short-trimmed+3,33,t,0.0128
SARS-CoV2-5UTR-Amplicon-short-trimmed+3,34,c,0.0114
SARS-CoV2-5UTR-Amplicon-short-trimmed+3,35,t,0.0126
SARS-CoV2-5UTR-Amplicon-short-trimmed+3,36,g,0.0131
SARS-CoV2-5UTR-Amplicon-short-trimmed+3,37,t,0.0213
SARS-CoV2-5UTR-Amplicon-short-trimmed+3,38,g,0.0072
SARS-CoV2-5UTR-Amplicon-short-trimmed+3,39,t,0.0138
SARS-CoV2-5UTR-Amplicon-short-trimmed+3,40,g,0.0091
SARS-CoV2-5UTR-Amplicon-short-trimmed+3,41,g,0.0202
SARS-CoV2-5UTR-Amplicon-short-trimmed+3,42,c,0.0132
SARS-CoV2-5UTR-Amplicon-short-trimmed+3,43,t,0.0494
SARS-CoV2-5UTR-Amplicon-short-trimmed+3,44,g,0.0146
SARS-CoV2-5UTR-Amplicon-short-trimmed+3,45,t,0.0305
SARS-CoV2-5UTR-Amplicon-short-trimmed+3,46,c,0.0093
SARS-CoV2-5UTR-Amplicon-short-trimmed+3,47,a,0.0118
SARS-CoV2-5UTR-Amplicon-short-trimmed+3,48,c,0.0164
SARS-CoV2-5UTR-Amplicon-short-trimmed+3,49,t,0.0142
SARS-CoV2-5UTR-Amplicon-short-trimmed+3,50,c,0.0161
SARS-CoV2-5UTR-Amplicon-short-trimmed+3,51,g,0.024
SARS-CoV2-5UTR-Amplicon-short-trimmed+3,52,g,0.0211
SARS-CoV2-5UTR-Amplicon-short-trimmed+3,53,c,0.0392
SARS-CoV2-5UTR-Amplicon-short-trimmed+3,54,t,0.0111
SARS-CoV2-5UTR-Amplicon-short-trimmed+3,55,g,0.0476
SARS-CoV2-5UTR-Amplicon-short-trimmed+3,56,c,0.0181
SARS-CoV2-5UTR-Amplicon-short-trimmed+3,57,g,0.0394
SARS-CoV2-5UTR-Amplicon-short-trimmed+3,58,t,0.0201
SARS-CoV2-5UTR-Amplicon-short-trimmed+3,59,g,0.0302
SARS-CoV2-5UTR-Amplicon-short-trimmed+3,60,c,0.0124
SARS-CoV2-5UTR-Amplicon-short-trimmed+3,61,t,0.0251
SARS-CoV2-5UTR-Amplicon-short-trimmed+3,62,t,0.0138
SARS-CoV2-5UTR-Amplicon-short-trimmed+3,63,a,0.0109
SARS-CoV2-5UTR-Amplicon-short-trimmed+3,64,g,0.0083
SARS-CoV2-5UTR-Amplicon-short-trimmed+3,65,t,0.0076
SARS-CoV2-5UTR-Amplicon-short-trimmed+3,66,g,0.0246
SARS-CoV2-5UTR-Amplicon-short-trimmed+3,67,c,0.023
SARS-CoV2-5UTR-Amplicon-short-trimmed+3,68,a,0.0223
SARS-CoV2-5UTR-Amplicon-short-trimmed+3,69,c,0.0192
SARS-CoV2-5UTR-Amplicon-short-trimmed+3,70,t,0.0088
SARS-CoV2-5UTR-Amplicon-short-trimmed+3,71,c,0.0178
SARS-CoV2-5UTR-Amplicon-short-trimmed+3,72,a,0.0209
SARS-CoV2-5UTR-Amplicon-short-trimmed+3,73,c,0.016
SARS-CoV2-5UTR-Amplicon-short-trimmed+3,74,g,0.0204
SARS-CoV2-5UTR-Amplicon-short-trimmed+3,75,c,0.0119
SARS-CoV2-5UTR-Amplicon-short-trimmed+3,76,a,0.046
SARS-CoV2-5UTR-Amplicon-short-trimmed+3,77,g,0.017
SARS-CoV2-5UTR-Amplicon-short-trimmed+3,78,t,0.0094
SARS-CoV2-5UTR-Amplicon-short-trimmed+3,79,a,0.016
SARS-CoV2-5UTR-Amplicon-short-trimmed+3,80,t,0.0039
SARS-CoV2-5UTR-Amplicon-short-trimmed+3,81,a,0.0118
SARS-CoV2-5UTR-Amplicon-short-trimmed+3,82,a,0.0293
SARS-CoV2-5UTR-Amplicon-short-trimmed+3,83,t,0.0041
SARS-CoV2-5UTR-Amplicon-short-trimmed+3,84,t,0.022
SARS-CoV2-5UTR-Amplicon-short-trimmed+3,85,a,0.0306
SARS-CoV2-5UTR-Amplicon-short-trimmed+3,86,a,0.0333
SARS-CoV2-5UTR-Amplicon-short-trimmed+3,87,t,0.0067
SARS-CoV2-5UTR-Amplicon-short-trimmed+3,88,a,0.0185
SARS-CoV2-5UTR-Amplicon-short-trimmed+3,89,a,0.0248
SARS-CoV2-5UTR-Amplicon-short-trimmed+3,90,c,0.2855
SARS-CoV2-5UTR-Amplicon-short-trimmed+3,91,t,0.0476
SARS-CoV2-5UTR-Amplicon-short-trimmed+3,92,a,0.0149
SARS-CoV2-5UTR-Amplicon-short-trimmed+3,93,a,0.0199
SARS-CoV2-5UTR-Amplicon-short-trimmed+3,94,t,0.0168
SARS-CoV2-5UTR-Amplicon-short-trimmed+3,95,t,0.0189
SARS-CoV2-5UTR-Amplicon-short-trimmed+3,96,a,0.0159
SARS-CoV2-5UTR-Amplicon-short-trimmed+3,97,c,0.0178
SARS-CoV2-5UTR-Amplicon-short-trimmed+3,98,t,0.2658
SARS-CoV2-5UTR-Amplicon-short-trimmed+3,99,g,0.0406
SARS-CoV2-5UTR-Amplicon-short-trimmed+3,100,t,0.031
SARS-CoV2-5UTR-Amplicon-short-trimmed+3,101,c,0.0174
SARS-CoV2-5UTR-Amplicon-short-trimmed+3,102,g,0.0213
SARS-CoV2-5UTR-Amplicon-short-trimmed+3,103,t,0.0258
SARS-CoV2-5UTR-Amplicon-short-trimmed+3,104,t,0.0546
SARS-CoV2-5UTR-Amplicon-short-trimmed+3,105,g,0.0236
SARS-CoV2-5UTR-Amplicon-short-trimmed+3,106,a,0.0243
SARS-CoV2-5UTR-Amplicon-short-trimmed+3,107,c,0.0253
SARS-CoV2-5UTR-Amplicon-short-trimmed+3,108,a,0.0356
SARS-CoV2-5UTR-Amplicon-short-trimmed+3,109,g,0.0327
SARS-CoV2-5UTR-Amplicon-short-trimmed+3,110,g,0.0234
SARS-CoV2-5UTR-Amplicon-short-trimmed+3,111,a,0.0156
SARS-CoV2-5UTR-Amplicon-short-trimmed+3,112,c,0.0299
SARS-CoV2-5UTR-Amplicon-short-trimmed+3,113,a,0.0258
SARS-CoV2-5UTR-Amplicon-short-trimmed+3,114,c,0.0261
SARS-CoV2-5UTR-Amplicon-short-trimmed+3,115,g,0.0156
SARS-CoV2-5UTR-Amplicon-short-trimmed+3,116,a,0.0133
SARS-CoV2-5UTR-Amplicon-short-trimmed+3,117,g,0.0097
SARS-CoV2-5UTR-Amplicon-short-trimmed+3,118,t,0.0361
SARS-CoV2-5UTR-Amplicon-short-trimmed+3,119,a,0.0411
SARS-CoV2-5UTR-Amplicon-short-trimmed+3,120,a,0.0159
SARS-CoV2-5UTR-Amplicon-short-trimmed+3,121,c,0.0304
SARS-CoV2-5UTR-Amplicon-short-trimmed+3,122,t,0.0659
SARS-CoV2-5UTR-Amplicon-short-trimmed+3,123,c,0.2469
SARS-CoV2-5UTR-Amplicon-short-trimmed+3,124,g,0.1561
SARS-CoV2-5UTR-Amplicon-short-trimmed+3,125,t,0.1856
SARS-CoV2-5UTR-Amplicon-short-trimmed+3,126,c,0.1466
SARS-CoV2-5UTR-Amplicon-short-trimmed+3,127,t,0.1022
SARS-CoV2-5UTR-Amplicon-short-trimmed+3,128,a,0.2091
SARS-CoV2-5UTR-Amplicon-short-trimmed+3,129,t,0.903
SARS-CoV2-5UTR-Amplicon-short-trimmed+3,130,c,0.2114
SARS-CoV2-5UTR-Amplicon-short-trimmed+3,131,t,0.1625
SARS-CoV2-5UTR-Amplicon-short-trimmed+3,132,t,0.2604
SARS-CoV2-5UTR-Amplicon-short-trimmed+3,133,c,0.3152
SARS-CoV2-5UTR-Amplicon-short-trimmed+3,134,t,0.182
SARS-CoV2-5UTR-Amplicon-short-trimmed+3,135,g,0.1501
SARS-CoV2-5UTR-Amplicon-short-trimmed+3,136,c,0.4635
SARS-CoV2-5UTR-Amplicon-short-trimmed+3,137,a,0.2309
SARS-CoV2-5UTR-Amplicon-short-trimmed+3,138,g,0.1046
SARS-CoV2-5UTR-Amplicon-short-trimmed+3,139,g,0.242
SARS-CoV2-5UTR-Amplicon-short-trimmed+3,140,c,0.1697
SARS-CoV2-5UTR-Amplicon-short-trimmed+3,141,t,0.2491
SARS-CoV2-5UTR-Amplicon-short-trimmed+3,142,g,0.3918
SARS-CoV2-5UTR-Amplicon-short-trimmed+3,143,c,0.1832
SARS-CoV2-5UTR-Amplicon-short-trimmed+3,144,t,0.0991
SARS-CoV2-5UTR-Amplicon-short-trimmed+3,145,t,0.1265
SARS-CoV2-5UTR-Amplicon-short-trimmed+3,146,a,0.1818
SARS-CoV2-5UTR-Amplicon-short-trimmed+3,147,c,0.259
SARS-CoV2-5UTR-Amplicon-short-trimmed+3,148,g,0.3708
SARS-CoV2-5UTR-Amplicon-short-trimmed+3,149,g,0.1451
SARS-CoV2-5UTR-Amplicon-short-trimmed+3,150,t,0.15
SARS-CoV2-5UTR-Amplicon-short-trimmed+3,151,t,0.1306
SARS-CoV2-5UTR-Amplicon-short-trimmed+3,152,t,0.2082
SARS-CoV2-5UTR-Amplicon-short-trimmed+3,153,c,0.3129
SARS-CoV2-5UTR-Amplicon-short-trimmed+3,154,g,0.0821
SARS-CoV2-5UTR-Amplicon-short-trimmed+3,155,t,0.2907
SARS-CoV2-5UTR-Amplicon-short-trimmed+3,156,c,0.3371
SARS-CoV2-5UTR-Amplicon-short-trimmed+3,157,c,0.2757
SARS-CoV2-5UTR-Amplicon-short-trimmed+3,158,g,0.124
SARS-CoV2-5UTR-Amplicon-short-trimmed+3,159,t,1.3684
SARS-CoV2-5UTR-Amplicon-short-trimmed+3,160,g,0.0894
SARS-CoV2-5UTR-Amplicon-short-trimmed+3,161,t,0.1186
SARS-CoV2-5UTR-Amplicon-short-trimmed+3,162,t,0.1664
SARS-CoV2-5UTR-Amplicon-short-trimmed+3,163,g,0.1053
SARS-CoV2-5UTR-Amplicon-short-trimmed+3,164,c,0.3429
SARS-CoV2-5UTR-Amplicon-short-trimmed+3,165,a,0.2292
SARS-CoV2-5UTR-Amplicon-short-trimmed+3,166,g,0.3704
SARS-CoV2-5UTR-Amplicon-short-trimmed+3,167,c,0.3793
SARS-CoV2-5UTR-Amplicon-short-trimmed+3,168,c,0.5927
SARS-CoV2-5UTR-Amplicon-short-trimmed+3,169,g,0.0969
SARS-CoV2-5UTR-Amplicon-short-trimmed+3,170,a,0.1244
SARS-CoV2-5UTR-Amplicon-short-trimmed+3,171,t,0.1072
SARS-CoV2-5UTR-Amplicon-short-trimmed+3,172,c,0.2088
SARS-CoV2-5UTR-Amplicon-short-trimmed+3,173,a,0.0762
SARS-CoV2-5UTR-Amplicon-short-trimmed+3,174,t,0.0818
SARS-CoV2-5UTR-Amplicon-short-trimmed+3,175,c,0.2847
SARS-CoV2-5UTR-Amplicon-short-trimmed+3,176,a,0.1355
SARS-CoV2-5UTR-Amplicon-short-trimmed+3,177,g,0.1285
SARS-CoV2-5UTR-Amplicon-short-trimmed+3,178,c,0.6206
SARS-CoV2-5UTR-Amplicon-short-trimmed+3,179,a,0.1249
SARS-CoV2-5UTR-Amplicon-short-trimmed+3,180,c,0.1351
SARS-CoV2-5UTR-Amplicon-short-trimmed+3,181,a,0.0969
SARS-CoV2-5UTR-Amplicon-short-trimmed+3,182,t,0.1453
SARS-CoV2-5UTR-Amplicon-short-trimmed+3,183,c,0.158
SARS-CoV2-5UTR-Amplicon-short-trimmed+3,184,t,0.1143
SARS-CoV2-5UTR-Amplicon-short-trimmed+3,185,a,0.2123
SARS-CoV2-5UTR-Amplicon-short-trimmed+3,186,g,0.0899
SARS-CoV2-5UTR-Amplicon-short-trimmed+3,187,g,0.0835
SARS-CoV2-5UTR-Amplicon-short-trimmed+3,188,t,0.145
SARS-CoV2-5UTR-Amplicon-short-trimmed+3,189,t,0.2766
SARS-CoV2-5UTR-Amplicon-short-trimmed+3,190,t,0.3698
SARS-CoV2-5UTR-Amplicon-short-trimmed+3,191,c,0.2387
SARS-CoV2-5UTR-Amplicon-short-trimmed+3,192,g,0.08
SARS-CoV2-5UTR-Amplicon-short-trimmed+3,193,t,1.1396
SARS-CoV2-5UTR-Amplicon-short-trimmed+3,194,c,0.242
SARS-CoV2-5UTR-Amplicon-short-trimmed+3,195,c,0.2362
SARS-CoV2-5UTR-Amplicon-short-trimmed+3,196,g,0.361
SARS-CoV2-5UTR-Amplicon-short-trimmed+3,197,g,0.1623
SARS-CoV2-5UTR-Amplicon-short-trimmed+3,198,g,0.3883
SARS-CoV2-5UTR-Amplicon-short-trimmed+3,199,t,0.2405
SARS-CoV2-5UTR-Amplicon-short-trimmed+3,200,g,0.0832
SARS-CoV2-5UTR-Amplicon-short-trimmed+3,201,t,0.1186
SARS-CoV2-5UTR-Amplicon-short-trimmed+3,202,g,0.0982
SARS-CoV2-5UTR-Amplicon-short-trimmed+3,203,a,0.3456
SARS-CoV2-5UTR-Amplicon-short-trimmed+3,204,c,0.2325
SARS-CoV2-5UTR-Amplicon-short-trimmed+3,205,c,0.1996
SARS-CoV2-5UTR-Amplicon-short-trimmed+3,206,g,0.1071
SARS-CoV2-5UTR-Amplicon-short-trimmed+3,207,a,0.1529
SARS-CoV2-5UTR-Amplicon-short-trimmed+3,208,a,0.0732
SARS-CoV2-5UTR-Amplicon-short-trimmed+3,209,a,0.1484
SARS-CoV2-5UTR-Amplicon-short-trimmed+3,210,g,0.1422
SARS-CoV2-5UTR-Amplicon-short-trimmed+3,211,g,0.159
SARS-CoV2-5UTR-Amplicon-short-trimmed+3,212,t,0.1356
SARS-CoV2-5UTR-Amplicon-short-trimmed+3,213,a,0.0757
SARS-CoV2-5UTR-Amplicon-short-trimmed+3,214,a,0.0803
SARS-CoV2-5UTR-Amplicon-short-trimmed+3,215,g,0.0773
SARS-CoV2-5UTR-Amplicon-short-trimmed+3,216,a,0.0751
SARS-CoV2-5UTR-Amplicon-short-trimmed+3,217,t,0.1298
SARS-CoV2-5UTR-Amplicon-short-trimmed+3,218,g,0.0643
SARS-CoV2-5UTR-Amplicon-short-trimmed+3,219,g,0.0614
SARS-CoV2-5UTR-Amplicon-short-trimmed+3,220,a,0.2458
SARS-CoV2-5UTR-Amplicon-short-trimmed+3,221,g,0.1388
SARS-CoV2-5UTR-Amplicon-short-trimmed+3,222,a,0.0921
SARS-CoV2-5UTR-Amplicon-short-trimmed+3,223,g,0.1931
SARS-CoV2-5UTR-Amplicon-short-trimmed+3,224,c,0.1807
SARS-CoV2-5UTR-Amplicon-short-trimmed+3,225,c,0.1942
SARS-CoV2-5UTR-Amplicon-short-trimmed+3,226,t,0.0522
SARS-CoV2-5UTR-Amplicon-short-trimmed+3,227,t,0.3104
SARS-CoV2-5UTR-Amplicon-short-trimmed+3,228,g,0.0562
SARS-CoV2-5UTR-Amplicon-short-trimmed+3,229,t,0.1291
SARS-CoV2-5UTR-Amplicon-short-trimmed+3,230,c,0.1324
SARS-CoV2-5UTR-Amplicon-short-trimmed+3,231,c,0.1427
SARS-CoV2-5UTR-Amplicon-short-trimmed+3,232,c,0.1924
SARS-CoV2-5UTR-Amplicon-short-trimmed+3,233,t,0.1666
SARS-CoV2-5UTR-Amplicon-short-trimmed+3,234,g,0.0838
SARS-CoV2-5UTR-Amplicon-short-trimmed+3,235,g,0.1096
SARS-CoV2-5UTR-Amplicon-short-trimmed+3,236,t,0.0741
SARS-CoV2-5UTR-Amplicon-short-trimmed+3,237,t,0.0695
SARS-CoV2-5UTR-Amplicon-short-trimmed+3,238,t,0.1311
SARS-CoV2-5UTR-Amplicon-short-trimmed+3,239,c,0.6941
SARS-CoV2-5UTR-Amplicon-short-trimmed+3,240,a,0.1073
SARS-CoV2-5UTR-Amplicon-short-trimmed+3,241,a,0.1198
SARS-CoV2-5UTR-Amplicon-short-trimmed+3,242,c,0.2199
SARS-CoV2-5UTR-Amplicon-short-trimmed+3,243,g,0.0219
SARS-CoV2-5UTR-Amplicon-short-trimmed+3,244,a,0.202
SARS-CoV2-5UTR-Amplicon-short-trimmed+3,245,g,0.5229
SARS-CoV2-5UTR-Amplicon-short-trimmed+3,246,g,5.4002
SARS-CoV2-5UTR-Amplicon-short-trimmed+3,247,G,95.8642
SARS-CoV2-5UTR-Amplicon-short-trimmed+3,248,A,99.8685
SARS-CoV2-5UTR-Amplicon-short-trimmed+3,249,G,99.7544
