Region,Position,Ref_base,Mut_percentage
SARS-CoV2-5UTR-Amplicon-short-trimmed+3,1,T,99.8456
SARS-CoV2-5UTR-Amplicon-short-trimmed+3,2,T,99.8578
SARS-CoV2-5UTR-Amplicon-short-trimmed+3,3,G,99.9598
SARS-CoV2-5UTR-Amplicon-short-trimmed+3,4,t,99.9412
SARS-CoV2-5UTR-Amplicon-short-trimmed+3,5,a,0.0031
SARS-CoV2-5UTR-Amplicon-short-trimmed+3,6,g,0.0677
SARS-CoV2-5UTR-Amplicon-short-trimmed+3,7,a,0.0095
SARS-CoV2-5UTR-Amplicon-short-trimmed+3,8,t,0.0146
SARS-CoV2-5UTR-Amplicon-short-trimmed+3,9,c,0.0047
SARS-CoV2-5UTR-Amplicon-short-trimmed+3,10,t,0.0036
SARS-CoV2-5UTR-Amplicon-short-trimmed+3,11,g,0.1169
SARS-CoV2-5UTR-Amplicon-short-trimmed+3,12,t,0.0187
SARS-CoV2-5UTR-Amplicon-short-trimmed+3,13,t,0.0192
SARS-CoV2-5UTR-Amplicon-short-trimmed+3,14,c,0.008
SARS-CoV2-5UTR-Amplicon-short-trimmed+3,15,t,0.0401
SARS-CoV2-5UTR-Amplicon-short-trimmed+3,16,c,0.0281
SARS-CoV2-5UTR-Amplicon-short-trimmed+3,17,t,0.0217
SARS-CoV2-5UTR-Amplicon-short-trimmed+3,18,a,0.0337
SARS-CoV2-5UTR-Amplicon-short-trimmed+3,19,a,0.0087
SARS-CoV2-5UTR-Amplicon-short-trimmed+3,20,a,0.0087
SARS-CoV2-5UTR-Amplicon-short-trimmed+3,21,c,0.008
SARS-CoV2-5UTR-Amplicon-short-trimmed+3,22,g,0.0136
SARS-CoV2-5UTR-Amplicon-short-trimmed+3,23,a,0.0047
SARS-CoV2-5UTR-Amplicon-short-trimmed+3,24,a,0.0068
SARS-CoV2-5UTR-Amplicon-short-trimmed+3,25,c,0.4158
SARS-CoV2-5UTR-Amplicon-short-trimmed+3,26,t,0.0352
SARS-CoV2-5UTR-Amplicon-short-trimmed+3,27,t,0.0697
SARS-CoV2-5UTR-Amplicon-short-trimmed+3,28,t,0.0059
SARS-CoV2-5UTR-Amplicon-short-trimmed+3,29,a,0.0073
SARS-CoV2-5UTR-Amplicon-short-trimmed+3,30,a,0.0075
SARS-CoV2-5UTR-Amplicon-short-trimmed+3,31,a,0.0413
SARS-CoV2-5UTR-Amplicon-short-trimmed+3,32,a,0.0117
SARS-CoV2-5UTR-Amplicon-short-trimmed+3,33,t,0.0119
SARS-CoV2-5UTR-Amplicon-short-trimmed+3,34,c,0.0081
SARS-CoV2-5UTR-Amplicon-short-trimmed+3,35,t,0.0115
SARS-CoV2-5UTR-Amplicon-short-trimmed+3,36,g,0.0132
SARS-CoV2-5UTR-Amplicon-short-trimmed+3,37,t,0.0195
SARS-CoV2-5UTR-Amplicon-short-trimmed+3,38,g,0.0082
SARS-CoV2-5UTR-Amplicon-short-trimmed+3,39,t,0.0162
SARS-CoV2-5UTR-Amplicon-short-trimmed+3,40,g,0.0112
SARS-CoV2-5UTR-Amplicon-short-trimmed+3,41,g,0.0357
SARS-CoV2-5UTR-Amplicon-short-trimmed+3,42,c,0.0102
SARS-CoV2-5UTR-Amplicon-short-trimmed+3,43,t,0.0785
SARS-CoV2-5UTR-Amplicon-short-trimmed+3,44,g,0.0276
SARS-CoV2-5UTR-Amplicon-short-trimmed+3,45,t,0.0338
SARS-CoV2-5UTR-Amplicon-short-trimmed+3,46,c,0.0096
SARS-CoV2-5UTR-Amplicon-short-trimmed+3,47,a,0.0097
SARS-CoV2-5UTR-Amplicon-short-trimmed+3,48,c,0.0061
SARS-CoV2-5UTR-Amplicon-short-trimmed+3,49,t,0.0156
SARS-CoV2-5UTR-Amplicon-short-trimmed+3,50,c,0.0084
SARS-CoV2-5UTR-Amplicon-short-trimmed+3,51,g,0.034
SARS-CoV2-5UTR-Amplicon-short-trimmed+3,52,g,0.0277
SARS-CoV2-5UTR-Amplicon-short-trimmed+3,53,c,0.0828
SARS-CoV2-5UTR-Amplicon-short-trimmed+3,54,t,0.0081
SARS-CoV2-5UTR-Amplicon-short-trimmed+3,55,g,0.1146
SARS-CoV2-5UTR-Amplicon-short-trimmed+3,56,c,0.0157
SARS-CoV2-5UTR-Amplicon-short-trimmed+3,57,g,0.1271
SARS-CoV2-5UTR-Amplicon-short-trimmed+3,58,t,0.0229
SARS-CoV2-5UTR-Amplicon-short-trimmed+3,59,g,0.0536
SARS-CoV2-5UTR-Amplicon-short-trimmed+3,60,c,0.0111
SARS-CoV2-5UTR-Amplicon-short-trimmed+3,61,t,0.0278
SARS-CoV2-5UTR-Amplicon-short-trimmed+3,62,t,0.0163
SARS-CoV2-5UTR-Amplicon-short-trimmed+3,63,a,0.0082
SARS-CoV2-5UTR-Amplicon-short-trimmed+3,64,g,0.0103
SARS-CoV2-5UTR-Amplicon-short-trimmed+3,65,t,0.0074
SARS-CoV2-5UTR-Amplicon-short-trimmed+3,66,g,0.0297
SARS-CoV2-5UTR-Amplicon-short-trimmed+3,67,c,0.0178
SARS-CoV2-5UTR-Amplicon-short-trimmed+3,68,a,0.0141
SARS-CoV2-5UTR-Amplicon-short-trimmed+3,69,c,0.0115
SARS-CoV2-5UTR-Amplicon-short-trimmed+3,70,t,0.012
SARS-CoV2-5UTR-Amplicon-short-trimmed+3,71,c,0.0216
SARS-CoV2-5UTR-Amplicon-short-trimmed+3,72,a,0.018
SARS-CoV2-5UTR-Amplicon-short-trimmed+3,73,c,0.0086
SARS-CoV2-5UTR-Amplicon-short-trimmed+3,74,g,0.024
SARS-CoV2-5UTR-Amplicon-short-trimmed+3,75,c,0.0056
SARS-CoV2-5UTR-Amplicon-short-trimmed+3,76,a,0.0412
SARS-CoV2-5UTR-Amplicon-short-trimmed+3,77,g,0.016
SARS-CoV2-5UTR-Amplicon-short-trimmed+3,78,t,0.011
SARS-CoV2-5UTR-Amplicon-short-trimmed+3,79,a,0.0142
SARS-CoV2-5UTR-Amplicon-short-trimmed+3,80,t,0.0044
SARS-CoV2-5UTR-Amplicon-short-trimmed+3,81,a,0.0117
SARS-CoV2-5UTR-Amplicon-short-trimmed+3,82,a,0.0293
SARS-CoV2-5UTR-Amplicon-short-trimmed+3,83,t,0.0048
SARS-CoV2-5UTR-Amplicon-short-trimmed+3,84,t,0.0281
SARS-CoV2-5UTR-Amplicon-short-trimmed+3,85,a,0.0254
SARS-CoV2-5UTR-Amplicon-short-trimmed+3,86,a,0.0216
SARS-CoV2-5UTR-Amplicon-short-trimmed+3,87,t,0.0042
SARS-CoV2-5UTR-Amplicon-short-trimmed+3,88,a,0.0127
SARS-CoV2-5UTR-Amplicon-short-trimmed+3,89,a,0.018
SARS-CoV2-5UTR-Amplicon-short-trimmed+3,90,c,0.2754
SARS-CoV2-5UTR-Amplicon-short-trimmed+3,91,t,0.0545
SARS-CoV2-5UTR-Amplicon-short-trimmed+3,92,a,0.013
SARS-CoV2-5UTR-Amplicon-short-trimmed+3,93,a,0.0172
SARS-CoV2-5UTR-Amplicon-short-trimmed+3,94,t,0.016
SARS-CoV2-5UTR-Amplicon-short-trimmed+3,95,t,0.0158
SARS-CoV2-5UTR-Amplicon-short-trimmed+3,96,a,0.0105
SARS-CoV2-5UTR-Amplicon-short-trimmed+3,97,c,0.0114
SARS-CoV2-5UTR-Amplicon-short-trimmed+3,98,t,0.2736
SARS-CoV2-5UTR-Amplicon-short-trimmed+3,99,g,0.0522
SARS-CoV2-5UTR-Amplicon-short-trimmed+3,100,t,0.0298
SARS-CoV2-5UTR-Amplicon-short-trimmed+3,101,c,0.011
SARS-CoV2-5UTR-Amplicon-short-trimmed+3,102,g,0.0401
SARS-CoV2-5UTR-Amplicon-short-trimmed+3,103,t,0.0277
SARS-CoV2-5UTR-Amplicon-short-trimmed+3,104,t,0.0579
SARS-CoV2-5UTR-Amplicon-short-trimmed+3,105,g,0.0424
SARS-CoV2-5UTR-Amplicon-short-trimmed+3,106,a,0.019
SARS-CoV2-5UTR-Amplicon-short-trimmed+3,107,c,0.0185
SARS-CoV2-5UTR-Amplicon-short-trimmed+3,108,a,0.0293
SARS-CoV2-5UTR-Amplicon-short-trimmed+3,109,g,0.0443
SARS-CoV2-5UTR-Amplicon-short-trimmed+3,110,g,0.0283
SARS-CoV2-5UTR-Amplicon-short-trimmed+3,111,a,0.0095
SARS-CoV2-5UTR-Amplicon-short-trimmed+3,112,c,0.0242
SARS-CoV2-5UTR-Amplicon-short-trimmed+3,113,a,0.0203
SARS-CoV2-5UTR-Amplicon-short-trimmed+3,114,c,0.0155
SARS-CoV2-5UTR-Amplicon-short-trimmed+3,115,g,0.025
SARS-CoV2-5UTR-Amplicon-short-trimmed+3,116,a,0.0087
SARS-CoV2-5UTR-Amplicon-short-trimmed+3,117,g,0.0125
SARS-CoV2-5UTR-Amplicon-short-trimmed+3,118,t,0.0403
SARS-CoV2-5UTR-Amplicon-short-trimmed+3,119,a,0.0317
SARS-CoV2-5UTR-Amplicon-short-trimmed+3,120,a,0.0121
SARS-CoV2-5UTR-Amplicon-short-trimmed+3,121,c,0.0134
SARS-CoV2-5UTR-Amplicon-short-trimmed+3,122,t,0.0563
SARS-CoV2-5UTR-Amplicon-short-trimmed+3,123,c,0.1367
SARS-CoV2-5UTR-Amplicon-short-trimmed+3,124,g,0.138
SARS-CoV2-5UTR-Amplicon-short-trimmed+3,125,t,0.1637
SARS-CoV2-5UTR-Amplicon-short-trimmed+3,126,c,0.0739
SARS-CoV2-5UTR-Amplicon-short-trimmed+3,127,t,0.0733
SARS-CoV2-5UTR-Amplicon-short-trimmed+3,128,a,0.1383
SARS-CoV2-5UTR-Amplicon-short-trimmed+3,129,t,0.6771
SARS-CoV2-5UTR-Amplicon-short-trimmed+3,130,c,0.0935
SARS-CoV2-5UTR-Amplicon-short-trimmed+3,131,t,0.1123
SARS-CoV2-5UTR-Amplicon-short-trimmed+3,132,t,0.1937
SARS-CoV2-5UTR-Amplicon-short-trimmed+3,133,c,0.1985
SARS-CoV2-5UTR-Amplicon-short-trimmed+3,134,t,0.1426
SARS-CoV2-5UTR-Amplicon-short-trimmed+3,135,g,0.1081
SARS-CoV2-5UTR-Amplicon-short-trimmed+3,136,c,0.3344
SARS-CoV2-5UTR-Amplicon-short-trimmed+3,137,a,0.1557
SARS-CoV2-5UTR-Amplicon-short-trimmed+3,138,g,0.061
SARS-CoV2-5UTR-Amplicon-short-trimmed+3,139,g,0.183
SARS-CoV2-5UTR-Amplicon-short-trimmed+3,140,c,0.0844
SARS-CoV2-5UTR-Amplicon-short-trimmed+3,141,t,0.1839
SARS-CoV2-5UTR-Amplicon-short-trimmed+3,142,g,0.3057
SARS-CoV2-5UTR-Amplicon-short-trimmed+3,143,c,0.0819
SARS-CoV2-5UTR-Amplicon-short-trimmed+3,144,t,0.0779
SARS-CoV2-5UTR-Amplicon-short-trimmed+3,145,t,0.0908
SARS-CoV2-5UTR-Amplicon-short-trimmed+3,146,a,0.1202
SARS-CoV2-5UTR-Amplicon-short-trimmed+3,147,c,0.1156
SARS-CoV2-5UTR-Amplicon-short-trimmed+3,148,g,0.3296
SARS-CoV2-5UTR-Amplicon-short-trimmed+3,149,g,0.1177
SARS-CoV2-5UTR-Amplicon-short-trimmed+3,150,t,0.1027
SARS-CoV2-5UTR-Amplicon-short-trimmed+3,151,t,0.0993
SARS-CoV2-5UTR-Amplicon-short-trimmed+3,152,t,0.146
SARS-CoV2-5UTR-Amplicon-short-trimmed+3,153,c,0.1785
SARS-CoV2-5UTR-Amplicon-short-trimmed+3,154,g,0.0634
SARS-CoV2-5UTR-Amplicon-short-trimmed+3,155,t,0.247
SARS-CoV2-5UTR-Amplicon-short-trimmed+3,156,c,0.1556
SARS-CoV2-5UTR-Amplicon-short-trimmed+3,157,c,0.1548
SARS-CoV2-5UTR-Amplicon-short-trimmed+3,158,g,0.0708
SARS-CoV2-5UTR-Amplicon-short-trimmed+3,159,t,0.9845
SARS-CoV2-5UTR-Amplicon-short-trimmed+3,160,g,0.065
SARS-CoV2-5UTR-Amplicon-short-trimmed+3,161,t,0.0967
SARS-CoV2-5UTR-Amplicon-short-trimmed+3,162,t,0.1348
SARS-CoV2-5UTR-Amplicon-short-trimmed+3,163,g,0.0836
SARS-CoV2-5UTR-Amplicon-short-trimmed+3,164,c,0.1986
SARS-CoV2-5UTR-Amplicon-short-trimmed+3,165,a,0.1568
SARS-CoV2-5UTR-Amplicon-short-trimmed+3,166,g,0.3466
SARS-CoV2-5UTR-Amplicon-short-trimmed+3,167,c,0.2013
SARS-CoV2-5UTR-Amplicon-short-trimmed+3,168,c,0.4728
SARS-CoV2-5UTR-Amplicon-short-trimmed+3,169,g,0.0923
SARS-CoV2-5UTR-Amplicon-short-trimmed+3,170,a,0.0935
SARS-CoV2-5UTR-Amplicon-short-trimmed+3,171,t,0.0905
SARS-CoV2-5UTR-Amplicon-short-trimmed+3,172,c,0.1423
SARS-CoV2-5UTR-Amplicon-short-trimmed+3,173,a,0.0523
SARS-CoV2-5UTR-Amplicon-short-trimmed+3,174,t,0.0626
SARS-CoV2-5UTR-Amplicon-short-trimmed+3,175,c,0.1812
SARS-CoV2-5UTR-Amplicon-short-trimmed+3,176,a,0.1019
SARS-CoV2-5UTR-Amplicon-short-trimmed+3,177,g,0.1068
SARS-CoV2-5UTR-Amplicon-short-trimmed+3,178,c,0.5068
SARS-CoV2-5UTR-Amplicon-short-trimmed+3,179,a,0.0753
SARS-CoV2-5UTR-Amplicon-short-trimmed+3,180,c,0.0757
SARS-CoV2-5UTR-Amplicon-short-trimmed+3,181,a,0.0619
SARS-CoV2-5UTR-Amplicon-short-trimmed+3,182,t,0.1048
SARS-CoV2-5UTR-Amplicon-short-trimmed+3,183,c,0.0591
SARS-CoV2-5UTR-Amplicon-short-trimmed+3,184,t,0.075
SARS-CoV2-5UTR-Amplicon-short-trimmed+3,185,a,0.1402
SARS-CoV2-5UTR-Amplicon-short-trimmed+3,186,g,0.064
SARS-CoV2-5UTR-Amplicon-short-trimmed+3,187,g,0.082
SARS-CoV2-5UTR-Amplicon-short-trimmed+3,188,t,0.1054
SARS-CoV2-5UTR-Amplicon-short-trimmed+3,189,t,0.26
SARS-CoV2-5UTR-Amplicon-short-trimmed+3,190,t,0.2736
SARS-CoV2-5UTR-Amplicon-short-trimmed+3,191,c,0.1186
SARS-CoV2-5UTR-Amplicon-short-trimmed+3,192,g,0.0547
SARS-CoV2-5UTR-Amplicon-short-trimmed+3,193,t,0.8404
SARS-CoV2-5UTR-Amplicon-short-trimmed+3,194,c,0.0936
SARS-CoV2-5UTR-Amplicon-short-trimmed+3,195,c,0.1446
SARS-CoV2-5UTR-Amplicon-short-trimmed+3,196,g,0.318
SARS-CoV2-5UTR-Amplicon-short-trimmed+3,197,g,0.1165
SARS-CoV2-5UTR-Amplicon-short-trimmed+3,198,g,0.3727
SARS-CoV2-5UTR-Amplicon-short-trimmed+3,199,t,0.1728
SARS-CoV2-5UTR-Amplicon-short-trimmed+3,200,g,0.0696
SARS-CoV2-5UTR-Amplicon-short-trimmed+3,201,t,0.1033
SARS-CoV2-5UTR-Amplicon-short-trimmed+3,202,g,0.0932
SARS-CoV2-5UTR-Amplicon-short-trimmed+3,203,a,0.2478
SARS-CoV2-5UTR-Amplicon-short-trimmed+3,204,c,0.0842
SARS-CoV2-5UTR-Amplicon-short-trimmed+3,205,c,0.0816
SARS-CoV2-5UTR-Amplicon-short-trimmed+3,206,g,0.0849
SARS-CoV2-5UTR-Amplicon-short-trimmed+3,207,a,0.0824
SARS-CoV2-5UTR-Amplicon-short-trimmed+3,208,a,0.0455
SARS-CoV2-5UTR-Amplicon-short-trimmed+3,209,a,0.115
SARS-CoV2-5UTR-Amplicon-short-trimmed+3,210,g,0.097
SARS-CoV2-5UTR-Amplicon-short-trimmed+3,211,g,0.1157
SARS-CoV2-5UTR-Amplicon-short-trimmed+3,212,t,0.0997
SARS-CoV2-5UTR-Amplicon-short-trimmed+3,213,a,0.0453
SARS-CoV2-5UTR-Amplicon-short-trimmed+3,214,a,0.0518
SARS-CoV2-5UTR-Amplicon-short-trimmed+3,215,g,0.054
SARS-CoV2-5UTR-Amplicon-short-trimmed+3,216,a,0.0374
SARS-CoV2-5UTR-Amplicon-short-trimmed+3,217,t,0.0906
SARS-CoV2-5UTR-Amplicon-short-trimmed+3,218,g,0.0496
SARS-CoV2-5UTR-Amplicon-short-trimmed+3,219,g,0.0538
SARS-CoV2-5UTR-Amplicon-short-trimmed+3,220,a,0.1865
SARS-CoV2-5UTR-Amplicon-short-trimmed+3,221,g,0.1315
SARS-CoV2-5UTR-Amplicon-short-trimmed+3,222,a,0.0614
SARS-CoV2-5UTR-Amplicon-short-trimmed+3,223,g,0.1648
SARS-CoV2-5UTR-Amplicon-short-trimmed+3,224,c,0.0864
SARS-CoV2-5UTR-Amplicon-short-trimmed+3,225,c,0.0676
SARS-CoV2-5UTR-Amplicon-short-trimmed+3,226,t,0.0429
SARS-CoV2-5UTR-Amplicon-short-trimmed+3,227,t,0.2454
SARS-CoV2-5UTR-Amplicon-short-trimmed+3,228,g,0.0466
SARS-CoV2-5UTR-Amplicon-short-trimmed+3,229,t,0.1086
SARS-CoV2-5UTR-Amplicon-short-trimmed+3,230,c,0.0596
SARS-CoV2-5UTR-Amplicon-short-trimmed+3,231,c,0.0595
SARS-CoV2-5UTR-Amplicon-short-trimmed+3,232,c,0.0792
SARS-CoV2-5UTR-Amplicon-short-trimmed+3,233,t,0.1276
SARS-CoV2-5UTR-Amplicon-short-trimmed+3,234,g,0.0581
SARS-CoV2-5UTR-Amplicon-short-trimmed+3,235,g,0.1193
SARS-CoV2-5UTR-Amplicon-short-trimmed+3,236,t,0.0534
SARS-CoV2-5UTR-Amplicon-short-trimmed+3,237,t,0.0499
SARS-CoV2-5UTR-Amplicon-short-trimmed+3,238,t,0.0948
SARS-CoV2-5UTR-Amplicon-short-trimmed+3,239,c,0.511
SARS-CoV2-5UTR-Amplicon-short-trimmed+3,240,a,0.0678
SARS-CoV2-5UTR-Amplicon-short-trimmed+3,241,a,0.0601
SARS-CoV2-5UTR-Amplicon-short-trimmed+3,242,c,0.0729
SARS-CoV2-5UTR-Amplicon-short-trimmed+3,243,g,0.0133
SARS-CoV2-5UTR-Amplicon-short-trimmed+3,244,a,0.1793
SARS-CoV2-5UTR-Amplicon-short-trimmed+3,245,g,0.5571
SARS-CoV2-5UTR-Amplicon-short-trimmed+3,246,g,5.5957
SARS-CoV2-5UTR-Amplicon-short-trimmed+3,247,G,95.7374
SARS-CoV2-5UTR-Amplicon-short-trimmed+3,248,A,99.8673
SARS-CoV2-5UTR-Amplicon-short-trimmed+3,249,G,99.7485
