Region,Position,Ref_base,Mut_percentage
SARS-CoV2-5UTR-Amplicon-short-trimmed+3,1,T,99.7482
SARS-CoV2-5UTR-Amplicon-short-trimmed+3,2,T,99.8473
SARS-CoV2-5UTR-Amplicon-short-trimmed+3,3,G,99.9789
SARS-CoV2-5UTR-Amplicon-short-trimmed+3,4,t,99.9377
SARS-CoV2-5UTR-Amplicon-short-trimmed+3,5,a,0.0032
SARS-CoV2-5UTR-Amplicon-short-trimmed+3,6,g,0.3312
SARS-CoV2-5UTR-Amplicon-short-trimmed+3,7,a,0.0248
SARS-CoV2-5UTR-Amplicon-short-trimmed+3,8,t,0.0631
SARS-CoV2-5UTR-Amplicon-short-trimmed+3,9,c,0.0141
SARS-CoV2-5UTR-Amplicon-short-trimmed+3,10,t,0.017
SARS-CoV2-5UTR-Amplicon-short-trimmed+3,11,g,0.0824
SARS-CoV2-5UTR-Amplicon-short-trimmed+3,12,t,0.0487
SARS-CoV2-5UTR-Amplicon-short-trimmed+3,13,t,0.0404
SARS-CoV2-5UTR-Amplicon-short-trimmed+3,14,c,0.0695
SARS-CoV2-5UTR-Amplicon-short-trimmed+3,15,t,0.0487
SARS-CoV2-5UTR-Amplicon-short-trimmed+3,16,c,0.0582
SARS-CoV2-5UTR-Amplicon-short-trimmed+3,17,t,0.0582
SARS-CoV2-5UTR-Amplicon-short-trimmed+3,18,a,0.0527
SARS-CoV2-5UTR-Amplicon-short-trimmed+3,19,a,0.0144
SARS-CoV2-5UTR-Amplicon-short-trimmed+3,20,a,0.0236
SARS-CoV2-5UTR-Amplicon-short-trimmed+3,21,c,0.0455
SARS-CoV2-5UTR-Amplicon-short-trimmed+3,22,g,0.0248
SARS-CoV2-5UTR-Amplicon-short-trimmed+3,23,a,0.0092
SARS-CoV2-5UTR-Amplicon-short-trimmed+3,24,a,0.013
SARS-CoV2-5UTR-Amplicon-short-trimmed+3,25,c,0.2597
SARS-CoV2-5UTR-Amplicon-short-trimmed+3,26,t,0.045
SARS-CoV2-5UTR-Amplicon-short-trimmed+3,27,t,0.0536
SARS-CoV2-5UTR-Amplicon-short-trimmed+3,28,t,0.03
SARS-CoV2-5UTR-Amplicon-short-trimmed+3,29,a,0.0153
SARS-CoV2-5UTR-Amplicon-short-trimmed+3,30,a,0.0179
SARS-CoV2-5UTR-Amplicon-short-trimmed+3,31,a,0.0741
SARS-CoV2-5UTR-Amplicon-short-trimmed+3,32,a,0.0317
SARS-CoV2-5UTR-Amplicon-short-trimmed+3,33,t,0.0354
SARS-CoV2-5UTR-Amplicon-short-trimmed+3,34,c,0.0337
SARS-CoV2-5UTR-Amplicon-short-trimmed+3,35,t,0.0354
SARS-CoV2-5UTR-Amplicon-short-trimmed+3,36,g,0.0409
SARS-CoV2-5UTR-Amplicon-short-trimmed+3,37,t,0.0415
SARS-CoV2-5UTR-Amplicon-short-trimmed+3,38,g,0.0242
SARS-CoV2-5UTR-Amplicon-short-trimmed+3,39,t,0.0331
SARS-CoV2-5UTR-Amplicon-short-trimmed+3,40,g,0.0352
SARS-CoV2-5UTR-Amplicon-short-trimmed+3,41,g,0.0452
SARS-CoV2-5UTR-Amplicon-short-trimmed+3,42,c,0.0565
SARS-CoV2-5UTR-Amplicon-short-trimmed+3,43,t,0.0761
SARS-CoV2-5UTR-Amplicon-short-trimmed+3,44,g,0.0326
SARS-CoV2-5UTR-Amplicon-short-trimmed+3,45,t,0.0646
SARS-CoV2-5UTR-Amplicon-short-trimmed+3,46,c,0.0461
SARS-CoV2-5UTR-Amplicon-short-trimmed+3,47,a,0.0254
SARS-CoV2-5UTR-Amplicon-short-trimmed+3,48,c,0.064
SARS-CoV2-5UTR-Amplicon-short-trimmed+3,49,t,0.0369
SARS-CoV2-5UTR-Amplicon-short-trimmed+3,50,c,0.0729
SARS-CoV2-5UTR-Amplicon-short-trimmed+3,51,g,0.045
SARS-CoV2-5UTR-Amplicon-short-trimmed+3,52,g,0.0478
SARS-CoV2-5UTR-Amplicon-short-trimmed+3,53,c,0.0824
SARS-CoV2-5UTR-Amplicon-short-trimmed+3,54,t,0.032
SARS-CoV2-5UTR-Amplicon-short-trimmed+3,55,g,0.0683
SARS-CoV2-5UTR-Amplicon-short-trimmed+3,56,c,0.0631
SARS-CoV2-5UTR-Amplicon-short-trimmed+3,57,g,0.0579
SARS-CoV2-5UTR-Amplicon-short-trimmed+3,58,t,0.0357
SARS-CoV2-5UTR-Amplicon-short-trimmed+3,59,g,0.0476
SARS-CoV2-5UTR-Amplicon-short-trimmed+3,60,c,0.0545
SARS-CoV2-5UTR-Amplicon-short-trimmed+3,61,t,0.0507
SARS-CoV2-5UTR-Amplicon-short-trimmed+3,62,t,0.0262
SARS-CoV2-5UTR-Amplicon-short-trimmed+3,63,a,0.021
SARS-CoV2-5UTR-Amplicon-short-trimmed+3,64,g,0.0251
SARS-CoV2-5UTR-Amplicon-short-trimmed+3,65,t,0.028
SARS-CoV2-5UTR-Amplicon-short-trimmed+3,66,g,0.0571
SARS-CoV2-5UTR-Amplicon-short-trimmed+3,67,c,0.068
SARS-CoV2-5UTR-Amplicon-short-trimmed+3,68,a,0.0383
SARS-CoV2-5UTR-Amplicon-short-trimmed+3,69,c,0.0663
SARS-CoV2-5UTR-Amplicon-short-trimmed+3,70,t,0.0274
SARS-CoV2-5UTR-Amplicon-short-trimmed+3,71,c,0.0323
SARS-CoV2-5UTR-Amplicon-short-trimmed+3,72,a,0.0516
SARS-CoV2-5UTR-Amplicon-short-trimmed+3,73,c,0.0726
SARS-CoV2-5UTR-Amplicon-short-trimmed+3,74,g,0.0452
SARS-CoV2-5UTR-Amplicon-short-trimmed+3,75,c,0.0677
SARS-CoV2-5UTR-Amplicon-short-trimmed+3,76,a,0.0718
SARS-CoV2-5UTR-Amplicon-short-trimmed+3,77,g,0.0352
SARS-CoV2-5UTR-Amplicon-short-trimmed+3,78,t,0.0254
SARS-CoV2-5UTR-Amplicon-short-trimmed+3,79,a,0.0372
SARS-CoV2-5UTR-Amplicon-short-trimmed+3,80,t,0.0141
SARS-CoV2-5UTR-Amplicon-short-trimmed+3,81,a,0.0254
SARS-CoV2-5UTR-Amplicon-short-trimmed+3,82,a,0.0499
SARS-CoV2-5UTR-Amplicon-short-trimmed+3,83,t,0.0164
SARS-CoV2-5UTR-Amplicon-short-trimmed+3,84,t,0.0761
SARS-CoV2-5UTR-Amplicon-short-trimmed+3,85,a,0.0496
SARS-CoV2-5UTR-Amplicon-short-trimmed+3,86,a,0.0556
SARS-CoV2-5UTR-Amplicon-short-trimmed+3,87,t,0.0153
SARS-CoV2-5UTR-Amplicon-short-trimmed+3,88,a,0.0268
SARS-CoV2-5UTR-Amplicon-short-trimmed+3,89,a,0.0487
SARS-CoV2-5UTR-Amplicon-short-trimmed+3,90,c,0.3248
SARS-CoV2-5UTR-Amplicon-short-trimmed+3,91,t,0.0945
SARS-CoV2-5UTR-Amplicon-short-trimmed+3,92,a,0.0303
SARS-CoV2-5UTR-Amplicon-short-trimmed+3,93,a,0.0435
SARS-CoV2-5UTR-Amplicon-short-trimmed+3,94,t,0.0513
SARS-CoV2-5UTR-Amplicon-short-trimmed+3,95,t,0.0429
SARS-CoV2-5UTR-Amplicon-short-trimmed+3,96,a,0.0331
SARS-CoV2-5UTR-Amplicon-short-trimmed+3,97,c,0.0573
SARS-CoV2-5UTR-Amplicon-short-trimmed+3,98,t,0.2942
SARS-CoV2-5UTR-Amplicon-short-trimmed+3,99,g,0.068
SARS-CoV2-5UTR-Amplicon-short-trimmed+3,100,t,0.0674
SARS-CoV2-5UTR-Amplicon-short-trimmed+3,101,c,0.0703
SARS-CoV2-5UTR-Amplicon-short-trimmed+3,102,g,0.0553
SARS-CoV2-5UTR-Amplicon-short-trimmed+3,103,t,0.0499
SARS-CoV2-5UTR-Amplicon-short-trimmed+3,104,t,0.1081
SARS-CoV2-5UTR-Amplicon-short-trimmed+3,105,g,0.0343
SARS-CoV2-5UTR-Amplicon-short-trimmed+3,106,a,0.0588
SARS-CoV2-5UTR-Amplicon-short-trimmed+3,107,c,0.083
SARS-CoV2-5UTR-Amplicon-short-trimmed+3,108,a,0.0715
SARS-CoV2-5UTR-Amplicon-short-trimmed+3,109,g,0.0637
SARS-CoV2-5UTR-Amplicon-short-trimmed+3,110,g,0.0452
SARS-CoV2-5UTR-Amplicon-short-trimmed+3,111,a,0.038
SARS-CoV2-5UTR-Amplicon-short-trimmed+3,112,c,0.0813
SARS-CoV2-5UTR-Amplicon-short-trimmed+3,113,a,0.0761
SARS-CoV2-5UTR-Amplicon-short-trimmed+3,114,c,0.0942
SARS-CoV2-5UTR-Amplicon-short-trimmed+3,115,g,0.0383
SARS-CoV2-5UTR-Amplicon-short-trimmed+3,116,a,0.0346
SARS-CoV2-5UTR-Amplicon-short-trimmed+3,117,g,0.0357
SARS-CoV2-5UTR-Amplicon-short-trimmed+3,118,t,0.0918
SARS-CoV2-5UTR-Amplicon-short-trimmed+3,119,a,0.0856
SARS-CoV2-5UTR-Amplicon-short-trimmed+3,120,a,0.032
SARS-CoV2-5UTR-Amplicon-short-trimmed+3,121,c,0.0767
SARS-CoV2-5UTR-Amplicon-short-trimmed+3,122,t,0.1405
SARS-CoV2-5UTR-Amplicon-short-trimmed+3,123,c,0.564
SARS-CoV2-5UTR-Amplicon-short-trimmed+3,124,g,0.2671
SARS-CoV2-5UTR-Amplicon-short-trimmed+3,125,t,0.3408
SARS-CoV2-5UTR-Amplicon-short-trimmed+3,126,c,0.4412
SARS-CoV2-5UTR-Amplicon-short-trimmed+3,127,t,0.1906
SARS-CoV2-5UTR-Amplicon-short-trimmed+3,128,a,0.3221
SARS-CoV2-5UTR-Amplicon-short-trimmed+3,129,t,1.3868
SARS-CoV2-5UTR-Amplicon-short-trimmed+3,130,c,0.5307
SARS-CoV2-5UTR-Amplicon-short-trimmed+3,131,t,0.4009
SARS-CoV2-5UTR-Amplicon-short-trimmed+3,132,t,0.3935
SARS-CoV2-5UTR-Amplicon-short-trimmed+3,133,c,0.7314
SARS-CoV2-5UTR-Amplicon-short-trimmed+3,134,t,0.3862
SARS-CoV2-5UTR-Amplicon-short-trimmed+3,135,g,0.2531
SARS-CoV2-5UTR-Amplicon-short-trimmed+3,136,c,0.7341
SARS-CoV2-5UTR-Amplicon-short-trimmed+3,137,a,0.3719
SARS-CoV2-5UTR-Amplicon-short-trimmed+3,138,g,0.2034
SARS-CoV2-5UTR-Amplicon-short-trimmed+3,139,g,0.3846
SARS-CoV2-5UTR-Amplicon-short-trimmed+3,140,c,0.3646
SARS-CoV2-5UTR-Amplicon-short-trimmed+3,141,t,0.4134
SARS-CoV2-5UTR-Amplicon-short-trimmed+3,142,g,0.5789
SARS-CoV2-5UTR-Amplicon-short-trimmed+3,143,c,0.3552
SARS-CoV2-5UTR-Amplicon-short-trimmed+3,144,t,0.1832
SARS-CoV2-5UTR-Amplicon-short-trimmed+3,145,t,0.2079
SARS-CoV2-5UTR-Amplicon-short-trimmed+3,146,a,0.2829
SARS-CoV2-5UTR-Amplicon-short-trimmed+3,147,c,0.5424
SARS-CoV2-5UTR-Amplicon-short-trimmed+3,148,g,0.5804
SARS-CoV2-5UTR-Amplicon-short-trimmed+3,149,g,0.3041
SARS-CoV2-5UTR-Amplicon-short-trimmed+3,150,t,0.2565
SARS-CoV2-5UTR-Amplicon-short-trimmed+3,151,t,0.2063
SARS-CoV2-5UTR-Amplicon-short-trimmed+3,152,t,0.4109
SARS-CoV2-5UTR-Amplicon-short-trimmed+3,153,c,0.7496
SARS-CoV2-5UTR-Amplicon-short-trimmed+3,154,g,0.166
SARS-CoV2-5UTR-Amplicon-short-trimmed+3,155,t,0.4559
SARS-CoV2-5UTR-Amplicon-short-trimmed+3,156,c,0.6254
SARS-CoV2-5UTR-Amplicon-short-trimmed+3,157,c,0.5419
SARS-CoV2-5UTR-Amplicon-short-trimmed+3,158,g,0.2899
SARS-CoV2-5UTR-Amplicon-short-trimmed+3,159,t,1.8821
SARS-CoV2-5UTR-Amplicon-short-trimmed+3,160,g,0.2195
SARS-CoV2-5UTR-Amplicon-short-trimmed+3,161,t,0.2454
SARS-CoV2-5UTR-Amplicon-short-trimmed+3,162,t,0.28
SARS-CoV2-5UTR-Amplicon-short-trimmed+3,163,g,0.1711
SARS-CoV2-5UTR-Amplicon-short-trimmed+3,164,c,0.558
SARS-CoV2-5UTR-Amplicon-short-trimmed+3,165,a,0.2614
SARS-CoV2-5UTR-Amplicon-short-trimmed+3,166,g,0.4573
SARS-CoV2-5UTR-Amplicon-short-trimmed+3,167,c,0.5066
SARS-CoV2-5UTR-Amplicon-short-trimmed+3,168,c,0.8609
SARS-CoV2-5UTR-Amplicon-short-trimmed+3,169,g,0.1636
SARS-CoV2-5UTR-Amplicon-short-trimmed+3,170,a,0.1862
SARS-CoV2-5UTR-Amplicon-short-trimmed+3,171,t,0.2006
SARS-CoV2-5UTR-Amplicon-short-trimmed+3,172,c,0.3746
SARS-CoV2-5UTR-Amplicon-short-trimmed+3,173,a,0.1183
SARS-CoV2-5UTR-Amplicon-short-trimmed+3,174,t,0.1396
SARS-CoV2-5UTR-Amplicon-short-trimmed+3,175,c,0.6075
SARS-CoV2-5UTR-Amplicon-short-trimmed+3,176,a,0.186
SARS-CoV2-5UTR-Amplicon-short-trimmed+3,177,g,0.2614
SARS-CoV2-5UTR-Amplicon-short-trimmed+3,178,c,0.9132
SARS-CoV2-5UTR-Amplicon-short-trimmed+3,179,a,0.2016
SARS-CoV2-5UTR-Amplicon-short-trimmed+3,180,c,0.3296
SARS-CoV2-5UTR-Amplicon-short-trimmed+3,181,a,0.1695
SARS-CoV2-5UTR-Amplicon-short-trimmed+3,182,t,0.2989
SARS-CoV2-5UTR-Amplicon-short-trimmed+3,183,c,0.3956
SARS-CoV2-5UTR-Amplicon-short-trimmed+3,184,t,0.1822
SARS-CoV2-5UTR-Amplicon-short-trimmed+3,185,a,0.3258
SARS-CoV2-5UTR-Amplicon-short-trimmed+3,186,g,0.2633
SARS-CoV2-5UTR-Amplicon-short-trimmed+3,187,g,0.2235
SARS-CoV2-5UTR-Amplicon-short-trimmed+3,188,t,0.2527
SARS-CoV2-5UTR-Amplicon-short-trimmed+3,189,t,0.3421
SARS-CoV2-5UTR-Amplicon-short-trimmed+3,190,t,0.5653
SARS-CoV2-5UTR-Amplicon-short-trimmed+3,191,c,0.6098
SARS-CoV2-5UTR-Amplicon-short-trimmed+3,192,g,0.1846
SARS-CoV2-5UTR-Amplicon-short-trimmed+3,193,t,1.4495
SARS-CoV2-5UTR-Amplicon-short-trimmed+3,194,c,0.5948
SARS-CoV2-5UTR-Amplicon-short-trimmed+3,195,c,0.4998
SARS-CoV2-5UTR-Amplicon-short-trimmed+3,196,g,0.4995
SARS-CoV2-5UTR-Amplicon-short-trimmed+3,197,g,0.3239
SARS-CoV2-5UTR-Amplicon-short-trimmed+3,198,g,0.5832
SARS-CoV2-5UTR-Amplicon-short-trimmed+3,199,t,0.3941
SARS-CoV2-5UTR-Amplicon-short-trimmed+3,200,g,0.2393
SARS-CoV2-5UTR-Amplicon-short-trimmed+3,201,t,0.243
SARS-CoV2-5UTR-Amplicon-short-trimmed+3,202,g,0.1928
SARS-CoV2-5UTR-Amplicon-short-trimmed+3,203,a,0.4599
SARS-CoV2-5UTR-Amplicon-short-trimmed+3,204,c,0.513
SARS-CoV2-5UTR-Amplicon-short-trimmed+3,205,c,0.5931
SARS-CoV2-5UTR-Amplicon-short-trimmed+3,206,g,0.2718
SARS-CoV2-5UTR-Amplicon-short-trimmed+3,207,a,0.2277
SARS-CoV2-5UTR-Amplicon-short-trimmed+3,208,a,0.115
SARS-CoV2-5UTR-Amplicon-short-trimmed+3,209,a,0.1931
SARS-CoV2-5UTR-Amplicon-short-trimmed+3,210,g,0.2933
SARS-CoV2-5UTR-Amplicon-short-trimmed+3,211,g,0.2117
SARS-CoV2-5UTR-Amplicon-short-trimmed+3,212,t,0.202
SARS-CoV2-5UTR-Amplicon-short-trimmed+3,213,a,0.0917
SARS-CoV2-5UTR-Amplicon-short-trimmed+3,214,a,0.1414
SARS-CoV2-5UTR-Amplicon-short-trimmed+3,215,g,0.1617
SARS-CoV2-5UTR-Amplicon-short-trimmed+3,216,a,0.1535
SARS-CoV2-5UTR-Amplicon-short-trimmed+3,217,t,0.2777
SARS-CoV2-5UTR-Amplicon-short-trimmed+3,218,g,0.2235
SARS-CoV2-5UTR-Amplicon-short-trimmed+3,219,g,0.1334
SARS-CoV2-5UTR-Amplicon-short-trimmed+3,220,a,0.314
SARS-CoV2-5UTR-Amplicon-short-trimmed+3,221,g,0.2407
SARS-CoV2-5UTR-Amplicon-short-trimmed+3,222,a,0.1327
SARS-CoV2-5UTR-Amplicon-short-trimmed+3,223,g,0.3817
SARS-CoV2-5UTR-Amplicon-short-trimmed+3,224,c,0.4738
SARS-CoV2-5UTR-Amplicon-short-trimmed+3,225,c,0.5644
SARS-CoV2-5UTR-Amplicon-short-trimmed+3,226,t,0.1341
SARS-CoV2-5UTR-Amplicon-short-trimmed+3,227,t,0.5123
SARS-CoV2-5UTR-Amplicon-short-trimmed+3,228,g,0.1476
SARS-CoV2-5UTR-Amplicon-short-trimmed+3,229,t,0.2664
SARS-CoV2-5UTR-Amplicon-short-trimmed+3,230,c,0.3256
SARS-CoV2-5UTR-Amplicon-short-trimmed+3,231,c,0.4507
SARS-CoV2-5UTR-Amplicon-short-trimmed+3,232,c,0.521
SARS-CoV2-5UTR-Amplicon-short-trimmed+3,233,t,0.2871
SARS-CoV2-5UTR-Amplicon-short-trimmed+3,234,g,0.2603
SARS-CoV2-5UTR-Amplicon-short-trimmed+3,235,g,0.2294
SARS-CoV2-5UTR-Amplicon-short-trimmed+3,236,t,0.1115
SARS-CoV2-5UTR-Amplicon-short-trimmed+3,237,t,0.1188
SARS-CoV2-5UTR-Amplicon-short-trimmed+3,238,t,0.2952
SARS-CoV2-5UTR-Amplicon-short-trimmed+3,239,c,0.786
SARS-CoV2-5UTR-Amplicon-short-trimmed+3,240,a,0.1165
SARS-CoV2-5UTR-Amplicon-short-trimmed+3,241,a,0.1615
SARS-CoV2-5UTR-Amplicon-short-trimmed+3,242,c,0.4609
SARS-CoV2-5UTR-Amplicon-short-trimmed+3,243,g,0.0474
SARS-CoV2-5UTR-Amplicon-short-trimmed+3,244,a,0.2947
SARS-CoV2-5UTR-Amplicon-short-trimmed+3,245,g,0.5011
SARS-CoV2-5UTR-Amplicon-short-trimmed+3,246,g,5.1842
SARS-CoV2-5UTR-Amplicon-short-trimmed+3,247,G,96.0794
SARS-CoV2-5UTR-Amplicon-short-trimmed+3,248,A,99.8642
SARS-CoV2-5UTR-Amplicon-short-trimmed+3,249,G,99.7717
