Region,Position,Ref_base,Mut_percentage
SARS-CoV2-5UTR-Amplicon-short-trimmed+3,1,T,99.8385
SARS-CoV2-5UTR-Amplicon-short-trimmed+3,2,T,99.8613
SARS-CoV2-5UTR-Amplicon-short-trimmed+3,3,G,99.9726
SARS-CoV2-5UTR-Amplicon-short-trimmed+3,4,t,99.9427
SARS-CoV2-5UTR-Amplicon-short-trimmed+3,5,a,0.0035
SARS-CoV2-5UTR-Amplicon-short-trimmed+3,6,g,0.1278
SARS-CoV2-5UTR-Amplicon-short-trimmed+3,7,a,0.0104
SARS-CoV2-5UTR-Amplicon-short-trimmed+3,8,t,0.0121
SARS-CoV2-5UTR-Amplicon-short-trimmed+3,9,c,0.004
SARS-CoV2-5UTR-Amplicon-short-trimmed+3,10,t,0.0055
SARS-CoV2-5UTR-Amplicon-short-trimmed+3,11,g,0.0932
SARS-CoV2-5UTR-Amplicon-short-trimmed+3,12,t,0.0199
SARS-CoV2-5UTR-Amplicon-short-trimmed+3,13,t,0.016
SARS-CoV2-5UTR-Amplicon-short-trimmed+3,14,c,0.0077
SARS-CoV2-5UTR-Amplicon-short-trimmed+3,15,t,0.0339
SARS-CoV2-5UTR-Amplicon-short-trimmed+3,16,c,0.018
SARS-CoV2-5UTR-Amplicon-short-trimmed+3,17,t,0.0193
SARS-CoV2-5UTR-Amplicon-short-trimmed+3,18,a,0.0399
SARS-CoV2-5UTR-Amplicon-short-trimmed+3,19,a,0.0083
SARS-CoV2-5UTR-Amplicon-short-trimmed+3,20,a,0.0101
SARS-CoV2-5UTR-Amplicon-short-trimmed+3,21,c,0.0056
SARS-CoV2-5UTR-Amplicon-short-trimmed+3,22,g,0.0124
SARS-CoV2-5UTR-Amplicon-short-trimmed+3,23,a,0.0061
SARS-CoV2-5UTR-Amplicon-short-trimmed+3,24,a,0.0065
SARS-CoV2-5UTR-Amplicon-short-trimmed+3,25,c,0.1398
SARS-CoV2-5UTR-Amplicon-short-trimmed+3,26,t,0.0369
SARS-CoV2-5UTR-Amplicon-short-trimmed+3,27,t,0.057
SARS-CoV2-5UTR-Amplicon-short-trimmed+3,28,t,0.0064
SARS-CoV2-5UTR-Amplicon-short-trimmed+3,29,a,0.0084
SARS-CoV2-5UTR-Amplicon-short-trimmed+3,30,a,0.0095
SARS-CoV2-5UTR-Amplicon-short-trimmed+3,31,a,0.0483
SARS-CoV2-5UTR-Amplicon-short-trimmed+3,32,a,0.0144
SARS-CoV2-5UTR-Amplicon-short-trimmed+3,33,t,0.0144
SARS-CoV2-5UTR-Amplicon-short-trimmed+3,34,c,0.0061
SARS-CoV2-5UTR-Amplicon-short-trimmed+3,35,t,0.0147
SARS-CoV2-5UTR-Amplicon-short-trimmed+3,36,g,0.0187
SARS-CoV2-5UTR-Amplicon-short-trimmed+3,37,t,0.0226
SARS-CoV2-5UTR-Amplicon-short-trimmed+3,38,g,0.0127
SARS-CoV2-5UTR-Amplicon-short-trimmed+3,39,t,0.018
SARS-CoV2-5UTR-Amplicon-short-trimmed+3,40,g,0.0175
SARS-CoV2-5UTR-Amplicon-short-trimmed+3,41,g,0.0348
SARS-CoV2-5UTR-Amplicon-short-trimmed+3,42,c,0.0121
SARS-CoV2-5UTR-Amplicon-short-trimmed+3,43,t,0.0674
SARS-CoV2-5UTR-Amplicon-short-trimmed+3,44,g,0.0257
SARS-CoV2-5UTR-Amplicon-short-trimmed+3,45,t,0.0354
SARS-CoV2-5UTR-Amplicon-short-trimmed+3,46,c,0.006
SARS-CoV2-5UTR-Amplicon-short-trimmed+3,47,a,0.0073
SARS-CoV2-5UTR-Amplicon-short-trimmed+3,48,c,0.0065
SARS-CoV2-5UTR-Amplicon-short-trimmed+3,49,t,0.015
SARS-CoV2-5UTR-Amplicon-short-trimmed+3,50,c,0.0086
SARS-CoV2-5UTR-Amplicon-short-trimmed+3,51,g,0.041
SARS-CoV2-5UTR-Amplicon-short-trimmed+3,52,g,0.0339
SARS-CoV2-5UTR-Amplicon-short-trimmed+3,53,c,0.0589
SARS-CoV2-5UTR-Amplicon-short-trimmed+3,54,t,0.0119
SARS-CoV2-5UTR-Amplicon-short-trimmed+3,55,g,0.0923
SARS-CoV2-5UTR-Amplicon-short-trimmed+3,56,c,0.0148
SARS-CoV2-5UTR-Amplicon-short-trimmed+3,57,g,0.0941
SARS-CoV2-5UTR-Amplicon-short-trimmed+3,58,t,0.0279
SARS-CoV2-5UTR-Amplicon-short-trimmed+3,59,g,0.053
SARS-CoV2-5UTR-Amplicon-short-trimmed+3,60,c,0.0124
SARS-CoV2-5UTR-Amplicon-short-trimmed+3,61,t,0.0323
SARS-CoV2-5UTR-Amplicon-short-trimmed+3,62,t,0.0161
SARS-CoV2-5UTR-Amplicon-short-trimmed+3,63,a,0.0112
SARS-CoV2-5UTR-Amplicon-short-trimmed+3,64,g,0.0147
SARS-CoV2-5UTR-Amplicon-short-trimmed+3,65,t,0.0093
SARS-CoV2-5UTR-Amplicon-short-trimmed+3,66,g,0.0395
SARS-CoV2-5UTR-Amplicon-short-trimmed+3,67,c,0.0189
SARS-CoV2-5UTR-Amplicon-short-trimmed+3,68,a,0.0216
SARS-CoV2-5UTR-Amplicon-short-trimmed+3,69,c,0.0106
SARS-CoV2-5UTR-Amplicon-short-trimmed+3,70,t,0.0139
SARS-CoV2-5UTR-Amplicon-short-trimmed+3,71,c,0.0199
SARS-CoV2-5UTR-Amplicon-short-trimmed+3,72,a,0.0224
SARS-CoV2-5UTR-Amplicon-short-trimmed+3,73,c,0.0074
SARS-CoV2-5UTR-Amplicon-short-trimmed+3,74,g,0.0327
SARS-CoV2-5UTR-Amplicon-short-trimmed+3,75,c,0.0035
SARS-CoV2-5UTR-Amplicon-short-trimmed+3,76,a,0.0473
SARS-CoV2-5UTR-Amplicon-short-trimmed+3,77,g,0.019
SARS-CoV2-5UTR-Amplicon-short-trimmed+3,78,t,0.0164
SARS-CoV2-5UTR-Amplicon-short-trimmed+3,79,a,0.0196
SARS-CoV2-5UTR-Amplicon-short-trimmed+3,80,t,0.0065
SARS-CoV2-5UTR-Amplicon-short-trimmed+3,81,a,0.0146
SARS-CoV2-5UTR-Amplicon-short-trimmed+3,82,a,0.0359
SARS-CoV2-5UTR-Amplicon-short-trimmed+3,83,t,0.007
SARS-CoV2-5UTR-Amplicon-short-trimmed+3,84,t,0.0396
SARS-CoV2-5UTR-Amplicon-short-trimmed+3,85,a,0.0331
SARS-CoV2-5UTR-Amplicon-short-trimmed+3,86,a,0.0267
SARS-CoV2-5UTR-Amplicon-short-trimmed+3,87,t,0.0081
SARS-CoV2-5UTR-Amplicon-short-trimmed+3,88,a,0.022
SARS-CoV2-5UTR-Amplicon-short-trimmed+3,89,a,0.024
SARS-CoV2-5UTR-Amplicon-short-trimmed+3,90,c,0.2877
SARS-CoV2-5UTR-Amplicon-short-trimmed+3,91,t,0.0695
SARS-CoV2-5UTR-Amplicon-short-trimmed+3,92,a,0.0203
SARS-CoV2-5UTR-Amplicon-short-trimmed+3,93,a,0.0225
SARS-CoV2-5UTR-Amplicon-short-trimmed+3,94,t,0.022
SARS-CoV2-5UTR-Amplicon-short-trimmed+3,95,t,0.0302
SARS-CoV2-5UTR-Amplicon-short-trimmed+3,96,a,0.0183
SARS-CoV2-5UTR-Amplicon-short-trimmed+3,97,c,0.0125
SARS-CoV2-5UTR-Amplicon-short-trimmed+3,98,t,0.2752
SARS-CoV2-5UTR-Amplicon-short-trimmed+3,99,g,0.052
SARS-CoV2-5UTR-Amplicon-short-trimmed+3,100,t,0.044
SARS-CoV2-5UTR-Amplicon-short-trimmed+3,101,c,0.0101
SARS-CoV2-5UTR-Amplicon-short-trimmed+3,102,g,0.0487
SARS-CoV2-5UTR-Amplicon-short-trimmed+3,103,t,0.0307
SARS-CoV2-5UTR-Amplicon-short-trimmed+3,104,t,0.0635
SARS-CoV2-5UTR-Amplicon-short-trimmed+3,105,g,0.0316
SARS-CoV2-5UTR-Amplicon-short-trimmed+3,106,a,0.0312
SARS-CoV2-5UTR-Amplicon-short-trimmed+3,107,c,0.0171
SARS-CoV2-5UTR-Amplicon-short-trimmed+3,108,a,0.0377
SARS-CoV2-5UTR-Amplicon-short-trimmed+3,109,g,0.0459
SARS-CoV2-5UTR-Amplicon-short-trimmed+3,110,g,0.0299
SARS-CoV2-5UTR-Amplicon-short-trimmed+3,111,a,0.0184
SARS-CoV2-5UTR-Amplicon-short-trimmed+3,112,c,0.0251
SARS-CoV2-5UTR-Amplicon-short-trimmed+3,113,a,0.0394
SARS-CoV2-5UTR-Amplicon-short-trimmed+3,114,c,0.0217
SARS-CoV2-5UTR-Amplicon-short-trimmed+3,115,g,0.0271
SARS-CoV2-5UTR-Amplicon-short-trimmed+3,116,a,0.0197
SARS-CoV2-5UTR-Amplicon-short-trimmed+3,117,g,0.0167
SARS-CoV2-5UTR-Amplicon-short-trimmed+3,118,t,0.0514
SARS-CoV2-5UTR-Amplicon-short-trimmed+3,119,a,0.0544
SARS-CoV2-5UTR-Amplicon-short-trimmed+3,120,a,0.0164
SARS-CoV2-5UTR-Amplicon-short-trimmed+3,121,c,0.0162
SARS-CoV2-5UTR-Amplicon-short-trimmed+3,122,t,0.0732
SARS-CoV2-5UTR-Amplicon-short-trimmed+3,123,c,0.1923
SARS-CoV2-5UTR-Amplicon-short-trimmed+3,124,g,0.1665
SARS-CoV2-5UTR-Amplicon-short-trimmed+3,125,t,0.2027
SARS-CoV2-5UTR-Amplicon-short-trimmed+3,126,c,0.0909
SARS-CoV2-5UTR-Amplicon-short-trimmed+3,127,t,0.1038
SARS-CoV2-5UTR-Amplicon-short-trimmed+3,128,a,0.1879
SARS-CoV2-5UTR-Amplicon-short-trimmed+3,129,t,0.9342
SARS-CoV2-5UTR-Amplicon-short-trimmed+3,130,c,0.1147
SARS-CoV2-5UTR-Amplicon-short-trimmed+3,131,t,0.1712
SARS-CoV2-5UTR-Amplicon-short-trimmed+3,132,t,0.2614
SARS-CoV2-5UTR-Amplicon-short-trimmed+3,133,c,0.2764
SARS-CoV2-5UTR-Amplicon-short-trimmed+3,134,t,0.1981
SARS-CoV2-5UTR-Amplicon-short-trimmed+3,135,g,0.181
SARS-CoV2-5UTR-Amplicon-short-trimmed+3,136,c,0.3959
SARS-CoV2-5UTR-Amplicon-short-trimmed+3,137,a,0.225
SARS-CoV2-5UTR-Amplicon-short-trimmed+3,138,g,0.0888
SARS-CoV2-5UTR-Amplicon-short-trimmed+3,139,g,0.2786
SARS-CoV2-5UTR-Amplicon-short-trimmed+3,140,c,0.0983
SARS-CoV2-5UTR-Amplicon-short-trimmed+3,141,t,0.2653
SARS-CoV2-5UTR-Amplicon-short-trimmed+3,142,g,0.4263
SARS-CoV2-5UTR-Amplicon-short-trimmed+3,143,c,0.0808
SARS-CoV2-5UTR-Amplicon-short-trimmed+3,144,t,0.1038
SARS-CoV2-5UTR-Amplicon-short-trimmed+3,145,t,0.1229
SARS-CoV2-5UTR-Amplicon-short-trimmed+3,146,a,0.1737
SARS-CoV2-5UTR-Amplicon-short-trimmed+3,147,c,0.1515
SARS-CoV2-5UTR-Amplicon-short-trimmed+3,148,g,0.3995
SARS-CoV2-5UTR-Amplicon-short-trimmed+3,149,g,0.1897
SARS-CoV2-5UTR-Amplicon-short-trimmed+3,150,t,0.1468
SARS-CoV2-5UTR-Amplicon-short-trimmed+3,151,t,0.125
SARS-CoV2-5UTR-Amplicon-short-trimmed+3,152,t,0.2078
SARS-CoV2-5UTR-Amplicon-short-trimmed+3,153,c,0.2137
SARS-CoV2-5UTR-Amplicon-short-trimmed+3,154,g,0.1002
SARS-CoV2-5UTR-Amplicon-short-trimmed+3,155,t,0.2931
SARS-CoV2-5UTR-Amplicon-short-trimmed+3,156,c,0.2029
SARS-CoV2-5UTR-Amplicon-short-trimmed+3,157,c,0.1896
SARS-CoV2-5UTR-Amplicon-short-trimmed+3,158,g,0.1661
SARS-CoV2-5UTR-Amplicon-short-trimmed+3,159,t,1.3137
SARS-CoV2-5UTR-Amplicon-short-trimmed+3,160,g,0.1214
SARS-CoV2-5UTR-Amplicon-short-trimmed+3,161,t,0.1175
SARS-CoV2-5UTR-Amplicon-short-trimmed+3,162,t,0.1646
SARS-CoV2-5UTR-Amplicon-short-trimmed+3,163,g,0.1178
SARS-CoV2-5UTR-Amplicon-short-trimmed+3,164,c,0.2584
SARS-CoV2-5UTR-Amplicon-short-trimmed+3,165,a,0.1928
SARS-CoV2-5UTR-Amplicon-short-trimmed+3,166,g,0.3818
SARS-CoV2-5UTR-Amplicon-short-trimmed+3,167,c,0.2641
SARS-CoV2-5UTR-Amplicon-short-trimmed+3,168,c,0.5217
SARS-CoV2-5UTR-Amplicon-short-trimmed+3,169,g,0.0916
SARS-CoV2-5UTR-Amplicon-short-trimmed+3,170,a,0.1215
SARS-CoV2-5UTR-Amplicon-short-trimmed+3,171,t,0.109
SARS-CoV2-5UTR-Amplicon-short-trimmed+3,172,c,0.1748
SARS-CoV2-5UTR-Amplicon-short-trimmed+3,173,a,0.054
SARS-CoV2-5UTR-Amplicon-short-trimmed+3,174,t,0.087
SARS-CoV2-5UTR-Amplicon-short-trimmed+3,175,c,0.2069
SARS-CoV2-5UTR-Amplicon-short-trimmed+3,176,a,0.132
SARS-CoV2-5UTR-Amplicon-short-trimmed+3,177,g,0.1959
SARS-CoV2-5UTR-Amplicon-short-trimmed+3,178,c,0.579
SARS-CoV2-5UTR-Amplicon-short-trimmed+3,179,a,0.1135
SARS-CoV2-5UTR-Amplicon-short-trimmed+3,180,c,0.0835
SARS-CoV2-5UTR-Amplicon-short-trimmed+3,181,a,0.0903
SARS-CoV2-5UTR-Amplicon-short-trimmed+3,182,t,0.1394
SARS-CoV2-5UTR-Amplicon-short-trimmed+3,183,c,0.0711
SARS-CoV2-5UTR-Amplicon-short-trimmed+3,184,t,0.1002
SARS-CoV2-5UTR-Amplicon-short-trimmed+3,185,a,0.1767
SARS-CoV2-5UTR-Amplicon-short-trimmed+3,186,g,0.0977
SARS-CoV2-5UTR-Amplicon-short-trimmed+3,187,g,0.0989
SARS-CoV2-5UTR-Amplicon-short-trimmed+3,188,t,0.1357
SARS-CoV2-5UTR-Amplicon-short-trimmed+3,189,t,0.2823
SARS-CoV2-5UTR-Amplicon-short-trimmed+3,190,t,0.3693
SARS-CoV2-5UTR-Amplicon-short-trimmed+3,191,c,0.1294
SARS-CoV2-5UTR-Amplicon-short-trimmed+3,192,g,0.0857
SARS-CoV2-5UTR-Amplicon-short-trimmed+3,193,t,1.0817
SARS-CoV2-5UTR-Amplicon-short-trimmed+3,194,c,0.1098
SARS-CoV2-5UTR-Amplicon-short-trimmed+3,195,c,0.1513
SARS-CoV2-5UTR-Amplicon-short-trimmed+3,196,g,0.3498
SARS-CoV2-5UTR-Amplicon-short-trimmed+3,197,g,0.188
SARS-CoV2-5UTR-Amplicon-short-trimmed+3,198,g,0.469
SARS-CoV2-5UTR-Amplicon-short-trimmed+3,199,t,0.2278
SARS-CoV2-5UTR-Amplicon-short-trimmed+3,200,g,0.1482
SARS-CoV2-5UTR-Amplicon-short-trimmed+3,201,t,0.1201
SARS-CoV2-5UTR-Amplicon-short-trimmed+3,202,g,0.1028
SARS-CoV2-5UTR-Amplicon-short-trimmed+3,203,a,0.3263
SARS-CoV2-5UTR-Amplicon-short-trimmed+3,204,c,0.1124
SARS-CoV2-5UTR-Amplicon-short-trimmed+3,205,c,0.0942
SARS-CoV2-5UTR-Amplicon-short-trimmed+3,206,g,0.1535
SARS-CoV2-5UTR-Amplicon-short-trimmed+3,207,a,0.1148
SARS-CoV2-5UTR-Amplicon-short-trimmed+3,208,a,0.0566
SARS-CoV2-5UTR-Amplicon-short-trimmed+3,209,a,0.1445
SARS-CoV2-5UTR-Amplicon-short-trimmed+3,210,g,0.1527
SARS-CoV2-5UTR-Amplicon-short-trimmed+3,211,g,0.2023
SARS-CoV2-5UTR-Amplicon-short-trimmed+3,212,t,0.13
SARS-CoV2-5UTR-Amplicon-short-trimmed+3,213,a,0.0552
SARS-CoV2-5UTR-Amplicon-short-trimmed+3,214,a,0.0613
SARS-CoV2-5UTR-Amplicon-short-trimmed+3,215,g,0.0745
SARS-CoV2-5UTR-Amplicon-short-trimmed+3,216,a,0.0399
SARS-CoV2-5UTR-Amplicon-short-trimmed+3,217,t,0.1157
SARS-CoV2-5UTR-Amplicon-short-trimmed+3,218,g,0.1045
SARS-CoV2-5UTR-Amplicon-short-trimmed+3,219,g,0.0592
SARS-CoV2-5UTR-Amplicon-short-trimmed+3,220,a,0.212
SARS-CoV2-5UTR-Amplicon-short-trimmed+3,221,g,0.1546
SARS-CoV2-5UTR-Amplicon-short-trimmed+3,222,a,0.0683
SARS-CoV2-5UTR-Amplicon-short-trimmed+3,223,g,0.2757
SARS-CoV2-5UTR-Amplicon-short-trimmed+3,224,c,0.0712
SARS-CoV2-5UTR-Amplicon-short-trimmed+3,225,c,0.0697
SARS-CoV2-5UTR-Amplicon-short-trimmed+3,226,t,0.0404
SARS-CoV2-5UTR-Amplicon-short-trimmed+3,227,t,0.286
SARS-CoV2-5UTR-Amplicon-short-trimmed+3,228,g,0.0359
SARS-CoV2-5UTR-Amplicon-short-trimmed+3,229,t,0.1183
SARS-CoV2-5UTR-Amplicon-short-trimmed+3,230,c,0.0643
SARS-CoV2-5UTR-Amplicon-short-trimmed+3,231,c,0.0585
SARS-CoV2-5UTR-Amplicon-short-trimmed+3,232,c,0.0826
SARS-CoV2-5UTR-Amplicon-short-trimmed+3,233,t,0.1659
SARS-CoV2-5UTR-Amplicon-short-trimmed+3,234,g,0.1216
SARS-CoV2-5UTR-Amplicon-short-trimmed+3,235,g,0.1288
SARS-CoV2-5UTR-Amplicon-short-trimmed+3,236,t,0.0665
SARS-CoV2-5UTR-Amplicon-short-trimmed+3,237,t,0.06
SARS-CoV2-5UTR-Amplicon-short-trimmed+3,238,t,0.11
SARS-CoV2-5UTR-Amplicon-short-trimmed+3,239,c,0.6039
SARS-CoV2-5UTR-Amplicon-short-trimmed+3,240,a,0.0945
SARS-CoV2-5UTR-Amplicon-short-trimmed+3,241,a,0.0737
SARS-CoV2-5UTR-Amplicon-short-trimmed+3,242,c,0.0868
SARS-CoV2-5UTR-Amplicon-short-trimmed+3,243,g,0.0148
SARS-CoV2-5UTR-Amplicon-short-trimmed+3,244,a,0.1946
SARS-CoV2-5UTR-Amplicon-short-trimmed+3,245,g,0.5158
SARS-CoV2-5UTR-Amplicon-short-trimmed+3,246,g,5.3906
SARS-CoV2-5UTR-Amplicon-short-trimmed+3,247,G,95.9089
SARS-CoV2-5UTR-Amplicon-short-trimmed+3,248,A,99.8585
SARS-CoV2-5UTR-Amplicon-short-trimmed+3,249,G,99.7563
