Region,Position,Ref_base,Mut_percentage
SARS-CoV2-5UTR-Amplicon,1,a,0
SARS-CoV2-5UTR-Amplicon,2,g,0
SARS-CoV2-5UTR-Amplicon,3,g,0
SARS-CoV2-5UTR-Amplicon,4,t,0
SARS-CoV2-5UTR-Amplicon,5,t,0.1425
SARS-CoV2-5UTR-Amplicon,6,t,0.1992
SARS-CoV2-5UTR-Amplicon,7,a,0.1419
SARS-CoV2-5UTR-Amplicon,8,t,0.3335
SARS-CoV2-5UTR-Amplicon,9,a,0.4425
SARS-CoV2-5UTR-Amplicon,10,c,0.4679
SARS-CoV2-5UTR-Amplicon,11,c,0.3838
SARS-CoV2-5UTR-Amplicon,12,t,1.8306
SARS-CoV2-5UTR-Amplicon,13,t,0.8463
SARS-CoV2-5UTR-Amplicon,14,c,2.882
SARS-CoV2-5UTR-Amplicon,15,c,0.7331
SARS-CoV2-5UTR-Amplicon,16,c,0.9224
SARS-CoV2-5UTR-Amplicon,17,a,0.5413
SARS-CoV2-5UTR-Amplicon,18,g,0.4862
SARS-CoV2-5UTR-Amplicon,19,g,0.054
SARS-CoV2-5UTR-Amplicon,20,t,1.0518
SARS-CoV2-5UTR-Amplicon,21,a,1.0234
SARS-CoV2-5UTR-Amplicon,22,a,0.7808
SARS-CoV2-5UTR-Amplicon,23,c,0.6726
SARS-CoV2-5UTR-Amplicon,24,a,0.9038
SARS-CoV2-5UTR-Amplicon,25,a,0.5572
SARS-CoV2-5UTR-Amplicon,26,a,0.5032
SARS-CoV2-5UTR-Amplicon,27,c,1.164
SARS-CoV2-5UTR-Amplicon,28,c,1.478
SARS-CoV2-5UTR-Amplicon,29,a,0.4484
SARS-CoV2-5UTR-Amplicon,30,a,0.1582
SARS-CoV2-5UTR-Amplicon,31,c,0.4739
SARS-CoV2-5UTR-Amplicon,32,c,1.1304
SARS-CoV2-5UTR-Amplicon,33,a,0.2889
SARS-CoV2-5UTR-Amplicon,34,a,0.105
SARS-CoV2-5UTR-Amplicon,35,c,0.7876
SARS-CoV2-5UTR-Amplicon,36,t,0.8134
SARS-CoV2-5UTR-Amplicon,37,t,0.2322
SARS-CoV2-5UTR-Amplicon,38,t,0.3094
SARS-CoV2-5UTR-Amplicon,39,c,1.5979
SARS-CoV2-5UTR-Amplicon,40,g,1.3639
SARS-CoV2-5UTR-Amplicon,41,a,0.3857
SARS-CoV2-5UTR-Amplicon,42,t,0.9
SARS-CoV2-5UTR-Amplicon,43,c,1.5926
SARS-CoV2-5UTR-Amplicon,44,t,0.693
SARS-CoV2-5UTR-Amplicon,45,c,1.514
SARS-CoV2-5UTR-Amplicon,46,t,1.9241
SARS-CoV2-5UTR-Amplicon,47,t,1.3843
SARS-CoV2-5UTR-Amplicon,48,g,0.6663
SARS-CoV2-5UTR-Amplicon,49,t,0.7172
SARS-CoV2-5UTR-Amplicon,50,a,0.5116
SARS-CoV2-5UTR-Amplicon,51,g,1.3555
SARS-CoV2-5UTR-Amplicon,52,a,0.4348
SARS-CoV2-5UTR-Amplicon,53,t,0.9716
SARS-CoV2-5UTR-Amplicon,54,c,1.7387
SARS-CoV2-5UTR-Amplicon,55,t,0.7402
SARS-CoV2-5UTR-Amplicon,56,g,1.301
SARS-CoV2-5UTR-Amplicon,57,t,1.6327
SARS-CoV2-5UTR-Amplicon,58,t,1.3252
SARS-CoV2-5UTR-Amplicon,59,c,1.6561
SARS-CoV2-5UTR-Amplicon,60,t,0.535
SARS-CoV2-5UTR-Amplicon,61,c,1.8854
SARS-CoV2-5UTR-Amplicon,62,t,1.2226
SARS-CoV2-5UTR-Amplicon,63,a,5.7026
SARS-CoV2-5UTR-Amplicon,64,a,0.229
SARS-CoV2-5UTR-Amplicon,65,a,0.2289
SARS-CoV2-5UTR-Amplicon,66,c,0.7121
SARS-CoV2-5UTR-Amplicon,67,g,1.4235
SARS-CoV2-5UTR-Amplicon,68,a,0.3557
SARS-CoV2-5UTR-Amplicon,69,a,0.5588
SARS-CoV2-5UTR-Amplicon,70,c,2.7185
SARS-CoV2-5UTR-Amplicon,71,t,0.6853
SARS-CoV2-5UTR-Amplicon,72,t,0.4061
SARS-CoV2-5UTR-Amplicon,73,t,0.5076
SARS-CoV2-5UTR-Amplicon,74,a,0.9396
SARS-CoV2-5UTR-Amplicon,75,a,0.4572
SARS-CoV2-5UTR-Amplicon,76,a,0.3556
SARS-CoV2-5UTR-Amplicon,77,a,0.5081
SARS-CoV2-5UTR-Amplicon,78,t,1.0671
SARS-CoV2-5UTR-Amplicon,79,c,1.1684
SARS-CoV2-5UTR-Amplicon,80,t,0.6096
SARS-CoV2-5UTR-Amplicon,81,g,0.6342
SARS-CoV2-5UTR-Amplicon,82,t,0.5074
SARS-CoV2-5UTR-Amplicon,83,g,0.482
SARS-CoV2-5UTR-Amplicon,84,t,0.5582
SARS-CoV2-5UTR-Amplicon,85,g,0.6849
SARS-CoV2-5UTR-Amplicon,86,g,0.6344
SARS-CoV2-5UTR-Amplicon,87,c,0.7589
SARS-CoV2-5UTR-Amplicon,88,t,0.7334
SARS-CoV2-5UTR-Amplicon,89,g,0.5071
SARS-CoV2-5UTR-Amplicon,90,t,0.5832
SARS-CoV2-5UTR-Amplicon,91,c,0.8623
SARS-CoV2-5UTR-Amplicon,92,a,0.8623
SARS-CoV2-5UTR-Amplicon,93,c,0.9144
SARS-CoV2-5UTR-Amplicon,94,t,0.5588
SARS-CoV2-5UTR-Amplicon,95,c,1.6764
SARS-CoV2-5UTR-Amplicon,96,g,0.965
SARS-CoV2-5UTR-Amplicon,97,g,0.9396
SARS-CoV2-5UTR-Amplicon,98,c,1.0312
SARS-CoV2-5UTR-Amplicon,99,t,0.7557
SARS-CoV2-5UTR-Amplicon,100,g,0.9572
SARS-CoV2-5UTR-Amplicon,101,c,1.3602
SARS-CoV2-5UTR-Amplicon,102,g,0.8065
SARS-CoV2-5UTR-Amplicon,103,t,0.6296
SARS-CoV2-5UTR-Amplicon,104,g,0.831
SARS-CoV2-5UTR-Amplicon,105,c,1.4858
SARS-CoV2-5UTR-Amplicon,106,t,1.5861
SARS-CoV2-5UTR-Amplicon,107,t,1.6616
SARS-CoV2-5UTR-Amplicon,108,a,0.7301
SARS-CoV2-5UTR-Amplicon,109,g,0.4783
SARS-CoV2-5UTR-Amplicon,110,t,0.428
SARS-CoV2-5UTR-Amplicon,111,g,0.7301
SARS-CoV2-5UTR-Amplicon,112,c,0.7051
SARS-CoV2-5UTR-Amplicon,113,a,0.3023
SARS-CoV2-5UTR-Amplicon,114,c,0.6547
SARS-CoV2-5UTR-Amplicon,115,t,0.4533
SARS-CoV2-5UTR-Amplicon,116,c,0.7553
SARS-CoV2-5UTR-Amplicon,117,a,0.4783
SARS-CoV2-5UTR-Amplicon,118,c,0.7807
SARS-CoV2-5UTR-Amplicon,119,g,0.5788
SARS-CoV2-5UTR-Amplicon,120,c,1.1575
SARS-CoV2-5UTR-Amplicon,121,a,0.4782
SARS-CoV2-5UTR-Amplicon,122,g,0.5532
SARS-CoV2-5UTR-Amplicon,123,t,0.6796
SARS-CoV2-5UTR-Amplicon,124,a,0.5286
SARS-CoV2-5UTR-Amplicon,125,t,0.4003
SARS-CoV2-5UTR-Amplicon,126,a,0.4503
SARS-CoV2-5UTR-Amplicon,127,a,0.3002
SARS-CoV2-5UTR-Amplicon,128,t,0.3251
SARS-CoV2-5UTR-Amplicon,129,t,0.55
SARS-CoV2-5UTR-Amplicon,130,a,0.35
SARS-CoV2-5UTR-Amplicon,131,a,0.6
SARS-CoV2-5UTR-Amplicon,132,t,0.325
SARS-CoV2-5UTR-Amplicon,133,a,0.525
SARS-CoV2-5UTR-Amplicon,134,a,0.4002
SARS-CoV2-5UTR-Amplicon,135,c,0.8254
SARS-CoV2-5UTR-Amplicon,136,t,0.7007
SARS-CoV2-5UTR-Amplicon,137,a,0.3504
SARS-CoV2-5UTR-Amplicon,138,a,0.2252
SARS-CoV2-5UTR-Amplicon,139,t,0.2252
SARS-CoV2-5UTR-Amplicon,140,t,0.2501
SARS-CoV2-5UTR-Amplicon,141,a,0.5751
SARS-CoV2-5UTR-Amplicon,142,c,0.8246
SARS-CoV2-5UTR-Amplicon,143,t,0.6995
SARS-CoV2-5UTR-Amplicon,144,g,0.675
SARS-CoV2-5UTR-Amplicon,145,t,0.4249
SARS-CoV2-5UTR-Amplicon,146,c,1.2244
SARS-CoV2-5UTR-Amplicon,147,g,0.875
SARS-CoV2-5UTR-Amplicon,148,t,0.3999
SARS-CoV2-5UTR-Amplicon,149,t,0.3733
SARS-CoV2-5UTR-Amplicon,150,g,0.9697
SARS-CoV2-5UTR-Amplicon,151,a,0.7209
SARS-CoV2-5UTR-Amplicon,152,c,0.8741
SARS-CoV2-5UTR-Amplicon,153,a,0.7493
SARS-CoV2-5UTR-Amplicon,154,g,1.4478
SARS-CoV2-5UTR-Amplicon,155,g,1.3
SARS-CoV2-5UTR-Amplicon,156,a,1.0503
SARS-CoV2-5UTR-Amplicon,157,c,1.4754
SARS-CoV2-5UTR-Amplicon,158,a,1.7426
SARS-CoV2-5UTR-Amplicon,159,c,1.0456
SARS-CoV2-5UTR-Amplicon,160,g,2.1171
SARS-CoV2-5UTR-Amplicon,161,a,1.6602
SARS-CoV2-5UTR-Amplicon,162,g,0.7574
SARS-CoV2-5UTR-Amplicon,163,t,0.5867
SARS-CoV2-5UTR-Amplicon,164,a,0.904
SARS-CoV2-5UTR-Amplicon,165,a,0.4883
SARS-CoV2-5UTR-Amplicon,166,c,1.0251
SARS-CoV2-5UTR-Amplicon,167,t,0.6576
SARS-CoV2-5UTR-Amplicon,168,c,1.0462
SARS-CoV2-5UTR-Amplicon,169,g,0.5838
SARS-CoV2-5UTR-Amplicon,170,t,0.8751
SARS-CoV2-5UTR-Amplicon,171,c,1.5553
SARS-CoV2-5UTR-Amplicon,172,t,1.3366
SARS-CoV2-5UTR-Amplicon,173,a,1.0698
SARS-CoV2-5UTR-Amplicon,174,t,0.5829
SARS-CoV2-5UTR-Amplicon,175,c,1.237
SARS-CoV2-5UTR-Amplicon,176,t,0.8002
SARS-CoV2-5UTR-Amplicon,177,t,0.5821
SARS-CoV2-5UTR-Amplicon,178,c,1.0182
SARS-CoV2-5UTR-Amplicon,179,t,0.4846
SARS-CoV2-5UTR-Amplicon,180,g,0.7506
SARS-CoV2-5UTR-Amplicon,181,c,0.9194
SARS-CoV2-5UTR-Amplicon,182,a,0.4108
SARS-CoV2-5UTR-Amplicon,183,g,0.4756
SARS-CoV2-5UTR-Amplicon,184,g,0.3795
SARS-CoV2-5UTR-Amplicon,185,c,0.5419
SARS-CoV2-5UTR-Amplicon,186,t,0.7763
SARS-CoV2-5UTR-Amplicon,187,g,0.541
SARS-CoV2-5UTR-Amplicon,188,c,0.7059
SARS-CoV2-5UTR-Amplicon,189,t,1.1064
SARS-CoV2-5UTR-Amplicon,190,t,0.8945
SARS-CoV2-5UTR-Amplicon,191,a,0.7533
SARS-CoV2-5UTR-Amplicon,192,c,0.7062
SARS-CoV2-5UTR-Amplicon,193,g,0.8704
SARS-CoV2-5UTR-Amplicon,194,g,0.6819
SARS-CoV2-5UTR-Amplicon,195,t,0.9636
SARS-CoV2-5UTR-Amplicon,196,t,0.5403
SARS-CoV2-5UTR-Amplicon,197,t,0.5867
SARS-CoV2-5UTR-Amplicon,198,c,1.8775
SARS-CoV2-5UTR-Amplicon,199,g,0.6337
SARS-CoV2-5UTR-Amplicon,200,t,0.7514
SARS-CoV2-5UTR-Amplicon,201,c,1.1505
SARS-CoV2-5UTR-Amplicon,202,c,1.2911
SARS-CoV2-5UTR-Amplicon,203,g,1.1033
SARS-CoV2-5UTR-Amplicon,204,t,2.0413
SARS-CoV2-5UTR-Amplicon,205,g,0.821
SARS-CoV2-5UTR-Amplicon,206,t,0.5394
SARS-CoV2-5UTR-Amplicon,207,t,0.7506
SARS-CoV2-5UTR-Amplicon,208,g,0.602
SARS-CoV2-5UTR-Amplicon,209,c,0.5558
SARS-CoV2-5UTR-Amplicon,210,a,0.4169
SARS-CoV2-5UTR-Amplicon,211,g,0.44
SARS-CoV2-5UTR-Amplicon,212,c,0.9268
SARS-CoV2-5UTR-Amplicon,213,c,0.5563
SARS-CoV2-5UTR-Amplicon,214,g,1.2294
SARS-CoV2-5UTR-Amplicon,215,a,0.6031
SARS-CoV2-5UTR-Amplicon,216,t,0.7426
SARS-CoV2-5UTR-Amplicon,217,c,1.4856
SARS-CoV2-5UTR-Amplicon,218,a,2.5081
SARS-CoV2-5UTR-Amplicon,219,t,0.3949
SARS-CoV2-5UTR-Amplicon,220,c,2.2759
SARS-CoV2-5UTR-Amplicon,221,a,3.7372
SARS-CoV2-5UTR-Amplicon,222,g,3.6667
SARS-CoV2-5UTR-Amplicon,223,c,1.23
SARS-CoV2-5UTR-Amplicon,224,a,2.1361
SARS-CoV2-5UTR-Amplicon,225,c,0.904
SARS-CoV2-5UTR-Amplicon,226,a,0.9736
SARS-CoV2-5UTR-Amplicon,227,t,0.8117
SARS-CoV2-5UTR-Amplicon,228,c,1.6234
SARS-CoV2-5UTR-Amplicon,229,t,1.2758
SARS-CoV2-5UTR-Amplicon,230,a,1.1134
SARS-CoV2-5UTR-Amplicon,231,g,0.9743
SARS-CoV2-5UTR-Amplicon,232,g,0.6265
SARS-CoV2-5UTR-Amplicon,233,t,1.0646
SARS-CoV2-5UTR-Amplicon,234,t,0.7407
SARS-CoV2-5UTR-Amplicon,235,t,0.7874
SARS-CoV2-5UTR-Amplicon,236,c,1.5053
SARS-CoV2-5UTR-Amplicon,237,g,0.8569
SARS-CoV2-5UTR-Amplicon,238,t,0.5795
SARS-CoV2-5UTR-Amplicon,239,c,1.5074
SARS-CoV2-5UTR-Amplicon,240,c,1.3695
SARS-CoV2-5UTR-Amplicon,241,g,1.0912
SARS-CoV2-5UTR-Amplicon,242,g,0.6739
SARS-CoV2-5UTR-Amplicon,243,g,0.8603
SARS-CoV2-5UTR-Amplicon,244,t,0.8011
SARS-CoV2-5UTR-Amplicon,245,g,0.4479
SARS-CoV2-5UTR-Amplicon,246,t,0.4714
SARS-CoV2-5UTR-Amplicon,247,g,0.5893
SARS-CoV2-5UTR-Amplicon,248,a,0.6848
SARS-CoV2-5UTR-Amplicon,249,c,0.7558
SARS-CoV2-5UTR-Amplicon,250,c,0.8952
SARS-CoV2-5UTR-Amplicon,251,g,1.0611
SARS-CoV2-5UTR-Amplicon,252,a,1.0375
SARS-CoV2-5UTR-Amplicon,253,a,0.2594
SARS-CoV2-5UTR-Amplicon,254,a,0.6366
SARS-CoV2-5UTR-Amplicon,255,g,0.6838
SARS-CoV2-5UTR-Amplicon,256,g,0.4002
SARS-CoV2-5UTR-Amplicon,257,t,0.5408
SARS-CoV2-5UTR-Amplicon,258,a,1.27
SARS-CoV2-5UTR-Amplicon,259,a,0.8451
SARS-CoV2-5UTR-Amplicon,260,g,0.7976
SARS-CoV2-5UTR-Amplicon,261,a,0.6567
SARS-CoV2-5UTR-Amplicon,262,t,0.7743
SARS-CoV2-5UTR-Amplicon,263,g,1.384
SARS-CoV2-5UTR-Amplicon,264,g,0.9613
SARS-CoV2-5UTR-Amplicon,265,a,0.4685
SARS-CoV2-5UTR-Amplicon,266,g,0.4678
SARS-CoV2-5UTR-Amplicon,267,a,0.2334
SARS-CoV2-5UTR-Amplicon,268,g,1.0082
SARS-CoV2-5UTR-Amplicon,269,c,1.0087
SARS-CoV2-5UTR-Amplicon,270,c,1.103
SARS-CoV2-5UTR-Amplicon,271,t,0.9622
SARS-CoV2-5UTR-Amplicon,272,t,0.5398
SARS-CoV2-5UTR-Amplicon,273,g,0.5163
SARS-CoV2-5UTR-Amplicon,274,t,0.8455
SARS-CoV2-5UTR-Amplicon,275,c,1.6212
SARS-CoV2-5UTR-Amplicon,276,c,0.7756
SARS-CoV2-5UTR-Amplicon,277,c,0.9873
SARS-CoV2-5UTR-Amplicon,278,t,0.9407
SARS-CoV2-5UTR-Amplicon,279,g,2.1882
SARS-CoV2-5UTR-Amplicon,280,g,0.8704
SARS-CoV2-5UTR-Amplicon,281,t,0.588
SARS-CoV2-5UTR-Amplicon,282,t,0.3763
SARS-CoV2-5UTR-Amplicon,283,t,1.5287
SARS-CoV2-5UTR-Amplicon,284,c,2.7529
SARS-CoV2-5UTR-Amplicon,285,a,0.8941
SARS-CoV2-5UTR-Amplicon,286,a,0.2353
SARS-CoV2-5UTR-Amplicon,287,c,0.4473
SARS-CoV2-5UTR-Amplicon,288,g,1.813
SARS-CoV2-5UTR-Amplicon,289,a,0.7772
SARS-CoV2-5UTR-Amplicon,290,g,1.184
SARS-CoV2-5UTR-Amplicon,291,g,0.5685
SARS-CoV2-5UTR-Amplicon,292,g,0.9242
SARS-CoV2-5UTR-Amplicon,293,a,0.6882
SARS-CoV2-5UTR-Amplicon,294,g,1.117
SARS-CoV2-5UTR-Amplicon,295,t,0.7044
SARS-CoV2-5UTR-Amplicon,296,c,2.5996
SARS-CoV2-5UTR-Amplicon,297,a,1.5306
SARS-CoV2-5UTR-Amplicon,298,a,0.8019
SARS-CoV2-5UTR-Amplicon,299,a,0.6808
SARS-CoV2-5UTR-Amplicon,300,g,0.827
SARS-CoV2-5UTR-Amplicon,301,t,0.9732
SARS-CoV2-5UTR-Amplicon,302,t,1.1676
SARS-CoV2-5UTR-Amplicon,303,c,1.5085
SARS-CoV2-5UTR-Amplicon,304,t,0.9737
SARS-CoV2-5UTR-Amplicon,305,g,0.8281
SARS-CoV2-5UTR-Amplicon,306,t,1.2177
SARS-CoV2-5UTR-Amplicon,307,t,0.4385
SARS-CoV2-5UTR-Amplicon,308,t,0.731
SARS-CoV2-5UTR-Amplicon,309,g,0.6836
SARS-CoV2-5UTR-Amplicon,310,c,1.4422
SARS-CoV2-5UTR-Amplicon,311,c,0.6357
SARS-CoV2-5UTR-Amplicon,312,c,1.2476
SARS-CoV2-5UTR-Amplicon,313,t,1.0027
SARS-CoV2-5UTR-Amplicon,314,g,1.1013
SARS-CoV2-5UTR-Amplicon,315,a,0.4163
SARS-CoV2-5UTR-Amplicon,316,t,1.1021
SARS-CoV2-5UTR-Amplicon,317,c,1.1021
SARS-CoV2-5UTR-Amplicon,318,t,0.8331
SARS-CoV2-5UTR-Amplicon,319,g,1.2255
SARS-CoV2-5UTR-Amplicon,320,c,0.9075
SARS-CoV2-5UTR-Amplicon,321,a,1.2025
SARS-CoV2-5UTR-Amplicon,322,t,0.319
SARS-CoV2-5UTR-Amplicon,323,c,1.5713
SARS-CoV2-5UTR-Amplicon,324,g,0.4696
SARS-CoV2-5UTR-Amplicon,325,c,1.0984
SARS-CoV2-5UTR-Amplicon,326,t,0.9243
SARS-CoV2-5UTR-Amplicon,327,g,0.7494
SARS-CoV2-5UTR-Amplicon,328,t,0.6997
SARS-CoV2-5UTR-Amplicon,329,g,0.625
SARS-CoV2-5UTR-Amplicon,330,g,0.4002
SARS-CoV2-5UTR-Amplicon,331,c,0.676
SARS-CoV2-5UTR-Amplicon,332,c,1.1022
SARS-CoV2-5UTR-Amplicon,333,g,1.4787
SARS-CoV2-5UTR-Amplicon,334,a,1.0526
SARS-CoV2-5UTR-Amplicon,335,g,0.6518
SARS-CoV2-5UTR-Amplicon,336,g,0.4774
SARS-CoV2-5UTR-Amplicon,337,c,0.7303
SARS-CoV2-5UTR-Amplicon,338,c,0.9781
SARS-CoV2-5UTR-Amplicon,339,a,1.2362
SARS-CoV2-5UTR-Amplicon,340,a,0.4711
SARS-CoV2-5UTR-Amplicon,341,g,0.6286
SARS-CoV2-5UTR-Amplicon,342,c,0.8917
SARS-CoV2-5UTR-Amplicon,343,c,0.8132
SARS-CoV2-5UTR-Amplicon,344,c,0.7386
SARS-CoV2-5UTR-Amplicon,345,a,0.5908
SARS-CoV2-5UTR-Amplicon,346,c,1.0758
SARS-CoV2-5UTR-Amplicon,347,c,0.836
SARS-CoV2-5UTR-Amplicon,348,g,1.0796
SARS-CoV2-5UTR-Amplicon,349,a,0.5676
SARS-CoV2-5UTR-Amplicon,350,g,0.7038
SARS-CoV2-5UTR-Amplicon,351,a,0.8157
SARS-CoV2-5UTR-Amplicon,352,a,0.6536
SARS-CoV2-5UTR-Amplicon,353,c,0.7381
SARS-CoV2-5UTR-Amplicon,354,a,0.6027
SARS-CoV2-5UTR-Amplicon,355,a,0.2472
SARS-CoV2-5UTR-Amplicon,356,c,0.7434
SARS-CoV2-5UTR-Amplicon,357,g,0.6891
SARS-CoV2-5UTR-Amplicon,358,a,0.4966
SARS-CoV2-5UTR-Amplicon,359,a,0.3042
SARS-CoV2-5UTR-Amplicon,360,g,0.4444
SARS-CoV2-5UTR-Amplicon,361,a,0.2506
SARS-CoV2-5UTR-Amplicon,362,c,0.1398
SARS-CoV2-5UTR-Amplicon,363,t,0.2815
SARS-CoV2-5UTR-Amplicon,364,t,0.0566
SARS-CoV2-5UTR-Amplicon,365,c,0.1137
SARS-CoV2-5UTR-Amplicon,366,a,0.3989
SARS-CoV2-5UTR-Amplicon,367,a,0.0571
SARS-CoV2-5UTR-Amplicon,368,c,0.0858
SARS-CoV2-5UTR-Amplicon,369,a,0.0573
SARS-CoV2-5UTR-Amplicon,370,t,0.0573
SARS-CoV2-5UTR-Amplicon,371,c,0.1438
SARS-CoV2-5UTR-Amplicon,372,g,0.0864
SARS-CoV2-5UTR-Amplicon,373,t,0.0289
SARS-CoV2-5UTR-Amplicon,374,g,0
SARS-CoV2-5UTR-Amplicon,375,g,0
SARS-CoV2-5UTR-Amplicon,376,c,0
SARS-CoV2-5UTR-Amplicon,377,c,0
SARS-CoV2-5UTR-Amplicon,378,g,0
