Region,Position,Ref_base,Mut_percentage
SARS-CoV2-5UTR-Amplicon,1,a,0
SARS-CoV2-5UTR-Amplicon,2,g,0
SARS-CoV2-5UTR-Amplicon,3,g,0
SARS-CoV2-5UTR-Amplicon,4,t,0.0563
SARS-CoV2-5UTR-Amplicon,5,t,0.028
SARS-CoV2-5UTR-Amplicon,6,t,0.1677
SARS-CoV2-5UTR-Amplicon,7,a,0.3618
SARS-CoV2-5UTR-Amplicon,8,t,0.1657
SARS-CoV2-5UTR-Amplicon,9,a,0.7149
SARS-CoV2-5UTR-Amplicon,10,c,0.4364
SARS-CoV2-5UTR-Amplicon,11,c,0.272
SARS-CoV2-5UTR-Amplicon,12,t,1.467
SARS-CoV2-5UTR-Amplicon,13,t,0.8686
SARS-CoV2-5UTR-Amplicon,14,c,2.7921
SARS-CoV2-5UTR-Amplicon,15,c,0.6226
SARS-CoV2-5UTR-Amplicon,16,c,0.974
SARS-CoV2-5UTR-Amplicon,17,a,0.6218
SARS-CoV2-5UTR-Amplicon,18,g,0.3507
SARS-CoV2-5UTR-Amplicon,19,g,0.0809
SARS-CoV2-5UTR-Amplicon,20,t,0.808
SARS-CoV2-5UTR-Amplicon,21,a,0.9155
SARS-CoV2-5UTR-Amplicon,22,a,0.5651
SARS-CoV2-5UTR-Amplicon,23,c,0.6457
SARS-CoV2-5UTR-Amplicon,24,a,0.8852
SARS-CoV2-5UTR-Amplicon,25,a,0.5363
SARS-CoV2-5UTR-Amplicon,26,a,0.5358
SARS-CoV2-5UTR-Amplicon,27,c,0.6695
SARS-CoV2-5UTR-Amplicon,28,c,0.9641
SARS-CoV2-5UTR-Amplicon,29,a,0.2678
SARS-CoV2-5UTR-Amplicon,30,a,0.2142
SARS-CoV2-5UTR-Amplicon,31,c,0.4015
SARS-CoV2-5UTR-Amplicon,32,c,0.4818
SARS-CoV2-5UTR-Amplicon,33,a,0.3479
SARS-CoV2-5UTR-Amplicon,34,a,0.1605
SARS-CoV2-5UTR-Amplicon,35,c,0.3478
SARS-CoV2-5UTR-Amplicon,36,t,0.5882
SARS-CoV2-5UTR-Amplicon,37,t,0.0784
SARS-CoV2-5UTR-Amplicon,38,t,0.209
SARS-CoV2-5UTR-Amplicon,39,c,1.5674
SARS-CoV2-5UTR-Amplicon,40,g,1.0183
SARS-CoV2-5UTR-Amplicon,41,a,0.2349
SARS-CoV2-5UTR-Amplicon,42,t,0.3653
SARS-CoV2-5UTR-Amplicon,43,c,0.7044
SARS-CoV2-5UTR-Amplicon,44,t,0.4696
SARS-CoV2-5UTR-Amplicon,45,c,0.9653
SARS-CoV2-5UTR-Amplicon,46,t,1.2784
SARS-CoV2-5UTR-Amplicon,47,t,0.9131
SARS-CoV2-5UTR-Amplicon,48,g,0.2348
SARS-CoV2-5UTR-Amplicon,49,t,0.5216
SARS-CoV2-5UTR-Amplicon,50,a,0.5738
SARS-CoV2-5UTR-Amplicon,51,g,0.8868
SARS-CoV2-5UTR-Amplicon,52,a,0.2869
SARS-CoV2-5UTR-Amplicon,53,t,0.7564
SARS-CoV2-5UTR-Amplicon,54,c,1.3041
SARS-CoV2-5UTR-Amplicon,55,t,0.9377
SARS-CoV2-5UTR-Amplicon,56,g,0.9117
SARS-CoV2-5UTR-Amplicon,57,t,1.7452
SARS-CoV2-5UTR-Amplicon,58,t,0.9117
SARS-CoV2-5UTR-Amplicon,59,c,1.4327
SARS-CoV2-5UTR-Amplicon,60,t,0.5469
SARS-CoV2-5UTR-Amplicon,61,c,1.3278
SARS-CoV2-5UTR-Amplicon,62,t,1.0938
SARS-CoV2-5UTR-Amplicon,63,a,4.9219
SARS-CoV2-5UTR-Amplicon,64,a,0.1823
SARS-CoV2-5UTR-Amplicon,65,a,0.3904
SARS-CoV2-5UTR-Amplicon,66,c,0.3644
SARS-CoV2-5UTR-Amplicon,67,g,1.2493
SARS-CoV2-5UTR-Amplicon,68,a,0.4424
SARS-CoV2-5UTR-Amplicon,69,a,0.4684
SARS-CoV2-5UTR-Amplicon,70,c,2.3159
SARS-CoV2-5UTR-Amplicon,71,t,0.5725
SARS-CoV2-5UTR-Amplicon,72,t,0.1301
SARS-CoV2-5UTR-Amplicon,73,t,0.1301
SARS-CoV2-5UTR-Amplicon,74,a,0.3904
SARS-CoV2-5UTR-Amplicon,75,a,0.1041
SARS-CoV2-5UTR-Amplicon,76,a,0.0521
SARS-CoV2-5UTR-Amplicon,77,a,0.1561
SARS-CoV2-5UTR-Amplicon,78,t,0.2342
SARS-CoV2-5UTR-Amplicon,79,c,0.3902
SARS-CoV2-5UTR-Amplicon,80,t,0.3381
SARS-CoV2-5UTR-Amplicon,81,g,0.3379
SARS-CoV2-5UTR-Amplicon,82,t,0.3119
SARS-CoV2-5UTR-Amplicon,83,g,0.156
SARS-CoV2-5UTR-Amplicon,84,t,0.4939
SARS-CoV2-5UTR-Amplicon,85,g,0.3119
SARS-CoV2-5UTR-Amplicon,86,g,0.2859
SARS-CoV2-5UTR-Amplicon,87,c,0.4158
SARS-CoV2-5UTR-Amplicon,88,t,0.5717
SARS-CoV2-5UTR-Amplicon,89,g,0.4418
SARS-CoV2-5UTR-Amplicon,90,t,0.2859
SARS-CoV2-5UTR-Amplicon,91,c,0.1819
SARS-CoV2-5UTR-Amplicon,92,a,0.5456
SARS-CoV2-5UTR-Amplicon,93,c,0.3897
SARS-CoV2-5UTR-Amplicon,94,t,0.3378
SARS-CoV2-5UTR-Amplicon,95,c,0.8054
SARS-CoV2-5UTR-Amplicon,96,g,0.3378
SARS-CoV2-5UTR-Amplicon,97,g,0.5196
SARS-CoV2-5UTR-Amplicon,98,c,0.1295
SARS-CoV2-5UTR-Amplicon,99,t,0.3626
SARS-CoV2-5UTR-Amplicon,100,g,0.5439
SARS-CoV2-5UTR-Amplicon,101,c,0.6993
SARS-CoV2-5UTR-Amplicon,102,g,0.492
SARS-CoV2-5UTR-Amplicon,103,t,0.466
SARS-CoV2-5UTR-Amplicon,104,g,0.3365
SARS-CoV2-5UTR-Amplicon,105,c,0.5177
SARS-CoV2-5UTR-Amplicon,106,t,0.4918
SARS-CoV2-5UTR-Amplicon,107,t,0.7248
SARS-CoV2-5UTR-Amplicon,108,a,0.4917
SARS-CoV2-5UTR-Amplicon,109,g,0.3881
SARS-CoV2-5UTR-Amplicon,110,t,0.2587
SARS-CoV2-5UTR-Amplicon,111,g,0.1552
SARS-CoV2-5UTR-Amplicon,112,c,0.4916
SARS-CoV2-5UTR-Amplicon,113,a,0.2847
SARS-CoV2-5UTR-Amplicon,114,c,0.2329
SARS-CoV2-5UTR-Amplicon,115,t,0.1812
SARS-CoV2-5UTR-Amplicon,116,c,0.3105
SARS-CoV2-5UTR-Amplicon,117,a,0.3364
SARS-CoV2-5UTR-Amplicon,118,c,0.0776
SARS-CoV2-5UTR-Amplicon,119,g,0.4139
SARS-CoV2-5UTR-Amplicon,120,c,0.2845
SARS-CoV2-5UTR-Amplicon,121,a,0.2845
SARS-CoV2-5UTR-Amplicon,122,g,0.4915
SARS-CoV2-5UTR-Amplicon,123,t,0.4397
SARS-CoV2-5UTR-Amplicon,124,a,0.2587
SARS-CoV2-5UTR-Amplicon,125,t,0.2841
SARS-CoV2-5UTR-Amplicon,126,a,0.2583
SARS-CoV2-5UTR-Amplicon,127,a,0.155
SARS-CoV2-5UTR-Amplicon,128,t,0.155
SARS-CoV2-5UTR-Amplicon,129,t,0.2841
SARS-CoV2-5UTR-Amplicon,130,a,0.2066
SARS-CoV2-5UTR-Amplicon,131,a,0.2841
SARS-CoV2-5UTR-Amplicon,132,t,0.0517
SARS-CoV2-5UTR-Amplicon,133,a,0.3099
SARS-CoV2-5UTR-Amplicon,134,a,0.2583
SARS-CoV2-5UTR-Amplicon,135,c,0.3357
SARS-CoV2-5UTR-Amplicon,136,t,0.2841
SARS-CoV2-5UTR-Amplicon,137,a,0.3099
SARS-CoV2-5UTR-Amplicon,138,a,0.1291
SARS-CoV2-5UTR-Amplicon,139,t,0.2066
SARS-CoV2-5UTR-Amplicon,140,t,0.1033
SARS-CoV2-5UTR-Amplicon,141,a,0.284
SARS-CoV2-5UTR-Amplicon,142,c,0.3871
SARS-CoV2-5UTR-Amplicon,143,t,0.3097
SARS-CoV2-5UTR-Amplicon,144,g,0.3613
SARS-CoV2-5UTR-Amplicon,145,t,0.1548
SARS-CoV2-5UTR-Amplicon,146,c,0.3096
SARS-CoV2-5UTR-Amplicon,147,g,0.5937
SARS-CoV2-5UTR-Amplicon,148,t,0.2839
SARS-CoV2-5UTR-Amplicon,149,t,0.1805
SARS-CoV2-5UTR-Amplicon,150,g,0.6443
SARS-CoV2-5UTR-Amplicon,151,a,0.335
SARS-CoV2-5UTR-Amplicon,152,c,0.309
SARS-CoV2-5UTR-Amplicon,153,a,0.6437
SARS-CoV2-5UTR-Amplicon,154,g,1.1843
SARS-CoV2-5UTR-Amplicon,155,g,0.7979
SARS-CoV2-5UTR-Amplicon,156,a,0.7463
SARS-CoV2-5UTR-Amplicon,157,c,1.0046
SARS-CoV2-5UTR-Amplicon,158,a,2.1107
SARS-CoV2-5UTR-Amplicon,159,c,0.4117
SARS-CoV2-5UTR-Amplicon,160,g,2.3926
SARS-CoV2-5UTR-Amplicon,161,a,1.4136
SARS-CoV2-5UTR-Amplicon,162,g,0.4388
SARS-CoV2-5UTR-Amplicon,163,t,0.5608
SARS-CoV2-5UTR-Amplicon,164,a,0.7803
SARS-CoV2-5UTR-Amplicon,165,a,0.3658
SARS-CoV2-5UTR-Amplicon,166,c,0.2925
SARS-CoV2-5UTR-Amplicon,167,t,0.341
SARS-CoV2-5UTR-Amplicon,168,c,0.7305
SARS-CoV2-5UTR-Amplicon,169,g,0.5841
SARS-CoV2-5UTR-Amplicon,170,t,0.6809
SARS-CoV2-5UTR-Amplicon,171,c,0.7782
SARS-CoV2-5UTR-Amplicon,172,t,1.2883
SARS-CoV2-5UTR-Amplicon,173,a,0.4375
SARS-CoV2-5UTR-Amplicon,174,t,0.4618
SARS-CoV2-5UTR-Amplicon,175,c,0.5592
SARS-CoV2-5UTR-Amplicon,176,t,0.7289
SARS-CoV2-5UTR-Amplicon,177,t,0.3158
SARS-CoV2-5UTR-Amplicon,178,c,0.7287
SARS-CoV2-5UTR-Amplicon,179,t,0.3401
SARS-CoV2-5UTR-Amplicon,180,g,0.5587
SARS-CoV2-5UTR-Amplicon,181,c,0.3886
SARS-CoV2-5UTR-Amplicon,182,a,0.4129
SARS-CoV2-5UTR-Amplicon,183,g,0.2642
SARS-CoV2-5UTR-Amplicon,184,g,0.2162
SARS-CoV2-5UTR-Amplicon,185,c,0.2882
SARS-CoV2-5UTR-Amplicon,186,t,0.5762
SARS-CoV2-5UTR-Amplicon,187,g,0.6723
SARS-CoV2-5UTR-Amplicon,188,c,0.4321
SARS-CoV2-5UTR-Amplicon,189,t,0.6719
SARS-CoV2-5UTR-Amplicon,190,t,0.624
SARS-CoV2-5UTR-Amplicon,191,a,0.432
SARS-CoV2-5UTR-Amplicon,192,c,0.6721
SARS-CoV2-5UTR-Amplicon,193,g,0.504
SARS-CoV2-5UTR-Amplicon,194,g,0.576
SARS-CoV2-5UTR-Amplicon,195,t,0.7436
SARS-CoV2-5UTR-Amplicon,196,t,0.3838
SARS-CoV2-5UTR-Amplicon,197,t,0.3118
SARS-CoV2-5UTR-Amplicon,198,c,1.2713
SARS-CoV2-5UTR-Amplicon,199,g,0.5276
SARS-CoV2-5UTR-Amplicon,200,t,0.6954
SARS-CoV2-5UTR-Amplicon,201,c,0.9353
SARS-CoV2-5UTR-Amplicon,202,c,1.1519
SARS-CoV2-5UTR-Amplicon,203,g,0.7919
SARS-CoV2-5UTR-Amplicon,204,t,1.6079
SARS-CoV2-5UTR-Amplicon,205,g,0.528
SARS-CoV2-5UTR-Amplicon,206,t,0.4321
SARS-CoV2-5UTR-Amplicon,207,t,0.8401
SARS-CoV2-5UTR-Amplicon,208,g,0.4749
SARS-CoV2-5UTR-Amplicon,209,c,0.5938
SARS-CoV2-5UTR-Amplicon,210,a,0.8314
SARS-CoV2-5UTR-Amplicon,211,g,0.6888
SARS-CoV2-5UTR-Amplicon,212,c,0.6182
SARS-CoV2-5UTR-Amplicon,213,c,0.666
SARS-CoV2-5UTR-Amplicon,214,g,1.0712
SARS-CoV2-5UTR-Amplicon,215,a,0.6429
SARS-CoV2-5UTR-Amplicon,216,t,0.4048
SARS-CoV2-5UTR-Amplicon,217,c,1.4048
SARS-CoV2-5UTR-Amplicon,218,a,2.7143
SARS-CoV2-5UTR-Amplicon,219,t,0.3333
SARS-CoV2-5UTR-Amplicon,220,c,2.3095
SARS-CoV2-5UTR-Amplicon,221,a,4.3323
SARS-CoV2-5UTR-Amplicon,222,g,4.5693
SARS-CoV2-5UTR-Amplicon,223,c,0.5475
SARS-CoV2-5UTR-Amplicon,224,a,1.2854
SARS-CoV2-5UTR-Amplicon,225,c,0.1188
SARS-CoV2-5UTR-Amplicon,226,a,0.5941
SARS-CoV2-5UTR-Amplicon,227,t,0.499
SARS-CoV2-5UTR-Amplicon,228,c,0.8793
SARS-CoV2-5UTR-Amplicon,229,t,0.7129
SARS-CoV2-5UTR-Amplicon,230,a,0.7367
SARS-CoV2-5UTR-Amplicon,231,g,0.3327
SARS-CoV2-5UTR-Amplicon,232,g,0.404
SARS-CoV2-5UTR-Amplicon,233,t,0.4274
SARS-CoV2-5UTR-Amplicon,234,t,0.3324
SARS-CoV2-5UTR-Amplicon,235,t,0.5461
SARS-CoV2-5UTR-Amplicon,236,c,1.2589
SARS-CoV2-5UTR-Amplicon,237,g,0.2374
SARS-CoV2-5UTR-Amplicon,238,t,0.3324
SARS-CoV2-5UTR-Amplicon,239,c,0.8784
SARS-CoV2-5UTR-Amplicon,240,c,0.9261
SARS-CoV2-5UTR-Amplicon,241,g,1.0686
SARS-CoV2-5UTR-Amplicon,242,g,0.4764
SARS-CoV2-5UTR-Amplicon,243,g,0.8814
SARS-CoV2-5UTR-Amplicon,244,t,0.7867
SARS-CoV2-5UTR-Amplicon,245,g,0.3337
SARS-CoV2-5UTR-Amplicon,246,t,0.3338
SARS-CoV2-5UTR-Amplicon,247,g,0.6678
SARS-CoV2-5UTR-Amplicon,248,a,0.5007
SARS-CoV2-5UTR-Amplicon,249,c,0.4531
SARS-CoV2-5UTR-Amplicon,250,c,0.667
SARS-CoV2-5UTR-Amplicon,251,g,1.334
SARS-CoV2-5UTR-Amplicon,252,a,1.2863
SARS-CoV2-5UTR-Amplicon,253,a,0.4048
SARS-CoV2-5UTR-Amplicon,254,a,0.5238
SARS-CoV2-5UTR-Amplicon,255,g,0.7384
SARS-CoV2-5UTR-Amplicon,256,g,0.4525
SARS-CoV2-5UTR-Amplicon,257,t,0.9288
SARS-CoV2-5UTR-Amplicon,258,a,1.095
SARS-CoV2-5UTR-Amplicon,259,a,0.404
SARS-CoV2-5UTR-Amplicon,260,g,0.5228
SARS-CoV2-5UTR-Amplicon,261,a,0.3327
SARS-CoV2-5UTR-Amplicon,262,t,0.2852
SARS-CoV2-5UTR-Amplicon,263,g,0.8795
SARS-CoV2-5UTR-Amplicon,264,g,0.3805
SARS-CoV2-5UTR-Amplicon,265,a,0.428
SARS-CoV2-5UTR-Amplicon,266,g,0.5468
SARS-CoV2-5UTR-Amplicon,267,a,0.2616
SARS-CoV2-5UTR-Amplicon,268,g,0.4995
SARS-CoV2-5UTR-Amplicon,269,c,0.4283
SARS-CoV2-5UTR-Amplicon,270,c,0.4045
SARS-CoV2-5UTR-Amplicon,271,t,0.4759
SARS-CoV2-5UTR-Amplicon,272,t,0.2141
SARS-CoV2-5UTR-Amplicon,273,g,0.0952
SARS-CoV2-5UTR-Amplicon,274,t,0.5236
SARS-CoV2-5UTR-Amplicon,275,c,1.0474
SARS-CoV2-5UTR-Amplicon,276,c,0.2856
SARS-CoV2-5UTR-Amplicon,277,c,0.5238
SARS-CoV2-5UTR-Amplicon,278,t,0.7859
SARS-CoV2-5UTR-Amplicon,279,g,0.9292
SARS-CoV2-5UTR-Amplicon,280,g,0.5004
SARS-CoV2-5UTR-Amplicon,281,t,0.2621
SARS-CoV2-5UTR-Amplicon,282,t,0.143
SARS-CoV2-5UTR-Amplicon,283,t,0.2859
SARS-CoV2-5UTR-Amplicon,284,c,0.9774
SARS-CoV2-5UTR-Amplicon,285,a,1.1201
SARS-CoV2-5UTR-Amplicon,286,a,0.143
SARS-CoV2-5UTR-Amplicon,287,c,0.1907
SARS-CoV2-5UTR-Amplicon,288,g,0.882
SARS-CoV2-5UTR-Amplicon,289,a,0.6675
SARS-CoV2-5UTR-Amplicon,290,g,0.9061
SARS-CoV2-5UTR-Amplicon,291,g,0.453
SARS-CoV2-5UTR-Amplicon,292,g,1.1209
SARS-CoV2-5UTR-Amplicon,293,a,0.5485
SARS-CoV2-5UTR-Amplicon,294,g,1.0768
SARS-CoV2-5UTR-Amplicon,295,t,0.5982
SARS-CoV2-5UTR-Amplicon,296,c,1.6033
SARS-CoV2-5UTR-Amplicon,297,a,1.2443
SARS-CoV2-5UTR-Amplicon,298,a,0.6222
SARS-CoV2-5UTR-Amplicon,299,a,0.4068
SARS-CoV2-5UTR-Amplicon,300,g,0.6222
SARS-CoV2-5UTR-Amplicon,301,t,0.5744
SARS-CoV2-5UTR-Amplicon,302,t,0.6462
SARS-CoV2-5UTR-Amplicon,303,c,0.718
SARS-CoV2-5UTR-Amplicon,304,t,0.6702
SARS-CoV2-5UTR-Amplicon,305,g,0.407
SARS-CoV2-5UTR-Amplicon,306,t,1.1252
SARS-CoV2-5UTR-Amplicon,307,t,0.5267
SARS-CoV2-5UTR-Amplicon,308,t,0.6226
SARS-CoV2-5UTR-Amplicon,309,g,0.4072
SARS-CoV2-5UTR-Amplicon,310,c,0.9581
SARS-CoV2-5UTR-Amplicon,311,c,0.3353
SARS-CoV2-5UTR-Amplicon,312,c,0.7904
SARS-CoV2-5UTR-Amplicon,313,t,0.4551
SARS-CoV2-5UTR-Amplicon,314,g,0.5751
SARS-CoV2-5UTR-Amplicon,315,a,0.0719
SARS-CoV2-5UTR-Amplicon,316,t,0.6472
SARS-CoV2-5UTR-Amplicon,317,c,0.5273
SARS-CoV2-5UTR-Amplicon,318,t,0.5994
SARS-CoV2-5UTR-Amplicon,319,g,0.5754
SARS-CoV2-5UTR-Amplicon,320,c,0.3597
SARS-CoV2-5UTR-Amplicon,321,a,0.1679
SARS-CoV2-5UTR-Amplicon,322,t,0.144
SARS-CoV2-5UTR-Amplicon,323,c,0.6483
SARS-CoV2-5UTR-Amplicon,324,g,0.3127
SARS-CoV2-5UTR-Amplicon,325,c,0.3613
SARS-CoV2-5UTR-Amplicon,326,t,0.5302
SARS-CoV2-5UTR-Amplicon,327,g,0.4581
SARS-CoV2-5UTR-Amplicon,328,t,0.5306
SARS-CoV2-5UTR-Amplicon,329,g,0.2654
SARS-CoV2-5UTR-Amplicon,330,g,0.3139
SARS-CoV2-5UTR-Amplicon,331,c,0.4105
SARS-CoV2-5UTR-Amplicon,332,c,0.3624
SARS-CoV2-5UTR-Amplicon,333,g,0.5315
SARS-CoV2-5UTR-Amplicon,334,a,0.2658
SARS-CoV2-5UTR-Amplicon,335,g,0.3382
SARS-CoV2-5UTR-Amplicon,336,g,0.604
SARS-CoV2-5UTR-Amplicon,337,c,0.3867
SARS-CoV2-5UTR-Amplicon,338,c,0.5574
SARS-CoV2-5UTR-Amplicon,339,a,1.3579
SARS-CoV2-5UTR-Amplicon,340,a,0.3397
SARS-CoV2-5UTR-Amplicon,341,g,0.4369
SARS-CoV2-5UTR-Amplicon,342,c,0.5827
SARS-CoV2-5UTR-Amplicon,343,c,0.3156
SARS-CoV2-5UTR-Amplicon,344,c,0.2672
SARS-CoV2-5UTR-Amplicon,345,a,0.2677
SARS-CoV2-5UTR-Amplicon,346,c,0.6335
SARS-CoV2-5UTR-Amplicon,347,c,0.3417
SARS-CoV2-5UTR-Amplicon,348,g,0.8307
SARS-CoV2-5UTR-Amplicon,349,a,0.3178
SARS-CoV2-5UTR-Amplicon,350,g,0.6355
SARS-CoV2-5UTR-Amplicon,351,a,0.6608
SARS-CoV2-5UTR-Amplicon,352,a,0.5644
SARS-CoV2-5UTR-Amplicon,353,c,0.32
SARS-CoV2-5UTR-Amplicon,354,a,0.3958
SARS-CoV2-5UTR-Amplicon,355,a,0.1243
SARS-CoV2-5UTR-Amplicon,356,c,0.3243
SARS-CoV2-5UTR-Amplicon,357,g,0.7752
SARS-CoV2-5UTR-Amplicon,358,a,0.3506
SARS-CoV2-5UTR-Amplicon,359,a,0.3013
SARS-CoV2-5UTR-Amplicon,360,g,0.302
SARS-CoV2-5UTR-Amplicon,361,a,0.2022
SARS-CoV2-5UTR-Amplicon,362,c,0.28
SARS-CoV2-5UTR-Amplicon,363,t,0.3338
SARS-CoV2-5UTR-Amplicon,364,t,0.2083
SARS-CoV2-5UTR-Amplicon,365,c,0.3141
SARS-CoV2-5UTR-Amplicon,366,a,0.8399
SARS-CoV2-5UTR-Amplicon,367,a,0.0789
SARS-CoV2-5UTR-Amplicon,368,c,0.1317
SARS-CoV2-5UTR-Amplicon,369,a,0.1846
SARS-CoV2-5UTR-Amplicon,370,t,0.0264
SARS-CoV2-5UTR-Amplicon,371,c,0.2127
SARS-CoV2-5UTR-Amplicon,372,g,0.1064
SARS-CoV2-5UTR-Amplicon,373,t,0.08
SARS-CoV2-5UTR-Amplicon,374,g,0.0267
SARS-CoV2-5UTR-Amplicon,375,g,0.0268
SARS-CoV2-5UTR-Amplicon,376,c,0
SARS-CoV2-5UTR-Amplicon,377,c,0
SARS-CoV2-5UTR-Amplicon,378,g,0
