Region,Position,Ref_base,Mut_percentage
SARS-CoV2-5UTR-Amplicon,1,a,0
SARS-CoV2-5UTR-Amplicon,2,g,0
SARS-CoV2-5UTR-Amplicon,3,g,0
SARS-CoV2-5UTR-Amplicon,4,t,0.077
SARS-CoV2-5UTR-Amplicon,5,t,0.0255
SARS-CoV2-5UTR-Amplicon,6,t,0.6619
SARS-CoV2-5UTR-Amplicon,7,a,0.0761
SARS-CoV2-5UTR-Amplicon,8,t,0.2727
SARS-CoV2-5UTR-Amplicon,9,a,0.4201
SARS-CoV2-5UTR-Amplicon,10,c,0.0983
SARS-CoV2-5UTR-Amplicon,11,c,0.1713
SARS-CoV2-5UTR-Amplicon,12,t,0.4639
SARS-CoV2-5UTR-Amplicon,13,t,0.3901
SARS-CoV2-5UTR-Amplicon,14,c,0.8039
SARS-CoV2-5UTR-Amplicon,15,c,0.389
SARS-CoV2-5UTR-Amplicon,16,c,0.4859
SARS-CoV2-5UTR-Amplicon,17,a,0.2425
SARS-CoV2-5UTR-Amplicon,18,g,0.4598
SARS-CoV2-5UTR-Amplicon,19,g,0.0965
SARS-CoV2-5UTR-Amplicon,20,t,1.1098
SARS-CoV2-5UTR-Amplicon,21,a,0.8924
SARS-CoV2-5UTR-Amplicon,22,a,0.9395
SARS-CoV2-5UTR-Amplicon,23,c,0.915
SARS-CoV2-5UTR-Amplicon,24,a,0.8633
SARS-CoV2-5UTR-Amplicon,25,a,0.4551
SARS-CoV2-5UTR-Amplicon,26,a,0.4782
SARS-CoV2-5UTR-Amplicon,27,c,0.7643
SARS-CoV2-5UTR-Amplicon,28,c,0.8584
SARS-CoV2-5UTR-Amplicon,29,a,0.4764
SARS-CoV2-5UTR-Amplicon,30,a,0.119
SARS-CoV2-5UTR-Amplicon,31,c,0.0475
SARS-CoV2-5UTR-Amplicon,32,c,0.6652
SARS-CoV2-5UTR-Amplicon,33,a,0.4033
SARS-CoV2-5UTR-Amplicon,34,a,0.0947
SARS-CoV2-5UTR-Amplicon,35,c,0.2837
SARS-CoV2-5UTR-Amplicon,36,t,1.5356
SARS-CoV2-5UTR-Amplicon,37,t,0.3725
SARS-CoV2-5UTR-Amplicon,38,t,0.2794
SARS-CoV2-5UTR-Amplicon,39,c,2.8871
SARS-CoV2-5UTR-Amplicon,40,g,1.0705
SARS-CoV2-5UTR-Amplicon,41,a,0.0465
SARS-CoV2-5UTR-Amplicon,42,t,0.5119
SARS-CoV2-5UTR-Amplicon,43,c,0.8841
SARS-CoV2-5UTR-Amplicon,44,t,0.2791
SARS-CoV2-5UTR-Amplicon,45,c,0.8837
SARS-CoV2-5UTR-Amplicon,46,t,1.2788
SARS-CoV2-5UTR-Amplicon,47,t,1.1858
SARS-CoV2-5UTR-Amplicon,48,g,0.4649
SARS-CoV2-5UTR-Amplicon,49,t,0.3251
SARS-CoV2-5UTR-Amplicon,50,a,0.3482
SARS-CoV2-5UTR-Amplicon,51,g,0.9513
SARS-CoV2-5UTR-Amplicon,52,a,0.2784
SARS-CoV2-5UTR-Amplicon,53,t,0.6497
SARS-CoV2-5UTR-Amplicon,54,c,1.1833
SARS-CoV2-5UTR-Amplicon,55,t,0.7419
SARS-CoV2-5UTR-Amplicon,56,g,0.9731
SARS-CoV2-5UTR-Amplicon,57,t,1.274
SARS-CoV2-5UTR-Amplicon,58,t,0.8106
SARS-CoV2-5UTR-Amplicon,59,c,1.0885
SARS-CoV2-5UTR-Amplicon,60,t,0.2779
SARS-CoV2-5UTR-Amplicon,61,c,0.9727
SARS-CoV2-5UTR-Amplicon,62,t,0.7658
SARS-CoV2-5UTR-Amplicon,63,a,4.6182
SARS-CoV2-5UTR-Amplicon,64,a,0.116
SARS-CoV2-5UTR-Amplicon,65,a,0.116
SARS-CoV2-5UTR-Amplicon,66,c,0.3248
SARS-CoV2-5UTR-Amplicon,67,g,0.7416
SARS-CoV2-5UTR-Amplicon,68,a,0.4864
SARS-CoV2-5UTR-Amplicon,69,a,0.3703
SARS-CoV2-5UTR-Amplicon,70,c,0.8096
SARS-CoV2-5UTR-Amplicon,71,t,0.3931
SARS-CoV2-5UTR-Amplicon,72,t,0.2081
SARS-CoV2-5UTR-Amplicon,73,t,0.3468
SARS-CoV2-5UTR-Amplicon,74,a,0.5103
SARS-CoV2-5UTR-Amplicon,75,a,0.1624
SARS-CoV2-5UTR-Amplicon,76,a,0.1856
SARS-CoV2-5UTR-Amplicon,77,a,0.3711
SARS-CoV2-5UTR-Amplicon,78,t,0.4175
SARS-CoV2-5UTR-Amplicon,79,c,0.5103
SARS-CoV2-5UTR-Amplicon,80,t,0.4407
SARS-CoV2-5UTR-Amplicon,81,g,0.3479
SARS-CoV2-5UTR-Amplicon,82,t,0.4174
SARS-CoV2-5UTR-Amplicon,83,g,0.1391
SARS-CoV2-5UTR-Amplicon,84,t,0.4869
SARS-CoV2-5UTR-Amplicon,85,g,0.2319
SARS-CoV2-5UTR-Amplicon,86,g,0.2552
SARS-CoV2-5UTR-Amplicon,87,c,0.2086
SARS-CoV2-5UTR-Amplicon,88,t,0.4402
SARS-CoV2-5UTR-Amplicon,89,g,0.3488
SARS-CoV2-5UTR-Amplicon,90,t,0.3022
SARS-CoV2-5UTR-Amplicon,91,c,0.4417
SARS-CoV2-5UTR-Amplicon,92,a,0.4878
SARS-CoV2-5UTR-Amplicon,93,c,0.5344
SARS-CoV2-5UTR-Amplicon,94,t,0.511
SARS-CoV2-5UTR-Amplicon,95,c,0.7898
SARS-CoV2-5UTR-Amplicon,96,g,0.4413
SARS-CoV2-5UTR-Amplicon,97,g,0.1394
SARS-CoV2-5UTR-Amplicon,98,c,0.1143
SARS-CoV2-5UTR-Amplicon,99,t,0.3663
SARS-CoV2-5UTR-Amplicon,100,g,0.4121
SARS-CoV2-5UTR-Amplicon,101,c,0.641
SARS-CoV2-5UTR-Amplicon,102,g,0.4351
SARS-CoV2-5UTR-Amplicon,103,t,0.6862
SARS-CoV2-5UTR-Amplicon,104,g,0.3203
SARS-CoV2-5UTR-Amplicon,105,c,1.304
SARS-CoV2-5UTR-Amplicon,106,t,1.4642
SARS-CoV2-5UTR-Amplicon,107,t,1.6243
SARS-CoV2-5UTR-Amplicon,108,a,0.3889
SARS-CoV2-5UTR-Amplicon,109,g,0.183
SARS-CoV2-5UTR-Amplicon,110,t,0.2059
SARS-CoV2-5UTR-Amplicon,111,g,0.1601
SARS-CoV2-5UTR-Amplicon,112,c,0.2287
SARS-CoV2-5UTR-Amplicon,113,a,0.2973
SARS-CoV2-5UTR-Amplicon,114,c,0.183
SARS-CoV2-5UTR-Amplicon,115,t,0.3202
SARS-CoV2-5UTR-Amplicon,116,c,0.6633
SARS-CoV2-5UTR-Amplicon,117,a,0.1601
SARS-CoV2-5UTR-Amplicon,118,c,0.4346
SARS-CoV2-5UTR-Amplicon,119,g,0.1144
SARS-CoV2-5UTR-Amplicon,120,c,0.2058
SARS-CoV2-5UTR-Amplicon,121,a,0.3201
SARS-CoV2-5UTR-Amplicon,122,g,0.3659
SARS-CoV2-5UTR-Amplicon,123,t,0.3661
SARS-CoV2-5UTR-Amplicon,124,a,0.389
SARS-CoV2-5UTR-Amplicon,125,t,0.2963
SARS-CoV2-5UTR-Amplicon,126,a,0.2051
SARS-CoV2-5UTR-Amplicon,127,a,0.1367
SARS-CoV2-5UTR-Amplicon,128,t,0.1823
SARS-CoV2-5UTR-Amplicon,129,t,0.2506
SARS-CoV2-5UTR-Amplicon,130,a,0.2051
SARS-CoV2-5UTR-Amplicon,131,a,0.41
SARS-CoV2-5UTR-Amplicon,132,t,0.2278
SARS-CoV2-5UTR-Amplicon,133,a,0.4328
SARS-CoV2-5UTR-Amplicon,134,a,0.2733
SARS-CoV2-5UTR-Amplicon,135,c,0.3645
SARS-CoV2-5UTR-Amplicon,136,t,0.2961
SARS-CoV2-5UTR-Amplicon,137,a,0.2052
SARS-CoV2-5UTR-Amplicon,138,a,0.2052
SARS-CoV2-5UTR-Amplicon,139,t,0.1824
SARS-CoV2-5UTR-Amplicon,140,t,0.228
SARS-CoV2-5UTR-Amplicon,141,a,0.2508
SARS-CoV2-5UTR-Amplicon,142,c,0.3417
SARS-CoV2-5UTR-Amplicon,143,t,0.2506
SARS-CoV2-5UTR-Amplicon,144,g,0.1139
SARS-CoV2-5UTR-Amplicon,145,t,0.0683
SARS-CoV2-5UTR-Amplicon,146,c,0.4552
SARS-CoV2-5UTR-Amplicon,147,g,0.5009
SARS-CoV2-5UTR-Amplicon,148,t,0.2506
SARS-CoV2-5UTR-Amplicon,149,t,0.1821
SARS-CoV2-5UTR-Amplicon,150,g,0.7509
SARS-CoV2-5UTR-Amplicon,151,a,0.1138
SARS-CoV2-5UTR-Amplicon,152,c,0.1147
SARS-CoV2-5UTR-Amplicon,153,a,0.4128
SARS-CoV2-5UTR-Amplicon,154,g,0.9633
SARS-CoV2-5UTR-Amplicon,155,g,0.7353
SARS-CoV2-5UTR-Amplicon,156,a,0.4366
SARS-CoV2-5UTR-Amplicon,157,c,0.5516
SARS-CoV2-5UTR-Amplicon,158,a,1.5621
SARS-CoV2-5UTR-Amplicon,159,c,0.4133
SARS-CoV2-5UTR-Amplicon,160,g,1.9509
SARS-CoV2-5UTR-Amplicon,161,a,1.1228
SARS-CoV2-5UTR-Amplicon,162,g,0.4717
SARS-CoV2-5UTR-Amplicon,163,t,0.5391
SARS-CoV2-5UTR-Amplicon,164,a,0.6063
SARS-CoV2-5UTR-Amplicon,165,a,0.1797
SARS-CoV2-5UTR-Amplicon,166,c,0.2021
SARS-CoV2-5UTR-Amplicon,167,t,0.1346
SARS-CoV2-5UTR-Amplicon,168,c,0.7848
SARS-CoV2-5UTR-Amplicon,169,g,0.3813
SARS-CoV2-5UTR-Amplicon,170,t,0.4033
SARS-CoV2-5UTR-Amplicon,171,c,0.6498
SARS-CoV2-5UTR-Amplicon,172,t,1.0307
SARS-CoV2-5UTR-Amplicon,173,a,0.6271
SARS-CoV2-5UTR-Amplicon,174,t,0.2911
SARS-CoV2-5UTR-Amplicon,175,c,0.3806
SARS-CoV2-5UTR-Amplicon,176,t,0.4477
SARS-CoV2-5UTR-Amplicon,177,t,0.3133
SARS-CoV2-5UTR-Amplicon,178,c,0.4253
SARS-CoV2-5UTR-Amplicon,179,t,0.1791
SARS-CoV2-5UTR-Amplicon,180,g,0.3805
SARS-CoV2-5UTR-Amplicon,181,c,0.4696
SARS-CoV2-5UTR-Amplicon,182,a,0.2683
SARS-CoV2-5UTR-Amplicon,183,g,0.2889
SARS-CoV2-5UTR-Amplicon,184,g,0.1332
SARS-CoV2-5UTR-Amplicon,185,c,0.3324
SARS-CoV2-5UTR-Amplicon,186,t,0.3763
SARS-CoV2-5UTR-Amplicon,187,g,0.1328
SARS-CoV2-5UTR-Amplicon,188,c,0.3099
SARS-CoV2-5UTR-Amplicon,189,t,0.5991
SARS-CoV2-5UTR-Amplicon,190,t,0.4881
SARS-CoV2-5UTR-Amplicon,191,a,0.4881
SARS-CoV2-5UTR-Amplicon,192,c,0.3106
SARS-CoV2-5UTR-Amplicon,193,g,0.5104
SARS-CoV2-5UTR-Amplicon,194,g,0.1997
SARS-CoV2-5UTR-Amplicon,195,t,0.4659
SARS-CoV2-5UTR-Amplicon,196,t,0.1553
SARS-CoV2-5UTR-Amplicon,197,t,0.2662
SARS-CoV2-5UTR-Amplicon,198,c,0.8429
SARS-CoV2-5UTR-Amplicon,199,g,0.3549
SARS-CoV2-5UTR-Amplicon,200,t,0.1331
SARS-CoV2-5UTR-Amplicon,201,c,0.5766
SARS-CoV2-5UTR-Amplicon,202,c,0.5323
SARS-CoV2-5UTR-Amplicon,203,g,0.3328
SARS-CoV2-5UTR-Amplicon,204,t,1.9081
SARS-CoV2-5UTR-Amplicon,205,g,0.4438
SARS-CoV2-5UTR-Amplicon,206,t,0.4217
SARS-CoV2-5UTR-Amplicon,207,t,0.9321
SARS-CoV2-5UTR-Amplicon,208,g,0.3311
SARS-CoV2-5UTR-Amplicon,209,c,0.6399
SARS-CoV2-5UTR-Amplicon,210,a,0.3751
SARS-CoV2-5UTR-Amplicon,211,g,0.1985
SARS-CoV2-5UTR-Amplicon,212,c,0.2868
SARS-CoV2-5UTR-Amplicon,213,c,0.4857
SARS-CoV2-5UTR-Amplicon,214,g,0.93
SARS-CoV2-5UTR-Amplicon,215,a,0.2436
SARS-CoV2-5UTR-Amplicon,216,t,0.3546
SARS-CoV2-5UTR-Amplicon,217,c,1.153
SARS-CoV2-5UTR-Amplicon,218,a,1.9738
SARS-CoV2-5UTR-Amplicon,219,t,0.1996
SARS-CoV2-5UTR-Amplicon,220,c,1.8851
SARS-CoV2-5UTR-Amplicon,221,a,3.3245
SARS-CoV2-5UTR-Amplicon,222,g,3.4131
SARS-CoV2-5UTR-Amplicon,223,c,0.5542
SARS-CoV2-5UTR-Amplicon,224,a,1.2639
SARS-CoV2-5UTR-Amplicon,225,c,0.3101
SARS-CoV2-5UTR-Amplicon,226,a,0.753
SARS-CoV2-5UTR-Amplicon,227,t,0.4653
SARS-CoV2-5UTR-Amplicon,228,c,1.2187
SARS-CoV2-5UTR-Amplicon,229,t,0.7757
SARS-CoV2-5UTR-Amplicon,230,a,0.7535
SARS-CoV2-5UTR-Amplicon,231,g,0.6206
SARS-CoV2-5UTR-Amplicon,232,g,0.3768
SARS-CoV2-5UTR-Amplicon,233,t,0.487
SARS-CoV2-5UTR-Amplicon,234,t,0.3099
SARS-CoV2-5UTR-Amplicon,235,t,0.4873
SARS-CoV2-5UTR-Amplicon,236,c,0.7312
SARS-CoV2-5UTR-Amplicon,237,g,0.1773
SARS-CoV2-5UTR-Amplicon,238,t,0.1552
SARS-CoV2-5UTR-Amplicon,239,c,0.3105
SARS-CoV2-5UTR-Amplicon,240,c,0.4216
SARS-CoV2-5UTR-Amplicon,241,g,0.688
SARS-CoV2-5UTR-Amplicon,242,g,0.2003
SARS-CoV2-5UTR-Amplicon,243,g,0.6898
SARS-CoV2-5UTR-Amplicon,244,t,0.5804
SARS-CoV2-5UTR-Amplicon,245,g,0.1562
SARS-CoV2-5UTR-Amplicon,246,t,0.4241
SARS-CoV2-5UTR-Amplicon,247,g,0.5358
SARS-CoV2-5UTR-Amplicon,248,a,0.4246
SARS-CoV2-5UTR-Amplicon,249,c,0.3129
SARS-CoV2-5UTR-Amplicon,250,c,0.4463
SARS-CoV2-5UTR-Amplicon,251,g,0.8482
SARS-CoV2-5UTR-Amplicon,252,a,0.7144
SARS-CoV2-5UTR-Amplicon,253,a,0.3125
SARS-CoV2-5UTR-Amplicon,254,a,0.4463
SARS-CoV2-5UTR-Amplicon,255,g,0.5564
SARS-CoV2-5UTR-Amplicon,256,g,0.2878
SARS-CoV2-5UTR-Amplicon,257,t,0.6627
SARS-CoV2-5UTR-Amplicon,258,a,0.6618
SARS-CoV2-5UTR-Amplicon,259,a,0.3303
SARS-CoV2-5UTR-Amplicon,260,g,0.5719
SARS-CoV2-5UTR-Amplicon,261,a,0.5055
SARS-CoV2-5UTR-Amplicon,262,t,0.2636
SARS-CoV2-5UTR-Amplicon,263,g,0.5276
SARS-CoV2-5UTR-Amplicon,264,g,0.3073
SARS-CoV2-5UTR-Amplicon,265,a,0.2188
SARS-CoV2-5UTR-Amplicon,266,g,0.3924
SARS-CoV2-5UTR-Amplicon,267,a,0.152
SARS-CoV2-5UTR-Amplicon,268,g,0.4121
SARS-CoV2-5UTR-Amplicon,269,c,0.477
SARS-CoV2-5UTR-Amplicon,270,c,0.412
SARS-CoV2-5UTR-Amplicon,271,t,0.7374
SARS-CoV2-5UTR-Amplicon,272,t,0.2386
SARS-CoV2-5UTR-Amplicon,273,g,0.3036
SARS-CoV2-5UTR-Amplicon,274,t,0.4987
SARS-CoV2-5UTR-Amplicon,275,c,1.3235
SARS-CoV2-5UTR-Amplicon,276,c,0.2821
SARS-CoV2-5UTR-Amplicon,277,c,0.2821
SARS-CoV2-5UTR-Amplicon,278,t,0.3908
SARS-CoV2-5UTR-Amplicon,279,g,0.9336
SARS-CoV2-5UTR-Amplicon,280,g,0.3908
SARS-CoV2-5UTR-Amplicon,281,t,0.3255
SARS-CoV2-5UTR-Amplicon,282,t,0.1736
SARS-CoV2-5UTR-Amplicon,283,t,0.6937
SARS-CoV2-5UTR-Amplicon,284,c,1.4094
SARS-CoV2-5UTR-Amplicon,285,a,0.6289
SARS-CoV2-5UTR-Amplicon,286,a,0.1518
SARS-CoV2-5UTR-Amplicon,287,c,0.0868
SARS-CoV2-5UTR-Amplicon,288,g,1.1065
SARS-CoV2-5UTR-Amplicon,289,a,0.369
SARS-CoV2-5UTR-Amplicon,290,g,0.854
SARS-CoV2-5UTR-Amplicon,291,g,0.2847
SARS-CoV2-5UTR-Amplicon,292,g,0.8109
SARS-CoV2-5UTR-Amplicon,293,a,0.3506
SARS-CoV2-5UTR-Amplicon,294,g,1.0634
SARS-CoV2-5UTR-Amplicon,295,t,0.4874
SARS-CoV2-5UTR-Amplicon,296,c,1.7066
SARS-CoV2-5UTR-Amplicon,297,a,0.9754
SARS-CoV2-5UTR-Amplicon,298,a,0.3104
SARS-CoV2-5UTR-Amplicon,299,a,0.3769
SARS-CoV2-5UTR-Amplicon,300,g,0.5325
SARS-CoV2-5UTR-Amplicon,301,t,0.5103
SARS-CoV2-5UTR-Amplicon,302,t,0.4659
SARS-CoV2-5UTR-Amplicon,303,c,0.7332
SARS-CoV2-5UTR-Amplicon,304,t,0.5999
SARS-CoV2-5UTR-Amplicon,305,g,0.2888
SARS-CoV2-5UTR-Amplicon,306,t,0.7998
SARS-CoV2-5UTR-Amplicon,307,t,0.356
SARS-CoV2-5UTR-Amplicon,308,t,0.445
SARS-CoV2-5UTR-Amplicon,309,g,0.3588
SARS-CoV2-5UTR-Amplicon,310,c,0.7183
SARS-CoV2-5UTR-Amplicon,311,c,0.1571
SARS-CoV2-5UTR-Amplicon,312,c,0.3369
SARS-CoV2-5UTR-Amplicon,313,t,0.4494
SARS-CoV2-5UTR-Amplicon,314,g,0.517
SARS-CoV2-5UTR-Amplicon,315,a,0.2023
SARS-CoV2-5UTR-Amplicon,316,t,0.4272
SARS-CoV2-5UTR-Amplicon,317,c,0.3373
SARS-CoV2-5UTR-Amplicon,318,t,0.5622
SARS-CoV2-5UTR-Amplicon,319,g,0.833
SARS-CoV2-5UTR-Amplicon,320,c,0.4953
SARS-CoV2-5UTR-Amplicon,321,a,2.679
SARS-CoV2-5UTR-Amplicon,322,t,0.2932
SARS-CoV2-5UTR-Amplicon,323,c,0.5638
SARS-CoV2-5UTR-Amplicon,324,g,0.3165
SARS-CoV2-5UTR-Amplicon,325,c,0.2782
SARS-CoV2-5UTR-Amplicon,326,t,0.3478
SARS-CoV2-5UTR-Amplicon,327,g,0.2783
SARS-CoV2-5UTR-Amplicon,328,t,0.3016
SARS-CoV2-5UTR-Amplicon,329,g,0.232
SARS-CoV2-5UTR-Amplicon,330,g,0.3016
SARS-CoV2-5UTR-Amplicon,331,c,0.3945
SARS-CoV2-5UTR-Amplicon,332,c,0.302
SARS-CoV2-5UTR-Amplicon,333,g,1.6973
SARS-CoV2-5UTR-Amplicon,334,a,1.3485
SARS-CoV2-5UTR-Amplicon,335,g,0.3954
SARS-CoV2-5UTR-Amplicon,336,g,0.1631
SARS-CoV2-5UTR-Amplicon,337,c,0.5833
SARS-CoV2-5UTR-Amplicon,338,c,2.4926
SARS-CoV2-5UTR-Amplicon,339,a,1.5058
SARS-CoV2-5UTR-Amplicon,340,a,0.1275
SARS-CoV2-5UTR-Amplicon,341,g,0.3314
SARS-CoV2-5UTR-Amplicon,342,c,0.4592
SARS-CoV2-5UTR-Amplicon,343,c,0.5872
SARS-CoV2-5UTR-Amplicon,344,c,0.4356
SARS-CoV2-5UTR-Amplicon,345,a,0.2572
SARS-CoV2-5UTR-Amplicon,346,c,0.1802
SARS-CoV2-5UTR-Amplicon,347,c,0.3105
SARS-CoV2-5UTR-Amplicon,348,g,0.3882
SARS-CoV2-5UTR-Amplicon,349,a,0.1294
SARS-CoV2-5UTR-Amplicon,350,g,0.1554
SARS-CoV2-5UTR-Amplicon,351,a,0.4666
SARS-CoV2-5UTR-Amplicon,352,a,0.5188
SARS-CoV2-5UTR-Amplicon,353,c,0.4674
SARS-CoV2-5UTR-Amplicon,354,a,0.5212
SARS-CoV2-5UTR-Amplicon,355,a,0.2106
SARS-CoV2-5UTR-Amplicon,356,c,0.29
SARS-CoV2-5UTR-Amplicon,357,g,0.3695
SARS-CoV2-5UTR-Amplicon,358,a,0.9237
SARS-CoV2-5UTR-Amplicon,359,a,0.3969
SARS-CoV2-5UTR-Amplicon,360,g,0.2654
SARS-CoV2-5UTR-Amplicon,361,a,0.2129
SARS-CoV2-5UTR-Amplicon,362,c,0.2403
SARS-CoV2-5UTR-Amplicon,363,t,0.3488
SARS-CoV2-5UTR-Amplicon,364,t,0.1085
SARS-CoV2-5UTR-Amplicon,365,c,0.2725
SARS-CoV2-5UTR-Amplicon,366,a,0.7098
SARS-CoV2-5UTR-Amplicon,367,a,0.0819
SARS-CoV2-5UTR-Amplicon,368,c,0.1643
SARS-CoV2-5UTR-Amplicon,369,a,0.1096
SARS-CoV2-5UTR-Amplicon,370,t,0.0823
SARS-CoV2-5UTR-Amplicon,371,c,0.1925
SARS-CoV2-5UTR-Amplicon,372,g,0.0276
SARS-CoV2-5UTR-Amplicon,373,t,0.0828
SARS-CoV2-5UTR-Amplicon,374,g,0
SARS-CoV2-5UTR-Amplicon,375,g,0
SARS-CoV2-5UTR-Amplicon,376,c,0
SARS-CoV2-5UTR-Amplicon,377,c,0
SARS-CoV2-5UTR-Amplicon,378,g,0
