Region,Position,Ref_base,Mut_percentage
SARS-CoV2-5UTR-Amplicon,1,a,0
SARS-CoV2-5UTR-Amplicon,2,g,0
SARS-CoV2-5UTR-Amplicon,3,g,0
SARS-CoV2-5UTR-Amplicon,4,t,0.0847
SARS-CoV2-5UTR-Amplicon,5,t,0
SARS-CoV2-5UTR-Amplicon,6,t,0.362
SARS-CoV2-5UTR-Amplicon,7,a,0.1665
SARS-CoV2-5UTR-Amplicon,8,t,0.2187
SARS-CoV2-5UTR-Amplicon,9,a,0.5167
SARS-CoV2-5UTR-Amplicon,10,c,0.3249
SARS-CoV2-5UTR-Amplicon,11,c,0.1619
SARS-CoV2-5UTR-Amplicon,12,t,0.8876
SARS-CoV2-5UTR-Amplicon,13,t,0.8058
SARS-CoV2-5UTR-Amplicon,14,c,1.7713
SARS-CoV2-5UTR-Amplicon,15,c,0.5897
SARS-CoV2-5UTR-Amplicon,16,c,0.6161
SARS-CoV2-5UTR-Amplicon,17,a,0.2936
SARS-CoV2-5UTR-Amplicon,18,g,0.3197
SARS-CoV2-5UTR-Amplicon,19,g,0.0533
SARS-CoV2-5UTR-Amplicon,20,t,0.905
SARS-CoV2-5UTR-Amplicon,21,a,0.9309
SARS-CoV2-5UTR-Amplicon,22,a,0.6114
SARS-CoV2-5UTR-Amplicon,23,c,0.6109
SARS-CoV2-5UTR-Amplicon,24,a,1.0574
SARS-CoV2-5UTR-Amplicon,25,a,0.4494
SARS-CoV2-5UTR-Amplicon,26,a,0.2377
SARS-CoV2-5UTR-Amplicon,27,c,0.6336
SARS-CoV2-5UTR-Amplicon,28,c,0.9237
SARS-CoV2-5UTR-Amplicon,29,a,0.5542
SARS-CoV2-5UTR-Amplicon,30,a,0.0264
SARS-CoV2-5UTR-Amplicon,31,c,0.1846
SARS-CoV2-5UTR-Amplicon,32,c,0.6848
SARS-CoV2-5UTR-Amplicon,33,a,0.2631
SARS-CoV2-5UTR-Amplicon,34,a,0.1577
SARS-CoV2-5UTR-Amplicon,35,c,0.3941
SARS-CoV2-5UTR-Amplicon,36,t,0.762
SARS-CoV2-5UTR-Amplicon,37,t,0.1805
SARS-CoV2-5UTR-Amplicon,38,t,0.1805
SARS-CoV2-5UTR-Amplicon,39,c,1.6761
SARS-CoV2-5UTR-Amplicon,40,g,0.7218
SARS-CoV2-5UTR-Amplicon,41,a,0.0516
SARS-CoV2-5UTR-Amplicon,42,t,0.3092
SARS-CoV2-5UTR-Amplicon,43,c,0.5669
SARS-CoV2-5UTR-Amplicon,44,t,0.1545
SARS-CoV2-5UTR-Amplicon,45,c,0.7465
SARS-CoV2-5UTR-Amplicon,46,t,1.4153
SARS-CoV2-5UTR-Amplicon,47,t,1.0293
SARS-CoV2-5UTR-Amplicon,48,g,0.2315
SARS-CoV2-5UTR-Amplicon,49,t,0.4372
SARS-CoV2-5UTR-Amplicon,50,a,0.4628
SARS-CoV2-5UTR-Amplicon,51,g,1.0026
SARS-CoV2-5UTR-Amplicon,52,a,0.4883
SARS-CoV2-5UTR-Amplicon,53,t,0.7196
SARS-CoV2-5UTR-Amplicon,54,c,1.3621
SARS-CoV2-5UTR-Amplicon,55,t,0.8226
SARS-CoV2-5UTR-Amplicon,56,g,1.4396
SARS-CoV2-5UTR-Amplicon,57,t,1.7733
SARS-CoV2-5UTR-Amplicon,58,t,0.9509
SARS-CoV2-5UTR-Amplicon,59,c,1.3104
SARS-CoV2-5UTR-Amplicon,60,t,0.4625
SARS-CoV2-5UTR-Amplicon,61,c,0.8736
SARS-CoV2-5UTR-Amplicon,62,t,1.0021
SARS-CoV2-5UTR-Amplicon,63,a,5.2415
SARS-CoV2-5UTR-Amplicon,64,a,0.2054
SARS-CoV2-5UTR-Amplicon,65,a,0.2567
SARS-CoV2-5UTR-Amplicon,66,c,0.4106
SARS-CoV2-5UTR-Amplicon,67,g,0.8464
SARS-CoV2-5UTR-Amplicon,68,a,0.282
SARS-CoV2-5UTR-Amplicon,69,a,0.2818
SARS-CoV2-5UTR-Amplicon,70,c,1.9723
SARS-CoV2-5UTR-Amplicon,71,t,0.4611
SARS-CoV2-5UTR-Amplicon,72,t,0.1793
SARS-CoV2-5UTR-Amplicon,73,t,0.2049
SARS-CoV2-5UTR-Amplicon,74,a,0.41
SARS-CoV2-5UTR-Amplicon,75,a,0.1794
SARS-CoV2-5UTR-Amplicon,76,a,0.0513
SARS-CoV2-5UTR-Amplicon,77,a,0.4102
SARS-CoV2-5UTR-Amplicon,78,t,0.2563
SARS-CoV2-5UTR-Amplicon,79,c,0.4357
SARS-CoV2-5UTR-Amplicon,80,t,0.2307
SARS-CoV2-5UTR-Amplicon,81,g,0.3585
SARS-CoV2-5UTR-Amplicon,82,t,0.256
SARS-CoV2-5UTR-Amplicon,83,g,0.3073
SARS-CoV2-5UTR-Amplicon,84,t,0.7426
SARS-CoV2-5UTR-Amplicon,85,g,0.2816
SARS-CoV2-5UTR-Amplicon,86,g,0.4098
SARS-CoV2-5UTR-Amplicon,87,c,0.2038
SARS-CoV2-5UTR-Amplicon,88,t,0.535
SARS-CoV2-5UTR-Amplicon,89,g,0.3315
SARS-CoV2-5UTR-Amplicon,90,t,0.3571
SARS-CoV2-5UTR-Amplicon,91,c,0.2549
SARS-CoV2-5UTR-Amplicon,92,a,0.1784
SARS-CoV2-5UTR-Amplicon,93,c,0.3318
SARS-CoV2-5UTR-Amplicon,94,t,0.2297
SARS-CoV2-5UTR-Amplicon,95,c,0.6382
SARS-CoV2-5UTR-Amplicon,96,g,0.3829
SARS-CoV2-5UTR-Amplicon,97,g,0.7661
SARS-CoV2-5UTR-Amplicon,98,c,0.152
SARS-CoV2-5UTR-Amplicon,99,t,0.3041
SARS-CoV2-5UTR-Amplicon,100,g,0.4055
SARS-CoV2-5UTR-Amplicon,101,c,0.5829
SARS-CoV2-5UTR-Amplicon,102,g,0.2788
SARS-CoV2-5UTR-Amplicon,103,t,0.3798
SARS-CoV2-5UTR-Amplicon,104,g,0.2532
SARS-CoV2-5UTR-Amplicon,105,c,0.7344
SARS-CoV2-5UTR-Amplicon,106,t,0.7342
SARS-CoV2-5UTR-Amplicon,107,t,0.8608
SARS-CoV2-5UTR-Amplicon,108,a,0.3038
SARS-CoV2-5UTR-Amplicon,109,g,0.0759
SARS-CoV2-5UTR-Amplicon,110,t,0.3038
SARS-CoV2-5UTR-Amplicon,111,g,0.2278
SARS-CoV2-5UTR-Amplicon,112,c,0.3544
SARS-CoV2-5UTR-Amplicon,113,a,0.2532
SARS-CoV2-5UTR-Amplicon,114,c,0.2785
SARS-CoV2-5UTR-Amplicon,115,t,0.1772
SARS-CoV2-5UTR-Amplicon,116,c,0.4808
SARS-CoV2-5UTR-Amplicon,117,a,0.253
SARS-CoV2-5UTR-Amplicon,118,c,0.4049
SARS-CoV2-5UTR-Amplicon,119,g,0.3543
SARS-CoV2-5UTR-Amplicon,120,c,0.253
SARS-CoV2-5UTR-Amplicon,121,a,0.253
SARS-CoV2-5UTR-Amplicon,122,g,0.3794
SARS-CoV2-5UTR-Amplicon,123,t,0.4304
SARS-CoV2-5UTR-Amplicon,124,a,0.3038
SARS-CoV2-5UTR-Amplicon,125,t,0.302
SARS-CoV2-5UTR-Amplicon,126,a,0.2014
SARS-CoV2-5UTR-Amplicon,127,a,0.2014
SARS-CoV2-5UTR-Amplicon,128,t,0.1762
SARS-CoV2-5UTR-Amplicon,129,t,0.3272
SARS-CoV2-5UTR-Amplicon,130,a,0.3272
SARS-CoV2-5UTR-Amplicon,131,a,0.5034
SARS-CoV2-5UTR-Amplicon,132,t,0.2768
SARS-CoV2-5UTR-Amplicon,133,a,0.5284
SARS-CoV2-5UTR-Amplicon,134,a,0.2014
SARS-CoV2-5UTR-Amplicon,135,c,0.5791
SARS-CoV2-5UTR-Amplicon,136,t,0.3776
SARS-CoV2-5UTR-Amplicon,137,a,0.2015
SARS-CoV2-5UTR-Amplicon,138,a,0.1763
SARS-CoV2-5UTR-Amplicon,139,t,0.252
SARS-CoV2-5UTR-Amplicon,140,t,0.2771
SARS-CoV2-5UTR-Amplicon,141,a,0.3779
SARS-CoV2-5UTR-Amplicon,142,c,0.2769
SARS-CoV2-5UTR-Amplicon,143,t,0.1511
SARS-CoV2-5UTR-Amplicon,144,g,0.1259
SARS-CoV2-5UTR-Amplicon,145,t,0.2266
SARS-CoV2-5UTR-Amplicon,146,c,0.3777
SARS-CoV2-5UTR-Amplicon,147,g,0.2771
SARS-CoV2-5UTR-Amplicon,148,t,0.2268
SARS-CoV2-5UTR-Amplicon,149,t,0.2256
SARS-CoV2-5UTR-Amplicon,150,g,0.6263
SARS-CoV2-5UTR-Amplicon,151,a,0.2505
SARS-CoV2-5UTR-Amplicon,152,c,0.352
SARS-CoV2-5UTR-Amplicon,153,a,0.4022
SARS-CoV2-5UTR-Amplicon,154,g,0.7541
SARS-CoV2-5UTR-Amplicon,155,g,0.6289
SARS-CoV2-5UTR-Amplicon,156,a,0.3774
SARS-CoV2-5UTR-Amplicon,157,c,0.5533
SARS-CoV2-5UTR-Amplicon,158,a,1.6064
SARS-CoV2-5UTR-Amplicon,159,c,0.3266
SARS-CoV2-5UTR-Amplicon,160,g,2.0342
SARS-CoV2-5UTR-Amplicon,161,a,0.9674
SARS-CoV2-5UTR-Amplicon,162,g,0.532
SARS-CoV2-5UTR-Amplicon,163,t,0.5562
SARS-CoV2-5UTR-Amplicon,164,a,0.9915
SARS-CoV2-5UTR-Amplicon,165,a,0.3383
SARS-CoV2-5UTR-Amplicon,166,c,0.4583
SARS-CoV2-5UTR-Amplicon,167,t,0.5538
SARS-CoV2-5UTR-Amplicon,168,c,0.9634
SARS-CoV2-5UTR-Amplicon,169,g,0.6981
SARS-CoV2-5UTR-Amplicon,170,t,0.7931
SARS-CoV2-5UTR-Amplicon,171,c,0.8413
SARS-CoV2-5UTR-Amplicon,172,t,1.1773
SARS-CoV2-5UTR-Amplicon,173,a,0.8163
SARS-CoV2-5UTR-Amplicon,174,t,0.5518
SARS-CoV2-5UTR-Amplicon,175,c,0.5994
SARS-CoV2-5UTR-Amplicon,176,t,0.6466
SARS-CoV2-5UTR-Amplicon,177,t,0.4547
SARS-CoV2-5UTR-Amplicon,178,c,0.4784
SARS-CoV2-5UTR-Amplicon,179,t,0.2151
SARS-CoV2-5UTR-Amplicon,180,g,0.4537
SARS-CoV2-5UTR-Amplicon,181,c,0.4057
SARS-CoV2-5UTR-Amplicon,182,a,0.3337
SARS-CoV2-5UTR-Amplicon,183,g,0.3507
SARS-CoV2-5UTR-Amplicon,184,g,0.2333
SARS-CoV2-5UTR-Amplicon,185,c,0.3934
SARS-CoV2-5UTR-Amplicon,186,t,0.6238
SARS-CoV2-5UTR-Amplicon,187,g,0.6234
SARS-CoV2-5UTR-Amplicon,188,c,0.6003
SARS-CoV2-5UTR-Amplicon,189,t,0.9469
SARS-CoV2-5UTR-Amplicon,190,t,0.9005
SARS-CoV2-5UTR-Amplicon,191,a,0.3924
SARS-CoV2-5UTR-Amplicon,192,c,0.5308
SARS-CoV2-5UTR-Amplicon,193,g,0.5077
SARS-CoV2-5UTR-Amplicon,194,g,0.5077
SARS-CoV2-5UTR-Amplicon,195,t,0.5539
SARS-CoV2-5UTR-Amplicon,196,t,0.2077
SARS-CoV2-5UTR-Amplicon,197,t,0.4382
SARS-CoV2-5UTR-Amplicon,198,c,0.9686
SARS-CoV2-5UTR-Amplicon,199,g,0.4843
SARS-CoV2-5UTR-Amplicon,200,t,0.5074
SARS-CoV2-5UTR-Amplicon,201,c,0.7841
SARS-CoV2-5UTR-Amplicon,202,c,0.8301
SARS-CoV2-5UTR-Amplicon,203,g,0.4843
SARS-CoV2-5UTR-Amplicon,204,t,1.1301
SARS-CoV2-5UTR-Amplicon,205,g,0.3689
SARS-CoV2-5UTR-Amplicon,206,t,0.461
SARS-CoV2-5UTR-Amplicon,207,t,0.5762
SARS-CoV2-5UTR-Amplicon,208,g,0.5212
SARS-CoV2-5UTR-Amplicon,209,c,0.5211
SARS-CoV2-5UTR-Amplicon,210,a,0.4755
SARS-CoV2-5UTR-Amplicon,211,g,0.611
SARS-CoV2-5UTR-Amplicon,212,c,0.3394
SARS-CoV2-5UTR-Amplicon,213,c,0.3398
SARS-CoV2-5UTR-Amplicon,214,g,1.3388
SARS-CoV2-5UTR-Amplicon,215,a,0.4086
SARS-CoV2-5UTR-Amplicon,216,t,0.4089
SARS-CoV2-5UTR-Amplicon,217,c,1.0445
SARS-CoV2-5UTR-Amplicon,218,a,2.5431
SARS-CoV2-5UTR-Amplicon,219,t,0.2952
SARS-CoV2-5UTR-Amplicon,220,c,1.8624
SARS-CoV2-5UTR-Amplicon,221,a,3.7483
SARS-CoV2-5UTR-Amplicon,222,g,3.6801
SARS-CoV2-5UTR-Amplicon,223,c,0.5224
SARS-CoV2-5UTR-Amplicon,224,a,1.4993
SARS-CoV2-5UTR-Amplicon,225,c,0.2498
SARS-CoV2-5UTR-Amplicon,226,a,0.9312
SARS-CoV2-5UTR-Amplicon,227,t,0.4773
SARS-CoV2-5UTR-Amplicon,228,c,1.0227
SARS-CoV2-5UTR-Amplicon,229,t,1.0682
SARS-CoV2-5UTR-Amplicon,230,a,0.75
SARS-CoV2-5UTR-Amplicon,231,g,0.6818
SARS-CoV2-5UTR-Amplicon,232,g,0.5456
SARS-CoV2-5UTR-Amplicon,233,t,0.6803
SARS-CoV2-5UTR-Amplicon,234,t,0.4762
SARS-CoV2-5UTR-Amplicon,235,t,0.4083
SARS-CoV2-5UTR-Amplicon,236,c,0.7034
SARS-CoV2-5UTR-Amplicon,237,g,0.2496
SARS-CoV2-5UTR-Amplicon,238,t,0.1816
SARS-CoV2-5UTR-Amplicon,239,c,0.5223
SARS-CoV2-5UTR-Amplicon,240,c,0.6814
SARS-CoV2-5UTR-Amplicon,241,g,0.7497
SARS-CoV2-5UTR-Amplicon,242,g,0.5231
SARS-CoV2-5UTR-Amplicon,243,g,0.7283
SARS-CoV2-5UTR-Amplicon,244,t,0.5992
SARS-CoV2-5UTR-Amplicon,245,g,0.2997
SARS-CoV2-5UTR-Amplicon,246,t,0.323
SARS-CoV2-5UTR-Amplicon,247,g,0.5536
SARS-CoV2-5UTR-Amplicon,248,a,0.7849
SARS-CoV2-5UTR-Amplicon,249,c,0.3693
SARS-CoV2-5UTR-Amplicon,250,c,0.5984
SARS-CoV2-5UTR-Amplicon,251,g,0.8752
SARS-CoV2-5UTR-Amplicon,252,a,1.0131
SARS-CoV2-5UTR-Amplicon,253,a,0.3912
SARS-CoV2-5UTR-Amplicon,254,a,0.3678
SARS-CoV2-5UTR-Amplicon,255,g,0.5505
SARS-CoV2-5UTR-Amplicon,256,g,0.2973
SARS-CoV2-5UTR-Amplicon,257,t,0.617
SARS-CoV2-5UTR-Amplicon,258,a,0.8215
SARS-CoV2-5UTR-Amplicon,259,a,0.2737
SARS-CoV2-5UTR-Amplicon,260,g,0.3192
SARS-CoV2-5UTR-Amplicon,261,a,0.2737
SARS-CoV2-5UTR-Amplicon,262,t,0.1597
SARS-CoV2-5UTR-Amplicon,263,g,0.8902
SARS-CoV2-5UTR-Amplicon,264,g,0.5706
SARS-CoV2-5UTR-Amplicon,265,a,0.1824
SARS-CoV2-5UTR-Amplicon,266,g,0.4327
SARS-CoV2-5UTR-Amplicon,267,a,0.2726
SARS-CoV2-5UTR-Amplicon,268,g,0.6149
SARS-CoV2-5UTR-Amplicon,269,c,0.3644
SARS-CoV2-5UTR-Amplicon,270,c,0.41
SARS-CoV2-5UTR-Amplicon,271,t,0.638
SARS-CoV2-5UTR-Amplicon,272,t,0.2961
SARS-CoV2-5UTR-Amplicon,273,g,0.4328
SARS-CoV2-5UTR-Amplicon,274,t,0.524
SARS-CoV2-5UTR-Amplicon,275,c,1.0483
SARS-CoV2-5UTR-Amplicon,276,c,0.2965
SARS-CoV2-5UTR-Amplicon,277,c,0.5024
SARS-CoV2-5UTR-Amplicon,278,t,0.8453
SARS-CoV2-5UTR-Amplicon,279,g,1.7139
SARS-CoV2-5UTR-Amplicon,280,g,0.4799
SARS-CoV2-5UTR-Amplicon,281,t,0.1828
SARS-CoV2-5UTR-Amplicon,282,t,0.1599
SARS-CoV2-5UTR-Amplicon,283,t,1.394
SARS-CoV2-5UTR-Amplicon,284,c,1.8967
SARS-CoV2-5UTR-Amplicon,285,a,0.4801
SARS-CoV2-5UTR-Amplicon,286,a,0.2058
SARS-CoV2-5UTR-Amplicon,287,c,0.2058
SARS-CoV2-5UTR-Amplicon,288,g,1.6922
SARS-CoV2-5UTR-Amplicon,289,a,0.4804
SARS-CoV2-5UTR-Amplicon,290,g,0.8961
SARS-CoV2-5UTR-Amplicon,291,g,0.2528
SARS-CoV2-5UTR-Amplicon,292,g,0.6438
SARS-CoV2-5UTR-Amplicon,293,a,0.4599
SARS-CoV2-5UTR-Amplicon,294,g,0.9871
SARS-CoV2-5UTR-Amplicon,295,t,0.517
SARS-CoV2-5UTR-Amplicon,296,c,1.6216
SARS-CoV2-5UTR-Amplicon,297,a,0.8463
SARS-CoV2-5UTR-Amplicon,298,a,0.4231
SARS-CoV2-5UTR-Amplicon,299,a,0.4701
SARS-CoV2-5UTR-Amplicon,300,g,0.5877
SARS-CoV2-5UTR-Amplicon,301,t,0.6582
SARS-CoV2-5UTR-Amplicon,302,t,0.5407
SARS-CoV2-5UTR-Amplicon,303,c,0.588
SARS-CoV2-5UTR-Amplicon,304,t,0.4704
SARS-CoV2-5UTR-Amplicon,305,g,0.4003
SARS-CoV2-5UTR-Amplicon,306,t,0.8006
SARS-CoV2-5UTR-Amplicon,307,t,0.3534
SARS-CoV2-5UTR-Amplicon,308,t,0.4007
SARS-CoV2-5UTR-Amplicon,309,g,0.2831
SARS-CoV2-5UTR-Amplicon,310,c,1.1559
SARS-CoV2-5UTR-Amplicon,311,c,0.2831
SARS-CoV2-5UTR-Amplicon,312,c,0.4956
SARS-CoV2-5UTR-Amplicon,313,t,0.5427
SARS-CoV2-5UTR-Amplicon,314,g,0.4721
SARS-CoV2-5UTR-Amplicon,315,a,0.1416
SARS-CoV2-5UTR-Amplicon,316,t,0.5431
SARS-CoV2-5UTR-Amplicon,317,c,0.4014
SARS-CoV2-5UTR-Amplicon,318,t,0.5906
SARS-CoV2-5UTR-Amplicon,319,g,0.9452
SARS-CoV2-5UTR-Amplicon,320,c,0.3781
SARS-CoV2-5UTR-Amplicon,321,a,1.4654
SARS-CoV2-5UTR-Amplicon,322,t,0.2603
SARS-CoV2-5UTR-Amplicon,323,c,0.9229
SARS-CoV2-5UTR-Amplicon,324,g,0.3092
SARS-CoV2-5UTR-Amplicon,325,c,0.2894
SARS-CoV2-5UTR-Amplicon,326,t,0.6512
SARS-CoV2-5UTR-Amplicon,327,g,0.4101
SARS-CoV2-5UTR-Amplicon,328,t,0.4827
SARS-CoV2-5UTR-Amplicon,329,g,0.2897
SARS-CoV2-5UTR-Amplicon,330,g,0.3621
SARS-CoV2-5UTR-Amplicon,331,c,0.5313
SARS-CoV2-5UTR-Amplicon,332,c,0.3383
SARS-CoV2-5UTR-Amplicon,333,g,1.0633
SARS-CoV2-5UTR-Amplicon,334,a,0.9183
SARS-CoV2-5UTR-Amplicon,335,g,0.3867
SARS-CoV2-5UTR-Amplicon,336,g,0.7743
SARS-CoV2-5UTR-Amplicon,337,c,0.5087
SARS-CoV2-5UTR-Amplicon,338,c,0.5984
SARS-CoV2-5UTR-Amplicon,339,a,1.0723
SARS-CoV2-5UTR-Amplicon,340,a,0.4321
SARS-CoV2-5UTR-Amplicon,341,g,0.305
SARS-CoV2-5UTR-Amplicon,342,c,0.5598
SARS-CoV2-5UTR-Amplicon,343,c,0.2546
SARS-CoV2-5UTR-Amplicon,344,c,0.306
SARS-CoV2-5UTR-Amplicon,345,a,0.2076
SARS-CoV2-5UTR-Amplicon,346,c,0.6235
SARS-CoV2-5UTR-Amplicon,347,c,0.2603
SARS-CoV2-5UTR-Amplicon,348,g,0.2085
SARS-CoV2-5UTR-Amplicon,349,a,0.1564
SARS-CoV2-5UTR-Amplicon,350,g,0.2868
SARS-CoV2-5UTR-Amplicon,351,a,0.2348
SARS-CoV2-5UTR-Amplicon,352,a,0.209
SARS-CoV2-5UTR-Amplicon,353,c,0.2095
SARS-CoV2-5UTR-Amplicon,354,a,0.341
SARS-CoV2-5UTR-Amplicon,355,a,0.2107
SARS-CoV2-5UTR-Amplicon,356,c,0.2111
SARS-CoV2-5UTR-Amplicon,357,g,0.5025
SARS-CoV2-5UTR-Amplicon,358,a,0.2383
SARS-CoV2-5UTR-Amplicon,359,a,0.1854
SARS-CoV2-5UTR-Amplicon,360,g,0.3189
SARS-CoV2-5UTR-Amplicon,361,a,0.1332
SARS-CoV2-5UTR-Amplicon,362,c,0.1603
SARS-CoV2-5UTR-Amplicon,363,t,0.2428
SARS-CoV2-5UTR-Amplicon,364,t,0.1907
SARS-CoV2-5UTR-Amplicon,365,c,0.1369
SARS-CoV2-5UTR-Amplicon,366,a,0.2746
SARS-CoV2-5UTR-Amplicon,367,a,0.0275
SARS-CoV2-5UTR-Amplicon,368,c,0.0825
SARS-CoV2-5UTR-Amplicon,369,a,0
SARS-CoV2-5UTR-Amplicon,370,t,0.0276
SARS-CoV2-5UTR-Amplicon,371,c,0.0832
SARS-CoV2-5UTR-Amplicon,372,g,0
SARS-CoV2-5UTR-Amplicon,373,t,0.0557
SARS-CoV2-5UTR-Amplicon,374,g,0
SARS-CoV2-5UTR-Amplicon,375,g,0
SARS-CoV2-5UTR-Amplicon,376,c,0
SARS-CoV2-5UTR-Amplicon,377,c,0
SARS-CoV2-5UTR-Amplicon,378,g,0
