Region,Position,Ref_base,Mut_percentage
SARS-CoV2-5UTR-Amplicon,1,a,0
SARS-CoV2-5UTR-Amplicon,2,g,0
SARS-CoV2-5UTR-Amplicon,3,g,0
SARS-CoV2-5UTR-Amplicon,4,t,0
SARS-CoV2-5UTR-Amplicon,5,t,0.0272
SARS-CoV2-5UTR-Amplicon,6,t,0.2444
SARS-CoV2-5UTR-Amplicon,7,a,0.1625
SARS-CoV2-5UTR-Amplicon,8,t,0.2137
SARS-CoV2-5UTR-Amplicon,9,a,0.2927
SARS-CoV2-5UTR-Amplicon,10,c,0.2118
SARS-CoV2-5UTR-Amplicon,11,c,0.1846
SARS-CoV2-5UTR-Amplicon,12,t,0.6584
SARS-CoV2-5UTR-Amplicon,13,t,0.4737
SARS-CoV2-5UTR-Amplicon,14,c,1.131
SARS-CoV2-5UTR-Amplicon,15,c,0.3153
SARS-CoV2-5UTR-Amplicon,16,c,0.3675
SARS-CoV2-5UTR-Amplicon,17,a,0.1572
SARS-CoV2-5UTR-Amplicon,18,g,0.4451
SARS-CoV2-5UTR-Amplicon,19,g,0.1828
SARS-CoV2-5UTR-Amplicon,20,t,0.8092
SARS-CoV2-5UTR-Amplicon,21,a,0.4176
SARS-CoV2-5UTR-Amplicon,22,a,0.3653
SARS-CoV2-5UTR-Amplicon,23,c,0.5219
SARS-CoV2-5UTR-Amplicon,24,a,1.0688
SARS-CoV2-5UTR-Amplicon,25,a,0.4692
SARS-CoV2-5UTR-Amplicon,26,a,0.4425
SARS-CoV2-5UTR-Amplicon,27,c,0.5985
SARS-CoV2-5UTR-Amplicon,28,c,0.6502
SARS-CoV2-5UTR-Amplicon,29,a,0.598
SARS-CoV2-5UTR-Amplicon,30,a,0.104
SARS-CoV2-5UTR-Amplicon,31,c,0.104
SARS-CoV2-5UTR-Amplicon,32,c,0.4935
SARS-CoV2-5UTR-Amplicon,33,a,0.4412
SARS-CoV2-5UTR-Amplicon,34,a,0.1557
SARS-CoV2-5UTR-Amplicon,35,c,0.2854
SARS-CoV2-5UTR-Amplicon,36,t,0.9845
SARS-CoV2-5UTR-Amplicon,37,t,0.355
SARS-CoV2-5UTR-Amplicon,38,t,0.3296
SARS-CoV2-5UTR-Amplicon,39,c,2.4087
SARS-CoV2-5UTR-Amplicon,40,g,1.6211
SARS-CoV2-5UTR-Amplicon,41,a,0.2026
SARS-CoV2-5UTR-Amplicon,42,t,0.481
SARS-CoV2-5UTR-Amplicon,43,c,1.1136
SARS-CoV2-5UTR-Amplicon,44,t,0.3543
SARS-CoV2-5UTR-Amplicon,45,c,1.4669
SARS-CoV2-5UTR-Amplicon,46,t,1.5424
SARS-CoV2-5UTR-Amplicon,47,t,1.1881
SARS-CoV2-5UTR-Amplicon,48,g,0.278
SARS-CoV2-5UTR-Amplicon,49,t,0.4548
SARS-CoV2-5UTR-Amplicon,50,a,0.5302
SARS-CoV2-5UTR-Amplicon,51,g,1.0348
SARS-CoV2-5UTR-Amplicon,52,a,0.4291
SARS-CoV2-5UTR-Amplicon,53,t,0.5805
SARS-CoV2-5UTR-Amplicon,54,c,1.6153
SARS-CoV2-5UTR-Amplicon,55,t,0.5796
SARS-CoV2-5UTR-Amplicon,56,g,1.2094
SARS-CoV2-5UTR-Amplicon,57,t,1.6872
SARS-CoV2-5UTR-Amplicon,58,t,0.554
SARS-CoV2-5UTR-Amplicon,59,c,1.3095
SARS-CoV2-5UTR-Amplicon,60,t,0.4281
SARS-CoV2-5UTR-Amplicon,61,c,1.2339
SARS-CoV2-5UTR-Amplicon,62,t,0.8312
SARS-CoV2-5UTR-Amplicon,63,a,4.7103
SARS-CoV2-5UTR-Amplicon,64,a,0.1259
SARS-CoV2-5UTR-Amplicon,65,a,0.277
SARS-CoV2-5UTR-Amplicon,66,c,0.3022
SARS-CoV2-5UTR-Amplicon,67,g,0.7553
SARS-CoV2-5UTR-Amplicon,68,a,0.3273
SARS-CoV2-5UTR-Amplicon,69,a,0.3775
SARS-CoV2-5UTR-Amplicon,70,c,2.1646
SARS-CoV2-5UTR-Amplicon,71,t,0.6291
SARS-CoV2-5UTR-Amplicon,72,t,0.2265
SARS-CoV2-5UTR-Amplicon,73,t,0.2265
SARS-CoV2-5UTR-Amplicon,74,a,0.3775
SARS-CoV2-5UTR-Amplicon,75,a,0.2013
SARS-CoV2-5UTR-Amplicon,76,a,0.1258
SARS-CoV2-5UTR-Amplicon,77,a,0.4024
SARS-CoV2-5UTR-Amplicon,78,t,0.3018
SARS-CoV2-5UTR-Amplicon,79,c,0.2767
SARS-CoV2-5UTR-Amplicon,80,t,0.2767
SARS-CoV2-5UTR-Amplicon,81,g,0.3018
SARS-CoV2-5UTR-Amplicon,82,t,0.1761
SARS-CoV2-5UTR-Amplicon,83,g,0.1258
SARS-CoV2-5UTR-Amplicon,84,t,0.3521
SARS-CoV2-5UTR-Amplicon,85,g,0.2768
SARS-CoV2-5UTR-Amplicon,86,g,0.3523
SARS-CoV2-5UTR-Amplicon,87,c,0.226
SARS-CoV2-5UTR-Amplicon,88,t,0.5023
SARS-CoV2-5UTR-Amplicon,89,g,0.4019
SARS-CoV2-5UTR-Amplicon,90,t,0.3517
SARS-CoV2-5UTR-Amplicon,91,c,0.3266
SARS-CoV2-5UTR-Amplicon,92,a,0.226
SARS-CoV2-5UTR-Amplicon,93,c,0.4018
SARS-CoV2-5UTR-Amplicon,94,t,0.3768
SARS-CoV2-5UTR-Amplicon,95,c,0.6531
SARS-CoV2-5UTR-Amplicon,96,g,0.3265
SARS-CoV2-5UTR-Amplicon,97,g,0.452
SARS-CoV2-5UTR-Amplicon,98,c,0.2493
SARS-CoV2-5UTR-Amplicon,99,t,0.3491
SARS-CoV2-5UTR-Amplicon,100,g,0.5486
SARS-CoV2-5UTR-Amplicon,101,c,0.5736
SARS-CoV2-5UTR-Amplicon,102,g,0.4988
SARS-CoV2-5UTR-Amplicon,103,t,0.5984
SARS-CoV2-5UTR-Amplicon,104,g,0.2742
SARS-CoV2-5UTR-Amplicon,105,c,0.723
SARS-CoV2-5UTR-Amplicon,106,t,0.9474
SARS-CoV2-5UTR-Amplicon,107,t,0.9973
SARS-CoV2-5UTR-Amplicon,108,a,0.3241
SARS-CoV2-5UTR-Amplicon,109,g,0.349
SARS-CoV2-5UTR-Amplicon,110,t,0.374
SARS-CoV2-5UTR-Amplicon,111,g,0.1745
SARS-CoV2-5UTR-Amplicon,112,c,0.4737
SARS-CoV2-5UTR-Amplicon,113,a,0.2742
SARS-CoV2-5UTR-Amplicon,114,c,0.1496
SARS-CoV2-5UTR-Amplicon,115,t,0.1995
SARS-CoV2-5UTR-Amplicon,116,c,0.3741
SARS-CoV2-5UTR-Amplicon,117,a,0.1746
SARS-CoV2-5UTR-Amplicon,118,c,0.2993
SARS-CoV2-5UTR-Amplicon,119,g,0.2743
SARS-CoV2-5UTR-Amplicon,120,c,0.1746
SARS-CoV2-5UTR-Amplicon,121,a,0.2743
SARS-CoV2-5UTR-Amplicon,122,g,0.4239
SARS-CoV2-5UTR-Amplicon,123,t,0.3249
SARS-CoV2-5UTR-Amplicon,124,a,0.2
SARS-CoV2-5UTR-Amplicon,125,t,0.2737
SARS-CoV2-5UTR-Amplicon,126,a,0.1743
SARS-CoV2-5UTR-Amplicon,127,a,0.0747
SARS-CoV2-5UTR-Amplicon,128,t,0.0747
SARS-CoV2-5UTR-Amplicon,129,t,0.249
SARS-CoV2-5UTR-Amplicon,130,a,0.1245
SARS-CoV2-5UTR-Amplicon,131,a,0.3984
SARS-CoV2-5UTR-Amplicon,132,t,0.1992
SARS-CoV2-5UTR-Amplicon,133,a,0.498
SARS-CoV2-5UTR-Amplicon,134,a,0.249
SARS-CoV2-5UTR-Amplicon,135,c,0.498
SARS-CoV2-5UTR-Amplicon,136,t,0.2739
SARS-CoV2-5UTR-Amplicon,137,a,0.1494
SARS-CoV2-5UTR-Amplicon,138,a,0.0996
SARS-CoV2-5UTR-Amplicon,139,t,0.1494
SARS-CoV2-5UTR-Amplicon,140,t,0.1992
SARS-CoV2-5UTR-Amplicon,141,a,0.1743
SARS-CoV2-5UTR-Amplicon,142,c,0.2984
SARS-CoV2-5UTR-Amplicon,143,t,0.2238
SARS-CoV2-5UTR-Amplicon,144,g,0.2486
SARS-CoV2-5UTR-Amplicon,145,t,0.1987
SARS-CoV2-5UTR-Amplicon,146,c,0.2981
SARS-CoV2-5UTR-Amplicon,147,g,0.4724
SARS-CoV2-5UTR-Amplicon,148,t,0.1989
SARS-CoV2-5UTR-Amplicon,149,t,0.2233
SARS-CoV2-5UTR-Amplicon,150,g,0.5946
SARS-CoV2-5UTR-Amplicon,151,a,0.1487
SARS-CoV2-5UTR-Amplicon,152,c,0.1488
SARS-CoV2-5UTR-Amplicon,153,a,0.372
SARS-CoV2-5UTR-Amplicon,154,g,0.9425
SARS-CoV2-5UTR-Amplicon,155,g,0.8191
SARS-CoV2-5UTR-Amplicon,156,a,0.5459
SARS-CoV2-5UTR-Amplicon,157,c,0.6203
SARS-CoV2-5UTR-Amplicon,158,a,1.4877
SARS-CoV2-5UTR-Amplicon,159,c,0.3471
SARS-CoV2-5UTR-Amplicon,160,g,1.3142
SARS-CoV2-5UTR-Amplicon,161,a,0.9899
SARS-CoV2-5UTR-Amplicon,162,g,0.3862
SARS-CoV2-5UTR-Amplicon,163,t,0.5552
SARS-CoV2-5UTR-Amplicon,164,a,0.8448
SARS-CoV2-5UTR-Amplicon,165,a,0.2414
SARS-CoV2-5UTR-Amplicon,166,c,0.1688
SARS-CoV2-5UTR-Amplicon,167,t,0.0964
SARS-CoV2-5UTR-Amplicon,168,c,0.5542
SARS-CoV2-5UTR-Amplicon,169,g,0.3611
SARS-CoV2-5UTR-Amplicon,170,t,0.5775
SARS-CoV2-5UTR-Amplicon,171,c,0.5533
SARS-CoV2-5UTR-Amplicon,172,t,0.6732
SARS-CoV2-5UTR-Amplicon,173,a,0.4809
SARS-CoV2-5UTR-Amplicon,174,t,0.3366
SARS-CoV2-5UTR-Amplicon,175,c,0.3124
SARS-CoV2-5UTR-Amplicon,176,t,0.4566
SARS-CoV2-5UTR-Amplicon,177,t,0.3365
SARS-CoV2-5UTR-Amplicon,178,c,0.4808
SARS-CoV2-5UTR-Amplicon,179,t,0.2404
SARS-CoV2-5UTR-Amplicon,180,g,0.4327
SARS-CoV2-5UTR-Amplicon,181,c,0.4326
SARS-CoV2-5UTR-Amplicon,182,a,0.3124
SARS-CoV2-5UTR-Amplicon,183,g,0.4506
SARS-CoV2-5UTR-Amplicon,184,g,0.3083
SARS-CoV2-5UTR-Amplicon,185,c,0.4979
SARS-CoV2-5UTR-Amplicon,186,t,0.4974
SARS-CoV2-5UTR-Amplicon,187,g,0.663
SARS-CoV2-5UTR-Amplicon,188,c,0.2842
SARS-CoV2-5UTR-Amplicon,189,t,0.8294
SARS-CoV2-5UTR-Amplicon,190,t,0.5452
SARS-CoV2-5UTR-Amplicon,191,a,0.4029
SARS-CoV2-5UTR-Amplicon,192,c,0.4977
SARS-CoV2-5UTR-Amplicon,193,g,0.1659
SARS-CoV2-5UTR-Amplicon,194,g,0.4976
SARS-CoV2-5UTR-Amplicon,195,t,0.5212
SARS-CoV2-5UTR-Amplicon,196,t,0.1658
SARS-CoV2-5UTR-Amplicon,197,t,0.3316
SARS-CoV2-5UTR-Amplicon,198,c,1.0422
SARS-CoV2-5UTR-Amplicon,199,g,0.4737
SARS-CoV2-5UTR-Amplicon,200,t,0.7106
SARS-CoV2-5UTR-Amplicon,201,c,1.0658
SARS-CoV2-5UTR-Amplicon,202,c,0.9
SARS-CoV2-5UTR-Amplicon,203,g,0.6394
SARS-CoV2-5UTR-Amplicon,204,t,2.1307
SARS-CoV2-5UTR-Amplicon,205,g,0.3788
SARS-CoV2-5UTR-Amplicon,206,t,0.5208
SARS-CoV2-5UTR-Amplicon,207,t,0.9704
SARS-CoV2-5UTR-Amplicon,208,g,0.6313
SARS-CoV2-5UTR-Amplicon,209,c,0.8651
SARS-CoV2-5UTR-Amplicon,210,a,0.5144
SARS-CoV2-5UTR-Amplicon,211,g,0.6314
SARS-CoV2-5UTR-Amplicon,212,c,0.4677
SARS-CoV2-5UTR-Amplicon,213,c,0.4916
SARS-CoV2-5UTR-Amplicon,214,g,1.1944
SARS-CoV2-5UTR-Amplicon,215,a,0.3981
SARS-CoV2-5UTR-Amplicon,216,t,0.2576
SARS-CoV2-5UTR-Amplicon,217,c,1.2881
SARS-CoV2-5UTR-Amplicon,218,a,2.2482
SARS-CoV2-5UTR-Amplicon,219,t,0.2342
SARS-CoV2-5UTR-Amplicon,220,c,1.8267
SARS-CoV2-5UTR-Amplicon,221,a,3.767
SARS-CoV2-5UTR-Amplicon,222,g,3.5789
SARS-CoV2-5UTR-Amplicon,223,c,0.2808
SARS-CoV2-5UTR-Amplicon,224,a,1.4506
SARS-CoV2-5UTR-Amplicon,225,c,0.327
SARS-CoV2-5UTR-Amplicon,226,a,0.7006
SARS-CoV2-5UTR-Amplicon,227,t,0.4903
SARS-CoV2-5UTR-Amplicon,228,c,0.9341
SARS-CoV2-5UTR-Amplicon,229,t,0.7707
SARS-CoV2-5UTR-Amplicon,230,a,0.6075
SARS-CoV2-5UTR-Amplicon,231,g,0.4439
SARS-CoV2-5UTR-Amplicon,232,g,0.3271
SARS-CoV2-5UTR-Amplicon,233,t,0.3499
SARS-CoV2-5UTR-Amplicon,234,t,0.3033
SARS-CoV2-5UTR-Amplicon,235,t,0.3033
SARS-CoV2-5UTR-Amplicon,236,c,0.56
SARS-CoV2-5UTR-Amplicon,237,g,0.2566
SARS-CoV2-5UTR-Amplicon,238,t,0.28
SARS-CoV2-5UTR-Amplicon,239,c,0.6534
SARS-CoV2-5UTR-Amplicon,240,c,0.4202
SARS-CoV2-5UTR-Amplicon,241,g,0.6069
SARS-CoV2-5UTR-Amplicon,242,g,0.3272
SARS-CoV2-5UTR-Amplicon,243,g,0.7948
SARS-CoV2-5UTR-Amplicon,244,t,0.7021
SARS-CoV2-5UTR-Amplicon,245,g,0.1872
SARS-CoV2-5UTR-Amplicon,246,t,0.4212
SARS-CoV2-5UTR-Amplicon,247,g,0.5617
SARS-CoV2-5UTR-Amplicon,248,a,0.3978
SARS-CoV2-5UTR-Amplicon,249,c,0.3043
SARS-CoV2-5UTR-Amplicon,250,c,0.491
SARS-CoV2-5UTR-Amplicon,251,g,1.0753
SARS-CoV2-5UTR-Amplicon,252,a,0.748
SARS-CoV2-5UTR-Amplicon,253,a,0.0701
SARS-CoV2-5UTR-Amplicon,254,a,0.327
SARS-CoV2-5UTR-Amplicon,255,g,0.4432
SARS-CoV2-5UTR-Amplicon,256,g,0.3729
SARS-CoV2-5UTR-Amplicon,257,t,0.3257
SARS-CoV2-5UTR-Amplicon,258,a,0.7445
SARS-CoV2-5UTR-Amplicon,259,a,0.4181
SARS-CoV2-5UTR-Amplicon,260,g,0.5109
SARS-CoV2-5UTR-Amplicon,261,a,0.2323
SARS-CoV2-5UTR-Amplicon,262,t,0.2323
SARS-CoV2-5UTR-Amplicon,263,g,0.511
SARS-CoV2-5UTR-Amplicon,264,g,0.3483
SARS-CoV2-5UTR-Amplicon,265,a,0.2786
SARS-CoV2-5UTR-Amplicon,266,g,0.3248
SARS-CoV2-5UTR-Amplicon,267,a,0.3009
SARS-CoV2-5UTR-Amplicon,268,g,0.4861
SARS-CoV2-5UTR-Amplicon,269,c,0.3009
SARS-CoV2-5UTR-Amplicon,270,c,0.2315
SARS-CoV2-5UTR-Amplicon,271,t,0.6715
SARS-CoV2-5UTR-Amplicon,272,t,0.2317
SARS-CoV2-5UTR-Amplicon,273,g,0.3475
SARS-CoV2-5UTR-Amplicon,274,t,0.5792
SARS-CoV2-5UTR-Amplicon,275,c,1.3908
SARS-CoV2-5UTR-Amplicon,276,c,0.3244
SARS-CoV2-5UTR-Amplicon,277,c,0.3476
SARS-CoV2-5UTR-Amplicon,278,t,0.8113
SARS-CoV2-5UTR-Amplicon,279,g,0.904
SARS-CoV2-5UTR-Amplicon,280,g,0.7418
SARS-CoV2-5UTR-Amplicon,281,t,0.4868
SARS-CoV2-5UTR-Amplicon,282,t,0.1854
SARS-CoV2-5UTR-Amplicon,283,t,0.4401
SARS-CoV2-5UTR-Amplicon,284,c,1.0658
SARS-CoV2-5UTR-Amplicon,285,a,0.5329
SARS-CoV2-5UTR-Amplicon,286,a,0.2085
SARS-CoV2-5UTR-Amplicon,287,c,0.1854
SARS-CoV2-5UTR-Amplicon,288,g,0.7184
SARS-CoV2-5UTR-Amplicon,289,a,0.3477
SARS-CoV2-5UTR-Amplicon,290,g,0.9292
SARS-CoV2-5UTR-Amplicon,291,g,0.3252
SARS-CoV2-5UTR-Amplicon,292,g,0.6039
SARS-CoV2-5UTR-Amplicon,293,a,0.4878
SARS-CoV2-5UTR-Amplicon,294,g,1.0035
SARS-CoV2-5UTR-Amplicon,295,t,0.7235
SARS-CoV2-5UTR-Amplicon,296,c,1.6106
SARS-CoV2-5UTR-Amplicon,297,a,1.0974
SARS-CoV2-5UTR-Amplicon,298,a,0.4437
SARS-CoV2-5UTR-Amplicon,299,a,0.5606
SARS-CoV2-5UTR-Amplicon,300,g,0.6544
SARS-CoV2-5UTR-Amplicon,301,t,0.7245
SARS-CoV2-5UTR-Amplicon,302,t,0.6544
SARS-CoV2-5UTR-Amplicon,303,c,0.5842
SARS-CoV2-5UTR-Amplicon,304,t,0.5609
SARS-CoV2-5UTR-Amplicon,305,g,0.3739
SARS-CoV2-5UTR-Amplicon,306,t,0.7714
SARS-CoV2-5UTR-Amplicon,307,t,0.304
SARS-CoV2-5UTR-Amplicon,308,t,0.3273
SARS-CoV2-5UTR-Amplicon,309,g,0.3978
SARS-CoV2-5UTR-Amplicon,310,c,0.8895
SARS-CoV2-5UTR-Amplicon,311,c,0.2342
SARS-CoV2-5UTR-Amplicon,312,c,0.3514
SARS-CoV2-5UTR-Amplicon,313,t,0.3514
SARS-CoV2-5UTR-Amplicon,314,g,0.3983
SARS-CoV2-5UTR-Amplicon,315,a,0.1406
SARS-CoV2-5UTR-Amplicon,316,t,0.3984
SARS-CoV2-5UTR-Amplicon,317,c,0.3047
SARS-CoV2-5UTR-Amplicon,318,t,0.3048
SARS-CoV2-5UTR-Amplicon,319,g,0.4689
SARS-CoV2-5UTR-Amplicon,320,c,0.3517
SARS-CoV2-5UTR-Amplicon,321,a,0.8679
SARS-CoV2-5UTR-Amplicon,322,t,0.1643
SARS-CoV2-5UTR-Amplicon,323,c,0.5634
SARS-CoV2-5UTR-Amplicon,324,g,0.235
SARS-CoV2-5UTR-Amplicon,325,c,0.2366
SARS-CoV2-5UTR-Amplicon,326,t,0.5444
SARS-CoV2-5UTR-Amplicon,327,g,0.5208
SARS-CoV2-5UTR-Amplicon,328,t,0.3078
SARS-CoV2-5UTR-Amplicon,329,g,0.3317
SARS-CoV2-5UTR-Amplicon,330,g,0.2132
SARS-CoV2-5UTR-Amplicon,331,c,0.5689
SARS-CoV2-5UTR-Amplicon,332,c,0.1422
SARS-CoV2-5UTR-Amplicon,333,g,0.7112
SARS-CoV2-5UTR-Amplicon,334,a,0.5928
SARS-CoV2-5UTR-Amplicon,335,g,0.3084
SARS-CoV2-5UTR-Amplicon,336,g,0.7596
SARS-CoV2-5UTR-Amplicon,337,c,0.2852
SARS-CoV2-5UTR-Amplicon,338,c,0.2894
SARS-CoV2-5UTR-Amplicon,339,a,1.1339
SARS-CoV2-5UTR-Amplicon,340,a,0.2198
SARS-CoV2-5UTR-Amplicon,341,g,0.2198
SARS-CoV2-5UTR-Amplicon,342,c,0.5129
SARS-CoV2-5UTR-Amplicon,343,c,0.2687
SARS-CoV2-5UTR-Amplicon,344,c,0.1955
SARS-CoV2-5UTR-Amplicon,345,a,0.3425
SARS-CoV2-5UTR-Amplicon,346,c,0.4652
SARS-CoV2-5UTR-Amplicon,347,c,0.1225
SARS-CoV2-5UTR-Amplicon,348,g,0.4167
SARS-CoV2-5UTR-Amplicon,349,a,0.3186
SARS-CoV2-5UTR-Amplicon,350,g,0.1961
SARS-CoV2-5UTR-Amplicon,351,a,0.4172
SARS-CoV2-5UTR-Amplicon,352,a,0.491
SARS-CoV2-5UTR-Amplicon,353,c,0.4675
SARS-CoV2-5UTR-Amplicon,354,a,0.6165
SARS-CoV2-5UTR-Amplicon,355,a,0.1732
SARS-CoV2-5UTR-Amplicon,356,c,0.2725
SARS-CoV2-5UTR-Amplicon,357,g,0.2977
SARS-CoV2-5UTR-Amplicon,358,a,0.4219
SARS-CoV2-5UTR-Amplicon,359,a,0.1987
SARS-CoV2-5UTR-Amplicon,360,g,0.1988
SARS-CoV2-5UTR-Amplicon,361,a,0.1493
SARS-CoV2-5UTR-Amplicon,362,c,0.2749
SARS-CoV2-5UTR-Amplicon,363,t,0.3767
SARS-CoV2-5UTR-Amplicon,364,t,0.3552
SARS-CoV2-5UTR-Amplicon,365,c,0.1272
SARS-CoV2-5UTR-Amplicon,366,a,0.3823
SARS-CoV2-5UTR-Amplicon,367,a,0.1275
SARS-CoV2-5UTR-Amplicon,368,c,0.1276
SARS-CoV2-5UTR-Amplicon,369,a,0.1021
SARS-CoV2-5UTR-Amplicon,370,t,0.0255
SARS-CoV2-5UTR-Amplicon,371,c,0.1023
SARS-CoV2-5UTR-Amplicon,372,g,0
SARS-CoV2-5UTR-Amplicon,373,t,0.0514
SARS-CoV2-5UTR-Amplicon,374,g,0.0516
SARS-CoV2-5UTR-Amplicon,375,g,0
SARS-CoV2-5UTR-Amplicon,376,c,0
SARS-CoV2-5UTR-Amplicon,377,c,0
SARS-CoV2-5UTR-Amplicon,378,g,0
