Region,Position,Ref_base,Mut_percentage
SARS-CoV2-5UTR-Amplicon,1,a,0
SARS-CoV2-5UTR-Amplicon,2,g,0
SARS-CoV2-5UTR-Amplicon,3,g,0
SARS-CoV2-5UTR-Amplicon,4,t,0
SARS-CoV2-5UTR-Amplicon,5,t,0
SARS-CoV2-5UTR-Amplicon,6,t,0.5
SARS-CoV2-5UTR-Amplicon,7,a,0.1172
SARS-CoV2-5UTR-Amplicon,8,t,0.3129
SARS-CoV2-5UTR-Amplicon,9,a,0.1978
SARS-CoV2-5UTR-Amplicon,10,c,0.2526
SARS-CoV2-5UTR-Amplicon,11,c,0.056
SARS-CoV2-5UTR-Amplicon,12,t,0.4472
SARS-CoV2-5UTR-Amplicon,13,t,0.5027
SARS-CoV2-5UTR-Amplicon,14,c,0.8378
SARS-CoV2-5UTR-Amplicon,15,c,0.1948
SARS-CoV2-5UTR-Amplicon,16,c,0.2223
SARS-CoV2-5UTR-Amplicon,17,a,0.1388
SARS-CoV2-5UTR-Amplicon,18,g,0.444
SARS-CoV2-5UTR-Amplicon,19,g,0.1662
SARS-CoV2-5UTR-Amplicon,20,t,1.1905
SARS-CoV2-5UTR-Amplicon,21,a,0.6919
SARS-CoV2-5UTR-Amplicon,22,a,0.4703
SARS-CoV2-5UTR-Amplicon,23,c,0.4975
SARS-CoV2-5UTR-Amplicon,24,a,0.5487
SARS-CoV2-5UTR-Amplicon,25,a,0.3563
SARS-CoV2-5UTR-Amplicon,26,a,0.2461
SARS-CoV2-5UTR-Amplicon,27,c,0.6277
SARS-CoV2-5UTR-Amplicon,28,c,0.654
SARS-CoV2-5UTR-Amplicon,29,a,0.381
SARS-CoV2-5UTR-Amplicon,30,a,0
SARS-CoV2-5UTR-Amplicon,31,c,0.1357
SARS-CoV2-5UTR-Amplicon,32,c,0.4883
SARS-CoV2-5UTR-Amplicon,33,a,0.3786
SARS-CoV2-5UTR-Amplicon,34,a,0.0541
SARS-CoV2-5UTR-Amplicon,35,c,0.2701
SARS-CoV2-5UTR-Amplicon,36,t,0.9989
SARS-CoV2-5UTR-Amplicon,37,t,0.266
SARS-CoV2-5UTR-Amplicon,38,t,0.2393
SARS-CoV2-5UTR-Amplicon,39,c,2.3132
SARS-CoV2-5UTR-Amplicon,40,g,0.5842
SARS-CoV2-5UTR-Amplicon,41,a,0.0266
SARS-CoV2-5UTR-Amplicon,42,t,0.557
SARS-CoV2-5UTR-Amplicon,43,c,0.5836
SARS-CoV2-5UTR-Amplicon,44,t,0.1591
SARS-CoV2-5UTR-Amplicon,45,c,0.5304
SARS-CoV2-5UTR-Amplicon,46,t,1.485
SARS-CoV2-5UTR-Amplicon,47,t,1.2198
SARS-CoV2-5UTR-Amplicon,48,g,0.3978
SARS-CoV2-5UTR-Amplicon,49,t,0.6098
SARS-CoV2-5UTR-Amplicon,50,a,0.4501
SARS-CoV2-5UTR-Amplicon,51,g,0.9267
SARS-CoV2-5UTR-Amplicon,52,a,0.3706
SARS-CoV2-5UTR-Amplicon,53,t,0.6088
SARS-CoV2-5UTR-Amplicon,54,c,1.244
SARS-CoV2-5UTR-Amplicon,55,t,0.9526
SARS-CoV2-5UTR-Amplicon,56,g,1.0585
SARS-CoV2-5UTR-Amplicon,57,t,1.6142
SARS-CoV2-5UTR-Amplicon,58,t,1.0056
SARS-CoV2-5UTR-Amplicon,59,c,1.3757
SARS-CoV2-5UTR-Amplicon,60,t,0.5026
SARS-CoV2-5UTR-Amplicon,61,c,1.1111
SARS-CoV2-5UTR-Amplicon,62,t,0.9023
SARS-CoV2-5UTR-Amplicon,63,a,4.9085
SARS-CoV2-5UTR-Amplicon,64,a,0.3182
SARS-CoV2-5UTR-Amplicon,65,a,0.265
SARS-CoV2-5UTR-Amplicon,66,c,0.3445
SARS-CoV2-5UTR-Amplicon,67,g,0.768
SARS-CoV2-5UTR-Amplicon,68,a,0.2911
SARS-CoV2-5UTR-Amplicon,69,a,0.4496
SARS-CoV2-5UTR-Amplicon,70,c,2.3526
SARS-CoV2-5UTR-Amplicon,71,t,0.5285
SARS-CoV2-5UTR-Amplicon,72,t,0.3171
SARS-CoV2-5UTR-Amplicon,73,t,0.2907
SARS-CoV2-5UTR-Amplicon,74,a,0.5567
SARS-CoV2-5UTR-Amplicon,75,a,0.2387
SARS-CoV2-5UTR-Amplicon,76,a,0.2652
SARS-CoV2-5UTR-Amplicon,77,a,0.5034
SARS-CoV2-5UTR-Amplicon,78,t,0.6359
SARS-CoV2-5UTR-Amplicon,79,c,0.4503
SARS-CoV2-5UTR-Amplicon,80,t,0.556
SARS-CoV2-5UTR-Amplicon,81,g,0.397
SARS-CoV2-5UTR-Amplicon,82,t,0.3971
SARS-CoV2-5UTR-Amplicon,83,g,0.1589
SARS-CoV2-5UTR-Amplicon,84,t,0.6621
SARS-CoV2-5UTR-Amplicon,85,g,0.4237
SARS-CoV2-5UTR-Amplicon,86,g,0.4503
SARS-CoV2-5UTR-Amplicon,87,c,0.6344
SARS-CoV2-5UTR-Amplicon,88,t,0.7402
SARS-CoV2-5UTR-Amplicon,89,g,0.4247
SARS-CoV2-5UTR-Amplicon,90,t,0.3982
SARS-CoV2-5UTR-Amplicon,91,c,0.4778
SARS-CoV2-5UTR-Amplicon,92,a,0.557
SARS-CoV2-5UTR-Amplicon,93,c,0.5579
SARS-CoV2-5UTR-Amplicon,94,t,0.4781
SARS-CoV2-5UTR-Amplicon,95,c,0.9296
SARS-CoV2-5UTR-Amplicon,96,g,0.6638
SARS-CoV2-5UTR-Amplicon,97,g,0.7169
SARS-CoV2-5UTR-Amplicon,98,c,0.3911
SARS-CoV2-5UTR-Amplicon,99,t,0.4696
SARS-CoV2-5UTR-Amplicon,100,g,0.8088
SARS-CoV2-5UTR-Amplicon,101,c,0.8609
SARS-CoV2-5UTR-Amplicon,102,g,0.496
SARS-CoV2-5UTR-Amplicon,103,t,0.7309
SARS-CoV2-5UTR-Amplicon,104,g,0.5482
SARS-CoV2-5UTR-Amplicon,105,c,1.3312
SARS-CoV2-5UTR-Amplicon,106,t,1.4092
SARS-CoV2-5UTR-Amplicon,107,t,1.748
SARS-CoV2-5UTR-Amplicon,108,a,0.3652
SARS-CoV2-5UTR-Amplicon,109,g,0.3651
SARS-CoV2-5UTR-Amplicon,110,t,0.3911
SARS-CoV2-5UTR-Amplicon,111,g,0.4433
SARS-CoV2-5UTR-Amplicon,112,c,0.5214
SARS-CoV2-5UTR-Amplicon,113,a,0.4171
SARS-CoV2-5UTR-Amplicon,114,c,0.2868
SARS-CoV2-5UTR-Amplicon,115,t,0.3129
SARS-CoV2-5UTR-Amplicon,116,c,0.5997
SARS-CoV2-5UTR-Amplicon,117,a,0.1825
SARS-CoV2-5UTR-Amplicon,118,c,0.2608
SARS-CoV2-5UTR-Amplicon,119,g,0.5993
SARS-CoV2-5UTR-Amplicon,120,c,0.3127
SARS-CoV2-5UTR-Amplicon,121,a,0.3127
SARS-CoV2-5UTR-Amplicon,122,g,0.3909
SARS-CoV2-5UTR-Amplicon,123,t,0.4703
SARS-CoV2-5UTR-Amplicon,124,a,0.2874
SARS-CoV2-5UTR-Amplicon,125,t,0.4396
SARS-CoV2-5UTR-Amplicon,126,a,0.2586
SARS-CoV2-5UTR-Amplicon,127,a,0.1552
SARS-CoV2-5UTR-Amplicon,128,t,0.1552
SARS-CoV2-5UTR-Amplicon,129,t,0.2587
SARS-CoV2-5UTR-Amplicon,130,a,0.2328
SARS-CoV2-5UTR-Amplicon,131,a,0.8538
SARS-CoV2-5UTR-Amplicon,132,t,0.3106
SARS-CoV2-5UTR-Amplicon,133,a,0.6211
SARS-CoV2-5UTR-Amplicon,134,a,0.1294
SARS-CoV2-5UTR-Amplicon,135,c,0.7246
SARS-CoV2-5UTR-Amplicon,136,t,0.3106
SARS-CoV2-5UTR-Amplicon,137,a,0.1814
SARS-CoV2-5UTR-Amplicon,138,a,0.1814
SARS-CoV2-5UTR-Amplicon,139,t,0.1296
SARS-CoV2-5UTR-Amplicon,140,t,0.3629
SARS-CoV2-5UTR-Amplicon,141,a,0.337
SARS-CoV2-5UTR-Amplicon,142,c,0.2591
SARS-CoV2-5UTR-Amplicon,143,t,0.4663
SARS-CoV2-5UTR-Amplicon,144,g,0.2332
SARS-CoV2-5UTR-Amplicon,145,t,0.2581
SARS-CoV2-5UTR-Amplicon,146,c,0.3616
SARS-CoV2-5UTR-Amplicon,147,g,0.6208
SARS-CoV2-5UTR-Amplicon,148,t,0.2589
SARS-CoV2-5UTR-Amplicon,149,t,0.336
SARS-CoV2-5UTR-Amplicon,150,g,0.8516
SARS-CoV2-5UTR-Amplicon,151,a,0.3612
SARS-CoV2-5UTR-Amplicon,152,c,0.2082
SARS-CoV2-5UTR-Amplicon,153,a,0.3382
SARS-CoV2-5UTR-Amplicon,154,g,1.0929
SARS-CoV2-5UTR-Amplicon,155,g,0.939
SARS-CoV2-5UTR-Amplicon,156,a,0.7305
SARS-CoV2-5UTR-Amplicon,157,c,0.7827
SARS-CoV2-5UTR-Amplicon,158,a,1.9562
SARS-CoV2-5UTR-Amplicon,159,c,0.4694
SARS-CoV2-5UTR-Amplicon,160,g,1.905
SARS-CoV2-5UTR-Amplicon,161,a,1.3354
SARS-CoV2-5UTR-Amplicon,162,g,0.4367
SARS-CoV2-5UTR-Amplicon,163,t,0.6165
SARS-CoV2-5UTR-Amplicon,164,a,0.693
SARS-CoV2-5UTR-Amplicon,165,a,0.4363
SARS-CoV2-5UTR-Amplicon,166,c,0.231
SARS-CoV2-5UTR-Amplicon,167,t,0.41
SARS-CoV2-5UTR-Amplicon,168,c,0.6409
SARS-CoV2-5UTR-Amplicon,169,g,0.5638
SARS-CoV2-5UTR-Amplicon,170,t,0.6143
SARS-CoV2-5UTR-Amplicon,171,c,0.5629
SARS-CoV2-5UTR-Amplicon,172,t,1.0235
SARS-CoV2-5UTR-Amplicon,173,a,0.5118
SARS-CoV2-5UTR-Amplicon,174,t,0.4857
SARS-CoV2-5UTR-Amplicon,175,c,0.4856
SARS-CoV2-5UTR-Amplicon,176,t,0.511
SARS-CoV2-5UTR-Amplicon,177,t,0.4087
SARS-CoV2-5UTR-Amplicon,178,c,0.5881
SARS-CoV2-5UTR-Amplicon,179,t,0.4091
SARS-CoV2-5UTR-Amplicon,180,g,0.6135
SARS-CoV2-5UTR-Amplicon,181,c,0.6133
SARS-CoV2-5UTR-Amplicon,182,a,0.3835
SARS-CoV2-5UTR-Amplicon,183,g,0.4731
SARS-CoV2-5UTR-Amplicon,184,g,0.3732
SARS-CoV2-5UTR-Amplicon,185,c,0.3726
SARS-CoV2-5UTR-Amplicon,186,t,0.4709
SARS-CoV2-5UTR-Amplicon,187,g,0.669
SARS-CoV2-5UTR-Amplicon,188,c,0.5207
SARS-CoV2-5UTR-Amplicon,189,t,1.0432
SARS-CoV2-5UTR-Amplicon,190,t,0.5464
SARS-CoV2-5UTR-Amplicon,191,a,0.5217
SARS-CoV2-5UTR-Amplicon,192,c,0.77
SARS-CoV2-5UTR-Amplicon,193,g,0.5958
SARS-CoV2-5UTR-Amplicon,194,g,0.8189
SARS-CoV2-5UTR-Amplicon,195,t,0.7444
SARS-CoV2-5UTR-Amplicon,196,t,0.4715
SARS-CoV2-5UTR-Amplicon,197,t,0.5211
SARS-CoV2-5UTR-Amplicon,198,c,1.0918
SARS-CoV2-5UTR-Amplicon,199,g,0.5211
SARS-CoV2-5UTR-Amplicon,200,t,0.8685
SARS-CoV2-5UTR-Amplicon,201,c,0.9434
SARS-CoV2-5UTR-Amplicon,202,c,1.0678
SARS-CoV2-5UTR-Amplicon,203,g,0.596
SARS-CoV2-5UTR-Amplicon,204,t,1.7383
SARS-CoV2-5UTR-Amplicon,205,g,0.6953
SARS-CoV2-5UTR-Amplicon,206,t,0.7696
SARS-CoV2-5UTR-Amplicon,207,t,0.4715
SARS-CoV2-5UTR-Amplicon,208,g,0.5564
SARS-CoV2-5UTR-Amplicon,209,c,0.6771
SARS-CoV2-5UTR-Amplicon,210,a,0.6282
SARS-CoV2-5UTR-Amplicon,211,g,0.5557
SARS-CoV2-5UTR-Amplicon,212,c,0.7253
SARS-CoV2-5UTR-Amplicon,213,c,0.4841
SARS-CoV2-5UTR-Amplicon,214,g,1.0917
SARS-CoV2-5UTR-Amplicon,215,a,0.5824
SARS-CoV2-5UTR-Amplicon,216,t,0.5344
SARS-CoV2-5UTR-Amplicon,217,c,1.3852
SARS-CoV2-5UTR-Amplicon,218,a,2.139
SARS-CoV2-5UTR-Amplicon,219,t,0.3159
SARS-CoV2-5UTR-Amplicon,220,c,2.0661
SARS-CoV2-5UTR-Amplicon,221,a,4.1009
SARS-CoV2-5UTR-Amplicon,222,g,3.9311
SARS-CoV2-5UTR-Amplicon,223,c,0.8738
SARS-CoV2-5UTR-Amplicon,224,a,1.797
SARS-CoV2-5UTR-Amplicon,225,c,0.1937
SARS-CoV2-5UTR-Amplicon,226,a,0.8228
SARS-CoV2-5UTR-Amplicon,227,t,0.4846
SARS-CoV2-5UTR-Amplicon,228,c,1.0177
SARS-CoV2-5UTR-Amplicon,229,t,1.0174
SARS-CoV2-5UTR-Amplicon,230,a,0.7269
SARS-CoV2-5UTR-Amplicon,231,g,0.6056
SARS-CoV2-5UTR-Amplicon,232,g,0.5087
SARS-CoV2-5UTR-Amplicon,233,t,0.6274
SARS-CoV2-5UTR-Amplicon,234,t,0.3621
SARS-CoV2-5UTR-Amplicon,235,t,0.507
SARS-CoV2-5UTR-Amplicon,236,c,0.676
SARS-CoV2-5UTR-Amplicon,237,g,0.3621
SARS-CoV2-5UTR-Amplicon,238,t,0.4344
SARS-CoV2-5UTR-Amplicon,239,c,0.531
SARS-CoV2-5UTR-Amplicon,240,c,0.5794
SARS-CoV2-5UTR-Amplicon,241,g,0.8696
SARS-CoV2-5UTR-Amplicon,242,g,0.5799
SARS-CoV2-5UTR-Amplicon,243,g,0.5318
SARS-CoV2-5UTR-Amplicon,244,t,0.5818
SARS-CoV2-5UTR-Amplicon,245,g,0.1698
SARS-CoV2-5UTR-Amplicon,246,t,0.364
SARS-CoV2-5UTR-Amplicon,247,g,0.6311
SARS-CoV2-5UTR-Amplicon,248,a,0.6071
SARS-CoV2-5UTR-Amplicon,249,c,0.5101
SARS-CoV2-5UTR-Amplicon,250,c,0.3622
SARS-CoV2-5UTR-Amplicon,251,g,0.5793
SARS-CoV2-5UTR-Amplicon,252,a,0.7961
SARS-CoV2-5UTR-Amplicon,253,a,0.2412
SARS-CoV2-5UTR-Amplicon,254,a,0.5299
SARS-CoV2-5UTR-Amplicon,255,g,0.5283
SARS-CoV2-5UTR-Amplicon,256,g,0.5013
SARS-CoV2-5UTR-Amplicon,257,t,0.6915
SARS-CoV2-5UTR-Amplicon,258,a,0.8576
SARS-CoV2-5UTR-Amplicon,259,a,0.2138
SARS-CoV2-5UTR-Amplicon,260,g,0.5221
SARS-CoV2-5UTR-Amplicon,261,a,0.2847
SARS-CoV2-5UTR-Amplicon,262,t,0.3797
SARS-CoV2-5UTR-Amplicon,263,g,0.8539
SARS-CoV2-5UTR-Amplicon,264,g,0.3082
SARS-CoV2-5UTR-Amplicon,265,a,0.4728
SARS-CoV2-5UTR-Amplicon,266,g,0.495
SARS-CoV2-5UTR-Amplicon,267,a,0.3991
SARS-CoV2-5UTR-Amplicon,268,g,0.5629
SARS-CoV2-5UTR-Amplicon,269,c,0.4455
SARS-CoV2-5UTR-Amplicon,270,c,0.2577
SARS-CoV2-5UTR-Amplicon,271,t,0.7262
SARS-CoV2-5UTR-Amplicon,272,t,0.3045
SARS-CoV2-5UTR-Amplicon,273,g,0.2578
SARS-CoV2-5UTR-Amplicon,274,t,0.4452
SARS-CoV2-5UTR-Amplicon,275,c,1.1952
SARS-CoV2-5UTR-Amplicon,276,c,0.3048
SARS-CoV2-5UTR-Amplicon,277,c,0.3986
SARS-CoV2-5UTR-Amplicon,278,t,0.8679
SARS-CoV2-5UTR-Amplicon,279,g,1.1737
SARS-CoV2-5UTR-Amplicon,280,g,0.587
SARS-CoV2-5UTR-Amplicon,281,t,0.4932
SARS-CoV2-5UTR-Amplicon,282,t,0.1645
SARS-CoV2-5UTR-Amplicon,283,t,0.6086
SARS-CoV2-5UTR-Amplicon,284,c,1.1239
SARS-CoV2-5UTR-Amplicon,285,a,0.6089
SARS-CoV2-5UTR-Amplicon,286,a,0.3044
SARS-CoV2-5UTR-Amplicon,287,c,0.4216
SARS-CoV2-5UTR-Amplicon,288,g,1.0541
SARS-CoV2-5UTR-Amplicon,289,a,0.4217
SARS-CoV2-5UTR-Amplicon,290,g,1.017
SARS-CoV2-5UTR-Amplicon,291,g,0.4257
SARS-CoV2-5UTR-Amplicon,292,g,0.899
SARS-CoV2-5UTR-Amplicon,293,a,0.8044
SARS-CoV2-5UTR-Amplicon,294,g,1.0758
SARS-CoV2-5UTR-Amplicon,295,t,0.9328
SARS-CoV2-5UTR-Amplicon,296,c,1.6982
SARS-CoV2-5UTR-Amplicon,297,a,1.4118
SARS-CoV2-5UTR-Amplicon,298,a,0.6941
SARS-CoV2-5UTR-Amplicon,299,a,0.8854
SARS-CoV2-5UTR-Amplicon,300,g,1.0781
SARS-CoV2-5UTR-Amplicon,301,t,0.9348
SARS-CoV2-5UTR-Amplicon,302,t,0.8629
SARS-CoV2-5UTR-Amplicon,303,c,0.9599
SARS-CoV2-5UTR-Amplicon,304,t,0.8646
SARS-CoV2-5UTR-Amplicon,305,g,0.5046
SARS-CoV2-5UTR-Amplicon,306,t,1.2013
SARS-CoV2-5UTR-Amplicon,307,t,0.3604
SARS-CoV2-5UTR-Amplicon,308,t,0.4085
SARS-CoV2-5UTR-Amplicon,309,g,0.5328
SARS-CoV2-5UTR-Amplicon,310,c,1.2364
SARS-CoV2-5UTR-Amplicon,311,c,0.388
SARS-CoV2-5UTR-Amplicon,312,c,0.2427
SARS-CoV2-5UTR-Amplicon,313,t,0.6553
SARS-CoV2-5UTR-Amplicon,314,g,0.7528
SARS-CoV2-5UTR-Amplicon,315,a,0.2671
SARS-CoV2-5UTR-Amplicon,316,t,0.6074
SARS-CoV2-5UTR-Amplicon,317,c,0.6561
SARS-CoV2-5UTR-Amplicon,318,t,0.8264
SARS-CoV2-5UTR-Amplicon,319,g,0.9988
SARS-CoV2-5UTR-Amplicon,320,c,0.4385
SARS-CoV2-5UTR-Amplicon,321,a,2.6085
SARS-CoV2-5UTR-Amplicon,322,t,0.2691
SARS-CoV2-5UTR-Amplicon,323,c,0.4403
SARS-CoV2-5UTR-Amplicon,324,g,0.1713
SARS-CoV2-5UTR-Amplicon,325,c,0.1755
SARS-CoV2-5UTR-Amplicon,326,t,0.4514
SARS-CoV2-5UTR-Amplicon,327,g,0.4265
SARS-CoV2-5UTR-Amplicon,328,t,0.3764
SARS-CoV2-5UTR-Amplicon,329,g,0.2511
SARS-CoV2-5UTR-Amplicon,330,g,0.4017
SARS-CoV2-5UTR-Amplicon,331,c,0.5777
SARS-CoV2-5UTR-Amplicon,332,c,0.176
SARS-CoV2-5UTR-Amplicon,333,g,1.6843
SARS-CoV2-5UTR-Amplicon,334,a,1.4077
SARS-CoV2-5UTR-Amplicon,335,g,0.352
SARS-CoV2-5UTR-Amplicon,336,g,0.7046
SARS-CoV2-5UTR-Amplicon,337,c,0.6039
SARS-CoV2-5UTR-Amplicon,338,c,1.8677
SARS-CoV2-5UTR-Amplicon,339,a,2.1629
SARS-CoV2-5UTR-Amplicon,340,a,0.2755
SARS-CoV2-5UTR-Amplicon,341,g,0.4961
SARS-CoV2-5UTR-Amplicon,342,c,0.6064
SARS-CoV2-5UTR-Amplicon,343,c,0.552
SARS-CoV2-5UTR-Amplicon,344,c,0.5
SARS-CoV2-5UTR-Amplicon,345,a,0.1674
SARS-CoV2-5UTR-Amplicon,346,c,0.5583
SARS-CoV2-5UTR-Amplicon,347,c,0.308
SARS-CoV2-5UTR-Amplicon,348,g,0.2523
SARS-CoV2-5UTR-Amplicon,349,a,0.2246
SARS-CoV2-5UTR-Amplicon,350,g,0.4497
SARS-CoV2-5UTR-Amplicon,351,a,0.5909
SARS-CoV2-5UTR-Amplicon,352,a,0.5917
SARS-CoV2-5UTR-Amplicon,353,c,0.2825
SARS-CoV2-5UTR-Amplicon,354,a,0.4254
SARS-CoV2-5UTR-Amplicon,355,a,0.3162
SARS-CoV2-5UTR-Amplicon,356,c,0.461
SARS-CoV2-5UTR-Amplicon,357,g,0.3174
SARS-CoV2-5UTR-Amplicon,358,a,0.4619
SARS-CoV2-5UTR-Amplicon,359,a,0.2023
SARS-CoV2-5UTR-Amplicon,360,g,0.2897
SARS-CoV2-5UTR-Amplicon,361,a,0.2322
SARS-CoV2-5UTR-Amplicon,362,c,0.3483
SARS-CoV2-5UTR-Amplicon,363,t,0.4374
SARS-CoV2-5UTR-Amplicon,364,t,0.2352
SARS-CoV2-5UTR-Amplicon,365,c,0.2648
SARS-CoV2-5UTR-Amplicon,366,a,0.383
SARS-CoV2-5UTR-Amplicon,367,a,0.0295
SARS-CoV2-5UTR-Amplicon,368,c,0.1771
SARS-CoV2-5UTR-Amplicon,369,a,0.1478
SARS-CoV2-5UTR-Amplicon,370,t,0.0888
SARS-CoV2-5UTR-Amplicon,371,c,0.0594
SARS-CoV2-5UTR-Amplicon,372,g,0.0297
SARS-CoV2-5UTR-Amplicon,373,t,0.0892
SARS-CoV2-5UTR-Amplicon,374,g,0
SARS-CoV2-5UTR-Amplicon,375,g,0
SARS-CoV2-5UTR-Amplicon,376,c,0
SARS-CoV2-5UTR-Amplicon,377,c,0
SARS-CoV2-5UTR-Amplicon,378,g,0
