Region,Position,Ref_base,Mut_percentage
SARS-CoV2-5UTR-Amplicon,1,a,0
SARS-CoV2-5UTR-Amplicon,2,g,0
SARS-CoV2-5UTR-Amplicon,3,g,0
SARS-CoV2-5UTR-Amplicon,4,t,0
SARS-CoV2-5UTR-Amplicon,5,t,0.0582
SARS-CoV2-5UTR-Amplicon,6,t,0.029
SARS-CoV2-5UTR-Amplicon,7,a,0.0869
SARS-CoV2-5UTR-Amplicon,8,t,0.0578
SARS-CoV2-5UTR-Amplicon,9,a,0.2878
SARS-CoV2-5UTR-Amplicon,10,c,0.1718
SARS-CoV2-5UTR-Amplicon,11,c,0.1427
SARS-CoV2-5UTR-Amplicon,12,t,0.4847
SARS-CoV2-5UTR-Amplicon,13,t,0.3705
SARS-CoV2-5UTR-Amplicon,14,c,1.0535
SARS-CoV2-5UTR-Amplicon,15,c,0.2275
SARS-CoV2-5UTR-Amplicon,16,c,0.2843
SARS-CoV2-5UTR-Amplicon,17,a,0.2271
SARS-CoV2-5UTR-Amplicon,18,g,0.1986
SARS-CoV2-5UTR-Amplicon,19,g,0.1418
SARS-CoV2-5UTR-Amplicon,20,t,0.7932
SARS-CoV2-5UTR-Amplicon,21,a,0.5666
SARS-CoV2-5UTR-Amplicon,22,a,0.5098
SARS-CoV2-5UTR-Amplicon,23,c,0.5376
SARS-CoV2-5UTR-Amplicon,24,a,0.7347
SARS-CoV2-5UTR-Amplicon,25,a,0.3106
SARS-CoV2-5UTR-Amplicon,26,a,0.3669
SARS-CoV2-5UTR-Amplicon,27,c,0.5927
SARS-CoV2-5UTR-Amplicon,28,c,0.7901
SARS-CoV2-5UTR-Amplicon,29,a,0.3386
SARS-CoV2-5UTR-Amplicon,30,a,0.2257
SARS-CoV2-5UTR-Amplicon,31,c,0.5078
SARS-CoV2-5UTR-Amplicon,32,c,0.4793
SARS-CoV2-5UTR-Amplicon,33,a,0.3382
SARS-CoV2-5UTR-Amplicon,34,a,0.1409
SARS-CoV2-5UTR-Amplicon,35,c,0.4508
SARS-CoV2-5UTR-Amplicon,36,t,1.2106
SARS-CoV2-5UTR-Amplicon,37,t,0.1923
SARS-CoV2-5UTR-Amplicon,38,t,0.3844
SARS-CoV2-5UTR-Amplicon,39,c,2.5261
SARS-CoV2-5UTR-Amplicon,40,g,0.9607
SARS-CoV2-5UTR-Amplicon,41,a,0.0823
SARS-CoV2-5UTR-Amplicon,42,t,0.2468
SARS-CoV2-5UTR-Amplicon,43,c,0.6308
SARS-CoV2-5UTR-Amplicon,44,t,0.4114
SARS-CoV2-5UTR-Amplicon,45,c,0.96
SARS-CoV2-5UTR-Amplicon,46,t,1.3988
SARS-CoV2-5UTR-Amplicon,47,t,0.9597
SARS-CoV2-5UTR-Amplicon,48,g,0.2193
SARS-CoV2-5UTR-Amplicon,49,t,0.2192
SARS-CoV2-5UTR-Amplicon,50,a,0.4659
SARS-CoV2-5UTR-Amplicon,51,g,0.9318
SARS-CoV2-5UTR-Amplicon,52,a,0.4659
SARS-CoV2-5UTR-Amplicon,53,t,0.7671
SARS-CoV2-5UTR-Amplicon,54,c,1.5616
SARS-CoV2-5UTR-Amplicon,55,t,0.711
SARS-CoV2-5UTR-Amplicon,56,g,1.1211
SARS-CoV2-5UTR-Amplicon,57,t,1.8321
SARS-CoV2-5UTR-Amplicon,58,t,0.7383
SARS-CoV2-5UTR-Amplicon,59,c,1.3672
SARS-CoV2-5UTR-Amplicon,60,t,0.3828
SARS-CoV2-5UTR-Amplicon,61,c,1.2305
SARS-CoV2-5UTR-Amplicon,62,t,0.711
SARS-CoV2-5UTR-Amplicon,63,a,4.7033
SARS-CoV2-5UTR-Amplicon,64,a,0.3281
SARS-CoV2-5UTR-Amplicon,65,a,0.2734
SARS-CoV2-5UTR-Amplicon,66,c,0.4101
SARS-CoV2-5UTR-Amplicon,67,g,0.9021
SARS-CoV2-5UTR-Amplicon,68,a,0.3007
SARS-CoV2-5UTR-Amplicon,69,a,0.3279
SARS-CoV2-5UTR-Amplicon,70,c,3.2787
SARS-CoV2-5UTR-Amplicon,71,t,0.4097
SARS-CoV2-5UTR-Amplicon,72,t,0.2458
SARS-CoV2-5UTR-Amplicon,73,t,0.1912
SARS-CoV2-5UTR-Amplicon,74,a,0.6009
SARS-CoV2-5UTR-Amplicon,75,a,0.3005
SARS-CoV2-5UTR-Amplicon,76,a,0.3278
SARS-CoV2-5UTR-Amplicon,77,a,0.2458
SARS-CoV2-5UTR-Amplicon,78,t,0.2185
SARS-CoV2-5UTR-Amplicon,79,c,0.3278
SARS-CoV2-5UTR-Amplicon,80,t,0.4097
SARS-CoV2-5UTR-Amplicon,81,g,0.5736
SARS-CoV2-5UTR-Amplicon,82,t,0.4096
SARS-CoV2-5UTR-Amplicon,83,g,0.3277
SARS-CoV2-5UTR-Amplicon,84,t,0.6281
SARS-CoV2-5UTR-Amplicon,85,g,0.3004
SARS-CoV2-5UTR-Amplicon,86,g,0.5193
SARS-CoV2-5UTR-Amplicon,87,c,0.5735
SARS-CoV2-5UTR-Amplicon,88,t,0.6008
SARS-CoV2-5UTR-Amplicon,89,g,0.3823
SARS-CoV2-5UTR-Amplicon,90,t,0.3823
SARS-CoV2-5UTR-Amplicon,91,c,0.4369
SARS-CoV2-5UTR-Amplicon,92,a,0.2458
SARS-CoV2-5UTR-Amplicon,93,c,0.6281
SARS-CoV2-5UTR-Amplicon,94,t,0.3823
SARS-CoV2-5UTR-Amplicon,95,c,1.0104
SARS-CoV2-5UTR-Amplicon,96,g,0.2458
SARS-CoV2-5UTR-Amplicon,97,g,0.6008
SARS-CoV2-5UTR-Amplicon,98,c,0.326
SARS-CoV2-5UTR-Amplicon,99,t,0.489
SARS-CoV2-5UTR-Amplicon,100,g,0.4075
SARS-CoV2-5UTR-Amplicon,101,c,0.5703
SARS-CoV2-5UTR-Amplicon,102,g,0.1901
SARS-CoV2-5UTR-Amplicon,103,t,0.5159
SARS-CoV2-5UTR-Amplicon,104,g,0.2172
SARS-CoV2-5UTR-Amplicon,105,c,0.7874
SARS-CoV2-5UTR-Amplicon,106,t,0.543
SARS-CoV2-5UTR-Amplicon,107,t,0.6243
SARS-CoV2-5UTR-Amplicon,108,a,0.2986
SARS-CoV2-5UTR-Amplicon,109,g,0.19
SARS-CoV2-5UTR-Amplicon,110,t,0.2172
SARS-CoV2-5UTR-Amplicon,111,g,0.1086
SARS-CoV2-5UTR-Amplicon,112,c,0.5159
SARS-CoV2-5UTR-Amplicon,113,a,0.2987
SARS-CoV2-5UTR-Amplicon,114,c,0.2987
SARS-CoV2-5UTR-Amplicon,115,t,0.0815
SARS-CoV2-5UTR-Amplicon,116,c,0.4616
SARS-CoV2-5UTR-Amplicon,117,a,0.3801
SARS-CoV2-5UTR-Amplicon,118,c,0.57
SARS-CoV2-5UTR-Amplicon,119,g,0.4072
SARS-CoV2-5UTR-Amplicon,120,c,0.3529
SARS-CoV2-5UTR-Amplicon,121,a,0.19
SARS-CoV2-5UTR-Amplicon,122,g,0.3529
SARS-CoV2-5UTR-Amplicon,123,t,0.4894
SARS-CoV2-5UTR-Amplicon,124,a,0.3263
SARS-CoV2-5UTR-Amplicon,125,t,0.2167
SARS-CoV2-5UTR-Amplicon,126,a,0.1354
SARS-CoV2-5UTR-Amplicon,127,a,0.1625
SARS-CoV2-5UTR-Amplicon,128,t,0.1083
SARS-CoV2-5UTR-Amplicon,129,t,0.3249
SARS-CoV2-5UTR-Amplicon,130,a,0.2166
SARS-CoV2-5UTR-Amplicon,131,a,0.4062
SARS-CoV2-5UTR-Amplicon,132,t,0.1625
SARS-CoV2-5UTR-Amplicon,133,a,0.5145
SARS-CoV2-5UTR-Amplicon,134,a,0.3791
SARS-CoV2-5UTR-Amplicon,135,c,0.5145
SARS-CoV2-5UTR-Amplicon,136,t,0.325
SARS-CoV2-5UTR-Amplicon,137,a,0.1626
SARS-CoV2-5UTR-Amplicon,138,a,0.1355
SARS-CoV2-5UTR-Amplicon,139,t,0.1084
SARS-CoV2-5UTR-Amplicon,140,t,0.1897
SARS-CoV2-5UTR-Amplicon,141,a,0.2168
SARS-CoV2-5UTR-Amplicon,142,c,0.2167
SARS-CoV2-5UTR-Amplicon,143,t,0.1626
SARS-CoV2-5UTR-Amplicon,144,g,0.271
SARS-CoV2-5UTR-Amplicon,145,t,0.2438
SARS-CoV2-5UTR-Amplicon,146,c,0.6231
SARS-CoV2-5UTR-Amplicon,147,g,0.6777
SARS-CoV2-5UTR-Amplicon,148,t,0.2982
SARS-CoV2-5UTR-Amplicon,149,t,0.3523
SARS-CoV2-5UTR-Amplicon,150,g,1.0837
SARS-CoV2-5UTR-Amplicon,151,a,0.298
SARS-CoV2-5UTR-Amplicon,152,c,0.5964
SARS-CoV2-5UTR-Amplicon,153,a,0.759
SARS-CoV2-5UTR-Amplicon,154,g,1.0572
SARS-CoV2-5UTR-Amplicon,155,g,1.0038
SARS-CoV2-5UTR-Amplicon,156,a,0.7054
SARS-CoV2-5UTR-Amplicon,157,c,1.0309
SARS-CoV2-5UTR-Amplicon,158,a,1.7891
SARS-CoV2-5UTR-Amplicon,159,c,0.5691
SARS-CoV2-5UTR-Amplicon,160,g,1.8433
SARS-CoV2-5UTR-Amplicon,161,a,1.3371
SARS-CoV2-5UTR-Amplicon,162,g,0.4886
SARS-CoV2-5UTR-Amplicon,163,t,0.6941
SARS-CoV2-5UTR-Amplicon,164,a,0.4369
SARS-CoV2-5UTR-Amplicon,165,a,0.2055
SARS-CoV2-5UTR-Amplicon,166,c,0.6163
SARS-CoV2-5UTR-Amplicon,167,t,0.385
SARS-CoV2-5UTR-Amplicon,168,c,0.6674
SARS-CoV2-5UTR-Amplicon,169,g,0.5903
SARS-CoV2-5UTR-Amplicon,170,t,0.5645
SARS-CoV2-5UTR-Amplicon,171,c,1.1285
SARS-CoV2-5UTR-Amplicon,172,t,1.359
SARS-CoV2-5UTR-Amplicon,173,a,0.5127
SARS-CoV2-5UTR-Amplicon,174,t,0.4868
SARS-CoV2-5UTR-Amplicon,175,c,0.6404
SARS-CoV2-5UTR-Amplicon,176,t,0.6148
SARS-CoV2-5UTR-Amplicon,177,t,0.7939
SARS-CoV2-5UTR-Amplicon,178,c,1.1524
SARS-CoV2-5UTR-Amplicon,179,t,0.6146
SARS-CoV2-5UTR-Amplicon,180,g,0.8195
SARS-CoV2-5UTR-Amplicon,181,c,0.9475
SARS-CoV2-5UTR-Amplicon,182,a,0.6146
SARS-CoV2-5UTR-Amplicon,183,g,0.6079
SARS-CoV2-5UTR-Amplicon,184,g,0.5574
SARS-CoV2-5UTR-Amplicon,185,c,0.5061
SARS-CoV2-5UTR-Amplicon,186,t,0.9109
SARS-CoV2-5UTR-Amplicon,187,g,0.8603
SARS-CoV2-5UTR-Amplicon,188,c,0.7338
SARS-CoV2-5UTR-Amplicon,189,t,1.139
SARS-CoV2-5UTR-Amplicon,190,t,0.8352
SARS-CoV2-5UTR-Amplicon,191,a,0.7342
SARS-CoV2-5UTR-Amplicon,192,c,0.6582
SARS-CoV2-5UTR-Amplicon,193,g,0.8608
SARS-CoV2-5UTR-Amplicon,194,g,0.6581
SARS-CoV2-5UTR-Amplicon,195,t,0.6581
SARS-CoV2-5UTR-Amplicon,196,t,0.4303
SARS-CoV2-5UTR-Amplicon,197,t,0.582
SARS-CoV2-5UTR-Amplicon,198,c,1.3913
SARS-CoV2-5UTR-Amplicon,199,g,0.6577
SARS-CoV2-5UTR-Amplicon,200,t,0.9863
SARS-CoV2-5UTR-Amplicon,201,c,1.391
SARS-CoV2-5UTR-Amplicon,202,c,1.3404
SARS-CoV2-5UTR-Amplicon,203,g,0.9358
SARS-CoV2-5UTR-Amplicon,204,t,1.7956
SARS-CoV2-5UTR-Amplicon,205,g,0.7587
SARS-CoV2-5UTR-Amplicon,206,t,0.7336
SARS-CoV2-5UTR-Amplicon,207,t,0.9611
SARS-CoV2-5UTR-Amplicon,208,g,0.7513
SARS-CoV2-5UTR-Amplicon,209,c,1.0018
SARS-CoV2-5UTR-Amplicon,210,a,0.8014
SARS-CoV2-5UTR-Amplicon,211,g,0.8515
SARS-CoV2-5UTR-Amplicon,212,c,0.7263
SARS-CoV2-5UTR-Amplicon,213,c,0.7012
SARS-CoV2-5UTR-Amplicon,214,g,1.5019
SARS-CoV2-5UTR-Amplicon,215,a,0.4507
SARS-CoV2-5UTR-Amplicon,216,t,0.4257
SARS-CoV2-5UTR-Amplicon,217,c,1.728
SARS-CoV2-5UTR-Amplicon,218,a,2.4293
SARS-CoV2-5UTR-Amplicon,219,t,0.4508
SARS-CoV2-5UTR-Amplicon,220,c,1.8036
SARS-CoV2-5UTR-Amplicon,221,a,3.983
SARS-CoV2-5UTR-Amplicon,222,g,4.0581
SARS-CoV2-5UTR-Amplicon,223,c,0.6012
SARS-CoV2-5UTR-Amplicon,224,a,1.6032
SARS-CoV2-5UTR-Amplicon,225,c,0.6247
SARS-CoV2-5UTR-Amplicon,226,a,0.7996
SARS-CoV2-5UTR-Amplicon,227,t,0.5499
SARS-CoV2-5UTR-Amplicon,228,c,1.175
SARS-CoV2-5UTR-Amplicon,229,t,0.8
SARS-CoV2-5UTR-Amplicon,230,a,0.8502
SARS-CoV2-5UTR-Amplicon,231,g,0.8504
SARS-CoV2-5UTR-Amplicon,232,g,0.4253
SARS-CoV2-5UTR-Amplicon,233,t,0.7254
SARS-CoV2-5UTR-Amplicon,234,t,0.3002
SARS-CoV2-5UTR-Amplicon,235,t,0.5504
SARS-CoV2-5UTR-Amplicon,236,c,0.8759
SARS-CoV2-5UTR-Amplicon,237,g,0.2503
SARS-CoV2-5UTR-Amplicon,238,t,0.5005
SARS-CoV2-5UTR-Amplicon,239,c,0.976
SARS-CoV2-5UTR-Amplicon,240,c,0.7007
SARS-CoV2-5UTR-Amplicon,241,g,1.0015
SARS-CoV2-5UTR-Amplicon,242,g,0.4261
SARS-CoV2-5UTR-Amplicon,243,g,0.9273
SARS-CoV2-5UTR-Amplicon,244,t,0.7281
SARS-CoV2-5UTR-Amplicon,245,g,0.2763
SARS-CoV2-5UTR-Amplicon,246,t,0.4019
SARS-CoV2-5UTR-Amplicon,247,g,0.6782
SARS-CoV2-5UTR-Amplicon,248,a,0.6531
SARS-CoV2-5UTR-Amplicon,249,c,0.4773
SARS-CoV2-5UTR-Amplicon,250,c,0.6281
SARS-CoV2-5UTR-Amplicon,251,g,1.1061
SARS-CoV2-5UTR-Amplicon,252,a,1.1815
SARS-CoV2-5UTR-Amplicon,253,a,0.4525
SARS-CoV2-5UTR-Amplicon,254,a,0.6536
SARS-CoV2-5UTR-Amplicon,255,g,0.7541
SARS-CoV2-5UTR-Amplicon,256,g,0.5529
SARS-CoV2-5UTR-Amplicon,257,t,0.7037
SARS-CoV2-5UTR-Amplicon,258,a,1.3823
SARS-CoV2-5UTR-Amplicon,259,a,0.7277
SARS-CoV2-5UTR-Amplicon,260,g,0.7775
SARS-CoV2-5UTR-Amplicon,261,a,0.4765
SARS-CoV2-5UTR-Amplicon,262,t,0.3511
SARS-CoV2-5UTR-Amplicon,263,g,0.7023
SARS-CoV2-5UTR-Amplicon,264,g,0.4264
SARS-CoV2-5UTR-Amplicon,265,a,0.4013
SARS-CoV2-5UTR-Amplicon,266,g,0.5518
SARS-CoV2-5UTR-Amplicon,267,a,0.4013
SARS-CoV2-5UTR-Amplicon,268,g,0.5772
SARS-CoV2-5UTR-Amplicon,269,c,0.4519
SARS-CoV2-5UTR-Amplicon,270,c,0.5021
SARS-CoV2-5UTR-Amplicon,271,t,0.6781
SARS-CoV2-5UTR-Amplicon,272,t,0.2763
SARS-CoV2-5UTR-Amplicon,273,g,0.2763
SARS-CoV2-5UTR-Amplicon,274,t,0.5275
SARS-CoV2-5UTR-Amplicon,275,c,1.0048
SARS-CoV2-5UTR-Amplicon,276,c,0.3518
SARS-CoV2-5UTR-Amplicon,277,c,0.4776
SARS-CoV2-5UTR-Amplicon,278,t,1.0058
SARS-CoV2-5UTR-Amplicon,279,g,0.6292
SARS-CoV2-5UTR-Amplicon,280,g,0.302
SARS-CoV2-5UTR-Amplicon,281,t,0.302
SARS-CoV2-5UTR-Amplicon,282,t,0.151
SARS-CoV2-5UTR-Amplicon,283,t,0.4529
SARS-CoV2-5UTR-Amplicon,284,c,1.7111
SARS-CoV2-5UTR-Amplicon,285,a,0.8556
SARS-CoV2-5UTR-Amplicon,286,a,0.151
SARS-CoV2-5UTR-Amplicon,287,c,0.4026
SARS-CoV2-5UTR-Amplicon,288,g,0.6794
SARS-CoV2-5UTR-Amplicon,289,a,0.7046
SARS-CoV2-5UTR-Amplicon,290,g,0.9315
SARS-CoV2-5UTR-Amplicon,291,g,0.5035
SARS-CoV2-5UTR-Amplicon,292,g,0.7553
SARS-CoV2-5UTR-Amplicon,293,a,0.7303
SARS-CoV2-5UTR-Amplicon,294,g,1.0883
SARS-CoV2-5UTR-Amplicon,295,t,0.3543
SARS-CoV2-5UTR-Amplicon,296,c,1.2149
SARS-CoV2-5UTR-Amplicon,297,a,1.1646
SARS-CoV2-5UTR-Amplicon,298,a,0.5316
SARS-CoV2-5UTR-Amplicon,299,a,0.5065
SARS-CoV2-5UTR-Amplicon,300,g,0.5066
SARS-CoV2-5UTR-Amplicon,301,t,0.6839
SARS-CoV2-5UTR-Amplicon,302,t,0.5823
SARS-CoV2-5UTR-Amplicon,303,c,0.6079
SARS-CoV2-5UTR-Amplicon,304,t,0.5066
SARS-CoV2-5UTR-Amplicon,305,g,0.304
SARS-CoV2-5UTR-Amplicon,306,t,0.8616
SARS-CoV2-5UTR-Amplicon,307,t,0.4308
SARS-CoV2-5UTR-Amplicon,308,t,0.5322
SARS-CoV2-5UTR-Amplicon,309,g,0.4055
SARS-CoV2-5UTR-Amplicon,310,c,1.1914
SARS-CoV2-5UTR-Amplicon,311,c,0.5325
SARS-CoV2-5UTR-Amplicon,312,c,0.4819
SARS-CoV2-5UTR-Amplicon,313,t,0.6087
SARS-CoV2-5UTR-Amplicon,314,g,0.4819
SARS-CoV2-5UTR-Amplicon,315,a,0.2283
SARS-CoV2-5UTR-Amplicon,316,t,0.558
SARS-CoV2-5UTR-Amplicon,317,c,0.7103
SARS-CoV2-5UTR-Amplicon,318,t,0.5835
SARS-CoV2-5UTR-Amplicon,319,g,0.8374
SARS-CoV2-5UTR-Amplicon,320,c,0.6344
SARS-CoV2-5UTR-Amplicon,321,a,0.3299
SARS-CoV2-5UTR-Amplicon,322,t,0.1776
SARS-CoV2-5UTR-Amplicon,323,c,0.7612
SARS-CoV2-5UTR-Amplicon,324,g,0.3304
SARS-CoV2-5UTR-Amplicon,325,c,0.6105
SARS-CoV2-5UTR-Amplicon,326,t,0.6107
SARS-CoV2-5UTR-Amplicon,327,g,0.4325
SARS-CoV2-5UTR-Amplicon,328,t,0.3053
SARS-CoV2-5UTR-Amplicon,329,g,0.4579
SARS-CoV2-5UTR-Amplicon,330,g,0.1781
SARS-CoV2-5UTR-Amplicon,331,c,0.6614
SARS-CoV2-5UTR-Amplicon,332,c,0.3053
SARS-CoV2-5UTR-Amplicon,333,g,0.4581
SARS-CoV2-5UTR-Amplicon,334,a,0.2545
SARS-CoV2-5UTR-Amplicon,335,g,0.4072
SARS-CoV2-5UTR-Amplicon,336,g,0.8656
SARS-CoV2-5UTR-Amplicon,337,c,0.7637
SARS-CoV2-5UTR-Amplicon,338,c,0.5612
SARS-CoV2-5UTR-Amplicon,339,a,1.8622
SARS-CoV2-5UTR-Amplicon,340,a,0.4854
SARS-CoV2-5UTR-Amplicon,341,g,0.3066
SARS-CoV2-5UTR-Amplicon,342,c,0.8687
SARS-CoV2-5UTR-Amplicon,343,c,0.5624
SARS-CoV2-5UTR-Amplicon,344,c,0.7926
SARS-CoV2-5UTR-Amplicon,345,a,0.564
SARS-CoV2-5UTR-Amplicon,346,c,0.6927
SARS-CoV2-5UTR-Amplicon,347,c,0.4625
SARS-CoV2-5UTR-Amplicon,348,g,0.4884
SARS-CoV2-5UTR-Amplicon,349,a,0.4887
SARS-CoV2-5UTR-Amplicon,350,g,0.3858
SARS-CoV2-5UTR-Amplicon,351,a,0.7467
SARS-CoV2-5UTR-Amplicon,352,a,0.5934
SARS-CoV2-5UTR-Amplicon,353,c,0.4658
SARS-CoV2-5UTR-Amplicon,354,a,0.676
SARS-CoV2-5UTR-Amplicon,355,a,0.2605
SARS-CoV2-5UTR-Amplicon,356,c,0.5218
SARS-CoV2-5UTR-Amplicon,357,g,0.6021
SARS-CoV2-5UTR-Amplicon,358,a,0.8379
SARS-CoV2-5UTR-Amplicon,359,a,0.3145
SARS-CoV2-5UTR-Amplicon,360,g,0.3675
SARS-CoV2-5UTR-Amplicon,361,a,0.1842
SARS-CoV2-5UTR-Amplicon,362,c,0.2906
SARS-CoV2-5UTR-Amplicon,363,t,0.4001
SARS-CoV2-5UTR-Amplicon,364,t,0.2416
SARS-CoV2-5UTR-Amplicon,365,c,0.1619
SARS-CoV2-5UTR-Amplicon,366,a,0.5943
SARS-CoV2-5UTR-Amplicon,367,a,0.1081
SARS-CoV2-5UTR-Amplicon,368,c,0.1084
SARS-CoV2-5UTR-Amplicon,369,a,0.1627
SARS-CoV2-5UTR-Amplicon,370,t,0.0272
SARS-CoV2-5UTR-Amplicon,371,c,0.109
SARS-CoV2-5UTR-Amplicon,372,g,0.0546
SARS-CoV2-5UTR-Amplicon,373,t,0.0274
SARS-CoV2-5UTR-Amplicon,374,g,0.0275
SARS-CoV2-5UTR-Amplicon,375,g,0.0275
SARS-CoV2-5UTR-Amplicon,376,c,0
SARS-CoV2-5UTR-Amplicon,377,c,0
SARS-CoV2-5UTR-Amplicon,378,g,0
