Region,Position,Ref_base,Mut_percentage
SARS-CoV2-5UTR-Amplicon,1,a,0
SARS-CoV2-5UTR-Amplicon,2,g,0
SARS-CoV2-5UTR-Amplicon,3,g,0
SARS-CoV2-5UTR-Amplicon,4,t,0.091
SARS-CoV2-5UTR-Amplicon,5,t,0.0302
SARS-CoV2-5UTR-Amplicon,6,t,0.1506
SARS-CoV2-5UTR-Amplicon,7,a,0.15
SARS-CoV2-5UTR-Amplicon,8,t,0.0597
SARS-CoV2-5UTR-Amplicon,9,a,0.594
SARS-CoV2-5UTR-Amplicon,10,c,0.1771
SARS-CoV2-5UTR-Amplicon,11,c,0.1768
SARS-CoV2-5UTR-Amplicon,12,t,0.6474
SARS-CoV2-5UTR-Amplicon,13,t,0.7057
SARS-CoV2-5UTR-Amplicon,14,c,1.4408
SARS-CoV2-5UTR-Amplicon,15,c,0.4405
SARS-CoV2-5UTR-Amplicon,16,c,0.4699
SARS-CoV2-5UTR-Amplicon,17,a,0.2641
SARS-CoV2-5UTR-Amplicon,18,g,0.3812
SARS-CoV2-5UTR-Amplicon,19,g,0.2049
SARS-CoV2-5UTR-Amplicon,20,t,0.8777
SARS-CoV2-5UTR-Amplicon,21,a,0.7018
SARS-CoV2-5UTR-Amplicon,22,a,0.4677
SARS-CoV2-5UTR-Amplicon,23,c,0.6719
SARS-CoV2-5UTR-Amplicon,24,a,0.8462
SARS-CoV2-5UTR-Amplicon,25,a,0.3207
SARS-CoV2-5UTR-Amplicon,26,a,0.3497
SARS-CoV2-5UTR-Amplicon,27,c,0.6119
SARS-CoV2-5UTR-Amplicon,28,c,0.5826
SARS-CoV2-5UTR-Amplicon,29,a,0.4368
SARS-CoV2-5UTR-Amplicon,30,a,0.0874
SARS-CoV2-5UTR-Amplicon,31,c,0.2912
SARS-CoV2-5UTR-Amplicon,32,c,0.4658
SARS-CoV2-5UTR-Amplicon,33,a,0.436
SARS-CoV2-5UTR-Amplicon,34,a,0.1453
SARS-CoV2-5UTR-Amplicon,35,c,0.2906
SARS-CoV2-5UTR-Amplicon,36,t,1.1327
SARS-CoV2-5UTR-Amplicon,37,t,0.1401
SARS-CoV2-5UTR-Amplicon,38,t,0.6443
SARS-CoV2-5UTR-Amplicon,39,c,2.2409
SARS-CoV2-5UTR-Amplicon,40,g,1.2882
SARS-CoV2-5UTR-Amplicon,41,a,0.112
SARS-CoV2-5UTR-Amplicon,42,t,0.1959
SARS-CoV2-5UTR-Amplicon,43,c,0.5038
SARS-CoV2-5UTR-Amplicon,44,t,0.1959
SARS-CoV2-5UTR-Amplicon,45,c,1.0632
SARS-CoV2-5UTR-Amplicon,46,t,1.1752
SARS-CoV2-5UTR-Amplicon,47,t,1.0629
SARS-CoV2-5UTR-Amplicon,48,g,0.3355
SARS-CoV2-5UTR-Amplicon,49,t,0.5031
SARS-CoV2-5UTR-Amplicon,50,a,0.4751
SARS-CoV2-5UTR-Amplicon,51,g,0.9782
SARS-CoV2-5UTR-Amplicon,52,a,0.3633
SARS-CoV2-5UTR-Amplicon,53,t,0.6708
SARS-CoV2-5UTR-Amplicon,54,c,1.062
SARS-CoV2-5UTR-Amplicon,55,t,0.5851
SARS-CoV2-5UTR-Amplicon,56,g,0.919
SARS-CoV2-5UTR-Amplicon,57,t,1.6987
SARS-CoV2-5UTR-Amplicon,58,t,0.724
SARS-CoV2-5UTR-Amplicon,59,c,1.281
SARS-CoV2-5UTR-Amplicon,60,t,0.3342
SARS-CoV2-5UTR-Amplicon,61,c,1.3367
SARS-CoV2-5UTR-Amplicon,62,t,0.8076
SARS-CoV2-5UTR-Amplicon,63,a,4.2038
SARS-CoV2-5UTR-Amplicon,64,a,0.1392
SARS-CoV2-5UTR-Amplicon,65,a,0.1113
SARS-CoV2-5UTR-Amplicon,66,c,0.334
SARS-CoV2-5UTR-Amplicon,67,g,0.9185
SARS-CoV2-5UTR-Amplicon,68,a,0.3894
SARS-CoV2-5UTR-Amplicon,69,a,0.2503
SARS-CoV2-5UTR-Amplicon,70,c,2.1129
SARS-CoV2-5UTR-Amplicon,71,t,0.5559
SARS-CoV2-5UTR-Amplicon,72,t,0.139
SARS-CoV2-5UTR-Amplicon,73,t,0.2223
SARS-CoV2-5UTR-Amplicon,74,a,0.4725
SARS-CoV2-5UTR-Amplicon,75,a,0.1112
SARS-CoV2-5UTR-Amplicon,76,a,0.0556
SARS-CoV2-5UTR-Amplicon,77,a,0.1944
SARS-CoV2-5UTR-Amplicon,78,t,0.2222
SARS-CoV2-5UTR-Amplicon,79,c,0.3333
SARS-CoV2-5UTR-Amplicon,80,t,0.3056
SARS-CoV2-5UTR-Amplicon,81,g,0.1944
SARS-CoV2-5UTR-Amplicon,82,t,0.3057
SARS-CoV2-5UTR-Amplicon,83,g,0
SARS-CoV2-5UTR-Amplicon,84,t,0.3892
SARS-CoV2-5UTR-Amplicon,85,g,0.278
SARS-CoV2-5UTR-Amplicon,86,g,0.4454
SARS-CoV2-5UTR-Amplicon,87,c,0.1391
SARS-CoV2-5UTR-Amplicon,88,t,0.3895
SARS-CoV2-5UTR-Amplicon,89,g,0.3619
SARS-CoV2-5UTR-Amplicon,90,t,0.3341
SARS-CoV2-5UTR-Amplicon,91,c,0.1949
SARS-CoV2-5UTR-Amplicon,92,a,0.4176
SARS-CoV2-5UTR-Amplicon,93,c,0.2791
SARS-CoV2-5UTR-Amplicon,94,t,0.1675
SARS-CoV2-5UTR-Amplicon,95,c,0.6979
SARS-CoV2-5UTR-Amplicon,96,g,0.335
SARS-CoV2-5UTR-Amplicon,97,g,0.4191
SARS-CoV2-5UTR-Amplicon,98,c,0.1945
SARS-CoV2-5UTR-Amplicon,99,t,0.4446
SARS-CoV2-5UTR-Amplicon,100,g,0.6113
SARS-CoV2-5UTR-Amplicon,101,c,0.5279
SARS-CoV2-5UTR-Amplicon,102,g,0.2779
SARS-CoV2-5UTR-Amplicon,103,t,0.2777
SARS-CoV2-5UTR-Amplicon,104,g,0.1666
SARS-CoV2-5UTR-Amplicon,105,c,0.9164
SARS-CoV2-5UTR-Amplicon,106,t,0.8609
SARS-CoV2-5UTR-Amplicon,107,t,0.9997
SARS-CoV2-5UTR-Amplicon,108,a,0.4166
SARS-CoV2-5UTR-Amplicon,109,g,0.3055
SARS-CoV2-5UTR-Amplicon,110,t,0.1666
SARS-CoV2-5UTR-Amplicon,111,g,0.1944
SARS-CoV2-5UTR-Amplicon,112,c,0.2777
SARS-CoV2-5UTR-Amplicon,113,a,0.1666
SARS-CoV2-5UTR-Amplicon,114,c,0.3332
SARS-CoV2-5UTR-Amplicon,115,t,0.1944
SARS-CoV2-5UTR-Amplicon,116,c,0.4999
SARS-CoV2-5UTR-Amplicon,117,a,0.1389
SARS-CoV2-5UTR-Amplicon,118,c,0.1666
SARS-CoV2-5UTR-Amplicon,119,g,0.361
SARS-CoV2-5UTR-Amplicon,120,c,0.1666
SARS-CoV2-5UTR-Amplicon,121,a,0.2499
SARS-CoV2-5UTR-Amplicon,122,g,0.472
SARS-CoV2-5UTR-Amplicon,123,t,0.5039
SARS-CoV2-5UTR-Amplicon,124,a,0.308
SARS-CoV2-5UTR-Amplicon,125,t,0.1955
SARS-CoV2-5UTR-Amplicon,126,a,0.2235
SARS-CoV2-5UTR-Amplicon,127,a,0.0559
SARS-CoV2-5UTR-Amplicon,128,t,0.1676
SARS-CoV2-5UTR-Amplicon,129,t,0.4749
SARS-CoV2-5UTR-Amplicon,130,a,0.2793
SARS-CoV2-5UTR-Amplicon,131,a,0.3073
SARS-CoV2-5UTR-Amplicon,132,t,0.2514
SARS-CoV2-5UTR-Amplicon,133,a,0.3911
SARS-CoV2-5UTR-Amplicon,134,a,0.2235
SARS-CoV2-5UTR-Amplicon,135,c,0.391
SARS-CoV2-5UTR-Amplicon,136,t,0.2513
SARS-CoV2-5UTR-Amplicon,137,a,0.2234
SARS-CoV2-5UTR-Amplicon,138,a,0.1396
SARS-CoV2-5UTR-Amplicon,139,t,0.1396
SARS-CoV2-5UTR-Amplicon,140,t,0.1675
SARS-CoV2-5UTR-Amplicon,141,a,0.2233
SARS-CoV2-5UTR-Amplicon,142,c,0.2232
SARS-CoV2-5UTR-Amplicon,143,t,0.3069
SARS-CoV2-5UTR-Amplicon,144,g,0.2511
SARS-CoV2-5UTR-Amplicon,145,t,0.1949
SARS-CoV2-5UTR-Amplicon,146,c,0.362
SARS-CoV2-5UTR-Amplicon,147,g,0.5569
SARS-CoV2-5UTR-Amplicon,148,t,0.3063
SARS-CoV2-5UTR-Amplicon,149,t,0.2227
SARS-CoV2-5UTR-Amplicon,150,g,0.7506
SARS-CoV2-5UTR-Amplicon,151,a,0.139
SARS-CoV2-5UTR-Amplicon,152,c,0.2502
SARS-CoV2-5UTR-Amplicon,153,a,0.278
SARS-CoV2-5UTR-Amplicon,154,g,0.9452
SARS-CoV2-5UTR-Amplicon,155,g,1.0017
SARS-CoV2-5UTR-Amplicon,156,a,0.7232
SARS-CoV2-5UTR-Amplicon,157,c,1.1127
SARS-CoV2-5UTR-Amplicon,158,a,3.4742
SARS-CoV2-5UTR-Amplicon,159,c,0.6115
SARS-CoV2-5UTR-Amplicon,160,g,2.2809
SARS-CoV2-5UTR-Amplicon,161,a,1.3629
SARS-CoV2-5UTR-Amplicon,162,g,0.5047
SARS-CoV2-5UTR-Amplicon,163,t,0.6813
SARS-CoV2-5UTR-Amplicon,164,a,0.6818
SARS-CoV2-5UTR-Amplicon,165,a,0.2523
SARS-CoV2-5UTR-Amplicon,166,c,0.1765
SARS-CoV2-5UTR-Amplicon,167,t,0.252
SARS-CoV2-5UTR-Amplicon,168,c,0.7053
SARS-CoV2-5UTR-Amplicon,169,g,0.3777
SARS-CoV2-5UTR-Amplicon,170,t,0.478
SARS-CoV2-5UTR-Amplicon,171,c,0.7044
SARS-CoV2-5UTR-Amplicon,172,t,0.9054
SARS-CoV2-5UTR-Amplicon,173,a,0.7545
SARS-CoV2-5UTR-Amplicon,174,t,0.377
SARS-CoV2-5UTR-Amplicon,175,c,0.7035
SARS-CoV2-5UTR-Amplicon,176,t,0.4521
SARS-CoV2-5UTR-Amplicon,177,t,0.2261
SARS-CoV2-5UTR-Amplicon,178,c,0.3266
SARS-CoV2-5UTR-Amplicon,179,t,0.1507
SARS-CoV2-5UTR-Amplicon,180,g,0.3517
SARS-CoV2-5UTR-Amplicon,181,c,0.201
SARS-CoV2-5UTR-Amplicon,182,a,0.3265
SARS-CoV2-5UTR-Amplicon,183,g,0.3698
SARS-CoV2-5UTR-Amplicon,184,g,0.1971
SARS-CoV2-5UTR-Amplicon,185,c,0.2957
SARS-CoV2-5UTR-Amplicon,186,t,0.4189
SARS-CoV2-5UTR-Amplicon,187,g,0.5419
SARS-CoV2-5UTR-Amplicon,188,c,0.1724
SARS-CoV2-5UTR-Amplicon,189,t,0.7141
SARS-CoV2-5UTR-Amplicon,190,t,0.3447
SARS-CoV2-5UTR-Amplicon,191,a,0.2955
SARS-CoV2-5UTR-Amplicon,192,c,0.4679
SARS-CoV2-5UTR-Amplicon,193,g,0.394
SARS-CoV2-5UTR-Amplicon,194,g,0.3694
SARS-CoV2-5UTR-Amplicon,195,t,0.4186
SARS-CoV2-5UTR-Amplicon,196,t,0.1478
SARS-CoV2-5UTR-Amplicon,197,t,0.3695
SARS-CoV2-5UTR-Amplicon,198,c,1.5764
SARS-CoV2-5UTR-Amplicon,199,g,0.2709
SARS-CoV2-5UTR-Amplicon,200,t,0.468
SARS-CoV2-5UTR-Amplicon,201,c,0.8128
SARS-CoV2-5UTR-Amplicon,202,c,0.6654
SARS-CoV2-5UTR-Amplicon,203,g,0.5175
SARS-CoV2-5UTR-Amplicon,204,t,1.3307
SARS-CoV2-5UTR-Amplicon,205,g,0.7146
SARS-CoV2-5UTR-Amplicon,206,t,0.4927
SARS-CoV2-5UTR-Amplicon,207,t,0.7637
SARS-CoV2-5UTR-Amplicon,208,g,0.5323
SARS-CoV2-5UTR-Amplicon,209,c,0.6291
SARS-CoV2-5UTR-Amplicon,210,a,0.4839
SARS-CoV2-5UTR-Amplicon,211,g,0.387
SARS-CoV2-5UTR-Amplicon,212,c,0.4353
SARS-CoV2-5UTR-Amplicon,213,c,0.5079
SARS-CoV2-5UTR-Amplicon,214,g,1.1603
SARS-CoV2-5UTR-Amplicon,215,a,0.3868
SARS-CoV2-5UTR-Amplicon,216,t,0.2901
SARS-CoV2-5UTR-Amplicon,217,c,1.3298
SARS-CoV2-5UTR-Amplicon,218,a,2.3453
SARS-CoV2-5UTR-Amplicon,219,t,0.2418
SARS-CoV2-5UTR-Amplicon,220,c,2.2007
SARS-CoV2-5UTR-Amplicon,221,a,3.9913
SARS-CoV2-5UTR-Amplicon,222,g,4.1364
SARS-CoV2-5UTR-Amplicon,223,c,0.4595
SARS-CoV2-5UTR-Amplicon,224,a,1.4756
SARS-CoV2-5UTR-Amplicon,225,c,0.385
SARS-CoV2-5UTR-Amplicon,226,a,0.7459
SARS-CoV2-5UTR-Amplicon,227,t,0.409
SARS-CoV2-5UTR-Amplicon,228,c,1.0346
SARS-CoV2-5UTR-Amplicon,229,t,0.9863
SARS-CoV2-5UTR-Amplicon,230,a,0.5773
SARS-CoV2-5UTR-Amplicon,231,g,0.5534
SARS-CoV2-5UTR-Amplicon,232,g,0.2887
SARS-CoV2-5UTR-Amplicon,233,t,0.5509
SARS-CoV2-5UTR-Amplicon,234,t,0.3594
SARS-CoV2-5UTR-Amplicon,235,t,0.3834
SARS-CoV2-5UTR-Amplicon,236,c,0.6232
SARS-CoV2-5UTR-Amplicon,237,g,0.0959
SARS-CoV2-5UTR-Amplicon,238,t,0.2397
SARS-CoV2-5UTR-Amplicon,239,c,0.5992
SARS-CoV2-5UTR-Amplicon,240,c,0.3596
SARS-CoV2-5UTR-Amplicon,241,g,0.6715
SARS-CoV2-5UTR-Amplicon,242,g,0.4099
SARS-CoV2-5UTR-Amplicon,243,g,0.6511
SARS-CoV2-5UTR-Amplicon,244,t,0.6271
SARS-CoV2-5UTR-Amplicon,245,g,0.2412
SARS-CoV2-5UTR-Amplicon,246,t,0.3377
SARS-CoV2-5UTR-Amplicon,247,g,0.6995
SARS-CoV2-5UTR-Amplicon,248,a,0.5065
SARS-CoV2-5UTR-Amplicon,249,c,0.4343
SARS-CoV2-5UTR-Amplicon,250,c,0.6484
SARS-CoV2-5UTR-Amplicon,251,g,0.7925
SARS-CoV2-5UTR-Amplicon,252,a,0.6966
SARS-CoV2-5UTR-Amplicon,253,a,0.2402
SARS-CoV2-5UTR-Amplicon,254,a,0.5283
SARS-CoV2-5UTR-Amplicon,255,g,0.5283
SARS-CoV2-5UTR-Amplicon,256,g,0.336
SARS-CoV2-5UTR-Amplicon,257,t,0.6
SARS-CoV2-5UTR-Amplicon,258,a,1.0799
SARS-CoV2-5UTR-Amplicon,259,a,0.5016
SARS-CoV2-5UTR-Amplicon,260,g,0.4532
SARS-CoV2-5UTR-Amplicon,261,a,0.2861
SARS-CoV2-5UTR-Amplicon,262,t,0.2861
SARS-CoV2-5UTR-Amplicon,263,g,0.5007
SARS-CoV2-5UTR-Amplicon,264,g,0.3577
SARS-CoV2-5UTR-Amplicon,265,a,0.3336
SARS-CoV2-5UTR-Amplicon,266,g,0.5242
SARS-CoV2-5UTR-Amplicon,267,a,0.1906
SARS-CoV2-5UTR-Amplicon,268,g,0.3335
SARS-CoV2-5UTR-Amplicon,269,c,0.3335
SARS-CoV2-5UTR-Amplicon,270,c,0.4052
SARS-CoV2-5UTR-Amplicon,271,t,0.5483
SARS-CoV2-5UTR-Amplicon,272,t,0.1907
SARS-CoV2-5UTR-Amplicon,273,g,0.3337
SARS-CoV2-5UTR-Amplicon,274,t,0.3813
SARS-CoV2-5UTR-Amplicon,275,c,1.073
SARS-CoV2-5UTR-Amplicon,276,c,0.1907
SARS-CoV2-5UTR-Amplicon,277,c,0.2861
SARS-CoV2-5UTR-Amplicon,278,t,0.9299
SARS-CoV2-5UTR-Amplicon,279,g,1.0258
SARS-CoV2-5UTR-Amplicon,280,g,0.6202
SARS-CoV2-5UTR-Amplicon,281,t,0.3817
SARS-CoV2-5UTR-Amplicon,282,t,0.3101
SARS-CoV2-5UTR-Amplicon,283,t,0.4292
SARS-CoV2-5UTR-Amplicon,284,c,0.9058
SARS-CoV2-5UTR-Amplicon,285,a,0.9061
SARS-CoV2-5UTR-Amplicon,286,a,0.1908
SARS-CoV2-5UTR-Amplicon,287,c,0.2385
SARS-CoV2-5UTR-Amplicon,288,g,0.6201
SARS-CoV2-5UTR-Amplicon,289,a,0.5247
SARS-CoV2-5UTR-Amplicon,290,g,1.0971
SARS-CoV2-5UTR-Amplicon,291,g,0.4771
SARS-CoV2-5UTR-Amplicon,292,g,0.7395
SARS-CoV2-5UTR-Amplicon,293,a,0.4056
SARS-CoV2-5UTR-Amplicon,294,g,1.0519
SARS-CoV2-5UTR-Amplicon,295,t,0.3825
SARS-CoV2-5UTR-Amplicon,296,c,1.7691
SARS-CoV2-5UTR-Amplicon,297,a,1.2192
SARS-CoV2-5UTR-Amplicon,298,a,0.4303
SARS-CoV2-5UTR-Amplicon,299,a,0.6217
SARS-CoV2-5UTR-Amplicon,300,g,0.5022
SARS-CoV2-5UTR-Amplicon,301,t,0.6217
SARS-CoV2-5UTR-Amplicon,302,t,0.9087
SARS-CoV2-5UTR-Amplicon,303,c,0.6694
SARS-CoV2-5UTR-Amplicon,304,t,0.4304
SARS-CoV2-5UTR-Amplicon,305,g,0.3587
SARS-CoV2-5UTR-Amplicon,306,t,1.0524
SARS-CoV2-5UTR-Amplicon,307,t,0.311
SARS-CoV2-5UTR-Amplicon,308,t,0.6699
SARS-CoV2-5UTR-Amplicon,309,g,0.5744
SARS-CoV2-5UTR-Amplicon,310,c,1.0294
SARS-CoV2-5UTR-Amplicon,311,c,0.2633
SARS-CoV2-5UTR-Amplicon,312,c,0.3352
SARS-CoV2-5UTR-Amplicon,313,t,0.5025
SARS-CoV2-5UTR-Amplicon,314,g,0.5028
SARS-CoV2-5UTR-Amplicon,315,a,0.1197
SARS-CoV2-5UTR-Amplicon,316,t,0.5506
SARS-CoV2-5UTR-Amplicon,317,c,0.3591
SARS-CoV2-5UTR-Amplicon,318,t,0.6946
SARS-CoV2-5UTR-Amplicon,319,g,0.575
SARS-CoV2-5UTR-Amplicon,320,c,0.4552
SARS-CoV2-5UTR-Amplicon,321,a,0.3834
SARS-CoV2-5UTR-Amplicon,322,t,0.1917
SARS-CoV2-5UTR-Amplicon,323,c,0.6232
SARS-CoV2-5UTR-Amplicon,324,g,0.1681
SARS-CoV2-5UTR-Amplicon,325,c,0.2169
SARS-CoV2-5UTR-Amplicon,326,t,0.5787
SARS-CoV2-5UTR-Amplicon,327,g,0.4099
SARS-CoV2-5UTR-Amplicon,328,t,0.3136
SARS-CoV2-5UTR-Amplicon,329,g,0.2654
SARS-CoV2-5UTR-Amplicon,330,g,0.2896
SARS-CoV2-5UTR-Amplicon,331,c,0.4827
SARS-CoV2-5UTR-Amplicon,332,c,0.2414
SARS-CoV2-5UTR-Amplicon,333,g,0.5552
SARS-CoV2-5UTR-Amplicon,334,a,0.2414
SARS-CoV2-5UTR-Amplicon,335,g,0.3621
SARS-CoV2-5UTR-Amplicon,336,g,0.4347
SARS-CoV2-5UTR-Amplicon,337,c,0.5315
SARS-CoV2-5UTR-Amplicon,338,c,0.9711
SARS-CoV2-5UTR-Amplicon,339,a,1.8208
SARS-CoV2-5UTR-Amplicon,340,a,0.1946
SARS-CoV2-5UTR-Amplicon,341,g,0.438
SARS-CoV2-5UTR-Amplicon,342,c,0.5844
SARS-CoV2-5UTR-Amplicon,343,c,0.3411
SARS-CoV2-5UTR-Amplicon,344,c,0.6829
SARS-CoV2-5UTR-Amplicon,345,a,0.391
SARS-CoV2-5UTR-Amplicon,346,c,0.3919
SARS-CoV2-5UTR-Amplicon,347,c,0.3437
SARS-CoV2-5UTR-Amplicon,348,g,0.6888
SARS-CoV2-5UTR-Amplicon,349,a,0.3446
SARS-CoV2-5UTR-Amplicon,350,g,0.3446
SARS-CoV2-5UTR-Amplicon,351,a,0.2956
SARS-CoV2-5UTR-Amplicon,352,a,0.3708
SARS-CoV2-5UTR-Amplicon,353,c,0.2248
SARS-CoV2-5UTR-Amplicon,354,a,0.5553
SARS-CoV2-5UTR-Amplicon,355,a,0.1524
SARS-CoV2-5UTR-Amplicon,356,c,0.2813
SARS-CoV2-5UTR-Amplicon,357,g,0.6939
SARS-CoV2-5UTR-Amplicon,358,a,0.4374
SARS-CoV2-5UTR-Amplicon,359,a,0.2584
SARS-CoV2-5UTR-Amplicon,360,g,0.1298
SARS-CoV2-5UTR-Amplicon,361,a,0.1567
SARS-CoV2-5UTR-Amplicon,362,c,0.1848
SARS-CoV2-5UTR-Amplicon,363,t,0.2427
SARS-CoV2-5UTR-Amplicon,364,t,0.2217
SARS-CoV2-5UTR-Amplicon,365,c,0.2809
SARS-CoV2-5UTR-Amplicon,366,a,0.7614
SARS-CoV2-5UTR-Amplicon,367,a,0.1412
SARS-CoV2-5UTR-Amplicon,368,c,0.3114
SARS-CoV2-5UTR-Amplicon,369,a,0.1699
SARS-CoV2-5UTR-Amplicon,370,t,0.0283
SARS-CoV2-5UTR-Amplicon,371,c,0.1136
SARS-CoV2-5UTR-Amplicon,372,g,0.0285
SARS-CoV2-5UTR-Amplicon,373,t,0.0855
SARS-CoV2-5UTR-Amplicon,374,g,0.0859
SARS-CoV2-5UTR-Amplicon,375,g,0
SARS-CoV2-5UTR-Amplicon,376,c,0
SARS-CoV2-5UTR-Amplicon,377,c,0
SARS-CoV2-5UTR-Amplicon,378,g,0
