Region,Position,Ref_base,Mut_percentage
SARS-CoV2-5UTR-Amplicon,1,a,0
SARS-CoV2-5UTR-Amplicon,2,g,0
SARS-CoV2-5UTR-Amplicon,3,g,0
SARS-CoV2-5UTR-Amplicon,4,t,0
SARS-CoV2-5UTR-Amplicon,5,t,0.0262
SARS-CoV2-5UTR-Amplicon,6,t,0.7831
SARS-CoV2-5UTR-Amplicon,7,a,0.13
SARS-CoV2-5UTR-Amplicon,8,t,0.4711
SARS-CoV2-5UTR-Amplicon,9,a,0.246
SARS-CoV2-5UTR-Amplicon,10,c,0.2452
SARS-CoV2-5UTR-Amplicon,11,c,0.0978
SARS-CoV2-5UTR-Amplicon,12,t,0.5604
SARS-CoV2-5UTR-Amplicon,13,t,0.3408
SARS-CoV2-5UTR-Amplicon,14,c,0.8516
SARS-CoV2-5UTR-Amplicon,15,c,0.2912
SARS-CoV2-5UTR-Amplicon,16,c,0.5327
SARS-CoV2-5UTR-Amplicon,17,a,0.1449
SARS-CoV2-5UTR-Amplicon,18,g,0.3377
SARS-CoV2-5UTR-Amplicon,19,g,0.0482
SARS-CoV2-5UTR-Amplicon,20,t,1.0828
SARS-CoV2-5UTR-Amplicon,21,a,0.8169
SARS-CoV2-5UTR-Amplicon,22,a,0.6241
SARS-CoV2-5UTR-Amplicon,23,c,0.6956
SARS-CoV2-5UTR-Amplicon,24,a,0.728
SARS-CoV2-5UTR-Amplicon,25,a,0.5386
SARS-CoV2-5UTR-Amplicon,26,a,0.4901
SARS-CoV2-5UTR-Amplicon,27,c,0.8136
SARS-CoV2-5UTR-Amplicon,28,c,1.1309
SARS-CoV2-5UTR-Amplicon,29,a,0.3686
SARS-CoV2-5UTR-Amplicon,30,a,0.1149
SARS-CoV2-5UTR-Amplicon,31,c,0.2296
SARS-CoV2-5UTR-Amplicon,32,c,0.7331
SARS-CoV2-5UTR-Amplicon,33,a,0.2745
SARS-CoV2-5UTR-Amplicon,34,a,0.0456
SARS-CoV2-5UTR-Amplicon,35,c,0.114
SARS-CoV2-5UTR-Amplicon,36,t,0.8658
SARS-CoV2-5UTR-Amplicon,37,t,0.1817
SARS-CoV2-5UTR-Amplicon,38,t,0.318
SARS-CoV2-5UTR-Amplicon,39,c,2.6119
SARS-CoV2-5UTR-Amplicon,40,g,0.9278
SARS-CoV2-5UTR-Amplicon,41,a,0.1357
SARS-CoV2-5UTR-Amplicon,42,t,0.4976
SARS-CoV2-5UTR-Amplicon,43,c,0.723
SARS-CoV2-5UTR-Amplicon,44,t,0.2937
SARS-CoV2-5UTR-Amplicon,45,c,0.8582
SARS-CoV2-5UTR-Amplicon,46,t,1.8514
SARS-CoV2-5UTR-Amplicon,47,t,1.7381
SARS-CoV2-5UTR-Amplicon,48,g,0.3835
SARS-CoV2-5UTR-Amplicon,49,t,0.338
SARS-CoV2-5UTR-Amplicon,50,a,0.4719
SARS-CoV2-5UTR-Amplicon,51,g,1.0103
SARS-CoV2-5UTR-Amplicon,52,a,0.2469
SARS-CoV2-5UTR-Amplicon,53,t,0.6284
SARS-CoV2-5UTR-Amplicon,54,c,1.1445
SARS-CoV2-5UTR-Amplicon,55,t,0.8532
SARS-CoV2-5UTR-Amplicon,56,g,0.8981
SARS-CoV2-5UTR-Amplicon,57,t,1.1891
SARS-CoV2-5UTR-Amplicon,58,t,0.9646
SARS-CoV2-5UTR-Amplicon,59,c,1.2783
SARS-CoV2-5UTR-Amplicon,60,t,0.5384
SARS-CoV2-5UTR-Amplicon,61,c,1.144
SARS-CoV2-5UTR-Amplicon,62,t,1.1036
SARS-CoV2-5UTR-Amplicon,63,a,5.0855
SARS-CoV2-5UTR-Amplicon,64,a,0.1575
SARS-CoV2-5UTR-Amplicon,65,a,0.135
SARS-CoV2-5UTR-Amplicon,66,c,0.2698
SARS-CoV2-5UTR-Amplicon,67,g,1.0115
SARS-CoV2-5UTR-Amplicon,68,a,0.2246
SARS-CoV2-5UTR-Amplicon,69,a,0.3367
SARS-CoV2-5UTR-Amplicon,70,c,0.718
SARS-CoV2-5UTR-Amplicon,71,t,0.4483
SARS-CoV2-5UTR-Amplicon,72,t,0.2018
SARS-CoV2-5UTR-Amplicon,73,t,0.314
SARS-CoV2-5UTR-Amplicon,74,a,0.4058
SARS-CoV2-5UTR-Amplicon,75,a,0.248
SARS-CoV2-5UTR-Amplicon,76,a,0.2255
SARS-CoV2-5UTR-Amplicon,77,a,0.5185
SARS-CoV2-5UTR-Amplicon,78,t,0.5637
SARS-CoV2-5UTR-Amplicon,79,c,0.4055
SARS-CoV2-5UTR-Amplicon,80,t,0.2703
SARS-CoV2-5UTR-Amplicon,81,g,0.2477
SARS-CoV2-5UTR-Amplicon,82,t,0.405
SARS-CoV2-5UTR-Amplicon,83,g,0.18
SARS-CoV2-5UTR-Amplicon,84,t,0.6749
SARS-CoV2-5UTR-Amplicon,85,g,0.36
SARS-CoV2-5UTR-Amplicon,86,g,0.2926
SARS-CoV2-5UTR-Amplicon,87,c,0.559
SARS-CoV2-5UTR-Amplicon,88,t,0.7603
SARS-CoV2-5UTR-Amplicon,89,g,0.4304
SARS-CoV2-5UTR-Amplicon,90,t,0.4304
SARS-CoV2-5UTR-Amplicon,91,c,0.5211
SARS-CoV2-5UTR-Amplicon,92,a,0.5664
SARS-CoV2-5UTR-Amplicon,93,c,0.7026
SARS-CoV2-5UTR-Amplicon,94,t,0.612
SARS-CoV2-5UTR-Amplicon,95,c,0.8613
SARS-CoV2-5UTR-Amplicon,96,g,0.4305
SARS-CoV2-5UTR-Amplicon,97,g,0.2493
SARS-CoV2-5UTR-Amplicon,98,c,0.2666
SARS-CoV2-5UTR-Amplicon,99,t,0.5127
SARS-CoV2-5UTR-Amplicon,100,g,0.6021
SARS-CoV2-5UTR-Amplicon,101,c,0.6692
SARS-CoV2-5UTR-Amplicon,102,g,0.4463
SARS-CoV2-5UTR-Amplicon,103,t,0.5127
SARS-CoV2-5UTR-Amplicon,104,g,0.2229
SARS-CoV2-5UTR-Amplicon,105,c,1.4939
SARS-CoV2-5UTR-Amplicon,106,t,1.4939
SARS-CoV2-5UTR-Amplicon,107,t,1.851
SARS-CoV2-5UTR-Amplicon,108,a,0.3791
SARS-CoV2-5UTR-Amplicon,109,g,0.3121
SARS-CoV2-5UTR-Amplicon,110,t,0.4456
SARS-CoV2-5UTR-Amplicon,111,g,0.2228
SARS-CoV2-5UTR-Amplicon,112,c,0.2228
SARS-CoV2-5UTR-Amplicon,113,a,0.2005
SARS-CoV2-5UTR-Amplicon,114,c,0.1337
SARS-CoV2-5UTR-Amplicon,115,t,0.2006
SARS-CoV2-5UTR-Amplicon,116,c,0.5349
SARS-CoV2-5UTR-Amplicon,117,a,0.156
SARS-CoV2-5UTR-Amplicon,118,c,0.3119
SARS-CoV2-5UTR-Amplicon,119,g,0.2003
SARS-CoV2-5UTR-Amplicon,120,c,0.2225
SARS-CoV2-5UTR-Amplicon,121,a,0.2448
SARS-CoV2-5UTR-Amplicon,122,g,0.2002
SARS-CoV2-5UTR-Amplicon,123,t,0.3795
SARS-CoV2-5UTR-Amplicon,124,a,0.1786
SARS-CoV2-5UTR-Amplicon,125,t,0.2225
SARS-CoV2-5UTR-Amplicon,126,a,0.178
SARS-CoV2-5UTR-Amplicon,127,a,0.1113
SARS-CoV2-5UTR-Amplicon,128,t,0.089
SARS-CoV2-5UTR-Amplicon,129,t,0.1558
SARS-CoV2-5UTR-Amplicon,130,a,0.2227
SARS-CoV2-5UTR-Amplicon,131,a,0.3118
SARS-CoV2-5UTR-Amplicon,132,t,0.1114
SARS-CoV2-5UTR-Amplicon,133,a,0.245
SARS-CoV2-5UTR-Amplicon,134,a,0.1337
SARS-CoV2-5UTR-Amplicon,135,c,0.3122
SARS-CoV2-5UTR-Amplicon,136,t,0.2676
SARS-CoV2-5UTR-Amplicon,137,a,0.1116
SARS-CoV2-5UTR-Amplicon,138,a,0.0893
SARS-CoV2-5UTR-Amplicon,139,t,0.1116
SARS-CoV2-5UTR-Amplicon,140,t,0.1339
SARS-CoV2-5UTR-Amplicon,141,a,0.1339
SARS-CoV2-5UTR-Amplicon,142,c,0.2455
SARS-CoV2-5UTR-Amplicon,143,t,0.1786
SARS-CoV2-5UTR-Amplicon,144,g,0.1787
SARS-CoV2-5UTR-Amplicon,145,t,0.2008
SARS-CoV2-5UTR-Amplicon,146,c,0.3571
SARS-CoV2-5UTR-Amplicon,147,g,0.3124
SARS-CoV2-5UTR-Amplicon,148,t,0.1562
SARS-CoV2-5UTR-Amplicon,149,t,0.1555
SARS-CoV2-5UTR-Amplicon,150,g,0.6664
SARS-CoV2-5UTR-Amplicon,151,a,0.1333
SARS-CoV2-5UTR-Amplicon,152,c,0.0226
SARS-CoV2-5UTR-Amplicon,153,a,0.181
SARS-CoV2-5UTR-Amplicon,154,g,0.5207
SARS-CoV2-5UTR-Amplicon,155,g,0.7478
SARS-CoV2-5UTR-Amplicon,156,a,0.4081
SARS-CoV2-5UTR-Amplicon,157,c,0.5214
SARS-CoV2-5UTR-Amplicon,158,a,1.3376
SARS-CoV2-5UTR-Amplicon,159,c,0.1589
SARS-CoV2-5UTR-Amplicon,160,g,1.7249
SARS-CoV2-5UTR-Amplicon,161,a,1.2881
SARS-CoV2-5UTR-Amplicon,162,g,0.4071
SARS-CoV2-5UTR-Amplicon,163,t,0.5201
SARS-CoV2-5UTR-Amplicon,164,a,0.6786
SARS-CoV2-5UTR-Amplicon,165,a,0.3162
SARS-CoV2-5UTR-Amplicon,166,c,0.271
SARS-CoV2-5UTR-Amplicon,167,t,0.2703
SARS-CoV2-5UTR-Amplicon,168,c,0.5856
SARS-CoV2-5UTR-Amplicon,169,g,0.4503
SARS-CoV2-5UTR-Amplicon,170,t,0.3374
SARS-CoV2-5UTR-Amplicon,171,c,0.7206
SARS-CoV2-5UTR-Amplicon,172,t,0.8557
SARS-CoV2-5UTR-Amplicon,173,a,0.6976
SARS-CoV2-5UTR-Amplicon,174,t,0.3151
SARS-CoV2-5UTR-Amplicon,175,c,0.6523
SARS-CoV2-5UTR-Amplicon,176,t,0.3595
SARS-CoV2-5UTR-Amplicon,177,t,0.3147
SARS-CoV2-5UTR-Amplicon,178,c,0.3369
SARS-CoV2-5UTR-Amplicon,179,t,0.1798
SARS-CoV2-5UTR-Amplicon,180,g,0.3368
SARS-CoV2-5UTR-Amplicon,181,c,0.4487
SARS-CoV2-5UTR-Amplicon,182,a,0.3364
SARS-CoV2-5UTR-Amplicon,183,g,0.1999
SARS-CoV2-5UTR-Amplicon,184,g,0.1109
SARS-CoV2-5UTR-Amplicon,185,c,0.1549
SARS-CoV2-5UTR-Amplicon,186,t,0.3314
SARS-CoV2-5UTR-Amplicon,187,g,0.3093
SARS-CoV2-5UTR-Amplicon,188,c,0.2429
SARS-CoV2-5UTR-Amplicon,189,t,0.7764
SARS-CoV2-5UTR-Amplicon,190,t,0.6213
SARS-CoV2-5UTR-Amplicon,191,a,0.1996
SARS-CoV2-5UTR-Amplicon,192,c,0.5322
SARS-CoV2-5UTR-Amplicon,193,g,0.3103
SARS-CoV2-5UTR-Amplicon,194,g,0.1773
SARS-CoV2-5UTR-Amplicon,195,t,0.3322
SARS-CoV2-5UTR-Amplicon,196,t,0.155
SARS-CoV2-5UTR-Amplicon,197,t,0.2437
SARS-CoV2-5UTR-Amplicon,198,c,1.0195
SARS-CoV2-5UTR-Amplicon,199,g,0.3103
SARS-CoV2-5UTR-Amplicon,200,t,0.2882
SARS-CoV2-5UTR-Amplicon,201,c,0.6649
SARS-CoV2-5UTR-Amplicon,202,c,0.5318
SARS-CoV2-5UTR-Amplicon,203,g,0.3768
SARS-CoV2-5UTR-Amplicon,204,t,1.9282
SARS-CoV2-5UTR-Amplicon,205,g,0.3547
SARS-CoV2-5UTR-Amplicon,206,t,0.4653
SARS-CoV2-5UTR-Amplicon,207,t,0.9309
SARS-CoV2-5UTR-Amplicon,208,g,0.4615
SARS-CoV2-5UTR-Amplicon,209,c,0.5056
SARS-CoV2-5UTR-Amplicon,210,a,0.3513
SARS-CoV2-5UTR-Amplicon,211,g,0.3726
SARS-CoV2-5UTR-Amplicon,212,c,0.329
SARS-CoV2-5UTR-Amplicon,213,c,0.614
SARS-CoV2-5UTR-Amplicon,214,g,1.2563
SARS-CoV2-5UTR-Amplicon,215,a,0.3969
SARS-CoV2-5UTR-Amplicon,216,t,0.3091
SARS-CoV2-5UTR-Amplicon,217,c,1.4573
SARS-CoV2-5UTR-Amplicon,218,a,1.7005
SARS-CoV2-5UTR-Amplicon,219,t,0.3534
SARS-CoV2-5UTR-Amplicon,220,c,1.4141
SARS-CoV2-5UTR-Amplicon,221,a,3.0229
SARS-CoV2-5UTR-Amplicon,222,g,2.912
SARS-CoV2-5UTR-Amplicon,223,c,0.3534
SARS-CoV2-5UTR-Amplicon,224,a,1.3036
SARS-CoV2-5UTR-Amplicon,225,c,0.3534
SARS-CoV2-5UTR-Amplicon,226,a,0.773
SARS-CoV2-5UTR-Amplicon,227,t,0.3981
SARS-CoV2-5UTR-Amplicon,228,c,0.7081
SARS-CoV2-5UTR-Amplicon,229,t,0.7303
SARS-CoV2-5UTR-Amplicon,230,a,0.5531
SARS-CoV2-5UTR-Amplicon,231,g,0.3981
SARS-CoV2-5UTR-Amplicon,232,g,0.2875
SARS-CoV2-5UTR-Amplicon,233,t,0.4418
SARS-CoV2-5UTR-Amplicon,234,t,0.243
SARS-CoV2-5UTR-Amplicon,235,t,0.3759
SARS-CoV2-5UTR-Amplicon,236,c,0.5085
SARS-CoV2-5UTR-Amplicon,237,g,0.2432
SARS-CoV2-5UTR-Amplicon,238,t,0.155
SARS-CoV2-5UTR-Amplicon,239,c,0.1993
SARS-CoV2-5UTR-Amplicon,240,c,0.3771
SARS-CoV2-5UTR-Amplicon,241,g,0.5768
SARS-CoV2-5UTR-Amplicon,242,g,0.2442
SARS-CoV2-5UTR-Amplicon,243,g,0.3777
SARS-CoV2-5UTR-Amplicon,244,t,0.4251
SARS-CoV2-5UTR-Amplicon,245,g,0.2236
SARS-CoV2-5UTR-Amplicon,246,t,0.3355
SARS-CoV2-5UTR-Amplicon,247,g,0.5144
SARS-CoV2-5UTR-Amplicon,248,a,0.3582
SARS-CoV2-5UTR-Amplicon,249,c,0.3134
SARS-CoV2-5UTR-Amplicon,250,c,0.335
SARS-CoV2-5UTR-Amplicon,251,g,0.8919
SARS-CoV2-5UTR-Amplicon,252,a,1.1336
SARS-CoV2-5UTR-Amplicon,253,a,0.2218
SARS-CoV2-5UTR-Amplicon,254,a,0.575
SARS-CoV2-5UTR-Amplicon,255,g,0.5268
SARS-CoV2-5UTR-Amplicon,256,g,0.3894
SARS-CoV2-5UTR-Amplicon,257,t,0.8817
SARS-CoV2-5UTR-Amplicon,258,a,0.6006
SARS-CoV2-5UTR-Amplicon,259,a,0.5354
SARS-CoV2-5UTR-Amplicon,260,g,0.5764
SARS-CoV2-5UTR-Amplicon,261,a,0.3405
SARS-CoV2-5UTR-Amplicon,262,t,0.2339
SARS-CoV2-5UTR-Amplicon,263,g,0.6596
SARS-CoV2-5UTR-Amplicon,264,g,0.6793
SARS-CoV2-5UTR-Amplicon,265,a,0.3807
SARS-CoV2-5UTR-Amplicon,266,g,0.378
SARS-CoV2-5UTR-Amplicon,267,a,0.1664
SARS-CoV2-5UTR-Amplicon,268,g,0.645
SARS-CoV2-5UTR-Amplicon,269,c,0.3743
SARS-CoV2-5UTR-Amplicon,270,c,0.312
SARS-CoV2-5UTR-Amplicon,271,t,0.7478
SARS-CoV2-5UTR-Amplicon,272,t,0.3117
SARS-CoV2-5UTR-Amplicon,273,g,0.4363
SARS-CoV2-5UTR-Amplicon,274,t,0.4161
SARS-CoV2-5UTR-Amplicon,275,c,0.9779
SARS-CoV2-5UTR-Amplicon,276,c,0.3958
SARS-CoV2-5UTR-Amplicon,277,c,0.5207
SARS-CoV2-5UTR-Amplicon,278,t,0.813
SARS-CoV2-5UTR-Amplicon,279,g,2.2106
SARS-CoV2-5UTR-Amplicon,280,g,0.5841
SARS-CoV2-5UTR-Amplicon,281,t,0.626
SARS-CoV2-5UTR-Amplicon,282,t,0.2922
SARS-CoV2-5UTR-Amplicon,283,t,1.8994
SARS-CoV2-5UTR-Amplicon,284,c,2.6305
SARS-CoV2-5UTR-Amplicon,285,a,0.9397
SARS-CoV2-5UTR-Amplicon,286,a,0.5637
SARS-CoV2-5UTR-Amplicon,287,c,0.397
SARS-CoV2-5UTR-Amplicon,288,g,2.3197
SARS-CoV2-5UTR-Amplicon,289,a,0.4807
SARS-CoV2-5UTR-Amplicon,290,g,1.2976
SARS-CoV2-5UTR-Amplicon,291,g,0.5106
SARS-CoV2-5UTR-Amplicon,292,g,0.8942
SARS-CoV2-5UTR-Amplicon,293,a,0.4898
SARS-CoV2-5UTR-Amplicon,294,g,1.1258
SARS-CoV2-5UTR-Amplicon,295,t,1.2362
SARS-CoV2-5UTR-Amplicon,296,c,2.6281
SARS-CoV2-5UTR-Amplicon,297,a,1.369
SARS-CoV2-5UTR-Amplicon,298,a,0.8611
SARS-CoV2-5UTR-Amplicon,299,a,0.839
SARS-CoV2-5UTR-Amplicon,300,g,1.1276
SARS-CoV2-5UTR-Amplicon,301,t,0.9292
SARS-CoV2-5UTR-Amplicon,302,t,0.6637
SARS-CoV2-5UTR-Amplicon,303,c,0.8867
SARS-CoV2-5UTR-Amplicon,304,t,1.0643
SARS-CoV2-5UTR-Amplicon,305,g,0.4
SARS-CoV2-5UTR-Amplicon,306,t,0.9558
SARS-CoV2-5UTR-Amplicon,307,t,0.5564
SARS-CoV2-5UTR-Amplicon,308,t,0.5349
SARS-CoV2-5UTR-Amplicon,309,g,0.4055
SARS-CoV2-5UTR-Amplicon,310,c,0.6993
SARS-CoV2-5UTR-Amplicon,311,c,0.1579
SARS-CoV2-5UTR-Amplicon,312,c,0.2712
SARS-CoV2-5UTR-Amplicon,313,t,0.4749
SARS-CoV2-5UTR-Amplicon,314,g,0.6109
SARS-CoV2-5UTR-Amplicon,315,a,0.3622
SARS-CoV2-5UTR-Amplicon,316,t,0.4981
SARS-CoV2-5UTR-Amplicon,317,c,0.6339
SARS-CoV2-5UTR-Amplicon,318,t,0.7924
SARS-CoV2-5UTR-Amplicon,319,g,0.726
SARS-CoV2-5UTR-Amplicon,320,c,0.4765
SARS-CoV2-5UTR-Amplicon,321,a,7.2955
SARS-CoV2-5UTR-Amplicon,322,t,0.0456
SARS-CoV2-5UTR-Amplicon,323,c,0.5473
SARS-CoV2-5UTR-Amplicon,324,g,0.2062
SARS-CoV2-5UTR-Amplicon,325,c,0.3208
SARS-CoV2-5UTR-Amplicon,326,t,0.3208
SARS-CoV2-5UTR-Amplicon,327,g,0.3949
SARS-CoV2-5UTR-Amplicon,328,t,0.2719
SARS-CoV2-5UTR-Amplicon,329,g,0.2719
SARS-CoV2-5UTR-Amplicon,330,g,0.1731
SARS-CoV2-5UTR-Amplicon,331,c,0.099
SARS-CoV2-5UTR-Amplicon,332,c,0.1984
SARS-CoV2-5UTR-Amplicon,333,g,3.2026
SARS-CoV2-5UTR-Amplicon,334,a,2.2355
SARS-CoV2-5UTR-Amplicon,335,g,0.3481
SARS-CoV2-5UTR-Amplicon,336,g,0.2248
SARS-CoV2-5UTR-Amplicon,337,c,0.2754
SARS-CoV2-5UTR-Amplicon,338,c,1.3847
SARS-CoV2-5UTR-Amplicon,339,a,1.1754
SARS-CoV2-5UTR-Amplicon,340,a,0.0654
SARS-CoV2-5UTR-Amplicon,341,g,0.1309
SARS-CoV2-5UTR-Amplicon,342,c,0.3277
SARS-CoV2-5UTR-Amplicon,343,c,0.2626
SARS-CoV2-5UTR-Amplicon,344,c,0.2337
SARS-CoV2-5UTR-Amplicon,345,a,0.135
SARS-CoV2-5UTR-Amplicon,346,c,0.1351
SARS-CoV2-5UTR-Amplicon,347,c,0.2396
SARS-CoV2-5UTR-Amplicon,348,g,0.3425
SARS-CoV2-5UTR-Amplicon,349,a,0.0685
SARS-CoV2-5UTR-Amplicon,350,g,0.2398
SARS-CoV2-5UTR-Amplicon,351,a,0.5832
SARS-CoV2-5UTR-Amplicon,352,a,0.5491
SARS-CoV2-5UTR-Amplicon,353,c,0.3775
SARS-CoV2-5UTR-Amplicon,354,a,0.2423
SARS-CoV2-5UTR-Amplicon,355,a,0.1783
SARS-CoV2-5UTR-Amplicon,356,c,0.2499
SARS-CoV2-5UTR-Amplicon,357,g,0.4646
SARS-CoV2-5UTR-Amplicon,358,a,0.5004
SARS-CoV2-5UTR-Amplicon,359,a,0.2873
SARS-CoV2-5UTR-Amplicon,360,g,0.2159
SARS-CoV2-5UTR-Amplicon,361,a,0.036
SARS-CoV2-5UTR-Amplicon,362,c,0.0721
SARS-CoV2-5UTR-Amplicon,363,t,0.1805
SARS-CoV2-5UTR-Amplicon,364,t,0.0736
SARS-CoV2-5UTR-Amplicon,365,c,0.1843
SARS-CoV2-5UTR-Amplicon,366,a,0.4795
SARS-CoV2-5UTR-Amplicon,367,a,0.0369
SARS-CoV2-5UTR-Amplicon,368,c,0.2585
SARS-CoV2-5UTR-Amplicon,369,a,0.1848
SARS-CoV2-5UTR-Amplicon,370,t,0.0739
SARS-CoV2-5UTR-Amplicon,371,c,0.148
SARS-CoV2-5UTR-Amplicon,372,g,0.0372
SARS-CoV2-5UTR-Amplicon,373,t,0.149
SARS-CoV2-5UTR-Amplicon,374,g,0
SARS-CoV2-5UTR-Amplicon,375,g,0.0382
SARS-CoV2-5UTR-Amplicon,376,c,0
SARS-CoV2-5UTR-Amplicon,377,c,0
SARS-CoV2-5UTR-Amplicon,378,g,0
