Region,Position,Ref_base,Mut_percentage
SARS-CoV2-5UTR-Amplicon,1,a,0
SARS-CoV2-5UTR-Amplicon,2,g,0
SARS-CoV2-5UTR-Amplicon,3,g,0
SARS-CoV2-5UTR-Amplicon,4,t,0
SARS-CoV2-5UTR-Amplicon,5,t,0
SARS-CoV2-5UTR-Amplicon,6,t,0.7972
SARS-CoV2-5UTR-Amplicon,7,a,0.1908
SARS-CoV2-5UTR-Amplicon,8,t,0.2762
SARS-CoV2-5UTR-Amplicon,9,a,0.1829
SARS-CoV2-5UTR-Amplicon,10,c,0.182
SARS-CoV2-5UTR-Amplicon,11,c,0.1514
SARS-CoV2-5UTR-Amplicon,12,t,0.3929
SARS-CoV2-5UTR-Amplicon,13,t,0.3926
SARS-CoV2-5UTR-Amplicon,14,c,1.0555
SARS-CoV2-5UTR-Amplicon,15,c,0.3002
SARS-CoV2-5UTR-Amplicon,16,c,0.6001
SARS-CoV2-5UTR-Amplicon,17,a,0.359
SARS-CoV2-5UTR-Amplicon,18,g,0.4483
SARS-CoV2-5UTR-Amplicon,19,g,0.3584
SARS-CoV2-5UTR-Amplicon,20,t,1.2832
SARS-CoV2-5UTR-Amplicon,21,a,0.8639
SARS-CoV2-5UTR-Amplicon,22,a,0.9229
SARS-CoV2-5UTR-Amplicon,23,c,0.9226
SARS-CoV2-5UTR-Amplicon,24,a,0.7937
SARS-CoV2-5UTR-Amplicon,25,a,0.4403
SARS-CoV2-5UTR-Amplicon,26,a,0.4692
SARS-CoV2-5UTR-Amplicon,27,c,0.7899
SARS-CoV2-5UTR-Amplicon,28,c,1.1095
SARS-CoV2-5UTR-Amplicon,29,a,0.6698
SARS-CoV2-5UTR-Amplicon,30,a,0.0582
SARS-CoV2-5UTR-Amplicon,31,c,0.1453
SARS-CoV2-5UTR-Amplicon,32,c,0.7257
SARS-CoV2-5UTR-Amplicon,33,a,0.406
SARS-CoV2-5UTR-Amplicon,34,a,0.1157
SARS-CoV2-5UTR-Amplicon,35,c,0.3468
SARS-CoV2-5UTR-Amplicon,36,t,1.1846
SARS-CoV2-5UTR-Amplicon,37,t,0.3437
SARS-CoV2-5UTR-Amplicon,38,t,0.2578
SARS-CoV2-5UTR-Amplicon,39,c,1.776
SARS-CoV2-5UTR-Amplicon,40,g,1.2286
SARS-CoV2-5UTR-Amplicon,41,a,0.1143
SARS-CoV2-5UTR-Amplicon,42,t,0.5995
SARS-CoV2-5UTR-Amplicon,43,c,0.9125
SARS-CoV2-5UTR-Amplicon,44,t,0.3421
SARS-CoV2-5UTR-Amplicon,45,c,1.0262
SARS-CoV2-5UTR-Amplicon,46,t,1.9669
SARS-CoV2-5UTR-Amplicon,47,t,1.6249
SARS-CoV2-5UTR-Amplicon,48,g,0.3134
SARS-CoV2-5UTR-Amplicon,49,t,0.7973
SARS-CoV2-5UTR-Amplicon,50,a,0.483
SARS-CoV2-5UTR-Amplicon,51,g,1.2212
SARS-CoV2-5UTR-Amplicon,52,a,0.4258
SARS-CoV2-5UTR-Amplicon,53,t,0.738
SARS-CoV2-5UTR-Amplicon,54,c,1.4192
SARS-CoV2-5UTR-Amplicon,55,t,0.9938
SARS-CoV2-5UTR-Amplicon,56,g,1.107
SARS-CoV2-5UTR-Amplicon,57,t,1.4472
SARS-CoV2-5UTR-Amplicon,58,t,0.8797
SARS-CoV2-5UTR-Amplicon,59,c,1.4184
SARS-CoV2-5UTR-Amplicon,60,t,0.5106
SARS-CoV2-5UTR-Amplicon,61,c,1.078
SARS-CoV2-5UTR-Amplicon,62,t,1.2806
SARS-CoV2-5UTR-Amplicon,63,a,5.603
SARS-CoV2-5UTR-Amplicon,64,a,0.2557
SARS-CoV2-5UTR-Amplicon,65,a,0.2555
SARS-CoV2-5UTR-Amplicon,66,c,0.2835
SARS-CoV2-5UTR-Amplicon,67,g,0.9634
SARS-CoV2-5UTR-Amplicon,68,a,0.2266
SARS-CoV2-5UTR-Amplicon,69,a,0.3116
SARS-CoV2-5UTR-Amplicon,70,c,1.8403
SARS-CoV2-5UTR-Amplicon,71,t,0.5093
SARS-CoV2-5UTR-Amplicon,72,t,0.1697
SARS-CoV2-5UTR-Amplicon,73,t,0.1698
SARS-CoV2-5UTR-Amplicon,74,a,0.7102
SARS-CoV2-5UTR-Amplicon,75,a,0.1988
SARS-CoV2-5UTR-Amplicon,76,a,0.0852
SARS-CoV2-5UTR-Amplicon,77,a,0.3974
SARS-CoV2-5UTR-Amplicon,78,t,0.5109
SARS-CoV2-5UTR-Amplicon,79,c,0.5957
SARS-CoV2-5UTR-Amplicon,80,t,0.4539
SARS-CoV2-5UTR-Amplicon,81,g,0.4538
SARS-CoV2-5UTR-Amplicon,82,t,0.4535
SARS-CoV2-5UTR-Amplicon,83,g,0.2834
SARS-CoV2-5UTR-Amplicon,84,t,0.5671
SARS-CoV2-5UTR-Amplicon,85,g,0.3685
SARS-CoV2-5UTR-Amplicon,86,g,0.539
SARS-CoV2-5UTR-Amplicon,87,c,0.2825
SARS-CoV2-5UTR-Amplicon,88,t,0.5085
SARS-CoV2-5UTR-Amplicon,89,g,0.3689
SARS-CoV2-5UTR-Amplicon,90,t,0.4254
SARS-CoV2-5UTR-Amplicon,91,c,0.4538
SARS-CoV2-5UTR-Amplicon,92,a,0.2835
SARS-CoV2-5UTR-Amplicon,93,c,0.4263
SARS-CoV2-5UTR-Amplicon,94,t,0.3693
SARS-CoV2-5UTR-Amplicon,95,c,0.5682
SARS-CoV2-5UTR-Amplicon,96,g,0.483
SARS-CoV2-5UTR-Amplicon,97,g,0.5399
SARS-CoV2-5UTR-Amplicon,98,c,0.222
SARS-CoV2-5UTR-Amplicon,99,t,0.3057
SARS-CoV2-5UTR-Amplicon,100,g,0.7226
SARS-CoV2-5UTR-Amplicon,101,c,0.6946
SARS-CoV2-5UTR-Amplicon,102,g,0.5285
SARS-CoV2-5UTR-Amplicon,103,t,0.6115
SARS-CoV2-5UTR-Amplicon,104,g,0.556
SARS-CoV2-5UTR-Amplicon,105,c,1.8071
SARS-CoV2-5UTR-Amplicon,106,t,1.8894
SARS-CoV2-5UTR-Amplicon,107,t,1.7227
SARS-CoV2-5UTR-Amplicon,108,a,0.1945
SARS-CoV2-5UTR-Amplicon,109,g,0.2779
SARS-CoV2-5UTR-Amplicon,110,t,0.2223
SARS-CoV2-5UTR-Amplicon,111,g,0.1945
SARS-CoV2-5UTR-Amplicon,112,c,0.3612
SARS-CoV2-5UTR-Amplicon,113,a,0.2779
SARS-CoV2-5UTR-Amplicon,114,c,0.2779
SARS-CoV2-5UTR-Amplicon,115,t,0.2501
SARS-CoV2-5UTR-Amplicon,116,c,0.6672
SARS-CoV2-5UTR-Amplicon,117,a,0.3338
SARS-CoV2-5UTR-Amplicon,118,c,0.4174
SARS-CoV2-5UTR-Amplicon,119,g,0.3894
SARS-CoV2-5UTR-Amplicon,120,c,0.3894
SARS-CoV2-5UTR-Amplicon,121,a,0.3893
SARS-CoV2-5UTR-Amplicon,122,g,0.5841
SARS-CoV2-5UTR-Amplicon,123,t,0.3073
SARS-CoV2-5UTR-Amplicon,124,a,0.2515
SARS-CoV2-5UTR-Amplicon,125,t,0.1934
SARS-CoV2-5UTR-Amplicon,126,a,0.0829
SARS-CoV2-5UTR-Amplicon,127,a,0.1105
SARS-CoV2-5UTR-Amplicon,128,t,0.1381
SARS-CoV2-5UTR-Amplicon,129,t,0.138
SARS-CoV2-5UTR-Amplicon,130,a,0.2485
SARS-CoV2-5UTR-Amplicon,131,a,0.6348
SARS-CoV2-5UTR-Amplicon,132,t,0.138
SARS-CoV2-5UTR-Amplicon,133,a,0.7728
SARS-CoV2-5UTR-Amplicon,134,a,0.1932
SARS-CoV2-5UTR-Amplicon,135,c,0.8278
SARS-CoV2-5UTR-Amplicon,136,t,0.3863
SARS-CoV2-5UTR-Amplicon,137,a,0.221
SARS-CoV2-5UTR-Amplicon,138,a,0.1657
SARS-CoV2-5UTR-Amplicon,139,t,0.1105
SARS-CoV2-5UTR-Amplicon,140,t,0.221
SARS-CoV2-5UTR-Amplicon,141,a,0.1658
SARS-CoV2-5UTR-Amplicon,142,c,0.2207
SARS-CoV2-5UTR-Amplicon,143,t,0.4964
SARS-CoV2-5UTR-Amplicon,144,g,0.1379
SARS-CoV2-5UTR-Amplicon,145,t,0.0549
SARS-CoV2-5UTR-Amplicon,146,c,0.22
SARS-CoV2-5UTR-Amplicon,147,g,0.4403
SARS-CoV2-5UTR-Amplicon,148,t,0.2753
SARS-CoV2-5UTR-Amplicon,149,t,0.2466
SARS-CoV2-5UTR-Amplicon,150,g,0.875
SARS-CoV2-5UTR-Amplicon,151,a,0.2462
SARS-CoV2-5UTR-Amplicon,152,c,0.4145
SARS-CoV2-5UTR-Amplicon,153,a,0.4975
SARS-CoV2-5UTR-Amplicon,154,g,0.5803
SARS-CoV2-5UTR-Amplicon,155,g,0.6366
SARS-CoV2-5UTR-Amplicon,156,a,0.4979
SARS-CoV2-5UTR-Amplicon,157,c,0.8301
SARS-CoV2-5UTR-Amplicon,158,a,1.3252
SARS-CoV2-5UTR-Amplicon,159,c,0.4416
SARS-CoV2-5UTR-Amplicon,160,g,1.88
SARS-CoV2-5UTR-Amplicon,161,a,1.0126
SARS-CoV2-5UTR-Amplicon,162,g,0.383
SARS-CoV2-5UTR-Amplicon,163,t,0.7114
SARS-CoV2-5UTR-Amplicon,164,a,0.7389
SARS-CoV2-5UTR-Amplicon,165,a,0.3556
SARS-CoV2-5UTR-Amplicon,166,c,0.3005
SARS-CoV2-5UTR-Amplicon,167,t,0.3272
SARS-CoV2-5UTR-Amplicon,168,c,0.7084
SARS-CoV2-5UTR-Amplicon,169,g,0.3542
SARS-CoV2-5UTR-Amplicon,170,t,0.7359
SARS-CoV2-5UTR-Amplicon,171,c,0.6819
SARS-CoV2-5UTR-Amplicon,172,t,1.1181
SARS-CoV2-5UTR-Amplicon,173,a,0.7088
SARS-CoV2-5UTR-Amplicon,174,t,0.7092
SARS-CoV2-5UTR-Amplicon,175,c,0.7094
SARS-CoV2-5UTR-Amplicon,176,t,0.7369
SARS-CoV2-5UTR-Amplicon,177,t,0.6003
SARS-CoV2-5UTR-Amplicon,178,c,0.8451
SARS-CoV2-5UTR-Amplicon,179,t,0.491
SARS-CoV2-5UTR-Amplicon,180,g,0.6818
SARS-CoV2-5UTR-Amplicon,181,c,0.7625
SARS-CoV2-5UTR-Amplicon,182,a,0.4628
SARS-CoV2-5UTR-Amplicon,183,g,0.5278
SARS-CoV2-5UTR-Amplicon,184,g,0.3432
SARS-CoV2-5UTR-Amplicon,185,c,0.5271
SARS-CoV2-5UTR-Amplicon,186,t,0.7363
SARS-CoV2-5UTR-Amplicon,187,g,0.8414
SARS-CoV2-5UTR-Amplicon,188,c,0.5262
SARS-CoV2-5UTR-Amplicon,189,t,1.2121
SARS-CoV2-5UTR-Amplicon,190,t,0.7909
SARS-CoV2-5UTR-Amplicon,191,a,0.4746
SARS-CoV2-5UTR-Amplicon,192,c,0.5273
SARS-CoV2-5UTR-Amplicon,193,g,0.4744
SARS-CoV2-5UTR-Amplicon,194,g,0.6589
SARS-CoV2-5UTR-Amplicon,195,t,0.7113
SARS-CoV2-5UTR-Amplicon,196,t,0.3688
SARS-CoV2-5UTR-Amplicon,197,t,0.6321
SARS-CoV2-5UTR-Amplicon,198,c,1.2908
SARS-CoV2-5UTR-Amplicon,199,g,0.6061
SARS-CoV2-5UTR-Amplicon,200,t,1.0277
SARS-CoV2-5UTR-Amplicon,201,c,1.0018
SARS-CoV2-5UTR-Amplicon,202,c,1.0277
SARS-CoV2-5UTR-Amplicon,203,g,0.5799
SARS-CoV2-5UTR-Amplicon,204,t,2.5033
SARS-CoV2-5UTR-Amplicon,205,g,0.5531
SARS-CoV2-5UTR-Amplicon,206,t,0.7113
SARS-CoV2-5UTR-Amplicon,207,t,1.0535
SARS-CoV2-5UTR-Amplicon,208,g,0.6412
SARS-CoV2-5UTR-Amplicon,209,c,0.8462
SARS-CoV2-5UTR-Amplicon,210,a,0.7434
SARS-CoV2-5UTR-Amplicon,211,g,0.7951
SARS-CoV2-5UTR-Amplicon,212,c,0.5132
SARS-CoV2-5UTR-Amplicon,213,c,0.6927
SARS-CoV2-5UTR-Amplicon,214,g,1.0811
SARS-CoV2-5UTR-Amplicon,215,a,0.3604
SARS-CoV2-5UTR-Amplicon,216,t,0.3349
SARS-CoV2-5UTR-Amplicon,217,c,0.8247
SARS-CoV2-5UTR-Amplicon,218,a,1.6254
SARS-CoV2-5UTR-Amplicon,219,t,0.2323
SARS-CoV2-5UTR-Amplicon,220,c,1.3935
SARS-CoV2-5UTR-Amplicon,221,a,2.9366
SARS-CoV2-5UTR-Amplicon,222,g,2.4466
SARS-CoV2-5UTR-Amplicon,223,c,0.5666
SARS-CoV2-5UTR-Amplicon,224,a,1.3656
SARS-CoV2-5UTR-Amplicon,225,c,0.2566
SARS-CoV2-5UTR-Amplicon,226,a,0.9497
SARS-CoV2-5UTR-Amplicon,227,t,0.5397
SARS-CoV2-5UTR-Amplicon,228,c,0.8481
SARS-CoV2-5UTR-Amplicon,229,t,0.8743
SARS-CoV2-5UTR-Amplicon,230,a,0.7714
SARS-CoV2-5UTR-Amplicon,231,g,0.4371
SARS-CoV2-5UTR-Amplicon,232,g,0.5398
SARS-CoV2-5UTR-Amplicon,233,t,0.4869
SARS-CoV2-5UTR-Amplicon,234,t,0.5383
SARS-CoV2-5UTR-Amplicon,235,t,0.641
SARS-CoV2-5UTR-Amplicon,236,c,0.7179
SARS-CoV2-5UTR-Amplicon,237,g,0.2564
SARS-CoV2-5UTR-Amplicon,238,t,0.5135
SARS-CoV2-5UTR-Amplicon,239,c,0.5903
SARS-CoV2-5UTR-Amplicon,240,c,0.4617
SARS-CoV2-5UTR-Amplicon,241,g,0.539
SARS-CoV2-5UTR-Amplicon,242,g,0.5137
SARS-CoV2-5UTR-Amplicon,243,g,1.1043
SARS-CoV2-5UTR-Amplicon,244,t,0.8756
SARS-CoV2-5UTR-Amplicon,245,g,0.2836
SARS-CoV2-5UTR-Amplicon,246,t,0.464
SARS-CoV2-5UTR-Amplicon,247,g,0.5415
SARS-CoV2-5UTR-Amplicon,248,a,0.4649
SARS-CoV2-5UTR-Amplicon,249,c,0.3874
SARS-CoV2-5UTR-Amplicon,250,c,0.3349
SARS-CoV2-5UTR-Amplicon,251,g,0.772
SARS-CoV2-5UTR-Amplicon,252,a,0.7965
SARS-CoV2-5UTR-Amplicon,253,a,0.2561
SARS-CoV2-5UTR-Amplicon,254,a,0.3833
SARS-CoV2-5UTR-Amplicon,255,g,0.7145
SARS-CoV2-5UTR-Amplicon,256,g,0.5067
SARS-CoV2-5UTR-Amplicon,257,t,0.605
SARS-CoV2-5UTR-Amplicon,258,a,1.1326
SARS-CoV2-5UTR-Amplicon,259,a,0.7021
SARS-CoV2-5UTR-Amplicon,260,g,0.5258
SARS-CoV2-5UTR-Amplicon,261,a,0.3751
SARS-CoV2-5UTR-Amplicon,262,t,0.2249
SARS-CoV2-5UTR-Amplicon,263,g,0.7243
SARS-CoV2-5UTR-Amplicon,264,g,0.4244
SARS-CoV2-5UTR-Amplicon,265,a,0.3234
SARS-CoV2-5UTR-Amplicon,266,g,0.5211
SARS-CoV2-5UTR-Amplicon,267,a,0.1969
SARS-CoV2-5UTR-Amplicon,268,g,0.5665
SARS-CoV2-5UTR-Amplicon,269,c,0.4925
SARS-CoV2-5UTR-Amplicon,270,c,0.2709
SARS-CoV2-5UTR-Amplicon,271,t,0.5913
SARS-CoV2-5UTR-Amplicon,272,t,0.1478
SARS-CoV2-5UTR-Amplicon,273,g,0.3447
SARS-CoV2-5UTR-Amplicon,274,t,0.5907
SARS-CoV2-5UTR-Amplicon,275,c,1.2549
SARS-CoV2-5UTR-Amplicon,276,c,0.3691
SARS-CoV2-5UTR-Amplicon,277,c,0.443
SARS-CoV2-5UTR-Amplicon,278,t,0.6399
SARS-CoV2-5UTR-Amplicon,279,g,1.5756
SARS-CoV2-5UTR-Amplicon,280,g,0.6891
SARS-CoV2-5UTR-Amplicon,281,t,0.5908
SARS-CoV2-5UTR-Amplicon,282,t,0.3938
SARS-CoV2-5UTR-Amplicon,283,t,1.0555
SARS-CoV2-5UTR-Amplicon,284,c,1.791
SARS-CoV2-5UTR-Amplicon,285,a,0.7851
SARS-CoV2-5UTR-Amplicon,286,a,0.4417
SARS-CoV2-5UTR-Amplicon,287,c,0.3437
SARS-CoV2-5UTR-Amplicon,288,g,1.3261
SARS-CoV2-5UTR-Amplicon,289,a,0.5157
SARS-CoV2-5UTR-Amplicon,290,g,1.12
SARS-CoV2-5UTR-Amplicon,291,g,0.2987
SARS-CoV2-5UTR-Amplicon,292,g,0.6476
SARS-CoV2-5UTR-Amplicon,293,a,0.3489
SARS-CoV2-5UTR-Amplicon,294,g,0.9377
SARS-CoV2-5UTR-Amplicon,295,t,1.09
SARS-CoV2-5UTR-Amplicon,296,c,1.9523
SARS-CoV2-5UTR-Amplicon,297,a,1.547
SARS-CoV2-5UTR-Amplicon,298,a,0.5581
SARS-CoV2-5UTR-Amplicon,299,a,0.533
SARS-CoV2-5UTR-Amplicon,300,g,0.7874
SARS-CoV2-5UTR-Amplicon,301,t,0.889
SARS-CoV2-5UTR-Amplicon,302,t,0.7874
SARS-CoV2-5UTR-Amplicon,303,c,0.6105
SARS-CoV2-5UTR-Amplicon,304,t,0.8904
SARS-CoV2-5UTR-Amplicon,305,g,0.509
SARS-CoV2-5UTR-Amplicon,306,t,1.0183
SARS-CoV2-5UTR-Amplicon,307,t,0.4584
SARS-CoV2-5UTR-Amplicon,308,t,0.6366
SARS-CoV2-5UTR-Amplicon,309,g,0.4622
SARS-CoV2-5UTR-Amplicon,310,c,1.4649
SARS-CoV2-5UTR-Amplicon,311,c,0.36
SARS-CoV2-5UTR-Amplicon,312,c,0.3092
SARS-CoV2-5UTR-Amplicon,313,t,0.5415
SARS-CoV2-5UTR-Amplicon,314,g,0.4387
SARS-CoV2-5UTR-Amplicon,315,a,0.3871
SARS-CoV2-5UTR-Amplicon,316,t,0.4646
SARS-CoV2-5UTR-Amplicon,317,c,0.5424
SARS-CoV2-5UTR-Amplicon,318,t,0.5945
SARS-CoV2-5UTR-Amplicon,319,g,0.4658
SARS-CoV2-5UTR-Amplicon,320,c,0.5438
SARS-CoV2-5UTR-Amplicon,321,a,3.8591
SARS-CoV2-5UTR-Amplicon,322,t,0.2076
SARS-CoV2-5UTR-Amplicon,323,c,0.7271
SARS-CoV2-5UTR-Amplicon,324,g,0.2604
SARS-CoV2-5UTR-Amplicon,325,c,0.5951
SARS-CoV2-5UTR-Amplicon,326,t,0.6223
SARS-CoV2-5UTR-Amplicon,327,g,0.4602
SARS-CoV2-5UTR-Amplicon,328,t,0.3792
SARS-CoV2-5UTR-Amplicon,329,g,0.3255
SARS-CoV2-5UTR-Amplicon,330,g,0.2983
SARS-CoV2-5UTR-Amplicon,331,c,0.8154
SARS-CoV2-5UTR-Amplicon,332,c,0.2177
SARS-CoV2-5UTR-Amplicon,333,g,2.342
SARS-CoV2-5UTR-Amplicon,334,a,2.0981
SARS-CoV2-5UTR-Amplicon,335,g,0.3271
SARS-CoV2-5UTR-Amplicon,336,g,0.9011
SARS-CoV2-5UTR-Amplicon,337,c,0.5193
SARS-CoV2-5UTR-Amplicon,338,c,0.6569
SARS-CoV2-5UTR-Amplicon,339,a,1.3453
SARS-CoV2-5UTR-Amplicon,340,a,0.4727
SARS-CoV2-5UTR-Amplicon,341,g,0.3782
SARS-CoV2-5UTR-Amplicon,342,c,0.6934
SARS-CoV2-5UTR-Amplicon,343,c,0.3788
SARS-CoV2-5UTR-Amplicon,344,c,0.6022
SARS-CoV2-5UTR-Amplicon,345,a,0.3184
SARS-CoV2-5UTR-Amplicon,346,c,0.5104
SARS-CoV2-5UTR-Amplicon,347,c,0.5771
SARS-CoV2-5UTR-Amplicon,348,g,0.4817
SARS-CoV2-5UTR-Amplicon,349,a,0.3856
SARS-CoV2-5UTR-Amplicon,350,g,0.4505
SARS-CoV2-5UTR-Amplicon,351,a,0.5158
SARS-CoV2-5UTR-Amplicon,352,a,0.4195
SARS-CoV2-5UTR-Amplicon,353,c,0.4202
SARS-CoV2-5UTR-Amplicon,354,a,0.1298
SARS-CoV2-5UTR-Amplicon,355,a,0.1316
SARS-CoV2-5UTR-Amplicon,356,c,0.2303
SARS-CoV2-5UTR-Amplicon,357,g,0.2962
SARS-CoV2-5UTR-Amplicon,358,a,0.3951
SARS-CoV2-5UTR-Amplicon,359,a,0.1651
SARS-CoV2-5UTR-Amplicon,360,g,0.2977
SARS-CoV2-5UTR-Amplicon,361,a,0.1324
SARS-CoV2-5UTR-Amplicon,362,c,0.1656
SARS-CoV2-5UTR-Amplicon,363,t,0.2992
SARS-CoV2-5UTR-Amplicon,364,t,0.1013
SARS-CoV2-5UTR-Amplicon,365,c,0.2031
SARS-CoV2-5UTR-Amplicon,366,a,0.4407
SARS-CoV2-5UTR-Amplicon,367,a,0.0678
SARS-CoV2-5UTR-Amplicon,368,c,0.0679
SARS-CoV2-5UTR-Amplicon,369,a,0.068
SARS-CoV2-5UTR-Amplicon,370,t,0.0681
SARS-CoV2-5UTR-Amplicon,371,c,0.1026
SARS-CoV2-5UTR-Amplicon,372,g,0.0685
SARS-CoV2-5UTR-Amplicon,373,t,0.0686
SARS-CoV2-5UTR-Amplicon,374,g,0
SARS-CoV2-5UTR-Amplicon,375,g,0
SARS-CoV2-5UTR-Amplicon,376,c,0
SARS-CoV2-5UTR-Amplicon,377,c,0
SARS-CoV2-5UTR-Amplicon,378,g,0
