Region,Position,Ref_base,Mut_percentage
SARS-CoV2-5UTR-Amplicon,1,a,0
SARS-CoV2-5UTR-Amplicon,2,g,0
SARS-CoV2-5UTR-Amplicon,3,g,0
SARS-CoV2-5UTR-Amplicon,4,t,0.027
SARS-CoV2-5UTR-Amplicon,5,t,0.0805
SARS-CoV2-5UTR-Amplicon,6,t,0.1606
SARS-CoV2-5UTR-Amplicon,7,a,0.267
SARS-CoV2-5UTR-Amplicon,8,t,0.1054
SARS-CoV2-5UTR-Amplicon,9,a,0.2886
SARS-CoV2-5UTR-Amplicon,10,c,0.1307
SARS-CoV2-5UTR-Amplicon,11,c,0.2088
SARS-CoV2-5UTR-Amplicon,12,t,0.7039
SARS-CoV2-5UTR-Amplicon,13,t,0.4428
SARS-CoV2-5UTR-Amplicon,14,c,1.1973
SARS-CoV2-5UTR-Amplicon,15,c,0.3896
SARS-CoV2-5UTR-Amplicon,16,c,0.3374
SARS-CoV2-5UTR-Amplicon,17,a,0.1296
SARS-CoV2-5UTR-Amplicon,18,g,0.3108
SARS-CoV2-5UTR-Amplicon,19,g,0.3363
SARS-CoV2-5UTR-Amplicon,20,t,0.5942
SARS-CoV2-5UTR-Amplicon,21,a,0.3097
SARS-CoV2-5UTR-Amplicon,22,a,0.2838
SARS-CoV2-5UTR-Amplicon,23,c,0.3095
SARS-CoV2-5UTR-Amplicon,24,a,0.5913
SARS-CoV2-5UTR-Amplicon,25,a,0.2569
SARS-CoV2-5UTR-Amplicon,26,a,0.2308
SARS-CoV2-5UTR-Amplicon,27,c,0.4099
SARS-CoV2-5UTR-Amplicon,28,c,0.4866
SARS-CoV2-5UTR-Amplicon,29,a,0.3327
SARS-CoV2-5UTR-Amplicon,30,a,0.1023
SARS-CoV2-5UTR-Amplicon,31,c,0.2557
SARS-CoV2-5UTR-Amplicon,32,c,0.3833
SARS-CoV2-5UTR-Amplicon,33,a,0.1789
SARS-CoV2-5UTR-Amplicon,34,a,0.1533
SARS-CoV2-5UTR-Amplicon,35,c,0.3829
SARS-CoV2-5UTR-Amplicon,36,t,0.7914
SARS-CoV2-5UTR-Amplicon,37,t,0.2765
SARS-CoV2-5UTR-Amplicon,38,t,0.2262
SARS-CoV2-5UTR-Amplicon,39,c,2.539
SARS-CoV2-5UTR-Amplicon,40,g,1.2066
SARS-CoV2-5UTR-Amplicon,41,a,0.0754
SARS-CoV2-5UTR-Amplicon,42,t,0.4776
SARS-CoV2-5UTR-Amplicon,43,c,0.8796
SARS-CoV2-5UTR-Amplicon,44,t,0.3267
SARS-CoV2-5UTR-Amplicon,45,c,1.0302
SARS-CoV2-5UTR-Amplicon,46,t,1.6834
SARS-CoV2-5UTR-Amplicon,47,t,1.1809
SARS-CoV2-5UTR-Amplicon,48,g,0.3518
SARS-CoV2-5UTR-Amplicon,49,t,0.7785
SARS-CoV2-5UTR-Amplicon,50,a,0.8034
SARS-CoV2-5UTR-Amplicon,51,g,1.3307
SARS-CoV2-5UTR-Amplicon,52,a,0.276
SARS-CoV2-5UTR-Amplicon,53,t,1.0035
SARS-CoV2-5UTR-Amplicon,54,c,1.6809
SARS-CoV2-5UTR-Amplicon,55,t,0.8271
SARS-CoV2-5UTR-Amplicon,56,g,1.2281
SARS-CoV2-5UTR-Amplicon,57,t,1.5038
SARS-CoV2-5UTR-Amplicon,58,t,0.9271
SARS-CoV2-5UTR-Amplicon,59,c,1.3781
SARS-CoV2-5UTR-Amplicon,60,t,0.5763
SARS-CoV2-5UTR-Amplicon,61,c,1.4783
SARS-CoV2-5UTR-Amplicon,62,t,0.9779
SARS-CoV2-5UTR-Amplicon,63,a,5.2394
SARS-CoV2-5UTR-Amplicon,64,a,0.2506
SARS-CoV2-5UTR-Amplicon,65,a,0.2004
SARS-CoV2-5UTR-Amplicon,66,c,0.3256
SARS-CoV2-5UTR-Amplicon,67,g,0.9009
SARS-CoV2-5UTR-Amplicon,68,a,0.3002
SARS-CoV2-5UTR-Amplicon,69,a,0.4251
SARS-CoV2-5UTR-Amplicon,70,c,1.875
SARS-CoV2-5UTR-Amplicon,71,t,0.425
SARS-CoV2-5UTR-Amplicon,72,t,0.225
SARS-CoV2-5UTR-Amplicon,73,t,0.225
SARS-CoV2-5UTR-Amplicon,74,a,0.4253
SARS-CoV2-5UTR-Amplicon,75,a,0.3002
SARS-CoV2-5UTR-Amplicon,76,a,0.2751
SARS-CoV2-5UTR-Amplicon,77,a,0.3252
SARS-CoV2-5UTR-Amplicon,78,t,0.3251
SARS-CoV2-5UTR-Amplicon,79,c,0.4751
SARS-CoV2-5UTR-Amplicon,80,t,0.3501
SARS-CoV2-5UTR-Amplicon,81,g,0.25
SARS-CoV2-5UTR-Amplicon,82,t,0.35
SARS-CoV2-5UTR-Amplicon,83,g,0.275
SARS-CoV2-5UTR-Amplicon,84,t,0.45
SARS-CoV2-5UTR-Amplicon,85,g,0.275
SARS-CoV2-5UTR-Amplicon,86,g,0.2751
SARS-CoV2-5UTR-Amplicon,87,c,0.2496
SARS-CoV2-5UTR-Amplicon,88,t,0.5492
SARS-CoV2-5UTR-Amplicon,89,g,0.6
SARS-CoV2-5UTR-Amplicon,90,t,0.625
SARS-CoV2-5UTR-Amplicon,91,c,0.55
SARS-CoV2-5UTR-Amplicon,92,a,0.5499
SARS-CoV2-5UTR-Amplicon,93,c,0.4999
SARS-CoV2-5UTR-Amplicon,94,t,0.4749
SARS-CoV2-5UTR-Amplicon,95,c,0.9748
SARS-CoV2-5UTR-Amplicon,96,g,0.5499
SARS-CoV2-5UTR-Amplicon,97,g,0.6998
SARS-CoV2-5UTR-Amplicon,98,c,0.4709
SARS-CoV2-5UTR-Amplicon,99,t,0.5704
SARS-CoV2-5UTR-Amplicon,100,g,0.5456
SARS-CoV2-5UTR-Amplicon,101,c,0.62
SARS-CoV2-5UTR-Amplicon,102,g,0.5458
SARS-CoV2-5UTR-Amplicon,103,t,0.4713
SARS-CoV2-5UTR-Amplicon,104,g,0.546
SARS-CoV2-5UTR-Amplicon,105,c,0.8935
SARS-CoV2-5UTR-Amplicon,106,t,0.9432
SARS-CoV2-5UTR-Amplicon,107,t,1.0424
SARS-CoV2-5UTR-Amplicon,108,a,0.2233
SARS-CoV2-5UTR-Amplicon,109,g,0.273
SARS-CoV2-5UTR-Amplicon,110,t,0.2233
SARS-CoV2-5UTR-Amplicon,111,g,0.1737
SARS-CoV2-5UTR-Amplicon,112,c,0.4962
SARS-CoV2-5UTR-Amplicon,113,a,0.3969
SARS-CoV2-5UTR-Amplicon,114,c,0.2481
SARS-CoV2-5UTR-Amplicon,115,t,0.1985
SARS-CoV2-5UTR-Amplicon,116,c,0.521
SARS-CoV2-5UTR-Amplicon,117,a,0.3473
SARS-CoV2-5UTR-Amplicon,118,c,0.3473
SARS-CoV2-5UTR-Amplicon,119,g,0.5208
SARS-CoV2-5UTR-Amplicon,120,c,0.3968
SARS-CoV2-5UTR-Amplicon,121,a,0.372
SARS-CoV2-5UTR-Amplicon,122,g,0.5208
SARS-CoV2-5UTR-Amplicon,123,t,0.4968
SARS-CoV2-5UTR-Amplicon,124,a,0.3476
SARS-CoV2-5UTR-Amplicon,125,t,0.2223
SARS-CoV2-5UTR-Amplicon,126,a,0.1482
SARS-CoV2-5UTR-Amplicon,127,a,0.1235
SARS-CoV2-5UTR-Amplicon,128,t,0.2223
SARS-CoV2-5UTR-Amplicon,129,t,0.1976
SARS-CoV2-5UTR-Amplicon,130,a,0.1235
SARS-CoV2-5UTR-Amplicon,131,a,0.3706
SARS-CoV2-5UTR-Amplicon,132,t,0.1483
SARS-CoV2-5UTR-Amplicon,133,a,0.4448
SARS-CoV2-5UTR-Amplicon,134,a,0.1977
SARS-CoV2-5UTR-Amplicon,135,c,0.5189
SARS-CoV2-5UTR-Amplicon,136,t,0.2965
SARS-CoV2-5UTR-Amplicon,137,a,0.1236
SARS-CoV2-5UTR-Amplicon,138,a,0.1731
SARS-CoV2-5UTR-Amplicon,139,t,0.1483
SARS-CoV2-5UTR-Amplicon,140,t,0.1731
SARS-CoV2-5UTR-Amplicon,141,a,0.1978
SARS-CoV2-5UTR-Amplicon,142,c,0.1482
SARS-CoV2-5UTR-Amplicon,143,t,0.3953
SARS-CoV2-5UTR-Amplicon,144,g,0.1976
SARS-CoV2-5UTR-Amplicon,145,t,0.0987
SARS-CoV2-5UTR-Amplicon,146,c,0.2714
SARS-CoV2-5UTR-Amplicon,147,g,0.469
SARS-CoV2-5UTR-Amplicon,148,t,0.1728
SARS-CoV2-5UTR-Amplicon,149,t,0.1724
SARS-CoV2-5UTR-Amplicon,150,g,0.6647
SARS-CoV2-5UTR-Amplicon,151,a,0.2216
SARS-CoV2-5UTR-Amplicon,152,c,0.2221
SARS-CoV2-5UTR-Amplicon,153,a,0.4194
SARS-CoV2-5UTR-Amplicon,154,g,0.6663
SARS-CoV2-5UTR-Amplicon,155,g,0.8148
SARS-CoV2-5UTR-Amplicon,156,a,0.3951
SARS-CoV2-5UTR-Amplicon,157,c,0.4446
SARS-CoV2-5UTR-Amplicon,158,a,1.7254
SARS-CoV2-5UTR-Amplicon,159,c,0.4189
SARS-CoV2-5UTR-Amplicon,160,g,1.5271
SARS-CoV2-5UTR-Amplicon,161,a,1.1266
SARS-CoV2-5UTR-Amplicon,162,g,0.5275
SARS-CoV2-5UTR-Amplicon,163,t,0.5992
SARS-CoV2-5UTR-Amplicon,164,a,1.1026
SARS-CoV2-5UTR-Amplicon,165,a,0.3831
SARS-CoV2-5UTR-Amplicon,166,c,0.3351
SARS-CoV2-5UTR-Amplicon,167,t,0.2869
SARS-CoV2-5UTR-Amplicon,168,c,0.5498
SARS-CoV2-5UTR-Amplicon,169,g,0.502
SARS-CoV2-5UTR-Amplicon,170,t,0.7643
SARS-CoV2-5UTR-Amplicon,171,c,0.7643
SARS-CoV2-5UTR-Amplicon,172,t,0.6208
SARS-CoV2-5UTR-Amplicon,173,a,0.5253
SARS-CoV2-5UTR-Amplicon,174,t,0.382
SARS-CoV2-5UTR-Amplicon,175,c,0.3581
SARS-CoV2-5UTR-Amplicon,176,t,0.3103
SARS-CoV2-5UTR-Amplicon,177,t,0.2864
SARS-CoV2-5UTR-Amplicon,178,c,0.3103
SARS-CoV2-5UTR-Amplicon,179,t,0.191
SARS-CoV2-5UTR-Amplicon,180,g,0.5012
SARS-CoV2-5UTR-Amplicon,181,c,0.3344
SARS-CoV2-5UTR-Amplicon,182,a,0.1911
SARS-CoV2-5UTR-Amplicon,183,g,0.305
SARS-CoV2-5UTR-Amplicon,184,g,0.1877
SARS-CoV2-5UTR-Amplicon,185,c,0.2344
SARS-CoV2-5UTR-Amplicon,186,t,0.4216
SARS-CoV2-5UTR-Amplicon,187,g,0.3513
SARS-CoV2-5UTR-Amplicon,188,c,0.3515
SARS-CoV2-5UTR-Amplicon,189,t,0.4925
SARS-CoV2-5UTR-Amplicon,190,t,0.5629
SARS-CoV2-5UTR-Amplicon,191,a,0.3049
SARS-CoV2-5UTR-Amplicon,192,c,0.3283
SARS-CoV2-5UTR-Amplicon,193,g,0.3986
SARS-CoV2-5UTR-Amplicon,194,g,0.2813
SARS-CoV2-5UTR-Amplicon,195,t,0.4454
SARS-CoV2-5UTR-Amplicon,196,t,0.1641
SARS-CoV2-5UTR-Amplicon,197,t,0.2814
SARS-CoV2-5UTR-Amplicon,198,c,0.6331
SARS-CoV2-5UTR-Amplicon,199,g,0.3282
SARS-CoV2-5UTR-Amplicon,200,t,0.4688
SARS-CoV2-5UTR-Amplicon,201,c,0.68
SARS-CoV2-5UTR-Amplicon,202,c,0.891
SARS-CoV2-5UTR-Amplicon,203,g,0.5158
SARS-CoV2-5UTR-Amplicon,204,t,2.6501
SARS-CoV2-5UTR-Amplicon,205,g,0.3986
SARS-CoV2-5UTR-Amplicon,206,t,0.4453
SARS-CoV2-5UTR-Amplicon,207,t,1.078
SARS-CoV2-5UTR-Amplicon,208,g,0.3688
SARS-CoV2-5UTR-Amplicon,209,c,0.507
SARS-CoV2-5UTR-Amplicon,210,a,0.4609
SARS-CoV2-5UTR-Amplicon,211,g,0.3917
SARS-CoV2-5UTR-Amplicon,212,c,0.4147
SARS-CoV2-5UTR-Amplicon,213,c,0.622
SARS-CoV2-5UTR-Amplicon,214,g,1.4068
SARS-CoV2-5UTR-Amplicon,215,a,0.2768
SARS-CoV2-5UTR-Amplicon,216,t,0.3232
SARS-CoV2-5UTR-Amplicon,217,c,1.2699
SARS-CoV2-5UTR-Amplicon,218,a,1.963
SARS-CoV2-5UTR-Amplicon,219,t,0.2309
SARS-CoV2-5UTR-Amplicon,220,c,2.2397
SARS-CoV2-5UTR-Amplicon,221,a,4.1071
SARS-CoV2-5UTR-Amplicon,222,g,4.4993
SARS-CoV2-5UTR-Amplicon,223,c,0.4845
SARS-CoV2-5UTR-Amplicon,224,a,1.7313
SARS-CoV2-5UTR-Amplicon,225,c,0.2535
SARS-CoV2-5UTR-Amplicon,226,a,0.6684
SARS-CoV2-5UTR-Amplicon,227,t,0.4152
SARS-CoV2-5UTR-Amplicon,228,c,0.5536
SARS-CoV2-5UTR-Amplicon,229,t,0.5306
SARS-CoV2-5UTR-Amplicon,230,a,0.4615
SARS-CoV2-5UTR-Amplicon,231,g,0.3692
SARS-CoV2-5UTR-Amplicon,232,g,0.2538
SARS-CoV2-5UTR-Amplicon,233,t,0.2764
SARS-CoV2-5UTR-Amplicon,234,t,0.2304
SARS-CoV2-5UTR-Amplicon,235,t,0.2995
SARS-CoV2-5UTR-Amplicon,236,c,0.4378
SARS-CoV2-5UTR-Amplicon,237,g,0.0691
SARS-CoV2-5UTR-Amplicon,238,t,0.1382
SARS-CoV2-5UTR-Amplicon,239,c,0.2765
SARS-CoV2-5UTR-Amplicon,240,c,0.3917
SARS-CoV2-5UTR-Amplicon,241,g,0.4608
SARS-CoV2-5UTR-Amplicon,242,g,0.3462
SARS-CoV2-5UTR-Amplicon,243,g,0.6233
SARS-CoV2-5UTR-Amplicon,244,t,0.5083
SARS-CoV2-5UTR-Amplicon,245,g,0.1617
SARS-CoV2-5UTR-Amplicon,246,t,0.2542
SARS-CoV2-5UTR-Amplicon,247,g,0.6938
SARS-CoV2-5UTR-Amplicon,248,a,0.6021
SARS-CoV2-5UTR-Amplicon,249,c,0.3706
SARS-CoV2-5UTR-Amplicon,250,c,0.3004
SARS-CoV2-5UTR-Amplicon,251,g,1.1558
SARS-CoV2-5UTR-Amplicon,252,a,0.5315
SARS-CoV2-5UTR-Amplicon,253,a,0.2771
SARS-CoV2-5UTR-Amplicon,254,a,0.5774
SARS-CoV2-5UTR-Amplicon,255,g,0.3922
SARS-CoV2-5UTR-Amplicon,256,g,0.2761
SARS-CoV2-5UTR-Amplicon,257,t,0.4135
SARS-CoV2-5UTR-Amplicon,258,a,0.62
SARS-CoV2-5UTR-Amplicon,259,a,0.4356
SARS-CoV2-5UTR-Amplicon,260,g,0.4812
SARS-CoV2-5UTR-Amplicon,261,a,0.275
SARS-CoV2-5UTR-Amplicon,262,t,0.1832
SARS-CoV2-5UTR-Amplicon,263,g,0.5267
SARS-CoV2-5UTR-Amplicon,264,g,0.2517
SARS-CoV2-5UTR-Amplicon,265,a,0.2057
SARS-CoV2-5UTR-Amplicon,266,g,0.388
SARS-CoV2-5UTR-Amplicon,267,a,0.3415
SARS-CoV2-5UTR-Amplicon,268,g,0.432
SARS-CoV2-5UTR-Amplicon,269,c,0.2954
SARS-CoV2-5UTR-Amplicon,270,c,0.2499
SARS-CoV2-5UTR-Amplicon,271,t,0.5908
SARS-CoV2-5UTR-Amplicon,272,t,0.2954
SARS-CoV2-5UTR-Amplicon,273,g,0.2045
SARS-CoV2-5UTR-Amplicon,274,t,0.4544
SARS-CoV2-5UTR-Amplicon,275,c,1.1821
SARS-CoV2-5UTR-Amplicon,276,c,0.2046
SARS-CoV2-5UTR-Amplicon,277,c,0.432
SARS-CoV2-5UTR-Amplicon,278,t,0.7276
SARS-CoV2-5UTR-Amplicon,279,g,0.8187
SARS-CoV2-5UTR-Amplicon,280,g,0.3866
SARS-CoV2-5UTR-Amplicon,281,t,0.432
SARS-CoV2-5UTR-Amplicon,282,t,0.091
SARS-CoV2-5UTR-Amplicon,283,t,0.318
SARS-CoV2-5UTR-Amplicon,284,c,0.9312
SARS-CoV2-5UTR-Amplicon,285,a,0.6132
SARS-CoV2-5UTR-Amplicon,286,a,0.3634
SARS-CoV2-5UTR-Amplicon,287,c,0.2953
SARS-CoV2-5UTR-Amplicon,288,g,0.9087
SARS-CoV2-5UTR-Amplicon,289,a,0.4318
SARS-CoV2-5UTR-Amplicon,290,g,0.8658
SARS-CoV2-5UTR-Amplicon,291,g,0.319
SARS-CoV2-5UTR-Amplicon,292,g,0.6837
SARS-CoV2-5UTR-Amplicon,293,a,0.5243
SARS-CoV2-5UTR-Amplicon,294,g,0.9847
SARS-CoV2-5UTR-Amplicon,295,t,0.6184
SARS-CoV2-5UTR-Amplicon,296,c,1.7178
SARS-CoV2-5UTR-Amplicon,297,a,1.4891
SARS-CoV2-5UTR-Amplicon,298,a,0.5956
SARS-CoV2-5UTR-Amplicon,299,a,0.5956
SARS-CoV2-5UTR-Amplicon,300,g,0.6647
SARS-CoV2-5UTR-Amplicon,301,t,0.5273
SARS-CoV2-5UTR-Amplicon,302,t,0.5731
SARS-CoV2-5UTR-Amplicon,303,c,0.5966
SARS-CoV2-5UTR-Amplicon,304,t,0.5049
SARS-CoV2-5UTR-Amplicon,305,g,0.2525
SARS-CoV2-5UTR-Amplicon,306,t,0.9183
SARS-CoV2-5UTR-Amplicon,307,t,0.4132
SARS-CoV2-5UTR-Amplicon,308,t,0.62
SARS-CoV2-5UTR-Amplicon,309,g,0.4383
SARS-CoV2-5UTR-Amplicon,310,c,0.9234
SARS-CoV2-5UTR-Amplicon,311,c,0.2308
SARS-CoV2-5UTR-Amplicon,312,c,0.3923
SARS-CoV2-5UTR-Amplicon,313,t,0.5543
SARS-CoV2-5UTR-Amplicon,314,g,0.508
SARS-CoV2-5UTR-Amplicon,315,a,0.2079
SARS-CoV2-5UTR-Amplicon,316,t,0.6005
SARS-CoV2-5UTR-Amplicon,317,c,0.3464
SARS-CoV2-5UTR-Amplicon,318,t,0.5776
SARS-CoV2-5UTR-Amplicon,319,g,0.624
SARS-CoV2-5UTR-Amplicon,320,c,0.2774
SARS-CoV2-5UTR-Amplicon,321,a,1.387
SARS-CoV2-5UTR-Amplicon,322,t,0.0694
SARS-CoV2-5UTR-Amplicon,323,c,0.5091
SARS-CoV2-5UTR-Amplicon,324,g,0.1853
SARS-CoV2-5UTR-Amplicon,325,c,0.1406
SARS-CoV2-5UTR-Amplicon,326,t,1.2893
SARS-CoV2-5UTR-Amplicon,327,g,1.1252
SARS-CoV2-5UTR-Amplicon,328,t,1.7585
SARS-CoV2-5UTR-Amplicon,329,g,0.4925
SARS-CoV2-5UTR-Amplicon,330,g,0.3049
SARS-CoV2-5UTR-Amplicon,331,c,0.4456
SARS-CoV2-5UTR-Amplicon,332,c,0.4927
SARS-CoV2-5UTR-Amplicon,333,g,2.3463
SARS-CoV2-5UTR-Amplicon,334,a,1.0558
SARS-CoV2-5UTR-Amplicon,335,g,0.4224
SARS-CoV2-5UTR-Amplicon,336,g,0.7046
SARS-CoV2-5UTR-Amplicon,337,c,0.611
SARS-CoV2-5UTR-Amplicon,338,c,0.9681
SARS-CoV2-5UTR-Amplicon,339,a,1.0651
SARS-CoV2-5UTR-Amplicon,340,a,0.2716
SARS-CoV2-5UTR-Amplicon,341,g,0.2716
SARS-CoV2-5UTR-Amplicon,342,c,0.2963
SARS-CoV2-5UTR-Amplicon,343,c,0.1976
SARS-CoV2-5UTR-Amplicon,344,c,0.2724
SARS-CoV2-5UTR-Amplicon,345,a,0.3226
SARS-CoV2-5UTR-Amplicon,346,c,0.4475
SARS-CoV2-5UTR-Amplicon,347,c,0.1745
SARS-CoV2-5UTR-Amplicon,348,g,0.4489
SARS-CoV2-5UTR-Amplicon,349,a,0.3742
SARS-CoV2-5UTR-Amplicon,350,g,0.3244
SARS-CoV2-5UTR-Amplicon,351,a,0.5991
SARS-CoV2-5UTR-Amplicon,352,a,0.3496
SARS-CoV2-5UTR-Amplicon,353,c,0.3252
SARS-CoV2-5UTR-Amplicon,354,a,0.3511
SARS-CoV2-5UTR-Amplicon,355,a,0.1765
SARS-CoV2-5UTR-Amplicon,356,c,0.1515
SARS-CoV2-5UTR-Amplicon,357,g,0.4555
SARS-CoV2-5UTR-Amplicon,358,a,0.5571
SARS-CoV2-5UTR-Amplicon,359,a,0.2538
SARS-CoV2-5UTR-Amplicon,360,g,0.254
SARS-CoV2-5UTR-Amplicon,361,a,0.2799
SARS-CoV2-5UTR-Amplicon,362,c,0.1788
SARS-CoV2-5UTR-Amplicon,363,t,0.257
SARS-CoV2-5UTR-Amplicon,364,t,0.1554
SARS-CoV2-5UTR-Amplicon,365,c,0.1817
SARS-CoV2-5UTR-Amplicon,366,a,0.3896
SARS-CoV2-5UTR-Amplicon,367,a,0.104
SARS-CoV2-5UTR-Amplicon,368,c,0.1302
SARS-CoV2-5UTR-Amplicon,369,a,0.1824
SARS-CoV2-5UTR-Amplicon,370,t,0.0261
SARS-CoV2-5UTR-Amplicon,371,c,0.0788
SARS-CoV2-5UTR-Amplicon,372,g,0.0263
SARS-CoV2-5UTR-Amplicon,373,t,0.1055
SARS-CoV2-5UTR-Amplicon,374,g,0.0265
SARS-CoV2-5UTR-Amplicon,375,g,0
SARS-CoV2-5UTR-Amplicon,376,c,0
SARS-CoV2-5UTR-Amplicon,377,c,0
SARS-CoV2-5UTR-Amplicon,378,g,0
