Region,Position,Ref_base,Mut_percentage
SARS-CoV2-5UTR-Amplicon,1,a,0
SARS-CoV2-5UTR-Amplicon,2,g,0
SARS-CoV2-5UTR-Amplicon,3,g,0
SARS-CoV2-5UTR-Amplicon,4,t,0
SARS-CoV2-5UTR-Amplicon,5,t,0.0863
SARS-CoV2-5UTR-Amplicon,6,t,0.7182
SARS-CoV2-5UTR-Amplicon,7,a,0.2862
SARS-CoV2-5UTR-Amplicon,8,t,0.4166
SARS-CoV2-5UTR-Amplicon,9,a,0.4963
SARS-CoV2-5UTR-Amplicon,10,c,0.3573
SARS-CoV2-5UTR-Amplicon,11,c,0.0822
SARS-CoV2-5UTR-Amplicon,12,t,0.8741
SARS-CoV2-5UTR-Amplicon,13,t,0.573
SARS-CoV2-5UTR-Amplicon,14,c,1.6644
SARS-CoV2-5UTR-Amplicon,15,c,0.3819
SARS-CoV2-5UTR-Amplicon,16,c,0.4907
SARS-CoV2-5UTR-Amplicon,17,a,0.3536
SARS-CoV2-5UTR-Amplicon,18,g,0.4895
SARS-CoV2-5UTR-Amplicon,19,g,0.1086
SARS-CoV2-5UTR-Amplicon,20,t,1.1924
SARS-CoV2-5UTR-Amplicon,21,a,0.9202
SARS-CoV2-5UTR-Amplicon,22,a,0.8112
SARS-CoV2-5UTR-Amplicon,23,c,0.9172
SARS-CoV2-5UTR-Amplicon,24,a,0.8015
SARS-CoV2-5UTR-Amplicon,25,a,0.3723
SARS-CoV2-5UTR-Amplicon,26,a,0.3693
SARS-CoV2-5UTR-Amplicon,27,c,0.7782
SARS-CoV2-5UTR-Amplicon,28,c,0.6088
SARS-CoV2-5UTR-Amplicon,29,a,0.1257
SARS-CoV2-5UTR-Amplicon,30,a,-0.0251
SARS-CoV2-5UTR-Amplicon,31,c,0.0751
SARS-CoV2-5UTR-Amplicon,32,c,0.4994
SARS-CoV2-5UTR-Amplicon,33,a,0.224
SARS-CoV2-5UTR-Amplicon,34,a,0.124
SARS-CoV2-5UTR-Amplicon,35,c,0.2227
SARS-CoV2-5UTR-Amplicon,36,t,0.2966
SARS-CoV2-5UTR-Amplicon,37,t,0.049
SARS-CoV2-5UTR-Amplicon,38,t,0.1712
SARS-CoV2-5UTR-Amplicon,39,c,1.2962
SARS-CoV2-5UTR-Amplicon,40,g,1.1957
SARS-CoV2-5UTR-Amplicon,41,a,0.2194
SARS-CoV2-5UTR-Amplicon,42,t,0.5585
SARS-CoV2-5UTR-Amplicon,43,c,1.0854
SARS-CoV2-5UTR-Amplicon,44,t,0.2163
SARS-CoV2-5UTR-Amplicon,45,c,0.6969
SARS-CoV2-5UTR-Amplicon,46,t,1.6815
SARS-CoV2-5UTR-Amplicon,47,t,1.4169
SARS-CoV2-5UTR-Amplicon,48,g,0.2158
SARS-CoV2-5UTR-Amplicon,49,t,0.3592
SARS-CoV2-5UTR-Amplicon,50,a,0.4543
SARS-CoV2-5UTR-Amplicon,51,g,0.9565
SARS-CoV2-5UTR-Amplicon,52,a,0.2869
SARS-CoV2-5UTR-Amplicon,53,t,0.4779
SARS-CoV2-5UTR-Amplicon,54,c,1.147
SARS-CoV2-5UTR-Amplicon,55,t,0.8122
SARS-CoV2-5UTR-Amplicon,56,g,0.7883
SARS-CoV2-5UTR-Amplicon,57,t,1.0509
SARS-CoV2-5UTR-Amplicon,58,t,0.621
SARS-CoV2-5UTR-Amplicon,59,c,0.8839
SARS-CoV2-5UTR-Amplicon,60,t,0.5733
SARS-CoV2-5UTR-Amplicon,61,c,0.9553
SARS-CoV2-5UTR-Amplicon,62,t,1.0776
SARS-CoV2-5UTR-Amplicon,63,a,4.8839
SARS-CoV2-5UTR-Amplicon,64,a,0.2393
SARS-CoV2-5UTR-Amplicon,65,a,0.1197
SARS-CoV2-5UTR-Amplicon,66,c,0.1675
SARS-CoV2-5UTR-Amplicon,67,g,0.6461
SARS-CoV2-5UTR-Amplicon,68,a,0.3348
SARS-CoV2-5UTR-Amplicon,69,a,0.4065
SARS-CoV2-5UTR-Amplicon,70,c,2.2716
SARS-CoV2-5UTR-Amplicon,71,t,0.4541
SARS-CoV2-5UTR-Amplicon,72,t,0.1912
SARS-CoV2-5UTR-Amplicon,73,t,0.2151
SARS-CoV2-5UTR-Amplicon,74,a,0.3833
SARS-CoV2-5UTR-Amplicon,75,a,0.1198
SARS-CoV2-5UTR-Amplicon,76,a,0.1437
SARS-CoV2-5UTR-Amplicon,77,a,0.1677
SARS-CoV2-5UTR-Amplicon,78,t,0.2634
SARS-CoV2-5UTR-Amplicon,79,c,0.4069
SARS-CoV2-5UTR-Amplicon,80,t,0.3828
SARS-CoV2-5UTR-Amplicon,81,g,0.1672
SARS-CoV2-5UTR-Amplicon,82,t,0.1433
SARS-CoV2-5UTR-Amplicon,83,g,0.0717
SARS-CoV2-5UTR-Amplicon,84,t,1.6006
SARS-CoV2-5UTR-Amplicon,85,g,0.2628
SARS-CoV2-5UTR-Amplicon,86,g,0.3824
SARS-CoV2-5UTR-Amplicon,87,c,0.2148
SARS-CoV2-5UTR-Amplicon,88,t,0.3103
SARS-CoV2-5UTR-Amplicon,89,g,0.326
SARS-CoV2-5UTR-Amplicon,90,t,0.1254
SARS-CoV2-5UTR-Amplicon,91,c,0.2758
SARS-CoV2-5UTR-Amplicon,92,a,0.326
SARS-CoV2-5UTR-Amplicon,93,c,0.2009
SARS-CoV2-5UTR-Amplicon,94,t,0.1507
SARS-CoV2-5UTR-Amplicon,95,c,0.5779
SARS-CoV2-5UTR-Amplicon,96,g,0.3769
SARS-CoV2-5UTR-Amplicon,97,g,0.3769
SARS-CoV2-5UTR-Amplicon,98,c,0.202
SARS-CoV2-5UTR-Amplicon,99,t,0.2589
SARS-CoV2-5UTR-Amplicon,100,g,0.4658
SARS-CoV2-5UTR-Amplicon,101,c,0.5694
SARS-CoV2-5UTR-Amplicon,102,g,0.311
SARS-CoV2-5UTR-Amplicon,103,t,0.4918
SARS-CoV2-5UTR-Amplicon,104,g,0.2848
SARS-CoV2-5UTR-Amplicon,105,c,1.0872
SARS-CoV2-5UTR-Amplicon,106,t,0.9578
SARS-CoV2-5UTR-Amplicon,107,t,1.2167
SARS-CoV2-5UTR-Amplicon,108,a,0.233
SARS-CoV2-5UTR-Amplicon,109,g,0.3624
SARS-CoV2-5UTR-Amplicon,110,t,0.2588
SARS-CoV2-5UTR-Amplicon,111,g,0.3106
SARS-CoV2-5UTR-Amplicon,112,c,0.3883
SARS-CoV2-5UTR-Amplicon,113,a,0.1294
SARS-CoV2-5UTR-Amplicon,114,c,0.2849
SARS-CoV2-5UTR-Amplicon,115,t,0.1295
SARS-CoV2-5UTR-Amplicon,116,c,0.4661
SARS-CoV2-5UTR-Amplicon,117,a,0.2332
SARS-CoV2-5UTR-Amplicon,118,c,0.3108
SARS-CoV2-5UTR-Amplicon,119,g,0.259
SARS-CoV2-5UTR-Amplicon,120,c,0.1813
SARS-CoV2-5UTR-Amplicon,121,a,0.2072
SARS-CoV2-5UTR-Amplicon,122,g,0.1813
SARS-CoV2-5UTR-Amplicon,123,t,0.2861
SARS-CoV2-5UTR-Amplicon,124,a,0.2603
SARS-CoV2-5UTR-Amplicon,125,t,0.2579
SARS-CoV2-5UTR-Amplicon,126,a,0.2063
SARS-CoV2-5UTR-Amplicon,127,a,0.129
SARS-CoV2-5UTR-Amplicon,128,t,0.129
SARS-CoV2-5UTR-Amplicon,129,t,0.2838
SARS-CoV2-5UTR-Amplicon,130,a,0.3096
SARS-CoV2-5UTR-Amplicon,131,a,0.6192
SARS-CoV2-5UTR-Amplicon,132,t,0.1806
SARS-CoV2-5UTR-Amplicon,133,a,0.774
SARS-CoV2-5UTR-Amplicon,134,a,0.2322
SARS-CoV2-5UTR-Amplicon,135,c,0.8
SARS-CoV2-5UTR-Amplicon,136,t,0.2581
SARS-CoV2-5UTR-Amplicon,137,a,0.2067
SARS-CoV2-5UTR-Amplicon,138,a,0.1034
SARS-CoV2-5UTR-Amplicon,139,t,0.155
SARS-CoV2-5UTR-Amplicon,140,t,0.2584
SARS-CoV2-5UTR-Amplicon,141,a,0.2067
SARS-CoV2-5UTR-Amplicon,142,c,0.2579
SARS-CoV2-5UTR-Amplicon,143,t,0.4129
SARS-CoV2-5UTR-Amplicon,144,g,0.1548
SARS-CoV2-5UTR-Amplicon,145,t,0.1547
SARS-CoV2-5UTR-Amplicon,146,c,0.3094
SARS-CoV2-5UTR-Amplicon,147,g,0.2837
SARS-CoV2-5UTR-Amplicon,148,t,0.3094
SARS-CoV2-5UTR-Amplicon,149,t,0.3067
SARS-CoV2-5UTR-Amplicon,150,g,0.689
SARS-CoV2-5UTR-Amplicon,151,a,0.2552
SARS-CoV2-5UTR-Amplicon,152,c,0.282
SARS-CoV2-5UTR-Amplicon,153,a,0.3333
SARS-CoV2-5UTR-Amplicon,154,g,0.7436
SARS-CoV2-5UTR-Amplicon,155,g,0.9749
SARS-CoV2-5UTR-Amplicon,156,a,0.5389
SARS-CoV2-5UTR-Amplicon,157,c,0.6415
SARS-CoV2-5UTR-Amplicon,158,a,1.5389
SARS-CoV2-5UTR-Amplicon,159,c,0.4104
SARS-CoV2-5UTR-Amplicon,160,g,1.7995
SARS-CoV2-5UTR-Amplicon,161,a,1.1222
SARS-CoV2-5UTR-Amplicon,162,g,0.4081
SARS-CoV2-5UTR-Amplicon,163,t,0.4844
SARS-CoV2-5UTR-Amplicon,164,a,1.0709
SARS-CoV2-5UTR-Amplicon,165,a,0.357
SARS-CoV2-5UTR-Amplicon,166,c,0.3821
SARS-CoV2-5UTR-Amplicon,167,t,0.305
SARS-CoV2-5UTR-Amplicon,168,c,0.7117
SARS-CoV2-5UTR-Amplicon,169,g,0.5084
SARS-CoV2-5UTR-Amplicon,170,t,0.7105
SARS-CoV2-5UTR-Amplicon,171,c,1.1923
SARS-CoV2-5UTR-Amplicon,172,t,2.2329
SARS-CoV2-5UTR-Amplicon,173,a,0.9137
SARS-CoV2-5UTR-Amplicon,174,t,0.5824
SARS-CoV2-5UTR-Amplicon,175,c,0.6835
SARS-CoV2-5UTR-Amplicon,176,t,1.1637
SARS-CoV2-5UTR-Amplicon,177,t,0.4299
SARS-CoV2-5UTR-Amplicon,178,c,0.8093
SARS-CoV2-5UTR-Amplicon,179,t,0.5311
SARS-CoV2-5UTR-Amplicon,180,g,0.7332
SARS-CoV2-5UTR-Amplicon,181,c,0.7329
SARS-CoV2-5UTR-Amplicon,182,a,0.3031
SARS-CoV2-5UTR-Amplicon,183,g,0.2738
SARS-CoV2-5UTR-Amplicon,184,g,0.2739
SARS-CoV2-5UTR-Amplicon,185,c,0.2486
SARS-CoV2-5UTR-Amplicon,186,t,0.6464
SARS-CoV2-5UTR-Amplicon,187,g,0.6711
SARS-CoV2-5UTR-Amplicon,188,c,0.4474
SARS-CoV2-5UTR-Amplicon,189,t,0.8211
SARS-CoV2-5UTR-Amplicon,190,t,0.5477
SARS-CoV2-5UTR-Amplicon,191,a,0.4731
SARS-CoV2-5UTR-Amplicon,192,c,0.4232
SARS-CoV2-5UTR-Amplicon,193,g,0.672
SARS-CoV2-5UTR-Amplicon,194,g,0.5475
SARS-CoV2-5UTR-Amplicon,195,t,0.3733
SARS-CoV2-5UTR-Amplicon,196,t,0.224
SARS-CoV2-5UTR-Amplicon,197,t,0.2235
SARS-CoV2-5UTR-Amplicon,198,c,0.7452
SARS-CoV2-5UTR-Amplicon,199,g,0.2981
SARS-CoV2-5UTR-Amplicon,200,t,0.3976
SARS-CoV2-5UTR-Amplicon,201,c,0.5467
SARS-CoV2-5UTR-Amplicon,202,c,0.6213
SARS-CoV2-5UTR-Amplicon,203,g,0.2486
SARS-CoV2-5UTR-Amplicon,204,t,0.5716
SARS-CoV2-5UTR-Amplicon,205,g,0.3477
SARS-CoV2-5UTR-Amplicon,206,t,0.4223
SARS-CoV2-5UTR-Amplicon,207,t,0.571
SARS-CoV2-5UTR-Amplicon,208,g,0.4169
SARS-CoV2-5UTR-Amplicon,209,c,0.5641
SARS-CoV2-5UTR-Amplicon,210,a,0.2699
SARS-CoV2-5UTR-Amplicon,211,g,0.5146
SARS-CoV2-5UTR-Amplicon,212,c,0.3431
SARS-CoV2-5UTR-Amplicon,213,c,0.3188
SARS-CoV2-5UTR-Amplicon,214,g,0.9318
SARS-CoV2-5UTR-Amplicon,215,a,0.2697
SARS-CoV2-5UTR-Amplicon,216,t,0.2209
SARS-CoV2-5UTR-Amplicon,217,c,1.2027
SARS-CoV2-5UTR-Amplicon,218,a,1.9146
SARS-CoV2-5UTR-Amplicon,219,t,0.3192
SARS-CoV2-5UTR-Amplicon,220,c,1.9887
SARS-CoV2-5UTR-Amplicon,221,a,3.9028
SARS-CoV2-5UTR-Amplicon,222,g,4.0992
SARS-CoV2-5UTR-Amplicon,223,c,0.6629
SARS-CoV2-5UTR-Amplicon,224,a,1.352
SARS-CoV2-5UTR-Amplicon,225,c,0.3679
SARS-CoV2-5UTR-Amplicon,226,a,0.9323
SARS-CoV2-5UTR-Amplicon,227,t,0.5646
SARS-CoV2-5UTR-Amplicon,228,c,0.8591
SARS-CoV2-5UTR-Amplicon,229,t,0.8591
SARS-CoV2-5UTR-Amplicon,230,a,0.6873
SARS-CoV2-5UTR-Amplicon,231,g,0.81
SARS-CoV2-5UTR-Amplicon,232,g,0.6875
SARS-CoV2-5UTR-Amplicon,233,t,0.7843
SARS-CoV2-5UTR-Amplicon,234,t,0.5395
SARS-CoV2-5UTR-Amplicon,235,t,0.5151
SARS-CoV2-5UTR-Amplicon,236,c,0.6869
SARS-CoV2-5UTR-Amplicon,237,g,0.2943
SARS-CoV2-5UTR-Amplicon,238,t,0.1963
SARS-CoV2-5UTR-Amplicon,239,c,0.4907
SARS-CoV2-5UTR-Amplicon,240,c,0.3435
SARS-CoV2-5UTR-Amplicon,241,g,0.5408
SARS-CoV2-5UTR-Amplicon,242,g,0.443
SARS-CoV2-5UTR-Amplicon,243,g,0.8863
SARS-CoV2-5UTR-Amplicon,244,t,0.7662
SARS-CoV2-5UTR-Amplicon,245,g,0.3462
SARS-CoV2-5UTR-Amplicon,246,t,0.4206
SARS-CoV2-5UTR-Amplicon,247,g,0.7915
SARS-CoV2-5UTR-Amplicon,248,a,0.7671
SARS-CoV2-5UTR-Amplicon,249,c,0.3219
SARS-CoV2-5UTR-Amplicon,250,c,0.4201
SARS-CoV2-5UTR-Amplicon,251,g,0.8895
SARS-CoV2-5UTR-Amplicon,252,a,0.6668
SARS-CoV2-5UTR-Amplicon,253,a,0.2963
SARS-CoV2-5UTR-Amplicon,254,a,0.5183
SARS-CoV2-5UTR-Amplicon,255,g,0.4688
SARS-CoV2-5UTR-Amplicon,256,g,0.4675
SARS-CoV2-5UTR-Amplicon,257,t,0.5897
SARS-CoV2-5UTR-Amplicon,258,a,0.8102
SARS-CoV2-5UTR-Amplicon,259,a,0.5146
SARS-CoV2-5UTR-Amplicon,260,g,0.5877
SARS-CoV2-5UTR-Amplicon,261,a,0.3673
SARS-CoV2-5UTR-Amplicon,262,t,0.2695
SARS-CoV2-5UTR-Amplicon,263,g,0.5393
SARS-CoV2-5UTR-Amplicon,264,g,0.8088
SARS-CoV2-5UTR-Amplicon,265,a,0.3673
SARS-CoV2-5UTR-Amplicon,266,g,0.4644
SARS-CoV2-5UTR-Amplicon,267,a,0.3907
SARS-CoV2-5UTR-Amplicon,268,g,0.6124
SARS-CoV2-5UTR-Amplicon,269,c,0.5146
SARS-CoV2-5UTR-Amplicon,270,c,0.5146
SARS-CoV2-5UTR-Amplicon,271,t,0.8086
SARS-CoV2-5UTR-Amplicon,272,t,0.1716
SARS-CoV2-5UTR-Amplicon,273,g,0.2699
SARS-CoV2-5UTR-Amplicon,274,t,0.491
SARS-CoV2-5UTR-Amplicon,275,c,1.3255
SARS-CoV2-5UTR-Amplicon,276,c,0.4175
SARS-CoV2-5UTR-Amplicon,277,c,0.5157
SARS-CoV2-5UTR-Amplicon,278,t,0.835
SARS-CoV2-5UTR-Amplicon,279,g,1.3016
SARS-CoV2-5UTR-Amplicon,280,g,0.4913
SARS-CoV2-5UTR-Amplicon,281,t,0.5158
SARS-CoV2-5UTR-Amplicon,282,t,0.2702
SARS-CoV2-5UTR-Amplicon,283,t,0.5897
SARS-CoV2-5UTR-Amplicon,284,c,1.3514
SARS-CoV2-5UTR-Amplicon,285,a,0.5652
SARS-CoV2-5UTR-Amplicon,286,a,0.2212
SARS-CoV2-5UTR-Amplicon,287,c,0.3442
SARS-CoV2-5UTR-Amplicon,288,g,0.5658
SARS-CoV2-5UTR-Amplicon,289,a,0.2707
SARS-CoV2-5UTR-Amplicon,290,g,1.2874
SARS-CoV2-5UTR-Amplicon,291,g,0.3219
SARS-CoV2-5UTR-Amplicon,292,g,0.6686
SARS-CoV2-5UTR-Amplicon,293,a,0.5204
SARS-CoV2-5UTR-Amplicon,294,g,1.123
SARS-CoV2-5UTR-Amplicon,295,t,0.6489
SARS-CoV2-5UTR-Amplicon,296,c,2.0969
SARS-CoV2-5UTR-Amplicon,297,a,1.5235
SARS-CoV2-5UTR-Amplicon,298,a,0.6244
SARS-CoV2-5UTR-Amplicon,299,a,0.7994
SARS-CoV2-5UTR-Amplicon,300,g,0.9745
SARS-CoV2-5UTR-Amplicon,301,t,0.6997
SARS-CoV2-5UTR-Amplicon,302,t,0.8242
SARS-CoV2-5UTR-Amplicon,303,c,0.7
SARS-CoV2-5UTR-Amplicon,304,t,0.8252
SARS-CoV2-5UTR-Amplicon,305,g,0.5254
SARS-CoV2-5UTR-Amplicon,306,t,1.1514
SARS-CoV2-5UTR-Amplicon,307,t,0.4255
SARS-CoV2-5UTR-Amplicon,308,t,0.651
SARS-CoV2-5UTR-Amplicon,309,g,0.4284
SARS-CoV2-5UTR-Amplicon,310,c,1.0845
SARS-CoV2-5UTR-Amplicon,311,c,0.3279
SARS-CoV2-5UTR-Amplicon,312,c,0.3786
SARS-CoV2-5UTR-Amplicon,313,t,0.4788
SARS-CoV2-5UTR-Amplicon,314,g,0.4536
SARS-CoV2-5UTR-Amplicon,315,a,0.2016
SARS-CoV2-5UTR-Amplicon,316,t,0.454
SARS-CoV2-5UTR-Amplicon,317,c,0.5296
SARS-CoV2-5UTR-Amplicon,318,t,0.6561
SARS-CoV2-5UTR-Amplicon,319,g,0.5051
SARS-CoV2-5UTR-Amplicon,320,c,0.3789
SARS-CoV2-5UTR-Amplicon,321,a,1.2882
SARS-CoV2-5UTR-Amplicon,322,t,0.1769
SARS-CoV2-5UTR-Amplicon,323,c,0.5815
SARS-CoV2-5UTR-Amplicon,324,g,0.1525
SARS-CoV2-5UTR-Amplicon,325,c,0.1798
SARS-CoV2-5UTR-Amplicon,326,t,0.4886
SARS-CoV2-5UTR-Amplicon,327,g,0.4115
SARS-CoV2-5UTR-Amplicon,328,t,0.5661
SARS-CoV2-5UTR-Amplicon,329,g,0.2059
SARS-CoV2-5UTR-Amplicon,330,g,0.2831
SARS-CoV2-5UTR-Amplicon,331,c,0.5149
SARS-CoV2-5UTR-Amplicon,332,c,0.1803
SARS-CoV2-5UTR-Amplicon,333,g,0.8245
SARS-CoV2-5UTR-Amplicon,334,a,0.9278
SARS-CoV2-5UTR-Amplicon,335,g,0.4124
SARS-CoV2-5UTR-Amplicon,336,g,0.8208
SARS-CoV2-5UTR-Amplicon,337,c,0.4768
SARS-CoV2-5UTR-Amplicon,338,c,0.5159
SARS-CoV2-5UTR-Amplicon,339,a,1.1141
SARS-CoV2-5UTR-Amplicon,340,a,0.1385
SARS-CoV2-5UTR-Amplicon,341,g,0.2772
SARS-CoV2-5UTR-Amplicon,342,c,0.3053
SARS-CoV2-5UTR-Amplicon,343,c,0.0833
SARS-CoV2-5UTR-Amplicon,344,c,0.088
SARS-CoV2-5UTR-Amplicon,345,a,0.2357
SARS-CoV2-5UTR-Amplicon,346,c,0.2658
SARS-CoV2-5UTR-Amplicon,347,c,0.1525
SARS-CoV2-5UTR-Amplicon,348,g,0.1833
SARS-CoV2-5UTR-Amplicon,349,a,0.2445
SARS-CoV2-5UTR-Amplicon,350,g,0.3058
SARS-CoV2-5UTR-Amplicon,351,a,0.4092
SARS-CoV2-5UTR-Amplicon,352,a,0.2208
SARS-CoV2-5UTR-Amplicon,353,c,0.2841
SARS-CoV2-5UTR-Amplicon,354,a,0.3162
SARS-CoV2-5UTR-Amplicon,355,a,0.1603
SARS-CoV2-5UTR-Amplicon,356,c,0.1927
SARS-CoV2-5UTR-Amplicon,357,g,0.2249
SARS-CoV2-5UTR-Amplicon,358,a,0.1928
SARS-CoV2-5UTR-Amplicon,359,a,0.193
SARS-CoV2-5UTR-Amplicon,360,g,0.0966
SARS-CoV2-5UTR-Amplicon,361,a,0.0645
SARS-CoV2-5UTR-Amplicon,362,c,0.0646
SARS-CoV2-5UTR-Amplicon,363,t,0.1297
SARS-CoV2-5UTR-Amplicon,364,t,0.0325
SARS-CoV2-5UTR-Amplicon,365,c,0.0978
SARS-CoV2-5UTR-Amplicon,366,a,0.4891
SARS-CoV2-5UTR-Amplicon,367,a,0.0326
SARS-CoV2-5UTR-Amplicon,368,c,0.0653
SARS-CoV2-5UTR-Amplicon,369,a,0.1633
SARS-CoV2-5UTR-Amplicon,370,t,0
SARS-CoV2-5UTR-Amplicon,371,c,0.0327
SARS-CoV2-5UTR-Amplicon,372,g,0.033
SARS-CoV2-5UTR-Amplicon,373,t,0.1653
SARS-CoV2-5UTR-Amplicon,374,g,0
SARS-CoV2-5UTR-Amplicon,375,g,0
SARS-CoV2-5UTR-Amplicon,376,c,0
SARS-CoV2-5UTR-Amplicon,377,c,0
SARS-CoV2-5UTR-Amplicon,378,g,0
