Region,Position,Ref_base,Depth,Mut_count,Mut_percentage
SARS-CoV2-5UTR-Amplicon-short-trimmed+3,1,T,1189457,0,0
SARS-CoV2-5UTR-Amplicon-short-trimmed+3,2,T,1190851,0,0
SARS-CoV2-5UTR-Amplicon-short-trimmed+3,3,G,1191400,0,0
SARS-CoV2-5UTR-Amplicon-short-trimmed+3,4,t,1192665,0,0
SARS-CoV2-5UTR-Amplicon-short-trimmed+3,5,a,1193208,0,0
SARS-CoV2-5UTR-Amplicon-short-trimmed+3,6,g,1193574,890,0.0746
SARS-CoV2-5UTR-Amplicon-short-trimmed+3,7,a,1193651,479,0.0401
SARS-CoV2-5UTR-Amplicon-short-trimmed+3,8,t,1193703,496,0.0416
SARS-CoV2-5UTR-Amplicon-short-trimmed+3,9,c,1193727,728,0.061
SARS-CoV2-5UTR-Amplicon-short-trimmed+3,10,t,1193829,607,0.0508
SARS-CoV2-5UTR-Amplicon-short-trimmed+3,11,g,1193855,3954,0.3312
SARS-CoV2-5UTR-Amplicon-short-trimmed+3,12,t,1193897,795,0.0666
SARS-CoV2-5UTR-Amplicon-short-trimmed+3,13,t,1193946,1094,0.0916
SARS-CoV2-5UTR-Amplicon-short-trimmed+3,14,c,1193973,2447,0.2049
SARS-CoV2-5UTR-Amplicon-short-trimmed+3,15,t,1193976,944,0.0791
SARS-CoV2-5UTR-Amplicon-short-trimmed+3,16,c,1193982,2560,0.2144
SARS-CoV2-5UTR-Amplicon-short-trimmed+3,17,t,1194002,979,0.082
SARS-CoV2-5UTR-Amplicon-short-trimmed+3,18,a,1194017,902,0.0755
SARS-CoV2-5UTR-Amplicon-short-trimmed+3,19,a,1194019,596,0.0499
SARS-CoV2-5UTR-Amplicon-short-trimmed+3,20,a,1194101,781,0.0654
SARS-CoV2-5UTR-Amplicon-short-trimmed+3,21,c,1194101,1949,0.1632
SARS-CoV2-5UTR-Amplicon-short-trimmed+3,22,g,1194101,765,0.0641
SARS-CoV2-5UTR-Amplicon-short-trimmed+3,23,a,1194102,754,0.0631
SARS-CoV2-5UTR-Amplicon-short-trimmed+3,24,a,1194103,532,0.0446
SARS-CoV2-5UTR-Amplicon-short-trimmed+3,25,c,1194103,13956,1.1687
SARS-CoV2-5UTR-Amplicon-short-trimmed+3,26,t,1194103,1771,0.1483
SARS-CoV2-5UTR-Amplicon-short-trimmed+3,27,t,1194108,1609,0.1347
SARS-CoV2-5UTR-Amplicon-short-trimmed+3,28,t,1194153,3400,0.2847
SARS-CoV2-5UTR-Amplicon-short-trimmed+3,29,a,1194153,1459,0.1222
SARS-CoV2-5UTR-Amplicon-short-trimmed+3,30,a,1194153,687,0.0575
SARS-CoV2-5UTR-Amplicon-short-trimmed+3,31,a,1194086,618,0.0518
SARS-CoV2-5UTR-Amplicon-short-trimmed+3,32,a,1194096,778,0.0652
SARS-CoV2-5UTR-Amplicon-short-trimmed+3,33,t,1194096,3136,0.2626
SARS-CoV2-5UTR-Amplicon-short-trimmed+3,34,c,1194096,1443,0.1208
SARS-CoV2-5UTR-Amplicon-short-trimmed+3,35,t,1194093,775,0.0649
SARS-CoV2-5UTR-Amplicon-short-trimmed+3,36,g,1194093,1161,0.0972
SARS-CoV2-5UTR-Amplicon-short-trimmed+3,37,t,1194090,761,0.0637
SARS-CoV2-5UTR-Amplicon-short-trimmed+3,38,g,1194092,529,0.0443
SARS-CoV2-5UTR-Amplicon-short-trimmed+3,39,t,1194099,600,0.0502
SARS-CoV2-5UTR-Amplicon-short-trimmed+3,40,g,1194099,865,0.0724
SARS-CoV2-5UTR-Amplicon-short-trimmed+3,41,g,1194096,883,0.0739
SARS-CoV2-5UTR-Amplicon-short-trimmed+3,42,c,1194093,1152,0.0965
SARS-CoV2-5UTR-Amplicon-short-trimmed+3,43,t,1194089,1292,0.1082
SARS-CoV2-5UTR-Amplicon-short-trimmed+3,44,g,1194090,1196,0.1002
SARS-CoV2-5UTR-Amplicon-short-trimmed+3,45,t,1194087,1150,0.0963
SARS-CoV2-5UTR-Amplicon-short-trimmed+3,46,c,1194084,1122,0.094
SARS-CoV2-5UTR-Amplicon-short-trimmed+3,47,a,1194074,904,0.0757
SARS-CoV2-5UTR-Amplicon-short-trimmed+3,48,c,1194057,719,0.0602
SARS-CoV2-5UTR-Amplicon-short-trimmed+3,49,t,1194050,505,0.0423
SARS-CoV2-5UTR-Amplicon-short-trimmed+3,50,c,1194049,1188,0.0995
SARS-CoV2-5UTR-Amplicon-short-trimmed+3,51,g,1194048,1103,0.0924
SARS-CoV2-5UTR-Amplicon-short-trimmed+3,52,g,1194047,1550,0.1298
SARS-CoV2-5UTR-Amplicon-short-trimmed+3,53,c,1194044,1781,0.1492
SARS-CoV2-5UTR-Amplicon-short-trimmed+3,54,t,1194043,1118,0.0936
SARS-CoV2-5UTR-Amplicon-short-trimmed+3,55,g,1194043,2360,0.1976
SARS-CoV2-5UTR-Amplicon-short-trimmed+3,56,c,1194043,1756,0.1471
SARS-CoV2-5UTR-Amplicon-short-trimmed+3,57,g,1194043,2095,0.1755
SARS-CoV2-5UTR-Amplicon-short-trimmed+3,58,t,1194043,642,0.0538
SARS-CoV2-5UTR-Amplicon-short-trimmed+3,59,g,1194043,1329,0.1113
SARS-CoV2-5UTR-Amplicon-short-trimmed+3,60,c,1194043,1293,0.1083
SARS-CoV2-5UTR-Amplicon-short-trimmed+3,61,t,1194048,1114,0.0933
SARS-CoV2-5UTR-Amplicon-short-trimmed+3,62,t,1194048,1137,0.0952
SARS-CoV2-5UTR-Amplicon-short-trimmed+3,63,a,1194049,1146,0.096
SARS-CoV2-5UTR-Amplicon-short-trimmed+3,64,g,1194060,799,0.0669
SARS-CoV2-5UTR-Amplicon-short-trimmed+3,65,t,1194060,1200,0.1005
SARS-CoV2-5UTR-Amplicon-short-trimmed+3,66,g,1194060,1312,0.1099
SARS-CoV2-5UTR-Amplicon-short-trimmed+3,67,c,1194060,1413,0.1183
SARS-CoV2-5UTR-Amplicon-short-trimmed+3,68,a,1194063,1401,0.1173
SARS-CoV2-5UTR-Amplicon-short-trimmed+3,69,c,1194063,1529,0.1281
SARS-CoV2-5UTR-Amplicon-short-trimmed+3,70,t,1194063,853,0.0714
SARS-CoV2-5UTR-Amplicon-short-trimmed+3,71,c,1194063,902,0.0755
SARS-CoV2-5UTR-Amplicon-short-trimmed+3,72,a,1194063,1044,0.0874
SARS-CoV2-5UTR-Amplicon-short-trimmed+3,73,c,1194061,901,0.0755
SARS-CoV2-5UTR-Amplicon-short-trimmed+3,74,g,1194061,855,0.0716
SARS-CoV2-5UTR-Amplicon-short-trimmed+3,75,c,1194061,1844,0.1544
SARS-CoV2-5UTR-Amplicon-short-trimmed+3,76,a,1194060,972,0.0814
SARS-CoV2-5UTR-Amplicon-short-trimmed+3,77,g,1194040,1002,0.0839
SARS-CoV2-5UTR-Amplicon-short-trimmed+3,78,t,1194040,997,0.0835
SARS-CoV2-5UTR-Amplicon-short-trimmed+3,79,a,1194040,1470,0.1231
SARS-CoV2-5UTR-Amplicon-short-trimmed+3,80,t,1194047,811,0.0679
SARS-CoV2-5UTR-Amplicon-short-trimmed+3,81,a,1194021,940,0.0787
SARS-CoV2-5UTR-Amplicon-short-trimmed+3,82,a,1194021,1800,0.1508
SARS-CoV2-5UTR-Amplicon-short-trimmed+3,83,t,1194024,870,0.0729
SARS-CoV2-5UTR-Amplicon-short-trimmed+3,84,t,1194041,1756,0.1471
SARS-CoV2-5UTR-Amplicon-short-trimmed+3,85,a,1194019,1200,0.1005
SARS-CoV2-5UTR-Amplicon-short-trimmed+3,86,a,1194019,1210,0.1013
SARS-CoV2-5UTR-Amplicon-short-trimmed+3,87,t,1194061,716,0.06
SARS-CoV2-5UTR-Amplicon-short-trimmed+3,88,a,1194062,821,0.0688
SARS-CoV2-5UTR-Amplicon-short-trimmed+3,89,a,1194099,4036,0.338
SARS-CoV2-5UTR-Amplicon-short-trimmed+3,90,c,1194108,2221,0.186
SARS-CoV2-5UTR-Amplicon-short-trimmed+3,91,t,1194148,1130,0.0946
SARS-CoV2-5UTR-Amplicon-short-trimmed+3,92,a,1194144,930,0.0779
SARS-CoV2-5UTR-Amplicon-short-trimmed+3,93,a,1194156,1047,0.0877
SARS-CoV2-5UTR-Amplicon-short-trimmed+3,94,t,1194171,901,0.0754
SARS-CoV2-5UTR-Amplicon-short-trimmed+3,95,t,1194187,1055,0.0883
SARS-CoV2-5UTR-Amplicon-short-trimmed+3,96,a,1194184,1103,0.0924
SARS-CoV2-5UTR-Amplicon-short-trimmed+3,97,c,1194182,1754,0.1469
SARS-CoV2-5UTR-Amplicon-short-trimmed+3,98,t,1194182,907,0.076
SARS-CoV2-5UTR-Amplicon-short-trimmed+3,99,g,1194181,1375,0.1151
SARS-CoV2-5UTR-Amplicon-short-trimmed+3,100,t,1194123,1010,0.0846
SARS-CoV2-5UTR-Amplicon-short-trimmed+3,101,c,1194096,866,0.0725
SARS-CoV2-5UTR-Amplicon-short-trimmed+3,102,g,1194020,1234,0.1033
SARS-CoV2-5UTR-Amplicon-short-trimmed+3,103,t,1194024,813,0.0681
SARS-CoV2-5UTR-Amplicon-short-trimmed+3,104,t,1194037,1292,0.1082
SARS-CoV2-5UTR-Amplicon-short-trimmed+3,105,g,1194016,761,0.0637
SARS-CoV2-5UTR-Amplicon-short-trimmed+3,106,a,1194012,945,0.0791
SARS-CoV2-5UTR-Amplicon-short-trimmed+3,107,c,1194021,979,0.082
SARS-CoV2-5UTR-Amplicon-short-trimmed+3,108,a,1194050,974,0.0816
SARS-CoV2-5UTR-Amplicon-short-trimmed+3,109,g,1194171,950,0.0796
SARS-CoV2-5UTR-Amplicon-short-trimmed+3,110,g,1194386,1240,0.1038
SARS-CoV2-5UTR-Amplicon-short-trimmed+3,111,a,1194891,1139,0.0953
SARS-CoV2-5UTR-Amplicon-short-trimmed+3,112,c,1195514,2314,0.1936
SARS-CoV2-5UTR-Amplicon-short-trimmed+3,113,a,1197001,1684,0.1407
SARS-CoV2-5UTR-Amplicon-short-trimmed+3,114,c,1200826,1698,0.1414
SARS-CoV2-5UTR-Amplicon-short-trimmed+3,115,g,1213922,912,0.0751
SARS-CoV2-5UTR-Amplicon-short-trimmed+3,116,a,1283701,1451,0.113
SARS-CoV2-5UTR-Amplicon-short-trimmed+3,117,g,1999993,1562,0.0781
SARS-CoV2-5UTR-Amplicon-short-trimmed+3,118,t,1999958,3186,0.1593
SARS-CoV2-5UTR-Amplicon-short-trimmed+3,119,a,1999971,3822,0.1911
SARS-CoV2-5UTR-Amplicon-short-trimmed+3,120,a,1999991,4451,0.2226
SARS-CoV2-5UTR-Amplicon-short-trimmed+3,121,c,1999988,2688,0.1344
SARS-CoV2-5UTR-Amplicon-short-trimmed+3,122,t,1999977,3368,0.1684
SARS-CoV2-5UTR-Amplicon-short-trimmed+3,123,c,1999965,2725,0.1363
SARS-CoV2-5UTR-Amplicon-short-trimmed+3,124,g,1999896,2993,0.1497
SARS-CoV2-5UTR-Amplicon-short-trimmed+3,125,t,1999920,3946,0.1973
SARS-CoV2-5UTR-Amplicon-short-trimmed+3,126,c,1999854,2656,0.1328
SARS-CoV2-5UTR-Amplicon-short-trimmed+3,127,t,1999726,1394,0.0697
SARS-CoV2-5UTR-Amplicon-short-trimmed+3,128,a,1999055,3171,0.1586
SARS-CoV2-5UTR-Amplicon-short-trimmed+3,129,t,1998108,6084,0.3045
SARS-CoV2-5UTR-Amplicon-short-trimmed+3,130,c,1998076,1947,0.0974
SARS-CoV2-5UTR-Amplicon-short-trimmed+3,131,t,1997988,2072,0.1037
SARS-CoV2-5UTR-Amplicon-short-trimmed+3,132,t,1988496,2061,0.1036
SARS-CoV2-5UTR-Amplicon-short-trimmed+3,133,c,923549,1825,0.1976
SARS-CoV2-5UTR-Amplicon-short-trimmed+3,134,t,825105,1317,0.1596
SARS-CoV2-5UTR-Amplicon-short-trimmed+3,135,g,812711,955,0.1175
SARS-CoV2-5UTR-Amplicon-short-trimmed+3,136,c,809666,4728,0.5839
SARS-CoV2-5UTR-Amplicon-short-trimmed+3,137,a,809109,1349,0.1667
SARS-CoV2-5UTR-Amplicon-short-trimmed+3,138,g,808468,793,0.0981
SARS-CoV2-5UTR-Amplicon-short-trimmed+3,139,g,808087,985,0.1219
SARS-CoV2-5UTR-Amplicon-short-trimmed+3,140,c,807846,1119,0.1385
SARS-CoV2-5UTR-Amplicon-short-trimmed+3,141,t,807671,2301,0.2849
SARS-CoV2-5UTR-Amplicon-short-trimmed+3,142,g,807592,1716,0.2125
SARS-CoV2-5UTR-Amplicon-short-trimmed+3,143,c,807559,4507,0.5581
SARS-CoV2-5UTR-Amplicon-short-trimmed+3,144,t,807426,768,0.0951
SARS-CoV2-5UTR-Amplicon-short-trimmed+3,145,t,807412,1468,0.1818
SARS-CoV2-5UTR-Amplicon-short-trimmed+3,146,a,807338,1263,0.1564
SARS-CoV2-5UTR-Amplicon-short-trimmed+3,147,c,807327,1027,0.1272
SARS-CoV2-5UTR-Amplicon-short-trimmed+3,148,g,807307,779,0.0965
SARS-CoV2-5UTR-Amplicon-short-trimmed+3,149,g,807224,1030,0.1276
SARS-CoV2-5UTR-Amplicon-short-trimmed+3,150,t,807216,1480,0.1833
SARS-CoV2-5UTR-Amplicon-short-trimmed+3,151,t,807220,1244,0.1541
SARS-CoV2-5UTR-Amplicon-short-trimmed+3,152,t,807226,2943,0.3646
SARS-CoV2-5UTR-Amplicon-short-trimmed+3,153,c,807224,3555,0.4404
SARS-CoV2-5UTR-Amplicon-short-trimmed+3,154,g,807229,826,0.1023
SARS-CoV2-5UTR-Amplicon-short-trimmed+3,155,t,807230,1826,0.2262
SARS-CoV2-5UTR-Amplicon-short-trimmed+3,156,c,807231,1090,0.135
SARS-CoV2-5UTR-Amplicon-short-trimmed+3,157,c,807232,1507,0.1867
SARS-CoV2-5UTR-Amplicon-short-trimmed+3,158,g,807199,749,0.0928
SARS-CoV2-5UTR-Amplicon-short-trimmed+3,159,t,807196,5912,0.7324
SARS-CoV2-5UTR-Amplicon-short-trimmed+3,160,g,807193,929,0.1151
SARS-CoV2-5UTR-Amplicon-short-trimmed+3,161,t,807194,1024,0.1269
SARS-CoV2-5UTR-Amplicon-short-trimmed+3,162,t,807191,1314,0.1628
SARS-CoV2-5UTR-Amplicon-short-trimmed+3,163,g,807193,608,0.0753
SARS-CoV2-5UTR-Amplicon-short-trimmed+3,164,c,807193,1367,0.1694
SARS-CoV2-5UTR-Amplicon-short-trimmed+3,165,a,807197,983,0.1218
SARS-CoV2-5UTR-Amplicon-short-trimmed+3,166,g,807290,1146,0.142
SARS-CoV2-5UTR-Amplicon-short-trimmed+3,167,c,807294,1354,0.1677
SARS-CoV2-5UTR-Amplicon-short-trimmed+3,168,c,807295,5507,0.6822
SARS-CoV2-5UTR-Amplicon-short-trimmed+3,169,g,807296,1015,0.1257
SARS-CoV2-5UTR-Amplicon-short-trimmed+3,170,a,807298,984,0.1219
SARS-CoV2-5UTR-Amplicon-short-trimmed+3,171,t,807315,1087,0.1346
SARS-CoV2-5UTR-Amplicon-short-trimmed+3,172,c,807335,2267,0.2808
SARS-CoV2-5UTR-Amplicon-short-trimmed+3,173,a,807336,990,0.1226
SARS-CoV2-5UTR-Amplicon-short-trimmed+3,174,t,807336,857,0.1062
SARS-CoV2-5UTR-Amplicon-short-trimmed+3,175,c,807336,1479,0.1832
SARS-CoV2-5UTR-Amplicon-short-trimmed+3,176,a,807336,1141,0.1413
SARS-CoV2-5UTR-Amplicon-short-trimmed+3,177,g,807336,789,0.0977
SARS-CoV2-5UTR-Amplicon-short-trimmed+3,178,c,807336,6013,0.7448
SARS-CoV2-5UTR-Amplicon-short-trimmed+3,179,a,807336,1159,0.1436
SARS-CoV2-5UTR-Amplicon-short-trimmed+3,180,c,807336,949,0.1175
SARS-CoV2-5UTR-Amplicon-short-trimmed+3,181,a,807336,691,0.0856
SARS-CoV2-5UTR-Amplicon-short-trimmed+3,182,t,807336,834,0.1033
SARS-CoV2-5UTR-Amplicon-short-trimmed+3,183,c,807336,646,0.08
SARS-CoV2-5UTR-Amplicon-short-trimmed+3,184,t,807336,1140,0.1412
SARS-CoV2-5UTR-Amplicon-short-trimmed+3,185,a,807331,1607,0.1991
SARS-CoV2-5UTR-Amplicon-short-trimmed+3,186,g,807329,974,0.1206
SARS-CoV2-5UTR-Amplicon-short-trimmed+3,187,g,807329,1100,0.1363
SARS-CoV2-5UTR-Amplicon-short-trimmed+3,188,t,807330,1272,0.1576
SARS-CoV2-5UTR-Amplicon-short-trimmed+3,189,t,807330,1738,0.2153
SARS-CoV2-5UTR-Amplicon-short-trimmed+3,190,t,807330,2549,0.3157
SARS-CoV2-5UTR-Amplicon-short-trimmed+3,191,c,807330,3239,0.4012
SARS-CoV2-5UTR-Amplicon-short-trimmed+3,192,g,807304,752,0.0931
SARS-CoV2-5UTR-Amplicon-short-trimmed+3,193,t,807296,5360,0.6639
SARS-CoV2-5UTR-Amplicon-short-trimmed+3,194,c,807295,805,0.0997
SARS-CoV2-5UTR-Amplicon-short-trimmed+3,195,c,807295,1160,0.1437
SARS-CoV2-5UTR-Amplicon-short-trimmed+3,196,g,807272,666,0.0825
SARS-CoV2-5UTR-Amplicon-short-trimmed+3,197,g,807270,601,0.0744
SARS-CoV2-5UTR-Amplicon-short-trimmed+3,198,g,807270,3692,0.4573
SARS-CoV2-5UTR-Amplicon-short-trimmed+3,199,t,807269,1546,0.1915
SARS-CoV2-5UTR-Amplicon-short-trimmed+3,200,g,807255,571,0.0707
SARS-CoV2-5UTR-Amplicon-short-trimmed+3,201,t,807255,1151,0.1426
SARS-CoV2-5UTR-Amplicon-short-trimmed+3,202,g,807254,999,0.1238
SARS-CoV2-5UTR-Amplicon-short-trimmed+3,203,a,807250,1612,0.1997
SARS-CoV2-5UTR-Amplicon-short-trimmed+3,204,c,807250,850,0.1053
SARS-CoV2-5UTR-Amplicon-short-trimmed+3,205,c,807250,786,0.0974
SARS-CoV2-5UTR-Amplicon-short-trimmed+3,206,g,807250,762,0.0944
SARS-CoV2-5UTR-Amplicon-short-trimmed+3,207,a,807241,811,0.1005
SARS-CoV2-5UTR-Amplicon-short-trimmed+3,208,a,807241,410,0.0508
SARS-CoV2-5UTR-Amplicon-short-trimmed+3,209,a,807239,925,0.1146
SARS-CoV2-5UTR-Amplicon-short-trimmed+3,210,g,807239,622,0.0771
SARS-CoV2-5UTR-Amplicon-short-trimmed+3,211,g,807227,1091,0.1352
SARS-CoV2-5UTR-Amplicon-short-trimmed+3,212,t,807236,695,0.0861
SARS-CoV2-5UTR-Amplicon-short-trimmed+3,213,a,807221,610,0.0756
SARS-CoV2-5UTR-Amplicon-short-trimmed+3,214,a,807219,737,0.0913
SARS-CoV2-5UTR-Amplicon-short-trimmed+3,215,g,807220,417,0.0517
SARS-CoV2-5UTR-Amplicon-short-trimmed+3,216,a,807315,528,0.0654
SARS-CoV2-5UTR-Amplicon-short-trimmed+3,217,t,807315,909,0.1126
SARS-CoV2-5UTR-Amplicon-short-trimmed+3,218,g,807315,642,0.0795
SARS-CoV2-5UTR-Amplicon-short-trimmed+3,219,g,807296,698,0.0865
SARS-CoV2-5UTR-Amplicon-short-trimmed+3,220,a,807294,1668,0.2066
SARS-CoV2-5UTR-Amplicon-short-trimmed+3,221,g,807288,1383,0.1713
SARS-CoV2-5UTR-Amplicon-short-trimmed+3,222,a,807193,668,0.0828
SARS-CoV2-5UTR-Amplicon-short-trimmed+3,223,g,807180,746,0.0924
SARS-CoV2-5UTR-Amplicon-short-trimmed+3,224,c,807179,1608,0.1992
SARS-CoV2-5UTR-Amplicon-short-trimmed+3,225,c,807178,807,0.1
SARS-CoV2-5UTR-Amplicon-short-trimmed+3,226,t,807178,579,0.0717
SARS-CoV2-5UTR-Amplicon-short-trimmed+3,227,t,807178,4171,0.5167
SARS-CoV2-5UTR-Amplicon-short-trimmed+3,228,g,807178,599,0.0742
SARS-CoV2-5UTR-Amplicon-short-trimmed+3,229,t,807177,1351,0.1674
SARS-CoV2-5UTR-Amplicon-short-trimmed+3,230,c,807164,618,0.0766
SARS-CoV2-5UTR-Amplicon-short-trimmed+3,231,c,807162,501,0.0621
SARS-CoV2-5UTR-Amplicon-short-trimmed+3,232,c,807153,964,0.1194
SARS-CoV2-5UTR-Amplicon-short-trimmed+3,233,t,807034,1528,0.1893
SARS-CoV2-5UTR-Amplicon-short-trimmed+3,234,g,807011,1135,0.1406
SARS-CoV2-5UTR-Amplicon-short-trimmed+3,235,g,807010,1129,0.1399
SARS-CoV2-5UTR-Amplicon-short-trimmed+3,236,t,807009,714,0.0885
SARS-CoV2-5UTR-Amplicon-short-trimmed+3,237,t,807007,845,0.1047
SARS-CoV2-5UTR-Amplicon-short-trimmed+3,238,t,806996,783,0.097
SARS-CoV2-5UTR-Amplicon-short-trimmed+3,239,c,806965,6128,0.7594
SARS-CoV2-5UTR-Amplicon-short-trimmed+3,240,a,806922,607,0.0752
SARS-CoV2-5UTR-Amplicon-short-trimmed+3,241,a,806786,537,0.0666
SARS-CoV2-5UTR-Amplicon-short-trimmed+3,242,c,806629,778,0.0965
SARS-CoV2-5UTR-Amplicon-short-trimmed+3,243,g,806590,486,0.0603
SARS-CoV2-5UTR-Amplicon-short-trimmed+3,244,a,806474,1124,0.1394
SARS-CoV2-5UTR-Amplicon-short-trimmed+3,245,g,805856,0,0
SARS-CoV2-5UTR-Amplicon-short-trimmed+3,246,g,805210,0,0
SARS-CoV2-5UTR-Amplicon-short-trimmed+3,247,G,803957,0,0
SARS-CoV2-5UTR-Amplicon-short-trimmed+3,248,A,803122,0,0
SARS-CoV2-5UTR-Amplicon-short-trimmed+3,249,G,802787,0,0
