Region,Position,Ref_base,Depth,Mut_count,Mut_percentage
SARS-CoV2-5UTR-Amplicon-short-trimmed+3,1,T,957956,0,0
SARS-CoV2-5UTR-Amplicon-short-trimmed+3,2,T,958388,0,0
SARS-CoV2-5UTR-Amplicon-short-trimmed+3,3,G,958593,0,0
SARS-CoV2-5UTR-Amplicon-short-trimmed+3,4,t,959195,0,0
SARS-CoV2-5UTR-Amplicon-short-trimmed+3,5,a,959393,0,0
SARS-CoV2-5UTR-Amplicon-short-trimmed+3,6,g,959594,530,0.0552
SARS-CoV2-5UTR-Amplicon-short-trimmed+3,7,a,959611,204,0.0213
SARS-CoV2-5UTR-Amplicon-short-trimmed+3,8,t,959623,264,0.0275
SARS-CoV2-5UTR-Amplicon-short-trimmed+3,9,c,959631,242,0.0252
SARS-CoV2-5UTR-Amplicon-short-trimmed+3,10,t,959637,241,0.0251
SARS-CoV2-5UTR-Amplicon-short-trimmed+3,11,g,959644,1326,0.1382
SARS-CoV2-5UTR-Amplicon-short-trimmed+3,12,t,959655,310,0.0323
SARS-CoV2-5UTR-Amplicon-short-trimmed+3,13,t,959658,306,0.0319
SARS-CoV2-5UTR-Amplicon-short-trimmed+3,14,c,959660,198,0.0206
SARS-CoV2-5UTR-Amplicon-short-trimmed+3,15,t,959660,278,0.029
SARS-CoV2-5UTR-Amplicon-short-trimmed+3,16,c,959665,370,0.0386
SARS-CoV2-5UTR-Amplicon-short-trimmed+3,17,t,959669,190,0.0198
SARS-CoV2-5UTR-Amplicon-short-trimmed+3,18,a,959671,372,0.0388
SARS-CoV2-5UTR-Amplicon-short-trimmed+3,19,a,959675,376,0.0392
SARS-CoV2-5UTR-Amplicon-short-trimmed+3,20,a,959745,245,0.0255
SARS-CoV2-5UTR-Amplicon-short-trimmed+3,21,c,959747,125,0.013
SARS-CoV2-5UTR-Amplicon-short-trimmed+3,22,g,959754,284,0.0296
SARS-CoV2-5UTR-Amplicon-short-trimmed+3,23,a,959758,345,0.0359
SARS-CoV2-5UTR-Amplicon-short-trimmed+3,24,a,959758,244,0.0254
SARS-CoV2-5UTR-Amplicon-short-trimmed+3,25,c,959760,15400,1.6046
SARS-CoV2-5UTR-Amplicon-short-trimmed+3,26,t,959760,617,0.0643
SARS-CoV2-5UTR-Amplicon-short-trimmed+3,27,t,959760,606,0.0631
SARS-CoV2-5UTR-Amplicon-short-trimmed+3,28,t,959772,2124,0.2213
SARS-CoV2-5UTR-Amplicon-short-trimmed+3,29,a,959772,777,0.081
SARS-CoV2-5UTR-Amplicon-short-trimmed+3,30,a,959772,336,0.035
SARS-CoV2-5UTR-Amplicon-short-trimmed+3,31,a,959741,361,0.0376
SARS-CoV2-5UTR-Amplicon-short-trimmed+3,32,a,959748,283,0.0295
SARS-CoV2-5UTR-Amplicon-short-trimmed+3,33,t,959751,2110,0.2198
SARS-CoV2-5UTR-Amplicon-short-trimmed+3,34,c,959752,315,0.0328
SARS-CoV2-5UTR-Amplicon-short-trimmed+3,35,t,959752,298,0.031
SARS-CoV2-5UTR-Amplicon-short-trimmed+3,36,g,959753,361,0.0376
SARS-CoV2-5UTR-Amplicon-short-trimmed+3,37,t,959745,316,0.0329
SARS-CoV2-5UTR-Amplicon-short-trimmed+3,38,g,959745,204,0.0213
SARS-CoV2-5UTR-Amplicon-short-trimmed+3,39,t,959744,244,0.0254
SARS-CoV2-5UTR-Amplicon-short-trimmed+3,40,g,959744,276,0.0288
SARS-CoV2-5UTR-Amplicon-short-trimmed+3,41,g,959743,400,0.0417
SARS-CoV2-5UTR-Amplicon-short-trimmed+3,42,c,959741,258,0.0269
SARS-CoV2-5UTR-Amplicon-short-trimmed+3,43,t,959738,587,0.0612
SARS-CoV2-5UTR-Amplicon-short-trimmed+3,44,g,959737,467,0.0487
SARS-CoV2-5UTR-Amplicon-short-trimmed+3,45,t,959736,591,0.0616
SARS-CoV2-5UTR-Amplicon-short-trimmed+3,46,c,959736,156,0.0163
SARS-CoV2-5UTR-Amplicon-short-trimmed+3,47,a,959728,450,0.0469
SARS-CoV2-5UTR-Amplicon-short-trimmed+3,48,c,959728,178,0.0185
SARS-CoV2-5UTR-Amplicon-short-trimmed+3,49,t,959728,241,0.0251
SARS-CoV2-5UTR-Amplicon-short-trimmed+3,50,c,959725,198,0.0206
SARS-CoV2-5UTR-Amplicon-short-trimmed+3,51,g,959725,387,0.0403
SARS-CoV2-5UTR-Amplicon-short-trimmed+3,52,g,959724,1060,0.1104
SARS-CoV2-5UTR-Amplicon-short-trimmed+3,53,c,959724,704,0.0734
SARS-CoV2-5UTR-Amplicon-short-trimmed+3,54,t,959724,397,0.0414
SARS-CoV2-5UTR-Amplicon-short-trimmed+3,55,g,959724,940,0.0979
SARS-CoV2-5UTR-Amplicon-short-trimmed+3,56,c,959724,326,0.034
SARS-CoV2-5UTR-Amplicon-short-trimmed+3,57,g,959724,805,0.0839
SARS-CoV2-5UTR-Amplicon-short-trimmed+3,58,t,959725,329,0.0343
SARS-CoV2-5UTR-Amplicon-short-trimmed+3,59,g,959725,639,0.0666
SARS-CoV2-5UTR-Amplicon-short-trimmed+3,60,c,959725,400,0.0417
SARS-CoV2-5UTR-Amplicon-short-trimmed+3,61,t,959725,400,0.0417
SARS-CoV2-5UTR-Amplicon-short-trimmed+3,62,t,959725,410,0.0427
SARS-CoV2-5UTR-Amplicon-short-trimmed+3,63,a,959725,424,0.0442
SARS-CoV2-5UTR-Amplicon-short-trimmed+3,64,g,959725,284,0.0296
SARS-CoV2-5UTR-Amplicon-short-trimmed+3,65,t,959725,411,0.0428
SARS-CoV2-5UTR-Amplicon-short-trimmed+3,66,g,959723,665,0.0693
SARS-CoV2-5UTR-Amplicon-short-trimmed+3,67,c,959723,621,0.0647
SARS-CoV2-5UTR-Amplicon-short-trimmed+3,68,a,959723,433,0.0451
SARS-CoV2-5UTR-Amplicon-short-trimmed+3,69,c,959699,279,0.0291
SARS-CoV2-5UTR-Amplicon-short-trimmed+3,70,t,959698,445,0.0464
SARS-CoV2-5UTR-Amplicon-short-trimmed+3,71,c,959697,367,0.0382
SARS-CoV2-5UTR-Amplicon-short-trimmed+3,72,a,959697,466,0.0486
SARS-CoV2-5UTR-Amplicon-short-trimmed+3,73,c,959697,267,0.0278
SARS-CoV2-5UTR-Amplicon-short-trimmed+3,74,g,959696,503,0.0524
SARS-CoV2-5UTR-Amplicon-short-trimmed+3,75,c,959696,1291,0.1345
SARS-CoV2-5UTR-Amplicon-short-trimmed+3,76,a,959696,586,0.0611
SARS-CoV2-5UTR-Amplicon-short-trimmed+3,77,g,959696,499,0.052
SARS-CoV2-5UTR-Amplicon-short-trimmed+3,78,t,959696,561,0.0585
SARS-CoV2-5UTR-Amplicon-short-trimmed+3,79,a,959695,624,0.065
SARS-CoV2-5UTR-Amplicon-short-trimmed+3,80,t,959699,306,0.0319
SARS-CoV2-5UTR-Amplicon-short-trimmed+3,81,a,959684,406,0.0423
SARS-CoV2-5UTR-Amplicon-short-trimmed+3,82,a,959674,778,0.0811
SARS-CoV2-5UTR-Amplicon-short-trimmed+3,83,t,959682,383,0.0399
SARS-CoV2-5UTR-Amplicon-short-trimmed+3,84,t,959678,868,0.0904
SARS-CoV2-5UTR-Amplicon-short-trimmed+3,85,a,959678,663,0.0691
SARS-CoV2-5UTR-Amplicon-short-trimmed+3,86,a,959679,470,0.049
SARS-CoV2-5UTR-Amplicon-short-trimmed+3,87,t,959700,369,0.0384
SARS-CoV2-5UTR-Amplicon-short-trimmed+3,88,a,959681,511,0.0532
SARS-CoV2-5UTR-Amplicon-short-trimmed+3,89,a,959682,2683,0.2796
SARS-CoV2-5UTR-Amplicon-short-trimmed+3,90,c,959686,457,0.0476
SARS-CoV2-5UTR-Amplicon-short-trimmed+3,91,t,959704,417,0.0435
SARS-CoV2-5UTR-Amplicon-short-trimmed+3,92,a,959692,428,0.0446
SARS-CoV2-5UTR-Amplicon-short-trimmed+3,93,a,959692,413,0.043
SARS-CoV2-5UTR-Amplicon-short-trimmed+3,94,t,959695,357,0.0372
SARS-CoV2-5UTR-Amplicon-short-trimmed+3,95,t,959695,621,0.0647
SARS-CoV2-5UTR-Amplicon-short-trimmed+3,96,a,959695,385,0.0401
SARS-CoV2-5UTR-Amplicon-short-trimmed+3,97,c,959695,171,0.0178
SARS-CoV2-5UTR-Amplicon-short-trimmed+3,98,t,959695,372,0.0388
SARS-CoV2-5UTR-Amplicon-short-trimmed+3,99,g,959699,372,0.0388
SARS-CoV2-5UTR-Amplicon-short-trimmed+3,100,t,959698,442,0.0461
SARS-CoV2-5UTR-Amplicon-short-trimmed+3,101,c,959699,188,0.0196
SARS-CoV2-5UTR-Amplicon-short-trimmed+3,102,g,959716,408,0.0425
SARS-CoV2-5UTR-Amplicon-short-trimmed+3,103,t,959721,431,0.0449
SARS-CoV2-5UTR-Amplicon-short-trimmed+3,104,t,959725,705,0.0735
SARS-CoV2-5UTR-Amplicon-short-trimmed+3,105,g,959734,416,0.0433
SARS-CoV2-5UTR-Amplicon-short-trimmed+3,106,a,959758,546,0.0569
SARS-CoV2-5UTR-Amplicon-short-trimmed+3,107,c,959779,458,0.0477
SARS-CoV2-5UTR-Amplicon-short-trimmed+3,108,a,959800,652,0.0679
SARS-CoV2-5UTR-Amplicon-short-trimmed+3,109,g,959873,412,0.0429
SARS-CoV2-5UTR-Amplicon-short-trimmed+3,110,g,960018,904,0.0942
SARS-CoV2-5UTR-Amplicon-short-trimmed+3,111,a,960420,461,0.048
SARS-CoV2-5UTR-Amplicon-short-trimmed+3,112,c,960903,418,0.0435
SARS-CoV2-5UTR-Amplicon-short-trimmed+3,113,a,961906,974,0.1013
SARS-CoV2-5UTR-Amplicon-short-trimmed+3,114,c,964335,589,0.0611
SARS-CoV2-5UTR-Amplicon-short-trimmed+3,115,g,972890,324,0.0333
SARS-CoV2-5UTR-Amplicon-short-trimmed+3,116,a,1026565,677,0.0659
SARS-CoV2-5UTR-Amplicon-short-trimmed+3,117,g,1911996,939,0.0491
SARS-CoV2-5UTR-Amplicon-short-trimmed+3,118,t,1916691,2467,0.1287
SARS-CoV2-5UTR-Amplicon-short-trimmed+3,119,a,1916739,3150,0.1643
SARS-CoV2-5UTR-Amplicon-short-trimmed+3,120,a,1916869,2198,0.1147
SARS-CoV2-5UTR-Amplicon-short-trimmed+3,121,c,1918595,1693,0.0882
SARS-CoV2-5UTR-Amplicon-short-trimmed+3,122,t,1919268,2415,0.1258
SARS-CoV2-5UTR-Amplicon-short-trimmed+3,123,c,1919776,1754,0.0914
SARS-CoV2-5UTR-Amplicon-short-trimmed+3,124,g,1920062,1416,0.0737
SARS-CoV2-5UTR-Amplicon-short-trimmed+3,125,t,1920486,3105,0.1617
SARS-CoV2-5UTR-Amplicon-short-trimmed+3,126,c,1920549,1636,0.0852
SARS-CoV2-5UTR-Amplicon-short-trimmed+3,127,t,1920457,912,0.0475
SARS-CoV2-5UTR-Amplicon-short-trimmed+3,128,a,1920151,2793,0.1455
SARS-CoV2-5UTR-Amplicon-short-trimmed+3,129,t,1919637,5456,0.2842
SARS-CoV2-5UTR-Amplicon-short-trimmed+3,130,c,1919650,697,0.0363
SARS-CoV2-5UTR-Amplicon-short-trimmed+3,131,t,1919583,1376,0.0717
SARS-CoV2-5UTR-Amplicon-short-trimmed+3,132,t,1911440,1441,0.0754
SARS-CoV2-5UTR-Amplicon-short-trimmed+3,133,c,1049970,1287,0.1226
SARS-CoV2-5UTR-Amplicon-short-trimmed+3,134,t,973755,1195,0.1227
SARS-CoV2-5UTR-Amplicon-short-trimmed+3,135,g,965113,772,0.08
SARS-CoV2-5UTR-Amplicon-short-trimmed+3,136,c,963028,3472,0.3605
SARS-CoV2-5UTR-Amplicon-short-trimmed+3,137,a,962586,1241,0.1289
SARS-CoV2-5UTR-Amplicon-short-trimmed+3,138,g,962106,624,0.0649
SARS-CoV2-5UTR-Amplicon-short-trimmed+3,139,g,961863,849,0.0883
SARS-CoV2-5UTR-Amplicon-short-trimmed+3,140,c,961661,1084,0.1127
SARS-CoV2-5UTR-Amplicon-short-trimmed+3,141,t,961596,2154,0.224
SARS-CoV2-5UTR-Amplicon-short-trimmed+3,142,g,961558,1756,0.1826
SARS-CoV2-5UTR-Amplicon-short-trimmed+3,143,c,961530,4470,0.4649
SARS-CoV2-5UTR-Amplicon-short-trimmed+3,144,t,961466,588,0.0612
SARS-CoV2-5UTR-Amplicon-short-trimmed+3,145,t,961452,1428,0.1485
SARS-CoV2-5UTR-Amplicon-short-trimmed+3,146,a,961369,3656,0.3803
SARS-CoV2-5UTR-Amplicon-short-trimmed+3,147,c,961361,953,0.0991
SARS-CoV2-5UTR-Amplicon-short-trimmed+3,148,g,961357,518,0.0539
SARS-CoV2-5UTR-Amplicon-short-trimmed+3,149,g,961352,606,0.063
SARS-CoV2-5UTR-Amplicon-short-trimmed+3,150,t,961345,866,0.0901
SARS-CoV2-5UTR-Amplicon-short-trimmed+3,151,t,961341,917,0.0954
SARS-CoV2-5UTR-Amplicon-short-trimmed+3,152,t,961342,2238,0.2328
SARS-CoV2-5UTR-Amplicon-short-trimmed+3,153,c,961343,1259,0.131
SARS-CoV2-5UTR-Amplicon-short-trimmed+3,154,g,961343,445,0.0463
SARS-CoV2-5UTR-Amplicon-short-trimmed+3,155,t,961343,1694,0.1762
SARS-CoV2-5UTR-Amplicon-short-trimmed+3,156,c,961343,1202,0.125
SARS-CoV2-5UTR-Amplicon-short-trimmed+3,157,c,961344,1487,0.1547
SARS-CoV2-5UTR-Amplicon-short-trimmed+3,158,g,961339,627,0.0652
SARS-CoV2-5UTR-Amplicon-short-trimmed+3,159,t,961338,6353,0.6608
SARS-CoV2-5UTR-Amplicon-short-trimmed+3,160,g,961342,501,0.0521
SARS-CoV2-5UTR-Amplicon-short-trimmed+3,161,t,961342,869,0.0904
SARS-CoV2-5UTR-Amplicon-short-trimmed+3,162,t,961344,3532,0.3674
SARS-CoV2-5UTR-Amplicon-short-trimmed+3,163,g,961344,532,0.0553
SARS-CoV2-5UTR-Amplicon-short-trimmed+3,164,c,961346,1512,0.1573
SARS-CoV2-5UTR-Amplicon-short-trimmed+3,165,a,961346,1165,0.1212
SARS-CoV2-5UTR-Amplicon-short-trimmed+3,166,g,961465,1230,0.1279
SARS-CoV2-5UTR-Amplicon-short-trimmed+3,167,c,961467,1722,0.1791
SARS-CoV2-5UTR-Amplicon-short-trimmed+3,168,c,961467,5401,0.5617
SARS-CoV2-5UTR-Amplicon-short-trimmed+3,169,g,961468,927,0.0964
SARS-CoV2-5UTR-Amplicon-short-trimmed+3,170,a,961469,854,0.0888
SARS-CoV2-5UTR-Amplicon-short-trimmed+3,171,t,961469,842,0.0876
SARS-CoV2-5UTR-Amplicon-short-trimmed+3,172,c,961472,632,0.0657
SARS-CoV2-5UTR-Amplicon-short-trimmed+3,173,a,961472,769,0.08
SARS-CoV2-5UTR-Amplicon-short-trimmed+3,174,t,961474,655,0.0681
SARS-CoV2-5UTR-Amplicon-short-trimmed+3,175,c,961474,956,0.0994
SARS-CoV2-5UTR-Amplicon-short-trimmed+3,176,a,961483,1138,0.1184
SARS-CoV2-5UTR-Amplicon-short-trimmed+3,177,g,961483,676,0.0703
SARS-CoV2-5UTR-Amplicon-short-trimmed+3,178,c,961483,5763,0.5994
SARS-CoV2-5UTR-Amplicon-short-trimmed+3,179,a,961484,1057,0.1099
SARS-CoV2-5UTR-Amplicon-short-trimmed+3,180,c,961485,842,0.0876
SARS-CoV2-5UTR-Amplicon-short-trimmed+3,181,a,961485,583,0.0606
SARS-CoV2-5UTR-Amplicon-short-trimmed+3,182,t,961485,615,0.064
SARS-CoV2-5UTR-Amplicon-short-trimmed+3,183,c,961485,380,0.0395
SARS-CoV2-5UTR-Amplicon-short-trimmed+3,184,t,961485,1157,0.1203
SARS-CoV2-5UTR-Amplicon-short-trimmed+3,185,a,961485,1125,0.117
SARS-CoV2-5UTR-Amplicon-short-trimmed+3,186,g,961485,444,0.0462
SARS-CoV2-5UTR-Amplicon-short-trimmed+3,187,g,961485,487,0.0507
SARS-CoV2-5UTR-Amplicon-short-trimmed+3,188,t,961485,3561,0.3704
SARS-CoV2-5UTR-Amplicon-short-trimmed+3,189,t,961478,1302,0.1354
SARS-CoV2-5UTR-Amplicon-short-trimmed+3,190,t,961478,1961,0.204
SARS-CoV2-5UTR-Amplicon-short-trimmed+3,191,c,961478,864,0.0899
SARS-CoV2-5UTR-Amplicon-short-trimmed+3,192,g,961463,274,0.0285
SARS-CoV2-5UTR-Amplicon-short-trimmed+3,193,t,961463,5129,0.5335
SARS-CoV2-5UTR-Amplicon-short-trimmed+3,194,c,961463,668,0.0695
SARS-CoV2-5UTR-Amplicon-short-trimmed+3,195,c,961462,1039,0.1081
SARS-CoV2-5UTR-Amplicon-short-trimmed+3,196,g,961449,394,0.041
SARS-CoV2-5UTR-Amplicon-short-trimmed+3,197,g,961448,469,0.0488
SARS-CoV2-5UTR-Amplicon-short-trimmed+3,198,g,961448,4155,0.4322
SARS-CoV2-5UTR-Amplicon-short-trimmed+3,199,t,961448,1276,0.1327
SARS-CoV2-5UTR-Amplicon-short-trimmed+3,200,g,961445,1476,0.1535
SARS-CoV2-5UTR-Amplicon-short-trimmed+3,201,t,961445,3192,0.332
SARS-CoV2-5UTR-Amplicon-short-trimmed+3,202,g,961441,901,0.0937
SARS-CoV2-5UTR-Amplicon-short-trimmed+3,203,a,961441,1644,0.171
SARS-CoV2-5UTR-Amplicon-short-trimmed+3,204,c,961441,540,0.0562
SARS-CoV2-5UTR-Amplicon-short-trimmed+3,205,c,961441,410,0.0426
SARS-CoV2-5UTR-Amplicon-short-trimmed+3,206,g,961440,456,0.0474
SARS-CoV2-5UTR-Amplicon-short-trimmed+3,207,a,961436,601,0.0625
SARS-CoV2-5UTR-Amplicon-short-trimmed+3,208,a,961435,410,0.0426
SARS-CoV2-5UTR-Amplicon-short-trimmed+3,209,a,961434,963,0.1002
SARS-CoV2-5UTR-Amplicon-short-trimmed+3,210,g,961424,296,0.0308
SARS-CoV2-5UTR-Amplicon-short-trimmed+3,211,g,961421,1145,0.1191
SARS-CoV2-5UTR-Amplicon-short-trimmed+3,212,t,961421,680,0.0707
SARS-CoV2-5UTR-Amplicon-short-trimmed+3,213,a,961421,536,0.0558
SARS-CoV2-5UTR-Amplicon-short-trimmed+3,214,a,961421,614,0.0639
SARS-CoV2-5UTR-Amplicon-short-trimmed+3,215,g,961422,346,0.036
SARS-CoV2-5UTR-Amplicon-short-trimmed+3,216,a,961551,393,0.0409
SARS-CoV2-5UTR-Amplicon-short-trimmed+3,217,t,961548,832,0.0865
SARS-CoV2-5UTR-Amplicon-short-trimmed+3,218,g,961547,411,0.0427
SARS-CoV2-5UTR-Amplicon-short-trimmed+3,219,g,961541,601,0.0625
SARS-CoV2-5UTR-Amplicon-short-trimmed+3,220,a,961541,1597,0.1661
SARS-CoV2-5UTR-Amplicon-short-trimmed+3,221,g,961541,1403,0.1459
SARS-CoV2-5UTR-Amplicon-short-trimmed+3,222,a,961409,711,0.074
SARS-CoV2-5UTR-Amplicon-short-trimmed+3,223,g,961409,725,0.0754
SARS-CoV2-5UTR-Amplicon-short-trimmed+3,224,c,961409,417,0.0434
SARS-CoV2-5UTR-Amplicon-short-trimmed+3,225,c,961409,391,0.0407
SARS-CoV2-5UTR-Amplicon-short-trimmed+3,226,t,961408,440,0.0458
SARS-CoV2-5UTR-Amplicon-short-trimmed+3,227,t,961406,4162,0.4329
SARS-CoV2-5UTR-Amplicon-short-trimmed+3,228,g,961402,416,0.0433
SARS-CoV2-5UTR-Amplicon-short-trimmed+3,229,t,961402,1259,0.131
SARS-CoV2-5UTR-Amplicon-short-trimmed+3,230,c,961402,2486,0.2586
SARS-CoV2-5UTR-Amplicon-short-trimmed+3,231,c,961396,381,0.0396
SARS-CoV2-5UTR-Amplicon-short-trimmed+3,232,c,961396,481,0.05
SARS-CoV2-5UTR-Amplicon-short-trimmed+3,233,t,961395,1397,0.1453
SARS-CoV2-5UTR-Amplicon-short-trimmed+3,234,g,961394,397,0.0413
SARS-CoV2-5UTR-Amplicon-short-trimmed+3,235,g,961393,371,0.0386
SARS-CoV2-5UTR-Amplicon-short-trimmed+3,236,t,961389,431,0.0448
SARS-CoV2-5UTR-Amplicon-short-trimmed+3,237,t,961387,595,0.0619
SARS-CoV2-5UTR-Amplicon-short-trimmed+3,238,t,961382,691,0.0719
SARS-CoV2-5UTR-Amplicon-short-trimmed+3,239,c,961364,6369,0.6625
SARS-CoV2-5UTR-Amplicon-short-trimmed+3,240,a,961335,707,0.0735
SARS-CoV2-5UTR-Amplicon-short-trimmed+3,241,a,961312,487,0.0507
SARS-CoV2-5UTR-Amplicon-short-trimmed+3,242,c,961295,580,0.0603
SARS-CoV2-5UTR-Amplicon-short-trimmed+3,243,g,961250,326,0.0339
SARS-CoV2-5UTR-Amplicon-short-trimmed+3,244,a,961168,1103,0.1148
SARS-CoV2-5UTR-Amplicon-short-trimmed+3,245,g,960661,0,0
SARS-CoV2-5UTR-Amplicon-short-trimmed+3,246,g,960379,0,0
SARS-CoV2-5UTR-Amplicon-short-trimmed+3,247,G,959512,0,0
SARS-CoV2-5UTR-Amplicon-short-trimmed+3,248,A,958829,0,0
SARS-CoV2-5UTR-Amplicon-short-trimmed+3,249,G,958642,0,0
