Region,Position,Ref_base,Depth,Mut_count,Mut_percentage
SARS-CoV2-5UTR-Amplicon-short-trimmed+3,1,T,623886,0,0
SARS-CoV2-5UTR-Amplicon-short-trimmed+3,2,T,624351,0,0
SARS-CoV2-5UTR-Amplicon-short-trimmed+3,3,G,624522,0,0
SARS-CoV2-5UTR-Amplicon-short-trimmed+3,4,t,625003,0,0
SARS-CoV2-5UTR-Amplicon-short-trimmed+3,5,a,625196,0,0
SARS-CoV2-5UTR-Amplicon-short-trimmed+3,6,g,625347,344,0.055
SARS-CoV2-5UTR-Amplicon-short-trimmed+3,7,a,625356,149,0.0238
SARS-CoV2-5UTR-Amplicon-short-trimmed+3,8,t,625366,236,0.0377
SARS-CoV2-5UTR-Amplicon-short-trimmed+3,9,c,625381,223,0.0357
SARS-CoV2-5UTR-Amplicon-short-trimmed+3,10,t,625398,220,0.0352
SARS-CoV2-5UTR-Amplicon-short-trimmed+3,11,g,625408,1366,0.2184
SARS-CoV2-5UTR-Amplicon-short-trimmed+3,12,t,625419,268,0.0429
SARS-CoV2-5UTR-Amplicon-short-trimmed+3,13,t,625420,325,0.052
SARS-CoV2-5UTR-Amplicon-short-trimmed+3,14,c,625422,548,0.0876
SARS-CoV2-5UTR-Amplicon-short-trimmed+3,15,t,625423,274,0.0438
SARS-CoV2-5UTR-Amplicon-short-trimmed+3,16,c,625425,751,0.1201
SARS-CoV2-5UTR-Amplicon-short-trimmed+3,17,t,625426,218,0.0349
SARS-CoV2-5UTR-Amplicon-short-trimmed+3,18,a,625427,299,0.0478
SARS-CoV2-5UTR-Amplicon-short-trimmed+3,19,a,625427,233,0.0373
SARS-CoV2-5UTR-Amplicon-short-trimmed+3,20,a,625480,240,0.0384
SARS-CoV2-5UTR-Amplicon-short-trimmed+3,21,c,625481,531,0.0849
SARS-CoV2-5UTR-Amplicon-short-trimmed+3,22,g,625483,253,0.0404
SARS-CoV2-5UTR-Amplicon-short-trimmed+3,23,a,625484,315,0.0504
SARS-CoV2-5UTR-Amplicon-short-trimmed+3,24,a,625488,227,0.0363
SARS-CoV2-5UTR-Amplicon-short-trimmed+3,25,c,625488,6074,0.9711
SARS-CoV2-5UTR-Amplicon-short-trimmed+3,26,t,625489,559,0.0894
SARS-CoV2-5UTR-Amplicon-short-trimmed+3,27,t,625489,642,0.1026
SARS-CoV2-5UTR-Amplicon-short-trimmed+3,28,t,625490,1472,0.2353
SARS-CoV2-5UTR-Amplicon-short-trimmed+3,29,a,625490,551,0.0881
SARS-CoV2-5UTR-Amplicon-short-trimmed+3,30,a,625490,260,0.0416
SARS-CoV2-5UTR-Amplicon-short-trimmed+3,31,a,625443,313,0.05
SARS-CoV2-5UTR-Amplicon-short-trimmed+3,32,a,625443,267,0.0427
SARS-CoV2-5UTR-Amplicon-short-trimmed+3,33,t,625443,1619,0.2589
SARS-CoV2-5UTR-Amplicon-short-trimmed+3,34,c,625443,394,0.063
SARS-CoV2-5UTR-Amplicon-short-trimmed+3,35,t,625439,278,0.0444
SARS-CoV2-5UTR-Amplicon-short-trimmed+3,36,g,625438,361,0.0577
SARS-CoV2-5UTR-Amplicon-short-trimmed+3,37,t,625438,252,0.0403
SARS-CoV2-5UTR-Amplicon-short-trimmed+3,38,g,625438,191,0.0305
SARS-CoV2-5UTR-Amplicon-short-trimmed+3,39,t,625438,215,0.0344
SARS-CoV2-5UTR-Amplicon-short-trimmed+3,40,g,625437,293,0.0468
SARS-CoV2-5UTR-Amplicon-short-trimmed+3,41,g,625437,341,0.0545
SARS-CoV2-5UTR-Amplicon-short-trimmed+3,42,c,625437,346,0.0553
SARS-CoV2-5UTR-Amplicon-short-trimmed+3,43,t,625437,493,0.0788
SARS-CoV2-5UTR-Amplicon-short-trimmed+3,44,g,625436,361,0.0577
SARS-CoV2-5UTR-Amplicon-short-trimmed+3,45,t,625440,451,0.0721
SARS-CoV2-5UTR-Amplicon-short-trimmed+3,46,c,625440,234,0.0374
SARS-CoV2-5UTR-Amplicon-short-trimmed+3,47,a,625436,384,0.0614
SARS-CoV2-5UTR-Amplicon-short-trimmed+3,48,c,625436,211,0.0337
SARS-CoV2-5UTR-Amplicon-short-trimmed+3,49,t,625435,173,0.0277
SARS-CoV2-5UTR-Amplicon-short-trimmed+3,50,c,625435,351,0.0561
SARS-CoV2-5UTR-Amplicon-short-trimmed+3,51,g,625435,314,0.0502
SARS-CoV2-5UTR-Amplicon-short-trimmed+3,52,g,625435,614,0.0982
SARS-CoV2-5UTR-Amplicon-short-trimmed+3,53,c,625435,578,0.0924
SARS-CoV2-5UTR-Amplicon-short-trimmed+3,54,t,625435,424,0.0678
SARS-CoV2-5UTR-Amplicon-short-trimmed+3,55,g,625435,776,0.1241
SARS-CoV2-5UTR-Amplicon-short-trimmed+3,56,c,625435,508,0.0812
SARS-CoV2-5UTR-Amplicon-short-trimmed+3,57,g,625435,712,0.1138
SARS-CoV2-5UTR-Amplicon-short-trimmed+3,58,t,625435,230,0.0368
SARS-CoV2-5UTR-Amplicon-short-trimmed+3,59,g,625435,530,0.0847
SARS-CoV2-5UTR-Amplicon-short-trimmed+3,60,c,625435,348,0.0556
SARS-CoV2-5UTR-Amplicon-short-trimmed+3,61,t,625435,343,0.0548
SARS-CoV2-5UTR-Amplicon-short-trimmed+3,62,t,625435,348,0.0556
SARS-CoV2-5UTR-Amplicon-short-trimmed+3,63,a,625439,368,0.0588
SARS-CoV2-5UTR-Amplicon-short-trimmed+3,64,g,625439,239,0.0382
SARS-CoV2-5UTR-Amplicon-short-trimmed+3,65,t,625439,380,0.0608
SARS-CoV2-5UTR-Amplicon-short-trimmed+3,66,g,625439,542,0.0867
SARS-CoV2-5UTR-Amplicon-short-trimmed+3,67,c,625439,502,0.0803
SARS-CoV2-5UTR-Amplicon-short-trimmed+3,68,a,625441,428,0.0684
SARS-CoV2-5UTR-Amplicon-short-trimmed+3,69,c,625441,432,0.0691
SARS-CoV2-5UTR-Amplicon-short-trimmed+3,70,t,625441,256,0.0409
SARS-CoV2-5UTR-Amplicon-short-trimmed+3,71,c,625441,330,0.0528
SARS-CoV2-5UTR-Amplicon-short-trimmed+3,72,a,625441,395,0.0632
SARS-CoV2-5UTR-Amplicon-short-trimmed+3,73,c,625441,307,0.0491
SARS-CoV2-5UTR-Amplicon-short-trimmed+3,74,g,625441,340,0.0544
SARS-CoV2-5UTR-Amplicon-short-trimmed+3,75,c,625442,939,0.1501
SARS-CoV2-5UTR-Amplicon-short-trimmed+3,76,a,625442,454,0.0726
SARS-CoV2-5UTR-Amplicon-short-trimmed+3,77,g,625441,379,0.0606
SARS-CoV2-5UTR-Amplicon-short-trimmed+3,78,t,625441,461,0.0737
SARS-CoV2-5UTR-Amplicon-short-trimmed+3,79,a,625432,554,0.0886
SARS-CoV2-5UTR-Amplicon-short-trimmed+3,80,t,625451,271,0.0433
SARS-CoV2-5UTR-Amplicon-short-trimmed+3,81,a,625428,359,0.0574
SARS-CoV2-5UTR-Amplicon-short-trimmed+3,82,a,625418,762,0.1218
SARS-CoV2-5UTR-Amplicon-short-trimmed+3,83,t,625433,342,0.0547
SARS-CoV2-5UTR-Amplicon-short-trimmed+3,84,t,625433,765,0.1223
SARS-CoV2-5UTR-Amplicon-short-trimmed+3,85,a,625434,477,0.0763
SARS-CoV2-5UTR-Amplicon-short-trimmed+3,86,a,625434,443,0.0708
SARS-CoV2-5UTR-Amplicon-short-trimmed+3,87,t,625446,319,0.051
SARS-CoV2-5UTR-Amplicon-short-trimmed+3,88,a,625444,363,0.058
SARS-CoV2-5UTR-Amplicon-short-trimmed+3,89,a,625449,1860,0.2974
SARS-CoV2-5UTR-Amplicon-short-trimmed+3,90,c,625454,668,0.1068
SARS-CoV2-5UTR-Amplicon-short-trimmed+3,91,t,625468,418,0.0668
SARS-CoV2-5UTR-Amplicon-short-trimmed+3,92,a,625468,317,0.0507
SARS-CoV2-5UTR-Amplicon-short-trimmed+3,93,a,625468,362,0.0579
SARS-CoV2-5UTR-Amplicon-short-trimmed+3,94,t,625468,307,0.0491
SARS-CoV2-5UTR-Amplicon-short-trimmed+3,95,t,625468,517,0.0827
SARS-CoV2-5UTR-Amplicon-short-trimmed+3,96,a,625466,338,0.054
SARS-CoV2-5UTR-Amplicon-short-trimmed+3,97,c,625467,369,0.059
SARS-CoV2-5UTR-Amplicon-short-trimmed+3,98,t,625463,303,0.0484
SARS-CoV2-5UTR-Amplicon-short-trimmed+3,99,g,625463,361,0.0577
SARS-CoV2-5UTR-Amplicon-short-trimmed+3,100,t,625462,459,0.0734
SARS-CoV2-5UTR-Amplicon-short-trimmed+3,101,c,625462,257,0.0411
SARS-CoV2-5UTR-Amplicon-short-trimmed+3,102,g,625468,408,0.0652
SARS-CoV2-5UTR-Amplicon-short-trimmed+3,103,t,625467,337,0.0539
SARS-CoV2-5UTR-Amplicon-short-trimmed+3,104,t,625467,586,0.0937
SARS-CoV2-5UTR-Amplicon-short-trimmed+3,105,g,625474,309,0.0494
SARS-CoV2-5UTR-Amplicon-short-trimmed+3,106,a,625459,463,0.074
SARS-CoV2-5UTR-Amplicon-short-trimmed+3,107,c,625472,424,0.0678
SARS-CoV2-5UTR-Amplicon-short-trimmed+3,108,a,625487,468,0.0748
SARS-CoV2-5UTR-Amplicon-short-trimmed+3,109,g,625538,375,0.0599
SARS-CoV2-5UTR-Amplicon-short-trimmed+3,110,g,625673,632,0.101
SARS-CoV2-5UTR-Amplicon-short-trimmed+3,111,a,625977,470,0.0751
SARS-CoV2-5UTR-Amplicon-short-trimmed+3,112,c,626299,760,0.1213
SARS-CoV2-5UTR-Amplicon-short-trimmed+3,113,a,627011,753,0.1201
SARS-CoV2-5UTR-Amplicon-short-trimmed+3,114,c,628683,556,0.0884
SARS-CoV2-5UTR-Amplicon-short-trimmed+3,115,g,634667,267,0.0421
SARS-CoV2-5UTR-Amplicon-short-trimmed+3,116,a,670068,567,0.0846
SARS-CoV2-5UTR-Amplicon-short-trimmed+3,117,g,1245438,674,0.0541
SARS-CoV2-5UTR-Amplicon-short-trimmed+3,118,t,1248543,1822,0.1459
SARS-CoV2-5UTR-Amplicon-short-trimmed+3,119,a,1248566,2228,0.1784
SARS-CoV2-5UTR-Amplicon-short-trimmed+3,120,a,1248661,2097,0.1679
SARS-CoV2-5UTR-Amplicon-short-trimmed+3,121,c,1250039,1339,0.1071
SARS-CoV2-5UTR-Amplicon-short-trimmed+3,122,t,1250570,1913,0.153
SARS-CoV2-5UTR-Amplicon-short-trimmed+3,123,c,1250977,1414,0.113
SARS-CoV2-5UTR-Amplicon-short-trimmed+3,124,g,1251189,1411,0.1128
SARS-CoV2-5UTR-Amplicon-short-trimmed+3,125,t,1251514,2234,0.1785
SARS-CoV2-5UTR-Amplicon-short-trimmed+3,126,c,1251512,1429,0.1142
SARS-CoV2-5UTR-Amplicon-short-trimmed+3,127,t,1251443,696,0.0556
SARS-CoV2-5UTR-Amplicon-short-trimmed+3,128,a,1251189,2059,0.1646
SARS-CoV2-5UTR-Amplicon-short-trimmed+3,129,t,1250787,4021,0.3215
SARS-CoV2-5UTR-Amplicon-short-trimmed+3,130,c,1250801,835,0.0668
SARS-CoV2-5UTR-Amplicon-short-trimmed+3,131,t,1250765,1150,0.0919
SARS-CoV2-5UTR-Amplicon-short-trimmed+3,132,t,1245809,1172,0.0941
SARS-CoV2-5UTR-Amplicon-short-trimmed+3,133,c,685932,1068,0.1557
SARS-CoV2-5UTR-Amplicon-short-trimmed+3,134,t,635443,908,0.1429
SARS-CoV2-5UTR-Amplicon-short-trimmed+3,135,g,629350,574,0.0912
SARS-CoV2-5UTR-Amplicon-short-trimmed+3,136,c,627879,2703,0.4305
SARS-CoV2-5UTR-Amplicon-short-trimmed+3,137,a,627559,894,0.1425
SARS-CoV2-5UTR-Amplicon-short-trimmed+3,138,g,627222,527,0.084
SARS-CoV2-5UTR-Amplicon-short-trimmed+3,139,g,627060,606,0.0966
SARS-CoV2-5UTR-Amplicon-short-trimmed+3,140,c,626888,695,0.1109
SARS-CoV2-5UTR-Amplicon-short-trimmed+3,141,t,626832,1539,0.2455
SARS-CoV2-5UTR-Amplicon-short-trimmed+3,142,g,626804,1189,0.1897
SARS-CoV2-5UTR-Amplicon-short-trimmed+3,143,c,626782,2974,0.4745
SARS-CoV2-5UTR-Amplicon-short-trimmed+3,144,t,626717,455,0.0726
SARS-CoV2-5UTR-Amplicon-short-trimmed+3,145,t,626705,1076,0.1717
SARS-CoV2-5UTR-Amplicon-short-trimmed+3,146,a,626639,2536,0.4047
SARS-CoV2-5UTR-Amplicon-short-trimmed+3,147,c,626630,640,0.1021
SARS-CoV2-5UTR-Amplicon-short-trimmed+3,148,g,626624,435,0.0694
SARS-CoV2-5UTR-Amplicon-short-trimmed+3,149,g,626623,497,0.0793
SARS-CoV2-5UTR-Amplicon-short-trimmed+3,150,t,626617,748,0.1194
SARS-CoV2-5UTR-Amplicon-short-trimmed+3,151,t,626620,747,0.1192
SARS-CoV2-5UTR-Amplicon-short-trimmed+3,152,t,626622,1832,0.2924
SARS-CoV2-5UTR-Amplicon-short-trimmed+3,153,c,626620,1584,0.2528
SARS-CoV2-5UTR-Amplicon-short-trimmed+3,154,g,626617,400,0.0638
SARS-CoV2-5UTR-Amplicon-short-trimmed+3,155,t,626618,1326,0.2116
SARS-CoV2-5UTR-Amplicon-short-trimmed+3,156,c,626618,863,0.1377
SARS-CoV2-5UTR-Amplicon-short-trimmed+3,157,c,626615,1048,0.1672
SARS-CoV2-5UTR-Amplicon-short-trimmed+3,158,g,626610,433,0.0691
SARS-CoV2-5UTR-Amplicon-short-trimmed+3,159,t,626610,4592,0.7328
SARS-CoV2-5UTR-Amplicon-short-trimmed+3,160,g,626613,471,0.0752
SARS-CoV2-5UTR-Amplicon-short-trimmed+3,161,t,626609,693,0.1106
SARS-CoV2-5UTR-Amplicon-short-trimmed+3,162,t,626605,2345,0.3742
SARS-CoV2-5UTR-Amplicon-short-trimmed+3,163,g,626605,372,0.0594
SARS-CoV2-5UTR-Amplicon-short-trimmed+3,164,c,626604,1019,0.1626
SARS-CoV2-5UTR-Amplicon-short-trimmed+3,165,a,626605,807,0.1288
SARS-CoV2-5UTR-Amplicon-short-trimmed+3,166,g,626670,891,0.1422
SARS-CoV2-5UTR-Amplicon-short-trimmed+3,167,c,626671,1065,0.1699
SARS-CoV2-5UTR-Amplicon-short-trimmed+3,168,c,626672,3245,0.5178
SARS-CoV2-5UTR-Amplicon-short-trimmed+3,169,g,626672,664,0.106
SARS-CoV2-5UTR-Amplicon-short-trimmed+3,170,a,626676,688,0.1098
SARS-CoV2-5UTR-Amplicon-short-trimmed+3,171,t,626688,664,0.106
SARS-CoV2-5UTR-Amplicon-short-trimmed+3,172,c,626690,954,0.1522
SARS-CoV2-5UTR-Amplicon-short-trimmed+3,173,a,626690,666,0.1063
SARS-CoV2-5UTR-Amplicon-short-trimmed+3,174,t,626691,531,0.0847
SARS-CoV2-5UTR-Amplicon-short-trimmed+3,175,c,626691,687,0.1096
SARS-CoV2-5UTR-Amplicon-short-trimmed+3,176,a,626688,850,0.1356
SARS-CoV2-5UTR-Amplicon-short-trimmed+3,177,g,626687,456,0.0728
SARS-CoV2-5UTR-Amplicon-short-trimmed+3,178,c,626687,3655,0.5832
SARS-CoV2-5UTR-Amplicon-short-trimmed+3,179,a,626687,869,0.1387
SARS-CoV2-5UTR-Amplicon-short-trimmed+3,180,c,626687,620,0.0989
SARS-CoV2-5UTR-Amplicon-short-trimmed+3,181,a,626687,485,0.0774
SARS-CoV2-5UTR-Amplicon-short-trimmed+3,182,t,626687,538,0.0858
SARS-CoV2-5UTR-Amplicon-short-trimmed+3,183,c,626687,306,0.0488
SARS-CoV2-5UTR-Amplicon-short-trimmed+3,184,t,626687,698,0.1114
SARS-CoV2-5UTR-Amplicon-short-trimmed+3,185,a,626674,850,0.1356
SARS-CoV2-5UTR-Amplicon-short-trimmed+3,186,g,626675,353,0.0563
SARS-CoV2-5UTR-Amplicon-short-trimmed+3,187,g,626675,424,0.0677
SARS-CoV2-5UTR-Amplicon-short-trimmed+3,188,t,626675,2447,0.3905
SARS-CoV2-5UTR-Amplicon-short-trimmed+3,189,t,626659,1039,0.1658
SARS-CoV2-5UTR-Amplicon-short-trimmed+3,190,t,626659,1474,0.2352
SARS-CoV2-5UTR-Amplicon-short-trimmed+3,191,c,626659,1190,0.1899
SARS-CoV2-5UTR-Amplicon-short-trimmed+3,192,g,626651,269,0.0429
SARS-CoV2-5UTR-Amplicon-short-trimmed+3,193,t,626651,3756,0.5994
SARS-CoV2-5UTR-Amplicon-short-trimmed+3,194,c,626651,503,0.0803
SARS-CoV2-5UTR-Amplicon-short-trimmed+3,195,c,626651,720,0.1149
SARS-CoV2-5UTR-Amplicon-short-trimmed+3,196,g,626631,322,0.0514
SARS-CoV2-5UTR-Amplicon-short-trimmed+3,197,g,626630,352,0.0562
SARS-CoV2-5UTR-Amplicon-short-trimmed+3,198,g,626630,2868,0.4577
SARS-CoV2-5UTR-Amplicon-short-trimmed+3,199,t,626630,1068,0.1704
SARS-CoV2-5UTR-Amplicon-short-trimmed+3,200,g,626630,991,0.1581
SARS-CoV2-5UTR-Amplicon-short-trimmed+3,201,t,626630,2138,0.3412
SARS-CoV2-5UTR-Amplicon-short-trimmed+3,202,g,626630,547,0.0873
SARS-CoV2-5UTR-Amplicon-short-trimmed+3,203,a,626627,1226,0.1957
SARS-CoV2-5UTR-Amplicon-short-trimmed+3,204,c,626627,489,0.078
SARS-CoV2-5UTR-Amplicon-short-trimmed+3,205,c,626627,346,0.0552
SARS-CoV2-5UTR-Amplicon-short-trimmed+3,206,g,626627,421,0.0672
SARS-CoV2-5UTR-Amplicon-short-trimmed+3,207,a,626625,487,0.0777
SARS-CoV2-5UTR-Amplicon-short-trimmed+3,208,a,626625,333,0.0531
SARS-CoV2-5UTR-Amplicon-short-trimmed+3,209,a,626625,614,0.098
SARS-CoV2-5UTR-Amplicon-short-trimmed+3,210,g,626622,296,0.0472
SARS-CoV2-5UTR-Amplicon-short-trimmed+3,211,g,626622,998,0.1593
SARS-CoV2-5UTR-Amplicon-short-trimmed+3,212,t,626621,549,0.0876
SARS-CoV2-5UTR-Amplicon-short-trimmed+3,213,a,626621,393,0.0627
SARS-CoV2-5UTR-Amplicon-short-trimmed+3,214,a,626619,492,0.0785
SARS-CoV2-5UTR-Amplicon-short-trimmed+3,215,g,626619,249,0.0397
SARS-CoV2-5UTR-Amplicon-short-trimmed+3,216,a,626689,360,0.0574
SARS-CoV2-5UTR-Amplicon-short-trimmed+3,217,t,626689,608,0.097
SARS-CoV2-5UTR-Amplicon-short-trimmed+3,218,g,626689,317,0.0506
SARS-CoV2-5UTR-Amplicon-short-trimmed+3,219,g,626686,400,0.0638
SARS-CoV2-5UTR-Amplicon-short-trimmed+3,220,a,626686,1124,0.1794
SARS-CoV2-5UTR-Amplicon-short-trimmed+3,221,g,626686,862,0.1375
SARS-CoV2-5UTR-Amplicon-short-trimmed+3,222,a,626613,529,0.0844
SARS-CoV2-5UTR-Amplicon-short-trimmed+3,223,g,626613,521,0.0831
SARS-CoV2-5UTR-Amplicon-short-trimmed+3,224,c,626613,618,0.0986
SARS-CoV2-5UTR-Amplicon-short-trimmed+3,225,c,626613,431,0.0688
SARS-CoV2-5UTR-Amplicon-short-trimmed+3,226,t,626607,352,0.0562
SARS-CoV2-5UTR-Amplicon-short-trimmed+3,227,t,626607,2781,0.4438
SARS-CoV2-5UTR-Amplicon-short-trimmed+3,228,g,626607,323,0.0515
SARS-CoV2-5UTR-Amplicon-short-trimmed+3,229,t,626606,957,0.1527
SARS-CoV2-5UTR-Amplicon-short-trimmed+3,230,c,626605,1655,0.2641
SARS-CoV2-5UTR-Amplicon-short-trimmed+3,231,c,626605,247,0.0394
SARS-CoV2-5UTR-Amplicon-short-trimmed+3,232,c,626604,462,0.0737
SARS-CoV2-5UTR-Amplicon-short-trimmed+3,233,t,626582,1051,0.1677
SARS-CoV2-5UTR-Amplicon-short-trimmed+3,234,g,626582,397,0.0634
SARS-CoV2-5UTR-Amplicon-short-trimmed+3,235,g,626580,393,0.0627
SARS-CoV2-5UTR-Amplicon-short-trimmed+3,236,t,626575,274,0.0437
SARS-CoV2-5UTR-Amplicon-short-trimmed+3,237,t,626572,523,0.0835
SARS-CoV2-5UTR-Amplicon-short-trimmed+3,238,t,626563,524,0.0836
SARS-CoV2-5UTR-Amplicon-short-trimmed+3,239,c,626542,4339,0.6925
SARS-CoV2-5UTR-Amplicon-short-trimmed+3,240,a,626505,496,0.0792
SARS-CoV2-5UTR-Amplicon-short-trimmed+3,241,a,626479,363,0.0579
SARS-CoV2-5UTR-Amplicon-short-trimmed+3,242,c,626434,440,0.0702
SARS-CoV2-5UTR-Amplicon-short-trimmed+3,243,g,626415,261,0.0417
SARS-CoV2-5UTR-Amplicon-short-trimmed+3,244,a,626348,688,0.1098
SARS-CoV2-5UTR-Amplicon-short-trimmed+3,245,g,625869,0,0
SARS-CoV2-5UTR-Amplicon-short-trimmed+3,246,g,625554,0,0
SARS-CoV2-5UTR-Amplicon-short-trimmed+3,247,G,624953,1,2e-04
SARS-CoV2-5UTR-Amplicon-short-trimmed+3,248,A,624434,0,0
SARS-CoV2-5UTR-Amplicon-short-trimmed+3,249,G,624282,0,0
