Region,Position,Ref_base,Depth,Mut_count,Mut_percentage
SARS-CoV2-5UTR-Amplicon-short-trimmed+3,1,T,1434519,0,0
SARS-CoV2-5UTR-Amplicon-short-trimmed+3,2,T,1435703,0,0
SARS-CoV2-5UTR-Amplicon-short-trimmed+3,3,G,1436041,0,0
SARS-CoV2-5UTR-Amplicon-short-trimmed+3,4,t,1437483,0,0
SARS-CoV2-5UTR-Amplicon-short-trimmed+3,5,a,1437772,0,0
SARS-CoV2-5UTR-Amplicon-short-trimmed+3,6,g,1438143,1021,0.071
SARS-CoV2-5UTR-Amplicon-short-trimmed+3,7,a,1438288,382,0.0266
SARS-CoV2-5UTR-Amplicon-short-trimmed+3,8,t,1438312,429,0.0298
SARS-CoV2-5UTR-Amplicon-short-trimmed+3,9,c,1438335,377,0.0262
SARS-CoV2-5UTR-Amplicon-short-trimmed+3,10,t,1438357,513,0.0357
SARS-CoV2-5UTR-Amplicon-short-trimmed+3,11,g,1438371,4592,0.3193
SARS-CoV2-5UTR-Amplicon-short-trimmed+3,12,t,1438403,459,0.0319
SARS-CoV2-5UTR-Amplicon-short-trimmed+3,13,t,1438420,590,0.041
SARS-CoV2-5UTR-Amplicon-short-trimmed+3,14,c,1438429,384,0.0267
SARS-CoV2-5UTR-Amplicon-short-trimmed+3,15,t,1438432,607,0.0422
SARS-CoV2-5UTR-Amplicon-short-trimmed+3,16,c,1438446,1206,0.0838
SARS-CoV2-5UTR-Amplicon-short-trimmed+3,17,t,1438452,435,0.0302
SARS-CoV2-5UTR-Amplicon-short-trimmed+3,18,a,1438457,764,0.0531
SARS-CoV2-5UTR-Amplicon-short-trimmed+3,19,a,1438466,621,0.0432
SARS-CoV2-5UTR-Amplicon-short-trimmed+3,20,a,1438491,441,0.0307
SARS-CoV2-5UTR-Amplicon-short-trimmed+3,21,c,1438497,319,0.0222
SARS-CoV2-5UTR-Amplicon-short-trimmed+3,22,g,1438498,875,0.0608
SARS-CoV2-5UTR-Amplicon-short-trimmed+3,23,a,1438499,570,0.0396
SARS-CoV2-5UTR-Amplicon-short-trimmed+3,24,a,1438499,444,0.0309
SARS-CoV2-5UTR-Amplicon-short-trimmed+3,25,c,1438500,14516,1.0091
SARS-CoV2-5UTR-Amplicon-short-trimmed+3,26,t,1438501,1117,0.0777
SARS-CoV2-5UTR-Amplicon-short-trimmed+3,27,t,1438509,1676,0.1165
SARS-CoV2-5UTR-Amplicon-short-trimmed+3,28,t,1438523,3315,0.2304
SARS-CoV2-5UTR-Amplicon-short-trimmed+3,29,a,1438525,1225,0.0852
SARS-CoV2-5UTR-Amplicon-short-trimmed+3,30,a,1438529,529,0.0368
SARS-CoV2-5UTR-Amplicon-short-trimmed+3,31,a,1438516,619,0.043
SARS-CoV2-5UTR-Amplicon-short-trimmed+3,32,a,1438518,476,0.0331
SARS-CoV2-5UTR-Amplicon-short-trimmed+3,33,t,1438519,3269,0.2272
SARS-CoV2-5UTR-Amplicon-short-trimmed+3,34,c,1438519,585,0.0407
SARS-CoV2-5UTR-Amplicon-short-trimmed+3,35,t,1438519,641,0.0446
SARS-CoV2-5UTR-Amplicon-short-trimmed+3,36,g,1438519,1319,0.0917
SARS-CoV2-5UTR-Amplicon-short-trimmed+3,37,t,1438508,507,0.0352
SARS-CoV2-5UTR-Amplicon-short-trimmed+3,38,g,1438509,590,0.041
SARS-CoV2-5UTR-Amplicon-short-trimmed+3,39,t,1438509,425,0.0295
SARS-CoV2-5UTR-Amplicon-short-trimmed+3,40,g,1438509,1086,0.0755
SARS-CoV2-5UTR-Amplicon-short-trimmed+3,41,g,1438509,1114,0.0774
SARS-CoV2-5UTR-Amplicon-short-trimmed+3,42,c,1438508,343,0.0238
SARS-CoV2-5UTR-Amplicon-short-trimmed+3,43,t,1438507,1530,0.1064
SARS-CoV2-5UTR-Amplicon-short-trimmed+3,44,g,1438507,1342,0.0933
SARS-CoV2-5UTR-Amplicon-short-trimmed+3,45,t,1438507,894,0.0621
SARS-CoV2-5UTR-Amplicon-short-trimmed+3,46,c,1438506,324,0.0225
SARS-CoV2-5UTR-Amplicon-short-trimmed+3,47,a,1438493,742,0.0516
SARS-CoV2-5UTR-Amplicon-short-trimmed+3,48,c,1438493,329,0.0229
SARS-CoV2-5UTR-Amplicon-short-trimmed+3,49,t,1438493,473,0.0329
SARS-CoV2-5UTR-Amplicon-short-trimmed+3,50,c,1438491,378,0.0263
SARS-CoV2-5UTR-Amplicon-short-trimmed+3,51,g,1438491,1259,0.0875
SARS-CoV2-5UTR-Amplicon-short-trimmed+3,52,g,1438491,1596,0.1109
SARS-CoV2-5UTR-Amplicon-short-trimmed+3,53,c,1438491,2025,0.1408
SARS-CoV2-5UTR-Amplicon-short-trimmed+3,54,t,1438490,873,0.0607
SARS-CoV2-5UTR-Amplicon-short-trimmed+3,55,g,1438490,2436,0.1693
SARS-CoV2-5UTR-Amplicon-short-trimmed+3,56,c,1438490,599,0.0416
SARS-CoV2-5UTR-Amplicon-short-trimmed+3,57,g,1438490,2471,0.1718
SARS-CoV2-5UTR-Amplicon-short-trimmed+3,58,t,1438490,606,0.0421
SARS-CoV2-5UTR-Amplicon-short-trimmed+3,59,g,1438490,1714,0.1192
SARS-CoV2-5UTR-Amplicon-short-trimmed+3,60,c,1438489,551,0.0383
SARS-CoV2-5UTR-Amplicon-short-trimmed+3,61,t,1438490,716,0.0498
SARS-CoV2-5UTR-Amplicon-short-trimmed+3,62,t,1438490,944,0.0656
SARS-CoV2-5UTR-Amplicon-short-trimmed+3,63,a,1438491,881,0.0612
SARS-CoV2-5UTR-Amplicon-short-trimmed+3,64,g,1438491,762,0.053
SARS-CoV2-5UTR-Amplicon-short-trimmed+3,65,t,1438492,689,0.0479
SARS-CoV2-5UTR-Amplicon-short-trimmed+3,66,g,1438491,1659,0.1153
SARS-CoV2-5UTR-Amplicon-short-trimmed+3,67,c,1438491,873,0.0607
SARS-CoV2-5UTR-Amplicon-short-trimmed+3,68,a,1438491,867,0.0603
SARS-CoV2-5UTR-Amplicon-short-trimmed+3,69,c,1438491,526,0.0366
SARS-CoV2-5UTR-Amplicon-short-trimmed+3,70,t,1438490,621,0.0432
SARS-CoV2-5UTR-Amplicon-short-trimmed+3,71,c,1438490,836,0.0581
SARS-CoV2-5UTR-Amplicon-short-trimmed+3,72,a,1438488,806,0.056
SARS-CoV2-5UTR-Amplicon-short-trimmed+3,73,c,1438488,416,0.0289
SARS-CoV2-5UTR-Amplicon-short-trimmed+3,74,g,1438488,969,0.0674
SARS-CoV2-5UTR-Amplicon-short-trimmed+3,75,c,1438490,1918,0.1333
SARS-CoV2-5UTR-Amplicon-short-trimmed+3,76,a,1438490,1007,0.07
SARS-CoV2-5UTR-Amplicon-short-trimmed+3,77,g,1438490,1233,0.0857
SARS-CoV2-5UTR-Amplicon-short-trimmed+3,78,t,1438490,896,0.0623
SARS-CoV2-5UTR-Amplicon-short-trimmed+3,79,a,1438490,1004,0.0698
SARS-CoV2-5UTR-Amplicon-short-trimmed+3,80,t,1438490,362,0.0252
SARS-CoV2-5UTR-Amplicon-short-trimmed+3,81,a,1438474,591,0.0411
SARS-CoV2-5UTR-Amplicon-short-trimmed+3,82,a,1438472,1256,0.0873
SARS-CoV2-5UTR-Amplicon-short-trimmed+3,83,t,1438471,461,0.032
SARS-CoV2-5UTR-Amplicon-short-trimmed+3,84,t,1438471,1355,0.0942
SARS-CoV2-5UTR-Amplicon-short-trimmed+3,85,a,1438449,878,0.061
SARS-CoV2-5UTR-Amplicon-short-trimmed+3,86,a,1438449,547,0.038
SARS-CoV2-5UTR-Amplicon-short-trimmed+3,87,t,1438449,487,0.0339
SARS-CoV2-5UTR-Amplicon-short-trimmed+3,88,a,1438449,715,0.0497
SARS-CoV2-5UTR-Amplicon-short-trimmed+3,89,a,1438449,4035,0.2805
SARS-CoV2-5UTR-Amplicon-short-trimmed+3,90,c,1438453,571,0.0397
SARS-CoV2-5UTR-Amplicon-short-trimmed+3,91,t,1438475,754,0.0524
SARS-CoV2-5UTR-Amplicon-short-trimmed+3,92,a,1438470,553,0.0384
SARS-CoV2-5UTR-Amplicon-short-trimmed+3,93,a,1438470,600,0.0417
SARS-CoV2-5UTR-Amplicon-short-trimmed+3,94,t,1438471,588,0.0409
SARS-CoV2-5UTR-Amplicon-short-trimmed+3,95,t,1438473,1077,0.0749
SARS-CoV2-5UTR-Amplicon-short-trimmed+3,96,a,1438476,633,0.044
SARS-CoV2-5UTR-Amplicon-short-trimmed+3,97,c,1438475,373,0.0259
SARS-CoV2-5UTR-Amplicon-short-trimmed+3,98,t,1438475,691,0.048
SARS-CoV2-5UTR-Amplicon-short-trimmed+3,99,g,1438474,1265,0.0879
SARS-CoV2-5UTR-Amplicon-short-trimmed+3,100,t,1438473,832,0.0578
SARS-CoV2-5UTR-Amplicon-short-trimmed+3,101,c,1438472,448,0.0311
SARS-CoV2-5UTR-Amplicon-short-trimmed+3,102,g,1438496,1706,0.1186
SARS-CoV2-5UTR-Amplicon-short-trimmed+3,103,t,1438483,696,0.0484
SARS-CoV2-5UTR-Amplicon-short-trimmed+3,104,t,1438487,1321,0.0918
SARS-CoV2-5UTR-Amplicon-short-trimmed+3,105,g,1438495,859,0.0597
SARS-CoV2-5UTR-Amplicon-short-trimmed+3,106,a,1438516,779,0.0542
SARS-CoV2-5UTR-Amplicon-short-trimmed+3,107,c,1438532,875,0.0608
SARS-CoV2-5UTR-Amplicon-short-trimmed+3,108,a,1438564,1066,0.0741
SARS-CoV2-5UTR-Amplicon-short-trimmed+3,109,g,1438659,1067,0.0742
SARS-CoV2-5UTR-Amplicon-short-trimmed+3,110,g,1438869,1495,0.1039
SARS-CoV2-5UTR-Amplicon-short-trimmed+3,111,a,1439508,755,0.0524
SARS-CoV2-5UTR-Amplicon-short-trimmed+3,112,c,1440225,728,0.0505
SARS-CoV2-5UTR-Amplicon-short-trimmed+3,113,a,1441708,1607,0.1115
SARS-CoV2-5UTR-Amplicon-short-trimmed+3,114,c,1445607,959,0.0663
SARS-CoV2-5UTR-Amplicon-short-trimmed+3,115,g,1458721,851,0.0583
SARS-CoV2-5UTR-Amplicon-short-trimmed+3,116,a,1538706,993,0.0645
SARS-CoV2-5UTR-Amplicon-short-trimmed+3,117,g,1999996,1454,0.0727
SARS-CoV2-5UTR-Amplicon-short-trimmed+3,118,t,1999994,3425,0.1713
SARS-CoV2-5UTR-Amplicon-short-trimmed+3,119,a,1999991,2850,0.1425
SARS-CoV2-5UTR-Amplicon-short-trimmed+3,120,a,1999996,1839,0.092
SARS-CoV2-5UTR-Amplicon-short-trimmed+3,121,c,1999994,1835,0.0918
SARS-CoV2-5UTR-Amplicon-short-trimmed+3,122,t,1999982,2647,0.1324
SARS-CoV2-5UTR-Amplicon-short-trimmed+3,123,c,1999978,1522,0.0761
SARS-CoV2-5UTR-Amplicon-short-trimmed+3,124,g,1999944,2662,0.1331
SARS-CoV2-5UTR-Amplicon-short-trimmed+3,125,t,1999946,2761,0.1381
SARS-CoV2-5UTR-Amplicon-short-trimmed+3,126,c,1999878,1430,0.0715
SARS-CoV2-5UTR-Amplicon-short-trimmed+3,127,t,1999716,1071,0.0536
SARS-CoV2-5UTR-Amplicon-short-trimmed+3,128,a,1999204,2185,0.1093
SARS-CoV2-5UTR-Amplicon-short-trimmed+3,129,t,1998285,4385,0.2194
SARS-CoV2-5UTR-Amplicon-short-trimmed+3,130,c,1998311,585,0.0293
SARS-CoV2-5UTR-Amplicon-short-trimmed+3,131,t,1998227,1460,0.0731
SARS-CoV2-5UTR-Amplicon-short-trimmed+3,132,t,1987541,1258,0.0633
SARS-CoV2-5UTR-Amplicon-short-trimmed+3,133,c,692859,899,0.1298
SARS-CoV2-5UTR-Amplicon-short-trimmed+3,134,t,580432,857,0.1476
SARS-CoV2-5UTR-Amplicon-short-trimmed+3,135,g,567321,717,0.1264
SARS-CoV2-5UTR-Amplicon-short-trimmed+3,136,c,564222,2381,0.422
SARS-CoV2-5UTR-Amplicon-short-trimmed+3,137,a,563603,701,0.1244
SARS-CoV2-5UTR-Amplicon-short-trimmed+3,138,g,562986,451,0.0801
SARS-CoV2-5UTR-Amplicon-short-trimmed+3,139,g,562644,551,0.0979
SARS-CoV2-5UTR-Amplicon-short-trimmed+3,140,c,562415,750,0.1334
SARS-CoV2-5UTR-Amplicon-short-trimmed+3,141,t,562317,1552,0.276
SARS-CoV2-5UTR-Amplicon-short-trimmed+3,142,g,562270,1148,0.2042
SARS-CoV2-5UTR-Amplicon-short-trimmed+3,143,c,562246,385,0.0685
SARS-CoV2-5UTR-Amplicon-short-trimmed+3,144,t,562200,373,0.0663
SARS-CoV2-5UTR-Amplicon-short-trimmed+3,145,t,562191,1065,0.1894
SARS-CoV2-5UTR-Amplicon-short-trimmed+3,146,a,562155,762,0.1355
SARS-CoV2-5UTR-Amplicon-short-trimmed+3,147,c,562153,603,0.1073
SARS-CoV2-5UTR-Amplicon-short-trimmed+3,148,g,562143,346,0.0616
SARS-CoV2-5UTR-Amplicon-short-trimmed+3,149,g,562126,420,0.0747
SARS-CoV2-5UTR-Amplicon-short-trimmed+3,150,t,562127,490,0.0872
SARS-CoV2-5UTR-Amplicon-short-trimmed+3,151,t,562129,475,0.0845
SARS-CoV2-5UTR-Amplicon-short-trimmed+3,152,t,562131,1382,0.2459
SARS-CoV2-5UTR-Amplicon-short-trimmed+3,153,c,562132,954,0.1697
SARS-CoV2-5UTR-Amplicon-short-trimmed+3,154,g,562132,409,0.0728
SARS-CoV2-5UTR-Amplicon-short-trimmed+3,155,t,562133,821,0.1461
SARS-CoV2-5UTR-Amplicon-short-trimmed+3,156,c,562137,643,0.1144
SARS-CoV2-5UTR-Amplicon-short-trimmed+3,157,c,562138,1115,0.1983
SARS-CoV2-5UTR-Amplicon-short-trimmed+3,158,g,562132,458,0.0815
SARS-CoV2-5UTR-Amplicon-short-trimmed+3,159,t,562131,4177,0.7431
SARS-CoV2-5UTR-Amplicon-short-trimmed+3,160,g,562138,510,0.0907
SARS-CoV2-5UTR-Amplicon-short-trimmed+3,161,t,562140,499,0.0888
SARS-CoV2-5UTR-Amplicon-short-trimmed+3,162,t,562142,850,0.1512
SARS-CoV2-5UTR-Amplicon-short-trimmed+3,163,g,562144,387,0.0688
SARS-CoV2-5UTR-Amplicon-short-trimmed+3,164,c,562149,877,0.156
SARS-CoV2-5UTR-Amplicon-short-trimmed+3,165,a,562157,659,0.1172
SARS-CoV2-5UTR-Amplicon-short-trimmed+3,166,g,562310,698,0.1241
SARS-CoV2-5UTR-Amplicon-short-trimmed+3,167,c,562314,809,0.1439
SARS-CoV2-5UTR-Amplicon-short-trimmed+3,168,c,562314,4607,0.8193
SARS-CoV2-5UTR-Amplicon-short-trimmed+3,169,g,562314,787,0.14
SARS-CoV2-5UTR-Amplicon-short-trimmed+3,170,a,562319,559,0.0994
SARS-CoV2-5UTR-Amplicon-short-trimmed+3,171,t,562320,569,0.1012
SARS-CoV2-5UTR-Amplicon-short-trimmed+3,172,c,562320,374,0.0665
SARS-CoV2-5UTR-Amplicon-short-trimmed+3,173,a,562322,477,0.0848
SARS-CoV2-5UTR-Amplicon-short-trimmed+3,174,t,562323,366,0.0651
SARS-CoV2-5UTR-Amplicon-short-trimmed+3,175,c,562323,707,0.1257
SARS-CoV2-5UTR-Amplicon-short-trimmed+3,176,a,562323,878,0.1561
SARS-CoV2-5UTR-Amplicon-short-trimmed+3,177,g,562323,605,0.1076
SARS-CoV2-5UTR-Amplicon-short-trimmed+3,178,c,562323,4652,0.8273
SARS-CoV2-5UTR-Amplicon-short-trimmed+3,179,a,562324,694,0.1234
SARS-CoV2-5UTR-Amplicon-short-trimmed+3,180,c,562324,534,0.095
SARS-CoV2-5UTR-Amplicon-short-trimmed+3,181,a,562324,403,0.0717
SARS-CoV2-5UTR-Amplicon-short-trimmed+3,182,t,562324,352,0.0626
SARS-CoV2-5UTR-Amplicon-short-trimmed+3,183,c,562324,257,0.0457
SARS-CoV2-5UTR-Amplicon-short-trimmed+3,184,t,562324,751,0.1336
SARS-CoV2-5UTR-Amplicon-short-trimmed+3,185,a,562324,974,0.1732
SARS-CoV2-5UTR-Amplicon-short-trimmed+3,186,g,562324,572,0.1017
SARS-CoV2-5UTR-Amplicon-short-trimmed+3,187,g,562324,608,0.1081
SARS-CoV2-5UTR-Amplicon-short-trimmed+3,188,t,562325,352,0.0626
SARS-CoV2-5UTR-Amplicon-short-trimmed+3,189,t,562325,743,0.1321
SARS-CoV2-5UTR-Amplicon-short-trimmed+3,190,t,562325,1379,0.2452
SARS-CoV2-5UTR-Amplicon-short-trimmed+3,191,c,562324,715,0.1272
SARS-CoV2-5UTR-Amplicon-short-trimmed+3,192,g,562324,505,0.0898
SARS-CoV2-5UTR-Amplicon-short-trimmed+3,193,t,562324,3647,0.6486
SARS-CoV2-5UTR-Amplicon-short-trimmed+3,194,c,562324,432,0.0768
SARS-CoV2-5UTR-Amplicon-short-trimmed+3,195,c,562324,692,0.1231
SARS-CoV2-5UTR-Amplicon-short-trimmed+3,196,g,562305,548,0.0975
SARS-CoV2-5UTR-Amplicon-short-trimmed+3,197,g,562302,503,0.0895
SARS-CoV2-5UTR-Amplicon-short-trimmed+3,198,g,562302,2669,0.4747
SARS-CoV2-5UTR-Amplicon-short-trimmed+3,199,t,562299,1065,0.1894
SARS-CoV2-5UTR-Amplicon-short-trimmed+3,200,g,562297,576,0.1024
SARS-CoV2-5UTR-Amplicon-short-trimmed+3,201,t,562297,743,0.1321
SARS-CoV2-5UTR-Amplicon-short-trimmed+3,202,g,562297,829,0.1474
SARS-CoV2-5UTR-Amplicon-short-trimmed+3,203,a,562297,994,0.1768
SARS-CoV2-5UTR-Amplicon-short-trimmed+3,204,c,562298,346,0.0615
SARS-CoV2-5UTR-Amplicon-short-trimmed+3,205,c,562298,275,0.0489
SARS-CoV2-5UTR-Amplicon-short-trimmed+3,206,g,562298,485,0.0863
SARS-CoV2-5UTR-Amplicon-short-trimmed+3,207,a,562295,548,0.0975
SARS-CoV2-5UTR-Amplicon-short-trimmed+3,208,a,562294,234,0.0416
SARS-CoV2-5UTR-Amplicon-short-trimmed+3,209,a,562293,700,0.1245
SARS-CoV2-5UTR-Amplicon-short-trimmed+3,210,g,562293,389,0.0692
SARS-CoV2-5UTR-Amplicon-short-trimmed+3,211,g,562293,885,0.1574
SARS-CoV2-5UTR-Amplicon-short-trimmed+3,212,t,562293,473,0.0841
SARS-CoV2-5UTR-Amplicon-short-trimmed+3,213,a,562293,327,0.0582
SARS-CoV2-5UTR-Amplicon-short-trimmed+3,214,a,562293,458,0.0815
SARS-CoV2-5UTR-Amplicon-short-trimmed+3,215,g,562294,341,0.0606
SARS-CoV2-5UTR-Amplicon-short-trimmed+3,216,a,562461,294,0.0523
SARS-CoV2-5UTR-Amplicon-short-trimmed+3,217,t,562456,727,0.1293
SARS-CoV2-5UTR-Amplicon-short-trimmed+3,218,g,562455,479,0.0852
SARS-CoV2-5UTR-Amplicon-short-trimmed+3,219,g,562447,632,0.1124
SARS-CoV2-5UTR-Amplicon-short-trimmed+3,220,a,562448,1410,0.2507
SARS-CoV2-5UTR-Amplicon-short-trimmed+3,221,g,562448,1294,0.2301
SARS-CoV2-5UTR-Amplicon-short-trimmed+3,222,a,562284,546,0.0971
SARS-CoV2-5UTR-Amplicon-short-trimmed+3,223,g,562284,653,0.1161
SARS-CoV2-5UTR-Amplicon-short-trimmed+3,224,c,562284,233,0.0414
SARS-CoV2-5UTR-Amplicon-short-trimmed+3,225,c,562284,329,0.0585
SARS-CoV2-5UTR-Amplicon-short-trimmed+3,226,t,562284,357,0.0635
SARS-CoV2-5UTR-Amplicon-short-trimmed+3,227,t,562284,3620,0.6438
SARS-CoV2-5UTR-Amplicon-short-trimmed+3,228,g,562284,723,0.1286
SARS-CoV2-5UTR-Amplicon-short-trimmed+3,229,t,562281,901,0.1602
SARS-CoV2-5UTR-Amplicon-short-trimmed+3,230,c,562281,159,0.0283
SARS-CoV2-5UTR-Amplicon-short-trimmed+3,231,c,562280,195,0.0347
SARS-CoV2-5UTR-Amplicon-short-trimmed+3,232,c,562277,433,0.077
SARS-CoV2-5UTR-Amplicon-short-trimmed+3,233,t,562192,1243,0.2211
SARS-CoV2-5UTR-Amplicon-short-trimmed+3,234,g,562192,725,0.129
SARS-CoV2-5UTR-Amplicon-short-trimmed+3,235,g,562190,599,0.1065
SARS-CoV2-5UTR-Amplicon-short-trimmed+3,236,t,562189,277,0.0493
SARS-CoV2-5UTR-Amplicon-short-trimmed+3,237,t,562185,369,0.0656
SARS-CoV2-5UTR-Amplicon-short-trimmed+3,238,t,562179,475,0.0845
SARS-CoV2-5UTR-Amplicon-short-trimmed+3,239,c,562157,4001,0.7117
SARS-CoV2-5UTR-Amplicon-short-trimmed+3,240,a,562135,395,0.0703
SARS-CoV2-5UTR-Amplicon-short-trimmed+3,241,a,562105,278,0.0495
SARS-CoV2-5UTR-Amplicon-short-trimmed+3,242,c,562065,327,0.0582
SARS-CoV2-5UTR-Amplicon-short-trimmed+3,243,g,562019,404,0.0719
SARS-CoV2-5UTR-Amplicon-short-trimmed+3,244,a,561916,917,0.1632
SARS-CoV2-5UTR-Amplicon-short-trimmed+3,245,g,561560,0,0
SARS-CoV2-5UTR-Amplicon-short-trimmed+3,246,g,561263,0,0
SARS-CoV2-5UTR-Amplicon-short-trimmed+3,247,G,560314,2,4e-04
SARS-CoV2-5UTR-Amplicon-short-trimmed+3,248,A,559808,0,0
SARS-CoV2-5UTR-Amplicon-short-trimmed+3,249,G,559618,0,0
