Region,Position,Ref_base,Depth,Mut_count,Mut_percentage
SARS-CoV2-5UTR-Amplicon-short-trimmed+3,1,T,960709,0,0
SARS-CoV2-5UTR-Amplicon-short-trimmed+3,2,T,961313,0,0
SARS-CoV2-5UTR-Amplicon-short-trimmed+3,3,G,961537,0,0
SARS-CoV2-5UTR-Amplicon-short-trimmed+3,4,t,964067,0,0
SARS-CoV2-5UTR-Amplicon-short-trimmed+3,5,a,964317,0,0
SARS-CoV2-5UTR-Amplicon-short-trimmed+3,6,g,964569,1608,0.1667
SARS-CoV2-5UTR-Amplicon-short-trimmed+3,7,a,964835,254,0.0263
SARS-CoV2-5UTR-Amplicon-short-trimmed+3,8,t,964846,243,0.0252
SARS-CoV2-5UTR-Amplicon-short-trimmed+3,9,c,964860,266,0.0276
SARS-CoV2-5UTR-Amplicon-short-trimmed+3,10,t,964871,353,0.0366
SARS-CoV2-5UTR-Amplicon-short-trimmed+3,11,g,964877,6797,0.7044
SARS-CoV2-5UTR-Amplicon-short-trimmed+3,12,t,964904,423,0.0438
SARS-CoV2-5UTR-Amplicon-short-trimmed+3,13,t,964908,341,0.0353
SARS-CoV2-5UTR-Amplicon-short-trimmed+3,14,c,964914,259,0.0268
SARS-CoV2-5UTR-Amplicon-short-trimmed+3,15,t,964921,435,0.0451
SARS-CoV2-5UTR-Amplicon-short-trimmed+3,16,c,964925,597,0.0619
SARS-CoV2-5UTR-Amplicon-short-trimmed+3,17,t,964928,259,0.0268
SARS-CoV2-5UTR-Amplicon-short-trimmed+3,18,a,964929,513,0.0532
SARS-CoV2-5UTR-Amplicon-short-trimmed+3,19,a,964931,472,0.0489
SARS-CoV2-5UTR-Amplicon-short-trimmed+3,20,a,964980,405,0.042
SARS-CoV2-5UTR-Amplicon-short-trimmed+3,21,c,964980,374,0.0388
SARS-CoV2-5UTR-Amplicon-short-trimmed+3,22,g,964981,2619,0.2714
SARS-CoV2-5UTR-Amplicon-short-trimmed+3,23,a,964983,463,0.048
SARS-CoV2-5UTR-Amplicon-short-trimmed+3,24,a,964983,311,0.0322
SARS-CoV2-5UTR-Amplicon-short-trimmed+3,25,c,964983,11979,1.2414
SARS-CoV2-5UTR-Amplicon-short-trimmed+3,26,t,964984,944,0.0978
SARS-CoV2-5UTR-Amplicon-short-trimmed+3,27,t,964999,845,0.0876
SARS-CoV2-5UTR-Amplicon-short-trimmed+3,28,t,965004,2021,0.2094
SARS-CoV2-5UTR-Amplicon-short-trimmed+3,29,a,965004,844,0.0875
SARS-CoV2-5UTR-Amplicon-short-trimmed+3,30,a,965005,412,0.0427
SARS-CoV2-5UTR-Amplicon-short-trimmed+3,31,a,964970,409,0.0424
SARS-CoV2-5UTR-Amplicon-short-trimmed+3,32,a,964970,339,0.0351
SARS-CoV2-5UTR-Amplicon-short-trimmed+3,33,t,964970,2187,0.2266
SARS-CoV2-5UTR-Amplicon-short-trimmed+3,34,c,964970,366,0.0379
SARS-CoV2-5UTR-Amplicon-short-trimmed+3,35,t,964970,905,0.0938
SARS-CoV2-5UTR-Amplicon-short-trimmed+3,36,g,964970,3657,0.379
SARS-CoV2-5UTR-Amplicon-short-trimmed+3,37,t,964966,388,0.0402
SARS-CoV2-5UTR-Amplicon-short-trimmed+3,38,g,964966,2136,0.2214
SARS-CoV2-5UTR-Amplicon-short-trimmed+3,39,t,964966,351,0.0364
SARS-CoV2-5UTR-Amplicon-short-trimmed+3,40,g,964966,2163,0.2242
SARS-CoV2-5UTR-Amplicon-short-trimmed+3,41,g,964966,1834,0.1901
SARS-CoV2-5UTR-Amplicon-short-trimmed+3,42,c,964966,288,0.0298
SARS-CoV2-5UTR-Amplicon-short-trimmed+3,43,t,964966,1025,0.1062
SARS-CoV2-5UTR-Amplicon-short-trimmed+3,44,g,964966,2348,0.2433
SARS-CoV2-5UTR-Amplicon-short-trimmed+3,45,t,964966,853,0.0884
SARS-CoV2-5UTR-Amplicon-short-trimmed+3,46,c,964966,180,0.0187
SARS-CoV2-5UTR-Amplicon-short-trimmed+3,47,a,964963,563,0.0583
SARS-CoV2-5UTR-Amplicon-short-trimmed+3,48,c,964963,242,0.0251
SARS-CoV2-5UTR-Amplicon-short-trimmed+3,49,t,964963,416,0.0431
SARS-CoV2-5UTR-Amplicon-short-trimmed+3,50,c,964963,503,0.0521
SARS-CoV2-5UTR-Amplicon-short-trimmed+3,51,g,964963,3181,0.3296
SARS-CoV2-5UTR-Amplicon-short-trimmed+3,52,g,964963,2205,0.2285
SARS-CoV2-5UTR-Amplicon-short-trimmed+3,53,c,964963,1077,0.1116
SARS-CoV2-5UTR-Amplicon-short-trimmed+3,54,t,964963,984,0.102
SARS-CoV2-5UTR-Amplicon-short-trimmed+3,55,g,964963,4431,0.4592
SARS-CoV2-5UTR-Amplicon-short-trimmed+3,56,c,964963,371,0.0384
SARS-CoV2-5UTR-Amplicon-short-trimmed+3,57,g,964963,2119,0.2196
SARS-CoV2-5UTR-Amplicon-short-trimmed+3,58,t,964963,492,0.051
SARS-CoV2-5UTR-Amplicon-short-trimmed+3,59,g,964963,1781,0.1846
SARS-CoV2-5UTR-Amplicon-short-trimmed+3,60,c,964963,526,0.0545
SARS-CoV2-5UTR-Amplicon-short-trimmed+3,61,t,964963,1060,0.1098
SARS-CoV2-5UTR-Amplicon-short-trimmed+3,62,t,964962,1553,0.1609
SARS-CoV2-5UTR-Amplicon-short-trimmed+3,63,a,964961,1916,0.1986
SARS-CoV2-5UTR-Amplicon-short-trimmed+3,64,g,964961,2745,0.2845
SARS-CoV2-5UTR-Amplicon-short-trimmed+3,65,t,964961,601,0.0623
SARS-CoV2-5UTR-Amplicon-short-trimmed+3,66,g,964960,3512,0.364
SARS-CoV2-5UTR-Amplicon-short-trimmed+3,67,c,964960,678,0.0703
SARS-CoV2-5UTR-Amplicon-short-trimmed+3,68,a,964960,641,0.0664
SARS-CoV2-5UTR-Amplicon-short-trimmed+3,69,c,964946,335,0.0347
SARS-CoV2-5UTR-Amplicon-short-trimmed+3,70,t,964946,465,0.0482
SARS-CoV2-5UTR-Amplicon-short-trimmed+3,71,c,964946,496,0.0514
SARS-CoV2-5UTR-Amplicon-short-trimmed+3,72,a,964946,584,0.0605
SARS-CoV2-5UTR-Amplicon-short-trimmed+3,73,c,964946,283,0.0293
SARS-CoV2-5UTR-Amplicon-short-trimmed+3,74,g,964946,1732,0.1795
SARS-CoV2-5UTR-Amplicon-short-trimmed+3,75,c,964948,1301,0.1348
SARS-CoV2-5UTR-Amplicon-short-trimmed+3,76,a,964948,907,0.094
SARS-CoV2-5UTR-Amplicon-short-trimmed+3,77,g,964948,1497,0.1551
SARS-CoV2-5UTR-Amplicon-short-trimmed+3,78,t,964948,689,0.0714
SARS-CoV2-5UTR-Amplicon-short-trimmed+3,79,a,964948,754,0.0781
SARS-CoV2-5UTR-Amplicon-short-trimmed+3,80,t,964949,336,0.0348
SARS-CoV2-5UTR-Amplicon-short-trimmed+3,81,a,964944,460,0.0477
SARS-CoV2-5UTR-Amplicon-short-trimmed+3,82,a,964943,922,0.0955
SARS-CoV2-5UTR-Amplicon-short-trimmed+3,83,t,964963,425,0.044
SARS-CoV2-5UTR-Amplicon-short-trimmed+3,84,t,964962,1096,0.1136
SARS-CoV2-5UTR-Amplicon-short-trimmed+3,85,a,964961,715,0.0741
SARS-CoV2-5UTR-Amplicon-short-trimmed+3,86,a,964961,538,0.0558
SARS-CoV2-5UTR-Amplicon-short-trimmed+3,87,t,964969,404,0.0419
SARS-CoV2-5UTR-Amplicon-short-trimmed+3,88,a,964970,546,0.0566
SARS-CoV2-5UTR-Amplicon-short-trimmed+3,89,a,964972,2732,0.2831
SARS-CoV2-5UTR-Amplicon-short-trimmed+3,90,c,965000,444,0.046
SARS-CoV2-5UTR-Amplicon-short-trimmed+3,91,t,965019,505,0.0523
SARS-CoV2-5UTR-Amplicon-short-trimmed+3,92,a,965009,482,0.0499
SARS-CoV2-5UTR-Amplicon-short-trimmed+3,93,a,965009,522,0.0541
SARS-CoV2-5UTR-Amplicon-short-trimmed+3,94,t,965006,447,0.0463
SARS-CoV2-5UTR-Amplicon-short-trimmed+3,95,t,965015,763,0.0791
SARS-CoV2-5UTR-Amplicon-short-trimmed+3,96,a,965015,410,0.0425
SARS-CoV2-5UTR-Amplicon-short-trimmed+3,97,c,965015,218,0.0226
SARS-CoV2-5UTR-Amplicon-short-trimmed+3,98,t,965016,711,0.0737
SARS-CoV2-5UTR-Amplicon-short-trimmed+3,99,g,965018,2667,0.2764
SARS-CoV2-5UTR-Amplicon-short-trimmed+3,100,t,965017,784,0.0812
SARS-CoV2-5UTR-Amplicon-short-trimmed+3,101,c,965017,542,0.0562
SARS-CoV2-5UTR-Amplicon-short-trimmed+3,102,g,965031,5460,0.5658
SARS-CoV2-5UTR-Amplicon-short-trimmed+3,103,t,965031,562,0.0582
SARS-CoV2-5UTR-Amplicon-short-trimmed+3,104,t,965035,865,0.0896
SARS-CoV2-5UTR-Amplicon-short-trimmed+3,105,g,965041,897,0.0929
SARS-CoV2-5UTR-Amplicon-short-trimmed+3,106,a,965058,726,0.0752
SARS-CoV2-5UTR-Amplicon-short-trimmed+3,107,c,965079,677,0.0701
SARS-CoV2-5UTR-Amplicon-short-trimmed+3,108,a,965101,969,0.1004
SARS-CoV2-5UTR-Amplicon-short-trimmed+3,109,g,965179,1855,0.1922
SARS-CoV2-5UTR-Amplicon-short-trimmed+3,110,g,965342,1340,0.1388
SARS-CoV2-5UTR-Amplicon-short-trimmed+3,111,a,965772,638,0.0661
SARS-CoV2-5UTR-Amplicon-short-trimmed+3,112,c,966295,456,0.0472
SARS-CoV2-5UTR-Amplicon-short-trimmed+3,113,a,967457,1394,0.1441
SARS-CoV2-5UTR-Amplicon-short-trimmed+3,114,c,971026,711,0.0732
SARS-CoV2-5UTR-Amplicon-short-trimmed+3,115,g,983105,2147,0.2184
SARS-CoV2-5UTR-Amplicon-short-trimmed+3,116,a,1041994,993,0.0953
SARS-CoV2-5UTR-Amplicon-short-trimmed+3,117,g,1921102,5782,0.301
SARS-CoV2-5UTR-Amplicon-short-trimmed+3,118,t,1925883,2931,0.1522
SARS-CoV2-5UTR-Amplicon-short-trimmed+3,119,a,1925938,4346,0.2257
SARS-CoV2-5UTR-Amplicon-short-trimmed+3,120,a,1926159,3041,0.1579
SARS-CoV2-5UTR-Amplicon-short-trimmed+3,121,c,1929130,2297,0.1191
SARS-CoV2-5UTR-Amplicon-short-trimmed+3,122,t,1930241,4311,0.2233
SARS-CoV2-5UTR-Amplicon-short-trimmed+3,123,c,1931165,3218,0.1666
SARS-CoV2-5UTR-Amplicon-short-trimmed+3,124,g,1931709,7903,0.4091
SARS-CoV2-5UTR-Amplicon-short-trimmed+3,125,t,1932443,4593,0.2377
SARS-CoV2-5UTR-Amplicon-short-trimmed+3,126,c,1932563,2204,0.114
SARS-CoV2-5UTR-Amplicon-short-trimmed+3,127,t,1932416,1333,0.069
SARS-CoV2-5UTR-Amplicon-short-trimmed+3,128,a,1931874,3955,0.2047
SARS-CoV2-5UTR-Amplicon-short-trimmed+3,129,t,1930960,7712,0.3994
SARS-CoV2-5UTR-Amplicon-short-trimmed+3,130,c,1930998,1055,0.0546
SARS-CoV2-5UTR-Amplicon-short-trimmed+3,131,t,1930930,2295,0.1189
SARS-CoV2-5UTR-Amplicon-short-trimmed+3,132,t,1923190,2240,0.1165
SARS-CoV2-5UTR-Amplicon-short-trimmed+3,133,c,1066591,1735,0.1627
SARS-CoV2-5UTR-Amplicon-short-trimmed+3,134,t,984951,1973,0.2003
SARS-CoV2-5UTR-Amplicon-short-trimmed+3,135,g,973822,5097,0.5234
SARS-CoV2-5UTR-Amplicon-short-trimmed+3,136,c,970371,4785,0.4931
SARS-CoV2-5UTR-Amplicon-short-trimmed+3,137,a,969867,1781,0.1836
SARS-CoV2-5UTR-Amplicon-short-trimmed+3,138,g,969345,1549,0.1598
SARS-CoV2-5UTR-Amplicon-short-trimmed+3,139,g,969090,1329,0.1371
SARS-CoV2-5UTR-Amplicon-short-trimmed+3,140,c,968878,1536,0.1585
SARS-CoV2-5UTR-Amplicon-short-trimmed+3,141,t,968783,2946,0.3041
SARS-CoV2-5UTR-Amplicon-short-trimmed+3,142,g,968734,2324,0.2399
SARS-CoV2-5UTR-Amplicon-short-trimmed+3,143,c,968714,4792,0.4947
SARS-CoV2-5UTR-Amplicon-short-trimmed+3,144,t,968668,795,0.0821
SARS-CoV2-5UTR-Amplicon-short-trimmed+3,145,t,968654,2124,0.2193
SARS-CoV2-5UTR-Amplicon-short-trimmed+3,146,a,968602,4073,0.4205
SARS-CoV2-5UTR-Amplicon-short-trimmed+3,147,c,968597,1273,0.1314
SARS-CoV2-5UTR-Amplicon-short-trimmed+3,148,g,968580,1046,0.108
SARS-CoV2-5UTR-Amplicon-short-trimmed+3,149,g,968579,1642,0.1695
SARS-CoV2-5UTR-Amplicon-short-trimmed+3,150,t,968579,1226,0.1266
SARS-CoV2-5UTR-Amplicon-short-trimmed+3,151,t,968583,1128,0.1165
SARS-CoV2-5UTR-Amplicon-short-trimmed+3,152,t,968586,3371,0.348
SARS-CoV2-5UTR-Amplicon-short-trimmed+3,153,c,968588,2369,0.2446
SARS-CoV2-5UTR-Amplicon-short-trimmed+3,154,g,968589,3091,0.3191
SARS-CoV2-5UTR-Amplicon-short-trimmed+3,155,t,968593,2405,0.2483
SARS-CoV2-5UTR-Amplicon-short-trimmed+3,156,c,968596,1424,0.147
SARS-CoV2-5UTR-Amplicon-short-trimmed+3,157,c,968599,1951,0.2014
SARS-CoV2-5UTR-Amplicon-short-trimmed+3,158,g,968599,1183,0.1221
SARS-CoV2-5UTR-Amplicon-short-trimmed+3,159,t,968600,8591,0.887
SARS-CoV2-5UTR-Amplicon-short-trimmed+3,160,g,968603,2852,0.2944
SARS-CoV2-5UTR-Amplicon-short-trimmed+3,161,t,968610,1150,0.1187
SARS-CoV2-5UTR-Amplicon-short-trimmed+3,162,t,968614,3828,0.3952
SARS-CoV2-5UTR-Amplicon-short-trimmed+3,163,g,968620,1501,0.155
SARS-CoV2-5UTR-Amplicon-short-trimmed+3,164,c,968621,2012,0.2077
SARS-CoV2-5UTR-Amplicon-short-trimmed+3,165,a,968633,1554,0.1604
SARS-CoV2-5UTR-Amplicon-short-trimmed+3,166,g,968718,1628,0.1681
SARS-CoV2-5UTR-Amplicon-short-trimmed+3,167,c,968722,1746,0.1802
SARS-CoV2-5UTR-Amplicon-short-trimmed+3,168,c,968725,5933,0.6125
SARS-CoV2-5UTR-Amplicon-short-trimmed+3,169,g,968726,1958,0.2021
SARS-CoV2-5UTR-Amplicon-short-trimmed+3,170,a,968736,1221,0.126
SARS-CoV2-5UTR-Amplicon-short-trimmed+3,171,t,968737,1235,0.1275
SARS-CoV2-5UTR-Amplicon-short-trimmed+3,172,c,968739,949,0.098
SARS-CoV2-5UTR-Amplicon-short-trimmed+3,173,a,968739,1203,0.1242
SARS-CoV2-5UTR-Amplicon-short-trimmed+3,174,t,968740,925,0.0955
SARS-CoV2-5UTR-Amplicon-short-trimmed+3,175,c,968740,1270,0.1311
SARS-CoV2-5UTR-Amplicon-short-trimmed+3,176,a,968740,1660,0.1714
SARS-CoV2-5UTR-Amplicon-short-trimmed+3,177,g,968741,4257,0.4394
SARS-CoV2-5UTR-Amplicon-short-trimmed+3,178,c,968742,7275,0.751
SARS-CoV2-5UTR-Amplicon-short-trimmed+3,179,a,968742,1656,0.1709
SARS-CoV2-5UTR-Amplicon-short-trimmed+3,180,c,968742,1117,0.1153
SARS-CoV2-5UTR-Amplicon-short-trimmed+3,181,a,968743,1000,0.1032
SARS-CoV2-5UTR-Amplicon-short-trimmed+3,182,t,968744,973,0.1004
SARS-CoV2-5UTR-Amplicon-short-trimmed+3,183,c,968744,486,0.0502
SARS-CoV2-5UTR-Amplicon-short-trimmed+3,184,t,968744,1350,0.1394
SARS-CoV2-5UTR-Amplicon-short-trimmed+3,185,a,968744,2254,0.2327
SARS-CoV2-5UTR-Amplicon-short-trimmed+3,186,g,968744,2800,0.289
SARS-CoV2-5UTR-Amplicon-short-trimmed+3,187,g,968745,3263,0.3368
SARS-CoV2-5UTR-Amplicon-short-trimmed+3,188,t,968746,3819,0.3942
SARS-CoV2-5UTR-Amplicon-short-trimmed+3,189,t,968739,1629,0.1682
SARS-CoV2-5UTR-Amplicon-short-trimmed+3,190,t,968738,2845,0.2937
SARS-CoV2-5UTR-Amplicon-short-trimmed+3,191,c,968737,1787,0.1845
SARS-CoV2-5UTR-Amplicon-short-trimmed+3,192,g,968729,3230,0.3334
SARS-CoV2-5UTR-Amplicon-short-trimmed+3,193,t,968729,6830,0.705
SARS-CoV2-5UTR-Amplicon-short-trimmed+3,194,c,968729,927,0.0957
SARS-CoV2-5UTR-Amplicon-short-trimmed+3,195,c,968730,1466,0.1513
SARS-CoV2-5UTR-Amplicon-short-trimmed+3,196,g,968714,2456,0.2535
SARS-CoV2-5UTR-Amplicon-short-trimmed+3,197,g,968712,2083,0.215
SARS-CoV2-5UTR-Amplicon-short-trimmed+3,198,g,968712,5842,0.6031
SARS-CoV2-5UTR-Amplicon-short-trimmed+3,199,t,968712,1863,0.1923
SARS-CoV2-5UTR-Amplicon-short-trimmed+3,200,g,968711,3490,0.3603
SARS-CoV2-5UTR-Amplicon-short-trimmed+3,201,t,968711,3445,0.3556
SARS-CoV2-5UTR-Amplicon-short-trimmed+3,202,g,968711,2610,0.2694
SARS-CoV2-5UTR-Amplicon-short-trimmed+3,203,a,968711,2093,0.2161
SARS-CoV2-5UTR-Amplicon-short-trimmed+3,204,c,968701,750,0.0774
SARS-CoV2-5UTR-Amplicon-short-trimmed+3,205,c,968700,485,0.0501
SARS-CoV2-5UTR-Amplicon-short-trimmed+3,206,g,968700,3392,0.3502
SARS-CoV2-5UTR-Amplicon-short-trimmed+3,207,a,968688,1141,0.1178
SARS-CoV2-5UTR-Amplicon-short-trimmed+3,208,a,968687,622,0.0642
SARS-CoV2-5UTR-Amplicon-short-trimmed+3,209,a,968685,1160,0.1197
SARS-CoV2-5UTR-Amplicon-short-trimmed+3,210,g,968685,2244,0.2317
SARS-CoV2-5UTR-Amplicon-short-trimmed+3,211,g,968685,2880,0.2973
SARS-CoV2-5UTR-Amplicon-short-trimmed+3,212,t,968685,951,0.0982
SARS-CoV2-5UTR-Amplicon-short-trimmed+3,213,a,968684,798,0.0824
SARS-CoV2-5UTR-Amplicon-short-trimmed+3,214,a,968681,865,0.0893
SARS-CoV2-5UTR-Amplicon-short-trimmed+3,215,g,968683,1359,0.1403
SARS-CoV2-5UTR-Amplicon-short-trimmed+3,216,a,968769,572,0.059
SARS-CoV2-5UTR-Amplicon-short-trimmed+3,217,t,968768,1060,0.1094
SARS-CoV2-5UTR-Amplicon-short-trimmed+3,218,g,968768,2301,0.2375
SARS-CoV2-5UTR-Amplicon-short-trimmed+3,219,g,968765,1512,0.1561
SARS-CoV2-5UTR-Amplicon-short-trimmed+3,220,a,968763,1940,0.2003
SARS-CoV2-5UTR-Amplicon-short-trimmed+3,221,g,968762,2798,0.2888
SARS-CoV2-5UTR-Amplicon-short-trimmed+3,222,a,968660,873,0.0901
SARS-CoV2-5UTR-Amplicon-short-trimmed+3,223,g,968660,2704,0.2791
SARS-CoV2-5UTR-Amplicon-short-trimmed+3,224,c,968659,517,0.0534
SARS-CoV2-5UTR-Amplicon-short-trimmed+3,225,c,968659,531,0.0548
SARS-CoV2-5UTR-Amplicon-short-trimmed+3,226,t,968657,1014,0.1047
SARS-CoV2-5UTR-Amplicon-short-trimmed+3,227,t,968657,5278,0.5449
SARS-CoV2-5UTR-Amplicon-short-trimmed+3,228,g,968649,2364,0.2441
SARS-CoV2-5UTR-Amplicon-short-trimmed+3,229,t,968642,1774,0.1831
SARS-CoV2-5UTR-Amplicon-short-trimmed+3,230,c,968642,2461,0.2541
SARS-CoV2-5UTR-Amplicon-short-trimmed+3,231,c,968642,397,0.041
SARS-CoV2-5UTR-Amplicon-short-trimmed+3,232,c,968641,532,0.0549
SARS-CoV2-5UTR-Amplicon-short-trimmed+3,233,t,968465,1823,0.1882
SARS-CoV2-5UTR-Amplicon-short-trimmed+3,234,g,968464,3353,0.3462
SARS-CoV2-5UTR-Amplicon-short-trimmed+3,235,g,968461,4176,0.4312
SARS-CoV2-5UTR-Amplicon-short-trimmed+3,236,t,968461,553,0.0571
SARS-CoV2-5UTR-Amplicon-short-trimmed+3,237,t,968459,915,0.0945
SARS-CoV2-5UTR-Amplicon-short-trimmed+3,238,t,968450,884,0.0913
SARS-CoV2-5UTR-Amplicon-short-trimmed+3,239,c,968426,6470,0.6681
SARS-CoV2-5UTR-Amplicon-short-trimmed+3,240,a,968367,817,0.0844
SARS-CoV2-5UTR-Amplicon-short-trimmed+3,241,a,968332,566,0.0585
SARS-CoV2-5UTR-Amplicon-short-trimmed+3,242,c,968272,675,0.0697
SARS-CoV2-5UTR-Amplicon-short-trimmed+3,243,g,968120,1444,0.1492
SARS-CoV2-5UTR-Amplicon-short-trimmed+3,244,a,968002,1124,0.1161
SARS-CoV2-5UTR-Amplicon-short-trimmed+3,245,g,966746,0,0
SARS-CoV2-5UTR-Amplicon-short-trimmed+3,246,g,965223,0,0
SARS-CoV2-5UTR-Amplicon-short-trimmed+3,247,G,962850,1,1e-04
SARS-CoV2-5UTR-Amplicon-short-trimmed+3,248,A,962020,0,0
SARS-CoV2-5UTR-Amplicon-short-trimmed+3,249,G,961366,0,0
