Region,Position,Ref_base,Depth,Mut_count,Mut_percentage
SARS-CoV2-5UTR-Amplicon-short-trimmed+3,1,T,1299354,0,0
SARS-CoV2-5UTR-Amplicon-short-trimmed+3,2,T,1300372,0,0
SARS-CoV2-5UTR-Amplicon-short-trimmed+3,3,G,1300921,0,0
SARS-CoV2-5UTR-Amplicon-short-trimmed+3,4,t,1302149,1,1e-04
SARS-CoV2-5UTR-Amplicon-short-trimmed+3,5,a,1302698,0,0
SARS-CoV2-5UTR-Amplicon-short-trimmed+3,6,g,1303236,734,0.0563
SARS-CoV2-5UTR-Amplicon-short-trimmed+3,7,a,1303328,430,0.033
SARS-CoV2-5UTR-Amplicon-short-trimmed+3,8,t,1303391,490,0.0376
SARS-CoV2-5UTR-Amplicon-short-trimmed+3,9,c,1303418,674,0.0517
SARS-CoV2-5UTR-Amplicon-short-trimmed+3,10,t,1303503,586,0.045
SARS-CoV2-5UTR-Amplicon-short-trimmed+3,11,g,1303534,2777,0.213
SARS-CoV2-5UTR-Amplicon-short-trimmed+3,12,t,1303554,828,0.0635
SARS-CoV2-5UTR-Amplicon-short-trimmed+3,13,t,1303595,782,0.06
SARS-CoV2-5UTR-Amplicon-short-trimmed+3,14,c,1303607,1949,0.1495
SARS-CoV2-5UTR-Amplicon-short-trimmed+3,15,t,1303616,819,0.0628
SARS-CoV2-5UTR-Amplicon-short-trimmed+3,16,c,1303624,2238,0.1717
SARS-CoV2-5UTR-Amplicon-short-trimmed+3,17,t,1303643,782,0.06
SARS-CoV2-5UTR-Amplicon-short-trimmed+3,18,a,1303645,752,0.0577
SARS-CoV2-5UTR-Amplicon-short-trimmed+3,19,a,1303653,499,0.0383
SARS-CoV2-5UTR-Amplicon-short-trimmed+3,20,a,1303698,876,0.0672
SARS-CoV2-5UTR-Amplicon-short-trimmed+3,21,c,1303702,2233,0.1713
SARS-CoV2-5UTR-Amplicon-short-trimmed+3,22,g,1303702,829,0.0636
SARS-CoV2-5UTR-Amplicon-short-trimmed+3,23,a,1303705,702,0.0538
SARS-CoV2-5UTR-Amplicon-short-trimmed+3,24,a,1303705,598,0.0459
SARS-CoV2-5UTR-Amplicon-short-trimmed+3,25,c,1303705,17982,1.3793
SARS-CoV2-5UTR-Amplicon-short-trimmed+3,26,t,1303715,1701,0.1305
SARS-CoV2-5UTR-Amplicon-short-trimmed+3,27,t,1303716,1244,0.0954
SARS-CoV2-5UTR-Amplicon-short-trimmed+3,28,t,1303730,3511,0.2693
SARS-CoV2-5UTR-Amplicon-short-trimmed+3,29,a,1303730,1529,0.1173
SARS-CoV2-5UTR-Amplicon-short-trimmed+3,30,a,1303730,726,0.0557
SARS-CoV2-5UTR-Amplicon-short-trimmed+3,31,a,1303668,717,0.055
SARS-CoV2-5UTR-Amplicon-short-trimmed+3,32,a,1303667,768,0.0589
SARS-CoV2-5UTR-Amplicon-short-trimmed+3,33,t,1303668,3601,0.2762
SARS-CoV2-5UTR-Amplicon-short-trimmed+3,34,c,1303680,1600,0.1227
SARS-CoV2-5UTR-Amplicon-short-trimmed+3,35,t,1303680,827,0.0634
SARS-CoV2-5UTR-Amplicon-short-trimmed+3,36,g,1303681,1243,0.0953
SARS-CoV2-5UTR-Amplicon-short-trimmed+3,37,t,1303678,519,0.0398
SARS-CoV2-5UTR-Amplicon-short-trimmed+3,38,g,1303678,584,0.0448
SARS-CoV2-5UTR-Amplicon-short-trimmed+3,39,t,1303678,697,0.0535
SARS-CoV2-5UTR-Amplicon-short-trimmed+3,40,g,1303678,771,0.0591
SARS-CoV2-5UTR-Amplicon-short-trimmed+3,41,g,1303691,762,0.0584
SARS-CoV2-5UTR-Amplicon-short-trimmed+3,42,c,1303690,1004,0.077
SARS-CoV2-5UTR-Amplicon-short-trimmed+3,43,t,1303689,1169,0.0897
SARS-CoV2-5UTR-Amplicon-short-trimmed+3,44,g,1303690,932,0.0715
SARS-CoV2-5UTR-Amplicon-short-trimmed+3,45,t,1303690,1012,0.0776
SARS-CoV2-5UTR-Amplicon-short-trimmed+3,46,c,1303689,1003,0.0769
SARS-CoV2-5UTR-Amplicon-short-trimmed+3,47,a,1303688,1044,0.0801
SARS-CoV2-5UTR-Amplicon-short-trimmed+3,48,c,1303688,790,0.0606
SARS-CoV2-5UTR-Amplicon-short-trimmed+3,49,t,1303688,532,0.0408
SARS-CoV2-5UTR-Amplicon-short-trimmed+3,50,c,1303684,1345,0.1032
SARS-CoV2-5UTR-Amplicon-short-trimmed+3,51,g,1303684,941,0.0722
SARS-CoV2-5UTR-Amplicon-short-trimmed+3,52,g,1303684,1537,0.1179
SARS-CoV2-5UTR-Amplicon-short-trimmed+3,53,c,1303684,1298,0.0996
SARS-CoV2-5UTR-Amplicon-short-trimmed+3,54,t,1303684,1128,0.0865
SARS-CoV2-5UTR-Amplicon-short-trimmed+3,55,g,1303684,1916,0.147
SARS-CoV2-5UTR-Amplicon-short-trimmed+3,56,c,1303683,1403,0.1076
SARS-CoV2-5UTR-Amplicon-short-trimmed+3,57,g,1303683,1480,0.1135
SARS-CoV2-5UTR-Amplicon-short-trimmed+3,58,t,1303683,590,0.0453
SARS-CoV2-5UTR-Amplicon-short-trimmed+3,59,g,1303681,1016,0.0779
SARS-CoV2-5UTR-Amplicon-short-trimmed+3,60,c,1303681,1156,0.0887
SARS-CoV2-5UTR-Amplicon-short-trimmed+3,61,t,1303681,1079,0.0828
SARS-CoV2-5UTR-Amplicon-short-trimmed+3,62,t,1303681,904,0.0693
SARS-CoV2-5UTR-Amplicon-short-trimmed+3,63,a,1303681,1210,0.0928
SARS-CoV2-5UTR-Amplicon-short-trimmed+3,64,g,1303681,782,0.06
SARS-CoV2-5UTR-Amplicon-short-trimmed+3,65,t,1303681,892,0.0684
SARS-CoV2-5UTR-Amplicon-short-trimmed+3,66,g,1303681,1339,0.1027
SARS-CoV2-5UTR-Amplicon-short-trimmed+3,67,c,1303681,1473,0.113
SARS-CoV2-5UTR-Amplicon-short-trimmed+3,68,a,1303683,1163,0.0892
SARS-CoV2-5UTR-Amplicon-short-trimmed+3,69,c,1303695,1361,0.1044
SARS-CoV2-5UTR-Amplicon-short-trimmed+3,70,t,1303695,798,0.0612
SARS-CoV2-5UTR-Amplicon-short-trimmed+3,71,c,1303695,753,0.0578
SARS-CoV2-5UTR-Amplicon-short-trimmed+3,72,a,1303694,1021,0.0783
SARS-CoV2-5UTR-Amplicon-short-trimmed+3,73,c,1303694,1153,0.0884
SARS-CoV2-5UTR-Amplicon-short-trimmed+3,74,g,1303694,823,0.0631
SARS-CoV2-5UTR-Amplicon-short-trimmed+3,75,c,1303699,2025,0.1553
SARS-CoV2-5UTR-Amplicon-short-trimmed+3,76,a,1303700,959,0.0736
SARS-CoV2-5UTR-Amplicon-short-trimmed+3,77,g,1303700,1044,0.0801
SARS-CoV2-5UTR-Amplicon-short-trimmed+3,78,t,1303700,904,0.0693
SARS-CoV2-5UTR-Amplicon-short-trimmed+3,79,a,1303700,1259,0.0966
SARS-CoV2-5UTR-Amplicon-short-trimmed+3,80,t,1303710,840,0.0644
SARS-CoV2-5UTR-Amplicon-short-trimmed+3,81,a,1303710,971,0.0745
SARS-CoV2-5UTR-Amplicon-short-trimmed+3,82,a,1303708,1796,0.1378
SARS-CoV2-5UTR-Amplicon-short-trimmed+3,83,t,1303720,1020,0.0782
SARS-CoV2-5UTR-Amplicon-short-trimmed+3,84,t,1303720,1551,0.119
SARS-CoV2-5UTR-Amplicon-short-trimmed+3,85,a,1303733,1429,0.1096
SARS-CoV2-5UTR-Amplicon-short-trimmed+3,86,a,1303733,1496,0.1147
SARS-CoV2-5UTR-Amplicon-short-trimmed+3,87,t,1303751,891,0.0683
SARS-CoV2-5UTR-Amplicon-short-trimmed+3,88,a,1303757,901,0.0691
SARS-CoV2-5UTR-Amplicon-short-trimmed+3,89,a,1303785,4324,0.3316
SARS-CoV2-5UTR-Amplicon-short-trimmed+3,90,c,1303775,2464,0.189
SARS-CoV2-5UTR-Amplicon-short-trimmed+3,91,t,1303813,956,0.0733
SARS-CoV2-5UTR-Amplicon-short-trimmed+3,92,a,1303811,933,0.0716
SARS-CoV2-5UTR-Amplicon-short-trimmed+3,93,a,1303811,992,0.0761
SARS-CoV2-5UTR-Amplicon-short-trimmed+3,94,t,1303831,954,0.0732
SARS-CoV2-5UTR-Amplicon-short-trimmed+3,95,t,1303831,1009,0.0774
SARS-CoV2-5UTR-Amplicon-short-trimmed+3,96,a,1303832,1008,0.0773
SARS-CoV2-5UTR-Amplicon-short-trimmed+3,97,c,1303831,1306,0.1002
SARS-CoV2-5UTR-Amplicon-short-trimmed+3,98,t,1303836,773,0.0593
SARS-CoV2-5UTR-Amplicon-short-trimmed+3,99,g,1303837,1206,0.0925
SARS-CoV2-5UTR-Amplicon-short-trimmed+3,100,t,1303837,1015,0.0778
SARS-CoV2-5UTR-Amplicon-short-trimmed+3,101,c,1303838,1037,0.0795
SARS-CoV2-5UTR-Amplicon-short-trimmed+3,102,g,1303865,1196,0.0917
SARS-CoV2-5UTR-Amplicon-short-trimmed+3,103,t,1303872,832,0.0638
SARS-CoV2-5UTR-Amplicon-short-trimmed+3,104,t,1303885,1192,0.0914
SARS-CoV2-5UTR-Amplicon-short-trimmed+3,105,g,1303852,642,0.0492
SARS-CoV2-5UTR-Amplicon-short-trimmed+3,106,a,1303868,874,0.067
SARS-CoV2-5UTR-Amplicon-short-trimmed+3,107,c,1303903,952,0.073
SARS-CoV2-5UTR-Amplicon-short-trimmed+3,108,a,1303935,1034,0.0793
SARS-CoV2-5UTR-Amplicon-short-trimmed+3,109,g,1304063,793,0.0608
SARS-CoV2-5UTR-Amplicon-short-trimmed+3,110,g,1304358,1374,0.1053
SARS-CoV2-5UTR-Amplicon-short-trimmed+3,111,a,1304956,951,0.0729
SARS-CoV2-5UTR-Amplicon-short-trimmed+3,112,c,1305717,2119,0.1623
SARS-CoV2-5UTR-Amplicon-short-trimmed+3,113,a,1307438,1487,0.1137
SARS-CoV2-5UTR-Amplicon-short-trimmed+3,114,c,1311582,1889,0.144
SARS-CoV2-5UTR-Amplicon-short-trimmed+3,115,g,1325560,805,0.0607
SARS-CoV2-5UTR-Amplicon-short-trimmed+3,116,a,1401519,1323,0.0944
SARS-CoV2-5UTR-Amplicon-short-trimmed+3,117,g,1999997,1407,0.0704
SARS-CoV2-5UTR-Amplicon-short-trimmed+3,118,t,1999940,3273,0.1637
SARS-CoV2-5UTR-Amplicon-short-trimmed+3,119,a,1999996,3264,0.1632
SARS-CoV2-5UTR-Amplicon-short-trimmed+3,120,a,1999998,3798,0.1899
SARS-CoV2-5UTR-Amplicon-short-trimmed+3,121,c,1999995,2820,0.141
SARS-CoV2-5UTR-Amplicon-short-trimmed+3,122,t,1999953,2855,0.1428
SARS-CoV2-5UTR-Amplicon-short-trimmed+3,123,c,1999990,2457,0.1229
SARS-CoV2-5UTR-Amplicon-short-trimmed+3,124,g,1999946,2747,0.1374
SARS-CoV2-5UTR-Amplicon-short-trimmed+3,125,t,1999965,3636,0.1818
SARS-CoV2-5UTR-Amplicon-short-trimmed+3,126,c,1999931,2845,0.1423
SARS-CoV2-5UTR-Amplicon-short-trimmed+3,127,t,1999853,1243,0.0622
SARS-CoV2-5UTR-Amplicon-short-trimmed+3,128,a,1999507,2915,0.1458
SARS-CoV2-5UTR-Amplicon-short-trimmed+3,129,t,1999001,5799,0.2901
SARS-CoV2-5UTR-Amplicon-short-trimmed+3,130,c,1998969,1666,0.0833
SARS-CoV2-5UTR-Amplicon-short-trimmed+3,131,t,1998893,1868,0.0935
SARS-CoV2-5UTR-Amplicon-short-trimmed+3,132,t,1988216,1831,0.0921
SARS-CoV2-5UTR-Amplicon-short-trimmed+3,133,c,822091,1790,0.2177
SARS-CoV2-5UTR-Amplicon-short-trimmed+3,134,t,714922,1196,0.1673
SARS-CoV2-5UTR-Amplicon-short-trimmed+3,135,g,702804,948,0.1349
SARS-CoV2-5UTR-Amplicon-short-trimmed+3,136,c,699779,4483,0.6406
SARS-CoV2-5UTR-Amplicon-short-trimmed+3,137,a,699272,1242,0.1776
SARS-CoV2-5UTR-Amplicon-short-trimmed+3,138,g,698608,808,0.1157
SARS-CoV2-5UTR-Amplicon-short-trimmed+3,139,g,698264,1006,0.1441
SARS-CoV2-5UTR-Amplicon-short-trimmed+3,140,c,697994,1146,0.1642
SARS-CoV2-5UTR-Amplicon-short-trimmed+3,141,t,697840,2172,0.3112
SARS-CoV2-5UTR-Amplicon-short-trimmed+3,142,g,697773,1706,0.2445
SARS-CoV2-5UTR-Amplicon-short-trimmed+3,143,c,697720,688,0.0986
SARS-CoV2-5UTR-Amplicon-short-trimmed+3,144,t,697609,573,0.0821
SARS-CoV2-5UTR-Amplicon-short-trimmed+3,145,t,697592,1575,0.2258
SARS-CoV2-5UTR-Amplicon-short-trimmed+3,146,a,697490,1179,0.169
SARS-CoV2-5UTR-Amplicon-short-trimmed+3,147,c,697460,946,0.1356
SARS-CoV2-5UTR-Amplicon-short-trimmed+3,148,g,697407,592,0.0849
SARS-CoV2-5UTR-Amplicon-short-trimmed+3,149,g,697364,838,0.1202
SARS-CoV2-5UTR-Amplicon-short-trimmed+3,150,t,697349,1287,0.1846
SARS-CoV2-5UTR-Amplicon-short-trimmed+3,151,t,697328,1142,0.1638
SARS-CoV2-5UTR-Amplicon-short-trimmed+3,152,t,697315,2683,0.3848
SARS-CoV2-5UTR-Amplicon-short-trimmed+3,153,c,697312,3006,0.4311
SARS-CoV2-5UTR-Amplicon-short-trimmed+3,154,g,697319,835,0.1197
SARS-CoV2-5UTR-Amplicon-short-trimmed+3,155,t,697302,1671,0.2396
SARS-CoV2-5UTR-Amplicon-short-trimmed+3,156,c,697303,915,0.1312
SARS-CoV2-5UTR-Amplicon-short-trimmed+3,157,c,697295,1541,0.221
SARS-CoV2-5UTR-Amplicon-short-trimmed+3,158,g,697268,710,0.1018
SARS-CoV2-5UTR-Amplicon-short-trimmed+3,159,t,697266,5879,0.8432
SARS-CoV2-5UTR-Amplicon-short-trimmed+3,160,g,697254,776,0.1113
SARS-CoV2-5UTR-Amplicon-short-trimmed+3,161,t,697256,1024,0.1469
SARS-CoV2-5UTR-Amplicon-short-trimmed+3,162,t,697258,1280,0.1836
SARS-CoV2-5UTR-Amplicon-short-trimmed+3,163,g,697254,501,0.0719
SARS-CoV2-5UTR-Amplicon-short-trimmed+3,164,c,697254,1401,0.2009
SARS-CoV2-5UTR-Amplicon-short-trimmed+3,165,a,697261,961,0.1378
SARS-CoV2-5UTR-Amplicon-short-trimmed+3,166,g,697408,1080,0.1549
SARS-CoV2-5UTR-Amplicon-short-trimmed+3,167,c,697411,1310,0.1878
SARS-CoV2-5UTR-Amplicon-short-trimmed+3,168,c,697412,6446,0.9243
SARS-CoV2-5UTR-Amplicon-short-trimmed+3,169,g,697412,972,0.1394
SARS-CoV2-5UTR-Amplicon-short-trimmed+3,170,a,697423,903,0.1295
SARS-CoV2-5UTR-Amplicon-short-trimmed+3,171,t,697427,909,0.1303
SARS-CoV2-5UTR-Amplicon-short-trimmed+3,172,c,697428,1754,0.2515
SARS-CoV2-5UTR-Amplicon-short-trimmed+3,173,a,697429,910,0.1305
SARS-CoV2-5UTR-Amplicon-short-trimmed+3,174,t,697431,753,0.108
SARS-CoV2-5UTR-Amplicon-short-trimmed+3,175,c,697432,1339,0.192
SARS-CoV2-5UTR-Amplicon-short-trimmed+3,176,a,697432,1077,0.1544
SARS-CoV2-5UTR-Amplicon-short-trimmed+3,177,g,697433,788,0.113
SARS-CoV2-5UTR-Amplicon-short-trimmed+3,178,c,697433,6407,0.9187
SARS-CoV2-5UTR-Amplicon-short-trimmed+3,179,a,697434,1157,0.1659
SARS-CoV2-5UTR-Amplicon-short-trimmed+3,180,c,697436,915,0.1312
SARS-CoV2-5UTR-Amplicon-short-trimmed+3,181,a,697436,669,0.0959
SARS-CoV2-5UTR-Amplicon-short-trimmed+3,182,t,697436,700,0.1004
SARS-CoV2-5UTR-Amplicon-short-trimmed+3,183,c,697436,674,0.0966
SARS-CoV2-5UTR-Amplicon-short-trimmed+3,184,t,697436,1473,0.2112
SARS-CoV2-5UTR-Amplicon-short-trimmed+3,185,a,697424,1898,0.2721
SARS-CoV2-5UTR-Amplicon-short-trimmed+3,186,g,697424,1148,0.1646
SARS-CoV2-5UTR-Amplicon-short-trimmed+3,187,g,697424,1270,0.1821
SARS-CoV2-5UTR-Amplicon-short-trimmed+3,188,t,697423,1146,0.1643
SARS-CoV2-5UTR-Amplicon-short-trimmed+3,189,t,697411,1577,0.2261
SARS-CoV2-5UTR-Amplicon-short-trimmed+3,190,t,697401,2385,0.342
SARS-CoV2-5UTR-Amplicon-short-trimmed+3,191,c,697400,2573,0.3689
SARS-CoV2-5UTR-Amplicon-short-trimmed+3,192,g,697400,818,0.1173
SARS-CoV2-5UTR-Amplicon-short-trimmed+3,193,t,697401,5272,0.7559
SARS-CoV2-5UTR-Amplicon-short-trimmed+3,194,c,697401,783,0.1123
SARS-CoV2-5UTR-Amplicon-short-trimmed+3,195,c,697400,1132,0.1623
SARS-CoV2-5UTR-Amplicon-short-trimmed+3,196,g,697367,740,0.1061
SARS-CoV2-5UTR-Amplicon-short-trimmed+3,197,g,697363,563,0.0807
SARS-CoV2-5UTR-Amplicon-short-trimmed+3,198,g,697351,3085,0.4424
SARS-CoV2-5UTR-Amplicon-short-trimmed+3,199,t,697351,1680,0.2409
SARS-CoV2-5UTR-Amplicon-short-trimmed+3,200,g,697331,630,0.0903
SARS-CoV2-5UTR-Amplicon-short-trimmed+3,201,t,697330,1056,0.1514
SARS-CoV2-5UTR-Amplicon-short-trimmed+3,202,g,697330,927,0.1329
SARS-CoV2-5UTR-Amplicon-short-trimmed+3,203,a,697330,1405,0.2015
SARS-CoV2-5UTR-Amplicon-short-trimmed+3,204,c,697330,722,0.1035
SARS-CoV2-5UTR-Amplicon-short-trimmed+3,205,c,697330,700,0.1004
SARS-CoV2-5UTR-Amplicon-short-trimmed+3,206,g,697330,705,0.1011
SARS-CoV2-5UTR-Amplicon-short-trimmed+3,207,a,697330,816,0.117
SARS-CoV2-5UTR-Amplicon-short-trimmed+3,208,a,697330,424,0.0608
SARS-CoV2-5UTR-Amplicon-short-trimmed+3,209,a,697330,918,0.1316
SARS-CoV2-5UTR-Amplicon-short-trimmed+3,210,g,697330,559,0.0802
SARS-CoV2-5UTR-Amplicon-short-trimmed+3,211,g,697331,1004,0.144
SARS-CoV2-5UTR-Amplicon-short-trimmed+3,212,t,697331,676,0.0969
SARS-CoV2-5UTR-Amplicon-short-trimmed+3,213,a,697347,502,0.072
SARS-CoV2-5UTR-Amplicon-short-trimmed+3,214,a,697346,665,0.0954
SARS-CoV2-5UTR-Amplicon-short-trimmed+3,215,g,697348,381,0.0546
SARS-CoV2-5UTR-Amplicon-short-trimmed+3,216,a,697516,525,0.0753
SARS-CoV2-5UTR-Amplicon-short-trimmed+3,217,t,697511,1002,0.1437
SARS-CoV2-5UTR-Amplicon-short-trimmed+3,218,g,697511,647,0.0928
SARS-CoV2-5UTR-Amplicon-short-trimmed+3,219,g,697511,790,0.1133
SARS-CoV2-5UTR-Amplicon-short-trimmed+3,220,a,697507,1839,0.2637
SARS-CoV2-5UTR-Amplicon-short-trimmed+3,221,g,697507,1506,0.2159
SARS-CoV2-5UTR-Amplicon-short-trimmed+3,222,a,697349,785,0.1126
SARS-CoV2-5UTR-Amplicon-short-trimmed+3,223,g,697347,713,0.1022
SARS-CoV2-5UTR-Amplicon-short-trimmed+3,224,c,697347,1293,0.1854
SARS-CoV2-5UTR-Amplicon-short-trimmed+3,225,c,697346,792,0.1136
SARS-CoV2-5UTR-Amplicon-short-trimmed+3,226,t,697346,698,0.1001
SARS-CoV2-5UTR-Amplicon-short-trimmed+3,227,t,697344,4492,0.6442
SARS-CoV2-5UTR-Amplicon-short-trimmed+3,228,g,697344,626,0.0898
SARS-CoV2-5UTR-Amplicon-short-trimmed+3,229,t,697344,1256,0.1801
SARS-CoV2-5UTR-Amplicon-short-trimmed+3,230,c,697344,666,0.0955
SARS-CoV2-5UTR-Amplicon-short-trimmed+3,231,c,697343,485,0.0695
SARS-CoV2-5UTR-Amplicon-short-trimmed+3,232,c,697340,915,0.1312
SARS-CoV2-5UTR-Amplicon-short-trimmed+3,233,t,697192,1596,0.2289
SARS-CoV2-5UTR-Amplicon-short-trimmed+3,234,g,697164,1155,0.1657
SARS-CoV2-5UTR-Amplicon-short-trimmed+3,235,g,697164,1029,0.1476
SARS-CoV2-5UTR-Amplicon-short-trimmed+3,236,t,697163,719,0.1031
SARS-CoV2-5UTR-Amplicon-short-trimmed+3,237,t,697158,755,0.1083
SARS-CoV2-5UTR-Amplicon-short-trimmed+3,238,t,697152,848,0.1216
SARS-CoV2-5UTR-Amplicon-short-trimmed+3,239,c,697113,5239,0.7515
SARS-CoV2-5UTR-Amplicon-short-trimmed+3,240,a,697069,542,0.0778
SARS-CoV2-5UTR-Amplicon-short-trimmed+3,241,a,697003,435,0.0624
SARS-CoV2-5UTR-Amplicon-short-trimmed+3,242,c,696866,643,0.0923
SARS-CoV2-5UTR-Amplicon-short-trimmed+3,243,g,696806,335,0.0481
SARS-CoV2-5UTR-Amplicon-short-trimmed+3,244,a,696658,1203,0.1727
SARS-CoV2-5UTR-Amplicon-short-trimmed+3,245,g,696214,0,0
SARS-CoV2-5UTR-Amplicon-short-trimmed+3,246,g,695699,0,0
SARS-CoV2-5UTR-Amplicon-short-trimmed+3,247,G,694337,1,1e-04
SARS-CoV2-5UTR-Amplicon-short-trimmed+3,248,A,693563,0,0
SARS-CoV2-5UTR-Amplicon-short-trimmed+3,249,G,693313,0,0
