Region,Position,Ref_base,Depth,Mut_count,Mut_percentage
SARS-CoV2-5UTR-Amplicon-short-trimmed+3,1,T,1240204,0,0
SARS-CoV2-5UTR-Amplicon-short-trimmed+3,2,T,1241176,0,0
SARS-CoV2-5UTR-Amplicon-short-trimmed+3,3,G,1241494,0,0
SARS-CoV2-5UTR-Amplicon-short-trimmed+3,4,t,1243233,0,0
SARS-CoV2-5UTR-Amplicon-short-trimmed+3,5,a,1243580,2,2e-04
SARS-CoV2-5UTR-Amplicon-short-trimmed+3,6,g,1243921,1245,0.1001
SARS-CoV2-5UTR-Amplicon-short-trimmed+3,7,a,1244045,320,0.0257
SARS-CoV2-5UTR-Amplicon-short-trimmed+3,8,t,1244062,435,0.035
SARS-CoV2-5UTR-Amplicon-short-trimmed+3,9,c,1244081,395,0.0318
SARS-CoV2-5UTR-Amplicon-short-trimmed+3,10,t,1244096,426,0.0342
SARS-CoV2-5UTR-Amplicon-short-trimmed+3,11,g,1244107,4568,0.3672
SARS-CoV2-5UTR-Amplicon-short-trimmed+3,12,t,1244146,475,0.0382
SARS-CoV2-5UTR-Amplicon-short-trimmed+3,13,t,1244154,541,0.0435
SARS-CoV2-5UTR-Amplicon-short-trimmed+3,14,c,1244164,386,0.031
SARS-CoV2-5UTR-Amplicon-short-trimmed+3,15,t,1244173,556,0.0447
SARS-CoV2-5UTR-Amplicon-short-trimmed+3,16,c,1244182,988,0.0794
SARS-CoV2-5UTR-Amplicon-short-trimmed+3,17,t,1244194,428,0.0344
SARS-CoV2-5UTR-Amplicon-short-trimmed+3,18,a,1244199,696,0.0559
SARS-CoV2-5UTR-Amplicon-short-trimmed+3,19,a,1244202,628,0.0505
SARS-CoV2-5UTR-Amplicon-short-trimmed+3,20,a,1244297,499,0.0401
SARS-CoV2-5UTR-Amplicon-short-trimmed+3,21,c,1244297,319,0.0256
SARS-CoV2-5UTR-Amplicon-short-trimmed+3,22,g,1244297,1470,0.1181
SARS-CoV2-5UTR-Amplicon-short-trimmed+3,23,a,1244300,626,0.0503
SARS-CoV2-5UTR-Amplicon-short-trimmed+3,24,a,1244300,493,0.0396
SARS-CoV2-5UTR-Amplicon-short-trimmed+3,25,c,1244301,11127,0.8942
SARS-CoV2-5UTR-Amplicon-short-trimmed+3,26,t,1244302,1138,0.0915
SARS-CoV2-5UTR-Amplicon-short-trimmed+3,27,t,1244314,1348,0.1083
SARS-CoV2-5UTR-Amplicon-short-trimmed+3,28,t,1244320,2857,0.2296
SARS-CoV2-5UTR-Amplicon-short-trimmed+3,29,a,1244320,1159,0.0931
SARS-CoV2-5UTR-Amplicon-short-trimmed+3,30,a,1244321,600,0.0482
SARS-CoV2-5UTR-Amplicon-short-trimmed+3,31,a,1244304,568,0.0456
SARS-CoV2-5UTR-Amplicon-short-trimmed+3,32,a,1244302,461,0.037
SARS-CoV2-5UTR-Amplicon-short-trimmed+3,33,t,1244302,2791,0.2243
SARS-CoV2-5UTR-Amplicon-short-trimmed+3,34,c,1244302,559,0.0449
SARS-CoV2-5UTR-Amplicon-short-trimmed+3,35,t,1244302,769,0.0618
SARS-CoV2-5UTR-Amplicon-short-trimmed+3,36,g,1244302,1784,0.1434
SARS-CoV2-5UTR-Amplicon-short-trimmed+3,37,t,1244296,466,0.0375
SARS-CoV2-5UTR-Amplicon-short-trimmed+3,38,g,1244296,1023,0.0822
SARS-CoV2-5UTR-Amplicon-short-trimmed+3,39,t,1244307,443,0.0356
SARS-CoV2-5UTR-Amplicon-short-trimmed+3,40,g,1244307,1335,0.1073
SARS-CoV2-5UTR-Amplicon-short-trimmed+3,41,g,1244307,1159,0.0931
SARS-CoV2-5UTR-Amplicon-short-trimmed+3,42,c,1244307,399,0.0321
SARS-CoV2-5UTR-Amplicon-short-trimmed+3,43,t,1244308,1295,0.1041
SARS-CoV2-5UTR-Amplicon-short-trimmed+3,44,g,1244308,1796,0.1443
SARS-CoV2-5UTR-Amplicon-short-trimmed+3,45,t,1244308,957,0.0769
SARS-CoV2-5UTR-Amplicon-short-trimmed+3,46,c,1244308,305,0.0245
SARS-CoV2-5UTR-Amplicon-short-trimmed+3,47,a,1244304,697,0.056
SARS-CoV2-5UTR-Amplicon-short-trimmed+3,48,c,1244304,324,0.026
SARS-CoV2-5UTR-Amplicon-short-trimmed+3,49,t,1244304,453,0.0364
SARS-CoV2-5UTR-Amplicon-short-trimmed+3,50,c,1244302,441,0.0354
SARS-CoV2-5UTR-Amplicon-short-trimmed+3,51,g,1244302,1580,0.127
SARS-CoV2-5UTR-Amplicon-short-trimmed+3,52,g,1244302,1566,0.1259
SARS-CoV2-5UTR-Amplicon-short-trimmed+3,53,c,1244301,1631,0.1311
SARS-CoV2-5UTR-Amplicon-short-trimmed+3,54,t,1244301,822,0.0661
SARS-CoV2-5UTR-Amplicon-short-trimmed+3,55,g,1244301,2655,0.2134
SARS-CoV2-5UTR-Amplicon-short-trimmed+3,56,c,1244301,523,0.042
SARS-CoV2-5UTR-Amplicon-short-trimmed+3,57,g,1244301,2317,0.1862
SARS-CoV2-5UTR-Amplicon-short-trimmed+3,58,t,1244301,627,0.0504
SARS-CoV2-5UTR-Amplicon-short-trimmed+3,59,g,1244301,1559,0.1253
SARS-CoV2-5UTR-Amplicon-short-trimmed+3,60,c,1244301,623,0.0501
SARS-CoV2-5UTR-Amplicon-short-trimmed+3,61,t,1244301,721,0.0579
SARS-CoV2-5UTR-Amplicon-short-trimmed+3,62,t,1244301,955,0.0767
SARS-CoV2-5UTR-Amplicon-short-trimmed+3,63,a,1244300,958,0.077
SARS-CoV2-5UTR-Amplicon-short-trimmed+3,64,g,1244300,1047,0.0841
SARS-CoV2-5UTR-Amplicon-short-trimmed+3,65,t,1244300,715,0.0575
SARS-CoV2-5UTR-Amplicon-short-trimmed+3,66,g,1244300,1832,0.1472
SARS-CoV2-5UTR-Amplicon-short-trimmed+3,67,c,1244300,844,0.0678
SARS-CoV2-5UTR-Amplicon-short-trimmed+3,68,a,1244300,795,0.0639
SARS-CoV2-5UTR-Amplicon-short-trimmed+3,69,c,1244300,510,0.041
SARS-CoV2-5UTR-Amplicon-short-trimmed+3,70,t,1244300,580,0.0466
SARS-CoV2-5UTR-Amplicon-short-trimmed+3,71,c,1244300,751,0.0604
SARS-CoV2-5UTR-Amplicon-short-trimmed+3,72,a,1244299,748,0.0601
SARS-CoV2-5UTR-Amplicon-short-trimmed+3,73,c,1244300,421,0.0338
SARS-CoV2-5UTR-Amplicon-short-trimmed+3,74,g,1244300,1273,0.1023
SARS-CoV2-5UTR-Amplicon-short-trimmed+3,75,c,1244303,1612,0.1296
SARS-CoV2-5UTR-Amplicon-short-trimmed+3,76,a,1244302,1047,0.0841
SARS-CoV2-5UTR-Amplicon-short-trimmed+3,77,g,1244302,1582,0.1271
SARS-CoV2-5UTR-Amplicon-short-trimmed+3,78,t,1244302,901,0.0724
SARS-CoV2-5UTR-Amplicon-short-trimmed+3,79,a,1244302,1032,0.0829
SARS-CoV2-5UTR-Amplicon-short-trimmed+3,80,t,1244308,370,0.0297
SARS-CoV2-5UTR-Amplicon-short-trimmed+3,81,a,1244311,637,0.0512
SARS-CoV2-5UTR-Amplicon-short-trimmed+3,82,a,1244310,1204,0.0968
SARS-CoV2-5UTR-Amplicon-short-trimmed+3,83,t,1244310,501,0.0403
SARS-CoV2-5UTR-Amplicon-short-trimmed+3,84,t,1244312,1300,0.1045
SARS-CoV2-5UTR-Amplicon-short-trimmed+3,85,a,1244311,908,0.073
SARS-CoV2-5UTR-Amplicon-short-trimmed+3,86,a,1244310,682,0.0548
SARS-CoV2-5UTR-Amplicon-short-trimmed+3,87,t,1244309,515,0.0414
SARS-CoV2-5UTR-Amplicon-short-trimmed+3,88,a,1244308,731,0.0587
SARS-CoV2-5UTR-Amplicon-short-trimmed+3,89,a,1244310,3539,0.2844
SARS-CoV2-5UTR-Amplicon-short-trimmed+3,90,c,1244317,553,0.0444
SARS-CoV2-5UTR-Amplicon-short-trimmed+3,91,t,1244329,707,0.0568
SARS-CoV2-5UTR-Amplicon-short-trimmed+3,92,a,1244328,596,0.0479
SARS-CoV2-5UTR-Amplicon-short-trimmed+3,93,a,1244328,650,0.0522
SARS-CoV2-5UTR-Amplicon-short-trimmed+3,94,t,1244330,572,0.046
SARS-CoV2-5UTR-Amplicon-short-trimmed+3,95,t,1244328,1035,0.0832
SARS-CoV2-5UTR-Amplicon-short-trimmed+3,96,a,1244328,668,0.0537
SARS-CoV2-5UTR-Amplicon-short-trimmed+3,97,c,1244328,312,0.0251
SARS-CoV2-5UTR-Amplicon-short-trimmed+3,98,t,1244209,756,0.0608
SARS-CoV2-5UTR-Amplicon-short-trimmed+3,99,g,1244208,1718,0.1381
SARS-CoV2-5UTR-Amplicon-short-trimmed+3,100,t,1244207,863,0.0694
SARS-CoV2-5UTR-Amplicon-short-trimmed+3,101,c,1244207,546,0.0439
SARS-CoV2-5UTR-Amplicon-short-trimmed+3,102,g,1244237,2068,0.1662
SARS-CoV2-5UTR-Amplicon-short-trimmed+3,103,t,1244242,677,0.0544
SARS-CoV2-5UTR-Amplicon-short-trimmed+3,104,t,1244246,1270,0.1021
SARS-CoV2-5UTR-Amplicon-short-trimmed+3,105,g,1244241,1009,0.0811
SARS-CoV2-5UTR-Amplicon-short-trimmed+3,106,a,1244271,911,0.0732
SARS-CoV2-5UTR-Amplicon-short-trimmed+3,107,c,1244282,756,0.0608
SARS-CoV2-5UTR-Amplicon-short-trimmed+3,108,a,1244307,1021,0.0821
SARS-CoV2-5UTR-Amplicon-short-trimmed+3,109,g,1244394,1394,0.112
SARS-CoV2-5UTR-Amplicon-short-trimmed+3,110,g,1244615,1661,0.1335
SARS-CoV2-5UTR-Amplicon-short-trimmed+3,111,a,1245161,745,0.0598
SARS-CoV2-5UTR-Amplicon-short-trimmed+3,112,c,1245842,631,0.0506
SARS-CoV2-5UTR-Amplicon-short-trimmed+3,113,a,1247285,1655,0.1327
SARS-CoV2-5UTR-Amplicon-short-trimmed+3,114,c,1251170,908,0.0726
SARS-CoV2-5UTR-Amplicon-short-trimmed+3,115,g,1264073,1481,0.1172
SARS-CoV2-5UTR-Amplicon-short-trimmed+3,116,a,1335872,1143,0.0856
SARS-CoV2-5UTR-Amplicon-short-trimmed+3,117,g,2e+06,2391,0.1195
SARS-CoV2-5UTR-Amplicon-short-trimmed+3,118,t,1999993,3286,0.1643
SARS-CoV2-5UTR-Amplicon-short-trimmed+3,119,a,1999994,3791,0.1896
SARS-CoV2-5UTR-Amplicon-short-trimmed+3,120,a,1999999,2387,0.1194
SARS-CoV2-5UTR-Amplicon-short-trimmed+3,121,c,1999985,2230,0.1115
SARS-CoV2-5UTR-Amplicon-short-trimmed+3,122,t,1999967,3308,0.1654
SARS-CoV2-5UTR-Amplicon-short-trimmed+3,123,c,1999982,2240,0.112
SARS-CoV2-5UTR-Amplicon-short-trimmed+3,124,g,1999933,4001,0.2001
SARS-CoV2-5UTR-Amplicon-short-trimmed+3,125,t,1999921,3377,0.1689
SARS-CoV2-5UTR-Amplicon-short-trimmed+3,126,c,1999857,1831,0.0916
SARS-CoV2-5UTR-Amplicon-short-trimmed+3,127,t,1999710,1214,0.0607
SARS-CoV2-5UTR-Amplicon-short-trimmed+3,128,a,1999108,3005,0.1503
SARS-CoV2-5UTR-Amplicon-short-trimmed+3,129,t,1998058,5653,0.2829
SARS-CoV2-5UTR-Amplicon-short-trimmed+3,130,c,1998092,823,0.0412
SARS-CoV2-5UTR-Amplicon-short-trimmed+3,131,t,1998031,2029,0.1015
SARS-CoV2-5UTR-Amplicon-short-trimmed+3,132,t,1988220,1724,0.0867
SARS-CoV2-5UTR-Amplicon-short-trimmed+3,133,c,873896,1218,0.1394
SARS-CoV2-5UTR-Amplicon-short-trimmed+3,134,t,773805,1328,0.1716
SARS-CoV2-5UTR-Amplicon-short-trimmed+3,135,g,761860,1409,0.1849
SARS-CoV2-5UTR-Amplicon-short-trimmed+3,136,c,758792,3425,0.4514
SARS-CoV2-5UTR-Amplicon-short-trimmed+3,137,a,758225,1236,0.163
SARS-CoV2-5UTR-Amplicon-short-trimmed+3,138,g,757547,1047,0.1382
SARS-CoV2-5UTR-Amplicon-short-trimmed+3,139,g,757213,936,0.1236
SARS-CoV2-5UTR-Amplicon-short-trimmed+3,140,c,756962,1033,0.1365
SARS-CoV2-5UTR-Amplicon-short-trimmed+3,141,t,756867,2173,0.2871
SARS-CoV2-5UTR-Amplicon-short-trimmed+3,142,g,756813,1689,0.2232
SARS-CoV2-5UTR-Amplicon-short-trimmed+3,143,c,756788,4408,0.5825
SARS-CoV2-5UTR-Amplicon-short-trimmed+3,144,t,756732,554,0.0732
SARS-CoV2-5UTR-Amplicon-short-trimmed+3,145,t,756718,1490,0.1969
SARS-CoV2-5UTR-Amplicon-short-trimmed+3,146,a,756634,1203,0.159
SARS-CoV2-5UTR-Amplicon-short-trimmed+3,147,c,756624,851,0.1125
SARS-CoV2-5UTR-Amplicon-short-trimmed+3,148,g,756618,604,0.0798
SARS-CoV2-5UTR-Amplicon-short-trimmed+3,149,g,756619,899,0.1188
SARS-CoV2-5UTR-Amplicon-short-trimmed+3,150,t,756618,772,0.102
SARS-CoV2-5UTR-Amplicon-short-trimmed+3,151,t,756614,858,0.1134
SARS-CoV2-5UTR-Amplicon-short-trimmed+3,152,t,756614,2250,0.2974
SARS-CoV2-5UTR-Amplicon-short-trimmed+3,153,c,756604,1481,0.1957
SARS-CoV2-5UTR-Amplicon-short-trimmed+3,154,g,756605,821,0.1085
SARS-CoV2-5UTR-Amplicon-short-trimmed+3,155,t,756610,1511,0.1997
SARS-CoV2-5UTR-Amplicon-short-trimmed+3,156,c,756611,947,0.1252
SARS-CoV2-5UTR-Amplicon-short-trimmed+3,157,c,756612,1444,0.1909
SARS-CoV2-5UTR-Amplicon-short-trimmed+3,158,g,756612,720,0.0952
SARS-CoV2-5UTR-Amplicon-short-trimmed+3,159,t,756612,5853,0.7736
SARS-CoV2-5UTR-Amplicon-short-trimmed+3,160,g,756619,1113,0.1471
SARS-CoV2-5UTR-Amplicon-short-trimmed+3,161,t,756623,832,0.11
SARS-CoV2-5UTR-Amplicon-short-trimmed+3,162,t,756622,1205,0.1593
SARS-CoV2-5UTR-Amplicon-short-trimmed+3,163,g,756622,848,0.1121
SARS-CoV2-5UTR-Amplicon-short-trimmed+3,164,c,756624,1341,0.1772
SARS-CoV2-5UTR-Amplicon-short-trimmed+3,165,a,756634,1072,0.1417
SARS-CoV2-5UTR-Amplicon-short-trimmed+3,166,g,756762,1247,0.1648
SARS-CoV2-5UTR-Amplicon-short-trimmed+3,167,c,756765,1268,0.1676
SARS-CoV2-5UTR-Amplicon-short-trimmed+3,168,c,756767,5592,0.7389
SARS-CoV2-5UTR-Amplicon-short-trimmed+3,169,g,756769,1370,0.181
SARS-CoV2-5UTR-Amplicon-short-trimmed+3,170,a,756778,842,0.1113
SARS-CoV2-5UTR-Amplicon-short-trimmed+3,171,t,756780,821,0.1085
SARS-CoV2-5UTR-Amplicon-short-trimmed+3,172,c,756781,640,0.0846
SARS-CoV2-5UTR-Amplicon-short-trimmed+3,173,a,756782,805,0.1064
SARS-CoV2-5UTR-Amplicon-short-trimmed+3,174,t,756782,641,0.0847
SARS-CoV2-5UTR-Amplicon-short-trimmed+3,175,c,756782,1029,0.136
SARS-CoV2-5UTR-Amplicon-short-trimmed+3,176,a,756782,1170,0.1546
SARS-CoV2-5UTR-Amplicon-short-trimmed+3,177,g,756782,1266,0.1673
SARS-CoV2-5UTR-Amplicon-short-trimmed+3,178,c,756782,5751,0.7599
SARS-CoV2-5UTR-Amplicon-short-trimmed+3,179,a,756782,964,0.1274
SARS-CoV2-5UTR-Amplicon-short-trimmed+3,180,c,756781,760,0.1004
SARS-CoV2-5UTR-Amplicon-short-trimmed+3,181,a,756781,613,0.081
SARS-CoV2-5UTR-Amplicon-short-trimmed+3,182,t,756781,546,0.0721
SARS-CoV2-5UTR-Amplicon-short-trimmed+3,183,c,756780,356,0.047
SARS-CoV2-5UTR-Amplicon-short-trimmed+3,184,t,756780,1037,0.137
SARS-CoV2-5UTR-Amplicon-short-trimmed+3,185,a,756774,1480,0.1956
SARS-CoV2-5UTR-Amplicon-short-trimmed+3,186,g,756774,1186,0.1567
SARS-CoV2-5UTR-Amplicon-short-trimmed+3,187,g,756778,1165,0.1539
SARS-CoV2-5UTR-Amplicon-short-trimmed+3,188,t,756779,680,0.0899
SARS-CoV2-5UTR-Amplicon-short-trimmed+3,189,t,756778,1191,0.1574
SARS-CoV2-5UTR-Amplicon-short-trimmed+3,190,t,756779,1989,0.2628
SARS-CoV2-5UTR-Amplicon-short-trimmed+3,191,c,756779,1180,0.1559
SARS-CoV2-5UTR-Amplicon-short-trimmed+3,192,g,756779,1043,0.1378
SARS-CoV2-5UTR-Amplicon-short-trimmed+3,193,t,756780,4969,0.6566
SARS-CoV2-5UTR-Amplicon-short-trimmed+3,194,c,756781,711,0.094
SARS-CoV2-5UTR-Amplicon-short-trimmed+3,195,c,756781,1024,0.1353
SARS-CoV2-5UTR-Amplicon-short-trimmed+3,196,g,756770,1046,0.1382
SARS-CoV2-5UTR-Amplicon-short-trimmed+3,197,g,756769,890,0.1176
SARS-CoV2-5UTR-Amplicon-short-trimmed+3,198,g,756768,3564,0.471
SARS-CoV2-5UTR-Amplicon-short-trimmed+3,199,t,756768,1442,0.1905
SARS-CoV2-5UTR-Amplicon-short-trimmed+3,200,g,756766,1011,0.1336
SARS-CoV2-5UTR-Amplicon-short-trimmed+3,201,t,756766,1019,0.1347
SARS-CoV2-5UTR-Amplicon-short-trimmed+3,202,g,756766,1408,0.1861
SARS-CoV2-5UTR-Amplicon-short-trimmed+3,203,a,756766,1495,0.1976
SARS-CoV2-5UTR-Amplicon-short-trimmed+3,204,c,756766,502,0.0663
SARS-CoV2-5UTR-Amplicon-short-trimmed+3,205,c,756766,334,0.0441
SARS-CoV2-5UTR-Amplicon-short-trimmed+3,206,g,756766,1056,0.1395
SARS-CoV2-5UTR-Amplicon-short-trimmed+3,207,a,756766,747,0.0987
SARS-CoV2-5UTR-Amplicon-short-trimmed+3,208,a,756766,508,0.0671
SARS-CoV2-5UTR-Amplicon-short-trimmed+3,209,a,756766,906,0.1197
SARS-CoV2-5UTR-Amplicon-short-trimmed+3,210,g,756766,898,0.1187
SARS-CoV2-5UTR-Amplicon-short-trimmed+3,211,g,756766,1276,0.1686
SARS-CoV2-5UTR-Amplicon-short-trimmed+3,212,t,756766,654,0.0864
SARS-CoV2-5UTR-Amplicon-short-trimmed+3,213,a,756764,595,0.0786
SARS-CoV2-5UTR-Amplicon-short-trimmed+3,214,a,756763,641,0.0847
SARS-CoV2-5UTR-Amplicon-short-trimmed+3,215,g,756762,730,0.0965
SARS-CoV2-5UTR-Amplicon-short-trimmed+3,216,a,756894,448,0.0592
SARS-CoV2-5UTR-Amplicon-short-trimmed+3,217,t,756893,874,0.1155
SARS-CoV2-5UTR-Amplicon-short-trimmed+3,218,g,756892,950,0.1255
SARS-CoV2-5UTR-Amplicon-short-trimmed+3,219,g,756890,936,0.1237
SARS-CoV2-5UTR-Amplicon-short-trimmed+3,220,a,756889,1604,0.2119
SARS-CoV2-5UTR-Amplicon-short-trimmed+3,221,g,756889,1741,0.23
SARS-CoV2-5UTR-Amplicon-short-trimmed+3,222,a,756752,707,0.0934
SARS-CoV2-5UTR-Amplicon-short-trimmed+3,223,g,756752,1239,0.1637
SARS-CoV2-5UTR-Amplicon-short-trimmed+3,224,c,756752,343,0.0453
SARS-CoV2-5UTR-Amplicon-short-trimmed+3,225,c,756752,426,0.0563
SARS-CoV2-5UTR-Amplicon-short-trimmed+3,226,t,756751,537,0.071
SARS-CoV2-5UTR-Amplicon-short-trimmed+3,227,t,756750,4383,0.5792
SARS-CoV2-5UTR-Amplicon-short-trimmed+3,228,g,756750,1134,0.1499
SARS-CoV2-5UTR-Amplicon-short-trimmed+3,229,t,756750,1176,0.1554
SARS-CoV2-5UTR-Amplicon-short-trimmed+3,230,c,756750,291,0.0385
SARS-CoV2-5UTR-Amplicon-short-trimmed+3,231,c,756750,310,0.041
SARS-CoV2-5UTR-Amplicon-short-trimmed+3,232,c,756747,497,0.0657
SARS-CoV2-5UTR-Amplicon-short-trimmed+3,233,t,756616,1546,0.2043
SARS-CoV2-5UTR-Amplicon-short-trimmed+3,234,g,756612,1678,0.2218
SARS-CoV2-5UTR-Amplicon-short-trimmed+3,235,g,756612,1315,0.1738
SARS-CoV2-5UTR-Amplicon-short-trimmed+3,236,t,756607,371,0.049
SARS-CoV2-5UTR-Amplicon-short-trimmed+3,237,t,756604,545,0.072
SARS-CoV2-5UTR-Amplicon-short-trimmed+3,238,t,756599,610,0.0806
SARS-CoV2-5UTR-Amplicon-short-trimmed+3,239,c,756573,4935,0.6523
SARS-CoV2-5UTR-Amplicon-short-trimmed+3,240,a,756549,548,0.0724
SARS-CoV2-5UTR-Amplicon-short-trimmed+3,241,a,756524,417,0.0551
SARS-CoV2-5UTR-Amplicon-short-trimmed+3,242,c,756460,505,0.0668
SARS-CoV2-5UTR-Amplicon-short-trimmed+3,243,g,756340,664,0.0878
SARS-CoV2-5UTR-Amplicon-short-trimmed+3,244,a,756202,1034,0.1367
SARS-CoV2-5UTR-Amplicon-short-trimmed+3,245,g,755504,0,0
SARS-CoV2-5UTR-Amplicon-short-trimmed+3,246,g,754825,0,0
SARS-CoV2-5UTR-Amplicon-short-trimmed+3,247,G,753468,0,0
SARS-CoV2-5UTR-Amplicon-short-trimmed+3,248,A,752829,0,0
SARS-CoV2-5UTR-Amplicon-short-trimmed+3,249,G,752368,0,0
