Region,Position,Ref_base,Depth,Mut_count,Mut_percentage
SARS-CoV2-5UTR-Amplicon-short-trimmed+3,1,T,1338052,0,0
SARS-CoV2-5UTR-Amplicon-short-trimmed+3,2,T,1338679,0,0
SARS-CoV2-5UTR-Amplicon-short-trimmed+3,3,G,1338944,0,0
SARS-CoV2-5UTR-Amplicon-short-trimmed+3,4,t,1343162,0,0
SARS-CoV2-5UTR-Amplicon-short-trimmed+3,5,a,1343479,0,0
SARS-CoV2-5UTR-Amplicon-short-trimmed+3,6,g,1343808,2343,0.1744
SARS-CoV2-5UTR-Amplicon-short-trimmed+3,7,a,1344267,290,0.0216
SARS-CoV2-5UTR-Amplicon-short-trimmed+3,8,t,1344277,303,0.0225
SARS-CoV2-5UTR-Amplicon-short-trimmed+3,9,c,1344291,355,0.0264
SARS-CoV2-5UTR-Amplicon-short-trimmed+3,10,t,1344299,304,0.0226
SARS-CoV2-5UTR-Amplicon-short-trimmed+3,11,g,1344306,11735,0.8729
SARS-CoV2-5UTR-Amplicon-short-trimmed+3,12,t,1344356,399,0.0297
SARS-CoV2-5UTR-Amplicon-short-trimmed+3,13,t,1344359,391,0.0291
SARS-CoV2-5UTR-Amplicon-short-trimmed+3,14,c,1344362,288,0.0214
SARS-CoV2-5UTR-Amplicon-short-trimmed+3,15,t,1344371,392,0.0292
SARS-CoV2-5UTR-Amplicon-short-trimmed+3,16,c,1344382,498,0.037
SARS-CoV2-5UTR-Amplicon-short-trimmed+3,17,t,1344383,260,0.0193
SARS-CoV2-5UTR-Amplicon-short-trimmed+3,18,a,1344384,627,0.0466
SARS-CoV2-5UTR-Amplicon-short-trimmed+3,19,a,1344384,602,0.0448
SARS-CoV2-5UTR-Amplicon-short-trimmed+3,20,a,1344512,413,0.0307
SARS-CoV2-5UTR-Amplicon-short-trimmed+3,21,c,1344512,312,0.0232
SARS-CoV2-5UTR-Amplicon-short-trimmed+3,22,g,1344533,2762,0.2054
SARS-CoV2-5UTR-Amplicon-short-trimmed+3,23,a,1344535,519,0.0386
SARS-CoV2-5UTR-Amplicon-short-trimmed+3,24,a,1344535,356,0.0265
SARS-CoV2-5UTR-Amplicon-short-trimmed+3,25,c,1344536,11092,0.825
SARS-CoV2-5UTR-Amplicon-short-trimmed+3,26,t,1344536,968,0.072
SARS-CoV2-5UTR-Amplicon-short-trimmed+3,27,t,1344536,953,0.0709
SARS-CoV2-5UTR-Amplicon-short-trimmed+3,28,t,1344538,2870,0.2135
SARS-CoV2-5UTR-Amplicon-short-trimmed+3,29,a,1344539,1058,0.0787
SARS-CoV2-5UTR-Amplicon-short-trimmed+3,30,a,1344539,459,0.0341
SARS-CoV2-5UTR-Amplicon-short-trimmed+3,31,a,1344532,546,0.0406
SARS-CoV2-5UTR-Amplicon-short-trimmed+3,32,a,1344533,347,0.0258
SARS-CoV2-5UTR-Amplicon-short-trimmed+3,33,t,1344534,2936,0.2184
SARS-CoV2-5UTR-Amplicon-short-trimmed+3,34,c,1344534,434,0.0323
SARS-CoV2-5UTR-Amplicon-short-trimmed+3,35,t,1344534,1208,0.0898
SARS-CoV2-5UTR-Amplicon-short-trimmed+3,36,g,1344533,7531,0.5601
SARS-CoV2-5UTR-Amplicon-short-trimmed+3,37,t,1344522,475,0.0353
SARS-CoV2-5UTR-Amplicon-short-trimmed+3,38,g,1344522,3514,0.2614
SARS-CoV2-5UTR-Amplicon-short-trimmed+3,39,t,1344522,371,0.0276
SARS-CoV2-5UTR-Amplicon-short-trimmed+3,40,g,1344520,3378,0.2512
SARS-CoV2-5UTR-Amplicon-short-trimmed+3,41,g,1344520,2477,0.1842
SARS-CoV2-5UTR-Amplicon-short-trimmed+3,42,c,1344519,356,0.0265
SARS-CoV2-5UTR-Amplicon-short-trimmed+3,43,t,1344518,1123,0.0835
SARS-CoV2-5UTR-Amplicon-short-trimmed+3,44,g,1344517,2389,0.1777
SARS-CoV2-5UTR-Amplicon-short-trimmed+3,45,t,1344517,808,0.0601
SARS-CoV2-5UTR-Amplicon-short-trimmed+3,46,c,1344517,231,0.0172
SARS-CoV2-5UTR-Amplicon-short-trimmed+3,47,a,1344511,627,0.0466
SARS-CoV2-5UTR-Amplicon-short-trimmed+3,48,c,1344511,265,0.0197
SARS-CoV2-5UTR-Amplicon-short-trimmed+3,49,t,1344511,448,0.0333
SARS-CoV2-5UTR-Amplicon-short-trimmed+3,50,c,1344506,526,0.0391
SARS-CoV2-5UTR-Amplicon-short-trimmed+3,51,g,1344506,4126,0.3069
SARS-CoV2-5UTR-Amplicon-short-trimmed+3,52,g,1344506,2100,0.1562
SARS-CoV2-5UTR-Amplicon-short-trimmed+3,53,c,1344506,972,0.0723
SARS-CoV2-5UTR-Amplicon-short-trimmed+3,54,t,1344506,1044,0.0776
SARS-CoV2-5UTR-Amplicon-short-trimmed+3,55,g,1344506,2846,0.2117
SARS-CoV2-5UTR-Amplicon-short-trimmed+3,56,c,1344506,481,0.0358
SARS-CoV2-5UTR-Amplicon-short-trimmed+3,57,g,1344506,1750,0.1302
SARS-CoV2-5UTR-Amplicon-short-trimmed+3,58,t,1344506,502,0.0373
SARS-CoV2-5UTR-Amplicon-short-trimmed+3,59,g,1344505,1897,0.1411
SARS-CoV2-5UTR-Amplicon-short-trimmed+3,60,c,1344503,472,0.0351
SARS-CoV2-5UTR-Amplicon-short-trimmed+3,61,t,1344503,1493,0.111
SARS-CoV2-5UTR-Amplicon-short-trimmed+3,62,t,1344503,2645,0.1967
SARS-CoV2-5UTR-Amplicon-short-trimmed+3,63,a,1344504,3606,0.2682
SARS-CoV2-5UTR-Amplicon-short-trimmed+3,64,g,1344504,4512,0.3356
SARS-CoV2-5UTR-Amplicon-short-trimmed+3,65,t,1344504,556,0.0414
SARS-CoV2-5UTR-Amplicon-short-trimmed+3,66,g,1344503,5941,0.4419
SARS-CoV2-5UTR-Amplicon-short-trimmed+3,67,c,1344503,909,0.0676
SARS-CoV2-5UTR-Amplicon-short-trimmed+3,68,a,1344503,759,0.0565
SARS-CoV2-5UTR-Amplicon-short-trimmed+3,69,c,1344503,396,0.0295
SARS-CoV2-5UTR-Amplicon-short-trimmed+3,70,t,1344503,523,0.0389
SARS-CoV2-5UTR-Amplicon-short-trimmed+3,71,c,1344503,502,0.0373
SARS-CoV2-5UTR-Amplicon-short-trimmed+3,72,a,1344503,759,0.0565
SARS-CoV2-5UTR-Amplicon-short-trimmed+3,73,c,1344503,356,0.0265
SARS-CoV2-5UTR-Amplicon-short-trimmed+3,74,g,1344503,2628,0.1955
SARS-CoV2-5UTR-Amplicon-short-trimmed+3,75,c,1344506,1790,0.1331
SARS-CoV2-5UTR-Amplicon-short-trimmed+3,76,a,1344507,912,0.0678
SARS-CoV2-5UTR-Amplicon-short-trimmed+3,77,g,1344507,1435,0.1067
SARS-CoV2-5UTR-Amplicon-short-trimmed+3,78,t,1344494,697,0.0518
SARS-CoV2-5UTR-Amplicon-short-trimmed+3,79,a,1344464,865,0.0643
SARS-CoV2-5UTR-Amplicon-short-trimmed+3,80,t,1344465,316,0.0235
SARS-CoV2-5UTR-Amplicon-short-trimmed+3,81,a,1344465,503,0.0374
SARS-CoV2-5UTR-Amplicon-short-trimmed+3,82,a,1344463,1086,0.0808
SARS-CoV2-5UTR-Amplicon-short-trimmed+3,83,t,1344461,406,0.0302
SARS-CoV2-5UTR-Amplicon-short-trimmed+3,84,t,1344464,1063,0.0791
SARS-CoV2-5UTR-Amplicon-short-trimmed+3,85,a,1344460,703,0.0523
SARS-CoV2-5UTR-Amplicon-short-trimmed+3,86,a,1344460,555,0.0413
SARS-CoV2-5UTR-Amplicon-short-trimmed+3,87,t,1344468,419,0.0312
SARS-CoV2-5UTR-Amplicon-short-trimmed+3,88,a,1344466,627,0.0466
SARS-CoV2-5UTR-Amplicon-short-trimmed+3,89,a,1344469,3687,0.2742
SARS-CoV2-5UTR-Amplicon-short-trimmed+3,90,c,1344469,555,0.0413
SARS-CoV2-5UTR-Amplicon-short-trimmed+3,91,t,1344470,534,0.0397
SARS-CoV2-5UTR-Amplicon-short-trimmed+3,92,a,1344470,493,0.0367
SARS-CoV2-5UTR-Amplicon-short-trimmed+3,93,a,1344471,526,0.0391
SARS-CoV2-5UTR-Amplicon-short-trimmed+3,94,t,1344483,458,0.0341
SARS-CoV2-5UTR-Amplicon-short-trimmed+3,95,t,1344483,899,0.0669
SARS-CoV2-5UTR-Amplicon-short-trimmed+3,96,a,1344483,549,0.0408
SARS-CoV2-5UTR-Amplicon-short-trimmed+3,97,c,1344483,253,0.0188
SARS-CoV2-5UTR-Amplicon-short-trimmed+3,98,t,1344483,674,0.0501
SARS-CoV2-5UTR-Amplicon-short-trimmed+3,99,g,1344483,2560,0.1904
SARS-CoV2-5UTR-Amplicon-short-trimmed+3,100,t,1344483,635,0.0472
SARS-CoV2-5UTR-Amplicon-short-trimmed+3,101,c,1344484,739,0.055
SARS-CoV2-5UTR-Amplicon-short-trimmed+3,102,g,1344517,11005,0.8185
SARS-CoV2-5UTR-Amplicon-short-trimmed+3,103,t,1344526,587,0.0437
SARS-CoV2-5UTR-Amplicon-short-trimmed+3,104,t,1344526,911,0.0678
SARS-CoV2-5UTR-Amplicon-short-trimmed+3,105,g,1344535,746,0.0555
SARS-CoV2-5UTR-Amplicon-short-trimmed+3,106,a,1344571,773,0.0575
SARS-CoV2-5UTR-Amplicon-short-trimmed+3,107,c,1344593,756,0.0562
SARS-CoV2-5UTR-Amplicon-short-trimmed+3,108,a,1344611,1269,0.0944
SARS-CoV2-5UTR-Amplicon-short-trimmed+3,109,g,1344714,3405,0.2532
SARS-CoV2-5UTR-Amplicon-short-trimmed+3,110,g,1344955,1316,0.0978
SARS-CoV2-5UTR-Amplicon-short-trimmed+3,111,a,1345503,694,0.0516
SARS-CoV2-5UTR-Amplicon-short-trimmed+3,112,c,1346166,574,0.0426
SARS-CoV2-5UTR-Amplicon-short-trimmed+3,113,a,1347673,1425,0.1057
SARS-CoV2-5UTR-Amplicon-short-trimmed+3,114,c,1352433,793,0.0586
SARS-CoV2-5UTR-Amplicon-short-trimmed+3,115,g,1368740,1970,0.1439
SARS-CoV2-5UTR-Amplicon-short-trimmed+3,116,a,1449562,1158,0.0799
SARS-CoV2-5UTR-Amplicon-short-trimmed+3,117,g,1999997,4990,0.2495
SARS-CoV2-5UTR-Amplicon-short-trimmed+3,118,t,1999998,3085,0.1543
SARS-CoV2-5UTR-Amplicon-short-trimmed+3,119,a,1999980,3082,0.1541
SARS-CoV2-5UTR-Amplicon-short-trimmed+3,120,a,1999994,2111,0.1056
SARS-CoV2-5UTR-Amplicon-short-trimmed+3,121,c,1999990,2018,0.1009
SARS-CoV2-5UTR-Amplicon-short-trimmed+3,122,t,1999978,3879,0.194
SARS-CoV2-5UTR-Amplicon-short-trimmed+3,123,c,1999982,2899,0.145
SARS-CoV2-5UTR-Amplicon-short-trimmed+3,124,g,1999940,8956,0.4478
SARS-CoV2-5UTR-Amplicon-short-trimmed+3,125,t,1999970,2748,0.1374
SARS-CoV2-5UTR-Amplicon-short-trimmed+3,126,c,1999919,1484,0.0742
SARS-CoV2-5UTR-Amplicon-short-trimmed+3,127,t,1999841,944,0.0472
SARS-CoV2-5UTR-Amplicon-short-trimmed+3,128,a,1999561,2437,0.1219
SARS-CoV2-5UTR-Amplicon-short-trimmed+3,129,t,1999045,5096,0.2549
SARS-CoV2-5UTR-Amplicon-short-trimmed+3,130,c,1999090,651,0.0326
SARS-CoV2-5UTR-Amplicon-short-trimmed+3,131,t,1999021,1460,0.073
SARS-CoV2-5UTR-Amplicon-short-trimmed+3,132,t,1989056,1340,0.0674
SARS-CoV2-5UTR-Amplicon-short-trimmed+3,133,c,794956,1049,0.132
SARS-CoV2-5UTR-Amplicon-short-trimmed+3,134,t,680264,1186,0.1743
SARS-CoV2-5UTR-Amplicon-short-trimmed+3,135,g,664123,3840,0.5782
SARS-CoV2-5UTR-Amplicon-short-trimmed+3,136,c,658634,3124,0.4743
SARS-CoV2-5UTR-Amplicon-short-trimmed+3,137,a,657940,887,0.1348
SARS-CoV2-5UTR-Amplicon-short-trimmed+3,138,g,657208,580,0.0883
SARS-CoV2-5UTR-Amplicon-short-trimmed+3,139,g,656856,824,0.1254
SARS-CoV2-5UTR-Amplicon-short-trimmed+3,140,c,656623,1011,0.154
SARS-CoV2-5UTR-Amplicon-short-trimmed+3,141,t,656530,1884,0.287
SARS-CoV2-5UTR-Amplicon-short-trimmed+3,142,g,656458,1475,0.2247
SARS-CoV2-5UTR-Amplicon-short-trimmed+3,143,c,656432,542,0.0826
SARS-CoV2-5UTR-Amplicon-short-trimmed+3,144,t,656380,340,0.0518
SARS-CoV2-5UTR-Amplicon-short-trimmed+3,145,t,656366,1399,0.2131
SARS-CoV2-5UTR-Amplicon-short-trimmed+3,146,a,656244,913,0.1391
SARS-CoV2-5UTR-Amplicon-short-trimmed+3,147,c,656232,779,0.1187
SARS-CoV2-5UTR-Amplicon-short-trimmed+3,148,g,656228,544,0.0829
SARS-CoV2-5UTR-Amplicon-short-trimmed+3,149,g,656206,793,0.1208
SARS-CoV2-5UTR-Amplicon-short-trimmed+3,150,t,656206,625,0.0952
SARS-CoV2-5UTR-Amplicon-short-trimmed+3,151,t,656211,583,0.0888
SARS-CoV2-5UTR-Amplicon-short-trimmed+3,152,t,656212,1855,0.2827
SARS-CoV2-5UTR-Amplicon-short-trimmed+3,153,c,656213,1491,0.2272
SARS-CoV2-5UTR-Amplicon-short-trimmed+3,154,g,656209,1670,0.2545
SARS-CoV2-5UTR-Amplicon-short-trimmed+3,155,t,656210,1160,0.1768
SARS-CoV2-5UTR-Amplicon-short-trimmed+3,156,c,656211,767,0.1169
SARS-CoV2-5UTR-Amplicon-short-trimmed+3,157,c,656214,1398,0.213
SARS-CoV2-5UTR-Amplicon-short-trimmed+3,158,g,656206,704,0.1073
SARS-CoV2-5UTR-Amplicon-short-trimmed+3,159,t,656206,5345,0.8145
SARS-CoV2-5UTR-Amplicon-short-trimmed+3,160,g,656210,1485,0.2263
SARS-CoV2-5UTR-Amplicon-short-trimmed+3,161,t,656216,606,0.0923
SARS-CoV2-5UTR-Amplicon-short-trimmed+3,162,t,656218,1046,0.1594
SARS-CoV2-5UTR-Amplicon-short-trimmed+3,163,g,656220,573,0.0873
SARS-CoV2-5UTR-Amplicon-short-trimmed+3,164,c,656220,1200,0.1829
SARS-CoV2-5UTR-Amplicon-short-trimmed+3,165,a,656224,868,0.1323
SARS-CoV2-5UTR-Amplicon-short-trimmed+3,166,g,656344,1023,0.1559
SARS-CoV2-5UTR-Amplicon-short-trimmed+3,167,c,656346,1068,0.1627
SARS-CoV2-5UTR-Amplicon-short-trimmed+3,168,c,656347,6147,0.9365
SARS-CoV2-5UTR-Amplicon-short-trimmed+3,169,g,656349,1128,0.1719
SARS-CoV2-5UTR-Amplicon-short-trimmed+3,170,a,656363,630,0.096
SARS-CoV2-5UTR-Amplicon-short-trimmed+3,171,t,656364,680,0.1036
SARS-CoV2-5UTR-Amplicon-short-trimmed+3,172,c,656367,533,0.0812
SARS-CoV2-5UTR-Amplicon-short-trimmed+3,173,a,656368,558,0.085
SARS-CoV2-5UTR-Amplicon-short-trimmed+3,174,t,656368,471,0.0718
SARS-CoV2-5UTR-Amplicon-short-trimmed+3,175,c,656368,913,0.1391
SARS-CoV2-5UTR-Amplicon-short-trimmed+3,176,a,656369,1179,0.1796
SARS-CoV2-5UTR-Amplicon-short-trimmed+3,177,g,656370,2921,0.445
SARS-CoV2-5UTR-Amplicon-short-trimmed+3,178,c,656372,5647,0.8603
SARS-CoV2-5UTR-Amplicon-short-trimmed+3,179,a,656372,854,0.1301
SARS-CoV2-5UTR-Amplicon-short-trimmed+3,180,c,656372,679,0.1034
SARS-CoV2-5UTR-Amplicon-short-trimmed+3,181,a,656372,465,0.0708
SARS-CoV2-5UTR-Amplicon-short-trimmed+3,182,t,656372,425,0.0647
SARS-CoV2-5UTR-Amplicon-short-trimmed+3,183,c,656372,265,0.0404
SARS-CoV2-5UTR-Amplicon-short-trimmed+3,184,t,656373,1077,0.1641
SARS-CoV2-5UTR-Amplicon-short-trimmed+3,185,a,656373,2205,0.3359
SARS-CoV2-5UTR-Amplicon-short-trimmed+3,186,g,656374,2506,0.3818
SARS-CoV2-5UTR-Amplicon-short-trimmed+3,187,g,656374,3265,0.4974
SARS-CoV2-5UTR-Amplicon-short-trimmed+3,188,t,656374,440,0.067
SARS-CoV2-5UTR-Amplicon-short-trimmed+3,189,t,656374,1059,0.1613
SARS-CoV2-5UTR-Amplicon-short-trimmed+3,190,t,656374,1888,0.2876
SARS-CoV2-5UTR-Amplicon-short-trimmed+3,191,c,656374,1375,0.2095
SARS-CoV2-5UTR-Amplicon-short-trimmed+3,192,g,656367,2044,0.3114
SARS-CoV2-5UTR-Amplicon-short-trimmed+3,193,t,656367,4813,0.7333
SARS-CoV2-5UTR-Amplicon-short-trimmed+3,194,c,656367,610,0.0929
SARS-CoV2-5UTR-Amplicon-short-trimmed+3,195,c,656367,1004,0.153
SARS-CoV2-5UTR-Amplicon-short-trimmed+3,196,g,656366,2244,0.3419
SARS-CoV2-5UTR-Amplicon-short-trimmed+3,197,g,656364,1644,0.2505
SARS-CoV2-5UTR-Amplicon-short-trimmed+3,198,g,656364,4687,0.7141
SARS-CoV2-5UTR-Amplicon-short-trimmed+3,199,t,656364,1389,0.2116
SARS-CoV2-5UTR-Amplicon-short-trimmed+3,200,g,656353,1877,0.286
SARS-CoV2-5UTR-Amplicon-short-trimmed+3,201,t,656352,866,0.1319
SARS-CoV2-5UTR-Amplicon-short-trimmed+3,202,g,656352,1426,0.2173
SARS-CoV2-5UTR-Amplicon-short-trimmed+3,203,a,656352,1192,0.1816
SARS-CoV2-5UTR-Amplicon-short-trimmed+3,204,c,656352,401,0.0611
SARS-CoV2-5UTR-Amplicon-short-trimmed+3,205,c,656352,306,0.0466
SARS-CoV2-5UTR-Amplicon-short-trimmed+3,206,g,656352,2600,0.3961
SARS-CoV2-5UTR-Amplicon-short-trimmed+3,207,a,656351,644,0.0981
SARS-CoV2-5UTR-Amplicon-short-trimmed+3,208,a,656351,343,0.0523
SARS-CoV2-5UTR-Amplicon-short-trimmed+3,209,a,656351,1002,0.1527
SARS-CoV2-5UTR-Amplicon-short-trimmed+3,210,g,656351,1389,0.2116
SARS-CoV2-5UTR-Amplicon-short-trimmed+3,211,g,656351,1701,0.2592
SARS-CoV2-5UTR-Amplicon-short-trimmed+3,212,t,656351,507,0.0772
SARS-CoV2-5UTR-Amplicon-short-trimmed+3,213,a,656349,462,0.0704
SARS-CoV2-5UTR-Amplicon-short-trimmed+3,214,a,656349,630,0.096
SARS-CoV2-5UTR-Amplicon-short-trimmed+3,215,g,656350,745,0.1135
SARS-CoV2-5UTR-Amplicon-short-trimmed+3,216,a,656474,312,0.0475
SARS-CoV2-5UTR-Amplicon-short-trimmed+3,217,t,656472,795,0.1211
SARS-CoV2-5UTR-Amplicon-short-trimmed+3,218,g,656472,1854,0.2824
SARS-CoV2-5UTR-Amplicon-short-trimmed+3,219,g,656460,1003,0.1528
SARS-CoV2-5UTR-Amplicon-short-trimmed+3,220,a,656458,1744,0.2657
SARS-CoV2-5UTR-Amplicon-short-trimmed+3,221,g,656458,1779,0.271
SARS-CoV2-5UTR-Amplicon-short-trimmed+3,222,a,656333,625,0.0952
SARS-CoV2-5UTR-Amplicon-short-trimmed+3,223,g,656333,1818,0.277
SARS-CoV2-5UTR-Amplicon-short-trimmed+3,224,c,656333,280,0.0427
SARS-CoV2-5UTR-Amplicon-short-trimmed+3,225,c,656333,393,0.0599
SARS-CoV2-5UTR-Amplicon-short-trimmed+3,226,t,656333,723,0.1102
SARS-CoV2-5UTR-Amplicon-short-trimmed+3,227,t,656332,5203,0.7927
SARS-CoV2-5UTR-Amplicon-short-trimmed+3,228,g,656331,2222,0.3385
SARS-CoV2-5UTR-Amplicon-short-trimmed+3,229,t,656330,1003,0.1528
SARS-CoV2-5UTR-Amplicon-short-trimmed+3,230,c,656329,235,0.0358
SARS-CoV2-5UTR-Amplicon-short-trimmed+3,231,c,656329,215,0.0328
SARS-CoV2-5UTR-Amplicon-short-trimmed+3,232,c,656328,472,0.0719
SARS-CoV2-5UTR-Amplicon-short-trimmed+3,233,t,656045,1568,0.239
SARS-CoV2-5UTR-Amplicon-short-trimmed+3,234,g,656038,3040,0.4634
SARS-CoV2-5UTR-Amplicon-short-trimmed+3,235,g,656036,3592,0.5475
SARS-CoV2-5UTR-Amplicon-short-trimmed+3,236,t,656035,286,0.0436
SARS-CoV2-5UTR-Amplicon-short-trimmed+3,237,t,656030,474,0.0723
SARS-CoV2-5UTR-Amplicon-short-trimmed+3,238,t,656024,572,0.0872
SARS-CoV2-5UTR-Amplicon-short-trimmed+3,239,c,656014,4578,0.6979
SARS-CoV2-5UTR-Amplicon-short-trimmed+3,240,a,655982,468,0.0713
SARS-CoV2-5UTR-Amplicon-short-trimmed+3,241,a,655960,380,0.0579
SARS-CoV2-5UTR-Amplicon-short-trimmed+3,242,c,655878,432,0.0659
SARS-CoV2-5UTR-Amplicon-short-trimmed+3,243,g,655757,679,0.1035
SARS-CoV2-5UTR-Amplicon-short-trimmed+3,244,a,655648,1035,0.1579
SARS-CoV2-5UTR-Amplicon-short-trimmed+3,245,g,655085,0,0
SARS-CoV2-5UTR-Amplicon-short-trimmed+3,246,g,654052,0,0
SARS-CoV2-5UTR-Amplicon-short-trimmed+3,247,G,652390,0,0
SARS-CoV2-5UTR-Amplicon-short-trimmed+3,248,A,651789,0,0
SARS-CoV2-5UTR-Amplicon-short-trimmed+3,249,G,651499,0,0
