Region,Position,Ref_base,Depth,Mut_count,Mut_percentage
SARS-CoV2-5UTR-Amplicon-short-trimmed+3,1,T,1111078,0,0
SARS-CoV2-5UTR-Amplicon-short-trimmed+3,2,T,1111635,0,0
SARS-CoV2-5UTR-Amplicon-short-trimmed+3,3,G,1111880,0,0
SARS-CoV2-5UTR-Amplicon-short-trimmed+3,4,t,1112759,0,0
SARS-CoV2-5UTR-Amplicon-short-trimmed+3,5,a,1113032,0,0
SARS-CoV2-5UTR-Amplicon-short-trimmed+3,6,g,1113261,572,0.0514
SARS-CoV2-5UTR-Amplicon-short-trimmed+3,7,a,1113311,270,0.0243
SARS-CoV2-5UTR-Amplicon-short-trimmed+3,8,t,1113339,259,0.0233
SARS-CoV2-5UTR-Amplicon-short-trimmed+3,9,c,1113349,250,0.0225
SARS-CoV2-5UTR-Amplicon-short-trimmed+3,10,t,1113360,286,0.0257
SARS-CoV2-5UTR-Amplicon-short-trimmed+3,11,g,1113365,2366,0.2125
SARS-CoV2-5UTR-Amplicon-short-trimmed+3,12,t,1113377,304,0.0273
SARS-CoV2-5UTR-Amplicon-short-trimmed+3,13,t,1113379,317,0.0285
SARS-CoV2-5UTR-Amplicon-short-trimmed+3,14,c,1113390,211,0.019
SARS-CoV2-5UTR-Amplicon-short-trimmed+3,15,t,1113390,356,0.032
SARS-CoV2-5UTR-Amplicon-short-trimmed+3,16,c,1113396,502,0.0451
SARS-CoV2-5UTR-Amplicon-short-trimmed+3,17,t,1113415,263,0.0236
SARS-CoV2-5UTR-Amplicon-short-trimmed+3,18,a,1113416,458,0.0411
SARS-CoV2-5UTR-Amplicon-short-trimmed+3,19,a,1113418,454,0.0408
SARS-CoV2-5UTR-Amplicon-short-trimmed+3,20,a,1113453,367,0.033
SARS-CoV2-5UTR-Amplicon-short-trimmed+3,21,c,1113453,210,0.0189
SARS-CoV2-5UTR-Amplicon-short-trimmed+3,22,g,1113456,524,0.0471
SARS-CoV2-5UTR-Amplicon-short-trimmed+3,23,a,1113456,488,0.0438
SARS-CoV2-5UTR-Amplicon-short-trimmed+3,24,a,1113456,293,0.0263
SARS-CoV2-5UTR-Amplicon-short-trimmed+3,25,c,1113458,11148,1.0012
SARS-CoV2-5UTR-Amplicon-short-trimmed+3,26,t,1113458,814,0.0731
SARS-CoV2-5UTR-Amplicon-short-trimmed+3,27,t,1113464,810,0.0727
SARS-CoV2-5UTR-Amplicon-short-trimmed+3,28,t,1113467,2357,0.2117
SARS-CoV2-5UTR-Amplicon-short-trimmed+3,29,a,1113467,861,0.0773
SARS-CoV2-5UTR-Amplicon-short-trimmed+3,30,a,1113467,417,0.0375
SARS-CoV2-5UTR-Amplicon-short-trimmed+3,31,a,1113462,461,0.0414
SARS-CoV2-5UTR-Amplicon-short-trimmed+3,32,a,1113462,368,0.0331
SARS-CoV2-5UTR-Amplicon-short-trimmed+3,33,t,1113462,2417,0.2171
SARS-CoV2-5UTR-Amplicon-short-trimmed+3,34,c,1113462,357,0.0321
SARS-CoV2-5UTR-Amplicon-short-trimmed+3,35,t,1113462,451,0.0405
SARS-CoV2-5UTR-Amplicon-short-trimmed+3,36,g,1113462,769,0.0691
SARS-CoV2-5UTR-Amplicon-short-trimmed+3,37,t,1113451,327,0.0294
SARS-CoV2-5UTR-Amplicon-short-trimmed+3,38,g,1113451,434,0.039
SARS-CoV2-5UTR-Amplicon-short-trimmed+3,39,t,1113451,319,0.0286
SARS-CoV2-5UTR-Amplicon-short-trimmed+3,40,g,1113451,576,0.0517
SARS-CoV2-5UTR-Amplicon-short-trimmed+3,41,g,1113451,602,0.0541
SARS-CoV2-5UTR-Amplicon-short-trimmed+3,42,c,1113451,231,0.0207
SARS-CoV2-5UTR-Amplicon-short-trimmed+3,43,t,1113450,800,0.0718
SARS-CoV2-5UTR-Amplicon-short-trimmed+3,44,g,1113450,724,0.065
SARS-CoV2-5UTR-Amplicon-short-trimmed+3,45,t,1113450,707,0.0635
SARS-CoV2-5UTR-Amplicon-short-trimmed+3,46,c,1113450,190,0.0171
SARS-CoV2-5UTR-Amplicon-short-trimmed+3,47,a,1113442,529,0.0475
SARS-CoV2-5UTR-Amplicon-short-trimmed+3,48,c,1113424,221,0.0198
SARS-CoV2-5UTR-Amplicon-short-trimmed+3,49,t,1113423,318,0.0286
SARS-CoV2-5UTR-Amplicon-short-trimmed+3,50,c,1113420,320,0.0287
SARS-CoV2-5UTR-Amplicon-short-trimmed+3,51,g,1113420,730,0.0656
SARS-CoV2-5UTR-Amplicon-short-trimmed+3,52,g,1113420,1136,0.102
SARS-CoV2-5UTR-Amplicon-short-trimmed+3,53,c,1113420,928,0.0833
SARS-CoV2-5UTR-Amplicon-short-trimmed+3,54,t,1113420,656,0.0589
SARS-CoV2-5UTR-Amplicon-short-trimmed+3,55,g,1113420,1399,0.1256
SARS-CoV2-5UTR-Amplicon-short-trimmed+3,56,c,1113420,385,0.0346
SARS-CoV2-5UTR-Amplicon-short-trimmed+3,57,g,1113420,1200,0.1078
SARS-CoV2-5UTR-Amplicon-short-trimmed+3,58,t,1113420,409,0.0367
SARS-CoV2-5UTR-Amplicon-short-trimmed+3,59,g,1113420,865,0.0777
SARS-CoV2-5UTR-Amplicon-short-trimmed+3,60,c,1113420,381,0.0342
SARS-CoV2-5UTR-Amplicon-short-trimmed+3,61,t,1113420,476,0.0428
SARS-CoV2-5UTR-Amplicon-short-trimmed+3,62,t,1113420,581,0.0522
SARS-CoV2-5UTR-Amplicon-short-trimmed+3,63,a,1113420,611,0.0549
SARS-CoV2-5UTR-Amplicon-short-trimmed+3,64,g,1113420,492,0.0442
SARS-CoV2-5UTR-Amplicon-short-trimmed+3,65,t,1113420,579,0.052
SARS-CoV2-5UTR-Amplicon-short-trimmed+3,66,g,1113420,1059,0.0951
SARS-CoV2-5UTR-Amplicon-short-trimmed+3,67,c,1113420,681,0.0612
SARS-CoV2-5UTR-Amplicon-short-trimmed+3,68,a,1113420,677,0.0608
SARS-CoV2-5UTR-Amplicon-short-trimmed+3,69,c,1113420,286,0.0257
SARS-CoV2-5UTR-Amplicon-short-trimmed+3,70,t,1113420,443,0.0398
SARS-CoV2-5UTR-Amplicon-short-trimmed+3,71,c,1113420,428,0.0384
SARS-CoV2-5UTR-Amplicon-short-trimmed+3,72,a,1113420,618,0.0555
SARS-CoV2-5UTR-Amplicon-short-trimmed+3,73,c,1113420,248,0.0223
SARS-CoV2-5UTR-Amplicon-short-trimmed+3,74,g,1113420,594,0.0533
SARS-CoV2-5UTR-Amplicon-short-trimmed+3,75,c,1113420,1501,0.1348
SARS-CoV2-5UTR-Amplicon-short-trimmed+3,76,a,1113419,780,0.0701
SARS-CoV2-5UTR-Amplicon-short-trimmed+3,77,g,1113417,853,0.0766
SARS-CoV2-5UTR-Amplicon-short-trimmed+3,78,t,1113417,738,0.0663
SARS-CoV2-5UTR-Amplicon-short-trimmed+3,79,a,1113416,804,0.0722
SARS-CoV2-5UTR-Amplicon-short-trimmed+3,80,t,1113416,281,0.0252
SARS-CoV2-5UTR-Amplicon-short-trimmed+3,81,a,1113404,489,0.0439
SARS-CoV2-5UTR-Amplicon-short-trimmed+3,82,a,1113402,931,0.0836
SARS-CoV2-5UTR-Amplicon-short-trimmed+3,83,t,1113402,403,0.0362
SARS-CoV2-5UTR-Amplicon-short-trimmed+3,84,t,1113402,1010,0.0907
SARS-CoV2-5UTR-Amplicon-short-trimmed+3,85,a,1113403,690,0.062
SARS-CoV2-5UTR-Amplicon-short-trimmed+3,86,a,1113402,563,0.0506
SARS-CoV2-5UTR-Amplicon-short-trimmed+3,87,t,1113407,411,0.0369
SARS-CoV2-5UTR-Amplicon-short-trimmed+3,88,a,1113407,639,0.0574
SARS-CoV2-5UTR-Amplicon-short-trimmed+3,89,a,1113406,3091,0.2776
SARS-CoV2-5UTR-Amplicon-short-trimmed+3,90,c,1113406,429,0.0385
SARS-CoV2-5UTR-Amplicon-short-trimmed+3,91,t,1113404,544,0.0489
SARS-CoV2-5UTR-Amplicon-short-trimmed+3,92,a,1113404,444,0.0399
SARS-CoV2-5UTR-Amplicon-short-trimmed+3,93,a,1113403,530,0.0476
SARS-CoV2-5UTR-Amplicon-short-trimmed+3,94,t,1113403,398,0.0357
SARS-CoV2-5UTR-Amplicon-short-trimmed+3,95,t,1113383,816,0.0733
SARS-CoV2-5UTR-Amplicon-short-trimmed+3,96,a,1113383,479,0.043
SARS-CoV2-5UTR-Amplicon-short-trimmed+3,97,c,1113383,219,0.0197
SARS-CoV2-5UTR-Amplicon-short-trimmed+3,98,t,1113383,488,0.0438
SARS-CoV2-5UTR-Amplicon-short-trimmed+3,99,g,1113383,787,0.0707
SARS-CoV2-5UTR-Amplicon-short-trimmed+3,100,t,1113382,634,0.0569
SARS-CoV2-5UTR-Amplicon-short-trimmed+3,101,c,1113382,275,0.0247
SARS-CoV2-5UTR-Amplicon-short-trimmed+3,102,g,1113403,993,0.0892
SARS-CoV2-5UTR-Amplicon-short-trimmed+3,103,t,1113405,560,0.0503
SARS-CoV2-5UTR-Amplicon-short-trimmed+3,104,t,1113406,923,0.0829
SARS-CoV2-5UTR-Amplicon-short-trimmed+3,105,g,1113409,522,0.0469
SARS-CoV2-5UTR-Amplicon-short-trimmed+3,106,a,1113424,765,0.0687
SARS-CoV2-5UTR-Amplicon-short-trimmed+3,107,c,1113443,553,0.0497
SARS-CoV2-5UTR-Amplicon-short-trimmed+3,108,a,1113469,952,0.0855
SARS-CoV2-5UTR-Amplicon-short-trimmed+3,109,g,1113555,744,0.0668
SARS-CoV2-5UTR-Amplicon-short-trimmed+3,110,g,1113741,1209,0.1086
SARS-CoV2-5UTR-Amplicon-short-trimmed+3,111,a,1114219,659,0.0591
SARS-CoV2-5UTR-Amplicon-short-trimmed+3,112,c,1114753,535,0.048
SARS-CoV2-5UTR-Amplicon-short-trimmed+3,113,a,1115811,1440,0.1291
SARS-CoV2-5UTR-Amplicon-short-trimmed+3,114,c,1118692,708,0.0633
SARS-CoV2-5UTR-Amplicon-short-trimmed+3,115,g,1128157,631,0.0559
SARS-CoV2-5UTR-Amplicon-short-trimmed+3,116,a,1188304,954,0.0803
SARS-CoV2-5UTR-Amplicon-short-trimmed+3,117,g,1999997,1479,0.074
SARS-CoV2-5UTR-Amplicon-short-trimmed+3,118,t,1999994,3143,0.1572
SARS-CoV2-5UTR-Amplicon-short-trimmed+3,119,a,1999993,3971,0.1986
SARS-CoV2-5UTR-Amplicon-short-trimmed+3,120,a,1999996,2590,0.1295
SARS-CoV2-5UTR-Amplicon-short-trimmed+3,121,c,1999982,1942,0.0971
SARS-CoV2-5UTR-Amplicon-short-trimmed+3,122,t,1999979,3153,0.1577
SARS-CoV2-5UTR-Amplicon-short-trimmed+3,123,c,1999977,1942,0.0971
SARS-CoV2-5UTR-Amplicon-short-trimmed+3,124,g,1999941,2227,0.1114
SARS-CoV2-5UTR-Amplicon-short-trimmed+3,125,t,1999930,3394,0.1697
SARS-CoV2-5UTR-Amplicon-short-trimmed+3,126,c,1999860,1811,0.0906
SARS-CoV2-5UTR-Amplicon-short-trimmed+3,127,t,1999736,1117,0.0559
SARS-CoV2-5UTR-Amplicon-short-trimmed+3,128,a,1999183,3167,0.1584
SARS-CoV2-5UTR-Amplicon-short-trimmed+3,129,t,1998269,6127,0.3066
SARS-CoV2-5UTR-Amplicon-short-trimmed+3,130,c,1998302,775,0.0388
SARS-CoV2-5UTR-Amplicon-short-trimmed+3,131,t,1998242,1681,0.0841
SARS-CoV2-5UTR-Amplicon-short-trimmed+3,132,t,1989694,1778,0.0894
SARS-CoV2-5UTR-Amplicon-short-trimmed+3,133,c,987094,1244,0.126
SARS-CoV2-5UTR-Amplicon-short-trimmed+3,134,t,900422,1432,0.159
SARS-CoV2-5UTR-Amplicon-short-trimmed+3,135,g,891223,903,0.1013
SARS-CoV2-5UTR-Amplicon-short-trimmed+3,136,c,888985,3652,0.4108
SARS-CoV2-5UTR-Amplicon-short-trimmed+3,137,a,888563,1224,0.1378
SARS-CoV2-5UTR-Amplicon-short-trimmed+3,138,g,888062,727,0.0819
SARS-CoV2-5UTR-Amplicon-short-trimmed+3,139,g,887767,950,0.107
SARS-CoV2-5UTR-Amplicon-short-trimmed+3,140,c,887568,1094,0.1233
SARS-CoV2-5UTR-Amplicon-short-trimmed+3,141,t,887481,2467,0.278
SARS-CoV2-5UTR-Amplicon-short-trimmed+3,142,g,887442,1690,0.1904
SARS-CoV2-5UTR-Amplicon-short-trimmed+3,143,c,887429,4172,0.4701
SARS-CoV2-5UTR-Amplicon-short-trimmed+3,144,t,887402,550,0.062
SARS-CoV2-5UTR-Amplicon-short-trimmed+3,145,t,887395,1644,0.1853
SARS-CoV2-5UTR-Amplicon-short-trimmed+3,146,a,887336,1430,0.1612
SARS-CoV2-5UTR-Amplicon-short-trimmed+3,147,c,887335,1004,0.1131
SARS-CoV2-5UTR-Amplicon-short-trimmed+3,148,g,887326,557,0.0628
SARS-CoV2-5UTR-Amplicon-short-trimmed+3,149,g,887322,623,0.0702
SARS-CoV2-5UTR-Amplicon-short-trimmed+3,150,t,887323,869,0.0979
SARS-CoV2-5UTR-Amplicon-short-trimmed+3,151,t,887319,931,0.1049
SARS-CoV2-5UTR-Amplicon-short-trimmed+3,152,t,887319,2548,0.2872
SARS-CoV2-5UTR-Amplicon-short-trimmed+3,153,c,887316,1403,0.1581
SARS-CoV2-5UTR-Amplicon-short-trimmed+3,154,g,887316,567,0.0639
SARS-CoV2-5UTR-Amplicon-short-trimmed+3,155,t,887318,1805,0.2034
SARS-CoV2-5UTR-Amplicon-short-trimmed+3,156,c,887318,1110,0.1251
SARS-CoV2-5UTR-Amplicon-short-trimmed+3,157,c,887319,1604,0.1808
SARS-CoV2-5UTR-Amplicon-short-trimmed+3,158,g,887313,644,0.0726
SARS-CoV2-5UTR-Amplicon-short-trimmed+3,159,t,887313,6941,0.7822
SARS-CoV2-5UTR-Amplicon-short-trimmed+3,160,g,887316,747,0.0842
SARS-CoV2-5UTR-Amplicon-short-trimmed+3,161,t,887333,813,0.0916
SARS-CoV2-5UTR-Amplicon-short-trimmed+3,162,t,887334,1432,0.1614
SARS-CoV2-5UTR-Amplicon-short-trimmed+3,163,g,887334,562,0.0633
SARS-CoV2-5UTR-Amplicon-short-trimmed+3,164,c,887335,1466,0.1652
SARS-CoV2-5UTR-Amplicon-short-trimmed+3,165,a,887339,1129,0.1272
SARS-CoV2-5UTR-Amplicon-short-trimmed+3,166,g,887427,1074,0.121
SARS-CoV2-5UTR-Amplicon-short-trimmed+3,167,c,887428,1467,0.1653
SARS-CoV2-5UTR-Amplicon-short-trimmed+3,168,c,887428,5341,0.6019
SARS-CoV2-5UTR-Amplicon-short-trimmed+3,169,g,887429,1003,0.113
SARS-CoV2-5UTR-Amplicon-short-trimmed+3,170,a,887429,995,0.1121
SARS-CoV2-5UTR-Amplicon-short-trimmed+3,171,t,887432,946,0.1066
SARS-CoV2-5UTR-Amplicon-short-trimmed+3,172,c,887436,694,0.0782
SARS-CoV2-5UTR-Amplicon-short-trimmed+3,173,a,887437,895,0.1009
SARS-CoV2-5UTR-Amplicon-short-trimmed+3,174,t,887437,687,0.0774
SARS-CoV2-5UTR-Amplicon-short-trimmed+3,175,c,887437,1019,0.1148
SARS-CoV2-5UTR-Amplicon-short-trimmed+3,176,a,887437,1203,0.1356
SARS-CoV2-5UTR-Amplicon-short-trimmed+3,177,g,887437,866,0.0976
SARS-CoV2-5UTR-Amplicon-short-trimmed+3,178,c,887437,6008,0.677
SARS-CoV2-5UTR-Amplicon-short-trimmed+3,179,a,887437,1208,0.1361
SARS-CoV2-5UTR-Amplicon-short-trimmed+3,180,c,887437,805,0.0907
SARS-CoV2-5UTR-Amplicon-short-trimmed+3,181,a,887437,683,0.077
SARS-CoV2-5UTR-Amplicon-short-trimmed+3,182,t,887438,632,0.0712
SARS-CoV2-5UTR-Amplicon-short-trimmed+3,183,c,887438,346,0.039
SARS-CoV2-5UTR-Amplicon-short-trimmed+3,184,t,887438,1033,0.1164
SARS-CoV2-5UTR-Amplicon-short-trimmed+3,185,a,887457,1206,0.1359
SARS-CoV2-5UTR-Amplicon-short-trimmed+3,186,g,887457,744,0.0838
SARS-CoV2-5UTR-Amplicon-short-trimmed+3,187,g,887457,720,0.0811
SARS-CoV2-5UTR-Amplicon-short-trimmed+3,188,t,887458,636,0.0717
SARS-CoV2-5UTR-Amplicon-short-trimmed+3,189,t,887458,1301,0.1466
SARS-CoV2-5UTR-Amplicon-short-trimmed+3,190,t,887458,2204,0.2483
SARS-CoV2-5UTR-Amplicon-short-trimmed+3,191,c,887458,947,0.1067
SARS-CoV2-5UTR-Amplicon-short-trimmed+3,192,g,887455,603,0.0679
SARS-CoV2-5UTR-Amplicon-short-trimmed+3,193,t,887453,5575,0.6282
SARS-CoV2-5UTR-Amplicon-short-trimmed+3,194,c,887453,599,0.0675
SARS-CoV2-5UTR-Amplicon-short-trimmed+3,195,c,887453,1040,0.1172
SARS-CoV2-5UTR-Amplicon-short-trimmed+3,196,g,887453,602,0.0678
SARS-CoV2-5UTR-Amplicon-short-trimmed+3,197,g,887453,559,0.063
SARS-CoV2-5UTR-Amplicon-short-trimmed+3,198,g,887453,3886,0.4379
SARS-CoV2-5UTR-Amplicon-short-trimmed+3,199,t,887453,1351,0.1522
SARS-CoV2-5UTR-Amplicon-short-trimmed+3,200,g,887453,1880,0.2118
SARS-CoV2-5UTR-Amplicon-short-trimmed+3,201,t,887453,1064,0.1199
SARS-CoV2-5UTR-Amplicon-short-trimmed+3,202,g,887453,1062,0.1197
SARS-CoV2-5UTR-Amplicon-short-trimmed+3,203,a,887453,1726,0.1945
SARS-CoV2-5UTR-Amplicon-short-trimmed+3,204,c,887453,581,0.0655
SARS-CoV2-5UTR-Amplicon-short-trimmed+3,205,c,887453,374,0.0421
SARS-CoV2-5UTR-Amplicon-short-trimmed+3,206,g,887453,633,0.0713
SARS-CoV2-5UTR-Amplicon-short-trimmed+3,207,a,887453,614,0.0692
SARS-CoV2-5UTR-Amplicon-short-trimmed+3,208,a,887453,429,0.0483
SARS-CoV2-5UTR-Amplicon-short-trimmed+3,209,a,887453,937,0.1056
SARS-CoV2-5UTR-Amplicon-short-trimmed+3,210,g,887453,448,0.0505
SARS-CoV2-5UTR-Amplicon-short-trimmed+3,211,g,887453,1416,0.1596
SARS-CoV2-5UTR-Amplicon-short-trimmed+3,212,t,887453,757,0.0853
SARS-CoV2-5UTR-Amplicon-short-trimmed+3,213,a,887453,542,0.0611
SARS-CoV2-5UTR-Amplicon-short-trimmed+3,214,a,887453,601,0.0677
SARS-CoV2-5UTR-Amplicon-short-trimmed+3,215,g,887454,491,0.0553
SARS-CoV2-5UTR-Amplicon-short-trimmed+3,216,a,887548,437,0.0492
SARS-CoV2-5UTR-Amplicon-short-trimmed+3,217,t,887548,846,0.0953
SARS-CoV2-5UTR-Amplicon-short-trimmed+3,218,g,887548,634,0.0714
SARS-CoV2-5UTR-Amplicon-short-trimmed+3,219,g,887543,649,0.0731
SARS-CoV2-5UTR-Amplicon-short-trimmed+3,220,a,887541,1595,0.1797
SARS-CoV2-5UTR-Amplicon-short-trimmed+3,221,g,887538,1445,0.1628
SARS-CoV2-5UTR-Amplicon-short-trimmed+3,222,a,887448,676,0.0762
SARS-CoV2-5UTR-Amplicon-short-trimmed+3,223,g,887448,818,0.0922
SARS-CoV2-5UTR-Amplicon-short-trimmed+3,224,c,887448,389,0.0438
SARS-CoV2-5UTR-Amplicon-short-trimmed+3,225,c,887448,353,0.0398
SARS-CoV2-5UTR-Amplicon-short-trimmed+3,226,t,887448,523,0.0589
SARS-CoV2-5UTR-Amplicon-short-trimmed+3,227,t,887448,4457,0.5022
SARS-CoV2-5UTR-Amplicon-short-trimmed+3,228,g,887448,654,0.0737
SARS-CoV2-5UTR-Amplicon-short-trimmed+3,229,t,887447,1280,0.1442
SARS-CoV2-5UTR-Amplicon-short-trimmed+3,230,c,887444,286,0.0322
SARS-CoV2-5UTR-Amplicon-short-trimmed+3,231,c,887444,276,0.0311
SARS-CoV2-5UTR-Amplicon-short-trimmed+3,232,c,887441,484,0.0545
SARS-CoV2-5UTR-Amplicon-short-trimmed+3,233,t,887385,1549,0.1746
SARS-CoV2-5UTR-Amplicon-short-trimmed+3,234,g,887384,722,0.0814
SARS-CoV2-5UTR-Amplicon-short-trimmed+3,235,g,887384,642,0.0723
SARS-CoV2-5UTR-Amplicon-short-trimmed+3,236,t,887380,383,0.0432
SARS-CoV2-5UTR-Amplicon-short-trimmed+3,237,t,887378,673,0.0758
SARS-CoV2-5UTR-Amplicon-short-trimmed+3,238,t,887369,667,0.0752
SARS-CoV2-5UTR-Amplicon-short-trimmed+3,239,c,887354,6460,0.728
SARS-CoV2-5UTR-Amplicon-short-trimmed+3,240,a,887314,675,0.0761
SARS-CoV2-5UTR-Amplicon-short-trimmed+3,241,a,887296,513,0.0578
SARS-CoV2-5UTR-Amplicon-short-trimmed+3,242,c,887272,543,0.0612
SARS-CoV2-5UTR-Amplicon-short-trimmed+3,243,g,887230,502,0.0566
SARS-CoV2-5UTR-Amplicon-short-trimmed+3,244,a,887146,979,0.1104
SARS-CoV2-5UTR-Amplicon-short-trimmed+3,245,g,886603,0,0
SARS-CoV2-5UTR-Amplicon-short-trimmed+3,246,g,886193,0,0
SARS-CoV2-5UTR-Amplicon-short-trimmed+3,247,G,885297,0,0
SARS-CoV2-5UTR-Amplicon-short-trimmed+3,248,A,884629,0,0
SARS-CoV2-5UTR-Amplicon-short-trimmed+3,249,G,884383,0,0
