Region,Position,Ref_base,Depth,Mut_count,Mut_percentage
SARS-CoV2-5UTR-Amplicon-short-trimmed+3,1,T,1411488,0,0
SARS-CoV2-5UTR-Amplicon-short-trimmed+3,2,T,1412596,0,0
SARS-CoV2-5UTR-Amplicon-short-trimmed+3,3,G,1413355,0,0
SARS-CoV2-5UTR-Amplicon-short-trimmed+3,4,t,1415226,0,0
SARS-CoV2-5UTR-Amplicon-short-trimmed+3,5,a,1415650,1,1e-04
SARS-CoV2-5UTR-Amplicon-short-trimmed+3,6,g,1416314,875,0.0618
SARS-CoV2-5UTR-Amplicon-short-trimmed+3,7,a,1416438,893,0.063
SARS-CoV2-5UTR-Amplicon-short-trimmed+3,8,t,1416498,675,0.0477
SARS-CoV2-5UTR-Amplicon-short-trimmed+3,9,c,1416517,1318,0.093
SARS-CoV2-5UTR-Amplicon-short-trimmed+3,10,t,1416940,762,0.0538
SARS-CoV2-5UTR-Amplicon-short-trimmed+3,11,g,1416947,4559,0.3217
SARS-CoV2-5UTR-Amplicon-short-trimmed+3,12,t,1416963,959,0.0677
SARS-CoV2-5UTR-Amplicon-short-trimmed+3,13,t,1416992,1105,0.078
SARS-CoV2-5UTR-Amplicon-short-trimmed+3,14,c,1417011,5033,0.3552
SARS-CoV2-5UTR-Amplicon-short-trimmed+3,15,t,1417014,1184,0.0836
SARS-CoV2-5UTR-Amplicon-short-trimmed+3,16,c,1417026,4961,0.3501
SARS-CoV2-5UTR-Amplicon-short-trimmed+3,17,t,1417029,1187,0.0838
SARS-CoV2-5UTR-Amplicon-short-trimmed+3,18,a,1417031,1082,0.0764
SARS-CoV2-5UTR-Amplicon-short-trimmed+3,19,a,1417035,646,0.0456
SARS-CoV2-5UTR-Amplicon-short-trimmed+3,20,a,1417137,787,0.0555
SARS-CoV2-5UTR-Amplicon-short-trimmed+3,21,c,1417152,4152,0.293
SARS-CoV2-5UTR-Amplicon-short-trimmed+3,22,g,1417180,1134,0.08
SARS-CoV2-5UTR-Amplicon-short-trimmed+3,23,a,1417181,871,0.0615
SARS-CoV2-5UTR-Amplicon-short-trimmed+3,24,a,1417184,399,0.0282
SARS-CoV2-5UTR-Amplicon-short-trimmed+3,25,c,1417184,20132,1.4206
SARS-CoV2-5UTR-Amplicon-short-trimmed+3,26,t,1417184,1673,0.1181
SARS-CoV2-5UTR-Amplicon-short-trimmed+3,27,t,1417185,1537,0.1085
SARS-CoV2-5UTR-Amplicon-short-trimmed+3,28,t,1417218,4158,0.2934
SARS-CoV2-5UTR-Amplicon-short-trimmed+3,29,a,1417218,1712,0.1208
SARS-CoV2-5UTR-Amplicon-short-trimmed+3,30,a,1417218,993,0.0701
SARS-CoV2-5UTR-Amplicon-short-trimmed+3,31,a,1417176,645,0.0455
SARS-CoV2-5UTR-Amplicon-short-trimmed+3,32,a,1417176,809,0.0571
SARS-CoV2-5UTR-Amplicon-short-trimmed+3,33,t,1417176,4460,0.3147
SARS-CoV2-5UTR-Amplicon-short-trimmed+3,34,c,1417176,3279,0.2314
SARS-CoV2-5UTR-Amplicon-short-trimmed+3,35,t,1417176,1295,0.0914
SARS-CoV2-5UTR-Amplicon-short-trimmed+3,36,g,1417176,2750,0.194
SARS-CoV2-5UTR-Amplicon-short-trimmed+3,37,t,1417169,927,0.0654
SARS-CoV2-5UTR-Amplicon-short-trimmed+3,38,g,1417169,1179,0.0832
SARS-CoV2-5UTR-Amplicon-short-trimmed+3,39,t,1417169,807,0.0569
SARS-CoV2-5UTR-Amplicon-short-trimmed+3,40,g,1417169,1235,0.0871
SARS-CoV2-5UTR-Amplicon-short-trimmed+3,41,g,1417169,1138,0.0803
SARS-CoV2-5UTR-Amplicon-short-trimmed+3,42,c,1417168,2739,0.1933
SARS-CoV2-5UTR-Amplicon-short-trimmed+3,43,t,1417168,1420,0.1002
SARS-CoV2-5UTR-Amplicon-short-trimmed+3,44,g,1417168,1407,0.0993
SARS-CoV2-5UTR-Amplicon-short-trimmed+3,45,t,1417167,1844,0.1301
SARS-CoV2-5UTR-Amplicon-short-trimmed+3,46,c,1417167,2441,0.1722
SARS-CoV2-5UTR-Amplicon-short-trimmed+3,47,a,1417161,1615,0.114
SARS-CoV2-5UTR-Amplicon-short-trimmed+3,48,c,1417161,2946,0.2079
SARS-CoV2-5UTR-Amplicon-short-trimmed+3,49,t,1417162,876,0.0618
SARS-CoV2-5UTR-Amplicon-short-trimmed+3,50,c,1417161,4681,0.3303
SARS-CoV2-5UTR-Amplicon-short-trimmed+3,51,g,1417160,1761,0.1243
SARS-CoV2-5UTR-Amplicon-short-trimmed+3,52,g,1417160,1874,0.1322
SARS-CoV2-5UTR-Amplicon-short-trimmed+3,53,c,1417160,2023,0.1428
SARS-CoV2-5UTR-Amplicon-short-trimmed+3,54,t,1417160,1215,0.0857
SARS-CoV2-5UTR-Amplicon-short-trimmed+3,55,g,1417160,2426,0.1712
SARS-CoV2-5UTR-Amplicon-short-trimmed+3,56,c,1417160,2513,0.1773
SARS-CoV2-5UTR-Amplicon-short-trimmed+3,57,g,1417160,1803,0.1272
SARS-CoV2-5UTR-Amplicon-short-trimmed+3,58,t,1417160,885,0.0624
SARS-CoV2-5UTR-Amplicon-short-trimmed+3,59,g,1417160,1671,0.1179
SARS-CoV2-5UTR-Amplicon-short-trimmed+3,60,c,1417160,2933,0.207
SARS-CoV2-5UTR-Amplicon-short-trimmed+3,61,t,1417160,1361,0.096
SARS-CoV2-5UTR-Amplicon-short-trimmed+3,62,t,1417160,1330,0.0938
SARS-CoV2-5UTR-Amplicon-short-trimmed+3,63,a,1417159,1660,0.1171
SARS-CoV2-5UTR-Amplicon-short-trimmed+3,64,g,1417159,1597,0.1127
SARS-CoV2-5UTR-Amplicon-short-trimmed+3,65,t,1417159,1304,0.092
SARS-CoV2-5UTR-Amplicon-short-trimmed+3,66,g,1417158,2056,0.1451
SARS-CoV2-5UTR-Amplicon-short-trimmed+3,67,c,1417158,2753,0.1943
SARS-CoV2-5UTR-Amplicon-short-trimmed+3,68,a,1417159,1529,0.1079
SARS-CoV2-5UTR-Amplicon-short-trimmed+3,69,c,1417159,3271,0.2308
SARS-CoV2-5UTR-Amplicon-short-trimmed+3,70,t,1417158,1198,0.0845
SARS-CoV2-5UTR-Amplicon-short-trimmed+3,71,c,1417158,972,0.0686
SARS-CoV2-5UTR-Amplicon-short-trimmed+3,72,a,1417157,1214,0.0857
SARS-CoV2-5UTR-Amplicon-short-trimmed+3,73,c,1417157,1943,0.1371
SARS-CoV2-5UTR-Amplicon-short-trimmed+3,74,g,1417157,921,0.065
SARS-CoV2-5UTR-Amplicon-short-trimmed+3,75,c,1417157,2791,0.1969
SARS-CoV2-5UTR-Amplicon-short-trimmed+3,76,a,1417157,1373,0.0969
SARS-CoV2-5UTR-Amplicon-short-trimmed+3,77,g,1417157,1330,0.0938
SARS-CoV2-5UTR-Amplicon-short-trimmed+3,78,t,1417157,1097,0.0774
SARS-CoV2-5UTR-Amplicon-short-trimmed+3,79,a,1417157,1513,0.1068
SARS-CoV2-5UTR-Amplicon-short-trimmed+3,80,t,1417175,971,0.0685
SARS-CoV2-5UTR-Amplicon-short-trimmed+3,81,a,1417175,835,0.0589
SARS-CoV2-5UTR-Amplicon-short-trimmed+3,82,a,1417172,2283,0.1611
SARS-CoV2-5UTR-Amplicon-short-trimmed+3,83,t,1417200,1088,0.0768
SARS-CoV2-5UTR-Amplicon-short-trimmed+3,84,t,1417199,1654,0.1167
SARS-CoV2-5UTR-Amplicon-short-trimmed+3,85,a,1417201,1410,0.0995
SARS-CoV2-5UTR-Amplicon-short-trimmed+3,86,a,1417201,1563,0.1103
SARS-CoV2-5UTR-Amplicon-short-trimmed+3,87,t,1417203,890,0.0628
SARS-CoV2-5UTR-Amplicon-short-trimmed+3,88,a,1417215,1166,0.0823
SARS-CoV2-5UTR-Amplicon-short-trimmed+3,89,a,1417370,4414,0.3114
SARS-CoV2-5UTR-Amplicon-short-trimmed+3,90,c,1417382,3796,0.2678
SARS-CoV2-5UTR-Amplicon-short-trimmed+3,91,t,1417407,1136,0.0801
SARS-CoV2-5UTR-Amplicon-short-trimmed+3,92,a,1417404,1295,0.0914
SARS-CoV2-5UTR-Amplicon-short-trimmed+3,93,a,1417403,1371,0.0967
SARS-CoV2-5UTR-Amplicon-short-trimmed+3,94,t,1417403,772,0.0545
SARS-CoV2-5UTR-Amplicon-short-trimmed+3,95,t,1417401,1154,0.0814
SARS-CoV2-5UTR-Amplicon-short-trimmed+3,96,a,1417399,1010,0.0713
SARS-CoV2-5UTR-Amplicon-short-trimmed+3,97,c,1417398,2797,0.1973
SARS-CoV2-5UTR-Amplicon-short-trimmed+3,98,t,1417398,1048,0.0739
SARS-CoV2-5UTR-Amplicon-short-trimmed+3,99,g,1417397,1610,0.1136
SARS-CoV2-5UTR-Amplicon-short-trimmed+3,100,t,1417397,1459,0.1029
SARS-CoV2-5UTR-Amplicon-short-trimmed+3,101,c,1417398,2764,0.195
SARS-CoV2-5UTR-Amplicon-short-trimmed+3,102,g,1417419,3343,0.2359
SARS-CoV2-5UTR-Amplicon-short-trimmed+3,103,t,1417418,1077,0.076
SARS-CoV2-5UTR-Amplicon-short-trimmed+3,104,t,1417418,1897,0.1338
SARS-CoV2-5UTR-Amplicon-short-trimmed+3,105,g,1417424,811,0.0572
SARS-CoV2-5UTR-Amplicon-short-trimmed+3,106,a,1417461,1007,0.071
SARS-CoV2-5UTR-Amplicon-short-trimmed+3,107,c,1417539,2024,0.1428
SARS-CoV2-5UTR-Amplicon-short-trimmed+3,108,a,1417571,1563,0.1103
SARS-CoV2-5UTR-Amplicon-short-trimmed+3,109,g,1417672,1593,0.1124
SARS-CoV2-5UTR-Amplicon-short-trimmed+3,110,g,1417981,1878,0.1324
SARS-CoV2-5UTR-Amplicon-short-trimmed+3,111,a,1418599,1089,0.0768
SARS-CoV2-5UTR-Amplicon-short-trimmed+3,112,c,1419382,4011,0.2826
SARS-CoV2-5UTR-Amplicon-short-trimmed+3,113,a,1421085,1675,0.1179
SARS-CoV2-5UTR-Amplicon-short-trimmed+3,114,c,1425600,4315,0.3027
SARS-CoV2-5UTR-Amplicon-short-trimmed+3,115,g,1442747,1038,0.0719
SARS-CoV2-5UTR-Amplicon-short-trimmed+3,116,a,1525273,2032,0.1332
SARS-CoV2-5UTR-Amplicon-short-trimmed+3,117,g,1999999,2452,0.1226
SARS-CoV2-5UTR-Amplicon-short-trimmed+3,118,t,1999996,3679,0.184
SARS-CoV2-5UTR-Amplicon-short-trimmed+3,119,a,1999996,3174,0.1587
SARS-CoV2-5UTR-Amplicon-short-trimmed+3,120,a,1999995,2849,0.1425
SARS-CoV2-5UTR-Amplicon-short-trimmed+3,121,c,1999990,6418,0.3209
SARS-CoV2-5UTR-Amplicon-short-trimmed+3,122,t,1999986,3163,0.1582
SARS-CoV2-5UTR-Amplicon-short-trimmed+3,123,c,1999958,6596,0.3298
SARS-CoV2-5UTR-Amplicon-short-trimmed+3,124,g,1999934,4201,0.2101
SARS-CoV2-5UTR-Amplicon-short-trimmed+3,125,t,1999940,3508,0.1754
SARS-CoV2-5UTR-Amplicon-short-trimmed+3,126,c,1999880,7884,0.3942
SARS-CoV2-5UTR-Amplicon-short-trimmed+3,127,t,1999774,1384,0.0692
SARS-CoV2-5UTR-Amplicon-short-trimmed+3,128,a,1999124,3586,0.1794
SARS-CoV2-5UTR-Amplicon-short-trimmed+3,129,t,1998300,6388,0.3197
SARS-CoV2-5UTR-Amplicon-short-trimmed+3,130,c,1997792,7229,0.3618
SARS-CoV2-5UTR-Amplicon-short-trimmed+3,131,t,1997788,2293,0.1148
SARS-CoV2-5UTR-Amplicon-short-trimmed+3,132,t,1986884,2864,0.1441
SARS-CoV2-5UTR-Amplicon-short-trimmed+3,133,c,722786,3271,0.4526
SARS-CoV2-5UTR-Amplicon-short-trimmed+3,134,t,606130,1321,0.2179
SARS-CoV2-5UTR-Amplicon-short-trimmed+3,135,g,590523,1363,0.2308
SARS-CoV2-5UTR-Amplicon-short-trimmed+3,136,c,586624,4147,0.7069
SARS-CoV2-5UTR-Amplicon-short-trimmed+3,137,a,585910,1127,0.1924
SARS-CoV2-5UTR-Amplicon-short-trimmed+3,138,g,585182,630,0.1077
SARS-CoV2-5UTR-Amplicon-short-trimmed+3,139,g,584845,967,0.1653
SARS-CoV2-5UTR-Amplicon-short-trimmed+3,140,c,584559,1190,0.2036
SARS-CoV2-5UTR-Amplicon-short-trimmed+3,141,t,584459,1930,0.3302
SARS-CoV2-5UTR-Amplicon-short-trimmed+3,142,g,584376,1466,0.2509
SARS-CoV2-5UTR-Amplicon-short-trimmed+3,143,c,584341,744,0.1273
SARS-CoV2-5UTR-Amplicon-short-trimmed+3,144,t,584232,604,0.1034
SARS-CoV2-5UTR-Amplicon-short-trimmed+3,145,t,584217,1486,0.2544
SARS-CoV2-5UTR-Amplicon-short-trimmed+3,146,a,584109,1172,0.2006
SARS-CoV2-5UTR-Amplicon-short-trimmed+3,147,c,584098,962,0.1647
SARS-CoV2-5UTR-Amplicon-short-trimmed+3,148,g,584063,926,0.1585
SARS-CoV2-5UTR-Amplicon-short-trimmed+3,149,g,583989,1030,0.1764
SARS-CoV2-5UTR-Amplicon-short-trimmed+3,150,t,583978,1590,0.2723
SARS-CoV2-5UTR-Amplicon-short-trimmed+3,151,t,583989,1355,0.232
SARS-CoV2-5UTR-Amplicon-short-trimmed+3,152,t,583995,2552,0.437
SARS-CoV2-5UTR-Amplicon-short-trimmed+3,153,c,583993,3751,0.6423
SARS-CoV2-5UTR-Amplicon-short-trimmed+3,154,g,584005,915,0.1567
SARS-CoV2-5UTR-Amplicon-short-trimmed+3,155,t,584008,1774,0.3038
SARS-CoV2-5UTR-Amplicon-short-trimmed+3,156,c,584014,878,0.1503
SARS-CoV2-5UTR-Amplicon-short-trimmed+3,157,c,584015,1484,0.2541
SARS-CoV2-5UTR-Amplicon-short-trimmed+3,158,g,583832,702,0.1202
SARS-CoV2-5UTR-Amplicon-short-trimmed+3,159,t,583818,5163,0.8844
SARS-CoV2-5UTR-Amplicon-short-trimmed+3,160,g,583817,740,0.1268
SARS-CoV2-5UTR-Amplicon-short-trimmed+3,161,t,583817,805,0.1379
SARS-CoV2-5UTR-Amplicon-short-trimmed+3,162,t,583823,967,0.1656
SARS-CoV2-5UTR-Amplicon-short-trimmed+3,163,g,583825,360,0.0617
SARS-CoV2-5UTR-Amplicon-short-trimmed+3,164,c,583826,1089,0.1865
SARS-CoV2-5UTR-Amplicon-short-trimmed+3,165,a,583834,761,0.1303
SARS-CoV2-5UTR-Amplicon-short-trimmed+3,166,g,583989,816,0.1397
SARS-CoV2-5UTR-Amplicon-short-trimmed+3,167,c,583991,975,0.167
SARS-CoV2-5UTR-Amplicon-short-trimmed+3,168,c,583992,5464,0.9356
SARS-CoV2-5UTR-Amplicon-short-trimmed+3,169,g,583993,986,0.1688
SARS-CoV2-5UTR-Amplicon-short-trimmed+3,170,a,583998,864,0.1479
SARS-CoV2-5UTR-Amplicon-short-trimmed+3,171,t,584002,839,0.1437
SARS-CoV2-5UTR-Amplicon-short-trimmed+3,172,c,584004,2175,0.3724
SARS-CoV2-5UTR-Amplicon-short-trimmed+3,173,a,584004,818,0.1401
SARS-CoV2-5UTR-Amplicon-short-trimmed+3,174,t,584004,748,0.1281
SARS-CoV2-5UTR-Amplicon-short-trimmed+3,175,c,584004,1916,0.3281
SARS-CoV2-5UTR-Amplicon-short-trimmed+3,176,a,584004,978,0.1675
SARS-CoV2-5UTR-Amplicon-short-trimmed+3,177,g,584004,860,0.1473
SARS-CoV2-5UTR-Amplicon-short-trimmed+3,178,c,584004,6090,1.0428
SARS-CoV2-5UTR-Amplicon-short-trimmed+3,179,a,584005,1100,0.1884
SARS-CoV2-5UTR-Amplicon-short-trimmed+3,180,c,584005,1422,0.2435
SARS-CoV2-5UTR-Amplicon-short-trimmed+3,181,a,584005,678,0.1161
SARS-CoV2-5UTR-Amplicon-short-trimmed+3,182,t,584005,1396,0.239
SARS-CoV2-5UTR-Amplicon-short-trimmed+3,183,c,584007,1691,0.2896
SARS-CoV2-5UTR-Amplicon-short-trimmed+3,184,t,584011,1154,0.1976
SARS-CoV2-5UTR-Amplicon-short-trimmed+3,185,a,584011,1591,0.2724
SARS-CoV2-5UTR-Amplicon-short-trimmed+3,186,g,584011,1110,0.1901
SARS-CoV2-5UTR-Amplicon-short-trimmed+3,187,g,584011,1459,0.2498
SARS-CoV2-5UTR-Amplicon-short-trimmed+3,188,t,584011,1121,0.1919
SARS-CoV2-5UTR-Amplicon-short-trimmed+3,189,t,583970,1107,0.1896
SARS-CoV2-5UTR-Amplicon-short-trimmed+3,190,t,583966,2237,0.3831
SARS-CoV2-5UTR-Amplicon-short-trimmed+3,191,c,583965,3183,0.5451
SARS-CoV2-5UTR-Amplicon-short-trimmed+3,192,g,583965,907,0.1553
SARS-CoV2-5UTR-Amplicon-short-trimmed+3,193,t,583965,4507,0.7718
SARS-CoV2-5UTR-Amplicon-short-trimmed+3,194,c,583965,1247,0.2135
SARS-CoV2-5UTR-Amplicon-short-trimmed+3,195,c,583965,1543,0.2642
SARS-CoV2-5UTR-Amplicon-short-trimmed+3,196,g,583951,1066,0.1825
SARS-CoV2-5UTR-Amplicon-short-trimmed+3,197,g,583950,815,0.1396
SARS-CoV2-5UTR-Amplicon-short-trimmed+3,198,g,583951,2844,0.487
SARS-CoV2-5UTR-Amplicon-short-trimmed+3,199,t,583951,1496,0.2562
SARS-CoV2-5UTR-Amplicon-short-trimmed+3,200,g,583951,845,0.1447
SARS-CoV2-5UTR-Amplicon-short-trimmed+3,201,t,583951,1168,0.2
SARS-CoV2-5UTR-Amplicon-short-trimmed+3,202,g,583951,923,0.1581
SARS-CoV2-5UTR-Amplicon-short-trimmed+3,203,a,583951,1337,0.229
SARS-CoV2-5UTR-Amplicon-short-trimmed+3,204,c,583951,1283,0.2197
SARS-CoV2-5UTR-Amplicon-short-trimmed+3,205,c,583951,1295,0.2218
SARS-CoV2-5UTR-Amplicon-short-trimmed+3,206,g,583951,911,0.156
SARS-CoV2-5UTR-Amplicon-short-trimmed+3,207,a,583951,783,0.1341
SARS-CoV2-5UTR-Amplicon-short-trimmed+3,208,a,583951,443,0.0759
SARS-CoV2-5UTR-Amplicon-short-trimmed+3,209,a,583951,998,0.1709
SARS-CoV2-5UTR-Amplicon-short-trimmed+3,210,g,583951,744,0.1274
SARS-CoV2-5UTR-Amplicon-short-trimmed+3,211,g,583953,953,0.1632
SARS-CoV2-5UTR-Amplicon-short-trimmed+3,212,t,583953,683,0.117
SARS-CoV2-5UTR-Amplicon-short-trimmed+3,213,a,583953,443,0.0759
SARS-CoV2-5UTR-Amplicon-short-trimmed+3,214,a,583953,791,0.1355
SARS-CoV2-5UTR-Amplicon-short-trimmed+3,215,g,583956,460,0.0788
SARS-CoV2-5UTR-Amplicon-short-trimmed+3,216,a,584124,566,0.0969
SARS-CoV2-5UTR-Amplicon-short-trimmed+3,217,t,584119,888,0.152
SARS-CoV2-5UTR-Amplicon-short-trimmed+3,218,g,584118,644,0.1103
SARS-CoV2-5UTR-Amplicon-short-trimmed+3,219,g,584112,904,0.1548
SARS-CoV2-5UTR-Amplicon-short-trimmed+3,220,a,584111,1786,0.3058
SARS-CoV2-5UTR-Amplicon-short-trimmed+3,221,g,584111,1520,0.2602
SARS-CoV2-5UTR-Amplicon-short-trimmed+3,222,a,583951,679,0.1163
SARS-CoV2-5UTR-Amplicon-short-trimmed+3,223,g,583950,778,0.1332
SARS-CoV2-5UTR-Amplicon-short-trimmed+3,224,c,583950,1167,0.1998
SARS-CoV2-5UTR-Amplicon-short-trimmed+3,225,c,583950,1240,0.2123
SARS-CoV2-5UTR-Amplicon-short-trimmed+3,226,t,583949,589,0.1009
SARS-CoV2-5UTR-Amplicon-short-trimmed+3,227,t,583949,4224,0.7234
SARS-CoV2-5UTR-Amplicon-short-trimmed+3,228,g,583949,805,0.1379
SARS-CoV2-5UTR-Amplicon-short-trimmed+3,229,t,583949,1126,0.1928
SARS-CoV2-5UTR-Amplicon-short-trimmed+3,230,c,583922,709,0.1214
SARS-CoV2-5UTR-Amplicon-short-trimmed+3,231,c,583921,633,0.1084
SARS-CoV2-5UTR-Amplicon-short-trimmed+3,232,c,583918,969,0.1659
SARS-CoV2-5UTR-Amplicon-short-trimmed+3,233,t,583807,1388,0.2377
SARS-CoV2-5UTR-Amplicon-short-trimmed+3,234,g,583807,939,0.1608
SARS-CoV2-5UTR-Amplicon-short-trimmed+3,235,g,583804,1008,0.1727
SARS-CoV2-5UTR-Amplicon-short-trimmed+3,236,t,583779,575,0.0985
SARS-CoV2-5UTR-Amplicon-short-trimmed+3,237,t,583777,533,0.0913
SARS-CoV2-5UTR-Amplicon-short-trimmed+3,238,t,583770,910,0.1559
SARS-CoV2-5UTR-Amplicon-short-trimmed+3,239,c,583690,5349,0.9164
SARS-CoV2-5UTR-Amplicon-short-trimmed+3,240,a,583576,424,0.0727
SARS-CoV2-5UTR-Amplicon-short-trimmed+3,241,a,583433,397,0.068
SARS-CoV2-5UTR-Amplicon-short-trimmed+3,242,c,582962,1108,0.1901
SARS-CoV2-5UTR-Amplicon-short-trimmed+3,243,g,582929,388,0.0666
SARS-CoV2-5UTR-Amplicon-short-trimmed+3,244,a,582846,982,0.1685
SARS-CoV2-5UTR-Amplicon-short-trimmed+3,245,g,582399,0,0
SARS-CoV2-5UTR-Amplicon-short-trimmed+3,246,g,581932,0,0
SARS-CoV2-5UTR-Amplicon-short-trimmed+3,247,G,580878,2,3e-04
SARS-CoV2-5UTR-Amplicon-short-trimmed+3,248,A,580159,0,0
SARS-CoV2-5UTR-Amplicon-short-trimmed+3,249,G,579865,0,0
