Region,Position,Ref_base,Depth,Mut_count,Mut_percentage
SARS-CoV2-5UTR-Amplicon-short-trimmed+3,1,T,1378219,0,0
SARS-CoV2-5UTR-Amplicon-short-trimmed+3,2,T,1379219,0,0
SARS-CoV2-5UTR-Amplicon-short-trimmed+3,3,G,1379487,0,0
SARS-CoV2-5UTR-Amplicon-short-trimmed+3,4,t,1382300,0,0
SARS-CoV2-5UTR-Amplicon-short-trimmed+3,5,a,1382634,0,0
SARS-CoV2-5UTR-Amplicon-short-trimmed+3,6,g,1382914,1524,0.1102
SARS-CoV2-5UTR-Amplicon-short-trimmed+3,7,a,1383226,295,0.0213
SARS-CoV2-5UTR-Amplicon-short-trimmed+3,8,t,1383236,444,0.0321
SARS-CoV2-5UTR-Amplicon-short-trimmed+3,9,c,1383253,493,0.0356
SARS-CoV2-5UTR-Amplicon-short-trimmed+3,10,t,1383283,476,0.0344
SARS-CoV2-5UTR-Amplicon-short-trimmed+3,11,g,1383292,10432,0.7541
SARS-CoV2-5UTR-Amplicon-short-trimmed+3,12,t,1383323,481,0.0348
SARS-CoV2-5UTR-Amplicon-short-trimmed+3,13,t,1383335,517,0.0374
SARS-CoV2-5UTR-Amplicon-short-trimmed+3,14,c,1383342,380,0.0275
SARS-CoV2-5UTR-Amplicon-short-trimmed+3,15,t,1383342,545,0.0394
SARS-CoV2-5UTR-Amplicon-short-trimmed+3,16,c,1383351,997,0.0721
SARS-CoV2-5UTR-Amplicon-short-trimmed+3,17,t,1383361,311,0.0225
SARS-CoV2-5UTR-Amplicon-short-trimmed+3,18,a,1383364,627,0.0453
SARS-CoV2-5UTR-Amplicon-short-trimmed+3,19,a,1383371,637,0.046
SARS-CoV2-5UTR-Amplicon-short-trimmed+3,20,a,1383413,494,0.0357
SARS-CoV2-5UTR-Amplicon-short-trimmed+3,21,c,1383414,577,0.0417
SARS-CoV2-5UTR-Amplicon-short-trimmed+3,22,g,1383414,4088,0.2955
SARS-CoV2-5UTR-Amplicon-short-trimmed+3,23,a,1383419,591,0.0427
SARS-CoV2-5UTR-Amplicon-short-trimmed+3,24,a,1383419,484,0.035
SARS-CoV2-5UTR-Amplicon-short-trimmed+3,25,c,1383419,15611,1.1284
SARS-CoV2-5UTR-Amplicon-short-trimmed+3,26,t,1383421,1228,0.0888
SARS-CoV2-5UTR-Amplicon-short-trimmed+3,27,t,1383421,1408,0.1018
SARS-CoV2-5UTR-Amplicon-short-trimmed+3,28,t,1383428,3067,0.2217
SARS-CoV2-5UTR-Amplicon-short-trimmed+3,29,a,1383430,1108,0.0801
SARS-CoV2-5UTR-Amplicon-short-trimmed+3,30,a,1383430,509,0.0368
SARS-CoV2-5UTR-Amplicon-short-trimmed+3,31,a,1383380,472,0.0341
SARS-CoV2-5UTR-Amplicon-short-trimmed+3,32,a,1383380,453,0.0327
SARS-CoV2-5UTR-Amplicon-short-trimmed+3,33,t,1383380,3151,0.2278
SARS-CoV2-5UTR-Amplicon-short-trimmed+3,34,c,1383380,586,0.0424
SARS-CoV2-5UTR-Amplicon-short-trimmed+3,35,t,1383380,580,0.0419
SARS-CoV2-5UTR-Amplicon-short-trimmed+3,36,g,1383380,2435,0.176
SARS-CoV2-5UTR-Amplicon-short-trimmed+3,37,t,1383362,486,0.0351
SARS-CoV2-5UTR-Amplicon-short-trimmed+3,38,g,1383362,920,0.0665
SARS-CoV2-5UTR-Amplicon-short-trimmed+3,39,t,1383362,356,0.0257
SARS-CoV2-5UTR-Amplicon-short-trimmed+3,40,g,1383362,1054,0.0762
SARS-CoV2-5UTR-Amplicon-short-trimmed+3,41,g,1383362,1147,0.0829
SARS-CoV2-5UTR-Amplicon-short-trimmed+3,42,c,1383360,420,0.0304
SARS-CoV2-5UTR-Amplicon-short-trimmed+3,43,t,1383360,1301,0.094
SARS-CoV2-5UTR-Amplicon-short-trimmed+3,44,g,1383361,1279,0.0925
SARS-CoV2-5UTR-Amplicon-short-trimmed+3,45,t,1383360,852,0.0616
SARS-CoV2-5UTR-Amplicon-short-trimmed+3,46,c,1383359,263,0.019
SARS-CoV2-5UTR-Amplicon-short-trimmed+3,47,a,1383341,616,0.0445
SARS-CoV2-5UTR-Amplicon-short-trimmed+3,48,c,1383342,247,0.0179
SARS-CoV2-5UTR-Amplicon-short-trimmed+3,49,t,1383342,383,0.0277
SARS-CoV2-5UTR-Amplicon-short-trimmed+3,50,c,1383339,393,0.0284
SARS-CoV2-5UTR-Amplicon-short-trimmed+3,51,g,1383338,2061,0.149
SARS-CoV2-5UTR-Amplicon-short-trimmed+3,52,g,1383338,2079,0.1503
SARS-CoV2-5UTR-Amplicon-short-trimmed+3,53,c,1383338,2117,0.153
SARS-CoV2-5UTR-Amplicon-short-trimmed+3,54,t,1383338,2301,0.1663
SARS-CoV2-5UTR-Amplicon-short-trimmed+3,55,g,1383338,11893,0.8597
SARS-CoV2-5UTR-Amplicon-short-trimmed+3,56,c,1383338,570,0.0412
SARS-CoV2-5UTR-Amplicon-short-trimmed+3,57,g,1383338,2816,0.2036
SARS-CoV2-5UTR-Amplicon-short-trimmed+3,58,t,1383339,484,0.035
SARS-CoV2-5UTR-Amplicon-short-trimmed+3,59,g,1383339,1510,0.1092
SARS-CoV2-5UTR-Amplicon-short-trimmed+3,60,c,1383339,656,0.0474
SARS-CoV2-5UTR-Amplicon-short-trimmed+3,61,t,1383348,1037,0.075
SARS-CoV2-5UTR-Amplicon-short-trimmed+3,62,t,1383348,1674,0.121
SARS-CoV2-5UTR-Amplicon-short-trimmed+3,63,a,1383347,2024,0.1463
SARS-CoV2-5UTR-Amplicon-short-trimmed+3,64,g,1383347,2317,0.1675
SARS-CoV2-5UTR-Amplicon-short-trimmed+3,65,t,1383347,604,0.0437
SARS-CoV2-5UTR-Amplicon-short-trimmed+3,66,g,1383347,2608,0.1885
SARS-CoV2-5UTR-Amplicon-short-trimmed+3,67,c,1383347,926,0.0669
SARS-CoV2-5UTR-Amplicon-short-trimmed+3,68,a,1383347,778,0.0562
SARS-CoV2-5UTR-Amplicon-short-trimmed+3,69,c,1383331,456,0.033
SARS-CoV2-5UTR-Amplicon-short-trimmed+3,70,t,1383331,642,0.0464
SARS-CoV2-5UTR-Amplicon-short-trimmed+3,71,c,1383331,793,0.0573
SARS-CoV2-5UTR-Amplicon-short-trimmed+3,72,a,1383329,729,0.0527
SARS-CoV2-5UTR-Amplicon-short-trimmed+3,73,c,1383329,403,0.0291
SARS-CoV2-5UTR-Amplicon-short-trimmed+3,74,g,1383329,1951,0.141
SARS-CoV2-5UTR-Amplicon-short-trimmed+3,75,c,1383336,1861,0.1345
SARS-CoV2-5UTR-Amplicon-short-trimmed+3,76,a,1383336,971,0.0702
SARS-CoV2-5UTR-Amplicon-short-trimmed+3,77,g,1383336,1260,0.0911
SARS-CoV2-5UTR-Amplicon-short-trimmed+3,78,t,1383343,732,0.0529
SARS-CoV2-5UTR-Amplicon-short-trimmed+3,79,a,1383342,883,0.0638
SARS-CoV2-5UTR-Amplicon-short-trimmed+3,80,t,1383367,391,0.0283
SARS-CoV2-5UTR-Amplicon-short-trimmed+3,81,a,1383367,586,0.0424
SARS-CoV2-5UTR-Amplicon-short-trimmed+3,82,a,1383367,1225,0.0886
SARS-CoV2-5UTR-Amplicon-short-trimmed+3,83,t,1383388,531,0.0384
SARS-CoV2-5UTR-Amplicon-short-trimmed+3,84,t,1383388,1305,0.0943
SARS-CoV2-5UTR-Amplicon-short-trimmed+3,85,a,1383371,873,0.0631
SARS-CoV2-5UTR-Amplicon-short-trimmed+3,86,a,1383373,712,0.0515
SARS-CoV2-5UTR-Amplicon-short-trimmed+3,87,t,1383369,536,0.0387
SARS-CoV2-5UTR-Amplicon-short-trimmed+3,88,a,1383369,689,0.0498
SARS-CoV2-5UTR-Amplicon-short-trimmed+3,89,a,1383374,3698,0.2673
SARS-CoV2-5UTR-Amplicon-short-trimmed+3,90,c,1383385,710,0.0513
SARS-CoV2-5UTR-Amplicon-short-trimmed+3,91,t,1383401,685,0.0495
SARS-CoV2-5UTR-Amplicon-short-trimmed+3,92,a,1383400,594,0.0429
SARS-CoV2-5UTR-Amplicon-short-trimmed+3,93,a,1383399,597,0.0432
SARS-CoV2-5UTR-Amplicon-short-trimmed+3,94,t,1383398,603,0.0436
SARS-CoV2-5UTR-Amplicon-short-trimmed+3,95,t,1383413,882,0.0638
SARS-CoV2-5UTR-Amplicon-short-trimmed+3,96,a,1383408,501,0.0362
SARS-CoV2-5UTR-Amplicon-short-trimmed+3,97,c,1383408,238,0.0172
SARS-CoV2-5UTR-Amplicon-short-trimmed+3,98,t,1383414,730,0.0528
SARS-CoV2-5UTR-Amplicon-short-trimmed+3,99,g,1383414,3037,0.2195
SARS-CoV2-5UTR-Amplicon-short-trimmed+3,100,t,1383414,778,0.0562
SARS-CoV2-5UTR-Amplicon-short-trimmed+3,101,c,1383414,489,0.0353
SARS-CoV2-5UTR-Amplicon-short-trimmed+3,102,g,1383409,5838,0.422
SARS-CoV2-5UTR-Amplicon-short-trimmed+3,103,t,1383412,583,0.0421
SARS-CoV2-5UTR-Amplicon-short-trimmed+3,104,t,1383420,1100,0.0795
SARS-CoV2-5UTR-Amplicon-short-trimmed+3,105,g,1383426,750,0.0542
SARS-CoV2-5UTR-Amplicon-short-trimmed+3,106,a,1383446,818,0.0591
SARS-CoV2-5UTR-Amplicon-short-trimmed+3,107,c,1383463,917,0.0663
SARS-CoV2-5UTR-Amplicon-short-trimmed+3,108,a,1383492,989,0.0715
SARS-CoV2-5UTR-Amplicon-short-trimmed+3,109,g,1383600,1188,0.0859
SARS-CoV2-5UTR-Amplicon-short-trimmed+3,110,g,1383843,1429,0.1033
SARS-CoV2-5UTR-Amplicon-short-trimmed+3,111,a,1384486,662,0.0478
SARS-CoV2-5UTR-Amplicon-short-trimmed+3,112,c,1385253,730,0.0527
SARS-CoV2-5UTR-Amplicon-short-trimmed+3,113,a,1386858,1433,0.1033
SARS-CoV2-5UTR-Amplicon-short-trimmed+3,114,c,1391945,910,0.0654
SARS-CoV2-5UTR-Amplicon-short-trimmed+3,115,g,1406828,1621,0.1152
SARS-CoV2-5UTR-Amplicon-short-trimmed+3,116,a,1490709,1093,0.0733
SARS-CoV2-5UTR-Amplicon-short-trimmed+3,117,g,1999999,3653,0.1827
SARS-CoV2-5UTR-Amplicon-short-trimmed+3,118,t,1999997,3117,0.1559
SARS-CoV2-5UTR-Amplicon-short-trimmed+3,119,a,1999997,2573,0.1287
SARS-CoV2-5UTR-Amplicon-short-trimmed+3,120,a,1999997,1768,0.0884
SARS-CoV2-5UTR-Amplicon-short-trimmed+3,121,c,1999993,1581,0.0791
SARS-CoV2-5UTR-Amplicon-short-trimmed+3,122,t,1999980,5366,0.2683
SARS-CoV2-5UTR-Amplicon-short-trimmed+3,123,c,1999977,4497,0.2249
SARS-CoV2-5UTR-Amplicon-short-trimmed+3,124,g,1999937,15153,0.7577
SARS-CoV2-5UTR-Amplicon-short-trimmed+3,125,t,1999935,2670,0.1335
SARS-CoV2-5UTR-Amplicon-short-trimmed+3,126,c,1999887,1260,0.063
SARS-CoV2-5UTR-Amplicon-short-trimmed+3,127,t,1999768,937,0.0469
SARS-CoV2-5UTR-Amplicon-short-trimmed+3,128,a,1999305,1903,0.0952
SARS-CoV2-5UTR-Amplicon-short-trimmed+3,129,t,1998535,4027,0.2015
SARS-CoV2-5UTR-Amplicon-short-trimmed+3,130,c,1998525,534,0.0267
SARS-CoV2-5UTR-Amplicon-short-trimmed+3,131,t,1998420,1393,0.0697
SARS-CoV2-5UTR-Amplicon-short-trimmed+3,132,t,1987499,1187,0.0597
SARS-CoV2-5UTR-Amplicon-short-trimmed+3,133,c,763907,829,0.1085
SARS-CoV2-5UTR-Amplicon-short-trimmed+3,134,t,644229,793,0.1231
SARS-CoV2-5UTR-Amplicon-short-trimmed+3,135,g,626623,2108,0.3364
SARS-CoV2-5UTR-Amplicon-short-trimmed+3,136,c,620228,2201,0.3549
SARS-CoV2-5UTR-Amplicon-short-trimmed+3,137,a,619120,667,0.1077
SARS-CoV2-5UTR-Amplicon-short-trimmed+3,138,g,618317,371,0.06
SARS-CoV2-5UTR-Amplicon-short-trimmed+3,139,g,617918,581,0.094
SARS-CoV2-5UTR-Amplicon-short-trimmed+3,140,c,617673,784,0.1269
SARS-CoV2-5UTR-Amplicon-short-trimmed+3,141,t,617531,1397,0.2262
SARS-CoV2-5UTR-Amplicon-short-trimmed+3,142,g,617463,1138,0.1843
SARS-CoV2-5UTR-Amplicon-short-trimmed+3,143,c,617435,463,0.075
SARS-CoV2-5UTR-Amplicon-short-trimmed+3,144,t,617380,308,0.0499
SARS-CoV2-5UTR-Amplicon-short-trimmed+3,145,t,617371,953,0.1544
SARS-CoV2-5UTR-Amplicon-short-trimmed+3,146,a,617322,639,0.1035
SARS-CoV2-5UTR-Amplicon-short-trimmed+3,147,c,617308,578,0.0936
SARS-CoV2-5UTR-Amplicon-short-trimmed+3,148,g,617297,311,0.0504
SARS-CoV2-5UTR-Amplicon-short-trimmed+3,149,g,617286,479,0.0776
SARS-CoV2-5UTR-Amplicon-short-trimmed+3,150,t,617280,517,0.0838
SARS-CoV2-5UTR-Amplicon-short-trimmed+3,151,t,617282,428,0.0693
SARS-CoV2-5UTR-Amplicon-short-trimmed+3,152,t,617282,1297,0.2101
SARS-CoV2-5UTR-Amplicon-short-trimmed+3,153,c,617282,1197,0.1939
SARS-CoV2-5UTR-Amplicon-short-trimmed+3,154,g,617286,1503,0.2435
SARS-CoV2-5UTR-Amplicon-short-trimmed+3,155,t,617289,882,0.1429
SARS-CoV2-5UTR-Amplicon-short-trimmed+3,156,c,617290,690,0.1118
SARS-CoV2-5UTR-Amplicon-short-trimmed+3,157,c,617292,1082,0.1753
SARS-CoV2-5UTR-Amplicon-short-trimmed+3,158,g,617293,452,0.0732
SARS-CoV2-5UTR-Amplicon-short-trimmed+3,159,t,617294,3962,0.6418
SARS-CoV2-5UTR-Amplicon-short-trimmed+3,160,g,617298,1625,0.2632
SARS-CoV2-5UTR-Amplicon-short-trimmed+3,161,t,617303,555,0.0899
SARS-CoV2-5UTR-Amplicon-short-trimmed+3,162,t,617304,807,0.1307
SARS-CoV2-5UTR-Amplicon-short-trimmed+3,163,g,617304,420,0.068
SARS-CoV2-5UTR-Amplicon-short-trimmed+3,164,c,617305,832,0.1348
SARS-CoV2-5UTR-Amplicon-short-trimmed+3,165,a,617317,678,0.1098
SARS-CoV2-5UTR-Amplicon-short-trimmed+3,166,g,617456,827,0.1339
SARS-CoV2-5UTR-Amplicon-short-trimmed+3,167,c,617461,876,0.1419
SARS-CoV2-5UTR-Amplicon-short-trimmed+3,168,c,617463,4464,0.723
SARS-CoV2-5UTR-Amplicon-short-trimmed+3,169,g,617463,737,0.1194
SARS-CoV2-5UTR-Amplicon-short-trimmed+3,170,a,617476,505,0.0818
SARS-CoV2-5UTR-Amplicon-short-trimmed+3,171,t,617478,511,0.0828
SARS-CoV2-5UTR-Amplicon-short-trimmed+3,172,c,617479,361,0.0585
SARS-CoV2-5UTR-Amplicon-short-trimmed+3,173,a,617479,415,0.0672
SARS-CoV2-5UTR-Amplicon-short-trimmed+3,174,t,617479,388,0.0628
SARS-CoV2-5UTR-Amplicon-short-trimmed+3,175,c,617479,591,0.0957
SARS-CoV2-5UTR-Amplicon-short-trimmed+3,176,a,617479,820,0.1328
SARS-CoV2-5UTR-Amplicon-short-trimmed+3,177,g,617479,1495,0.2421
SARS-CoV2-5UTR-Amplicon-short-trimmed+3,178,c,617480,4302,0.6967
SARS-CoV2-5UTR-Amplicon-short-trimmed+3,179,a,617480,541,0.0876
SARS-CoV2-5UTR-Amplicon-short-trimmed+3,180,c,617481,492,0.0797
SARS-CoV2-5UTR-Amplicon-short-trimmed+3,181,a,617481,344,0.0557
SARS-CoV2-5UTR-Amplicon-short-trimmed+3,182,t,617481,366,0.0593
SARS-CoV2-5UTR-Amplicon-short-trimmed+3,183,c,617475,212,0.0343
SARS-CoV2-5UTR-Amplicon-short-trimmed+3,184,t,617474,703,0.1139
SARS-CoV2-5UTR-Amplicon-short-trimmed+3,185,a,617461,1073,0.1738
SARS-CoV2-5UTR-Amplicon-short-trimmed+3,186,g,617459,728,0.1179
SARS-CoV2-5UTR-Amplicon-short-trimmed+3,187,g,617460,895,0.1449
SARS-CoV2-5UTR-Amplicon-short-trimmed+3,188,t,617469,329,0.0533
SARS-CoV2-5UTR-Amplicon-short-trimmed+3,189,t,617451,811,0.1313
SARS-CoV2-5UTR-Amplicon-short-trimmed+3,190,t,617448,1297,0.2101
SARS-CoV2-5UTR-Amplicon-short-trimmed+3,191,c,617448,983,0.1592
SARS-CoV2-5UTR-Amplicon-short-trimmed+3,192,g,617438,1330,0.2154
SARS-CoV2-5UTR-Amplicon-short-trimmed+3,193,t,617438,3405,0.5515
SARS-CoV2-5UTR-Amplicon-short-trimmed+3,194,c,617438,413,0.0669
SARS-CoV2-5UTR-Amplicon-short-trimmed+3,195,c,617437,754,0.1221
SARS-CoV2-5UTR-Amplicon-short-trimmed+3,196,g,617423,716,0.116
SARS-CoV2-5UTR-Amplicon-short-trimmed+3,197,g,617422,573,0.0928
SARS-CoV2-5UTR-Amplicon-short-trimmed+3,198,g,617422,2871,0.465
SARS-CoV2-5UTR-Amplicon-short-trimmed+3,199,t,617422,976,0.1581
SARS-CoV2-5UTR-Amplicon-short-trimmed+3,200,g,617422,578,0.0936
SARS-CoV2-5UTR-Amplicon-short-trimmed+3,201,t,617422,686,0.1111
SARS-CoV2-5UTR-Amplicon-short-trimmed+3,202,g,617422,797,0.1291
SARS-CoV2-5UTR-Amplicon-short-trimmed+3,203,a,617410,971,0.1573
SARS-CoV2-5UTR-Amplicon-short-trimmed+3,204,c,617408,388,0.0628
SARS-CoV2-5UTR-Amplicon-short-trimmed+3,205,c,617408,215,0.0348
SARS-CoV2-5UTR-Amplicon-short-trimmed+3,206,g,617408,1288,0.2086
SARS-CoV2-5UTR-Amplicon-short-trimmed+3,207,a,617396,511,0.0828
SARS-CoV2-5UTR-Amplicon-short-trimmed+3,208,a,617395,245,0.0397
SARS-CoV2-5UTR-Amplicon-short-trimmed+3,209,a,617392,652,0.1056
SARS-CoV2-5UTR-Amplicon-short-trimmed+3,210,g,617391,770,0.1247
SARS-CoV2-5UTR-Amplicon-short-trimmed+3,211,g,617386,1220,0.1976
SARS-CoV2-5UTR-Amplicon-short-trimmed+3,212,t,617386,430,0.0696
SARS-CoV2-5UTR-Amplicon-short-trimmed+3,213,a,617386,293,0.0475
SARS-CoV2-5UTR-Amplicon-short-trimmed+3,214,a,617386,487,0.0789
SARS-CoV2-5UTR-Amplicon-short-trimmed+3,215,g,617386,421,0.0682
SARS-CoV2-5UTR-Amplicon-short-trimmed+3,216,a,617541,262,0.0424
SARS-CoV2-5UTR-Amplicon-short-trimmed+3,217,t,617540,627,0.1015
SARS-CoV2-5UTR-Amplicon-short-trimmed+3,218,g,617540,671,0.1087
SARS-CoV2-5UTR-Amplicon-short-trimmed+3,219,g,617530,655,0.1061
SARS-CoV2-5UTR-Amplicon-short-trimmed+3,220,a,617528,1386,0.2244
SARS-CoV2-5UTR-Amplicon-short-trimmed+3,221,g,617528,1276,0.2066
SARS-CoV2-5UTR-Amplicon-short-trimmed+3,222,a,617368,562,0.091
SARS-CoV2-5UTR-Amplicon-short-trimmed+3,223,g,617368,888,0.1438
SARS-CoV2-5UTR-Amplicon-short-trimmed+3,224,c,617358,295,0.0478
SARS-CoV2-5UTR-Amplicon-short-trimmed+3,225,c,617356,330,0.0535
SARS-CoV2-5UTR-Amplicon-short-trimmed+3,226,t,617356,458,0.0742
SARS-CoV2-5UTR-Amplicon-short-trimmed+3,227,t,617356,3731,0.6044
SARS-CoV2-5UTR-Amplicon-short-trimmed+3,228,g,617356,1238,0.2005
SARS-CoV2-5UTR-Amplicon-short-trimmed+3,229,t,617356,864,0.14
SARS-CoV2-5UTR-Amplicon-short-trimmed+3,230,c,617356,178,0.0288
SARS-CoV2-5UTR-Amplicon-short-trimmed+3,231,c,617356,193,0.0313
SARS-CoV2-5UTR-Amplicon-short-trimmed+3,232,c,617355,444,0.0719
SARS-CoV2-5UTR-Amplicon-short-trimmed+3,233,t,617212,1293,0.2095
SARS-CoV2-5UTR-Amplicon-short-trimmed+3,234,g,617205,1918,0.3108
SARS-CoV2-5UTR-Amplicon-short-trimmed+3,235,g,617205,2659,0.4308
SARS-CoV2-5UTR-Amplicon-short-trimmed+3,236,t,617204,278,0.045
SARS-CoV2-5UTR-Amplicon-short-trimmed+3,237,t,617203,355,0.0575
SARS-CoV2-5UTR-Amplicon-short-trimmed+3,238,t,617192,392,0.0635
SARS-CoV2-5UTR-Amplicon-short-trimmed+3,239,c,617183,4030,0.653
SARS-CoV2-5UTR-Amplicon-short-trimmed+3,240,a,617156,331,0.0536
SARS-CoV2-5UTR-Amplicon-short-trimmed+3,241,a,617138,270,0.0438
SARS-CoV2-5UTR-Amplicon-short-trimmed+3,242,c,617108,417,0.0676
SARS-CoV2-5UTR-Amplicon-short-trimmed+3,243,g,617011,477,0.0773
SARS-CoV2-5UTR-Amplicon-short-trimmed+3,244,a,616900,812,0.1316
SARS-CoV2-5UTR-Amplicon-short-trimmed+3,245,g,616439,0,0
SARS-CoV2-5UTR-Amplicon-short-trimmed+3,246,g,615350,0,0
SARS-CoV2-5UTR-Amplicon-short-trimmed+3,247,G,613170,1,2e-04
SARS-CoV2-5UTR-Amplicon-short-trimmed+3,248,A,612637,0,0
SARS-CoV2-5UTR-Amplicon-short-trimmed+3,249,G,612372,0,0
