Region,Position,Ref_base,Depth,Mut_count,Mut_percentage
SARS-CoV2-5UTR-Amplicon-short-trimmed+3,1,T,1063933,0,0
SARS-CoV2-5UTR-Amplicon-short-trimmed+3,2,T,1064468,0,0
SARS-CoV2-5UTR-Amplicon-short-trimmed+3,3,G,1064702,0,0
SARS-CoV2-5UTR-Amplicon-short-trimmed+3,4,t,1066083,0,0
SARS-CoV2-5UTR-Amplicon-short-trimmed+3,5,a,1066328,0,0
SARS-CoV2-5UTR-Amplicon-short-trimmed+3,6,g,1066551,882,0.0827
SARS-CoV2-5UTR-Amplicon-short-trimmed+3,7,a,1066648,266,0.0249
SARS-CoV2-5UTR-Amplicon-short-trimmed+3,8,t,1066662,335,0.0314
SARS-CoV2-5UTR-Amplicon-short-trimmed+3,9,c,1066679,349,0.0327
SARS-CoV2-5UTR-Amplicon-short-trimmed+3,10,t,1066685,309,0.029
SARS-CoV2-5UTR-Amplicon-short-trimmed+3,11,g,1066692,3082,0.2889
SARS-CoV2-5UTR-Amplicon-short-trimmed+3,12,t,1066716,310,0.0291
SARS-CoV2-5UTR-Amplicon-short-trimmed+3,13,t,1066725,360,0.0337
SARS-CoV2-5UTR-Amplicon-short-trimmed+3,14,c,1066728,330,0.0309
SARS-CoV2-5UTR-Amplicon-short-trimmed+3,15,t,1066733,414,0.0388
SARS-CoV2-5UTR-Amplicon-short-trimmed+3,16,c,1066737,530,0.0497
SARS-CoV2-5UTR-Amplicon-short-trimmed+3,17,t,1066738,246,0.0231
SARS-CoV2-5UTR-Amplicon-short-trimmed+3,18,a,1066741,467,0.0438
SARS-CoV2-5UTR-Amplicon-short-trimmed+3,19,a,1066742,420,0.0394
SARS-CoV2-5UTR-Amplicon-short-trimmed+3,20,a,1066769,323,0.0303
SARS-CoV2-5UTR-Amplicon-short-trimmed+3,21,c,1066771,256,0.024
SARS-CoV2-5UTR-Amplicon-short-trimmed+3,22,g,1066771,1269,0.119
SARS-CoV2-5UTR-Amplicon-short-trimmed+3,23,a,1066772,480,0.045
SARS-CoV2-5UTR-Amplicon-short-trimmed+3,24,a,1066772,288,0.027
SARS-CoV2-5UTR-Amplicon-short-trimmed+3,25,c,1066779,8863,0.8308
SARS-CoV2-5UTR-Amplicon-short-trimmed+3,26,t,1066785,926,0.0868
SARS-CoV2-5UTR-Amplicon-short-trimmed+3,27,t,1066787,843,0.079
SARS-CoV2-5UTR-Amplicon-short-trimmed+3,28,t,1066797,2387,0.2238
SARS-CoV2-5UTR-Amplicon-short-trimmed+3,29,a,1066802,897,0.0841
SARS-CoV2-5UTR-Amplicon-short-trimmed+3,30,a,1066802,398,0.0373
SARS-CoV2-5UTR-Amplicon-short-trimmed+3,31,a,1066787,482,0.0452
SARS-CoV2-5UTR-Amplicon-short-trimmed+3,32,a,1066791,337,0.0316
SARS-CoV2-5UTR-Amplicon-short-trimmed+3,33,t,1066792,2317,0.2172
SARS-CoV2-5UTR-Amplicon-short-trimmed+3,34,c,1066792,428,0.0401
SARS-CoV2-5UTR-Amplicon-short-trimmed+3,35,t,1066792,510,0.0478
SARS-CoV2-5UTR-Amplicon-short-trimmed+3,36,g,1066785,1442,0.1352
SARS-CoV2-5UTR-Amplicon-short-trimmed+3,37,t,1066783,438,0.0411
SARS-CoV2-5UTR-Amplicon-short-trimmed+3,38,g,1066783,1118,0.1048
SARS-CoV2-5UTR-Amplicon-short-trimmed+3,39,t,1066782,325,0.0305
SARS-CoV2-5UTR-Amplicon-short-trimmed+3,40,g,1066781,1206,0.1131
SARS-CoV2-5UTR-Amplicon-short-trimmed+3,41,g,1066780,921,0.0863
SARS-CoV2-5UTR-Amplicon-short-trimmed+3,42,c,1066780,291,0.0273
SARS-CoV2-5UTR-Amplicon-short-trimmed+3,43,t,1066780,840,0.0787
SARS-CoV2-5UTR-Amplicon-short-trimmed+3,44,g,1066780,1393,0.1306
SARS-CoV2-5UTR-Amplicon-short-trimmed+3,45,t,1066779,720,0.0675
SARS-CoV2-5UTR-Amplicon-short-trimmed+3,46,c,1066779,209,0.0196
SARS-CoV2-5UTR-Amplicon-short-trimmed+3,47,a,1066776,576,0.054
SARS-CoV2-5UTR-Amplicon-short-trimmed+3,48,c,1066776,235,0.022
SARS-CoV2-5UTR-Amplicon-short-trimmed+3,49,t,1066776,367,0.0344
SARS-CoV2-5UTR-Amplicon-short-trimmed+3,50,c,1066776,353,0.0331
SARS-CoV2-5UTR-Amplicon-short-trimmed+3,51,g,1066776,1233,0.1156
SARS-CoV2-5UTR-Amplicon-short-trimmed+3,52,g,1066776,1464,0.1372
SARS-CoV2-5UTR-Amplicon-short-trimmed+3,53,c,1066776,884,0.0829
SARS-CoV2-5UTR-Amplicon-short-trimmed+3,54,t,1066776,702,0.0658
SARS-CoV2-5UTR-Amplicon-short-trimmed+3,55,g,1066776,1923,0.1803
SARS-CoV2-5UTR-Amplicon-short-trimmed+3,56,c,1066776,392,0.0367
SARS-CoV2-5UTR-Amplicon-short-trimmed+3,57,g,1066776,1523,0.1428
SARS-CoV2-5UTR-Amplicon-short-trimmed+3,58,t,1066776,396,0.0371
SARS-CoV2-5UTR-Amplicon-short-trimmed+3,59,g,1066776,1292,0.1211
SARS-CoV2-5UTR-Amplicon-short-trimmed+3,60,c,1066775,464,0.0435
SARS-CoV2-5UTR-Amplicon-short-trimmed+3,61,t,1066775,606,0.0568
SARS-CoV2-5UTR-Amplicon-short-trimmed+3,62,t,1066775,759,0.0711
SARS-CoV2-5UTR-Amplicon-short-trimmed+3,63,a,1066773,789,0.074
SARS-CoV2-5UTR-Amplicon-short-trimmed+3,64,g,1066773,926,0.0868
SARS-CoV2-5UTR-Amplicon-short-trimmed+3,65,t,1066773,578,0.0542
SARS-CoV2-5UTR-Amplicon-short-trimmed+3,66,g,1066773,1451,0.136
SARS-CoV2-5UTR-Amplicon-short-trimmed+3,67,c,1066772,690,0.0647
SARS-CoV2-5UTR-Amplicon-short-trimmed+3,68,a,1066772,619,0.058
SARS-CoV2-5UTR-Amplicon-short-trimmed+3,69,c,1066772,383,0.0359
SARS-CoV2-5UTR-Amplicon-short-trimmed+3,70,t,1066771,431,0.0404
SARS-CoV2-5UTR-Amplicon-short-trimmed+3,71,c,1066771,465,0.0436
SARS-CoV2-5UTR-Amplicon-short-trimmed+3,72,a,1066770,644,0.0604
SARS-CoV2-5UTR-Amplicon-short-trimmed+3,73,c,1066770,363,0.034
SARS-CoV2-5UTR-Amplicon-short-trimmed+3,74,g,1066770,997,0.0935
SARS-CoV2-5UTR-Amplicon-short-trimmed+3,75,c,1066771,1461,0.137
SARS-CoV2-5UTR-Amplicon-short-trimmed+3,76,a,1066770,928,0.087
SARS-CoV2-5UTR-Amplicon-short-trimmed+3,77,g,1066770,1262,0.1183
SARS-CoV2-5UTR-Amplicon-short-trimmed+3,78,t,1066770,742,0.0696
SARS-CoV2-5UTR-Amplicon-short-trimmed+3,79,a,1066769,759,0.0711
SARS-CoV2-5UTR-Amplicon-short-trimmed+3,80,t,1066783,305,0.0286
SARS-CoV2-5UTR-Amplicon-short-trimmed+3,81,a,1066770,472,0.0442
SARS-CoV2-5UTR-Amplicon-short-trimmed+3,82,a,1066769,938,0.0879
SARS-CoV2-5UTR-Amplicon-short-trimmed+3,83,t,1066774,451,0.0423
SARS-CoV2-5UTR-Amplicon-short-trimmed+3,84,t,1066773,983,0.0921
SARS-CoV2-5UTR-Amplicon-short-trimmed+3,85,a,1066759,745,0.0698
SARS-CoV2-5UTR-Amplicon-short-trimmed+3,86,a,1066749,542,0.0508
SARS-CoV2-5UTR-Amplicon-short-trimmed+3,87,t,1066749,428,0.0401
SARS-CoV2-5UTR-Amplicon-short-trimmed+3,88,a,1066749,585,0.0548
SARS-CoV2-5UTR-Amplicon-short-trimmed+3,89,a,1066749,2981,0.2794
SARS-CoV2-5UTR-Amplicon-short-trimmed+3,90,c,1066770,529,0.0496
SARS-CoV2-5UTR-Amplicon-short-trimmed+3,91,t,1066769,568,0.0532
SARS-CoV2-5UTR-Amplicon-short-trimmed+3,92,a,1066759,490,0.0459
SARS-CoV2-5UTR-Amplicon-short-trimmed+3,93,a,1066758,527,0.0494
SARS-CoV2-5UTR-Amplicon-short-trimmed+3,94,t,1066758,420,0.0394
SARS-CoV2-5UTR-Amplicon-short-trimmed+3,95,t,1066757,813,0.0762
SARS-CoV2-5UTR-Amplicon-short-trimmed+3,96,a,1066757,525,0.0492
SARS-CoV2-5UTR-Amplicon-short-trimmed+3,97,c,1066755,240,0.0225
SARS-CoV2-5UTR-Amplicon-short-trimmed+3,98,t,1066761,582,0.0546
SARS-CoV2-5UTR-Amplicon-short-trimmed+3,99,g,1066755,1522,0.1427
SARS-CoV2-5UTR-Amplicon-short-trimmed+3,100,t,1066756,682,0.0639
SARS-CoV2-5UTR-Amplicon-short-trimmed+3,101,c,1066758,505,0.0473
SARS-CoV2-5UTR-Amplicon-short-trimmed+3,102,g,1066777,1723,0.1615
SARS-CoV2-5UTR-Amplicon-short-trimmed+3,103,t,1066778,675,0.0633
SARS-CoV2-5UTR-Amplicon-short-trimmed+3,104,t,1066782,931,0.0873
SARS-CoV2-5UTR-Amplicon-short-trimmed+3,105,g,1066760,844,0.0791
SARS-CoV2-5UTR-Amplicon-short-trimmed+3,106,a,1066786,772,0.0724
SARS-CoV2-5UTR-Amplicon-short-trimmed+3,107,c,1066807,628,0.0589
SARS-CoV2-5UTR-Amplicon-short-trimmed+3,108,a,1066837,979,0.0918
SARS-CoV2-5UTR-Amplicon-short-trimmed+3,109,g,1066919,1239,0.1161
SARS-CoV2-5UTR-Amplicon-short-trimmed+3,110,g,1067123,1292,0.1211
SARS-CoV2-5UTR-Amplicon-short-trimmed+3,111,a,1067594,638,0.0598
SARS-CoV2-5UTR-Amplicon-short-trimmed+3,112,c,1068150,481,0.045
SARS-CoV2-5UTR-Amplicon-short-trimmed+3,113,a,1069452,1474,0.1378
SARS-CoV2-5UTR-Amplicon-short-trimmed+3,114,c,1072646,648,0.0604
SARS-CoV2-5UTR-Amplicon-short-trimmed+3,115,g,1083213,1345,0.1242
SARS-CoV2-5UTR-Amplicon-short-trimmed+3,116,a,1144074,937,0.0819
SARS-CoV2-5UTR-Amplicon-short-trimmed+3,117,g,2e+06,2725,0.1363
SARS-CoV2-5UTR-Amplicon-short-trimmed+3,118,t,1999996,3087,0.1544
SARS-CoV2-5UTR-Amplicon-short-trimmed+3,119,a,1999993,4350,0.2175
SARS-CoV2-5UTR-Amplicon-short-trimmed+3,120,a,1999995,3114,0.1557
SARS-CoV2-5UTR-Amplicon-short-trimmed+3,121,c,1999992,2264,0.1132
SARS-CoV2-5UTR-Amplicon-short-trimmed+3,122,t,1999983,3665,0.1833
SARS-CoV2-5UTR-Amplicon-short-trimmed+3,123,c,1999989,2572,0.1286
SARS-CoV2-5UTR-Amplicon-short-trimmed+3,124,g,1999948,3747,0.1874
SARS-CoV2-5UTR-Amplicon-short-trimmed+3,125,t,1999929,3741,0.1871
SARS-CoV2-5UTR-Amplicon-short-trimmed+3,126,c,1999853,2083,0.1042
SARS-CoV2-5UTR-Amplicon-short-trimmed+3,127,t,1999751,1181,0.0591
SARS-CoV2-5UTR-Amplicon-short-trimmed+3,128,a,1999228,3783,0.1892
SARS-CoV2-5UTR-Amplicon-short-trimmed+3,129,t,1998350,7261,0.3633
SARS-CoV2-5UTR-Amplicon-short-trimmed+3,130,c,1998373,907,0.0454
SARS-CoV2-5UTR-Amplicon-short-trimmed+3,131,t,1998309,1889,0.0945
SARS-CoV2-5UTR-Amplicon-short-trimmed+3,132,t,1990213,2030,0.102
SARS-CoV2-5UTR-Amplicon-short-trimmed+3,133,c,1033898,1465,0.1417
SARS-CoV2-5UTR-Amplicon-short-trimmed+3,134,t,947563,1644,0.1735
SARS-CoV2-5UTR-Amplicon-short-trimmed+3,135,g,938216,1646,0.1754
SARS-CoV2-5UTR-Amplicon-short-trimmed+3,136,c,935873,4252,0.4543
SARS-CoV2-5UTR-Amplicon-short-trimmed+3,137,a,935480,1558,0.1665
SARS-CoV2-5UTR-Amplicon-short-trimmed+3,138,g,934900,1347,0.1441
SARS-CoV2-5UTR-Amplicon-short-trimmed+3,139,g,934630,1200,0.1284
SARS-CoV2-5UTR-Amplicon-short-trimmed+3,140,c,934407,1386,0.1483
SARS-CoV2-5UTR-Amplicon-short-trimmed+3,141,t,934292,2803,0.3
SARS-CoV2-5UTR-Amplicon-short-trimmed+3,142,g,934234,2056,0.2201
SARS-CoV2-5UTR-Amplicon-short-trimmed+3,143,c,934203,4177,0.4471
SARS-CoV2-5UTR-Amplicon-short-trimmed+3,144,t,934148,722,0.0773
SARS-CoV2-5UTR-Amplicon-short-trimmed+3,145,t,934135,1963,0.2101
SARS-CoV2-5UTR-Amplicon-short-trimmed+3,146,a,934101,3232,0.346
SARS-CoV2-5UTR-Amplicon-short-trimmed+3,147,c,934093,1121,0.12
SARS-CoV2-5UTR-Amplicon-short-trimmed+3,148,g,934093,763,0.0817
SARS-CoV2-5UTR-Amplicon-short-trimmed+3,149,g,934090,1116,0.1195
SARS-CoV2-5UTR-Amplicon-short-trimmed+3,150,t,934066,1069,0.1144
SARS-CoV2-5UTR-Amplicon-short-trimmed+3,151,t,934067,1108,0.1186
SARS-CoV2-5UTR-Amplicon-short-trimmed+3,152,t,934067,2978,0.3188
SARS-CoV2-5UTR-Amplicon-short-trimmed+3,153,c,934069,1629,0.1744
SARS-CoV2-5UTR-Amplicon-short-trimmed+3,154,g,934071,938,0.1004
SARS-CoV2-5UTR-Amplicon-short-trimmed+3,155,t,934077,2116,0.2265
SARS-CoV2-5UTR-Amplicon-short-trimmed+3,156,c,934078,1249,0.1337
SARS-CoV2-5UTR-Amplicon-short-trimmed+3,157,c,934078,1755,0.1879
SARS-CoV2-5UTR-Amplicon-short-trimmed+3,158,g,934075,758,0.0811
SARS-CoV2-5UTR-Amplicon-short-trimmed+3,159,t,934077,7858,0.8413
SARS-CoV2-5UTR-Amplicon-short-trimmed+3,160,g,934078,1489,0.1594
SARS-CoV2-5UTR-Amplicon-short-trimmed+3,161,t,934081,1020,0.1092
SARS-CoV2-5UTR-Amplicon-short-trimmed+3,162,t,934082,2845,0.3046
SARS-CoV2-5UTR-Amplicon-short-trimmed+3,163,g,934084,1252,0.134
SARS-CoV2-5UTR-Amplicon-short-trimmed+3,164,c,934086,1791,0.1917
SARS-CoV2-5UTR-Amplicon-short-trimmed+3,165,a,934092,1348,0.1443
SARS-CoV2-5UTR-Amplicon-short-trimmed+3,166,g,934159,1445,0.1547
SARS-CoV2-5UTR-Amplicon-short-trimmed+3,167,c,934161,1569,0.168
SARS-CoV2-5UTR-Amplicon-short-trimmed+3,168,c,934161,5934,0.6352
SARS-CoV2-5UTR-Amplicon-short-trimmed+3,169,g,934161,1501,0.1607
SARS-CoV2-5UTR-Amplicon-short-trimmed+3,170,a,934167,1101,0.1179
SARS-CoV2-5UTR-Amplicon-short-trimmed+3,171,t,934169,1064,0.1139
SARS-CoV2-5UTR-Amplicon-short-trimmed+3,172,c,934169,815,0.0872
SARS-CoV2-5UTR-Amplicon-short-trimmed+3,173,a,934179,1056,0.113
SARS-CoV2-5UTR-Amplicon-short-trimmed+3,174,t,934179,843,0.0902
SARS-CoV2-5UTR-Amplicon-short-trimmed+3,175,c,934179,1175,0.1258
SARS-CoV2-5UTR-Amplicon-short-trimmed+3,176,a,934180,1481,0.1585
SARS-CoV2-5UTR-Amplicon-short-trimmed+3,177,g,934180,1338,0.1432
SARS-CoV2-5UTR-Amplicon-short-trimmed+3,178,c,934180,6907,0.7394
SARS-CoV2-5UTR-Amplicon-short-trimmed+3,179,a,934180,1403,0.1502
SARS-CoV2-5UTR-Amplicon-short-trimmed+3,180,c,934181,1035,0.1108
SARS-CoV2-5UTR-Amplicon-short-trimmed+3,181,a,934181,865,0.0926
SARS-CoV2-5UTR-Amplicon-short-trimmed+3,182,t,934181,779,0.0834
SARS-CoV2-5UTR-Amplicon-short-trimmed+3,183,c,934181,518,0.0554
SARS-CoV2-5UTR-Amplicon-short-trimmed+3,184,t,934181,1265,0.1354
SARS-CoV2-5UTR-Amplicon-short-trimmed+3,185,a,934171,1489,0.1594
SARS-CoV2-5UTR-Amplicon-short-trimmed+3,186,g,934171,1382,0.1479
SARS-CoV2-5UTR-Amplicon-short-trimmed+3,187,g,934173,1272,0.1362
SARS-CoV2-5UTR-Amplicon-short-trimmed+3,188,t,934173,741,0.0793
SARS-CoV2-5UTR-Amplicon-short-trimmed+3,189,t,934163,1466,0.1569
SARS-CoV2-5UTR-Amplicon-short-trimmed+3,190,t,934162,2564,0.2745
SARS-CoV2-5UTR-Amplicon-short-trimmed+3,191,c,934161,1261,0.135
SARS-CoV2-5UTR-Amplicon-short-trimmed+3,192,g,934161,1202,0.1287
SARS-CoV2-5UTR-Amplicon-short-trimmed+3,193,t,934161,6551,0.7013
SARS-CoV2-5UTR-Amplicon-short-trimmed+3,194,c,934160,781,0.0836
SARS-CoV2-5UTR-Amplicon-short-trimmed+3,195,c,934160,1192,0.1276
SARS-CoV2-5UTR-Amplicon-short-trimmed+3,196,g,934160,1273,0.1363
SARS-CoV2-5UTR-Amplicon-short-trimmed+3,197,g,934158,1151,0.1232
SARS-CoV2-5UTR-Amplicon-short-trimmed+3,198,g,934158,4349,0.4656
SARS-CoV2-5UTR-Amplicon-short-trimmed+3,199,t,934158,1639,0.1755
SARS-CoV2-5UTR-Amplicon-short-trimmed+3,200,g,934158,2383,0.2551
SARS-CoV2-5UTR-Amplicon-short-trimmed+3,201,t,934158,1724,0.1846
SARS-CoV2-5UTR-Amplicon-short-trimmed+3,202,g,934155,1716,0.1837
SARS-CoV2-5UTR-Amplicon-short-trimmed+3,203,a,934155,1984,0.2124
SARS-CoV2-5UTR-Amplicon-short-trimmed+3,204,c,934155,667,0.0714
SARS-CoV2-5UTR-Amplicon-short-trimmed+3,205,c,934155,440,0.0471
SARS-CoV2-5UTR-Amplicon-short-trimmed+3,206,g,934155,1496,0.1601
SARS-CoV2-5UTR-Amplicon-short-trimmed+3,207,a,934151,921,0.0986
SARS-CoV2-5UTR-Amplicon-short-trimmed+3,208,a,934150,625,0.0669
SARS-CoV2-5UTR-Amplicon-short-trimmed+3,209,a,934148,1073,0.1149
SARS-CoV2-5UTR-Amplicon-short-trimmed+3,210,g,934146,1173,0.1256
SARS-CoV2-5UTR-Amplicon-short-trimmed+3,211,g,934146,1824,0.1953
SARS-CoV2-5UTR-Amplicon-short-trimmed+3,212,t,934144,872,0.0933
SARS-CoV2-5UTR-Amplicon-short-trimmed+3,213,a,934144,684,0.0732
SARS-CoV2-5UTR-Amplicon-short-trimmed+3,214,a,934144,735,0.0787
SARS-CoV2-5UTR-Amplicon-short-trimmed+3,215,g,934145,849,0.0909
SARS-CoV2-5UTR-Amplicon-short-trimmed+3,216,a,934221,547,0.0586
SARS-CoV2-5UTR-Amplicon-short-trimmed+3,217,t,934219,966,0.1034
SARS-CoV2-5UTR-Amplicon-short-trimmed+3,218,g,934218,1089,0.1166
SARS-CoV2-5UTR-Amplicon-short-trimmed+3,219,g,934213,1139,0.1219
SARS-CoV2-5UTR-Amplicon-short-trimmed+3,220,a,934213,1802,0.1929
SARS-CoV2-5UTR-Amplicon-short-trimmed+3,221,g,934209,2162,0.2314
SARS-CoV2-5UTR-Amplicon-short-trimmed+3,222,a,934136,817,0.0875
SARS-CoV2-5UTR-Amplicon-short-trimmed+3,223,g,934136,1421,0.1521
SARS-CoV2-5UTR-Amplicon-short-trimmed+3,224,c,934135,439,0.047
SARS-CoV2-5UTR-Amplicon-short-trimmed+3,225,c,934135,418,0.0447
SARS-CoV2-5UTR-Amplicon-short-trimmed+3,226,t,934135,707,0.0757
SARS-CoV2-5UTR-Amplicon-short-trimmed+3,227,t,934131,4946,0.5295
SARS-CoV2-5UTR-Amplicon-short-trimmed+3,228,g,934130,1117,0.1196
SARS-CoV2-5UTR-Amplicon-short-trimmed+3,229,t,934128,1589,0.1701
SARS-CoV2-5UTR-Amplicon-short-trimmed+3,230,c,934126,2119,0.2268
SARS-CoV2-5UTR-Amplicon-short-trimmed+3,231,c,934125,339,0.0363
SARS-CoV2-5UTR-Amplicon-short-trimmed+3,232,c,934124,531,0.0568
SARS-CoV2-5UTR-Amplicon-short-trimmed+3,233,t,933981,1714,0.1835
SARS-CoV2-5UTR-Amplicon-short-trimmed+3,234,g,933980,1804,0.1932
SARS-CoV2-5UTR-Amplicon-short-trimmed+3,235,g,933979,1432,0.1533
SARS-CoV2-5UTR-Amplicon-short-trimmed+3,236,t,933975,438,0.0469
SARS-CoV2-5UTR-Amplicon-short-trimmed+3,237,t,933972,765,0.0819
SARS-CoV2-5UTR-Amplicon-short-trimmed+3,238,t,933964,802,0.0859
SARS-CoV2-5UTR-Amplicon-short-trimmed+3,239,c,933955,5883,0.6299
SARS-CoV2-5UTR-Amplicon-short-trimmed+3,240,a,933905,715,0.0766
SARS-CoV2-5UTR-Amplicon-short-trimmed+3,241,a,933868,549,0.0588
SARS-CoV2-5UTR-Amplicon-short-trimmed+3,242,c,933805,566,0.0606
SARS-CoV2-5UTR-Amplicon-short-trimmed+3,243,g,933705,932,0.0998
SARS-CoV2-5UTR-Amplicon-short-trimmed+3,244,a,933573,1122,0.1202
SARS-CoV2-5UTR-Amplicon-short-trimmed+3,245,g,932692,0,0
SARS-CoV2-5UTR-Amplicon-short-trimmed+3,246,g,931864,0,0
SARS-CoV2-5UTR-Amplicon-short-trimmed+3,247,G,930585,0,0
SARS-CoV2-5UTR-Amplicon-short-trimmed+3,248,A,929908,0,0
SARS-CoV2-5UTR-Amplicon-short-trimmed+3,249,G,929391,0,0
