Region,Position,Ref_base,Depth,Mut_count,Mut_percentage
SARS-CoV2-5UTR-Amplicon-short-trimmed+3,1,T,1349327,0,0
SARS-CoV2-5UTR-Amplicon-short-trimmed+3,2,T,1350919,0,0
SARS-CoV2-5UTR-Amplicon-short-trimmed+3,3,G,1351733,0,0
SARS-CoV2-5UTR-Amplicon-short-trimmed+3,4,t,1353666,0,0
SARS-CoV2-5UTR-Amplicon-short-trimmed+3,5,a,1354236,1,1e-04
SARS-CoV2-5UTR-Amplicon-short-trimmed+3,6,g,1354837,1251,0.0923
SARS-CoV2-5UTR-Amplicon-short-trimmed+3,7,a,1354968,339,0.025
SARS-CoV2-5UTR-Amplicon-short-trimmed+3,8,t,1354985,715,0.0528
SARS-CoV2-5UTR-Amplicon-short-trimmed+3,9,c,1355015,1620,0.1196
SARS-CoV2-5UTR-Amplicon-short-trimmed+3,10,t,1355667,898,0.0662
SARS-CoV2-5UTR-Amplicon-short-trimmed+3,11,g,1355682,6256,0.4615
SARS-CoV2-5UTR-Amplicon-short-trimmed+3,12,t,1355716,1077,0.0794
SARS-CoV2-5UTR-Amplicon-short-trimmed+3,13,t,1355722,1381,0.1019
SARS-CoV2-5UTR-Amplicon-short-trimmed+3,14,c,1355747,4766,0.3515
SARS-CoV2-5UTR-Amplicon-short-trimmed+3,15,t,1355766,911,0.0672
SARS-CoV2-5UTR-Amplicon-short-trimmed+3,16,c,1355782,5740,0.4234
SARS-CoV2-5UTR-Amplicon-short-trimmed+3,17,t,1355788,1164,0.0859
SARS-CoV2-5UTR-Amplicon-short-trimmed+3,18,a,1355791,947,0.0698
SARS-CoV2-5UTR-Amplicon-short-trimmed+3,19,a,1355799,531,0.0392
SARS-CoV2-5UTR-Amplicon-short-trimmed+3,20,a,1355803,975,0.0719
SARS-CoV2-5UTR-Amplicon-short-trimmed+3,21,c,1355805,4033,0.2975
SARS-CoV2-5UTR-Amplicon-short-trimmed+3,22,g,1355829,1017,0.075
SARS-CoV2-5UTR-Amplicon-short-trimmed+3,23,a,1355830,972,0.0717
SARS-CoV2-5UTR-Amplicon-short-trimmed+3,24,a,1355830,628,0.0463
SARS-CoV2-5UTR-Amplicon-short-trimmed+3,25,c,1355854,15632,1.1529
SARS-CoV2-5UTR-Amplicon-short-trimmed+3,26,t,1355855,1474,0.1087
SARS-CoV2-5UTR-Amplicon-short-trimmed+3,27,t,1355856,2051,0.1513
SARS-CoV2-5UTR-Amplicon-short-trimmed+3,28,t,1355886,3520,0.2596
SARS-CoV2-5UTR-Amplicon-short-trimmed+3,29,a,1355886,1489,0.1098
SARS-CoV2-5UTR-Amplicon-short-trimmed+3,30,a,1355886,635,0.0468
SARS-CoV2-5UTR-Amplicon-short-trimmed+3,31,a,1355849,580,0.0428
SARS-CoV2-5UTR-Amplicon-short-trimmed+3,32,a,1355849,773,0.057
SARS-CoV2-5UTR-Amplicon-short-trimmed+3,33,t,1355850,4581,0.3379
SARS-CoV2-5UTR-Amplicon-short-trimmed+3,34,c,1355850,3835,0.2828
SARS-CoV2-5UTR-Amplicon-short-trimmed+3,35,t,1355850,1173,0.0865
SARS-CoV2-5UTR-Amplicon-short-trimmed+3,36,g,1355850,2473,0.1824
SARS-CoV2-5UTR-Amplicon-short-trimmed+3,37,t,1355851,855,0.0631
SARS-CoV2-5UTR-Amplicon-short-trimmed+3,38,g,1355850,1117,0.0824
SARS-CoV2-5UTR-Amplicon-short-trimmed+3,39,t,1355848,726,0.0535
SARS-CoV2-5UTR-Amplicon-short-trimmed+3,40,g,1355846,1553,0.1145
SARS-CoV2-5UTR-Amplicon-short-trimmed+3,41,g,1355843,1054,0.0777
SARS-CoV2-5UTR-Amplicon-short-trimmed+3,42,c,1355839,3085,0.2275
SARS-CoV2-5UTR-Amplicon-short-trimmed+3,43,t,1355838,1682,0.1241
SARS-CoV2-5UTR-Amplicon-short-trimmed+3,44,g,1355837,1616,0.1192
SARS-CoV2-5UTR-Amplicon-short-trimmed+3,45,t,1355836,1542,0.1137
SARS-CoV2-5UTR-Amplicon-short-trimmed+3,46,c,1355830,2325,0.1715
SARS-CoV2-5UTR-Amplicon-short-trimmed+3,47,a,1355826,1318,0.0972
SARS-CoV2-5UTR-Amplicon-short-trimmed+3,48,c,1355860,3212,0.2369
SARS-CoV2-5UTR-Amplicon-short-trimmed+3,49,t,1355857,880,0.0649
SARS-CoV2-5UTR-Amplicon-short-trimmed+3,50,c,1355852,4565,0.3367
SARS-CoV2-5UTR-Amplicon-short-trimmed+3,51,g,1355851,1988,0.1466
SARS-CoV2-5UTR-Amplicon-short-trimmed+3,52,g,1355851,1918,0.1415
SARS-CoV2-5UTR-Amplicon-short-trimmed+3,53,c,1355851,2680,0.1977
SARS-CoV2-5UTR-Amplicon-short-trimmed+3,54,t,1355849,1283,0.0946
SARS-CoV2-5UTR-Amplicon-short-trimmed+3,55,g,1355849,2892,0.2133
SARS-CoV2-5UTR-Amplicon-short-trimmed+3,56,c,1355849,2571,0.1896
SARS-CoV2-5UTR-Amplicon-short-trimmed+3,57,g,1355849,2532,0.1867
SARS-CoV2-5UTR-Amplicon-short-trimmed+3,58,t,1355849,938,0.0692
SARS-CoV2-5UTR-Amplicon-short-trimmed+3,59,g,1355850,1961,0.1446
SARS-CoV2-5UTR-Amplicon-short-trimmed+3,60,c,1355850,3243,0.2392
SARS-CoV2-5UTR-Amplicon-short-trimmed+3,61,t,1355850,1830,0.135
SARS-CoV2-5UTR-Amplicon-short-trimmed+3,62,t,1355850,1876,0.1384
SARS-CoV2-5UTR-Amplicon-short-trimmed+3,63,a,1355850,1914,0.1412
SARS-CoV2-5UTR-Amplicon-short-trimmed+3,64,g,1355850,1865,0.1376
SARS-CoV2-5UTR-Amplicon-short-trimmed+3,65,t,1355850,1478,0.109
SARS-CoV2-5UTR-Amplicon-short-trimmed+3,66,g,1355850,2124,0.1567
SARS-CoV2-5UTR-Amplicon-short-trimmed+3,67,c,1355850,2877,0.2122
SARS-CoV2-5UTR-Amplicon-short-trimmed+3,68,a,1355850,1671,0.1232
SARS-CoV2-5UTR-Amplicon-short-trimmed+3,69,c,1355870,4295,0.3168
SARS-CoV2-5UTR-Amplicon-short-trimmed+3,70,t,1355871,977,0.0721
SARS-CoV2-5UTR-Amplicon-short-trimmed+3,71,c,1355871,1121,0.0827
SARS-CoV2-5UTR-Amplicon-short-trimmed+3,72,a,1355871,986,0.0727
SARS-CoV2-5UTR-Amplicon-short-trimmed+3,73,c,1355871,1992,0.1469
SARS-CoV2-5UTR-Amplicon-short-trimmed+3,74,g,1355871,844,0.0622
SARS-CoV2-5UTR-Amplicon-short-trimmed+3,75,c,1355871,2895,0.2135
SARS-CoV2-5UTR-Amplicon-short-trimmed+3,76,a,1355871,1069,0.0788
SARS-CoV2-5UTR-Amplicon-short-trimmed+3,77,g,1355871,1327,0.0979
SARS-CoV2-5UTR-Amplicon-short-trimmed+3,78,t,1355870,887,0.0654
SARS-CoV2-5UTR-Amplicon-short-trimmed+3,79,a,1355802,1522,0.1123
SARS-CoV2-5UTR-Amplicon-short-trimmed+3,80,t,1355801,1002,0.0739
SARS-CoV2-5UTR-Amplicon-short-trimmed+3,81,a,1355798,946,0.0698
SARS-CoV2-5UTR-Amplicon-short-trimmed+3,82,a,1355796,2242,0.1654
SARS-CoV2-5UTR-Amplicon-short-trimmed+3,83,t,1355789,1072,0.0791
SARS-CoV2-5UTR-Amplicon-short-trimmed+3,84,t,1355789,1824,0.1345
SARS-CoV2-5UTR-Amplicon-short-trimmed+3,85,a,1355721,1133,0.0836
SARS-CoV2-5UTR-Amplicon-short-trimmed+3,86,a,1355721,1280,0.0944
SARS-CoV2-5UTR-Amplicon-short-trimmed+3,87,t,1355721,790,0.0583
SARS-CoV2-5UTR-Amplicon-short-trimmed+3,88,a,1355723,965,0.0712
SARS-CoV2-5UTR-Amplicon-short-trimmed+3,89,a,1355783,4317,0.3184
SARS-CoV2-5UTR-Amplicon-short-trimmed+3,90,c,1355783,4357,0.3214
SARS-CoV2-5UTR-Amplicon-short-trimmed+3,91,t,1355783,1011,0.0746
SARS-CoV2-5UTR-Amplicon-short-trimmed+3,92,a,1355783,935,0.069
SARS-CoV2-5UTR-Amplicon-short-trimmed+3,93,a,1355782,1305,0.0963
SARS-CoV2-5UTR-Amplicon-short-trimmed+3,94,t,1355781,866,0.0639
SARS-CoV2-5UTR-Amplicon-short-trimmed+3,95,t,1355780,1048,0.0773
SARS-CoV2-5UTR-Amplicon-short-trimmed+3,96,a,1355779,939,0.0693
SARS-CoV2-5UTR-Amplicon-short-trimmed+3,97,c,1355779,2550,0.1881
SARS-CoV2-5UTR-Amplicon-short-trimmed+3,98,t,1355779,991,0.0731
SARS-CoV2-5UTR-Amplicon-short-trimmed+3,99,g,1355779,1843,0.1359
SARS-CoV2-5UTR-Amplicon-short-trimmed+3,100,t,1355674,1401,0.1033
SARS-CoV2-5UTR-Amplicon-short-trimmed+3,101,c,1355676,2955,0.218
SARS-CoV2-5UTR-Amplicon-short-trimmed+3,102,g,1355695,3221,0.2376
SARS-CoV2-5UTR-Amplicon-short-trimmed+3,103,t,1355697,1051,0.0775
SARS-CoV2-5UTR-Amplicon-short-trimmed+3,104,t,1355702,1553,0.1146
SARS-CoV2-5UTR-Amplicon-short-trimmed+3,105,g,1355654,874,0.0645
SARS-CoV2-5UTR-Amplicon-short-trimmed+3,106,a,1355685,1100,0.0811
SARS-CoV2-5UTR-Amplicon-short-trimmed+3,107,c,1355725,2833,0.209
SARS-CoV2-5UTR-Amplicon-short-trimmed+3,108,a,1355755,1264,0.0932
SARS-CoV2-5UTR-Amplicon-short-trimmed+3,109,g,1355883,1268,0.0935
SARS-CoV2-5UTR-Amplicon-short-trimmed+3,110,g,1356135,2049,0.1511
SARS-CoV2-5UTR-Amplicon-short-trimmed+3,111,a,1356680,1036,0.0764
SARS-CoV2-5UTR-Amplicon-short-trimmed+3,112,c,1357508,4140,0.305
SARS-CoV2-5UTR-Amplicon-short-trimmed+3,113,a,1359416,1645,0.121
SARS-CoV2-5UTR-Amplicon-short-trimmed+3,114,c,1364063,4272,0.3132
SARS-CoV2-5UTR-Amplicon-short-trimmed+3,115,g,1381479,1366,0.0989
SARS-CoV2-5UTR-Amplicon-short-trimmed+3,116,a,1463195,1786,0.1221
SARS-CoV2-5UTR-Amplicon-short-trimmed+3,117,g,1999998,2902,0.1451
SARS-CoV2-5UTR-Amplicon-short-trimmed+3,118,t,1999997,3542,0.1771
SARS-CoV2-5UTR-Amplicon-short-trimmed+3,119,a,1999991,3286,0.1643
SARS-CoV2-5UTR-Amplicon-short-trimmed+3,120,a,1999996,2735,0.1368
SARS-CoV2-5UTR-Amplicon-short-trimmed+3,121,c,1999984,7011,0.3506
SARS-CoV2-5UTR-Amplicon-short-trimmed+3,122,t,1999984,3389,0.1695
SARS-CoV2-5UTR-Amplicon-short-trimmed+3,123,c,1999982,7271,0.3636
SARS-CoV2-5UTR-Amplicon-short-trimmed+3,124,g,1999940,4497,0.2249
SARS-CoV2-5UTR-Amplicon-short-trimmed+3,125,t,1999942,3704,0.1852
SARS-CoV2-5UTR-Amplicon-short-trimmed+3,126,c,1999878,7712,0.3856
SARS-CoV2-5UTR-Amplicon-short-trimmed+3,127,t,1999761,1455,0.0728
SARS-CoV2-5UTR-Amplicon-short-trimmed+3,128,a,1998958,3318,0.166
SARS-CoV2-5UTR-Amplicon-short-trimmed+3,129,t,1998163,5959,0.2982
SARS-CoV2-5UTR-Amplicon-short-trimmed+3,130,c,1997540,6914,0.3461
SARS-CoV2-5UTR-Amplicon-short-trimmed+3,131,t,1997522,2172,0.1087
SARS-CoV2-5UTR-Amplicon-short-trimmed+3,132,t,1987149,2771,0.1394
SARS-CoV2-5UTR-Amplicon-short-trimmed+3,133,c,780684,3752,0.4806
SARS-CoV2-5UTR-Amplicon-short-trimmed+3,134,t,667953,1109,0.166
SARS-CoV2-5UTR-Amplicon-short-trimmed+3,135,g,652237,1353,0.2074
SARS-CoV2-5UTR-Amplicon-short-trimmed+3,136,c,648131,4483,0.6917
SARS-CoV2-5UTR-Amplicon-short-trimmed+3,137,a,647402,1116,0.1724
SARS-CoV2-5UTR-Amplicon-short-trimmed+3,138,g,646702,573,0.0886
SARS-CoV2-5UTR-Amplicon-short-trimmed+3,139,g,646341,779,0.1205
SARS-CoV2-5UTR-Amplicon-short-trimmed+3,140,c,646089,1002,0.1551
SARS-CoV2-5UTR-Amplicon-short-trimmed+3,141,t,645945,1876,0.2904
SARS-CoV2-5UTR-Amplicon-short-trimmed+3,142,g,645871,1466,0.227
SARS-CoV2-5UTR-Amplicon-short-trimmed+3,143,c,645851,603,0.0934
SARS-CoV2-5UTR-Amplicon-short-trimmed+3,144,t,645716,564,0.0873
SARS-CoV2-5UTR-Amplicon-short-trimmed+3,145,t,645675,1281,0.1984
SARS-CoV2-5UTR-Amplicon-short-trimmed+3,146,a,645648,873,0.1352
SARS-CoV2-5UTR-Amplicon-short-trimmed+3,147,c,645621,766,0.1186
SARS-CoV2-5UTR-Amplicon-short-trimmed+3,148,g,645621,559,0.0866
SARS-CoV2-5UTR-Amplicon-short-trimmed+3,149,g,645561,746,0.1156
SARS-CoV2-5UTR-Amplicon-short-trimmed+3,150,t,645555,1206,0.1868
SARS-CoV2-5UTR-Amplicon-short-trimmed+3,151,t,645542,781,0.121
SARS-CoV2-5UTR-Amplicon-short-trimmed+3,152,t,645545,2500,0.3873
SARS-CoV2-5UTR-Amplicon-short-trimmed+3,153,c,645543,4104,0.6357
SARS-CoV2-5UTR-Amplicon-short-trimmed+3,154,g,645554,933,0.1445
SARS-CoV2-5UTR-Amplicon-short-trimmed+3,155,t,645533,1285,0.1991
SARS-CoV2-5UTR-Amplicon-short-trimmed+3,156,c,645533,955,0.1479
SARS-CoV2-5UTR-Amplicon-short-trimmed+3,157,c,645534,1217,0.1885
SARS-CoV2-5UTR-Amplicon-short-trimmed+3,158,g,645334,598,0.0927
SARS-CoV2-5UTR-Amplicon-short-trimmed+3,159,t,645316,4768,0.7389
SARS-CoV2-5UTR-Amplicon-short-trimmed+3,160,g,645313,966,0.1497
SARS-CoV2-5UTR-Amplicon-short-trimmed+3,161,t,645313,914,0.1416
SARS-CoV2-5UTR-Amplicon-short-trimmed+3,162,t,645314,921,0.1427
SARS-CoV2-5UTR-Amplicon-short-trimmed+3,163,g,645315,355,0.055
SARS-CoV2-5UTR-Amplicon-short-trimmed+3,164,c,645318,1067,0.1653
SARS-CoV2-5UTR-Amplicon-short-trimmed+3,165,a,645331,728,0.1128
SARS-CoV2-5UTR-Amplicon-short-trimmed+3,166,g,645502,755,0.117
SARS-CoV2-5UTR-Amplicon-short-trimmed+3,167,c,645508,1076,0.1667
SARS-CoV2-5UTR-Amplicon-short-trimmed+3,168,c,645508,5036,0.7802
SARS-CoV2-5UTR-Amplicon-short-trimmed+3,169,g,645508,813,0.1259
SARS-CoV2-5UTR-Amplicon-short-trimmed+3,170,a,645509,855,0.1325
SARS-CoV2-5UTR-Amplicon-short-trimmed+3,171,t,645509,768,0.119
SARS-CoV2-5UTR-Amplicon-short-trimmed+3,172,c,645511,2462,0.3814
SARS-CoV2-5UTR-Amplicon-short-trimmed+3,173,a,645512,817,0.1266
SARS-CoV2-5UTR-Amplicon-short-trimmed+3,174,t,645513,753,0.1167
SARS-CoV2-5UTR-Amplicon-short-trimmed+3,175,c,645514,2279,0.3531
SARS-CoV2-5UTR-Amplicon-short-trimmed+3,176,a,645514,1103,0.1709
SARS-CoV2-5UTR-Amplicon-short-trimmed+3,177,g,645514,1030,0.1596
SARS-CoV2-5UTR-Amplicon-short-trimmed+3,178,c,645514,5900,0.914
SARS-CoV2-5UTR-Amplicon-short-trimmed+3,179,a,645514,1122,0.1738
SARS-CoV2-5UTR-Amplicon-short-trimmed+3,180,c,645515,1607,0.2489
SARS-CoV2-5UTR-Amplicon-short-trimmed+3,181,a,645516,573,0.0888
SARS-CoV2-5UTR-Amplicon-short-trimmed+3,182,t,645516,1555,0.2409
SARS-CoV2-5UTR-Amplicon-short-trimmed+3,183,c,645516,1930,0.299
SARS-CoV2-5UTR-Amplicon-short-trimmed+3,184,t,645516,1040,0.1611
SARS-CoV2-5UTR-Amplicon-short-trimmed+3,185,a,645516,1687,0.2613
SARS-CoV2-5UTR-Amplicon-short-trimmed+3,186,g,645517,1043,0.1616
SARS-CoV2-5UTR-Amplicon-short-trimmed+3,187,g,645517,1436,0.2225
SARS-CoV2-5UTR-Amplicon-short-trimmed+3,188,t,645520,745,0.1154
SARS-CoV2-5UTR-Amplicon-short-trimmed+3,189,t,645484,1238,0.1918
SARS-CoV2-5UTR-Amplicon-short-trimmed+3,190,t,645481,2004,0.3105
SARS-CoV2-5UTR-Amplicon-short-trimmed+3,191,c,645481,3144,0.4871
SARS-CoV2-5UTR-Amplicon-short-trimmed+3,192,g,645460,945,0.1464
SARS-CoV2-5UTR-Amplicon-short-trimmed+3,193,t,645460,4365,0.6763
SARS-CoV2-5UTR-Amplicon-short-trimmed+3,194,c,645460,1665,0.258
SARS-CoV2-5UTR-Amplicon-short-trimmed+3,195,c,645460,1797,0.2784
SARS-CoV2-5UTR-Amplicon-short-trimmed+3,196,g,645460,1059,0.1641
SARS-CoV2-5UTR-Amplicon-short-trimmed+3,197,g,645461,832,0.1289
SARS-CoV2-5UTR-Amplicon-short-trimmed+3,198,g,645461,3018,0.4676
SARS-CoV2-5UTR-Amplicon-short-trimmed+3,199,t,645461,1831,0.2837
SARS-CoV2-5UTR-Amplicon-short-trimmed+3,200,g,645461,875,0.1356
SARS-CoV2-5UTR-Amplicon-short-trimmed+3,201,t,645461,1001,0.1551
SARS-CoV2-5UTR-Amplicon-short-trimmed+3,202,g,645461,969,0.1501
SARS-CoV2-5UTR-Amplicon-short-trimmed+3,203,a,645461,1171,0.1814
SARS-CoV2-5UTR-Amplicon-short-trimmed+3,204,c,645461,1437,0.2226
SARS-CoV2-5UTR-Amplicon-short-trimmed+3,205,c,645500,1670,0.2587
SARS-CoV2-5UTR-Amplicon-short-trimmed+3,206,g,645499,789,0.1222
SARS-CoV2-5UTR-Amplicon-short-trimmed+3,207,a,645499,691,0.107
SARS-CoV2-5UTR-Amplicon-short-trimmed+3,208,a,645499,311,0.0482
SARS-CoV2-5UTR-Amplicon-short-trimmed+3,209,a,645499,781,0.121
SARS-CoV2-5UTR-Amplicon-short-trimmed+3,210,g,645499,755,0.117
SARS-CoV2-5UTR-Amplicon-short-trimmed+3,211,g,645499,1146,0.1775
SARS-CoV2-5UTR-Amplicon-short-trimmed+3,212,t,645544,609,0.0943
SARS-CoV2-5UTR-Amplicon-short-trimmed+3,213,a,645544,493,0.0764
SARS-CoV2-5UTR-Amplicon-short-trimmed+3,214,a,645544,822,0.1273
SARS-CoV2-5UTR-Amplicon-short-trimmed+3,215,g,645544,523,0.081
SARS-CoV2-5UTR-Amplicon-short-trimmed+3,216,a,645727,658,0.1019
SARS-CoV2-5UTR-Amplicon-short-trimmed+3,217,t,645725,876,0.1357
SARS-CoV2-5UTR-Amplicon-short-trimmed+3,218,g,645725,788,0.122
SARS-CoV2-5UTR-Amplicon-short-trimmed+3,219,g,645717,906,0.1403
SARS-CoV2-5UTR-Amplicon-short-trimmed+3,220,a,645715,1868,0.2893
SARS-CoV2-5UTR-Amplicon-short-trimmed+3,221,g,645715,1339,0.2074
SARS-CoV2-5UTR-Amplicon-short-trimmed+3,222,a,645533,668,0.1035
SARS-CoV2-5UTR-Amplicon-short-trimmed+3,223,g,645533,687,0.1064
SARS-CoV2-5UTR-Amplicon-short-trimmed+3,224,c,645533,1193,0.1848
SARS-CoV2-5UTR-Amplicon-short-trimmed+3,225,c,645533,1186,0.1837
SARS-CoV2-5UTR-Amplicon-short-trimmed+3,226,t,645532,571,0.0885
SARS-CoV2-5UTR-Amplicon-short-trimmed+3,227,t,645530,3734,0.5784
SARS-CoV2-5UTR-Amplicon-short-trimmed+3,228,g,645528,1020,0.158
SARS-CoV2-5UTR-Amplicon-short-trimmed+3,229,t,645527,1178,0.1825
SARS-CoV2-5UTR-Amplicon-short-trimmed+3,230,c,645525,783,0.1213
SARS-CoV2-5UTR-Amplicon-short-trimmed+3,231,c,645523,606,0.0939
SARS-CoV2-5UTR-Amplicon-short-trimmed+3,232,c,645521,1085,0.1681
SARS-CoV2-5UTR-Amplicon-short-trimmed+3,233,t,645299,1296,0.2008
SARS-CoV2-5UTR-Amplicon-short-trimmed+3,234,g,645284,1141,0.1768
SARS-CoV2-5UTR-Amplicon-short-trimmed+3,235,g,645283,1002,0.1553
SARS-CoV2-5UTR-Amplicon-short-trimmed+3,236,t,645277,608,0.0942
SARS-CoV2-5UTR-Amplicon-short-trimmed+3,237,t,645201,451,0.0699
SARS-CoV2-5UTR-Amplicon-short-trimmed+3,238,t,645134,931,0.1443
SARS-CoV2-5UTR-Amplicon-short-trimmed+3,239,c,645040,6293,0.9756
SARS-CoV2-5UTR-Amplicon-short-trimmed+3,240,a,644981,402,0.0623
SARS-CoV2-5UTR-Amplicon-short-trimmed+3,241,a,644784,536,0.0831
SARS-CoV2-5UTR-Amplicon-short-trimmed+3,242,c,643847,1228,0.1907
SARS-CoV2-5UTR-Amplicon-short-trimmed+3,243,g,643803,515,0.08
SARS-CoV2-5UTR-Amplicon-short-trimmed+3,244,a,643616,1118,0.1737
SARS-CoV2-5UTR-Amplicon-short-trimmed+3,245,g,643161,0,0
SARS-CoV2-5UTR-Amplicon-short-trimmed+3,246,g,642689,0,0
SARS-CoV2-5UTR-Amplicon-short-trimmed+3,247,G,641521,0,0
SARS-CoV2-5UTR-Amplicon-short-trimmed+3,248,A,640730,0,0
SARS-CoV2-5UTR-Amplicon-short-trimmed+3,249,G,640473,0,0
