Region,Position,Ref_base,Depth,Mut_count,Mut_percentage
SARS-CoV2-5UTR-Amplicon-short-trimmed+3,1,T,986432,0,0
SARS-CoV2-5UTR-Amplicon-short-trimmed+3,2,T,987324,0,0
SARS-CoV2-5UTR-Amplicon-short-trimmed+3,3,G,988117,0,0
SARS-CoV2-5UTR-Amplicon-short-trimmed+3,4,t,989057,0,0
SARS-CoV2-5UTR-Amplicon-short-trimmed+3,5,a,989576,0,0
SARS-CoV2-5UTR-Amplicon-short-trimmed+3,6,g,989973,610,0.0616
SARS-CoV2-5UTR-Amplicon-short-trimmed+3,7,a,990093,362,0.0366
SARS-CoV2-5UTR-Amplicon-short-trimmed+3,8,t,990102,481,0.0486
SARS-CoV2-5UTR-Amplicon-short-trimmed+3,9,c,990117,1109,0.112
SARS-CoV2-5UTR-Amplicon-short-trimmed+3,10,t,990334,739,0.0746
SARS-CoV2-5UTR-Amplicon-short-trimmed+3,11,g,990340,2321,0.2344
SARS-CoV2-5UTR-Amplicon-short-trimmed+3,12,t,990380,705,0.0712
SARS-CoV2-5UTR-Amplicon-short-trimmed+3,13,t,990394,1043,0.1053
SARS-CoV2-5UTR-Amplicon-short-trimmed+3,14,c,990419,3643,0.3678
SARS-CoV2-5UTR-Amplicon-short-trimmed+3,15,t,990448,1157,0.1168
SARS-CoV2-5UTR-Amplicon-short-trimmed+3,16,c,990452,3513,0.3547
SARS-CoV2-5UTR-Amplicon-short-trimmed+3,17,t,990452,1052,0.1062
SARS-CoV2-5UTR-Amplicon-short-trimmed+3,18,a,990453,841,0.0849
SARS-CoV2-5UTR-Amplicon-short-trimmed+3,19,a,990455,460,0.0464
SARS-CoV2-5UTR-Amplicon-short-trimmed+3,20,a,990478,926,0.0935
SARS-CoV2-5UTR-Amplicon-short-trimmed+3,21,c,990479,3163,0.3193
SARS-CoV2-5UTR-Amplicon-short-trimmed+3,22,g,990523,891,0.09
SARS-CoV2-5UTR-Amplicon-short-trimmed+3,23,a,990523,805,0.0813
SARS-CoV2-5UTR-Amplicon-short-trimmed+3,24,a,990525,463,0.0467
SARS-CoV2-5UTR-Amplicon-short-trimmed+3,25,c,990534,15512,1.566
SARS-CoV2-5UTR-Amplicon-short-trimmed+3,26,t,990534,1197,0.1208
SARS-CoV2-5UTR-Amplicon-short-trimmed+3,27,t,990548,1083,0.1093
SARS-CoV2-5UTR-Amplicon-short-trimmed+3,28,t,990565,2799,0.2826
SARS-CoV2-5UTR-Amplicon-short-trimmed+3,29,a,990565,1253,0.1265
SARS-CoV2-5UTR-Amplicon-short-trimmed+3,30,a,990565,591,0.0597
SARS-CoV2-5UTR-Amplicon-short-trimmed+3,31,a,990534,608,0.0614
SARS-CoV2-5UTR-Amplicon-short-trimmed+3,32,a,990534,796,0.0804
SARS-CoV2-5UTR-Amplicon-short-trimmed+3,33,t,990553,3483,0.3516
SARS-CoV2-5UTR-Amplicon-short-trimmed+3,34,c,990553,2651,0.2676
SARS-CoV2-5UTR-Amplicon-short-trimmed+3,35,t,990529,902,0.0911
SARS-CoV2-5UTR-Amplicon-short-trimmed+3,36,g,990529,1706,0.1722
SARS-CoV2-5UTR-Amplicon-short-trimmed+3,37,t,990528,693,0.07
SARS-CoV2-5UTR-Amplicon-short-trimmed+3,38,g,990528,752,0.0759
SARS-CoV2-5UTR-Amplicon-short-trimmed+3,39,t,990528,767,0.0774
SARS-CoV2-5UTR-Amplicon-short-trimmed+3,40,g,990528,1098,0.1108
SARS-CoV2-5UTR-Amplicon-short-trimmed+3,41,g,990528,687,0.0694
SARS-CoV2-5UTR-Amplicon-short-trimmed+3,42,c,990528,1926,0.1944
SARS-CoV2-5UTR-Amplicon-short-trimmed+3,43,t,990528,969,0.0978
SARS-CoV2-5UTR-Amplicon-short-trimmed+3,44,g,990528,947,0.0956
SARS-CoV2-5UTR-Amplicon-short-trimmed+3,45,t,990528,1338,0.1351
SARS-CoV2-5UTR-Amplicon-short-trimmed+3,46,c,990529,1711,0.1727
SARS-CoV2-5UTR-Amplicon-short-trimmed+3,47,a,990527,1216,0.1228
SARS-CoV2-5UTR-Amplicon-short-trimmed+3,48,c,990527,2187,0.2208
SARS-CoV2-5UTR-Amplicon-short-trimmed+3,49,t,990527,633,0.0639
SARS-CoV2-5UTR-Amplicon-short-trimmed+3,50,c,990527,2892,0.292
SARS-CoV2-5UTR-Amplicon-short-trimmed+3,51,g,990527,1355,0.1368
SARS-CoV2-5UTR-Amplicon-short-trimmed+3,52,g,990527,1585,0.16
SARS-CoV2-5UTR-Amplicon-short-trimmed+3,53,c,990527,1169,0.118
SARS-CoV2-5UTR-Amplicon-short-trimmed+3,54,t,990526,955,0.0964
SARS-CoV2-5UTR-Amplicon-short-trimmed+3,55,g,990526,1352,0.1365
SARS-CoV2-5UTR-Amplicon-short-trimmed+3,56,c,990527,2191,0.2212
SARS-CoV2-5UTR-Amplicon-short-trimmed+3,57,g,990526,1090,0.11
SARS-CoV2-5UTR-Amplicon-short-trimmed+3,58,t,990526,791,0.0799
SARS-CoV2-5UTR-Amplicon-short-trimmed+3,59,g,990526,970,0.0979
SARS-CoV2-5UTR-Amplicon-short-trimmed+3,60,c,990526,2515,0.2539
SARS-CoV2-5UTR-Amplicon-short-trimmed+3,61,t,990526,1107,0.1118
SARS-CoV2-5UTR-Amplicon-short-trimmed+3,62,t,990526,1035,0.1045
SARS-CoV2-5UTR-Amplicon-short-trimmed+3,63,a,990550,1397,0.141
SARS-CoV2-5UTR-Amplicon-short-trimmed+3,64,g,990550,1001,0.1011
SARS-CoV2-5UTR-Amplicon-short-trimmed+3,65,t,990550,965,0.0974
SARS-CoV2-5UTR-Amplicon-short-trimmed+3,66,g,990550,1314,0.1327
SARS-CoV2-5UTR-Amplicon-short-trimmed+3,67,c,990550,2004,0.2023
SARS-CoV2-5UTR-Amplicon-short-trimmed+3,68,a,990551,1329,0.1342
SARS-CoV2-5UTR-Amplicon-short-trimmed+3,69,c,990551,2443,0.2466
SARS-CoV2-5UTR-Amplicon-short-trimmed+3,70,t,990552,617,0.0623
SARS-CoV2-5UTR-Amplicon-short-trimmed+3,71,c,990554,582,0.0588
SARS-CoV2-5UTR-Amplicon-short-trimmed+3,72,a,990554,1008,0.1018
SARS-CoV2-5UTR-Amplicon-short-trimmed+3,73,c,990554,1238,0.125
SARS-CoV2-5UTR-Amplicon-short-trimmed+3,74,g,990554,692,0.0699
SARS-CoV2-5UTR-Amplicon-short-trimmed+3,75,c,990554,1945,0.1964
SARS-CoV2-5UTR-Amplicon-short-trimmed+3,76,a,990554,874,0.0882
SARS-CoV2-5UTR-Amplicon-short-trimmed+3,77,g,990554,939,0.0948
SARS-CoV2-5UTR-Amplicon-short-trimmed+3,78,t,990553,590,0.0596
SARS-CoV2-5UTR-Amplicon-short-trimmed+3,79,a,990552,1371,0.1384
SARS-CoV2-5UTR-Amplicon-short-trimmed+3,80,t,990564,514,0.0519
SARS-CoV2-5UTR-Amplicon-short-trimmed+3,81,a,990517,582,0.0588
SARS-CoV2-5UTR-Amplicon-short-trimmed+3,82,a,990483,1580,0.1595
SARS-CoV2-5UTR-Amplicon-short-trimmed+3,83,t,990505,800,0.0808
SARS-CoV2-5UTR-Amplicon-short-trimmed+3,84,t,990505,1141,0.1152
SARS-CoV2-5UTR-Amplicon-short-trimmed+3,85,a,990504,927,0.0936
SARS-CoV2-5UTR-Amplicon-short-trimmed+3,86,a,990504,1116,0.1127
SARS-CoV2-5UTR-Amplicon-short-trimmed+3,87,t,990532,731,0.0738
SARS-CoV2-5UTR-Amplicon-short-trimmed+3,88,a,990556,622,0.0628
SARS-CoV2-5UTR-Amplicon-short-trimmed+3,89,a,990621,3448,0.3481
SARS-CoV2-5UTR-Amplicon-short-trimmed+3,90,c,990623,3354,0.3386
SARS-CoV2-5UTR-Amplicon-short-trimmed+3,91,t,990652,999,0.1008
SARS-CoV2-5UTR-Amplicon-short-trimmed+3,92,a,990665,942,0.0951
SARS-CoV2-5UTR-Amplicon-short-trimmed+3,93,a,990665,1261,0.1273
SARS-CoV2-5UTR-Amplicon-short-trimmed+3,94,t,990702,915,0.0924
SARS-CoV2-5UTR-Amplicon-short-trimmed+3,95,t,990702,809,0.0817
SARS-CoV2-5UTR-Amplicon-short-trimmed+3,96,a,990701,1003,0.1012
SARS-CoV2-5UTR-Amplicon-short-trimmed+3,97,c,990701,2092,0.2112
SARS-CoV2-5UTR-Amplicon-short-trimmed+3,98,t,990701,742,0.0749
SARS-CoV2-5UTR-Amplicon-short-trimmed+3,99,g,990699,1104,0.1114
SARS-CoV2-5UTR-Amplicon-short-trimmed+3,100,t,990699,863,0.0871
SARS-CoV2-5UTR-Amplicon-short-trimmed+3,101,c,990698,2160,0.218
SARS-CoV2-5UTR-Amplicon-short-trimmed+3,102,g,990678,1804,0.1821
SARS-CoV2-5UTR-Amplicon-short-trimmed+3,103,t,990682,742,0.0749
SARS-CoV2-5UTR-Amplicon-short-trimmed+3,104,t,990685,1261,0.1273
SARS-CoV2-5UTR-Amplicon-short-trimmed+3,105,g,990695,781,0.0788
SARS-CoV2-5UTR-Amplicon-short-trimmed+3,106,a,990766,777,0.0784
SARS-CoV2-5UTR-Amplicon-short-trimmed+3,107,c,990836,1704,0.172
SARS-CoV2-5UTR-Amplicon-short-trimmed+3,108,a,990905,862,0.087
SARS-CoV2-5UTR-Amplicon-short-trimmed+3,109,g,991017,851,0.0859
SARS-CoV2-5UTR-Amplicon-short-trimmed+3,110,g,991197,1491,0.1504
SARS-CoV2-5UTR-Amplicon-short-trimmed+3,111,a,991700,922,0.093
SARS-CoV2-5UTR-Amplicon-short-trimmed+3,112,c,992269,3371,0.3397
SARS-CoV2-5UTR-Amplicon-short-trimmed+3,113,a,993518,1256,0.1264
SARS-CoV2-5UTR-Amplicon-short-trimmed+3,114,c,996866,2951,0.296
SARS-CoV2-5UTR-Amplicon-short-trimmed+3,115,g,1009527,1111,0.1101
SARS-CoV2-5UTR-Amplicon-short-trimmed+3,116,a,1068064,1409,0.1319
SARS-CoV2-5UTR-Amplicon-short-trimmed+3,117,g,1972916,2678,0.1357
SARS-CoV2-5UTR-Amplicon-short-trimmed+3,118,t,1977852,3730,0.1886
SARS-CoV2-5UTR-Amplicon-short-trimmed+3,119,a,1977939,4565,0.2308
SARS-CoV2-5UTR-Amplicon-short-trimmed+3,120,a,1978191,4704,0.2378
SARS-CoV2-5UTR-Amplicon-short-trimmed+3,121,c,1980336,6857,0.3463
SARS-CoV2-5UTR-Amplicon-short-trimmed+3,122,t,1981379,3715,0.1875
SARS-CoV2-5UTR-Amplicon-short-trimmed+3,123,c,1982013,7933,0.4002
SARS-CoV2-5UTR-Amplicon-short-trimmed+3,124,g,1982328,3569,0.18
SARS-CoV2-5UTR-Amplicon-short-trimmed+3,125,t,1983188,4858,0.245
SARS-CoV2-5UTR-Amplicon-short-trimmed+3,126,c,1983276,8051,0.4059
SARS-CoV2-5UTR-Amplicon-short-trimmed+3,127,t,1983310,1505,0.0759
SARS-CoV2-5UTR-Amplicon-short-trimmed+3,128,a,1983059,4840,0.2441
SARS-CoV2-5UTR-Amplicon-short-trimmed+3,129,t,1982842,9154,0.4617
SARS-CoV2-5UTR-Amplicon-short-trimmed+3,130,c,1982633,7319,0.3692
SARS-CoV2-5UTR-Amplicon-short-trimmed+3,131,t,1982608,2405,0.1213
SARS-CoV2-5UTR-Amplicon-short-trimmed+3,132,t,1974391,3554,0.18
SARS-CoV2-5UTR-Amplicon-short-trimmed+3,133,c,1090705,4954,0.4542
SARS-CoV2-5UTR-Amplicon-short-trimmed+3,134,t,1008162,2111,0.2094
SARS-CoV2-5UTR-Amplicon-short-trimmed+3,135,g,998241,1965,0.1968
SARS-CoV2-5UTR-Amplicon-short-trimmed+3,136,c,995637,8263,0.8299
SARS-CoV2-5UTR-Amplicon-short-trimmed+3,137,a,995272,2134,0.2144
SARS-CoV2-5UTR-Amplicon-short-trimmed+3,138,g,994782,1139,0.1145
SARS-CoV2-5UTR-Amplicon-short-trimmed+3,139,g,994474,1360,0.1368
SARS-CoV2-5UTR-Amplicon-short-trimmed+3,140,c,994199,1819,0.183
SARS-CoV2-5UTR-Amplicon-short-trimmed+3,141,t,994104,3187,0.3206
SARS-CoV2-5UTR-Amplicon-short-trimmed+3,142,g,994036,2452,0.2467
SARS-CoV2-5UTR-Amplicon-short-trimmed+3,143,c,993994,5008,0.5038
SARS-CoV2-5UTR-Amplicon-short-trimmed+3,144,t,993895,961,0.0967
SARS-CoV2-5UTR-Amplicon-short-trimmed+3,145,t,993875,2429,0.2444
SARS-CoV2-5UTR-Amplicon-short-trimmed+3,146,a,993838,4540,0.4568
SARS-CoV2-5UTR-Amplicon-short-trimmed+3,147,c,993839,1736,0.1747
SARS-CoV2-5UTR-Amplicon-short-trimmed+3,148,g,993841,1335,0.1343
SARS-CoV2-5UTR-Amplicon-short-trimmed+3,149,g,993780,1517,0.1526
SARS-CoV2-5UTR-Amplicon-short-trimmed+3,150,t,993776,1871,0.1883
SARS-CoV2-5UTR-Amplicon-short-trimmed+3,151,t,993783,1852,0.1864
SARS-CoV2-5UTR-Amplicon-short-trimmed+3,152,t,993760,4557,0.4586
SARS-CoV2-5UTR-Amplicon-short-trimmed+3,153,c,993758,6412,0.6452
SARS-CoV2-5UTR-Amplicon-short-trimmed+3,154,g,993761,1559,0.1569
SARS-CoV2-5UTR-Amplicon-short-trimmed+3,155,t,993765,2827,0.2845
SARS-CoV2-5UTR-Amplicon-short-trimmed+3,156,c,993767,1667,0.1677
SARS-CoV2-5UTR-Amplicon-short-trimmed+3,157,c,993767,2340,0.2355
SARS-CoV2-5UTR-Amplicon-short-trimmed+3,158,g,993651,1073,0.108
SARS-CoV2-5UTR-Amplicon-short-trimmed+3,159,t,993632,9021,0.9079
SARS-CoV2-5UTR-Amplicon-short-trimmed+3,160,g,993634,1230,0.1238
SARS-CoV2-5UTR-Amplicon-short-trimmed+3,161,t,993633,1441,0.145
SARS-CoV2-5UTR-Amplicon-short-trimmed+3,162,t,993617,4164,0.4191
SARS-CoV2-5UTR-Amplicon-short-trimmed+3,163,g,993617,822,0.0827
SARS-CoV2-5UTR-Amplicon-short-trimmed+3,164,c,993619,2207,0.2221
SARS-CoV2-5UTR-Amplicon-short-trimmed+3,165,a,993605,1460,0.1469
SARS-CoV2-5UTR-Amplicon-short-trimmed+3,166,g,993652,1732,0.1743
SARS-CoV2-5UTR-Amplicon-short-trimmed+3,167,c,993657,2089,0.2102
SARS-CoV2-5UTR-Amplicon-short-trimmed+3,168,c,993657,8082,0.8134
SARS-CoV2-5UTR-Amplicon-short-trimmed+3,169,g,993658,1591,0.1601
SARS-CoV2-5UTR-Amplicon-short-trimmed+3,170,a,993660,1672,0.1683
SARS-CoV2-5UTR-Amplicon-short-trimmed+3,171,t,993662,1516,0.1526
SARS-CoV2-5UTR-Amplicon-short-trimmed+3,172,c,993663,4633,0.4663
SARS-CoV2-5UTR-Amplicon-short-trimmed+3,173,a,993664,1672,0.1683
SARS-CoV2-5UTR-Amplicon-short-trimmed+3,174,t,993664,1508,0.1518
SARS-CoV2-5UTR-Amplicon-short-trimmed+3,175,c,993665,3681,0.3704
SARS-CoV2-5UTR-Amplicon-short-trimmed+3,176,a,993665,1787,0.1798
SARS-CoV2-5UTR-Amplicon-short-trimmed+3,177,g,993667,1365,0.1374
SARS-CoV2-5UTR-Amplicon-short-trimmed+3,178,c,993667,9168,0.9226
SARS-CoV2-5UTR-Amplicon-short-trimmed+3,179,a,993667,1957,0.1969
SARS-CoV2-5UTR-Amplicon-short-trimmed+3,180,c,993668,2316,0.2331
SARS-CoV2-5UTR-Amplicon-short-trimmed+3,181,a,993668,1251,0.1259
SARS-CoV2-5UTR-Amplicon-short-trimmed+3,182,t,993669,1913,0.1925
SARS-CoV2-5UTR-Amplicon-short-trimmed+3,183,c,993669,2432,0.2447
SARS-CoV2-5UTR-Amplicon-short-trimmed+3,184,t,993670,1926,0.1938
SARS-CoV2-5UTR-Amplicon-short-trimmed+3,185,a,993659,2584,0.26
SARS-CoV2-5UTR-Amplicon-short-trimmed+3,186,g,993659,1457,0.1466
SARS-CoV2-5UTR-Amplicon-short-trimmed+3,187,g,993661,1574,0.1584
SARS-CoV2-5UTR-Amplicon-short-trimmed+3,188,t,993662,4831,0.4862
SARS-CoV2-5UTR-Amplicon-short-trimmed+3,189,t,993662,2184,0.2198
SARS-CoV2-5UTR-Amplicon-short-trimmed+3,190,t,993645,3653,0.3676
SARS-CoV2-5UTR-Amplicon-short-trimmed+3,191,c,993641,5342,0.5376
SARS-CoV2-5UTR-Amplicon-short-trimmed+3,192,g,993617,1214,0.1222
SARS-CoV2-5UTR-Amplicon-short-trimmed+3,193,t,993615,8255,0.8308
SARS-CoV2-5UTR-Amplicon-short-trimmed+3,194,c,993615,1821,0.1833
SARS-CoV2-5UTR-Amplicon-short-trimmed+3,195,c,993615,2579,0.2596
SARS-CoV2-5UTR-Amplicon-short-trimmed+3,196,g,993578,1381,0.139
SARS-CoV2-5UTR-Amplicon-short-trimmed+3,197,g,993576,1106,0.1113
SARS-CoV2-5UTR-Amplicon-short-trimmed+3,198,g,993576,4890,0.4922
SARS-CoV2-5UTR-Amplicon-short-trimmed+3,199,t,993576,2350,0.2365
SARS-CoV2-5UTR-Amplicon-short-trimmed+3,200,g,993576,2068,0.2081
SARS-CoV2-5UTR-Amplicon-short-trimmed+3,201,t,993576,4057,0.4083
SARS-CoV2-5UTR-Amplicon-short-trimmed+3,202,g,993576,1496,0.1506
SARS-CoV2-5UTR-Amplicon-short-trimmed+3,203,a,993576,2557,0.2574
SARS-CoV2-5UTR-Amplicon-short-trimmed+3,204,c,993576,2531,0.2547
SARS-CoV2-5UTR-Amplicon-short-trimmed+3,205,c,993576,2787,0.2805
SARS-CoV2-5UTR-Amplicon-short-trimmed+3,206,g,993576,1298,0.1306
SARS-CoV2-5UTR-Amplicon-short-trimmed+3,207,a,993576,1265,0.1273
SARS-CoV2-5UTR-Amplicon-short-trimmed+3,208,a,993576,786,0.0791
SARS-CoV2-5UTR-Amplicon-short-trimmed+3,209,a,993576,1313,0.1321
SARS-CoV2-5UTR-Amplicon-short-trimmed+3,210,g,993576,1162,0.117
SARS-CoV2-5UTR-Amplicon-short-trimmed+3,211,g,993576,1972,0.1985
SARS-CoV2-5UTR-Amplicon-short-trimmed+3,212,t,993576,1336,0.1345
SARS-CoV2-5UTR-Amplicon-short-trimmed+3,213,a,993576,1132,0.1139
SARS-CoV2-5UTR-Amplicon-short-trimmed+3,214,a,993576,1441,0.145
SARS-CoV2-5UTR-Amplicon-short-trimmed+3,215,g,993576,833,0.0838
SARS-CoV2-5UTR-Amplicon-short-trimmed+3,216,a,993625,1116,0.1123
SARS-CoV2-5UTR-Amplicon-short-trimmed+3,217,t,993623,1639,0.165
SARS-CoV2-5UTR-Amplicon-short-trimmed+3,218,g,993623,1224,0.1232
SARS-CoV2-5UTR-Amplicon-short-trimmed+3,219,g,993620,1267,0.1275
SARS-CoV2-5UTR-Amplicon-short-trimmed+3,220,a,993619,2479,0.2495
SARS-CoV2-5UTR-Amplicon-short-trimmed+3,221,g,993617,1950,0.1963
SARS-CoV2-5UTR-Amplicon-short-trimmed+3,222,a,993553,1141,0.1148
SARS-CoV2-5UTR-Amplicon-short-trimmed+3,223,g,993553,1317,0.1326
SARS-CoV2-5UTR-Amplicon-short-trimmed+3,224,c,993536,1905,0.1917
SARS-CoV2-5UTR-Amplicon-short-trimmed+3,225,c,993534,1881,0.1893
SARS-CoV2-5UTR-Amplicon-short-trimmed+3,226,t,993534,958,0.0964
SARS-CoV2-5UTR-Amplicon-short-trimmed+3,227,t,993534,5961,0.6
SARS-CoV2-5UTR-Amplicon-short-trimmed+3,228,g,993520,1022,0.1029
SARS-CoV2-5UTR-Amplicon-short-trimmed+3,229,t,993518,2078,0.2092
SARS-CoV2-5UTR-Amplicon-short-trimmed+3,230,c,993501,3288,0.331
SARS-CoV2-5UTR-Amplicon-short-trimmed+3,231,c,993500,1215,0.1223
SARS-CoV2-5UTR-Amplicon-short-trimmed+3,232,c,993489,1429,0.1438
SARS-CoV2-5UTR-Amplicon-short-trimmed+3,233,t,993429,1949,0.1962
SARS-CoV2-5UTR-Amplicon-short-trimmed+3,234,g,993428,1128,0.1135
SARS-CoV2-5UTR-Amplicon-short-trimmed+3,235,g,993420,1094,0.1101
SARS-CoV2-5UTR-Amplicon-short-trimmed+3,236,t,993414,1027,0.1034
SARS-CoV2-5UTR-Amplicon-short-trimmed+3,237,t,993406,1225,0.1233
SARS-CoV2-5UTR-Amplicon-short-trimmed+3,238,t,993325,1696,0.1707
SARS-CoV2-5UTR-Amplicon-short-trimmed+3,239,c,993056,9414,0.948
SARS-CoV2-5UTR-Amplicon-short-trimmed+3,240,a,993004,1016,0.1023
SARS-CoV2-5UTR-Amplicon-short-trimmed+3,241,a,992874,1150,0.1158
SARS-CoV2-5UTR-Amplicon-short-trimmed+3,242,c,992354,2144,0.2161
SARS-CoV2-5UTR-Amplicon-short-trimmed+3,243,g,992288,698,0.0703
SARS-CoV2-5UTR-Amplicon-short-trimmed+3,244,a,992107,1687,0.17
SARS-CoV2-5UTR-Amplicon-short-trimmed+3,245,g,991041,0,0
SARS-CoV2-5UTR-Amplicon-short-trimmed+3,246,g,989814,1,1e-04
SARS-CoV2-5UTR-Amplicon-short-trimmed+3,247,G,988298,0,0
SARS-CoV2-5UTR-Amplicon-short-trimmed+3,248,A,987155,0,0
SARS-CoV2-5UTR-Amplicon-short-trimmed+3,249,G,986675,0,0
