Region,Position,Ref_base,Depth,Mut_count,Mut_percentage
SARS-CoV2-5UTR-Amplicon-short-trimmed+3,1,T,1046353,0,0
SARS-CoV2-5UTR-Amplicon-short-trimmed+3,2,T,1046923,0,0
SARS-CoV2-5UTR-Amplicon-short-trimmed+3,3,G,1047106,0,0
SARS-CoV2-5UTR-Amplicon-short-trimmed+3,4,t,1050387,0,0
SARS-CoV2-5UTR-Amplicon-short-trimmed+3,5,a,1050619,0,0
SARS-CoV2-5UTR-Amplicon-short-trimmed+3,6,g,1050888,1835,0.1746
SARS-CoV2-5UTR-Amplicon-short-trimmed+3,7,a,1051222,249,0.0237
SARS-CoV2-5UTR-Amplicon-short-trimmed+3,8,t,1051238,308,0.0293
SARS-CoV2-5UTR-Amplicon-short-trimmed+3,9,c,1051245,307,0.0292
SARS-CoV2-5UTR-Amplicon-short-trimmed+3,10,t,1051247,376,0.0358
SARS-CoV2-5UTR-Amplicon-short-trimmed+3,11,g,1051250,6920,0.6583
SARS-CoV2-5UTR-Amplicon-short-trimmed+3,12,t,1051288,402,0.0382
SARS-CoV2-5UTR-Amplicon-short-trimmed+3,13,t,1051295,393,0.0374
SARS-CoV2-5UTR-Amplicon-short-trimmed+3,14,c,1051299,247,0.0235
SARS-CoV2-5UTR-Amplicon-short-trimmed+3,15,t,1051308,427,0.0406
SARS-CoV2-5UTR-Amplicon-short-trimmed+3,16,c,1051311,373,0.0355
SARS-CoV2-5UTR-Amplicon-short-trimmed+3,17,t,1051313,224,0.0213
SARS-CoV2-5UTR-Amplicon-short-trimmed+3,18,a,1051313,500,0.0476
SARS-CoV2-5UTR-Amplicon-short-trimmed+3,19,a,1051315,467,0.0444
SARS-CoV2-5UTR-Amplicon-short-trimmed+3,20,a,1051384,383,0.0364
SARS-CoV2-5UTR-Amplicon-short-trimmed+3,21,c,1051385,343,0.0326
SARS-CoV2-5UTR-Amplicon-short-trimmed+3,22,g,1051386,3262,0.3103
SARS-CoV2-5UTR-Amplicon-short-trimmed+3,23,a,1051386,459,0.0437
SARS-CoV2-5UTR-Amplicon-short-trimmed+3,24,a,1051386,351,0.0334
SARS-CoV2-5UTR-Amplicon-short-trimmed+3,25,c,1051386,16980,1.615
SARS-CoV2-5UTR-Amplicon-short-trimmed+3,26,t,1051386,908,0.0864
SARS-CoV2-5UTR-Amplicon-short-trimmed+3,27,t,1051387,703,0.0669
SARS-CoV2-5UTR-Amplicon-short-trimmed+3,28,t,1051401,2240,0.213
SARS-CoV2-5UTR-Amplicon-short-trimmed+3,29,a,1051401,847,0.0806
SARS-CoV2-5UTR-Amplicon-short-trimmed+3,30,a,1051401,442,0.042
SARS-CoV2-5UTR-Amplicon-short-trimmed+3,31,a,1051352,416,0.0396
SARS-CoV2-5UTR-Amplicon-short-trimmed+3,32,a,1051352,339,0.0322
SARS-CoV2-5UTR-Amplicon-short-trimmed+3,33,t,1051360,2368,0.2252
SARS-CoV2-5UTR-Amplicon-short-trimmed+3,34,c,1051361,356,0.0339
SARS-CoV2-5UTR-Amplicon-short-trimmed+3,35,t,1051362,865,0.0823
SARS-CoV2-5UTR-Amplicon-short-trimmed+3,36,g,1051362,4548,0.4326
SARS-CoV2-5UTR-Amplicon-short-trimmed+3,37,t,1051361,433,0.0412
SARS-CoV2-5UTR-Amplicon-short-trimmed+3,38,g,1051361,2987,0.2841
SARS-CoV2-5UTR-Amplicon-short-trimmed+3,39,t,1051361,359,0.0341
SARS-CoV2-5UTR-Amplicon-short-trimmed+3,40,g,1051361,2782,0.2646
SARS-CoV2-5UTR-Amplicon-short-trimmed+3,41,g,1051362,2056,0.1956
SARS-CoV2-5UTR-Amplicon-short-trimmed+3,42,c,1051370,284,0.027
SARS-CoV2-5UTR-Amplicon-short-trimmed+3,43,t,1051369,979,0.0931
SARS-CoV2-5UTR-Amplicon-short-trimmed+3,44,g,1051369,2903,0.2761
SARS-CoV2-5UTR-Amplicon-short-trimmed+3,45,t,1051369,681,0.0648
SARS-CoV2-5UTR-Amplicon-short-trimmed+3,46,c,1051368,189,0.018
SARS-CoV2-5UTR-Amplicon-short-trimmed+3,47,a,1051366,592,0.0563
SARS-CoV2-5UTR-Amplicon-short-trimmed+3,48,c,1051366,246,0.0234
SARS-CoV2-5UTR-Amplicon-short-trimmed+3,49,t,1051366,452,0.043
SARS-CoV2-5UTR-Amplicon-short-trimmed+3,50,c,1051364,602,0.0573
SARS-CoV2-5UTR-Amplicon-short-trimmed+3,51,g,1051363,3962,0.3768
SARS-CoV2-5UTR-Amplicon-short-trimmed+3,52,g,1051363,2456,0.2336
SARS-CoV2-5UTR-Amplicon-short-trimmed+3,53,c,1051363,783,0.0745
SARS-CoV2-5UTR-Amplicon-short-trimmed+3,54,t,1051363,973,0.0925
SARS-CoV2-5UTR-Amplicon-short-trimmed+3,55,g,1051363,4519,0.4298
SARS-CoV2-5UTR-Amplicon-short-trimmed+3,56,c,1051363,462,0.0439
SARS-CoV2-5UTR-Amplicon-short-trimmed+3,57,g,1051363,2463,0.2343
SARS-CoV2-5UTR-Amplicon-short-trimmed+3,58,t,1051363,487,0.0463
SARS-CoV2-5UTR-Amplicon-short-trimmed+3,59,g,1051363,2469,0.2348
SARS-CoV2-5UTR-Amplicon-short-trimmed+3,60,c,1051363,614,0.0584
SARS-CoV2-5UTR-Amplicon-short-trimmed+3,61,t,1051362,1178,0.112
SARS-CoV2-5UTR-Amplicon-short-trimmed+3,62,t,1051362,1611,0.1532
SARS-CoV2-5UTR-Amplicon-short-trimmed+3,63,a,1051361,2191,0.2084
SARS-CoV2-5UTR-Amplicon-short-trimmed+3,64,g,1051361,3218,0.3061
SARS-CoV2-5UTR-Amplicon-short-trimmed+3,65,t,1051361,613,0.0583
SARS-CoV2-5UTR-Amplicon-short-trimmed+3,66,g,1051361,4276,0.4067
SARS-CoV2-5UTR-Amplicon-short-trimmed+3,67,c,1051361,719,0.0684
SARS-CoV2-5UTR-Amplicon-short-trimmed+3,68,a,1051361,634,0.0603
SARS-CoV2-5UTR-Amplicon-short-trimmed+3,69,c,1051361,322,0.0306
SARS-CoV2-5UTR-Amplicon-short-trimmed+3,70,t,1051361,420,0.0399
SARS-CoV2-5UTR-Amplicon-short-trimmed+3,71,c,1051361,388,0.0369
SARS-CoV2-5UTR-Amplicon-short-trimmed+3,72,a,1051361,652,0.062
SARS-CoV2-5UTR-Amplicon-short-trimmed+3,73,c,1051360,293,0.0279
SARS-CoV2-5UTR-Amplicon-short-trimmed+3,74,g,1051361,2154,0.2049
SARS-CoV2-5UTR-Amplicon-short-trimmed+3,75,c,1051373,1440,0.137
SARS-CoV2-5UTR-Amplicon-short-trimmed+3,76,a,1051373,861,0.0819
SARS-CoV2-5UTR-Amplicon-short-trimmed+3,77,g,1051371,1882,0.179
SARS-CoV2-5UTR-Amplicon-short-trimmed+3,78,t,1051384,649,0.0617
SARS-CoV2-5UTR-Amplicon-short-trimmed+3,79,a,1051384,738,0.0702
SARS-CoV2-5UTR-Amplicon-short-trimmed+3,80,t,1051384,362,0.0344
SARS-CoV2-5UTR-Amplicon-short-trimmed+3,81,a,1051383,478,0.0455
SARS-CoV2-5UTR-Amplicon-short-trimmed+3,82,a,1051382,875,0.0832
SARS-CoV2-5UTR-Amplicon-short-trimmed+3,83,t,1051394,507,0.0482
SARS-CoV2-5UTR-Amplicon-short-trimmed+3,84,t,1051394,953,0.0906
SARS-CoV2-5UTR-Amplicon-short-trimmed+3,85,a,1051394,835,0.0794
SARS-CoV2-5UTR-Amplicon-short-trimmed+3,86,a,1051394,558,0.0531
SARS-CoV2-5UTR-Amplicon-short-trimmed+3,87,t,1051395,427,0.0406
SARS-CoV2-5UTR-Amplicon-short-trimmed+3,88,a,1051402,609,0.0579
SARS-CoV2-5UTR-Amplicon-short-trimmed+3,89,a,1051404,2963,0.2818
SARS-CoV2-5UTR-Amplicon-short-trimmed+3,90,c,1051430,486,0.0462
SARS-CoV2-5UTR-Amplicon-short-trimmed+3,91,t,1051466,508,0.0483
SARS-CoV2-5UTR-Amplicon-short-trimmed+3,92,a,1051466,490,0.0466
SARS-CoV2-5UTR-Amplicon-short-trimmed+3,93,a,1051466,489,0.0465
SARS-CoV2-5UTR-Amplicon-short-trimmed+3,94,t,1051475,472,0.0449
SARS-CoV2-5UTR-Amplicon-short-trimmed+3,95,t,1051474,729,0.0693
SARS-CoV2-5UTR-Amplicon-short-trimmed+3,96,a,1051474,488,0.0464
SARS-CoV2-5UTR-Amplicon-short-trimmed+3,97,c,1051474,303,0.0288
SARS-CoV2-5UTR-Amplicon-short-trimmed+3,98,t,1051472,571,0.0543
SARS-CoV2-5UTR-Amplicon-short-trimmed+3,99,g,1051471,3391,0.3225
SARS-CoV2-5UTR-Amplicon-short-trimmed+3,100,t,1051472,686,0.0652
SARS-CoV2-5UTR-Amplicon-short-trimmed+3,101,c,1051480,587,0.0558
SARS-CoV2-5UTR-Amplicon-short-trimmed+3,102,g,1051505,5381,0.5117
SARS-CoV2-5UTR-Amplicon-short-trimmed+3,103,t,1051512,534,0.0508
SARS-CoV2-5UTR-Amplicon-short-trimmed+3,104,t,1051517,834,0.0793
SARS-CoV2-5UTR-Amplicon-short-trimmed+3,105,g,1051481,1065,0.1013
SARS-CoV2-5UTR-Amplicon-short-trimmed+3,106,a,1051493,734,0.0698
SARS-CoV2-5UTR-Amplicon-short-trimmed+3,107,c,1051516,643,0.0611
SARS-CoV2-5UTR-Amplicon-short-trimmed+3,108,a,1051531,930,0.0884
SARS-CoV2-5UTR-Amplicon-short-trimmed+3,109,g,1051612,2071,0.1969
SARS-CoV2-5UTR-Amplicon-short-trimmed+3,110,g,1051828,1566,0.1489
SARS-CoV2-5UTR-Amplicon-short-trimmed+3,111,a,1052329,589,0.056
SARS-CoV2-5UTR-Amplicon-short-trimmed+3,112,c,1052893,445,0.0423
SARS-CoV2-5UTR-Amplicon-short-trimmed+3,113,a,1054233,1247,0.1183
SARS-CoV2-5UTR-Amplicon-short-trimmed+3,114,c,1058378,737,0.0696
SARS-CoV2-5UTR-Amplicon-short-trimmed+3,115,g,1071916,2675,0.2496
SARS-CoV2-5UTR-Amplicon-short-trimmed+3,116,a,1136537,1091,0.096
SARS-CoV2-5UTR-Amplicon-short-trimmed+3,117,g,1999997,6683,0.3342
SARS-CoV2-5UTR-Amplicon-short-trimmed+3,118,t,1999993,3095,0.1548
SARS-CoV2-5UTR-Amplicon-short-trimmed+3,119,a,1999996,4603,0.2302
SARS-CoV2-5UTR-Amplicon-short-trimmed+3,120,a,1999997,3297,0.1649
SARS-CoV2-5UTR-Amplicon-short-trimmed+3,121,c,1999978,2827,0.1414
SARS-CoV2-5UTR-Amplicon-short-trimmed+3,122,t,1999991,4323,0.2162
SARS-CoV2-5UTR-Amplicon-short-trimmed+3,123,c,1999989,3460,0.173
SARS-CoV2-5UTR-Amplicon-short-trimmed+3,124,g,1999941,8905,0.4453
SARS-CoV2-5UTR-Amplicon-short-trimmed+3,125,t,1999948,4268,0.2134
SARS-CoV2-5UTR-Amplicon-short-trimmed+3,126,c,1999896,2434,0.1217
SARS-CoV2-5UTR-Amplicon-short-trimmed+3,127,t,1999823,1233,0.0617
SARS-CoV2-5UTR-Amplicon-short-trimmed+3,128,a,1999530,3842,0.1921
SARS-CoV2-5UTR-Amplicon-short-trimmed+3,129,t,1998958,8251,0.4128
SARS-CoV2-5UTR-Amplicon-short-trimmed+3,130,c,1999003,1069,0.0535
SARS-CoV2-5UTR-Amplicon-short-trimmed+3,131,t,1998923,2192,0.1097
SARS-CoV2-5UTR-Amplicon-short-trimmed+3,132,t,1990231,2200,0.1105
SARS-CoV2-5UTR-Amplicon-short-trimmed+3,133,c,1055797,1900,0.18
SARS-CoV2-5UTR-Amplicon-short-trimmed+3,134,t,965266,1856,0.1923
SARS-CoV2-5UTR-Amplicon-short-trimmed+3,135,g,954614,5484,0.5745
SARS-CoV2-5UTR-Amplicon-short-trimmed+3,136,c,951518,5335,0.5607
SARS-CoV2-5UTR-Amplicon-short-trimmed+3,137,a,951106,1849,0.1944
SARS-CoV2-5UTR-Amplicon-short-trimmed+3,138,g,950580,1930,0.203
SARS-CoV2-5UTR-Amplicon-short-trimmed+3,139,g,950257,1700,0.1789
SARS-CoV2-5UTR-Amplicon-short-trimmed+3,140,c,949929,1675,0.1763
SARS-CoV2-5UTR-Amplicon-short-trimmed+3,141,t,949813,3112,0.3276
SARS-CoV2-5UTR-Amplicon-short-trimmed+3,142,g,949761,2516,0.2649
SARS-CoV2-5UTR-Amplicon-short-trimmed+3,143,c,949744,4237,0.4461
SARS-CoV2-5UTR-Amplicon-short-trimmed+3,144,t,949679,794,0.0836
SARS-CoV2-5UTR-Amplicon-short-trimmed+3,145,t,949656,2155,0.2269
SARS-CoV2-5UTR-Amplicon-short-trimmed+3,146,a,949583,4338,0.4568
SARS-CoV2-5UTR-Amplicon-short-trimmed+3,147,c,949578,1381,0.1454
SARS-CoV2-5UTR-Amplicon-short-trimmed+3,148,g,949578,1659,0.1747
SARS-CoV2-5UTR-Amplicon-short-trimmed+3,149,g,949570,2022,0.2129
SARS-CoV2-5UTR-Amplicon-short-trimmed+3,150,t,949571,1076,0.1133
SARS-CoV2-5UTR-Amplicon-short-trimmed+3,151,t,949574,1269,0.1336
SARS-CoV2-5UTR-Amplicon-short-trimmed+3,152,t,949576,3345,0.3523
SARS-CoV2-5UTR-Amplicon-short-trimmed+3,153,c,949577,2371,0.2497
SARS-CoV2-5UTR-Amplicon-short-trimmed+3,154,g,949582,3349,0.3527
SARS-CoV2-5UTR-Amplicon-short-trimmed+3,155,t,949602,2208,0.2325
SARS-CoV2-5UTR-Amplicon-short-trimmed+3,156,c,949602,1344,0.1415
SARS-CoV2-5UTR-Amplicon-short-trimmed+3,157,c,949607,2252,0.2372
SARS-CoV2-5UTR-Amplicon-short-trimmed+3,158,g,949608,1902,0.2003
SARS-CoV2-5UTR-Amplicon-short-trimmed+3,159,t,949613,8619,0.9076
SARS-CoV2-5UTR-Amplicon-short-trimmed+3,160,g,949622,3270,0.3443
SARS-CoV2-5UTR-Amplicon-short-trimmed+3,161,t,949630,1122,0.1182
SARS-CoV2-5UTR-Amplicon-short-trimmed+3,162,t,949635,4123,0.4342
SARS-CoV2-5UTR-Amplicon-short-trimmed+3,163,g,949631,1893,0.1993
SARS-CoV2-5UTR-Amplicon-short-trimmed+3,164,c,949631,2131,0.2244
SARS-CoV2-5UTR-Amplicon-short-trimmed+3,165,a,949632,1407,0.1482
SARS-CoV2-5UTR-Amplicon-short-trimmed+3,166,g,949714,1735,0.1827
SARS-CoV2-5UTR-Amplicon-short-trimmed+3,167,c,949715,2004,0.211
SARS-CoV2-5UTR-Amplicon-short-trimmed+3,168,c,949716,7874,0.8291
SARS-CoV2-5UTR-Amplicon-short-trimmed+3,169,g,949717,2222,0.234
SARS-CoV2-5UTR-Amplicon-short-trimmed+3,170,a,949741,1213,0.1277
SARS-CoV2-5UTR-Amplicon-short-trimmed+3,171,t,949742,1211,0.1275
SARS-CoV2-5UTR-Amplicon-short-trimmed+3,172,c,949743,1015,0.1069
SARS-CoV2-5UTR-Amplicon-short-trimmed+3,173,a,949743,1112,0.1171
SARS-CoV2-5UTR-Amplicon-short-trimmed+3,174,t,949743,924,0.0973
SARS-CoV2-5UTR-Amplicon-short-trimmed+3,175,c,949743,1504,0.1584
SARS-CoV2-5UTR-Amplicon-short-trimmed+3,176,a,949743,1762,0.1855
SARS-CoV2-5UTR-Amplicon-short-trimmed+3,177,g,949743,4434,0.4669
SARS-CoV2-5UTR-Amplicon-short-trimmed+3,178,c,949746,8534,0.8986
SARS-CoV2-5UTR-Amplicon-short-trimmed+3,179,a,949747,1614,0.1699
SARS-CoV2-5UTR-Amplicon-short-trimmed+3,180,c,949747,1321,0.1391
SARS-CoV2-5UTR-Amplicon-short-trimmed+3,181,a,949748,908,0.0956
SARS-CoV2-5UTR-Amplicon-short-trimmed+3,182,t,949748,902,0.095
SARS-CoV2-5UTR-Amplicon-short-trimmed+3,183,c,949749,531,0.0559
SARS-CoV2-5UTR-Amplicon-short-trimmed+3,184,t,949748,1721,0.1812
SARS-CoV2-5UTR-Amplicon-short-trimmed+3,185,a,949748,2661,0.2802
SARS-CoV2-5UTR-Amplicon-short-trimmed+3,186,g,949749,3422,0.3603
SARS-CoV2-5UTR-Amplicon-short-trimmed+3,187,g,949753,3771,0.3971
SARS-CoV2-5UTR-Amplicon-short-trimmed+3,188,t,949753,2926,0.3081
SARS-CoV2-5UTR-Amplicon-short-trimmed+3,189,t,949741,1753,0.1846
SARS-CoV2-5UTR-Amplicon-short-trimmed+3,190,t,949741,2960,0.3117
SARS-CoV2-5UTR-Amplicon-short-trimmed+3,191,c,949741,2176,0.2291
SARS-CoV2-5UTR-Amplicon-short-trimmed+3,192,g,949741,3853,0.4057
SARS-CoV2-5UTR-Amplicon-short-trimmed+3,193,t,949742,7273,0.7658
SARS-CoV2-5UTR-Amplicon-short-trimmed+3,194,c,949732,935,0.0984
SARS-CoV2-5UTR-Amplicon-short-trimmed+3,195,c,949730,1454,0.1531
SARS-CoV2-5UTR-Amplicon-short-trimmed+3,196,g,949692,3218,0.3388
SARS-CoV2-5UTR-Amplicon-short-trimmed+3,197,g,949689,2611,0.2749
SARS-CoV2-5UTR-Amplicon-short-trimmed+3,198,g,949688,6362,0.6699
SARS-CoV2-5UTR-Amplicon-short-trimmed+3,199,t,949688,2177,0.2292
SARS-CoV2-5UTR-Amplicon-short-trimmed+3,200,g,949682,4252,0.4477
SARS-CoV2-5UTR-Amplicon-short-trimmed+3,201,t,949679,2840,0.299
SARS-CoV2-5UTR-Amplicon-short-trimmed+3,202,g,949678,3139,0.3305
SARS-CoV2-5UTR-Amplicon-short-trimmed+3,203,a,949678,2038,0.2146
SARS-CoV2-5UTR-Amplicon-short-trimmed+3,204,c,949688,812,0.0855
SARS-CoV2-5UTR-Amplicon-short-trimmed+3,205,c,949688,555,0.0584
SARS-CoV2-5UTR-Amplicon-short-trimmed+3,206,g,949688,4122,0.434
SARS-CoV2-5UTR-Amplicon-short-trimmed+3,207,a,949688,1174,0.1236
SARS-CoV2-5UTR-Amplicon-short-trimmed+3,208,a,949688,746,0.0786
SARS-CoV2-5UTR-Amplicon-short-trimmed+3,209,a,949688,1398,0.1472
SARS-CoV2-5UTR-Amplicon-short-trimmed+3,210,g,949688,2571,0.2707
SARS-CoV2-5UTR-Amplicon-short-trimmed+3,211,g,949688,3243,0.3415
SARS-CoV2-5UTR-Amplicon-short-trimmed+3,212,t,949688,1048,0.1104
SARS-CoV2-5UTR-Amplicon-short-trimmed+3,213,a,949688,795,0.0837
SARS-CoV2-5UTR-Amplicon-short-trimmed+3,214,a,949688,915,0.0963
SARS-CoV2-5UTR-Amplicon-short-trimmed+3,215,g,949690,1422,0.1497
SARS-CoV2-5UTR-Amplicon-short-trimmed+3,216,a,949773,597,0.0629
SARS-CoV2-5UTR-Amplicon-short-trimmed+3,217,t,949772,1143,0.1203
SARS-CoV2-5UTR-Amplicon-short-trimmed+3,218,g,949772,2713,0.2856
SARS-CoV2-5UTR-Amplicon-short-trimmed+3,219,g,949768,1924,0.2026
SARS-CoV2-5UTR-Amplicon-short-trimmed+3,220,a,949767,2297,0.2418
SARS-CoV2-5UTR-Amplicon-short-trimmed+3,221,g,949765,3427,0.3608
SARS-CoV2-5UTR-Amplicon-short-trimmed+3,222,a,949680,950,0.1
SARS-CoV2-5UTR-Amplicon-short-trimmed+3,223,g,949680,3657,0.3851
SARS-CoV2-5UTR-Amplicon-short-trimmed+3,224,c,949680,542,0.0571
SARS-CoV2-5UTR-Amplicon-short-trimmed+3,225,c,949680,629,0.0662
SARS-CoV2-5UTR-Amplicon-short-trimmed+3,226,t,949680,1073,0.113
SARS-CoV2-5UTR-Amplicon-short-trimmed+3,227,t,949677,6177,0.6504
SARS-CoV2-5UTR-Amplicon-short-trimmed+3,228,g,949677,2850,0.3001
SARS-CoV2-5UTR-Amplicon-short-trimmed+3,229,t,949675,1656,0.1744
SARS-CoV2-5UTR-Amplicon-short-trimmed+3,230,c,949674,2819,0.2968
SARS-CoV2-5UTR-Amplicon-short-trimmed+3,231,c,949673,460,0.0484
SARS-CoV2-5UTR-Amplicon-short-trimmed+3,232,c,949672,635,0.0669
SARS-CoV2-5UTR-Amplicon-short-trimmed+3,233,t,949412,2088,0.2199
SARS-CoV2-5UTR-Amplicon-short-trimmed+3,234,g,949406,3978,0.419
SARS-CoV2-5UTR-Amplicon-short-trimmed+3,235,g,949401,4513,0.4754
SARS-CoV2-5UTR-Amplicon-short-trimmed+3,236,t,949397,470,0.0495
SARS-CoV2-5UTR-Amplicon-short-trimmed+3,237,t,949393,943,0.0993
SARS-CoV2-5UTR-Amplicon-short-trimmed+3,238,t,949388,857,0.0903
SARS-CoV2-5UTR-Amplicon-short-trimmed+3,239,c,949350,6454,0.6798
SARS-CoV2-5UTR-Amplicon-short-trimmed+3,240,a,949302,789,0.0831
SARS-CoV2-5UTR-Amplicon-short-trimmed+3,241,a,949240,602,0.0634
SARS-CoV2-5UTR-Amplicon-short-trimmed+3,242,c,949149,746,0.0786
SARS-CoV2-5UTR-Amplicon-short-trimmed+3,243,g,948976,1649,0.1738
SARS-CoV2-5UTR-Amplicon-short-trimmed+3,244,a,948805,1306,0.1376
SARS-CoV2-5UTR-Amplicon-short-trimmed+3,245,g,947322,1,1e-04
SARS-CoV2-5UTR-Amplicon-short-trimmed+3,246,g,945435,0,0
SARS-CoV2-5UTR-Amplicon-short-trimmed+3,247,G,942442,1,1e-04
SARS-CoV2-5UTR-Amplicon-short-trimmed+3,248,A,941587,0,0
SARS-CoV2-5UTR-Amplicon-short-trimmed+3,249,G,940798,0,0
