Region,Position,Ref_base,Depth,Mut_count,Mut_percentage
SARS-CoV2-5UTR-Amplicon-short-trimmed+3,1,T,1000151,0,0
SARS-CoV2-5UTR-Amplicon-short-trimmed+3,2,T,1001306,0,0
SARS-CoV2-5UTR-Amplicon-short-trimmed+3,3,G,1002032,1,1e-04
SARS-CoV2-5UTR-Amplicon-short-trimmed+3,4,t,1003325,0,0
SARS-CoV2-5UTR-Amplicon-short-trimmed+3,5,a,1003935,0,0
SARS-CoV2-5UTR-Amplicon-short-trimmed+3,6,g,1004449,677,0.0674
SARS-CoV2-5UTR-Amplicon-short-trimmed+3,7,a,1004544,548,0.0546
SARS-CoV2-5UTR-Amplicon-short-trimmed+3,8,t,1004555,524,0.0522
SARS-CoV2-5UTR-Amplicon-short-trimmed+3,9,c,1004564,1676,0.1668
SARS-CoV2-5UTR-Amplicon-short-trimmed+3,10,t,1004821,873,0.0869
SARS-CoV2-5UTR-Amplicon-short-trimmed+3,11,g,1004833,3418,0.3402
SARS-CoV2-5UTR-Amplicon-short-trimmed+3,12,t,1004848,1082,0.1077
SARS-CoV2-5UTR-Amplicon-short-trimmed+3,13,t,1004860,1211,0.1205
SARS-CoV2-5UTR-Amplicon-short-trimmed+3,14,c,1004888,4476,0.4454
SARS-CoV2-5UTR-Amplicon-short-trimmed+3,15,t,1004900,1327,0.1321
SARS-CoV2-5UTR-Amplicon-short-trimmed+3,16,c,1004904,4495,0.4473
SARS-CoV2-5UTR-Amplicon-short-trimmed+3,17,t,1004922,1072,0.1067
SARS-CoV2-5UTR-Amplicon-short-trimmed+3,18,a,1004923,950,0.0945
SARS-CoV2-5UTR-Amplicon-short-trimmed+3,19,a,1004929,512,0.0509
SARS-CoV2-5UTR-Amplicon-short-trimmed+3,20,a,1005018,1289,0.1283
SARS-CoV2-5UTR-Amplicon-short-trimmed+3,21,c,1005020,4145,0.4124
SARS-CoV2-5UTR-Amplicon-short-trimmed+3,22,g,1005037,730,0.0726
SARS-CoV2-5UTR-Amplicon-short-trimmed+3,23,a,1005038,874,0.087
SARS-CoV2-5UTR-Amplicon-short-trimmed+3,24,a,1005040,450,0.0448
SARS-CoV2-5UTR-Amplicon-short-trimmed+3,25,c,1005040,16268,1.6186
SARS-CoV2-5UTR-Amplicon-short-trimmed+3,26,t,1005041,1192,0.1186
SARS-CoV2-5UTR-Amplicon-short-trimmed+3,27,t,1005041,1507,0.1499
SARS-CoV2-5UTR-Amplicon-short-trimmed+3,28,t,1005045,2975,0.296
SARS-CoV2-5UTR-Amplicon-short-trimmed+3,29,a,1005047,1264,0.1258
SARS-CoV2-5UTR-Amplicon-short-trimmed+3,30,a,1005047,788,0.0784
SARS-CoV2-5UTR-Amplicon-short-trimmed+3,31,a,1005028,608,0.0605
SARS-CoV2-5UTR-Amplicon-short-trimmed+3,32,a,1005028,1246,0.124
SARS-CoV2-5UTR-Amplicon-short-trimmed+3,33,t,1005028,3314,0.3297
SARS-CoV2-5UTR-Amplicon-short-trimmed+3,34,c,1005030,2577,0.2564
SARS-CoV2-5UTR-Amplicon-short-trimmed+3,35,t,1004991,1039,0.1034
SARS-CoV2-5UTR-Amplicon-short-trimmed+3,36,g,1004992,2051,0.2041
SARS-CoV2-5UTR-Amplicon-short-trimmed+3,37,t,1005004,835,0.0831
SARS-CoV2-5UTR-Amplicon-short-trimmed+3,38,g,1005004,907,0.0902
SARS-CoV2-5UTR-Amplicon-short-trimmed+3,39,t,1005004,855,0.0851
SARS-CoV2-5UTR-Amplicon-short-trimmed+3,40,g,1005004,1209,0.1203
SARS-CoV2-5UTR-Amplicon-short-trimmed+3,41,g,1005004,941,0.0936
SARS-CoV2-5UTR-Amplicon-short-trimmed+3,42,c,1005004,2460,0.2448
SARS-CoV2-5UTR-Amplicon-short-trimmed+3,43,t,1005004,1231,0.1225
SARS-CoV2-5UTR-Amplicon-short-trimmed+3,44,g,1005005,1084,0.1079
SARS-CoV2-5UTR-Amplicon-short-trimmed+3,45,t,1005005,1551,0.1543
SARS-CoV2-5UTR-Amplicon-short-trimmed+3,46,c,1005005,1936,0.1926
SARS-CoV2-5UTR-Amplicon-short-trimmed+3,47,a,1005003,1309,0.1302
SARS-CoV2-5UTR-Amplicon-short-trimmed+3,48,c,1005003,2582,0.2569
SARS-CoV2-5UTR-Amplicon-short-trimmed+3,49,t,1005003,861,0.0857
SARS-CoV2-5UTR-Amplicon-short-trimmed+3,50,c,1005003,3577,0.3559
SARS-CoV2-5UTR-Amplicon-short-trimmed+3,51,g,1005003,1637,0.1629
SARS-CoV2-5UTR-Amplicon-short-trimmed+3,52,g,1005003,1700,0.1692
SARS-CoV2-5UTR-Amplicon-short-trimmed+3,53,c,1005003,1710,0.1701
SARS-CoV2-5UTR-Amplicon-short-trimmed+3,54,t,1005003,1193,0.1187
SARS-CoV2-5UTR-Amplicon-short-trimmed+3,55,g,1005003,1965,0.1955
SARS-CoV2-5UTR-Amplicon-short-trimmed+3,56,c,1005003,2160,0.2149
SARS-CoV2-5UTR-Amplicon-short-trimmed+3,57,g,1005003,1387,0.138
SARS-CoV2-5UTR-Amplicon-short-trimmed+3,58,t,1005003,761,0.0757
SARS-CoV2-5UTR-Amplicon-short-trimmed+3,59,g,1005001,1220,0.1214
SARS-CoV2-5UTR-Amplicon-short-trimmed+3,60,c,1005001,2922,0.2907
SARS-CoV2-5UTR-Amplicon-short-trimmed+3,61,t,1005001,1410,0.1403
SARS-CoV2-5UTR-Amplicon-short-trimmed+3,62,t,1005000,1224,0.1218
SARS-CoV2-5UTR-Amplicon-short-trimmed+3,63,a,1004958,1499,0.1492
SARS-CoV2-5UTR-Amplicon-short-trimmed+3,64,g,1004958,1178,0.1172
SARS-CoV2-5UTR-Amplicon-short-trimmed+3,65,t,1004958,1345,0.1338
SARS-CoV2-5UTR-Amplicon-short-trimmed+3,66,g,1004958,1485,0.1478
SARS-CoV2-5UTR-Amplicon-short-trimmed+3,67,c,1004958,2421,0.2409
SARS-CoV2-5UTR-Amplicon-short-trimmed+3,68,a,1004958,1582,0.1574
SARS-CoV2-5UTR-Amplicon-short-trimmed+3,69,c,1004957,3132,0.3117
SARS-CoV2-5UTR-Amplicon-short-trimmed+3,70,t,1004955,733,0.0729
SARS-CoV2-5UTR-Amplicon-short-trimmed+3,71,c,1004956,578,0.0575
SARS-CoV2-5UTR-Amplicon-short-trimmed+3,72,a,1004956,870,0.0866
SARS-CoV2-5UTR-Amplicon-short-trimmed+3,73,c,1004956,1492,0.1485
SARS-CoV2-5UTR-Amplicon-short-trimmed+3,74,g,1004956,654,0.0651
SARS-CoV2-5UTR-Amplicon-short-trimmed+3,75,c,1004955,2244,0.2233
SARS-CoV2-5UTR-Amplicon-short-trimmed+3,76,a,1004955,1062,0.1057
SARS-CoV2-5UTR-Amplicon-short-trimmed+3,77,g,1004954,883,0.0879
SARS-CoV2-5UTR-Amplicon-short-trimmed+3,78,t,1004954,1021,0.1016
SARS-CoV2-5UTR-Amplicon-short-trimmed+3,79,a,1004952,1567,0.1559
SARS-CoV2-5UTR-Amplicon-short-trimmed+3,80,t,1004958,674,0.0671
SARS-CoV2-5UTR-Amplicon-short-trimmed+3,81,a,1004956,910,0.0906
SARS-CoV2-5UTR-Amplicon-short-trimmed+3,82,a,1004956,1666,0.1658
SARS-CoV2-5UTR-Amplicon-short-trimmed+3,83,t,1004901,859,0.0855
SARS-CoV2-5UTR-Amplicon-short-trimmed+3,84,t,1004899,1335,0.1328
SARS-CoV2-5UTR-Amplicon-short-trimmed+3,85,a,1004899,912,0.0908
SARS-CoV2-5UTR-Amplicon-short-trimmed+3,86,a,1004899,1117,0.1112
SARS-CoV2-5UTR-Amplicon-short-trimmed+3,87,t,1004914,774,0.077
SARS-CoV2-5UTR-Amplicon-short-trimmed+3,88,a,1004890,745,0.0741
SARS-CoV2-5UTR-Amplicon-short-trimmed+3,89,a,1004911,3736,0.3718
SARS-CoV2-5UTR-Amplicon-short-trimmed+3,90,c,1004911,3831,0.3812
SARS-CoV2-5UTR-Amplicon-short-trimmed+3,91,t,1004911,1111,0.1106
SARS-CoV2-5UTR-Amplicon-short-trimmed+3,92,a,1004910,1112,0.1107
SARS-CoV2-5UTR-Amplicon-short-trimmed+3,93,a,1004930,1171,0.1165
SARS-CoV2-5UTR-Amplicon-short-trimmed+3,94,t,1004929,879,0.0875
SARS-CoV2-5UTR-Amplicon-short-trimmed+3,95,t,1004929,979,0.0974
SARS-CoV2-5UTR-Amplicon-short-trimmed+3,96,a,1004929,1196,0.119
SARS-CoV2-5UTR-Amplicon-short-trimmed+3,97,c,1004929,2235,0.2224
SARS-CoV2-5UTR-Amplicon-short-trimmed+3,98,t,1004929,914,0.091
SARS-CoV2-5UTR-Amplicon-short-trimmed+3,99,g,1004928,1103,0.1098
SARS-CoV2-5UTR-Amplicon-short-trimmed+3,100,t,1004859,1210,0.1204
SARS-CoV2-5UTR-Amplicon-short-trimmed+3,101,c,1004860,2154,0.2144
SARS-CoV2-5UTR-Amplicon-short-trimmed+3,102,g,1004870,2021,0.2011
SARS-CoV2-5UTR-Amplicon-short-trimmed+3,103,t,1004873,914,0.091
SARS-CoV2-5UTR-Amplicon-short-trimmed+3,104,t,1004905,1633,0.1625
SARS-CoV2-5UTR-Amplicon-short-trimmed+3,105,g,1004908,739,0.0735
SARS-CoV2-5UTR-Amplicon-short-trimmed+3,106,a,1004927,926,0.0921
SARS-CoV2-5UTR-Amplicon-short-trimmed+3,107,c,1004996,1883,0.1874
SARS-CoV2-5UTR-Amplicon-short-trimmed+3,108,a,1005073,1114,0.1108
SARS-CoV2-5UTR-Amplicon-short-trimmed+3,109,g,1005202,979,0.0974
SARS-CoV2-5UTR-Amplicon-short-trimmed+3,110,g,1005425,1430,0.1422
SARS-CoV2-5UTR-Amplicon-short-trimmed+3,111,a,1005894,1286,0.1278
SARS-CoV2-5UTR-Amplicon-short-trimmed+3,112,c,1006550,4208,0.4181
SARS-CoV2-5UTR-Amplicon-short-trimmed+3,113,a,1007765,1750,0.1737
SARS-CoV2-5UTR-Amplicon-short-trimmed+3,114,c,1011292,3406,0.3368
SARS-CoV2-5UTR-Amplicon-short-trimmed+3,115,g,1024140,843,0.0823
SARS-CoV2-5UTR-Amplicon-short-trimmed+3,116,a,1082955,1893,0.1748
SARS-CoV2-5UTR-Amplicon-short-trimmed+3,117,g,1999997,2449,0.1225
SARS-CoV2-5UTR-Amplicon-short-trimmed+3,118,t,1999994,3618,0.1809
SARS-CoV2-5UTR-Amplicon-short-trimmed+3,119,a,1999996,5090,0.2545
SARS-CoV2-5UTR-Amplicon-short-trimmed+3,120,a,1999999,5246,0.2623
SARS-CoV2-5UTR-Amplicon-short-trimmed+3,121,c,1999983,7240,0.362
SARS-CoV2-5UTR-Amplicon-short-trimmed+3,122,t,1999981,4568,0.2284
SARS-CoV2-5UTR-Amplicon-short-trimmed+3,123,c,1999983,7790,0.3895
SARS-CoV2-5UTR-Amplicon-short-trimmed+3,124,g,1999896,4122,0.2061
SARS-CoV2-5UTR-Amplicon-short-trimmed+3,125,t,1999924,4783,0.2392
SARS-CoV2-5UTR-Amplicon-short-trimmed+3,126,c,1999848,8959,0.448
SARS-CoV2-5UTR-Amplicon-short-trimmed+3,127,t,1999721,1772,0.0886
SARS-CoV2-5UTR-Amplicon-short-trimmed+3,128,a,1999126,5217,0.261
SARS-CoV2-5UTR-Amplicon-short-trimmed+3,129,t,1998160,8352,0.418
SARS-CoV2-5UTR-Amplicon-short-trimmed+3,130,c,1997892,7150,0.3579
SARS-CoV2-5UTR-Amplicon-short-trimmed+3,131,t,1997909,2788,0.1395
SARS-CoV2-5UTR-Amplicon-short-trimmed+3,132,t,1989329,3606,0.1813
SARS-CoV2-5UTR-Amplicon-short-trimmed+3,133,c,1096211,5504,0.5021
SARS-CoV2-5UTR-Amplicon-short-trimmed+3,134,t,1012549,2199,0.2172
SARS-CoV2-5UTR-Amplicon-short-trimmed+3,135,g,1001042,1542,0.154
SARS-CoV2-5UTR-Amplicon-short-trimmed+3,136,c,998380,6630,0.6641
SARS-CoV2-5UTR-Amplicon-short-trimmed+3,137,a,997869,2090,0.2094
SARS-CoV2-5UTR-Amplicon-short-trimmed+3,138,g,997300,1088,0.1091
SARS-CoV2-5UTR-Amplicon-short-trimmed+3,139,g,996984,1297,0.1301
SARS-CoV2-5UTR-Amplicon-short-trimmed+3,140,c,996795,1523,0.1528
SARS-CoV2-5UTR-Amplicon-short-trimmed+3,141,t,996660,3051,0.3061
SARS-CoV2-5UTR-Amplicon-short-trimmed+3,142,g,996591,2343,0.2351
SARS-CoV2-5UTR-Amplicon-short-trimmed+3,143,c,996564,4934,0.4951
SARS-CoV2-5UTR-Amplicon-short-trimmed+3,144,t,996557,1020,0.1024
SARS-CoV2-5UTR-Amplicon-short-trimmed+3,145,t,996551,2138,0.2145
SARS-CoV2-5UTR-Amplicon-short-trimmed+3,146,a,996441,4205,0.422
SARS-CoV2-5UTR-Amplicon-short-trimmed+3,147,c,996433,1301,0.1306
SARS-CoV2-5UTR-Amplicon-short-trimmed+3,148,g,996434,1317,0.1322
SARS-CoV2-5UTR-Amplicon-short-trimmed+3,149,g,996401,1462,0.1467
SARS-CoV2-5UTR-Amplicon-short-trimmed+3,150,t,996401,1966,0.1973
SARS-CoV2-5UTR-Amplicon-short-trimmed+3,151,t,996416,1985,0.1992
SARS-CoV2-5UTR-Amplicon-short-trimmed+3,152,t,996385,4387,0.4403
SARS-CoV2-5UTR-Amplicon-short-trimmed+3,153,c,996379,6506,0.653
SARS-CoV2-5UTR-Amplicon-short-trimmed+3,154,g,996365,1298,0.1303
SARS-CoV2-5UTR-Amplicon-short-trimmed+3,155,t,996364,2874,0.2884
SARS-CoV2-5UTR-Amplicon-short-trimmed+3,156,c,996355,1584,0.159
SARS-CoV2-5UTR-Amplicon-short-trimmed+3,157,c,996352,2004,0.2011
SARS-CoV2-5UTR-Amplicon-short-trimmed+3,158,g,996224,1023,0.1027
SARS-CoV2-5UTR-Amplicon-short-trimmed+3,159,t,996183,8573,0.8606
SARS-CoV2-5UTR-Amplicon-short-trimmed+3,160,g,996186,1448,0.1454
SARS-CoV2-5UTR-Amplicon-short-trimmed+3,161,t,996156,1173,0.1178
SARS-CoV2-5UTR-Amplicon-short-trimmed+3,162,t,996140,4001,0.4017
SARS-CoV2-5UTR-Amplicon-short-trimmed+3,163,g,996140,697,0.07
SARS-CoV2-5UTR-Amplicon-short-trimmed+3,164,c,996141,1890,0.1897
SARS-CoV2-5UTR-Amplicon-short-trimmed+3,165,a,996130,1420,0.1426
SARS-CoV2-5UTR-Amplicon-short-trimmed+3,166,g,996222,1478,0.1484
SARS-CoV2-5UTR-Amplicon-short-trimmed+3,167,c,996227,1843,0.185
SARS-CoV2-5UTR-Amplicon-short-trimmed+3,168,c,996227,5957,0.598
SARS-CoV2-5UTR-Amplicon-short-trimmed+3,169,g,996227,1309,0.1314
SARS-CoV2-5UTR-Amplicon-short-trimmed+3,170,a,996229,1792,0.1799
SARS-CoV2-5UTR-Amplicon-short-trimmed+3,171,t,996231,1471,0.1477
SARS-CoV2-5UTR-Amplicon-short-trimmed+3,172,c,996232,4818,0.4836
SARS-CoV2-5UTR-Amplicon-short-trimmed+3,173,a,996232,1674,0.168
SARS-CoV2-5UTR-Amplicon-short-trimmed+3,174,t,996232,1447,0.1452
SARS-CoV2-5UTR-Amplicon-short-trimmed+3,175,c,996232,4053,0.4068
SARS-CoV2-5UTR-Amplicon-short-trimmed+3,176,a,996232,1633,0.1639
SARS-CoV2-5UTR-Amplicon-short-trimmed+3,177,g,996232,1167,0.1171
SARS-CoV2-5UTR-Amplicon-short-trimmed+3,178,c,996236,8122,0.8153
SARS-CoV2-5UTR-Amplicon-short-trimmed+3,179,a,996236,1764,0.1771
SARS-CoV2-5UTR-Amplicon-short-trimmed+3,180,c,996242,2337,0.2346
SARS-CoV2-5UTR-Amplicon-short-trimmed+3,181,a,996242,1298,0.1303
SARS-CoV2-5UTR-Amplicon-short-trimmed+3,182,t,996242,1964,0.1971
SARS-CoV2-5UTR-Amplicon-short-trimmed+3,183,c,996242,2434,0.2443
SARS-CoV2-5UTR-Amplicon-short-trimmed+3,184,t,996244,1587,0.1593
SARS-CoV2-5UTR-Amplicon-short-trimmed+3,185,a,996228,2401,0.241
SARS-CoV2-5UTR-Amplicon-short-trimmed+3,186,g,996227,1534,0.154
SARS-CoV2-5UTR-Amplicon-short-trimmed+3,187,g,996229,1586,0.1592
SARS-CoV2-5UTR-Amplicon-short-trimmed+3,188,t,996231,4808,0.4826
SARS-CoV2-5UTR-Amplicon-short-trimmed+3,189,t,996231,2234,0.2242
SARS-CoV2-5UTR-Amplicon-short-trimmed+3,190,t,996231,3340,0.3353
SARS-CoV2-5UTR-Amplicon-short-trimmed+3,191,c,996232,5214,0.5234
SARS-CoV2-5UTR-Amplicon-short-trimmed+3,192,g,996218,1254,0.1259
SARS-CoV2-5UTR-Amplicon-short-trimmed+3,193,t,996217,7062,0.7089
SARS-CoV2-5UTR-Amplicon-short-trimmed+3,194,c,996217,2511,0.2521
SARS-CoV2-5UTR-Amplicon-short-trimmed+3,195,c,996217,2555,0.2565
SARS-CoV2-5UTR-Amplicon-short-trimmed+3,196,g,996217,1051,0.1055
SARS-CoV2-5UTR-Amplicon-short-trimmed+3,197,g,996217,1118,0.1122
SARS-CoV2-5UTR-Amplicon-short-trimmed+3,198,g,996217,4741,0.4759
SARS-CoV2-5UTR-Amplicon-short-trimmed+3,199,t,996217,2269,0.2278
SARS-CoV2-5UTR-Amplicon-short-trimmed+3,200,g,996217,2274,0.2283
SARS-CoV2-5UTR-Amplicon-short-trimmed+3,201,t,996217,3871,0.3886
SARS-CoV2-5UTR-Amplicon-short-trimmed+3,202,g,996217,1093,0.1097
SARS-CoV2-5UTR-Amplicon-short-trimmed+3,203,a,996217,2363,0.2372
SARS-CoV2-5UTR-Amplicon-short-trimmed+3,204,c,996217,2625,0.2635
SARS-CoV2-5UTR-Amplicon-short-trimmed+3,205,c,996217,3038,0.305
SARS-CoV2-5UTR-Amplicon-short-trimmed+3,206,g,996217,1500,0.1506
SARS-CoV2-5UTR-Amplicon-short-trimmed+3,207,a,996231,1436,0.1441
SARS-CoV2-5UTR-Amplicon-short-trimmed+3,208,a,996233,748,0.0751
SARS-CoV2-5UTR-Amplicon-short-trimmed+3,209,a,996233,1501,0.1507
SARS-CoV2-5UTR-Amplicon-short-trimmed+3,210,g,996235,1188,0.1192
SARS-CoV2-5UTR-Amplicon-short-trimmed+3,211,g,996235,2325,0.2334
SARS-CoV2-5UTR-Amplicon-short-trimmed+3,212,t,996235,1182,0.1186
SARS-CoV2-5UTR-Amplicon-short-trimmed+3,213,a,996234,1032,0.1036
SARS-CoV2-5UTR-Amplicon-short-trimmed+3,214,a,996235,1545,0.1551
SARS-CoV2-5UTR-Amplicon-short-trimmed+3,215,g,996235,819,0.0822
SARS-CoV2-5UTR-Amplicon-short-trimmed+3,216,a,996331,1122,0.1126
SARS-CoV2-5UTR-Amplicon-short-trimmed+3,217,t,996328,1366,0.1371
SARS-CoV2-5UTR-Amplicon-short-trimmed+3,218,g,996326,1180,0.1184
SARS-CoV2-5UTR-Amplicon-short-trimmed+3,219,g,996320,941,0.0944
SARS-CoV2-5UTR-Amplicon-short-trimmed+3,220,a,996318,2186,0.2194
SARS-CoV2-5UTR-Amplicon-short-trimmed+3,221,g,996317,1691,0.1697
SARS-CoV2-5UTR-Amplicon-short-trimmed+3,222,a,996228,1006,0.101
SARS-CoV2-5UTR-Amplicon-short-trimmed+3,223,g,996228,861,0.0864
SARS-CoV2-5UTR-Amplicon-short-trimmed+3,224,c,996228,1840,0.1847
SARS-CoV2-5UTR-Amplicon-short-trimmed+3,225,c,996228,2098,0.2106
SARS-CoV2-5UTR-Amplicon-short-trimmed+3,226,t,996228,807,0.081
SARS-CoV2-5UTR-Amplicon-short-trimmed+3,227,t,996226,5087,0.5106
SARS-CoV2-5UTR-Amplicon-short-trimmed+3,228,g,996195,985,0.0989
SARS-CoV2-5UTR-Amplicon-short-trimmed+3,229,t,996194,2138,0.2146
SARS-CoV2-5UTR-Amplicon-short-trimmed+3,230,c,996164,3161,0.3173
SARS-CoV2-5UTR-Amplicon-short-trimmed+3,231,c,996164,1057,0.1061
SARS-CoV2-5UTR-Amplicon-short-trimmed+3,232,c,996162,1369,0.1374
SARS-CoV2-5UTR-Amplicon-short-trimmed+3,233,t,996058,1842,0.1849
SARS-CoV2-5UTR-Amplicon-short-trimmed+3,234,g,996057,1348,0.1353
SARS-CoV2-5UTR-Amplicon-short-trimmed+3,235,g,996042,1481,0.1487
SARS-CoV2-5UTR-Amplicon-short-trimmed+3,236,t,996040,913,0.0917
SARS-CoV2-5UTR-Amplicon-short-trimmed+3,237,t,996038,1149,0.1154
SARS-CoV2-5UTR-Amplicon-short-trimmed+3,238,t,995943,1544,0.155
SARS-CoV2-5UTR-Amplicon-short-trimmed+3,239,c,995901,9044,0.9081
SARS-CoV2-5UTR-Amplicon-short-trimmed+3,240,a,995787,844,0.0848
SARS-CoV2-5UTR-Amplicon-short-trimmed+3,241,a,995617,1095,0.11
SARS-CoV2-5UTR-Amplicon-short-trimmed+3,242,c,995178,2699,0.2712
SARS-CoV2-5UTR-Amplicon-short-trimmed+3,243,g,995112,665,0.0668
SARS-CoV2-5UTR-Amplicon-short-trimmed+3,244,a,994973,1348,0.1355
SARS-CoV2-5UTR-Amplicon-short-trimmed+3,245,g,994305,0,0
SARS-CoV2-5UTR-Amplicon-short-trimmed+3,246,g,993307,0,0
SARS-CoV2-5UTR-Amplicon-short-trimmed+3,247,G,992167,1,1e-04
SARS-CoV2-5UTR-Amplicon-short-trimmed+3,248,A,991016,0,0
SARS-CoV2-5UTR-Amplicon-short-trimmed+3,249,G,990508,0,0
