Region,Position,Ref_base,Depth,Mut_count,Mut_percentage
SARS-CoV2-5UTR-Amplicon-short-trimmed+3,1,T,1095716,0,0
SARS-CoV2-5UTR-Amplicon-short-trimmed+3,2,T,1096590,0,0
SARS-CoV2-5UTR-Amplicon-short-trimmed+3,3,G,1096882,0,0
SARS-CoV2-5UTR-Amplicon-short-trimmed+3,4,t,1102261,0,0
SARS-CoV2-5UTR-Amplicon-short-trimmed+3,5,a,1102539,0,0
SARS-CoV2-5UTR-Amplicon-short-trimmed+3,6,g,1102825,3110,0.282
SARS-CoV2-5UTR-Amplicon-short-trimmed+3,7,a,1103668,318,0.0288
SARS-CoV2-5UTR-Amplicon-short-trimmed+3,8,t,1103693,411,0.0372
SARS-CoV2-5UTR-Amplicon-short-trimmed+3,9,c,1103718,366,0.0332
SARS-CoV2-5UTR-Amplicon-short-trimmed+3,10,t,1103732,438,0.0397
SARS-CoV2-5UTR-Amplicon-short-trimmed+3,11,g,1103737,14074,1.2751
SARS-CoV2-5UTR-Amplicon-short-trimmed+3,12,t,1103789,499,0.0452
SARS-CoV2-5UTR-Amplicon-short-trimmed+3,13,t,1103791,462,0.0419
SARS-CoV2-5UTR-Amplicon-short-trimmed+3,14,c,1103797,309,0.028
SARS-CoV2-5UTR-Amplicon-short-trimmed+3,15,t,1103799,462,0.0419
SARS-CoV2-5UTR-Amplicon-short-trimmed+3,16,c,1103805,622,0.0564
SARS-CoV2-5UTR-Amplicon-short-trimmed+3,17,t,1103814,358,0.0324
SARS-CoV2-5UTR-Amplicon-short-trimmed+3,18,a,1103817,574,0.052
SARS-CoV2-5UTR-Amplicon-short-trimmed+3,19,a,1103823,601,0.0544
SARS-CoV2-5UTR-Amplicon-short-trimmed+3,20,a,1103868,483,0.0438
SARS-CoV2-5UTR-Amplicon-short-trimmed+3,21,c,1103879,512,0.0464
SARS-CoV2-5UTR-Amplicon-short-trimmed+3,22,g,1103889,5984,0.5421
SARS-CoV2-5UTR-Amplicon-short-trimmed+3,23,a,1103896,552,0.05
SARS-CoV2-5UTR-Amplicon-short-trimmed+3,24,a,1103896,386,0.035
SARS-CoV2-5UTR-Amplicon-short-trimmed+3,25,c,1103896,11337,1.027
SARS-CoV2-5UTR-Amplicon-short-trimmed+3,26,t,1103897,1057,0.0958
SARS-CoV2-5UTR-Amplicon-short-trimmed+3,27,t,1103901,995,0.0901
SARS-CoV2-5UTR-Amplicon-short-trimmed+3,28,t,1103904,2401,0.2175
SARS-CoV2-5UTR-Amplicon-short-trimmed+3,29,a,1103904,963,0.0872
SARS-CoV2-5UTR-Amplicon-short-trimmed+3,30,a,1103905,436,0.0395
SARS-CoV2-5UTR-Amplicon-short-trimmed+3,31,a,1103898,530,0.048
SARS-CoV2-5UTR-Amplicon-short-trimmed+3,32,a,1103898,375,0.034
SARS-CoV2-5UTR-Amplicon-short-trimmed+3,33,t,1103898,2496,0.2261
SARS-CoV2-5UTR-Amplicon-short-trimmed+3,34,c,1103898,465,0.0421
SARS-CoV2-5UTR-Amplicon-short-trimmed+3,35,t,1103898,1470,0.1332
SARS-CoV2-5UTR-Amplicon-short-trimmed+3,36,g,1103898,8612,0.7801
SARS-CoV2-5UTR-Amplicon-short-trimmed+3,37,t,1103902,495,0.0448
SARS-CoV2-5UTR-Amplicon-short-trimmed+3,38,g,1103902,4380,0.3968
SARS-CoV2-5UTR-Amplicon-short-trimmed+3,39,t,1103900,390,0.0353
SARS-CoV2-5UTR-Amplicon-short-trimmed+3,40,g,1103900,4232,0.3834
SARS-CoV2-5UTR-Amplicon-short-trimmed+3,41,g,1103900,3750,0.3397
SARS-CoV2-5UTR-Amplicon-short-trimmed+3,42,c,1103900,340,0.0308
SARS-CoV2-5UTR-Amplicon-short-trimmed+3,43,t,1103899,1114,0.1009
SARS-CoV2-5UTR-Amplicon-short-trimmed+3,44,g,1103899,2879,0.2608
SARS-CoV2-5UTR-Amplicon-short-trimmed+3,45,t,1103899,778,0.0705
SARS-CoV2-5UTR-Amplicon-short-trimmed+3,46,c,1103899,247,0.0224
SARS-CoV2-5UTR-Amplicon-short-trimmed+3,47,a,1103894,609,0.0552
SARS-CoV2-5UTR-Amplicon-short-trimmed+3,48,c,1103894,267,0.0242
SARS-CoV2-5UTR-Amplicon-short-trimmed+3,49,t,1103894,551,0.0499
SARS-CoV2-5UTR-Amplicon-short-trimmed+3,50,c,1103893,785,0.0711
SARS-CoV2-5UTR-Amplicon-short-trimmed+3,51,g,1103893,6230,0.5644
SARS-CoV2-5UTR-Amplicon-short-trimmed+3,52,g,1103893,3077,0.2787
SARS-CoV2-5UTR-Amplicon-short-trimmed+3,53,c,1103893,1350,0.1223
SARS-CoV2-5UTR-Amplicon-short-trimmed+3,54,t,1103893,1317,0.1193
SARS-CoV2-5UTR-Amplicon-short-trimmed+3,55,g,1103893,6278,0.5687
SARS-CoV2-5UTR-Amplicon-short-trimmed+3,56,c,1103893,505,0.0457
SARS-CoV2-5UTR-Amplicon-short-trimmed+3,57,g,1103893,2229,0.2019
SARS-CoV2-5UTR-Amplicon-short-trimmed+3,58,t,1103893,585,0.053
SARS-CoV2-5UTR-Amplicon-short-trimmed+3,59,g,1103892,1953,0.1769
SARS-CoV2-5UTR-Amplicon-short-trimmed+3,60,c,1103892,598,0.0542
SARS-CoV2-5UTR-Amplicon-short-trimmed+3,61,t,1103892,1693,0.1534
SARS-CoV2-5UTR-Amplicon-short-trimmed+3,62,t,1103892,2876,0.2605
SARS-CoV2-5UTR-Amplicon-short-trimmed+3,63,a,1103889,3824,0.3464
SARS-CoV2-5UTR-Amplicon-short-trimmed+3,64,g,1103889,5187,0.4699
SARS-CoV2-5UTR-Amplicon-short-trimmed+3,65,t,1103889,739,0.0669
SARS-CoV2-5UTR-Amplicon-short-trimmed+3,66,g,1103889,6593,0.5973
SARS-CoV2-5UTR-Amplicon-short-trimmed+3,67,c,1103889,697,0.0631
SARS-CoV2-5UTR-Amplicon-short-trimmed+3,68,a,1103889,734,0.0665
SARS-CoV2-5UTR-Amplicon-short-trimmed+3,69,c,1103863,359,0.0325
SARS-CoV2-5UTR-Amplicon-short-trimmed+3,70,t,1103863,547,0.0496
SARS-CoV2-5UTR-Amplicon-short-trimmed+3,71,c,1103863,496,0.0449
SARS-CoV2-5UTR-Amplicon-short-trimmed+3,72,a,1103861,635,0.0575
SARS-CoV2-5UTR-Amplicon-short-trimmed+3,73,c,1103862,400,0.0362
SARS-CoV2-5UTR-Amplicon-short-trimmed+3,74,g,1103862,3187,0.2887
SARS-CoV2-5UTR-Amplicon-short-trimmed+3,75,c,1103875,1533,0.1389
SARS-CoV2-5UTR-Amplicon-short-trimmed+3,76,a,1103875,1075,0.0974
SARS-CoV2-5UTR-Amplicon-short-trimmed+3,77,g,1103875,1862,0.1687
SARS-CoV2-5UTR-Amplicon-short-trimmed+3,78,t,1103875,764,0.0692
SARS-CoV2-5UTR-Amplicon-short-trimmed+3,79,a,1103849,809,0.0733
SARS-CoV2-5UTR-Amplicon-short-trimmed+3,80,t,1103854,301,0.0273
SARS-CoV2-5UTR-Amplicon-short-trimmed+3,81,a,1103848,471,0.0427
SARS-CoV2-5UTR-Amplicon-short-trimmed+3,82,a,1103849,987,0.0894
SARS-CoV2-5UTR-Amplicon-short-trimmed+3,83,t,1103856,416,0.0377
SARS-CoV2-5UTR-Amplicon-short-trimmed+3,84,t,1103884,1057,0.0958
SARS-CoV2-5UTR-Amplicon-short-trimmed+3,85,a,1103856,762,0.069
SARS-CoV2-5UTR-Amplicon-short-trimmed+3,86,a,1103857,541,0.049
SARS-CoV2-5UTR-Amplicon-short-trimmed+3,87,t,1103857,469,0.0425
SARS-CoV2-5UTR-Amplicon-short-trimmed+3,88,a,1103857,526,0.0477
SARS-CoV2-5UTR-Amplicon-short-trimmed+3,89,a,1103860,3059,0.2771
SARS-CoV2-5UTR-Amplicon-short-trimmed+3,90,c,1103858,512,0.0464
SARS-CoV2-5UTR-Amplicon-short-trimmed+3,91,t,1103858,630,0.0571
SARS-CoV2-5UTR-Amplicon-short-trimmed+3,92,a,1103857,489,0.0443
SARS-CoV2-5UTR-Amplicon-short-trimmed+3,93,a,1103857,561,0.0508
SARS-CoV2-5UTR-Amplicon-short-trimmed+3,94,t,1103832,506,0.0458
SARS-CoV2-5UTR-Amplicon-short-trimmed+3,95,t,1103843,916,0.083
SARS-CoV2-5UTR-Amplicon-short-trimmed+3,96,a,1103843,536,0.0486
SARS-CoV2-5UTR-Amplicon-short-trimmed+3,97,c,1103842,233,0.0211
SARS-CoV2-5UTR-Amplicon-short-trimmed+3,98,t,1103840,829,0.0751
SARS-CoV2-5UTR-Amplicon-short-trimmed+3,99,g,1103837,3694,0.3347
SARS-CoV2-5UTR-Amplicon-short-trimmed+3,100,t,1103836,820,0.0743
SARS-CoV2-5UTR-Amplicon-short-trimmed+3,101,c,1103837,913,0.0827
SARS-CoV2-5UTR-Amplicon-short-trimmed+3,102,g,1103862,14599,1.3225
SARS-CoV2-5UTR-Amplicon-short-trimmed+3,103,t,1103864,704,0.0638
SARS-CoV2-5UTR-Amplicon-short-trimmed+3,104,t,1103863,1016,0.092
SARS-CoV2-5UTR-Amplicon-short-trimmed+3,105,g,1103876,832,0.0754
SARS-CoV2-5UTR-Amplicon-short-trimmed+3,106,a,1103899,759,0.0688
SARS-CoV2-5UTR-Amplicon-short-trimmed+3,107,c,1103918,672,0.0609
SARS-CoV2-5UTR-Amplicon-short-trimmed+3,108,a,1103945,1291,0.1169
SARS-CoV2-5UTR-Amplicon-short-trimmed+3,109,g,1104046,4622,0.4186
SARS-CoV2-5UTR-Amplicon-short-trimmed+3,110,g,1104217,1228,0.1112
SARS-CoV2-5UTR-Amplicon-short-trimmed+3,111,a,1104713,709,0.0642
SARS-CoV2-5UTR-Amplicon-short-trimmed+3,112,c,1105338,521,0.0471
SARS-CoV2-5UTR-Amplicon-short-trimmed+3,113,a,1106869,1540,0.1391
SARS-CoV2-5UTR-Amplicon-short-trimmed+3,114,c,1111890,734,0.066
SARS-CoV2-5UTR-Amplicon-short-trimmed+3,115,g,1128355,3699,0.3278
SARS-CoV2-5UTR-Amplicon-short-trimmed+3,116,a,1198640,1318,0.11
SARS-CoV2-5UTR-Amplicon-short-trimmed+3,117,g,1999996,13399,0.67
SARS-CoV2-5UTR-Amplicon-short-trimmed+3,118,t,1999993,3196,0.1598
SARS-CoV2-5UTR-Amplicon-short-trimmed+3,119,a,1999993,4294,0.2147
SARS-CoV2-5UTR-Amplicon-short-trimmed+3,120,a,1999973,3003,0.1502
SARS-CoV2-5UTR-Amplicon-short-trimmed+3,121,c,1999990,2262,0.1131
SARS-CoV2-5UTR-Amplicon-short-trimmed+3,122,t,1999978,5312,0.2656
SARS-CoV2-5UTR-Amplicon-short-trimmed+3,123,c,1999973,4150,0.2075
SARS-CoV2-5UTR-Amplicon-short-trimmed+3,124,g,1999908,14724,0.7362
SARS-CoV2-5UTR-Amplicon-short-trimmed+3,125,t,1999912,4339,0.217
SARS-CoV2-5UTR-Amplicon-short-trimmed+3,126,c,1999852,2058,0.1029
SARS-CoV2-5UTR-Amplicon-short-trimmed+3,127,t,1999703,1241,0.0621
SARS-CoV2-5UTR-Amplicon-short-trimmed+3,128,a,1999142,3489,0.1745
SARS-CoV2-5UTR-Amplicon-short-trimmed+3,129,t,1998174,6661,0.3334
SARS-CoV2-5UTR-Amplicon-short-trimmed+3,130,c,1998252,827,0.0414
SARS-CoV2-5UTR-Amplicon-short-trimmed+3,131,t,1998152,2078,0.104
SARS-CoV2-5UTR-Amplicon-short-trimmed+3,132,t,1989386,1944,0.0977
SARS-CoV2-5UTR-Amplicon-short-trimmed+3,133,c,1018753,1526,0.1498
SARS-CoV2-5UTR-Amplicon-short-trimmed+3,134,t,921246,1659,0.1801
SARS-CoV2-5UTR-Amplicon-short-trimmed+3,135,g,905369,8468,0.9353
SARS-CoV2-5UTR-Amplicon-short-trimmed+3,136,c,899871,3985,0.4428
SARS-CoV2-5UTR-Amplicon-short-trimmed+3,137,a,899078,1415,0.1574
SARS-CoV2-5UTR-Amplicon-short-trimmed+3,138,g,898391,838,0.0933
SARS-CoV2-5UTR-Amplicon-short-trimmed+3,139,g,897975,1128,0.1256
SARS-CoV2-5UTR-Amplicon-short-trimmed+3,140,c,897672,1373,0.153
SARS-CoV2-5UTR-Amplicon-short-trimmed+3,141,t,897566,2683,0.2989
SARS-CoV2-5UTR-Amplicon-short-trimmed+3,142,g,897511,2052,0.2286
SARS-CoV2-5UTR-Amplicon-short-trimmed+3,143,c,897489,4363,0.4861
SARS-CoV2-5UTR-Amplicon-short-trimmed+3,144,t,897436,652,0.0727
SARS-CoV2-5UTR-Amplicon-short-trimmed+3,145,t,897422,1772,0.1975
SARS-CoV2-5UTR-Amplicon-short-trimmed+3,146,a,897380,1593,0.1775
SARS-CoV2-5UTR-Amplicon-short-trimmed+3,147,c,897379,1060,0.1181
SARS-CoV2-5UTR-Amplicon-short-trimmed+3,148,g,897375,825,0.0919
SARS-CoV2-5UTR-Amplicon-short-trimmed+3,149,g,897357,1008,0.1123
SARS-CoV2-5UTR-Amplicon-short-trimmed+3,150,t,897358,921,0.1026
SARS-CoV2-5UTR-Amplicon-short-trimmed+3,151,t,897361,1015,0.1131
SARS-CoV2-5UTR-Amplicon-short-trimmed+3,152,t,897363,2783,0.3101
SARS-CoV2-5UTR-Amplicon-short-trimmed+3,153,c,897354,2252,0.251
SARS-CoV2-5UTR-Amplicon-short-trimmed+3,154,g,897357,3418,0.3809
SARS-CoV2-5UTR-Amplicon-short-trimmed+3,155,t,897373,1881,0.2096
SARS-CoV2-5UTR-Amplicon-short-trimmed+3,156,c,897375,1120,0.1248
SARS-CoV2-5UTR-Amplicon-short-trimmed+3,157,c,897375,1782,0.1986
SARS-CoV2-5UTR-Amplicon-short-trimmed+3,158,g,897372,951,0.106
SARS-CoV2-5UTR-Amplicon-short-trimmed+3,159,t,897371,6969,0.7766
SARS-CoV2-5UTR-Amplicon-short-trimmed+3,160,g,897371,2742,0.3056
SARS-CoV2-5UTR-Amplicon-short-trimmed+3,161,t,897374,995,0.1109
SARS-CoV2-5UTR-Amplicon-short-trimmed+3,162,t,897375,2586,0.2882
SARS-CoV2-5UTR-Amplicon-short-trimmed+3,163,g,897359,606,0.0675
SARS-CoV2-5UTR-Amplicon-short-trimmed+3,164,c,897359,1710,0.1906
SARS-CoV2-5UTR-Amplicon-short-trimmed+3,165,a,897375,1337,0.149
SARS-CoV2-5UTR-Amplicon-short-trimmed+3,166,g,897510,1491,0.1661
SARS-CoV2-5UTR-Amplicon-short-trimmed+3,167,c,897515,1590,0.1772
SARS-CoV2-5UTR-Amplicon-short-trimmed+3,168,c,897516,6407,0.7139
SARS-CoV2-5UTR-Amplicon-short-trimmed+3,169,g,897516,1535,0.171
SARS-CoV2-5UTR-Amplicon-short-trimmed+3,170,a,897538,1038,0.1156
SARS-CoV2-5UTR-Amplicon-short-trimmed+3,171,t,897540,1079,0.1202
SARS-CoV2-5UTR-Amplicon-short-trimmed+3,172,c,897541,880,0.098
SARS-CoV2-5UTR-Amplicon-short-trimmed+3,173,a,897538,952,0.1061
SARS-CoV2-5UTR-Amplicon-short-trimmed+3,174,t,897538,803,0.0895
SARS-CoV2-5UTR-Amplicon-short-trimmed+3,175,c,897539,1190,0.1326
SARS-CoV2-5UTR-Amplicon-short-trimmed+3,176,a,897539,1689,0.1882
SARS-CoV2-5UTR-Amplicon-short-trimmed+3,177,g,897540,6980,0.7777
SARS-CoV2-5UTR-Amplicon-short-trimmed+3,178,c,897546,6678,0.744
SARS-CoV2-5UTR-Amplicon-short-trimmed+3,179,a,897548,1274,0.1419
SARS-CoV2-5UTR-Amplicon-short-trimmed+3,180,c,897548,942,0.105
SARS-CoV2-5UTR-Amplicon-short-trimmed+3,181,a,897548,713,0.0794
SARS-CoV2-5UTR-Amplicon-short-trimmed+3,182,t,897548,739,0.0823
SARS-CoV2-5UTR-Amplicon-short-trimmed+3,183,c,897548,430,0.0479
SARS-CoV2-5UTR-Amplicon-short-trimmed+3,184,t,897548,1300,0.1448
SARS-CoV2-5UTR-Amplicon-short-trimmed+3,185,a,897548,3337,0.3718
SARS-CoV2-5UTR-Amplicon-short-trimmed+3,186,g,897549,4912,0.5473
SARS-CoV2-5UTR-Amplicon-short-trimmed+3,187,g,897552,6139,0.684
SARS-CoV2-5UTR-Amplicon-short-trimmed+3,188,t,897553,768,0.0856
SARS-CoV2-5UTR-Amplicon-short-trimmed+3,189,t,897547,1490,0.166
SARS-CoV2-5UTR-Amplicon-short-trimmed+3,190,t,897546,2464,0.2745
SARS-CoV2-5UTR-Amplicon-short-trimmed+3,191,c,897546,2199,0.245
SARS-CoV2-5UTR-Amplicon-short-trimmed+3,192,g,897546,4834,0.5386
SARS-CoV2-5UTR-Amplicon-short-trimmed+3,193,t,897546,5981,0.6664
SARS-CoV2-5UTR-Amplicon-short-trimmed+3,194,c,897546,833,0.0928
SARS-CoV2-5UTR-Amplicon-short-trimmed+3,195,c,897547,1356,0.1511
SARS-CoV2-5UTR-Amplicon-short-trimmed+3,196,g,897547,3985,0.444
SARS-CoV2-5UTR-Amplicon-short-trimmed+3,197,g,897547,3817,0.4253
SARS-CoV2-5UTR-Amplicon-short-trimmed+3,198,g,897547,7993,0.8905
SARS-CoV2-5UTR-Amplicon-short-trimmed+3,199,t,897547,1976,0.2202
SARS-CoV2-5UTR-Amplicon-short-trimmed+3,200,g,897547,4970,0.5537
SARS-CoV2-5UTR-Amplicon-short-trimmed+3,201,t,897547,1166,0.1299
SARS-CoV2-5UTR-Amplicon-short-trimmed+3,202,g,897547,2972,0.3311
SARS-CoV2-5UTR-Amplicon-short-trimmed+3,203,a,897547,1810,0.2017
SARS-CoV2-5UTR-Amplicon-short-trimmed+3,204,c,897547,643,0.0716
SARS-CoV2-5UTR-Amplicon-short-trimmed+3,205,c,897547,440,0.049
SARS-CoV2-5UTR-Amplicon-short-trimmed+3,206,g,897547,6903,0.7691
SARS-CoV2-5UTR-Amplicon-short-trimmed+3,207,a,897547,1110,0.1237
SARS-CoV2-5UTR-Amplicon-short-trimmed+3,208,a,897546,683,0.0761
SARS-CoV2-5UTR-Amplicon-short-trimmed+3,209,a,897546,1294,0.1442
SARS-CoV2-5UTR-Amplicon-short-trimmed+3,210,g,897551,4556,0.5076
SARS-CoV2-5UTR-Amplicon-short-trimmed+3,211,g,897551,5098,0.568
SARS-CoV2-5UTR-Amplicon-short-trimmed+3,212,t,897551,754,0.084
SARS-CoV2-5UTR-Amplicon-short-trimmed+3,213,a,897524,710,0.0791
SARS-CoV2-5UTR-Amplicon-short-trimmed+3,214,a,897523,1025,0.1142
SARS-CoV2-5UTR-Amplicon-short-trimmed+3,215,g,897524,1331,0.1483
SARS-CoV2-5UTR-Amplicon-short-trimmed+3,216,a,897661,506,0.0564
SARS-CoV2-5UTR-Amplicon-short-trimmed+3,217,t,897656,1114,0.1241
SARS-CoV2-5UTR-Amplicon-short-trimmed+3,218,g,897656,3309,0.3686
SARS-CoV2-5UTR-Amplicon-short-trimmed+3,219,g,897646,1740,0.1938
SARS-CoV2-5UTR-Amplicon-short-trimmed+3,220,a,897646,2164,0.2411
SARS-CoV2-5UTR-Amplicon-short-trimmed+3,221,g,897643,2834,0.3157
SARS-CoV2-5UTR-Amplicon-short-trimmed+3,222,a,897499,825,0.0919
SARS-CoV2-5UTR-Amplicon-short-trimmed+3,223,g,897498,3547,0.3952
SARS-CoV2-5UTR-Amplicon-short-trimmed+3,224,c,897493,475,0.0529
SARS-CoV2-5UTR-Amplicon-short-trimmed+3,225,c,897493,434,0.0484
SARS-CoV2-5UTR-Amplicon-short-trimmed+3,226,t,897493,1120,0.1248
SARS-CoV2-5UTR-Amplicon-short-trimmed+3,227,t,897492,5866,0.6536
SARS-CoV2-5UTR-Amplicon-short-trimmed+3,228,g,897487,3595,0.4006
SARS-CoV2-5UTR-Amplicon-short-trimmed+3,229,t,897481,1428,0.1591
SARS-CoV2-5UTR-Amplicon-short-trimmed+3,230,c,897480,2056,0.2291
SARS-CoV2-5UTR-Amplicon-short-trimmed+3,231,c,897480,343,0.0382
SARS-CoV2-5UTR-Amplicon-short-trimmed+3,232,c,897478,536,0.0597
SARS-CoV2-5UTR-Amplicon-short-trimmed+3,233,t,897198,1887,0.2103
SARS-CoV2-5UTR-Amplicon-short-trimmed+3,234,g,897194,4923,0.5487
SARS-CoV2-5UTR-Amplicon-short-trimmed+3,235,g,897188,5734,0.6391
SARS-CoV2-5UTR-Amplicon-short-trimmed+3,236,t,897186,447,0.0498
SARS-CoV2-5UTR-Amplicon-short-trimmed+3,237,t,897181,711,0.0792
SARS-CoV2-5UTR-Amplicon-short-trimmed+3,238,t,897176,711,0.0792
SARS-CoV2-5UTR-Amplicon-short-trimmed+3,239,c,897151,6417,0.7153
SARS-CoV2-5UTR-Amplicon-short-trimmed+3,240,a,897112,698,0.0778
SARS-CoV2-5UTR-Amplicon-short-trimmed+3,241,a,897091,505,0.0563
SARS-CoV2-5UTR-Amplicon-short-trimmed+3,242,c,896980,605,0.0674
SARS-CoV2-5UTR-Amplicon-short-trimmed+3,243,g,896734,1944,0.2168
SARS-CoV2-5UTR-Amplicon-short-trimmed+3,244,a,896565,1120,0.1249
SARS-CoV2-5UTR-Amplicon-short-trimmed+3,245,g,895375,0,0
SARS-CoV2-5UTR-Amplicon-short-trimmed+3,246,g,892760,0,0
SARS-CoV2-5UTR-Amplicon-short-trimmed+3,247,G,889201,0,0
SARS-CoV2-5UTR-Amplicon-short-trimmed+3,248,A,888489,0,0
SARS-CoV2-5UTR-Amplicon-short-trimmed+3,249,G,887990,0,0
