Region,Position,Ref_base,Depth,Mut_count,Mut_percentage
SARS-CoV2-5UTR-Amplicon-short-trimmed+3,1,T,1112463,0,0
SARS-CoV2-5UTR-Amplicon-short-trimmed+3,2,T,1113202,0,0
SARS-CoV2-5UTR-Amplicon-short-trimmed+3,3,G,1113432,0,0
SARS-CoV2-5UTR-Amplicon-short-trimmed+3,4,t,1117771,0,0
SARS-CoV2-5UTR-Amplicon-short-trimmed+3,5,a,1118031,0,0
SARS-CoV2-5UTR-Amplicon-short-trimmed+3,6,g,1118300,2183,0.1952
SARS-CoV2-5UTR-Amplicon-short-trimmed+3,7,a,1118719,250,0.0223
SARS-CoV2-5UTR-Amplicon-short-trimmed+3,8,t,1118733,311,0.0278
SARS-CoV2-5UTR-Amplicon-short-trimmed+3,9,c,1118745,313,0.028
SARS-CoV2-5UTR-Amplicon-short-trimmed+3,10,t,1118752,366,0.0327
SARS-CoV2-5UTR-Amplicon-short-trimmed+3,11,g,1118760,11567,1.0339
SARS-CoV2-5UTR-Amplicon-short-trimmed+3,12,t,1118785,399,0.0357
SARS-CoV2-5UTR-Amplicon-short-trimmed+3,13,t,1118785,377,0.0337
SARS-CoV2-5UTR-Amplicon-short-trimmed+3,14,c,1118803,239,0.0214
SARS-CoV2-5UTR-Amplicon-short-trimmed+3,15,t,1118811,346,0.0309
SARS-CoV2-5UTR-Amplicon-short-trimmed+3,16,c,1118820,619,0.0553
SARS-CoV2-5UTR-Amplicon-short-trimmed+3,17,t,1118830,273,0.0244
SARS-CoV2-5UTR-Amplicon-short-trimmed+3,18,a,1118832,551,0.0492
SARS-CoV2-5UTR-Amplicon-short-trimmed+3,19,a,1118842,459,0.041
SARS-CoV2-5UTR-Amplicon-short-trimmed+3,20,a,1118871,370,0.0331
SARS-CoV2-5UTR-Amplicon-short-trimmed+3,21,c,1118872,303,0.0271
SARS-CoV2-5UTR-Amplicon-short-trimmed+3,22,g,1118872,2756,0.2463
SARS-CoV2-5UTR-Amplicon-short-trimmed+3,23,a,1118872,504,0.045
SARS-CoV2-5UTR-Amplicon-short-trimmed+3,24,a,1118872,317,0.0283
SARS-CoV2-5UTR-Amplicon-short-trimmed+3,25,c,1118872,10149,0.9071
SARS-CoV2-5UTR-Amplicon-short-trimmed+3,26,t,1118872,919,0.0821
SARS-CoV2-5UTR-Amplicon-short-trimmed+3,27,t,1118872,966,0.0863
SARS-CoV2-5UTR-Amplicon-short-trimmed+3,28,t,1118874,2458,0.2197
SARS-CoV2-5UTR-Amplicon-short-trimmed+3,29,a,1118874,847,0.0757
SARS-CoV2-5UTR-Amplicon-short-trimmed+3,30,a,1118874,406,0.0363
SARS-CoV2-5UTR-Amplicon-short-trimmed+3,31,a,1118867,408,0.0365
SARS-CoV2-5UTR-Amplicon-short-trimmed+3,32,a,1118872,367,0.0328
SARS-CoV2-5UTR-Amplicon-short-trimmed+3,33,t,1118879,2420,0.2163
SARS-CoV2-5UTR-Amplicon-short-trimmed+3,34,c,1118879,344,0.0307
SARS-CoV2-5UTR-Amplicon-short-trimmed+3,35,t,1118879,1103,0.0986
SARS-CoV2-5UTR-Amplicon-short-trimmed+3,36,g,1118879,6938,0.6201
SARS-CoV2-5UTR-Amplicon-short-trimmed+3,37,t,1118898,377,0.0337
SARS-CoV2-5UTR-Amplicon-short-trimmed+3,38,g,1118898,3333,0.2979
SARS-CoV2-5UTR-Amplicon-short-trimmed+3,39,t,1118899,383,0.0342
SARS-CoV2-5UTR-Amplicon-short-trimmed+3,40,g,1118899,3437,0.3072
SARS-CoV2-5UTR-Amplicon-short-trimmed+3,41,g,1118899,2394,0.214
SARS-CoV2-5UTR-Amplicon-short-trimmed+3,42,c,1118898,305,0.0273
SARS-CoV2-5UTR-Amplicon-short-trimmed+3,43,t,1118896,1078,0.0963
SARS-CoV2-5UTR-Amplicon-short-trimmed+3,44,g,1118896,2385,0.2132
SARS-CoV2-5UTR-Amplicon-short-trimmed+3,45,t,1118896,756,0.0676
SARS-CoV2-5UTR-Amplicon-short-trimmed+3,46,c,1118895,194,0.0173
SARS-CoV2-5UTR-Amplicon-short-trimmed+3,47,a,1118890,558,0.0499
SARS-CoV2-5UTR-Amplicon-short-trimmed+3,48,c,1118890,241,0.0215
SARS-CoV2-5UTR-Amplicon-short-trimmed+3,49,t,1118890,345,0.0308
SARS-CoV2-5UTR-Amplicon-short-trimmed+3,50,c,1118887,521,0.0466
SARS-CoV2-5UTR-Amplicon-short-trimmed+3,51,g,1118887,4509,0.403
SARS-CoV2-5UTR-Amplicon-short-trimmed+3,52,g,1118887,2212,0.1977
SARS-CoV2-5UTR-Amplicon-short-trimmed+3,53,c,1118887,1285,0.1148
SARS-CoV2-5UTR-Amplicon-short-trimmed+3,54,t,1118894,855,0.0764
SARS-CoV2-5UTR-Amplicon-short-trimmed+3,55,g,1118894,3038,0.2715
SARS-CoV2-5UTR-Amplicon-short-trimmed+3,56,c,1118894,434,0.0388
SARS-CoV2-5UTR-Amplicon-short-trimmed+3,57,g,1118894,1954,0.1746
SARS-CoV2-5UTR-Amplicon-short-trimmed+3,58,t,1118894,518,0.0463
SARS-CoV2-5UTR-Amplicon-short-trimmed+3,59,g,1118894,2021,0.1806
SARS-CoV2-5UTR-Amplicon-short-trimmed+3,60,c,1118894,498,0.0445
SARS-CoV2-5UTR-Amplicon-short-trimmed+3,61,t,1118896,1484,0.1326
SARS-CoV2-5UTR-Amplicon-short-trimmed+3,62,t,1118896,2459,0.2198
SARS-CoV2-5UTR-Amplicon-short-trimmed+3,63,a,1118896,3366,0.3008
SARS-CoV2-5UTR-Amplicon-short-trimmed+3,64,g,1118895,4429,0.3958
SARS-CoV2-5UTR-Amplicon-short-trimmed+3,65,t,1118894,640,0.0572
SARS-CoV2-5UTR-Amplicon-short-trimmed+3,66,g,1118894,5298,0.4735
SARS-CoV2-5UTR-Amplicon-short-trimmed+3,67,c,1118894,666,0.0595
SARS-CoV2-5UTR-Amplicon-short-trimmed+3,68,a,1118895,657,0.0587
SARS-CoV2-5UTR-Amplicon-short-trimmed+3,69,c,1118895,420,0.0375
SARS-CoV2-5UTR-Amplicon-short-trimmed+3,70,t,1118895,429,0.0383
SARS-CoV2-5UTR-Amplicon-short-trimmed+3,71,c,1118895,496,0.0443
SARS-CoV2-5UTR-Amplicon-short-trimmed+3,72,a,1118908,570,0.0509
SARS-CoV2-5UTR-Amplicon-short-trimmed+3,73,c,1118908,292,0.0261
SARS-CoV2-5UTR-Amplicon-short-trimmed+3,74,g,1118908,2308,0.2063
SARS-CoV2-5UTR-Amplicon-short-trimmed+3,75,c,1118913,1496,0.1337
SARS-CoV2-5UTR-Amplicon-short-trimmed+3,76,a,1118912,838,0.0749
SARS-CoV2-5UTR-Amplicon-short-trimmed+3,77,g,1118912,1397,0.1249
SARS-CoV2-5UTR-Amplicon-short-trimmed+3,78,t,1118919,689,0.0616
SARS-CoV2-5UTR-Amplicon-short-trimmed+3,79,a,1118918,809,0.0723
SARS-CoV2-5UTR-Amplicon-short-trimmed+3,80,t,1118918,290,0.0259
SARS-CoV2-5UTR-Amplicon-short-trimmed+3,81,a,1118914,439,0.0392
SARS-CoV2-5UTR-Amplicon-short-trimmed+3,82,a,1118911,935,0.0836
SARS-CoV2-5UTR-Amplicon-short-trimmed+3,83,t,1118912,380,0.034
SARS-CoV2-5UTR-Amplicon-short-trimmed+3,84,t,1118912,1000,0.0894
SARS-CoV2-5UTR-Amplicon-short-trimmed+3,85,a,1118911,686,0.0613
SARS-CoV2-5UTR-Amplicon-short-trimmed+3,86,a,1118911,499,0.0446
SARS-CoV2-5UTR-Amplicon-short-trimmed+3,87,t,1118919,401,0.0358
SARS-CoV2-5UTR-Amplicon-short-trimmed+3,88,a,1118920,567,0.0507
SARS-CoV2-5UTR-Amplicon-short-trimmed+3,89,a,1118921,3032,0.271
SARS-CoV2-5UTR-Amplicon-short-trimmed+3,90,c,1118909,404,0.0361
SARS-CoV2-5UTR-Amplicon-short-trimmed+3,91,t,1118916,565,0.0505
SARS-CoV2-5UTR-Amplicon-short-trimmed+3,92,a,1118888,484,0.0433
SARS-CoV2-5UTR-Amplicon-short-trimmed+3,93,a,1118888,512,0.0458
SARS-CoV2-5UTR-Amplicon-short-trimmed+3,94,t,1118885,454,0.0406
SARS-CoV2-5UTR-Amplicon-short-trimmed+3,95,t,1118884,874,0.0781
SARS-CoV2-5UTR-Amplicon-short-trimmed+3,96,a,1118884,440,0.0393
SARS-CoV2-5UTR-Amplicon-short-trimmed+3,97,c,1118884,228,0.0204
SARS-CoV2-5UTR-Amplicon-short-trimmed+3,98,t,1118883,610,0.0545
SARS-CoV2-5UTR-Amplicon-short-trimmed+3,99,g,1118882,2676,0.2392
SARS-CoV2-5UTR-Amplicon-short-trimmed+3,100,t,1118880,626,0.0559
SARS-CoV2-5UTR-Amplicon-short-trimmed+3,101,c,1118881,644,0.0576
SARS-CoV2-5UTR-Amplicon-short-trimmed+3,102,g,1118908,10308,0.9213
SARS-CoV2-5UTR-Amplicon-short-trimmed+3,103,t,1118912,561,0.0501
SARS-CoV2-5UTR-Amplicon-short-trimmed+3,104,t,1118910,1012,0.0904
SARS-CoV2-5UTR-Amplicon-short-trimmed+3,105,g,1118884,847,0.0757
SARS-CoV2-5UTR-Amplicon-short-trimmed+3,106,a,1118904,777,0.0694
SARS-CoV2-5UTR-Amplicon-short-trimmed+3,107,c,1118919,689,0.0616
SARS-CoV2-5UTR-Amplicon-short-trimmed+3,108,a,1118949,1229,0.1098
SARS-CoV2-5UTR-Amplicon-short-trimmed+3,109,g,1119031,3360,0.3003
SARS-CoV2-5UTR-Amplicon-short-trimmed+3,110,g,1119227,1294,0.1156
SARS-CoV2-5UTR-Amplicon-short-trimmed+3,111,a,1119707,625,0.0558
SARS-CoV2-5UTR-Amplicon-short-trimmed+3,112,c,1120266,518,0.0462
SARS-CoV2-5UTR-Amplicon-short-trimmed+3,113,a,1121572,1547,0.1379
SARS-CoV2-5UTR-Amplicon-short-trimmed+3,114,c,1125504,736,0.0654
SARS-CoV2-5UTR-Amplicon-short-trimmed+3,115,g,1139521,1836,0.1611
SARS-CoV2-5UTR-Amplicon-short-trimmed+3,116,a,1206281,1170,0.097
SARS-CoV2-5UTR-Amplicon-short-trimmed+3,117,g,1999998,5742,0.2871
SARS-CoV2-5UTR-Amplicon-short-trimmed+3,118,t,1999991,2994,0.1497
SARS-CoV2-5UTR-Amplicon-short-trimmed+3,119,a,1999997,4075,0.2038
SARS-CoV2-5UTR-Amplicon-short-trimmed+3,120,a,1999996,2749,0.1375
SARS-CoV2-5UTR-Amplicon-short-trimmed+3,121,c,1999988,1937,0.0969
SARS-CoV2-5UTR-Amplicon-short-trimmed+3,122,t,1999965,4658,0.2329
SARS-CoV2-5UTR-Amplicon-short-trimmed+3,123,c,1999976,3324,0.1662
SARS-CoV2-5UTR-Amplicon-short-trimmed+3,124,g,1999896,9452,0.4726
SARS-CoV2-5UTR-Amplicon-short-trimmed+3,125,t,1999902,3563,0.1782
SARS-CoV2-5UTR-Amplicon-short-trimmed+3,126,c,1999834,1852,0.0926
SARS-CoV2-5UTR-Amplicon-short-trimmed+3,127,t,1999706,1136,0.0568
SARS-CoV2-5UTR-Amplicon-short-trimmed+3,128,a,1999130,3203,0.1602
SARS-CoV2-5UTR-Amplicon-short-trimmed+3,129,t,1998148,6188,0.3097
SARS-CoV2-5UTR-Amplicon-short-trimmed+3,130,c,1998184,833,0.0417
SARS-CoV2-5UTR-Amplicon-short-trimmed+3,131,t,1998098,1854,0.0928
SARS-CoV2-5UTR-Amplicon-short-trimmed+3,132,t,1989731,1701,0.0855
SARS-CoV2-5UTR-Amplicon-short-trimmed+3,133,c,997939,1220,0.1223
SARS-CoV2-5UTR-Amplicon-short-trimmed+3,134,t,903018,1498,0.1659
SARS-CoV2-5UTR-Amplicon-short-trimmed+3,135,g,889007,5489,0.6174
SARS-CoV2-5UTR-Amplicon-short-trimmed+3,136,c,884294,3624,0.4098
SARS-CoV2-5UTR-Amplicon-short-trimmed+3,137,a,883631,1237,0.14
SARS-CoV2-5UTR-Amplicon-short-trimmed+3,138,g,882998,869,0.0984
SARS-CoV2-5UTR-Amplicon-short-trimmed+3,139,g,882672,964,0.1092
SARS-CoV2-5UTR-Amplicon-short-trimmed+3,140,c,882439,1222,0.1385
SARS-CoV2-5UTR-Amplicon-short-trimmed+3,141,t,882350,2441,0.2766
SARS-CoV2-5UTR-Amplicon-short-trimmed+3,142,g,882298,1880,0.2131
SARS-CoV2-5UTR-Amplicon-short-trimmed+3,143,c,882275,4193,0.4752
SARS-CoV2-5UTR-Amplicon-short-trimmed+3,144,t,882208,574,0.0651
SARS-CoV2-5UTR-Amplicon-short-trimmed+3,145,t,882188,1623,0.184
SARS-CoV2-5UTR-Amplicon-short-trimmed+3,146,a,882167,1366,0.1548
SARS-CoV2-5UTR-Amplicon-short-trimmed+3,147,c,882165,945,0.1071
SARS-CoV2-5UTR-Amplicon-short-trimmed+3,148,g,882170,794,0.09
SARS-CoV2-5UTR-Amplicon-short-trimmed+3,149,g,882164,1070,0.1213
SARS-CoV2-5UTR-Amplicon-short-trimmed+3,150,t,882163,804,0.0911
SARS-CoV2-5UTR-Amplicon-short-trimmed+3,151,t,882159,909,0.103
SARS-CoV2-5UTR-Amplicon-short-trimmed+3,152,t,882161,2581,0.2926
SARS-CoV2-5UTR-Amplicon-short-trimmed+3,153,c,882162,1700,0.1927
SARS-CoV2-5UTR-Amplicon-short-trimmed+3,154,g,882168,2437,0.2763
SARS-CoV2-5UTR-Amplicon-short-trimmed+3,155,t,882176,1690,0.1916
SARS-CoV2-5UTR-Amplicon-short-trimmed+3,156,c,882176,1104,0.1251
SARS-CoV2-5UTR-Amplicon-short-trimmed+3,157,c,882178,1637,0.1856
SARS-CoV2-5UTR-Amplicon-short-trimmed+3,158,g,882169,928,0.1052
SARS-CoV2-5UTR-Amplicon-short-trimmed+3,159,t,882169,6669,0.756
SARS-CoV2-5UTR-Amplicon-short-trimmed+3,160,g,882173,2133,0.2418
SARS-CoV2-5UTR-Amplicon-short-trimmed+3,161,t,882174,864,0.0979
SARS-CoV2-5UTR-Amplicon-short-trimmed+3,162,t,882175,1395,0.1581
SARS-CoV2-5UTR-Amplicon-short-trimmed+3,163,g,882178,736,0.0834
SARS-CoV2-5UTR-Amplicon-short-trimmed+3,164,c,882179,1409,0.1597
SARS-CoV2-5UTR-Amplicon-short-trimmed+3,165,a,882187,1151,0.1305
SARS-CoV2-5UTR-Amplicon-short-trimmed+3,166,g,882281,1073,0.1216
SARS-CoV2-5UTR-Amplicon-short-trimmed+3,167,c,882285,1487,0.1685
SARS-CoV2-5UTR-Amplicon-short-trimmed+3,168,c,882270,5609,0.6357
SARS-CoV2-5UTR-Amplicon-short-trimmed+3,169,g,882268,1281,0.1452
SARS-CoV2-5UTR-Amplicon-short-trimmed+3,170,a,882280,971,0.1101
SARS-CoV2-5UTR-Amplicon-short-trimmed+3,171,t,882282,850,0.0963
SARS-CoV2-5UTR-Amplicon-short-trimmed+3,172,c,882285,699,0.0792
SARS-CoV2-5UTR-Amplicon-short-trimmed+3,173,a,882285,849,0.0962
SARS-CoV2-5UTR-Amplicon-short-trimmed+3,174,t,882285,634,0.0719
SARS-CoV2-5UTR-Amplicon-short-trimmed+3,175,c,882285,1044,0.1183
SARS-CoV2-5UTR-Amplicon-short-trimmed+3,176,a,882286,1464,0.1659
SARS-CoV2-5UTR-Amplicon-short-trimmed+3,177,g,882286,4239,0.4805
SARS-CoV2-5UTR-Amplicon-short-trimmed+3,178,c,882286,5931,0.6722
SARS-CoV2-5UTR-Amplicon-short-trimmed+3,179,a,882287,1149,0.1302
SARS-CoV2-5UTR-Amplicon-short-trimmed+3,180,c,882287,825,0.0935
SARS-CoV2-5UTR-Amplicon-short-trimmed+3,181,a,882287,724,0.0821
SARS-CoV2-5UTR-Amplicon-short-trimmed+3,182,t,882287,638,0.0723
SARS-CoV2-5UTR-Amplicon-short-trimmed+3,183,c,882281,351,0.0398
SARS-CoV2-5UTR-Amplicon-short-trimmed+3,184,t,882282,1148,0.1301
SARS-CoV2-5UTR-Amplicon-short-trimmed+3,185,a,882283,2364,0.2679
SARS-CoV2-5UTR-Amplicon-short-trimmed+3,186,g,882283,3229,0.366
SARS-CoV2-5UTR-Amplicon-short-trimmed+3,187,g,882285,4354,0.4935
SARS-CoV2-5UTR-Amplicon-short-trimmed+3,188,t,882289,642,0.0728
SARS-CoV2-5UTR-Amplicon-short-trimmed+3,189,t,882289,1230,0.1394
SARS-CoV2-5UTR-Amplicon-short-trimmed+3,190,t,882290,2190,0.2482
SARS-CoV2-5UTR-Amplicon-short-trimmed+3,191,c,882290,1420,0.1609
SARS-CoV2-5UTR-Amplicon-short-trimmed+3,192,g,882290,2416,0.2738
SARS-CoV2-5UTR-Amplicon-short-trimmed+3,193,t,882290,5497,0.623
SARS-CoV2-5UTR-Amplicon-short-trimmed+3,194,c,882290,662,0.075
SARS-CoV2-5UTR-Amplicon-short-trimmed+3,195,c,882277,1094,0.124
SARS-CoV2-5UTR-Amplicon-short-trimmed+3,196,g,882271,2512,0.2847
SARS-CoV2-5UTR-Amplicon-short-trimmed+3,197,g,882271,2278,0.2582
SARS-CoV2-5UTR-Amplicon-short-trimmed+3,198,g,882263,6026,0.683
SARS-CoV2-5UTR-Amplicon-short-trimmed+3,199,t,882263,1532,0.1736
SARS-CoV2-5UTR-Amplicon-short-trimmed+3,200,g,882263,3783,0.4288
SARS-CoV2-5UTR-Amplicon-short-trimmed+3,201,t,882263,1066,0.1208
SARS-CoV2-5UTR-Amplicon-short-trimmed+3,202,g,882263,1949,0.2209
SARS-CoV2-5UTR-Amplicon-short-trimmed+3,203,a,882263,1620,0.1836
SARS-CoV2-5UTR-Amplicon-short-trimmed+3,204,c,882263,530,0.0601
SARS-CoV2-5UTR-Amplicon-short-trimmed+3,205,c,882263,363,0.0411
SARS-CoV2-5UTR-Amplicon-short-trimmed+3,206,g,882271,3968,0.4497
SARS-CoV2-5UTR-Amplicon-short-trimmed+3,207,a,882271,776,0.088
SARS-CoV2-5UTR-Amplicon-short-trimmed+3,208,a,882271,421,0.0477
SARS-CoV2-5UTR-Amplicon-short-trimmed+3,209,a,882271,959,0.1087
SARS-CoV2-5UTR-Amplicon-short-trimmed+3,210,g,882271,2080,0.2358
SARS-CoV2-5UTR-Amplicon-short-trimmed+3,211,g,882271,2618,0.2967
SARS-CoV2-5UTR-Amplicon-short-trimmed+3,212,t,882295,678,0.0768
SARS-CoV2-5UTR-Amplicon-short-trimmed+3,213,a,882295,555,0.0629
SARS-CoV2-5UTR-Amplicon-short-trimmed+3,214,a,882295,655,0.0742
SARS-CoV2-5UTR-Amplicon-short-trimmed+3,215,g,882296,773,0.0876
SARS-CoV2-5UTR-Amplicon-short-trimmed+3,216,a,882401,358,0.0406
SARS-CoV2-5UTR-Amplicon-short-trimmed+3,217,t,882400,965,0.1094
SARS-CoV2-5UTR-Amplicon-short-trimmed+3,218,g,882400,2413,0.2735
SARS-CoV2-5UTR-Amplicon-short-trimmed+3,219,g,882393,1019,0.1155
SARS-CoV2-5UTR-Amplicon-short-trimmed+3,220,a,882393,1785,0.2023
SARS-CoV2-5UTR-Amplicon-short-trimmed+3,221,g,882390,1734,0.1965
SARS-CoV2-5UTR-Amplicon-short-trimmed+3,222,a,882287,668,0.0757
SARS-CoV2-5UTR-Amplicon-short-trimmed+3,223,g,882285,2490,0.2822
SARS-CoV2-5UTR-Amplicon-short-trimmed+3,224,c,882285,358,0.0406
SARS-CoV2-5UTR-Amplicon-short-trimmed+3,225,c,882285,397,0.045
SARS-CoV2-5UTR-Amplicon-short-trimmed+3,226,t,882285,802,0.0909
SARS-CoV2-5UTR-Amplicon-short-trimmed+3,227,t,882282,5242,0.5941
SARS-CoV2-5UTR-Amplicon-short-trimmed+3,228,g,882276,2352,0.2666
SARS-CoV2-5UTR-Amplicon-short-trimmed+3,229,t,882273,1241,0.1407
SARS-CoV2-5UTR-Amplicon-short-trimmed+3,230,c,882273,258,0.0292
SARS-CoV2-5UTR-Amplicon-short-trimmed+3,231,c,882273,285,0.0323
SARS-CoV2-5UTR-Amplicon-short-trimmed+3,232,c,882269,493,0.0559
SARS-CoV2-5UTR-Amplicon-short-trimmed+3,233,t,882046,1671,0.1894
SARS-CoV2-5UTR-Amplicon-short-trimmed+3,234,g,882041,3402,0.3857
SARS-CoV2-5UTR-Amplicon-short-trimmed+3,235,g,882038,4449,0.5044
SARS-CoV2-5UTR-Amplicon-short-trimmed+3,236,t,882028,383,0.0434
SARS-CoV2-5UTR-Amplicon-short-trimmed+3,237,t,882028,639,0.0724
SARS-CoV2-5UTR-Amplicon-short-trimmed+3,238,t,882024,664,0.0753
SARS-CoV2-5UTR-Amplicon-short-trimmed+3,239,c,882015,6018,0.6823
SARS-CoV2-5UTR-Amplicon-short-trimmed+3,240,a,881987,608,0.0689
SARS-CoV2-5UTR-Amplicon-short-trimmed+3,241,a,881964,444,0.0503
SARS-CoV2-5UTR-Amplicon-short-trimmed+3,242,c,881924,488,0.0553
SARS-CoV2-5UTR-Amplicon-short-trimmed+3,243,g,881799,961,0.109
SARS-CoV2-5UTR-Amplicon-short-trimmed+3,244,a,881693,915,0.1038
SARS-CoV2-5UTR-Amplicon-short-trimmed+3,245,g,880944,0,0
SARS-CoV2-5UTR-Amplicon-short-trimmed+3,246,g,879528,0,0
SARS-CoV2-5UTR-Amplicon-short-trimmed+3,247,G,877660,0,0
SARS-CoV2-5UTR-Amplicon-short-trimmed+3,248,A,877018,0,0
SARS-CoV2-5UTR-Amplicon-short-trimmed+3,249,G,876704,0,0
