Region,Position,Ref_base,Mut_percentage
SMN2-Exon7-Amplicon,1,A,0
SMN2-Exon7-Amplicon,2,A,0
SMN2-Exon7-Amplicon,3,C,0
SMN2-Exon7-Amplicon,4,T,0
SMN2-Exon7-Amplicon,5,T,0.1995
SMN2-Exon7-Amplicon,6,C,0.0248
SMN2-Exon7-Amplicon,7,C,0.1484
SMN2-Exon7-Amplicon,8,T,0.5894
SMN2-Exon7-Amplicon,9,T,0.049
SMN2-Exon7-Amplicon,10,T,0.1956
SMN2-Exon7-Amplicon,11,A,0.1462
SMN2-Exon7-Amplicon,12,T,0.3888
SMN2-Exon7-Amplicon,13,T,0.1695
SMN2-Exon7-Amplicon,14,T,0.1189
SMN2-Exon7-Amplicon,15,T,0.4269
SMN2-Exon7-Amplicon,16,C,0.308
SMN2-Exon7-Amplicon,17,C,0.4021
SMN2-Exon7-Amplicon,18,T,0.2836
SMN2-Exon7-Amplicon,19,T,0.2362
SMN2-Exon7-Amplicon,20,A,0.2596
SMN2-Exon7-Amplicon,21,C,0.5186
SMN2-Exon7-Amplicon,22,A,0.2355
SMN2-Exon7-Amplicon,23,G,0.353
SMN2-Exon7-Amplicon,24,G,0.3529
SMN2-Exon7-Amplicon,25,G,0.2348
SMN2-Exon7-Amplicon,26,T,0.5106
SMN2-Exon7-Amplicon,27,T,0.232
SMN2-Exon7-Amplicon,28,T,0.278
SMN2-Exon7-Amplicon,29,T,0.3244
SMN2-Exon7-Amplicon,30,A,0.5328
SMN2-Exon7-Amplicon,31,G,0.5324
SMN2-Exon7-Amplicon,32,A,0.4625
SMN2-Exon7-Amplicon,33,C,0.4853
SMN2-Exon7-Amplicon,34,A,2.8354
SMN2-Exon7-Amplicon,35,A,0.2304
SMN2-Exon7-Amplicon,36,A,0.1612
SMN2-Exon7-Amplicon,37,A,0.3224
SMN2-Exon7-Amplicon,38,T,0.5063
SMN2-Exon7-Amplicon,39,C,1.3576
SMN2-Exon7-Amplicon,40,A,4.5026
SMN2-Exon7-Amplicon,41,A,0.913
SMN2-Exon7-Amplicon,42,A,0.388
SMN2-Exon7-Amplicon,43,A,0.388
SMN2-Exon7-Amplicon,44,A,0.7304
SMN2-Exon7-Amplicon,45,G,1.0043
SMN2-Exon7-Amplicon,46,A,0.7322
SMN2-Exon7-Amplicon,47,A,0.244
SMN2-Exon7-Amplicon,48,G,0.4879
SMN2-Exon7-Amplicon,49,G,0.4436
SMN2-Exon7-Amplicon,50,A,1.1976
SMN2-Exon7-Amplicon,51,A,0.3769
SMN2-Exon7-Amplicon,52,G,1.6833
SMN2-Exon7-Amplicon,53,G,0.4208
SMN2-Exon7-Amplicon,54,T,0.4651
SMN2-Exon7-Amplicon,55,G,0.8636
SMN2-Exon7-Amplicon,56,C,2.3462
SMN2-Exon7-Amplicon,57,T,1.2384
SMN2-Exon7-Amplicon,58,C,1.614
SMN2-Exon7-Amplicon,59,A,0.5305
SMN2-Exon7-Amplicon,60,C,1.1713
SMN2-Exon7-Amplicon,61,A,1.3917
SMN2-Exon7-Amplicon,62,T,0.9711
SMN2-Exon7-Amplicon,63,T,0.7386
SMN2-Exon7-Amplicon,64,C,1.3904
SMN2-Exon7-Amplicon,65,C,0.8469
SMN2-Exon7-Amplicon,66,T,0.933
SMN2-Exon7-Amplicon,67,T,0.5639
SMN2-Exon7-Amplicon,68,A,1.214
SMN2-Exon7-Amplicon,69,A,0.3901
SMN2-Exon7-Amplicon,70,A,1.1049
SMN2-Exon7-Amplicon,71,T,0.4331
SMN2-Exon7-Amplicon,72,T,0.368
SMN2-Exon7-Amplicon,73,A,0.4754
SMN2-Exon7-Amplicon,74,A,0.3883
SMN2-Exon7-Amplicon,75,G,0.84
SMN2-Exon7-Amplicon,76,G,0.6661
SMN2-Exon7-Amplicon,77,A,0.5757
SMN2-Exon7-Amplicon,78,G,0.936
SMN2-Exon7-Amplicon,79,T,0.5094
SMN2-Exon7-Amplicon,80,A,1.0392
SMN2-Exon7-Amplicon,81,A,0.5724
SMN2-Exon7-Amplicon,82,G,0.8891
SMN2-Exon7-Amplicon,83,T,0.6977
SMN2-Exon7-Amplicon,84,C,1.797
SMN2-Exon7-Amplicon,85,T,0.2959
SMN2-Exon7-Amplicon,86,G,1.4998
SMN2-Exon7-Amplicon,87,C,2.5132
SMN2-Exon7-Amplicon,88,C,1.5199
SMN2-Exon7-Amplicon,89,A,0.6962
SMN2-Exon7-Amplicon,90,G,0.907
SMN2-Exon7-Amplicon,91,C,0.9903
SMN2-Exon7-Amplicon,92,A,0.5895
SMN2-Exon7-Amplicon,93,T,1.0101
SMN2-Exon7-Amplicon,94,T,0.7995
SMN2-Exon7-Amplicon,95,A,0.9474
SMN2-Exon7-Amplicon,96,T,0.5478
SMN2-Exon7-Amplicon,97,G,0.7164
SMN2-Exon7-Amplicon,98,A,0.7159
SMN2-Exon7-Amplicon,99,A,0.4422
SMN2-Exon7-Amplicon,100,A,0.463
SMN2-Exon7-Amplicon,101,G,0.715
SMN2-Exon7-Amplicon,102,T,0.5676
SMN2-Exon7-Amplicon,103,G,0.6949
SMN2-Exon7-Amplicon,104,A,0.2945
SMN2-Exon7-Amplicon,105,A,0.2729
SMN2-Exon7-Amplicon,106,T,0.5035
SMN2-Exon7-Amplicon,107,C,1.2157
SMN2-Exon7-Amplicon,108,T,0.6491
SMN2-Exon7-Amplicon,109,T,0.4396
SMN2-Exon7-Amplicon,110,A,0.6907
SMN2-Exon7-Amplicon,111,C,1.5053
SMN2-Exon7-Amplicon,112,T,1.6917
SMN2-Exon7-Amplicon,113,T,0.4174
SMN2-Exon7-Amplicon,114,T,0.5428
SMN2-Exon7-Amplicon,115,T,0.7101
SMN2-Exon7-Amplicon,116,G,1.5468
SMN2-Exon7-Amplicon,117,T,0.6892
SMN2-Exon7-Amplicon,118,A,0.626
SMN2-Exon7-Amplicon,119,A,0.3757
SMN2-Exon7-Amplicon,120,A,0.2912
SMN2-Exon7-Amplicon,121,A,0.3551
SMN2-Exon7-Amplicon,122,C,1.1278
SMN2-Exon7-Amplicon,123,T,0.5434
SMN2-Exon7-Amplicon,124,T,0.4808
SMN2-Exon7-Amplicon,125,T,0.3763
SMN2-Exon7-Amplicon,126,A,0.3578
SMN2-Exon7-Amplicon,127,T,0.3367
SMN2-Exon7-Amplicon,128,G,0.5892
SMN2-Exon7-Amplicon,129,G,0.5471
SMN2-Exon7-Amplicon,130,T,0.5043
SMN2-Exon7-Amplicon,131,T,0.3571
SMN2-Exon7-Amplicon,132,T,0.6723
SMN2-Exon7-Amplicon,133,G,0.8195
SMN2-Exon7-Amplicon,134,T,0.5039
SMN2-Exon7-Amplicon,135,G,0.6716
SMN2-Exon7-Amplicon,136,G,0.5033
SMN2-Exon7-Amplicon,137,A,0.6917
SMN2-Exon7-Amplicon,138,A,0.2724
SMN2-Exon7-Amplicon,139,A,0.3985
SMN2-Exon7-Amplicon,140,A,0.4575
SMN2-Exon7-Amplicon,141,C,0.9753
SMN2-Exon7-Amplicon,142,A,0.3253
SMN2-Exon7-Amplicon,143,A,0.3243
SMN2-Exon7-Amplicon,144,A,0.2629
SMN2-Exon7-Amplicon,145,T,0.2224
SMN2-Exon7-Amplicon,146,G,0.2827
SMN2-Exon7-Amplicon,147,T,0.6254
SMN2-Exon7-Amplicon,148,T,0.2619
SMN2-Exon7-Amplicon,149,T,0.2051
SMN2-Exon7-Amplicon,150,T,0.2668
SMN2-Exon7-Amplicon,151,T,0.4335
SMN2-Exon7-Amplicon,152,G,0.9069
SMN2-Exon7-Amplicon,153,A,0.4264
SMN2-Exon7-Amplicon,154,A,0.2517
SMN2-Exon7-Amplicon,155,C,0.3872
SMN2-Exon7-Amplicon,156,A,2.6331
SMN2-Exon7-Amplicon,157,T,0.367
SMN2-Exon7-Amplicon,158,T,0.232
SMN2-Exon7-Amplicon,159,T,0.2705
SMN2-Exon7-Amplicon,160,A,3.1662
SMN2-Exon7-Amplicon,161,A,0.236
SMN2-Exon7-Amplicon,162,A,0.4118
SMN2-Exon7-Amplicon,163,A,0.3139
SMN2-Exon7-Amplicon,164,A,2.7647
SMN2-Exon7-Amplicon,165,G,0.707
SMN2-Exon7-Amplicon,166,T,0.5312
SMN2-Exon7-Amplicon,167,T,0.4947
SMN2-Exon7-Amplicon,168,C,1.513
SMN2-Exon7-Amplicon,169,A,0.6371
SMN2-Exon7-Amplicon,170,G,0.7025
SMN2-Exon7-Amplicon,171,A,0.7225
SMN2-Exon7-Amplicon,172,T,0.4417
SMN2-Exon7-Amplicon,173,G,0.7025
SMN2-Exon7-Amplicon,174,T,0.843
SMN2-Exon7-Amplicon,175,T,0.7229
SMN2-Exon7-Amplicon,176,A,0.9243
SMN2-Exon7-Amplicon,177,G,1.2656
SMN2-Exon7-Amplicon,178,A,0.5421
SMN2-Exon7-Amplicon,179,A,0.5417
SMN2-Exon7-Amplicon,180,A,0.5019
SMN2-Exon7-Amplicon,181,G,0.7433
SMN2-Exon7-Amplicon,182,T,0.7434
SMN2-Exon7-Amplicon,183,T,0.4021
SMN2-Exon7-Amplicon,184,G,0.7241
SMN2-Exon7-Amplicon,185,A,0.5232
SMN2-Exon7-Amplicon,186,A,0.4427
SMN2-Exon7-Amplicon,187,A,0.3423
SMN2-Exon7-Amplicon,188,G,0.8464
SMN2-Exon7-Amplicon,189,G,0.3835
SMN2-Exon7-Amplicon,190,T,0.4035
SMN2-Exon7-Amplicon,191,T,0.3432
SMN2-Exon7-Amplicon,192,A,0.5857
SMN2-Exon7-Amplicon,193,A,0.3836
SMN2-Exon7-Amplicon,194,T,0.7068
SMN2-Exon7-Amplicon,195,G,0.4453
SMN2-Exon7-Amplicon,196,T,0.6682
SMN2-Exon7-Amplicon,197,A,0.3237
SMN2-Exon7-Amplicon,198,A,0.2021
SMN2-Exon7-Amplicon,199,A,0.2224
SMN2-Exon7-Amplicon,200,A,0.3436
SMN2-Exon7-Amplicon,201,C,0.5258
SMN2-Exon7-Amplicon,202,A,0.1618
SMN2-Exon7-Amplicon,203,A,0.1615
SMN2-Exon7-Amplicon,204,T,0.8685
SMN2-Exon7-Amplicon,205,C,1.0105
SMN2-Exon7-Amplicon,206,A,0.5256
SMN2-Exon7-Amplicon,207,A,0.283
SMN2-Exon7-Amplicon,208,T,3.3943
SMN2-Exon7-Amplicon,209,A,0.5081
SMN2-Exon7-Amplicon,210,T,0.6911
SMN2-Exon7-Amplicon,211,T,0.427
SMN2-Exon7-Amplicon,212,A,0.6498
SMN2-Exon7-Amplicon,213,A,0.3773
SMN2-Exon7-Amplicon,214,A,0.3149
SMN2-Exon7-Amplicon,215,G,0.7167
SMN2-Exon7-Amplicon,216,A,0.5264
SMN2-Exon7-Amplicon,217,A,0.5477
SMN2-Exon7-Amplicon,218,T,0.9899
SMN2-Exon7-Amplicon,219,T,0.7378
SMN2-Exon7-Amplicon,220,T,0.3167
SMN2-Exon7-Amplicon,221,T,0.8868
SMN2-Exon7-Amplicon,222,G,1.1625
SMN2-Exon7-Amplicon,223,A,0.3596
SMN2-Exon7-Amplicon,224,T,0.4655
SMN2-Exon7-Amplicon,225,G,1.0734
SMN2-Exon7-Amplicon,226,C,1.2267
SMN2-Exon7-Amplicon,227,C,0.7884
SMN2-Exon7-Amplicon,228,A,0.6134
SMN2-Exon7-Amplicon,229,A,0.2629
SMN2-Exon7-Amplicon,230,A,0.3506
SMN2-Exon7-Amplicon,231,A,0.3506
SMN2-Exon7-Amplicon,232,C,0.9209
SMN2-Exon7-Amplicon,233,T,0.6579
SMN2-Exon7-Amplicon,234,A,0.592
SMN2-Exon7-Amplicon,235,T,0.5702
SMN2-Exon7-Amplicon,236,T,0.4606
SMN2-Exon7-Amplicon,237,A,0.9655
SMN2-Exon7-Amplicon,238,G,1.6718
SMN2-Exon7-Amplicon,239,A,0.5281
SMN2-Exon7-Amplicon,240,T,0.3743
SMN2-Exon7-Amplicon,241,A,0.7924
SMN2-Exon7-Amplicon,242,A,0.2945
SMN2-Exon7-Amplicon,243,A,0.3624
SMN2-Exon7-Amplicon,244,A,0.4983
SMN2-Exon7-Amplicon,245,G,0.5889
SMN2-Exon7-Amplicon,246,G,0.4304
SMN2-Exon7-Amplicon,247,T,0.5669
SMN2-Exon7-Amplicon,248,T,0.4536
SMN2-Exon7-Amplicon,249,A,0.2041
SMN2-Exon7-Amplicon,250,A,0.3402
SMN2-Exon7-Amplicon,251,T,0.4764
SMN2-Exon7-Amplicon,252,C,1.2957
SMN2-Exon7-Amplicon,253,T,0.7274
SMN2-Exon7-Amplicon,254,A,0.7507
SMN2-Exon7-Amplicon,255,C,1.1012
SMN2-Exon7-Amplicon,256,A,0.3281
SMN2-Exon7-Amplicon,257,T,0.3058
SMN2-Exon7-Amplicon,258,C,1.2232
SMN2-Exon7-Amplicon,259,C,0.9181
SMN2-Exon7-Amplicon,260,C,0.8712
SMN2-Exon7-Amplicon,261,T,0.9421
SMN2-Exon7-Amplicon,262,A,0.8712
SMN2-Exon7-Amplicon,263,C,1.2721
SMN2-Exon7-Amplicon,264,T,1.3192
SMN2-Exon7-Amplicon,265,A,1.0601
SMN2-Exon7-Amplicon,266,G,1.437
SMN2-Exon7-Amplicon,267,A,0.8716
SMN2-Exon7-Amplicon,268,A,0.5418
SMN2-Exon7-Amplicon,269,T,0.5419
SMN2-Exon7-Amplicon,270,T,0.4478
SMN2-Exon7-Amplicon,271,C,1.4141
SMN2-Exon7-Amplicon,272,T,1.2724
SMN2-Exon7-Amplicon,273,C,1.771
SMN2-Exon7-Amplicon,274,A,0.8501
SMN2-Exon7-Amplicon,275,T,0.7322
SMN2-Exon7-Amplicon,276,A,0.945
SMN2-Exon7-Amplicon,277,C,1.3718
SMN2-Exon7-Amplicon,278,T,0.6149
SMN2-Exon7-Amplicon,279,T,0.5676
SMN2-Exon7-Amplicon,280,A,0.3784
SMN2-Exon7-Amplicon,281,A,0.1183
SMN2-Exon7-Amplicon,282,C,0.8517
SMN2-Exon7-Amplicon,283,T,0.8055
SMN2-Exon7-Amplicon,284,G,1.1851
SMN2-Exon7-Amplicon,285,G,0.9246
SMN2-Exon7-Amplicon,286,T,1.0436
SMN2-Exon7-Amplicon,287,T,0.3084
SMN2-Exon7-Amplicon,288,G,0.4514
SMN2-Exon7-Amplicon,289,G,0.3805
SMN2-Exon7-Amplicon,290,T,0.8569
SMN2-Exon7-Amplicon,291,T,1.3584
SMN2-Exon7-Amplicon,292,G,1.7184
SMN2-Exon7-Amplicon,293,T,0.4058
SMN2-Exon7-Amplicon,294,G,0.483
SMN2-Exon7-Amplicon,295,T,0.2418
SMN2-Exon7-Amplicon,296,G,0.5328
SMN2-Exon7-Amplicon,297,G,0.7998
SMN2-Exon7-Amplicon,298,A,0.5818
SMN2-Exon7-Amplicon,299,A,0.3152
SMN2-Exon7-Amplicon,300,G,0.5584
SMN2-Exon7-Amplicon,301,A,0.8297
SMN2-Exon7-Amplicon,302,A,0.4641
SMN2-Exon7-Amplicon,303,A,0.2445
SMN2-Exon7-Amplicon,304,C,0.5884
SMN2-Exon7-Amplicon,305,A,0.3682
SMN2-Exon7-Amplicon,306,T,0.4431
SMN2-Exon7-Amplicon,307,A,0.2965
SMN2-Exon7-Amplicon,308,C,1.0644
SMN2-Exon7-Amplicon,309,T,0.496
SMN2-Exon7-Amplicon,310,T,0.0248
SMN2-Exon7-Amplicon,311,T,0.299
SMN2-Exon7-Amplicon,312,C,0.4013
SMN2-Exon7-Amplicon,313,A,0.1783
SMN2-Exon7-Amplicon,314,C,0.8188
SMN2-Exon7-Amplicon,315,A,0.1918
SMN2-Exon7-Amplicon,316,A,0.1117
SMN2-Exon7-Amplicon,317,T,0.3396
SMN2-Exon7-Amplicon,318,A,5.2469
SMN2-Exon7-Amplicon,319,A,0.0776
SMN2-Exon7-Amplicon,320,A,0.0394
SMN2-Exon7-Amplicon,321,G,0.0794
SMN2-Exon7-Amplicon,322,A,0
SMN2-Exon7-Amplicon,323,G,0
SMN2-Exon7-Amplicon,324,C,0
