Region,Position,Ref_base,Mut_percentage
SMN2-Exon7-Amplicon,1,A,0
SMN2-Exon7-Amplicon,2,A,0
SMN2-Exon7-Amplicon,3,C,0
SMN2-Exon7-Amplicon,4,T,0
SMN2-Exon7-Amplicon,5,T,0.1036
SMN2-Exon7-Amplicon,6,C,0.129
SMN2-Exon7-Amplicon,7,C,0.0769
SMN2-Exon7-Amplicon,8,T,0.2001
SMN2-Exon7-Amplicon,9,T,0.1247
SMN2-Exon7-Amplicon,10,T,0.0498
SMN2-Exon7-Amplicon,11,A,0.3722
SMN2-Exon7-Amplicon,12,T,0.6686
SMN2-Exon7-Amplicon,13,T,0.2714
SMN2-Exon7-Amplicon,14,T,0.194
SMN2-Exon7-Amplicon,15,T,0.4836
SMN2-Exon7-Amplicon,16,C,0.314
SMN2-Exon7-Amplicon,17,C,0.5311
SMN2-Exon7-Amplicon,18,T,0.41
SMN2-Exon7-Amplicon,19,T,0.2412
SMN2-Exon7-Amplicon,20,A,0.3133
SMN2-Exon7-Amplicon,21,C,0.4094
SMN2-Exon7-Amplicon,22,A,0.1924
SMN2-Exon7-Amplicon,23,G,0.4086
SMN2-Exon7-Amplicon,24,G,0.3122
SMN2-Exon7-Amplicon,25,G,0.3565
SMN2-Exon7-Amplicon,26,T,0.5393
SMN2-Exon7-Amplicon,27,T,0.2812
SMN2-Exon7-Amplicon,28,T,0.3044
SMN2-Exon7-Amplicon,29,T,0.3511
SMN2-Exon7-Amplicon,30,A,1.3795
SMN2-Exon7-Amplicon,31,G,0.8647
SMN2-Exon7-Amplicon,32,A,0.8176
SMN2-Exon7-Amplicon,33,C,0.5836
SMN2-Exon7-Amplicon,34,A,2.331
SMN2-Exon7-Amplicon,35,A,0.326
SMN2-Exon7-Amplicon,36,A,0.2095
SMN2-Exon7-Amplicon,37,A,0.3492
SMN2-Exon7-Amplicon,38,T,1.0472
SMN2-Exon7-Amplicon,39,C,0.7214
SMN2-Exon7-Amplicon,40,A,4.2054
SMN2-Exon7-Amplicon,41,A,0.8553
SMN2-Exon7-Amplicon,42,A,0.5313
SMN2-Exon7-Amplicon,43,A,0.6699
SMN2-Exon7-Amplicon,44,A,1.0857
SMN2-Exon7-Amplicon,45,G,1.3857
SMN2-Exon7-Amplicon,46,A,0.6815
SMN2-Exon7-Amplicon,47,A,0.5221
SMN2-Exon7-Amplicon,48,G,1.1802
SMN2-Exon7-Amplicon,49,G,0.295
SMN2-Exon7-Amplicon,50,A,0.9301
SMN2-Exon7-Amplicon,51,A,0.2947
SMN2-Exon7-Amplicon,52,G,1.6999
SMN2-Exon7-Amplicon,53,G,0.9968
SMN2-Exon7-Amplicon,54,T,1.0407
SMN2-Exon7-Amplicon,55,G,1.5834
SMN2-Exon7-Amplicon,56,C,2.3503
SMN2-Exon7-Amplicon,57,T,1.6238
SMN2-Exon7-Amplicon,58,C,1.3075
SMN2-Exon7-Amplicon,59,A,1.0595
SMN2-Exon7-Amplicon,60,C,1.0135
SMN2-Exon7-Amplicon,61,A,1.5991
SMN2-Exon7-Amplicon,62,T,2.4752
SMN2-Exon7-Amplicon,63,T,1.7299
SMN2-Exon7-Amplicon,64,C,1.619
SMN2-Exon7-Amplicon,65,C,1.2639
SMN2-Exon7-Amplicon,66,T,2.3936
SMN2-Exon7-Amplicon,67,T,0.8418
SMN2-Exon7-Amplicon,68,A,1.9043
SMN2-Exon7-Amplicon,69,A,0.4205
SMN2-Exon7-Amplicon,70,A,1.4159
SMN2-Exon7-Amplicon,71,T,0.9732
SMN2-Exon7-Amplicon,72,T,0.9947
SMN2-Exon7-Amplicon,73,A,0.6186
SMN2-Exon7-Amplicon,74,A,0.3311
SMN2-Exon7-Amplicon,75,G,1.3451
SMN2-Exon7-Amplicon,76,G,0.7931
SMN2-Exon7-Amplicon,77,A,0.8319
SMN2-Exon7-Amplicon,78,G,1.2227
SMN2-Exon7-Amplicon,79,T,1.1554
SMN2-Exon7-Amplicon,80,A,1.002
SMN2-Exon7-Amplicon,81,A,1.0453
SMN2-Exon7-Amplicon,82,G,0.8925
SMN2-Exon7-Amplicon,83,T,1.2185
SMN2-Exon7-Amplicon,84,C,2.2416
SMN2-Exon7-Amplicon,85,T,1.0224
SMN2-Exon7-Amplicon,86,G,2.3281
SMN2-Exon7-Amplicon,87,C,3.0231
SMN2-Exon7-Amplicon,88,C,1.1527
SMN2-Exon7-Amplicon,89,A,0.6525
SMN2-Exon7-Amplicon,90,G,1.3693
SMN2-Exon7-Amplicon,91,C,0.6083
SMN2-Exon7-Amplicon,92,A,0.6082
SMN2-Exon7-Amplicon,93,T,1.3035
SMN2-Exon7-Amplicon,94,T,0.7169
SMN2-Exon7-Amplicon,95,A,0.8257
SMN2-Exon7-Amplicon,96,T,1.3922
SMN2-Exon7-Amplicon,97,G,0.4995
SMN2-Exon7-Amplicon,98,A,1.02
SMN2-Exon7-Amplicon,99,A,0.3905
SMN2-Exon7-Amplicon,100,A,0.5639
SMN2-Exon7-Amplicon,101,G,0.7811
SMN2-Exon7-Amplicon,102,T,1.0412
SMN2-Exon7-Amplicon,103,G,0.4776
SMN2-Exon7-Amplicon,104,A,0.304
SMN2-Exon7-Amplicon,105,A,0.5198
SMN2-Exon7-Amplicon,106,T,0.9311
SMN2-Exon7-Amplicon,107,C,1.0823
SMN2-Exon7-Amplicon,108,T,0.973
SMN2-Exon7-Amplicon,109,T,0.5839
SMN2-Exon7-Amplicon,110,A,0.8857
SMN2-Exon7-Amplicon,111,C,1.1876
SMN2-Exon7-Amplicon,112,T,2.5619
SMN2-Exon7-Amplicon,113,T,0.8177
SMN2-Exon7-Amplicon,114,T,1.2051
SMN2-Exon7-Amplicon,115,T,0.9042
SMN2-Exon7-Amplicon,116,G,1.5102
SMN2-Exon7-Amplicon,117,T,0.712
SMN2-Exon7-Amplicon,118,A,0.6027
SMN2-Exon7-Amplicon,119,A,0.5166
SMN2-Exon7-Amplicon,120,A,0.1926
SMN2-Exon7-Amplicon,121,A,0.5811
SMN2-Exon7-Amplicon,122,C,1.0975
SMN2-Exon7-Amplicon,123,T,0.7321
SMN2-Exon7-Amplicon,124,T,1.1197
SMN2-Exon7-Amplicon,125,T,0.4953
SMN2-Exon7-Amplicon,126,A,0.4343
SMN2-Exon7-Amplicon,127,T,0.6733
SMN2-Exon7-Amplicon,128,G,0.76
SMN2-Exon7-Amplicon,129,G,0.6512
SMN2-Exon7-Amplicon,130,T,1.3405
SMN2-Exon7-Amplicon,131,T,0.6914
SMN2-Exon7-Amplicon,132,T,0.7777
SMN2-Exon7-Amplicon,133,G,1.1015
SMN2-Exon7-Amplicon,134,T,1.036
SMN2-Exon7-Amplicon,135,G,1.1445
SMN2-Exon7-Amplicon,136,G,0.4533
SMN2-Exon7-Amplicon,137,A,0.9259
SMN2-Exon7-Amplicon,138,A,0.3228
SMN2-Exon7-Amplicon,139,A,0.4517
SMN2-Exon7-Amplicon,140,A,0.4932
SMN2-Exon7-Amplicon,141,C,0.5789
SMN2-Exon7-Amplicon,142,A,0.3156
SMN2-Exon7-Amplicon,143,A,0.3779
SMN2-Exon7-Amplicon,144,A,0.6713
SMN2-Exon7-Amplicon,145,T,0.65
SMN2-Exon7-Amplicon,146,G,0.5852
SMN2-Exon7-Amplicon,147,T,1.1055
SMN2-Exon7-Amplicon,148,T,0.7511
SMN2-Exon7-Amplicon,149,T,0.7616
SMN2-Exon7-Amplicon,150,T,0.7613
SMN2-Exon7-Amplicon,151,T,1.1129
SMN2-Exon7-Amplicon,152,G,1.0124
SMN2-Exon7-Amplicon,153,A,0.2982
SMN2-Exon7-Amplicon,154,A,0.6363
SMN2-Exon7-Amplicon,155,C,0.1987
SMN2-Exon7-Amplicon,156,A,2.9394
SMN2-Exon7-Amplicon,157,T,0.8114
SMN2-Exon7-Amplicon,158,T,0.8914
SMN2-Exon7-Amplicon,159,T,0.2971
SMN2-Exon7-Amplicon,160,A,3.255
SMN2-Exon7-Amplicon,161,A,0.221
SMN2-Exon7-Amplicon,162,A,0.2802
SMN2-Exon7-Amplicon,163,A,0.1602
SMN2-Exon7-Amplicon,164,A,2.7606
SMN2-Exon7-Amplicon,165,G,0.7615
SMN2-Exon7-Amplicon,166,T,1.0643
SMN2-Exon7-Amplicon,167,T,1.1929
SMN2-Exon7-Amplicon,168,C,1.2007
SMN2-Exon7-Amplicon,169,A,0.794
SMN2-Exon7-Amplicon,170,G,1.0057
SMN2-Exon7-Amplicon,171,A,0.8815
SMN2-Exon7-Amplicon,172,T,0.9842
SMN2-Exon7-Amplicon,173,G,0.8822
SMN2-Exon7-Amplicon,174,T,1.9511
SMN2-Exon7-Amplicon,175,T,0.9044
SMN2-Exon7-Amplicon,176,A,1.1721
SMN2-Exon7-Amplicon,177,G,1.3778
SMN2-Exon7-Amplicon,178,A,0.7601
SMN2-Exon7-Amplicon,179,A,0.4727
SMN2-Exon7-Amplicon,180,A,0.411
SMN2-Exon7-Amplicon,181,G,0.7403
SMN2-Exon7-Amplicon,182,T,2.1802
SMN2-Exon7-Amplicon,183,T,0.8662
SMN2-Exon7-Amplicon,184,G,0.6612
SMN2-Exon7-Amplicon,185,A,0.6201
SMN2-Exon7-Amplicon,186,A,0.4137
SMN2-Exon7-Amplicon,187,A,0.4554
SMN2-Exon7-Amplicon,188,G,1.5346
SMN2-Exon7-Amplicon,189,G,0.5815
SMN2-Exon7-Amplicon,190,T,1.3704
SMN2-Exon7-Amplicon,191,T,0.5818
SMN2-Exon7-Amplicon,192,A,0.8527
SMN2-Exon7-Amplicon,193,A,0.5617
SMN2-Exon7-Amplicon,194,T,0.9157
SMN2-Exon7-Amplicon,195,G,0.9591
SMN2-Exon7-Amplicon,196,T,0.6675
SMN2-Exon7-Amplicon,197,A,0.5006
SMN2-Exon7-Amplicon,198,A,0.2503
SMN2-Exon7-Amplicon,199,A,0.3548
SMN2-Exon7-Amplicon,200,A,0.6678
SMN2-Exon7-Amplicon,201,C,0.5219
SMN2-Exon7-Amplicon,202,A,0.4593
SMN2-Exon7-Amplicon,203,A,0.5008
SMN2-Exon7-Amplicon,204,T,1.2941
SMN2-Exon7-Amplicon,205,C,1.0865
SMN2-Exon7-Amplicon,206,A,0.5222
SMN2-Exon7-Amplicon,207,A,0.3552
SMN2-Exon7-Amplicon,208,T,2.7277
SMN2-Exon7-Amplicon,209,A,0.6713
SMN2-Exon7-Amplicon,210,T,1.0915
SMN2-Exon7-Amplicon,211,T,0.4619
SMN2-Exon7-Amplicon,212,A,0.6229
SMN2-Exon7-Amplicon,213,A,0.3865
SMN2-Exon7-Amplicon,214,A,0.4302
SMN2-Exon7-Amplicon,215,G,0.6685
SMN2-Exon7-Amplicon,216,A,0.4955
SMN2-Exon7-Amplicon,217,A,0.7972
SMN2-Exon7-Amplicon,218,T,1.5083
SMN2-Exon7-Amplicon,219,T,1.1422
SMN2-Exon7-Amplicon,220,T,1.0576
SMN2-Exon7-Amplicon,221,T,1.101
SMN2-Exon7-Amplicon,222,G,0.9721
SMN2-Exon7-Amplicon,223,A,0.5404
SMN2-Exon7-Amplicon,224,T,0.7566
SMN2-Exon7-Amplicon,225,G,1.9486
SMN2-Exon7-Amplicon,226,C,1.5279
SMN2-Exon7-Amplicon,227,C,0.7306
SMN2-Exon7-Amplicon,228,A,0.6642
SMN2-Exon7-Amplicon,229,A,0.5757
SMN2-Exon7-Amplicon,230,A,0.5757
SMN2-Exon7-Amplicon,231,A,0.7309
SMN2-Exon7-Amplicon,232,C,1.3966
SMN2-Exon7-Amplicon,233,T,1.0424
SMN2-Exon7-Amplicon,234,A,1.0424
SMN2-Exon7-Amplicon,235,T,1.6419
SMN2-Exon7-Amplicon,236,T,1.0209
SMN2-Exon7-Amplicon,237,A,1.1099
SMN2-Exon7-Amplicon,238,G,1.5778
SMN2-Exon7-Amplicon,239,A,0.667
SMN2-Exon7-Amplicon,240,T,0.6892
SMN2-Exon7-Amplicon,241,A,0.791
SMN2-Exon7-Amplicon,242,A,0.4972
SMN2-Exon7-Amplicon,243,A,0.3842
SMN2-Exon7-Amplicon,244,A,0.4972
SMN2-Exon7-Amplicon,245,G,0.8588
SMN2-Exon7-Amplicon,246,G,0.6329
SMN2-Exon7-Amplicon,247,T,1.1299
SMN2-Exon7-Amplicon,248,T,0.5198
SMN2-Exon7-Amplicon,249,A,0.4068
SMN2-Exon7-Amplicon,250,A,0.5198
SMN2-Exon7-Amplicon,251,T,0.9715
SMN2-Exon7-Amplicon,252,C,1.4237
SMN2-Exon7-Amplicon,253,T,0.904
SMN2-Exon7-Amplicon,254,A,0.565
SMN2-Exon7-Amplicon,255,C,0.4368
SMN2-Exon7-Amplicon,256,A,0.2069
SMN2-Exon7-Amplicon,257,T,0.8744
SMN2-Exon7-Amplicon,258,C,1.0127
SMN2-Exon7-Amplicon,259,C,0.3687
SMN2-Exon7-Amplicon,260,C,0.6221
SMN2-Exon7-Amplicon,261,T,1.0369
SMN2-Exon7-Amplicon,262,A,1.5899
SMN2-Exon7-Amplicon,263,C,1.0371
SMN2-Exon7-Amplicon,264,T,1.4289
SMN2-Exon7-Amplicon,265,A,1.337
SMN2-Exon7-Amplicon,266,G,1.4062
SMN2-Exon7-Amplicon,267,A,0.5996
SMN2-Exon7-Amplicon,268,A,0.5304
SMN2-Exon7-Amplicon,269,T,0.738
SMN2-Exon7-Amplicon,270,T,1.0385
SMN2-Exon7-Amplicon,271,C,1.0388
SMN2-Exon7-Amplicon,272,T,1.5242
SMN2-Exon7-Amplicon,273,C,1.5957
SMN2-Exon7-Amplicon,274,A,0.9255
SMN2-Exon7-Amplicon,275,T,0.9489
SMN2-Exon7-Amplicon,276,A,0.8563
SMN2-Exon7-Amplicon,277,C,1.2266
SMN2-Exon7-Amplicon,278,T,0.9261
SMN2-Exon7-Amplicon,279,T,0.9495
SMN2-Exon7-Amplicon,280,A,0.3012
SMN2-Exon7-Amplicon,281,A,0.3708
SMN2-Exon7-Amplicon,282,C,0.6956
SMN2-Exon7-Amplicon,283,T,1.1366
SMN2-Exon7-Amplicon,284,G,1.1377
SMN2-Exon7-Amplicon,285,G,1.1844
SMN2-Exon7-Amplicon,286,T,2.0218
SMN2-Exon7-Amplicon,287,T,0.7903
SMN2-Exon7-Amplicon,288,G,0.6048
SMN2-Exon7-Amplicon,289,G,0.6286
SMN2-Exon7-Amplicon,290,T,1.6539
SMN2-Exon7-Amplicon,291,T,1.6558
SMN2-Exon7-Amplicon,292,G,1.4236
SMN2-Exon7-Amplicon,293,T,0.6307
SMN2-Exon7-Amplicon,294,G,0.7776
SMN2-Exon7-Amplicon,295,T,0.3065
SMN2-Exon7-Amplicon,296,G,0.543
SMN2-Exon7-Amplicon,297,G,0.6383
SMN2-Exon7-Amplicon,298,A,0.5912
SMN2-Exon7-Amplicon,299,A,0.3548
SMN2-Exon7-Amplicon,300,G,0.4734
SMN2-Exon7-Amplicon,301,A,0.7363
SMN2-Exon7-Amplicon,302,A,0.3571
SMN2-Exon7-Amplicon,303,A,0.2863
SMN2-Exon7-Amplicon,304,C,0.5022
SMN2-Exon7-Amplicon,305,A,0.1196
SMN2-Exon7-Amplicon,306,T,0.4311
SMN2-Exon7-Amplicon,307,A,0.3841
SMN2-Exon7-Amplicon,308,C,0.8171
SMN2-Exon7-Amplicon,309,T,0.4092
SMN2-Exon7-Amplicon,310,T,0.1929
SMN2-Exon7-Amplicon,311,T,0.2663
SMN2-Exon7-Amplicon,312,C,0.1706
SMN2-Exon7-Amplicon,313,A,0.1758
SMN2-Exon7-Amplicon,314,C,0.6547
SMN2-Exon7-Amplicon,315,A,0.2011
SMN2-Exon7-Amplicon,316,A,0.0366
SMN2-Exon7-Amplicon,317,T,0.1871
SMN2-Exon7-Amplicon,318,A,5.5812
SMN2-Exon7-Amplicon,319,A,0.1165
SMN2-Exon7-Amplicon,320,A,0.118
SMN2-Exon7-Amplicon,321,G,0.1192
SMN2-Exon7-Amplicon,322,A,0
SMN2-Exon7-Amplicon,323,G,0
SMN2-Exon7-Amplicon,324,C,0
