Region,Position,Ref_base,Mut_percentage
SMN2-Exon7-Amplicon,1,A,0
SMN2-Exon7-Amplicon,2,A,0
SMN2-Exon7-Amplicon,3,C,0
SMN2-Exon7-Amplicon,4,T,0
SMN2-Exon7-Amplicon,5,T,0.0244
SMN2-Exon7-Amplicon,6,C,0.0729
SMN2-Exon7-Amplicon,7,C,0.0726
SMN2-Exon7-Amplicon,8,T,0.12
SMN2-Exon7-Amplicon,9,T,0.2153
SMN2-Exon7-Amplicon,10,T,0.2152
SMN2-Exon7-Amplicon,11,A,0.1669
SMN2-Exon7-Amplicon,12,T,0.5947
SMN2-Exon7-Amplicon,13,T,0.2133
SMN2-Exon7-Amplicon,14,T,0.1169
SMN2-Exon7-Amplicon,15,T,0.28
SMN2-Exon7-Amplicon,16,C,0.3032
SMN2-Exon7-Amplicon,17,C,0.4195
SMN2-Exon7-Amplicon,18,T,0.5821
SMN2-Exon7-Amplicon,19,T,0.349
SMN2-Exon7-Amplicon,20,A,0.2325
SMN2-Exon7-Amplicon,21,C,0.4878
SMN2-Exon7-Amplicon,22,A,0.0928
SMN2-Exon7-Amplicon,23,G,0.2549
SMN2-Exon7-Amplicon,24,G,0.2547
SMN2-Exon7-Amplicon,25,G,0.3235
SMN2-Exon7-Amplicon,26,T,0.3444
SMN2-Exon7-Amplicon,27,T,0.0688
SMN2-Exon7-Amplicon,28,T,0.2752
SMN2-Exon7-Amplicon,29,T,0.5731
SMN2-Exon7-Amplicon,30,A,0.802
SMN2-Exon7-Amplicon,31,G,0.8478
SMN2-Exon7-Amplicon,32,A,0.3896
SMN2-Exon7-Amplicon,33,C,0.6184
SMN2-Exon7-Amplicon,34,A,2.9291
SMN2-Exon7-Amplicon,35,A,0.2972
SMN2-Exon7-Amplicon,36,A,0.1372
SMN2-Exon7-Amplicon,37,A,0.2743
SMN2-Exon7-Amplicon,38,T,0.3429
SMN2-Exon7-Amplicon,39,C,1.2794
SMN2-Exon7-Amplicon,40,A,4.0411
SMN2-Exon7-Amplicon,41,A,1.1136
SMN2-Exon7-Amplicon,42,A,0.5455
SMN2-Exon7-Amplicon,43,A,0.4999
SMN2-Exon7-Amplicon,44,A,0.7951
SMN2-Exon7-Amplicon,45,G,0.9314
SMN2-Exon7-Amplicon,46,A,0.6184
SMN2-Exon7-Amplicon,47,A,0.2207
SMN2-Exon7-Amplicon,48,G,0.6398
SMN2-Exon7-Amplicon,49,G,0.4632
SMN2-Exon7-Amplicon,50,A,1.1684
SMN2-Exon7-Amplicon,51,A,0.3086
SMN2-Exon7-Amplicon,52,G,1.4988
SMN2-Exon7-Amplicon,53,G,0.5951
SMN2-Exon7-Amplicon,54,T,0.3964
SMN2-Exon7-Amplicon,55,G,0.8585
SMN2-Exon7-Amplicon,56,C,2.5523
SMN2-Exon7-Amplicon,57,T,1.1641
SMN2-Exon7-Amplicon,58,C,2.0184
SMN2-Exon7-Amplicon,59,A,0.9651
SMN2-Exon7-Amplicon,60,C,1.1179
SMN2-Exon7-Amplicon,61,A,1.5341
SMN2-Exon7-Amplicon,62,T,1.0948
SMN2-Exon7-Amplicon,63,T,1.259
SMN2-Exon7-Amplicon,64,C,1.9523
SMN2-Exon7-Amplicon,65,C,1.3449
SMN2-Exon7-Amplicon,66,T,1.2364
SMN2-Exon7-Amplicon,67,T,0.7157
SMN2-Exon7-Amplicon,68,A,1.7339
SMN2-Exon7-Amplicon,69,A,0.4117
SMN2-Exon7-Amplicon,70,A,1.2132
SMN2-Exon7-Amplicon,71,T,0.5847
SMN2-Exon7-Amplicon,72,T,0.5842
SMN2-Exon7-Amplicon,73,A,0.6914
SMN2-Exon7-Amplicon,74,A,0.4533
SMN2-Exon7-Amplicon,75,G,0.9918
SMN2-Exon7-Amplicon,76,G,0.6032
SMN2-Exon7-Amplicon,77,A,0.6209
SMN2-Exon7-Amplicon,78,G,1.1536
SMN2-Exon7-Amplicon,79,T,0.939
SMN2-Exon7-Amplicon,80,A,1.0026
SMN2-Exon7-Amplicon,81,A,0.7253
SMN2-Exon7-Amplicon,82,G,0.8735
SMN2-Exon7-Amplicon,83,T,0.6816
SMN2-Exon7-Amplicon,84,C,2.1503
SMN2-Exon7-Amplicon,85,T,0.5533
SMN2-Exon7-Amplicon,86,G,1.4903
SMN2-Exon7-Amplicon,87,C,2.8517
SMN2-Exon7-Amplicon,88,C,1.617
SMN2-Exon7-Amplicon,89,A,0.532
SMN2-Exon7-Amplicon,90,G,0.9783
SMN2-Exon7-Amplicon,91,C,1.1057
SMN2-Exon7-Amplicon,92,A,0.6375
SMN2-Exon7-Amplicon,93,T,1.0195
SMN2-Exon7-Amplicon,94,T,0.8068
SMN2-Exon7-Amplicon,95,A,0.6791
SMN2-Exon7-Amplicon,96,T,0.9137
SMN2-Exon7-Amplicon,97,G,0.8493
SMN2-Exon7-Amplicon,98,A,0.8491
SMN2-Exon7-Amplicon,99,A,0.4671
SMN2-Exon7-Amplicon,100,A,0.4028
SMN2-Exon7-Amplicon,101,G,0.8053
SMN2-Exon7-Amplicon,102,T,0.381
SMN2-Exon7-Amplicon,103,G,0.6368
SMN2-Exon7-Amplicon,104,A,0.4031
SMN2-Exon7-Amplicon,105,A,0.3383
SMN2-Exon7-Amplicon,106,T,0.7819
SMN2-Exon7-Amplicon,107,C,1.3719
SMN2-Exon7-Amplicon,108,T,0.9283
SMN2-Exon7-Amplicon,109,T,0.5273
SMN2-Exon7-Amplicon,110,A,0.8217
SMN2-Exon7-Amplicon,111,C,1.3465
SMN2-Exon7-Amplicon,112,T,2.0825
SMN2-Exon7-Amplicon,113,T,0.4203
SMN2-Exon7-Amplicon,114,T,0.4834
SMN2-Exon7-Amplicon,115,T,0.5475
SMN2-Exon7-Amplicon,116,G,1.1807
SMN2-Exon7-Amplicon,117,T,0.5902
SMN2-Exon7-Amplicon,118,A,0.6524
SMN2-Exon7-Amplicon,119,A,0.463
SMN2-Exon7-Amplicon,120,A,0.3359
SMN2-Exon7-Amplicon,121,A,0.3586
SMN2-Exon7-Amplicon,122,C,0.7806
SMN2-Exon7-Amplicon,123,T,0.5702
SMN2-Exon7-Amplicon,124,T,0.5915
SMN2-Exon7-Amplicon,125,T,0.4858
SMN2-Exon7-Amplicon,126,A,0.5942
SMN2-Exon7-Amplicon,127,T,0.4458
SMN2-Exon7-Amplicon,128,G,0.5945
SMN2-Exon7-Amplicon,129,G,0.7429
SMN2-Exon7-Amplicon,130,T,0.6154
SMN2-Exon7-Amplicon,131,T,0.4669
SMN2-Exon7-Amplicon,132,T,0.5092
SMN2-Exon7-Amplicon,133,G,0.9764
SMN2-Exon7-Amplicon,134,T,0.6582
SMN2-Exon7-Amplicon,135,G,0.8929
SMN2-Exon7-Amplicon,136,G,0.9139
SMN2-Exon7-Amplicon,137,A,0.9989
SMN2-Exon7-Amplicon,138,A,0.3827
SMN2-Exon7-Amplicon,139,A,0.4261
SMN2-Exon7-Amplicon,140,A,0.4241
SMN2-Exon7-Amplicon,141,C,1.039
SMN2-Exon7-Amplicon,142,A,0.5613
SMN2-Exon7-Amplicon,143,A,0.4767
SMN2-Exon7-Amplicon,144,A,0.3106
SMN2-Exon7-Amplicon,145,T,0.2281
SMN2-Exon7-Amplicon,146,G,0.3106
SMN2-Exon7-Amplicon,147,T,0.8901
SMN2-Exon7-Amplicon,148,T,0.2897
SMN2-Exon7-Amplicon,149,T,0.3576
SMN2-Exon7-Amplicon,150,T,0.4839
SMN2-Exon7-Amplicon,151,T,0.8313
SMN2-Exon7-Amplicon,152,G,1.4193
SMN2-Exon7-Amplicon,153,A,0.5781
SMN2-Exon7-Amplicon,154,A,0.4187
SMN2-Exon7-Amplicon,155,C,0.6979
SMN2-Exon7-Amplicon,156,A,2.5125
SMN2-Exon7-Amplicon,157,T,0.4173
SMN2-Exon7-Amplicon,158,T,0.3779
SMN2-Exon7-Amplicon,159,T,0.4177
SMN2-Exon7-Amplicon,160,A,2.5853
SMN2-Exon7-Amplicon,161,A,0.2222
SMN2-Exon7-Amplicon,162,A,0.1813
SMN2-Exon7-Amplicon,163,A,0.2416
SMN2-Exon7-Amplicon,164,A,2.413
SMN2-Exon7-Amplicon,165,G,0.5643
SMN2-Exon7-Amplicon,166,T,0.6457
SMN2-Exon7-Amplicon,167,T,0.446
SMN2-Exon7-Amplicon,168,C,1.7915
SMN2-Exon7-Amplicon,169,A,0.57
SMN2-Exon7-Amplicon,170,G,0.6754
SMN2-Exon7-Amplicon,171,A,0.4499
SMN2-Exon7-Amplicon,172,T,0.409
SMN2-Exon7-Amplicon,173,G,0.3889
SMN2-Exon7-Amplicon,174,T,0.8802
SMN2-Exon7-Amplicon,175,T,0.4098
SMN2-Exon7-Amplicon,176,A,0.6765
SMN2-Exon7-Amplicon,177,G,1.0664
SMN2-Exon7-Amplicon,178,A,0.3894
SMN2-Exon7-Amplicon,179,A,0.3892
SMN2-Exon7-Amplicon,180,A,0.3482
SMN2-Exon7-Amplicon,181,G,0.7577
SMN2-Exon7-Amplicon,182,T,0.7377
SMN2-Exon7-Amplicon,183,T,0.5137
SMN2-Exon7-Amplicon,184,G,0.5758
SMN2-Exon7-Amplicon,185,A,0.473
SMN2-Exon7-Amplicon,186,A,0.5759
SMN2-Exon7-Amplicon,187,A,0.4321
SMN2-Exon7-Amplicon,188,G,0.9687
SMN2-Exon7-Amplicon,189,G,0.4957
SMN2-Exon7-Amplicon,190,T,0.475
SMN2-Exon7-Amplicon,191,T,0.4545
SMN2-Exon7-Amplicon,192,A,0.434
SMN2-Exon7-Amplicon,193,A,0.3513
SMN2-Exon7-Amplicon,194,T,0.4137
SMN2-Exon7-Amplicon,195,G,0.5797
SMN2-Exon7-Amplicon,196,T,0.5801
SMN2-Exon7-Amplicon,197,A,0.3727
SMN2-Exon7-Amplicon,198,A,0.1657
SMN2-Exon7-Amplicon,199,A,0.1449
SMN2-Exon7-Amplicon,200,A,0.352
SMN2-Exon7-Amplicon,201,C,0.5387
SMN2-Exon7-Amplicon,202,A,0.2279
SMN2-Exon7-Amplicon,203,A,0.2277
SMN2-Exon7-Amplicon,204,T,0.6013
SMN2-Exon7-Amplicon,205,C,0.7052
SMN2-Exon7-Amplicon,206,A,0.332
SMN2-Exon7-Amplicon,207,A,0.249
SMN2-Exon7-Amplicon,208,T,2.7117
SMN2-Exon7-Amplicon,209,A,0.3545
SMN2-Exon7-Amplicon,210,T,0.2087
SMN2-Exon7-Amplicon,211,T,0.1253
SMN2-Exon7-Amplicon,212,A,0.4923
SMN2-Exon7-Amplicon,213,A,0.2568
SMN2-Exon7-Amplicon,214,A,0.4497
SMN2-Exon7-Amplicon,215,G,0.4737
SMN2-Exon7-Amplicon,216,A,0.4305
SMN2-Exon7-Amplicon,217,A,0.4304
SMN2-Exon7-Amplicon,218,T,0.6459
SMN2-Exon7-Amplicon,219,T,0.431
SMN2-Exon7-Amplicon,220,T,0.4099
SMN2-Exon7-Amplicon,221,T,0.8198
SMN2-Exon7-Amplicon,222,G,0.9719
SMN2-Exon7-Amplicon,223,A,0.454
SMN2-Exon7-Amplicon,224,T,0.4107
SMN2-Exon7-Amplicon,225,G,1.0655
SMN2-Exon7-Amplicon,226,C,1.3769
SMN2-Exon7-Amplicon,227,C,0.9105
SMN2-Exon7-Amplicon,228,A,0.7106
SMN2-Exon7-Amplicon,229,A,0.2887
SMN2-Exon7-Amplicon,230,A,0.5108
SMN2-Exon7-Amplicon,231,A,0.6218
SMN2-Exon7-Amplicon,232,C,1.0224
SMN2-Exon7-Amplicon,233,T,0.8226
SMN2-Exon7-Amplicon,234,A,0.9117
SMN2-Exon7-Amplicon,235,T,0.8004
SMN2-Exon7-Amplicon,236,T,0.6449
SMN2-Exon7-Amplicon,237,A,1.0671
SMN2-Exon7-Amplicon,238,G,1.6696
SMN2-Exon7-Amplicon,239,A,0.3785
SMN2-Exon7-Amplicon,240,T,0.3117
SMN2-Exon7-Amplicon,241,A,0.6777
SMN2-Exon7-Amplicon,242,A,0.3389
SMN2-Exon7-Amplicon,243,A,0.2711
SMN2-Exon7-Amplicon,244,A,0.4068
SMN2-Exon7-Amplicon,245,G,0.5424
SMN2-Exon7-Amplicon,246,G,0.226
SMN2-Exon7-Amplicon,247,T,0.3393
SMN2-Exon7-Amplicon,248,T,0.4072
SMN2-Exon7-Amplicon,249,A,0.2263
SMN2-Exon7-Amplicon,250,A,0.2263
SMN2-Exon7-Amplicon,251,T,0.4301
SMN2-Exon7-Amplicon,252,C,1.2231
SMN2-Exon7-Amplicon,253,T,0.6116
SMN2-Exon7-Amplicon,254,A,0.5436
SMN2-Exon7-Amplicon,255,C,0.8504
SMN2-Exon7-Amplicon,256,A,0.2528
SMN2-Exon7-Amplicon,257,T,0.2071
SMN2-Exon7-Amplicon,258,C,0.8754
SMN2-Exon7-Amplicon,259,C,0.8994
SMN2-Exon7-Amplicon,260,C,0.7149
SMN2-Exon7-Amplicon,261,T,0.5768
SMN2-Exon7-Amplicon,262,A,0.9462
SMN2-Exon7-Amplicon,263,C,0.9236
SMN2-Exon7-Amplicon,264,T,0.9011
SMN2-Exon7-Amplicon,265,A,1.1324
SMN2-Exon7-Amplicon,266,G,1.7564
SMN2-Exon7-Amplicon,267,A,0.4854
SMN2-Exon7-Amplicon,268,A,0.5779
SMN2-Exon7-Amplicon,269,T,0.5087
SMN2-Exon7-Amplicon,270,T,0.4857
SMN2-Exon7-Amplicon,271,C,1.0409
SMN2-Exon7-Amplicon,272,T,1.1795
SMN2-Exon7-Amplicon,273,C,1.875
SMN2-Exon7-Amplicon,274,A,0.7409
SMN2-Exon7-Amplicon,275,T,0.4636
SMN2-Exon7-Amplicon,276,A,0.7646
SMN2-Exon7-Amplicon,277,C,1.461
SMN2-Exon7-Amplicon,278,T,0.6495
SMN2-Exon7-Amplicon,279,T,0.348
SMN2-Exon7-Amplicon,280,A,0.58
SMN2-Exon7-Amplicon,281,A,0.348
SMN2-Exon7-Amplicon,282,C,0.7193
SMN2-Exon7-Amplicon,283,T,0.6965
SMN2-Exon7-Amplicon,284,G,1.1617
SMN2-Exon7-Amplicon,285,G,0.8829
SMN2-Exon7-Amplicon,286,T,0.8835
SMN2-Exon7-Amplicon,287,T,0.4419
SMN2-Exon7-Amplicon,288,G,0.5129
SMN2-Exon7-Amplicon,289,G,0.4671
SMN2-Exon7-Amplicon,290,T,0.6547
SMN2-Exon7-Amplicon,291,T,1.2172
SMN2-Exon7-Amplicon,292,G,1.5464
SMN2-Exon7-Amplicon,293,T,0.1875
SMN2-Exon7-Amplicon,294,G,0.3311
SMN2-Exon7-Amplicon,295,T,0.2604
SMN2-Exon7-Amplicon,296,G,0.8292
SMN2-Exon7-Amplicon,297,G,0.8306
SMN2-Exon7-Amplicon,298,A,0.7123
SMN2-Exon7-Amplicon,299,A,0.4036
SMN2-Exon7-Amplicon,300,G,0.6173
SMN2-Exon7-Amplicon,301,A,0.9781
SMN2-Exon7-Amplicon,302,A,0.5256
SMN2-Exon7-Amplicon,303,A,0.4308
SMN2-Exon7-Amplicon,304,C,0.4327
SMN2-Exon7-Amplicon,305,A,0.1925
SMN2-Exon7-Amplicon,306,T,0.5055
SMN2-Exon7-Amplicon,307,A,0.5306
SMN2-Exon7-Amplicon,308,C,0.7724
SMN2-Exon7-Amplicon,309,T,0.4834
SMN2-Exon7-Amplicon,310,T,0.0968
SMN2-Exon7-Amplicon,311,T,0.1697
SMN2-Exon7-Amplicon,312,C,0.2443
SMN2-Exon7-Amplicon,313,A,0.2017
SMN2-Exon7-Amplicon,314,C,1.4826
SMN2-Exon7-Amplicon,315,A,0.1759
SMN2-Exon7-Amplicon,316,A,0.0723
SMN2-Exon7-Amplicon,317,T,0.407
SMN2-Exon7-Amplicon,318,A,0.7825
SMN2-Exon7-Amplicon,319,A,0
SMN2-Exon7-Amplicon,320,A,0.0792
SMN2-Exon7-Amplicon,321,G,0.1198
SMN2-Exon7-Amplicon,322,A,0
SMN2-Exon7-Amplicon,323,G,0
SMN2-Exon7-Amplicon,324,C,0
