Region,Position,Ref_base,Mut_percentage
SARS-CoV2-5UTR-Amplicon,1,a,0.3122
SARS-CoV2-5UTR-Amplicon,2,g,0
SARS-CoV2-5UTR-Amplicon,3,g,0.501
SARS-CoV2-5UTR-Amplicon,4,t,0
SARS-CoV2-5UTR-Amplicon,5,t,0
SARS-CoV2-5UTR-Amplicon,6,t,0.0203
SARS-CoV2-5UTR-Amplicon,7,a,0.0354
SARS-CoV2-5UTR-Amplicon,8,t,0.0353
SARS-CoV2-5UTR-Amplicon,9,a,0.0176
SARS-CoV2-5UTR-Amplicon,10,c,0.0251
SARS-CoV2-5UTR-Amplicon,11,c,0.0377
SARS-CoV2-5UTR-Amplicon,12,t,0.0827
SARS-CoV2-5UTR-Amplicon,13,t,0.03
SARS-CoV2-5UTR-Amplicon,14,c,0.0425
SARS-CoV2-5UTR-Amplicon,15,c,0.015
SARS-CoV2-5UTR-Amplicon,16,c,0.0525
SARS-CoV2-5UTR-Amplicon,17,a,0.03
SARS-CoV2-5UTR-Amplicon,18,g,0.03
SARS-CoV2-5UTR-Amplicon,19,g,0.0549
SARS-CoV2-5UTR-Amplicon,20,t,0.02
SARS-CoV2-5UTR-Amplicon,21,a,0.0549
SARS-CoV2-5UTR-Amplicon,22,a,0.0449
SARS-CoV2-5UTR-Amplicon,23,c,0.0649
SARS-CoV2-5UTR-Amplicon,24,a,0.02
SARS-CoV2-5UTR-Amplicon,25,a,0.0274
SARS-CoV2-5UTR-Amplicon,26,a,0.0199
SARS-CoV2-5UTR-Amplicon,27,c,0.0273
SARS-CoV2-5UTR-Amplicon,28,c,0.0398
SARS-CoV2-5UTR-Amplicon,29,a,0.0199
SARS-CoV2-5UTR-Amplicon,30,a,0.0497
SARS-CoV2-5UTR-Amplicon,31,c,0.0124
SARS-CoV2-5UTR-Amplicon,32,c,0.0174
SARS-CoV2-5UTR-Amplicon,33,a,0.0224
SARS-CoV2-5UTR-Amplicon,34,a,0.0273
SARS-CoV2-5UTR-Amplicon,35,c,0.0199
SARS-CoV2-5UTR-Amplicon,36,t,0.067
SARS-CoV2-5UTR-Amplicon,37,t,0.0646
SARS-CoV2-5UTR-Amplicon,38,t,0.0298
SARS-CoV2-5UTR-Amplicon,39,c,0.0472
SARS-CoV2-5UTR-Amplicon,40,g,0.0894
SARS-CoV2-5UTR-Amplicon,41,a,0.0223
SARS-CoV2-5UTR-Amplicon,42,t,0.0248
SARS-CoV2-5UTR-Amplicon,43,c,0.0323
SARS-CoV2-5UTR-Amplicon,44,t,0.0298
SARS-CoV2-5UTR-Amplicon,45,c,0.0571
SARS-CoV2-5UTR-Amplicon,46,t,0.0645
SARS-CoV2-5UTR-Amplicon,47,t,0.0422
SARS-CoV2-5UTR-Amplicon,48,g,0.0273
SARS-CoV2-5UTR-Amplicon,49,t,0.1315
SARS-CoV2-5UTR-Amplicon,50,a,0.057
SARS-CoV2-5UTR-Amplicon,51,g,0.0471
SARS-CoV2-5UTR-Amplicon,52,a,0.0843
SARS-CoV2-5UTR-Amplicon,53,t,0.0347
SARS-CoV2-5UTR-Amplicon,54,c,0.0521
SARS-CoV2-5UTR-Amplicon,55,t,0.0323
SARS-CoV2-5UTR-Amplicon,56,g,0.0645
SARS-CoV2-5UTR-Amplicon,57,t,0.0993
SARS-CoV2-5UTR-Amplicon,58,t,0.0596
SARS-CoV2-5UTR-Amplicon,59,c,0.0795
SARS-CoV2-5UTR-Amplicon,60,t,0.0373
SARS-CoV2-5UTR-Amplicon,61,c,0.0299
SARS-CoV2-5UTR-Amplicon,62,t,0.0275
SARS-CoV2-5UTR-Amplicon,63,a,0.0176
SARS-CoV2-5UTR-Amplicon,64,a,0.0302
SARS-CoV2-5UTR-Amplicon,65,a,0.0226
SARS-CoV2-5UTR-Amplicon,66,c,0.0302
SARS-CoV2-5UTR-Amplicon,67,g,0.0779
SARS-CoV2-5UTR-Amplicon,68,a,0.0201
SARS-CoV2-5UTR-Amplicon,69,a,0.0804
SARS-CoV2-5UTR-Amplicon,70,c,0.1382
SARS-CoV2-5UTR-Amplicon,71,t,0.0628
SARS-CoV2-5UTR-Amplicon,72,t,0.1105
SARS-CoV2-5UTR-Amplicon,73,t,0.0502
SARS-CoV2-5UTR-Amplicon,74,a,0.251
SARS-CoV2-5UTR-Amplicon,75,a,0.0201
SARS-CoV2-5UTR-Amplicon,76,a,0.0301
SARS-CoV2-5UTR-Amplicon,77,a,0.0125
SARS-CoV2-5UTR-Amplicon,78,t,0.01
SARS-CoV2-5UTR-Amplicon,79,c,0.0151
SARS-CoV2-5UTR-Amplicon,80,t,0.0276
SARS-CoV2-5UTR-Amplicon,81,g,0.0451
SARS-CoV2-5UTR-Amplicon,82,t,0.0176
SARS-CoV2-5UTR-Amplicon,83,g,0.0226
SARS-CoV2-5UTR-Amplicon,84,t,0.0326
SARS-CoV2-5UTR-Amplicon,85,g,0.0452
SARS-CoV2-5UTR-Amplicon,86,g,0.0477
SARS-CoV2-5UTR-Amplicon,87,c,0.0201
SARS-CoV2-5UTR-Amplicon,88,t,0.0505
SARS-CoV2-5UTR-Amplicon,89,g,0.038
SARS-CoV2-5UTR-Amplicon,90,t,0.0279
SARS-CoV2-5UTR-Amplicon,91,c,0.0457
SARS-CoV2-5UTR-Amplicon,92,a,0.0609
SARS-CoV2-5UTR-Amplicon,93,c,0.0076
SARS-CoV2-5UTR-Amplicon,94,t,0.0355
SARS-CoV2-5UTR-Amplicon,95,c,0.0583
SARS-CoV2-5UTR-Amplicon,96,g,0.0862
SARS-CoV2-5UTR-Amplicon,97,g,0.1014
SARS-CoV2-5UTR-Amplicon,98,c,0.0203
SARS-CoV2-5UTR-Amplicon,99,t,0.0712
SARS-CoV2-5UTR-Amplicon,100,g,0.0229
SARS-CoV2-5UTR-Amplicon,101,c,0.0432
SARS-CoV2-5UTR-Amplicon,102,g,0.0356
SARS-CoV2-5UTR-Amplicon,103,t,0.0203
SARS-CoV2-5UTR-Amplicon,104,g,0.028
SARS-CoV2-5UTR-Amplicon,105,c,0.0382
SARS-CoV2-5UTR-Amplicon,106,t,0.2418
SARS-CoV2-5UTR-Amplicon,107,t,0.0637
SARS-CoV2-5UTR-Amplicon,108,a,0.0968
SARS-CoV2-5UTR-Amplicon,109,g,0.0382
SARS-CoV2-5UTR-Amplicon,110,t,0.0255
SARS-CoV2-5UTR-Amplicon,111,g,0.0688
SARS-CoV2-5UTR-Amplicon,112,c,0.1557
SARS-CoV2-5UTR-Amplicon,113,a,0.0638
SARS-CoV2-5UTR-Amplicon,114,c,0.0357
SARS-CoV2-5UTR-Amplicon,115,t,0.0409
SARS-CoV2-5UTR-Amplicon,116,c,0.0536
SARS-CoV2-5UTR-Amplicon,117,a,0.0434
SARS-CoV2-5UTR-Amplicon,118,c,0.0434
SARS-CoV2-5UTR-Amplicon,119,g,0.0306
SARS-CoV2-5UTR-Amplicon,120,c,0.0179
SARS-CoV2-5UTR-Amplicon,121,a,0.0485
SARS-CoV2-5UTR-Amplicon,122,g,0.0255
SARS-CoV2-5UTR-Amplicon,123,t,0.0255
SARS-CoV2-5UTR-Amplicon,124,a,0.0587
SARS-CoV2-5UTR-Amplicon,125,t,0.0128
SARS-CoV2-5UTR-Amplicon,126,a,0.0485
SARS-CoV2-5UTR-Amplicon,127,a,0.0638
SARS-CoV2-5UTR-Amplicon,128,t,0.0816
SARS-CoV2-5UTR-Amplicon,129,t,0.0382
SARS-CoV2-5UTR-Amplicon,130,a,0.0587
SARS-CoV2-5UTR-Amplicon,131,a,0.028
SARS-CoV2-5UTR-Amplicon,132,t,0.0331
SARS-CoV2-5UTR-Amplicon,133,a,0.0484
SARS-CoV2-5UTR-Amplicon,134,a,0.0331
SARS-CoV2-5UTR-Amplicon,135,c,0.0688
SARS-CoV2-5UTR-Amplicon,136,t,0.0382
SARS-CoV2-5UTR-Amplicon,137,a,0.3929
SARS-CoV2-5UTR-Amplicon,138,a,0.051
SARS-CoV2-5UTR-Amplicon,139,t,0.102
SARS-CoV2-5UTR-Amplicon,140,t,0.051
SARS-CoV2-5UTR-Amplicon,141,a,0.0459
SARS-CoV2-5UTR-Amplicon,142,c,0.0332
SARS-CoV2-5UTR-Amplicon,143,t,0.0408
SARS-CoV2-5UTR-Amplicon,144,g,0.0587
SARS-CoV2-5UTR-Amplicon,145,t,0.0281
SARS-CoV2-5UTR-Amplicon,146,c,0.0459
SARS-CoV2-5UTR-Amplicon,147,g,0.079
SARS-CoV2-5UTR-Amplicon,148,t,0.1045
SARS-CoV2-5UTR-Amplicon,149,t,0.0816
SARS-CoV2-5UTR-Amplicon,150,g,0.1606
SARS-CoV2-5UTR-Amplicon,151,a,0.0561
SARS-CoV2-5UTR-Amplicon,152,c,0.1249
SARS-CoV2-5UTR-Amplicon,153,a,0.0638
SARS-CoV2-5UTR-Amplicon,154,g,0.1173
SARS-CoV2-5UTR-Amplicon,155,g,0.0663
SARS-CoV2-5UTR-Amplicon,156,a,0.0382
SARS-CoV2-5UTR-Amplicon,157,c,0.1122
SARS-CoV2-5UTR-Amplicon,158,a,0.2854
SARS-CoV2-5UTR-Amplicon,159,c,0.0561
SARS-CoV2-5UTR-Amplicon,160,g,0.0535
SARS-CoV2-5UTR-Amplicon,161,a,0.0765
SARS-CoV2-5UTR-Amplicon,162,g,0.0331
SARS-CoV2-5UTR-Amplicon,163,t,0.0586
SARS-CoV2-5UTR-Amplicon,164,a,0.1121
SARS-CoV2-5UTR-Amplicon,165,a,0.0612
SARS-CoV2-5UTR-Amplicon,166,c,0.0765
SARS-CoV2-5UTR-Amplicon,167,t,0.0841
SARS-CoV2-5UTR-Amplicon,168,c,0.0841
SARS-CoV2-5UTR-Amplicon,169,g,0.0637
SARS-CoV2-5UTR-Amplicon,170,t,0.2367
SARS-CoV2-5UTR-Amplicon,171,c,0.0738
SARS-CoV2-5UTR-Amplicon,172,t,0.0992
SARS-CoV2-5UTR-Amplicon,173,a,0.2748
SARS-CoV2-5UTR-Amplicon,174,t,0.0636
SARS-CoV2-5UTR-Amplicon,175,c,0.15
SARS-CoV2-5UTR-Amplicon,176,t,0.1648
SARS-CoV2-5UTR-Amplicon,177,t,0.0502
SARS-CoV2-5UTR-Amplicon,178,c,0.0571
SARS-CoV2-5UTR-Amplicon,179,t,0.3726
SARS-CoV2-5UTR-Amplicon,180,g,0.0654
SARS-CoV2-5UTR-Amplicon,181,c,0.1008
SARS-CoV2-5UTR-Amplicon,182,a,0.1152
SARS-CoV2-5UTR-Amplicon,183,g,0.0654
SARS-CoV2-5UTR-Amplicon,184,g,0.0786
SARS-CoV2-5UTR-Amplicon,185,c,0.0733
SARS-CoV2-5UTR-Amplicon,186,t,0.1741
SARS-CoV2-5UTR-Amplicon,187,g,0.1558
SARS-CoV2-5UTR-Amplicon,188,c,0.1047
SARS-CoV2-5UTR-Amplicon,189,t,1.8135
SARS-CoV2-5UTR-Amplicon,190,t,0.8512
SARS-CoV2-5UTR-Amplicon,191,a,0.2619
SARS-CoV2-5UTR-Amplicon,192,c,0.1545
SARS-CoV2-5UTR-Amplicon,193,g,0.1009
SARS-CoV2-5UTR-Amplicon,194,g,0.0681
SARS-CoV2-5UTR-Amplicon,195,t,0.7322
SARS-CoV2-5UTR-Amplicon,196,t,0.7505
SARS-CoV2-5UTR-Amplicon,197,t,0.0904
SARS-CoV2-5UTR-Amplicon,198,c,0.1179
SARS-CoV2-5UTR-Amplicon,199,g,0.2018
SARS-CoV2-5UTR-Amplicon,200,t,0.1534
SARS-CoV2-5UTR-Amplicon,201,c,0.079
SARS-CoV2-5UTR-Amplicon,202,c,0.0719
SARS-CoV2-5UTR-Amplicon,203,g,0.0566
SARS-CoV2-5UTR-Amplicon,204,t,0.0541
SARS-CoV2-5UTR-Amplicon,205,g,0.1264
SARS-CoV2-5UTR-Amplicon,206,t,0.2452
SARS-CoV2-5UTR-Amplicon,207,t,0.1785
SARS-CoV2-5UTR-Amplicon,208,g,0.1554
SARS-CoV2-5UTR-Amplicon,209,c,0.0854
SARS-CoV2-5UTR-Amplicon,210,a,0.0699
SARS-CoV2-5UTR-Amplicon,211,g,0.0622
SARS-CoV2-5UTR-Amplicon,212,c,0.1088
SARS-CoV2-5UTR-Amplicon,213,c,0.2331
SARS-CoV2-5UTR-Amplicon,214,g,0.2305
SARS-CoV2-5UTR-Amplicon,215,a,0.0337
SARS-CoV2-5UTR-Amplicon,216,t,0.0803
SARS-CoV2-5UTR-Amplicon,217,c,0.158
SARS-CoV2-5UTR-Amplicon,218,a,0.2591
SARS-CoV2-5UTR-Amplicon,219,t,0.1036
SARS-CoV2-5UTR-Amplicon,220,c,0.0648
SARS-CoV2-5UTR-Amplicon,221,a,0.1917
SARS-CoV2-5UTR-Amplicon,222,g,0.0803
SARS-CoV2-5UTR-Amplicon,223,c,0.0673
SARS-CoV2-5UTR-Amplicon,224,a,0.0466
SARS-CoV2-5UTR-Amplicon,225,c,0.0958
SARS-CoV2-5UTR-Amplicon,226,a,0.4428
SARS-CoV2-5UTR-Amplicon,227,t,0.1787
SARS-CoV2-5UTR-Amplicon,228,c,0.088
SARS-CoV2-5UTR-Amplicon,229,t,0.5587
SARS-CoV2-5UTR-Amplicon,230,a,0.4239
SARS-CoV2-5UTR-Amplicon,231,g,0.2172
SARS-CoV2-5UTR-Amplicon,232,g,0.1034
SARS-CoV2-5UTR-Amplicon,233,t,0.4939
SARS-CoV2-5UTR-Amplicon,234,t,0.6695
SARS-CoV2-5UTR-Amplicon,235,t,0.0491
SARS-CoV2-5UTR-Amplicon,236,c,0.0646
SARS-CoV2-5UTR-Amplicon,237,g,0.0697
SARS-CoV2-5UTR-Amplicon,238,t,0.1007
SARS-CoV2-5UTR-Amplicon,239,c,0.0362
SARS-CoV2-5UTR-Amplicon,240,c,0.1602
SARS-CoV2-5UTR-Amplicon,241,g,0.1318
SARS-CoV2-5UTR-Amplicon,242,g,0.0956
SARS-CoV2-5UTR-Amplicon,243,g,0.3954
SARS-CoV2-5UTR-Amplicon,244,t,0.0414
SARS-CoV2-5UTR-Amplicon,245,g,0.0802
SARS-CoV2-5UTR-Amplicon,246,t,0.0621
SARS-CoV2-5UTR-Amplicon,247,g,0.0854
SARS-CoV2-5UTR-Amplicon,248,a,0.0543
SARS-CoV2-5UTR-Amplicon,249,c,0.0388
SARS-CoV2-5UTR-Amplicon,250,c,0.1009
SARS-CoV2-5UTR-Amplicon,251,g,0.2121
SARS-CoV2-5UTR-Amplicon,252,a,0.0776
SARS-CoV2-5UTR-Amplicon,253,a,0.2431
SARS-CoV2-5UTR-Amplicon,254,a,0.1474
SARS-CoV2-5UTR-Amplicon,255,g,0.075
SARS-CoV2-5UTR-Amplicon,256,g,0.1526
SARS-CoV2-5UTR-Amplicon,257,t,0.0181
SARS-CoV2-5UTR-Amplicon,258,a,0.0362
SARS-CoV2-5UTR-Amplicon,259,a,0.0983
SARS-CoV2-5UTR-Amplicon,260,g,0.0259
SARS-CoV2-5UTR-Amplicon,261,a,0.031
SARS-CoV2-5UTR-Amplicon,262,t,0.0259
SARS-CoV2-5UTR-Amplicon,263,g,0.0647
SARS-CoV2-5UTR-Amplicon,264,g,0.0673
SARS-CoV2-5UTR-Amplicon,265,a,0.0777
SARS-CoV2-5UTR-Amplicon,266,g,0.0233
SARS-CoV2-5UTR-Amplicon,267,a,0.0259
SARS-CoV2-5UTR-Amplicon,268,g,0.0285
SARS-CoV2-5UTR-Amplicon,269,c,0.0881
SARS-CoV2-5UTR-Amplicon,270,c,0.1399
SARS-CoV2-5UTR-Amplicon,271,t,0.0699
SARS-CoV2-5UTR-Amplicon,272,t,0.1244
SARS-CoV2-5UTR-Amplicon,273,g,0.0544
SARS-CoV2-5UTR-Amplicon,274,t,0.1165
SARS-CoV2-5UTR-Amplicon,275,c,0.0233
SARS-CoV2-5UTR-Amplicon,276,c,0.057
SARS-CoV2-5UTR-Amplicon,277,c,0.0389
SARS-CoV2-5UTR-Amplicon,278,t,0.0544
SARS-CoV2-5UTR-Amplicon,279,g,0.0752
SARS-CoV2-5UTR-Amplicon,280,g,0.0363
SARS-CoV2-5UTR-Amplicon,281,t,0.0778
SARS-CoV2-5UTR-Amplicon,282,t,0.0882
SARS-CoV2-5UTR-Amplicon,283,t,0.0182
SARS-CoV2-5UTR-Amplicon,284,c,0.6665
SARS-CoV2-5UTR-Amplicon,285,a,0.0311
SARS-CoV2-5UTR-Amplicon,286,a,0.0882
SARS-CoV2-5UTR-Amplicon,287,c,0.0259
SARS-CoV2-5UTR-Amplicon,288,g,0.0259
SARS-CoV2-5UTR-Amplicon,289,a,0.0337
SARS-CoV2-5UTR-Amplicon,290,g,0.0857
SARS-CoV2-5UTR-Amplicon,291,g,0.0494
SARS-CoV2-5UTR-Amplicon,292,g,0.0442
SARS-CoV2-5UTR-Amplicon,293,a,0.0364
SARS-CoV2-5UTR-Amplicon,294,g,0.0312
SARS-CoV2-5UTR-Amplicon,295,t,0.0545
SARS-CoV2-5UTR-Amplicon,296,c,0.1143
SARS-CoV2-5UTR-Amplicon,297,a,0.0234
SARS-CoV2-5UTR-Amplicon,298,a,0.0364
SARS-CoV2-5UTR-Amplicon,299,a,0.0597
SARS-CoV2-5UTR-Amplicon,300,g,0.0753
SARS-CoV2-5UTR-Amplicon,301,t,0.1429
SARS-CoV2-5UTR-Amplicon,302,t,0.0259
SARS-CoV2-5UTR-Amplicon,303,c,0.1064
SARS-CoV2-5UTR-Amplicon,304,t,0.026
SARS-CoV2-5UTR-Amplicon,305,g,0.0597
SARS-CoV2-5UTR-Amplicon,306,t,0.0909
SARS-CoV2-5UTR-Amplicon,307,t,0.148
SARS-CoV2-5UTR-Amplicon,308,t,0.0779
SARS-CoV2-5UTR-Amplicon,309,g,0.0701
SARS-CoV2-5UTR-Amplicon,310,c,0.1636
SARS-CoV2-5UTR-Amplicon,311,c,0.0415
SARS-CoV2-5UTR-Amplicon,312,c,0.0389
SARS-CoV2-5UTR-Amplicon,313,t,0.1169
SARS-CoV2-5UTR-Amplicon,314,g,0.1091
SARS-CoV2-5UTR-Amplicon,315,a,0.0311
SARS-CoV2-5UTR-Amplicon,316,t,0.044
SARS-CoV2-5UTR-Amplicon,317,c,0.0492
SARS-CoV2-5UTR-Amplicon,318,t,0.0492
SARS-CoV2-5UTR-Amplicon,319,g,0.0881
SARS-CoV2-5UTR-Amplicon,320,c,0.0467
SARS-CoV2-5UTR-Amplicon,321,a,0.0285
SARS-CoV2-5UTR-Amplicon,322,t,0.0182
SARS-CoV2-5UTR-Amplicon,323,c,0.0649
SARS-CoV2-5UTR-Amplicon,324,g,0.0623
SARS-CoV2-5UTR-Amplicon,325,c,0.0208
SARS-CoV2-5UTR-Amplicon,326,t,0.0491
SARS-CoV2-5UTR-Amplicon,327,g,0.0671
SARS-CoV2-5UTR-Amplicon,328,t,0.0206
SARS-CoV2-5UTR-Amplicon,329,g,0.0439
SARS-CoV2-5UTR-Amplicon,330,g,0.0826
SARS-CoV2-5UTR-Amplicon,331,c,0.0619
SARS-CoV2-5UTR-Amplicon,332,c,0.1058
SARS-CoV2-5UTR-Amplicon,333,g,0.1317
SARS-CoV2-5UTR-Amplicon,334,a,0.0284
SARS-CoV2-5UTR-Amplicon,335,g,0.0282
SARS-CoV2-5UTR-Amplicon,336,g,0.1359
SARS-CoV2-5UTR-Amplicon,337,c,0.0385
SARS-CoV2-5UTR-Amplicon,338,c,0.0745
SARS-CoV2-5UTR-Amplicon,339,a,0.0206
SARS-CoV2-5UTR-Amplicon,340,a,0.0257
SARS-CoV2-5UTR-Amplicon,341,g,0.0513
SARS-CoV2-5UTR-Amplicon,342,c,0.0693
SARS-CoV2-5UTR-Amplicon,343,c,0.0565
SARS-CoV2-5UTR-Amplicon,344,c,0.095
SARS-CoV2-5UTR-Amplicon,345,a,0.0719
SARS-CoV2-5UTR-Amplicon,346,c,0.0796
SARS-CoV2-5UTR-Amplicon,347,c,0.1671
SARS-CoV2-5UTR-Amplicon,348,g,0.2416
SARS-CoV2-5UTR-Amplicon,349,a,0.0386
SARS-CoV2-5UTR-Amplicon,350,g,0.2006
SARS-CoV2-5UTR-Amplicon,351,a,0.054
SARS-CoV2-5UTR-Amplicon,352,a,0.0386
SARS-CoV2-5UTR-Amplicon,353,c,0.018
SARS-CoV2-5UTR-Amplicon,354,a,0.0103
SARS-CoV2-5UTR-Amplicon,355,a,0.0206
SARS-CoV2-5UTR-Amplicon,356,c,0.0129
SARS-CoV2-5UTR-Amplicon,357,g,0.0516
SARS-CoV2-5UTR-Amplicon,358,a,0.0361
SARS-CoV2-5UTR-Amplicon,359,a,0.031
SARS-CoV2-5UTR-Amplicon,360,g,0.0103
SARS-CoV2-5UTR-Amplicon,361,a,0.0181
SARS-CoV2-5UTR-Amplicon,362,c,0.0387
SARS-CoV2-5UTR-Amplicon,363,t,0.0439
SARS-CoV2-5UTR-Amplicon,364,t,0.0207
SARS-CoV2-5UTR-Amplicon,365,c,0.0517
SARS-CoV2-5UTR-Amplicon,366,a,0.0439
SARS-CoV2-5UTR-Amplicon,367,a,0.0155
SARS-CoV2-5UTR-Amplicon,368,c,0.0078
SARS-CoV2-5UTR-Amplicon,369,a,0.0698
SARS-CoV2-5UTR-Amplicon,370,t,0.0388
SARS-CoV2-5UTR-Amplicon,371,c,0.0234
SARS-CoV2-5UTR-Amplicon,372,g,0.0236
SARS-CoV2-5UTR-Amplicon,373,t,0.025
SARS-CoV2-5UTR-Amplicon,374,g,0
SARS-CoV2-5UTR-Amplicon,375,g,0
SARS-CoV2-5UTR-Amplicon,376,c,0
SARS-CoV2-5UTR-Amplicon,377,c,1.0309
SARS-CoV2-5UTR-Amplicon,378,g,0
