Region,Position,Ref_base,Mut_percentage
SARS-CoV2-5UTR-Amplicon,1,a,0.4248
SARS-CoV2-5UTR-Amplicon,2,g,0.3964
SARS-CoV2-5UTR-Amplicon,3,g,0.1481
SARS-CoV2-5UTR-Amplicon,4,t,0.2462
SARS-CoV2-5UTR-Amplicon,5,t,0.0472
SARS-CoV2-5UTR-Amplicon,6,t,0.019
SARS-CoV2-5UTR-Amplicon,7,a,0.0459
SARS-CoV2-5UTR-Amplicon,8,t,0.0943
SARS-CoV2-5UTR-Amplicon,9,a,0.0376
SARS-CoV2-5UTR-Amplicon,10,c,0.043
SARS-CoV2-5UTR-Amplicon,11,c,0.0403
SARS-CoV2-5UTR-Amplicon,12,t,0.1367
SARS-CoV2-5UTR-Amplicon,13,t,0.0161
SARS-CoV2-5UTR-Amplicon,14,c,0.0294
SARS-CoV2-5UTR-Amplicon,15,c,0.0267
SARS-CoV2-5UTR-Amplicon,16,c,0.0642
SARS-CoV2-5UTR-Amplicon,17,a,0.0321
SARS-CoV2-5UTR-Amplicon,18,g,0.0508
SARS-CoV2-5UTR-Amplicon,19,g,0.0508
SARS-CoV2-5UTR-Amplicon,20,t,0.0374
SARS-CoV2-5UTR-Amplicon,21,a,0.1148
SARS-CoV2-5UTR-Amplicon,22,a,0.0427
SARS-CoV2-5UTR-Amplicon,23,c,0.1014
SARS-CoV2-5UTR-Amplicon,24,a,0.08
SARS-CoV2-5UTR-Amplicon,25,a,0.032
SARS-CoV2-5UTR-Amplicon,26,a,0.0664
SARS-CoV2-5UTR-Amplicon,27,c,0.0292
SARS-CoV2-5UTR-Amplicon,28,c,0.061
SARS-CoV2-5UTR-Amplicon,29,a,0.0212
SARS-CoV2-5UTR-Amplicon,30,a,0.0689
SARS-CoV2-5UTR-Amplicon,31,c,0.061
SARS-CoV2-5UTR-Amplicon,32,c,0.0663
SARS-CoV2-5UTR-Amplicon,33,a,0.053
SARS-CoV2-5UTR-Amplicon,34,a,0.0397
SARS-CoV2-5UTR-Amplicon,35,c,0.0371
SARS-CoV2-5UTR-Amplicon,36,t,0.1987
SARS-CoV2-5UTR-Amplicon,37,t,0.0583
SARS-CoV2-5UTR-Amplicon,38,t,0.0874
SARS-CoV2-5UTR-Amplicon,39,c,0.045
SARS-CoV2-5UTR-Amplicon,40,g,0.0768
SARS-CoV2-5UTR-Amplicon,41,a,0.0423
SARS-CoV2-5UTR-Amplicon,42,t,0.0981
SARS-CoV2-5UTR-Amplicon,43,c,0.0292
SARS-CoV2-5UTR-Amplicon,44,t,0.0796
SARS-CoV2-5UTR-Amplicon,45,c,0.1008
SARS-CoV2-5UTR-Amplicon,46,t,0.1061
SARS-CoV2-5UTR-Amplicon,47,t,0.0371
SARS-CoV2-5UTR-Amplicon,48,g,0.0928
SARS-CoV2-5UTR-Amplicon,49,t,0.2202
SARS-CoV2-5UTR-Amplicon,50,a,0.0848
SARS-CoV2-5UTR-Amplicon,51,g,0.098
SARS-CoV2-5UTR-Amplicon,52,a,0.0927
SARS-CoV2-5UTR-Amplicon,53,t,0.1669
SARS-CoV2-5UTR-Amplicon,54,c,0.0901
SARS-CoV2-5UTR-Amplicon,55,t,0.0769
SARS-CoV2-5UTR-Amplicon,56,g,0.0822
SARS-CoV2-5UTR-Amplicon,57,t,0.1671
SARS-CoV2-5UTR-Amplicon,58,t,0.0504
SARS-CoV2-5UTR-Amplicon,59,c,0.0638
SARS-CoV2-5UTR-Amplicon,60,t,0.1171
SARS-CoV2-5UTR-Amplicon,61,c,0.0533
SARS-CoV2-5UTR-Amplicon,62,t,0.0775
SARS-CoV2-5UTR-Amplicon,63,a,0.0574
SARS-CoV2-5UTR-Amplicon,64,a,0.0738
SARS-CoV2-5UTR-Amplicon,65,a,0.0492
SARS-CoV2-5UTR-Amplicon,66,c,0.0355
SARS-CoV2-5UTR-Amplicon,67,g,0.1149
SARS-CoV2-5UTR-Amplicon,68,a,0.0684
SARS-CoV2-5UTR-Amplicon,69,a,0.1095
SARS-CoV2-5UTR-Amplicon,70,c,2.1493
SARS-CoV2-5UTR-Amplicon,71,t,0.2957
SARS-CoV2-5UTR-Amplicon,72,t,0.1615
SARS-CoV2-5UTR-Amplicon,73,t,0.0547
SARS-CoV2-5UTR-Amplicon,74,a,0.2434
SARS-CoV2-5UTR-Amplicon,75,a,0.0738
SARS-CoV2-5UTR-Amplicon,76,a,0.0465
SARS-CoV2-5UTR-Amplicon,77,a,0.1121
SARS-CoV2-5UTR-Amplicon,78,t,0.0984
SARS-CoV2-5UTR-Amplicon,79,c,0.0273
SARS-CoV2-5UTR-Amplicon,80,t,0.0793
SARS-CoV2-5UTR-Amplicon,81,g,0.0902
SARS-CoV2-5UTR-Amplicon,82,t,0.1067
SARS-CoV2-5UTR-Amplicon,83,g,0.0629
SARS-CoV2-5UTR-Amplicon,84,t,0.0851
SARS-CoV2-5UTR-Amplicon,85,g,0.0329
SARS-CoV2-5UTR-Amplicon,86,g,0.1786
SARS-CoV2-5UTR-Amplicon,87,c,0.1017
SARS-CoV2-5UTR-Amplicon,88,t,0.1544
SARS-CoV2-5UTR-Amplicon,89,g,0.1496
SARS-CoV2-5UTR-Amplicon,90,t,0.1247
SARS-CoV2-5UTR-Amplicon,91,c,0.0693
SARS-CoV2-5UTR-Amplicon,92,a,0.0748
SARS-CoV2-5UTR-Amplicon,93,c,0.1219
SARS-CoV2-5UTR-Amplicon,94,t,0.0914
SARS-CoV2-5UTR-Amplicon,95,c,0.0886
SARS-CoV2-5UTR-Amplicon,96,g,0.1523
SARS-CoV2-5UTR-Amplicon,97,g,0.4706
SARS-CoV2-5UTR-Amplicon,98,c,0.1716
SARS-CoV2-5UTR-Amplicon,99,t,0.1417
SARS-CoV2-5UTR-Amplicon,100,g,0.1139
SARS-CoV2-5UTR-Amplicon,101,c,0.1999
SARS-CoV2-5UTR-Amplicon,102,g,0.1665
SARS-CoV2-5UTR-Amplicon,103,t,0.0749
SARS-CoV2-5UTR-Amplicon,104,g,0.1526
SARS-CoV2-5UTR-Amplicon,105,c,0.1611
SARS-CoV2-5UTR-Amplicon,106,t,0.2888
SARS-CoV2-5UTR-Amplicon,107,t,0.0945
SARS-CoV2-5UTR-Amplicon,108,a,0.1167
SARS-CoV2-5UTR-Amplicon,109,g,0.0917
SARS-CoV2-5UTR-Amplicon,110,t,0.0918
SARS-CoV2-5UTR-Amplicon,111,g,0.2058
SARS-CoV2-5UTR-Amplicon,112,c,0.4423
SARS-CoV2-5UTR-Amplicon,113,a,0.1196
SARS-CoV2-5UTR-Amplicon,114,c,0.1586
SARS-CoV2-5UTR-Amplicon,115,t,0.1002
SARS-CoV2-5UTR-Amplicon,116,c,0.0751
SARS-CoV2-5UTR-Amplicon,117,a,0.039
SARS-CoV2-5UTR-Amplicon,118,c,0.1141
SARS-CoV2-5UTR-Amplicon,119,g,0.2337
SARS-CoV2-5UTR-Amplicon,120,c,0.064
SARS-CoV2-5UTR-Amplicon,121,a,0.064
SARS-CoV2-5UTR-Amplicon,122,g,0.1724
SARS-CoV2-5UTR-Amplicon,123,t,0.0556
SARS-CoV2-5UTR-Amplicon,124,a,0.0529
SARS-CoV2-5UTR-Amplicon,125,t,0.039
SARS-CoV2-5UTR-Amplicon,126,a,0.0445
SARS-CoV2-5UTR-Amplicon,127,a,0.0779
SARS-CoV2-5UTR-Amplicon,128,t,0.1253
SARS-CoV2-5UTR-Amplicon,129,t,0.0919
SARS-CoV2-5UTR-Amplicon,130,a,0.1336
SARS-CoV2-5UTR-Amplicon,131,a,0.0779
SARS-CoV2-5UTR-Amplicon,132,t,0.0807
SARS-CoV2-5UTR-Amplicon,133,a,0.1587
SARS-CoV2-5UTR-Amplicon,134,a,0.0807
SARS-CoV2-5UTR-Amplicon,135,c,0.1086
SARS-CoV2-5UTR-Amplicon,136,t,0.1002
SARS-CoV2-5UTR-Amplicon,137,a,0.3175
SARS-CoV2-5UTR-Amplicon,138,a,0.1449
SARS-CoV2-5UTR-Amplicon,139,t,0.1532
SARS-CoV2-5UTR-Amplicon,140,t,0.117
SARS-CoV2-5UTR-Amplicon,141,a,0.0976
SARS-CoV2-5UTR-Amplicon,142,c,0.1254
SARS-CoV2-5UTR-Amplicon,143,t,0.0753
SARS-CoV2-5UTR-Amplicon,144,g,0.092
SARS-CoV2-5UTR-Amplicon,145,t,0.1286
SARS-CoV2-5UTR-Amplicon,146,c,0.1034
SARS-CoV2-5UTR-Amplicon,147,g,0.2041
SARS-CoV2-5UTR-Amplicon,148,t,0.1343
SARS-CoV2-5UTR-Amplicon,149,t,0.0924
SARS-CoV2-5UTR-Amplicon,150,g,0.14
SARS-CoV2-5UTR-Amplicon,151,a,0.1232
SARS-CoV2-5UTR-Amplicon,152,c,0.1854
SARS-CoV2-5UTR-Amplicon,153,a,0.1713
SARS-CoV2-5UTR-Amplicon,154,g,0.1942
SARS-CoV2-5UTR-Amplicon,155,g,0.1433
SARS-CoV2-5UTR-Amplicon,156,a,0.1349
SARS-CoV2-5UTR-Amplicon,157,c,0.1997
SARS-CoV2-5UTR-Amplicon,158,a,0.2805
SARS-CoV2-5UTR-Amplicon,159,c,0.1515
SARS-CoV2-5UTR-Amplicon,160,g,0.1207
SARS-CoV2-5UTR-Amplicon,161,a,0.0843
SARS-CoV2-5UTR-Amplicon,162,g,0.1237
SARS-CoV2-5UTR-Amplicon,163,t,0.1363
SARS-CoV2-5UTR-Amplicon,164,a,0.1051
SARS-CoV2-5UTR-Amplicon,165,a,0.1108
SARS-CoV2-5UTR-Amplicon,166,c,0.1478
SARS-CoV2-5UTR-Amplicon,167,t,0.1563
SARS-CoV2-5UTR-Amplicon,168,c,0.1676
SARS-CoV2-5UTR-Amplicon,169,g,0.1533
SARS-CoV2-5UTR-Amplicon,170,t,0.5157
SARS-CoV2-5UTR-Amplicon,171,c,0.119
SARS-CoV2-5UTR-Amplicon,172,t,0.1814
SARS-CoV2-5UTR-Amplicon,173,a,0.255
SARS-CoV2-5UTR-Amplicon,174,t,0.1247
SARS-CoV2-5UTR-Amplicon,175,c,0.1786
SARS-CoV2-5UTR-Amplicon,176,t,0.2319
SARS-CoV2-5UTR-Amplicon,177,t,0.1852
SARS-CoV2-5UTR-Amplicon,178,c,0.1037
SARS-CoV2-5UTR-Amplicon,179,t,0.4541
SARS-CoV2-5UTR-Amplicon,180,g,0.2276
SARS-CoV2-5UTR-Amplicon,181,c,0.3337
SARS-CoV2-5UTR-Amplicon,182,a,0.2131
SARS-CoV2-5UTR-Amplicon,183,g,0.1043
SARS-CoV2-5UTR-Amplicon,184,g,0.2309
SARS-CoV2-5UTR-Amplicon,185,c,0.1313
SARS-CoV2-5UTR-Amplicon,186,t,0.2204
SARS-CoV2-5UTR-Amplicon,187,g,0.2838
SARS-CoV2-5UTR-Amplicon,188,c,0.2008
SARS-CoV2-5UTR-Amplicon,189,t,1.7367
SARS-CoV2-5UTR-Amplicon,190,t,0.7868
SARS-CoV2-5UTR-Amplicon,191,a,0.2356
SARS-CoV2-5UTR-Amplicon,192,c,0.1918
SARS-CoV2-5UTR-Amplicon,193,g,0.148
SARS-CoV2-5UTR-Amplicon,194,g,0.1933
SARS-CoV2-5UTR-Amplicon,195,t,0.6826
SARS-CoV2-5UTR-Amplicon,196,t,0.6343
SARS-CoV2-5UTR-Amplicon,197,t,0.1117
SARS-CoV2-5UTR-Amplicon,198,c,0.1797
SARS-CoV2-5UTR-Amplicon,199,g,0.2296
SARS-CoV2-5UTR-Amplicon,200,t,0.4589
SARS-CoV2-5UTR-Amplicon,201,c,0.2979
SARS-CoV2-5UTR-Amplicon,202,c,0.227
SARS-CoV2-5UTR-Amplicon,203,g,0.1921
SARS-CoV2-5UTR-Amplicon,204,t,0.0947
SARS-CoV2-5UTR-Amplicon,205,g,0.2368
SARS-CoV2-5UTR-Amplicon,206,t,0.3555
SARS-CoV2-5UTR-Amplicon,207,t,0.1928
SARS-CoV2-5UTR-Amplicon,208,g,0.2285
SARS-CoV2-5UTR-Amplicon,209,c,0.1602
SARS-CoV2-5UTR-Amplicon,210,a,0.2433
SARS-CoV2-5UTR-Amplicon,211,g,0.3588
SARS-CoV2-5UTR-Amplicon,212,c,0.4919
SARS-CoV2-5UTR-Amplicon,213,c,0.2223
SARS-CoV2-5UTR-Amplicon,214,g,0.2994
SARS-CoV2-5UTR-Amplicon,215,a,0.0415
SARS-CoV2-5UTR-Amplicon,216,t,0.1601
SARS-CoV2-5UTR-Amplicon,217,c,0.2223
SARS-CoV2-5UTR-Amplicon,218,a,0.2195
SARS-CoV2-5UTR-Amplicon,219,t,0.0919
SARS-CoV2-5UTR-Amplicon,220,c,0.0682
SARS-CoV2-5UTR-Amplicon,221,a,0.2166
SARS-CoV2-5UTR-Amplicon,222,g,0.1928
SARS-CoV2-5UTR-Amplicon,223,c,0.1128
SARS-CoV2-5UTR-Amplicon,224,a,0.1305
SARS-CoV2-5UTR-Amplicon,225,c,0.1068
SARS-CoV2-5UTR-Amplicon,226,a,0.3946
SARS-CoV2-5UTR-Amplicon,227,t,0.1394
SARS-CoV2-5UTR-Amplicon,228,c,0.08
SARS-CoV2-5UTR-Amplicon,229,t,0.5335
SARS-CoV2-5UTR-Amplicon,230,a,0.391
SARS-CoV2-5UTR-Amplicon,231,g,0.2075
SARS-CoV2-5UTR-Amplicon,232,g,0.2373
SARS-CoV2-5UTR-Amplicon,233,t,0.454
SARS-CoV2-5UTR-Amplicon,234,t,0.5905
SARS-CoV2-5UTR-Amplicon,235,t,0.089
SARS-CoV2-5UTR-Amplicon,236,c,0.0741
SARS-CoV2-5UTR-Amplicon,237,g,0.1275
SARS-CoV2-5UTR-Amplicon,238,t,0.3143
SARS-CoV2-5UTR-Amplicon,239,c,0.1809
SARS-CoV2-5UTR-Amplicon,240,c,0.2372
SARS-CoV2-5UTR-Amplicon,241,g,0.1513
SARS-CoV2-5UTR-Amplicon,242,g,0.2937
SARS-CoV2-5UTR-Amplicon,243,g,0.7209
SARS-CoV2-5UTR-Amplicon,244,t,0.1246
SARS-CoV2-5UTR-Amplicon,245,g,0.1335
SARS-CoV2-5UTR-Amplicon,246,t,0.092
SARS-CoV2-5UTR-Amplicon,247,g,0.1276
SARS-CoV2-5UTR-Amplicon,248,a,0.1959
SARS-CoV2-5UTR-Amplicon,249,c,0.092
SARS-CoV2-5UTR-Amplicon,250,c,0.1187
SARS-CoV2-5UTR-Amplicon,251,g,0.1869
SARS-CoV2-5UTR-Amplicon,252,a,0.092
SARS-CoV2-5UTR-Amplicon,253,a,0.2196
SARS-CoV2-5UTR-Amplicon,254,a,0.1425
SARS-CoV2-5UTR-Amplicon,255,g,0.1217
SARS-CoV2-5UTR-Amplicon,256,g,0.2587
SARS-CoV2-5UTR-Amplicon,257,t,0.0446
SARS-CoV2-5UTR-Amplicon,258,a,0.0387
SARS-CoV2-5UTR-Amplicon,259,a,0.1041
SARS-CoV2-5UTR-Amplicon,260,g,0.0684
SARS-CoV2-5UTR-Amplicon,261,a,0.0506
SARS-CoV2-5UTR-Amplicon,262,t,0.0565
SARS-CoV2-5UTR-Amplicon,263,g,0.0536
SARS-CoV2-5UTR-Amplicon,264,g,0.0536
SARS-CoV2-5UTR-Amplicon,265,a,0.1518
SARS-CoV2-5UTR-Amplicon,266,g,0.0923
SARS-CoV2-5UTR-Amplicon,267,a,0.0625
SARS-CoV2-5UTR-Amplicon,268,g,0.1757
SARS-CoV2-5UTR-Amplicon,269,c,0.1281
SARS-CoV2-5UTR-Amplicon,270,c,0.1996
SARS-CoV2-5UTR-Amplicon,271,t,0.143
SARS-CoV2-5UTR-Amplicon,272,t,0.143
SARS-CoV2-5UTR-Amplicon,273,g,0.0685
SARS-CoV2-5UTR-Amplicon,274,t,0.2471
SARS-CoV2-5UTR-Amplicon,275,c,0.1012
SARS-CoV2-5UTR-Amplicon,276,c,0.0863
SARS-CoV2-5UTR-Amplicon,277,c,0.0684
SARS-CoV2-5UTR-Amplicon,278,t,0.3423
SARS-CoV2-5UTR-Amplicon,279,g,0.1697
SARS-CoV2-5UTR-Amplicon,280,g,0.1816
SARS-CoV2-5UTR-Amplicon,281,t,0.14
SARS-CoV2-5UTR-Amplicon,282,t,0.0834
SARS-CoV2-5UTR-Amplicon,283,t,0.0566
SARS-CoV2-5UTR-Amplicon,284,c,0.5539
SARS-CoV2-5UTR-Amplicon,285,a,0.1072
SARS-CoV2-5UTR-Amplicon,286,a,0.134
SARS-CoV2-5UTR-Amplicon,287,c,0.1161
SARS-CoV2-5UTR-Amplicon,288,g,0.0924
SARS-CoV2-5UTR-Amplicon,289,a,0.0685
SARS-CoV2-5UTR-Amplicon,290,g,0.0626
SARS-CoV2-5UTR-Amplicon,291,g,0.1222
SARS-CoV2-5UTR-Amplicon,292,g,0.0745
SARS-CoV2-5UTR-Amplicon,293,a,0.0865
SARS-CoV2-5UTR-Amplicon,294,g,0.0954
SARS-CoV2-5UTR-Amplicon,295,t,0.1519
SARS-CoV2-5UTR-Amplicon,296,c,0.0656
SARS-CoV2-5UTR-Amplicon,297,a,0.1043
SARS-CoV2-5UTR-Amplicon,298,a,0.1073
SARS-CoV2-5UTR-Amplicon,299,a,0.0983
SARS-CoV2-5UTR-Amplicon,300,g,0.0774
SARS-CoV2-5UTR-Amplicon,301,t,0.137
SARS-CoV2-5UTR-Amplicon,302,t,0.0473
SARS-CoV2-5UTR-Amplicon,303,c,0.1302
SARS-CoV2-5UTR-Amplicon,304,t,0.0799
SARS-CoV2-5UTR-Amplicon,305,g,0.1569
SARS-CoV2-5UTR-Amplicon,306,t,0.1568
SARS-CoV2-5UTR-Amplicon,307,t,0.1213
SARS-CoV2-5UTR-Amplicon,308,t,0.0591
SARS-CoV2-5UTR-Amplicon,309,g,0.0859
SARS-CoV2-5UTR-Amplicon,310,c,0.6632
SARS-CoV2-5UTR-Amplicon,311,c,0.1125
SARS-CoV2-5UTR-Amplicon,312,c,0.1095
SARS-CoV2-5UTR-Amplicon,313,t,0.2314
SARS-CoV2-5UTR-Amplicon,314,g,0.1483
SARS-CoV2-5UTR-Amplicon,315,a,0.0326
SARS-CoV2-5UTR-Amplicon,316,t,0.089
SARS-CoV2-5UTR-Amplicon,317,c,0.0594
SARS-CoV2-5UTR-Amplicon,318,t,0.0949
SARS-CoV2-5UTR-Amplicon,319,g,0.2431
SARS-CoV2-5UTR-Amplicon,320,c,0.0919
SARS-CoV2-5UTR-Amplicon,321,a,0.0415
SARS-CoV2-5UTR-Amplicon,322,t,0.0564
SARS-CoV2-5UTR-Amplicon,323,c,0.1782
SARS-CoV2-5UTR-Amplicon,324,g,0.184
SARS-CoV2-5UTR-Amplicon,325,c,0.1364
SARS-CoV2-5UTR-Amplicon,326,t,0.2661
SARS-CoV2-5UTR-Amplicon,327,g,0.1744
SARS-CoV2-5UTR-Amplicon,328,t,0.0591
SARS-CoV2-5UTR-Amplicon,329,g,0.0739
SARS-CoV2-5UTR-Amplicon,330,g,0.2216
SARS-CoV2-5UTR-Amplicon,331,c,0.4432
SARS-CoV2-5UTR-Amplicon,332,c,0.139
SARS-CoV2-5UTR-Amplicon,333,g,0.1715
SARS-CoV2-5UTR-Amplicon,334,a,0.1331
SARS-CoV2-5UTR-Amplicon,335,g,0.1057
SARS-CoV2-5UTR-Amplicon,336,g,0.7017
SARS-CoV2-5UTR-Amplicon,337,c,0.212
SARS-CoV2-5UTR-Amplicon,338,c,0.053
SARS-CoV2-5UTR-Amplicon,339,a,0.0795
SARS-CoV2-5UTR-Amplicon,340,a,0.0912
SARS-CoV2-5UTR-Amplicon,341,g,0.1266
SARS-CoV2-5UTR-Amplicon,342,c,0.2091
SARS-CoV2-5UTR-Amplicon,343,c,0.0854
SARS-CoV2-5UTR-Amplicon,344,c,0.0913
SARS-CoV2-5UTR-Amplicon,345,a,0.109
SARS-CoV2-5UTR-Amplicon,346,c,0.4478
SARS-CoV2-5UTR-Amplicon,347,c,0.2271
SARS-CoV2-5UTR-Amplicon,348,g,0.1769
SARS-CoV2-5UTR-Amplicon,349,a,0.0885
SARS-CoV2-5UTR-Amplicon,350,g,0.177
SARS-CoV2-5UTR-Amplicon,351,a,0.1062
SARS-CoV2-5UTR-Amplicon,352,a,0.0797
SARS-CoV2-5UTR-Amplicon,353,c,0.1063
SARS-CoV2-5UTR-Amplicon,354,a,0.0295
SARS-CoV2-5UTR-Amplicon,355,a,0.0917
SARS-CoV2-5UTR-Amplicon,356,c,0.071
SARS-CoV2-5UTR-Amplicon,357,g,0.1095
SARS-CoV2-5UTR-Amplicon,358,a,0.1154
SARS-CoV2-5UTR-Amplicon,359,a,0.0326
SARS-CoV2-5UTR-Amplicon,360,g,0.0178
SARS-CoV2-5UTR-Amplicon,361,a,0.0148
SARS-CoV2-5UTR-Amplicon,362,c,0.0237
SARS-CoV2-5UTR-Amplicon,363,t,0.0207
SARS-CoV2-5UTR-Amplicon,364,t,0.0089
SARS-CoV2-5UTR-Amplicon,365,c,0.0237
SARS-CoV2-5UTR-Amplicon,366,a,0.0267
SARS-CoV2-5UTR-Amplicon,367,a,0.0267
SARS-CoV2-5UTR-Amplicon,368,c,0.0267
SARS-CoV2-5UTR-Amplicon,369,a,0.0771
SARS-CoV2-5UTR-Amplicon,370,t,0.0208
SARS-CoV2-5UTR-Amplicon,371,c,0.0446
SARS-CoV2-5UTR-Amplicon,372,g,0.045
SARS-CoV2-5UTR-Amplicon,373,t,0.0476
SARS-CoV2-5UTR-Amplicon,374,g,0
SARS-CoV2-5UTR-Amplicon,375,g,0
SARS-CoV2-5UTR-Amplicon,376,c,0.5548
SARS-CoV2-5UTR-Amplicon,377,c,0.7022
SARS-CoV2-5UTR-Amplicon,378,g,0.4559
