Region,Position,Ref_base,Mut_percentage
SARS-CoV2-5UTR-Amplicon,1,a,0.7143
SARS-CoV2-5UTR-Amplicon,2,g,0.2049
SARS-CoV2-5UTR-Amplicon,3,g,0.2038
SARS-CoV2-5UTR-Amplicon,4,t,0
SARS-CoV2-5UTR-Amplicon,5,t,0
SARS-CoV2-5UTR-Amplicon,6,t,0.0135
SARS-CoV2-5UTR-Amplicon,7,a,0.0857
SARS-CoV2-5UTR-Amplicon,8,t,0.0561
SARS-CoV2-5UTR-Amplicon,9,a,0.0187
SARS-CoV2-5UTR-Amplicon,10,c,0.016
SARS-CoV2-5UTR-Amplicon,11,c,0.0426
SARS-CoV2-5UTR-Amplicon,12,t,0.0878
SARS-CoV2-5UTR-Amplicon,13,t,0.0346
SARS-CoV2-5UTR-Amplicon,14,c,0.0532
SARS-CoV2-5UTR-Amplicon,15,c,0.0186
SARS-CoV2-5UTR-Amplicon,16,c,0.0452
SARS-CoV2-5UTR-Amplicon,17,a,0.0266
SARS-CoV2-5UTR-Amplicon,18,g,0.0398
SARS-CoV2-5UTR-Amplicon,19,g,0.0425
SARS-CoV2-5UTR-Amplicon,20,t,0.0159
SARS-CoV2-5UTR-Amplicon,21,a,0.0823
SARS-CoV2-5UTR-Amplicon,22,a,0.0318
SARS-CoV2-5UTR-Amplicon,23,c,0.0849
SARS-CoV2-5UTR-Amplicon,24,a,0.1193
SARS-CoV2-5UTR-Amplicon,25,a,0.0689
SARS-CoV2-5UTR-Amplicon,26,a,0.132
SARS-CoV2-5UTR-Amplicon,27,c,0.5096
SARS-CoV2-5UTR-Amplicon,28,c,0.5571
SARS-CoV2-5UTR-Amplicon,29,a,0.0554
SARS-CoV2-5UTR-Amplicon,30,a,0.1663
SARS-CoV2-5UTR-Amplicon,31,c,0.4988
SARS-CoV2-5UTR-Amplicon,32,c,0.4695
SARS-CoV2-5UTR-Amplicon,33,a,0.2004
SARS-CoV2-5UTR-Amplicon,34,a,0.211
SARS-CoV2-5UTR-Amplicon,35,c,0.4826
SARS-CoV2-5UTR-Amplicon,36,t,0.3006
SARS-CoV2-5UTR-Amplicon,37,t,0.1635
SARS-CoV2-5UTR-Amplicon,38,t,0.3006
SARS-CoV2-5UTR-Amplicon,39,c,0.5089
SARS-CoV2-5UTR-Amplicon,40,g,0.3454
SARS-CoV2-5UTR-Amplicon,41,a,0.2241
SARS-CoV2-5UTR-Amplicon,42,t,0.2558
SARS-CoV2-5UTR-Amplicon,43,c,0.7304
SARS-CoV2-5UTR-Amplicon,44,t,0.2584
SARS-CoV2-5UTR-Amplicon,45,c,0.6856
SARS-CoV2-5UTR-Amplicon,46,t,0.2874
SARS-CoV2-5UTR-Amplicon,47,t,0.3454
SARS-CoV2-5UTR-Amplicon,48,g,0.3243
SARS-CoV2-5UTR-Amplicon,49,t,0.2241
SARS-CoV2-5UTR-Amplicon,50,a,0.3082
SARS-CoV2-5UTR-Amplicon,51,g,0.2898
SARS-CoV2-5UTR-Amplicon,52,a,0.2134
SARS-CoV2-5UTR-Amplicon,53,t,0.382
SARS-CoV2-5UTR-Amplicon,54,c,0.614
SARS-CoV2-5UTR-Amplicon,55,t,0.3586
SARS-CoV2-5UTR-Amplicon,56,g,0.3876
SARS-CoV2-5UTR-Amplicon,57,t,0.3194
SARS-CoV2-5UTR-Amplicon,58,t,0.3515
SARS-CoV2-5UTR-Amplicon,59,c,0.8058
SARS-CoV2-5UTR-Amplicon,60,t,0.2333
SARS-CoV2-5UTR-Amplicon,61,c,0.6555
SARS-CoV2-5UTR-Amplicon,62,t,0.3164
SARS-CoV2-5UTR-Amplicon,63,a,0.1158
SARS-CoV2-5UTR-Amplicon,64,a,0.0808
SARS-CoV2-5UTR-Amplicon,65,a,0.1751
SARS-CoV2-5UTR-Amplicon,66,c,0.536
SARS-CoV2-5UTR-Amplicon,67,g,0.2047
SARS-CoV2-5UTR-Amplicon,68,a,0.167
SARS-CoV2-5UTR-Amplicon,69,a,0.1995
SARS-CoV2-5UTR-Amplicon,70,c,1.847
SARS-CoV2-5UTR-Amplicon,71,t,0.3882
SARS-CoV2-5UTR-Amplicon,72,t,0.3072
SARS-CoV2-5UTR-Amplicon,73,t,0.264
SARS-CoV2-5UTR-Amplicon,74,a,0.4148
SARS-CoV2-5UTR-Amplicon,75,a,0.1347
SARS-CoV2-5UTR-Amplicon,76,a,0.0942
SARS-CoV2-5UTR-Amplicon,77,a,0.1642
SARS-CoV2-5UTR-Amplicon,78,t,0.4145
SARS-CoV2-5UTR-Amplicon,79,c,0.5518
SARS-CoV2-5UTR-Amplicon,80,t,0.4925
SARS-CoV2-5UTR-Amplicon,81,g,0.6483
SARS-CoV2-5UTR-Amplicon,82,t,0.2639
SARS-CoV2-5UTR-Amplicon,83,g,0.2746
SARS-CoV2-5UTR-Amplicon,84,t,0.1807
SARS-CoV2-5UTR-Amplicon,85,g,0.5205
SARS-CoV2-5UTR-Amplicon,86,g,0.4345
SARS-CoV2-5UTR-Amplicon,87,c,0.6588
SARS-CoV2-5UTR-Amplicon,88,t,0.3924
SARS-CoV2-5UTR-Amplicon,89,g,0.3063
SARS-CoV2-5UTR-Amplicon,90,t,0.4446
SARS-CoV2-5UTR-Amplicon,91,c,0.6508
SARS-CoV2-5UTR-Amplicon,92,a,0.2467
SARS-CoV2-5UTR-Amplicon,93,c,0.6941
SARS-CoV2-5UTR-Amplicon,94,t,0.2332
SARS-CoV2-5UTR-Amplicon,95,c,0.8592
SARS-CoV2-5UTR-Amplicon,96,g,0.5041
SARS-CoV2-5UTR-Amplicon,97,g,0.5827
SARS-CoV2-5UTR-Amplicon,98,c,0.6529
SARS-CoV2-5UTR-Amplicon,99,t,0.472
SARS-CoV2-5UTR-Amplicon,100,g,0.3798
SARS-CoV2-5UTR-Amplicon,101,c,0.795
SARS-CoV2-5UTR-Amplicon,102,g,0.3636
SARS-CoV2-5UTR-Amplicon,103,t,0.198
SARS-CoV2-5UTR-Amplicon,104,g,0.3255
SARS-CoV2-5UTR-Amplicon,105,c,0.6023
SARS-CoV2-5UTR-Amplicon,106,t,0.635
SARS-CoV2-5UTR-Amplicon,107,t,0.3475
SARS-CoV2-5UTR-Amplicon,108,a,0.4099
SARS-CoV2-5UTR-Amplicon,109,g,0.3177
SARS-CoV2-5UTR-Amplicon,110,t,0.22
SARS-CoV2-5UTR-Amplicon,111,g,0.4262
SARS-CoV2-5UTR-Amplicon,112,c,0.6435
SARS-CoV2-5UTR-Amplicon,113,a,0.2444
SARS-CoV2-5UTR-Amplicon,114,c,0.5677
SARS-CoV2-5UTR-Amplicon,115,t,0.2228
SARS-CoV2-5UTR-Amplicon,116,c,0.1766
SARS-CoV2-5UTR-Amplicon,117,a,0.2201
SARS-CoV2-5UTR-Amplicon,118,c,0.6904
SARS-CoV2-5UTR-Amplicon,119,g,0.3342
SARS-CoV2-5UTR-Amplicon,120,c,0.6035
SARS-CoV2-5UTR-Amplicon,121,a,0.1495
SARS-CoV2-5UTR-Amplicon,122,g,0.2311
SARS-CoV2-5UTR-Amplicon,123,t,0.087
SARS-CoV2-5UTR-Amplicon,124,a,0.1768
SARS-CoV2-5UTR-Amplicon,125,t,0.0761
SARS-CoV2-5UTR-Amplicon,126,a,0.1252
SARS-CoV2-5UTR-Amplicon,127,a,0.1714
SARS-CoV2-5UTR-Amplicon,128,t,0.2177
SARS-CoV2-5UTR-Amplicon,129,t,0.2505
SARS-CoV2-5UTR-Amplicon,130,a,0.1443
SARS-CoV2-5UTR-Amplicon,131,a,0.1825
SARS-CoV2-5UTR-Amplicon,132,t,0.1308
SARS-CoV2-5UTR-Amplicon,133,a,0.1254
SARS-CoV2-5UTR-Amplicon,134,a,0.2673
SARS-CoV2-5UTR-Amplicon,135,c,0.4364
SARS-CoV2-5UTR-Amplicon,136,t,0.3028
SARS-CoV2-5UTR-Amplicon,137,a,0.4318
SARS-CoV2-5UTR-Amplicon,138,a,0.3006
SARS-CoV2-5UTR-Amplicon,139,t,0.298
SARS-CoV2-5UTR-Amplicon,140,t,0.1204
SARS-CoV2-5UTR-Amplicon,141,a,0.1861
SARS-CoV2-5UTR-Amplicon,142,c,0.5829
SARS-CoV2-5UTR-Amplicon,143,t,0.3311
SARS-CoV2-5UTR-Amplicon,144,g,0.3556
SARS-CoV2-5UTR-Amplicon,145,t,0.3208
SARS-CoV2-5UTR-Amplicon,146,c,0.8694
SARS-CoV2-5UTR-Amplicon,147,g,0.4417
SARS-CoV2-5UTR-Amplicon,148,t,0.2004
SARS-CoV2-5UTR-Amplicon,149,t,0.3624
SARS-CoV2-5UTR-Amplicon,150,g,0.335
SARS-CoV2-5UTR-Amplicon,151,a,0.2965
SARS-CoV2-5UTR-Amplicon,152,c,0.8195
SARS-CoV2-5UTR-Amplicon,153,a,0.3657
SARS-CoV2-5UTR-Amplicon,154,g,0.4566
SARS-CoV2-5UTR-Amplicon,155,g,0.2447
SARS-CoV2-5UTR-Amplicon,156,a,0.187
SARS-CoV2-5UTR-Amplicon,157,c,0.5889
SARS-CoV2-5UTR-Amplicon,158,a,0.3657
SARS-CoV2-5UTR-Amplicon,159,c,0.6795
SARS-CoV2-5UTR-Amplicon,160,g,0.2895
SARS-CoV2-5UTR-Amplicon,161,a,0.2813
SARS-CoV2-5UTR-Amplicon,162,g,0.3222
SARS-CoV2-5UTR-Amplicon,163,t,0.2682
SARS-CoV2-5UTR-Amplicon,164,a,0.1343
SARS-CoV2-5UTR-Amplicon,165,a,0.2467
SARS-CoV2-5UTR-Amplicon,166,c,0.7016
SARS-CoV2-5UTR-Amplicon,167,t,0.3783
SARS-CoV2-5UTR-Amplicon,168,c,0.9097
SARS-CoV2-5UTR-Amplicon,169,g,0.3944
SARS-CoV2-5UTR-Amplicon,170,t,0.5227
SARS-CoV2-5UTR-Amplicon,171,c,0.5908
SARS-CoV2-5UTR-Amplicon,172,t,0.3035
SARS-CoV2-5UTR-Amplicon,173,a,0.3936
SARS-CoV2-5UTR-Amplicon,174,t,0.3819
SARS-CoV2-5UTR-Amplicon,175,c,0.7967
SARS-CoV2-5UTR-Amplicon,176,t,0.4821
SARS-CoV2-5UTR-Amplicon,177,t,0.2971
SARS-CoV2-5UTR-Amplicon,178,c,0.7953
SARS-CoV2-5UTR-Amplicon,179,t,0.6253
SARS-CoV2-5UTR-Amplicon,180,g,0.3239
SARS-CoV2-5UTR-Amplicon,181,c,0.7264
SARS-CoV2-5UTR-Amplicon,182,a,0.4065
SARS-CoV2-5UTR-Amplicon,183,g,0.2302
SARS-CoV2-5UTR-Amplicon,184,g,0.2772
SARS-CoV2-5UTR-Amplicon,185,c,0.4396
SARS-CoV2-5UTR-Amplicon,186,t,0.3678
SARS-CoV2-5UTR-Amplicon,187,g,0.2672
SARS-CoV2-5UTR-Amplicon,188,c,0.4683
SARS-CoV2-5UTR-Amplicon,189,t,1.9626
SARS-CoV2-5UTR-Amplicon,190,t,1.0459
SARS-CoV2-5UTR-Amplicon,191,a,0.3218
SARS-CoV2-5UTR-Amplicon,192,c,0.408
SARS-CoV2-5UTR-Amplicon,193,g,0.4238
SARS-CoV2-5UTR-Amplicon,194,g,0.3534
SARS-CoV2-5UTR-Amplicon,195,t,0.9109
SARS-CoV2-5UTR-Amplicon,196,t,0.9901
SARS-CoV2-5UTR-Amplicon,197,t,0.3651
SARS-CoV2-5UTR-Amplicon,198,c,0.9104
SARS-CoV2-5UTR-Amplicon,199,g,0.4157
SARS-CoV2-5UTR-Amplicon,200,t,0.5363
SARS-CoV2-5UTR-Amplicon,201,c,0.4986
SARS-CoV2-5UTR-Amplicon,202,c,0.4595
SARS-CoV2-5UTR-Amplicon,203,g,0.3541
SARS-CoV2-5UTR-Amplicon,204,t,0.2972
SARS-CoV2-5UTR-Amplicon,205,g,0.5313
SARS-CoV2-5UTR-Amplicon,206,t,0.512
SARS-CoV2-5UTR-Amplicon,207,t,0.3662
SARS-CoV2-5UTR-Amplicon,208,g,0.3438
SARS-CoV2-5UTR-Amplicon,209,c,0.3975
SARS-CoV2-5UTR-Amplicon,210,a,0.2144
SARS-CoV2-5UTR-Amplicon,211,g,0.3103
SARS-CoV2-5UTR-Amplicon,212,c,0.567
SARS-CoV2-5UTR-Amplicon,213,c,0.4823
SARS-CoV2-5UTR-Amplicon,214,g,0.3187
SARS-CoV2-5UTR-Amplicon,215,a,0.1805
SARS-CoV2-5UTR-Amplicon,216,t,0.2708
SARS-CoV2-5UTR-Amplicon,217,c,0.6235
SARS-CoV2-5UTR-Amplicon,218,a,0.3809
SARS-CoV2-5UTR-Amplicon,219,t,0.285
SARS-CoV2-5UTR-Amplicon,220,c,0.6659
SARS-CoV2-5UTR-Amplicon,221,a,0.333
SARS-CoV2-5UTR-Amplicon,222,g,0.3556
SARS-CoV2-5UTR-Amplicon,223,c,0.5305
SARS-CoV2-5UTR-Amplicon,224,a,0.3019
SARS-CoV2-5UTR-Amplicon,225,c,0.5135
SARS-CoV2-5UTR-Amplicon,226,a,0.5671
SARS-CoV2-5UTR-Amplicon,227,t,0.5614
SARS-CoV2-5UTR-Amplicon,228,c,0.7336
SARS-CoV2-5UTR-Amplicon,229,t,0.7785
SARS-CoV2-5UTR-Amplicon,230,a,0.7725
SARS-CoV2-5UTR-Amplicon,231,g,0.6372
SARS-CoV2-5UTR-Amplicon,232,g,0.5161
SARS-CoV2-5UTR-Amplicon,233,t,0.7417
SARS-CoV2-5UTR-Amplicon,234,t,0.9673
SARS-CoV2-5UTR-Amplicon,235,t,0.3805
SARS-CoV2-5UTR-Amplicon,236,c,0.8598
SARS-CoV2-5UTR-Amplicon,237,g,0.4877
SARS-CoV2-5UTR-Amplicon,238,t,0.4708
SARS-CoV2-5UTR-Amplicon,239,c,1.0432
SARS-CoV2-5UTR-Amplicon,240,c,1.0376
SARS-CoV2-5UTR-Amplicon,241,g,0.6796
SARS-CoV2-5UTR-Amplicon,242,g,0.5978
SARS-CoV2-5UTR-Amplicon,243,g,0.8938
SARS-CoV2-5UTR-Amplicon,244,t,0.4203
SARS-CoV2-5UTR-Amplicon,245,g,0.4205
SARS-CoV2-5UTR-Amplicon,246,t,0.2879
SARS-CoV2-5UTR-Amplicon,247,g,0.2625
SARS-CoV2-5UTR-Amplicon,248,a,0.3245
SARS-CoV2-5UTR-Amplicon,249,c,0.7591
SARS-CoV2-5UTR-Amplicon,250,c,0.6914
SARS-CoV2-5UTR-Amplicon,251,g,0.5109
SARS-CoV2-5UTR-Amplicon,252,a,0.2626
SARS-CoV2-5UTR-Amplicon,253,a,0.319
SARS-CoV2-5UTR-Amplicon,254,a,0.223
SARS-CoV2-5UTR-Amplicon,255,g,0.4178
SARS-CoV2-5UTR-Amplicon,256,g,0.3391
SARS-CoV2-5UTR-Amplicon,257,t,0.13
SARS-CoV2-5UTR-Amplicon,258,a,0.1215
SARS-CoV2-5UTR-Amplicon,259,a,0.3052
SARS-CoV2-5UTR-Amplicon,260,g,0.2034
SARS-CoV2-5UTR-Amplicon,261,a,0.2939
SARS-CoV2-5UTR-Amplicon,262,t,0.3984
SARS-CoV2-5UTR-Amplicon,263,g,0.4606
SARS-CoV2-5UTR-Amplicon,264,g,0.2572
SARS-CoV2-5UTR-Amplicon,265,a,0.4212
SARS-CoV2-5UTR-Amplicon,266,g,0.2261
SARS-CoV2-5UTR-Amplicon,267,a,0.2148
SARS-CoV2-5UTR-Amplicon,268,g,0.3137
SARS-CoV2-5UTR-Amplicon,269,c,0.6555
SARS-CoV2-5UTR-Amplicon,270,c,0.7854
SARS-CoV2-5UTR-Amplicon,271,t,0.3557
SARS-CoV2-5UTR-Amplicon,272,t,0.395
SARS-CoV2-5UTR-Amplicon,273,g,0.285
SARS-CoV2-5UTR-Amplicon,274,t,0.5473
SARS-CoV2-5UTR-Amplicon,275,c,0.536
SARS-CoV2-5UTR-Amplicon,276,c,0.7194
SARS-CoV2-5UTR-Amplicon,277,c,0.5897
SARS-CoV2-5UTR-Amplicon,278,t,0.412
SARS-CoV2-5UTR-Amplicon,279,g,0.5278
SARS-CoV2-5UTR-Amplicon,280,g,0.4768
SARS-CoV2-5UTR-Amplicon,281,t,0.3555
SARS-CoV2-5UTR-Amplicon,282,t,0.2879
SARS-CoV2-5UTR-Amplicon,283,t,0.3358
SARS-CoV2-5UTR-Amplicon,284,c,1.1173
SARS-CoV2-5UTR-Amplicon,285,a,0.1918
SARS-CoV2-5UTR-Amplicon,286,a,0.2595
SARS-CoV2-5UTR-Amplicon,287,c,0.8096
SARS-CoV2-5UTR-Amplicon,288,g,0.2229
SARS-CoV2-5UTR-Amplicon,289,a,0.2257
SARS-CoV2-5UTR-Amplicon,290,g,0.4176
SARS-CoV2-5UTR-Amplicon,291,g,0.3469
SARS-CoV2-5UTR-Amplicon,292,g,0.2254
SARS-CoV2-5UTR-Amplicon,293,a,0.1915
SARS-CoV2-5UTR-Amplicon,294,g,0.3042
SARS-CoV2-5UTR-Amplicon,295,t,0.3238
SARS-CoV2-5UTR-Amplicon,296,c,0.6448
SARS-CoV2-5UTR-Amplicon,297,a,0.273
SARS-CoV2-5UTR-Amplicon,298,a,0.1548
SARS-CoV2-5UTR-Amplicon,299,a,0.2026
SARS-CoV2-5UTR-Amplicon,300,g,0.2419
SARS-CoV2-5UTR-Amplicon,301,t,0.2363
SARS-CoV2-5UTR-Amplicon,302,t,0.4754
SARS-CoV2-5UTR-Amplicon,303,c,0.7665
SARS-CoV2-5UTR-Amplicon,304,t,0.3329
SARS-CoV2-5UTR-Amplicon,305,g,0.621
SARS-CoV2-5UTR-Amplicon,306,t,0.3189
SARS-CoV2-5UTR-Amplicon,307,t,0.3606
SARS-CoV2-5UTR-Amplicon,308,t,0.137
SARS-CoV2-5UTR-Amplicon,309,g,0.3214
SARS-CoV2-5UTR-Amplicon,310,c,1.1516
SARS-CoV2-5UTR-Amplicon,311,c,0.6875
SARS-CoV2-5UTR-Amplicon,312,c,0.8187
SARS-CoV2-5UTR-Amplicon,313,t,0.369
SARS-CoV2-5UTR-Amplicon,314,g,0.4805
SARS-CoV2-5UTR-Amplicon,315,a,0.3213
SARS-CoV2-5UTR-Amplicon,316,t,0.5843
SARS-CoV2-5UTR-Amplicon,317,c,0.7772
SARS-CoV2-5UTR-Amplicon,318,t,0.2571
SARS-CoV2-5UTR-Amplicon,319,g,0.327
SARS-CoV2-5UTR-Amplicon,320,c,0.6175
SARS-CoV2-5UTR-Amplicon,321,a,0.1592
SARS-CoV2-5UTR-Amplicon,322,t,0.2683
SARS-CoV2-5UTR-Amplicon,323,c,0.9637
SARS-CoV2-5UTR-Amplicon,324,g,0.4353
SARS-CoV2-5UTR-Amplicon,325,c,0.7334
SARS-CoV2-5UTR-Amplicon,326,t,0.66
SARS-CoV2-5UTR-Amplicon,327,g,0.5677
SARS-CoV2-5UTR-Amplicon,328,t,0.2336
SARS-CoV2-5UTR-Amplicon,329,g,0.345
SARS-CoV2-5UTR-Amplicon,330,g,0.3645
SARS-CoV2-5UTR-Amplicon,331,c,0.7737
SARS-CoV2-5UTR-Amplicon,332,c,0.7487
SARS-CoV2-5UTR-Amplicon,333,g,0.4036
SARS-CoV2-5UTR-Amplicon,334,a,0.2923
SARS-CoV2-5UTR-Amplicon,335,g,0.3023
SARS-CoV2-5UTR-Amplicon,336,g,0.8765
SARS-CoV2-5UTR-Amplicon,337,c,0.467
SARS-CoV2-5UTR-Amplicon,338,c,0.4252
SARS-CoV2-5UTR-Amplicon,339,a,0.1623
SARS-CoV2-5UTR-Amplicon,340,a,0.3609
SARS-CoV2-5UTR-Amplicon,341,g,0.4226
SARS-CoV2-5UTR-Amplicon,342,c,0.708
SARS-CoV2-5UTR-Amplicon,343,c,1.2427
SARS-CoV2-5UTR-Amplicon,344,c,1.117
SARS-CoV2-5UTR-Amplicon,345,a,0.5123
SARS-CoV2-5UTR-Amplicon,346,c,1.3662
SARS-CoV2-5UTR-Amplicon,347,c,1.5718
SARS-CoV2-5UTR-Amplicon,348,g,0.5576
SARS-CoV2-5UTR-Amplicon,349,a,0.4205
SARS-CoV2-5UTR-Amplicon,350,g,0.3953
SARS-CoV2-5UTR-Amplicon,351,a,0.157
SARS-CoV2-5UTR-Amplicon,352,a,0.2833
SARS-CoV2-5UTR-Amplicon,353,c,0.5919
SARS-CoV2-5UTR-Amplicon,354,a,0.0898
SARS-CoV2-5UTR-Amplicon,355,a,0.191
SARS-CoV2-5UTR-Amplicon,356,c,0.8259
SARS-CoV2-5UTR-Amplicon,357,g,0.385
SARS-CoV2-5UTR-Amplicon,358,a,0.2221
SARS-CoV2-5UTR-Amplicon,359,a,0.0394
SARS-CoV2-5UTR-Amplicon,360,g,0
SARS-CoV2-5UTR-Amplicon,361,a,0.0056
SARS-CoV2-5UTR-Amplicon,362,c,0.0253
SARS-CoV2-5UTR-Amplicon,363,t,0.0394
SARS-CoV2-5UTR-Amplicon,364,t,0.0169
SARS-CoV2-5UTR-Amplicon,365,c,0.0253
SARS-CoV2-5UTR-Amplicon,366,a,0.0338
SARS-CoV2-5UTR-Amplicon,367,a,0.0169
SARS-CoV2-5UTR-Amplicon,368,c,0.0394
SARS-CoV2-5UTR-Amplicon,369,a,0.0648
SARS-CoV2-5UTR-Amplicon,370,t,0.0197
SARS-CoV2-5UTR-Amplicon,371,c,0.0198
SARS-CoV2-5UTR-Amplicon,372,g,0.0399
SARS-CoV2-5UTR-Amplicon,373,t,0.0273
SARS-CoV2-5UTR-Amplicon,374,g,0
SARS-CoV2-5UTR-Amplicon,375,g,0
SARS-CoV2-5UTR-Amplicon,376,c,0.1661
SARS-CoV2-5UTR-Amplicon,377,c,1.0067
SARS-CoV2-5UTR-Amplicon,378,g,0
