Region,Position,Ref_base,Mut_percentage
SARS-CoV2-5UTR-Amplicon,1,a,0.1701
SARS-CoV2-5UTR-Amplicon,2,g,0.3184
SARS-CoV2-5UTR-Amplicon,3,g,0.2212
SARS-CoV2-5UTR-Amplicon,4,t,0.2978
SARS-CoV2-5UTR-Amplicon,5,t,0.0153
SARS-CoV2-5UTR-Amplicon,6,t,0.0204
SARS-CoV2-5UTR-Amplicon,7,a,0.0257
SARS-CoV2-5UTR-Amplicon,8,t,0.0972
SARS-CoV2-5UTR-Amplicon,9,a,0.0311
SARS-CoV2-5UTR-Amplicon,10,c,0.0512
SARS-CoV2-5UTR-Amplicon,11,c,0.0347
SARS-CoV2-5UTR-Amplicon,12,t,0.2135
SARS-CoV2-5UTR-Amplicon,13,t,0.0328
SARS-CoV2-5UTR-Amplicon,14,c,0.0528
SARS-CoV2-5UTR-Amplicon,15,c,0.0273
SARS-CoV2-5UTR-Amplicon,16,c,0.0382
SARS-CoV2-5UTR-Amplicon,17,a,0.0455
SARS-CoV2-5UTR-Amplicon,18,g,0.0709
SARS-CoV2-5UTR-Amplicon,19,g,0.0854
SARS-CoV2-5UTR-Amplicon,20,t,0.0381
SARS-CoV2-5UTR-Amplicon,21,a,0.1417
SARS-CoV2-5UTR-Amplicon,22,a,0.0436
SARS-CoV2-5UTR-Amplicon,23,c,0.1379
SARS-CoV2-5UTR-Amplicon,24,a,0.2049
SARS-CoV2-5UTR-Amplicon,25,a,0.0961
SARS-CoV2-5UTR-Amplicon,26,a,0.094
SARS-CoV2-5UTR-Amplicon,27,c,0.2278
SARS-CoV2-5UTR-Amplicon,28,c,0.1246
SARS-CoV2-5UTR-Amplicon,29,a,0.056
SARS-CoV2-5UTR-Amplicon,30,a,0.1155
SARS-CoV2-5UTR-Amplicon,31,c,0.1462
SARS-CoV2-5UTR-Amplicon,32,c,0.1461
SARS-CoV2-5UTR-Amplicon,33,a,0.0866
SARS-CoV2-5UTR-Amplicon,34,a,0.0902
SARS-CoV2-5UTR-Amplicon,35,c,0.1532
SARS-CoV2-5UTR-Amplicon,36,t,0.2054
SARS-CoV2-5UTR-Amplicon,37,t,0.1207
SARS-CoV2-5UTR-Amplicon,38,t,0.0937
SARS-CoV2-5UTR-Amplicon,39,c,0.254
SARS-CoV2-5UTR-Amplicon,40,g,0.1783
SARS-CoV2-5UTR-Amplicon,41,a,0.1153
SARS-CoV2-5UTR-Amplicon,42,t,0.1496
SARS-CoV2-5UTR-Amplicon,43,c,0.2525
SARS-CoV2-5UTR-Amplicon,44,t,0.1442
SARS-CoV2-5UTR-Amplicon,45,c,0.265
SARS-CoV2-5UTR-Amplicon,46,t,0.1676
SARS-CoV2-5UTR-Amplicon,47,t,0.1224
SARS-CoV2-5UTR-Amplicon,48,g,0.144
SARS-CoV2-5UTR-Amplicon,49,t,0.2197
SARS-CoV2-5UTR-Amplicon,50,a,0.1529
SARS-CoV2-5UTR-Amplicon,51,g,0.0882
SARS-CoV2-5UTR-Amplicon,52,a,0.1133
SARS-CoV2-5UTR-Amplicon,53,t,0.1583
SARS-CoV2-5UTR-Amplicon,54,c,0.2428
SARS-CoV2-5UTR-Amplicon,55,t,0.1027
SARS-CoV2-5UTR-Amplicon,56,g,0.1459
SARS-CoV2-5UTR-Amplicon,57,t,0.2362
SARS-CoV2-5UTR-Amplicon,58,t,0.1497
SARS-CoV2-5UTR-Amplicon,59,c,0.278
SARS-CoV2-5UTR-Amplicon,60,t,0.1372
SARS-CoV2-5UTR-Amplicon,61,c,0.1718
SARS-CoV2-5UTR-Amplicon,62,t,0.089
SARS-CoV2-5UTR-Amplicon,63,a,0.171
SARS-CoV2-5UTR-Amplicon,64,a,0.103
SARS-CoV2-5UTR-Amplicon,65,a,0.0864
SARS-CoV2-5UTR-Amplicon,66,c,0.1802
SARS-CoV2-5UTR-Amplicon,67,g,0.1326
SARS-CoV2-5UTR-Amplicon,68,a,0.0792
SARS-CoV2-5UTR-Amplicon,69,a,0.1274
SARS-CoV2-5UTR-Amplicon,70,c,2.6575
SARS-CoV2-5UTR-Amplicon,71,t,0.3119
SARS-CoV2-5UTR-Amplicon,72,t,0.1679
SARS-CoV2-5UTR-Amplicon,73,t,0.0849
SARS-CoV2-5UTR-Amplicon,74,a,0.4615
SARS-CoV2-5UTR-Amplicon,75,a,0.1328
SARS-CoV2-5UTR-Amplicon,76,a,0.0646
SARS-CoV2-5UTR-Amplicon,77,a,0.1309
SARS-CoV2-5UTR-Amplicon,78,t,0.1475
SARS-CoV2-5UTR-Amplicon,79,c,0.212
SARS-CoV2-5UTR-Amplicon,80,t,0.1825
SARS-CoV2-5UTR-Amplicon,81,g,0.2618
SARS-CoV2-5UTR-Amplicon,82,t,0.0929
SARS-CoV2-5UTR-Amplicon,83,g,0.0762
SARS-CoV2-5UTR-Amplicon,84,t,0.1104
SARS-CoV2-5UTR-Amplicon,85,g,0.2079
SARS-CoV2-5UTR-Amplicon,86,g,0.2588
SARS-CoV2-5UTR-Amplicon,87,c,0.2576
SARS-CoV2-5UTR-Amplicon,88,t,0.1811
SARS-CoV2-5UTR-Amplicon,89,g,0.1477
SARS-CoV2-5UTR-Amplicon,90,t,0.2084
SARS-CoV2-5UTR-Amplicon,91,c,0.2255
SARS-CoV2-5UTR-Amplicon,92,a,0.2028
SARS-CoV2-5UTR-Amplicon,93,c,0.2254
SARS-CoV2-5UTR-Amplicon,94,t,0.1231
SARS-CoV2-5UTR-Amplicon,95,c,0.301
SARS-CoV2-5UTR-Amplicon,96,g,0.1931
SARS-CoV2-5UTR-Amplicon,97,g,0.4316
SARS-CoV2-5UTR-Amplicon,98,c,0.297
SARS-CoV2-5UTR-Amplicon,99,t,0.1178
SARS-CoV2-5UTR-Amplicon,100,g,0.1652
SARS-CoV2-5UTR-Amplicon,101,c,0.3626
SARS-CoV2-5UTR-Amplicon,102,g,0.2184
SARS-CoV2-5UTR-Amplicon,103,t,0.0703
SARS-CoV2-5UTR-Amplicon,104,g,0.2222
SARS-CoV2-5UTR-Amplicon,105,c,0.327
SARS-CoV2-5UTR-Amplicon,106,t,0.3347
SARS-CoV2-5UTR-Amplicon,107,t,0.1694
SARS-CoV2-5UTR-Amplicon,108,a,0.2284
SARS-CoV2-5UTR-Amplicon,109,g,0.1884
SARS-CoV2-5UTR-Amplicon,110,t,0.1161
SARS-CoV2-5UTR-Amplicon,111,g,0.2782
SARS-CoV2-5UTR-Amplicon,112,c,0.5833
SARS-CoV2-5UTR-Amplicon,113,a,0.1754
SARS-CoV2-5UTR-Amplicon,114,c,0.3033
SARS-CoV2-5UTR-Amplicon,115,t,0.1164
SARS-CoV2-5UTR-Amplicon,116,c,0.1297
SARS-CoV2-5UTR-Amplicon,117,a,0.1183
SARS-CoV2-5UTR-Amplicon,118,c,0.2786
SARS-CoV2-5UTR-Amplicon,119,g,0.208
SARS-CoV2-5UTR-Amplicon,120,c,0.2766
SARS-CoV2-5UTR-Amplicon,121,a,0.124
SARS-CoV2-5UTR-Amplicon,122,g,0.1126
SARS-CoV2-5UTR-Amplicon,123,t,0.0687
SARS-CoV2-5UTR-Amplicon,124,a,0.1146
SARS-CoV2-5UTR-Amplicon,125,t,0.063
SARS-CoV2-5UTR-Amplicon,126,a,0.1014
SARS-CoV2-5UTR-Amplicon,127,a,0.1434
SARS-CoV2-5UTR-Amplicon,128,t,0.1817
SARS-CoV2-5UTR-Amplicon,129,t,0.0976
SARS-CoV2-5UTR-Amplicon,130,a,0.1512
SARS-CoV2-5UTR-Amplicon,131,a,0.1608
SARS-CoV2-5UTR-Amplicon,132,t,0.1072
SARS-CoV2-5UTR-Amplicon,133,a,0.1283
SARS-CoV2-5UTR-Amplicon,134,a,0.1188
SARS-CoV2-5UTR-Amplicon,135,c,0.1725
SARS-CoV2-5UTR-Amplicon,136,t,0.1418
SARS-CoV2-5UTR-Amplicon,137,a,0.3804
SARS-CoV2-5UTR-Amplicon,138,a,0.1787
SARS-CoV2-5UTR-Amplicon,139,t,0.1288
SARS-CoV2-5UTR-Amplicon,140,t,0.1173
SARS-CoV2-5UTR-Amplicon,141,a,0.1288
SARS-CoV2-5UTR-Amplicon,142,c,0.2287
SARS-CoV2-5UTR-Amplicon,143,t,0.1115
SARS-CoV2-5UTR-Amplicon,144,g,0.1499
SARS-CoV2-5UTR-Amplicon,145,t,0.1686
SARS-CoV2-5UTR-Amplicon,146,c,0.2676
SARS-CoV2-5UTR-Amplicon,147,g,0.2133
SARS-CoV2-5UTR-Amplicon,148,t,0.1554
SARS-CoV2-5UTR-Amplicon,149,t,0.1904
SARS-CoV2-5UTR-Amplicon,150,g,0.1963
SARS-CoV2-5UTR-Amplicon,151,a,0.21
SARS-CoV2-5UTR-Amplicon,152,c,0.2961
SARS-CoV2-5UTR-Amplicon,153,a,0.265
SARS-CoV2-5UTR-Amplicon,154,g,0.2772
SARS-CoV2-5UTR-Amplicon,155,g,0.1853
SARS-CoV2-5UTR-Amplicon,156,a,0.2575
SARS-CoV2-5UTR-Amplicon,157,c,0.3278
SARS-CoV2-5UTR-Amplicon,158,a,0.3245
SARS-CoV2-5UTR-Amplicon,159,c,0.2799
SARS-CoV2-5UTR-Amplicon,160,g,0.1829
SARS-CoV2-5UTR-Amplicon,161,a,0.1734
SARS-CoV2-5UTR-Amplicon,162,g,0.2202
SARS-CoV2-5UTR-Amplicon,163,t,0.2067
SARS-CoV2-5UTR-Amplicon,164,a,0.2547
SARS-CoV2-5UTR-Amplicon,165,a,0.1712
SARS-CoV2-5UTR-Amplicon,166,c,0.2726
SARS-CoV2-5UTR-Amplicon,167,t,0.201
SARS-CoV2-5UTR-Amplicon,168,c,0.3024
SARS-CoV2-5UTR-Amplicon,169,g,0.191
SARS-CoV2-5UTR-Amplicon,170,t,0.5134
SARS-CoV2-5UTR-Amplicon,171,c,0.2505
SARS-CoV2-5UTR-Amplicon,172,t,0.167
SARS-CoV2-5UTR-Amplicon,173,a,0.2764
SARS-CoV2-5UTR-Amplicon,174,t,0.1412
SARS-CoV2-5UTR-Amplicon,175,c,0.2385
SARS-CoV2-5UTR-Amplicon,176,t,0.1997
SARS-CoV2-5UTR-Amplicon,177,t,0.1611
SARS-CoV2-5UTR-Amplicon,178,c,0.2735
SARS-CoV2-5UTR-Amplicon,179,t,0.5095
SARS-CoV2-5UTR-Amplicon,180,g,0.2801
SARS-CoV2-5UTR-Amplicon,181,c,0.3757
SARS-CoV2-5UTR-Amplicon,182,a,0.3254
SARS-CoV2-5UTR-Amplicon,183,g,0.1487
SARS-CoV2-5UTR-Amplicon,184,g,0.2982
SARS-CoV2-5UTR-Amplicon,185,c,0.2754
SARS-CoV2-5UTR-Amplicon,186,t,0.3368
SARS-CoV2-5UTR-Amplicon,187,g,0.2902
SARS-CoV2-5UTR-Amplicon,188,c,0.3986
SARS-CoV2-5UTR-Amplicon,189,t,2.0642
SARS-CoV2-5UTR-Amplicon,190,t,1.1141
SARS-CoV2-5UTR-Amplicon,191,a,0.3457
SARS-CoV2-5UTR-Amplicon,192,c,0.2951
SARS-CoV2-5UTR-Amplicon,193,g,0.2867
SARS-CoV2-5UTR-Amplicon,194,g,0.2903
SARS-CoV2-5UTR-Amplicon,195,t,0.8555
SARS-CoV2-5UTR-Amplicon,196,t,0.7001
SARS-CoV2-5UTR-Amplicon,197,t,0.153
SARS-CoV2-5UTR-Amplicon,198,c,0.3665
SARS-CoV2-5UTR-Amplicon,199,g,0.2907
SARS-CoV2-5UTR-Amplicon,200,t,0.5847
SARS-CoV2-5UTR-Amplicon,201,c,0.3751
SARS-CoV2-5UTR-Amplicon,202,c,0.3154
SARS-CoV2-5UTR-Amplicon,203,g,0.1663
SARS-CoV2-5UTR-Amplicon,204,t,0.2162
SARS-CoV2-5UTR-Amplicon,205,g,0.2847
SARS-CoV2-5UTR-Amplicon,206,t,0.5297
SARS-CoV2-5UTR-Amplicon,207,t,0.2596
SARS-CoV2-5UTR-Amplicon,208,g,0.3258
SARS-CoV2-5UTR-Amplicon,209,c,0.4036
SARS-CoV2-5UTR-Amplicon,210,a,0.4414
SARS-CoV2-5UTR-Amplicon,211,g,0.5783
SARS-CoV2-5UTR-Amplicon,212,c,0.6909
SARS-CoV2-5UTR-Amplicon,213,c,0.3017
SARS-CoV2-5UTR-Amplicon,214,g,0.4338
SARS-CoV2-5UTR-Amplicon,215,a,0.1438
SARS-CoV2-5UTR-Amplicon,216,t,0.1792
SARS-CoV2-5UTR-Amplicon,217,c,0.3042
SARS-CoV2-5UTR-Amplicon,218,a,0.3514
SARS-CoV2-5UTR-Amplicon,219,t,0.1792
SARS-CoV2-5UTR-Amplicon,220,c,0.2028
SARS-CoV2-5UTR-Amplicon,221,a,0.3066
SARS-CoV2-5UTR-Amplicon,222,g,0.184
SARS-CoV2-5UTR-Amplicon,223,c,0.255
SARS-CoV2-5UTR-Amplicon,224,a,0.2313
SARS-CoV2-5UTR-Amplicon,225,c,0.1723
SARS-CoV2-5UTR-Amplicon,226,a,0.5121
SARS-CoV2-5UTR-Amplicon,227,t,0.2785
SARS-CoV2-5UTR-Amplicon,228,c,0.2783
SARS-CoV2-5UTR-Amplicon,229,t,0.6863
SARS-CoV2-5UTR-Amplicon,230,a,0.6551
SARS-CoV2-5UTR-Amplicon,231,g,0.4314
SARS-CoV2-5UTR-Amplicon,232,g,0.3324
SARS-CoV2-5UTR-Amplicon,233,t,0.6038
SARS-CoV2-5UTR-Amplicon,234,t,0.7974
SARS-CoV2-5UTR-Amplicon,235,t,0.1815
SARS-CoV2-5UTR-Amplicon,236,c,0.3771
SARS-CoV2-5UTR-Amplicon,237,g,0.2474
SARS-CoV2-5UTR-Amplicon,238,t,0.2992
SARS-CoV2-5UTR-Amplicon,239,c,0.4054
SARS-CoV2-5UTR-Amplicon,240,c,0.4549
SARS-CoV2-5UTR-Amplicon,241,g,0.2452
SARS-CoV2-5UTR-Amplicon,242,g,0.4552
SARS-CoV2-5UTR-Amplicon,243,g,0.7594
SARS-CoV2-5UTR-Amplicon,244,t,0.2099
SARS-CoV2-5UTR-Amplicon,245,g,0.1274
SARS-CoV2-5UTR-Amplicon,246,t,0.1322
SARS-CoV2-5UTR-Amplicon,247,g,0.1865
SARS-CoV2-5UTR-Amplicon,248,a,0.3092
SARS-CoV2-5UTR-Amplicon,249,c,0.2501
SARS-CoV2-5UTR-Amplicon,250,c,0.2925
SARS-CoV2-5UTR-Amplicon,251,g,0.2925
SARS-CoV2-5UTR-Amplicon,252,a,0.2526
SARS-CoV2-5UTR-Amplicon,253,a,0.3234
SARS-CoV2-5UTR-Amplicon,254,a,0.2171
SARS-CoV2-5UTR-Amplicon,255,g,0.1959
SARS-CoV2-5UTR-Amplicon,256,g,0.3261
SARS-CoV2-5UTR-Amplicon,257,t,0.0733
SARS-CoV2-5UTR-Amplicon,258,a,0.1277
SARS-CoV2-5UTR-Amplicon,259,a,0.1868
SARS-CoV2-5UTR-Amplicon,260,g,0.1206
SARS-CoV2-5UTR-Amplicon,261,a,0.1678
SARS-CoV2-5UTR-Amplicon,262,t,0.0922
SARS-CoV2-5UTR-Amplicon,263,g,0.1868
SARS-CoV2-5UTR-Amplicon,264,g,0.1183
SARS-CoV2-5UTR-Amplicon,265,a,0.3076
SARS-CoV2-5UTR-Amplicon,266,g,0.0852
SARS-CoV2-5UTR-Amplicon,267,a,0.0733
SARS-CoV2-5UTR-Amplicon,268,g,0.2414
SARS-CoV2-5UTR-Amplicon,269,c,0.3336
SARS-CoV2-5UTR-Amplicon,270,c,0.44
SARS-CoV2-5UTR-Amplicon,271,t,0.1726
SARS-CoV2-5UTR-Amplicon,272,t,0.1584
SARS-CoV2-5UTR-Amplicon,273,g,0.13
SARS-CoV2-5UTR-Amplicon,274,t,0.241
SARS-CoV2-5UTR-Amplicon,275,c,0.241
SARS-CoV2-5UTR-Amplicon,276,c,0.208
SARS-CoV2-5UTR-Amplicon,277,c,0.2955
SARS-CoV2-5UTR-Amplicon,278,t,0.3287
SARS-CoV2-5UTR-Amplicon,279,g,0.2105
SARS-CoV2-5UTR-Amplicon,280,g,0.222
SARS-CoV2-5UTR-Amplicon,281,t,0.17
SARS-CoV2-5UTR-Amplicon,282,t,0.1228
SARS-CoV2-5UTR-Amplicon,283,t,0.1274
SARS-CoV2-5UTR-Amplicon,284,c,0.7926
SARS-CoV2-5UTR-Amplicon,285,a,0.1651
SARS-CoV2-5UTR-Amplicon,286,a,0.1698
SARS-CoV2-5UTR-Amplicon,287,c,0.3067
SARS-CoV2-5UTR-Amplicon,288,g,0.144
SARS-CoV2-5UTR-Amplicon,289,a,0.1652
SARS-CoV2-5UTR-Amplicon,290,g,0.2387
SARS-CoV2-5UTR-Amplicon,291,g,0.1394
SARS-CoV2-5UTR-Amplicon,292,g,0.1511
SARS-CoV2-5UTR-Amplicon,293,a,0.1486
SARS-CoV2-5UTR-Amplicon,294,g,0.1368
SARS-CoV2-5UTR-Amplicon,295,t,0.2472
SARS-CoV2-5UTR-Amplicon,296,c,0.3225
SARS-CoV2-5UTR-Amplicon,297,a,0.1954
SARS-CoV2-5UTR-Amplicon,298,a,0.1412
SARS-CoV2-5UTR-Amplicon,299,a,0.1647
SARS-CoV2-5UTR-Amplicon,300,g,0.1387
SARS-CoV2-5UTR-Amplicon,301,t,0.1834
SARS-CoV2-5UTR-Amplicon,302,t,0.1403
SARS-CoV2-5UTR-Amplicon,303,c,0.2785
SARS-CoV2-5UTR-Amplicon,304,t,0.0796
SARS-CoV2-5UTR-Amplicon,305,g,0.178
SARS-CoV2-5UTR-Amplicon,306,t,0.1755
SARS-CoV2-5UTR-Amplicon,307,t,0.1357
SARS-CoV2-5UTR-Amplicon,308,t,0.0702
SARS-CoV2-5UTR-Amplicon,309,g,0.2085
SARS-CoV2-5UTR-Amplicon,310,c,0.7356
SARS-CoV2-5UTR-Amplicon,311,c,0.3162
SARS-CoV2-5UTR-Amplicon,312,c,0.3162
SARS-CoV2-5UTR-Amplicon,313,t,0.3376
SARS-CoV2-5UTR-Amplicon,314,g,0.2013
SARS-CoV2-5UTR-Amplicon,315,a,0.1311
SARS-CoV2-5UTR-Amplicon,316,t,0.2063
SARS-CoV2-5UTR-Amplicon,317,c,0.3564
SARS-CoV2-5UTR-Amplicon,318,t,0.1337
SARS-CoV2-5UTR-Amplicon,319,g,0.2252
SARS-CoV2-5UTR-Amplicon,320,c,0.1759
SARS-CoV2-5UTR-Amplicon,321,a,0.1267
SARS-CoV2-5UTR-Amplicon,322,t,0.1267
SARS-CoV2-5UTR-Amplicon,323,c,0.263
SARS-CoV2-5UTR-Amplicon,324,g,0.3799
SARS-CoV2-5UTR-Amplicon,325,c,0.3093
SARS-CoV2-5UTR-Amplicon,326,t,0.4927
SARS-CoV2-5UTR-Amplicon,327,g,0.3938
SARS-CoV2-5UTR-Amplicon,328,t,0.1513
SARS-CoV2-5UTR-Amplicon,329,g,0.1654
SARS-CoV2-5UTR-Amplicon,330,g,0.3006
SARS-CoV2-5UTR-Amplicon,331,c,0.6618
SARS-CoV2-5UTR-Amplicon,332,c,0.2961
SARS-CoV2-5UTR-Amplicon,333,g,0.2658
SARS-CoV2-5UTR-Amplicon,334,a,0.2146
SARS-CoV2-5UTR-Amplicon,335,g,0.1597
SARS-CoV2-5UTR-Amplicon,336,g,1.0325
SARS-CoV2-5UTR-Amplicon,337,c,0.3194
SARS-CoV2-5UTR-Amplicon,338,c,0.1888
SARS-CoV2-5UTR-Amplicon,339,a,0.1632
SARS-CoV2-5UTR-Amplicon,340,a,0.2468
SARS-CoV2-5UTR-Amplicon,341,g,0.2004
SARS-CoV2-5UTR-Amplicon,342,c,0.4381
SARS-CoV2-5UTR-Amplicon,343,c,0.3915
SARS-CoV2-5UTR-Amplicon,344,c,0.4693
SARS-CoV2-5UTR-Amplicon,345,a,0.432
SARS-CoV2-5UTR-Amplicon,346,c,0.9527
SARS-CoV2-5UTR-Amplicon,347,c,0.5909
SARS-CoV2-5UTR-Amplicon,348,g,0.3947
SARS-CoV2-5UTR-Amplicon,349,a,0.2663
SARS-CoV2-5UTR-Amplicon,350,g,0.2547
SARS-CoV2-5UTR-Amplicon,351,a,0.2384
SARS-CoV2-5UTR-Amplicon,352,a,0.1496
SARS-CoV2-5UTR-Amplicon,353,c,0.2829
SARS-CoV2-5UTR-Amplicon,354,a,0.0982
SARS-CoV2-5UTR-Amplicon,355,a,0.1009
SARS-CoV2-5UTR-Amplicon,356,c,0.2278
SARS-CoV2-5UTR-Amplicon,357,g,0.1503
SARS-CoV2-5UTR-Amplicon,358,a,0.2537
SARS-CoV2-5UTR-Amplicon,359,a,0.0305
SARS-CoV2-5UTR-Amplicon,360,g,0.0564
SARS-CoV2-5UTR-Amplicon,361,a,0.0141
SARS-CoV2-5UTR-Amplicon,362,c,0.0165
SARS-CoV2-5UTR-Amplicon,363,t,0.047
SARS-CoV2-5UTR-Amplicon,364,t,0.0212
SARS-CoV2-5UTR-Amplicon,365,c,0.0141
SARS-CoV2-5UTR-Amplicon,366,a,0.0377
SARS-CoV2-5UTR-Amplicon,367,a,0.0494
SARS-CoV2-5UTR-Amplicon,368,c,0.0071
SARS-CoV2-5UTR-Amplicon,369,a,0.1107
SARS-CoV2-5UTR-Amplicon,370,t,0.0189
SARS-CoV2-5UTR-Amplicon,371,c,0.0213
SARS-CoV2-5UTR-Amplicon,372,g,0.0216
SARS-CoV2-5UTR-Amplicon,373,t,0.0257
SARS-CoV2-5UTR-Amplicon,374,g,0.5396
SARS-CoV2-5UTR-Amplicon,375,g,0
SARS-CoV2-5UTR-Amplicon,376,c,0
SARS-CoV2-5UTR-Amplicon,377,c,1.5489
SARS-CoV2-5UTR-Amplicon,378,g,0.1028
