Region,Position,Ref_base,Mut_percentage
SARS-CoV2-5UTR-Amplicon,1,a,0.6359
SARS-CoV2-5UTR-Amplicon,2,g,0.2692
SARS-CoV2-5UTR-Amplicon,3,g,0.0446
SARS-CoV2-5UTR-Amplicon,4,t,0.1319
SARS-CoV2-5UTR-Amplicon,5,t,0
SARS-CoV2-5UTR-Amplicon,6,t,0.0212
SARS-CoV2-5UTR-Amplicon,7,a,0.0211
SARS-CoV2-5UTR-Amplicon,8,t,0.0503
SARS-CoV2-5UTR-Amplicon,9,a,0.013
SARS-CoV2-5UTR-Amplicon,10,c,0.0243
SARS-CoV2-5UTR-Amplicon,11,c,0.0243
SARS-CoV2-5UTR-Amplicon,12,t,0.0824
SARS-CoV2-5UTR-Amplicon,13,t,0.0469
SARS-CoV2-5UTR-Amplicon,14,c,0.0178
SARS-CoV2-5UTR-Amplicon,15,c,0.0242
SARS-CoV2-5UTR-Amplicon,16,c,0.0177
SARS-CoV2-5UTR-Amplicon,17,a,0.0339
SARS-CoV2-5UTR-Amplicon,18,g,0.0307
SARS-CoV2-5UTR-Amplicon,19,g,0.0452
SARS-CoV2-5UTR-Amplicon,20,t,0.0258
SARS-CoV2-5UTR-Amplicon,21,a,0.0597
SARS-CoV2-5UTR-Amplicon,22,a,0.0339
SARS-CoV2-5UTR-Amplicon,23,c,0.0677
SARS-CoV2-5UTR-Amplicon,24,a,0.0806
SARS-CoV2-5UTR-Amplicon,25,a,0.0677
SARS-CoV2-5UTR-Amplicon,26,a,0.0289
SARS-CoV2-5UTR-Amplicon,27,c,0.0979
SARS-CoV2-5UTR-Amplicon,28,c,0.0867
SARS-CoV2-5UTR-Amplicon,29,a,0.0385
SARS-CoV2-5UTR-Amplicon,30,a,0.0578
SARS-CoV2-5UTR-Amplicon,31,c,0.0834
SARS-CoV2-5UTR-Amplicon,32,c,0.0754
SARS-CoV2-5UTR-Amplicon,33,a,0.0577
SARS-CoV2-5UTR-Amplicon,34,a,0.0513
SARS-CoV2-5UTR-Amplicon,35,c,0.0593
SARS-CoV2-5UTR-Amplicon,36,t,0.1426
SARS-CoV2-5UTR-Amplicon,37,t,0.0705
SARS-CoV2-5UTR-Amplicon,38,t,0.0881
SARS-CoV2-5UTR-Amplicon,39,c,0.1249
SARS-CoV2-5UTR-Amplicon,40,g,0.1073
SARS-CoV2-5UTR-Amplicon,41,a,0.0625
SARS-CoV2-5UTR-Amplicon,42,t,0.0834
SARS-CoV2-5UTR-Amplicon,43,c,0.101
SARS-CoV2-5UTR-Amplicon,44,t,0.117
SARS-CoV2-5UTR-Amplicon,45,c,0.1394
SARS-CoV2-5UTR-Amplicon,46,t,0.1554
SARS-CoV2-5UTR-Amplicon,47,t,0.1153
SARS-CoV2-5UTR-Amplicon,48,g,0.0833
SARS-CoV2-5UTR-Amplicon,49,t,0.2242
SARS-CoV2-5UTR-Amplicon,50,a,0.08
SARS-CoV2-5UTR-Amplicon,51,g,0.0975
SARS-CoV2-5UTR-Amplicon,52,a,0.1295
SARS-CoV2-5UTR-Amplicon,53,t,0.1551
SARS-CoV2-5UTR-Amplicon,54,c,0.1152
SARS-CoV2-5UTR-Amplicon,55,t,0.1041
SARS-CoV2-5UTR-Amplicon,56,g,0.1281
SARS-CoV2-5UTR-Amplicon,57,t,0.2466
SARS-CoV2-5UTR-Amplicon,58,t,0.1297
SARS-CoV2-5UTR-Amplicon,59,c,0.1843
SARS-CoV2-5UTR-Amplicon,60,t,0.1266
SARS-CoV2-5UTR-Amplicon,61,c,0.1187
SARS-CoV2-5UTR-Amplicon,62,t,0.0885
SARS-CoV2-5UTR-Amplicon,63,a,0.0714
SARS-CoV2-5UTR-Amplicon,64,a,0.0487
SARS-CoV2-5UTR-Amplicon,65,a,0.0747
SARS-CoV2-5UTR-Amplicon,66,c,0.0974
SARS-CoV2-5UTR-Amplicon,67,g,0.1381
SARS-CoV2-5UTR-Amplicon,68,a,0.0601
SARS-CoV2-5UTR-Amplicon,69,a,0.1561
SARS-CoV2-5UTR-Amplicon,70,c,1.5882
SARS-CoV2-5UTR-Amplicon,71,t,0.2568
SARS-CoV2-5UTR-Amplicon,72,t,0.208
SARS-CoV2-5UTR-Amplicon,73,t,0.0764
SARS-CoV2-5UTR-Amplicon,74,a,0.2957
SARS-CoV2-5UTR-Amplicon,75,a,0.0828
SARS-CoV2-5UTR-Amplicon,76,a,0.0731
SARS-CoV2-5UTR-Amplicon,77,a,0.0682
SARS-CoV2-5UTR-Amplicon,78,t,0.1152
SARS-CoV2-5UTR-Amplicon,79,c,0.0714
SARS-CoV2-5UTR-Amplicon,80,t,0.1071
SARS-CoV2-5UTR-Amplicon,81,g,0.1509
SARS-CoV2-5UTR-Amplicon,82,t,0.0958
SARS-CoV2-5UTR-Amplicon,83,g,0.0747
SARS-CoV2-5UTR-Amplicon,84,t,0.1351
SARS-CoV2-5UTR-Amplicon,85,g,0.0781
SARS-CoV2-5UTR-Amplicon,86,g,0.2068
SARS-CoV2-5UTR-Amplicon,87,c,0.1678
SARS-CoV2-5UTR-Amplicon,88,t,0.1519
SARS-CoV2-5UTR-Amplicon,89,g,0.2151
SARS-CoV2-5UTR-Amplicon,90,t,0.2545
SARS-CoV2-5UTR-Amplicon,91,c,0.1248
SARS-CoV2-5UTR-Amplicon,92,a,0.1314
SARS-CoV2-5UTR-Amplicon,93,c,0.1051
SARS-CoV2-5UTR-Amplicon,94,t,0.1133
SARS-CoV2-5UTR-Amplicon,95,c,0.1444
SARS-CoV2-5UTR-Amplicon,96,g,0.1263
SARS-CoV2-5UTR-Amplicon,97,g,0.4119
SARS-CoV2-5UTR-Amplicon,98,c,0.1789
SARS-CoV2-5UTR-Amplicon,99,t,0.1268
SARS-CoV2-5UTR-Amplicon,100,g,0.135
SARS-CoV2-5UTR-Amplicon,101,c,0.2206
SARS-CoV2-5UTR-Amplicon,102,g,0.1893
SARS-CoV2-5UTR-Amplicon,103,t,0.0806
SARS-CoV2-5UTR-Amplicon,104,g,0.1481
SARS-CoV2-5UTR-Amplicon,105,c,0.173
SARS-CoV2-5UTR-Amplicon,106,t,0.3427
SARS-CoV2-5UTR-Amplicon,107,t,0.1335
SARS-CoV2-5UTR-Amplicon,108,a,0.112
SARS-CoV2-5UTR-Amplicon,109,g,0.1038
SARS-CoV2-5UTR-Amplicon,110,t,0.094
SARS-CoV2-5UTR-Amplicon,111,g,0.2028
SARS-CoV2-5UTR-Amplicon,112,c,0.3726
SARS-CoV2-5UTR-Amplicon,113,a,0.1434
SARS-CoV2-5UTR-Amplicon,114,c,0.1583
SARS-CoV2-5UTR-Amplicon,115,t,0.0924
SARS-CoV2-5UTR-Amplicon,116,c,0.0445
SARS-CoV2-5UTR-Amplicon,117,a,0.0676
SARS-CoV2-5UTR-Amplicon,118,c,0.1072
SARS-CoV2-5UTR-Amplicon,119,g,0.2243
SARS-CoV2-5UTR-Amplicon,120,c,0.1039
SARS-CoV2-5UTR-Amplicon,121,a,0.0858
SARS-CoV2-5UTR-Amplicon,122,g,0.0874
SARS-CoV2-5UTR-Amplicon,123,t,0.0462
SARS-CoV2-5UTR-Amplicon,124,a,0.0594
SARS-CoV2-5UTR-Amplicon,125,t,0.0215
SARS-CoV2-5UTR-Amplicon,126,a,0.0528
SARS-CoV2-5UTR-Amplicon,127,a,0.0793
SARS-CoV2-5UTR-Amplicon,128,t,0.1635
SARS-CoV2-5UTR-Amplicon,129,t,0.0826
SARS-CoV2-5UTR-Amplicon,130,a,0.0925
SARS-CoV2-5UTR-Amplicon,131,a,0.0792
SARS-CoV2-5UTR-Amplicon,132,t,0.1139
SARS-CoV2-5UTR-Amplicon,133,a,0.137
SARS-CoV2-5UTR-Amplicon,134,a,0.1089
SARS-CoV2-5UTR-Amplicon,135,c,0.132
SARS-CoV2-5UTR-Amplicon,136,t,0.132
SARS-CoV2-5UTR-Amplicon,137,a,0.4425
SARS-CoV2-5UTR-Amplicon,138,a,0.1255
SARS-CoV2-5UTR-Amplicon,139,t,0.1767
SARS-CoV2-5UTR-Amplicon,140,t,0.1106
SARS-CoV2-5UTR-Amplicon,141,a,0.0875
SARS-CoV2-5UTR-Amplicon,142,c,0.1255
SARS-CoV2-5UTR-Amplicon,143,t,0.0826
SARS-CoV2-5UTR-Amplicon,144,g,0.1601
SARS-CoV2-5UTR-Amplicon,145,t,0.1338
SARS-CoV2-5UTR-Amplicon,146,c,0.1371
SARS-CoV2-5UTR-Amplicon,147,g,0.1816
SARS-CoV2-5UTR-Amplicon,148,t,0.1585
SARS-CoV2-5UTR-Amplicon,149,t,0.1916
SARS-CoV2-5UTR-Amplicon,150,g,0.19
SARS-CoV2-5UTR-Amplicon,151,a,0.1223
SARS-CoV2-5UTR-Amplicon,152,c,0.1984
SARS-CoV2-5UTR-Amplicon,153,a,0.1901
SARS-CoV2-5UTR-Amplicon,154,g,0.2216
SARS-CoV2-5UTR-Amplicon,155,g,0.1206
SARS-CoV2-5UTR-Amplicon,156,a,0.1338
SARS-CoV2-5UTR-Amplicon,157,c,0.1768
SARS-CoV2-5UTR-Amplicon,158,a,0.3576
SARS-CoV2-5UTR-Amplicon,159,c,0.2027
SARS-CoV2-5UTR-Amplicon,160,g,0.145
SARS-CoV2-5UTR-Amplicon,161,a,0.1467
SARS-CoV2-5UTR-Amplicon,162,g,0.1319
SARS-CoV2-5UTR-Amplicon,163,t,0.1273
SARS-CoV2-5UTR-Amplicon,164,a,0.1157
SARS-CoV2-5UTR-Amplicon,165,a,0.1074
SARS-CoV2-5UTR-Amplicon,166,c,0.162
SARS-CoV2-5UTR-Amplicon,167,t,0.1718
SARS-CoV2-5UTR-Amplicon,168,c,0.2081
SARS-CoV2-5UTR-Amplicon,169,g,0.1617
SARS-CoV2-5UTR-Amplicon,170,t,0.4732
SARS-CoV2-5UTR-Amplicon,171,c,0.2027
SARS-CoV2-5UTR-Amplicon,172,t,0.1714
SARS-CoV2-5UTR-Amplicon,173,a,0.2537
SARS-CoV2-5UTR-Amplicon,174,t,0.1779
SARS-CoV2-5UTR-Amplicon,175,c,0.2157
SARS-CoV2-5UTR-Amplicon,176,t,0.2858
SARS-CoV2-5UTR-Amplicon,177,t,0.135
SARS-CoV2-5UTR-Amplicon,178,c,0.1508
SARS-CoV2-5UTR-Amplicon,179,t,0.5276
SARS-CoV2-5UTR-Amplicon,180,g,0.2156
SARS-CoV2-5UTR-Amplicon,181,c,0.2621
SARS-CoV2-5UTR-Amplicon,182,a,0.1968
SARS-CoV2-5UTR-Amplicon,183,g,0.0997
SARS-CoV2-5UTR-Amplicon,184,g,0.1877
SARS-CoV2-5UTR-Amplicon,185,c,0.1756
SARS-CoV2-5UTR-Amplicon,186,t,0.2007
SARS-CoV2-5UTR-Amplicon,187,g,0.2154
SARS-CoV2-5UTR-Amplicon,188,c,0.2293
SARS-CoV2-5UTR-Amplicon,189,t,1.6874
SARS-CoV2-5UTR-Amplicon,190,t,0.8333
SARS-CoV2-5UTR-Amplicon,191,a,0.238
SARS-CoV2-5UTR-Amplicon,192,c,0.2155
SARS-CoV2-5UTR-Amplicon,193,g,0.1878
SARS-CoV2-5UTR-Amplicon,194,g,0.2138
SARS-CoV2-5UTR-Amplicon,195,t,0.6709
SARS-CoV2-5UTR-Amplicon,196,t,0.5368
SARS-CoV2-5UTR-Amplicon,197,t,0.1151
SARS-CoV2-5UTR-Amplicon,198,c,0.1663
SARS-CoV2-5UTR-Amplicon,199,g,0.233
SARS-CoV2-5UTR-Amplicon,200,t,0.3672
SARS-CoV2-5UTR-Amplicon,201,c,0.3603
SARS-CoV2-5UTR-Amplicon,202,c,0.1537
SARS-CoV2-5UTR-Amplicon,203,g,0.1629
SARS-CoV2-5UTR-Amplicon,204,t,0.1053
SARS-CoV2-5UTR-Amplicon,205,g,0.1938
SARS-CoV2-5UTR-Amplicon,206,t,0.3946
SARS-CoV2-5UTR-Amplicon,207,t,0.1773
SARS-CoV2-5UTR-Amplicon,208,g,0.2098
SARS-CoV2-5UTR-Amplicon,209,c,0.191
SARS-CoV2-5UTR-Amplicon,210,a,0.1962
SARS-CoV2-5UTR-Amplicon,211,g,0.203
SARS-CoV2-5UTR-Amplicon,212,c,0.4384
SARS-CoV2-5UTR-Amplicon,213,c,0.215
SARS-CoV2-5UTR-Amplicon,214,g,0.2764
SARS-CoV2-5UTR-Amplicon,215,a,0.0273
SARS-CoV2-5UTR-Amplicon,216,t,0.1519
SARS-CoV2-5UTR-Amplicon,217,c,0.1894
SARS-CoV2-5UTR-Amplicon,218,a,0.2271
SARS-CoV2-5UTR-Amplicon,219,t,0.0922
SARS-CoV2-5UTR-Amplicon,220,c,0.0956
SARS-CoV2-5UTR-Amplicon,221,a,0.193
SARS-CoV2-5UTR-Amplicon,222,g,0.2015
SARS-CoV2-5UTR-Amplicon,223,c,0.1759
SARS-CoV2-5UTR-Amplicon,224,a,0.111
SARS-CoV2-5UTR-Amplicon,225,c,0.1212
SARS-CoV2-5UTR-Amplicon,226,a,0.4183
SARS-CoV2-5UTR-Amplicon,227,t,0.2426
SARS-CoV2-5UTR-Amplicon,228,c,0.1639
SARS-CoV2-5UTR-Amplicon,229,t,0.5241
SARS-CoV2-5UTR-Amplicon,230,a,0.4623
SARS-CoV2-5UTR-Amplicon,231,g,0.3055
SARS-CoV2-5UTR-Amplicon,232,g,0.2321
SARS-CoV2-5UTR-Amplicon,233,t,0.4676
SARS-CoV2-5UTR-Amplicon,234,t,0.698
SARS-CoV2-5UTR-Amplicon,235,t,0.0887
SARS-CoV2-5UTR-Amplicon,236,c,0.1723
SARS-CoV2-5UTR-Amplicon,237,g,0.1415
SARS-CoV2-5UTR-Amplicon,238,t,0.2063
SARS-CoV2-5UTR-Amplicon,239,c,0.1893
SARS-CoV2-5UTR-Amplicon,240,c,0.3035
SARS-CoV2-5UTR-Amplicon,241,g,0.2422
SARS-CoV2-5UTR-Amplicon,242,g,0.3258
SARS-CoV2-5UTR-Amplicon,243,g,0.6294
SARS-CoV2-5UTR-Amplicon,244,t,0.145
SARS-CoV2-5UTR-Amplicon,245,g,0.1144
SARS-CoV2-5UTR-Amplicon,246,t,0.1042
SARS-CoV2-5UTR-Amplicon,247,g,0.1537
SARS-CoV2-5UTR-Amplicon,248,a,0.2271
SARS-CoV2-5UTR-Amplicon,249,c,0.1827
SARS-CoV2-5UTR-Amplicon,250,c,0.1502
SARS-CoV2-5UTR-Amplicon,251,g,0.2441
SARS-CoV2-5UTR-Amplicon,252,a,0.1674
SARS-CoV2-5UTR-Amplicon,253,a,0.2358
SARS-CoV2-5UTR-Amplicon,254,a,0.1759
SARS-CoV2-5UTR-Amplicon,255,g,0.2015
SARS-CoV2-5UTR-Amplicon,256,g,0.2786
SARS-CoV2-5UTR-Amplicon,257,t,0.0393
SARS-CoV2-5UTR-Amplicon,258,a,0.1111
SARS-CoV2-5UTR-Amplicon,259,a,0.1043
SARS-CoV2-5UTR-Amplicon,260,g,0.0821
SARS-CoV2-5UTR-Amplicon,261,a,0.0855
SARS-CoV2-5UTR-Amplicon,262,t,0.0325
SARS-CoV2-5UTR-Amplicon,263,g,0.1026
SARS-CoV2-5UTR-Amplicon,264,g,0.0753
SARS-CoV2-5UTR-Amplicon,265,a,0.207
SARS-CoV2-5UTR-Amplicon,266,g,0.0513
SARS-CoV2-5UTR-Amplicon,267,a,0.0667
SARS-CoV2-5UTR-Amplicon,268,g,0.1112
SARS-CoV2-5UTR-Amplicon,269,c,0.1763
SARS-CoV2-5UTR-Amplicon,270,c,0.2431
SARS-CoV2-5UTR-Amplicon,271,t,0.1695
SARS-CoV2-5UTR-Amplicon,272,t,0.1575
SARS-CoV2-5UTR-Amplicon,273,g,0.1079
SARS-CoV2-5UTR-Amplicon,274,t,0.2173
SARS-CoV2-5UTR-Amplicon,275,c,0.1677
SARS-CoV2-5UTR-Amplicon,276,c,0.1198
SARS-CoV2-5UTR-Amplicon,277,c,0.1403
SARS-CoV2-5UTR-Amplicon,278,t,0.2652
SARS-CoV2-5UTR-Amplicon,279,g,0.2054
SARS-CoV2-5UTR-Amplicon,280,g,0.2875
SARS-CoV2-5UTR-Amplicon,281,t,0.1575
SARS-CoV2-5UTR-Amplicon,282,t,0.101
SARS-CoV2-5UTR-Amplicon,283,t,0.089
SARS-CoV2-5UTR-Amplicon,284,c,0.5956
SARS-CoV2-5UTR-Amplicon,285,a,0.0668
SARS-CoV2-5UTR-Amplicon,286,a,0.1301
SARS-CoV2-5UTR-Amplicon,287,c,0.1849
SARS-CoV2-5UTR-Amplicon,288,g,0.0822
SARS-CoV2-5UTR-Amplicon,289,a,0.0787
SARS-CoV2-5UTR-Amplicon,290,g,0.1387
SARS-CoV2-5UTR-Amplicon,291,g,0.1713
SARS-CoV2-5UTR-Amplicon,292,g,0.0925
SARS-CoV2-5UTR-Amplicon,293,a,0.0976
SARS-CoV2-5UTR-Amplicon,294,g,0.1147
SARS-CoV2-5UTR-Amplicon,295,t,0.1455
SARS-CoV2-5UTR-Amplicon,296,c,0.1148
SARS-CoV2-5UTR-Amplicon,297,a,0.1302
SARS-CoV2-5UTR-Amplicon,298,a,0.1045
SARS-CoV2-5UTR-Amplicon,299,a,0.113
SARS-CoV2-5UTR-Amplicon,300,g,0.125
SARS-CoV2-5UTR-Amplicon,301,t,0.185
SARS-CoV2-5UTR-Amplicon,302,t,0.0736
SARS-CoV2-5UTR-Amplicon,303,c,0.2124
SARS-CoV2-5UTR-Amplicon,304,t,0.1028
SARS-CoV2-5UTR-Amplicon,305,g,0.1698
SARS-CoV2-5UTR-Amplicon,306,t,0.1715
SARS-CoV2-5UTR-Amplicon,307,t,0.1287
SARS-CoV2-5UTR-Amplicon,308,t,0.0652
SARS-CoV2-5UTR-Amplicon,309,g,0.1597
SARS-CoV2-5UTR-Amplicon,310,c,0.6046
SARS-CoV2-5UTR-Amplicon,311,c,0.1649
SARS-CoV2-5UTR-Amplicon,312,c,0.1821
SARS-CoV2-5UTR-Amplicon,313,t,0.282
SARS-CoV2-5UTR-Amplicon,314,g,0.1478
SARS-CoV2-5UTR-Amplicon,315,a,0.0842
SARS-CoV2-5UTR-Amplicon,316,t,0.0946
SARS-CoV2-5UTR-Amplicon,317,c,0.1222
SARS-CoV2-5UTR-Amplicon,318,t,0.1154
SARS-CoV2-5UTR-Amplicon,319,g,0.2015
SARS-CoV2-5UTR-Amplicon,320,c,0.1482
SARS-CoV2-5UTR-Amplicon,321,a,0.062
SARS-CoV2-5UTR-Amplicon,322,t,0.1191
SARS-CoV2-5UTR-Amplicon,323,c,0.1899
SARS-CoV2-5UTR-Amplicon,324,g,0.2381
SARS-CoV2-5UTR-Amplicon,325,c,0.1344
SARS-CoV2-5UTR-Amplicon,326,t,0.2612
SARS-CoV2-5UTR-Amplicon,327,g,0.1804
SARS-CoV2-5UTR-Amplicon,328,t,0.0515
SARS-CoV2-5UTR-Amplicon,329,g,0.0721
SARS-CoV2-5UTR-Amplicon,330,g,0.2214
SARS-CoV2-5UTR-Amplicon,331,c,0.2781
SARS-CoV2-5UTR-Amplicon,332,c,0.1665
SARS-CoV2-5UTR-Amplicon,333,g,0.1889
SARS-CoV2-5UTR-Amplicon,334,a,0.103
SARS-CoV2-5UTR-Amplicon,335,g,0.0818
SARS-CoV2-5UTR-Amplicon,336,g,0.7144
SARS-CoV2-5UTR-Amplicon,337,c,0.1746
SARS-CoV2-5UTR-Amplicon,338,c,0.0856
SARS-CoV2-5UTR-Amplicon,339,a,0.0719
SARS-CoV2-5UTR-Amplicon,340,a,0.1232
SARS-CoV2-5UTR-Amplicon,341,g,0.1489
SARS-CoV2-5UTR-Amplicon,342,c,0.2465
SARS-CoV2-5UTR-Amplicon,343,c,0.1472
SARS-CoV2-5UTR-Amplicon,344,c,0.2243
SARS-CoV2-5UTR-Amplicon,345,a,0.1986
SARS-CoV2-5UTR-Amplicon,346,c,0.5051
SARS-CoV2-5UTR-Amplicon,347,c,0.3873
SARS-CoV2-5UTR-Amplicon,348,g,0.2211
SARS-CoV2-5UTR-Amplicon,349,a,0.1389
SARS-CoV2-5UTR-Amplicon,350,g,0.1886
SARS-CoV2-5UTR-Amplicon,351,a,0.1029
SARS-CoV2-5UTR-Amplicon,352,a,0.0618
SARS-CoV2-5UTR-Amplicon,353,c,0.1475
SARS-CoV2-5UTR-Amplicon,354,a,0.048
SARS-CoV2-5UTR-Amplicon,355,a,0.0929
SARS-CoV2-5UTR-Amplicon,356,c,0.0911
SARS-CoV2-5UTR-Amplicon,357,g,0.1256
SARS-CoV2-5UTR-Amplicon,358,a,0.1084
SARS-CoV2-5UTR-Amplicon,359,a,0.0344
SARS-CoV2-5UTR-Amplicon,360,g,0.0258
SARS-CoV2-5UTR-Amplicon,361,a,0.0138
SARS-CoV2-5UTR-Amplicon,362,c,0.0362
SARS-CoV2-5UTR-Amplicon,363,t,0.0189
SARS-CoV2-5UTR-Amplicon,364,t,0.0224
SARS-CoV2-5UTR-Amplicon,365,c,0.0431
SARS-CoV2-5UTR-Amplicon,366,a,0.0293
SARS-CoV2-5UTR-Amplicon,367,a,0.0241
SARS-CoV2-5UTR-Amplicon,368,c,0.0138
SARS-CoV2-5UTR-Amplicon,369,a,0.0742
SARS-CoV2-5UTR-Amplicon,370,t,0.0155
SARS-CoV2-5UTR-Amplicon,371,c,0.0208
SARS-CoV2-5UTR-Amplicon,372,g,0.0191
SARS-CoV2-5UTR-Amplicon,373,t,0.0405
SARS-CoV2-5UTR-Amplicon,374,g,0.097
SARS-CoV2-5UTR-Amplicon,375,g,0.2103
SARS-CoV2-5UTR-Amplicon,376,c,0.3188
SARS-CoV2-5UTR-Amplicon,377,c,0.8547
SARS-CoV2-5UTR-Amplicon,378,g,0
