Region,Position,Ref_base,Mut_percentage
SARS-CoV2-5UTR-Amplicon,1,a,0.0977
SARS-CoV2-5UTR-Amplicon,2,g,0.0899
SARS-CoV2-5UTR-Amplicon,3,g,0.1792
SARS-CoV2-5UTR-Amplicon,4,t,0.353
SARS-CoV2-5UTR-Amplicon,5,t,0
SARS-CoV2-5UTR-Amplicon,6,t,0.0093
SARS-CoV2-5UTR-Amplicon,7,a,0.0368
SARS-CoV2-5UTR-Amplicon,8,t,0.0337
SARS-CoV2-5UTR-Amplicon,9,a,0.0214
SARS-CoV2-5UTR-Amplicon,10,c,0.0061
SARS-CoV2-5UTR-Amplicon,11,c,0.0183
SARS-CoV2-5UTR-Amplicon,12,t,0.0915
SARS-CoV2-5UTR-Amplicon,13,t,0.0183
SARS-CoV2-5UTR-Amplicon,14,c,0.0427
SARS-CoV2-5UTR-Amplicon,15,c,0.0213
SARS-CoV2-5UTR-Amplicon,16,c,0.0274
SARS-CoV2-5UTR-Amplicon,17,a,0.0183
SARS-CoV2-5UTR-Amplicon,18,g,0.0244
SARS-CoV2-5UTR-Amplicon,19,g,0.0517
SARS-CoV2-5UTR-Amplicon,20,t,0.0183
SARS-CoV2-5UTR-Amplicon,21,a,0.1461
SARS-CoV2-5UTR-Amplicon,22,a,0.0335
SARS-CoV2-5UTR-Amplicon,23,c,0.146
SARS-CoV2-5UTR-Amplicon,24,a,0.1247
SARS-CoV2-5UTR-Amplicon,25,a,0.0395
SARS-CoV2-5UTR-Amplicon,26,a,0.0698
SARS-CoV2-5UTR-Amplicon,27,c,0.094
SARS-CoV2-5UTR-Amplicon,28,c,0.0425
SARS-CoV2-5UTR-Amplicon,29,a,0.0242
SARS-CoV2-5UTR-Amplicon,30,a,0.097
SARS-CoV2-5UTR-Amplicon,31,c,0.097
SARS-CoV2-5UTR-Amplicon,32,c,0.0788
SARS-CoV2-5UTR-Amplicon,33,a,0.0363
SARS-CoV2-5UTR-Amplicon,34,a,0.0485
SARS-CoV2-5UTR-Amplicon,35,c,0.0848
SARS-CoV2-5UTR-Amplicon,36,t,0.2513
SARS-CoV2-5UTR-Amplicon,37,t,0.0999
SARS-CoV2-5UTR-Amplicon,38,t,0.0787
SARS-CoV2-5UTR-Amplicon,39,c,0.0545
SARS-CoV2-5UTR-Amplicon,40,g,0.0968
SARS-CoV2-5UTR-Amplicon,41,a,0.0605
SARS-CoV2-5UTR-Amplicon,42,t,0.1151
SARS-CoV2-5UTR-Amplicon,43,c,0.0575
SARS-CoV2-5UTR-Amplicon,44,t,0.0999
SARS-CoV2-5UTR-Amplicon,45,c,0.1817
SARS-CoV2-5UTR-Amplicon,46,t,0.1877
SARS-CoV2-5UTR-Amplicon,47,t,0.0696
SARS-CoV2-5UTR-Amplicon,48,g,0.0939
SARS-CoV2-5UTR-Amplicon,49,t,0.2149
SARS-CoV2-5UTR-Amplicon,50,a,0.0665
SARS-CoV2-5UTR-Amplicon,51,g,0.1089
SARS-CoV2-5UTR-Amplicon,52,a,0.1089
SARS-CoV2-5UTR-Amplicon,53,t,0.13
SARS-CoV2-5UTR-Amplicon,54,c,0.1663
SARS-CoV2-5UTR-Amplicon,55,t,0.0818
SARS-CoV2-5UTR-Amplicon,56,g,0.1696
SARS-CoV2-5UTR-Amplicon,57,t,0.212
SARS-CoV2-5UTR-Amplicon,58,t,0.1544
SARS-CoV2-5UTR-Amplicon,59,c,0.1668
SARS-CoV2-5UTR-Amplicon,60,t,0.1607
SARS-CoV2-5UTR-Amplicon,61,c,0.1124
SARS-CoV2-5UTR-Amplicon,62,t,0.1005
SARS-CoV2-5UTR-Amplicon,63,a,0.0741
SARS-CoV2-5UTR-Amplicon,64,a,0.0525
SARS-CoV2-5UTR-Amplicon,65,a,0.0432
SARS-CoV2-5UTR-Amplicon,66,c,0.0988
SARS-CoV2-5UTR-Amplicon,67,g,0.0773
SARS-CoV2-5UTR-Amplicon,68,a,0.0495
SARS-CoV2-5UTR-Amplicon,69,a,0.1301
SARS-CoV2-5UTR-Amplicon,70,c,1.5401
SARS-CoV2-5UTR-Amplicon,71,t,0.3377
SARS-CoV2-5UTR-Amplicon,72,t,0.1642
SARS-CoV2-5UTR-Amplicon,73,t,0.0867
SARS-CoV2-5UTR-Amplicon,74,a,0.3651
SARS-CoV2-5UTR-Amplicon,75,a,0.0835
SARS-CoV2-5UTR-Amplicon,76,a,0.0866
SARS-CoV2-5UTR-Amplicon,77,a,0.0619
SARS-CoV2-5UTR-Amplicon,78,t,0.1268
SARS-CoV2-5UTR-Amplicon,79,c,0.0495
SARS-CoV2-5UTR-Amplicon,80,t,0.0804
SARS-CoV2-5UTR-Amplicon,81,g,0.1638
SARS-CoV2-5UTR-Amplicon,82,t,0.0804
SARS-CoV2-5UTR-Amplicon,83,g,0.0402
SARS-CoV2-5UTR-Amplicon,84,t,0.0993
SARS-CoV2-5UTR-Amplicon,85,g,0.0745
SARS-CoV2-5UTR-Amplicon,86,g,0.2639
SARS-CoV2-5UTR-Amplicon,87,c,0.0839
SARS-CoV2-5UTR-Amplicon,88,t,0.1466
SARS-CoV2-5UTR-Amplicon,89,g,0.2102
SARS-CoV2-5UTR-Amplicon,90,t,0.1852
SARS-CoV2-5UTR-Amplicon,91,c,0.1255
SARS-CoV2-5UTR-Amplicon,92,a,0.1224
SARS-CoV2-5UTR-Amplicon,93,c,0.1537
SARS-CoV2-5UTR-Amplicon,94,t,0.1004
SARS-CoV2-5UTR-Amplicon,95,c,0.1348
SARS-CoV2-5UTR-Amplicon,96,g,0.1473
SARS-CoV2-5UTR-Amplicon,97,g,0.3919
SARS-CoV2-5UTR-Amplicon,98,c,0.1536
SARS-CoV2-5UTR-Amplicon,99,t,0.1637
SARS-CoV2-5UTR-Amplicon,100,g,0.1858
SARS-CoV2-5UTR-Amplicon,101,c,0.3148
SARS-CoV2-5UTR-Amplicon,102,g,0.1794
SARS-CoV2-5UTR-Amplicon,103,t,0.151
SARS-CoV2-5UTR-Amplicon,104,g,0.1982
SARS-CoV2-5UTR-Amplicon,105,c,0.211
SARS-CoV2-5UTR-Amplicon,106,t,0.3651
SARS-CoV2-5UTR-Amplicon,107,t,0.2298
SARS-CoV2-5UTR-Amplicon,108,a,0.1542
SARS-CoV2-5UTR-Amplicon,109,g,0.1417
SARS-CoV2-5UTR-Amplicon,110,t,0.0976
SARS-CoV2-5UTR-Amplicon,111,g,0.1638
SARS-CoV2-5UTR-Amplicon,112,c,0.4567
SARS-CoV2-5UTR-Amplicon,113,a,0.0976
SARS-CoV2-5UTR-Amplicon,114,c,0.1386
SARS-CoV2-5UTR-Amplicon,115,t,0.0976
SARS-CoV2-5UTR-Amplicon,116,c,0.0567
SARS-CoV2-5UTR-Amplicon,117,a,0.0725
SARS-CoV2-5UTR-Amplicon,118,c,0.0851
SARS-CoV2-5UTR-Amplicon,119,g,0.2331
SARS-CoV2-5UTR-Amplicon,120,c,0.1008
SARS-CoV2-5UTR-Amplicon,121,a,0.0567
SARS-CoV2-5UTR-Amplicon,122,g,0.126
SARS-CoV2-5UTR-Amplicon,123,t,0.0726
SARS-CoV2-5UTR-Amplicon,124,a,0.0536
SARS-CoV2-5UTR-Amplicon,125,t,0.0315
SARS-CoV2-5UTR-Amplicon,126,a,0.0536
SARS-CoV2-5UTR-Amplicon,127,a,0.0852
SARS-CoV2-5UTR-Amplicon,128,t,0.1135
SARS-CoV2-5UTR-Amplicon,129,t,0.0694
SARS-CoV2-5UTR-Amplicon,130,a,0.104
SARS-CoV2-5UTR-Amplicon,131,a,0.0977
SARS-CoV2-5UTR-Amplicon,132,t,0.0599
SARS-CoV2-5UTR-Amplicon,133,a,0.1229
SARS-CoV2-5UTR-Amplicon,134,a,0.0536
SARS-CoV2-5UTR-Amplicon,135,c,0.1103
SARS-CoV2-5UTR-Amplicon,136,t,0.0819
SARS-CoV2-5UTR-Amplicon,137,a,0.3338
SARS-CoV2-5UTR-Amplicon,138,a,0.0882
SARS-CoV2-5UTR-Amplicon,139,t,0.0945
SARS-CoV2-5UTR-Amplicon,140,t,0.1165
SARS-CoV2-5UTR-Amplicon,141,a,0.0724
SARS-CoV2-5UTR-Amplicon,142,c,0.0913
SARS-CoV2-5UTR-Amplicon,143,t,0.063
SARS-CoV2-5UTR-Amplicon,144,g,0.0724
SARS-CoV2-5UTR-Amplicon,145,t,0.1824
SARS-CoV2-5UTR-Amplicon,146,c,0.1038
SARS-CoV2-5UTR-Amplicon,147,g,0.2107
SARS-CoV2-5UTR-Amplicon,148,t,0.1258
SARS-CoV2-5UTR-Amplicon,149,t,0.1289
SARS-CoV2-5UTR-Amplicon,150,g,0.1132
SARS-CoV2-5UTR-Amplicon,151,a,0.1101
SARS-CoV2-5UTR-Amplicon,152,c,0.1983
SARS-CoV2-5UTR-Amplicon,153,a,0.1291
SARS-CoV2-5UTR-Amplicon,154,g,0.1543
SARS-CoV2-5UTR-Amplicon,155,g,0.1384
SARS-CoV2-5UTR-Amplicon,156,a,0.1762
SARS-CoV2-5UTR-Amplicon,157,c,0.1825
SARS-CoV2-5UTR-Amplicon,158,a,0.2504
SARS-CoV2-5UTR-Amplicon,159,c,0.1597
SARS-CoV2-5UTR-Amplicon,160,g,0.1127
SARS-CoV2-5UTR-Amplicon,161,a,0.1315
SARS-CoV2-5UTR-Amplicon,162,g,0.1002
SARS-CoV2-5UTR-Amplicon,163,t,0.0941
SARS-CoV2-5UTR-Amplicon,164,a,0.0972
SARS-CoV2-5UTR-Amplicon,165,a,0.0502
SARS-CoV2-5UTR-Amplicon,166,c,0.1035
SARS-CoV2-5UTR-Amplicon,167,t,0.2101
SARS-CoV2-5UTR-Amplicon,168,c,0.1661
SARS-CoV2-5UTR-Amplicon,169,g,0.2033
SARS-CoV2-5UTR-Amplicon,170,t,0.4718
SARS-CoV2-5UTR-Amplicon,171,c,0.1811
SARS-CoV2-5UTR-Amplicon,172,t,0.1592
SARS-CoV2-5UTR-Amplicon,173,a,0.2778
SARS-CoV2-5UTR-Amplicon,174,t,0.128
SARS-CoV2-5UTR-Amplicon,175,c,0.1966
SARS-CoV2-5UTR-Amplicon,176,t,0.2241
SARS-CoV2-5UTR-Amplicon,177,t,0.1139
SARS-CoV2-5UTR-Amplicon,178,c,0.1362
SARS-CoV2-5UTR-Amplicon,179,t,0.5434
SARS-CoV2-5UTR-Amplicon,180,g,0.1765
SARS-CoV2-5UTR-Amplicon,181,c,0.2381
SARS-CoV2-5UTR-Amplicon,182,a,0.2219
SARS-CoV2-5UTR-Amplicon,183,g,0.1555
SARS-CoV2-5UTR-Amplicon,184,g,0.1722
SARS-CoV2-5UTR-Amplicon,185,c,0.1349
SARS-CoV2-5UTR-Amplicon,186,t,0.2876
SARS-CoV2-5UTR-Amplicon,187,g,0.377
SARS-CoV2-5UTR-Amplicon,188,c,0.1528
SARS-CoV2-5UTR-Amplicon,189,t,2.1676
SARS-CoV2-5UTR-Amplicon,190,t,1.1081
SARS-CoV2-5UTR-Amplicon,191,a,0.3363
SARS-CoV2-5UTR-Amplicon,192,c,0.2583
SARS-CoV2-5UTR-Amplicon,193,g,0.2112
SARS-CoV2-5UTR-Amplicon,194,g,0.2551
SARS-CoV2-5UTR-Amplicon,195,t,0.8384
SARS-CoV2-5UTR-Amplicon,196,t,0.8222
SARS-CoV2-5UTR-Amplicon,197,t,0.1397
SARS-CoV2-5UTR-Amplicon,198,c,0.1593
SARS-CoV2-5UTR-Amplicon,199,g,0.2146
SARS-CoV2-5UTR-Amplicon,200,t,0.6129
SARS-CoV2-5UTR-Amplicon,201,c,0.3407
SARS-CoV2-5UTR-Amplicon,202,c,0.1804
SARS-CoV2-5UTR-Amplicon,203,g,0.1717
SARS-CoV2-5UTR-Amplicon,204,t,0.1178
SARS-CoV2-5UTR-Amplicon,205,g,0.2008
SARS-CoV2-5UTR-Amplicon,206,t,0.4973
SARS-CoV2-5UTR-Amplicon,207,t,0.2331
SARS-CoV2-5UTR-Amplicon,208,g,0.2524
SARS-CoV2-5UTR-Amplicon,209,c,0.2044
SARS-CoV2-5UTR-Amplicon,210,a,0.23
SARS-CoV2-5UTR-Amplicon,211,g,0.3322
SARS-CoV2-5UTR-Amplicon,212,c,0.5394
SARS-CoV2-5UTR-Amplicon,213,c,0.2394
SARS-CoV2-5UTR-Amplicon,214,g,0.1852
SARS-CoV2-5UTR-Amplicon,215,a,0.0479
SARS-CoV2-5UTR-Amplicon,216,t,0.2139
SARS-CoV2-5UTR-Amplicon,217,c,0.1468
SARS-CoV2-5UTR-Amplicon,218,a,0.3194
SARS-CoV2-5UTR-Amplicon,219,t,0.1149
SARS-CoV2-5UTR-Amplicon,220,c,0.0735
SARS-CoV2-5UTR-Amplicon,221,a,0.2938
SARS-CoV2-5UTR-Amplicon,222,g,0.2044
SARS-CoV2-5UTR-Amplicon,223,c,0.1214
SARS-CoV2-5UTR-Amplicon,224,a,0.099
SARS-CoV2-5UTR-Amplicon,225,c,0.1214
SARS-CoV2-5UTR-Amplicon,226,a,0.492
SARS-CoV2-5UTR-Amplicon,227,t,0.2491
SARS-CoV2-5UTR-Amplicon,228,c,0.1181
SARS-CoV2-5UTR-Amplicon,229,t,0.5713
SARS-CoV2-5UTR-Amplicon,230,a,0.4813
SARS-CoV2-5UTR-Amplicon,231,g,0.2903
SARS-CoV2-5UTR-Amplicon,232,g,0.1978
SARS-CoV2-5UTR-Amplicon,233,t,0.5072
SARS-CoV2-5UTR-Amplicon,234,t,0.7466
SARS-CoV2-5UTR-Amplicon,235,t,0.0797
SARS-CoV2-5UTR-Amplicon,236,c,0.1338
SARS-CoV2-5UTR-Amplicon,237,g,0.1051
SARS-CoV2-5UTR-Amplicon,238,t,0.3376
SARS-CoV2-5UTR-Amplicon,239,c,0.2293
SARS-CoV2-5UTR-Amplicon,240,c,0.2325
SARS-CoV2-5UTR-Amplicon,241,g,0.2038
SARS-CoV2-5UTR-Amplicon,242,g,0.2484
SARS-CoV2-5UTR-Amplicon,243,g,0.6496
SARS-CoV2-5UTR-Amplicon,244,t,0.1593
SARS-CoV2-5UTR-Amplicon,245,g,0.1371
SARS-CoV2-5UTR-Amplicon,246,t,0.153
SARS-CoV2-5UTR-Amplicon,247,g,0.1147
SARS-CoV2-5UTR-Amplicon,248,a,0.1402
SARS-CoV2-5UTR-Amplicon,249,c,0.1753
SARS-CoV2-5UTR-Amplicon,250,c,0.2167
SARS-CoV2-5UTR-Amplicon,251,g,0.29
SARS-CoV2-5UTR-Amplicon,252,a,0.1467
SARS-CoV2-5UTR-Amplicon,253,a,0.2391
SARS-CoV2-5UTR-Amplicon,254,a,0.1626
SARS-CoV2-5UTR-Amplicon,255,g,0.1721
SARS-CoV2-5UTR-Amplicon,256,g,0.201
SARS-CoV2-5UTR-Amplicon,257,t,0.0638
SARS-CoV2-5UTR-Amplicon,258,a,0.0574
SARS-CoV2-5UTR-Amplicon,259,a,0.1595
SARS-CoV2-5UTR-Amplicon,260,g,0.0574
SARS-CoV2-5UTR-Amplicon,261,a,0.0893
SARS-CoV2-5UTR-Amplicon,262,t,0.0702
SARS-CoV2-5UTR-Amplicon,263,g,0.0766
SARS-CoV2-5UTR-Amplicon,264,g,0.0702
SARS-CoV2-5UTR-Amplicon,265,a,0.1469
SARS-CoV2-5UTR-Amplicon,266,g,0.0575
SARS-CoV2-5UTR-Amplicon,267,a,0.0702
SARS-CoV2-5UTR-Amplicon,268,g,0.2363
SARS-CoV2-5UTR-Amplicon,269,c,0.1342
SARS-CoV2-5UTR-Amplicon,270,c,0.2428
SARS-CoV2-5UTR-Amplicon,271,t,0.1214
SARS-CoV2-5UTR-Amplicon,272,t,0.1949
SARS-CoV2-5UTR-Amplicon,273,g,0.0703
SARS-CoV2-5UTR-Amplicon,274,t,0.2298
SARS-CoV2-5UTR-Amplicon,275,c,0.1181
SARS-CoV2-5UTR-Amplicon,276,c,0.0798
SARS-CoV2-5UTR-Amplicon,277,c,0.083
SARS-CoV2-5UTR-Amplicon,278,t,0.252
SARS-CoV2-5UTR-Amplicon,279,g,0.1627
SARS-CoV2-5UTR-Amplicon,280,g,0.383
SARS-CoV2-5UTR-Amplicon,281,t,0.166
SARS-CoV2-5UTR-Amplicon,282,t,0.1277
SARS-CoV2-5UTR-Amplicon,283,t,0.0862
SARS-CoV2-5UTR-Amplicon,284,c,0.5171
SARS-CoV2-5UTR-Amplicon,285,a,0.0766
SARS-CoV2-5UTR-Amplicon,286,a,0.0798
SARS-CoV2-5UTR-Amplicon,287,c,0.233
SARS-CoV2-5UTR-Amplicon,288,g,0.0383
SARS-CoV2-5UTR-Amplicon,289,a,0.1117
SARS-CoV2-5UTR-Amplicon,290,g,0.083
SARS-CoV2-5UTR-Amplicon,291,g,0.1373
SARS-CoV2-5UTR-Amplicon,292,g,0.0415
SARS-CoV2-5UTR-Amplicon,293,a,0.0735
SARS-CoV2-5UTR-Amplicon,294,g,0.115
SARS-CoV2-5UTR-Amplicon,295,t,0.1852
SARS-CoV2-5UTR-Amplicon,296,c,0.099
SARS-CoV2-5UTR-Amplicon,297,a,0.182
SARS-CoV2-5UTR-Amplicon,298,a,0.0479
SARS-CoV2-5UTR-Amplicon,299,a,0.0575
SARS-CoV2-5UTR-Amplicon,300,g,0.1565
SARS-CoV2-5UTR-Amplicon,301,t,0.1694
SARS-CoV2-5UTR-Amplicon,302,t,0.0894
SARS-CoV2-5UTR-Amplicon,303,c,0.1726
SARS-CoV2-5UTR-Amplicon,304,t,0.0416
SARS-CoV2-5UTR-Amplicon,305,g,0.0991
SARS-CoV2-5UTR-Amplicon,306,t,0.0863
SARS-CoV2-5UTR-Amplicon,307,t,0.1055
SARS-CoV2-5UTR-Amplicon,308,t,0.0607
SARS-CoV2-5UTR-Amplicon,309,g,0.0832
SARS-CoV2-5UTR-Amplicon,310,c,0.7235
SARS-CoV2-5UTR-Amplicon,311,c,0.1024
SARS-CoV2-5UTR-Amplicon,312,c,0.1505
SARS-CoV2-5UTR-Amplicon,313,t,0.2629
SARS-CoV2-5UTR-Amplicon,314,g,0.1507
SARS-CoV2-5UTR-Amplicon,315,a,0.0673
SARS-CoV2-5UTR-Amplicon,316,t,0.1123
SARS-CoV2-5UTR-Amplicon,317,c,0.1444
SARS-CoV2-5UTR-Amplicon,318,t,0.1027
SARS-CoV2-5UTR-Amplicon,319,g,0.1252
SARS-CoV2-5UTR-Amplicon,320,c,0.1028
SARS-CoV2-5UTR-Amplicon,321,a,0.061
SARS-CoV2-5UTR-Amplicon,322,t,0.0612
SARS-CoV2-5UTR-Amplicon,323,c,0.2609
SARS-CoV2-5UTR-Amplicon,324,g,0.2093
SARS-CoV2-5UTR-Amplicon,325,c,0.0901
SARS-CoV2-5UTR-Amplicon,326,t,0.3016
SARS-CoV2-5UTR-Amplicon,327,g,0.1765
SARS-CoV2-5UTR-Amplicon,328,t,0.0801
SARS-CoV2-5UTR-Amplicon,329,g,0.0641
SARS-CoV2-5UTR-Amplicon,330,g,0.2629
SARS-CoV2-5UTR-Amplicon,331,c,0.4875
SARS-CoV2-5UTR-Amplicon,332,c,0.1508
SARS-CoV2-5UTR-Amplicon,333,g,0.1765
SARS-CoV2-5UTR-Amplicon,334,a,0.0899
SARS-CoV2-5UTR-Amplicon,335,g,0.1622
SARS-CoV2-5UTR-Amplicon,336,g,1.0374
SARS-CoV2-5UTR-Amplicon,337,c,0.1921
SARS-CoV2-5UTR-Amplicon,338,c,0.0832
SARS-CoV2-5UTR-Amplicon,339,a,0.0865
SARS-CoV2-5UTR-Amplicon,340,a,0.1216
SARS-CoV2-5UTR-Amplicon,341,g,0.1729
SARS-CoV2-5UTR-Amplicon,342,c,0.2114
SARS-CoV2-5UTR-Amplicon,343,c,0.0961
SARS-CoV2-5UTR-Amplicon,344,c,0.1187
SARS-CoV2-5UTR-Amplicon,345,a,0.1443
SARS-CoV2-5UTR-Amplicon,346,c,0.5644
SARS-CoV2-5UTR-Amplicon,347,c,0.3981
SARS-CoV2-5UTR-Amplicon,348,g,0.2343
SARS-CoV2-5UTR-Amplicon,349,a,0.122
SARS-CoV2-5UTR-Amplicon,350,g,0.2344
SARS-CoV2-5UTR-Amplicon,351,a,0.1188
SARS-CoV2-5UTR-Amplicon,352,a,0.0965
SARS-CoV2-5UTR-Amplicon,353,c,0.1994
SARS-CoV2-5UTR-Amplicon,354,a,0.0997
SARS-CoV2-5UTR-Amplicon,355,a,0.0967
SARS-CoV2-5UTR-Amplicon,356,c,0.1547
SARS-CoV2-5UTR-Amplicon,357,g,0.1321
SARS-CoV2-5UTR-Amplicon,358,a,0.1128
SARS-CoV2-5UTR-Amplicon,359,a,0.0612
SARS-CoV2-5UTR-Amplicon,360,g,0.0193
SARS-CoV2-5UTR-Amplicon,361,a,0.0064
SARS-CoV2-5UTR-Amplicon,362,c,0.0194
SARS-CoV2-5UTR-Amplicon,363,t,0.0419
SARS-CoV2-5UTR-Amplicon,364,t,0.0323
SARS-CoV2-5UTR-Amplicon,365,c,0.0484
SARS-CoV2-5UTR-Amplicon,366,a,0.0452
SARS-CoV2-5UTR-Amplicon,367,a,0.0194
SARS-CoV2-5UTR-Amplicon,368,c,0.0226
SARS-CoV2-5UTR-Amplicon,369,a,0.0549
SARS-CoV2-5UTR-Amplicon,370,t,0.0258
SARS-CoV2-5UTR-Amplicon,371,c,0.0194
SARS-CoV2-5UTR-Amplicon,372,g,0.0425
SARS-CoV2-5UTR-Amplicon,373,t,0.0348
SARS-CoV2-5UTR-Amplicon,374,g,0.1764
SARS-CoV2-5UTR-Amplicon,375,g,0
SARS-CoV2-5UTR-Amplicon,376,c,0.1953
SARS-CoV2-5UTR-Amplicon,377,c,0.396
SARS-CoV2-5UTR-Amplicon,378,g,0
