JW-JZ-3s-HC2a-HC-114_R1.trimmed.fastq.gz, 1191954
JW-JZ-3s-HC2a-HC-114_R2.trimmed.fastq.gz, 1191954
JW-JZ-3s-HC2a-HC-115_R1.trimmed.fastq.gz, 1053391
JW-JZ-3s-HC2a-HC-115_R2.trimmed.fastq.gz, 1053391
JW-JZ-3s-HC2a-HC-116_R1.trimmed.fastq.gz, 1214480
JW-JZ-3s-HC2a-HC-116_R2.trimmed.fastq.gz, 1214480
JW-JZ-3s-HC2a-HC-117_R1.trimmed.fastq.gz, 1116694
JW-JZ-3s-HC2a-HC-117_R2.trimmed.fastq.gz, 1116694
JW-JZ-3s-HC2a-HC-118_R1.trimmed.fastq.gz, 1059774
JW-JZ-3s-HC2a-HC-118_R2.trimmed.fastq.gz, 1059774
JW-JZ-3s-HC2a-HC-119_R1.trimmed.fastq.gz, 936358
JW-JZ-3s-HC2a-HC-119_R2.trimmed.fastq.gz, 936358
JW-JZ-3s-HC2a-HC-120_R1.trimmed.fastq.gz, 965049
JW-JZ-3s-HC2a-HC-120_R2.trimmed.fastq.gz, 965049
JW-JZ-3s-HC2a-HC-121_R1.trimmed.fastq.gz, 663201
JW-JZ-3s-HC2a-HC-121_R2.trimmed.fastq.gz, 663201
JW-JZ-3s-HC2a-HC-122_R1.trimmed.fastq.gz, 922850
JW-JZ-3s-HC2a-HC-122_R2.trimmed.fastq.gz, 922850
JW-JZ-3s-HC2a-HC-123_R1.trimmed.fastq.gz, 629688
JW-JZ-3s-HC2a-HC-123_R2.trimmed.fastq.gz, 629688
JW-JZ-3s-HC2a-HC-124_R1.trimmed.fastq.gz, 1154648
JW-JZ-3s-HC2a-HC-124_R2.trimmed.fastq.gz, 1154648
JW-JZ-3s-HC2a-HC-125_R1.trimmed.fastq.gz, 1388972
JW-JZ-3s-HC2a-HC-125_R2.trimmed.fastq.gz, 1388972
JW-JZ-3s-HC2a-HC-132_R1.trimmed.fastq.gz, 1228640
JW-JZ-3s-HC2a-HC-132_R2.trimmed.fastq.gz, 1228640
JW-JZ-3s-HC2a-HC-133_R1.trimmed.fastq.gz, 925197
JW-JZ-3s-HC2a-HC-133_R2.trimmed.fastq.gz, 925197
JW-JZ-3s-HC2a-HC-134_R1.trimmed.fastq.gz, 1000504
JW-JZ-3s-HC2a-HC-134_R2.trimmed.fastq.gz, 1000504
JW-JZ-3s-HC2a-HC-135_R1.trimmed.fastq.gz, 1021412
JW-JZ-3s-HC2a-HC-135_R2.trimmed.fastq.gz, 1021412
JW-JZ-3s-HC2a-HC-136_R1.trimmed.fastq.gz, 1112274
JW-JZ-3s-HC2a-HC-136_R2.trimmed.fastq.gz, 1112274
JW-JZ-3s-HC2a-HC-137_R1.trimmed.fastq.gz, 1165575
JW-JZ-3s-HC2a-HC-137_R2.trimmed.fastq.gz, 1165575
JW-JZ-3s-HC2a-HC-144_R1.trimmed.fastq.gz, 1260809
JW-JZ-3s-HC2a-HC-144_R2.trimmed.fastq.gz, 1260809
JW-JZ-3s-HC2a-HC-145_R1.trimmed.fastq.gz, 1005340
JW-JZ-3s-HC2a-HC-145_R2.trimmed.fastq.gz, 1005340
JW-JZ-3s-HC2a-HC-146_R1.trimmed.fastq.gz, 954002
JW-JZ-3s-HC2a-HC-146_R2.trimmed.fastq.gz, 954002
JW-JZ-3s-HC2a-HC-147_R1.trimmed.fastq.gz, 1023179
JW-JZ-3s-HC2a-HC-147_R2.trimmed.fastq.gz, 1023179
JW-JZ-3s-HC2a-HC-148_R1.trimmed.fastq.gz, 1416427
JW-JZ-3s-HC2a-HC-148_R2.trimmed.fastq.gz, 1416427
JW-JZ-3s-HC2a-HC-149_R1.trimmed.fastq.gz, 1238981
JW-JZ-3s-HC2a-HC-149_R2.trimmed.fastq.gz, 1238981
JW-JZ-3s-HC2a-HC-156_R1.trimmed.fastq.gz, 587919
JW-JZ-3s-HC2a-HC-156_R2.trimmed.fastq.gz, 587919
JW-JZ-3s-HC2a-HC-157_R1.trimmed.fastq.gz, 553999
JW-JZ-3s-HC2a-HC-157_R2.trimmed.fastq.gz, 553999
JW-JZ-3s-HC2a-HC-158_R1.trimmed.fastq.gz, 661457
JW-JZ-3s-HC2a-HC-158_R2.trimmed.fastq.gz, 661457
JW-JZ-3s-HC2a-HC-159_R1.trimmed.fastq.gz, 645517
JW-JZ-3s-HC2a-HC-159_R2.trimmed.fastq.gz, 645517
JW-JZ-3s-HC2a-HC-162_R1.trimmed.fastq.gz, 1135673
JW-JZ-3s-HC2a-HC-162_R2.trimmed.fastq.gz, 1135673
JW-JZ-3s-HC2a-HC-163_R1.trimmed.fastq.gz, 1157514
JW-JZ-3s-HC2a-HC-163_R2.trimmed.fastq.gz, 1157514
