Region,Position,Ref_base,Depth,Mut_count,Mut_percentage
SARS-CoV2-5UTR-Amplicon-short-trimmed+3,1,T,1220707,0,0
SARS-CoV2-5UTR-Amplicon-short-trimmed+3,2,T,1221284,0,0
SARS-CoV2-5UTR-Amplicon-short-trimmed+3,3,G,1221541,0,0
SARS-CoV2-5UTR-Amplicon-short-trimmed+3,4,t,1222390,0,0
SARS-CoV2-5UTR-Amplicon-short-trimmed+3,5,a,1222734,0,0
SARS-CoV2-5UTR-Amplicon-short-trimmed+3,6,g,1222979,638,0.0522
SARS-CoV2-5UTR-Amplicon-short-trimmed+3,7,a,1222997,227,0.0186
SARS-CoV2-5UTR-Amplicon-short-trimmed+3,8,t,1223012,380,0.0311
SARS-CoV2-5UTR-Amplicon-short-trimmed+3,9,c,1223040,324,0.0265
SARS-CoV2-5UTR-Amplicon-short-trimmed+3,10,t,1223044,330,0.027
SARS-CoV2-5UTR-Amplicon-short-trimmed+3,11,g,1223046,1485,0.1214
SARS-CoV2-5UTR-Amplicon-short-trimmed+3,12,t,1223061,356,0.0291
SARS-CoV2-5UTR-Amplicon-short-trimmed+3,13,t,1223070,334,0.0273
SARS-CoV2-5UTR-Amplicon-short-trimmed+3,14,c,1223074,305,0.0249
SARS-CoV2-5UTR-Amplicon-short-trimmed+3,15,t,1223076,367,0.03
SARS-CoV2-5UTR-Amplicon-short-trimmed+3,16,c,1223082,463,0.0379
SARS-CoV2-5UTR-Amplicon-short-trimmed+3,17,t,1223084,247,0.0202
SARS-CoV2-5UTR-Amplicon-short-trimmed+3,18,a,1223086,514,0.042
SARS-CoV2-5UTR-Amplicon-short-trimmed+3,19,a,1223086,438,0.0358
SARS-CoV2-5UTR-Amplicon-short-trimmed+3,20,a,1223149,346,0.0283
SARS-CoV2-5UTR-Amplicon-short-trimmed+3,21,c,1223161,202,0.0165
SARS-CoV2-5UTR-Amplicon-short-trimmed+3,22,g,1223180,350,0.0286
SARS-CoV2-5UTR-Amplicon-short-trimmed+3,23,a,1223181,415,0.0339
SARS-CoV2-5UTR-Amplicon-short-trimmed+3,24,a,1223182,376,0.0307
SARS-CoV2-5UTR-Amplicon-short-trimmed+3,25,c,1223183,14617,1.195
SARS-CoV2-5UTR-Amplicon-short-trimmed+3,26,t,1223183,884,0.0723
SARS-CoV2-5UTR-Amplicon-short-trimmed+3,27,t,1223185,700,0.0572
SARS-CoV2-5UTR-Amplicon-short-trimmed+3,28,t,1223194,2592,0.2119
SARS-CoV2-5UTR-Amplicon-short-trimmed+3,29,a,1223194,988,0.0808
SARS-CoV2-5UTR-Amplicon-short-trimmed+3,30,a,1223195,437,0.0357
SARS-CoV2-5UTR-Amplicon-short-trimmed+3,31,a,1223169,372,0.0304
SARS-CoV2-5UTR-Amplicon-short-trimmed+3,32,a,1223169,347,0.0284
SARS-CoV2-5UTR-Amplicon-short-trimmed+3,33,t,1223176,2680,0.2191
SARS-CoV2-5UTR-Amplicon-short-trimmed+3,34,c,1223176,473,0.0387
SARS-CoV2-5UTR-Amplicon-short-trimmed+3,35,t,1223176,388,0.0317
SARS-CoV2-5UTR-Amplicon-short-trimmed+3,36,g,1223176,532,0.0435
SARS-CoV2-5UTR-Amplicon-short-trimmed+3,37,t,1223174,391,0.032
SARS-CoV2-5UTR-Amplicon-short-trimmed+3,38,g,1223174,277,0.0226
SARS-CoV2-5UTR-Amplicon-short-trimmed+3,39,t,1223175,296,0.0242
SARS-CoV2-5UTR-Amplicon-short-trimmed+3,40,g,1223175,353,0.0289
SARS-CoV2-5UTR-Amplicon-short-trimmed+3,41,g,1223194,521,0.0426
SARS-CoV2-5UTR-Amplicon-short-trimmed+3,42,c,1223193,293,0.024
SARS-CoV2-5UTR-Amplicon-short-trimmed+3,43,t,1223192,764,0.0625
SARS-CoV2-5UTR-Amplicon-short-trimmed+3,44,g,1223191,548,0.0448
SARS-CoV2-5UTR-Amplicon-short-trimmed+3,45,t,1223190,725,0.0593
SARS-CoV2-5UTR-Amplicon-short-trimmed+3,46,c,1223189,166,0.0136
SARS-CoV2-5UTR-Amplicon-short-trimmed+3,47,a,1223188,584,0.0477
SARS-CoV2-5UTR-Amplicon-short-trimmed+3,48,c,1223188,247,0.0202
SARS-CoV2-5UTR-Amplicon-short-trimmed+3,49,t,1223188,341,0.0279
SARS-CoV2-5UTR-Amplicon-short-trimmed+3,50,c,1223186,278,0.0227
SARS-CoV2-5UTR-Amplicon-short-trimmed+3,51,g,1223186,507,0.0414
SARS-CoV2-5UTR-Amplicon-short-trimmed+3,52,g,1223186,1154,0.0943
SARS-CoV2-5UTR-Amplicon-short-trimmed+3,53,c,1223186,762,0.0623
SARS-CoV2-5UTR-Amplicon-short-trimmed+3,54,t,1223186,595,0.0486
SARS-CoV2-5UTR-Amplicon-short-trimmed+3,55,g,1223186,1027,0.084
SARS-CoV2-5UTR-Amplicon-short-trimmed+3,56,c,1223186,498,0.0407
SARS-CoV2-5UTR-Amplicon-short-trimmed+3,57,g,1223186,1031,0.0843
SARS-CoV2-5UTR-Amplicon-short-trimmed+3,58,t,1223186,409,0.0334
SARS-CoV2-5UTR-Amplicon-short-trimmed+3,59,g,1223186,719,0.0588
SARS-CoV2-5UTR-Amplicon-short-trimmed+3,60,c,1223182,466,0.0381
SARS-CoV2-5UTR-Amplicon-short-trimmed+3,61,t,1223182,535,0.0437
SARS-CoV2-5UTR-Amplicon-short-trimmed+3,62,t,1223182,532,0.0435
SARS-CoV2-5UTR-Amplicon-short-trimmed+3,63,a,1223182,583,0.0477
SARS-CoV2-5UTR-Amplicon-short-trimmed+3,64,g,1223180,375,0.0307
SARS-CoV2-5UTR-Amplicon-short-trimmed+3,65,t,1223180,478,0.0391
SARS-CoV2-5UTR-Amplicon-short-trimmed+3,66,g,1223180,826,0.0675
SARS-CoV2-5UTR-Amplicon-short-trimmed+3,67,c,1223180,862,0.0705
SARS-CoV2-5UTR-Amplicon-short-trimmed+3,68,a,1223179,642,0.0525
SARS-CoV2-5UTR-Amplicon-short-trimmed+3,69,c,1223173,389,0.0318
SARS-CoV2-5UTR-Amplicon-short-trimmed+3,70,t,1223173,415,0.0339
SARS-CoV2-5UTR-Amplicon-short-trimmed+3,71,c,1223173,403,0.0329
SARS-CoV2-5UTR-Amplicon-short-trimmed+3,72,a,1223173,640,0.0523
SARS-CoV2-5UTR-Amplicon-short-trimmed+3,73,c,1223173,346,0.0283
SARS-CoV2-5UTR-Amplicon-short-trimmed+3,74,g,1223173,673,0.055
SARS-CoV2-5UTR-Amplicon-short-trimmed+3,75,c,1223173,1649,0.1348
SARS-CoV2-5UTR-Amplicon-short-trimmed+3,76,a,1223173,696,0.0569
SARS-CoV2-5UTR-Amplicon-short-trimmed+3,77,g,1223173,688,0.0562
SARS-CoV2-5UTR-Amplicon-short-trimmed+3,78,t,1223173,586,0.0479
SARS-CoV2-5UTR-Amplicon-short-trimmed+3,79,a,1223172,732,0.0598
SARS-CoV2-5UTR-Amplicon-short-trimmed+3,80,t,1223172,295,0.0241
SARS-CoV2-5UTR-Amplicon-short-trimmed+3,81,a,1223171,402,0.0329
SARS-CoV2-5UTR-Amplicon-short-trimmed+3,82,a,1223170,892,0.0729
SARS-CoV2-5UTR-Amplicon-short-trimmed+3,83,t,1223175,434,0.0355
SARS-CoV2-5UTR-Amplicon-short-trimmed+3,84,t,1223180,968,0.0791
SARS-CoV2-5UTR-Amplicon-short-trimmed+3,85,a,1223184,749,0.0612
SARS-CoV2-5UTR-Amplicon-short-trimmed+3,86,a,1223183,551,0.045
SARS-CoV2-5UTR-Amplicon-short-trimmed+3,87,t,1223197,437,0.0357
SARS-CoV2-5UTR-Amplicon-short-trimmed+3,88,a,1223197,613,0.0501
SARS-CoV2-5UTR-Amplicon-short-trimmed+3,89,a,1223202,3400,0.278
SARS-CoV2-5UTR-Amplicon-short-trimmed+3,90,c,1223212,522,0.0427
SARS-CoV2-5UTR-Amplicon-short-trimmed+3,91,t,1223231,518,0.0423
SARS-CoV2-5UTR-Amplicon-short-trimmed+3,92,a,1223230,451,0.0369
SARS-CoV2-5UTR-Amplicon-short-trimmed+3,93,a,1223232,455,0.0372
SARS-CoV2-5UTR-Amplicon-short-trimmed+3,94,t,1223232,433,0.0354
SARS-CoV2-5UTR-Amplicon-short-trimmed+3,95,t,1223231,720,0.0589
SARS-CoV2-5UTR-Amplicon-short-trimmed+3,96,a,1223237,452,0.037
SARS-CoV2-5UTR-Amplicon-short-trimmed+3,97,c,1223237,217,0.0177
SARS-CoV2-5UTR-Amplicon-short-trimmed+3,98,t,1223244,436,0.0356
SARS-CoV2-5UTR-Amplicon-short-trimmed+3,99,g,1223244,517,0.0423
SARS-CoV2-5UTR-Amplicon-short-trimmed+3,100,t,1223245,612,0.05
SARS-CoV2-5UTR-Amplicon-short-trimmed+3,101,c,1223245,271,0.0222
SARS-CoV2-5UTR-Amplicon-short-trimmed+3,102,g,1223274,639,0.0522
SARS-CoV2-5UTR-Amplicon-short-trimmed+3,103,t,1223280,505,0.0413
SARS-CoV2-5UTR-Amplicon-short-trimmed+3,104,t,1223282,783,0.064
SARS-CoV2-5UTR-Amplicon-short-trimmed+3,105,g,1223287,468,0.0383
SARS-CoV2-5UTR-Amplicon-short-trimmed+3,106,a,1223310,615,0.0503
SARS-CoV2-5UTR-Amplicon-short-trimmed+3,107,c,1223320,636,0.052
SARS-CoV2-5UTR-Amplicon-short-trimmed+3,108,a,1223355,726,0.0593
SARS-CoV2-5UTR-Amplicon-short-trimmed+3,109,g,1223451,535,0.0437
SARS-CoV2-5UTR-Amplicon-short-trimmed+3,110,g,1223686,1159,0.0947
SARS-CoV2-5UTR-Amplicon-short-trimmed+3,111,a,1224257,513,0.0419
SARS-CoV2-5UTR-Amplicon-short-trimmed+3,112,c,1224939,500,0.0408
SARS-CoV2-5UTR-Amplicon-short-trimmed+3,113,a,1226249,1126,0.0918
SARS-CoV2-5UTR-Amplicon-short-trimmed+3,114,c,1229524,765,0.0622
SARS-CoV2-5UTR-Amplicon-short-trimmed+3,115,g,1240383,466,0.0376
SARS-CoV2-5UTR-Amplicon-short-trimmed+3,116,a,1307822,834,0.0638
SARS-CoV2-5UTR-Amplicon-short-trimmed+3,117,g,1999999,977,0.0489
SARS-CoV2-5UTR-Amplicon-short-trimmed+3,118,t,1999998,2947,0.1474
SARS-CoV2-5UTR-Amplicon-short-trimmed+3,119,a,1999992,3419,0.171
SARS-CoV2-5UTR-Amplicon-short-trimmed+3,120,a,1999990,2149,0.1075
SARS-CoV2-5UTR-Amplicon-short-trimmed+3,121,c,1999995,2079,0.104
SARS-CoV2-5UTR-Amplicon-short-trimmed+3,122,t,1999996,2523,0.1262
SARS-CoV2-5UTR-Amplicon-short-trimmed+3,123,c,1999993,1866,0.0933
SARS-CoV2-5UTR-Amplicon-short-trimmed+3,124,g,1999973,1506,0.0753
SARS-CoV2-5UTR-Amplicon-short-trimmed+3,125,t,1999970,3136,0.1568
SARS-CoV2-5UTR-Amplicon-short-trimmed+3,126,c,1999947,1659,0.083
SARS-CoV2-5UTR-Amplicon-short-trimmed+3,127,t,1999894,934,0.0467
SARS-CoV2-5UTR-Amplicon-short-trimmed+3,128,a,1999654,2701,0.1351
SARS-CoV2-5UTR-Amplicon-short-trimmed+3,129,t,1999190,5739,0.2871
SARS-CoV2-5UTR-Amplicon-short-trimmed+3,130,c,1999222,714,0.0357
SARS-CoV2-5UTR-Amplicon-short-trimmed+3,131,t,1999130,1366,0.0683
SARS-CoV2-5UTR-Amplicon-short-trimmed+3,132,t,1988909,1572,0.079
SARS-CoV2-5UTR-Amplicon-short-trimmed+3,133,c,886339,1255,0.1416
SARS-CoV2-5UTR-Amplicon-short-trimmed+3,134,t,790339,1145,0.1449
SARS-CoV2-5UTR-Amplicon-short-trimmed+3,135,g,781182,730,0.0934
SARS-CoV2-5UTR-Amplicon-short-trimmed+3,136,c,779119,3777,0.4848
SARS-CoV2-5UTR-Amplicon-short-trimmed+3,137,a,778719,1096,0.1407
SARS-CoV2-5UTR-Amplicon-short-trimmed+3,138,g,778204,608,0.0781
SARS-CoV2-5UTR-Amplicon-short-trimmed+3,139,g,777867,951,0.1223
SARS-CoV2-5UTR-Amplicon-short-trimmed+3,140,c,777626,1156,0.1487
SARS-CoV2-5UTR-Amplicon-short-trimmed+3,141,t,777500,2130,0.274
SARS-CoV2-5UTR-Amplicon-short-trimmed+3,142,g,777434,1697,0.2183
SARS-CoV2-5UTR-Amplicon-short-trimmed+3,143,c,777402,4437,0.5707
SARS-CoV2-5UTR-Amplicon-short-trimmed+3,144,t,777351,503,0.0647
SARS-CoV2-5UTR-Amplicon-short-trimmed+3,145,t,777341,1593,0.2049
SARS-CoV2-5UTR-Amplicon-short-trimmed+3,146,a,777258,1193,0.1535
SARS-CoV2-5UTR-Amplicon-short-trimmed+3,147,c,777258,927,0.1193
SARS-CoV2-5UTR-Amplicon-short-trimmed+3,148,g,777252,557,0.0717
SARS-CoV2-5UTR-Amplicon-short-trimmed+3,149,g,777229,584,0.0751
SARS-CoV2-5UTR-Amplicon-short-trimmed+3,150,t,777223,826,0.1063
SARS-CoV2-5UTR-Amplicon-short-trimmed+3,151,t,777224,808,0.104
SARS-CoV2-5UTR-Amplicon-short-trimmed+3,152,t,777227,2222,0.2859
SARS-CoV2-5UTR-Amplicon-short-trimmed+3,153,c,777220,1399,0.18
SARS-CoV2-5UTR-Amplicon-short-trimmed+3,154,g,777222,463,0.0596
SARS-CoV2-5UTR-Amplicon-short-trimmed+3,155,t,777219,1554,0.1999
SARS-CoV2-5UTR-Amplicon-short-trimmed+3,156,c,777219,976,0.1256
SARS-CoV2-5UTR-Amplicon-short-trimmed+3,157,c,777217,1458,0.1876
SARS-CoV2-5UTR-Amplicon-short-trimmed+3,158,g,777217,553,0.0712
SARS-CoV2-5UTR-Amplicon-short-trimmed+3,159,t,777218,5918,0.7614
SARS-CoV2-5UTR-Amplicon-short-trimmed+3,160,g,777218,450,0.0579
SARS-CoV2-5UTR-Amplicon-short-trimmed+3,161,t,777221,836,0.1076
SARS-CoV2-5UTR-Amplicon-short-trimmed+3,162,t,777219,1234,0.1588
SARS-CoV2-5UTR-Amplicon-short-trimmed+3,163,g,777219,600,0.0772
SARS-CoV2-5UTR-Amplicon-short-trimmed+3,164,c,777219,1450,0.1866
SARS-CoV2-5UTR-Amplicon-short-trimmed+3,165,a,777222,1109,0.1427
SARS-CoV2-5UTR-Amplicon-short-trimmed+3,166,g,777327,1302,0.1675
SARS-CoV2-5UTR-Amplicon-short-trimmed+3,167,c,777331,1449,0.1864
SARS-CoV2-5UTR-Amplicon-short-trimmed+3,168,c,777332,6317,0.8127
SARS-CoV2-5UTR-Amplicon-short-trimmed+3,169,g,777334,1005,0.1293
SARS-CoV2-5UTR-Amplicon-short-trimmed+3,170,a,777339,845,0.1087
SARS-CoV2-5UTR-Amplicon-short-trimmed+3,171,t,777343,783,0.1007
SARS-CoV2-5UTR-Amplicon-short-trimmed+3,172,c,777344,658,0.0846
SARS-CoV2-5UTR-Amplicon-short-trimmed+3,173,a,777344,721,0.0928
SARS-CoV2-5UTR-Amplicon-short-trimmed+3,174,t,777344,595,0.0765
SARS-CoV2-5UTR-Amplicon-short-trimmed+3,175,c,777344,1022,0.1315
SARS-CoV2-5UTR-Amplicon-short-trimmed+3,176,a,777345,1081,0.1391
SARS-CoV2-5UTR-Amplicon-short-trimmed+3,177,g,777345,695,0.0894
SARS-CoV2-5UTR-Amplicon-short-trimmed+3,178,c,777345,6433,0.8276
SARS-CoV2-5UTR-Amplicon-short-trimmed+3,179,a,777345,1017,0.1308
SARS-CoV2-5UTR-Amplicon-short-trimmed+3,180,c,777345,855,0.11
SARS-CoV2-5UTR-Amplicon-short-trimmed+3,181,a,777345,575,0.074
SARS-CoV2-5UTR-Amplicon-short-trimmed+3,182,t,777345,544,0.07
SARS-CoV2-5UTR-Amplicon-short-trimmed+3,183,c,777345,369,0.0475
SARS-CoV2-5UTR-Amplicon-short-trimmed+3,184,t,777345,1167,0.1501
SARS-CoV2-5UTR-Amplicon-short-trimmed+3,185,a,777345,1164,0.1497
SARS-CoV2-5UTR-Amplicon-short-trimmed+3,186,g,777345,441,0.0567
SARS-CoV2-5UTR-Amplicon-short-trimmed+3,187,g,777345,570,0.0733
SARS-CoV2-5UTR-Amplicon-short-trimmed+3,188,t,777345,547,0.0704
SARS-CoV2-5UTR-Amplicon-short-trimmed+3,189,t,777342,1214,0.1562
SARS-CoV2-5UTR-Amplicon-short-trimmed+3,190,t,777340,2042,0.2627
SARS-CoV2-5UTR-Amplicon-short-trimmed+3,191,c,777340,892,0.1148
SARS-CoV2-5UTR-Amplicon-short-trimmed+3,192,g,777340,343,0.0441
SARS-CoV2-5UTR-Amplicon-short-trimmed+3,193,t,777340,5430,0.6985
SARS-CoV2-5UTR-Amplicon-short-trimmed+3,194,c,777341,630,0.081
SARS-CoV2-5UTR-Amplicon-short-trimmed+3,195,c,777341,986,0.1268
SARS-CoV2-5UTR-Amplicon-short-trimmed+3,196,g,777325,385,0.0495
SARS-CoV2-5UTR-Amplicon-short-trimmed+3,197,g,777324,416,0.0535
SARS-CoV2-5UTR-Amplicon-short-trimmed+3,198,g,777316,3262,0.4196
SARS-CoV2-5UTR-Amplicon-short-trimmed+3,199,t,777307,1280,0.1647
SARS-CoV2-5UTR-Amplicon-short-trimmed+3,200,g,777307,444,0.0571
SARS-CoV2-5UTR-Amplicon-short-trimmed+3,201,t,777307,1006,0.1294
SARS-CoV2-5UTR-Amplicon-short-trimmed+3,202,g,777306,916,0.1178
SARS-CoV2-5UTR-Amplicon-short-trimmed+3,203,a,777306,1530,0.1968
SARS-CoV2-5UTR-Amplicon-short-trimmed+3,204,c,777307,572,0.0736
SARS-CoV2-5UTR-Amplicon-short-trimmed+3,205,c,777304,333,0.0428
SARS-CoV2-5UTR-Amplicon-short-trimmed+3,206,g,777302,486,0.0625
SARS-CoV2-5UTR-Amplicon-short-trimmed+3,207,a,777287,568,0.0731
SARS-CoV2-5UTR-Amplicon-short-trimmed+3,208,a,777287,367,0.0472
SARS-CoV2-5UTR-Amplicon-short-trimmed+3,209,a,777287,930,0.1196
SARS-CoV2-5UTR-Amplicon-short-trimmed+3,210,g,777283,281,0.0362
SARS-CoV2-5UTR-Amplicon-short-trimmed+3,211,g,777283,1259,0.162
SARS-CoV2-5UTR-Amplicon-short-trimmed+3,212,t,777283,718,0.0924
SARS-CoV2-5UTR-Amplicon-short-trimmed+3,213,a,777303,454,0.0584
SARS-CoV2-5UTR-Amplicon-short-trimmed+3,214,a,777303,586,0.0754
SARS-CoV2-5UTR-Amplicon-short-trimmed+3,215,g,777303,356,0.0458
SARS-CoV2-5UTR-Amplicon-short-trimmed+3,216,a,777413,395,0.0508
SARS-CoV2-5UTR-Amplicon-short-trimmed+3,217,t,777412,870,0.1119
SARS-CoV2-5UTR-Amplicon-short-trimmed+3,218,g,777413,379,0.0488
SARS-CoV2-5UTR-Amplicon-short-trimmed+3,219,g,777409,681,0.0876
SARS-CoV2-5UTR-Amplicon-short-trimmed+3,220,a,777409,1651,0.2124
SARS-CoV2-5UTR-Amplicon-short-trimmed+3,221,g,777406,1490,0.1917
SARS-CoV2-5UTR-Amplicon-short-trimmed+3,222,a,777295,673,0.0866
SARS-CoV2-5UTR-Amplicon-short-trimmed+3,223,g,777295,702,0.0903
SARS-CoV2-5UTR-Amplicon-short-trimmed+3,224,c,777295,363,0.0467
SARS-CoV2-5UTR-Amplicon-short-trimmed+3,225,c,777295,381,0.049
SARS-CoV2-5UTR-Amplicon-short-trimmed+3,226,t,777294,421,0.0542
SARS-CoV2-5UTR-Amplicon-short-trimmed+3,227,t,777294,4527,0.5824
SARS-CoV2-5UTR-Amplicon-short-trimmed+3,228,g,777294,422,0.0543
SARS-CoV2-5UTR-Amplicon-short-trimmed+3,229,t,777293,1180,0.1518
SARS-CoV2-5UTR-Amplicon-short-trimmed+3,230,c,777293,264,0.034
SARS-CoV2-5UTR-Amplicon-short-trimmed+3,231,c,777292,340,0.0437
SARS-CoV2-5UTR-Amplicon-short-trimmed+3,232,c,777292,462,0.0594
SARS-CoV2-5UTR-Amplicon-short-trimmed+3,233,t,777282,1498,0.1927
SARS-CoV2-5UTR-Amplicon-short-trimmed+3,234,g,777281,386,0.0497
SARS-CoV2-5UTR-Amplicon-short-trimmed+3,235,g,777280,365,0.047
SARS-CoV2-5UTR-Amplicon-short-trimmed+3,236,t,777278,391,0.0503
SARS-CoV2-5UTR-Amplicon-short-trimmed+3,237,t,777275,613,0.0789
SARS-CoV2-5UTR-Amplicon-short-trimmed+3,238,t,777269,684,0.088
SARS-CoV2-5UTR-Amplicon-short-trimmed+3,239,c,777251,5364,0.6901
SARS-CoV2-5UTR-Amplicon-short-trimmed+3,240,a,777218,613,0.0789
SARS-CoV2-5UTR-Amplicon-short-trimmed+3,241,a,777192,452,0.0582
SARS-CoV2-5UTR-Amplicon-short-trimmed+3,242,c,777174,578,0.0744
SARS-CoV2-5UTR-Amplicon-short-trimmed+3,243,g,777140,348,0.0448
SARS-CoV2-5UTR-Amplicon-short-trimmed+3,244,a,777053,1024,0.1318
SARS-CoV2-5UTR-Amplicon-short-trimmed+3,245,g,776652,0,0
SARS-CoV2-5UTR-Amplicon-short-trimmed+3,246,g,776355,0,0
SARS-CoV2-5UTR-Amplicon-short-trimmed+3,247,G,775324,1,1e-04
SARS-CoV2-5UTR-Amplicon-short-trimmed+3,248,A,774690,0,0
SARS-CoV2-5UTR-Amplicon-short-trimmed+3,249,G,774506,0,0
