Region,Position,Ref_base,Depth,Mut_count,Mut_percentage
SARS-CoV2-5UTR-Amplicon-short-trimmed+3,1,T,1182302,0,0
SARS-CoV2-5UTR-Amplicon-short-trimmed+3,2,T,1183375,0,0
SARS-CoV2-5UTR-Amplicon-short-trimmed+3,3,G,1183696,0,0
SARS-CoV2-5UTR-Amplicon-short-trimmed+3,4,t,1184684,0,0
SARS-CoV2-5UTR-Amplicon-short-trimmed+3,5,a,1184972,0,0
SARS-CoV2-5UTR-Amplicon-short-trimmed+3,6,g,1185228,980,0.0827
SARS-CoV2-5UTR-Amplicon-short-trimmed+3,7,a,1185285,254,0.0214
SARS-CoV2-5UTR-Amplicon-short-trimmed+3,8,t,1185293,363,0.0306
SARS-CoV2-5UTR-Amplicon-short-trimmed+3,9,c,1185314,386,0.0326
SARS-CoV2-5UTR-Amplicon-short-trimmed+3,10,t,1185323,394,0.0332
SARS-CoV2-5UTR-Amplicon-short-trimmed+3,11,g,1185335,3680,0.3105
SARS-CoV2-5UTR-Amplicon-short-trimmed+3,12,t,1185364,416,0.0351
SARS-CoV2-5UTR-Amplicon-short-trimmed+3,13,t,1185370,441,0.0372
SARS-CoV2-5UTR-Amplicon-short-trimmed+3,14,c,1185382,293,0.0247
SARS-CoV2-5UTR-Amplicon-short-trimmed+3,15,t,1185386,542,0.0457
SARS-CoV2-5UTR-Amplicon-short-trimmed+3,16,c,1185397,1169,0.0986
SARS-CoV2-5UTR-Amplicon-short-trimmed+3,17,t,1185413,345,0.0291
SARS-CoV2-5UTR-Amplicon-short-trimmed+3,18,a,1185420,666,0.0562
SARS-CoV2-5UTR-Amplicon-short-trimmed+3,19,a,1185427,504,0.0425
SARS-CoV2-5UTR-Amplicon-short-trimmed+3,20,a,1185469,337,0.0284
SARS-CoV2-5UTR-Amplicon-short-trimmed+3,21,c,1185469,157,0.0132
SARS-CoV2-5UTR-Amplicon-short-trimmed+3,22,g,1185479,514,0.0434
SARS-CoV2-5UTR-Amplicon-short-trimmed+3,23,a,1185481,486,0.041
SARS-CoV2-5UTR-Amplicon-short-trimmed+3,24,a,1185481,378,0.0319
SARS-CoV2-5UTR-Amplicon-short-trimmed+3,25,c,1185481,18380,1.5504
SARS-CoV2-5UTR-Amplicon-short-trimmed+3,26,t,1185481,1099,0.0927
SARS-CoV2-5UTR-Amplicon-short-trimmed+3,27,t,1185481,1423,0.12
SARS-CoV2-5UTR-Amplicon-short-trimmed+3,28,t,1185493,2801,0.2363
SARS-CoV2-5UTR-Amplicon-short-trimmed+3,29,a,1185494,972,0.082
SARS-CoV2-5UTR-Amplicon-short-trimmed+3,30,a,1185495,477,0.0402
SARS-CoV2-5UTR-Amplicon-short-trimmed+3,31,a,1185434,444,0.0375
SARS-CoV2-5UTR-Amplicon-short-trimmed+3,32,a,1185436,375,0.0316
SARS-CoV2-5UTR-Amplicon-short-trimmed+3,33,t,1185437,2621,0.2211
SARS-CoV2-5UTR-Amplicon-short-trimmed+3,34,c,1185437,429,0.0362
SARS-CoV2-5UTR-Amplicon-short-trimmed+3,35,t,1185437,430,0.0363
SARS-CoV2-5UTR-Amplicon-short-trimmed+3,36,g,1185438,559,0.0472
SARS-CoV2-5UTR-Amplicon-short-trimmed+3,37,t,1185435,413,0.0348
SARS-CoV2-5UTR-Amplicon-short-trimmed+3,38,g,1185435,305,0.0257
SARS-CoV2-5UTR-Amplicon-short-trimmed+3,39,t,1185435,310,0.0262
SARS-CoV2-5UTR-Amplicon-short-trimmed+3,40,g,1185435,575,0.0485
SARS-CoV2-5UTR-Amplicon-short-trimmed+3,41,g,1185435,826,0.0697
SARS-CoV2-5UTR-Amplicon-short-trimmed+3,42,c,1185434,301,0.0254
SARS-CoV2-5UTR-Amplicon-short-trimmed+3,43,t,1185433,1192,0.1006
SARS-CoV2-5UTR-Amplicon-short-trimmed+3,44,g,1185433,907,0.0765
SARS-CoV2-5UTR-Amplicon-short-trimmed+3,45,t,1185433,779,0.0657
SARS-CoV2-5UTR-Amplicon-short-trimmed+3,46,c,1185432,276,0.0233
SARS-CoV2-5UTR-Amplicon-short-trimmed+3,47,a,1185426,509,0.0429
SARS-CoV2-5UTR-Amplicon-short-trimmed+3,48,c,1185432,194,0.0164
SARS-CoV2-5UTR-Amplicon-short-trimmed+3,49,t,1185432,328,0.0277
SARS-CoV2-5UTR-Amplicon-short-trimmed+3,50,c,1185430,290,0.0245
SARS-CoV2-5UTR-Amplicon-short-trimmed+3,51,g,1185429,613,0.0517
SARS-CoV2-5UTR-Amplicon-short-trimmed+3,52,g,1185429,1283,0.1082
SARS-CoV2-5UTR-Amplicon-short-trimmed+3,53,c,1185429,1593,0.1344
SARS-CoV2-5UTR-Amplicon-short-trimmed+3,54,t,1185429,628,0.053
SARS-CoV2-5UTR-Amplicon-short-trimmed+3,55,g,1185429,1810,0.1527
SARS-CoV2-5UTR-Amplicon-short-trimmed+3,56,c,1185429,427,0.036
SARS-CoV2-5UTR-Amplicon-short-trimmed+3,57,g,1185429,1819,0.1534
SARS-CoV2-5UTR-Amplicon-short-trimmed+3,58,t,1185430,485,0.0409
SARS-CoV2-5UTR-Amplicon-short-trimmed+3,59,g,1185430,1222,0.1031
SARS-CoV2-5UTR-Amplicon-short-trimmed+3,60,c,1185429,512,0.0432
SARS-CoV2-5UTR-Amplicon-short-trimmed+3,61,t,1185429,505,0.0426
SARS-CoV2-5UTR-Amplicon-short-trimmed+3,62,t,1185429,715,0.0603
SARS-CoV2-5UTR-Amplicon-short-trimmed+3,63,a,1185429,565,0.0477
SARS-CoV2-5UTR-Amplicon-short-trimmed+3,64,g,1185428,410,0.0346
SARS-CoV2-5UTR-Amplicon-short-trimmed+3,65,t,1185428,587,0.0495
SARS-CoV2-5UTR-Amplicon-short-trimmed+3,66,g,1185428,905,0.0763
SARS-CoV2-5UTR-Amplicon-short-trimmed+3,67,c,1185428,754,0.0636
SARS-CoV2-5UTR-Amplicon-short-trimmed+3,68,a,1185428,736,0.0621
SARS-CoV2-5UTR-Amplicon-short-trimmed+3,69,c,1185428,356,0.03
SARS-CoV2-5UTR-Amplicon-short-trimmed+3,70,t,1185426,564,0.0476
SARS-CoV2-5UTR-Amplicon-short-trimmed+3,71,c,1185426,753,0.0635
SARS-CoV2-5UTR-Amplicon-short-trimmed+3,72,a,1185426,657,0.0554
SARS-CoV2-5UTR-Amplicon-short-trimmed+3,73,c,1185426,270,0.0228
SARS-CoV2-5UTR-Amplicon-short-trimmed+3,74,g,1185425,638,0.0538
SARS-CoV2-5UTR-Amplicon-short-trimmed+3,75,c,1185425,1577,0.133
SARS-CoV2-5UTR-Amplicon-short-trimmed+3,76,a,1185425,797,0.0672
SARS-CoV2-5UTR-Amplicon-short-trimmed+3,77,g,1185425,777,0.0655
SARS-CoV2-5UTR-Amplicon-short-trimmed+3,78,t,1185429,718,0.0606
SARS-CoV2-5UTR-Amplicon-short-trimmed+3,79,a,1185395,956,0.0806
SARS-CoV2-5UTR-Amplicon-short-trimmed+3,80,t,1185424,433,0.0365
SARS-CoV2-5UTR-Amplicon-short-trimmed+3,81,a,1185414,589,0.0497
SARS-CoV2-5UTR-Amplicon-short-trimmed+3,82,a,1185399,1284,0.1083
SARS-CoV2-5UTR-Amplicon-short-trimmed+3,83,t,1185416,524,0.0442
SARS-CoV2-5UTR-Amplicon-short-trimmed+3,84,t,1185413,1262,0.1065
SARS-CoV2-5UTR-Amplicon-short-trimmed+3,85,a,1185412,866,0.0731
SARS-CoV2-5UTR-Amplicon-short-trimmed+3,86,a,1185412,626,0.0528
SARS-CoV2-5UTR-Amplicon-short-trimmed+3,87,t,1185426,546,0.0461
SARS-CoV2-5UTR-Amplicon-short-trimmed+3,88,a,1185425,691,0.0583
SARS-CoV2-5UTR-Amplicon-short-trimmed+3,89,a,1185407,3357,0.2832
SARS-CoV2-5UTR-Amplicon-short-trimmed+3,90,c,1185409,614,0.0518
SARS-CoV2-5UTR-Amplicon-short-trimmed+3,91,t,1185440,646,0.0545
SARS-CoV2-5UTR-Amplicon-short-trimmed+3,92,a,1185440,552,0.0466
SARS-CoV2-5UTR-Amplicon-short-trimmed+3,93,a,1185439,591,0.0499
SARS-CoV2-5UTR-Amplicon-short-trimmed+3,94,t,1185449,515,0.0434
SARS-CoV2-5UTR-Amplicon-short-trimmed+3,95,t,1185449,903,0.0762
SARS-CoV2-5UTR-Amplicon-short-trimmed+3,96,a,1185432,496,0.0418
SARS-CoV2-5UTR-Amplicon-short-trimmed+3,97,c,1185430,275,0.0232
SARS-CoV2-5UTR-Amplicon-short-trimmed+3,98,t,1185430,555,0.0468
SARS-CoV2-5UTR-Amplicon-short-trimmed+3,99,g,1185429,698,0.0589
SARS-CoV2-5UTR-Amplicon-short-trimmed+3,100,t,1185429,662,0.0558
SARS-CoV2-5UTR-Amplicon-short-trimmed+3,101,c,1185429,315,0.0266
SARS-CoV2-5UTR-Amplicon-short-trimmed+3,102,g,1185456,674,0.0569
SARS-CoV2-5UTR-Amplicon-short-trimmed+3,103,t,1185434,539,0.0455
SARS-CoV2-5UTR-Amplicon-short-trimmed+3,104,t,1185444,1075,0.0907
SARS-CoV2-5UTR-Amplicon-short-trimmed+3,105,g,1185449,688,0.058
SARS-CoV2-5UTR-Amplicon-short-trimmed+3,106,a,1185468,679,0.0573
SARS-CoV2-5UTR-Amplicon-short-trimmed+3,107,c,1185482,684,0.0577
SARS-CoV2-5UTR-Amplicon-short-trimmed+3,108,a,1185500,789,0.0666
SARS-CoV2-5UTR-Amplicon-short-trimmed+3,109,g,1185580,650,0.0548
SARS-CoV2-5UTR-Amplicon-short-trimmed+3,110,g,1185775,1325,0.1117
SARS-CoV2-5UTR-Amplicon-short-trimmed+3,111,a,1186286,637,0.0537
SARS-CoV2-5UTR-Amplicon-short-trimmed+3,112,c,1186864,687,0.0579
SARS-CoV2-5UTR-Amplicon-short-trimmed+3,113,a,1188126,1424,0.1199
SARS-CoV2-5UTR-Amplicon-short-trimmed+3,114,c,1191043,777,0.0652
SARS-CoV2-5UTR-Amplicon-short-trimmed+3,115,g,1201140,574,0.0478
SARS-CoV2-5UTR-Amplicon-short-trimmed+3,116,a,1266462,863,0.0681
SARS-CoV2-5UTR-Amplicon-short-trimmed+3,117,g,1999999,947,0.0474
SARS-CoV2-5UTR-Amplicon-short-trimmed+3,118,t,1999993,2957,0.1479
SARS-CoV2-5UTR-Amplicon-short-trimmed+3,119,a,1999997,2929,0.1465
SARS-CoV2-5UTR-Amplicon-short-trimmed+3,120,a,1999996,1866,0.0933
SARS-CoV2-5UTR-Amplicon-short-trimmed+3,121,c,1999997,1662,0.0831
SARS-CoV2-5UTR-Amplicon-short-trimmed+3,122,t,1999992,2563,0.1282
SARS-CoV2-5UTR-Amplicon-short-trimmed+3,123,c,1999984,1490,0.0745
SARS-CoV2-5UTR-Amplicon-short-trimmed+3,124,g,1999961,1731,0.0866
SARS-CoV2-5UTR-Amplicon-short-trimmed+3,125,t,1999948,2713,0.1357
SARS-CoV2-5UTR-Amplicon-short-trimmed+3,126,c,1999894,1471,0.0736
SARS-CoV2-5UTR-Amplicon-short-trimmed+3,127,t,1999749,1006,0.0503
SARS-CoV2-5UTR-Amplicon-short-trimmed+3,128,a,1999312,2272,0.1136
SARS-CoV2-5UTR-Amplicon-short-trimmed+3,129,t,1998474,4374,0.2189
SARS-CoV2-5UTR-Amplicon-short-trimmed+3,130,c,1998471,661,0.0331
SARS-CoV2-5UTR-Amplicon-short-trimmed+3,131,t,1998421,1401,0.0701
SARS-CoV2-5UTR-Amplicon-short-trimmed+3,132,t,1988799,1288,0.0648
SARS-CoV2-5UTR-Amplicon-short-trimmed+3,133,c,923698,954,0.1033
SARS-CoV2-5UTR-Amplicon-short-trimmed+3,134,t,830544,904,0.1088
SARS-CoV2-5UTR-Amplicon-short-trimmed+3,135,g,819843,579,0.0706
SARS-CoV2-5UTR-Amplicon-short-trimmed+3,136,c,817138,2829,0.3462
SARS-CoV2-5UTR-Amplicon-short-trimmed+3,137,a,816540,827,0.1013
SARS-CoV2-5UTR-Amplicon-short-trimmed+3,138,g,815980,483,0.0592
SARS-CoV2-5UTR-Amplicon-short-trimmed+3,139,g,815673,681,0.0835
SARS-CoV2-5UTR-Amplicon-short-trimmed+3,140,c,815480,918,0.1126
SARS-CoV2-5UTR-Amplicon-short-trimmed+3,141,t,815397,1621,0.1988
SARS-CoV2-5UTR-Amplicon-short-trimmed+3,142,g,815346,1313,0.161
SARS-CoV2-5UTR-Amplicon-short-trimmed+3,143,c,815319,4256,0.522
SARS-CoV2-5UTR-Amplicon-short-trimmed+3,144,t,815234,406,0.0498
SARS-CoV2-5UTR-Amplicon-short-trimmed+3,145,t,815212,1194,0.1465
SARS-CoV2-5UTR-Amplicon-short-trimmed+3,146,a,815159,1021,0.1253
SARS-CoV2-5UTR-Amplicon-short-trimmed+3,147,c,815139,804,0.0986
SARS-CoV2-5UTR-Amplicon-short-trimmed+3,148,g,815127,407,0.0499
SARS-CoV2-5UTR-Amplicon-short-trimmed+3,149,g,815110,542,0.0665
SARS-CoV2-5UTR-Amplicon-short-trimmed+3,150,t,815096,657,0.0806
SARS-CoV2-5UTR-Amplicon-short-trimmed+3,151,t,815095,631,0.0774
SARS-CoV2-5UTR-Amplicon-short-trimmed+3,152,t,815096,1642,0.2014
SARS-CoV2-5UTR-Amplicon-short-trimmed+3,153,c,815096,1021,0.1253
SARS-CoV2-5UTR-Amplicon-short-trimmed+3,154,g,815091,381,0.0467
SARS-CoV2-5UTR-Amplicon-short-trimmed+3,155,t,815091,1273,0.1562
SARS-CoV2-5UTR-Amplicon-short-trimmed+3,156,c,815093,870,0.1067
SARS-CoV2-5UTR-Amplicon-short-trimmed+3,157,c,815093,1302,0.1597
SARS-CoV2-5UTR-Amplicon-short-trimmed+3,158,g,815090,560,0.0687
SARS-CoV2-5UTR-Amplicon-short-trimmed+3,159,t,815091,4728,0.5801
SARS-CoV2-5UTR-Amplicon-short-trimmed+3,160,g,815087,428,0.0525
SARS-CoV2-5UTR-Amplicon-short-trimmed+3,161,t,815088,747,0.0916
SARS-CoV2-5UTR-Amplicon-short-trimmed+3,162,t,815088,1002,0.1229
SARS-CoV2-5UTR-Amplicon-short-trimmed+3,163,g,815088,433,0.0531
SARS-CoV2-5UTR-Amplicon-short-trimmed+3,164,c,815092,1117,0.137
SARS-CoV2-5UTR-Amplicon-short-trimmed+3,165,a,815095,888,0.1089
SARS-CoV2-5UTR-Amplicon-short-trimmed+3,166,g,815175,911,0.1118
SARS-CoV2-5UTR-Amplicon-short-trimmed+3,167,c,815178,1320,0.1619
SARS-CoV2-5UTR-Amplicon-short-trimmed+3,168,c,815175,4907,0.602
SARS-CoV2-5UTR-Amplicon-short-trimmed+3,169,g,815174,773,0.0948
SARS-CoV2-5UTR-Amplicon-short-trimmed+3,170,a,815175,619,0.0759
SARS-CoV2-5UTR-Amplicon-short-trimmed+3,171,t,815175,683,0.0838
SARS-CoV2-5UTR-Amplicon-short-trimmed+3,172,c,815175,518,0.0635
SARS-CoV2-5UTR-Amplicon-short-trimmed+3,173,a,815175,600,0.0736
SARS-CoV2-5UTR-Amplicon-short-trimmed+3,174,t,815176,488,0.0599
SARS-CoV2-5UTR-Amplicon-short-trimmed+3,175,c,815176,798,0.0979
SARS-CoV2-5UTR-Amplicon-short-trimmed+3,176,a,815176,898,0.1102
SARS-CoV2-5UTR-Amplicon-short-trimmed+3,177,g,815176,622,0.0763
SARS-CoV2-5UTR-Amplicon-short-trimmed+3,178,c,815176,4748,0.5825
SARS-CoV2-5UTR-Amplicon-short-trimmed+3,179,a,815176,792,0.0972
SARS-CoV2-5UTR-Amplicon-short-trimmed+3,180,c,815176,656,0.0805
SARS-CoV2-5UTR-Amplicon-short-trimmed+3,181,a,815176,459,0.0563
SARS-CoV2-5UTR-Amplicon-short-trimmed+3,182,t,815176,480,0.0589
SARS-CoV2-5UTR-Amplicon-short-trimmed+3,183,c,815174,309,0.0379
SARS-CoV2-5UTR-Amplicon-short-trimmed+3,184,t,815174,847,0.1039
SARS-CoV2-5UTR-Amplicon-short-trimmed+3,185,a,815154,979,0.1201
SARS-CoV2-5UTR-Amplicon-short-trimmed+3,186,g,815149,360,0.0442
SARS-CoV2-5UTR-Amplicon-short-trimmed+3,187,g,815148,499,0.0612
SARS-CoV2-5UTR-Amplicon-short-trimmed+3,188,t,815148,437,0.0536
SARS-CoV2-5UTR-Amplicon-short-trimmed+3,189,t,815132,929,0.114
SARS-CoV2-5UTR-Amplicon-short-trimmed+3,190,t,815131,1420,0.1742
SARS-CoV2-5UTR-Amplicon-short-trimmed+3,191,c,815131,725,0.0889
SARS-CoV2-5UTR-Amplicon-short-trimmed+3,192,g,815126,257,0.0315
SARS-CoV2-5UTR-Amplicon-short-trimmed+3,193,t,815125,4032,0.4946
SARS-CoV2-5UTR-Amplicon-short-trimmed+3,194,c,815125,540,0.0662
SARS-CoV2-5UTR-Amplicon-short-trimmed+3,195,c,815124,888,0.1089
SARS-CoV2-5UTR-Amplicon-short-trimmed+3,196,g,815105,284,0.0348
SARS-CoV2-5UTR-Amplicon-short-trimmed+3,197,g,815102,400,0.0491
SARS-CoV2-5UTR-Amplicon-short-trimmed+3,198,g,815102,3362,0.4125
SARS-CoV2-5UTR-Amplicon-short-trimmed+3,199,t,815102,1220,0.1497
SARS-CoV2-5UTR-Amplicon-short-trimmed+3,200,g,815101,395,0.0485
SARS-CoV2-5UTR-Amplicon-short-trimmed+3,201,t,815099,869,0.1066
SARS-CoV2-5UTR-Amplicon-short-trimmed+3,202,g,815099,794,0.0974
SARS-CoV2-5UTR-Amplicon-short-trimmed+3,203,a,815093,1286,0.1578
SARS-CoV2-5UTR-Amplicon-short-trimmed+3,204,c,815093,493,0.0605
SARS-CoV2-5UTR-Amplicon-short-trimmed+3,205,c,815099,297,0.0364
SARS-CoV2-5UTR-Amplicon-short-trimmed+3,206,g,815099,402,0.0493
SARS-CoV2-5UTR-Amplicon-short-trimmed+3,207,a,815099,545,0.0669
SARS-CoV2-5UTR-Amplicon-short-trimmed+3,208,a,815099,291,0.0357
SARS-CoV2-5UTR-Amplicon-short-trimmed+3,209,a,815099,758,0.093
SARS-CoV2-5UTR-Amplicon-short-trimmed+3,210,g,815098,207,0.0254
SARS-CoV2-5UTR-Amplicon-short-trimmed+3,211,g,815098,1199,0.1471
SARS-CoV2-5UTR-Amplicon-short-trimmed+3,212,t,815098,633,0.0777
SARS-CoV2-5UTR-Amplicon-short-trimmed+3,213,a,815098,391,0.048
SARS-CoV2-5UTR-Amplicon-short-trimmed+3,214,a,815098,498,0.0611
SARS-CoV2-5UTR-Amplicon-short-trimmed+3,215,g,815086,268,0.0329
SARS-CoV2-5UTR-Amplicon-short-trimmed+3,216,a,815168,359,0.044
SARS-CoV2-5UTR-Amplicon-short-trimmed+3,217,t,815191,731,0.0897
SARS-CoV2-5UTR-Amplicon-short-trimmed+3,218,g,815191,345,0.0423
SARS-CoV2-5UTR-Amplicon-short-trimmed+3,219,g,815184,563,0.0691
SARS-CoV2-5UTR-Amplicon-short-trimmed+3,220,a,815172,1496,0.1835
SARS-CoV2-5UTR-Amplicon-short-trimmed+3,221,g,815170,1195,0.1466
SARS-CoV2-5UTR-Amplicon-short-trimmed+3,222,a,815086,628,0.077
SARS-CoV2-5UTR-Amplicon-short-trimmed+3,223,g,815086,547,0.0671
SARS-CoV2-5UTR-Amplicon-short-trimmed+3,224,c,815086,367,0.045
SARS-CoV2-5UTR-Amplicon-short-trimmed+3,225,c,815085,378,0.0464
SARS-CoV2-5UTR-Amplicon-short-trimmed+3,226,t,815085,367,0.045
SARS-CoV2-5UTR-Amplicon-short-trimmed+3,227,t,815085,3763,0.4617
SARS-CoV2-5UTR-Amplicon-short-trimmed+3,228,g,815085,385,0.0472
SARS-CoV2-5UTR-Amplicon-short-trimmed+3,229,t,815085,1032,0.1266
SARS-CoV2-5UTR-Amplicon-short-trimmed+3,230,c,815085,209,0.0256
SARS-CoV2-5UTR-Amplicon-short-trimmed+3,231,c,815085,276,0.0339
SARS-CoV2-5UTR-Amplicon-short-trimmed+3,232,c,815085,514,0.0631
SARS-CoV2-5UTR-Amplicon-short-trimmed+3,233,t,815083,1234,0.1514
SARS-CoV2-5UTR-Amplicon-short-trimmed+3,234,g,815083,367,0.045
SARS-CoV2-5UTR-Amplicon-short-trimmed+3,235,g,815080,311,0.0382
SARS-CoV2-5UTR-Amplicon-short-trimmed+3,236,t,815079,320,0.0393
SARS-CoV2-5UTR-Amplicon-short-trimmed+3,237,t,815078,457,0.0561
SARS-CoV2-5UTR-Amplicon-short-trimmed+3,238,t,815075,551,0.0676
SARS-CoV2-5UTR-Amplicon-short-trimmed+3,239,c,815058,5516,0.6768
SARS-CoV2-5UTR-Amplicon-short-trimmed+3,240,a,815015,545,0.0669
SARS-CoV2-5UTR-Amplicon-short-trimmed+3,241,a,814994,397,0.0487
SARS-CoV2-5UTR-Amplicon-short-trimmed+3,242,c,814975,524,0.0643
SARS-CoV2-5UTR-Amplicon-short-trimmed+3,243,g,814949,309,0.0379
SARS-CoV2-5UTR-Amplicon-short-trimmed+3,244,a,814847,949,0.1165
SARS-CoV2-5UTR-Amplicon-short-trimmed+3,245,g,814486,0,0
SARS-CoV2-5UTR-Amplicon-short-trimmed+3,246,g,814209,0,0
SARS-CoV2-5UTR-Amplicon-short-trimmed+3,247,G,813402,0,0
SARS-CoV2-5UTR-Amplicon-short-trimmed+3,248,A,812806,0,0
SARS-CoV2-5UTR-Amplicon-short-trimmed+3,249,G,812629,0,0
