Region,Position,Ref_base,Depth,Mut_count,Mut_percentage
SARS-CoV2-5UTR-Amplicon-short-trimmed+3,1,T,913642,0,0
SARS-CoV2-5UTR-Amplicon-short-trimmed+3,2,T,914102,0,0
SARS-CoV2-5UTR-Amplicon-short-trimmed+3,3,G,914347,0,0
SARS-CoV2-5UTR-Amplicon-short-trimmed+3,4,t,914938,0,0
SARS-CoV2-5UTR-Amplicon-short-trimmed+3,5,a,915242,0,0
SARS-CoV2-5UTR-Amplicon-short-trimmed+3,6,g,915485,426,0.0465
SARS-CoV2-5UTR-Amplicon-short-trimmed+3,7,a,915498,237,0.0259
SARS-CoV2-5UTR-Amplicon-short-trimmed+3,8,t,915512,274,0.0299
SARS-CoV2-5UTR-Amplicon-short-trimmed+3,9,c,915519,310,0.0339
SARS-CoV2-5UTR-Amplicon-short-trimmed+3,10,t,915550,353,0.0386
SARS-CoV2-5UTR-Amplicon-short-trimmed+3,11,g,915565,1043,0.1139
SARS-CoV2-5UTR-Amplicon-short-trimmed+3,12,t,915575,412,0.045
SARS-CoV2-5UTR-Amplicon-short-trimmed+3,13,t,915591,425,0.0464
SARS-CoV2-5UTR-Amplicon-short-trimmed+3,14,c,915598,855,0.0934
SARS-CoV2-5UTR-Amplicon-short-trimmed+3,15,t,915598,439,0.0479
SARS-CoV2-5UTR-Amplicon-short-trimmed+3,16,c,915602,942,0.1029
SARS-CoV2-5UTR-Amplicon-short-trimmed+3,17,t,915607,265,0.0289
SARS-CoV2-5UTR-Amplicon-short-trimmed+3,18,a,915609,512,0.0559
SARS-CoV2-5UTR-Amplicon-short-trimmed+3,19,a,915610,433,0.0473
SARS-CoV2-5UTR-Amplicon-short-trimmed+3,20,a,915651,496,0.0542
SARS-CoV2-5UTR-Amplicon-short-trimmed+3,21,c,915652,844,0.0922
SARS-CoV2-5UTR-Amplicon-short-trimmed+3,22,g,915656,283,0.0309
SARS-CoV2-5UTR-Amplicon-short-trimmed+3,23,a,915656,522,0.057
SARS-CoV2-5UTR-Amplicon-short-trimmed+3,24,a,915659,330,0.036
SARS-CoV2-5UTR-Amplicon-short-trimmed+3,25,c,915659,8569,0.9358
SARS-CoV2-5UTR-Amplicon-short-trimmed+3,26,t,915659,821,0.0897
SARS-CoV2-5UTR-Amplicon-short-trimmed+3,27,t,915659,621,0.0678
SARS-CoV2-5UTR-Amplicon-short-trimmed+3,28,t,915668,2117,0.2312
SARS-CoV2-5UTR-Amplicon-short-trimmed+3,29,a,915668,889,0.0971
SARS-CoV2-5UTR-Amplicon-short-trimmed+3,30,a,915668,384,0.0419
SARS-CoV2-5UTR-Amplicon-short-trimmed+3,31,a,915580,508,0.0555
SARS-CoV2-5UTR-Amplicon-short-trimmed+3,32,a,915580,467,0.051
SARS-CoV2-5UTR-Amplicon-short-trimmed+3,33,t,915580,2210,0.2414
SARS-CoV2-5UTR-Amplicon-short-trimmed+3,34,c,915580,553,0.0604
SARS-CoV2-5UTR-Amplicon-short-trimmed+3,35,t,915580,308,0.0336
SARS-CoV2-5UTR-Amplicon-short-trimmed+3,36,g,915580,480,0.0524
SARS-CoV2-5UTR-Amplicon-short-trimmed+3,37,t,915575,307,0.0335
SARS-CoV2-5UTR-Amplicon-short-trimmed+3,38,g,915575,237,0.0259
SARS-CoV2-5UTR-Amplicon-short-trimmed+3,39,t,915575,280,0.0306
SARS-CoV2-5UTR-Amplicon-short-trimmed+3,40,g,915575,347,0.0379
SARS-CoV2-5UTR-Amplicon-short-trimmed+3,41,g,915575,349,0.0381
SARS-CoV2-5UTR-Amplicon-short-trimmed+3,42,c,915571,427,0.0466
SARS-CoV2-5UTR-Amplicon-short-trimmed+3,43,t,915571,634,0.0692
SARS-CoV2-5UTR-Amplicon-short-trimmed+3,44,g,915571,369,0.0403
SARS-CoV2-5UTR-Amplicon-short-trimmed+3,45,t,915570,747,0.0816
SARS-CoV2-5UTR-Amplicon-short-trimmed+3,46,c,915567,263,0.0287
SARS-CoV2-5UTR-Amplicon-short-trimmed+3,47,a,915561,600,0.0655
SARS-CoV2-5UTR-Amplicon-short-trimmed+3,48,c,915565,323,0.0353
SARS-CoV2-5UTR-Amplicon-short-trimmed+3,49,t,915565,277,0.0303
SARS-CoV2-5UTR-Amplicon-short-trimmed+3,50,c,915560,467,0.051
SARS-CoV2-5UTR-Amplicon-short-trimmed+3,51,g,915560,414,0.0452
SARS-CoV2-5UTR-Amplicon-short-trimmed+3,52,g,915560,842,0.092
SARS-CoV2-5UTR-Amplicon-short-trimmed+3,53,c,915560,541,0.0591
SARS-CoV2-5UTR-Amplicon-short-trimmed+3,54,t,915560,586,0.064
SARS-CoV2-5UTR-Amplicon-short-trimmed+3,55,g,915560,903,0.0986
SARS-CoV2-5UTR-Amplicon-short-trimmed+3,56,c,915560,674,0.0736
SARS-CoV2-5UTR-Amplicon-short-trimmed+3,57,g,915560,792,0.0865
SARS-CoV2-5UTR-Amplicon-short-trimmed+3,58,t,915560,384,0.0419
SARS-CoV2-5UTR-Amplicon-short-trimmed+3,59,g,915560,534,0.0583
SARS-CoV2-5UTR-Amplicon-short-trimmed+3,60,c,915560,449,0.049
SARS-CoV2-5UTR-Amplicon-short-trimmed+3,61,t,915560,492,0.0537
SARS-CoV2-5UTR-Amplicon-short-trimmed+3,62,t,915560,458,0.05
SARS-CoV2-5UTR-Amplicon-short-trimmed+3,63,a,915551,594,0.0649
SARS-CoV2-5UTR-Amplicon-short-trimmed+3,64,g,915551,312,0.0341
SARS-CoV2-5UTR-Amplicon-short-trimmed+3,65,t,915551,516,0.0564
SARS-CoV2-5UTR-Amplicon-short-trimmed+3,66,g,915551,656,0.0717
SARS-CoV2-5UTR-Amplicon-short-trimmed+3,67,c,915551,711,0.0777
SARS-CoV2-5UTR-Amplicon-short-trimmed+3,68,a,915552,733,0.0801
SARS-CoV2-5UTR-Amplicon-short-trimmed+3,69,c,915552,575,0.0628
SARS-CoV2-5UTR-Amplicon-short-trimmed+3,70,t,915552,399,0.0436
SARS-CoV2-5UTR-Amplicon-short-trimmed+3,71,c,915552,338,0.0369
SARS-CoV2-5UTR-Amplicon-short-trimmed+3,72,a,915552,717,0.0783
SARS-CoV2-5UTR-Amplicon-short-trimmed+3,73,c,915552,432,0.0472
SARS-CoV2-5UTR-Amplicon-short-trimmed+3,74,g,915552,461,0.0504
SARS-CoV2-5UTR-Amplicon-short-trimmed+3,75,c,915552,1338,0.1461
SARS-CoV2-5UTR-Amplicon-short-trimmed+3,76,a,915553,740,0.0808
SARS-CoV2-5UTR-Amplicon-short-trimmed+3,77,g,915553,540,0.059
SARS-CoV2-5UTR-Amplicon-short-trimmed+3,78,t,915557,577,0.063
SARS-CoV2-5UTR-Amplicon-short-trimmed+3,79,a,915556,873,0.0954
SARS-CoV2-5UTR-Amplicon-short-trimmed+3,80,t,915563,348,0.038
SARS-CoV2-5UTR-Amplicon-short-trimmed+3,81,a,915551,533,0.0582
SARS-CoV2-5UTR-Amplicon-short-trimmed+3,82,a,915551,1028,0.1123
SARS-CoV2-5UTR-Amplicon-short-trimmed+3,83,t,915570,434,0.0474
SARS-CoV2-5UTR-Amplicon-short-trimmed+3,84,t,915570,891,0.0973
SARS-CoV2-5UTR-Amplicon-short-trimmed+3,85,a,915571,799,0.0873
SARS-CoV2-5UTR-Amplicon-short-trimmed+3,86,a,915571,712,0.0778
SARS-CoV2-5UTR-Amplicon-short-trimmed+3,87,t,915598,510,0.0557
SARS-CoV2-5UTR-Amplicon-short-trimmed+3,88,a,915592,606,0.0662
SARS-CoV2-5UTR-Amplicon-short-trimmed+3,89,a,915614,2809,0.3068
SARS-CoV2-5UTR-Amplicon-short-trimmed+3,90,c,915619,946,0.1033
SARS-CoV2-5UTR-Amplicon-short-trimmed+3,91,t,915630,536,0.0585
SARS-CoV2-5UTR-Amplicon-short-trimmed+3,92,a,915630,512,0.0559
SARS-CoV2-5UTR-Amplicon-short-trimmed+3,93,a,915629,558,0.0609
SARS-CoV2-5UTR-Amplicon-short-trimmed+3,94,t,915639,440,0.0481
SARS-CoV2-5UTR-Amplicon-short-trimmed+3,95,t,915638,735,0.0803
SARS-CoV2-5UTR-Amplicon-short-trimmed+3,96,a,915640,574,0.0627
SARS-CoV2-5UTR-Amplicon-short-trimmed+3,97,c,915640,532,0.0581
SARS-CoV2-5UTR-Amplicon-short-trimmed+3,98,t,915640,463,0.0506
SARS-CoV2-5UTR-Amplicon-short-trimmed+3,99,g,915640,588,0.0642
SARS-CoV2-5UTR-Amplicon-short-trimmed+3,100,t,915617,646,0.0706
SARS-CoV2-5UTR-Amplicon-short-trimmed+3,101,c,915615,371,0.0405
SARS-CoV2-5UTR-Amplicon-short-trimmed+3,102,g,915625,563,0.0615
SARS-CoV2-5UTR-Amplicon-short-trimmed+3,103,t,915604,468,0.0511
SARS-CoV2-5UTR-Amplicon-short-trimmed+3,104,t,915606,766,0.0837
SARS-CoV2-5UTR-Amplicon-short-trimmed+3,105,g,915612,364,0.0398
SARS-CoV2-5UTR-Amplicon-short-trimmed+3,106,a,915632,729,0.0796
SARS-CoV2-5UTR-Amplicon-short-trimmed+3,107,c,915653,584,0.0638
SARS-CoV2-5UTR-Amplicon-short-trimmed+3,108,a,915667,761,0.0831
SARS-CoV2-5UTR-Amplicon-short-trimmed+3,109,g,915729,499,0.0545
SARS-CoV2-5UTR-Amplicon-short-trimmed+3,110,g,915880,794,0.0867
SARS-CoV2-5UTR-Amplicon-short-trimmed+3,111,a,916253,723,0.0789
SARS-CoV2-5UTR-Amplicon-short-trimmed+3,112,c,916651,1099,0.1199
SARS-CoV2-5UTR-Amplicon-short-trimmed+3,113,a,917528,1282,0.1397
SARS-CoV2-5UTR-Amplicon-short-trimmed+3,114,c,919800,888,0.0965
SARS-CoV2-5UTR-Amplicon-short-trimmed+3,115,g,927793,402,0.0433
SARS-CoV2-5UTR-Amplicon-short-trimmed+3,116,a,976799,895,0.0916
SARS-CoV2-5UTR-Amplicon-short-trimmed+3,117,g,1822872,1239,0.068
SARS-CoV2-5UTR-Amplicon-short-trimmed+3,118,t,1827055,2927,0.1602
SARS-CoV2-5UTR-Amplicon-short-trimmed+3,119,a,1827105,4188,0.2292
SARS-CoV2-5UTR-Amplicon-short-trimmed+3,120,a,1827278,3765,0.206
SARS-CoV2-5UTR-Amplicon-short-trimmed+3,121,c,1829842,2294,0.1254
SARS-CoV2-5UTR-Amplicon-short-trimmed+3,122,t,1830814,3263,0.1782
SARS-CoV2-5UTR-Amplicon-short-trimmed+3,123,c,1831535,2545,0.139
SARS-CoV2-5UTR-Amplicon-short-trimmed+3,124,g,1831966,2110,0.1152
SARS-CoV2-5UTR-Amplicon-short-trimmed+3,125,t,1832409,3755,0.2049
SARS-CoV2-5UTR-Amplicon-short-trimmed+3,126,c,1832499,2618,0.1429
SARS-CoV2-5UTR-Amplicon-short-trimmed+3,127,t,1832450,1207,0.0659
SARS-CoV2-5UTR-Amplicon-short-trimmed+3,128,a,1832178,3762,0.2053
SARS-CoV2-5UTR-Amplicon-short-trimmed+3,129,t,1831654,7634,0.4168
SARS-CoV2-5UTR-Amplicon-short-trimmed+3,130,c,1831659,1243,0.0679
SARS-CoV2-5UTR-Amplicon-short-trimmed+3,131,t,1831616,1783,0.0973
SARS-CoV2-5UTR-Amplicon-short-trimmed+3,132,t,1824172,2130,0.1168
SARS-CoV2-5UTR-Amplicon-short-trimmed+3,133,c,999972,1851,0.1851
SARS-CoV2-5UTR-Amplicon-short-trimmed+3,134,t,927897,1751,0.1887
SARS-CoV2-5UTR-Amplicon-short-trimmed+3,135,g,920714,933,0.1013
SARS-CoV2-5UTR-Amplicon-short-trimmed+3,136,c,919005,4999,0.544
SARS-CoV2-5UTR-Amplicon-short-trimmed+3,137,a,918703,1655,0.1801
SARS-CoV2-5UTR-Amplicon-short-trimmed+3,138,g,918287,850,0.0926
SARS-CoV2-5UTR-Amplicon-short-trimmed+3,139,g,918058,1059,0.1154
SARS-CoV2-5UTR-Amplicon-short-trimmed+3,140,c,917886,1347,0.1468
SARS-CoV2-5UTR-Amplicon-short-trimmed+3,141,t,917836,2958,0.3223
SARS-CoV2-5UTR-Amplicon-short-trimmed+3,142,g,917785,1994,0.2173
SARS-CoV2-5UTR-Amplicon-short-trimmed+3,143,c,917770,4614,0.5027
SARS-CoV2-5UTR-Amplicon-short-trimmed+3,144,t,917707,821,0.0895
SARS-CoV2-5UTR-Amplicon-short-trimmed+3,145,t,917695,2066,0.2251
SARS-CoV2-5UTR-Amplicon-short-trimmed+3,146,a,917639,4080,0.4446
SARS-CoV2-5UTR-Amplicon-short-trimmed+3,147,c,917630,1245,0.1357
SARS-CoV2-5UTR-Amplicon-short-trimmed+3,148,g,917627,716,0.078
SARS-CoV2-5UTR-Amplicon-short-trimmed+3,149,g,917618,800,0.0872
SARS-CoV2-5UTR-Amplicon-short-trimmed+3,150,t,917617,1271,0.1385
SARS-CoV2-5UTR-Amplicon-short-trimmed+3,151,t,917614,1424,0.1552
SARS-CoV2-5UTR-Amplicon-short-trimmed+3,152,t,917610,3292,0.3588
SARS-CoV2-5UTR-Amplicon-short-trimmed+3,153,c,917611,2592,0.2825
SARS-CoV2-5UTR-Amplicon-short-trimmed+3,154,g,917615,670,0.073
SARS-CoV2-5UTR-Amplicon-short-trimmed+3,155,t,917616,2396,0.2611
SARS-CoV2-5UTR-Amplicon-short-trimmed+3,156,c,917616,1351,0.1472
SARS-CoV2-5UTR-Amplicon-short-trimmed+3,157,c,917618,1924,0.2097
SARS-CoV2-5UTR-Amplicon-short-trimmed+3,158,g,917611,741,0.0808
SARS-CoV2-5UTR-Amplicon-short-trimmed+3,159,t,917609,8899,0.9698
SARS-CoV2-5UTR-Amplicon-short-trimmed+3,160,g,917610,719,0.0784
SARS-CoV2-5UTR-Amplicon-short-trimmed+3,161,t,917611,1114,0.1214
SARS-CoV2-5UTR-Amplicon-short-trimmed+3,162,t,917608,3952,0.4307
SARS-CoV2-5UTR-Amplicon-short-trimmed+3,163,g,917610,614,0.0669
SARS-CoV2-5UTR-Amplicon-short-trimmed+3,164,c,917611,1839,0.2004
SARS-CoV2-5UTR-Amplicon-short-trimmed+3,165,a,917615,1377,0.1501
SARS-CoV2-5UTR-Amplicon-short-trimmed+3,166,g,917695,1523,0.166
SARS-CoV2-5UTR-Amplicon-short-trimmed+3,167,c,917698,1673,0.1823
SARS-CoV2-5UTR-Amplicon-short-trimmed+3,168,c,917694,6161,0.6714
SARS-CoV2-5UTR-Amplicon-short-trimmed+3,169,g,917694,1106,0.1205
SARS-CoV2-5UTR-Amplicon-short-trimmed+3,170,a,917696,1181,0.1287
SARS-CoV2-5UTR-Amplicon-short-trimmed+3,171,t,917697,1269,0.1383
SARS-CoV2-5UTR-Amplicon-short-trimmed+3,172,c,917698,1651,0.1799
SARS-CoV2-5UTR-Amplicon-short-trimmed+3,173,a,917698,1268,0.1382
SARS-CoV2-5UTR-Amplicon-short-trimmed+3,174,t,917698,947,0.1032
SARS-CoV2-5UTR-Amplicon-short-trimmed+3,175,c,917698,1481,0.1614
SARS-CoV2-5UTR-Amplicon-short-trimmed+3,176,a,917699,1464,0.1595
SARS-CoV2-5UTR-Amplicon-short-trimmed+3,177,g,917699,727,0.0792
SARS-CoV2-5UTR-Amplicon-short-trimmed+3,178,c,917699,7204,0.785
SARS-CoV2-5UTR-Amplicon-short-trimmed+3,179,a,917700,1550,0.1689
SARS-CoV2-5UTR-Amplicon-short-trimmed+3,180,c,917700,1194,0.1301
SARS-CoV2-5UTR-Amplicon-short-trimmed+3,181,a,917700,868,0.0946
SARS-CoV2-5UTR-Amplicon-short-trimmed+3,182,t,917700,872,0.095
SARS-CoV2-5UTR-Amplicon-short-trimmed+3,183,c,917697,471,0.0513
SARS-CoV2-5UTR-Amplicon-short-trimmed+3,184,t,917695,1353,0.1474
SARS-CoV2-5UTR-Amplicon-short-trimmed+3,185,a,917691,1533,0.167
SARS-CoV2-5UTR-Amplicon-short-trimmed+3,186,g,917691,658,0.0717
SARS-CoV2-5UTR-Amplicon-short-trimmed+3,187,g,917691,624,0.068
SARS-CoV2-5UTR-Amplicon-short-trimmed+3,188,t,917687,3907,0.4257
SARS-CoV2-5UTR-Amplicon-short-trimmed+3,189,t,917671,1721,0.1875
SARS-CoV2-5UTR-Amplicon-short-trimmed+3,190,t,917670,2857,0.3113
SARS-CoV2-5UTR-Amplicon-short-trimmed+3,191,c,917668,1934,0.2108
SARS-CoV2-5UTR-Amplicon-short-trimmed+3,192,g,917646,453,0.0494
SARS-CoV2-5UTR-Amplicon-short-trimmed+3,193,t,917644,7092,0.7728
SARS-CoV2-5UTR-Amplicon-short-trimmed+3,194,c,917644,831,0.0906
SARS-CoV2-5UTR-Amplicon-short-trimmed+3,195,c,917644,1238,0.1349
SARS-CoV2-5UTR-Amplicon-short-trimmed+3,196,g,917630,523,0.057
SARS-CoV2-5UTR-Amplicon-short-trimmed+3,197,g,917629,565,0.0616
SARS-CoV2-5UTR-Amplicon-short-trimmed+3,198,g,917629,3783,0.4123
SARS-CoV2-5UTR-Amplicon-short-trimmed+3,199,t,917629,1765,0.1923
SARS-CoV2-5UTR-Amplicon-short-trimmed+3,200,g,917612,1536,0.1674
SARS-CoV2-5UTR-Amplicon-short-trimmed+3,201,t,917610,3364,0.3666
SARS-CoV2-5UTR-Amplicon-short-trimmed+3,202,g,917609,954,0.104
SARS-CoV2-5UTR-Amplicon-short-trimmed+3,203,a,917609,2115,0.2305
SARS-CoV2-5UTR-Amplicon-short-trimmed+3,204,c,917608,885,0.0964
SARS-CoV2-5UTR-Amplicon-short-trimmed+3,205,c,917612,621,0.0677
SARS-CoV2-5UTR-Amplicon-short-trimmed+3,206,g,917612,573,0.0624
SARS-CoV2-5UTR-Amplicon-short-trimmed+3,207,a,917608,768,0.0837
SARS-CoV2-5UTR-Amplicon-short-trimmed+3,208,a,917607,531,0.0579
SARS-CoV2-5UTR-Amplicon-short-trimmed+3,209,a,917607,1093,0.1191
SARS-CoV2-5UTR-Amplicon-short-trimmed+3,210,g,917607,434,0.0473
SARS-CoV2-5UTR-Amplicon-short-trimmed+3,211,g,917606,1327,0.1446
SARS-CoV2-5UTR-Amplicon-short-trimmed+3,212,t,917626,1048,0.1142
SARS-CoV2-5UTR-Amplicon-short-trimmed+3,213,a,917626,692,0.0754
SARS-CoV2-5UTR-Amplicon-short-trimmed+3,214,a,917625,838,0.0913
SARS-CoV2-5UTR-Amplicon-short-trimmed+3,215,g,917625,384,0.0418
SARS-CoV2-5UTR-Amplicon-short-trimmed+3,216,a,917711,547,0.0596
SARS-CoV2-5UTR-Amplicon-short-trimmed+3,217,t,917710,1108,0.1207
SARS-CoV2-5UTR-Amplicon-short-trimmed+3,218,g,917710,533,0.0581
SARS-CoV2-5UTR-Amplicon-short-trimmed+3,219,g,917706,731,0.0797
SARS-CoV2-5UTR-Amplicon-short-trimmed+3,220,a,917703,1879,0.2048
SARS-CoV2-5UTR-Amplicon-short-trimmed+3,221,g,917703,1553,0.1692
SARS-CoV2-5UTR-Amplicon-short-trimmed+3,222,a,917619,878,0.0957
SARS-CoV2-5UTR-Amplicon-short-trimmed+3,223,g,917612,895,0.0975
SARS-CoV2-5UTR-Amplicon-short-trimmed+3,224,c,917610,1019,0.111
SARS-CoV2-5UTR-Amplicon-short-trimmed+3,225,c,917609,650,0.0708
SARS-CoV2-5UTR-Amplicon-short-trimmed+3,226,t,917608,657,0.0716
SARS-CoV2-5UTR-Amplicon-short-trimmed+3,227,t,917607,5307,0.5784
SARS-CoV2-5UTR-Amplicon-short-trimmed+3,228,g,917607,495,0.0539
SARS-CoV2-5UTR-Amplicon-short-trimmed+3,229,t,917607,1641,0.1788
SARS-CoV2-5UTR-Amplicon-short-trimmed+3,230,c,917607,2589,0.2821
SARS-CoV2-5UTR-Amplicon-short-trimmed+3,231,c,917607,490,0.0534
SARS-CoV2-5UTR-Amplicon-short-trimmed+3,232,c,917607,751,0.0818
SARS-CoV2-5UTR-Amplicon-short-trimmed+3,233,t,917584,1780,0.194
SARS-CoV2-5UTR-Amplicon-short-trimmed+3,234,g,917581,561,0.0611
SARS-CoV2-5UTR-Amplicon-short-trimmed+3,235,g,917581,602,0.0656
SARS-CoV2-5UTR-Amplicon-short-trimmed+3,236,t,917574,609,0.0664
SARS-CoV2-5UTR-Amplicon-short-trimmed+3,237,t,917565,1026,0.1118
SARS-CoV2-5UTR-Amplicon-short-trimmed+3,238,t,917556,1101,0.12
SARS-CoV2-5UTR-Amplicon-short-trimmed+3,239,c,917528,6144,0.6696
SARS-CoV2-5UTR-Amplicon-short-trimmed+3,240,a,917469,927,0.101
SARS-CoV2-5UTR-Amplicon-short-trimmed+3,241,a,917422,685,0.0747
SARS-CoV2-5UTR-Amplicon-short-trimmed+3,242,c,917340,742,0.0809
SARS-CoV2-5UTR-Amplicon-short-trimmed+3,243,g,917314,414,0.0451
SARS-CoV2-5UTR-Amplicon-short-trimmed+3,244,a,917211,1285,0.1401
SARS-CoV2-5UTR-Amplicon-short-trimmed+3,245,g,916634,0,0
SARS-CoV2-5UTR-Amplicon-short-trimmed+3,246,g,916179,0,0
SARS-CoV2-5UTR-Amplicon-short-trimmed+3,247,G,915237,0,0
SARS-CoV2-5UTR-Amplicon-short-trimmed+3,248,A,914315,0,0
SARS-CoV2-5UTR-Amplicon-short-trimmed+3,249,G,914078,0,0
