Region,Position,Ref_base,Depth,Mut_count,Mut_percentage
SARS-CoV2-5UTR-Amplicon-short-trimmed+3,1,T,550996,0,0
SARS-CoV2-5UTR-Amplicon-short-trimmed+3,2,T,551473,0,0
SARS-CoV2-5UTR-Amplicon-short-trimmed+3,3,G,551601,0,0
SARS-CoV2-5UTR-Amplicon-short-trimmed+3,4,t,552089,0,0
SARS-CoV2-5UTR-Amplicon-short-trimmed+3,5,a,552199,0,0
SARS-CoV2-5UTR-Amplicon-short-trimmed+3,6,g,552314,404,0.0731
SARS-CoV2-5UTR-Amplicon-short-trimmed+3,7,a,552342,113,0.0205
SARS-CoV2-5UTR-Amplicon-short-trimmed+3,8,t,552349,196,0.0355
SARS-CoV2-5UTR-Amplicon-short-trimmed+3,9,c,552359,207,0.0375
SARS-CoV2-5UTR-Amplicon-short-trimmed+3,10,t,552370,162,0.0293
SARS-CoV2-5UTR-Amplicon-short-trimmed+3,11,g,552377,1752,0.3172
SARS-CoV2-5UTR-Amplicon-short-trimmed+3,12,t,552389,135,0.0244
SARS-CoV2-5UTR-Amplicon-short-trimmed+3,13,t,552389,168,0.0304
SARS-CoV2-5UTR-Amplicon-short-trimmed+3,14,c,552390,139,0.0252
SARS-CoV2-5UTR-Amplicon-short-trimmed+3,15,t,552390,201,0.0364
SARS-CoV2-5UTR-Amplicon-short-trimmed+3,16,c,552397,501,0.0907
SARS-CoV2-5UTR-Amplicon-short-trimmed+3,17,t,552398,140,0.0253
SARS-CoV2-5UTR-Amplicon-short-trimmed+3,18,a,552399,258,0.0467
SARS-CoV2-5UTR-Amplicon-short-trimmed+3,19,a,552402,185,0.0335
SARS-CoV2-5UTR-Amplicon-short-trimmed+3,20,a,552422,117,0.0212
SARS-CoV2-5UTR-Amplicon-short-trimmed+3,21,c,552423,78,0.0141
SARS-CoV2-5UTR-Amplicon-short-trimmed+3,22,g,552424,211,0.0382
SARS-CoV2-5UTR-Amplicon-short-trimmed+3,23,a,552425,194,0.0351
SARS-CoV2-5UTR-Amplicon-short-trimmed+3,24,a,552425,156,0.0282
SARS-CoV2-5UTR-Amplicon-short-trimmed+3,25,c,552431,4608,0.8341
SARS-CoV2-5UTR-Amplicon-short-trimmed+3,26,t,552431,508,0.092
SARS-CoV2-5UTR-Amplicon-short-trimmed+3,27,t,552432,602,0.109
SARS-CoV2-5UTR-Amplicon-short-trimmed+3,28,t,552442,1170,0.2118
SARS-CoV2-5UTR-Amplicon-short-trimmed+3,29,a,552442,547,0.099
SARS-CoV2-5UTR-Amplicon-short-trimmed+3,30,a,552442,217,0.0393
SARS-CoV2-5UTR-Amplicon-short-trimmed+3,31,a,552432,170,0.0308
SARS-CoV2-5UTR-Amplicon-short-trimmed+3,32,a,552432,175,0.0317
SARS-CoV2-5UTR-Amplicon-short-trimmed+3,33,t,552432,1135,0.2055
SARS-CoV2-5UTR-Amplicon-short-trimmed+3,34,c,552432,232,0.042
SARS-CoV2-5UTR-Amplicon-short-trimmed+3,35,t,552432,183,0.0331
SARS-CoV2-5UTR-Amplicon-short-trimmed+3,36,g,552432,346,0.0626
SARS-CoV2-5UTR-Amplicon-short-trimmed+3,37,t,552428,157,0.0284
SARS-CoV2-5UTR-Amplicon-short-trimmed+3,38,g,552428,102,0.0185
SARS-CoV2-5UTR-Amplicon-short-trimmed+3,39,t,552428,148,0.0268
SARS-CoV2-5UTR-Amplicon-short-trimmed+3,40,g,552428,217,0.0393
SARS-CoV2-5UTR-Amplicon-short-trimmed+3,41,g,552428,358,0.0648
SARS-CoV2-5UTR-Amplicon-short-trimmed+3,42,c,552428,150,0.0272
SARS-CoV2-5UTR-Amplicon-short-trimmed+3,43,t,552428,512,0.0927
SARS-CoV2-5UTR-Amplicon-short-trimmed+3,44,g,552428,355,0.0643
SARS-CoV2-5UTR-Amplicon-short-trimmed+3,45,t,552427,328,0.0594
SARS-CoV2-5UTR-Amplicon-short-trimmed+3,46,c,552427,105,0.019
SARS-CoV2-5UTR-Amplicon-short-trimmed+3,47,a,552425,277,0.0501
SARS-CoV2-5UTR-Amplicon-short-trimmed+3,48,c,552425,116,0.021
SARS-CoV2-5UTR-Amplicon-short-trimmed+3,49,t,552425,143,0.0259
SARS-CoV2-5UTR-Amplicon-short-trimmed+3,50,c,552423,128,0.0232
SARS-CoV2-5UTR-Amplicon-short-trimmed+3,51,g,552423,263,0.0476
SARS-CoV2-5UTR-Amplicon-short-trimmed+3,52,g,552423,554,0.1003
SARS-CoV2-5UTR-Amplicon-short-trimmed+3,53,c,552423,715,0.1294
SARS-CoV2-5UTR-Amplicon-short-trimmed+3,54,t,552423,286,0.0518
SARS-CoV2-5UTR-Amplicon-short-trimmed+3,55,g,552423,730,0.1321
SARS-CoV2-5UTR-Amplicon-short-trimmed+3,56,c,552423,217,0.0393
SARS-CoV2-5UTR-Amplicon-short-trimmed+3,57,g,552423,763,0.1381
SARS-CoV2-5UTR-Amplicon-short-trimmed+3,58,t,552423,181,0.0328
SARS-CoV2-5UTR-Amplicon-short-trimmed+3,59,g,552423,478,0.0865
SARS-CoV2-5UTR-Amplicon-short-trimmed+3,60,c,552422,227,0.0411
SARS-CoV2-5UTR-Amplicon-short-trimmed+3,61,t,552421,232,0.042
SARS-CoV2-5UTR-Amplicon-short-trimmed+3,62,t,552421,273,0.0494
SARS-CoV2-5UTR-Amplicon-short-trimmed+3,63,a,552421,258,0.0467
SARS-CoV2-5UTR-Amplicon-short-trimmed+3,64,g,552415,173,0.0313
SARS-CoV2-5UTR-Amplicon-short-trimmed+3,65,t,552415,223,0.0404
SARS-CoV2-5UTR-Amplicon-short-trimmed+3,66,g,552415,397,0.0719
SARS-CoV2-5UTR-Amplicon-short-trimmed+3,67,c,552415,385,0.0697
SARS-CoV2-5UTR-Amplicon-short-trimmed+3,68,a,552415,343,0.0621
SARS-CoV2-5UTR-Amplicon-short-trimmed+3,69,c,552415,157,0.0284
SARS-CoV2-5UTR-Amplicon-short-trimmed+3,70,t,552415,193,0.0349
SARS-CoV2-5UTR-Amplicon-short-trimmed+3,71,c,552415,298,0.0539
SARS-CoV2-5UTR-Amplicon-short-trimmed+3,72,a,552415,252,0.0456
SARS-CoV2-5UTR-Amplicon-short-trimmed+3,73,c,552415,145,0.0262
SARS-CoV2-5UTR-Amplicon-short-trimmed+3,74,g,552415,261,0.0472
SARS-CoV2-5UTR-Amplicon-short-trimmed+3,75,c,552415,761,0.1378
SARS-CoV2-5UTR-Amplicon-short-trimmed+3,76,a,552415,333,0.0603
SARS-CoV2-5UTR-Amplicon-short-trimmed+3,77,g,552414,345,0.0625
SARS-CoV2-5UTR-Amplicon-short-trimmed+3,78,t,552414,316,0.0572
SARS-CoV2-5UTR-Amplicon-short-trimmed+3,79,a,552413,305,0.0552
SARS-CoV2-5UTR-Amplicon-short-trimmed+3,80,t,552415,119,0.0215
SARS-CoV2-5UTR-Amplicon-short-trimmed+3,81,a,552413,197,0.0357
SARS-CoV2-5UTR-Amplicon-short-trimmed+3,82,a,552412,469,0.0849
SARS-CoV2-5UTR-Amplicon-short-trimmed+3,83,t,552412,157,0.0284
SARS-CoV2-5UTR-Amplicon-short-trimmed+3,84,t,552413,454,0.0822
SARS-CoV2-5UTR-Amplicon-short-trimmed+3,85,a,552413,331,0.0599
SARS-CoV2-5UTR-Amplicon-short-trimmed+3,86,a,552413,211,0.0382
SARS-CoV2-5UTR-Amplicon-short-trimmed+3,87,t,552416,219,0.0396
SARS-CoV2-5UTR-Amplicon-short-trimmed+3,88,a,552416,255,0.0462
SARS-CoV2-5UTR-Amplicon-short-trimmed+3,89,a,552416,1498,0.2712
SARS-CoV2-5UTR-Amplicon-short-trimmed+3,90,c,552416,267,0.0483
SARS-CoV2-5UTR-Amplicon-short-trimmed+3,91,t,552421,248,0.0449
SARS-CoV2-5UTR-Amplicon-short-trimmed+3,92,a,552421,208,0.0377
SARS-CoV2-5UTR-Amplicon-short-trimmed+3,93,a,552421,176,0.0319
SARS-CoV2-5UTR-Amplicon-short-trimmed+3,94,t,552420,232,0.042
SARS-CoV2-5UTR-Amplicon-short-trimmed+3,95,t,552422,354,0.0641
SARS-CoV2-5UTR-Amplicon-short-trimmed+3,96,a,552422,198,0.0358
SARS-CoV2-5UTR-Amplicon-short-trimmed+3,97,c,552423,111,0.0201
SARS-CoV2-5UTR-Amplicon-short-trimmed+3,98,t,552423,214,0.0387
SARS-CoV2-5UTR-Amplicon-short-trimmed+3,99,g,552423,287,0.052
SARS-CoV2-5UTR-Amplicon-short-trimmed+3,100,t,552422,269,0.0487
SARS-CoV2-5UTR-Amplicon-short-trimmed+3,101,c,552422,159,0.0288
SARS-CoV2-5UTR-Amplicon-short-trimmed+3,102,g,552429,255,0.0462
SARS-CoV2-5UTR-Amplicon-short-trimmed+3,103,t,552431,230,0.0416
SARS-CoV2-5UTR-Amplicon-short-trimmed+3,104,t,552435,400,0.0724
SARS-CoV2-5UTR-Amplicon-short-trimmed+3,105,g,552435,248,0.0449
SARS-CoV2-5UTR-Amplicon-short-trimmed+3,106,a,552448,267,0.0483
SARS-CoV2-5UTR-Amplicon-short-trimmed+3,107,c,552455,276,0.05
SARS-CoV2-5UTR-Amplicon-short-trimmed+3,108,a,552463,371,0.0672
SARS-CoV2-5UTR-Amplicon-short-trimmed+3,109,g,552502,233,0.0422
SARS-CoV2-5UTR-Amplicon-short-trimmed+3,110,g,552589,511,0.0925
SARS-CoV2-5UTR-Amplicon-short-trimmed+3,111,a,552822,231,0.0418
SARS-CoV2-5UTR-Amplicon-short-trimmed+3,112,c,553097,235,0.0425
SARS-CoV2-5UTR-Amplicon-short-trimmed+3,113,a,553635,538,0.0972
SARS-CoV2-5UTR-Amplicon-short-trimmed+3,114,c,555028,310,0.0559
SARS-CoV2-5UTR-Amplicon-short-trimmed+3,115,g,559943,179,0.032
SARS-CoV2-5UTR-Amplicon-short-trimmed+3,116,a,591113,360,0.0609
SARS-CoV2-5UTR-Amplicon-short-trimmed+3,117,g,1100121,550,0.05
SARS-CoV2-5UTR-Amplicon-short-trimmed+3,118,t,1102733,1435,0.1301
SARS-CoV2-5UTR-Amplicon-short-trimmed+3,119,a,1102750,1722,0.1562
SARS-CoV2-5UTR-Amplicon-short-trimmed+3,120,a,1102824,1131,0.1026
SARS-CoV2-5UTR-Amplicon-short-trimmed+3,121,c,1103826,958,0.0868
SARS-CoV2-5UTR-Amplicon-short-trimmed+3,122,t,1104213,1371,0.1242
SARS-CoV2-5UTR-Amplicon-short-trimmed+3,123,c,1104514,1009,0.0914
SARS-CoV2-5UTR-Amplicon-short-trimmed+3,124,g,1104688,863,0.0781
SARS-CoV2-5UTR-Amplicon-short-trimmed+3,125,t,1105034,1564,0.1415
SARS-CoV2-5UTR-Amplicon-short-trimmed+3,126,c,1105047,963,0.0871
SARS-CoV2-5UTR-Amplicon-short-trimmed+3,127,t,1104980,510,0.0462
SARS-CoV2-5UTR-Amplicon-short-trimmed+3,128,a,1104765,1505,0.1362
SARS-CoV2-5UTR-Amplicon-short-trimmed+3,129,t,1104465,2718,0.2461
SARS-CoV2-5UTR-Amplicon-short-trimmed+3,130,c,1104476,406,0.0368
SARS-CoV2-5UTR-Amplicon-short-trimmed+3,131,t,1104455,763,0.0691
SARS-CoV2-5UTR-Amplicon-short-trimmed+3,132,t,1100426,753,0.0684
SARS-CoV2-5UTR-Amplicon-short-trimmed+3,133,c,602680,681,0.113
SARS-CoV2-5UTR-Amplicon-short-trimmed+3,134,t,559892,667,0.1191
SARS-CoV2-5UTR-Amplicon-short-trimmed+3,135,g,554936,377,0.0679
SARS-CoV2-5UTR-Amplicon-short-trimmed+3,136,c,553768,1937,0.3498
SARS-CoV2-5UTR-Amplicon-short-trimmed+3,137,a,553494,622,0.1124
SARS-CoV2-5UTR-Amplicon-short-trimmed+3,138,g,553244,364,0.0658
SARS-CoV2-5UTR-Amplicon-short-trimmed+3,139,g,553114,436,0.0788
SARS-CoV2-5UTR-Amplicon-short-trimmed+3,140,c,553022,578,0.1045
SARS-CoV2-5UTR-Amplicon-short-trimmed+3,141,t,552993,1141,0.2063
SARS-CoV2-5UTR-Amplicon-short-trimmed+3,142,g,552965,876,0.1584
SARS-CoV2-5UTR-Amplicon-short-trimmed+3,143,c,552956,2617,0.4733
SARS-CoV2-5UTR-Amplicon-short-trimmed+3,144,t,552926,292,0.0528
SARS-CoV2-5UTR-Amplicon-short-trimmed+3,145,t,552923,798,0.1443
SARS-CoV2-5UTR-Amplicon-short-trimmed+3,146,a,552903,1965,0.3554
SARS-CoV2-5UTR-Amplicon-short-trimmed+3,147,c,552900,538,0.0973
SARS-CoV2-5UTR-Amplicon-short-trimmed+3,148,g,552901,292,0.0528
SARS-CoV2-5UTR-Amplicon-short-trimmed+3,149,g,552893,268,0.0485
SARS-CoV2-5UTR-Amplicon-short-trimmed+3,150,t,552893,496,0.0897
SARS-CoV2-5UTR-Amplicon-short-trimmed+3,151,t,552895,463,0.0837
SARS-CoV2-5UTR-Amplicon-short-trimmed+3,152,t,552895,1172,0.212
SARS-CoV2-5UTR-Amplicon-short-trimmed+3,153,c,552895,761,0.1376
SARS-CoV2-5UTR-Amplicon-short-trimmed+3,154,g,552897,234,0.0423
SARS-CoV2-5UTR-Amplicon-short-trimmed+3,155,t,552897,904,0.1635
SARS-CoV2-5UTR-Amplicon-short-trimmed+3,156,c,552897,661,0.1196
SARS-CoV2-5UTR-Amplicon-short-trimmed+3,157,c,552896,851,0.1539
SARS-CoV2-5UTR-Amplicon-short-trimmed+3,158,g,552896,336,0.0608
SARS-CoV2-5UTR-Amplicon-short-trimmed+3,159,t,552896,3425,0.6195
SARS-CoV2-5UTR-Amplicon-short-trimmed+3,160,g,552896,256,0.0463
SARS-CoV2-5UTR-Amplicon-short-trimmed+3,161,t,552897,452,0.0818
SARS-CoV2-5UTR-Amplicon-short-trimmed+3,162,t,552897,1983,0.3587
SARS-CoV2-5UTR-Amplicon-short-trimmed+3,163,g,552897,294,0.0532
SARS-CoV2-5UTR-Amplicon-short-trimmed+3,164,c,552897,810,0.1465
SARS-CoV2-5UTR-Amplicon-short-trimmed+3,165,a,552898,594,0.1074
SARS-CoV2-5UTR-Amplicon-short-trimmed+3,166,g,552954,592,0.1071
SARS-CoV2-5UTR-Amplicon-short-trimmed+3,167,c,552956,841,0.1521
SARS-CoV2-5UTR-Amplicon-short-trimmed+3,168,c,552957,2972,0.5375
SARS-CoV2-5UTR-Amplicon-short-trimmed+3,169,g,552957,515,0.0931
SARS-CoV2-5UTR-Amplicon-short-trimmed+3,170,a,552957,464,0.0839
SARS-CoV2-5UTR-Amplicon-short-trimmed+3,171,t,552958,474,0.0857
SARS-CoV2-5UTR-Amplicon-short-trimmed+3,172,c,552958,349,0.0631
SARS-CoV2-5UTR-Amplicon-short-trimmed+3,173,a,552964,441,0.0798
SARS-CoV2-5UTR-Amplicon-short-trimmed+3,174,t,552964,340,0.0615
SARS-CoV2-5UTR-Amplicon-short-trimmed+3,175,c,552964,571,0.1033
SARS-CoV2-5UTR-Amplicon-short-trimmed+3,176,a,552964,637,0.1152
SARS-CoV2-5UTR-Amplicon-short-trimmed+3,177,g,552964,343,0.062
SARS-CoV2-5UTR-Amplicon-short-trimmed+3,178,c,552964,2863,0.5178
SARS-CoV2-5UTR-Amplicon-short-trimmed+3,179,a,552964,605,0.1094
SARS-CoV2-5UTR-Amplicon-short-trimmed+3,180,c,552964,436,0.0788
SARS-CoV2-5UTR-Amplicon-short-trimmed+3,181,a,552964,352,0.0637
SARS-CoV2-5UTR-Amplicon-short-trimmed+3,182,t,552964,309,0.0559
SARS-CoV2-5UTR-Amplicon-short-trimmed+3,183,c,552964,199,0.036
SARS-CoV2-5UTR-Amplicon-short-trimmed+3,184,t,552964,558,0.1009
SARS-CoV2-5UTR-Amplicon-short-trimmed+3,185,a,552963,628,0.1136
SARS-CoV2-5UTR-Amplicon-short-trimmed+3,186,g,552963,253,0.0458
SARS-CoV2-5UTR-Amplicon-short-trimmed+3,187,g,552963,261,0.0472
SARS-CoV2-5UTR-Amplicon-short-trimmed+3,188,t,552963,2082,0.3765
SARS-CoV2-5UTR-Amplicon-short-trimmed+3,189,t,552963,733,0.1326
SARS-CoV2-5UTR-Amplicon-short-trimmed+3,190,t,552963,1008,0.1823
SARS-CoV2-5UTR-Amplicon-short-trimmed+3,191,c,552963,564,0.102
SARS-CoV2-5UTR-Amplicon-short-trimmed+3,192,g,552960,159,0.0288
SARS-CoV2-5UTR-Amplicon-short-trimmed+3,193,t,552960,2552,0.4615
SARS-CoV2-5UTR-Amplicon-short-trimmed+3,194,c,552960,357,0.0646
SARS-CoV2-5UTR-Amplicon-short-trimmed+3,195,c,552960,640,0.1157
SARS-CoV2-5UTR-Amplicon-short-trimmed+3,196,g,552956,199,0.036
SARS-CoV2-5UTR-Amplicon-short-trimmed+3,197,g,552954,301,0.0544
SARS-CoV2-5UTR-Amplicon-short-trimmed+3,198,g,552954,2409,0.4357
SARS-CoV2-5UTR-Amplicon-short-trimmed+3,199,t,552954,731,0.1322
SARS-CoV2-5UTR-Amplicon-short-trimmed+3,200,g,552954,915,0.1655
SARS-CoV2-5UTR-Amplicon-short-trimmed+3,201,t,552954,1702,0.3078
SARS-CoV2-5UTR-Amplicon-short-trimmed+3,202,g,552954,430,0.0778
SARS-CoV2-5UTR-Amplicon-short-trimmed+3,203,a,552954,869,0.1572
SARS-CoV2-5UTR-Amplicon-short-trimmed+3,204,c,552954,317,0.0573
SARS-CoV2-5UTR-Amplicon-short-trimmed+3,205,c,552954,218,0.0394
SARS-CoV2-5UTR-Amplicon-short-trimmed+3,206,g,552954,296,0.0535
SARS-CoV2-5UTR-Amplicon-short-trimmed+3,207,a,552954,377,0.0682
SARS-CoV2-5UTR-Amplicon-short-trimmed+3,208,a,552954,235,0.0425
SARS-CoV2-5UTR-Amplicon-short-trimmed+3,209,a,552954,509,0.0921
SARS-CoV2-5UTR-Amplicon-short-trimmed+3,210,g,552953,162,0.0293
SARS-CoV2-5UTR-Amplicon-short-trimmed+3,211,g,552953,668,0.1208
SARS-CoV2-5UTR-Amplicon-short-trimmed+3,212,t,552953,418,0.0756
SARS-CoV2-5UTR-Amplicon-short-trimmed+3,213,a,552952,278,0.0503
SARS-CoV2-5UTR-Amplicon-short-trimmed+3,214,a,552952,335,0.0606
SARS-CoV2-5UTR-Amplicon-short-trimmed+3,215,g,552953,193,0.0349
SARS-CoV2-5UTR-Amplicon-short-trimmed+3,216,a,553008,252,0.0456
SARS-CoV2-5UTR-Amplicon-short-trimmed+3,217,t,553006,438,0.0792
SARS-CoV2-5UTR-Amplicon-short-trimmed+3,218,g,553006,289,0.0523
SARS-CoV2-5UTR-Amplicon-short-trimmed+3,219,g,553004,431,0.0779
SARS-CoV2-5UTR-Amplicon-short-trimmed+3,220,a,553003,1010,0.1826
SARS-CoV2-5UTR-Amplicon-short-trimmed+3,221,g,553003,818,0.1479
SARS-CoV2-5UTR-Amplicon-short-trimmed+3,222,a,552945,427,0.0772
SARS-CoV2-5UTR-Amplicon-short-trimmed+3,223,g,552945,416,0.0752
SARS-CoV2-5UTR-Amplicon-short-trimmed+3,224,c,552945,222,0.0401
SARS-CoV2-5UTR-Amplicon-short-trimmed+3,225,c,552945,216,0.0391
SARS-CoV2-5UTR-Amplicon-short-trimmed+3,226,t,552945,233,0.0421
SARS-CoV2-5UTR-Amplicon-short-trimmed+3,227,t,552944,2289,0.414
SARS-CoV2-5UTR-Amplicon-short-trimmed+3,228,g,552944,260,0.047
SARS-CoV2-5UTR-Amplicon-short-trimmed+3,229,t,552943,690,0.1248
SARS-CoV2-5UTR-Amplicon-short-trimmed+3,230,c,552943,1431,0.2588
SARS-CoV2-5UTR-Amplicon-short-trimmed+3,231,c,552943,185,0.0335
SARS-CoV2-5UTR-Amplicon-short-trimmed+3,232,c,552943,326,0.059
SARS-CoV2-5UTR-Amplicon-short-trimmed+3,233,t,552934,805,0.1456
SARS-CoV2-5UTR-Amplicon-short-trimmed+3,234,g,552934,253,0.0458
SARS-CoV2-5UTR-Amplicon-short-trimmed+3,235,g,552933,221,0.04
SARS-CoV2-5UTR-Amplicon-short-trimmed+3,236,t,552932,252,0.0456
SARS-CoV2-5UTR-Amplicon-short-trimmed+3,237,t,552930,356,0.0644
SARS-CoV2-5UTR-Amplicon-short-trimmed+3,238,t,552928,329,0.0595
SARS-CoV2-5UTR-Amplicon-short-trimmed+3,239,c,552919,3762,0.6804
SARS-CoV2-5UTR-Amplicon-short-trimmed+3,240,a,552900,389,0.0704
SARS-CoV2-5UTR-Amplicon-short-trimmed+3,241,a,552887,240,0.0434
SARS-CoV2-5UTR-Amplicon-short-trimmed+3,242,c,552877,314,0.0568
SARS-CoV2-5UTR-Amplicon-short-trimmed+3,243,g,552854,184,0.0333
SARS-CoV2-5UTR-Amplicon-short-trimmed+3,244,a,552776,642,0.1161
SARS-CoV2-5UTR-Amplicon-short-trimmed+3,245,g,552338,0,0
SARS-CoV2-5UTR-Amplicon-short-trimmed+3,246,g,552132,0,0
SARS-CoV2-5UTR-Amplicon-short-trimmed+3,247,G,551586,0,0
SARS-CoV2-5UTR-Amplicon-short-trimmed+3,248,A,551179,0,0
SARS-CoV2-5UTR-Amplicon-short-trimmed+3,249,G,551064,0,0
