Region,Position,Ref_base,Depth,Mut_count,Mut_percentage
SARS-CoV2-5UTR-Amplicon-short-trimmed+3,1,T,658590,0,0
SARS-CoV2-5UTR-Amplicon-short-trimmed+3,2,T,659018,0,0
SARS-CoV2-5UTR-Amplicon-short-trimmed+3,3,G,659168,0,0
SARS-CoV2-5UTR-Amplicon-short-trimmed+3,4,t,659669,0,0
SARS-CoV2-5UTR-Amplicon-short-trimmed+3,5,a,659839,0,0
SARS-CoV2-5UTR-Amplicon-short-trimmed+3,6,g,659999,446,0.0676
SARS-CoV2-5UTR-Amplicon-short-trimmed+3,7,a,660028,184,0.0279
SARS-CoV2-5UTR-Amplicon-short-trimmed+3,8,t,660036,155,0.0235
SARS-CoV2-5UTR-Amplicon-short-trimmed+3,9,c,660046,198,0.03
SARS-CoV2-5UTR-Amplicon-short-trimmed+3,10,t,660052,156,0.0236
SARS-CoV2-5UTR-Amplicon-short-trimmed+3,11,g,660056,1469,0.2226
SARS-CoV2-5UTR-Amplicon-short-trimmed+3,12,t,660070,195,0.0295
SARS-CoV2-5UTR-Amplicon-short-trimmed+3,13,t,660076,196,0.0297
SARS-CoV2-5UTR-Amplicon-short-trimmed+3,14,c,660079,158,0.0239
SARS-CoV2-5UTR-Amplicon-short-trimmed+3,15,t,660084,249,0.0377
SARS-CoV2-5UTR-Amplicon-short-trimmed+3,16,c,660085,426,0.0645
SARS-CoV2-5UTR-Amplicon-short-trimmed+3,17,t,660088,172,0.0261
SARS-CoV2-5UTR-Amplicon-short-trimmed+3,18,a,660094,335,0.0508
SARS-CoV2-5UTR-Amplicon-short-trimmed+3,19,a,660102,229,0.0347
SARS-CoV2-5UTR-Amplicon-short-trimmed+3,20,a,660139,200,0.0303
SARS-CoV2-5UTR-Amplicon-short-trimmed+3,21,c,660146,107,0.0162
SARS-CoV2-5UTR-Amplicon-short-trimmed+3,22,g,660154,214,0.0324
SARS-CoV2-5UTR-Amplicon-short-trimmed+3,23,a,660155,264,0.04
SARS-CoV2-5UTR-Amplicon-short-trimmed+3,24,a,660155,202,0.0306
SARS-CoV2-5UTR-Amplicon-short-trimmed+3,25,c,660157,11875,1.7988
SARS-CoV2-5UTR-Amplicon-short-trimmed+3,26,t,660158,571,0.0865
SARS-CoV2-5UTR-Amplicon-short-trimmed+3,27,t,660168,609,0.0922
SARS-CoV2-5UTR-Amplicon-short-trimmed+3,28,t,660173,1476,0.2236
SARS-CoV2-5UTR-Amplicon-short-trimmed+3,29,a,660173,565,0.0856
SARS-CoV2-5UTR-Amplicon-short-trimmed+3,30,a,660173,278,0.0421
SARS-CoV2-5UTR-Amplicon-short-trimmed+3,31,a,660161,294,0.0445
SARS-CoV2-5UTR-Amplicon-short-trimmed+3,32,a,660163,212,0.0321
SARS-CoV2-5UTR-Amplicon-short-trimmed+3,33,t,660164,1440,0.2181
SARS-CoV2-5UTR-Amplicon-short-trimmed+3,34,c,660164,262,0.0397
SARS-CoV2-5UTR-Amplicon-short-trimmed+3,35,t,660164,208,0.0315
SARS-CoV2-5UTR-Amplicon-short-trimmed+3,36,g,660164,294,0.0445
SARS-CoV2-5UTR-Amplicon-short-trimmed+3,37,t,660156,217,0.0329
SARS-CoV2-5UTR-Amplicon-short-trimmed+3,38,g,660156,147,0.0223
SARS-CoV2-5UTR-Amplicon-short-trimmed+3,39,t,660154,162,0.0245
SARS-CoV2-5UTR-Amplicon-short-trimmed+3,40,g,660154,218,0.033
SARS-CoV2-5UTR-Amplicon-short-trimmed+3,41,g,660154,345,0.0523
SARS-CoV2-5UTR-Amplicon-short-trimmed+3,42,c,660154,156,0.0236
SARS-CoV2-5UTR-Amplicon-short-trimmed+3,43,t,660153,523,0.0792
SARS-CoV2-5UTR-Amplicon-short-trimmed+3,44,g,660153,335,0.0507
SARS-CoV2-5UTR-Amplicon-short-trimmed+3,45,t,660152,429,0.065
SARS-CoV2-5UTR-Amplicon-short-trimmed+3,46,c,660152,107,0.0162
SARS-CoV2-5UTR-Amplicon-short-trimmed+3,47,a,660142,313,0.0474
SARS-CoV2-5UTR-Amplicon-short-trimmed+3,48,c,660142,129,0.0195
SARS-CoV2-5UTR-Amplicon-short-trimmed+3,49,t,660142,163,0.0247
SARS-CoV2-5UTR-Amplicon-short-trimmed+3,50,c,660139,130,0.0197
SARS-CoV2-5UTR-Amplicon-short-trimmed+3,51,g,660138,312,0.0473
SARS-CoV2-5UTR-Amplicon-short-trimmed+3,52,g,660138,657,0.0995
SARS-CoV2-5UTR-Amplicon-short-trimmed+3,53,c,660138,738,0.1118
SARS-CoV2-5UTR-Amplicon-short-trimmed+3,54,t,660138,368,0.0557
SARS-CoV2-5UTR-Amplicon-short-trimmed+3,55,g,660138,831,0.1259
SARS-CoV2-5UTR-Amplicon-short-trimmed+3,56,c,660138,273,0.0414
SARS-CoV2-5UTR-Amplicon-short-trimmed+3,57,g,660138,782,0.1185
SARS-CoV2-5UTR-Amplicon-short-trimmed+3,58,t,660138,272,0.0412
SARS-CoV2-5UTR-Amplicon-short-trimmed+3,59,g,660140,528,0.08
SARS-CoV2-5UTR-Amplicon-short-trimmed+3,60,c,660140,251,0.038
SARS-CoV2-5UTR-Amplicon-short-trimmed+3,61,t,660140,298,0.0451
SARS-CoV2-5UTR-Amplicon-short-trimmed+3,62,t,660140,352,0.0533
SARS-CoV2-5UTR-Amplicon-short-trimmed+3,63,a,660139,352,0.0533
SARS-CoV2-5UTR-Amplicon-short-trimmed+3,64,g,660139,180,0.0273
SARS-CoV2-5UTR-Amplicon-short-trimmed+3,65,t,660139,354,0.0536
SARS-CoV2-5UTR-Amplicon-short-trimmed+3,66,g,660139,521,0.0789
SARS-CoV2-5UTR-Amplicon-short-trimmed+3,67,c,660139,398,0.0603
SARS-CoV2-5UTR-Amplicon-short-trimmed+3,68,a,660139,386,0.0585
SARS-CoV2-5UTR-Amplicon-short-trimmed+3,69,c,660139,232,0.0351
SARS-CoV2-5UTR-Amplicon-short-trimmed+3,70,t,660139,292,0.0442
SARS-CoV2-5UTR-Amplicon-short-trimmed+3,71,c,660139,339,0.0514
SARS-CoV2-5UTR-Amplicon-short-trimmed+3,72,a,660139,394,0.0597
SARS-CoV2-5UTR-Amplicon-short-trimmed+3,73,c,660139,169,0.0256
SARS-CoV2-5UTR-Amplicon-short-trimmed+3,74,g,660139,403,0.061
SARS-CoV2-5UTR-Amplicon-short-trimmed+3,75,c,660139,859,0.1301
SARS-CoV2-5UTR-Amplicon-short-trimmed+3,76,a,660139,444,0.0673
SARS-CoV2-5UTR-Amplicon-short-trimmed+3,77,g,660139,421,0.0638
SARS-CoV2-5UTR-Amplicon-short-trimmed+3,78,t,660139,398,0.0603
SARS-CoV2-5UTR-Amplicon-short-trimmed+3,79,a,660139,459,0.0695
SARS-CoV2-5UTR-Amplicon-short-trimmed+3,80,t,660142,186,0.0282
SARS-CoV2-5UTR-Amplicon-short-trimmed+3,81,a,660137,301,0.0456
SARS-CoV2-5UTR-Amplicon-short-trimmed+3,82,a,660133,629,0.0953
SARS-CoV2-5UTR-Amplicon-short-trimmed+3,83,t,660139,279,0.0423
SARS-CoV2-5UTR-Amplicon-short-trimmed+3,84,t,660141,670,0.1015
SARS-CoV2-5UTR-Amplicon-short-trimmed+3,85,a,660111,503,0.0762
SARS-CoV2-5UTR-Amplicon-short-trimmed+3,86,a,660107,362,0.0548
SARS-CoV2-5UTR-Amplicon-short-trimmed+3,87,t,660123,281,0.0426
SARS-CoV2-5UTR-Amplicon-short-trimmed+3,88,a,660097,359,0.0544
SARS-CoV2-5UTR-Amplicon-short-trimmed+3,89,a,660097,1838,0.2784
SARS-CoV2-5UTR-Amplicon-short-trimmed+3,90,c,660104,314,0.0476
SARS-CoV2-5UTR-Amplicon-short-trimmed+3,91,t,660102,356,0.0539
SARS-CoV2-5UTR-Amplicon-short-trimmed+3,92,a,660102,308,0.0467
SARS-CoV2-5UTR-Amplicon-short-trimmed+3,93,a,660102,338,0.0512
SARS-CoV2-5UTR-Amplicon-short-trimmed+3,94,t,660096,269,0.0408
SARS-CoV2-5UTR-Amplicon-short-trimmed+3,95,t,660102,494,0.0748
SARS-CoV2-5UTR-Amplicon-short-trimmed+3,96,a,660102,295,0.0447
SARS-CoV2-5UTR-Amplicon-short-trimmed+3,97,c,660102,121,0.0183
SARS-CoV2-5UTR-Amplicon-short-trimmed+3,98,t,660102,311,0.0471
SARS-CoV2-5UTR-Amplicon-short-trimmed+3,99,g,660102,317,0.048
SARS-CoV2-5UTR-Amplicon-short-trimmed+3,100,t,660102,356,0.0539
SARS-CoV2-5UTR-Amplicon-short-trimmed+3,101,c,660103,172,0.0261
SARS-CoV2-5UTR-Amplicon-short-trimmed+3,102,g,660122,359,0.0544
SARS-CoV2-5UTR-Amplicon-short-trimmed+3,103,t,660124,374,0.0567
SARS-CoV2-5UTR-Amplicon-short-trimmed+3,104,t,660129,543,0.0823
SARS-CoV2-5UTR-Amplicon-short-trimmed+3,105,g,660132,340,0.0515
SARS-CoV2-5UTR-Amplicon-short-trimmed+3,106,a,660145,413,0.0626
SARS-CoV2-5UTR-Amplicon-short-trimmed+3,107,c,660150,394,0.0597
SARS-CoV2-5UTR-Amplicon-short-trimmed+3,108,a,660168,454,0.0688
SARS-CoV2-5UTR-Amplicon-short-trimmed+3,109,g,660210,287,0.0435
SARS-CoV2-5UTR-Amplicon-short-trimmed+3,110,g,660308,630,0.0954
SARS-CoV2-5UTR-Amplicon-short-trimmed+3,111,a,660664,331,0.0501
SARS-CoV2-5UTR-Amplicon-short-trimmed+3,112,c,660985,345,0.0522
SARS-CoV2-5UTR-Amplicon-short-trimmed+3,113,a,661681,789,0.1192
SARS-CoV2-5UTR-Amplicon-short-trimmed+3,114,c,663369,380,0.0573
SARS-CoV2-5UTR-Amplicon-short-trimmed+3,115,g,669079,251,0.0375
SARS-CoV2-5UTR-Amplicon-short-trimmed+3,116,a,705914,497,0.0704
SARS-CoV2-5UTR-Amplicon-short-trimmed+3,117,g,1314622,639,0.0486
SARS-CoV2-5UTR-Amplicon-short-trimmed+3,118,t,1317774,1864,0.1415
SARS-CoV2-5UTR-Amplicon-short-trimmed+3,119,a,1317801,2471,0.1875
SARS-CoV2-5UTR-Amplicon-short-trimmed+3,120,a,1317894,1610,0.1222
SARS-CoV2-5UTR-Amplicon-short-trimmed+3,121,c,1319305,1197,0.0907
SARS-CoV2-5UTR-Amplicon-short-trimmed+3,122,t,1319821,1917,0.1452
SARS-CoV2-5UTR-Amplicon-short-trimmed+3,123,c,1320195,1264,0.0957
SARS-CoV2-5UTR-Amplicon-short-trimmed+3,124,g,1320415,1157,0.0876
SARS-CoV2-5UTR-Amplicon-short-trimmed+3,125,t,1320721,2178,0.1649
SARS-CoV2-5UTR-Amplicon-short-trimmed+3,126,c,1320724,1177,0.0891
SARS-CoV2-5UTR-Amplicon-short-trimmed+3,127,t,1320644,672,0.0509
SARS-CoV2-5UTR-Amplicon-short-trimmed+3,128,a,1320370,2039,0.1544
SARS-CoV2-5UTR-Amplicon-short-trimmed+3,129,t,1319884,3828,0.29
SARS-CoV2-5UTR-Amplicon-short-trimmed+3,130,c,1319884,508,0.0385
SARS-CoV2-5UTR-Amplicon-short-trimmed+3,131,t,1319857,1046,0.0793
SARS-CoV2-5UTR-Amplicon-short-trimmed+3,132,t,1314369,1057,0.0804
SARS-CoV2-5UTR-Amplicon-short-trimmed+3,133,c,722392,822,0.1138
SARS-CoV2-5UTR-Amplicon-short-trimmed+3,134,t,669829,894,0.1335
SARS-CoV2-5UTR-Amplicon-short-trimmed+3,135,g,663672,557,0.0839
SARS-CoV2-5UTR-Amplicon-short-trimmed+3,136,c,662166,2438,0.3682
SARS-CoV2-5UTR-Amplicon-short-trimmed+3,137,a,661838,862,0.1302
SARS-CoV2-5UTR-Amplicon-short-trimmed+3,138,g,661533,477,0.0721
SARS-CoV2-5UTR-Amplicon-short-trimmed+3,139,g,661343,659,0.0996
SARS-CoV2-5UTR-Amplicon-short-trimmed+3,140,c,661216,795,0.1202
SARS-CoV2-5UTR-Amplicon-short-trimmed+3,141,t,661162,1535,0.2322
SARS-CoV2-5UTR-Amplicon-short-trimmed+3,142,g,661133,1152,0.1742
SARS-CoV2-5UTR-Amplicon-short-trimmed+3,143,c,661125,3073,0.4648
SARS-CoV2-5UTR-Amplicon-short-trimmed+3,144,t,661081,415,0.0628
SARS-CoV2-5UTR-Amplicon-short-trimmed+3,145,t,661070,999,0.1511
SARS-CoV2-5UTR-Amplicon-short-trimmed+3,146,a,661030,2522,0.3815
SARS-CoV2-5UTR-Amplicon-short-trimmed+3,147,c,661029,664,0.1004
SARS-CoV2-5UTR-Amplicon-short-trimmed+3,148,g,661016,385,0.0582
SARS-CoV2-5UTR-Amplicon-short-trimmed+3,149,g,661005,485,0.0734
SARS-CoV2-5UTR-Amplicon-short-trimmed+3,150,t,661004,612,0.0926
SARS-CoV2-5UTR-Amplicon-short-trimmed+3,151,t,661002,639,0.0967
SARS-CoV2-5UTR-Amplicon-short-trimmed+3,152,t,661002,1637,0.2477
SARS-CoV2-5UTR-Amplicon-short-trimmed+3,153,c,661002,877,0.1327
SARS-CoV2-5UTR-Amplicon-short-trimmed+3,154,g,661003,349,0.0528
SARS-CoV2-5UTR-Amplicon-short-trimmed+3,155,t,661003,1218,0.1843
SARS-CoV2-5UTR-Amplicon-short-trimmed+3,156,c,661003,778,0.1177
SARS-CoV2-5UTR-Amplicon-short-trimmed+3,157,c,661003,992,0.1501
SARS-CoV2-5UTR-Amplicon-short-trimmed+3,158,g,661002,467,0.0707
SARS-CoV2-5UTR-Amplicon-short-trimmed+3,159,t,661001,4580,0.6929
SARS-CoV2-5UTR-Amplicon-short-trimmed+3,160,g,661002,336,0.0508
SARS-CoV2-5UTR-Amplicon-short-trimmed+3,161,t,661002,650,0.0983
SARS-CoV2-5UTR-Amplicon-short-trimmed+3,162,t,661002,2345,0.3548
SARS-CoV2-5UTR-Amplicon-short-trimmed+3,163,g,661004,400,0.0605
SARS-CoV2-5UTR-Amplicon-short-trimmed+3,164,c,661004,1064,0.161
SARS-CoV2-5UTR-Amplicon-short-trimmed+3,165,a,661008,766,0.1159
SARS-CoV2-5UTR-Amplicon-short-trimmed+3,166,g,661057,697,0.1054
SARS-CoV2-5UTR-Amplicon-short-trimmed+3,167,c,661057,1139,0.1723
SARS-CoV2-5UTR-Amplicon-short-trimmed+3,168,c,661057,3396,0.5137
SARS-CoV2-5UTR-Amplicon-short-trimmed+3,169,g,661057,588,0.0889
SARS-CoV2-5UTR-Amplicon-short-trimmed+3,170,a,661057,632,0.0956
SARS-CoV2-5UTR-Amplicon-short-trimmed+3,171,t,661057,621,0.0939
SARS-CoV2-5UTR-Amplicon-short-trimmed+3,172,c,661057,513,0.0776
SARS-CoV2-5UTR-Amplicon-short-trimmed+3,173,a,661057,565,0.0855
SARS-CoV2-5UTR-Amplicon-short-trimmed+3,174,t,661057,481,0.0728
SARS-CoV2-5UTR-Amplicon-short-trimmed+3,175,c,661057,677,0.1024
SARS-CoV2-5UTR-Amplicon-short-trimmed+3,176,a,661057,816,0.1234
SARS-CoV2-5UTR-Amplicon-short-trimmed+3,177,g,661057,449,0.0679
SARS-CoV2-5UTR-Amplicon-short-trimmed+3,178,c,661057,3846,0.5818
SARS-CoV2-5UTR-Amplicon-short-trimmed+3,179,a,661057,812,0.1228
SARS-CoV2-5UTR-Amplicon-short-trimmed+3,180,c,661057,512,0.0775
SARS-CoV2-5UTR-Amplicon-short-trimmed+3,181,a,661057,453,0.0685
SARS-CoV2-5UTR-Amplicon-short-trimmed+3,182,t,661057,427,0.0646
SARS-CoV2-5UTR-Amplicon-short-trimmed+3,183,c,661057,235,0.0355
SARS-CoV2-5UTR-Amplicon-short-trimmed+3,184,t,661057,686,0.1038
SARS-CoV2-5UTR-Amplicon-short-trimmed+3,185,a,661057,773,0.1169
SARS-CoV2-5UTR-Amplicon-short-trimmed+3,186,g,661057,309,0.0467
SARS-CoV2-5UTR-Amplicon-short-trimmed+3,187,g,661057,347,0.0525
SARS-CoV2-5UTR-Amplicon-short-trimmed+3,188,t,661057,2512,0.38
SARS-CoV2-5UTR-Amplicon-short-trimmed+3,189,t,661051,974,0.1473
SARS-CoV2-5UTR-Amplicon-short-trimmed+3,190,t,661051,1382,0.2091
SARS-CoV2-5UTR-Amplicon-short-trimmed+3,191,c,661051,601,0.0909
SARS-CoV2-5UTR-Amplicon-short-trimmed+3,192,g,661049,199,0.0301
SARS-CoV2-5UTR-Amplicon-short-trimmed+3,193,t,661048,3581,0.5417
SARS-CoV2-5UTR-Amplicon-short-trimmed+3,194,c,661050,492,0.0744
SARS-CoV2-5UTR-Amplicon-short-trimmed+3,195,c,661050,714,0.108
SARS-CoV2-5UTR-Amplicon-short-trimmed+3,196,g,661048,266,0.0402
SARS-CoV2-5UTR-Amplicon-short-trimmed+3,197,g,661048,346,0.0523
SARS-CoV2-5UTR-Amplicon-short-trimmed+3,198,g,661048,2826,0.4275
SARS-CoV2-5UTR-Amplicon-short-trimmed+3,199,t,661048,970,0.1467
SARS-CoV2-5UTR-Amplicon-short-trimmed+3,200,g,661046,1034,0.1564
SARS-CoV2-5UTR-Amplicon-short-trimmed+3,201,t,661043,2250,0.3404
SARS-CoV2-5UTR-Amplicon-short-trimmed+3,202,g,661042,560,0.0847
SARS-CoV2-5UTR-Amplicon-short-trimmed+3,203,a,661032,1260,0.1906
SARS-CoV2-5UTR-Amplicon-short-trimmed+3,204,c,661030,409,0.0619
SARS-CoV2-5UTR-Amplicon-short-trimmed+3,205,c,661030,285,0.0431
SARS-CoV2-5UTR-Amplicon-short-trimmed+3,206,g,661027,338,0.0511
SARS-CoV2-5UTR-Amplicon-short-trimmed+3,207,a,661018,415,0.0628
SARS-CoV2-5UTR-Amplicon-short-trimmed+3,208,a,661017,296,0.0448
SARS-CoV2-5UTR-Amplicon-short-trimmed+3,209,a,661017,633,0.0958
SARS-CoV2-5UTR-Amplicon-short-trimmed+3,210,g,661017,189,0.0286
SARS-CoV2-5UTR-Amplicon-short-trimmed+3,211,g,661011,948,0.1434
SARS-CoV2-5UTR-Amplicon-short-trimmed+3,212,t,661008,559,0.0846
SARS-CoV2-5UTR-Amplicon-short-trimmed+3,213,a,661008,382,0.0578
SARS-CoV2-5UTR-Amplicon-short-trimmed+3,214,a,661008,498,0.0753
SARS-CoV2-5UTR-Amplicon-short-trimmed+3,215,g,661009,209,0.0316
SARS-CoV2-5UTR-Amplicon-short-trimmed+3,216,a,661060,300,0.0454
SARS-CoV2-5UTR-Amplicon-short-trimmed+3,217,t,661059,567,0.0858
SARS-CoV2-5UTR-Amplicon-short-trimmed+3,218,g,661059,255,0.0386
SARS-CoV2-5UTR-Amplicon-short-trimmed+3,219,g,661057,464,0.0702
SARS-CoV2-5UTR-Amplicon-short-trimmed+3,220,a,661056,1074,0.1625
SARS-CoV2-5UTR-Amplicon-short-trimmed+3,221,g,661055,851,0.1287
SARS-CoV2-5UTR-Amplicon-short-trimmed+3,222,a,661005,465,0.0703
SARS-CoV2-5UTR-Amplicon-short-trimmed+3,223,g,661005,414,0.0626
SARS-CoV2-5UTR-Amplicon-short-trimmed+3,224,c,661005,309,0.0467
SARS-CoV2-5UTR-Amplicon-short-trimmed+3,225,c,661005,291,0.044
SARS-CoV2-5UTR-Amplicon-short-trimmed+3,226,t,661005,309,0.0467
SARS-CoV2-5UTR-Amplicon-short-trimmed+3,227,t,661004,2839,0.4295
SARS-CoV2-5UTR-Amplicon-short-trimmed+3,228,g,661004,268,0.0405
SARS-CoV2-5UTR-Amplicon-short-trimmed+3,229,t,661003,890,0.1346
SARS-CoV2-5UTR-Amplicon-short-trimmed+3,230,c,661003,1635,0.2474
SARS-CoV2-5UTR-Amplicon-short-trimmed+3,231,c,661003,269,0.0407
SARS-CoV2-5UTR-Amplicon-short-trimmed+3,232,c,661003,319,0.0483
SARS-CoV2-5UTR-Amplicon-short-trimmed+3,233,t,661003,990,0.1498
SARS-CoV2-5UTR-Amplicon-short-trimmed+3,234,g,661000,281,0.0425
SARS-CoV2-5UTR-Amplicon-short-trimmed+3,235,g,660999,297,0.0449
SARS-CoV2-5UTR-Amplicon-short-trimmed+3,236,t,660997,294,0.0445
SARS-CoV2-5UTR-Amplicon-short-trimmed+3,237,t,660995,494,0.0747
SARS-CoV2-5UTR-Amplicon-short-trimmed+3,238,t,660990,466,0.0705
SARS-CoV2-5UTR-Amplicon-short-trimmed+3,239,c,660976,4479,0.6776
SARS-CoV2-5UTR-Amplicon-short-trimmed+3,240,a,660947,506,0.0766
SARS-CoV2-5UTR-Amplicon-short-trimmed+3,241,a,660934,361,0.0546
SARS-CoV2-5UTR-Amplicon-short-trimmed+3,242,c,660911,397,0.0601
SARS-CoV2-5UTR-Amplicon-short-trimmed+3,243,g,660895,231,0.035
SARS-CoV2-5UTR-Amplicon-short-trimmed+3,244,a,660828,692,0.1047
SARS-CoV2-5UTR-Amplicon-short-trimmed+3,245,g,660448,0,0
SARS-CoV2-5UTR-Amplicon-short-trimmed+3,246,g,660255,0,0
SARS-CoV2-5UTR-Amplicon-short-trimmed+3,247,G,659717,0,0
SARS-CoV2-5UTR-Amplicon-short-trimmed+3,248,A,659271,0,0
SARS-CoV2-5UTR-Amplicon-short-trimmed+3,249,G,659132,0,0
