Region,Position,Ref_base,Depth,Mut_count,Mut_percentage
SARS-CoV2-5UTR-Amplicon-short-trimmed+3,1,T,943013,0,0
SARS-CoV2-5UTR-Amplicon-short-trimmed+3,2,T,943904,0,0
SARS-CoV2-5UTR-Amplicon-short-trimmed+3,3,G,944619,0,0
SARS-CoV2-5UTR-Amplicon-short-trimmed+3,4,t,946229,0,0
SARS-CoV2-5UTR-Amplicon-short-trimmed+3,5,a,946755,0,0
SARS-CoV2-5UTR-Amplicon-short-trimmed+3,6,g,947244,1017,0.1074
SARS-CoV2-5UTR-Amplicon-short-trimmed+3,7,a,947368,670,0.0707
SARS-CoV2-5UTR-Amplicon-short-trimmed+3,8,t,947376,868,0.0916
SARS-CoV2-5UTR-Amplicon-short-trimmed+3,9,c,947398,3019,0.3187
SARS-CoV2-5UTR-Amplicon-short-trimmed+3,10,t,948453,764,0.0806
SARS-CoV2-5UTR-Amplicon-short-trimmed+3,11,g,948461,3283,0.3461
SARS-CoV2-5UTR-Amplicon-short-trimmed+3,12,t,948474,1079,0.1138
SARS-CoV2-5UTR-Amplicon-short-trimmed+3,13,t,948510,991,0.1045
SARS-CoV2-5UTR-Amplicon-short-trimmed+3,14,c,948511,5122,0.54
SARS-CoV2-5UTR-Amplicon-short-trimmed+3,15,t,948515,941,0.0992
SARS-CoV2-5UTR-Amplicon-short-trimmed+3,16,c,948518,4778,0.5037
SARS-CoV2-5UTR-Amplicon-short-trimmed+3,17,t,948519,919,0.0969
SARS-CoV2-5UTR-Amplicon-short-trimmed+3,18,a,948520,786,0.0829
SARS-CoV2-5UTR-Amplicon-short-trimmed+3,19,a,948528,542,0.0571
SARS-CoV2-5UTR-Amplicon-short-trimmed+3,20,a,948585,761,0.0802
SARS-CoV2-5UTR-Amplicon-short-trimmed+3,21,c,948586,4642,0.4894
SARS-CoV2-5UTR-Amplicon-short-trimmed+3,22,g,948586,810,0.0854
SARS-CoV2-5UTR-Amplicon-short-trimmed+3,23,a,948586,710,0.0748
SARS-CoV2-5UTR-Amplicon-short-trimmed+3,24,a,948586,393,0.0414
SARS-CoV2-5UTR-Amplicon-short-trimmed+3,25,c,948586,11927,1.2573
SARS-CoV2-5UTR-Amplicon-short-trimmed+3,26,t,948586,1192,0.1257
SARS-CoV2-5UTR-Amplicon-short-trimmed+3,27,t,948590,1034,0.109
SARS-CoV2-5UTR-Amplicon-short-trimmed+3,28,t,948611,2963,0.3124
SARS-CoV2-5UTR-Amplicon-short-trimmed+3,29,a,948611,1148,0.121
SARS-CoV2-5UTR-Amplicon-short-trimmed+3,30,a,948611,582,0.0614
SARS-CoV2-5UTR-Amplicon-short-trimmed+3,31,a,948573,599,0.0631
SARS-CoV2-5UTR-Amplicon-short-trimmed+3,32,a,948573,668,0.0704
SARS-CoV2-5UTR-Amplicon-short-trimmed+3,33,t,948580,4158,0.4383
SARS-CoV2-5UTR-Amplicon-short-trimmed+3,34,c,948581,4340,0.4575
SARS-CoV2-5UTR-Amplicon-short-trimmed+3,35,t,948581,1238,0.1305
SARS-CoV2-5UTR-Amplicon-short-trimmed+3,36,g,948563,3047,0.3212
SARS-CoV2-5UTR-Amplicon-short-trimmed+3,37,t,948561,966,0.1018
SARS-CoV2-5UTR-Amplicon-short-trimmed+3,38,g,948561,1836,0.1936
SARS-CoV2-5UTR-Amplicon-short-trimmed+3,39,t,948561,1049,0.1106
SARS-CoV2-5UTR-Amplicon-short-trimmed+3,40,g,948561,1702,0.1794
SARS-CoV2-5UTR-Amplicon-short-trimmed+3,41,g,948561,1166,0.1229
SARS-CoV2-5UTR-Amplicon-short-trimmed+3,42,c,948561,4083,0.4304
SARS-CoV2-5UTR-Amplicon-short-trimmed+3,43,t,948561,1264,0.1333
SARS-CoV2-5UTR-Amplicon-short-trimmed+3,44,g,948561,1754,0.1849
SARS-CoV2-5UTR-Amplicon-short-trimmed+3,45,t,948561,1567,0.1652
SARS-CoV2-5UTR-Amplicon-short-trimmed+3,46,c,948561,3606,0.3802
SARS-CoV2-5UTR-Amplicon-short-trimmed+3,47,a,948560,1132,0.1193
SARS-CoV2-5UTR-Amplicon-short-trimmed+3,48,c,948560,4762,0.502
SARS-CoV2-5UTR-Amplicon-short-trimmed+3,49,t,948577,992,0.1046
SARS-CoV2-5UTR-Amplicon-short-trimmed+3,50,c,948577,5878,0.6197
SARS-CoV2-5UTR-Amplicon-short-trimmed+3,51,g,948577,1920,0.2024
SARS-CoV2-5UTR-Amplicon-short-trimmed+3,52,g,948577,1664,0.1754
SARS-CoV2-5UTR-Amplicon-short-trimmed+3,53,c,948577,3006,0.3169
SARS-CoV2-5UTR-Amplicon-short-trimmed+3,54,t,948577,1131,0.1192
SARS-CoV2-5UTR-Amplicon-short-trimmed+3,55,g,948577,1677,0.1768
SARS-CoV2-5UTR-Amplicon-short-trimmed+3,56,c,948577,3280,0.3458
SARS-CoV2-5UTR-Amplicon-short-trimmed+3,57,g,948577,1413,0.149
SARS-CoV2-5UTR-Amplicon-short-trimmed+3,58,t,948577,950,0.1002
SARS-CoV2-5UTR-Amplicon-short-trimmed+3,59,g,948577,1502,0.1583
SARS-CoV2-5UTR-Amplicon-short-trimmed+3,60,c,948577,4558,0.4805
SARS-CoV2-5UTR-Amplicon-short-trimmed+3,61,t,948577,1596,0.1683
SARS-CoV2-5UTR-Amplicon-short-trimmed+3,62,t,948577,1374,0.1448
SARS-CoV2-5UTR-Amplicon-short-trimmed+3,63,a,948594,1730,0.1824
SARS-CoV2-5UTR-Amplicon-short-trimmed+3,64,g,948578,1655,0.1745
SARS-CoV2-5UTR-Amplicon-short-trimmed+3,65,t,948578,1563,0.1648
SARS-CoV2-5UTR-Amplicon-short-trimmed+3,66,g,948578,1820,0.1919
SARS-CoV2-5UTR-Amplicon-short-trimmed+3,67,c,948578,3245,0.3421
SARS-CoV2-5UTR-Amplicon-short-trimmed+3,68,a,948578,1474,0.1554
SARS-CoV2-5UTR-Amplicon-short-trimmed+3,69,c,948578,4201,0.4429
SARS-CoV2-5UTR-Amplicon-short-trimmed+3,70,t,948576,944,0.0995
SARS-CoV2-5UTR-Amplicon-short-trimmed+3,71,c,948576,808,0.0852
SARS-CoV2-5UTR-Amplicon-short-trimmed+3,72,a,948576,1052,0.1109
SARS-CoV2-5UTR-Amplicon-short-trimmed+3,73,c,948576,3095,0.3263
SARS-CoV2-5UTR-Amplicon-short-trimmed+3,74,g,948576,876,0.0923
SARS-CoV2-5UTR-Amplicon-short-trimmed+3,75,c,948576,3720,0.3922
SARS-CoV2-5UTR-Amplicon-short-trimmed+3,76,a,948576,1172,0.1236
SARS-CoV2-5UTR-Amplicon-short-trimmed+3,77,g,948575,1178,0.1242
SARS-CoV2-5UTR-Amplicon-short-trimmed+3,78,t,948574,661,0.0697
SARS-CoV2-5UTR-Amplicon-short-trimmed+3,79,a,948573,1326,0.1398
SARS-CoV2-5UTR-Amplicon-short-trimmed+3,80,t,948582,690,0.0727
SARS-CoV2-5UTR-Amplicon-short-trimmed+3,81,a,948580,730,0.077
SARS-CoV2-5UTR-Amplicon-short-trimmed+3,82,a,948580,1724,0.1817
SARS-CoV2-5UTR-Amplicon-short-trimmed+3,83,t,948578,947,0.0998
SARS-CoV2-5UTR-Amplicon-short-trimmed+3,84,t,948592,1189,0.1253
SARS-CoV2-5UTR-Amplicon-short-trimmed+3,85,a,948571,838,0.0883
SARS-CoV2-5UTR-Amplicon-short-trimmed+3,86,a,948585,1060,0.1117
SARS-CoV2-5UTR-Amplicon-short-trimmed+3,87,t,948586,667,0.0703
SARS-CoV2-5UTR-Amplicon-short-trimmed+3,88,a,948592,635,0.0669
SARS-CoV2-5UTR-Amplicon-short-trimmed+3,89,a,948683,3085,0.3252
SARS-CoV2-5UTR-Amplicon-short-trimmed+3,90,c,948683,4169,0.4395
SARS-CoV2-5UTR-Amplicon-short-trimmed+3,91,t,948726,851,0.0897
SARS-CoV2-5UTR-Amplicon-short-trimmed+3,92,a,948719,920,0.097
SARS-CoV2-5UTR-Amplicon-short-trimmed+3,93,a,948720,1115,0.1175
SARS-CoV2-5UTR-Amplicon-short-trimmed+3,94,t,948719,844,0.089
SARS-CoV2-5UTR-Amplicon-short-trimmed+3,95,t,948718,894,0.0942
SARS-CoV2-5UTR-Amplicon-short-trimmed+3,96,a,948717,722,0.0761
SARS-CoV2-5UTR-Amplicon-short-trimmed+3,97,c,948717,3659,0.3857
SARS-CoV2-5UTR-Amplicon-short-trimmed+3,98,t,948716,892,0.094
SARS-CoV2-5UTR-Amplicon-short-trimmed+3,99,g,948714,1810,0.1908
SARS-CoV2-5UTR-Amplicon-short-trimmed+3,100,t,948714,1374,0.1448
SARS-CoV2-5UTR-Amplicon-short-trimmed+3,101,c,948712,4319,0.4552
SARS-CoV2-5UTR-Amplicon-short-trimmed+3,102,g,948701,2500,0.2635
SARS-CoV2-5UTR-Amplicon-short-trimmed+3,103,t,948707,859,0.0905
SARS-CoV2-5UTR-Amplicon-short-trimmed+3,104,t,948710,1235,0.1302
SARS-CoV2-5UTR-Amplicon-short-trimmed+3,105,g,948745,898,0.0947
SARS-CoV2-5UTR-Amplicon-short-trimmed+3,106,a,948774,1044,0.11
SARS-CoV2-5UTR-Amplicon-short-trimmed+3,107,c,948831,2813,0.2965
SARS-CoV2-5UTR-Amplicon-short-trimmed+3,108,a,948856,1327,0.1399
SARS-CoV2-5UTR-Amplicon-short-trimmed+3,109,g,948961,1402,0.1477
SARS-CoV2-5UTR-Amplicon-short-trimmed+3,110,g,949152,1414,0.149
SARS-CoV2-5UTR-Amplicon-short-trimmed+3,111,a,949597,1026,0.108
SARS-CoV2-5UTR-Amplicon-short-trimmed+3,112,c,950249,4331,0.4558
SARS-CoV2-5UTR-Amplicon-short-trimmed+3,113,a,951647,1225,0.1287
SARS-CoV2-5UTR-Amplicon-short-trimmed+3,114,c,955093,4275,0.4476
SARS-CoV2-5UTR-Amplicon-short-trimmed+3,115,g,969312,1259,0.1299
SARS-CoV2-5UTR-Amplicon-short-trimmed+3,116,a,1026444,1895,0.1846
SARS-CoV2-5UTR-Amplicon-short-trimmed+3,117,g,1887574,3131,0.1659
SARS-CoV2-5UTR-Amplicon-short-trimmed+3,118,t,1891925,3433,0.1815
SARS-CoV2-5UTR-Amplicon-short-trimmed+3,119,a,1892028,4586,0.2424
SARS-CoV2-5UTR-Amplicon-short-trimmed+3,120,a,1892278,3818,0.2018
SARS-CoV2-5UTR-Amplicon-short-trimmed+3,121,c,1894632,8852,0.4672
SARS-CoV2-5UTR-Amplicon-short-trimmed+3,122,t,1895749,4250,0.2242
SARS-CoV2-5UTR-Amplicon-short-trimmed+3,123,c,1896553,11472,0.6049
SARS-CoV2-5UTR-Amplicon-short-trimmed+3,124,g,1896988,4576,0.2412
SARS-CoV2-5UTR-Amplicon-short-trimmed+3,125,t,1897598,5522,0.291
SARS-CoV2-5UTR-Amplicon-short-trimmed+3,126,c,1897733,11656,0.6142
SARS-CoV2-5UTR-Amplicon-short-trimmed+3,127,t,1897710,1541,0.0812
SARS-CoV2-5UTR-Amplicon-short-trimmed+3,128,a,1897298,4842,0.2552
SARS-CoV2-5UTR-Amplicon-short-trimmed+3,129,t,1896886,9526,0.5022
SARS-CoV2-5UTR-Amplicon-short-trimmed+3,130,c,1896337,11733,0.6187
SARS-CoV2-5UTR-Amplicon-short-trimmed+3,131,t,1896324,2889,0.1523
SARS-CoV2-5UTR-Amplicon-short-trimmed+3,132,t,1889177,4119,0.218
SARS-CoV2-5UTR-Amplicon-short-trimmed+3,133,c,1047704,7063,0.6741
SARS-CoV2-5UTR-Amplicon-short-trimmed+3,134,t,966593,2160,0.2235
SARS-CoV2-5UTR-Amplicon-short-trimmed+3,135,g,954952,2161,0.2263
SARS-CoV2-5UTR-Amplicon-short-trimmed+3,136,c,952254,8729,0.9167
SARS-CoV2-5UTR-Amplicon-short-trimmed+3,137,a,951838,2033,0.2136
SARS-CoV2-5UTR-Amplicon-short-trimmed+3,138,g,951291,1395,0.1466
SARS-CoV2-5UTR-Amplicon-short-trimmed+3,139,g,951030,1514,0.1592
SARS-CoV2-5UTR-Amplicon-short-trimmed+3,140,c,950790,1792,0.1885
SARS-CoV2-5UTR-Amplicon-short-trimmed+3,141,t,950688,3407,0.3584
SARS-CoV2-5UTR-Amplicon-short-trimmed+3,142,g,950626,2343,0.2465
SARS-CoV2-5UTR-Amplicon-short-trimmed+3,143,c,950578,4760,0.5007
SARS-CoV2-5UTR-Amplicon-short-trimmed+3,144,t,950426,972,0.1023
SARS-CoV2-5UTR-Amplicon-short-trimmed+3,145,t,950399,2288,0.2407
SARS-CoV2-5UTR-Amplicon-short-trimmed+3,146,a,950352,4248,0.447
SARS-CoV2-5UTR-Amplicon-short-trimmed+3,147,c,950341,1956,0.2058
SARS-CoV2-5UTR-Amplicon-short-trimmed+3,148,g,950332,1245,0.131
SARS-CoV2-5UTR-Amplicon-short-trimmed+3,149,g,950310,1517,0.1596
SARS-CoV2-5UTR-Amplicon-short-trimmed+3,150,t,950301,1887,0.1986
SARS-CoV2-5UTR-Amplicon-short-trimmed+3,151,t,950305,1881,0.1979
SARS-CoV2-5UTR-Amplicon-short-trimmed+3,152,t,950311,4349,0.4576
SARS-CoV2-5UTR-Amplicon-short-trimmed+3,153,c,950308,7190,0.7566
SARS-CoV2-5UTR-Amplicon-short-trimmed+3,154,g,950318,1519,0.1598
SARS-CoV2-5UTR-Amplicon-short-trimmed+3,155,t,950323,2917,0.3069
SARS-CoV2-5UTR-Amplicon-short-trimmed+3,156,c,950324,1791,0.1885
SARS-CoV2-5UTR-Amplicon-short-trimmed+3,157,c,950323,2469,0.2598
SARS-CoV2-5UTR-Amplicon-short-trimmed+3,158,g,950093,1062,0.1118
SARS-CoV2-5UTR-Amplicon-short-trimmed+3,159,t,950049,9537,1.0038
SARS-CoV2-5UTR-Amplicon-short-trimmed+3,160,g,950046,1737,0.1828
SARS-CoV2-5UTR-Amplicon-short-trimmed+3,161,t,950047,1404,0.1478
SARS-CoV2-5UTR-Amplicon-short-trimmed+3,162,t,950049,3956,0.4164
SARS-CoV2-5UTR-Amplicon-short-trimmed+3,163,g,950049,795,0.0837
SARS-CoV2-5UTR-Amplicon-short-trimmed+3,164,c,950051,1983,0.2087
SARS-CoV2-5UTR-Amplicon-short-trimmed+3,165,a,950052,1459,0.1536
SARS-CoV2-5UTR-Amplicon-short-trimmed+3,166,g,950118,1534,0.1615
SARS-CoV2-5UTR-Amplicon-short-trimmed+3,167,c,950119,1784,0.1878
SARS-CoV2-5UTR-Amplicon-short-trimmed+3,168,c,950121,7225,0.7604
SARS-CoV2-5UTR-Amplicon-short-trimmed+3,169,g,950121,1533,0.1613
SARS-CoV2-5UTR-Amplicon-short-trimmed+3,170,a,950123,1493,0.1571
SARS-CoV2-5UTR-Amplicon-short-trimmed+3,171,t,950123,1638,0.1724
SARS-CoV2-5UTR-Amplicon-short-trimmed+3,172,c,950124,4768,0.5018
SARS-CoV2-5UTR-Amplicon-short-trimmed+3,173,a,950124,1489,0.1567
SARS-CoV2-5UTR-Amplicon-short-trimmed+3,174,t,950125,1646,0.1732
SARS-CoV2-5UTR-Amplicon-short-trimmed+3,175,c,950125,4979,0.524
SARS-CoV2-5UTR-Amplicon-short-trimmed+3,176,a,950126,1659,0.1746
SARS-CoV2-5UTR-Amplicon-short-trimmed+3,177,g,950126,1387,0.146
SARS-CoV2-5UTR-Amplicon-short-trimmed+3,178,c,950127,10771,1.1336
SARS-CoV2-5UTR-Amplicon-short-trimmed+3,179,a,950127,2175,0.2289
SARS-CoV2-5UTR-Amplicon-short-trimmed+3,180,c,950127,3913,0.4118
SARS-CoV2-5UTR-Amplicon-short-trimmed+3,181,a,950127,1378,0.145
SARS-CoV2-5UTR-Amplicon-short-trimmed+3,182,t,950128,2879,0.303
SARS-CoV2-5UTR-Amplicon-short-trimmed+3,183,c,950129,4256,0.4479
SARS-CoV2-5UTR-Amplicon-short-trimmed+3,184,t,950132,1773,0.1866
SARS-CoV2-5UTR-Amplicon-short-trimmed+3,185,a,950133,2296,0.2417
SARS-CoV2-5UTR-Amplicon-short-trimmed+3,186,g,950134,2025,0.2131
SARS-CoV2-5UTR-Amplicon-short-trimmed+3,187,g,950134,2350,0.2473
SARS-CoV2-5UTR-Amplicon-short-trimmed+3,188,t,950134,4584,0.4825
SARS-CoV2-5UTR-Amplicon-short-trimmed+3,189,t,950135,2263,0.2382
SARS-CoV2-5UTR-Amplicon-short-trimmed+3,190,t,950152,3600,0.3789
SARS-CoV2-5UTR-Amplicon-short-trimmed+3,191,c,950152,6740,0.7094
SARS-CoV2-5UTR-Amplicon-short-trimmed+3,192,g,950152,1599,0.1683
SARS-CoV2-5UTR-Amplicon-short-trimmed+3,193,t,950152,7964,0.8382
SARS-CoV2-5UTR-Amplicon-short-trimmed+3,194,c,950152,4126,0.4342
SARS-CoV2-5UTR-Amplicon-short-trimmed+3,195,c,950152,5015,0.5278
SARS-CoV2-5UTR-Amplicon-short-trimmed+3,196,g,950104,2082,0.2191
SARS-CoV2-5UTR-Amplicon-short-trimmed+3,197,g,950099,1802,0.1897
SARS-CoV2-5UTR-Amplicon-short-trimmed+3,198,g,950098,5256,0.5532
SARS-CoV2-5UTR-Amplicon-short-trimmed+3,199,t,950098,2955,0.311
SARS-CoV2-5UTR-Amplicon-short-trimmed+3,200,g,950086,2773,0.2919
SARS-CoV2-5UTR-Amplicon-short-trimmed+3,201,t,950086,3903,0.4108
SARS-CoV2-5UTR-Amplicon-short-trimmed+3,202,g,950084,1770,0.1863
SARS-CoV2-5UTR-Amplicon-short-trimmed+3,203,a,950084,2368,0.2492
SARS-CoV2-5UTR-Amplicon-short-trimmed+3,204,c,950084,3458,0.364
SARS-CoV2-5UTR-Amplicon-short-trimmed+3,205,c,950084,4248,0.4471
SARS-CoV2-5UTR-Amplicon-short-trimmed+3,206,g,950084,1768,0.1861
SARS-CoV2-5UTR-Amplicon-short-trimmed+3,207,a,950084,1121,0.118
SARS-CoV2-5UTR-Amplicon-short-trimmed+3,208,a,950084,705,0.0742
SARS-CoV2-5UTR-Amplicon-short-trimmed+3,209,a,950084,1431,0.1506
SARS-CoV2-5UTR-Amplicon-short-trimmed+3,210,g,950084,1531,0.1611
SARS-CoV2-5UTR-Amplicon-short-trimmed+3,211,g,950086,1971,0.2075
SARS-CoV2-5UTR-Amplicon-short-trimmed+3,212,t,950102,1149,0.1209
SARS-CoV2-5UTR-Amplicon-short-trimmed+3,213,a,950101,818,0.0861
SARS-CoV2-5UTR-Amplicon-short-trimmed+3,214,a,950100,1248,0.1314
SARS-CoV2-5UTR-Amplicon-short-trimmed+3,215,g,950100,1185,0.1247
SARS-CoV2-5UTR-Amplicon-short-trimmed+3,216,a,950164,1196,0.1259
SARS-CoV2-5UTR-Amplicon-short-trimmed+3,217,t,950163,1472,0.1549
SARS-CoV2-5UTR-Amplicon-short-trimmed+3,218,g,950163,1374,0.1446
SARS-CoV2-5UTR-Amplicon-short-trimmed+3,219,g,950161,1316,0.1385
SARS-CoV2-5UTR-Amplicon-short-trimmed+3,220,a,950160,2468,0.2597
SARS-CoV2-5UTR-Amplicon-short-trimmed+3,221,g,950159,2234,0.2351
SARS-CoV2-5UTR-Amplicon-short-trimmed+3,222,a,950096,1084,0.1141
SARS-CoV2-5UTR-Amplicon-short-trimmed+3,223,g,950096,1491,0.1569
SARS-CoV2-5UTR-Amplicon-short-trimmed+3,224,c,950095,3644,0.3835
SARS-CoV2-5UTR-Amplicon-short-trimmed+3,225,c,950093,3931,0.4137
SARS-CoV2-5UTR-Amplicon-short-trimmed+3,226,t,950088,1131,0.119
SARS-CoV2-5UTR-Amplicon-short-trimmed+3,227,t,950086,5877,0.6186
SARS-CoV2-5UTR-Amplicon-short-trimmed+3,228,g,950082,1344,0.1415
SARS-CoV2-5UTR-Amplicon-short-trimmed+3,229,t,950081,2404,0.253
SARS-CoV2-5UTR-Amplicon-short-trimmed+3,230,c,950080,4632,0.4875
SARS-CoV2-5UTR-Amplicon-short-trimmed+3,231,c,950080,2650,0.2789
SARS-CoV2-5UTR-Amplicon-short-trimmed+3,232,c,950079,3121,0.3285
SARS-CoV2-5UTR-Amplicon-short-trimmed+3,233,t,949897,2039,0.2147
SARS-CoV2-5UTR-Amplicon-short-trimmed+3,234,g,949886,1835,0.1932
SARS-CoV2-5UTR-Amplicon-short-trimmed+3,235,g,949882,1988,0.2093
SARS-CoV2-5UTR-Amplicon-short-trimmed+3,236,t,949867,1015,0.1069
SARS-CoV2-5UTR-Amplicon-short-trimmed+3,237,t,949848,1151,0.1212
SARS-CoV2-5UTR-Amplicon-short-trimmed+3,238,t,949802,1460,0.1537
SARS-CoV2-5UTR-Amplicon-short-trimmed+3,239,c,949635,10660,1.1225
SARS-CoV2-5UTR-Amplicon-short-trimmed+3,240,a,949547,907,0.0955
SARS-CoV2-5UTR-Amplicon-short-trimmed+3,241,a,949343,710,0.0748
SARS-CoV2-5UTR-Amplicon-short-trimmed+3,242,c,948306,3387,0.3572
SARS-CoV2-5UTR-Amplicon-short-trimmed+3,243,g,948244,986,0.104
SARS-CoV2-5UTR-Amplicon-short-trimmed+3,244,a,948072,1779,0.1876
SARS-CoV2-5UTR-Amplicon-short-trimmed+3,245,g,946889,0,0
SARS-CoV2-5UTR-Amplicon-short-trimmed+3,246,g,945748,0,0
SARS-CoV2-5UTR-Amplicon-short-trimmed+3,247,G,944401,0,0
SARS-CoV2-5UTR-Amplicon-short-trimmed+3,248,A,943026,0,0
SARS-CoV2-5UTR-Amplicon-short-trimmed+3,249,G,942540,0,0
