Region,Position,Ref_base,Depth,Mut_count,Mut_percentage
SARS-CoV2-5UTR-Amplicon-short-trimmed+3,1,T,1043788,0,0
SARS-CoV2-5UTR-Amplicon-short-trimmed+3,2,T,1044427,0,0
SARS-CoV2-5UTR-Amplicon-short-trimmed+3,3,G,1044678,0,0
SARS-CoV2-5UTR-Amplicon-short-trimmed+3,4,t,1045329,0,0
SARS-CoV2-5UTR-Amplicon-short-trimmed+3,5,a,1045568,0,0
SARS-CoV2-5UTR-Amplicon-short-trimmed+3,6,g,1045781,518,0.0495
SARS-CoV2-5UTR-Amplicon-short-trimmed+3,7,a,1045819,254,0.0243
SARS-CoV2-5UTR-Amplicon-short-trimmed+3,8,t,1045829,302,0.0289
SARS-CoV2-5UTR-Amplicon-short-trimmed+3,9,c,1045840,276,0.0264
SARS-CoV2-5UTR-Amplicon-short-trimmed+3,10,t,1045849,276,0.0264
SARS-CoV2-5UTR-Amplicon-short-trimmed+3,11,g,1045852,1986,0.1899
SARS-CoV2-5UTR-Amplicon-short-trimmed+3,12,t,1045862,357,0.0341
SARS-CoV2-5UTR-Amplicon-short-trimmed+3,13,t,1045874,336,0.0321
SARS-CoV2-5UTR-Amplicon-short-trimmed+3,14,c,1045877,180,0.0172
SARS-CoV2-5UTR-Amplicon-short-trimmed+3,15,t,1045877,349,0.0334
SARS-CoV2-5UTR-Amplicon-short-trimmed+3,16,c,1045881,592,0.0566
SARS-CoV2-5UTR-Amplicon-short-trimmed+3,17,t,1045886,263,0.0251
SARS-CoV2-5UTR-Amplicon-short-trimmed+3,18,a,1045886,432,0.0413
SARS-CoV2-5UTR-Amplicon-short-trimmed+3,19,a,1045887,336,0.0321
SARS-CoV2-5UTR-Amplicon-short-trimmed+3,20,a,1045947,289,0.0276
SARS-CoV2-5UTR-Amplicon-short-trimmed+3,21,c,1045948,119,0.0114
SARS-CoV2-5UTR-Amplicon-short-trimmed+3,22,g,1045953,314,0.03
SARS-CoV2-5UTR-Amplicon-short-trimmed+3,23,a,1045953,396,0.0379
SARS-CoV2-5UTR-Amplicon-short-trimmed+3,24,a,1045953,296,0.0283
SARS-CoV2-5UTR-Amplicon-short-trimmed+3,25,c,1045958,14617,1.3975
SARS-CoV2-5UTR-Amplicon-short-trimmed+3,26,t,1045959,767,0.0733
SARS-CoV2-5UTR-Amplicon-short-trimmed+3,27,t,1045964,869,0.0831
SARS-CoV2-5UTR-Amplicon-short-trimmed+3,28,t,1045971,2346,0.2243
SARS-CoV2-5UTR-Amplicon-short-trimmed+3,29,a,1045971,885,0.0846
SARS-CoV2-5UTR-Amplicon-short-trimmed+3,30,a,1045973,368,0.0352
SARS-CoV2-5UTR-Amplicon-short-trimmed+3,31,a,1045917,387,0.037
SARS-CoV2-5UTR-Amplicon-short-trimmed+3,32,a,1045917,286,0.0273
SARS-CoV2-5UTR-Amplicon-short-trimmed+3,33,t,1045917,2261,0.2162
SARS-CoV2-5UTR-Amplicon-short-trimmed+3,34,c,1045917,304,0.0291
SARS-CoV2-5UTR-Amplicon-short-trimmed+3,35,t,1045917,287,0.0274
SARS-CoV2-5UTR-Amplicon-short-trimmed+3,36,g,1045917,410,0.0392
SARS-CoV2-5UTR-Amplicon-short-trimmed+3,37,t,1045903,311,0.0297
SARS-CoV2-5UTR-Amplicon-short-trimmed+3,38,g,1045889,204,0.0195
SARS-CoV2-5UTR-Amplicon-short-trimmed+3,39,t,1045889,271,0.0259
SARS-CoV2-5UTR-Amplicon-short-trimmed+3,40,g,1045889,329,0.0315
SARS-CoV2-5UTR-Amplicon-short-trimmed+3,41,g,1045889,524,0.0501
SARS-CoV2-5UTR-Amplicon-short-trimmed+3,42,c,1045887,255,0.0244
SARS-CoV2-5UTR-Amplicon-short-trimmed+3,43,t,1045886,770,0.0736
SARS-CoV2-5UTR-Amplicon-short-trimmed+3,44,g,1045885,568,0.0543
SARS-CoV2-5UTR-Amplicon-short-trimmed+3,45,t,1045884,693,0.0663
SARS-CoV2-5UTR-Amplicon-short-trimmed+3,46,c,1045884,163,0.0156
SARS-CoV2-5UTR-Amplicon-short-trimmed+3,47,a,1045871,447,0.0427
SARS-CoV2-5UTR-Amplicon-short-trimmed+3,48,c,1045871,191,0.0183
SARS-CoV2-5UTR-Amplicon-short-trimmed+3,49,t,1045871,275,0.0263
SARS-CoV2-5UTR-Amplicon-short-trimmed+3,50,c,1045870,217,0.0207
SARS-CoV2-5UTR-Amplicon-short-trimmed+3,51,g,1045870,466,0.0446
SARS-CoV2-5UTR-Amplicon-short-trimmed+3,52,g,1045870,1013,0.0969
SARS-CoV2-5UTR-Amplicon-short-trimmed+3,53,c,1045870,921,0.0881
SARS-CoV2-5UTR-Amplicon-short-trimmed+3,54,t,1045870,577,0.0552
SARS-CoV2-5UTR-Amplicon-short-trimmed+3,55,g,1045870,1157,0.1106
SARS-CoV2-5UTR-Amplicon-short-trimmed+3,56,c,1045870,379,0.0362
SARS-CoV2-5UTR-Amplicon-short-trimmed+3,57,g,1045870,1136,0.1086
SARS-CoV2-5UTR-Amplicon-short-trimmed+3,58,t,1045870,367,0.0351
SARS-CoV2-5UTR-Amplicon-short-trimmed+3,59,g,1045870,746,0.0713
SARS-CoV2-5UTR-Amplicon-short-trimmed+3,60,c,1045870,458,0.0438
SARS-CoV2-5UTR-Amplicon-short-trimmed+3,61,t,1045870,448,0.0428
SARS-CoV2-5UTR-Amplicon-short-trimmed+3,62,t,1045870,510,0.0488
SARS-CoV2-5UTR-Amplicon-short-trimmed+3,63,a,1045870,489,0.0468
SARS-CoV2-5UTR-Amplicon-short-trimmed+3,64,g,1045870,304,0.0291
SARS-CoV2-5UTR-Amplicon-short-trimmed+3,65,t,1045870,457,0.0437
SARS-CoV2-5UTR-Amplicon-short-trimmed+3,66,g,1045870,722,0.069
SARS-CoV2-5UTR-Amplicon-short-trimmed+3,67,c,1045870,673,0.0643
SARS-CoV2-5UTR-Amplicon-short-trimmed+3,68,a,1045869,607,0.058
SARS-CoV2-5UTR-Amplicon-short-trimmed+3,69,c,1045869,330,0.0316
SARS-CoV2-5UTR-Amplicon-short-trimmed+3,70,t,1045869,443,0.0424
SARS-CoV2-5UTR-Amplicon-short-trimmed+3,71,c,1045869,499,0.0477
SARS-CoV2-5UTR-Amplicon-short-trimmed+3,72,a,1045869,487,0.0466
SARS-CoV2-5UTR-Amplicon-short-trimmed+3,73,c,1045869,259,0.0248
SARS-CoV2-5UTR-Amplicon-short-trimmed+3,74,g,1045869,510,0.0488
SARS-CoV2-5UTR-Amplicon-short-trimmed+3,75,c,1045868,1427,0.1364
SARS-CoV2-5UTR-Amplicon-short-trimmed+3,76,a,1045867,716,0.0685
SARS-CoV2-5UTR-Amplicon-short-trimmed+3,77,g,1045867,602,0.0576
SARS-CoV2-5UTR-Amplicon-short-trimmed+3,78,t,1045867,646,0.0618
SARS-CoV2-5UTR-Amplicon-short-trimmed+3,79,a,1045867,754,0.0721
SARS-CoV2-5UTR-Amplicon-short-trimmed+3,80,t,1045883,356,0.034
SARS-CoV2-5UTR-Amplicon-short-trimmed+3,81,a,1045872,472,0.0451
SARS-CoV2-5UTR-Amplicon-short-trimmed+3,82,a,1045873,927,0.0886
SARS-CoV2-5UTR-Amplicon-short-trimmed+3,83,t,1045873,400,0.0382
SARS-CoV2-5UTR-Amplicon-short-trimmed+3,84,t,1045875,989,0.0946
SARS-CoV2-5UTR-Amplicon-short-trimmed+3,85,a,1045874,661,0.0632
SARS-CoV2-5UTR-Amplicon-short-trimmed+3,86,a,1045874,536,0.0512
SARS-CoV2-5UTR-Amplicon-short-trimmed+3,87,t,1045887,420,0.0402
SARS-CoV2-5UTR-Amplicon-short-trimmed+3,88,a,1045887,535,0.0512
SARS-CoV2-5UTR-Amplicon-short-trimmed+3,89,a,1045888,2888,0.2761
SARS-CoV2-5UTR-Amplicon-short-trimmed+3,90,c,1045888,448,0.0428
SARS-CoV2-5UTR-Amplicon-short-trimmed+3,91,t,1045909,507,0.0485
SARS-CoV2-5UTR-Amplicon-short-trimmed+3,92,a,1045909,422,0.0403
SARS-CoV2-5UTR-Amplicon-short-trimmed+3,93,a,1045908,453,0.0433
SARS-CoV2-5UTR-Amplicon-short-trimmed+3,94,t,1045907,461,0.0441
SARS-CoV2-5UTR-Amplicon-short-trimmed+3,95,t,1045934,770,0.0736
SARS-CoV2-5UTR-Amplicon-short-trimmed+3,96,a,1045940,421,0.0403
SARS-CoV2-5UTR-Amplicon-short-trimmed+3,97,c,1045940,172,0.0164
SARS-CoV2-5UTR-Amplicon-short-trimmed+3,98,t,1045940,400,0.0382
SARS-CoV2-5UTR-Amplicon-short-trimmed+3,99,g,1045940,434,0.0415
SARS-CoV2-5UTR-Amplicon-short-trimmed+3,100,t,1045941,645,0.0617
SARS-CoV2-5UTR-Amplicon-short-trimmed+3,101,c,1045940,227,0.0217
SARS-CoV2-5UTR-Amplicon-short-trimmed+3,102,g,1045951,476,0.0455
SARS-CoV2-5UTR-Amplicon-short-trimmed+3,103,t,1045952,544,0.052
SARS-CoV2-5UTR-Amplicon-short-trimmed+3,104,t,1045950,802,0.0767
SARS-CoV2-5UTR-Amplicon-short-trimmed+3,105,g,1045955,444,0.0424
SARS-CoV2-5UTR-Amplicon-short-trimmed+3,106,a,1045973,610,0.0583
SARS-CoV2-5UTR-Amplicon-short-trimmed+3,107,c,1045989,524,0.0501
SARS-CoV2-5UTR-Amplicon-short-trimmed+3,108,a,1046005,732,0.07
SARS-CoV2-5UTR-Amplicon-short-trimmed+3,109,g,1046071,495,0.0473
SARS-CoV2-5UTR-Amplicon-short-trimmed+3,110,g,1046227,1143,0.1092
SARS-CoV2-5UTR-Amplicon-short-trimmed+3,111,a,1046639,619,0.0591
SARS-CoV2-5UTR-Amplicon-short-trimmed+3,112,c,1047134,445,0.0425
SARS-CoV2-5UTR-Amplicon-short-trimmed+3,113,a,1048176,1232,0.1175
SARS-CoV2-5UTR-Amplicon-short-trimmed+3,114,c,1050809,686,0.0653
SARS-CoV2-5UTR-Amplicon-short-trimmed+3,115,g,1059636,350,0.033
SARS-CoV2-5UTR-Amplicon-short-trimmed+3,116,a,1116926,744,0.0666
SARS-CoV2-5UTR-Amplicon-short-trimmed+3,117,g,1999998,991,0.0496
SARS-CoV2-5UTR-Amplicon-short-trimmed+3,118,t,1999998,2894,0.1447
SARS-CoV2-5UTR-Amplicon-short-trimmed+3,119,a,1999997,3487,0.1744
SARS-CoV2-5UTR-Amplicon-short-trimmed+3,120,a,1999993,2355,0.1178
SARS-CoV2-5UTR-Amplicon-short-trimmed+3,121,c,1999995,1880,0.094
SARS-CoV2-5UTR-Amplicon-short-trimmed+3,122,t,1999983,2700,0.135
SARS-CoV2-5UTR-Amplicon-short-trimmed+3,123,c,1999985,1752,0.0876
SARS-CoV2-5UTR-Amplicon-short-trimmed+3,124,g,1999959,1557,0.0779
SARS-CoV2-5UTR-Amplicon-short-trimmed+3,125,t,1999924,3051,0.1526
SARS-CoV2-5UTR-Amplicon-short-trimmed+3,126,c,1999878,1638,0.0819
SARS-CoV2-5UTR-Amplicon-short-trimmed+3,127,t,1999742,1011,0.0506
SARS-CoV2-5UTR-Amplicon-short-trimmed+3,128,a,1999323,2831,0.1416
SARS-CoV2-5UTR-Amplicon-short-trimmed+3,129,t,1998551,5559,0.2782
SARS-CoV2-5UTR-Amplicon-short-trimmed+3,130,c,1998557,631,0.0316
SARS-CoV2-5UTR-Amplicon-short-trimmed+3,131,t,1998470,1464,0.0733
SARS-CoV2-5UTR-Amplicon-short-trimmed+3,132,t,1989929,1508,0.0758
SARS-CoV2-5UTR-Amplicon-short-trimmed+3,133,c,1047683,1134,0.1082
SARS-CoV2-5UTR-Amplicon-short-trimmed+3,134,t,966747,1241,0.1284
SARS-CoV2-5UTR-Amplicon-short-trimmed+3,135,g,958250,759,0.0792
SARS-CoV2-5UTR-Amplicon-short-trimmed+3,136,c,956212,3389,0.3544
SARS-CoV2-5UTR-Amplicon-short-trimmed+3,137,a,955814,1219,0.1275
SARS-CoV2-5UTR-Amplicon-short-trimmed+3,138,g,955389,644,0.0674
SARS-CoV2-5UTR-Amplicon-short-trimmed+3,139,g,955141,825,0.0864
SARS-CoV2-5UTR-Amplicon-short-trimmed+3,140,c,954909,1010,0.1058
SARS-CoV2-5UTR-Amplicon-short-trimmed+3,141,t,954832,2202,0.2306
SARS-CoV2-5UTR-Amplicon-short-trimmed+3,142,g,954773,1676,0.1755
SARS-CoV2-5UTR-Amplicon-short-trimmed+3,143,c,954755,3992,0.4181
SARS-CoV2-5UTR-Amplicon-short-trimmed+3,144,t,954697,496,0.052
SARS-CoV2-5UTR-Amplicon-short-trimmed+3,145,t,954691,1514,0.1586
SARS-CoV2-5UTR-Amplicon-short-trimmed+3,146,a,954624,3795,0.3975
SARS-CoV2-5UTR-Amplicon-short-trimmed+3,147,c,954618,974,0.102
SARS-CoV2-5UTR-Amplicon-short-trimmed+3,148,g,954610,496,0.052
SARS-CoV2-5UTR-Amplicon-short-trimmed+3,149,g,954596,673,0.0705
SARS-CoV2-5UTR-Amplicon-short-trimmed+3,150,t,954593,812,0.0851
SARS-CoV2-5UTR-Amplicon-short-trimmed+3,151,t,954593,837,0.0877
SARS-CoV2-5UTR-Amplicon-short-trimmed+3,152,t,954593,2245,0.2352
SARS-CoV2-5UTR-Amplicon-short-trimmed+3,153,c,954589,1394,0.146
SARS-CoV2-5UTR-Amplicon-short-trimmed+3,154,g,954589,453,0.0475
SARS-CoV2-5UTR-Amplicon-short-trimmed+3,155,t,954585,1635,0.1713
SARS-CoV2-5UTR-Amplicon-short-trimmed+3,156,c,954587,1173,0.1229
SARS-CoV2-5UTR-Amplicon-short-trimmed+3,157,c,954587,1555,0.1629
SARS-CoV2-5UTR-Amplicon-short-trimmed+3,158,g,954587,586,0.0614
SARS-CoV2-5UTR-Amplicon-short-trimmed+3,159,t,954587,6460,0.6767
SARS-CoV2-5UTR-Amplicon-short-trimmed+3,160,g,954588,469,0.0491
SARS-CoV2-5UTR-Amplicon-short-trimmed+3,161,t,954589,827,0.0866
SARS-CoV2-5UTR-Amplicon-short-trimmed+3,162,t,954590,3622,0.3794
SARS-CoV2-5UTR-Amplicon-short-trimmed+3,163,g,954590,561,0.0588
SARS-CoV2-5UTR-Amplicon-short-trimmed+3,164,c,954591,1441,0.151
SARS-CoV2-5UTR-Amplicon-short-trimmed+3,165,a,954598,1166,0.1221
SARS-CoV2-5UTR-Amplicon-short-trimmed+3,166,g,954717,1264,0.1324
SARS-CoV2-5UTR-Amplicon-short-trimmed+3,167,c,954718,1671,0.175
SARS-CoV2-5UTR-Amplicon-short-trimmed+3,168,c,954718,5212,0.5459
SARS-CoV2-5UTR-Amplicon-short-trimmed+3,169,g,954719,899,0.0942
SARS-CoV2-5UTR-Amplicon-short-trimmed+3,170,a,954719,927,0.0971
SARS-CoV2-5UTR-Amplicon-short-trimmed+3,171,t,954721,927,0.0971
SARS-CoV2-5UTR-Amplicon-short-trimmed+3,172,c,954723,615,0.0644
SARS-CoV2-5UTR-Amplicon-short-trimmed+3,173,a,954723,833,0.0873
SARS-CoV2-5UTR-Amplicon-short-trimmed+3,174,t,954738,618,0.0647
SARS-CoV2-5UTR-Amplicon-short-trimmed+3,175,c,954738,1011,0.1059
SARS-CoV2-5UTR-Amplicon-short-trimmed+3,176,a,954738,1115,0.1168
SARS-CoV2-5UTR-Amplicon-short-trimmed+3,177,g,954738,677,0.0709
SARS-CoV2-5UTR-Amplicon-short-trimmed+3,178,c,954738,5716,0.5987
SARS-CoV2-5UTR-Amplicon-short-trimmed+3,179,a,954738,1078,0.1129
SARS-CoV2-5UTR-Amplicon-short-trimmed+3,180,c,954738,826,0.0865
SARS-CoV2-5UTR-Amplicon-short-trimmed+3,181,a,954738,681,0.0713
SARS-CoV2-5UTR-Amplicon-short-trimmed+3,182,t,954738,571,0.0598
SARS-CoV2-5UTR-Amplicon-short-trimmed+3,183,c,954738,351,0.0368
SARS-CoV2-5UTR-Amplicon-short-trimmed+3,184,t,954738,1010,0.1058
SARS-CoV2-5UTR-Amplicon-short-trimmed+3,185,a,954724,1105,0.1157
SARS-CoV2-5UTR-Amplicon-short-trimmed+3,186,g,954722,458,0.048
SARS-CoV2-5UTR-Amplicon-short-trimmed+3,187,g,954722,518,0.0543
SARS-CoV2-5UTR-Amplicon-short-trimmed+3,188,t,954722,2675,0.2802
SARS-CoV2-5UTR-Amplicon-short-trimmed+3,189,t,954722,1257,0.1317
SARS-CoV2-5UTR-Amplicon-short-trimmed+3,190,t,954722,1992,0.2086
SARS-CoV2-5UTR-Amplicon-short-trimmed+3,191,c,954722,857,0.0898
SARS-CoV2-5UTR-Amplicon-short-trimmed+3,192,g,954710,287,0.0301
SARS-CoV2-5UTR-Amplicon-short-trimmed+3,193,t,954709,5158,0.5403
SARS-CoV2-5UTR-Amplicon-short-trimmed+3,194,c,954709,661,0.0692
SARS-CoV2-5UTR-Amplicon-short-trimmed+3,195,c,954709,1112,0.1165
SARS-CoV2-5UTR-Amplicon-short-trimmed+3,196,g,954690,403,0.0422
SARS-CoV2-5UTR-Amplicon-short-trimmed+3,197,g,954688,452,0.0473
SARS-CoV2-5UTR-Amplicon-short-trimmed+3,198,g,954688,4249,0.4451
SARS-CoV2-5UTR-Amplicon-short-trimmed+3,199,t,954682,1347,0.1411
SARS-CoV2-5UTR-Amplicon-short-trimmed+3,200,g,954679,1646,0.1724
SARS-CoV2-5UTR-Amplicon-short-trimmed+3,201,t,954679,2685,0.2812
SARS-CoV2-5UTR-Amplicon-short-trimmed+3,202,g,954679,859,0.09
SARS-CoV2-5UTR-Amplicon-short-trimmed+3,203,a,954679,1678,0.1758
SARS-CoV2-5UTR-Amplicon-short-trimmed+3,204,c,954679,607,0.0636
SARS-CoV2-5UTR-Amplicon-short-trimmed+3,205,c,954679,398,0.0417
SARS-CoV2-5UTR-Amplicon-short-trimmed+3,206,g,954679,449,0.047
SARS-CoV2-5UTR-Amplicon-short-trimmed+3,207,a,954679,591,0.0619
SARS-CoV2-5UTR-Amplicon-short-trimmed+3,208,a,954679,377,0.0395
SARS-CoV2-5UTR-Amplicon-short-trimmed+3,209,a,954679,925,0.0969
SARS-CoV2-5UTR-Amplicon-short-trimmed+3,210,g,954679,310,0.0325
SARS-CoV2-5UTR-Amplicon-short-trimmed+3,211,g,954679,1186,0.1242
SARS-CoV2-5UTR-Amplicon-short-trimmed+3,212,t,954680,700,0.0733
SARS-CoV2-5UTR-Amplicon-short-trimmed+3,213,a,954680,489,0.0512
SARS-CoV2-5UTR-Amplicon-short-trimmed+3,214,a,954680,592,0.062
SARS-CoV2-5UTR-Amplicon-short-trimmed+3,215,g,954680,302,0.0316
SARS-CoV2-5UTR-Amplicon-short-trimmed+3,216,a,954809,438,0.0459
SARS-CoV2-5UTR-Amplicon-short-trimmed+3,217,t,954808,801,0.0839
SARS-CoV2-5UTR-Amplicon-short-trimmed+3,218,g,954808,373,0.0391
SARS-CoV2-5UTR-Amplicon-short-trimmed+3,219,g,954803,594,0.0622
SARS-CoV2-5UTR-Amplicon-short-trimmed+3,220,a,954802,1595,0.1671
SARS-CoV2-5UTR-Amplicon-short-trimmed+3,221,g,954801,1305,0.1367
SARS-CoV2-5UTR-Amplicon-short-trimmed+3,222,a,954674,669,0.0701
SARS-CoV2-5UTR-Amplicon-short-trimmed+3,223,g,954672,693,0.0726
SARS-CoV2-5UTR-Amplicon-short-trimmed+3,224,c,954659,472,0.0494
SARS-CoV2-5UTR-Amplicon-short-trimmed+3,225,c,954659,381,0.0399
SARS-CoV2-5UTR-Amplicon-short-trimmed+3,226,t,954659,518,0.0543
SARS-CoV2-5UTR-Amplicon-short-trimmed+3,227,t,954645,4063,0.4256
SARS-CoV2-5UTR-Amplicon-short-trimmed+3,228,g,954644,394,0.0413
SARS-CoV2-5UTR-Amplicon-short-trimmed+3,229,t,954644,1261,0.1321
SARS-CoV2-5UTR-Amplicon-short-trimmed+3,230,c,954639,2608,0.2732
SARS-CoV2-5UTR-Amplicon-short-trimmed+3,231,c,954638,319,0.0334
SARS-CoV2-5UTR-Amplicon-short-trimmed+3,232,c,954638,506,0.053
SARS-CoV2-5UTR-Amplicon-short-trimmed+3,233,t,954635,1393,0.1459
SARS-CoV2-5UTR-Amplicon-short-trimmed+3,234,g,954634,318,0.0333
SARS-CoV2-5UTR-Amplicon-short-trimmed+3,235,g,954632,425,0.0445
SARS-CoV2-5UTR-Amplicon-short-trimmed+3,236,t,954629,382,0.04
SARS-CoV2-5UTR-Amplicon-short-trimmed+3,237,t,954629,658,0.0689
SARS-CoV2-5UTR-Amplicon-short-trimmed+3,238,t,954624,712,0.0746
SARS-CoV2-5UTR-Amplicon-short-trimmed+3,239,c,954613,5941,0.6223
SARS-CoV2-5UTR-Amplicon-short-trimmed+3,240,a,954569,674,0.0706
SARS-CoV2-5UTR-Amplicon-short-trimmed+3,241,a,954549,513,0.0537
SARS-CoV2-5UTR-Amplicon-short-trimmed+3,242,c,954526,552,0.0578
SARS-CoV2-5UTR-Amplicon-short-trimmed+3,243,g,954499,315,0.033
SARS-CoV2-5UTR-Amplicon-short-trimmed+3,244,a,954392,1008,0.1056
SARS-CoV2-5UTR-Amplicon-short-trimmed+3,245,g,953991,0,0
SARS-CoV2-5UTR-Amplicon-short-trimmed+3,246,g,953647,0,0
SARS-CoV2-5UTR-Amplicon-short-trimmed+3,247,G,952837,0,0
SARS-CoV2-5UTR-Amplicon-short-trimmed+3,248,A,952103,0,0
SARS-CoV2-5UTR-Amplicon-short-trimmed+3,249,G,951903,0,0
