Region,Position,Ref_base,Depth,Mut_count,Mut_percentage
SARS-CoV2-5UTR-Amplicon-short-trimmed+3,1,T,1050698,0,0
SARS-CoV2-5UTR-Amplicon-short-trimmed+3,2,T,1051257,0,0
SARS-CoV2-5UTR-Amplicon-short-trimmed+3,3,G,1051475,0,0
SARS-CoV2-5UTR-Amplicon-short-trimmed+3,4,t,1052509,0,0
SARS-CoV2-5UTR-Amplicon-short-trimmed+3,5,a,1052770,0,0
SARS-CoV2-5UTR-Amplicon-short-trimmed+3,6,g,1052985,710,0.0674
SARS-CoV2-5UTR-Amplicon-short-trimmed+3,7,a,1053063,188,0.0179
SARS-CoV2-5UTR-Amplicon-short-trimmed+3,8,t,1053076,335,0.0318
SARS-CoV2-5UTR-Amplicon-short-trimmed+3,9,c,1053094,288,0.0273
SARS-CoV2-5UTR-Amplicon-short-trimmed+3,10,t,1053098,279,0.0265
SARS-CoV2-5UTR-Amplicon-short-trimmed+3,11,g,1053104,2748,0.2609
SARS-CoV2-5UTR-Amplicon-short-trimmed+3,12,t,1053120,269,0.0255
SARS-CoV2-5UTR-Amplicon-short-trimmed+3,13,t,1053127,352,0.0334
SARS-CoV2-5UTR-Amplicon-short-trimmed+3,14,c,1053133,254,0.0241
SARS-CoV2-5UTR-Amplicon-short-trimmed+3,15,t,1053134,398,0.0378
SARS-CoV2-5UTR-Amplicon-short-trimmed+3,16,c,1053141,431,0.0409
SARS-CoV2-5UTR-Amplicon-short-trimmed+3,17,t,1053160,224,0.0213
SARS-CoV2-5UTR-Amplicon-short-trimmed+3,18,a,1053161,473,0.0449
SARS-CoV2-5UTR-Amplicon-short-trimmed+3,19,a,1053165,449,0.0426
SARS-CoV2-5UTR-Amplicon-short-trimmed+3,20,a,1053185,324,0.0308
SARS-CoV2-5UTR-Amplicon-short-trimmed+3,21,c,1053185,157,0.0149
SARS-CoV2-5UTR-Amplicon-short-trimmed+3,22,g,1053185,943,0.0895
SARS-CoV2-5UTR-Amplicon-short-trimmed+3,23,a,1053186,413,0.0392
SARS-CoV2-5UTR-Amplicon-short-trimmed+3,24,a,1053188,273,0.0259
SARS-CoV2-5UTR-Amplicon-short-trimmed+3,25,c,1053196,17088,1.6225
SARS-CoV2-5UTR-Amplicon-short-trimmed+3,26,t,1053196,752,0.0714
SARS-CoV2-5UTR-Amplicon-short-trimmed+3,27,t,1053196,753,0.0715
SARS-CoV2-5UTR-Amplicon-short-trimmed+3,28,t,1053213,2215,0.2103
SARS-CoV2-5UTR-Amplicon-short-trimmed+3,29,a,1053215,852,0.0809
SARS-CoV2-5UTR-Amplicon-short-trimmed+3,30,a,1053216,371,0.0352
SARS-CoV2-5UTR-Amplicon-short-trimmed+3,31,a,1053171,420,0.0399
SARS-CoV2-5UTR-Amplicon-short-trimmed+3,32,a,1053171,289,0.0274
SARS-CoV2-5UTR-Amplicon-short-trimmed+3,33,t,1053171,2404,0.2283
SARS-CoV2-5UTR-Amplicon-short-trimmed+3,34,c,1053171,327,0.031
SARS-CoV2-5UTR-Amplicon-short-trimmed+3,35,t,1053170,314,0.0298
SARS-CoV2-5UTR-Amplicon-short-trimmed+3,36,g,1053170,480,0.0456
SARS-CoV2-5UTR-Amplicon-short-trimmed+3,37,t,1053159,321,0.0305
SARS-CoV2-5UTR-Amplicon-short-trimmed+3,38,g,1053159,293,0.0278
SARS-CoV2-5UTR-Amplicon-short-trimmed+3,39,t,1053159,246,0.0234
SARS-CoV2-5UTR-Amplicon-short-trimmed+3,40,g,1053159,394,0.0374
SARS-CoV2-5UTR-Amplicon-short-trimmed+3,41,g,1053159,466,0.0442
SARS-CoV2-5UTR-Amplicon-short-trimmed+3,42,c,1053159,236,0.0224
SARS-CoV2-5UTR-Amplicon-short-trimmed+3,43,t,1053158,669,0.0635
SARS-CoV2-5UTR-Amplicon-short-trimmed+3,44,g,1053158,529,0.0502
SARS-CoV2-5UTR-Amplicon-short-trimmed+3,45,t,1053157,658,0.0625
SARS-CoV2-5UTR-Amplicon-short-trimmed+3,46,c,1053157,144,0.0137
SARS-CoV2-5UTR-Amplicon-short-trimmed+3,47,a,1053150,499,0.0474
SARS-CoV2-5UTR-Amplicon-short-trimmed+3,48,c,1053150,198,0.0188
SARS-CoV2-5UTR-Amplicon-short-trimmed+3,49,t,1053152,265,0.0252
SARS-CoV2-5UTR-Amplicon-short-trimmed+3,50,c,1053147,231,0.0219
SARS-CoV2-5UTR-Amplicon-short-trimmed+3,51,g,1053146,582,0.0553
SARS-CoV2-5UTR-Amplicon-short-trimmed+3,52,g,1053146,1323,0.1256
SARS-CoV2-5UTR-Amplicon-short-trimmed+3,53,c,1053146,905,0.0859
SARS-CoV2-5UTR-Amplicon-short-trimmed+3,54,t,1053146,1178,0.1119
SARS-CoV2-5UTR-Amplicon-short-trimmed+3,55,g,1053147,5929,0.563
SARS-CoV2-5UTR-Amplicon-short-trimmed+3,56,c,1053153,469,0.0445
SARS-CoV2-5UTR-Amplicon-short-trimmed+3,57,g,1053153,1346,0.1278
SARS-CoV2-5UTR-Amplicon-short-trimmed+3,58,t,1053153,394,0.0374
SARS-CoV2-5UTR-Amplicon-short-trimmed+3,59,g,1053153,744,0.0706
SARS-CoV2-5UTR-Amplicon-short-trimmed+3,60,c,1053151,501,0.0476
SARS-CoV2-5UTR-Amplicon-short-trimmed+3,61,t,1053151,524,0.0498
SARS-CoV2-5UTR-Amplicon-short-trimmed+3,62,t,1053151,498,0.0473
SARS-CoV2-5UTR-Amplicon-short-trimmed+3,63,a,1053151,601,0.0571
SARS-CoV2-5UTR-Amplicon-short-trimmed+3,64,g,1053150,489,0.0464
SARS-CoV2-5UTR-Amplicon-short-trimmed+3,65,t,1053150,417,0.0396
SARS-CoV2-5UTR-Amplicon-short-trimmed+3,66,g,1053150,910,0.0864
SARS-CoV2-5UTR-Amplicon-short-trimmed+3,67,c,1053150,779,0.074
SARS-CoV2-5UTR-Amplicon-short-trimmed+3,68,a,1053150,683,0.0649
SARS-CoV2-5UTR-Amplicon-short-trimmed+3,69,c,1053154,333,0.0316
SARS-CoV2-5UTR-Amplicon-short-trimmed+3,70,t,1053154,459,0.0436
SARS-CoV2-5UTR-Amplicon-short-trimmed+3,71,c,1053154,374,0.0355
SARS-CoV2-5UTR-Amplicon-short-trimmed+3,72,a,1053153,540,0.0513
SARS-CoV2-5UTR-Amplicon-short-trimmed+3,73,c,1053153,299,0.0284
SARS-CoV2-5UTR-Amplicon-short-trimmed+3,74,g,1053153,658,0.0625
SARS-CoV2-5UTR-Amplicon-short-trimmed+3,75,c,1053153,1434,0.1362
SARS-CoV2-5UTR-Amplicon-short-trimmed+3,76,a,1053154,666,0.0632
SARS-CoV2-5UTR-Amplicon-short-trimmed+3,77,g,1053153,692,0.0657
SARS-CoV2-5UTR-Amplicon-short-trimmed+3,78,t,1053151,560,0.0532
SARS-CoV2-5UTR-Amplicon-short-trimmed+3,79,a,1053130,688,0.0653
SARS-CoV2-5UTR-Amplicon-short-trimmed+3,80,t,1053142,278,0.0264
SARS-CoV2-5UTR-Amplicon-short-trimmed+3,81,a,1053142,381,0.0362
SARS-CoV2-5UTR-Amplicon-short-trimmed+3,82,a,1053141,874,0.083
SARS-CoV2-5UTR-Amplicon-short-trimmed+3,83,t,1053139,421,0.04
SARS-CoV2-5UTR-Amplicon-short-trimmed+3,84,t,1053135,850,0.0807
SARS-CoV2-5UTR-Amplicon-short-trimmed+3,85,a,1053125,669,0.0635
SARS-CoV2-5UTR-Amplicon-short-trimmed+3,86,a,1053111,530,0.0503
SARS-CoV2-5UTR-Amplicon-short-trimmed+3,87,t,1053132,376,0.0357
SARS-CoV2-5UTR-Amplicon-short-trimmed+3,88,a,1053132,564,0.0536
SARS-CoV2-5UTR-Amplicon-short-trimmed+3,89,a,1053134,2890,0.2744
SARS-CoV2-5UTR-Amplicon-short-trimmed+3,90,c,1053139,510,0.0484
SARS-CoV2-5UTR-Amplicon-short-trimmed+3,91,t,1053168,505,0.048
SARS-CoV2-5UTR-Amplicon-short-trimmed+3,92,a,1053169,454,0.0431
SARS-CoV2-5UTR-Amplicon-short-trimmed+3,93,a,1053169,455,0.0432
SARS-CoV2-5UTR-Amplicon-short-trimmed+3,94,t,1053175,476,0.0452
SARS-CoV2-5UTR-Amplicon-short-trimmed+3,95,t,1053173,698,0.0663
SARS-CoV2-5UTR-Amplicon-short-trimmed+3,96,a,1053173,433,0.0411
SARS-CoV2-5UTR-Amplicon-short-trimmed+3,97,c,1053171,214,0.0203
SARS-CoV2-5UTR-Amplicon-short-trimmed+3,98,t,1053169,372,0.0353
SARS-CoV2-5UTR-Amplicon-short-trimmed+3,99,g,1053169,1085,0.103
SARS-CoV2-5UTR-Amplicon-short-trimmed+3,100,t,1053168,574,0.0545
SARS-CoV2-5UTR-Amplicon-short-trimmed+3,101,c,1053169,264,0.0251
SARS-CoV2-5UTR-Amplicon-short-trimmed+3,102,g,1053184,839,0.0797
SARS-CoV2-5UTR-Amplicon-short-trimmed+3,103,t,1053188,480,0.0456
SARS-CoV2-5UTR-Amplicon-short-trimmed+3,104,t,1053192,640,0.0608
SARS-CoV2-5UTR-Amplicon-short-trimmed+3,105,g,1053193,403,0.0383
SARS-CoV2-5UTR-Amplicon-short-trimmed+3,106,a,1053222,584,0.0554
SARS-CoV2-5UTR-Amplicon-short-trimmed+3,107,c,1053235,567,0.0538
SARS-CoV2-5UTR-Amplicon-short-trimmed+3,108,a,1053254,667,0.0633
SARS-CoV2-5UTR-Amplicon-short-trimmed+3,109,g,1053328,538,0.0511
SARS-CoV2-5UTR-Amplicon-short-trimmed+3,110,g,1053531,1150,0.1092
SARS-CoV2-5UTR-Amplicon-short-trimmed+3,111,a,1054042,510,0.0484
SARS-CoV2-5UTR-Amplicon-short-trimmed+3,112,c,1054584,457,0.0433
SARS-CoV2-5UTR-Amplicon-short-trimmed+3,113,a,1055712,1034,0.0979
SARS-CoV2-5UTR-Amplicon-short-trimmed+3,114,c,1058641,683,0.0645
SARS-CoV2-5UTR-Amplicon-short-trimmed+3,115,g,1068207,500,0.0468
SARS-CoV2-5UTR-Amplicon-short-trimmed+3,116,a,1128031,764,0.0677
SARS-CoV2-5UTR-Amplicon-short-trimmed+3,117,g,1999996,1249,0.0625
SARS-CoV2-5UTR-Amplicon-short-trimmed+3,118,t,1999998,2691,0.1346
SARS-CoV2-5UTR-Amplicon-short-trimmed+3,119,a,1999995,3200,0.16
SARS-CoV2-5UTR-Amplicon-short-trimmed+3,120,a,1999998,2141,0.1071
SARS-CoV2-5UTR-Amplicon-short-trimmed+3,121,c,1999996,1896,0.0948
SARS-CoV2-5UTR-Amplicon-short-trimmed+3,122,t,1999984,3176,0.1588
SARS-CoV2-5UTR-Amplicon-short-trimmed+3,123,c,1999992,2625,0.1313
SARS-CoV2-5UTR-Amplicon-short-trimmed+3,124,g,1999954,6882,0.3441
SARS-CoV2-5UTR-Amplicon-short-trimmed+3,125,t,1999967,2926,0.1463
SARS-CoV2-5UTR-Amplicon-short-trimmed+3,126,c,1999941,1596,0.0798
SARS-CoV2-5UTR-Amplicon-short-trimmed+3,127,t,1999857,942,0.0471
SARS-CoV2-5UTR-Amplicon-short-trimmed+3,128,a,1999620,2504,0.1252
SARS-CoV2-5UTR-Amplicon-short-trimmed+3,129,t,1999197,5158,0.258
SARS-CoV2-5UTR-Amplicon-short-trimmed+3,130,c,1999220,665,0.0333
SARS-CoV2-5UTR-Amplicon-short-trimmed+3,131,t,1999146,1342,0.0671
SARS-CoV2-5UTR-Amplicon-short-trimmed+3,132,t,1990247,1470,0.0739
SARS-CoV2-5UTR-Amplicon-short-trimmed+3,133,c,1048485,1260,0.1202
SARS-CoV2-5UTR-Amplicon-short-trimmed+3,134,t,962137,1146,0.1191
SARS-CoV2-5UTR-Amplicon-short-trimmed+3,135,g,952003,994,0.1044
SARS-CoV2-5UTR-Amplicon-short-trimmed+3,136,c,949151,3559,0.375
SARS-CoV2-5UTR-Amplicon-short-trimmed+3,137,a,948670,1044,0.11
SARS-CoV2-5UTR-Amplicon-short-trimmed+3,138,g,948132,649,0.0685
SARS-CoV2-5UTR-Amplicon-short-trimmed+3,139,g,947847,905,0.0955
SARS-CoV2-5UTR-Amplicon-short-trimmed+3,140,c,947637,1090,0.115
SARS-CoV2-5UTR-Amplicon-short-trimmed+3,141,t,947542,1921,0.2027
SARS-CoV2-5UTR-Amplicon-short-trimmed+3,142,g,947496,1637,0.1728
SARS-CoV2-5UTR-Amplicon-short-trimmed+3,143,c,947465,3966,0.4186
SARS-CoV2-5UTR-Amplicon-short-trimmed+3,144,t,947392,513,0.0541
SARS-CoV2-5UTR-Amplicon-short-trimmed+3,145,t,947384,1475,0.1557
SARS-CoV2-5UTR-Amplicon-short-trimmed+3,146,a,947355,3619,0.382
SARS-CoV2-5UTR-Amplicon-short-trimmed+3,147,c,947347,991,0.1046
SARS-CoV2-5UTR-Amplicon-short-trimmed+3,148,g,947352,590,0.0623
SARS-CoV2-5UTR-Amplicon-short-trimmed+3,149,g,947333,729,0.077
SARS-CoV2-5UTR-Amplicon-short-trimmed+3,150,t,947333,780,0.0823
SARS-CoV2-5UTR-Amplicon-short-trimmed+3,151,t,947330,782,0.0825
SARS-CoV2-5UTR-Amplicon-short-trimmed+3,152,t,947331,2134,0.2253
SARS-CoV2-5UTR-Amplicon-short-trimmed+3,153,c,947325,1415,0.1494
SARS-CoV2-5UTR-Amplicon-short-trimmed+3,154,g,947326,966,0.102
SARS-CoV2-5UTR-Amplicon-short-trimmed+3,155,t,947332,1486,0.1569
SARS-CoV2-5UTR-Amplicon-short-trimmed+3,156,c,947333,1176,0.1241
SARS-CoV2-5UTR-Amplicon-short-trimmed+3,157,c,947333,1523,0.1608
SARS-CoV2-5UTR-Amplicon-short-trimmed+3,158,g,947333,685,0.0723
SARS-CoV2-5UTR-Amplicon-short-trimmed+3,159,t,947333,5719,0.6037
SARS-CoV2-5UTR-Amplicon-short-trimmed+3,160,g,947332,1320,0.1393
SARS-CoV2-5UTR-Amplicon-short-trimmed+3,161,t,947333,824,0.087
SARS-CoV2-5UTR-Amplicon-short-trimmed+3,162,t,947334,3599,0.3799
SARS-CoV2-5UTR-Amplicon-short-trimmed+3,163,g,947334,633,0.0668
SARS-CoV2-5UTR-Amplicon-short-trimmed+3,164,c,947334,1508,0.1592
SARS-CoV2-5UTR-Amplicon-short-trimmed+3,165,a,947337,1207,0.1274
SARS-CoV2-5UTR-Amplicon-short-trimmed+3,166,g,947416,1333,0.1407
SARS-CoV2-5UTR-Amplicon-short-trimmed+3,167,c,947420,1861,0.1964
SARS-CoV2-5UTR-Amplicon-short-trimmed+3,168,c,947420,6197,0.6541
SARS-CoV2-5UTR-Amplicon-short-trimmed+3,169,g,947420,1025,0.1082
SARS-CoV2-5UTR-Amplicon-short-trimmed+3,170,a,947421,786,0.083
SARS-CoV2-5UTR-Amplicon-short-trimmed+3,171,t,947421,817,0.0862
SARS-CoV2-5UTR-Amplicon-short-trimmed+3,172,c,947421,677,0.0715
SARS-CoV2-5UTR-Amplicon-short-trimmed+3,173,a,947424,689,0.0727
SARS-CoV2-5UTR-Amplicon-short-trimmed+3,174,t,947424,692,0.073
SARS-CoV2-5UTR-Amplicon-short-trimmed+3,175,c,947424,1014,0.107
SARS-CoV2-5UTR-Amplicon-short-trimmed+3,176,a,947424,1102,0.1163
SARS-CoV2-5UTR-Amplicon-short-trimmed+3,177,g,947424,889,0.0938
SARS-CoV2-5UTR-Amplicon-short-trimmed+3,178,c,947424,5933,0.6262
SARS-CoV2-5UTR-Amplicon-short-trimmed+3,179,a,947424,949,0.1002
SARS-CoV2-5UTR-Amplicon-short-trimmed+3,180,c,947424,853,0.09
SARS-CoV2-5UTR-Amplicon-short-trimmed+3,181,a,947424,568,0.06
SARS-CoV2-5UTR-Amplicon-short-trimmed+3,182,t,947424,539,0.0569
SARS-CoV2-5UTR-Amplicon-short-trimmed+3,183,c,947424,423,0.0446
SARS-CoV2-5UTR-Amplicon-short-trimmed+3,184,t,947424,1075,0.1135
SARS-CoV2-5UTR-Amplicon-short-trimmed+3,185,a,947413,1245,0.1314
SARS-CoV2-5UTR-Amplicon-short-trimmed+3,186,g,947413,557,0.0588
SARS-CoV2-5UTR-Amplicon-short-trimmed+3,187,g,947413,684,0.0722
SARS-CoV2-5UTR-Amplicon-short-trimmed+3,188,t,947413,2414,0.2548
SARS-CoV2-5UTR-Amplicon-short-trimmed+3,189,t,947413,1496,0.1579
SARS-CoV2-5UTR-Amplicon-short-trimmed+3,190,t,947413,1914,0.202
SARS-CoV2-5UTR-Amplicon-short-trimmed+3,191,c,947413,1016,0.1072
SARS-CoV2-5UTR-Amplicon-short-trimmed+3,192,g,947401,692,0.073
SARS-CoV2-5UTR-Amplicon-short-trimmed+3,193,t,947401,4785,0.5051
SARS-CoV2-5UTR-Amplicon-short-trimmed+3,194,c,947396,768,0.0811
SARS-CoV2-5UTR-Amplicon-short-trimmed+3,195,c,947394,1162,0.1227
SARS-CoV2-5UTR-Amplicon-short-trimmed+3,196,g,947370,558,0.0589
SARS-CoV2-5UTR-Amplicon-short-trimmed+3,197,g,947364,549,0.058
SARS-CoV2-5UTR-Amplicon-short-trimmed+3,198,g,947364,4332,0.4573
SARS-CoV2-5UTR-Amplicon-short-trimmed+3,199,t,947364,1225,0.1293
SARS-CoV2-5UTR-Amplicon-short-trimmed+3,200,g,947359,1821,0.1922
SARS-CoV2-5UTR-Amplicon-short-trimmed+3,201,t,947359,2503,0.2642
SARS-CoV2-5UTR-Amplicon-short-trimmed+3,202,g,947359,1009,0.1065
SARS-CoV2-5UTR-Amplicon-short-trimmed+3,203,a,947353,1648,0.174
SARS-CoV2-5UTR-Amplicon-short-trimmed+3,204,c,947352,628,0.0663
SARS-CoV2-5UTR-Amplicon-short-trimmed+3,205,c,947352,414,0.0437
SARS-CoV2-5UTR-Amplicon-short-trimmed+3,206,g,947352,681,0.0719
SARS-CoV2-5UTR-Amplicon-short-trimmed+3,207,a,947352,558,0.0589
SARS-CoV2-5UTR-Amplicon-short-trimmed+3,208,a,947346,367,0.0387
SARS-CoV2-5UTR-Amplicon-short-trimmed+3,209,a,947344,911,0.0962
SARS-CoV2-5UTR-Amplicon-short-trimmed+3,210,g,947344,381,0.0402
SARS-CoV2-5UTR-Amplicon-short-trimmed+3,211,g,947340,1283,0.1354
SARS-CoV2-5UTR-Amplicon-short-trimmed+3,212,t,947340,680,0.0718
SARS-CoV2-5UTR-Amplicon-short-trimmed+3,213,a,947340,492,0.0519
SARS-CoV2-5UTR-Amplicon-short-trimmed+3,214,a,947340,679,0.0717
SARS-CoV2-5UTR-Amplicon-short-trimmed+3,215,g,947341,337,0.0356
SARS-CoV2-5UTR-Amplicon-short-trimmed+3,216,a,947433,361,0.0381
SARS-CoV2-5UTR-Amplicon-short-trimmed+3,217,t,947433,877,0.0926
SARS-CoV2-5UTR-Amplicon-short-trimmed+3,218,g,947433,512,0.054
SARS-CoV2-5UTR-Amplicon-short-trimmed+3,219,g,947430,802,0.0847
SARS-CoV2-5UTR-Amplicon-short-trimmed+3,220,a,947430,1900,0.2005
SARS-CoV2-5UTR-Amplicon-short-trimmed+3,221,g,947430,1679,0.1772
SARS-CoV2-5UTR-Amplicon-short-trimmed+3,222,a,947332,780,0.0823
SARS-CoV2-5UTR-Amplicon-short-trimmed+3,223,g,947332,802,0.0847
SARS-CoV2-5UTR-Amplicon-short-trimmed+3,224,c,947332,416,0.0439
SARS-CoV2-5UTR-Amplicon-short-trimmed+3,225,c,947332,460,0.0486
SARS-CoV2-5UTR-Amplicon-short-trimmed+3,226,t,947331,475,0.0501
SARS-CoV2-5UTR-Amplicon-short-trimmed+3,227,t,947330,4288,0.4526
SARS-CoV2-5UTR-Amplicon-short-trimmed+3,228,g,947329,562,0.0593
SARS-CoV2-5UTR-Amplicon-short-trimmed+3,229,t,947329,1233,0.1302
SARS-CoV2-5UTR-Amplicon-short-trimmed+3,230,c,947319,2730,0.2882
SARS-CoV2-5UTR-Amplicon-short-trimmed+3,231,c,947318,334,0.0353
SARS-CoV2-5UTR-Amplicon-short-trimmed+3,232,c,947318,569,0.0601
SARS-CoV2-5UTR-Amplicon-short-trimmed+3,233,t,947256,1525,0.161
SARS-CoV2-5UTR-Amplicon-short-trimmed+3,234,g,947256,861,0.0909
SARS-CoV2-5UTR-Amplicon-short-trimmed+3,235,g,947256,1539,0.1625
SARS-CoV2-5UTR-Amplicon-short-trimmed+3,236,t,947251,398,0.042
SARS-CoV2-5UTR-Amplicon-short-trimmed+3,237,t,947251,629,0.0664
SARS-CoV2-5UTR-Amplicon-short-trimmed+3,238,t,947246,638,0.0674
SARS-CoV2-5UTR-Amplicon-short-trimmed+3,239,c,947228,6618,0.6987
SARS-CoV2-5UTR-Amplicon-short-trimmed+3,240,a,947196,685,0.0723
SARS-CoV2-5UTR-Amplicon-short-trimmed+3,241,a,947167,479,0.0506
SARS-CoV2-5UTR-Amplicon-short-trimmed+3,242,c,947139,604,0.0638
SARS-CoV2-5UTR-Amplicon-short-trimmed+3,243,g,947097,460,0.0486
SARS-CoV2-5UTR-Amplicon-short-trimmed+3,244,a,947000,1282,0.1354
SARS-CoV2-5UTR-Amplicon-short-trimmed+3,245,g,946408,2,2e-04
SARS-CoV2-5UTR-Amplicon-short-trimmed+3,246,g,945466,0,0
SARS-CoV2-5UTR-Amplicon-short-trimmed+3,247,G,943910,0,0
SARS-CoV2-5UTR-Amplicon-short-trimmed+3,248,A,943129,0,0
SARS-CoV2-5UTR-Amplicon-short-trimmed+3,249,G,942906,0,0
