Region,Position,Ref_base,Depth,Mut_count,Mut_percentage
SARS-CoV2-5UTR-Amplicon-short-trimmed+3,1,T,1124329,0,0
SARS-CoV2-5UTR-Amplicon-short-trimmed+3,2,T,1125159,0,0
SARS-CoV2-5UTR-Amplicon-short-trimmed+3,3,G,1125626,0,0
SARS-CoV2-5UTR-Amplicon-short-trimmed+3,4,t,1128625,0,0
SARS-CoV2-5UTR-Amplicon-short-trimmed+3,5,a,1129175,0,0
SARS-CoV2-5UTR-Amplicon-short-trimmed+3,6,g,1129613,1546,0.1369
SARS-CoV2-5UTR-Amplicon-short-trimmed+3,7,a,1130362,348,0.0308
SARS-CoV2-5UTR-Amplicon-short-trimmed+3,8,t,1130577,1079,0.0954
SARS-CoV2-5UTR-Amplicon-short-trimmed+3,9,c,1130909,860,0.076
SARS-CoV2-5UTR-Amplicon-short-trimmed+3,10,t,1131099,464,0.041
SARS-CoV2-5UTR-Amplicon-short-trimmed+3,11,g,1131207,3879,0.3429
SARS-CoV2-5UTR-Amplicon-short-trimmed+3,12,t,1131245,915,0.0809
SARS-CoV2-5UTR-Amplicon-short-trimmed+3,13,t,1131310,788,0.0697
SARS-CoV2-5UTR-Amplicon-short-trimmed+3,14,c,1131340,920,0.0813
SARS-CoV2-5UTR-Amplicon-short-trimmed+3,15,t,1131443,929,0.0821
SARS-CoV2-5UTR-Amplicon-short-trimmed+3,16,c,1131457,806,0.0712
SARS-CoV2-5UTR-Amplicon-short-trimmed+3,17,t,1131469,342,0.0302
SARS-CoV2-5UTR-Amplicon-short-trimmed+3,18,a,1131484,767,0.0678
SARS-CoV2-5UTR-Amplicon-short-trimmed+3,19,a,1131499,642,0.0567
SARS-CoV2-5UTR-Amplicon-short-trimmed+3,20,a,1131596,594,0.0525
SARS-CoV2-5UTR-Amplicon-short-trimmed+3,21,c,1131615,545,0.0482
SARS-CoV2-5UTR-Amplicon-short-trimmed+3,22,g,1131620,1946,0.172
SARS-CoV2-5UTR-Amplicon-short-trimmed+3,23,a,1131620,624,0.0551
SARS-CoV2-5UTR-Amplicon-short-trimmed+3,24,a,1131623,589,0.052
SARS-CoV2-5UTR-Amplicon-short-trimmed+3,25,c,1131625,18512,1.6359
SARS-CoV2-5UTR-Amplicon-short-trimmed+3,26,t,1131626,2604,0.2301
SARS-CoV2-5UTR-Amplicon-short-trimmed+3,27,t,1131626,1026,0.0907
SARS-CoV2-5UTR-Amplicon-short-trimmed+3,28,t,1131637,2736,0.2418
SARS-CoV2-5UTR-Amplicon-short-trimmed+3,29,a,1131637,1596,0.141
SARS-CoV2-5UTR-Amplicon-short-trimmed+3,30,a,1131641,774,0.0684
SARS-CoV2-5UTR-Amplicon-short-trimmed+3,31,a,1131610,698,0.0617
SARS-CoV2-5UTR-Amplicon-short-trimmed+3,32,a,1131619,509,0.045
SARS-CoV2-5UTR-Amplicon-short-trimmed+3,33,t,1131648,3002,0.2653
SARS-CoV2-5UTR-Amplicon-short-trimmed+3,34,c,1131642,874,0.0772
SARS-CoV2-5UTR-Amplicon-short-trimmed+3,35,t,1131642,1602,0.1416
SARS-CoV2-5UTR-Amplicon-short-trimmed+3,36,g,1131641,4228,0.3736
SARS-CoV2-5UTR-Amplicon-short-trimmed+3,37,t,1131628,749,0.0662
SARS-CoV2-5UTR-Amplicon-short-trimmed+3,38,g,1131605,2558,0.2261
SARS-CoV2-5UTR-Amplicon-short-trimmed+3,39,t,1131606,603,0.0533
SARS-CoV2-5UTR-Amplicon-short-trimmed+3,40,g,1131612,2753,0.2433
SARS-CoV2-5UTR-Amplicon-short-trimmed+3,41,g,1131612,2891,0.2555
SARS-CoV2-5UTR-Amplicon-short-trimmed+3,42,c,1131612,1343,0.1187
SARS-CoV2-5UTR-Amplicon-short-trimmed+3,43,t,1131602,1333,0.1178
SARS-CoV2-5UTR-Amplicon-short-trimmed+3,44,g,1131602,2335,0.2063
SARS-CoV2-5UTR-Amplicon-short-trimmed+3,45,t,1131603,1581,0.1397
SARS-CoV2-5UTR-Amplicon-short-trimmed+3,46,c,1131602,711,0.0628
SARS-CoV2-5UTR-Amplicon-short-trimmed+3,47,a,1131550,1188,0.105
SARS-CoV2-5UTR-Amplicon-short-trimmed+3,48,c,1131550,901,0.0796
SARS-CoV2-5UTR-Amplicon-short-trimmed+3,49,t,1131550,773,0.0683
SARS-CoV2-5UTR-Amplicon-short-trimmed+3,50,c,1131546,1488,0.1315
SARS-CoV2-5UTR-Amplicon-short-trimmed+3,51,g,1131545,2906,0.2568
SARS-CoV2-5UTR-Amplicon-short-trimmed+3,52,g,1131544,5056,0.4468
SARS-CoV2-5UTR-Amplicon-short-trimmed+3,53,c,1131544,1472,0.1301
SARS-CoV2-5UTR-Amplicon-short-trimmed+3,54,t,1131545,1587,0.1403
SARS-CoV2-5UTR-Amplicon-short-trimmed+3,55,g,1131544,3033,0.268
SARS-CoV2-5UTR-Amplicon-short-trimmed+3,56,c,1131557,1417,0.1252
SARS-CoV2-5UTR-Amplicon-short-trimmed+3,57,g,1131557,2813,0.2486
SARS-CoV2-5UTR-Amplicon-short-trimmed+3,58,t,1131557,902,0.0797
SARS-CoV2-5UTR-Amplicon-short-trimmed+3,59,g,1131517,2812,0.2485
SARS-CoV2-5UTR-Amplicon-short-trimmed+3,60,c,1131519,1155,0.1021
SARS-CoV2-5UTR-Amplicon-short-trimmed+3,61,t,1131489,1444,0.1276
SARS-CoV2-5UTR-Amplicon-short-trimmed+3,62,t,1131489,1673,0.1479
SARS-CoV2-5UTR-Amplicon-short-trimmed+3,63,a,1131479,1888,0.1669
SARS-CoV2-5UTR-Amplicon-short-trimmed+3,64,g,1131479,2403,0.2124
SARS-CoV2-5UTR-Amplicon-short-trimmed+3,65,t,1131479,741,0.0655
SARS-CoV2-5UTR-Amplicon-short-trimmed+3,66,g,1131479,3501,0.3094
SARS-CoV2-5UTR-Amplicon-short-trimmed+3,67,c,1131479,2421,0.214
SARS-CoV2-5UTR-Amplicon-short-trimmed+3,68,a,1131479,1014,0.0896
SARS-CoV2-5UTR-Amplicon-short-trimmed+3,69,c,1131479,853,0.0754
SARS-CoV2-5UTR-Amplicon-short-trimmed+3,70,t,1131479,782,0.0691
SARS-CoV2-5UTR-Amplicon-short-trimmed+3,71,c,1131479,841,0.0743
SARS-CoV2-5UTR-Amplicon-short-trimmed+3,72,a,1131439,931,0.0823
SARS-CoV2-5UTR-Amplicon-short-trimmed+3,73,c,1131439,921,0.0814
SARS-CoV2-5UTR-Amplicon-short-trimmed+3,74,g,1131440,3214,0.2841
SARS-CoV2-5UTR-Amplicon-short-trimmed+3,75,c,1131406,1735,0.1533
SARS-CoV2-5UTR-Amplicon-short-trimmed+3,76,a,1131404,868,0.0767
SARS-CoV2-5UTR-Amplicon-short-trimmed+3,77,g,1131404,1817,0.1606
SARS-CoV2-5UTR-Amplicon-short-trimmed+3,78,t,1131378,631,0.0558
SARS-CoV2-5UTR-Amplicon-short-trimmed+3,79,a,1131342,911,0.0805
SARS-CoV2-5UTR-Amplicon-short-trimmed+3,80,t,1131362,343,0.0303
SARS-CoV2-5UTR-Amplicon-short-trimmed+3,81,a,1131068,493,0.0436
SARS-CoV2-5UTR-Amplicon-short-trimmed+3,82,a,1131072,1012,0.0895
SARS-CoV2-5UTR-Amplicon-short-trimmed+3,83,t,1131087,632,0.0559
SARS-CoV2-5UTR-Amplicon-short-trimmed+3,84,t,1131071,1083,0.0957
SARS-CoV2-5UTR-Amplicon-short-trimmed+3,85,a,1131032,1016,0.0898
SARS-CoV2-5UTR-Amplicon-short-trimmed+3,86,a,1130962,814,0.072
SARS-CoV2-5UTR-Amplicon-short-trimmed+3,87,t,1131007,601,0.0531
SARS-CoV2-5UTR-Amplicon-short-trimmed+3,88,a,1131016,727,0.0643
SARS-CoV2-5UTR-Amplicon-short-trimmed+3,89,a,1131079,3186,0.2817
SARS-CoV2-5UTR-Amplicon-short-trimmed+3,90,c,1131139,774,0.0684
SARS-CoV2-5UTR-Amplicon-short-trimmed+3,91,t,1131103,724,0.064
SARS-CoV2-5UTR-Amplicon-short-trimmed+3,92,a,1130979,735,0.065
SARS-CoV2-5UTR-Amplicon-short-trimmed+3,93,a,1130943,702,0.0621
SARS-CoV2-5UTR-Amplicon-short-trimmed+3,94,t,1130923,690,0.061
SARS-CoV2-5UTR-Amplicon-short-trimmed+3,95,t,1130910,1039,0.0919
SARS-CoV2-5UTR-Amplicon-short-trimmed+3,96,a,1130840,722,0.0638
SARS-CoV2-5UTR-Amplicon-short-trimmed+3,97,c,1130746,453,0.0401
SARS-CoV2-5UTR-Amplicon-short-trimmed+3,98,t,1130633,982,0.0869
SARS-CoV2-5UTR-Amplicon-short-trimmed+3,99,g,1130263,2065,0.1827
SARS-CoV2-5UTR-Amplicon-short-trimmed+3,100,t,1129902,1104,0.0977
SARS-CoV2-5UTR-Amplicon-short-trimmed+3,101,c,1129745,1228,0.1087
SARS-CoV2-5UTR-Amplicon-short-trimmed+3,102,g,1129518,3428,0.3035
SARS-CoV2-5UTR-Amplicon-short-trimmed+3,103,t,1129476,851,0.0753
SARS-CoV2-5UTR-Amplicon-short-trimmed+3,104,t,1129452,1029,0.0911
SARS-CoV2-5UTR-Amplicon-short-trimmed+3,105,g,1129044,964,0.0854
SARS-CoV2-5UTR-Amplicon-short-trimmed+3,106,a,1128928,951,0.0842
SARS-CoV2-5UTR-Amplicon-short-trimmed+3,107,c,1129000,1281,0.1135
SARS-CoV2-5UTR-Amplicon-short-trimmed+3,108,a,1129053,1539,0.1363
SARS-CoV2-5UTR-Amplicon-short-trimmed+3,109,g,1129031,3049,0.2701
SARS-CoV2-5UTR-Amplicon-short-trimmed+3,110,g,1129276,1522,0.1348
SARS-CoV2-5UTR-Amplicon-short-trimmed+3,111,a,1129972,997,0.0882
SARS-CoV2-5UTR-Amplicon-short-trimmed+3,112,c,1130872,1408,0.1245
SARS-CoV2-5UTR-Amplicon-short-trimmed+3,113,a,1132835,1385,0.1223
SARS-CoV2-5UTR-Amplicon-short-trimmed+3,114,c,1138189,1318,0.1158
SARS-CoV2-5UTR-Amplicon-short-trimmed+3,115,g,1151542,1928,0.1674
SARS-CoV2-5UTR-Amplicon-short-trimmed+3,116,a,1223738,1201,0.0981
SARS-CoV2-5UTR-Amplicon-short-trimmed+3,117,g,1999957,4113,0.2057
SARS-CoV2-5UTR-Amplicon-short-trimmed+3,118,t,1999788,3097,0.1549
SARS-CoV2-5UTR-Amplicon-short-trimmed+3,119,a,1999706,3296,0.1648
SARS-CoV2-5UTR-Amplicon-short-trimmed+3,120,a,1999934,2425,0.1213
SARS-CoV2-5UTR-Amplicon-short-trimmed+3,121,c,1999998,2422,0.1211
SARS-CoV2-5UTR-Amplicon-short-trimmed+3,122,t,1999925,3573,0.1787
SARS-CoV2-5UTR-Amplicon-short-trimmed+3,123,c,1999985,3376,0.1688
SARS-CoV2-5UTR-Amplicon-short-trimmed+3,124,g,1999659,5949,0.2975
SARS-CoV2-5UTR-Amplicon-short-trimmed+3,125,t,1999980,5639,0.282
SARS-CoV2-5UTR-Amplicon-short-trimmed+3,126,c,1999968,2608,0.1304
SARS-CoV2-5UTR-Amplicon-short-trimmed+3,127,t,1999953,1281,0.0641
SARS-CoV2-5UTR-Amplicon-short-trimmed+3,128,a,1999752,2732,0.1366
SARS-CoV2-5UTR-Amplicon-short-trimmed+3,129,t,1999475,7009,0.3505
SARS-CoV2-5UTR-Amplicon-short-trimmed+3,130,c,1999491,1362,0.0681
SARS-CoV2-5UTR-Amplicon-short-trimmed+3,131,t,1999349,2081,0.1041
SARS-CoV2-5UTR-Amplicon-short-trimmed+3,132,t,1987841,2233,0.1123
SARS-CoV2-5UTR-Amplicon-short-trimmed+3,133,c,994198,1511,0.152
SARS-CoV2-5UTR-Amplicon-short-trimmed+3,134,t,896858,1593,0.1776
SARS-CoV2-5UTR-Amplicon-short-trimmed+3,135,g,882242,3354,0.3802
SARS-CoV2-5UTR-Amplicon-short-trimmed+3,136,c,877952,4632,0.5276
SARS-CoV2-5UTR-Amplicon-short-trimmed+3,137,a,877186,1861,0.2122
SARS-CoV2-5UTR-Amplicon-short-trimmed+3,138,g,876431,1813,0.2069
SARS-CoV2-5UTR-Amplicon-short-trimmed+3,139,g,875996,2648,0.3023
SARS-CoV2-5UTR-Amplicon-short-trimmed+3,140,c,875662,2109,0.2408
SARS-CoV2-5UTR-Amplicon-short-trimmed+3,141,t,875509,3337,0.3811
SARS-CoV2-5UTR-Amplicon-short-trimmed+3,142,g,875420,2597,0.2967
SARS-CoV2-5UTR-Amplicon-short-trimmed+3,143,c,875348,4541,0.5188
SARS-CoV2-5UTR-Amplicon-short-trimmed+3,144,t,875320,1119,0.1278
SARS-CoV2-5UTR-Amplicon-short-trimmed+3,145,t,875291,1918,0.2191
SARS-CoV2-5UTR-Amplicon-short-trimmed+3,146,a,875188,1553,0.1774
SARS-CoV2-5UTR-Amplicon-short-trimmed+3,147,c,875164,1597,0.1825
SARS-CoV2-5UTR-Amplicon-short-trimmed+3,148,g,875142,2383,0.2723
SARS-CoV2-5UTR-Amplicon-short-trimmed+3,149,g,875147,2616,0.2989
SARS-CoV2-5UTR-Amplicon-short-trimmed+3,150,t,875141,1609,0.1839
SARS-CoV2-5UTR-Amplicon-short-trimmed+3,151,t,875122,1214,0.1387
SARS-CoV2-5UTR-Amplicon-short-trimmed+3,152,t,875115,2582,0.295
SARS-CoV2-5UTR-Amplicon-short-trimmed+3,153,c,875099,2373,0.2712
SARS-CoV2-5UTR-Amplicon-short-trimmed+3,154,g,875090,2170,0.248
SARS-CoV2-5UTR-Amplicon-short-trimmed+3,155,t,875083,2662,0.3042
SARS-CoV2-5UTR-Amplicon-short-trimmed+3,156,c,875079,2479,0.2833
SARS-CoV2-5UTR-Amplicon-short-trimmed+3,157,c,875080,2380,0.272
SARS-CoV2-5UTR-Amplicon-short-trimmed+3,158,g,875076,2376,0.2715
SARS-CoV2-5UTR-Amplicon-short-trimmed+3,159,t,875062,7019,0.8021
SARS-CoV2-5UTR-Amplicon-short-trimmed+3,160,g,875068,1875,0.2143
SARS-CoV2-5UTR-Amplicon-short-trimmed+3,161,t,875073,1347,0.1539
SARS-CoV2-5UTR-Amplicon-short-trimmed+3,162,t,875074,1636,0.187
SARS-CoV2-5UTR-Amplicon-short-trimmed+3,163,g,875076,2038,0.2329
SARS-CoV2-5UTR-Amplicon-short-trimmed+3,164,c,875076,2371,0.2709
SARS-CoV2-5UTR-Amplicon-short-trimmed+3,165,a,875074,2393,0.2735
SARS-CoV2-5UTR-Amplicon-short-trimmed+3,166,g,875122,3269,0.3735
SARS-CoV2-5UTR-Amplicon-short-trimmed+3,167,c,875136,3116,0.3561
SARS-CoV2-5UTR-Amplicon-short-trimmed+3,168,c,875138,6082,0.695
SARS-CoV2-5UTR-Amplicon-short-trimmed+3,169,g,875172,1539,0.1759
SARS-CoV2-5UTR-Amplicon-short-trimmed+3,170,a,875194,978,0.1117
SARS-CoV2-5UTR-Amplicon-short-trimmed+3,171,t,875198,1282,0.1465
SARS-CoV2-5UTR-Amplicon-short-trimmed+3,172,c,875199,972,0.1111
SARS-CoV2-5UTR-Amplicon-short-trimmed+3,173,a,875202,831,0.0949
SARS-CoV2-5UTR-Amplicon-short-trimmed+3,174,t,875228,743,0.0849
SARS-CoV2-5UTR-Amplicon-short-trimmed+3,175,c,875228,1378,0.1574
SARS-CoV2-5UTR-Amplicon-short-trimmed+3,176,a,875226,1519,0.1736
SARS-CoV2-5UTR-Amplicon-short-trimmed+3,177,g,875227,2715,0.3102
SARS-CoV2-5UTR-Amplicon-short-trimmed+3,178,c,875229,6594,0.7534
SARS-CoV2-5UTR-Amplicon-short-trimmed+3,179,a,875229,1269,0.145
SARS-CoV2-5UTR-Amplicon-short-trimmed+3,180,c,875220,1038,0.1186
SARS-CoV2-5UTR-Amplicon-short-trimmed+3,181,a,875220,736,0.0841
SARS-CoV2-5UTR-Amplicon-short-trimmed+3,182,t,875308,1076,0.1229
SARS-CoV2-5UTR-Amplicon-short-trimmed+3,183,c,875308,813,0.0929
SARS-CoV2-5UTR-Amplicon-short-trimmed+3,184,t,875304,1554,0.1775
SARS-CoV2-5UTR-Amplicon-short-trimmed+3,185,a,875293,2706,0.3092
SARS-CoV2-5UTR-Amplicon-short-trimmed+3,186,g,875294,3099,0.3541
SARS-CoV2-5UTR-Amplicon-short-trimmed+3,187,g,875288,3248,0.3711
SARS-CoV2-5UTR-Amplicon-short-trimmed+3,188,t,875290,1549,0.177
SARS-CoV2-5UTR-Amplicon-short-trimmed+3,189,t,875324,2054,0.2347
SARS-CoV2-5UTR-Amplicon-short-trimmed+3,190,t,875322,2594,0.2963
SARS-CoV2-5UTR-Amplicon-short-trimmed+3,191,c,875322,2169,0.2478
SARS-CoV2-5UTR-Amplicon-short-trimmed+3,192,g,875318,2414,0.2758
SARS-CoV2-5UTR-Amplicon-short-trimmed+3,193,t,875319,6219,0.7105
SARS-CoV2-5UTR-Amplicon-short-trimmed+3,194,c,875305,1855,0.2119
SARS-CoV2-5UTR-Amplicon-short-trimmed+3,195,c,875312,2163,0.2471
SARS-CoV2-5UTR-Amplicon-short-trimmed+3,196,g,875311,3341,0.3817
SARS-CoV2-5UTR-Amplicon-short-trimmed+3,197,g,875312,3285,0.3753
SARS-CoV2-5UTR-Amplicon-short-trimmed+3,198,g,875306,6201,0.7084
SARS-CoV2-5UTR-Amplicon-short-trimmed+3,199,t,875302,2133,0.2437
SARS-CoV2-5UTR-Amplicon-short-trimmed+3,200,g,875304,3408,0.3894
SARS-CoV2-5UTR-Amplicon-short-trimmed+3,201,t,875296,1285,0.1468
SARS-CoV2-5UTR-Amplicon-short-trimmed+3,202,g,875293,1879,0.2147
SARS-CoV2-5UTR-Amplicon-short-trimmed+3,203,a,875284,2494,0.2849
SARS-CoV2-5UTR-Amplicon-short-trimmed+3,204,c,875285,1021,0.1166
SARS-CoV2-5UTR-Amplicon-short-trimmed+3,205,c,875285,847,0.0968
SARS-CoV2-5UTR-Amplicon-short-trimmed+3,206,g,875292,2769,0.3164
SARS-CoV2-5UTR-Amplicon-short-trimmed+3,207,a,875255,1087,0.1242
SARS-CoV2-5UTR-Amplicon-short-trimmed+3,208,a,875250,616,0.0704
SARS-CoV2-5UTR-Amplicon-short-trimmed+3,209,a,875239,1145,0.1308
SARS-CoV2-5UTR-Amplicon-short-trimmed+3,210,g,875230,2428,0.2774
SARS-CoV2-5UTR-Amplicon-short-trimmed+3,211,g,875235,2086,0.2383
SARS-CoV2-5UTR-Amplicon-short-trimmed+3,212,t,875240,844,0.0964
SARS-CoV2-5UTR-Amplicon-short-trimmed+3,213,a,875240,739,0.0844
SARS-CoV2-5UTR-Amplicon-short-trimmed+3,214,a,875240,984,0.1124
SARS-CoV2-5UTR-Amplicon-short-trimmed+3,215,g,875259,1018,0.1163
SARS-CoV2-5UTR-Amplicon-short-trimmed+3,216,a,875303,520,0.0594
SARS-CoV2-5UTR-Amplicon-short-trimmed+3,217,t,875302,1281,0.1463
SARS-CoV2-5UTR-Amplicon-short-trimmed+3,218,g,875302,2403,0.2745
SARS-CoV2-5UTR-Amplicon-short-trimmed+3,219,g,875348,1784,0.2038
SARS-CoV2-5UTR-Amplicon-short-trimmed+3,220,a,875344,2574,0.2941
SARS-CoV2-5UTR-Amplicon-short-trimmed+3,221,g,875343,2456,0.2806
SARS-CoV2-5UTR-Amplicon-short-trimmed+3,222,a,875290,1105,0.1262
SARS-CoV2-5UTR-Amplicon-short-trimmed+3,223,g,875290,2945,0.3365
SARS-CoV2-5UTR-Amplicon-short-trimmed+3,224,c,875285,1169,0.1336
SARS-CoV2-5UTR-Amplicon-short-trimmed+3,225,c,875283,954,0.109
SARS-CoV2-5UTR-Amplicon-short-trimmed+3,226,t,875278,944,0.1079
SARS-CoV2-5UTR-Amplicon-short-trimmed+3,227,t,875259,5155,0.589
SARS-CoV2-5UTR-Amplicon-short-trimmed+3,228,g,875254,1866,0.2132
SARS-CoV2-5UTR-Amplicon-short-trimmed+3,229,t,875250,1861,0.2126
SARS-CoV2-5UTR-Amplicon-short-trimmed+3,230,c,875245,1028,0.1175
SARS-CoV2-5UTR-Amplicon-short-trimmed+3,231,c,875245,978,0.1117
SARS-CoV2-5UTR-Amplicon-short-trimmed+3,232,c,875244,1300,0.1485
SARS-CoV2-5UTR-Amplicon-short-trimmed+3,233,t,874988,2472,0.2825
SARS-CoV2-5UTR-Amplicon-short-trimmed+3,234,g,874971,3081,0.3521
SARS-CoV2-5UTR-Amplicon-short-trimmed+3,235,g,874969,3389,0.3873
SARS-CoV2-5UTR-Amplicon-short-trimmed+3,236,t,874967,776,0.0887
SARS-CoV2-5UTR-Amplicon-short-trimmed+3,237,t,874962,712,0.0814
SARS-CoV2-5UTR-Amplicon-short-trimmed+3,238,t,874911,781,0.0893
SARS-CoV2-5UTR-Amplicon-short-trimmed+3,239,c,874826,6172,0.7055
SARS-CoV2-5UTR-Amplicon-short-trimmed+3,240,a,874737,868,0.0992
SARS-CoV2-5UTR-Amplicon-short-trimmed+3,241,a,874668,600,0.0686
SARS-CoV2-5UTR-Amplicon-short-trimmed+3,242,c,874535,1038,0.1187
SARS-CoV2-5UTR-Amplicon-short-trimmed+3,243,g,874359,1134,0.1297
SARS-CoV2-5UTR-Amplicon-short-trimmed+3,244,a,874133,1345,0.1539
SARS-CoV2-5UTR-Amplicon-short-trimmed+3,245,g,872227,1,1e-04
SARS-CoV2-5UTR-Amplicon-short-trimmed+3,246,g,869745,0,0
SARS-CoV2-5UTR-Amplicon-short-trimmed+3,247,G,867146,0,0
SARS-CoV2-5UTR-Amplicon-short-trimmed+3,248,A,866163,0,0
SARS-CoV2-5UTR-Amplicon-short-trimmed+3,249,G,865828,0,0
