Region,Position,Ref_base,Depth,Mut_count,Mut_percentage
SARS-CoV2-5UTR-Amplicon-short-trimmed+3,1,T,1143234,0,0
SARS-CoV2-5UTR-Amplicon-short-trimmed+3,2,T,1144091,0,0
SARS-CoV2-5UTR-Amplicon-short-trimmed+3,3,G,1144353,0,0
SARS-CoV2-5UTR-Amplicon-short-trimmed+3,4,t,1146718,0,0
SARS-CoV2-5UTR-Amplicon-short-trimmed+3,5,a,1146993,0,0
SARS-CoV2-5UTR-Amplicon-short-trimmed+3,6,g,1147208,1158,0.1009
SARS-CoV2-5UTR-Amplicon-short-trimmed+3,7,a,1147405,288,0.0251
SARS-CoV2-5UTR-Amplicon-short-trimmed+3,8,t,1147419,256,0.0223
SARS-CoV2-5UTR-Amplicon-short-trimmed+3,9,c,1147430,355,0.0309
SARS-CoV2-5UTR-Amplicon-short-trimmed+3,10,t,1147435,398,0.0347
SARS-CoV2-5UTR-Amplicon-short-trimmed+3,11,g,1147450,9195,0.8013
SARS-CoV2-5UTR-Amplicon-short-trimmed+3,12,t,1147494,335,0.0292
SARS-CoV2-5UTR-Amplicon-short-trimmed+3,13,t,1147497,377,0.0329
SARS-CoV2-5UTR-Amplicon-short-trimmed+3,14,c,1147505,269,0.0234
SARS-CoV2-5UTR-Amplicon-short-trimmed+3,15,t,1147509,416,0.0363
SARS-CoV2-5UTR-Amplicon-short-trimmed+3,16,c,1147517,778,0.0678
SARS-CoV2-5UTR-Amplicon-short-trimmed+3,17,t,1147519,284,0.0247
SARS-CoV2-5UTR-Amplicon-short-trimmed+3,18,a,1147520,520,0.0453
SARS-CoV2-5UTR-Amplicon-short-trimmed+3,19,a,1147523,511,0.0445
SARS-CoV2-5UTR-Amplicon-short-trimmed+3,20,a,1147626,365,0.0318
SARS-CoV2-5UTR-Amplicon-short-trimmed+3,21,c,1147628,448,0.039
SARS-CoV2-5UTR-Amplicon-short-trimmed+3,22,g,1147632,3472,0.3025
SARS-CoV2-5UTR-Amplicon-short-trimmed+3,23,a,1147633,422,0.0368
SARS-CoV2-5UTR-Amplicon-short-trimmed+3,24,a,1147634,300,0.0261
SARS-CoV2-5UTR-Amplicon-short-trimmed+3,25,c,1147635,10906,0.9503
SARS-CoV2-5UTR-Amplicon-short-trimmed+3,26,t,1147638,936,0.0816
SARS-CoV2-5UTR-Amplicon-short-trimmed+3,27,t,1147638,1108,0.0965
SARS-CoV2-5UTR-Amplicon-short-trimmed+3,28,t,1147643,2461,0.2144
SARS-CoV2-5UTR-Amplicon-short-trimmed+3,29,a,1147644,812,0.0708
SARS-CoV2-5UTR-Amplicon-short-trimmed+3,30,a,1147644,410,0.0357
SARS-CoV2-5UTR-Amplicon-short-trimmed+3,31,a,1147624,399,0.0348
SARS-CoV2-5UTR-Amplicon-short-trimmed+3,32,a,1147624,304,0.0265
SARS-CoV2-5UTR-Amplicon-short-trimmed+3,33,t,1147624,2497,0.2176
SARS-CoV2-5UTR-Amplicon-short-trimmed+3,34,c,1147624,427,0.0372
SARS-CoV2-5UTR-Amplicon-short-trimmed+3,35,t,1147624,521,0.0454
SARS-CoV2-5UTR-Amplicon-short-trimmed+3,36,g,1147624,2178,0.1898
SARS-CoV2-5UTR-Amplicon-short-trimmed+3,37,t,1147605,363,0.0316
SARS-CoV2-5UTR-Amplicon-short-trimmed+3,38,g,1147603,760,0.0662
SARS-CoV2-5UTR-Amplicon-short-trimmed+3,39,t,1147603,298,0.026
SARS-CoV2-5UTR-Amplicon-short-trimmed+3,40,g,1147603,884,0.077
SARS-CoV2-5UTR-Amplicon-short-trimmed+3,41,g,1147603,1015,0.0884
SARS-CoV2-5UTR-Amplicon-short-trimmed+3,42,c,1147601,284,0.0247
SARS-CoV2-5UTR-Amplicon-short-trimmed+3,43,t,1147599,999,0.0871
SARS-CoV2-5UTR-Amplicon-short-trimmed+3,44,g,1147598,1092,0.0952
SARS-CoV2-5UTR-Amplicon-short-trimmed+3,45,t,1147597,738,0.0643
SARS-CoV2-5UTR-Amplicon-short-trimmed+3,46,c,1147596,184,0.016
SARS-CoV2-5UTR-Amplicon-short-trimmed+3,47,a,1147581,463,0.0403
SARS-CoV2-5UTR-Amplicon-short-trimmed+3,48,c,1147581,238,0.0207
SARS-CoV2-5UTR-Amplicon-short-trimmed+3,49,t,1147581,327,0.0285
SARS-CoV2-5UTR-Amplicon-short-trimmed+3,50,c,1147576,357,0.0311
SARS-CoV2-5UTR-Amplicon-short-trimmed+3,51,g,1147576,1716,0.1495
SARS-CoV2-5UTR-Amplicon-short-trimmed+3,52,g,1147576,1462,0.1274
SARS-CoV2-5UTR-Amplicon-short-trimmed+3,53,c,1147577,1519,0.1324
SARS-CoV2-5UTR-Amplicon-short-trimmed+3,54,t,1147583,1886,0.1643
SARS-CoV2-5UTR-Amplicon-short-trimmed+3,55,g,1147583,10123,0.8821
SARS-CoV2-5UTR-Amplicon-short-trimmed+3,56,c,1147583,518,0.0451
SARS-CoV2-5UTR-Amplicon-short-trimmed+3,57,g,1147583,2376,0.207
SARS-CoV2-5UTR-Amplicon-short-trimmed+3,58,t,1147583,442,0.0385
SARS-CoV2-5UTR-Amplicon-short-trimmed+3,59,g,1147582,1157,0.1008
SARS-CoV2-5UTR-Amplicon-short-trimmed+3,60,c,1147582,491,0.0428
SARS-CoV2-5UTR-Amplicon-short-trimmed+3,61,t,1147582,799,0.0696
SARS-CoV2-5UTR-Amplicon-short-trimmed+3,62,t,1147581,1239,0.108
SARS-CoV2-5UTR-Amplicon-short-trimmed+3,63,a,1147580,1605,0.1399
SARS-CoV2-5UTR-Amplicon-short-trimmed+3,64,g,1147582,1927,0.1679
SARS-CoV2-5UTR-Amplicon-short-trimmed+3,65,t,1147582,550,0.0479
SARS-CoV2-5UTR-Amplicon-short-trimmed+3,66,g,1147552,2263,0.1972
SARS-CoV2-5UTR-Amplicon-short-trimmed+3,67,c,1147552,758,0.0661
SARS-CoV2-5UTR-Amplicon-short-trimmed+3,68,a,1147551,544,0.0474
SARS-CoV2-5UTR-Amplicon-short-trimmed+3,69,c,1147551,368,0.0321
SARS-CoV2-5UTR-Amplicon-short-trimmed+3,70,t,1147551,489,0.0426
SARS-CoV2-5UTR-Amplicon-short-trimmed+3,71,c,1147551,575,0.0501
SARS-CoV2-5UTR-Amplicon-short-trimmed+3,72,a,1147551,590,0.0514
SARS-CoV2-5UTR-Amplicon-short-trimmed+3,73,c,1147551,352,0.0307
SARS-CoV2-5UTR-Amplicon-short-trimmed+3,74,g,1147551,1607,0.14
SARS-CoV2-5UTR-Amplicon-short-trimmed+3,75,c,1147553,1491,0.1299
SARS-CoV2-5UTR-Amplicon-short-trimmed+3,76,a,1147553,736,0.0641
SARS-CoV2-5UTR-Amplicon-short-trimmed+3,77,g,1147553,1047,0.0912
SARS-CoV2-5UTR-Amplicon-short-trimmed+3,78,t,1147578,594,0.0518
SARS-CoV2-5UTR-Amplicon-short-trimmed+3,79,a,1147577,703,0.0613
SARS-CoV2-5UTR-Amplicon-short-trimmed+3,80,t,1147601,265,0.0231
SARS-CoV2-5UTR-Amplicon-short-trimmed+3,81,a,1147600,441,0.0384
SARS-CoV2-5UTR-Amplicon-short-trimmed+3,82,a,1147599,1007,0.0877
SARS-CoV2-5UTR-Amplicon-short-trimmed+3,83,t,1147597,372,0.0324
SARS-CoV2-5UTR-Amplicon-short-trimmed+3,84,t,1147599,999,0.0871
SARS-CoV2-5UTR-Amplicon-short-trimmed+3,85,a,1147587,721,0.0628
SARS-CoV2-5UTR-Amplicon-short-trimmed+3,86,a,1147587,574,0.05
SARS-CoV2-5UTR-Amplicon-short-trimmed+3,87,t,1147593,371,0.0323
SARS-CoV2-5UTR-Amplicon-short-trimmed+3,88,a,1147592,556,0.0484
SARS-CoV2-5UTR-Amplicon-short-trimmed+3,89,a,1147592,3037,0.2646
SARS-CoV2-5UTR-Amplicon-short-trimmed+3,90,c,1147594,501,0.0437
SARS-CoV2-5UTR-Amplicon-short-trimmed+3,91,t,1147605,539,0.047
SARS-CoV2-5UTR-Amplicon-short-trimmed+3,92,a,1147605,463,0.0403
SARS-CoV2-5UTR-Amplicon-short-trimmed+3,93,a,1147605,469,0.0409
SARS-CoV2-5UTR-Amplicon-short-trimmed+3,94,t,1147602,448,0.039
SARS-CoV2-5UTR-Amplicon-short-trimmed+3,95,t,1147607,750,0.0654
SARS-CoV2-5UTR-Amplicon-short-trimmed+3,96,a,1147591,413,0.036
SARS-CoV2-5UTR-Amplicon-short-trimmed+3,97,c,1147591,257,0.0224
SARS-CoV2-5UTR-Amplicon-short-trimmed+3,98,t,1147591,600,0.0523
SARS-CoV2-5UTR-Amplicon-short-trimmed+3,99,g,1147589,2768,0.2412
SARS-CoV2-5UTR-Amplicon-short-trimmed+3,100,t,1147589,637,0.0555
SARS-CoV2-5UTR-Amplicon-short-trimmed+3,101,c,1147590,457,0.0398
SARS-CoV2-5UTR-Amplicon-short-trimmed+3,102,g,1147610,5669,0.494
SARS-CoV2-5UTR-Amplicon-short-trimmed+3,103,t,1147624,491,0.0428
SARS-CoV2-5UTR-Amplicon-short-trimmed+3,104,t,1147633,862,0.0751
SARS-CoV2-5UTR-Amplicon-short-trimmed+3,105,g,1147637,474,0.0413
SARS-CoV2-5UTR-Amplicon-short-trimmed+3,106,a,1147672,588,0.0512
SARS-CoV2-5UTR-Amplicon-short-trimmed+3,107,c,1147686,619,0.0539
SARS-CoV2-5UTR-Amplicon-short-trimmed+3,108,a,1147720,762,0.0664
SARS-CoV2-5UTR-Amplicon-short-trimmed+3,109,g,1147806,970,0.0845
SARS-CoV2-5UTR-Amplicon-short-trimmed+3,110,g,1148014,1331,0.1159
SARS-CoV2-5UTR-Amplicon-short-trimmed+3,111,a,1148505,515,0.0448
SARS-CoV2-5UTR-Amplicon-short-trimmed+3,112,c,1149105,509,0.0443
SARS-CoV2-5UTR-Amplicon-short-trimmed+3,113,a,1150377,1085,0.0943
SARS-CoV2-5UTR-Amplicon-short-trimmed+3,114,c,1154373,711,0.0616
SARS-CoV2-5UTR-Amplicon-short-trimmed+3,115,g,1166831,1408,0.1207
SARS-CoV2-5UTR-Amplicon-short-trimmed+3,116,a,1235156,900,0.0729
SARS-CoV2-5UTR-Amplicon-short-trimmed+3,117,g,1999999,3933,0.1967
SARS-CoV2-5UTR-Amplicon-short-trimmed+3,118,t,1999984,2844,0.1422
SARS-CoV2-5UTR-Amplicon-short-trimmed+3,119,a,1999966,2823,0.1412
SARS-CoV2-5UTR-Amplicon-short-trimmed+3,120,a,1999999,1989,0.0995
SARS-CoV2-5UTR-Amplicon-short-trimmed+3,121,c,1999993,1657,0.0829
SARS-CoV2-5UTR-Amplicon-short-trimmed+3,122,t,1999988,4640,0.232
SARS-CoV2-5UTR-Amplicon-short-trimmed+3,123,c,1999988,3836,0.1918
SARS-CoV2-5UTR-Amplicon-short-trimmed+3,124,g,1999952,14277,0.7139
SARS-CoV2-5UTR-Amplicon-short-trimmed+3,125,t,1999955,2727,0.1364
SARS-CoV2-5UTR-Amplicon-short-trimmed+3,126,c,1999919,1487,0.0744
SARS-CoV2-5UTR-Amplicon-short-trimmed+3,127,t,1999850,906,0.0453
SARS-CoV2-5UTR-Amplicon-short-trimmed+3,128,a,1999485,2249,0.1125
SARS-CoV2-5UTR-Amplicon-short-trimmed+3,129,t,1998922,4606,0.2304
SARS-CoV2-5UTR-Amplicon-short-trimmed+3,130,c,1998934,624,0.0312
SARS-CoV2-5UTR-Amplicon-short-trimmed+3,131,t,1998846,1327,0.0664
SARS-CoV2-5UTR-Amplicon-short-trimmed+3,132,t,1989784,1262,0.0634
SARS-CoV2-5UTR-Amplicon-short-trimmed+3,133,c,972249,1047,0.1077
SARS-CoV2-5UTR-Amplicon-short-trimmed+3,134,t,873434,1067,0.1222
SARS-CoV2-5UTR-Amplicon-short-trimmed+3,135,g,859914,2635,0.3064
SARS-CoV2-5UTR-Amplicon-short-trimmed+3,136,c,855326,2912,0.3405
SARS-CoV2-5UTR-Amplicon-short-trimmed+3,137,a,854625,905,0.1059
SARS-CoV2-5UTR-Amplicon-short-trimmed+3,138,g,853946,499,0.0584
SARS-CoV2-5UTR-Amplicon-short-trimmed+3,139,g,853608,735,0.0861
SARS-CoV2-5UTR-Amplicon-short-trimmed+3,140,c,853397,950,0.1113
SARS-CoV2-5UTR-Amplicon-short-trimmed+3,141,t,853300,1896,0.2222
SARS-CoV2-5UTR-Amplicon-short-trimmed+3,142,g,853226,1437,0.1684
SARS-CoV2-5UTR-Amplicon-short-trimmed+3,143,c,853208,4198,0.492
SARS-CoV2-5UTR-Amplicon-short-trimmed+3,144,t,853168,438,0.0513
SARS-CoV2-5UTR-Amplicon-short-trimmed+3,145,t,853153,1237,0.145
SARS-CoV2-5UTR-Amplicon-short-trimmed+3,146,a,853064,1004,0.1177
SARS-CoV2-5UTR-Amplicon-short-trimmed+3,147,c,853051,827,0.0969
SARS-CoV2-5UTR-Amplicon-short-trimmed+3,148,g,853046,393,0.0461
SARS-CoV2-5UTR-Amplicon-short-trimmed+3,149,g,853038,644,0.0755
SARS-CoV2-5UTR-Amplicon-short-trimmed+3,150,t,853039,678,0.0795
SARS-CoV2-5UTR-Amplicon-short-trimmed+3,151,t,853043,637,0.0747
SARS-CoV2-5UTR-Amplicon-short-trimmed+3,152,t,853045,1901,0.2228
SARS-CoV2-5UTR-Amplicon-short-trimmed+3,153,c,853046,1475,0.1729
SARS-CoV2-5UTR-Amplicon-short-trimmed+3,154,g,853047,1986,0.2328
SARS-CoV2-5UTR-Amplicon-short-trimmed+3,155,t,853045,1320,0.1547
SARS-CoV2-5UTR-Amplicon-short-trimmed+3,156,c,853046,879,0.103
SARS-CoV2-5UTR-Amplicon-short-trimmed+3,157,c,853046,1358,0.1592
SARS-CoV2-5UTR-Amplicon-short-trimmed+3,158,g,853046,574,0.0673
SARS-CoV2-5UTR-Amplicon-short-trimmed+3,159,t,853041,5072,0.5946
SARS-CoV2-5UTR-Amplicon-short-trimmed+3,160,g,853044,2222,0.2605
SARS-CoV2-5UTR-Amplicon-short-trimmed+3,161,t,853049,737,0.0864
SARS-CoV2-5UTR-Amplicon-short-trimmed+3,162,t,853051,1097,0.1286
SARS-CoV2-5UTR-Amplicon-short-trimmed+3,163,g,853052,470,0.0551
SARS-CoV2-5UTR-Amplicon-short-trimmed+3,164,c,853052,1175,0.1377
SARS-CoV2-5UTR-Amplicon-short-trimmed+3,165,a,853055,949,0.1112
SARS-CoV2-5UTR-Amplicon-short-trimmed+3,166,g,853195,1196,0.1402
SARS-CoV2-5UTR-Amplicon-short-trimmed+3,167,c,853196,1350,0.1582
SARS-CoV2-5UTR-Amplicon-short-trimmed+3,168,c,853197,5155,0.6042
SARS-CoV2-5UTR-Amplicon-short-trimmed+3,169,g,853198,1034,0.1212
SARS-CoV2-5UTR-Amplicon-short-trimmed+3,170,a,853204,693,0.0812
SARS-CoV2-5UTR-Amplicon-short-trimmed+3,171,t,853206,683,0.0801
SARS-CoV2-5UTR-Amplicon-short-trimmed+3,172,c,853207,537,0.0629
SARS-CoV2-5UTR-Amplicon-short-trimmed+3,173,a,853207,630,0.0738
SARS-CoV2-5UTR-Amplicon-short-trimmed+3,174,t,853207,494,0.0579
SARS-CoV2-5UTR-Amplicon-short-trimmed+3,175,c,853214,788,0.0924
SARS-CoV2-5UTR-Amplicon-short-trimmed+3,176,a,853214,1053,0.1234
SARS-CoV2-5UTR-Amplicon-short-trimmed+3,177,g,853214,1914,0.2243
SARS-CoV2-5UTR-Amplicon-short-trimmed+3,178,c,853214,4963,0.5817
SARS-CoV2-5UTR-Amplicon-short-trimmed+3,179,a,853214,800,0.0938
SARS-CoV2-5UTR-Amplicon-short-trimmed+3,180,c,853215,644,0.0755
SARS-CoV2-5UTR-Amplicon-short-trimmed+3,181,a,853215,472,0.0553
SARS-CoV2-5UTR-Amplicon-short-trimmed+3,182,t,853216,484,0.0567
SARS-CoV2-5UTR-Amplicon-short-trimmed+3,183,c,853191,314,0.0368
SARS-CoV2-5UTR-Amplicon-short-trimmed+3,184,t,853191,899,0.1054
SARS-CoV2-5UTR-Amplicon-short-trimmed+3,185,a,853185,1230,0.1442
SARS-CoV2-5UTR-Amplicon-short-trimmed+3,186,g,853185,875,0.1026
SARS-CoV2-5UTR-Amplicon-short-trimmed+3,187,g,853185,1114,0.1306
SARS-CoV2-5UTR-Amplicon-short-trimmed+3,188,t,853186,476,0.0558
SARS-CoV2-5UTR-Amplicon-short-trimmed+3,189,t,853187,1096,0.1285
SARS-CoV2-5UTR-Amplicon-short-trimmed+3,190,t,853187,1686,0.1976
SARS-CoV2-5UTR-Amplicon-short-trimmed+3,191,c,853187,1084,0.1271
SARS-CoV2-5UTR-Amplicon-short-trimmed+3,192,g,853184,1552,0.1819
SARS-CoV2-5UTR-Amplicon-short-trimmed+3,193,t,853184,4306,0.5047
SARS-CoV2-5UTR-Amplicon-short-trimmed+3,194,c,853184,589,0.069
SARS-CoV2-5UTR-Amplicon-short-trimmed+3,195,c,853184,941,0.1103
SARS-CoV2-5UTR-Amplicon-short-trimmed+3,196,g,853155,659,0.0772
SARS-CoV2-5UTR-Amplicon-short-trimmed+3,197,g,853153,800,0.0938
SARS-CoV2-5UTR-Amplicon-short-trimmed+3,198,g,853153,4059,0.4758
SARS-CoV2-5UTR-Amplicon-short-trimmed+3,199,t,853153,1194,0.14
SARS-CoV2-5UTR-Amplicon-short-trimmed+3,200,g,853153,2063,0.2418
SARS-CoV2-5UTR-Amplicon-short-trimmed+3,201,t,853153,906,0.1062
SARS-CoV2-5UTR-Amplicon-short-trimmed+3,202,g,853153,1080,0.1266
SARS-CoV2-5UTR-Amplicon-short-trimmed+3,203,a,853150,1378,0.1615
SARS-CoV2-5UTR-Amplicon-short-trimmed+3,204,c,853150,490,0.0574
SARS-CoV2-5UTR-Amplicon-short-trimmed+3,205,c,853146,366,0.0429
SARS-CoV2-5UTR-Amplicon-short-trimmed+3,206,g,853146,2214,0.2595
SARS-CoV2-5UTR-Amplicon-short-trimmed+3,207,a,853145,548,0.0642
SARS-CoV2-5UTR-Amplicon-short-trimmed+3,208,a,853145,392,0.0459
SARS-CoV2-5UTR-Amplicon-short-trimmed+3,209,a,853143,885,0.1037
SARS-CoV2-5UTR-Amplicon-short-trimmed+3,210,g,853142,1095,0.1283
SARS-CoV2-5UTR-Amplicon-short-trimmed+3,211,g,853136,1779,0.2085
SARS-CoV2-5UTR-Amplicon-short-trimmed+3,212,t,853136,567,0.0665
SARS-CoV2-5UTR-Amplicon-short-trimmed+3,213,a,853136,476,0.0558
SARS-CoV2-5UTR-Amplicon-short-trimmed+3,214,a,853136,619,0.0726
SARS-CoV2-5UTR-Amplicon-short-trimmed+3,215,g,853138,474,0.0556
SARS-CoV2-5UTR-Amplicon-short-trimmed+3,216,a,853289,333,0.039
SARS-CoV2-5UTR-Amplicon-short-trimmed+3,217,t,853288,789,0.0925
SARS-CoV2-5UTR-Amplicon-short-trimmed+3,218,g,853288,1087,0.1274
SARS-CoV2-5UTR-Amplicon-short-trimmed+3,219,g,853280,807,0.0946
SARS-CoV2-5UTR-Amplicon-short-trimmed+3,220,a,853279,1580,0.1852
SARS-CoV2-5UTR-Amplicon-short-trimmed+3,221,g,853276,1479,0.1733
SARS-CoV2-5UTR-Amplicon-short-trimmed+3,222,a,853131,635,0.0744
SARS-CoV2-5UTR-Amplicon-short-trimmed+3,223,g,853131,1273,0.1492
SARS-CoV2-5UTR-Amplicon-short-trimmed+3,224,c,853131,384,0.045
SARS-CoV2-5UTR-Amplicon-short-trimmed+3,225,c,853130,404,0.0474
SARS-CoV2-5UTR-Amplicon-short-trimmed+3,226,t,853130,559,0.0655
SARS-CoV2-5UTR-Amplicon-short-trimmed+3,227,t,853128,4172,0.489
SARS-CoV2-5UTR-Amplicon-short-trimmed+3,228,g,853127,1213,0.1422
SARS-CoV2-5UTR-Amplicon-short-trimmed+3,229,t,853124,1074,0.1259
SARS-CoV2-5UTR-Amplicon-short-trimmed+3,230,c,853119,267,0.0313
SARS-CoV2-5UTR-Amplicon-short-trimmed+3,231,c,853119,288,0.0338
SARS-CoV2-5UTR-Amplicon-short-trimmed+3,232,c,853119,524,0.0614
SARS-CoV2-5UTR-Amplicon-short-trimmed+3,233,t,852883,1413,0.1657
SARS-CoV2-5UTR-Amplicon-short-trimmed+3,234,g,852883,2217,0.2599
SARS-CoV2-5UTR-Amplicon-short-trimmed+3,235,g,852880,3783,0.4436
SARS-CoV2-5UTR-Amplicon-short-trimmed+3,236,t,852870,304,0.0356
SARS-CoV2-5UTR-Amplicon-short-trimmed+3,237,t,852868,515,0.0604
SARS-CoV2-5UTR-Amplicon-short-trimmed+3,238,t,852862,545,0.0639
SARS-CoV2-5UTR-Amplicon-short-trimmed+3,239,c,852840,5847,0.6856
SARS-CoV2-5UTR-Amplicon-short-trimmed+3,240,a,852793,580,0.068
SARS-CoV2-5UTR-Amplicon-short-trimmed+3,241,a,852771,396,0.0464
SARS-CoV2-5UTR-Amplicon-short-trimmed+3,242,c,852723,522,0.0612
SARS-CoV2-5UTR-Amplicon-short-trimmed+3,243,g,852642,627,0.0735
SARS-CoV2-5UTR-Amplicon-short-trimmed+3,244,a,852524,1026,0.1203
SARS-CoV2-5UTR-Amplicon-short-trimmed+3,245,g,851965,0,0
SARS-CoV2-5UTR-Amplicon-short-trimmed+3,246,g,850334,0,0
SARS-CoV2-5UTR-Amplicon-short-trimmed+3,247,G,848072,0,0
SARS-CoV2-5UTR-Amplicon-short-trimmed+3,248,A,847394,0,0
SARS-CoV2-5UTR-Amplicon-short-trimmed+3,249,G,847102,0,0
