Region,Position,Ref_base,Depth,Mut_count,Mut_percentage
SARS-CoV2-5UTR-Amplicon-short-trimmed+3,1,T,1107865,0,0
SARS-CoV2-5UTR-Amplicon-short-trimmed+3,2,T,1108639,0,0
SARS-CoV2-5UTR-Amplicon-short-trimmed+3,3,G,1108970,0,0
SARS-CoV2-5UTR-Amplicon-short-trimmed+3,4,t,1109908,0,0
SARS-CoV2-5UTR-Amplicon-short-trimmed+3,5,a,1110234,0,0
SARS-CoV2-5UTR-Amplicon-short-trimmed+3,6,g,1110553,598,0.0538
SARS-CoV2-5UTR-Amplicon-short-trimmed+3,7,a,1110583,298,0.0268
SARS-CoV2-5UTR-Amplicon-short-trimmed+3,8,t,1110594,357,0.0321
SARS-CoV2-5UTR-Amplicon-short-trimmed+3,9,c,1110615,478,0.043
SARS-CoV2-5UTR-Amplicon-short-trimmed+3,10,t,1110642,371,0.0334
SARS-CoV2-5UTR-Amplicon-short-trimmed+3,11,g,1110675,2012,0.1812
SARS-CoV2-5UTR-Amplicon-short-trimmed+3,12,t,1110693,523,0.0471
SARS-CoV2-5UTR-Amplicon-short-trimmed+3,13,t,1110703,441,0.0397
SARS-CoV2-5UTR-Amplicon-short-trimmed+3,14,c,1110705,944,0.085
SARS-CoV2-5UTR-Amplicon-short-trimmed+3,15,t,1110712,488,0.0439
SARS-CoV2-5UTR-Amplicon-short-trimmed+3,16,c,1110719,1234,0.1111
SARS-CoV2-5UTR-Amplicon-short-trimmed+3,17,t,1110721,393,0.0354
SARS-CoV2-5UTR-Amplicon-short-trimmed+3,18,a,1110721,572,0.0515
SARS-CoV2-5UTR-Amplicon-short-trimmed+3,19,a,1110721,463,0.0417
SARS-CoV2-5UTR-Amplicon-short-trimmed+3,20,a,1110784,462,0.0416
SARS-CoV2-5UTR-Amplicon-short-trimmed+3,21,c,1110786,752,0.0677
SARS-CoV2-5UTR-Amplicon-short-trimmed+3,22,g,1110797,407,0.0366
SARS-CoV2-5UTR-Amplicon-short-trimmed+3,23,a,1110799,578,0.052
SARS-CoV2-5UTR-Amplicon-short-trimmed+3,24,a,1110799,314,0.0283
SARS-CoV2-5UTR-Amplicon-short-trimmed+3,25,c,1110805,20538,1.8489
SARS-CoV2-5UTR-Amplicon-short-trimmed+3,26,t,1110805,920,0.0828
SARS-CoV2-5UTR-Amplicon-short-trimmed+3,27,t,1110805,872,0.0785
SARS-CoV2-5UTR-Amplicon-short-trimmed+3,28,t,1110822,2443,0.2199
SARS-CoV2-5UTR-Amplicon-short-trimmed+3,29,a,1110822,1027,0.0925
SARS-CoV2-5UTR-Amplicon-short-trimmed+3,30,a,1110822,476,0.0429
SARS-CoV2-5UTR-Amplicon-short-trimmed+3,31,a,1110794,510,0.0459
SARS-CoV2-5UTR-Amplicon-short-trimmed+3,32,a,1110791,502,0.0452
SARS-CoV2-5UTR-Amplicon-short-trimmed+3,33,t,1110791,2528,0.2276
SARS-CoV2-5UTR-Amplicon-short-trimmed+3,34,c,1110792,536,0.0483
SARS-CoV2-5UTR-Amplicon-short-trimmed+3,35,t,1110786,396,0.0357
SARS-CoV2-5UTR-Amplicon-short-trimmed+3,36,g,1110786,511,0.046
SARS-CoV2-5UTR-Amplicon-short-trimmed+3,37,t,1110770,411,0.037
SARS-CoV2-5UTR-Amplicon-short-trimmed+3,38,g,1110770,244,0.022
SARS-CoV2-5UTR-Amplicon-short-trimmed+3,39,t,1110770,324,0.0292
SARS-CoV2-5UTR-Amplicon-short-trimmed+3,40,g,1110770,436,0.0393
SARS-CoV2-5UTR-Amplicon-short-trimmed+3,41,g,1110770,554,0.0499
SARS-CoV2-5UTR-Amplicon-short-trimmed+3,42,c,1110770,550,0.0495
SARS-CoV2-5UTR-Amplicon-short-trimmed+3,43,t,1110768,897,0.0808
SARS-CoV2-5UTR-Amplicon-short-trimmed+3,44,g,1110768,638,0.0574
SARS-CoV2-5UTR-Amplicon-short-trimmed+3,45,t,1110769,872,0.0785
SARS-CoV2-5UTR-Amplicon-short-trimmed+3,46,c,1110769,340,0.0306
SARS-CoV2-5UTR-Amplicon-short-trimmed+3,47,a,1110758,693,0.0624
SARS-CoV2-5UTR-Amplicon-short-trimmed+3,48,c,1110758,400,0.036
SARS-CoV2-5UTR-Amplicon-short-trimmed+3,49,t,1110758,292,0.0263
SARS-CoV2-5UTR-Amplicon-short-trimmed+3,50,c,1110751,495,0.0446
SARS-CoV2-5UTR-Amplicon-short-trimmed+3,51,g,1110751,549,0.0494
SARS-CoV2-5UTR-Amplicon-short-trimmed+3,52,g,1110751,1233,0.111
SARS-CoV2-5UTR-Amplicon-short-trimmed+3,53,c,1110751,966,0.087
SARS-CoV2-5UTR-Amplicon-short-trimmed+3,54,t,1110751,712,0.0641
SARS-CoV2-5UTR-Amplicon-short-trimmed+3,55,g,1110753,1374,0.1237
SARS-CoV2-5UTR-Amplicon-short-trimmed+3,56,c,1110761,924,0.0832
SARS-CoV2-5UTR-Amplicon-short-trimmed+3,57,g,1110762,1192,0.1073
SARS-CoV2-5UTR-Amplicon-short-trimmed+3,58,t,1110762,470,0.0423
SARS-CoV2-5UTR-Amplicon-short-trimmed+3,59,g,1110760,849,0.0764
SARS-CoV2-5UTR-Amplicon-short-trimmed+3,60,c,1110758,605,0.0545
SARS-CoV2-5UTR-Amplicon-short-trimmed+3,61,t,1110756,553,0.0498
SARS-CoV2-5UTR-Amplicon-short-trimmed+3,62,t,1110756,567,0.051
SARS-CoV2-5UTR-Amplicon-short-trimmed+3,63,a,1110748,644,0.058
SARS-CoV2-5UTR-Amplicon-short-trimmed+3,64,g,1110744,408,0.0367
SARS-CoV2-5UTR-Amplicon-short-trimmed+3,65,t,1110744,565,0.0509
SARS-CoV2-5UTR-Amplicon-short-trimmed+3,66,g,1110745,852,0.0767
SARS-CoV2-5UTR-Amplicon-short-trimmed+3,67,c,1110745,764,0.0688
SARS-CoV2-5UTR-Amplicon-short-trimmed+3,68,a,1110745,751,0.0676
SARS-CoV2-5UTR-Amplicon-short-trimmed+3,69,c,1110745,568,0.0511
SARS-CoV2-5UTR-Amplicon-short-trimmed+3,70,t,1110745,552,0.0497
SARS-CoV2-5UTR-Amplicon-short-trimmed+3,71,c,1110745,508,0.0457
SARS-CoV2-5UTR-Amplicon-short-trimmed+3,72,a,1110745,646,0.0582
SARS-CoV2-5UTR-Amplicon-short-trimmed+3,73,c,1110745,421,0.0379
SARS-CoV2-5UTR-Amplicon-short-trimmed+3,74,g,1110746,648,0.0583
SARS-CoV2-5UTR-Amplicon-short-trimmed+3,75,c,1110747,1546,0.1392
SARS-CoV2-5UTR-Amplicon-short-trimmed+3,76,a,1110747,783,0.0705
SARS-CoV2-5UTR-Amplicon-short-trimmed+3,77,g,1110747,679,0.0611
SARS-CoV2-5UTR-Amplicon-short-trimmed+3,78,t,1110750,765,0.0689
SARS-CoV2-5UTR-Amplicon-short-trimmed+3,79,a,1110726,973,0.0876
SARS-CoV2-5UTR-Amplicon-short-trimmed+3,80,t,1110743,393,0.0354
SARS-CoV2-5UTR-Amplicon-short-trimmed+3,81,a,1110745,561,0.0505
SARS-CoV2-5UTR-Amplicon-short-trimmed+3,82,a,1110751,1230,0.1107
SARS-CoV2-5UTR-Amplicon-short-trimmed+3,83,t,1110759,619,0.0557
SARS-CoV2-5UTR-Amplicon-short-trimmed+3,84,t,1110759,1194,0.1075
SARS-CoV2-5UTR-Amplicon-short-trimmed+3,85,a,1110761,957,0.0862
SARS-CoV2-5UTR-Amplicon-short-trimmed+3,86,a,1110741,867,0.0781
SARS-CoV2-5UTR-Amplicon-short-trimmed+3,87,t,1110756,560,0.0504
SARS-CoV2-5UTR-Amplicon-short-trimmed+3,88,a,1110756,732,0.0659
SARS-CoV2-5UTR-Amplicon-short-trimmed+3,89,a,1110761,3359,0.3024
SARS-CoV2-5UTR-Amplicon-short-trimmed+3,90,c,1110784,1171,0.1054
SARS-CoV2-5UTR-Amplicon-short-trimmed+3,91,t,1110796,643,0.0579
SARS-CoV2-5UTR-Amplicon-short-trimmed+3,92,a,1110788,637,0.0573
SARS-CoV2-5UTR-Amplicon-short-trimmed+3,93,a,1110788,715,0.0644
SARS-CoV2-5UTR-Amplicon-short-trimmed+3,94,t,1110795,612,0.0551
SARS-CoV2-5UTR-Amplicon-short-trimmed+3,95,t,1110780,813,0.0732
SARS-CoV2-5UTR-Amplicon-short-trimmed+3,96,a,1110780,661,0.0595
SARS-CoV2-5UTR-Amplicon-short-trimmed+3,97,c,1110777,594,0.0535
SARS-CoV2-5UTR-Amplicon-short-trimmed+3,98,t,1110781,588,0.0529
SARS-CoV2-5UTR-Amplicon-short-trimmed+3,99,g,1110780,750,0.0675
SARS-CoV2-5UTR-Amplicon-short-trimmed+3,100,t,1110780,698,0.0628
SARS-CoV2-5UTR-Amplicon-short-trimmed+3,101,c,1110782,412,0.0371
SARS-CoV2-5UTR-Amplicon-short-trimmed+3,102,g,1110789,640,0.0576
SARS-CoV2-5UTR-Amplicon-short-trimmed+3,103,t,1110789,613,0.0552
SARS-CoV2-5UTR-Amplicon-short-trimmed+3,104,t,1110796,934,0.0841
SARS-CoV2-5UTR-Amplicon-short-trimmed+3,105,g,1110809,533,0.048
SARS-CoV2-5UTR-Amplicon-short-trimmed+3,106,a,1110829,752,0.0677
SARS-CoV2-5UTR-Amplicon-short-trimmed+3,107,c,1110846,695,0.0626
SARS-CoV2-5UTR-Amplicon-short-trimmed+3,108,a,1110863,889,0.08
SARS-CoV2-5UTR-Amplicon-short-trimmed+3,109,g,1110943,648,0.0583
SARS-CoV2-5UTR-Amplicon-short-trimmed+3,110,g,1111128,1127,0.1014
SARS-CoV2-5UTR-Amplicon-short-trimmed+3,111,a,1111589,844,0.0759
SARS-CoV2-5UTR-Amplicon-short-trimmed+3,112,c,1112122,1671,0.1503
SARS-CoV2-5UTR-Amplicon-short-trimmed+3,113,a,1113293,1420,0.1275
SARS-CoV2-5UTR-Amplicon-short-trimmed+3,114,c,1116083,883,0.0791
SARS-CoV2-5UTR-Amplicon-short-trimmed+3,115,g,1125937,488,0.0433
SARS-CoV2-5UTR-Amplicon-short-trimmed+3,116,a,1188045,996,0.0838
SARS-CoV2-5UTR-Amplicon-short-trimmed+3,117,g,1999966,947,0.0474
SARS-CoV2-5UTR-Amplicon-short-trimmed+3,118,t,1999969,2873,0.1437
SARS-CoV2-5UTR-Amplicon-short-trimmed+3,119,a,1999996,3368,0.1684
SARS-CoV2-5UTR-Amplicon-short-trimmed+3,120,a,1999995,3033,0.1517
SARS-CoV2-5UTR-Amplicon-short-trimmed+3,121,c,1999988,2092,0.1046
SARS-CoV2-5UTR-Amplicon-short-trimmed+3,122,t,1999982,2415,0.1208
SARS-CoV2-5UTR-Amplicon-short-trimmed+3,123,c,1999986,1802,0.0901
SARS-CoV2-5UTR-Amplicon-short-trimmed+3,124,g,1999930,1942,0.0971
SARS-CoV2-5UTR-Amplicon-short-trimmed+3,125,t,1999928,2946,0.1473
SARS-CoV2-5UTR-Amplicon-short-trimmed+3,126,c,1999899,1824,0.0912
SARS-CoV2-5UTR-Amplicon-short-trimmed+3,127,t,1999806,1045,0.0523
SARS-CoV2-5UTR-Amplicon-short-trimmed+3,128,a,1999334,2548,0.1274
SARS-CoV2-5UTR-Amplicon-short-trimmed+3,129,t,1998576,5105,0.2554
SARS-CoV2-5UTR-Amplicon-short-trimmed+3,130,c,1998583,928,0.0464
SARS-CoV2-5UTR-Amplicon-short-trimmed+3,131,t,1998489,1400,0.0701
SARS-CoV2-5UTR-Amplicon-short-trimmed+3,132,t,1989167,1519,0.0764
SARS-CoV2-5UTR-Amplicon-short-trimmed+3,133,c,993337,1223,0.1231
SARS-CoV2-5UTR-Amplicon-short-trimmed+3,134,t,905277,1111,0.1227
SARS-CoV2-5UTR-Amplicon-short-trimmed+3,135,g,894649,737,0.0824
SARS-CoV2-5UTR-Amplicon-short-trimmed+3,136,c,891907,3900,0.4373
SARS-CoV2-5UTR-Amplicon-short-trimmed+3,137,a,891354,1163,0.1305
SARS-CoV2-5UTR-Amplicon-short-trimmed+3,138,g,890800,603,0.0677
SARS-CoV2-5UTR-Amplicon-short-trimmed+3,139,g,890540,797,0.0895
SARS-CoV2-5UTR-Amplicon-short-trimmed+3,140,c,890334,1018,0.1143
SARS-CoV2-5UTR-Amplicon-short-trimmed+3,141,t,890253,1841,0.2068
SARS-CoV2-5UTR-Amplicon-short-trimmed+3,142,g,890220,1475,0.1657
SARS-CoV2-5UTR-Amplicon-short-trimmed+3,143,c,890206,4123,0.4632
SARS-CoV2-5UTR-Amplicon-short-trimmed+3,144,t,890135,554,0.0622
SARS-CoV2-5UTR-Amplicon-short-trimmed+3,145,t,890110,1396,0.1568
SARS-CoV2-5UTR-Amplicon-short-trimmed+3,146,a,890006,1115,0.1253
SARS-CoV2-5UTR-Amplicon-short-trimmed+3,147,c,889980,867,0.0974
SARS-CoV2-5UTR-Amplicon-short-trimmed+3,148,g,889964,544,0.0611
SARS-CoV2-5UTR-Amplicon-short-trimmed+3,149,g,889943,704,0.0791
SARS-CoV2-5UTR-Amplicon-short-trimmed+3,150,t,889944,844,0.0948
SARS-CoV2-5UTR-Amplicon-short-trimmed+3,151,t,889948,872,0.098
SARS-CoV2-5UTR-Amplicon-short-trimmed+3,152,t,889948,2121,0.2383
SARS-CoV2-5UTR-Amplicon-short-trimmed+3,153,c,889949,2065,0.232
SARS-CoV2-5UTR-Amplicon-short-trimmed+3,154,g,889947,500,0.0562
SARS-CoV2-5UTR-Amplicon-short-trimmed+3,155,t,889948,1461,0.1642
SARS-CoV2-5UTR-Amplicon-short-trimmed+3,156,c,889948,1093,0.1228
SARS-CoV2-5UTR-Amplicon-short-trimmed+3,157,c,889949,1518,0.1706
SARS-CoV2-5UTR-Amplicon-short-trimmed+3,158,g,889943,522,0.0587
SARS-CoV2-5UTR-Amplicon-short-trimmed+3,159,t,889945,5558,0.6245
SARS-CoV2-5UTR-Amplicon-short-trimmed+3,160,g,889943,641,0.072
SARS-CoV2-5UTR-Amplicon-short-trimmed+3,161,t,889938,810,0.091
SARS-CoV2-5UTR-Amplicon-short-trimmed+3,162,t,889940,1114,0.1252
SARS-CoV2-5UTR-Amplicon-short-trimmed+3,163,g,889940,517,0.0581
SARS-CoV2-5UTR-Amplicon-short-trimmed+3,164,c,889943,1321,0.1484
SARS-CoV2-5UTR-Amplicon-short-trimmed+3,165,a,889949,985,0.1107
SARS-CoV2-5UTR-Amplicon-short-trimmed+3,166,g,890039,1126,0.1265
SARS-CoV2-5UTR-Amplicon-short-trimmed+3,167,c,890041,1455,0.1635
SARS-CoV2-5UTR-Amplicon-short-trimmed+3,168,c,890041,5469,0.6145
SARS-CoV2-5UTR-Amplicon-short-trimmed+3,169,g,890041,941,0.1057
SARS-CoV2-5UTR-Amplicon-short-trimmed+3,170,a,890043,841,0.0945
SARS-CoV2-5UTR-Amplicon-short-trimmed+3,171,t,890047,757,0.0851
SARS-CoV2-5UTR-Amplicon-short-trimmed+3,172,c,890050,1556,0.1748
SARS-CoV2-5UTR-Amplicon-short-trimmed+3,173,a,890050,906,0.1018
SARS-CoV2-5UTR-Amplicon-short-trimmed+3,174,t,890050,616,0.0692
SARS-CoV2-5UTR-Amplicon-short-trimmed+3,175,c,890052,1009,0.1134
SARS-CoV2-5UTR-Amplicon-short-trimmed+3,176,a,890052,1044,0.1173
SARS-CoV2-5UTR-Amplicon-short-trimmed+3,177,g,890052,647,0.0727
SARS-CoV2-5UTR-Amplicon-short-trimmed+3,178,c,890053,5534,0.6218
SARS-CoV2-5UTR-Amplicon-short-trimmed+3,179,a,890053,910,0.1022
SARS-CoV2-5UTR-Amplicon-short-trimmed+3,180,c,890052,739,0.083
SARS-CoV2-5UTR-Amplicon-short-trimmed+3,181,a,890052,577,0.0648
SARS-CoV2-5UTR-Amplicon-short-trimmed+3,182,t,890052,527,0.0592
SARS-CoV2-5UTR-Amplicon-short-trimmed+3,183,c,890047,439,0.0493
SARS-CoV2-5UTR-Amplicon-short-trimmed+3,184,t,890047,1033,0.1161
SARS-CoV2-5UTR-Amplicon-short-trimmed+3,185,a,890038,1310,0.1472
SARS-CoV2-5UTR-Amplicon-short-trimmed+3,186,g,890042,497,0.0558
SARS-CoV2-5UTR-Amplicon-short-trimmed+3,187,g,890042,605,0.068
SARS-CoV2-5UTR-Amplicon-short-trimmed+3,188,t,890039,570,0.064
SARS-CoV2-5UTR-Amplicon-short-trimmed+3,189,t,890033,1362,0.153
SARS-CoV2-5UTR-Amplicon-short-trimmed+3,190,t,890031,1936,0.2175
SARS-CoV2-5UTR-Amplicon-short-trimmed+3,191,c,890031,1698,0.1908
SARS-CoV2-5UTR-Amplicon-short-trimmed+3,192,g,890025,408,0.0458
SARS-CoV2-5UTR-Amplicon-short-trimmed+3,193,t,890025,4551,0.5113
SARS-CoV2-5UTR-Amplicon-short-trimmed+3,194,c,890018,718,0.0807
SARS-CoV2-5UTR-Amplicon-short-trimmed+3,195,c,890016,1012,0.1137
SARS-CoV2-5UTR-Amplicon-short-trimmed+3,196,g,890009,383,0.043
SARS-CoV2-5UTR-Amplicon-short-trimmed+3,197,g,890009,482,0.0542
SARS-CoV2-5UTR-Amplicon-short-trimmed+3,198,g,890008,4004,0.4499
SARS-CoV2-5UTR-Amplicon-short-trimmed+3,199,t,890008,1214,0.1364
SARS-CoV2-5UTR-Amplicon-short-trimmed+3,200,g,890000,1705,0.1916
SARS-CoV2-5UTR-Amplicon-short-trimmed+3,201,t,889994,938,0.1054
SARS-CoV2-5UTR-Amplicon-short-trimmed+3,202,g,889992,781,0.0878
SARS-CoV2-5UTR-Amplicon-short-trimmed+3,203,a,889979,1495,0.168
SARS-CoV2-5UTR-Amplicon-short-trimmed+3,204,c,889979,552,0.062
SARS-CoV2-5UTR-Amplicon-short-trimmed+3,205,c,889978,386,0.0434
SARS-CoV2-5UTR-Amplicon-short-trimmed+3,206,g,889978,573,0.0644
SARS-CoV2-5UTR-Amplicon-short-trimmed+3,207,a,889973,636,0.0715
SARS-CoV2-5UTR-Amplicon-short-trimmed+3,208,a,889973,394,0.0443
SARS-CoV2-5UTR-Amplicon-short-trimmed+3,209,a,889973,927,0.1042
SARS-CoV2-5UTR-Amplicon-short-trimmed+3,210,g,889973,338,0.038
SARS-CoV2-5UTR-Amplicon-short-trimmed+3,211,g,889974,1226,0.1378
SARS-CoV2-5UTR-Amplicon-short-trimmed+3,212,t,889972,710,0.0798
SARS-CoV2-5UTR-Amplicon-short-trimmed+3,213,a,889972,454,0.051
SARS-CoV2-5UTR-Amplicon-short-trimmed+3,214,a,889956,685,0.077
SARS-CoV2-5UTR-Amplicon-short-trimmed+3,215,g,889948,318,0.0357
SARS-CoV2-5UTR-Amplicon-short-trimmed+3,216,a,890049,415,0.0466
SARS-CoV2-5UTR-Amplicon-short-trimmed+3,217,t,890049,871,0.0979
SARS-CoV2-5UTR-Amplicon-short-trimmed+3,218,g,890049,525,0.059
SARS-CoV2-5UTR-Amplicon-short-trimmed+3,219,g,890042,750,0.0843
SARS-CoV2-5UTR-Amplicon-short-trimmed+3,220,a,890034,1714,0.1926
SARS-CoV2-5UTR-Amplicon-short-trimmed+3,221,g,890034,1378,0.1548
SARS-CoV2-5UTR-Amplicon-short-trimmed+3,222,a,889932,677,0.0761
SARS-CoV2-5UTR-Amplicon-short-trimmed+3,223,g,889932,647,0.0727
SARS-CoV2-5UTR-Amplicon-short-trimmed+3,224,c,889932,874,0.0982
SARS-CoV2-5UTR-Amplicon-short-trimmed+3,225,c,889932,553,0.0621
SARS-CoV2-5UTR-Amplicon-short-trimmed+3,226,t,889931,424,0.0476
SARS-CoV2-5UTR-Amplicon-short-trimmed+3,227,t,889930,3951,0.444
SARS-CoV2-5UTR-Amplicon-short-trimmed+3,228,g,889929,437,0.0491
SARS-CoV2-5UTR-Amplicon-short-trimmed+3,229,t,889929,1147,0.1289
SARS-CoV2-5UTR-Amplicon-short-trimmed+3,230,c,889928,429,0.0482
SARS-CoV2-5UTR-Amplicon-short-trimmed+3,231,c,889927,411,0.0462
SARS-CoV2-5UTR-Amplicon-short-trimmed+3,232,c,889923,648,0.0728
SARS-CoV2-5UTR-Amplicon-short-trimmed+3,233,t,889893,1508,0.1695
SARS-CoV2-5UTR-Amplicon-short-trimmed+3,234,g,889893,590,0.0663
SARS-CoV2-5UTR-Amplicon-short-trimmed+3,235,g,889892,626,0.0703
SARS-CoV2-5UTR-Amplicon-short-trimmed+3,236,t,889887,435,0.0489
SARS-CoV2-5UTR-Amplicon-short-trimmed+3,237,t,889871,638,0.0717
SARS-CoV2-5UTR-Amplicon-short-trimmed+3,238,t,889867,677,0.0761
SARS-CoV2-5UTR-Amplicon-short-trimmed+3,239,c,889857,5898,0.6628
SARS-CoV2-5UTR-Amplicon-short-trimmed+3,240,a,889821,672,0.0755
SARS-CoV2-5UTR-Amplicon-short-trimmed+3,241,a,889798,447,0.0502
SARS-CoV2-5UTR-Amplicon-short-trimmed+3,242,c,889719,632,0.071
SARS-CoV2-5UTR-Amplicon-short-trimmed+3,243,g,889676,355,0.0399
SARS-CoV2-5UTR-Amplicon-short-trimmed+3,244,a,889571,1122,0.1261
SARS-CoV2-5UTR-Amplicon-short-trimmed+3,245,g,889032,0,0
SARS-CoV2-5UTR-Amplicon-short-trimmed+3,246,g,888578,0,0
SARS-CoV2-5UTR-Amplicon-short-trimmed+3,247,G,887618,0,0
SARS-CoV2-5UTR-Amplicon-short-trimmed+3,248,A,886880,0,0
SARS-CoV2-5UTR-Amplicon-short-trimmed+3,249,G,886645,0,0
