Region,Position,Ref_base,Depth,Mut_count,Mut_percentage
SARS-CoV2-5UTR-Amplicon-short-trimmed+3,1,T,583959,0,0
SARS-CoV2-5UTR-Amplicon-short-trimmed+3,2,T,584292,0,0
SARS-CoV2-5UTR-Amplicon-short-trimmed+3,3,G,584405,0,0
SARS-CoV2-5UTR-Amplicon-short-trimmed+3,4,t,584849,0,0
SARS-CoV2-5UTR-Amplicon-short-trimmed+3,5,a,585007,0,0
SARS-CoV2-5UTR-Amplicon-short-trimmed+3,6,g,585141,314,0.0537
SARS-CoV2-5UTR-Amplicon-short-trimmed+3,7,a,585156,143,0.0244
SARS-CoV2-5UTR-Amplicon-short-trimmed+3,8,t,585161,152,0.026
SARS-CoV2-5UTR-Amplicon-short-trimmed+3,9,c,585167,175,0.0299
SARS-CoV2-5UTR-Amplicon-short-trimmed+3,10,t,585174,151,0.0258
SARS-CoV2-5UTR-Amplicon-short-trimmed+3,11,g,585179,964,0.1647
SARS-CoV2-5UTR-Amplicon-short-trimmed+3,12,t,585184,164,0.028
SARS-CoV2-5UTR-Amplicon-short-trimmed+3,13,t,585194,175,0.0299
SARS-CoV2-5UTR-Amplicon-short-trimmed+3,14,c,585198,176,0.0301
SARS-CoV2-5UTR-Amplicon-short-trimmed+3,15,t,585200,183,0.0313
SARS-CoV2-5UTR-Amplicon-short-trimmed+3,16,c,585205,263,0.0449
SARS-CoV2-5UTR-Amplicon-short-trimmed+3,17,t,585208,132,0.0226
SARS-CoV2-5UTR-Amplicon-short-trimmed+3,18,a,585209,282,0.0482
SARS-CoV2-5UTR-Amplicon-short-trimmed+3,19,a,585211,234,0.04
SARS-CoV2-5UTR-Amplicon-short-trimmed+3,20,a,585249,174,0.0297
SARS-CoV2-5UTR-Amplicon-short-trimmed+3,21,c,585254,78,0.0133
SARS-CoV2-5UTR-Amplicon-short-trimmed+3,22,g,585257,170,0.029
SARS-CoV2-5UTR-Amplicon-short-trimmed+3,23,a,585258,235,0.0402
SARS-CoV2-5UTR-Amplicon-short-trimmed+3,24,a,585258,195,0.0333
SARS-CoV2-5UTR-Amplicon-short-trimmed+3,25,c,585261,5263,0.8993
SARS-CoV2-5UTR-Amplicon-short-trimmed+3,26,t,585261,490,0.0837
SARS-CoV2-5UTR-Amplicon-short-trimmed+3,27,t,585261,425,0.0726
SARS-CoV2-5UTR-Amplicon-short-trimmed+3,28,t,585262,1293,0.2209
SARS-CoV2-5UTR-Amplicon-short-trimmed+3,29,a,585262,556,0.095
SARS-CoV2-5UTR-Amplicon-short-trimmed+3,30,a,585262,201,0.0343
SARS-CoV2-5UTR-Amplicon-short-trimmed+3,31,a,585264,241,0.0412
SARS-CoV2-5UTR-Amplicon-short-trimmed+3,32,a,585264,196,0.0335
SARS-CoV2-5UTR-Amplicon-short-trimmed+3,33,t,585264,1375,0.2349
SARS-CoV2-5UTR-Amplicon-short-trimmed+3,34,c,585265,219,0.0374
SARS-CoV2-5UTR-Amplicon-short-trimmed+3,35,t,585265,184,0.0314
SARS-CoV2-5UTR-Amplicon-short-trimmed+3,36,g,585266,325,0.0555
SARS-CoV2-5UTR-Amplicon-short-trimmed+3,37,t,585265,181,0.0309
SARS-CoV2-5UTR-Amplicon-short-trimmed+3,38,g,585266,121,0.0207
SARS-CoV2-5UTR-Amplicon-short-trimmed+3,39,t,585266,181,0.0309
SARS-CoV2-5UTR-Amplicon-short-trimmed+3,40,g,585266,194,0.0331
SARS-CoV2-5UTR-Amplicon-short-trimmed+3,41,g,585266,305,0.0521
SARS-CoV2-5UTR-Amplicon-short-trimmed+3,42,c,585266,121,0.0207
SARS-CoV2-5UTR-Amplicon-short-trimmed+3,43,t,585266,427,0.073
SARS-CoV2-5UTR-Amplicon-short-trimmed+3,44,g,585266,284,0.0485
SARS-CoV2-5UTR-Amplicon-short-trimmed+3,45,t,585266,343,0.0586
SARS-CoV2-5UTR-Amplicon-short-trimmed+3,46,c,585266,119,0.0203
SARS-CoV2-5UTR-Amplicon-short-trimmed+3,47,a,585262,290,0.0496
SARS-CoV2-5UTR-Amplicon-short-trimmed+3,48,c,585262,125,0.0214
SARS-CoV2-5UTR-Amplicon-short-trimmed+3,49,t,585262,144,0.0246
SARS-CoV2-5UTR-Amplicon-short-trimmed+3,50,c,585260,129,0.022
SARS-CoV2-5UTR-Amplicon-short-trimmed+3,51,g,585260,223,0.0381
SARS-CoV2-5UTR-Amplicon-short-trimmed+3,52,g,585260,526,0.0899
SARS-CoV2-5UTR-Amplicon-short-trimmed+3,53,c,585260,485,0.0829
SARS-CoV2-5UTR-Amplicon-short-trimmed+3,54,t,585260,311,0.0531
SARS-CoV2-5UTR-Amplicon-short-trimmed+3,55,g,585260,540,0.0923
SARS-CoV2-5UTR-Amplicon-short-trimmed+3,56,c,585260,220,0.0376
SARS-CoV2-5UTR-Amplicon-short-trimmed+3,57,g,585260,525,0.0897
SARS-CoV2-5UTR-Amplicon-short-trimmed+3,58,t,585260,229,0.0391
SARS-CoV2-5UTR-Amplicon-short-trimmed+3,59,g,585260,449,0.0767
SARS-CoV2-5UTR-Amplicon-short-trimmed+3,60,c,585260,208,0.0355
SARS-CoV2-5UTR-Amplicon-short-trimmed+3,61,t,585260,237,0.0405
SARS-CoV2-5UTR-Amplicon-short-trimmed+3,62,t,585260,285,0.0487
SARS-CoV2-5UTR-Amplicon-short-trimmed+3,63,a,585260,294,0.0502
SARS-CoV2-5UTR-Amplicon-short-trimmed+3,64,g,585260,182,0.0311
SARS-CoV2-5UTR-Amplicon-short-trimmed+3,65,t,585260,294,0.0502
SARS-CoV2-5UTR-Amplicon-short-trimmed+3,66,g,585260,362,0.0619
SARS-CoV2-5UTR-Amplicon-short-trimmed+3,67,c,585260,400,0.0683
SARS-CoV2-5UTR-Amplicon-short-trimmed+3,68,a,585260,389,0.0665
SARS-CoV2-5UTR-Amplicon-short-trimmed+3,69,c,585260,195,0.0333
SARS-CoV2-5UTR-Amplicon-short-trimmed+3,70,t,585258,217,0.0371
SARS-CoV2-5UTR-Amplicon-short-trimmed+3,71,c,585258,266,0.0455
SARS-CoV2-5UTR-Amplicon-short-trimmed+3,72,a,585258,306,0.0523
SARS-CoV2-5UTR-Amplicon-short-trimmed+3,73,c,585258,141,0.0241
SARS-CoV2-5UTR-Amplicon-short-trimmed+3,74,g,585258,240,0.041
SARS-CoV2-5UTR-Amplicon-short-trimmed+3,75,c,585258,741,0.1266
SARS-CoV2-5UTR-Amplicon-short-trimmed+3,76,a,585258,390,0.0666
SARS-CoV2-5UTR-Amplicon-short-trimmed+3,77,g,585258,302,0.0516
SARS-CoV2-5UTR-Amplicon-short-trimmed+3,78,t,585258,375,0.0641
SARS-CoV2-5UTR-Amplicon-short-trimmed+3,79,a,585232,364,0.0622
SARS-CoV2-5UTR-Amplicon-short-trimmed+3,80,t,585232,152,0.026
SARS-CoV2-5UTR-Amplicon-short-trimmed+3,81,a,585233,254,0.0434
SARS-CoV2-5UTR-Amplicon-short-trimmed+3,82,a,585232,462,0.0789
SARS-CoV2-5UTR-Amplicon-short-trimmed+3,83,t,585230,186,0.0318
SARS-CoV2-5UTR-Amplicon-short-trimmed+3,84,t,585220,518,0.0885
SARS-CoV2-5UTR-Amplicon-short-trimmed+3,85,a,585217,439,0.075
SARS-CoV2-5UTR-Amplicon-short-trimmed+3,86,a,585216,261,0.0446
SARS-CoV2-5UTR-Amplicon-short-trimmed+3,87,t,585216,234,0.04
SARS-CoV2-5UTR-Amplicon-short-trimmed+3,88,a,585216,315,0.0538
SARS-CoV2-5UTR-Amplicon-short-trimmed+3,89,a,585214,1623,0.2773
SARS-CoV2-5UTR-Amplicon-short-trimmed+3,90,c,585215,246,0.042
SARS-CoV2-5UTR-Amplicon-short-trimmed+3,91,t,585215,260,0.0444
SARS-CoV2-5UTR-Amplicon-short-trimmed+3,92,a,585215,234,0.04
SARS-CoV2-5UTR-Amplicon-short-trimmed+3,93,a,585218,258,0.0441
SARS-CoV2-5UTR-Amplicon-short-trimmed+3,94,t,585218,208,0.0355
SARS-CoV2-5UTR-Amplicon-short-trimmed+3,95,t,585217,408,0.0697
SARS-CoV2-5UTR-Amplicon-short-trimmed+3,96,a,585211,252,0.0431
SARS-CoV2-5UTR-Amplicon-short-trimmed+3,97,c,585211,116,0.0198
SARS-CoV2-5UTR-Amplicon-short-trimmed+3,98,t,585210,223,0.0381
SARS-CoV2-5UTR-Amplicon-short-trimmed+3,99,g,585210,309,0.0528
SARS-CoV2-5UTR-Amplicon-short-trimmed+3,100,t,585210,303,0.0518
SARS-CoV2-5UTR-Amplicon-short-trimmed+3,101,c,585211,161,0.0275
SARS-CoV2-5UTR-Amplicon-short-trimmed+3,102,g,585225,262,0.0448
SARS-CoV2-5UTR-Amplicon-short-trimmed+3,103,t,585225,287,0.049
SARS-CoV2-5UTR-Amplicon-short-trimmed+3,104,t,585227,415,0.0709
SARS-CoV2-5UTR-Amplicon-short-trimmed+3,105,g,585230,202,0.0345
SARS-CoV2-5UTR-Amplicon-short-trimmed+3,106,a,585239,333,0.0569
SARS-CoV2-5UTR-Amplicon-short-trimmed+3,107,c,585246,320,0.0547
SARS-CoV2-5UTR-Amplicon-short-trimmed+3,108,a,585255,424,0.0724
SARS-CoV2-5UTR-Amplicon-short-trimmed+3,109,g,585287,232,0.0396
SARS-CoV2-5UTR-Amplicon-short-trimmed+3,110,g,585387,581,0.0993
SARS-CoV2-5UTR-Amplicon-short-trimmed+3,111,a,585659,312,0.0533
SARS-CoV2-5UTR-Amplicon-short-trimmed+3,112,c,585951,259,0.0442
SARS-CoV2-5UTR-Amplicon-short-trimmed+3,113,a,586538,690,0.1176
SARS-CoV2-5UTR-Amplicon-short-trimmed+3,114,c,587989,304,0.0517
SARS-CoV2-5UTR-Amplicon-short-trimmed+3,115,g,592978,188,0.0317
SARS-CoV2-5UTR-Amplicon-short-trimmed+3,116,a,625047,443,0.0709
SARS-CoV2-5UTR-Amplicon-short-trimmed+3,117,g,1165174,556,0.0477
SARS-CoV2-5UTR-Amplicon-short-trimmed+3,118,t,1167930,1614,0.1382
SARS-CoV2-5UTR-Amplicon-short-trimmed+3,119,a,1167955,2130,0.1824
SARS-CoV2-5UTR-Amplicon-short-trimmed+3,120,a,1168038,1477,0.1265
SARS-CoV2-5UTR-Amplicon-short-trimmed+3,121,c,1169379,1145,0.0979
SARS-CoV2-5UTR-Amplicon-short-trimmed+3,122,t,1169950,1627,0.1391
SARS-CoV2-5UTR-Amplicon-short-trimmed+3,123,c,1170338,1227,0.1048
SARS-CoV2-5UTR-Amplicon-short-trimmed+3,124,g,1170560,957,0.0818
SARS-CoV2-5UTR-Amplicon-short-trimmed+3,125,t,1170747,1976,0.1688
SARS-CoV2-5UTR-Amplicon-short-trimmed+3,126,c,1170787,1053,0.0899
SARS-CoV2-5UTR-Amplicon-short-trimmed+3,127,t,1170721,626,0.0535
SARS-CoV2-5UTR-Amplicon-short-trimmed+3,128,a,1170438,1880,0.1606
SARS-CoV2-5UTR-Amplicon-short-trimmed+3,129,t,1169960,3362,0.2874
SARS-CoV2-5UTR-Amplicon-short-trimmed+3,130,c,1169955,464,0.0397
SARS-CoV2-5UTR-Amplicon-short-trimmed+3,131,t,1169928,899,0.0768
SARS-CoV2-5UTR-Amplicon-short-trimmed+3,132,t,1165545,938,0.0805
SARS-CoV2-5UTR-Amplicon-short-trimmed+3,133,c,638549,800,0.1253
SARS-CoV2-5UTR-Amplicon-short-trimmed+3,134,t,593146,793,0.1337
SARS-CoV2-5UTR-Amplicon-short-trimmed+3,135,g,588094,447,0.076
SARS-CoV2-5UTR-Amplicon-short-trimmed+3,136,c,586859,2274,0.3875
SARS-CoV2-5UTR-Amplicon-short-trimmed+3,137,a,586606,775,0.1321
SARS-CoV2-5UTR-Amplicon-short-trimmed+3,138,g,586374,376,0.0641
SARS-CoV2-5UTR-Amplicon-short-trimmed+3,139,g,586212,538,0.0918
SARS-CoV2-5UTR-Amplicon-short-trimmed+3,140,c,586099,704,0.1201
SARS-CoV2-5UTR-Amplicon-short-trimmed+3,141,t,586050,1433,0.2445
SARS-CoV2-5UTR-Amplicon-short-trimmed+3,142,g,586019,1026,0.1751
SARS-CoV2-5UTR-Amplicon-short-trimmed+3,143,c,586006,2713,0.463
SARS-CoV2-5UTR-Amplicon-short-trimmed+3,144,t,585985,361,0.0616
SARS-CoV2-5UTR-Amplicon-short-trimmed+3,145,t,585980,923,0.1575
SARS-CoV2-5UTR-Amplicon-short-trimmed+3,146,a,585940,2299,0.3924
SARS-CoV2-5UTR-Amplicon-short-trimmed+3,147,c,585934,688,0.1174
SARS-CoV2-5UTR-Amplicon-short-trimmed+3,148,g,585933,309,0.0527
SARS-CoV2-5UTR-Amplicon-short-trimmed+3,149,g,585920,317,0.0541
SARS-CoV2-5UTR-Amplicon-short-trimmed+3,150,t,585921,585,0.0998
SARS-CoV2-5UTR-Amplicon-short-trimmed+3,151,t,585921,605,0.1033
SARS-CoV2-5UTR-Amplicon-short-trimmed+3,152,t,585921,1470,0.2509
SARS-CoV2-5UTR-Amplicon-short-trimmed+3,153,c,585921,901,0.1538
SARS-CoV2-5UTR-Amplicon-short-trimmed+3,154,g,585919,306,0.0522
SARS-CoV2-5UTR-Amplicon-short-trimmed+3,155,t,585920,1122,0.1915
SARS-CoV2-5UTR-Amplicon-short-trimmed+3,156,c,585920,711,0.1213
SARS-CoV2-5UTR-Amplicon-short-trimmed+3,157,c,585920,955,0.163
SARS-CoV2-5UTR-Amplicon-short-trimmed+3,158,g,585920,348,0.0594
SARS-CoV2-5UTR-Amplicon-short-trimmed+3,159,t,585920,4208,0.7182
SARS-CoV2-5UTR-Amplicon-short-trimmed+3,160,g,585920,313,0.0534
SARS-CoV2-5UTR-Amplicon-short-trimmed+3,161,t,585920,490,0.0836
SARS-CoV2-5UTR-Amplicon-short-trimmed+3,162,t,585921,2169,0.3702
SARS-CoV2-5UTR-Amplicon-short-trimmed+3,163,g,585921,315,0.0538
SARS-CoV2-5UTR-Amplicon-short-trimmed+3,164,c,585921,968,0.1652
SARS-CoV2-5UTR-Amplicon-short-trimmed+3,165,a,585925,694,0.1184
SARS-CoV2-5UTR-Amplicon-short-trimmed+3,166,g,585977,724,0.1236
SARS-CoV2-5UTR-Amplicon-short-trimmed+3,167,c,585978,944,0.1611
SARS-CoV2-5UTR-Amplicon-short-trimmed+3,168,c,585974,3419,0.5835
SARS-CoV2-5UTR-Amplicon-short-trimmed+3,169,g,585974,555,0.0947
SARS-CoV2-5UTR-Amplicon-short-trimmed+3,170,a,585975,561,0.0957
SARS-CoV2-5UTR-Amplicon-short-trimmed+3,171,t,585974,569,0.0971
SARS-CoV2-5UTR-Amplicon-short-trimmed+3,172,c,585975,459,0.0783
SARS-CoV2-5UTR-Amplicon-short-trimmed+3,173,a,585974,555,0.0947
SARS-CoV2-5UTR-Amplicon-short-trimmed+3,174,t,585974,424,0.0724
SARS-CoV2-5UTR-Amplicon-short-trimmed+3,175,c,585974,624,0.1065
SARS-CoV2-5UTR-Amplicon-short-trimmed+3,176,a,585974,749,0.1278
SARS-CoV2-5UTR-Amplicon-short-trimmed+3,177,g,585974,385,0.0657
SARS-CoV2-5UTR-Amplicon-short-trimmed+3,178,c,585974,3695,0.6306
SARS-CoV2-5UTR-Amplicon-short-trimmed+3,179,a,585974,691,0.1179
SARS-CoV2-5UTR-Amplicon-short-trimmed+3,180,c,585974,487,0.0831
SARS-CoV2-5UTR-Amplicon-short-trimmed+3,181,a,585974,428,0.073
SARS-CoV2-5UTR-Amplicon-short-trimmed+3,182,t,585975,400,0.0683
SARS-CoV2-5UTR-Amplicon-short-trimmed+3,183,c,585975,279,0.0476
SARS-CoV2-5UTR-Amplicon-short-trimmed+3,184,t,585975,673,0.1149
SARS-CoV2-5UTR-Amplicon-short-trimmed+3,185,a,585975,743,0.1268
SARS-CoV2-5UTR-Amplicon-short-trimmed+3,186,g,585975,290,0.0495
SARS-CoV2-5UTR-Amplicon-short-trimmed+3,187,g,585975,255,0.0435
SARS-CoV2-5UTR-Amplicon-short-trimmed+3,188,t,585975,2308,0.3939
SARS-CoV2-5UTR-Amplicon-short-trimmed+3,189,t,585975,860,0.1468
SARS-CoV2-5UTR-Amplicon-short-trimmed+3,190,t,585975,1216,0.2075
SARS-CoV2-5UTR-Amplicon-short-trimmed+3,191,c,585975,554,0.0945
SARS-CoV2-5UTR-Amplicon-short-trimmed+3,192,g,585975,171,0.0292
SARS-CoV2-5UTR-Amplicon-short-trimmed+3,193,t,585975,3304,0.5638
SARS-CoV2-5UTR-Amplicon-short-trimmed+3,194,c,585975,391,0.0667
SARS-CoV2-5UTR-Amplicon-short-trimmed+3,195,c,585975,651,0.1111
SARS-CoV2-5UTR-Amplicon-short-trimmed+3,196,g,585975,271,0.0462
SARS-CoV2-5UTR-Amplicon-short-trimmed+3,197,g,585975,266,0.0454
SARS-CoV2-5UTR-Amplicon-short-trimmed+3,198,g,585975,2632,0.4492
SARS-CoV2-5UTR-Amplicon-short-trimmed+3,199,t,585974,859,0.1466
SARS-CoV2-5UTR-Amplicon-short-trimmed+3,200,g,585974,959,0.1637
SARS-CoV2-5UTR-Amplicon-short-trimmed+3,201,t,585972,1884,0.3215
SARS-CoV2-5UTR-Amplicon-short-trimmed+3,202,g,585972,570,0.0973
SARS-CoV2-5UTR-Amplicon-short-trimmed+3,203,a,585972,1069,0.1824
SARS-CoV2-5UTR-Amplicon-short-trimmed+3,204,c,585972,379,0.0647
SARS-CoV2-5UTR-Amplicon-short-trimmed+3,205,c,585972,232,0.0396
SARS-CoV2-5UTR-Amplicon-short-trimmed+3,206,g,585972,315,0.0538
SARS-CoV2-5UTR-Amplicon-short-trimmed+3,207,a,585972,468,0.0799
SARS-CoV2-5UTR-Amplicon-short-trimmed+3,208,a,585972,275,0.0469
SARS-CoV2-5UTR-Amplicon-short-trimmed+3,209,a,585972,563,0.0961
SARS-CoV2-5UTR-Amplicon-short-trimmed+3,210,g,585972,184,0.0314
SARS-CoV2-5UTR-Amplicon-short-trimmed+3,211,g,585972,870,0.1485
SARS-CoV2-5UTR-Amplicon-short-trimmed+3,212,t,585972,519,0.0886
SARS-CoV2-5UTR-Amplicon-short-trimmed+3,213,a,585972,361,0.0616
SARS-CoV2-5UTR-Amplicon-short-trimmed+3,214,a,585972,394,0.0672
SARS-CoV2-5UTR-Amplicon-short-trimmed+3,215,g,585969,198,0.0338
SARS-CoV2-5UTR-Amplicon-short-trimmed+3,216,a,586025,281,0.048
SARS-CoV2-5UTR-Amplicon-short-trimmed+3,217,t,586025,529,0.0903
SARS-CoV2-5UTR-Amplicon-short-trimmed+3,218,g,586025,255,0.0435
SARS-CoV2-5UTR-Amplicon-short-trimmed+3,219,g,586023,452,0.0771
SARS-CoV2-5UTR-Amplicon-short-trimmed+3,220,a,586023,1041,0.1776
SARS-CoV2-5UTR-Amplicon-short-trimmed+3,221,g,586023,855,0.1459
SARS-CoV2-5UTR-Amplicon-short-trimmed+3,222,a,585965,430,0.0734
SARS-CoV2-5UTR-Amplicon-short-trimmed+3,223,g,585965,487,0.0831
SARS-CoV2-5UTR-Amplicon-short-trimmed+3,224,c,585965,267,0.0456
SARS-CoV2-5UTR-Amplicon-short-trimmed+3,225,c,585965,227,0.0387
SARS-CoV2-5UTR-Amplicon-short-trimmed+3,226,t,585965,271,0.0462
SARS-CoV2-5UTR-Amplicon-short-trimmed+3,227,t,585965,2660,0.454
SARS-CoV2-5UTR-Amplicon-short-trimmed+3,228,g,585964,263,0.0449
SARS-CoV2-5UTR-Amplicon-short-trimmed+3,229,t,585964,800,0.1365
SARS-CoV2-5UTR-Amplicon-short-trimmed+3,230,c,585964,1508,0.2574
SARS-CoV2-5UTR-Amplicon-short-trimmed+3,231,c,585964,182,0.0311
SARS-CoV2-5UTR-Amplicon-short-trimmed+3,232,c,585962,344,0.0587
SARS-CoV2-5UTR-Amplicon-short-trimmed+3,233,t,585961,874,0.1492
SARS-CoV2-5UTR-Amplicon-short-trimmed+3,234,g,585960,255,0.0435
SARS-CoV2-5UTR-Amplicon-short-trimmed+3,235,g,585959,191,0.0326
SARS-CoV2-5UTR-Amplicon-short-trimmed+3,236,t,585958,279,0.0476
SARS-CoV2-5UTR-Amplicon-short-trimmed+3,237,t,585957,442,0.0754
SARS-CoV2-5UTR-Amplicon-short-trimmed+3,238,t,585955,452,0.0771
SARS-CoV2-5UTR-Amplicon-short-trimmed+3,239,c,585943,4250,0.7253
SARS-CoV2-5UTR-Amplicon-short-trimmed+3,240,a,585913,442,0.0754
SARS-CoV2-5UTR-Amplicon-short-trimmed+3,241,a,585897,286,0.0488
SARS-CoV2-5UTR-Amplicon-short-trimmed+3,242,c,585880,357,0.0609
SARS-CoV2-5UTR-Amplicon-short-trimmed+3,243,g,585861,222,0.0379
SARS-CoV2-5UTR-Amplicon-short-trimmed+3,244,a,585796,715,0.1221
SARS-CoV2-5UTR-Amplicon-short-trimmed+3,245,g,585503,0,0
SARS-CoV2-5UTR-Amplicon-short-trimmed+3,246,g,585306,0,0
SARS-CoV2-5UTR-Amplicon-short-trimmed+3,247,G,584782,0,0
SARS-CoV2-5UTR-Amplicon-short-trimmed+3,248,A,584318,0,0
SARS-CoV2-5UTR-Amplicon-short-trimmed+3,249,G,584193,0,0
