Region,Position,Ref_base,Depth,Mut_count,Mut_percentage
SARS-CoV2-5UTR-Amplicon-short-trimmed+3,1,T,1218502,0,0
SARS-CoV2-5UTR-Amplicon-short-trimmed+3,2,T,1219337,0,0
SARS-CoV2-5UTR-Amplicon-short-trimmed+3,3,G,1219587,0,0
SARS-CoV2-5UTR-Amplicon-short-trimmed+3,4,t,1228631,0,0
SARS-CoV2-5UTR-Amplicon-short-trimmed+3,5,a,1228868,0,0
SARS-CoV2-5UTR-Amplicon-short-trimmed+3,6,g,1229179,4214,0.3428
SARS-CoV2-5UTR-Amplicon-short-trimmed+3,7,a,1230384,224,0.0182
SARS-CoV2-5UTR-Amplicon-short-trimmed+3,8,t,1230394,287,0.0233
SARS-CoV2-5UTR-Amplicon-short-trimmed+3,9,c,1230408,323,0.0263
SARS-CoV2-5UTR-Amplicon-short-trimmed+3,10,t,1230430,486,0.0395
SARS-CoV2-5UTR-Amplicon-short-trimmed+3,11,g,1230440,24451,1.9872
SARS-CoV2-5UTR-Amplicon-short-trimmed+3,12,t,1230503,301,0.0245
SARS-CoV2-5UTR-Amplicon-short-trimmed+3,13,t,1230517,430,0.0349
SARS-CoV2-5UTR-Amplicon-short-trimmed+3,14,c,1230529,353,0.0287
SARS-CoV2-5UTR-Amplicon-short-trimmed+3,15,t,1230545,374,0.0304
SARS-CoV2-5UTR-Amplicon-short-trimmed+3,16,c,1230554,905,0.0735
SARS-CoV2-5UTR-Amplicon-short-trimmed+3,17,t,1230562,391,0.0318
SARS-CoV2-5UTR-Amplicon-short-trimmed+3,18,a,1230565,548,0.0445
SARS-CoV2-5UTR-Amplicon-short-trimmed+3,19,a,1230574,575,0.0467
SARS-CoV2-5UTR-Amplicon-short-trimmed+3,20,a,1230677,416,0.0338
SARS-CoV2-5UTR-Amplicon-short-trimmed+3,21,c,1230678,350,0.0284
SARS-CoV2-5UTR-Amplicon-short-trimmed+3,22,g,1230678,3795,0.3084
SARS-CoV2-5UTR-Amplicon-short-trimmed+3,23,a,1230679,477,0.0388
SARS-CoV2-5UTR-Amplicon-short-trimmed+3,24,a,1230679,399,0.0324
SARS-CoV2-5UTR-Amplicon-short-trimmed+3,25,c,1230679,9225,0.7496
SARS-CoV2-5UTR-Amplicon-short-trimmed+3,26,t,1230680,907,0.0737
SARS-CoV2-5UTR-Amplicon-short-trimmed+3,27,t,1230686,1242,0.1009
SARS-CoV2-5UTR-Amplicon-short-trimmed+3,28,t,1230696,2752,0.2236
SARS-CoV2-5UTR-Amplicon-short-trimmed+3,29,a,1230697,905,0.0735
SARS-CoV2-5UTR-Amplicon-short-trimmed+3,30,a,1230697,440,0.0358
SARS-CoV2-5UTR-Amplicon-short-trimmed+3,31,a,1230693,393,0.0319
SARS-CoV2-5UTR-Amplicon-short-trimmed+3,32,a,1230693,363,0.0295
SARS-CoV2-5UTR-Amplicon-short-trimmed+3,33,t,1230693,2731,0.2219
SARS-CoV2-5UTR-Amplicon-short-trimmed+3,34,c,1230694,549,0.0446
SARS-CoV2-5UTR-Amplicon-short-trimmed+3,35,t,1230694,2918,0.2371
SARS-CoV2-5UTR-Amplicon-short-trimmed+3,36,g,1230694,17613,1.4311
SARS-CoV2-5UTR-Amplicon-short-trimmed+3,37,t,1230689,447,0.0363
SARS-CoV2-5UTR-Amplicon-short-trimmed+3,38,g,1230689,8860,0.7199
SARS-CoV2-5UTR-Amplicon-short-trimmed+3,39,t,1230689,360,0.0293
SARS-CoV2-5UTR-Amplicon-short-trimmed+3,40,g,1230689,10178,0.827
SARS-CoV2-5UTR-Amplicon-short-trimmed+3,41,g,1230690,6671,0.5421
SARS-CoV2-5UTR-Amplicon-short-trimmed+3,42,c,1230688,303,0.0246
SARS-CoV2-5UTR-Amplicon-short-trimmed+3,43,t,1230688,1403,0.114
SARS-CoV2-5UTR-Amplicon-short-trimmed+3,44,g,1230687,4870,0.3957
SARS-CoV2-5UTR-Amplicon-short-trimmed+3,45,t,1230685,649,0.0527
SARS-CoV2-5UTR-Amplicon-short-trimmed+3,46,c,1230685,295,0.024
SARS-CoV2-5UTR-Amplicon-short-trimmed+3,47,a,1230680,613,0.0498
SARS-CoV2-5UTR-Amplicon-short-trimmed+3,48,c,1230679,367,0.0298
SARS-CoV2-5UTR-Amplicon-short-trimmed+3,49,t,1230678,482,0.0392
SARS-CoV2-5UTR-Amplicon-short-trimmed+3,50,c,1230677,880,0.0715
SARS-CoV2-5UTR-Amplicon-short-trimmed+3,51,g,1230677,9178,0.7458
SARS-CoV2-5UTR-Amplicon-short-trimmed+3,52,g,1230677,4353,0.3537
SARS-CoV2-5UTR-Amplicon-short-trimmed+3,53,c,1230677,1861,0.1512
SARS-CoV2-5UTR-Amplicon-short-trimmed+3,54,t,1230677,1440,0.117
SARS-CoV2-5UTR-Amplicon-short-trimmed+3,55,g,1230677,5428,0.4411
SARS-CoV2-5UTR-Amplicon-short-trimmed+3,56,c,1230677,568,0.0462
SARS-CoV2-5UTR-Amplicon-short-trimmed+3,57,g,1230677,3331,0.2707
SARS-CoV2-5UTR-Amplicon-short-trimmed+3,58,t,1230677,591,0.048
SARS-CoV2-5UTR-Amplicon-short-trimmed+3,59,g,1230678,4403,0.3578
SARS-CoV2-5UTR-Amplicon-short-trimmed+3,60,c,1230678,558,0.0453
SARS-CoV2-5UTR-Amplicon-short-trimmed+3,61,t,1230687,2921,0.2373
SARS-CoV2-5UTR-Amplicon-short-trimmed+3,62,t,1230687,4766,0.3873
SARS-CoV2-5UTR-Amplicon-short-trimmed+3,63,a,1230687,6815,0.5538
SARS-CoV2-5UTR-Amplicon-short-trimmed+3,64,g,1230687,8922,0.725
SARS-CoV2-5UTR-Amplicon-short-trimmed+3,65,t,1230687,655,0.0532
SARS-CoV2-5UTR-Amplicon-short-trimmed+3,66,g,1230687,9371,0.7614
SARS-CoV2-5UTR-Amplicon-short-trimmed+3,67,c,1230687,698,0.0567
SARS-CoV2-5UTR-Amplicon-short-trimmed+3,68,a,1230687,606,0.0492
SARS-CoV2-5UTR-Amplicon-short-trimmed+3,69,c,1230687,449,0.0365
SARS-CoV2-5UTR-Amplicon-short-trimmed+3,70,t,1230687,438,0.0356
SARS-CoV2-5UTR-Amplicon-short-trimmed+3,71,c,1230687,687,0.0558
SARS-CoV2-5UTR-Amplicon-short-trimmed+3,72,a,1230687,622,0.0505
SARS-CoV2-5UTR-Amplicon-short-trimmed+3,73,c,1230687,404,0.0328
SARS-CoV2-5UTR-Amplicon-short-trimmed+3,74,g,1230687,5798,0.4711
SARS-CoV2-5UTR-Amplicon-short-trimmed+3,75,c,1230691,1608,0.1307
SARS-CoV2-5UTR-Amplicon-short-trimmed+3,76,a,1230691,1158,0.0941
SARS-CoV2-5UTR-Amplicon-short-trimmed+3,77,g,1230690,2471,0.2008
SARS-CoV2-5UTR-Amplicon-short-trimmed+3,78,t,1230690,690,0.0561
SARS-CoV2-5UTR-Amplicon-short-trimmed+3,79,a,1230689,767,0.0623
SARS-CoV2-5UTR-Amplicon-short-trimmed+3,80,t,1230689,259,0.021
SARS-CoV2-5UTR-Amplicon-short-trimmed+3,81,a,1230690,437,0.0355
SARS-CoV2-5UTR-Amplicon-short-trimmed+3,82,a,1230690,998,0.0811
SARS-CoV2-5UTR-Amplicon-short-trimmed+3,83,t,1230691,343,0.0279
SARS-CoV2-5UTR-Amplicon-short-trimmed+3,84,t,1230690,1025,0.0833
SARS-CoV2-5UTR-Amplicon-short-trimmed+3,85,a,1230690,627,0.0509
SARS-CoV2-5UTR-Amplicon-short-trimmed+3,86,a,1230689,420,0.0341
SARS-CoV2-5UTR-Amplicon-short-trimmed+3,87,t,1230691,379,0.0308
SARS-CoV2-5UTR-Amplicon-short-trimmed+3,88,a,1230691,488,0.0397
SARS-CoV2-5UTR-Amplicon-short-trimmed+3,89,a,1230691,3160,0.2568
SARS-CoV2-5UTR-Amplicon-short-trimmed+3,90,c,1230692,514,0.0418
SARS-CoV2-5UTR-Amplicon-short-trimmed+3,91,t,1230692,556,0.0452
SARS-CoV2-5UTR-Amplicon-short-trimmed+3,92,a,1230668,425,0.0345
SARS-CoV2-5UTR-Amplicon-short-trimmed+3,93,a,1230668,476,0.0387
SARS-CoV2-5UTR-Amplicon-short-trimmed+3,94,t,1230668,449,0.0365
SARS-CoV2-5UTR-Amplicon-short-trimmed+3,95,t,1230667,848,0.0689
SARS-CoV2-5UTR-Amplicon-short-trimmed+3,96,a,1230667,424,0.0345
SARS-CoV2-5UTR-Amplicon-short-trimmed+3,97,c,1230667,234,0.019
SARS-CoV2-5UTR-Amplicon-short-trimmed+3,98,t,1230666,916,0.0744
SARS-CoV2-5UTR-Amplicon-short-trimmed+3,99,g,1230665,4857,0.3947
SARS-CoV2-5UTR-Amplicon-short-trimmed+3,100,t,1230666,707,0.0574
SARS-CoV2-5UTR-Amplicon-short-trimmed+3,101,c,1230668,1129,0.0917
SARS-CoV2-5UTR-Amplicon-short-trimmed+3,102,g,1230698,19333,1.5709
SARS-CoV2-5UTR-Amplicon-short-trimmed+3,103,t,1230700,559,0.0454
SARS-CoV2-5UTR-Amplicon-short-trimmed+3,104,t,1230700,992,0.0806
SARS-CoV2-5UTR-Amplicon-short-trimmed+3,105,g,1230710,1033,0.0839
SARS-CoV2-5UTR-Amplicon-short-trimmed+3,106,a,1230758,733,0.0596
SARS-CoV2-5UTR-Amplicon-short-trimmed+3,107,c,1230773,795,0.0646
SARS-CoV2-5UTR-Amplicon-short-trimmed+3,108,a,1230802,1865,0.1515
SARS-CoV2-5UTR-Amplicon-short-trimmed+3,109,g,1230899,7573,0.6152
SARS-CoV2-5UTR-Amplicon-short-trimmed+3,110,g,1231146,1172,0.0952
SARS-CoV2-5UTR-Amplicon-short-trimmed+3,111,a,1231718,570,0.0463
SARS-CoV2-5UTR-Amplicon-short-trimmed+3,112,c,1232409,764,0.062
SARS-CoV2-5UTR-Amplicon-short-trimmed+3,113,a,1234163,1265,0.1025
SARS-CoV2-5UTR-Amplicon-short-trimmed+3,114,c,1240385,695,0.056
SARS-CoV2-5UTR-Amplicon-short-trimmed+3,115,g,1262286,2758,0.2185
SARS-CoV2-5UTR-Amplicon-short-trimmed+3,116,a,1346505,1244,0.0924
SARS-CoV2-5UTR-Amplicon-short-trimmed+3,117,g,1999999,7616,0.3808
SARS-CoV2-5UTR-Amplicon-short-trimmed+3,118,t,1999995,2862,0.1431
SARS-CoV2-5UTR-Amplicon-short-trimmed+3,119,a,1999996,2786,0.1393
SARS-CoV2-5UTR-Amplicon-short-trimmed+3,120,a,1999997,2131,0.1066
SARS-CoV2-5UTR-Amplicon-short-trimmed+3,121,c,1999992,1917,0.0959
SARS-CoV2-5UTR-Amplicon-short-trimmed+3,122,t,1999976,5289,0.2645
SARS-CoV2-5UTR-Amplicon-short-trimmed+3,123,c,1999983,4563,0.2282
SARS-CoV2-5UTR-Amplicon-short-trimmed+3,124,g,1999942,15471,0.7736
SARS-CoV2-5UTR-Amplicon-short-trimmed+3,125,t,1999951,2647,0.1324
SARS-CoV2-5UTR-Amplicon-short-trimmed+3,126,c,1999914,1552,0.0776
SARS-CoV2-5UTR-Amplicon-short-trimmed+3,127,t,1999822,1010,0.0505
SARS-CoV2-5UTR-Amplicon-short-trimmed+3,128,a,1999432,2303,0.1152
SARS-CoV2-5UTR-Amplicon-short-trimmed+3,129,t,1998786,4634,0.2318
SARS-CoV2-5UTR-Amplicon-short-trimmed+3,130,c,1998824,664,0.0332
SARS-CoV2-5UTR-Amplicon-short-trimmed+3,131,t,1998757,1624,0.0813
SARS-CoV2-5UTR-Amplicon-short-trimmed+3,132,t,1990126,1265,0.0636
SARS-CoV2-5UTR-Amplicon-short-trimmed+3,133,c,924671,1064,0.1151
SARS-CoV2-5UTR-Amplicon-short-trimmed+3,134,t,806475,1179,0.1462
SARS-CoV2-5UTR-Amplicon-short-trimmed+3,135,g,782115,7677,0.9816
SARS-CoV2-5UTR-Amplicon-short-trimmed+3,136,c,773171,2982,0.3857
SARS-CoV2-5UTR-Amplicon-short-trimmed+3,137,a,771871,863,0.1118
SARS-CoV2-5UTR-Amplicon-short-trimmed+3,138,g,771010,607,0.0787
SARS-CoV2-5UTR-Amplicon-short-trimmed+3,139,g,770628,1236,0.1604
SARS-CoV2-5UTR-Amplicon-short-trimmed+3,140,c,770376,1461,0.1896
SARS-CoV2-5UTR-Amplicon-short-trimmed+3,141,t,770252,2380,0.309
SARS-CoV2-5UTR-Amplicon-short-trimmed+3,142,g,770195,1721,0.2234
SARS-CoV2-5UTR-Amplicon-short-trimmed+3,143,c,770173,4222,0.5482
SARS-CoV2-5UTR-Amplicon-short-trimmed+3,144,t,770151,408,0.053
SARS-CoV2-5UTR-Amplicon-short-trimmed+3,145,t,770134,1228,0.1595
SARS-CoV2-5UTR-Amplicon-short-trimmed+3,146,a,770074,892,0.1158
SARS-CoV2-5UTR-Amplicon-short-trimmed+3,147,c,770066,855,0.111
SARS-CoV2-5UTR-Amplicon-short-trimmed+3,148,g,770029,1215,0.1578
SARS-CoV2-5UTR-Amplicon-short-trimmed+3,149,g,770020,2182,0.2834
SARS-CoV2-5UTR-Amplicon-short-trimmed+3,150,t,770018,617,0.0801
SARS-CoV2-5UTR-Amplicon-short-trimmed+3,151,t,770019,577,0.0749
SARS-CoV2-5UTR-Amplicon-short-trimmed+3,152,t,770019,1803,0.2342
SARS-CoV2-5UTR-Amplicon-short-trimmed+3,153,c,770019,1817,0.236
SARS-CoV2-5UTR-Amplicon-short-trimmed+3,154,g,770021,2917,0.3788
SARS-CoV2-5UTR-Amplicon-short-trimmed+3,155,t,770019,1148,0.1491
SARS-CoV2-5UTR-Amplicon-short-trimmed+3,156,c,770022,835,0.1084
SARS-CoV2-5UTR-Amplicon-short-trimmed+3,157,c,770023,1464,0.1901
SARS-CoV2-5UTR-Amplicon-short-trimmed+3,158,g,770024,1689,0.2193
SARS-CoV2-5UTR-Amplicon-short-trimmed+3,159,t,770024,4973,0.6458
SARS-CoV2-5UTR-Amplicon-short-trimmed+3,160,g,770029,2078,0.2699
SARS-CoV2-5UTR-Amplicon-short-trimmed+3,161,t,770032,625,0.0812
SARS-CoV2-5UTR-Amplicon-short-trimmed+3,162,t,770021,1038,0.1348
SARS-CoV2-5UTR-Amplicon-short-trimmed+3,163,g,770023,652,0.0847
SARS-CoV2-5UTR-Amplicon-short-trimmed+3,164,c,770024,1136,0.1475
SARS-CoV2-5UTR-Amplicon-short-trimmed+3,165,a,770033,808,0.1049
SARS-CoV2-5UTR-Amplicon-short-trimmed+3,166,g,770162,1042,0.1353
SARS-CoV2-5UTR-Amplicon-short-trimmed+3,167,c,770165,1153,0.1497
SARS-CoV2-5UTR-Amplicon-short-trimmed+3,168,c,770166,5990,0.7778
SARS-CoV2-5UTR-Amplicon-short-trimmed+3,169,g,770166,1156,0.1501
SARS-CoV2-5UTR-Amplicon-short-trimmed+3,170,a,770172,656,0.0852
SARS-CoV2-5UTR-Amplicon-short-trimmed+3,171,t,770175,657,0.0853
SARS-CoV2-5UTR-Amplicon-short-trimmed+3,172,c,770176,603,0.0783
SARS-CoV2-5UTR-Amplicon-short-trimmed+3,173,a,770177,588,0.0763
SARS-CoV2-5UTR-Amplicon-short-trimmed+3,174,t,770178,484,0.0628
SARS-CoV2-5UTR-Amplicon-short-trimmed+3,175,c,770178,862,0.1119
SARS-CoV2-5UTR-Amplicon-short-trimmed+3,176,a,770178,1351,0.1754
SARS-CoV2-5UTR-Amplicon-short-trimmed+3,177,g,770178,5859,0.7607
SARS-CoV2-5UTR-Amplicon-short-trimmed+3,178,c,770178,5375,0.6979
SARS-CoV2-5UTR-Amplicon-short-trimmed+3,179,a,770178,751,0.0975
SARS-CoV2-5UTR-Amplicon-short-trimmed+3,180,c,770178,753,0.0978
SARS-CoV2-5UTR-Amplicon-short-trimmed+3,181,a,770178,458,0.0595
SARS-CoV2-5UTR-Amplicon-short-trimmed+3,182,t,770179,362,0.047
SARS-CoV2-5UTR-Amplicon-short-trimmed+3,183,c,770179,320,0.0415
SARS-CoV2-5UTR-Amplicon-short-trimmed+3,184,t,770180,1028,0.1335
SARS-CoV2-5UTR-Amplicon-short-trimmed+3,185,a,770180,3352,0.4352
SARS-CoV2-5UTR-Amplicon-short-trimmed+3,186,g,770181,5040,0.6544
SARS-CoV2-5UTR-Amplicon-short-trimmed+3,187,g,770184,8016,1.0408
SARS-CoV2-5UTR-Amplicon-short-trimmed+3,188,t,770197,528,0.0686
SARS-CoV2-5UTR-Amplicon-short-trimmed+3,189,t,770198,1077,0.1398
SARS-CoV2-5UTR-Amplicon-short-trimmed+3,190,t,770198,1685,0.2188
SARS-CoV2-5UTR-Amplicon-short-trimmed+3,191,c,770198,1601,0.2079
SARS-CoV2-5UTR-Amplicon-short-trimmed+3,192,g,770194,3859,0.501
SARS-CoV2-5UTR-Amplicon-short-trimmed+3,193,t,770197,4376,0.5682
SARS-CoV2-5UTR-Amplicon-short-trimmed+3,194,c,770198,717,0.0931
SARS-CoV2-5UTR-Amplicon-short-trimmed+3,195,c,770198,1161,0.1507
SARS-CoV2-5UTR-Amplicon-short-trimmed+3,196,g,770198,7206,0.9356
SARS-CoV2-5UTR-Amplicon-short-trimmed+3,197,g,770198,5817,0.7553
SARS-CoV2-5UTR-Amplicon-short-trimmed+3,198,g,770199,8823,1.1455
SARS-CoV2-5UTR-Amplicon-short-trimmed+3,199,t,770200,1416,0.1838
SARS-CoV2-5UTR-Amplicon-short-trimmed+3,200,g,770199,4772,0.6196
SARS-CoV2-5UTR-Amplicon-short-trimmed+3,201,t,770199,838,0.1088
SARS-CoV2-5UTR-Amplicon-short-trimmed+3,202,g,770199,2296,0.2981
SARS-CoV2-5UTR-Amplicon-short-trimmed+3,203,a,770199,1202,0.1561
SARS-CoV2-5UTR-Amplicon-short-trimmed+3,204,c,770199,445,0.0578
SARS-CoV2-5UTR-Amplicon-short-trimmed+3,205,c,770199,301,0.0391
SARS-CoV2-5UTR-Amplicon-short-trimmed+3,206,g,770198,7193,0.9339
SARS-CoV2-5UTR-Amplicon-short-trimmed+3,207,a,770198,794,0.1031
SARS-CoV2-5UTR-Amplicon-short-trimmed+3,208,a,770198,330,0.0428
SARS-CoV2-5UTR-Amplicon-short-trimmed+3,209,a,770198,1062,0.1379
SARS-CoV2-5UTR-Amplicon-short-trimmed+3,210,g,770198,3073,0.399
SARS-CoV2-5UTR-Amplicon-short-trimmed+3,211,g,770199,3296,0.4279
SARS-CoV2-5UTR-Amplicon-short-trimmed+3,212,t,770198,542,0.0704
SARS-CoV2-5UTR-Amplicon-short-trimmed+3,213,a,770198,448,0.0582
SARS-CoV2-5UTR-Amplicon-short-trimmed+3,214,a,770196,599,0.0778
SARS-CoV2-5UTR-Amplicon-short-trimmed+3,215,g,770196,846,0.1098
SARS-CoV2-5UTR-Amplicon-short-trimmed+3,216,a,770330,285,0.037
SARS-CoV2-5UTR-Amplicon-short-trimmed+3,217,t,770330,777,0.1009
SARS-CoV2-5UTR-Amplicon-short-trimmed+3,218,g,770330,4776,0.62
SARS-CoV2-5UTR-Amplicon-short-trimmed+3,219,g,770320,1461,0.1897
SARS-CoV2-5UTR-Amplicon-short-trimmed+3,220,a,770317,1907,0.2476
SARS-CoV2-5UTR-Amplicon-short-trimmed+3,221,g,770317,2319,0.301
SARS-CoV2-5UTR-Amplicon-short-trimmed+3,222,a,770173,693,0.09
SARS-CoV2-5UTR-Amplicon-short-trimmed+3,223,g,770172,4898,0.636
SARS-CoV2-5UTR-Amplicon-short-trimmed+3,224,c,770172,290,0.0377
SARS-CoV2-5UTR-Amplicon-short-trimmed+3,225,c,770172,388,0.0504
SARS-CoV2-5UTR-Amplicon-short-trimmed+3,226,t,770172,1250,0.1623
SARS-CoV2-5UTR-Amplicon-short-trimmed+3,227,t,770171,5873,0.7626
SARS-CoV2-5UTR-Amplicon-short-trimmed+3,228,g,770167,4828,0.6269
SARS-CoV2-5UTR-Amplicon-short-trimmed+3,229,t,770156,932,0.121
SARS-CoV2-5UTR-Amplicon-short-trimmed+3,230,c,770156,285,0.037
SARS-CoV2-5UTR-Amplicon-short-trimmed+3,231,c,770139,239,0.031
SARS-CoV2-5UTR-Amplicon-short-trimmed+3,232,c,770136,468,0.0608
SARS-CoV2-5UTR-Amplicon-short-trimmed+3,233,t,769610,1793,0.233
SARS-CoV2-5UTR-Amplicon-short-trimmed+3,234,g,769592,8446,1.0975
SARS-CoV2-5UTR-Amplicon-short-trimmed+3,235,g,769589,10865,1.4118
SARS-CoV2-5UTR-Amplicon-short-trimmed+3,236,t,769588,279,0.0363
SARS-CoV2-5UTR-Amplicon-short-trimmed+3,237,t,769585,445,0.0578
SARS-CoV2-5UTR-Amplicon-short-trimmed+3,238,t,769579,461,0.0599
SARS-CoV2-5UTR-Amplicon-short-trimmed+3,239,c,769556,5587,0.726
SARS-CoV2-5UTR-Amplicon-short-trimmed+3,240,a,769534,444,0.0577
SARS-CoV2-5UTR-Amplicon-short-trimmed+3,241,a,769520,311,0.0404
SARS-CoV2-5UTR-Amplicon-short-trimmed+3,242,c,769482,489,0.0635
SARS-CoV2-5UTR-Amplicon-short-trimmed+3,243,g,769318,1154,0.15
SARS-CoV2-5UTR-Amplicon-short-trimmed+3,244,a,769157,932,0.1212
SARS-CoV2-5UTR-Amplicon-short-trimmed+3,245,g,768220,0,0
SARS-CoV2-5UTR-Amplicon-short-trimmed+3,246,g,764579,0,0
SARS-CoV2-5UTR-Amplicon-short-trimmed+3,247,G,761027,1,1e-04
SARS-CoV2-5UTR-Amplicon-short-trimmed+3,248,A,760469,0,0
SARS-CoV2-5UTR-Amplicon-short-trimmed+3,249,G,760168,0,0
