Region,Position,Ref_base,Depth,Mut_count,Mut_percentage
SARS-CoV2-5UTR-Amplicon-short-trimmed+3,1,T,1000134,0,0
SARS-CoV2-5UTR-Amplicon-short-trimmed+3,2,T,1000724,0,0
SARS-CoV2-5UTR-Amplicon-short-trimmed+3,3,G,1000928,1,1e-04
SARS-CoV2-5UTR-Amplicon-short-trimmed+3,4,t,1001657,0,0
SARS-CoV2-5UTR-Amplicon-short-trimmed+3,5,a,1001835,0,0
SARS-CoV2-5UTR-Amplicon-short-trimmed+3,6,g,1002096,534,0.0533
SARS-CoV2-5UTR-Amplicon-short-trimmed+3,7,a,1002135,242,0.0241
SARS-CoV2-5UTR-Amplicon-short-trimmed+3,8,t,1002151,252,0.0251
SARS-CoV2-5UTR-Amplicon-short-trimmed+3,9,c,1002161,232,0.0231
SARS-CoV2-5UTR-Amplicon-short-trimmed+3,10,t,1002172,258,0.0257
SARS-CoV2-5UTR-Amplicon-short-trimmed+3,11,g,1002181,1828,0.1824
SARS-CoV2-5UTR-Amplicon-short-trimmed+3,12,t,1002195,269,0.0268
SARS-CoV2-5UTR-Amplicon-short-trimmed+3,13,t,1002200,291,0.029
SARS-CoV2-5UTR-Amplicon-short-trimmed+3,14,c,1002206,236,0.0235
SARS-CoV2-5UTR-Amplicon-short-trimmed+3,15,t,1002206,317,0.0316
SARS-CoV2-5UTR-Amplicon-short-trimmed+3,16,c,1002214,541,0.054
SARS-CoV2-5UTR-Amplicon-short-trimmed+3,17,t,1002217,217,0.0217
SARS-CoV2-5UTR-Amplicon-short-trimmed+3,18,a,1002220,422,0.0421
SARS-CoV2-5UTR-Amplicon-short-trimmed+3,19,a,1002223,383,0.0382
SARS-CoV2-5UTR-Amplicon-short-trimmed+3,20,a,1002250,281,0.028
SARS-CoV2-5UTR-Amplicon-short-trimmed+3,21,c,1002255,132,0.0132
SARS-CoV2-5UTR-Amplicon-short-trimmed+3,22,g,1002255,269,0.0268
SARS-CoV2-5UTR-Amplicon-short-trimmed+3,23,a,1002257,392,0.0391
SARS-CoV2-5UTR-Amplicon-short-trimmed+3,24,a,1002257,296,0.0295
SARS-CoV2-5UTR-Amplicon-short-trimmed+3,25,c,1002257,8291,0.8272
SARS-CoV2-5UTR-Amplicon-short-trimmed+3,26,t,1002257,796,0.0794
SARS-CoV2-5UTR-Amplicon-short-trimmed+3,27,t,1002257,832,0.083
SARS-CoV2-5UTR-Amplicon-short-trimmed+3,28,t,1002262,2333,0.2328
SARS-CoV2-5UTR-Amplicon-short-trimmed+3,29,a,1002265,776,0.0774
SARS-CoV2-5UTR-Amplicon-short-trimmed+3,30,a,1002265,374,0.0373
SARS-CoV2-5UTR-Amplicon-short-trimmed+3,31,a,1002245,384,0.0383
SARS-CoV2-5UTR-Amplicon-short-trimmed+3,32,a,1002249,328,0.0327
SARS-CoV2-5UTR-Amplicon-short-trimmed+3,33,t,1002249,2169,0.2164
SARS-CoV2-5UTR-Amplicon-short-trimmed+3,34,c,1002249,324,0.0323
SARS-CoV2-5UTR-Amplicon-short-trimmed+3,35,t,1002249,309,0.0308
SARS-CoV2-5UTR-Amplicon-short-trimmed+3,36,g,1002251,485,0.0484
SARS-CoV2-5UTR-Amplicon-short-trimmed+3,37,t,1002246,327,0.0326
SARS-CoV2-5UTR-Amplicon-short-trimmed+3,38,g,1002246,215,0.0215
SARS-CoV2-5UTR-Amplicon-short-trimmed+3,39,t,1002245,252,0.0251
SARS-CoV2-5UTR-Amplicon-short-trimmed+3,40,g,1002245,349,0.0348
SARS-CoV2-5UTR-Amplicon-short-trimmed+3,41,g,1002245,448,0.0447
SARS-CoV2-5UTR-Amplicon-short-trimmed+3,42,c,1002244,234,0.0233
SARS-CoV2-5UTR-Amplicon-short-trimmed+3,43,t,1002244,762,0.076
SARS-CoV2-5UTR-Amplicon-short-trimmed+3,44,g,1002244,571,0.057
SARS-CoV2-5UTR-Amplicon-short-trimmed+3,45,t,1002242,610,0.0609
SARS-CoV2-5UTR-Amplicon-short-trimmed+3,46,c,1002241,188,0.0188
SARS-CoV2-5UTR-Amplicon-short-trimmed+3,47,a,1002234,485,0.0484
SARS-CoV2-5UTR-Amplicon-short-trimmed+3,48,c,1002234,231,0.023
SARS-CoV2-5UTR-Amplicon-short-trimmed+3,49,t,1002234,226,0.0225
SARS-CoV2-5UTR-Amplicon-short-trimmed+3,50,c,1002234,214,0.0214
SARS-CoV2-5UTR-Amplicon-short-trimmed+3,51,g,1002234,458,0.0457
SARS-CoV2-5UTR-Amplicon-short-trimmed+3,52,g,1002234,998,0.0996
SARS-CoV2-5UTR-Amplicon-short-trimmed+3,53,c,1002234,947,0.0945
SARS-CoV2-5UTR-Amplicon-short-trimmed+3,54,t,1002233,628,0.0627
SARS-CoV2-5UTR-Amplicon-short-trimmed+3,55,g,1002233,1109,0.1107
SARS-CoV2-5UTR-Amplicon-short-trimmed+3,56,c,1002233,365,0.0364
SARS-CoV2-5UTR-Amplicon-short-trimmed+3,57,g,1002232,1067,0.1065
SARS-CoV2-5UTR-Amplicon-short-trimmed+3,58,t,1002232,347,0.0346
SARS-CoV2-5UTR-Amplicon-short-trimmed+3,59,g,1002232,739,0.0737
SARS-CoV2-5UTR-Amplicon-short-trimmed+3,60,c,1002232,294,0.0293
SARS-CoV2-5UTR-Amplicon-short-trimmed+3,61,t,1002232,393,0.0392
SARS-CoV2-5UTR-Amplicon-short-trimmed+3,62,t,1002232,475,0.0474
SARS-CoV2-5UTR-Amplicon-short-trimmed+3,63,a,1002231,457,0.0456
SARS-CoV2-5UTR-Amplicon-short-trimmed+3,64,g,1002231,322,0.0321
SARS-CoV2-5UTR-Amplicon-short-trimmed+3,65,t,1002231,451,0.045
SARS-CoV2-5UTR-Amplicon-short-trimmed+3,66,g,1002231,756,0.0754
SARS-CoV2-5UTR-Amplicon-short-trimmed+3,67,c,1002231,616,0.0615
SARS-CoV2-5UTR-Amplicon-short-trimmed+3,68,a,1002231,578,0.0577
SARS-CoV2-5UTR-Amplicon-short-trimmed+3,69,c,1002231,334,0.0333
SARS-CoV2-5UTR-Amplicon-short-trimmed+3,70,t,1002230,361,0.036
SARS-CoV2-5UTR-Amplicon-short-trimmed+3,71,c,1002230,482,0.0481
SARS-CoV2-5UTR-Amplicon-short-trimmed+3,72,a,1002230,535,0.0534
SARS-CoV2-5UTR-Amplicon-short-trimmed+3,73,c,1002229,241,0.024
SARS-CoV2-5UTR-Amplicon-short-trimmed+3,74,g,1002229,505,0.0504
SARS-CoV2-5UTR-Amplicon-short-trimmed+3,75,c,1002229,1274,0.1271
SARS-CoV2-5UTR-Amplicon-short-trimmed+3,76,a,1002229,653,0.0652
SARS-CoV2-5UTR-Amplicon-short-trimmed+3,77,g,1002229,535,0.0534
SARS-CoV2-5UTR-Amplicon-short-trimmed+3,78,t,1002229,602,0.0601
SARS-CoV2-5UTR-Amplicon-short-trimmed+3,79,a,1002222,658,0.0657
SARS-CoV2-5UTR-Amplicon-short-trimmed+3,80,t,1002222,265,0.0264
SARS-CoV2-5UTR-Amplicon-short-trimmed+3,81,a,1002214,394,0.0393
SARS-CoV2-5UTR-Amplicon-short-trimmed+3,82,a,1002219,823,0.0821
SARS-CoV2-5UTR-Amplicon-short-trimmed+3,83,t,1002220,366,0.0365
SARS-CoV2-5UTR-Amplicon-short-trimmed+3,84,t,1002220,920,0.0918
SARS-CoV2-5UTR-Amplicon-short-trimmed+3,85,a,1002219,609,0.0608
SARS-CoV2-5UTR-Amplicon-short-trimmed+3,86,a,1002219,429,0.0428
SARS-CoV2-5UTR-Amplicon-short-trimmed+3,87,t,1002220,352,0.0351
SARS-CoV2-5UTR-Amplicon-short-trimmed+3,88,a,1002218,466,0.0465
SARS-CoV2-5UTR-Amplicon-short-trimmed+3,89,a,1002218,2820,0.2814
SARS-CoV2-5UTR-Amplicon-short-trimmed+3,90,c,1002225,397,0.0396
SARS-CoV2-5UTR-Amplicon-short-trimmed+3,91,t,1002244,478,0.0477
SARS-CoV2-5UTR-Amplicon-short-trimmed+3,92,a,1002244,430,0.0429
SARS-CoV2-5UTR-Amplicon-short-trimmed+3,93,a,1002250,430,0.0429
SARS-CoV2-5UTR-Amplicon-short-trimmed+3,94,t,1002250,372,0.0371
SARS-CoV2-5UTR-Amplicon-short-trimmed+3,95,t,1002260,696,0.0694
SARS-CoV2-5UTR-Amplicon-short-trimmed+3,96,a,1002260,396,0.0395
SARS-CoV2-5UTR-Amplicon-short-trimmed+3,97,c,1002262,206,0.0206
SARS-CoV2-5UTR-Amplicon-short-trimmed+3,98,t,1002261,409,0.0408
SARS-CoV2-5UTR-Amplicon-short-trimmed+3,99,g,1002261,553,0.0552
SARS-CoV2-5UTR-Amplicon-short-trimmed+3,100,t,1002262,562,0.0561
SARS-CoV2-5UTR-Amplicon-short-trimmed+3,101,c,1002263,251,0.025
SARS-CoV2-5UTR-Amplicon-short-trimmed+3,102,g,1002275,533,0.0532
SARS-CoV2-5UTR-Amplicon-short-trimmed+3,103,t,1002278,504,0.0503
SARS-CoV2-5UTR-Amplicon-short-trimmed+3,104,t,1002280,757,0.0755
SARS-CoV2-5UTR-Amplicon-short-trimmed+3,105,g,1002287,421,0.042
SARS-CoV2-5UTR-Amplicon-short-trimmed+3,106,a,1002303,550,0.0549
SARS-CoV2-5UTR-Amplicon-short-trimmed+3,107,c,1002316,538,0.0537
SARS-CoV2-5UTR-Amplicon-short-trimmed+3,108,a,1002340,739,0.0737
SARS-CoV2-5UTR-Amplicon-short-trimmed+3,109,g,1002419,447,0.0446
SARS-CoV2-5UTR-Amplicon-short-trimmed+3,110,g,1002599,966,0.0963
SARS-CoV2-5UTR-Amplicon-short-trimmed+3,111,a,1003024,540,0.0538
SARS-CoV2-5UTR-Amplicon-short-trimmed+3,112,c,1003565,456,0.0454
SARS-CoV2-5UTR-Amplicon-short-trimmed+3,113,a,1004595,1107,0.1102
SARS-CoV2-5UTR-Amplicon-short-trimmed+3,114,c,1007112,571,0.0567
SARS-CoV2-5UTR-Amplicon-short-trimmed+3,115,g,1016024,395,0.0389
SARS-CoV2-5UTR-Amplicon-short-trimmed+3,116,a,1071296,694,0.0648
SARS-CoV2-5UTR-Amplicon-short-trimmed+3,117,g,1995150,894,0.0448
SARS-CoV2-5UTR-Amplicon-short-trimmed+3,118,t,1999952,2751,0.1376
SARS-CoV2-5UTR-Amplicon-short-trimmed+3,119,a,1999998,3492,0.1746
SARS-CoV2-5UTR-Amplicon-short-trimmed+3,120,a,1999997,2368,0.1184
SARS-CoV2-5UTR-Amplicon-short-trimmed+3,121,c,1999994,1856,0.0928
SARS-CoV2-5UTR-Amplicon-short-trimmed+3,122,t,1999992,2800,0.14
SARS-CoV2-5UTR-Amplicon-short-trimmed+3,123,c,1999991,1866,0.0933
SARS-CoV2-5UTR-Amplicon-short-trimmed+3,124,g,1999955,1665,0.0833
SARS-CoV2-5UTR-Amplicon-short-trimmed+3,125,t,1999933,3111,0.1556
SARS-CoV2-5UTR-Amplicon-short-trimmed+3,126,c,1999882,1797,0.0899
SARS-CoV2-5UTR-Amplicon-short-trimmed+3,127,t,1999752,958,0.0479
SARS-CoV2-5UTR-Amplicon-short-trimmed+3,128,a,1999350,2870,0.1435
SARS-CoV2-5UTR-Amplicon-short-trimmed+3,129,t,1998671,5619,0.2811
SARS-CoV2-5UTR-Amplicon-short-trimmed+3,130,c,1998697,729,0.0365
SARS-CoV2-5UTR-Amplicon-short-trimmed+3,131,t,1998657,1499,0.075
SARS-CoV2-5UTR-Amplicon-short-trimmed+3,132,t,1991130,1552,0.0779
SARS-CoV2-5UTR-Amplicon-short-trimmed+3,133,c,1089098,1159,0.1064
SARS-CoV2-5UTR-Amplicon-short-trimmed+3,134,t,1011005,1237,0.1224
SARS-CoV2-5UTR-Amplicon-short-trimmed+3,135,g,1001930,720,0.0719
SARS-CoV2-5UTR-Amplicon-short-trimmed+3,136,c,999762,3574,0.3575
SARS-CoV2-5UTR-Amplicon-short-trimmed+3,137,a,999344,1301,0.1302
SARS-CoV2-5UTR-Amplicon-short-trimmed+3,138,g,998873,679,0.068
SARS-CoV2-5UTR-Amplicon-short-trimmed+3,139,g,998620,897,0.0898
SARS-CoV2-5UTR-Amplicon-short-trimmed+3,140,c,998470,1024,0.1026
SARS-CoV2-5UTR-Amplicon-short-trimmed+3,141,t,998399,2235,0.2239
SARS-CoV2-5UTR-Amplicon-short-trimmed+3,142,g,998348,1676,0.1679
SARS-CoV2-5UTR-Amplicon-short-trimmed+3,143,c,998320,4522,0.453
SARS-CoV2-5UTR-Amplicon-short-trimmed+3,144,t,998276,522,0.0523
SARS-CoV2-5UTR-Amplicon-short-trimmed+3,145,t,998265,1532,0.1535
SARS-CoV2-5UTR-Amplicon-short-trimmed+3,146,a,998238,3713,0.372
SARS-CoV2-5UTR-Amplicon-short-trimmed+3,147,c,998235,996,0.0998
SARS-CoV2-5UTR-Amplicon-short-trimmed+3,148,g,998229,564,0.0565
SARS-CoV2-5UTR-Amplicon-short-trimmed+3,149,g,998224,650,0.0651
SARS-CoV2-5UTR-Amplicon-short-trimmed+3,150,t,998225,825,0.0826
SARS-CoV2-5UTR-Amplicon-short-trimmed+3,151,t,998226,838,0.0839
SARS-CoV2-5UTR-Amplicon-short-trimmed+3,152,t,998226,2266,0.227
SARS-CoV2-5UTR-Amplicon-short-trimmed+3,153,c,998226,1389,0.1391
SARS-CoV2-5UTR-Amplicon-short-trimmed+3,154,g,998228,442,0.0443
SARS-CoV2-5UTR-Amplicon-short-trimmed+3,155,t,998229,1723,0.1726
SARS-CoV2-5UTR-Amplicon-short-trimmed+3,156,c,998230,1184,0.1186
SARS-CoV2-5UTR-Amplicon-short-trimmed+3,157,c,998234,1440,0.1443
SARS-CoV2-5UTR-Amplicon-short-trimmed+3,158,g,998230,582,0.0583
SARS-CoV2-5UTR-Amplicon-short-trimmed+3,159,t,998230,6447,0.6458
SARS-CoV2-5UTR-Amplicon-short-trimmed+3,160,g,998230,479,0.048
SARS-CoV2-5UTR-Amplicon-short-trimmed+3,161,t,998232,797,0.0798
SARS-CoV2-5UTR-Amplicon-short-trimmed+3,162,t,998233,3660,0.3666
SARS-CoV2-5UTR-Amplicon-short-trimmed+3,163,g,998234,566,0.0567
SARS-CoV2-5UTR-Amplicon-short-trimmed+3,164,c,998235,1508,0.1511
SARS-CoV2-5UTR-Amplicon-short-trimmed+3,165,a,998242,1249,0.1251
SARS-CoV2-5UTR-Amplicon-short-trimmed+3,166,g,998328,1225,0.1227
SARS-CoV2-5UTR-Amplicon-short-trimmed+3,167,c,998330,1581,0.1584
SARS-CoV2-5UTR-Amplicon-short-trimmed+3,168,c,998330,5177,0.5186
SARS-CoV2-5UTR-Amplicon-short-trimmed+3,169,g,998330,917,0.0919
SARS-CoV2-5UTR-Amplicon-short-trimmed+3,170,a,998330,847,0.0848
SARS-CoV2-5UTR-Amplicon-short-trimmed+3,171,t,998332,874,0.0875
SARS-CoV2-5UTR-Amplicon-short-trimmed+3,172,c,998333,693,0.0694
SARS-CoV2-5UTR-Amplicon-short-trimmed+3,173,a,998333,799,0.08
SARS-CoV2-5UTR-Amplicon-short-trimmed+3,174,t,998333,719,0.072
SARS-CoV2-5UTR-Amplicon-short-trimmed+3,175,c,998333,929,0.0931
SARS-CoV2-5UTR-Amplicon-short-trimmed+3,176,a,998333,1172,0.1174
SARS-CoV2-5UTR-Amplicon-short-trimmed+3,177,g,998333,593,0.0594
SARS-CoV2-5UTR-Amplicon-short-trimmed+3,178,c,998333,5810,0.582
SARS-CoV2-5UTR-Amplicon-short-trimmed+3,179,a,998333,1134,0.1136
SARS-CoV2-5UTR-Amplicon-short-trimmed+3,180,c,998333,886,0.0887
SARS-CoV2-5UTR-Amplicon-short-trimmed+3,181,a,998333,665,0.0666
SARS-CoV2-5UTR-Amplicon-short-trimmed+3,182,t,998333,550,0.0551
SARS-CoV2-5UTR-Amplicon-short-trimmed+3,183,c,998333,323,0.0324
SARS-CoV2-5UTR-Amplicon-short-trimmed+3,184,t,998334,1016,0.1018
SARS-CoV2-5UTR-Amplicon-short-trimmed+3,185,a,998334,1069,0.1071
SARS-CoV2-5UTR-Amplicon-short-trimmed+3,186,g,998327,454,0.0455
SARS-CoV2-5UTR-Amplicon-short-trimmed+3,187,g,998327,493,0.0494
SARS-CoV2-5UTR-Amplicon-short-trimmed+3,188,t,998327,3670,0.3676
SARS-CoV2-5UTR-Amplicon-short-trimmed+3,189,t,998327,1301,0.1303
SARS-CoV2-5UTR-Amplicon-short-trimmed+3,190,t,998327,1907,0.191
SARS-CoV2-5UTR-Amplicon-short-trimmed+3,191,c,998327,857,0.0858
SARS-CoV2-5UTR-Amplicon-short-trimmed+3,192,g,998327,322,0.0323
SARS-CoV2-5UTR-Amplicon-short-trimmed+3,193,t,998327,5292,0.5301
SARS-CoV2-5UTR-Amplicon-short-trimmed+3,194,c,998327,681,0.0682
SARS-CoV2-5UTR-Amplicon-short-trimmed+3,195,c,998327,1153,0.1155
SARS-CoV2-5UTR-Amplicon-short-trimmed+3,196,g,998308,388,0.0389
SARS-CoV2-5UTR-Amplicon-short-trimmed+3,197,g,998307,430,0.0431
SARS-CoV2-5UTR-Amplicon-short-trimmed+3,198,g,998302,4083,0.409
SARS-CoV2-5UTR-Amplicon-short-trimmed+3,199,t,998301,1439,0.1441
SARS-CoV2-5UTR-Amplicon-short-trimmed+3,200,g,998301,1578,0.1581
SARS-CoV2-5UTR-Amplicon-short-trimmed+3,201,t,998301,3302,0.3308
SARS-CoV2-5UTR-Amplicon-short-trimmed+3,202,g,998301,835,0.0836
SARS-CoV2-5UTR-Amplicon-short-trimmed+3,203,a,998301,1726,0.1729
SARS-CoV2-5UTR-Amplicon-short-trimmed+3,204,c,998301,596,0.0597
SARS-CoV2-5UTR-Amplicon-short-trimmed+3,205,c,998301,372,0.0373
SARS-CoV2-5UTR-Amplicon-short-trimmed+3,206,g,998301,503,0.0504
SARS-CoV2-5UTR-Amplicon-short-trimmed+3,207,a,998301,610,0.0611
SARS-CoV2-5UTR-Amplicon-short-trimmed+3,208,a,998301,424,0.0425
SARS-CoV2-5UTR-Amplicon-short-trimmed+3,209,a,998301,864,0.0865
SARS-CoV2-5UTR-Amplicon-short-trimmed+3,210,g,998301,331,0.0332
SARS-CoV2-5UTR-Amplicon-short-trimmed+3,211,g,998301,1465,0.1467
SARS-CoV2-5UTR-Amplicon-short-trimmed+3,212,t,998301,735,0.0736
SARS-CoV2-5UTR-Amplicon-short-trimmed+3,213,a,998301,489,0.049
SARS-CoV2-5UTR-Amplicon-short-trimmed+3,214,a,998293,616,0.0617
SARS-CoV2-5UTR-Amplicon-short-trimmed+3,215,g,998293,325,0.0326
SARS-CoV2-5UTR-Amplicon-short-trimmed+3,216,a,998388,436,0.0437
SARS-CoV2-5UTR-Amplicon-short-trimmed+3,217,t,998387,843,0.0844
SARS-CoV2-5UTR-Amplicon-short-trimmed+3,218,g,998387,368,0.0369
SARS-CoV2-5UTR-Amplicon-short-trimmed+3,219,g,998385,586,0.0587
SARS-CoV2-5UTR-Amplicon-short-trimmed+3,220,a,998374,1544,0.1547
SARS-CoV2-5UTR-Amplicon-short-trimmed+3,221,g,998371,1339,0.1341
SARS-CoV2-5UTR-Amplicon-short-trimmed+3,222,a,998280,681,0.0682
SARS-CoV2-5UTR-Amplicon-short-trimmed+3,223,g,998280,692,0.0693
SARS-CoV2-5UTR-Amplicon-short-trimmed+3,224,c,998280,402,0.0403
SARS-CoV2-5UTR-Amplicon-short-trimmed+3,225,c,998280,373,0.0374
SARS-CoV2-5UTR-Amplicon-short-trimmed+3,226,t,998280,493,0.0494
SARS-CoV2-5UTR-Amplicon-short-trimmed+3,227,t,998279,4150,0.4157
SARS-CoV2-5UTR-Amplicon-short-trimmed+3,228,g,998278,437,0.0438
SARS-CoV2-5UTR-Amplicon-short-trimmed+3,229,t,998278,1284,0.1286
SARS-CoV2-5UTR-Amplicon-short-trimmed+3,230,c,998278,2623,0.2628
SARS-CoV2-5UTR-Amplicon-short-trimmed+3,231,c,998278,306,0.0307
SARS-CoV2-5UTR-Amplicon-short-trimmed+3,232,c,998278,505,0.0506
SARS-CoV2-5UTR-Amplicon-short-trimmed+3,233,t,998258,1478,0.1481
SARS-CoV2-5UTR-Amplicon-short-trimmed+3,234,g,998256,410,0.0411
SARS-CoV2-5UTR-Amplicon-short-trimmed+3,235,g,998253,371,0.0372
SARS-CoV2-5UTR-Amplicon-short-trimmed+3,236,t,998249,450,0.0451
SARS-CoV2-5UTR-Amplicon-short-trimmed+3,237,t,998249,635,0.0636
SARS-CoV2-5UTR-Amplicon-short-trimmed+3,238,t,998241,677,0.0678
SARS-CoV2-5UTR-Amplicon-short-trimmed+3,239,c,998227,7416,0.7429
SARS-CoV2-5UTR-Amplicon-short-trimmed+3,240,a,998186,689,0.069
SARS-CoV2-5UTR-Amplicon-short-trimmed+3,241,a,998166,431,0.0432
SARS-CoV2-5UTR-Amplicon-short-trimmed+3,242,c,998148,596,0.0597
SARS-CoV2-5UTR-Amplicon-short-trimmed+3,243,g,998122,325,0.0326
SARS-CoV2-5UTR-Amplicon-short-trimmed+3,244,a,998030,1085,0.1087
SARS-CoV2-5UTR-Amplicon-short-trimmed+3,245,g,997532,0,0
SARS-CoV2-5UTR-Amplicon-short-trimmed+3,246,g,997264,0,0
SARS-CoV2-5UTR-Amplicon-short-trimmed+3,247,G,996425,1,1e-04
SARS-CoV2-5UTR-Amplicon-short-trimmed+3,248,A,995833,0,0
SARS-CoV2-5UTR-Amplicon-short-trimmed+3,249,G,995635,0,0
