Region,Position,Ref_base,Depth,Mut_count,Mut_percentage
SARS-CoV2-5UTR-Amplicon-short-trimmed+3,1,T,1401591,0,0
SARS-CoV2-5UTR-Amplicon-short-trimmed+3,2,T,1402390,0,0
SARS-CoV2-5UTR-Amplicon-short-trimmed+3,3,G,1402656,0,0
SARS-CoV2-5UTR-Amplicon-short-trimmed+3,4,t,1408620,0,0
SARS-CoV2-5UTR-Amplicon-short-trimmed+3,5,a,1408991,1,1e-04
SARS-CoV2-5UTR-Amplicon-short-trimmed+3,6,g,1409276,3032,0.2151
SARS-CoV2-5UTR-Amplicon-short-trimmed+3,7,a,1409707,312,0.0221
SARS-CoV2-5UTR-Amplicon-short-trimmed+3,8,t,1409723,311,0.0221
SARS-CoV2-5UTR-Amplicon-short-trimmed+3,9,c,1409738,360,0.0255
SARS-CoV2-5UTR-Amplicon-short-trimmed+3,10,t,1409761,463,0.0328
SARS-CoV2-5UTR-Amplicon-short-trimmed+3,11,g,1409775,24855,1.763
SARS-CoV2-5UTR-Amplicon-short-trimmed+3,12,t,1409855,342,0.0243
SARS-CoV2-5UTR-Amplicon-short-trimmed+3,13,t,1409859,403,0.0286
SARS-CoV2-5UTR-Amplicon-short-trimmed+3,14,c,1409882,378,0.0268
SARS-CoV2-5UTR-Amplicon-short-trimmed+3,15,t,1409884,434,0.0308
SARS-CoV2-5UTR-Amplicon-short-trimmed+3,16,c,1409894,780,0.0553
SARS-CoV2-5UTR-Amplicon-short-trimmed+3,17,t,1409898,317,0.0225
SARS-CoV2-5UTR-Amplicon-short-trimmed+3,18,a,1409901,640,0.0454
SARS-CoV2-5UTR-Amplicon-short-trimmed+3,19,a,1409905,541,0.0384
SARS-CoV2-5UTR-Amplicon-short-trimmed+3,20,a,1409984,388,0.0275
SARS-CoV2-5UTR-Amplicon-short-trimmed+3,21,c,1409985,251,0.0178
SARS-CoV2-5UTR-Amplicon-short-trimmed+3,22,g,1410007,2214,0.157
SARS-CoV2-5UTR-Amplicon-short-trimmed+3,23,a,1410009,479,0.034
SARS-CoV2-5UTR-Amplicon-short-trimmed+3,24,a,1410010,386,0.0274
SARS-CoV2-5UTR-Amplicon-short-trimmed+3,25,c,1410010,5423,0.3846
SARS-CoV2-5UTR-Amplicon-short-trimmed+3,26,t,1410010,850,0.0603
SARS-CoV2-5UTR-Amplicon-short-trimmed+3,27,t,1410011,1140,0.0809
SARS-CoV2-5UTR-Amplicon-short-trimmed+3,28,t,1410013,3092,0.2193
SARS-CoV2-5UTR-Amplicon-short-trimmed+3,29,a,1410013,1060,0.0752
SARS-CoV2-5UTR-Amplicon-short-trimmed+3,30,a,1410015,461,0.0327
SARS-CoV2-5UTR-Amplicon-short-trimmed+3,31,a,1409989,432,0.0306
SARS-CoV2-5UTR-Amplicon-short-trimmed+3,32,a,1409990,403,0.0286
SARS-CoV2-5UTR-Amplicon-short-trimmed+3,33,t,1409990,2958,0.2098
SARS-CoV2-5UTR-Amplicon-short-trimmed+3,34,c,1409991,538,0.0382
SARS-CoV2-5UTR-Amplicon-short-trimmed+3,35,t,1409991,1803,0.1279
SARS-CoV2-5UTR-Amplicon-short-trimmed+3,36,g,1409991,12958,0.919
SARS-CoV2-5UTR-Amplicon-short-trimmed+3,37,t,1409983,424,0.0301
SARS-CoV2-5UTR-Amplicon-short-trimmed+3,38,g,1409983,5579,0.3957
SARS-CoV2-5UTR-Amplicon-short-trimmed+3,39,t,1409984,407,0.0289
SARS-CoV2-5UTR-Amplicon-short-trimmed+3,40,g,1409983,6739,0.4779
SARS-CoV2-5UTR-Amplicon-short-trimmed+3,41,g,1409984,4185,0.2968
SARS-CoV2-5UTR-Amplicon-short-trimmed+3,42,c,1409983,335,0.0238
SARS-CoV2-5UTR-Amplicon-short-trimmed+3,43,t,1409983,1375,0.0975
SARS-CoV2-5UTR-Amplicon-short-trimmed+3,44,g,1409983,3329,0.2361
SARS-CoV2-5UTR-Amplicon-short-trimmed+3,45,t,1409985,651,0.0462
SARS-CoV2-5UTR-Amplicon-short-trimmed+3,46,c,1409983,214,0.0152
SARS-CoV2-5UTR-Amplicon-short-trimmed+3,47,a,1409975,670,0.0475
SARS-CoV2-5UTR-Amplicon-short-trimmed+3,48,c,1409975,251,0.0178
SARS-CoV2-5UTR-Amplicon-short-trimmed+3,49,t,1409975,330,0.0234
SARS-CoV2-5UTR-Amplicon-short-trimmed+3,50,c,1409975,598,0.0424
SARS-CoV2-5UTR-Amplicon-short-trimmed+3,51,g,1409975,5531,0.3923
SARS-CoV2-5UTR-Amplicon-short-trimmed+3,52,g,1409975,3072,0.2179
SARS-CoV2-5UTR-Amplicon-short-trimmed+3,53,c,1409975,1383,0.0981
SARS-CoV2-5UTR-Amplicon-short-trimmed+3,54,t,1409975,1068,0.0757
SARS-CoV2-5UTR-Amplicon-short-trimmed+3,55,g,1409975,3526,0.2501
SARS-CoV2-5UTR-Amplicon-short-trimmed+3,56,c,1409975,554,0.0393
SARS-CoV2-5UTR-Amplicon-short-trimmed+3,57,g,1409975,2408,0.1708
SARS-CoV2-5UTR-Amplicon-short-trimmed+3,58,t,1409975,551,0.0391
SARS-CoV2-5UTR-Amplicon-short-trimmed+3,59,g,1409975,2831,0.2008
SARS-CoV2-5UTR-Amplicon-short-trimmed+3,60,c,1409975,457,0.0324
SARS-CoV2-5UTR-Amplicon-short-trimmed+3,61,t,1409975,1874,0.1329
SARS-CoV2-5UTR-Amplicon-short-trimmed+3,62,t,1409975,2781,0.1972
SARS-CoV2-5UTR-Amplicon-short-trimmed+3,63,a,1409974,3905,0.277
SARS-CoV2-5UTR-Amplicon-short-trimmed+3,64,g,1409974,4834,0.3428
SARS-CoV2-5UTR-Amplicon-short-trimmed+3,65,t,1409974,612,0.0434
SARS-CoV2-5UTR-Amplicon-short-trimmed+3,66,g,1409974,6894,0.4889
SARS-CoV2-5UTR-Amplicon-short-trimmed+3,67,c,1409974,763,0.0541
SARS-CoV2-5UTR-Amplicon-short-trimmed+3,68,a,1409974,761,0.054
SARS-CoV2-5UTR-Amplicon-short-trimmed+3,69,c,1409974,432,0.0306
SARS-CoV2-5UTR-Amplicon-short-trimmed+3,70,t,1409974,516,0.0366
SARS-CoV2-5UTR-Amplicon-short-trimmed+3,71,c,1409974,624,0.0443
SARS-CoV2-5UTR-Amplicon-short-trimmed+3,72,a,1409973,680,0.0482
SARS-CoV2-5UTR-Amplicon-short-trimmed+3,73,c,1409973,464,0.0329
SARS-CoV2-5UTR-Amplicon-short-trimmed+3,74,g,1409973,3776,0.2678
SARS-CoV2-5UTR-Amplicon-short-trimmed+3,75,c,1409973,1868,0.1325
SARS-CoV2-5UTR-Amplicon-short-trimmed+3,76,a,1409972,948,0.0672
SARS-CoV2-5UTR-Amplicon-short-trimmed+3,77,g,1409972,1483,0.1052
SARS-CoV2-5UTR-Amplicon-short-trimmed+3,78,t,1409972,670,0.0475
SARS-CoV2-5UTR-Amplicon-short-trimmed+3,79,a,1409931,850,0.0603
SARS-CoV2-5UTR-Amplicon-short-trimmed+3,80,t,1409930,281,0.0199
SARS-CoV2-5UTR-Amplicon-short-trimmed+3,81,a,1409929,478,0.0339
SARS-CoV2-5UTR-Amplicon-short-trimmed+3,82,a,1409928,1034,0.0733
SARS-CoV2-5UTR-Amplicon-short-trimmed+3,83,t,1409928,337,0.0239
SARS-CoV2-5UTR-Amplicon-short-trimmed+3,84,t,1409928,1116,0.0792
SARS-CoV2-5UTR-Amplicon-short-trimmed+3,85,a,1409928,807,0.0572
SARS-CoV2-5UTR-Amplicon-short-trimmed+3,86,a,1409928,516,0.0366
SARS-CoV2-5UTR-Amplicon-short-trimmed+3,87,t,1409929,435,0.0309
SARS-CoV2-5UTR-Amplicon-short-trimmed+3,88,a,1409927,662,0.047
SARS-CoV2-5UTR-Amplicon-short-trimmed+3,89,a,1409938,3806,0.2699
SARS-CoV2-5UTR-Amplicon-short-trimmed+3,90,c,1409938,687,0.0487
SARS-CoV2-5UTR-Amplicon-short-trimmed+3,91,t,1409963,619,0.0439
SARS-CoV2-5UTR-Amplicon-short-trimmed+3,92,a,1409963,429,0.0304
SARS-CoV2-5UTR-Amplicon-short-trimmed+3,93,a,1409963,434,0.0308
SARS-CoV2-5UTR-Amplicon-short-trimmed+3,94,t,1409964,489,0.0347
SARS-CoV2-5UTR-Amplicon-short-trimmed+3,95,t,1409963,877,0.0622
SARS-CoV2-5UTR-Amplicon-short-trimmed+3,96,a,1409963,508,0.036
SARS-CoV2-5UTR-Amplicon-short-trimmed+3,97,c,1409963,244,0.0173
SARS-CoV2-5UTR-Amplicon-short-trimmed+3,98,t,1409963,665,0.0472
SARS-CoV2-5UTR-Amplicon-short-trimmed+3,99,g,1409961,2869,0.2035
SARS-CoV2-5UTR-Amplicon-short-trimmed+3,100,t,1409963,603,0.0428
SARS-CoV2-5UTR-Amplicon-short-trimmed+3,101,c,1409961,896,0.0635
SARS-CoV2-5UTR-Amplicon-short-trimmed+3,102,g,1409978,16080,1.1404
SARS-CoV2-5UTR-Amplicon-short-trimmed+3,103,t,1409983,539,0.0382
SARS-CoV2-5UTR-Amplicon-short-trimmed+3,104,t,1409988,959,0.068
SARS-CoV2-5UTR-Amplicon-short-trimmed+3,105,g,1409990,752,0.0533
SARS-CoV2-5UTR-Amplicon-short-trimmed+3,106,a,1410010,663,0.047
SARS-CoV2-5UTR-Amplicon-short-trimmed+3,107,c,1410025,779,0.0552
SARS-CoV2-5UTR-Amplicon-short-trimmed+3,108,a,1410054,1407,0.0998
SARS-CoV2-5UTR-Amplicon-short-trimmed+3,109,g,1410159,4790,0.3397
SARS-CoV2-5UTR-Amplicon-short-trimmed+3,110,g,1410380,1578,0.1119
SARS-CoV2-5UTR-Amplicon-short-trimmed+3,111,a,1411014,592,0.042
SARS-CoV2-5UTR-Amplicon-short-trimmed+3,112,c,1411778,640,0.0453
SARS-CoV2-5UTR-Amplicon-short-trimmed+3,113,a,1413543,1381,0.0977
SARS-CoV2-5UTR-Amplicon-short-trimmed+3,114,c,1419131,873,0.0615
SARS-CoV2-5UTR-Amplicon-short-trimmed+3,115,g,1439282,1793,0.1246
SARS-CoV2-5UTR-Amplicon-short-trimmed+3,116,a,1527397,1053,0.0689
SARS-CoV2-5UTR-Amplicon-short-trimmed+3,117,g,1999996,3690,0.1845
SARS-CoV2-5UTR-Amplicon-short-trimmed+3,118,t,1999994,3174,0.1587
SARS-CoV2-5UTR-Amplicon-short-trimmed+3,119,a,1999994,2626,0.1313
SARS-CoV2-5UTR-Amplicon-short-trimmed+3,120,a,1999996,1931,0.0966
SARS-CoV2-5UTR-Amplicon-short-trimmed+3,121,c,1999991,1847,0.0924
SARS-CoV2-5UTR-Amplicon-short-trimmed+3,122,t,1999987,3902,0.1951
SARS-CoV2-5UTR-Amplicon-short-trimmed+3,123,c,1999988,2874,0.1437
SARS-CoV2-5UTR-Amplicon-short-trimmed+3,124,g,1999967,9756,0.4878
SARS-CoV2-5UTR-Amplicon-short-trimmed+3,125,t,1999959,2334,0.1167
SARS-CoV2-5UTR-Amplicon-short-trimmed+3,126,c,1999918,1371,0.0686
SARS-CoV2-5UTR-Amplicon-short-trimmed+3,127,t,1999865,881,0.0441
SARS-CoV2-5UTR-Amplicon-short-trimmed+3,128,a,1999549,2189,0.1095
SARS-CoV2-5UTR-Amplicon-short-trimmed+3,129,t,1998955,4569,0.2286
SARS-CoV2-5UTR-Amplicon-short-trimmed+3,130,c,1998974,586,0.0293
SARS-CoV2-5UTR-Amplicon-short-trimmed+3,131,t,1998894,1250,0.0625
SARS-CoV2-5UTR-Amplicon-short-trimmed+3,132,t,1988893,1161,0.0584
SARS-CoV2-5UTR-Amplicon-short-trimmed+3,133,c,743236,965,0.1298
SARS-CoV2-5UTR-Amplicon-short-trimmed+3,134,t,617942,981,0.1588
SARS-CoV2-5UTR-Amplicon-short-trimmed+3,135,g,599171,3689,0.6157
SARS-CoV2-5UTR-Amplicon-short-trimmed+3,136,c,593288,2654,0.4473
SARS-CoV2-5UTR-Amplicon-short-trimmed+3,137,a,592528,735,0.124
SARS-CoV2-5UTR-Amplicon-short-trimmed+3,138,g,591758,481,0.0813
SARS-CoV2-5UTR-Amplicon-short-trimmed+3,139,g,591352,1001,0.1693
SARS-CoV2-5UTR-Amplicon-short-trimmed+3,140,c,591073,1304,0.2206
SARS-CoV2-5UTR-Amplicon-short-trimmed+3,141,t,590942,2186,0.3699
SARS-CoV2-5UTR-Amplicon-short-trimmed+3,142,g,590873,1487,0.2517
SARS-CoV2-5UTR-Amplicon-short-trimmed+3,143,c,590841,434,0.0735
SARS-CoV2-5UTR-Amplicon-short-trimmed+3,144,t,590796,359,0.0608
SARS-CoV2-5UTR-Amplicon-short-trimmed+3,145,t,590782,1143,0.1935
SARS-CoV2-5UTR-Amplicon-short-trimmed+3,146,a,590709,745,0.1261
SARS-CoV2-5UTR-Amplicon-short-trimmed+3,147,c,590698,640,0.1083
SARS-CoV2-5UTR-Amplicon-short-trimmed+3,148,g,590695,763,0.1292
SARS-CoV2-5UTR-Amplicon-short-trimmed+3,149,g,590678,1510,0.2556
SARS-CoV2-5UTR-Amplicon-short-trimmed+3,150,t,590675,476,0.0806
SARS-CoV2-5UTR-Amplicon-short-trimmed+3,151,t,590678,497,0.0841
SARS-CoV2-5UTR-Amplicon-short-trimmed+3,152,t,590680,1623,0.2748
SARS-CoV2-5UTR-Amplicon-short-trimmed+3,153,c,590681,1348,0.2282
SARS-CoV2-5UTR-Amplicon-short-trimmed+3,154,g,590684,1520,0.2573
SARS-CoV2-5UTR-Amplicon-short-trimmed+3,155,t,590691,982,0.1662
SARS-CoV2-5UTR-Amplicon-short-trimmed+3,156,c,590691,632,0.107
SARS-CoV2-5UTR-Amplicon-short-trimmed+3,157,c,590691,1214,0.2055
SARS-CoV2-5UTR-Amplicon-short-trimmed+3,158,g,590691,980,0.1659
SARS-CoV2-5UTR-Amplicon-short-trimmed+3,159,t,590690,4705,0.7965
SARS-CoV2-5UTR-Amplicon-short-trimmed+3,160,g,590691,1174,0.1988
SARS-CoV2-5UTR-Amplicon-short-trimmed+3,161,t,590695,575,0.0973
SARS-CoV2-5UTR-Amplicon-short-trimmed+3,162,t,590699,904,0.153
SARS-CoV2-5UTR-Amplicon-short-trimmed+3,163,g,590699,493,0.0835
SARS-CoV2-5UTR-Amplicon-short-trimmed+3,164,c,590702,941,0.1593
SARS-CoV2-5UTR-Amplicon-short-trimmed+3,165,a,590706,692,0.1171
SARS-CoV2-5UTR-Amplicon-short-trimmed+3,166,g,590810,780,0.132
SARS-CoV2-5UTR-Amplicon-short-trimmed+3,167,c,590813,718,0.1215
SARS-CoV2-5UTR-Amplicon-short-trimmed+3,168,c,590814,5135,0.8691
SARS-CoV2-5UTR-Amplicon-short-trimmed+3,169,g,590814,887,0.1501
SARS-CoV2-5UTR-Amplicon-short-trimmed+3,170,a,590818,553,0.0936
SARS-CoV2-5UTR-Amplicon-short-trimmed+3,171,t,590818,561,0.095
SARS-CoV2-5UTR-Amplicon-short-trimmed+3,172,c,590818,470,0.0796
SARS-CoV2-5UTR-Amplicon-short-trimmed+3,173,a,590818,450,0.0762
SARS-CoV2-5UTR-Amplicon-short-trimmed+3,174,t,590818,412,0.0697
SARS-CoV2-5UTR-Amplicon-short-trimmed+3,175,c,590818,690,0.1168
SARS-CoV2-5UTR-Amplicon-short-trimmed+3,176,a,590818,1017,0.1721
SARS-CoV2-5UTR-Amplicon-short-trimmed+3,177,g,590818,2563,0.4338
SARS-CoV2-5UTR-Amplicon-short-trimmed+3,178,c,590821,4845,0.82
SARS-CoV2-5UTR-Amplicon-short-trimmed+3,179,a,590821,679,0.1149
SARS-CoV2-5UTR-Amplicon-short-trimmed+3,180,c,590821,614,0.1039
SARS-CoV2-5UTR-Amplicon-short-trimmed+3,181,a,590822,414,0.0701
SARS-CoV2-5UTR-Amplicon-short-trimmed+3,182,t,590822,370,0.0626
SARS-CoV2-5UTR-Amplicon-short-trimmed+3,183,c,590822,267,0.0452
SARS-CoV2-5UTR-Amplicon-short-trimmed+3,184,t,590822,876,0.1483
SARS-CoV2-5UTR-Amplicon-short-trimmed+3,185,a,590822,2429,0.4111
SARS-CoV2-5UTR-Amplicon-short-trimmed+3,186,g,590823,2790,0.4722
SARS-CoV2-5UTR-Amplicon-short-trimmed+3,187,g,590827,5295,0.8962
SARS-CoV2-5UTR-Amplicon-short-trimmed+3,188,t,590831,386,0.0653
SARS-CoV2-5UTR-Amplicon-short-trimmed+3,189,t,590831,932,0.1577
SARS-CoV2-5UTR-Amplicon-short-trimmed+3,190,t,590832,1655,0.2801
SARS-CoV2-5UTR-Amplicon-short-trimmed+3,191,c,590831,1116,0.1889
SARS-CoV2-5UTR-Amplicon-short-trimmed+3,192,g,590830,1803,0.3052
SARS-CoV2-5UTR-Amplicon-short-trimmed+3,193,t,590831,4142,0.701
SARS-CoV2-5UTR-Amplicon-short-trimmed+3,194,c,590831,419,0.0709
SARS-CoV2-5UTR-Amplicon-short-trimmed+3,195,c,590831,803,0.1359
SARS-CoV2-5UTR-Amplicon-short-trimmed+3,196,g,590808,4046,0.6848
SARS-CoV2-5UTR-Amplicon-short-trimmed+3,197,g,590807,2940,0.4976
SARS-CoV2-5UTR-Amplicon-short-trimmed+3,198,g,590808,5350,0.9055
SARS-CoV2-5UTR-Amplicon-short-trimmed+3,199,t,590808,1380,0.2336
SARS-CoV2-5UTR-Amplicon-short-trimmed+3,200,g,590807,2419,0.4094
SARS-CoV2-5UTR-Amplicon-short-trimmed+3,201,t,590806,806,0.1364
SARS-CoV2-5UTR-Amplicon-short-trimmed+3,202,g,590806,1110,0.1879
SARS-CoV2-5UTR-Amplicon-short-trimmed+3,203,a,590806,965,0.1633
SARS-CoV2-5UTR-Amplicon-short-trimmed+3,204,c,590806,311,0.0526
SARS-CoV2-5UTR-Amplicon-short-trimmed+3,205,c,590806,256,0.0433
SARS-CoV2-5UTR-Amplicon-short-trimmed+3,206,g,590806,3383,0.5726
SARS-CoV2-5UTR-Amplicon-short-trimmed+3,207,a,590806,485,0.0821
SARS-CoV2-5UTR-Amplicon-short-trimmed+3,208,a,590806,210,0.0355
SARS-CoV2-5UTR-Amplicon-short-trimmed+3,209,a,590806,824,0.1395
SARS-CoV2-5UTR-Amplicon-short-trimmed+3,210,g,590806,1094,0.1852
SARS-CoV2-5UTR-Amplicon-short-trimmed+3,211,g,590806,1647,0.2788
SARS-CoV2-5UTR-Amplicon-short-trimmed+3,212,t,590806,519,0.0878
SARS-CoV2-5UTR-Amplicon-short-trimmed+3,213,a,590806,335,0.0567
SARS-CoV2-5UTR-Amplicon-short-trimmed+3,214,a,590806,489,0.0828
SARS-CoV2-5UTR-Amplicon-short-trimmed+3,215,g,590806,508,0.086
SARS-CoV2-5UTR-Amplicon-short-trimmed+3,216,a,590915,299,0.0506
SARS-CoV2-5UTR-Amplicon-short-trimmed+3,217,t,590915,793,0.1342
SARS-CoV2-5UTR-Amplicon-short-trimmed+3,218,g,590916,2635,0.4459
SARS-CoV2-5UTR-Amplicon-short-trimmed+3,219,g,590906,994,0.1682
SARS-CoV2-5UTR-Amplicon-short-trimmed+3,220,a,590903,1668,0.2823
SARS-CoV2-5UTR-Amplicon-short-trimmed+3,221,g,590903,1566,0.265
SARS-CoV2-5UTR-Amplicon-short-trimmed+3,222,a,590798,549,0.0929
SARS-CoV2-5UTR-Amplicon-short-trimmed+3,223,g,590798,2553,0.4321
SARS-CoV2-5UTR-Amplicon-short-trimmed+3,224,c,590798,240,0.0406
SARS-CoV2-5UTR-Amplicon-short-trimmed+3,225,c,590798,339,0.0574
SARS-CoV2-5UTR-Amplicon-short-trimmed+3,226,t,590787,842,0.1425
SARS-CoV2-5UTR-Amplicon-short-trimmed+3,227,t,590787,5170,0.8751
SARS-CoV2-5UTR-Amplicon-short-trimmed+3,228,g,590781,3109,0.5263
SARS-CoV2-5UTR-Amplicon-short-trimmed+3,229,t,590780,927,0.1569
SARS-CoV2-5UTR-Amplicon-short-trimmed+3,230,c,590779,214,0.0362
SARS-CoV2-5UTR-Amplicon-short-trimmed+3,231,c,590779,214,0.0362
SARS-CoV2-5UTR-Amplicon-short-trimmed+3,232,c,590777,455,0.077
SARS-CoV2-5UTR-Amplicon-short-trimmed+3,233,t,590209,1398,0.2369
SARS-CoV2-5UTR-Amplicon-short-trimmed+3,234,g,590186,6029,1.0215
SARS-CoV2-5UTR-Amplicon-short-trimmed+3,235,g,590180,8778,1.4873
SARS-CoV2-5UTR-Amplicon-short-trimmed+3,236,t,590179,225,0.0381
SARS-CoV2-5UTR-Amplicon-short-trimmed+3,237,t,590178,432,0.0732
SARS-CoV2-5UTR-Amplicon-short-trimmed+3,238,t,590176,420,0.0712
SARS-CoV2-5UTR-Amplicon-short-trimmed+3,239,c,590167,4484,0.7598
SARS-CoV2-5UTR-Amplicon-short-trimmed+3,240,a,590150,352,0.0596
SARS-CoV2-5UTR-Amplicon-short-trimmed+3,241,a,590134,287,0.0486
SARS-CoV2-5UTR-Amplicon-short-trimmed+3,242,c,590111,341,0.0578
SARS-CoV2-5UTR-Amplicon-short-trimmed+3,243,g,590035,689,0.1168
SARS-CoV2-5UTR-Amplicon-short-trimmed+3,244,a,589933,836,0.1417
SARS-CoV2-5UTR-Amplicon-short-trimmed+3,245,g,589546,0,0
SARS-CoV2-5UTR-Amplicon-short-trimmed+3,246,g,588112,0,0
SARS-CoV2-5UTR-Amplicon-short-trimmed+3,247,G,586154,0,0
SARS-CoV2-5UTR-Amplicon-short-trimmed+3,248,A,585610,0,0
SARS-CoV2-5UTR-Amplicon-short-trimmed+3,249,G,585425,1,2e-04
