Region,Position,Ref_base,Depth,Mut_count,Mut_percentage
SARS-CoV2-5UTR-Amplicon-short-trimmed+3,1,T,1255090,0,0
SARS-CoV2-5UTR-Amplicon-short-trimmed+3,2,T,1255599,0,0
SARS-CoV2-5UTR-Amplicon-short-trimmed+3,3,G,1255837,0,0
SARS-CoV2-5UTR-Amplicon-short-trimmed+3,4,t,1256625,0,0
SARS-CoV2-5UTR-Amplicon-short-trimmed+3,5,a,1256888,0,0
SARS-CoV2-5UTR-Amplicon-short-trimmed+3,6,g,1257172,583,0.0464
SARS-CoV2-5UTR-Amplicon-short-trimmed+3,7,a,1257236,307,0.0244
SARS-CoV2-5UTR-Amplicon-short-trimmed+3,8,t,1257248,300,0.0239
SARS-CoV2-5UTR-Amplicon-short-trimmed+3,9,c,1257257,350,0.0278
SARS-CoV2-5UTR-Amplicon-short-trimmed+3,10,t,1257265,295,0.0235
SARS-CoV2-5UTR-Amplicon-short-trimmed+3,11,g,1257271,1576,0.1254
SARS-CoV2-5UTR-Amplicon-short-trimmed+3,12,t,1257276,325,0.0258
SARS-CoV2-5UTR-Amplicon-short-trimmed+3,13,t,1257294,315,0.0251
SARS-CoV2-5UTR-Amplicon-short-trimmed+3,14,c,1257296,231,0.0184
SARS-CoV2-5UTR-Amplicon-short-trimmed+3,15,t,1257305,407,0.0324
SARS-CoV2-5UTR-Amplicon-short-trimmed+3,16,c,1257312,384,0.0305
SARS-CoV2-5UTR-Amplicon-short-trimmed+3,17,t,1257316,265,0.0211
SARS-CoV2-5UTR-Amplicon-short-trimmed+3,18,a,1257318,525,0.0418
SARS-CoV2-5UTR-Amplicon-short-trimmed+3,19,a,1257319,465,0.037
SARS-CoV2-5UTR-Amplicon-short-trimmed+3,20,a,1257392,356,0.0283
SARS-CoV2-5UTR-Amplicon-short-trimmed+3,21,c,1257392,187,0.0149
SARS-CoV2-5UTR-Amplicon-short-trimmed+3,22,g,1257406,282,0.0224
SARS-CoV2-5UTR-Amplicon-short-trimmed+3,23,a,1257406,445,0.0354
SARS-CoV2-5UTR-Amplicon-short-trimmed+3,24,a,1257406,315,0.0251
SARS-CoV2-5UTR-Amplicon-short-trimmed+3,25,c,1257407,8890,0.707
SARS-CoV2-5UTR-Amplicon-short-trimmed+3,26,t,1257407,861,0.0685
SARS-CoV2-5UTR-Amplicon-short-trimmed+3,27,t,1257413,717,0.057
SARS-CoV2-5UTR-Amplicon-short-trimmed+3,28,t,1257423,2732,0.2173
SARS-CoV2-5UTR-Amplicon-short-trimmed+3,29,a,1257423,1018,0.081
SARS-CoV2-5UTR-Amplicon-short-trimmed+3,30,a,1257423,450,0.0358
SARS-CoV2-5UTR-Amplicon-short-trimmed+3,31,a,1257395,461,0.0367
SARS-CoV2-5UTR-Amplicon-short-trimmed+3,32,a,1257403,386,0.0307
SARS-CoV2-5UTR-Amplicon-short-trimmed+3,33,t,1257403,2690,0.2139
SARS-CoV2-5UTR-Amplicon-short-trimmed+3,34,c,1257403,439,0.0349
SARS-CoV2-5UTR-Amplicon-short-trimmed+3,35,t,1257404,359,0.0286
SARS-CoV2-5UTR-Amplicon-short-trimmed+3,36,g,1257404,533,0.0424
SARS-CoV2-5UTR-Amplicon-short-trimmed+3,37,t,1257397,357,0.0284
SARS-CoV2-5UTR-Amplicon-short-trimmed+3,38,g,1257397,297,0.0236
SARS-CoV2-5UTR-Amplicon-short-trimmed+3,39,t,1257397,274,0.0218
SARS-CoV2-5UTR-Amplicon-short-trimmed+3,40,g,1257397,412,0.0328
SARS-CoV2-5UTR-Amplicon-short-trimmed+3,41,g,1257396,544,0.0433
SARS-CoV2-5UTR-Amplicon-short-trimmed+3,42,c,1257395,279,0.0222
SARS-CoV2-5UTR-Amplicon-short-trimmed+3,43,t,1257393,831,0.0661
SARS-CoV2-5UTR-Amplicon-short-trimmed+3,44,g,1257393,634,0.0504
SARS-CoV2-5UTR-Amplicon-short-trimmed+3,45,t,1257392,730,0.0581
SARS-CoV2-5UTR-Amplicon-short-trimmed+3,46,c,1257392,221,0.0176
SARS-CoV2-5UTR-Amplicon-short-trimmed+3,47,a,1257386,561,0.0446
SARS-CoV2-5UTR-Amplicon-short-trimmed+3,48,c,1257386,239,0.019
SARS-CoV2-5UTR-Amplicon-short-trimmed+3,49,t,1257385,244,0.0194
SARS-CoV2-5UTR-Amplicon-short-trimmed+3,50,c,1257380,281,0.0223
SARS-CoV2-5UTR-Amplicon-short-trimmed+3,51,g,1257380,487,0.0387
SARS-CoV2-5UTR-Amplicon-short-trimmed+3,52,g,1257380,1232,0.098
SARS-CoV2-5UTR-Amplicon-short-trimmed+3,53,c,1257380,856,0.0681
SARS-CoV2-5UTR-Amplicon-short-trimmed+3,54,t,1257380,591,0.047
SARS-CoV2-5UTR-Amplicon-short-trimmed+3,55,g,1257379,1094,0.087
SARS-CoV2-5UTR-Amplicon-short-trimmed+3,56,c,1257379,423,0.0336
SARS-CoV2-5UTR-Amplicon-short-trimmed+3,57,g,1257379,1035,0.0823
SARS-CoV2-5UTR-Amplicon-short-trimmed+3,58,t,1257379,384,0.0305
SARS-CoV2-5UTR-Amplicon-short-trimmed+3,59,g,1257379,754,0.06
SARS-CoV2-5UTR-Amplicon-short-trimmed+3,60,c,1257379,429,0.0341
SARS-CoV2-5UTR-Amplicon-short-trimmed+3,61,t,1257379,519,0.0413
SARS-CoV2-5UTR-Amplicon-short-trimmed+3,62,t,1257378,516,0.041
SARS-CoV2-5UTR-Amplicon-short-trimmed+3,63,a,1257377,677,0.0538
SARS-CoV2-5UTR-Amplicon-short-trimmed+3,64,g,1257377,419,0.0333
SARS-CoV2-5UTR-Amplicon-short-trimmed+3,65,t,1257377,516,0.041
SARS-CoV2-5UTR-Amplicon-short-trimmed+3,66,g,1257377,934,0.0743
SARS-CoV2-5UTR-Amplicon-short-trimmed+3,67,c,1257377,858,0.0682
SARS-CoV2-5UTR-Amplicon-short-trimmed+3,68,a,1257377,635,0.0505
SARS-CoV2-5UTR-Amplicon-short-trimmed+3,69,c,1257377,355,0.0282
SARS-CoV2-5UTR-Amplicon-short-trimmed+3,70,t,1257376,414,0.0329
SARS-CoV2-5UTR-Amplicon-short-trimmed+3,71,c,1257375,467,0.0371
SARS-CoV2-5UTR-Amplicon-short-trimmed+3,72,a,1257375,601,0.0478
SARS-CoV2-5UTR-Amplicon-short-trimmed+3,73,c,1257375,351,0.0279
SARS-CoV2-5UTR-Amplicon-short-trimmed+3,74,g,1257375,597,0.0475
SARS-CoV2-5UTR-Amplicon-short-trimmed+3,75,c,1257375,1720,0.1368
SARS-CoV2-5UTR-Amplicon-short-trimmed+3,76,a,1257375,787,0.0626
SARS-CoV2-5UTR-Amplicon-short-trimmed+3,77,g,1257375,662,0.0526
SARS-CoV2-5UTR-Amplicon-short-trimmed+3,78,t,1257375,634,0.0504
SARS-CoV2-5UTR-Amplicon-short-trimmed+3,79,a,1257373,777,0.0618
SARS-CoV2-5UTR-Amplicon-short-trimmed+3,80,t,1257377,336,0.0267
SARS-CoV2-5UTR-Amplicon-short-trimmed+3,81,a,1257377,519,0.0413
SARS-CoV2-5UTR-Amplicon-short-trimmed+3,82,a,1257376,967,0.0769
SARS-CoV2-5UTR-Amplicon-short-trimmed+3,83,t,1257381,428,0.034
SARS-CoV2-5UTR-Amplicon-short-trimmed+3,84,t,1257386,982,0.0781
SARS-CoV2-5UTR-Amplicon-short-trimmed+3,85,a,1257381,789,0.0627
SARS-CoV2-5UTR-Amplicon-short-trimmed+3,86,a,1257381,545,0.0433
SARS-CoV2-5UTR-Amplicon-short-trimmed+3,87,t,1257385,433,0.0344
SARS-CoV2-5UTR-Amplicon-short-trimmed+3,88,a,1257385,620,0.0493
SARS-CoV2-5UTR-Amplicon-short-trimmed+3,89,a,1257389,3435,0.2732
SARS-CoV2-5UTR-Amplicon-short-trimmed+3,90,c,1257388,552,0.0439
SARS-CoV2-5UTR-Amplicon-short-trimmed+3,91,t,1257407,541,0.043
SARS-CoV2-5UTR-Amplicon-short-trimmed+3,92,a,1257407,478,0.038
SARS-CoV2-5UTR-Amplicon-short-trimmed+3,93,a,1257408,515,0.041
SARS-CoV2-5UTR-Amplicon-short-trimmed+3,94,t,1257408,401,0.0319
SARS-CoV2-5UTR-Amplicon-short-trimmed+3,95,t,1257406,785,0.0624
SARS-CoV2-5UTR-Amplicon-short-trimmed+3,96,a,1257406,457,0.0363
SARS-CoV2-5UTR-Amplicon-short-trimmed+3,97,c,1257407,216,0.0172
SARS-CoV2-5UTR-Amplicon-short-trimmed+3,98,t,1257408,421,0.0335
SARS-CoV2-5UTR-Amplicon-short-trimmed+3,99,g,1257413,585,0.0465
SARS-CoV2-5UTR-Amplicon-short-trimmed+3,100,t,1257413,618,0.0491
SARS-CoV2-5UTR-Amplicon-short-trimmed+3,101,c,1257413,305,0.0243
SARS-CoV2-5UTR-Amplicon-short-trimmed+3,102,g,1257444,613,0.0487
SARS-CoV2-5UTR-Amplicon-short-trimmed+3,103,t,1257445,523,0.0416
SARS-CoV2-5UTR-Amplicon-short-trimmed+3,104,t,1257452,792,0.063
SARS-CoV2-5UTR-Amplicon-short-trimmed+3,105,g,1257461,422,0.0336
SARS-CoV2-5UTR-Amplicon-short-trimmed+3,106,a,1257501,717,0.057
SARS-CoV2-5UTR-Amplicon-short-trimmed+3,107,c,1257516,701,0.0557
SARS-CoV2-5UTR-Amplicon-short-trimmed+3,108,a,1257549,863,0.0686
SARS-CoV2-5UTR-Amplicon-short-trimmed+3,109,g,1257642,540,0.0429
SARS-CoV2-5UTR-Amplicon-short-trimmed+3,110,g,1257872,1222,0.0971
SARS-CoV2-5UTR-Amplicon-short-trimmed+3,111,a,1258428,535,0.0425
SARS-CoV2-5UTR-Amplicon-short-trimmed+3,112,c,1259032,631,0.0501
SARS-CoV2-5UTR-Amplicon-short-trimmed+3,113,a,1260336,1216,0.0965
SARS-CoV2-5UTR-Amplicon-short-trimmed+3,114,c,1263500,737,0.0583
SARS-CoV2-5UTR-Amplicon-short-trimmed+3,115,g,1274294,487,0.0382
SARS-CoV2-5UTR-Amplicon-short-trimmed+3,116,a,1344125,867,0.0645
SARS-CoV2-5UTR-Amplicon-short-trimmed+3,117,g,2e+06,1005,0.0503
SARS-CoV2-5UTR-Amplicon-short-trimmed+3,118,t,1999997,3030,0.1515
SARS-CoV2-5UTR-Amplicon-short-trimmed+3,119,a,1999998,2990,0.1495
SARS-CoV2-5UTR-Amplicon-short-trimmed+3,120,a,1999997,2054,0.1027
SARS-CoV2-5UTR-Amplicon-short-trimmed+3,121,c,1999995,1843,0.0922
SARS-CoV2-5UTR-Amplicon-short-trimmed+3,122,t,1999988,2301,0.1151
SARS-CoV2-5UTR-Amplicon-short-trimmed+3,123,c,1999992,1475,0.0738
SARS-CoV2-5UTR-Amplicon-short-trimmed+3,124,g,1999960,1494,0.0747
SARS-CoV2-5UTR-Amplicon-short-trimmed+3,125,t,1999957,2725,0.1363
SARS-CoV2-5UTR-Amplicon-short-trimmed+3,126,c,1999938,1470,0.0735
SARS-CoV2-5UTR-Amplicon-short-trimmed+3,127,t,1999862,919,0.046
SARS-CoV2-5UTR-Amplicon-short-trimmed+3,128,a,1999576,2417,0.1209
SARS-CoV2-5UTR-Amplicon-short-trimmed+3,129,t,1999028,5069,0.2536
SARS-CoV2-5UTR-Amplicon-short-trimmed+3,130,c,1999059,612,0.0306
SARS-CoV2-5UTR-Amplicon-short-trimmed+3,131,t,1999001,1301,0.0651
SARS-CoV2-5UTR-Amplicon-short-trimmed+3,132,t,1989562,1284,0.0645
SARS-CoV2-5UTR-Amplicon-short-trimmed+3,133,c,857258,1035,0.1207
SARS-CoV2-5UTR-Amplicon-short-trimmed+3,134,t,758199,999,0.1318
SARS-CoV2-5UTR-Amplicon-short-trimmed+3,135,g,747469,543,0.0726
SARS-CoV2-5UTR-Amplicon-short-trimmed+3,136,c,745020,3152,0.4231
SARS-CoV2-5UTR-Amplicon-short-trimmed+3,137,a,744570,927,0.1245
SARS-CoV2-5UTR-Amplicon-short-trimmed+3,138,g,744008,468,0.0629
SARS-CoV2-5UTR-Amplicon-short-trimmed+3,139,g,743691,780,0.1049
SARS-CoV2-5UTR-Amplicon-short-trimmed+3,140,c,743458,987,0.1328
SARS-CoV2-5UTR-Amplicon-short-trimmed+3,141,t,743372,1865,0.2509
SARS-CoV2-5UTR-Amplicon-short-trimmed+3,142,g,743327,1352,0.1819
SARS-CoV2-5UTR-Amplicon-short-trimmed+3,143,c,743297,4356,0.586
SARS-CoV2-5UTR-Amplicon-short-trimmed+3,144,t,743227,397,0.0534
SARS-CoV2-5UTR-Amplicon-short-trimmed+3,145,t,743210,1322,0.1779
SARS-CoV2-5UTR-Amplicon-short-trimmed+3,146,a,743138,1024,0.1378
SARS-CoV2-5UTR-Amplicon-short-trimmed+3,147,c,743116,804,0.1082
SARS-CoV2-5UTR-Amplicon-short-trimmed+3,148,g,743111,440,0.0592
SARS-CoV2-5UTR-Amplicon-short-trimmed+3,149,g,743085,429,0.0577
SARS-CoV2-5UTR-Amplicon-short-trimmed+3,150,t,743083,648,0.0872
SARS-CoV2-5UTR-Amplicon-short-trimmed+3,151,t,743079,657,0.0884
SARS-CoV2-5UTR-Amplicon-short-trimmed+3,152,t,743074,1892,0.2546
SARS-CoV2-5UTR-Amplicon-short-trimmed+3,153,c,743068,1086,0.1462
SARS-CoV2-5UTR-Amplicon-short-trimmed+3,154,g,743061,391,0.0526
SARS-CoV2-5UTR-Amplicon-short-trimmed+3,155,t,743062,1365,0.1837
SARS-CoV2-5UTR-Amplicon-short-trimmed+3,156,c,743064,883,0.1188
SARS-CoV2-5UTR-Amplicon-short-trimmed+3,157,c,743064,1217,0.1638
SARS-CoV2-5UTR-Amplicon-short-trimmed+3,158,g,743062,476,0.0641
SARS-CoV2-5UTR-Amplicon-short-trimmed+3,159,t,743063,5448,0.7332
SARS-CoV2-5UTR-Amplicon-short-trimmed+3,160,g,743066,378,0.0509
SARS-CoV2-5UTR-Amplicon-short-trimmed+3,161,t,743068,659,0.0887
SARS-CoV2-5UTR-Amplicon-short-trimmed+3,162,t,743069,1124,0.1513
SARS-CoV2-5UTR-Amplicon-short-trimmed+3,163,g,743069,495,0.0666
SARS-CoV2-5UTR-Amplicon-short-trimmed+3,164,c,743071,1235,0.1662
SARS-CoV2-5UTR-Amplicon-short-trimmed+3,165,a,743078,975,0.1312
SARS-CoV2-5UTR-Amplicon-short-trimmed+3,166,g,743187,1002,0.1348
SARS-CoV2-5UTR-Amplicon-short-trimmed+3,167,c,743189,1225,0.1648
SARS-CoV2-5UTR-Amplicon-short-trimmed+3,168,c,743189,5480,0.7374
SARS-CoV2-5UTR-Amplicon-short-trimmed+3,169,g,743184,793,0.1067
SARS-CoV2-5UTR-Amplicon-short-trimmed+3,170,a,743185,701,0.0943
SARS-CoV2-5UTR-Amplicon-short-trimmed+3,171,t,743186,669,0.09
SARS-CoV2-5UTR-Amplicon-short-trimmed+3,172,c,743186,611,0.0822
SARS-CoV2-5UTR-Amplicon-short-trimmed+3,173,a,743186,595,0.0801
SARS-CoV2-5UTR-Amplicon-short-trimmed+3,174,t,743186,526,0.0708
SARS-CoV2-5UTR-Amplicon-short-trimmed+3,175,c,743186,857,0.1153
SARS-CoV2-5UTR-Amplicon-short-trimmed+3,176,a,743186,919,0.1237
SARS-CoV2-5UTR-Amplicon-short-trimmed+3,177,g,743186,580,0.078
SARS-CoV2-5UTR-Amplicon-short-trimmed+3,178,c,743186,5476,0.7368
SARS-CoV2-5UTR-Amplicon-short-trimmed+3,179,a,743186,899,0.121
SARS-CoV2-5UTR-Amplicon-short-trimmed+3,180,c,743186,708,0.0953
SARS-CoV2-5UTR-Amplicon-short-trimmed+3,181,a,743186,496,0.0667
SARS-CoV2-5UTR-Amplicon-short-trimmed+3,182,t,743186,432,0.0581
SARS-CoV2-5UTR-Amplicon-short-trimmed+3,183,c,743186,303,0.0408
SARS-CoV2-5UTR-Amplicon-short-trimmed+3,184,t,743186,985,0.1325
SARS-CoV2-5UTR-Amplicon-short-trimmed+3,185,a,743181,973,0.1309
SARS-CoV2-5UTR-Amplicon-short-trimmed+3,186,g,743182,397,0.0534
SARS-CoV2-5UTR-Amplicon-short-trimmed+3,187,g,743182,511,0.0688
SARS-CoV2-5UTR-Amplicon-short-trimmed+3,188,t,743181,518,0.0697
SARS-CoV2-5UTR-Amplicon-short-trimmed+3,189,t,743181,1025,0.1379
SARS-CoV2-5UTR-Amplicon-short-trimmed+3,190,t,743180,1695,0.2281
SARS-CoV2-5UTR-Amplicon-short-trimmed+3,191,c,743180,754,0.1015
SARS-CoV2-5UTR-Amplicon-short-trimmed+3,192,g,743175,315,0.0424
SARS-CoV2-5UTR-Amplicon-short-trimmed+3,193,t,743174,4652,0.626
SARS-CoV2-5UTR-Amplicon-short-trimmed+3,194,c,743170,464,0.0624
SARS-CoV2-5UTR-Amplicon-short-trimmed+3,195,c,743170,914,0.123
SARS-CoV2-5UTR-Amplicon-short-trimmed+3,196,g,743154,315,0.0424
SARS-CoV2-5UTR-Amplicon-short-trimmed+3,197,g,743152,332,0.0447
SARS-CoV2-5UTR-Amplicon-short-trimmed+3,198,g,743144,3203,0.431
SARS-CoV2-5UTR-Amplicon-short-trimmed+3,199,t,743143,1180,0.1588
SARS-CoV2-5UTR-Amplicon-short-trimmed+3,200,g,743137,393,0.0529
SARS-CoV2-5UTR-Amplicon-short-trimmed+3,201,t,743136,867,0.1167
SARS-CoV2-5UTR-Amplicon-short-trimmed+3,202,g,743136,758,0.102
SARS-CoV2-5UTR-Amplicon-short-trimmed+3,203,a,743136,1360,0.183
SARS-CoV2-5UTR-Amplicon-short-trimmed+3,204,c,743136,446,0.06
SARS-CoV2-5UTR-Amplicon-short-trimmed+3,205,c,743136,340,0.0458
SARS-CoV2-5UTR-Amplicon-short-trimmed+3,206,g,743136,377,0.0507
SARS-CoV2-5UTR-Amplicon-short-trimmed+3,207,a,743135,591,0.0795
SARS-CoV2-5UTR-Amplicon-short-trimmed+3,208,a,743135,303,0.0408
SARS-CoV2-5UTR-Amplicon-short-trimmed+3,209,a,743134,767,0.1032
SARS-CoV2-5UTR-Amplicon-short-trimmed+3,210,g,743134,250,0.0336
SARS-CoV2-5UTR-Amplicon-short-trimmed+3,211,g,743134,951,0.128
SARS-CoV2-5UTR-Amplicon-short-trimmed+3,212,t,743134,612,0.0824
SARS-CoV2-5UTR-Amplicon-short-trimmed+3,213,a,743134,402,0.0541
SARS-CoV2-5UTR-Amplicon-short-trimmed+3,214,a,743134,501,0.0674
SARS-CoV2-5UTR-Amplicon-short-trimmed+3,215,g,743133,281,0.0378
SARS-CoV2-5UTR-Amplicon-short-trimmed+3,216,a,743248,323,0.0435
SARS-CoV2-5UTR-Amplicon-short-trimmed+3,217,t,743247,735,0.0989
SARS-CoV2-5UTR-Amplicon-short-trimmed+3,218,g,743247,309,0.0416
SARS-CoV2-5UTR-Amplicon-short-trimmed+3,219,g,743239,592,0.0797
SARS-CoV2-5UTR-Amplicon-short-trimmed+3,220,a,743240,1549,0.2084
SARS-CoV2-5UTR-Amplicon-short-trimmed+3,221,g,743239,1282,0.1725
SARS-CoV2-5UTR-Amplicon-short-trimmed+3,222,a,743127,548,0.0737
SARS-CoV2-5UTR-Amplicon-short-trimmed+3,223,g,743127,601,0.0809
SARS-CoV2-5UTR-Amplicon-short-trimmed+3,224,c,743126,313,0.0421
SARS-CoV2-5UTR-Amplicon-short-trimmed+3,225,c,743126,356,0.0479
SARS-CoV2-5UTR-Amplicon-short-trimmed+3,226,t,743126,332,0.0447
SARS-CoV2-5UTR-Amplicon-short-trimmed+3,227,t,743126,4111,0.5532
SARS-CoV2-5UTR-Amplicon-short-trimmed+3,228,g,743126,375,0.0505
SARS-CoV2-5UTR-Amplicon-short-trimmed+3,229,t,743126,1062,0.1429
SARS-CoV2-5UTR-Amplicon-short-trimmed+3,230,c,743126,236,0.0318
SARS-CoV2-5UTR-Amplicon-short-trimmed+3,231,c,743124,252,0.0339
SARS-CoV2-5UTR-Amplicon-short-trimmed+3,232,c,743123,468,0.063
SARS-CoV2-5UTR-Amplicon-short-trimmed+3,233,t,743114,1298,0.1747
SARS-CoV2-5UTR-Amplicon-short-trimmed+3,234,g,743114,314,0.0423
SARS-CoV2-5UTR-Amplicon-short-trimmed+3,235,g,743110,291,0.0392
SARS-CoV2-5UTR-Amplicon-short-trimmed+3,236,t,743105,340,0.0458
SARS-CoV2-5UTR-Amplicon-short-trimmed+3,237,t,743104,468,0.063
SARS-CoV2-5UTR-Amplicon-short-trimmed+3,238,t,743099,533,0.0717
SARS-CoV2-5UTR-Amplicon-short-trimmed+3,239,c,743085,5263,0.7083
SARS-CoV2-5UTR-Amplicon-short-trimmed+3,240,a,743047,543,0.0731
SARS-CoV2-5UTR-Amplicon-short-trimmed+3,241,a,743037,373,0.0502
SARS-CoV2-5UTR-Amplicon-short-trimmed+3,242,c,743020,463,0.0623
SARS-CoV2-5UTR-Amplicon-short-trimmed+3,243,g,742997,299,0.0402
SARS-CoV2-5UTR-Amplicon-short-trimmed+3,244,a,742922,931,0.1253
SARS-CoV2-5UTR-Amplicon-short-trimmed+3,245,g,742547,0,0
SARS-CoV2-5UTR-Amplicon-short-trimmed+3,246,g,742311,0,0
SARS-CoV2-5UTR-Amplicon-short-trimmed+3,247,G,741495,0,0
SARS-CoV2-5UTR-Amplicon-short-trimmed+3,248,A,740904,0,0
SARS-CoV2-5UTR-Amplicon-short-trimmed+3,249,G,740729,0,0
