Region,Position,Ref_base,Depth,Mut_count,Mut_percentage
SARS-CoV2-5UTR-Amplicon-short-trimmed+3,1,T,928377,0,0
SARS-CoV2-5UTR-Amplicon-short-trimmed+3,2,T,929058,0,0
SARS-CoV2-5UTR-Amplicon-short-trimmed+3,3,G,929256,0,0
SARS-CoV2-5UTR-Amplicon-short-trimmed+3,4,t,930187,0,0
SARS-CoV2-5UTR-Amplicon-short-trimmed+3,5,a,930367,0,0
SARS-CoV2-5UTR-Amplicon-short-trimmed+3,6,g,930590,766,0.0823
SARS-CoV2-5UTR-Amplicon-short-trimmed+3,7,a,930691,218,0.0234
SARS-CoV2-5UTR-Amplicon-short-trimmed+3,8,t,930695,236,0.0254
SARS-CoV2-5UTR-Amplicon-short-trimmed+3,9,c,930702,293,0.0315
SARS-CoV2-5UTR-Amplicon-short-trimmed+3,10,t,930712,282,0.0303
SARS-CoV2-5UTR-Amplicon-short-trimmed+3,11,g,930716,3699,0.3974
SARS-CoV2-5UTR-Amplicon-short-trimmed+3,12,t,930740,274,0.0294
SARS-CoV2-5UTR-Amplicon-short-trimmed+3,13,t,930747,350,0.0376
SARS-CoV2-5UTR-Amplicon-short-trimmed+3,14,c,930749,243,0.0261
SARS-CoV2-5UTR-Amplicon-short-trimmed+3,15,t,930765,373,0.0401
SARS-CoV2-5UTR-Amplicon-short-trimmed+3,16,c,930768,712,0.0765
SARS-CoV2-5UTR-Amplicon-short-trimmed+3,17,t,930776,224,0.0241
SARS-CoV2-5UTR-Amplicon-short-trimmed+3,18,a,930778,431,0.0463
SARS-CoV2-5UTR-Amplicon-short-trimmed+3,19,a,930782,342,0.0367
SARS-CoV2-5UTR-Amplicon-short-trimmed+3,20,a,930814,238,0.0256
SARS-CoV2-5UTR-Amplicon-short-trimmed+3,21,c,930824,216,0.0232
SARS-CoV2-5UTR-Amplicon-short-trimmed+3,22,g,930824,1029,0.1105
SARS-CoV2-5UTR-Amplicon-short-trimmed+3,23,a,930826,376,0.0404
SARS-CoV2-5UTR-Amplicon-short-trimmed+3,24,a,930826,333,0.0358
SARS-CoV2-5UTR-Amplicon-short-trimmed+3,25,c,930827,16001,1.719
SARS-CoV2-5UTR-Amplicon-short-trimmed+3,26,t,930828,763,0.082
SARS-CoV2-5UTR-Amplicon-short-trimmed+3,27,t,930830,955,0.1026
SARS-CoV2-5UTR-Amplicon-short-trimmed+3,28,t,930853,2017,0.2167
SARS-CoV2-5UTR-Amplicon-short-trimmed+3,29,a,930853,741,0.0796
SARS-CoV2-5UTR-Amplicon-short-trimmed+3,30,a,930853,342,0.0367
SARS-CoV2-5UTR-Amplicon-short-trimmed+3,31,a,930813,311,0.0334
SARS-CoV2-5UTR-Amplicon-short-trimmed+3,32,a,930821,304,0.0327
SARS-CoV2-5UTR-Amplicon-short-trimmed+3,33,t,930824,2181,0.2343
SARS-CoV2-5UTR-Amplicon-short-trimmed+3,34,c,930824,332,0.0357
SARS-CoV2-5UTR-Amplicon-short-trimmed+3,35,t,930824,309,0.0332
SARS-CoV2-5UTR-Amplicon-short-trimmed+3,36,g,930824,608,0.0653
SARS-CoV2-5UTR-Amplicon-short-trimmed+3,37,t,930816,311,0.0334
SARS-CoV2-5UTR-Amplicon-short-trimmed+3,38,g,930816,302,0.0324
SARS-CoV2-5UTR-Amplicon-short-trimmed+3,39,t,930816,266,0.0286
SARS-CoV2-5UTR-Amplicon-short-trimmed+3,40,g,930816,466,0.0501
SARS-CoV2-5UTR-Amplicon-short-trimmed+3,41,g,930815,652,0.07
SARS-CoV2-5UTR-Amplicon-short-trimmed+3,42,c,930814,233,0.025
SARS-CoV2-5UTR-Amplicon-short-trimmed+3,43,t,930813,757,0.0813
SARS-CoV2-5UTR-Amplicon-short-trimmed+3,44,g,930813,707,0.076
SARS-CoV2-5UTR-Amplicon-short-trimmed+3,45,t,930812,601,0.0646
SARS-CoV2-5UTR-Amplicon-short-trimmed+3,46,c,930812,162,0.0174
SARS-CoV2-5UTR-Amplicon-short-trimmed+3,47,a,930798,362,0.0389
SARS-CoV2-5UTR-Amplicon-short-trimmed+3,48,c,930798,173,0.0186
SARS-CoV2-5UTR-Amplicon-short-trimmed+3,49,t,930798,238,0.0256
SARS-CoV2-5UTR-Amplicon-short-trimmed+3,50,c,930794,209,0.0225
SARS-CoV2-5UTR-Amplicon-short-trimmed+3,51,g,930793,594,0.0638
SARS-CoV2-5UTR-Amplicon-short-trimmed+3,52,g,930793,1135,0.1219
SARS-CoV2-5UTR-Amplicon-short-trimmed+3,53,c,930793,1200,0.1289
SARS-CoV2-5UTR-Amplicon-short-trimmed+3,54,t,930793,1190,0.1278
SARS-CoV2-5UTR-Amplicon-short-trimmed+3,55,g,930793,5944,0.6386
SARS-CoV2-5UTR-Amplicon-short-trimmed+3,56,c,930793,356,0.0382
SARS-CoV2-5UTR-Amplicon-short-trimmed+3,57,g,930793,1595,0.1714
SARS-CoV2-5UTR-Amplicon-short-trimmed+3,58,t,930793,340,0.0365
SARS-CoV2-5UTR-Amplicon-short-trimmed+3,59,g,930793,894,0.096
SARS-CoV2-5UTR-Amplicon-short-trimmed+3,60,c,930793,401,0.0431
SARS-CoV2-5UTR-Amplicon-short-trimmed+3,61,t,930793,455,0.0489
SARS-CoV2-5UTR-Amplicon-short-trimmed+3,62,t,930793,575,0.0618
SARS-CoV2-5UTR-Amplicon-short-trimmed+3,63,a,930793,529,0.0568
SARS-CoV2-5UTR-Amplicon-short-trimmed+3,64,g,930793,513,0.0551
SARS-CoV2-5UTR-Amplicon-short-trimmed+3,65,t,930793,503,0.054
SARS-CoV2-5UTR-Amplicon-short-trimmed+3,66,g,930793,913,0.0981
SARS-CoV2-5UTR-Amplicon-short-trimmed+3,67,c,930793,678,0.0728
SARS-CoV2-5UTR-Amplicon-short-trimmed+3,68,a,930793,591,0.0635
SARS-CoV2-5UTR-Amplicon-short-trimmed+3,69,c,930793,310,0.0333
SARS-CoV2-5UTR-Amplicon-short-trimmed+3,70,t,930793,367,0.0394
SARS-CoV2-5UTR-Amplicon-short-trimmed+3,71,c,930793,482,0.0518
SARS-CoV2-5UTR-Amplicon-short-trimmed+3,72,a,930793,487,0.0523
SARS-CoV2-5UTR-Amplicon-short-trimmed+3,73,c,930793,247,0.0265
SARS-CoV2-5UTR-Amplicon-short-trimmed+3,74,g,930793,624,0.067
SARS-CoV2-5UTR-Amplicon-short-trimmed+3,75,c,930793,1259,0.1353
SARS-CoV2-5UTR-Amplicon-short-trimmed+3,76,a,930792,583,0.0626
SARS-CoV2-5UTR-Amplicon-short-trimmed+3,77,g,930792,675,0.0725
SARS-CoV2-5UTR-Amplicon-short-trimmed+3,78,t,930796,536,0.0576
SARS-CoV2-5UTR-Amplicon-short-trimmed+3,79,a,930795,667,0.0717
SARS-CoV2-5UTR-Amplicon-short-trimmed+3,80,t,930804,260,0.0279
SARS-CoV2-5UTR-Amplicon-short-trimmed+3,81,a,930781,369,0.0396
SARS-CoV2-5UTR-Amplicon-short-trimmed+3,82,a,930786,764,0.0821
SARS-CoV2-5UTR-Amplicon-short-trimmed+3,83,t,930799,340,0.0365
SARS-CoV2-5UTR-Amplicon-short-trimmed+3,84,t,930799,849,0.0912
SARS-CoV2-5UTR-Amplicon-short-trimmed+3,85,a,930798,603,0.0648
SARS-CoV2-5UTR-Amplicon-short-trimmed+3,86,a,930798,477,0.0512
SARS-CoV2-5UTR-Amplicon-short-trimmed+3,87,t,930802,378,0.0406
SARS-CoV2-5UTR-Amplicon-short-trimmed+3,88,a,930802,494,0.0531
SARS-CoV2-5UTR-Amplicon-short-trimmed+3,89,a,930766,2627,0.2822
SARS-CoV2-5UTR-Amplicon-short-trimmed+3,90,c,930758,487,0.0523
SARS-CoV2-5UTR-Amplicon-short-trimmed+3,91,t,930770,469,0.0504
SARS-CoV2-5UTR-Amplicon-short-trimmed+3,92,a,930770,374,0.0402
SARS-CoV2-5UTR-Amplicon-short-trimmed+3,93,a,930770,410,0.044
SARS-CoV2-5UTR-Amplicon-short-trimmed+3,94,t,930767,323,0.0347
SARS-CoV2-5UTR-Amplicon-short-trimmed+3,95,t,930767,687,0.0738
SARS-CoV2-5UTR-Amplicon-short-trimmed+3,96,a,930766,426,0.0458
SARS-CoV2-5UTR-Amplicon-short-trimmed+3,97,c,930766,200,0.0215
SARS-CoV2-5UTR-Amplicon-short-trimmed+3,98,t,930773,429,0.0461
SARS-CoV2-5UTR-Amplicon-short-trimmed+3,99,g,930772,1162,0.1248
SARS-CoV2-5UTR-Amplicon-short-trimmed+3,100,t,930772,505,0.0543
SARS-CoV2-5UTR-Amplicon-short-trimmed+3,101,c,930773,215,0.0231
SARS-CoV2-5UTR-Amplicon-short-trimmed+3,102,g,930792,1143,0.1228
SARS-CoV2-5UTR-Amplicon-short-trimmed+3,103,t,930795,451,0.0485
SARS-CoV2-5UTR-Amplicon-short-trimmed+3,104,t,930797,793,0.0852
SARS-CoV2-5UTR-Amplicon-short-trimmed+3,105,g,930806,382,0.041
SARS-CoV2-5UTR-Amplicon-short-trimmed+3,106,a,930827,568,0.061
SARS-CoV2-5UTR-Amplicon-short-trimmed+3,107,c,930845,521,0.056
SARS-CoV2-5UTR-Amplicon-short-trimmed+3,108,a,930862,666,0.0715
SARS-CoV2-5UTR-Amplicon-short-trimmed+3,109,g,930926,578,0.0621
SARS-CoV2-5UTR-Amplicon-short-trimmed+3,110,g,931081,983,0.1056
SARS-CoV2-5UTR-Amplicon-short-trimmed+3,111,a,931486,529,0.0568
SARS-CoV2-5UTR-Amplicon-short-trimmed+3,112,c,931935,450,0.0483
SARS-CoV2-5UTR-Amplicon-short-trimmed+3,113,a,932964,1197,0.1283
SARS-CoV2-5UTR-Amplicon-short-trimmed+3,114,c,935818,575,0.0614
SARS-CoV2-5UTR-Amplicon-short-trimmed+3,115,g,944557,500,0.0529
SARS-CoV2-5UTR-Amplicon-short-trimmed+3,116,a,997991,704,0.0705
SARS-CoV2-5UTR-Amplicon-short-trimmed+3,117,g,1854293,1265,0.0682
SARS-CoV2-5UTR-Amplicon-short-trimmed+3,118,t,1858777,2482,0.1335
SARS-CoV2-5UTR-Amplicon-short-trimmed+3,119,a,1858827,3104,0.167
SARS-CoV2-5UTR-Amplicon-short-trimmed+3,120,a,1858973,2064,0.111
SARS-CoV2-5UTR-Amplicon-short-trimmed+3,121,c,1860680,1545,0.083
SARS-CoV2-5UTR-Amplicon-short-trimmed+3,122,t,1861357,3400,0.1827
SARS-CoV2-5UTR-Amplicon-short-trimmed+3,123,c,1861837,2652,0.1424
SARS-CoV2-5UTR-Amplicon-short-trimmed+3,124,g,1862104,7093,0.3809
SARS-CoV2-5UTR-Amplicon-short-trimmed+3,125,t,1862694,2989,0.1605
SARS-CoV2-5UTR-Amplicon-short-trimmed+3,126,c,1862706,1623,0.0871
SARS-CoV2-5UTR-Amplicon-short-trimmed+3,127,t,1862580,986,0.0529
SARS-CoV2-5UTR-Amplicon-short-trimmed+3,128,a,1862150,2627,0.1411
SARS-CoV2-5UTR-Amplicon-short-trimmed+3,129,t,1861487,5076,0.2727
SARS-CoV2-5UTR-Amplicon-short-trimmed+3,130,c,1861486,627,0.0337
SARS-CoV2-5UTR-Amplicon-short-trimmed+3,131,t,1861432,1434,0.077
SARS-CoV2-5UTR-Amplicon-short-trimmed+3,132,t,1853572,1493,0.0805
SARS-CoV2-5UTR-Amplicon-short-trimmed+3,133,c,1021470,1115,0.1092
SARS-CoV2-5UTR-Amplicon-short-trimmed+3,134,t,946307,1136,0.12
SARS-CoV2-5UTR-Amplicon-short-trimmed+3,135,g,936885,1080,0.1153
SARS-CoV2-5UTR-Amplicon-short-trimmed+3,136,c,934137,3134,0.3355
SARS-CoV2-5UTR-Amplicon-short-trimmed+3,137,a,933635,1194,0.1279
SARS-CoV2-5UTR-Amplicon-short-trimmed+3,138,g,933178,638,0.0684
SARS-CoV2-5UTR-Amplicon-short-trimmed+3,139,g,932935,894,0.0958
SARS-CoV2-5UTR-Amplicon-short-trimmed+3,140,c,932780,1050,0.1126
SARS-CoV2-5UTR-Amplicon-short-trimmed+3,141,t,932714,1982,0.2125
SARS-CoV2-5UTR-Amplicon-short-trimmed+3,142,g,932678,1494,0.1602
SARS-CoV2-5UTR-Amplicon-short-trimmed+3,143,c,932658,4400,0.4718
SARS-CoV2-5UTR-Amplicon-short-trimmed+3,144,t,932611,570,0.0611
SARS-CoV2-5UTR-Amplicon-short-trimmed+3,145,t,932601,1359,0.1457
SARS-CoV2-5UTR-Amplicon-short-trimmed+3,146,a,932566,3456,0.3706
SARS-CoV2-5UTR-Amplicon-short-trimmed+3,147,c,932561,918,0.0984
SARS-CoV2-5UTR-Amplicon-short-trimmed+3,148,g,932551,522,0.056
SARS-CoV2-5UTR-Amplicon-short-trimmed+3,149,g,932549,708,0.0759
SARS-CoV2-5UTR-Amplicon-short-trimmed+3,150,t,932550,827,0.0887
SARS-CoV2-5UTR-Amplicon-short-trimmed+3,151,t,932547,763,0.0818
SARS-CoV2-5UTR-Amplicon-short-trimmed+3,152,t,932546,2058,0.2207
SARS-CoV2-5UTR-Amplicon-short-trimmed+3,153,c,932546,1282,0.1375
SARS-CoV2-5UTR-Amplicon-short-trimmed+3,154,g,932550,1074,0.1152
SARS-CoV2-5UTR-Amplicon-short-trimmed+3,155,t,932548,1531,0.1642
SARS-CoV2-5UTR-Amplicon-short-trimmed+3,156,c,932550,1133,0.1215
SARS-CoV2-5UTR-Amplicon-short-trimmed+3,157,c,932550,1371,0.147
SARS-CoV2-5UTR-Amplicon-short-trimmed+3,158,g,932544,614,0.0658
SARS-CoV2-5UTR-Amplicon-short-trimmed+3,159,t,932541,6161,0.6607
SARS-CoV2-5UTR-Amplicon-short-trimmed+3,160,g,932540,1344,0.1441
SARS-CoV2-5UTR-Amplicon-short-trimmed+3,161,t,932542,868,0.0931
SARS-CoV2-5UTR-Amplicon-short-trimmed+3,162,t,932542,3361,0.3604
SARS-CoV2-5UTR-Amplicon-short-trimmed+3,163,g,932540,546,0.0585
SARS-CoV2-5UTR-Amplicon-short-trimmed+3,164,c,932539,1362,0.1461
SARS-CoV2-5UTR-Amplicon-short-trimmed+3,165,a,932547,1123,0.1204
SARS-CoV2-5UTR-Amplicon-short-trimmed+3,166,g,932617,1049,0.1125
SARS-CoV2-5UTR-Amplicon-short-trimmed+3,167,c,932618,1534,0.1645
SARS-CoV2-5UTR-Amplicon-short-trimmed+3,168,c,932618,4573,0.4903
SARS-CoV2-5UTR-Amplicon-short-trimmed+3,169,g,932618,869,0.0932
SARS-CoV2-5UTR-Amplicon-short-trimmed+3,170,a,932621,811,0.087
SARS-CoV2-5UTR-Amplicon-short-trimmed+3,171,t,932621,791,0.0848
SARS-CoV2-5UTR-Amplicon-short-trimmed+3,172,c,932621,572,0.0613
SARS-CoV2-5UTR-Amplicon-short-trimmed+3,173,a,932643,770,0.0826
SARS-CoV2-5UTR-Amplicon-short-trimmed+3,174,t,932643,668,0.0716
SARS-CoV2-5UTR-Amplicon-short-trimmed+3,175,c,932643,935,0.1003
SARS-CoV2-5UTR-Amplicon-short-trimmed+3,176,a,932643,1090,0.1169
SARS-CoV2-5UTR-Amplicon-short-trimmed+3,177,g,932644,786,0.0843
SARS-CoV2-5UTR-Amplicon-short-trimmed+3,178,c,932644,5118,0.5488
SARS-CoV2-5UTR-Amplicon-short-trimmed+3,179,a,932644,1051,0.1127
SARS-CoV2-5UTR-Amplicon-short-trimmed+3,180,c,932644,722,0.0774
SARS-CoV2-5UTR-Amplicon-short-trimmed+3,181,a,932644,648,0.0695
SARS-CoV2-5UTR-Amplicon-short-trimmed+3,182,t,932644,566,0.0607
SARS-CoV2-5UTR-Amplicon-short-trimmed+3,183,c,932644,332,0.0356
SARS-CoV2-5UTR-Amplicon-short-trimmed+3,184,t,932643,930,0.0997
SARS-CoV2-5UTR-Amplicon-short-trimmed+3,185,a,932635,1124,0.1205
SARS-CoV2-5UTR-Amplicon-short-trimmed+3,186,g,932635,582,0.0624
SARS-CoV2-5UTR-Amplicon-short-trimmed+3,187,g,932631,620,0.0665
SARS-CoV2-5UTR-Amplicon-short-trimmed+3,188,t,932630,3412,0.3658
SARS-CoV2-5UTR-Amplicon-short-trimmed+3,189,t,932614,1313,0.1408
SARS-CoV2-5UTR-Amplicon-short-trimmed+3,190,t,932612,1876,0.2012
SARS-CoV2-5UTR-Amplicon-short-trimmed+3,191,c,932612,916,0.0982
SARS-CoV2-5UTR-Amplicon-short-trimmed+3,192,g,932610,768,0.0823
SARS-CoV2-5UTR-Amplicon-short-trimmed+3,193,t,932610,4661,0.4998
SARS-CoV2-5UTR-Amplicon-short-trimmed+3,194,c,932610,658,0.0706
SARS-CoV2-5UTR-Amplicon-short-trimmed+3,195,c,932610,956,0.1025
SARS-CoV2-5UTR-Amplicon-short-trimmed+3,196,g,932599,517,0.0554
SARS-CoV2-5UTR-Amplicon-short-trimmed+3,197,g,932599,621,0.0666
SARS-CoV2-5UTR-Amplicon-short-trimmed+3,198,g,932599,4014,0.4304
SARS-CoV2-5UTR-Amplicon-short-trimmed+3,199,t,932599,1248,0.1338
SARS-CoV2-5UTR-Amplicon-short-trimmed+3,200,g,932596,1664,0.1784
SARS-CoV2-5UTR-Amplicon-short-trimmed+3,201,t,932593,2994,0.321
SARS-CoV2-5UTR-Amplicon-short-trimmed+3,202,g,932593,810,0.0869
SARS-CoV2-5UTR-Amplicon-short-trimmed+3,203,a,932591,1603,0.1719
SARS-CoV2-5UTR-Amplicon-short-trimmed+3,204,c,932590,598,0.0641
SARS-CoV2-5UTR-Amplicon-short-trimmed+3,205,c,932590,395,0.0424
SARS-CoV2-5UTR-Amplicon-short-trimmed+3,206,g,932590,718,0.077
SARS-CoV2-5UTR-Amplicon-short-trimmed+3,207,a,932590,613,0.0657
SARS-CoV2-5UTR-Amplicon-short-trimmed+3,208,a,932590,424,0.0455
SARS-CoV2-5UTR-Amplicon-short-trimmed+3,209,a,932590,882,0.0946
SARS-CoV2-5UTR-Amplicon-short-trimmed+3,210,g,932590,356,0.0382
SARS-CoV2-5UTR-Amplicon-short-trimmed+3,211,g,932590,1301,0.1395
SARS-CoV2-5UTR-Amplicon-short-trimmed+3,212,t,932590,730,0.0783
SARS-CoV2-5UTR-Amplicon-short-trimmed+3,213,a,932590,491,0.0526
SARS-CoV2-5UTR-Amplicon-short-trimmed+3,214,a,932590,632,0.0678
SARS-CoV2-5UTR-Amplicon-short-trimmed+3,215,g,932590,353,0.0379
SARS-CoV2-5UTR-Amplicon-short-trimmed+3,216,a,932672,374,0.0401
SARS-CoV2-5UTR-Amplicon-short-trimmed+3,217,t,932667,789,0.0846
SARS-CoV2-5UTR-Amplicon-short-trimmed+3,218,g,932660,479,0.0514
SARS-CoV2-5UTR-Amplicon-short-trimmed+3,219,g,932658,588,0.063
SARS-CoV2-5UTR-Amplicon-short-trimmed+3,220,a,932655,1412,0.1514
SARS-CoV2-5UTR-Amplicon-short-trimmed+3,221,g,932655,1271,0.1363
SARS-CoV2-5UTR-Amplicon-short-trimmed+3,222,a,932571,613,0.0657
SARS-CoV2-5UTR-Amplicon-short-trimmed+3,223,g,932571,803,0.0861
SARS-CoV2-5UTR-Amplicon-short-trimmed+3,224,c,932571,415,0.0445
SARS-CoV2-5UTR-Amplicon-short-trimmed+3,225,c,932570,393,0.0421
SARS-CoV2-5UTR-Amplicon-short-trimmed+3,226,t,932570,448,0.048
SARS-CoV2-5UTR-Amplicon-short-trimmed+3,227,t,932559,3698,0.3965
SARS-CoV2-5UTR-Amplicon-short-trimmed+3,228,g,932558,475,0.0509
SARS-CoV2-5UTR-Amplicon-short-trimmed+3,229,t,932557,1189,0.1275
SARS-CoV2-5UTR-Amplicon-short-trimmed+3,230,c,932557,2386,0.2559
SARS-CoV2-5UTR-Amplicon-short-trimmed+3,231,c,932556,339,0.0364
SARS-CoV2-5UTR-Amplicon-short-trimmed+3,232,c,932555,453,0.0486
SARS-CoV2-5UTR-Amplicon-short-trimmed+3,233,t,932483,1362,0.1461
SARS-CoV2-5UTR-Amplicon-short-trimmed+3,234,g,932483,856,0.0918
SARS-CoV2-5UTR-Amplicon-short-trimmed+3,235,g,932483,1680,0.1802
SARS-CoV2-5UTR-Amplicon-short-trimmed+3,236,t,932475,374,0.0401
SARS-CoV2-5UTR-Amplicon-short-trimmed+3,237,t,932472,619,0.0664
SARS-CoV2-5UTR-Amplicon-short-trimmed+3,238,t,932466,619,0.0664
SARS-CoV2-5UTR-Amplicon-short-trimmed+3,239,c,932445,6353,0.6813
SARS-CoV2-5UTR-Amplicon-short-trimmed+3,240,a,932421,658,0.0706
SARS-CoV2-5UTR-Amplicon-short-trimmed+3,241,a,932402,483,0.0518
SARS-CoV2-5UTR-Amplicon-short-trimmed+3,242,c,932381,589,0.0632
SARS-CoV2-5UTR-Amplicon-short-trimmed+3,243,g,932350,376,0.0403
SARS-CoV2-5UTR-Amplicon-short-trimmed+3,244,a,932241,944,0.1013
SARS-CoV2-5UTR-Amplicon-short-trimmed+3,245,g,931563,0,0
SARS-CoV2-5UTR-Amplicon-short-trimmed+3,246,g,930720,0,0
SARS-CoV2-5UTR-Amplicon-short-trimmed+3,247,G,929423,0,0
SARS-CoV2-5UTR-Amplicon-short-trimmed+3,248,A,928823,0,0
SARS-CoV2-5UTR-Amplicon-short-trimmed+3,249,G,928560,0,0
