Region,Position,Ref_base,Depth,Mut_count,Mut_percentage
SARS-CoV2-5UTR-Amplicon-short-trimmed+3,1,T,1146798,0,0
SARS-CoV2-5UTR-Amplicon-short-trimmed+3,2,T,1147801,0,0
SARS-CoV2-5UTR-Amplicon-short-trimmed+3,3,G,1148364,0,0
SARS-CoV2-5UTR-Amplicon-short-trimmed+3,4,t,1151214,0,0
SARS-CoV2-5UTR-Amplicon-short-trimmed+3,5,a,1151732,0,0
SARS-CoV2-5UTR-Amplicon-short-trimmed+3,6,g,1152239,1724,0.1496
SARS-CoV2-5UTR-Amplicon-short-trimmed+3,7,a,1152871,341,0.0296
SARS-CoV2-5UTR-Amplicon-short-trimmed+3,8,t,1153032,1112,0.0964
SARS-CoV2-5UTR-Amplicon-short-trimmed+3,9,c,1153327,903,0.0783
SARS-CoV2-5UTR-Amplicon-short-trimmed+3,10,t,1153506,577,0.05
SARS-CoV2-5UTR-Amplicon-short-trimmed+3,11,g,1153611,4495,0.3896
SARS-CoV2-5UTR-Amplicon-short-trimmed+3,12,t,1153668,815,0.0706
SARS-CoV2-5UTR-Amplicon-short-trimmed+3,13,t,1153741,789,0.0684
SARS-CoV2-5UTR-Amplicon-short-trimmed+3,14,c,1153783,1049,0.0909
SARS-CoV2-5UTR-Amplicon-short-trimmed+3,15,t,1153831,1034,0.0896
SARS-CoV2-5UTR-Amplicon-short-trimmed+3,16,c,1153855,981,0.085
SARS-CoV2-5UTR-Amplicon-short-trimmed+3,17,t,1153888,338,0.0293
SARS-CoV2-5UTR-Amplicon-short-trimmed+3,18,a,1153914,715,0.062
SARS-CoV2-5UTR-Amplicon-short-trimmed+3,19,a,1153916,653,0.0566
SARS-CoV2-5UTR-Amplicon-short-trimmed+3,20,a,1154030,577,0.05
SARS-CoV2-5UTR-Amplicon-short-trimmed+3,21,c,1154040,537,0.0465
SARS-CoV2-5UTR-Amplicon-short-trimmed+3,22,g,1154044,1760,0.1525
SARS-CoV2-5UTR-Amplicon-short-trimmed+3,23,a,1154044,538,0.0466
SARS-CoV2-5UTR-Amplicon-short-trimmed+3,24,a,1154044,631,0.0547
SARS-CoV2-5UTR-Amplicon-short-trimmed+3,25,c,1154050,19524,1.6918
SARS-CoV2-5UTR-Amplicon-short-trimmed+3,26,t,1154053,2496,0.2163
SARS-CoV2-5UTR-Amplicon-short-trimmed+3,27,t,1154053,1290,0.1118
SARS-CoV2-5UTR-Amplicon-short-trimmed+3,28,t,1154058,2631,0.228
SARS-CoV2-5UTR-Amplicon-short-trimmed+3,29,a,1154058,1517,0.1314
SARS-CoV2-5UTR-Amplicon-short-trimmed+3,30,a,1154058,745,0.0646
SARS-CoV2-5UTR-Amplicon-short-trimmed+3,31,a,1154057,632,0.0548
SARS-CoV2-5UTR-Amplicon-short-trimmed+3,32,a,1154058,596,0.0516
SARS-CoV2-5UTR-Amplicon-short-trimmed+3,33,t,1154078,3151,0.273
SARS-CoV2-5UTR-Amplicon-short-trimmed+3,34,c,1154058,879,0.0762
SARS-CoV2-5UTR-Amplicon-short-trimmed+3,35,t,1154062,1494,0.1295
SARS-CoV2-5UTR-Amplicon-short-trimmed+3,36,g,1154062,4075,0.3531
SARS-CoV2-5UTR-Amplicon-short-trimmed+3,37,t,1154038,705,0.0611
SARS-CoV2-5UTR-Amplicon-short-trimmed+3,38,g,1153993,2151,0.1864
SARS-CoV2-5UTR-Amplicon-short-trimmed+3,39,t,1153993,650,0.0563
SARS-CoV2-5UTR-Amplicon-short-trimmed+3,40,g,1153993,2532,0.2194
SARS-CoV2-5UTR-Amplicon-short-trimmed+3,41,g,1153993,2764,0.2395
SARS-CoV2-5UTR-Amplicon-short-trimmed+3,42,c,1153992,1395,0.1209
SARS-CoV2-5UTR-Amplicon-short-trimmed+3,43,t,1153992,1668,0.1445
SARS-CoV2-5UTR-Amplicon-short-trimmed+3,44,g,1153992,2448,0.2121
SARS-CoV2-5UTR-Amplicon-short-trimmed+3,45,t,1153984,1751,0.1517
SARS-CoV2-5UTR-Amplicon-short-trimmed+3,46,c,1153985,744,0.0645
SARS-CoV2-5UTR-Amplicon-short-trimmed+3,47,a,1153967,1026,0.0889
SARS-CoV2-5UTR-Amplicon-short-trimmed+3,48,c,1153953,730,0.0633
SARS-CoV2-5UTR-Amplicon-short-trimmed+3,49,t,1153966,882,0.0764
SARS-CoV2-5UTR-Amplicon-short-trimmed+3,50,c,1153960,1375,0.1192
SARS-CoV2-5UTR-Amplicon-short-trimmed+3,51,g,1153960,2878,0.2494
SARS-CoV2-5UTR-Amplicon-short-trimmed+3,52,g,1153960,4783,0.4145
SARS-CoV2-5UTR-Amplicon-short-trimmed+3,53,c,1153960,2113,0.1831
SARS-CoV2-5UTR-Amplicon-short-trimmed+3,54,t,1153960,1549,0.1342
SARS-CoV2-5UTR-Amplicon-short-trimmed+3,55,g,1153961,3134,0.2716
SARS-CoV2-5UTR-Amplicon-short-trimmed+3,56,c,1153976,1512,0.131
SARS-CoV2-5UTR-Amplicon-short-trimmed+3,57,g,1153976,2827,0.245
SARS-CoV2-5UTR-Amplicon-short-trimmed+3,58,t,1153976,932,0.0808
SARS-CoV2-5UTR-Amplicon-short-trimmed+3,59,g,1153975,2873,0.249
SARS-CoV2-5UTR-Amplicon-short-trimmed+3,60,c,1153973,1171,0.1015
SARS-CoV2-5UTR-Amplicon-short-trimmed+3,61,t,1153895,1371,0.1188
SARS-CoV2-5UTR-Amplicon-short-trimmed+3,62,t,1153895,1614,0.1399
SARS-CoV2-5UTR-Amplicon-short-trimmed+3,63,a,1153869,1650,0.143
SARS-CoV2-5UTR-Amplicon-short-trimmed+3,64,g,1153869,2070,0.1794
SARS-CoV2-5UTR-Amplicon-short-trimmed+3,65,t,1153869,871,0.0755
SARS-CoV2-5UTR-Amplicon-short-trimmed+3,66,g,1153868,3239,0.2807
SARS-CoV2-5UTR-Amplicon-short-trimmed+3,67,c,1153868,2436,0.2111
SARS-CoV2-5UTR-Amplicon-short-trimmed+3,68,a,1153868,891,0.0772
SARS-CoV2-5UTR-Amplicon-short-trimmed+3,69,c,1153868,908,0.0787
SARS-CoV2-5UTR-Amplicon-short-trimmed+3,70,t,1153867,795,0.0689
SARS-CoV2-5UTR-Amplicon-short-trimmed+3,71,c,1153867,1136,0.0985
SARS-CoV2-5UTR-Amplicon-short-trimmed+3,72,a,1153858,929,0.0805
SARS-CoV2-5UTR-Amplicon-short-trimmed+3,73,c,1153822,900,0.078
SARS-CoV2-5UTR-Amplicon-short-trimmed+3,74,g,1153822,2944,0.2552
SARS-CoV2-5UTR-Amplicon-short-trimmed+3,75,c,1153827,1831,0.1587
SARS-CoV2-5UTR-Amplicon-short-trimmed+3,76,a,1153831,945,0.0819
SARS-CoV2-5UTR-Amplicon-short-trimmed+3,77,g,1153831,1789,0.155
SARS-CoV2-5UTR-Amplicon-short-trimmed+3,78,t,1153819,766,0.0664
SARS-CoV2-5UTR-Amplicon-short-trimmed+3,79,a,1153820,896,0.0777
SARS-CoV2-5UTR-Amplicon-short-trimmed+3,80,t,1153822,341,0.0296
SARS-CoV2-5UTR-Amplicon-short-trimmed+3,81,a,1153721,540,0.0468
SARS-CoV2-5UTR-Amplicon-short-trimmed+3,82,a,1153709,1047,0.0908
SARS-CoV2-5UTR-Amplicon-short-trimmed+3,83,t,1153717,605,0.0524
SARS-CoV2-5UTR-Amplicon-short-trimmed+3,84,t,1153732,1161,0.1006
SARS-CoV2-5UTR-Amplicon-short-trimmed+3,85,a,1153772,993,0.0861
SARS-CoV2-5UTR-Amplicon-short-trimmed+3,86,a,1153743,777,0.0673
SARS-CoV2-5UTR-Amplicon-short-trimmed+3,87,t,1153771,531,0.046
SARS-CoV2-5UTR-Amplicon-short-trimmed+3,88,a,1153780,636,0.0551
SARS-CoV2-5UTR-Amplicon-short-trimmed+3,89,a,1153830,3097,0.2684
SARS-CoV2-5UTR-Amplicon-short-trimmed+3,90,c,1153884,804,0.0697
SARS-CoV2-5UTR-Amplicon-short-trimmed+3,91,t,1153864,717,0.0621
SARS-CoV2-5UTR-Amplicon-short-trimmed+3,92,a,1153840,703,0.0609
SARS-CoV2-5UTR-Amplicon-short-trimmed+3,93,a,1153842,658,0.057
SARS-CoV2-5UTR-Amplicon-short-trimmed+3,94,t,1153729,705,0.0611
SARS-CoV2-5UTR-Amplicon-short-trimmed+3,95,t,1153706,1040,0.0901
SARS-CoV2-5UTR-Amplicon-short-trimmed+3,96,a,1153612,642,0.0557
SARS-CoV2-5UTR-Amplicon-short-trimmed+3,97,c,1153559,526,0.0456
SARS-CoV2-5UTR-Amplicon-short-trimmed+3,98,t,1153462,1030,0.0893
SARS-CoV2-5UTR-Amplicon-short-trimmed+3,99,g,1153227,2140,0.1856
SARS-CoV2-5UTR-Amplicon-short-trimmed+3,100,t,1152846,1231,0.1068
SARS-CoV2-5UTR-Amplicon-short-trimmed+3,101,c,1152574,1271,0.1103
SARS-CoV2-5UTR-Amplicon-short-trimmed+3,102,g,1152445,3458,0.3001
SARS-CoV2-5UTR-Amplicon-short-trimmed+3,103,t,1152391,804,0.0698
SARS-CoV2-5UTR-Amplicon-short-trimmed+3,104,t,1152353,1176,0.1021
SARS-CoV2-5UTR-Amplicon-short-trimmed+3,105,g,1152135,1036,0.0899
SARS-CoV2-5UTR-Amplicon-short-trimmed+3,106,a,1152071,898,0.0779
SARS-CoV2-5UTR-Amplicon-short-trimmed+3,107,c,1152148,1351,0.1173
SARS-CoV2-5UTR-Amplicon-short-trimmed+3,108,a,1152231,1534,0.1331
SARS-CoV2-5UTR-Amplicon-short-trimmed+3,109,g,1152186,2778,0.2411
SARS-CoV2-5UTR-Amplicon-short-trimmed+3,110,g,1152413,1603,0.1391
SARS-CoV2-5UTR-Amplicon-short-trimmed+3,111,a,1153174,938,0.0813
SARS-CoV2-5UTR-Amplicon-short-trimmed+3,112,c,1154141,1514,0.1312
SARS-CoV2-5UTR-Amplicon-short-trimmed+3,113,a,1156055,1369,0.1184
SARS-CoV2-5UTR-Amplicon-short-trimmed+3,114,c,1161140,1306,0.1125
SARS-CoV2-5UTR-Amplicon-short-trimmed+3,115,g,1174429,1844,0.157
SARS-CoV2-5UTR-Amplicon-short-trimmed+3,116,a,1248006,1294,0.1037
SARS-CoV2-5UTR-Amplicon-short-trimmed+3,117,g,1999953,3380,0.169
SARS-CoV2-5UTR-Amplicon-short-trimmed+3,118,t,1999804,3230,0.1615
SARS-CoV2-5UTR-Amplicon-short-trimmed+3,119,a,1999730,3118,0.1559
SARS-CoV2-5UTR-Amplicon-short-trimmed+3,120,a,1999954,2234,0.1117
SARS-CoV2-5UTR-Amplicon-short-trimmed+3,121,c,1999992,1977,0.0989
SARS-CoV2-5UTR-Amplicon-short-trimmed+3,122,t,1999904,3517,0.1759
SARS-CoV2-5UTR-Amplicon-short-trimmed+3,123,c,1999978,2958,0.1479
SARS-CoV2-5UTR-Amplicon-short-trimmed+3,124,g,1999801,5389,0.2695
SARS-CoV2-5UTR-Amplicon-short-trimmed+3,125,t,1999900,5451,0.2726
SARS-CoV2-5UTR-Amplicon-short-trimmed+3,126,c,1999916,2332,0.1166
SARS-CoV2-5UTR-Amplicon-short-trimmed+3,127,t,1999832,1151,0.0576
SARS-CoV2-5UTR-Amplicon-short-trimmed+3,128,a,1999498,2500,0.125
SARS-CoV2-5UTR-Amplicon-short-trimmed+3,129,t,1998939,6195,0.3099
SARS-CoV2-5UTR-Amplicon-short-trimmed+3,130,c,1998950,1457,0.0729
SARS-CoV2-5UTR-Amplicon-short-trimmed+3,131,t,1998823,1934,0.0968
SARS-CoV2-5UTR-Amplicon-short-trimmed+3,132,t,1986881,2314,0.1165
SARS-CoV2-5UTR-Amplicon-short-trimmed+3,133,c,972529,1436,0.1477
SARS-CoV2-5UTR-Amplicon-short-trimmed+3,134,t,874484,1595,0.1824
SARS-CoV2-5UTR-Amplicon-short-trimmed+3,135,g,859458,3031,0.3527
SARS-CoV2-5UTR-Amplicon-short-trimmed+3,136,c,855008,3943,0.4612
SARS-CoV2-5UTR-Amplicon-short-trimmed+3,137,a,854182,1749,0.2048
SARS-CoV2-5UTR-Amplicon-short-trimmed+3,138,g,853448,1719,0.2014
SARS-CoV2-5UTR-Amplicon-short-trimmed+3,139,g,853010,2440,0.286
SARS-CoV2-5UTR-Amplicon-short-trimmed+3,140,c,852763,1955,0.2293
SARS-CoV2-5UTR-Amplicon-short-trimmed+3,141,t,852632,2973,0.3487
SARS-CoV2-5UTR-Amplicon-short-trimmed+3,142,g,852556,2375,0.2786
SARS-CoV2-5UTR-Amplicon-short-trimmed+3,143,c,852513,4639,0.5442
SARS-CoV2-5UTR-Amplicon-short-trimmed+3,144,t,852483,1083,0.127
SARS-CoV2-5UTR-Amplicon-short-trimmed+3,145,t,852449,1774,0.2081
SARS-CoV2-5UTR-Amplicon-short-trimmed+3,146,a,852339,1397,0.1639
SARS-CoV2-5UTR-Amplicon-short-trimmed+3,147,c,852316,1464,0.1718
SARS-CoV2-5UTR-Amplicon-short-trimmed+3,148,g,852307,2228,0.2614
SARS-CoV2-5UTR-Amplicon-short-trimmed+3,149,g,852303,2617,0.3071
SARS-CoV2-5UTR-Amplicon-short-trimmed+3,150,t,852300,1588,0.1863
SARS-CoV2-5UTR-Amplicon-short-trimmed+3,151,t,852293,1187,0.1393
SARS-CoV2-5UTR-Amplicon-short-trimmed+3,152,t,852289,2352,0.276
SARS-CoV2-5UTR-Amplicon-short-trimmed+3,153,c,852259,2142,0.2513
SARS-CoV2-5UTR-Amplicon-short-trimmed+3,154,g,852243,1960,0.23
SARS-CoV2-5UTR-Amplicon-short-trimmed+3,155,t,852237,2808,0.3295
SARS-CoV2-5UTR-Amplicon-short-trimmed+3,156,c,852230,2431,0.2853
SARS-CoV2-5UTR-Amplicon-short-trimmed+3,157,c,852224,2120,0.2488
SARS-CoV2-5UTR-Amplicon-short-trimmed+3,158,g,852213,2099,0.2463
SARS-CoV2-5UTR-Amplicon-short-trimmed+3,159,t,852212,5845,0.6859
SARS-CoV2-5UTR-Amplicon-short-trimmed+3,160,g,852216,1793,0.2104
SARS-CoV2-5UTR-Amplicon-short-trimmed+3,161,t,852219,1190,0.1396
SARS-CoV2-5UTR-Amplicon-short-trimmed+3,162,t,852219,1370,0.1608
SARS-CoV2-5UTR-Amplicon-short-trimmed+3,163,g,852220,1835,0.2153
SARS-CoV2-5UTR-Amplicon-short-trimmed+3,164,c,852216,1932,0.2267
SARS-CoV2-5UTR-Amplicon-short-trimmed+3,165,a,852219,2296,0.2694
SARS-CoV2-5UTR-Amplicon-short-trimmed+3,166,g,852269,3076,0.3609
SARS-CoV2-5UTR-Amplicon-short-trimmed+3,167,c,852286,2978,0.3494
SARS-CoV2-5UTR-Amplicon-short-trimmed+3,168,c,852286,4819,0.5654
SARS-CoV2-5UTR-Amplicon-short-trimmed+3,169,g,852286,1317,0.1545
SARS-CoV2-5UTR-Amplicon-short-trimmed+3,170,a,852292,849,0.0996
SARS-CoV2-5UTR-Amplicon-short-trimmed+3,171,t,852295,1265,0.1484
SARS-CoV2-5UTR-Amplicon-short-trimmed+3,172,c,852290,960,0.1126
SARS-CoV2-5UTR-Amplicon-short-trimmed+3,173,a,852292,758,0.0889
SARS-CoV2-5UTR-Amplicon-short-trimmed+3,174,t,852293,705,0.0827
SARS-CoV2-5UTR-Amplicon-short-trimmed+3,175,c,852306,1155,0.1355
SARS-CoV2-5UTR-Amplicon-short-trimmed+3,176,a,852306,1406,0.165
SARS-CoV2-5UTR-Amplicon-short-trimmed+3,177,g,852307,2649,0.3108
SARS-CoV2-5UTR-Amplicon-short-trimmed+3,178,c,852307,5376,0.6308
SARS-CoV2-5UTR-Amplicon-short-trimmed+3,179,a,852309,1248,0.1464
SARS-CoV2-5UTR-Amplicon-short-trimmed+3,180,c,852303,979,0.1149
SARS-CoV2-5UTR-Amplicon-short-trimmed+3,181,a,852303,690,0.081
SARS-CoV2-5UTR-Amplicon-short-trimmed+3,182,t,852313,903,0.1059
SARS-CoV2-5UTR-Amplicon-short-trimmed+3,183,c,852314,808,0.0948
SARS-CoV2-5UTR-Amplicon-short-trimmed+3,184,t,852314,1472,0.1727
SARS-CoV2-5UTR-Amplicon-short-trimmed+3,185,a,852329,2377,0.2789
SARS-CoV2-5UTR-Amplicon-short-trimmed+3,186,g,852329,2927,0.3434
SARS-CoV2-5UTR-Amplicon-short-trimmed+3,187,g,852318,3050,0.3578
SARS-CoV2-5UTR-Amplicon-short-trimmed+3,188,t,852337,1580,0.1854
SARS-CoV2-5UTR-Amplicon-short-trimmed+3,189,t,852339,1907,0.2237
SARS-CoV2-5UTR-Amplicon-short-trimmed+3,190,t,852342,2261,0.2653
SARS-CoV2-5UTR-Amplicon-short-trimmed+3,191,c,852342,1985,0.2329
SARS-CoV2-5UTR-Amplicon-short-trimmed+3,192,g,852343,2266,0.2659
SARS-CoV2-5UTR-Amplicon-short-trimmed+3,193,t,852344,5347,0.6273
SARS-CoV2-5UTR-Amplicon-short-trimmed+3,194,c,852328,1691,0.1984
SARS-CoV2-5UTR-Amplicon-short-trimmed+3,195,c,852328,2086,0.2447
SARS-CoV2-5UTR-Amplicon-short-trimmed+3,196,g,852328,3134,0.3677
SARS-CoV2-5UTR-Amplicon-short-trimmed+3,197,g,852328,3110,0.3649
SARS-CoV2-5UTR-Amplicon-short-trimmed+3,198,g,852321,5699,0.6686
SARS-CoV2-5UTR-Amplicon-short-trimmed+3,199,t,852316,2046,0.2401
SARS-CoV2-5UTR-Amplicon-short-trimmed+3,200,g,852330,3105,0.3643
SARS-CoV2-5UTR-Amplicon-short-trimmed+3,201,t,852375,1158,0.1359
SARS-CoV2-5UTR-Amplicon-short-trimmed+3,202,g,852375,1780,0.2088
SARS-CoV2-5UTR-Amplicon-short-trimmed+3,203,a,852348,2244,0.2633
SARS-CoV2-5UTR-Amplicon-short-trimmed+3,204,c,852345,979,0.1149
SARS-CoV2-5UTR-Amplicon-short-trimmed+3,205,c,852358,700,0.0821
SARS-CoV2-5UTR-Amplicon-short-trimmed+3,206,g,852369,2371,0.2782
SARS-CoV2-5UTR-Amplicon-short-trimmed+3,207,a,852357,1074,0.126
SARS-CoV2-5UTR-Amplicon-short-trimmed+3,208,a,852355,552,0.0648
SARS-CoV2-5UTR-Amplicon-short-trimmed+3,209,a,852354,964,0.1131
SARS-CoV2-5UTR-Amplicon-short-trimmed+3,210,g,852354,2120,0.2487
SARS-CoV2-5UTR-Amplicon-short-trimmed+3,211,g,852354,2029,0.238
SARS-CoV2-5UTR-Amplicon-short-trimmed+3,212,t,852360,684,0.0802
SARS-CoV2-5UTR-Amplicon-short-trimmed+3,213,a,852356,676,0.0793
SARS-CoV2-5UTR-Amplicon-short-trimmed+3,214,a,852356,791,0.0928
SARS-CoV2-5UTR-Amplicon-short-trimmed+3,215,g,852356,947,0.1111
SARS-CoV2-5UTR-Amplicon-short-trimmed+3,216,a,852413,451,0.0529
SARS-CoV2-5UTR-Amplicon-short-trimmed+3,217,t,852412,1045,0.1226
SARS-CoV2-5UTR-Amplicon-short-trimmed+3,218,g,852438,2124,0.2492
SARS-CoV2-5UTR-Amplicon-short-trimmed+3,219,g,852502,1623,0.1904
SARS-CoV2-5UTR-Amplicon-short-trimmed+3,220,a,852488,2330,0.2733
SARS-CoV2-5UTR-Amplicon-short-trimmed+3,221,g,852485,1816,0.213
SARS-CoV2-5UTR-Amplicon-short-trimmed+3,222,a,852435,902,0.1058
SARS-CoV2-5UTR-Amplicon-short-trimmed+3,223,g,852434,2675,0.3138
SARS-CoV2-5UTR-Amplicon-short-trimmed+3,224,c,852434,1242,0.1457
SARS-CoV2-5UTR-Amplicon-short-trimmed+3,225,c,852433,986,0.1157
SARS-CoV2-5UTR-Amplicon-short-trimmed+3,226,t,852433,803,0.0942
SARS-CoV2-5UTR-Amplicon-short-trimmed+3,227,t,852420,4272,0.5012
SARS-CoV2-5UTR-Amplicon-short-trimmed+3,228,g,852406,1577,0.185
SARS-CoV2-5UTR-Amplicon-short-trimmed+3,229,t,852395,1764,0.2069
SARS-CoV2-5UTR-Amplicon-short-trimmed+3,230,c,852381,1050,0.1232
SARS-CoV2-5UTR-Amplicon-short-trimmed+3,231,c,852380,857,0.1005
SARS-CoV2-5UTR-Amplicon-short-trimmed+3,232,c,852369,1206,0.1415
SARS-CoV2-5UTR-Amplicon-short-trimmed+3,233,t,852160,2078,0.2439
SARS-CoV2-5UTR-Amplicon-short-trimmed+3,234,g,852137,2654,0.3115
SARS-CoV2-5UTR-Amplicon-short-trimmed+3,235,g,852133,3222,0.3781
SARS-CoV2-5UTR-Amplicon-short-trimmed+3,236,t,852132,671,0.0787
SARS-CoV2-5UTR-Amplicon-short-trimmed+3,237,t,852122,565,0.0663
SARS-CoV2-5UTR-Amplicon-short-trimmed+3,238,t,852087,737,0.0865
SARS-CoV2-5UTR-Amplicon-short-trimmed+3,239,c,852047,6183,0.7257
SARS-CoV2-5UTR-Amplicon-short-trimmed+3,240,a,851968,851,0.0999
SARS-CoV2-5UTR-Amplicon-short-trimmed+3,241,a,851913,593,0.0696
SARS-CoV2-5UTR-Amplicon-short-trimmed+3,242,c,851835,967,0.1135
SARS-CoV2-5UTR-Amplicon-short-trimmed+3,243,g,851706,997,0.1171
SARS-CoV2-5UTR-Amplicon-short-trimmed+3,244,a,851499,1092,0.1282
SARS-CoV2-5UTR-Amplicon-short-trimmed+3,245,g,849774,0,0
SARS-CoV2-5UTR-Amplicon-short-trimmed+3,246,g,847695,0,0
SARS-CoV2-5UTR-Amplicon-short-trimmed+3,247,G,845535,3,4e-04
SARS-CoV2-5UTR-Amplicon-short-trimmed+3,248,A,844718,2,2e-04
SARS-CoV2-5UTR-Amplicon-short-trimmed+3,249,G,844367,0,0
