Region,Position,Ref_base,Depth,Mut_count,Mut_percentage
SARS-CoV2-5UTR-Amplicon-short-trimmed+3,1,T,637893,0,0
SARS-CoV2-5UTR-Amplicon-short-trimmed+3,2,T,638831,0,0
SARS-CoV2-5UTR-Amplicon-short-trimmed+3,3,G,639332,0,0
SARS-CoV2-5UTR-Amplicon-short-trimmed+3,4,t,640820,0,0
SARS-CoV2-5UTR-Amplicon-short-trimmed+3,5,a,641069,0,0
SARS-CoV2-5UTR-Amplicon-short-trimmed+3,6,g,641471,868,0.1353
SARS-CoV2-5UTR-Amplicon-short-trimmed+3,7,a,641626,405,0.0631
SARS-CoV2-5UTR-Amplicon-short-trimmed+3,8,t,641643,746,0.1163
SARS-CoV2-5UTR-Amplicon-short-trimmed+3,9,c,641662,2055,0.3203
SARS-CoV2-5UTR-Amplicon-short-trimmed+3,10,t,642599,727,0.1131
SARS-CoV2-5UTR-Amplicon-short-trimmed+3,11,g,642614,3777,0.5878
SARS-CoV2-5UTR-Amplicon-short-trimmed+3,12,t,642647,731,0.1137
SARS-CoV2-5UTR-Amplicon-short-trimmed+3,13,t,642666,822,0.1279
SARS-CoV2-5UTR-Amplicon-short-trimmed+3,14,c,642686,3354,0.5219
SARS-CoV2-5UTR-Amplicon-short-trimmed+3,15,t,642698,695,0.1081
SARS-CoV2-5UTR-Amplicon-short-trimmed+3,16,c,642708,3535,0.55
SARS-CoV2-5UTR-Amplicon-short-trimmed+3,17,t,642714,695,0.1081
SARS-CoV2-5UTR-Amplicon-short-trimmed+3,18,a,642715,470,0.0731
SARS-CoV2-5UTR-Amplicon-short-trimmed+3,19,a,642717,285,0.0443
SARS-CoV2-5UTR-Amplicon-short-trimmed+3,20,a,642764,420,0.0653
SARS-CoV2-5UTR-Amplicon-short-trimmed+3,21,c,642765,2772,0.4313
SARS-CoV2-5UTR-Amplicon-short-trimmed+3,22,g,642775,696,0.1083
SARS-CoV2-5UTR-Amplicon-short-trimmed+3,23,a,642777,453,0.0705
SARS-CoV2-5UTR-Amplicon-short-trimmed+3,24,a,642777,292,0.0454
SARS-CoV2-5UTR-Amplicon-short-trimmed+3,25,c,642778,6761,1.0518
SARS-CoV2-5UTR-Amplicon-short-trimmed+3,26,t,642778,910,0.1416
SARS-CoV2-5UTR-Amplicon-short-trimmed+3,27,t,642779,1004,0.1562
SARS-CoV2-5UTR-Amplicon-short-trimmed+3,28,t,642785,2007,0.3122
SARS-CoV2-5UTR-Amplicon-short-trimmed+3,29,a,642787,824,0.1282
SARS-CoV2-5UTR-Amplicon-short-trimmed+3,30,a,642787,397,0.0618
SARS-CoV2-5UTR-Amplicon-short-trimmed+3,31,a,642765,275,0.0428
SARS-CoV2-5UTR-Amplicon-short-trimmed+3,32,a,642765,410,0.0638
SARS-CoV2-5UTR-Amplicon-short-trimmed+3,33,t,642765,2934,0.4565
SARS-CoV2-5UTR-Amplicon-short-trimmed+3,34,c,642765,3135,0.4877
SARS-CoV2-5UTR-Amplicon-short-trimmed+3,35,t,642761,973,0.1514
SARS-CoV2-5UTR-Amplicon-short-trimmed+3,36,g,642761,2382,0.3706
SARS-CoV2-5UTR-Amplicon-short-trimmed+3,37,t,642755,690,0.1074
SARS-CoV2-5UTR-Amplicon-short-trimmed+3,38,g,642755,1363,0.2121
SARS-CoV2-5UTR-Amplicon-short-trimmed+3,39,t,642755,811,0.1262
SARS-CoV2-5UTR-Amplicon-short-trimmed+3,40,g,642755,1384,0.2153
SARS-CoV2-5UTR-Amplicon-short-trimmed+3,41,g,642755,1020,0.1587
SARS-CoV2-5UTR-Amplicon-short-trimmed+3,42,c,642755,3103,0.4828
SARS-CoV2-5UTR-Amplicon-short-trimmed+3,43,t,642755,1160,0.1805
SARS-CoV2-5UTR-Amplicon-short-trimmed+3,44,g,642756,1351,0.2102
SARS-CoV2-5UTR-Amplicon-short-trimmed+3,45,t,642756,1189,0.185
SARS-CoV2-5UTR-Amplicon-short-trimmed+3,46,c,642756,2720,0.4232
SARS-CoV2-5UTR-Amplicon-short-trimmed+3,47,a,642749,701,0.1091
SARS-CoV2-5UTR-Amplicon-short-trimmed+3,48,c,642748,3081,0.4793
SARS-CoV2-5UTR-Amplicon-short-trimmed+3,49,t,642755,576,0.0896
SARS-CoV2-5UTR-Amplicon-short-trimmed+3,50,c,642754,3966,0.617
SARS-CoV2-5UTR-Amplicon-short-trimmed+3,51,g,642754,1682,0.2617
SARS-CoV2-5UTR-Amplicon-short-trimmed+3,52,g,642754,1431,0.2226
SARS-CoV2-5UTR-Amplicon-short-trimmed+3,53,c,642754,3308,0.5147
SARS-CoV2-5UTR-Amplicon-short-trimmed+3,54,t,642754,944,0.1469
SARS-CoV2-5UTR-Amplicon-short-trimmed+3,55,g,642754,1935,0.301
SARS-CoV2-5UTR-Amplicon-short-trimmed+3,56,c,642754,2796,0.435
SARS-CoV2-5UTR-Amplicon-short-trimmed+3,57,g,642754,1447,0.2251
SARS-CoV2-5UTR-Amplicon-short-trimmed+3,58,t,642754,575,0.0895
SARS-CoV2-5UTR-Amplicon-short-trimmed+3,59,g,642754,1216,0.1892
SARS-CoV2-5UTR-Amplicon-short-trimmed+3,60,c,642754,2949,0.4588
SARS-CoV2-5UTR-Amplicon-short-trimmed+3,61,t,642754,1080,0.168
SARS-CoV2-5UTR-Amplicon-short-trimmed+3,62,t,642754,1085,0.1688
SARS-CoV2-5UTR-Amplicon-short-trimmed+3,63,a,642772,1209,0.1881
SARS-CoV2-5UTR-Amplicon-short-trimmed+3,64,g,642772,1313,0.2043
SARS-CoV2-5UTR-Amplicon-short-trimmed+3,65,t,642772,908,0.1413
SARS-CoV2-5UTR-Amplicon-short-trimmed+3,66,g,642772,1464,0.2278
SARS-CoV2-5UTR-Amplicon-short-trimmed+3,67,c,642772,2173,0.3381
SARS-CoV2-5UTR-Amplicon-short-trimmed+3,68,a,642772,756,0.1176
SARS-CoV2-5UTR-Amplicon-short-trimmed+3,69,c,642772,2683,0.4174
SARS-CoV2-5UTR-Amplicon-short-trimmed+3,70,t,642772,865,0.1346
SARS-CoV2-5UTR-Amplicon-short-trimmed+3,71,c,642772,788,0.1226
SARS-CoV2-5UTR-Amplicon-short-trimmed+3,72,a,642772,644,0.1002
SARS-CoV2-5UTR-Amplicon-short-trimmed+3,73,c,642772,2460,0.3827
SARS-CoV2-5UTR-Amplicon-short-trimmed+3,74,g,642772,966,0.1503
SARS-CoV2-5UTR-Amplicon-short-trimmed+3,75,c,642773,2934,0.4565
SARS-CoV2-5UTR-Amplicon-short-trimmed+3,76,a,642773,794,0.1235
SARS-CoV2-5UTR-Amplicon-short-trimmed+3,77,g,642773,1015,0.1579
SARS-CoV2-5UTR-Amplicon-short-trimmed+3,78,t,642773,602,0.0937
SARS-CoV2-5UTR-Amplicon-short-trimmed+3,79,a,642753,745,0.1159
SARS-CoV2-5UTR-Amplicon-short-trimmed+3,80,t,642759,532,0.0828
SARS-CoV2-5UTR-Amplicon-short-trimmed+3,81,a,642756,465,0.0723
SARS-CoV2-5UTR-Amplicon-short-trimmed+3,82,a,642756,1223,0.1903
SARS-CoV2-5UTR-Amplicon-short-trimmed+3,83,t,642739,646,0.1005
SARS-CoV2-5UTR-Amplicon-short-trimmed+3,84,t,642746,867,0.1349
SARS-CoV2-5UTR-Amplicon-short-trimmed+3,85,a,642746,658,0.1024
SARS-CoV2-5UTR-Amplicon-short-trimmed+3,86,a,642750,803,0.1249
SARS-CoV2-5UTR-Amplicon-short-trimmed+3,87,t,642750,478,0.0744
SARS-CoV2-5UTR-Amplicon-short-trimmed+3,88,a,642761,483,0.0751
SARS-CoV2-5UTR-Amplicon-short-trimmed+3,89,a,642843,1935,0.301
SARS-CoV2-5UTR-Amplicon-short-trimmed+3,90,c,642852,2569,0.3996
SARS-CoV2-5UTR-Amplicon-short-trimmed+3,91,t,642883,674,0.1048
SARS-CoV2-5UTR-Amplicon-short-trimmed+3,92,a,642871,633,0.0985
SARS-CoV2-5UTR-Amplicon-short-trimmed+3,93,a,642872,751,0.1168
SARS-CoV2-5UTR-Amplicon-short-trimmed+3,94,t,642872,561,0.0873
SARS-CoV2-5UTR-Amplicon-short-trimmed+3,95,t,642873,576,0.0896
SARS-CoV2-5UTR-Amplicon-short-trimmed+3,96,a,642845,553,0.086
SARS-CoV2-5UTR-Amplicon-short-trimmed+3,97,c,642844,2665,0.4146
SARS-CoV2-5UTR-Amplicon-short-trimmed+3,98,t,642844,712,0.1108
SARS-CoV2-5UTR-Amplicon-short-trimmed+3,99,g,642844,1434,0.2231
SARS-CoV2-5UTR-Amplicon-short-trimmed+3,100,t,642844,1188,0.1848
SARS-CoV2-5UTR-Amplicon-short-trimmed+3,101,c,642843,3215,0.5001
SARS-CoV2-5UTR-Amplicon-short-trimmed+3,102,g,642821,2054,0.3195
SARS-CoV2-5UTR-Amplicon-short-trimmed+3,103,t,642824,737,0.1147
SARS-CoV2-5UTR-Amplicon-short-trimmed+3,104,t,642832,994,0.1546
SARS-CoV2-5UTR-Amplicon-short-trimmed+3,105,g,642841,727,0.1131
SARS-CoV2-5UTR-Amplicon-short-trimmed+3,106,a,642870,629,0.0978
SARS-CoV2-5UTR-Amplicon-short-trimmed+3,107,c,642895,2437,0.3791
SARS-CoV2-5UTR-Amplicon-short-trimmed+3,108,a,642921,793,0.1233
SARS-CoV2-5UTR-Amplicon-short-trimmed+3,109,g,642982,1310,0.2037
SARS-CoV2-5UTR-Amplicon-short-trimmed+3,110,g,643095,1141,0.1774
SARS-CoV2-5UTR-Amplicon-short-trimmed+3,111,a,643396,624,0.097
SARS-CoV2-5UTR-Amplicon-short-trimmed+3,112,c,643857,2700,0.4193
SARS-CoV2-5UTR-Amplicon-short-trimmed+3,113,a,644824,756,0.1172
SARS-CoV2-5UTR-Amplicon-short-trimmed+3,114,c,647516,2650,0.4093
SARS-CoV2-5UTR-Amplicon-short-trimmed+3,115,g,657959,759,0.1154
SARS-CoV2-5UTR-Amplicon-short-trimmed+3,116,a,697918,1235,0.177
SARS-CoV2-5UTR-Amplicon-short-trimmed+3,117,g,1279035,2243,0.1754
SARS-CoV2-5UTR-Amplicon-short-trimmed+3,118,t,1282219,2135,0.1665
SARS-CoV2-5UTR-Amplicon-short-trimmed+3,119,a,1282271,2364,0.1844
SARS-CoV2-5UTR-Amplicon-short-trimmed+3,120,a,1282396,1935,0.1509
SARS-CoV2-5UTR-Amplicon-short-trimmed+3,121,c,1283751,5510,0.4292
SARS-CoV2-5UTR-Amplicon-short-trimmed+3,122,t,1284409,2639,0.2055
SARS-CoV2-5UTR-Amplicon-short-trimmed+3,123,c,1284863,7671,0.597
SARS-CoV2-5UTR-Amplicon-short-trimmed+3,124,g,1285100,3636,0.2829
SARS-CoV2-5UTR-Amplicon-short-trimmed+3,125,t,1285546,3250,0.2528
SARS-CoV2-5UTR-Amplicon-short-trimmed+3,126,c,1285576,7288,0.5669
SARS-CoV2-5UTR-Amplicon-short-trimmed+3,127,t,1285505,915,0.0712
SARS-CoV2-5UTR-Amplicon-short-trimmed+3,128,a,1285164,2690,0.2093
SARS-CoV2-5UTR-Amplicon-short-trimmed+3,129,t,1284747,4970,0.3868
SARS-CoV2-5UTR-Amplicon-short-trimmed+3,130,c,1284472,6980,0.5434
SARS-CoV2-5UTR-Amplicon-short-trimmed+3,131,t,1284457,1627,0.1267
SARS-CoV2-5UTR-Amplicon-short-trimmed+3,132,t,1279572,2351,0.1837
SARS-CoV2-5UTR-Amplicon-short-trimmed+3,133,c,712156,4552,0.6392
SARS-CoV2-5UTR-Amplicon-short-trimmed+3,134,t,656766,1259,0.1917
SARS-CoV2-5UTR-Amplicon-short-trimmed+3,135,g,647375,1639,0.2532
SARS-CoV2-5UTR-Amplicon-short-trimmed+3,136,c,645005,4930,0.7643
SARS-CoV2-5UTR-Amplicon-short-trimmed+3,137,a,644630,1161,0.1801
SARS-CoV2-5UTR-Amplicon-short-trimmed+3,138,g,644256,939,0.1457
SARS-CoV2-5UTR-Amplicon-short-trimmed+3,139,g,644044,1047,0.1626
SARS-CoV2-5UTR-Amplicon-short-trimmed+3,140,c,643887,1835,0.285
SARS-CoV2-5UTR-Amplicon-short-trimmed+3,141,t,643827,2096,0.3256
SARS-CoV2-5UTR-Amplicon-short-trimmed+3,142,g,643799,1439,0.2235
SARS-CoV2-5UTR-Amplicon-short-trimmed+3,143,c,643782,4017,0.624
SARS-CoV2-5UTR-Amplicon-short-trimmed+3,144,t,643705,652,0.1013
SARS-CoV2-5UTR-Amplicon-short-trimmed+3,145,t,643691,1228,0.1908
SARS-CoV2-5UTR-Amplicon-short-trimmed+3,146,a,643640,2475,0.3845
SARS-CoV2-5UTR-Amplicon-short-trimmed+3,147,c,643632,1720,0.2672
SARS-CoV2-5UTR-Amplicon-short-trimmed+3,148,g,643626,1036,0.161
SARS-CoV2-5UTR-Amplicon-short-trimmed+3,149,g,643600,1340,0.2082
SARS-CoV2-5UTR-Amplicon-short-trimmed+3,150,t,643597,1278,0.1986
SARS-CoV2-5UTR-Amplicon-short-trimmed+3,151,t,643597,1249,0.1941
SARS-CoV2-5UTR-Amplicon-short-trimmed+3,152,t,643588,2455,0.3815
SARS-CoV2-5UTR-Amplicon-short-trimmed+3,153,c,643586,4710,0.7318
SARS-CoV2-5UTR-Amplicon-short-trimmed+3,154,g,643592,1152,0.179
SARS-CoV2-5UTR-Amplicon-short-trimmed+3,155,t,643586,1647,0.2559
SARS-CoV2-5UTR-Amplicon-short-trimmed+3,156,c,643584,1858,0.2887
SARS-CoV2-5UTR-Amplicon-short-trimmed+3,157,c,643577,2297,0.3569
SARS-CoV2-5UTR-Amplicon-short-trimmed+3,158,g,643478,1186,0.1843
SARS-CoV2-5UTR-Amplicon-short-trimmed+3,159,t,643466,4993,0.776
SARS-CoV2-5UTR-Amplicon-short-trimmed+3,160,g,643465,1290,0.2005
SARS-CoV2-5UTR-Amplicon-short-trimmed+3,161,t,643463,1080,0.1678
SARS-CoV2-5UTR-Amplicon-short-trimmed+3,162,t,643463,2509,0.3899
SARS-CoV2-5UTR-Amplicon-short-trimmed+3,163,g,643463,643,0.0999
SARS-CoV2-5UTR-Amplicon-short-trimmed+3,164,c,643459,1748,0.2717
SARS-CoV2-5UTR-Amplicon-short-trimmed+3,165,a,643467,884,0.1374
SARS-CoV2-5UTR-Amplicon-short-trimmed+3,166,g,643519,977,0.1518
SARS-CoV2-5UTR-Amplicon-short-trimmed+3,167,c,643520,1640,0.2548
SARS-CoV2-5UTR-Amplicon-short-trimmed+3,168,c,643520,4569,0.71
SARS-CoV2-5UTR-Amplicon-short-trimmed+3,169,g,643521,1124,0.1747
SARS-CoV2-5UTR-Amplicon-short-trimmed+3,170,a,643522,934,0.1451
SARS-CoV2-5UTR-Amplicon-short-trimmed+3,171,t,643523,944,0.1467
SARS-CoV2-5UTR-Amplicon-short-trimmed+3,172,c,643525,3117,0.4844
SARS-CoV2-5UTR-Amplicon-short-trimmed+3,173,a,643525,781,0.1214
SARS-CoV2-5UTR-Amplicon-short-trimmed+3,174,t,643525,937,0.1456
SARS-CoV2-5UTR-Amplicon-short-trimmed+3,175,c,643525,3335,0.5182
SARS-CoV2-5UTR-Amplicon-short-trimmed+3,176,a,643519,1011,0.1571
SARS-CoV2-5UTR-Amplicon-short-trimmed+3,177,g,643518,923,0.1434
SARS-CoV2-5UTR-Amplicon-short-trimmed+3,178,c,643518,6193,0.9624
SARS-CoV2-5UTR-Amplicon-short-trimmed+3,179,a,643518,1236,0.1921
SARS-CoV2-5UTR-Amplicon-short-trimmed+3,180,c,643521,2558,0.3975
SARS-CoV2-5UTR-Amplicon-short-trimmed+3,181,a,643522,726,0.1128
SARS-CoV2-5UTR-Amplicon-short-trimmed+3,182,t,643522,2006,0.3117
SARS-CoV2-5UTR-Amplicon-short-trimmed+3,183,c,643522,2987,0.4642
SARS-CoV2-5UTR-Amplicon-short-trimmed+3,184,t,643524,975,0.1515
SARS-CoV2-5UTR-Amplicon-short-trimmed+3,185,a,643525,1312,0.2039
SARS-CoV2-5UTR-Amplicon-short-trimmed+3,186,g,643525,1318,0.2048
SARS-CoV2-5UTR-Amplicon-short-trimmed+3,187,g,643525,1707,0.2653
SARS-CoV2-5UTR-Amplicon-short-trimmed+3,188,t,643526,3101,0.4819
SARS-CoV2-5UTR-Amplicon-short-trimmed+3,189,t,643526,1376,0.2138
SARS-CoV2-5UTR-Amplicon-short-trimmed+3,190,t,643533,1955,0.3038
SARS-CoV2-5UTR-Amplicon-short-trimmed+3,191,c,643533,4369,0.6789
SARS-CoV2-5UTR-Amplicon-short-trimmed+3,192,g,643534,1319,0.205
SARS-CoV2-5UTR-Amplicon-short-trimmed+3,193,t,643534,4005,0.6223
SARS-CoV2-5UTR-Amplicon-short-trimmed+3,194,c,643534,3277,0.5092
SARS-CoV2-5UTR-Amplicon-short-trimmed+3,195,c,643534,3933,0.6112
SARS-CoV2-5UTR-Amplicon-short-trimmed+3,196,g,643517,1512,0.235
SARS-CoV2-5UTR-Amplicon-short-trimmed+3,197,g,643511,1416,0.22
SARS-CoV2-5UTR-Amplicon-short-trimmed+3,198,g,643525,3984,0.6191
SARS-CoV2-5UTR-Amplicon-short-trimmed+3,199,t,643524,1950,0.303
SARS-CoV2-5UTR-Amplicon-short-trimmed+3,200,g,643512,2290,0.3559
SARS-CoV2-5UTR-Amplicon-short-trimmed+3,201,t,643510,2561,0.398
SARS-CoV2-5UTR-Amplicon-short-trimmed+3,202,g,643510,1235,0.1919
SARS-CoV2-5UTR-Amplicon-short-trimmed+3,203,a,643510,1263,0.1963
SARS-CoV2-5UTR-Amplicon-short-trimmed+3,204,c,643510,2468,0.3835
SARS-CoV2-5UTR-Amplicon-short-trimmed+3,205,c,643510,2901,0.4508
SARS-CoV2-5UTR-Amplicon-short-trimmed+3,206,g,643510,1227,0.1907
SARS-CoV2-5UTR-Amplicon-short-trimmed+3,207,a,643501,685,0.1064
SARS-CoV2-5UTR-Amplicon-short-trimmed+3,208,a,643500,349,0.0542
SARS-CoV2-5UTR-Amplicon-short-trimmed+3,209,a,643500,802,0.1246
SARS-CoV2-5UTR-Amplicon-short-trimmed+3,210,g,643501,1050,0.1632
SARS-CoV2-5UTR-Amplicon-short-trimmed+3,211,g,643500,1553,0.2413
SARS-CoV2-5UTR-Amplicon-short-trimmed+3,212,t,643517,642,0.0998
SARS-CoV2-5UTR-Amplicon-short-trimmed+3,213,a,643517,489,0.076
SARS-CoV2-5UTR-Amplicon-short-trimmed+3,214,a,643515,885,0.1375
SARS-CoV2-5UTR-Amplicon-short-trimmed+3,215,g,643515,787,0.1223
SARS-CoV2-5UTR-Amplicon-short-trimmed+3,216,a,643575,762,0.1184
SARS-CoV2-5UTR-Amplicon-short-trimmed+3,217,t,643574,907,0.1409
SARS-CoV2-5UTR-Amplicon-short-trimmed+3,218,g,643574,1089,0.1692
SARS-CoV2-5UTR-Amplicon-short-trimmed+3,219,g,643572,1107,0.172
SARS-CoV2-5UTR-Amplicon-short-trimmed+3,220,a,643572,1771,0.2752
SARS-CoV2-5UTR-Amplicon-short-trimmed+3,221,g,643572,1491,0.2317
SARS-CoV2-5UTR-Amplicon-short-trimmed+3,222,a,643503,765,0.1189
SARS-CoV2-5UTR-Amplicon-short-trimmed+3,223,g,643502,1056,0.1641
SARS-CoV2-5UTR-Amplicon-short-trimmed+3,224,c,643502,2555,0.397
SARS-CoV2-5UTR-Amplicon-short-trimmed+3,225,c,643502,3200,0.4973
SARS-CoV2-5UTR-Amplicon-short-trimmed+3,226,t,643496,642,0.0998
SARS-CoV2-5UTR-Amplicon-short-trimmed+3,227,t,643493,3431,0.5332
SARS-CoV2-5UTR-Amplicon-short-trimmed+3,228,g,643485,1202,0.1868
SARS-CoV2-5UTR-Amplicon-short-trimmed+3,229,t,643485,1407,0.2187
SARS-CoV2-5UTR-Amplicon-short-trimmed+3,230,c,643481,3629,0.564
SARS-CoV2-5UTR-Amplicon-short-trimmed+3,231,c,643480,2646,0.4112
SARS-CoV2-5UTR-Amplicon-short-trimmed+3,232,c,643479,2895,0.4499
SARS-CoV2-5UTR-Amplicon-short-trimmed+3,233,t,643354,1303,0.2025
SARS-CoV2-5UTR-Amplicon-short-trimmed+3,234,g,643346,1524,0.2369
SARS-CoV2-5UTR-Amplicon-short-trimmed+3,235,g,643341,1792,0.2785
SARS-CoV2-5UTR-Amplicon-short-trimmed+3,236,t,643335,535,0.0832
SARS-CoV2-5UTR-Amplicon-short-trimmed+3,237,t,643333,567,0.0881
SARS-CoV2-5UTR-Amplicon-short-trimmed+3,238,t,643293,972,0.1511
SARS-CoV2-5UTR-Amplicon-short-trimmed+3,239,c,643190,6869,1.068
SARS-CoV2-5UTR-Amplicon-short-trimmed+3,240,a,643120,532,0.0827
SARS-CoV2-5UTR-Amplicon-short-trimmed+3,241,a,642938,508,0.079
SARS-CoV2-5UTR-Amplicon-short-trimmed+3,242,c,642190,2251,0.3505
SARS-CoV2-5UTR-Amplicon-short-trimmed+3,243,g,642148,615,0.0958
SARS-CoV2-5UTR-Amplicon-short-trimmed+3,244,a,642053,1320,0.2056
SARS-CoV2-5UTR-Amplicon-short-trimmed+3,245,g,641065,0,0
SARS-CoV2-5UTR-Amplicon-short-trimmed+3,246,g,639937,0,0
SARS-CoV2-5UTR-Amplicon-short-trimmed+3,247,G,638865,2,3e-04
SARS-CoV2-5UTR-Amplicon-short-trimmed+3,248,A,638046,0,0
SARS-CoV2-5UTR-Amplicon-short-trimmed+3,249,G,637600,0,0
