Region,Position,Ref_base,Depth,Mut_count,Mut_percentage
SARS-CoV2-5UTR-Amplicon-short-trimmed+3,1,T,1010772,0,0
SARS-CoV2-5UTR-Amplicon-short-trimmed+3,2,T,1011847,0,0
SARS-CoV2-5UTR-Amplicon-short-trimmed+3,3,G,1012669,0,0
SARS-CoV2-5UTR-Amplicon-short-trimmed+3,4,t,1014565,0,0
SARS-CoV2-5UTR-Amplicon-short-trimmed+3,5,a,1015078,0,0
SARS-CoV2-5UTR-Amplicon-short-trimmed+3,6,g,1015673,1118,0.1101
SARS-CoV2-5UTR-Amplicon-short-trimmed+3,7,a,1015819,815,0.0802
SARS-CoV2-5UTR-Amplicon-short-trimmed+3,8,t,1015837,933,0.0918
SARS-CoV2-5UTR-Amplicon-short-trimmed+3,9,c,1015855,3084,0.3036
SARS-CoV2-5UTR-Amplicon-short-trimmed+3,10,t,1017021,970,0.0954
SARS-CoV2-5UTR-Amplicon-short-trimmed+3,11,g,1017046,4089,0.402
SARS-CoV2-5UTR-Amplicon-short-trimmed+3,12,t,1017087,943,0.0927
SARS-CoV2-5UTR-Amplicon-short-trimmed+3,13,t,1017102,1035,0.1018
SARS-CoV2-5UTR-Amplicon-short-trimmed+3,14,c,1017111,5525,0.5432
SARS-CoV2-5UTR-Amplicon-short-trimmed+3,15,t,1017130,1207,0.1187
SARS-CoV2-5UTR-Amplicon-short-trimmed+3,16,c,1017135,5185,0.5098
SARS-CoV2-5UTR-Amplicon-short-trimmed+3,17,t,1017143,944,0.0928
SARS-CoV2-5UTR-Amplicon-short-trimmed+3,18,a,1017146,656,0.0645
SARS-CoV2-5UTR-Amplicon-short-trimmed+3,19,a,1017147,491,0.0483
SARS-CoV2-5UTR-Amplicon-short-trimmed+3,20,a,1017197,681,0.0669
SARS-CoV2-5UTR-Amplicon-short-trimmed+3,21,c,1017198,4636,0.4558
SARS-CoV2-5UTR-Amplicon-short-trimmed+3,22,g,1017211,907,0.0892
SARS-CoV2-5UTR-Amplicon-short-trimmed+3,23,a,1017212,814,0.08
SARS-CoV2-5UTR-Amplicon-short-trimmed+3,24,a,1017213,441,0.0434
SARS-CoV2-5UTR-Amplicon-short-trimmed+3,25,c,1017213,11394,1.1201
SARS-CoV2-5UTR-Amplicon-short-trimmed+3,26,t,1017213,1390,0.1366
SARS-CoV2-5UTR-Amplicon-short-trimmed+3,27,t,1017213,1325,0.1303
SARS-CoV2-5UTR-Amplicon-short-trimmed+3,28,t,1017219,3109,0.3056
SARS-CoV2-5UTR-Amplicon-short-trimmed+3,29,a,1017220,1125,0.1106
SARS-CoV2-5UTR-Amplicon-short-trimmed+3,30,a,1017221,563,0.0553
SARS-CoV2-5UTR-Amplicon-short-trimmed+3,31,a,1017171,532,0.0523
SARS-CoV2-5UTR-Amplicon-short-trimmed+3,32,a,1017172,688,0.0676
SARS-CoV2-5UTR-Amplicon-short-trimmed+3,33,t,1017172,4374,0.43
SARS-CoV2-5UTR-Amplicon-short-trimmed+3,34,c,1017172,4654,0.4575
SARS-CoV2-5UTR-Amplicon-short-trimmed+3,35,t,1017164,1466,0.1441
SARS-CoV2-5UTR-Amplicon-short-trimmed+3,36,g,1017165,3215,0.3161
SARS-CoV2-5UTR-Amplicon-short-trimmed+3,37,t,1017179,1125,0.1106
SARS-CoV2-5UTR-Amplicon-short-trimmed+3,38,g,1017179,1753,0.1723
SARS-CoV2-5UTR-Amplicon-short-trimmed+3,39,t,1017179,1012,0.0995
SARS-CoV2-5UTR-Amplicon-short-trimmed+3,40,g,1017172,2035,0.2001
SARS-CoV2-5UTR-Amplicon-short-trimmed+3,41,g,1017168,1314,0.1292
SARS-CoV2-5UTR-Amplicon-short-trimmed+3,42,c,1017168,4625,0.4547
SARS-CoV2-5UTR-Amplicon-short-trimmed+3,43,t,1017138,1463,0.1438
SARS-CoV2-5UTR-Amplicon-short-trimmed+3,44,g,1017138,1898,0.1866
SARS-CoV2-5UTR-Amplicon-short-trimmed+3,45,t,1017137,1815,0.1784
SARS-CoV2-5UTR-Amplicon-short-trimmed+3,46,c,1017137,4200,0.4129
SARS-CoV2-5UTR-Amplicon-short-trimmed+3,47,a,1017134,1166,0.1146
SARS-CoV2-5UTR-Amplicon-short-trimmed+3,48,c,1017139,4758,0.4678
SARS-CoV2-5UTR-Amplicon-short-trimmed+3,49,t,1017139,1200,0.118
SARS-CoV2-5UTR-Amplicon-short-trimmed+3,50,c,1017139,6112,0.6009
SARS-CoV2-5UTR-Amplicon-short-trimmed+3,51,g,1017139,2565,0.2522
SARS-CoV2-5UTR-Amplicon-short-trimmed+3,52,g,1017139,1981,0.1948
SARS-CoV2-5UTR-Amplicon-short-trimmed+3,53,c,1017138,3607,0.3546
SARS-CoV2-5UTR-Amplicon-short-trimmed+3,54,t,1017138,1477,0.1452
SARS-CoV2-5UTR-Amplicon-short-trimmed+3,55,g,1017138,2274,0.2236
SARS-CoV2-5UTR-Amplicon-short-trimmed+3,56,c,1017139,3351,0.3295
SARS-CoV2-5UTR-Amplicon-short-trimmed+3,57,g,1017139,1911,0.1879
SARS-CoV2-5UTR-Amplicon-short-trimmed+3,58,t,1017139,1121,0.1102
SARS-CoV2-5UTR-Amplicon-short-trimmed+3,59,g,1017138,1626,0.1599
SARS-CoV2-5UTR-Amplicon-short-trimmed+3,60,c,1017142,4755,0.4675
SARS-CoV2-5UTR-Amplicon-short-trimmed+3,61,t,1017142,1841,0.181
SARS-CoV2-5UTR-Amplicon-short-trimmed+3,62,t,1017142,1607,0.158
SARS-CoV2-5UTR-Amplicon-short-trimmed+3,63,a,1017153,1860,0.1829
SARS-CoV2-5UTR-Amplicon-short-trimmed+3,64,g,1017153,1820,0.1789
SARS-CoV2-5UTR-Amplicon-short-trimmed+3,65,t,1017153,1601,0.1574
SARS-CoV2-5UTR-Amplicon-short-trimmed+3,66,g,1017152,1939,0.1906
SARS-CoV2-5UTR-Amplicon-short-trimmed+3,67,c,1017152,3389,0.3332
SARS-CoV2-5UTR-Amplicon-short-trimmed+3,68,a,1017152,1514,0.1488
SARS-CoV2-5UTR-Amplicon-short-trimmed+3,69,c,1017151,4197,0.4126
SARS-CoV2-5UTR-Amplicon-short-trimmed+3,70,t,1017151,978,0.0962
SARS-CoV2-5UTR-Amplicon-short-trimmed+3,71,c,1017151,970,0.0954
SARS-CoV2-5UTR-Amplicon-short-trimmed+3,72,a,1017150,1051,0.1033
SARS-CoV2-5UTR-Amplicon-short-trimmed+3,73,c,1017150,3324,0.3268
SARS-CoV2-5UTR-Amplicon-short-trimmed+3,74,g,1017150,1180,0.116
SARS-CoV2-5UTR-Amplicon-short-trimmed+3,75,c,1017151,3726,0.3663
SARS-CoV2-5UTR-Amplicon-short-trimmed+3,76,a,1017149,1186,0.1166
SARS-CoV2-5UTR-Amplicon-short-trimmed+3,77,g,1017149,1389,0.1366
SARS-CoV2-5UTR-Amplicon-short-trimmed+3,78,t,1017148,886,0.0871
SARS-CoV2-5UTR-Amplicon-short-trimmed+3,79,a,1017134,1312,0.129
SARS-CoV2-5UTR-Amplicon-short-trimmed+3,80,t,1017163,866,0.0851
SARS-CoV2-5UTR-Amplicon-short-trimmed+3,81,a,1017160,657,0.0646
SARS-CoV2-5UTR-Amplicon-short-trimmed+3,82,a,1017160,1994,0.196
SARS-CoV2-5UTR-Amplicon-short-trimmed+3,83,t,1017188,876,0.0861
SARS-CoV2-5UTR-Amplicon-short-trimmed+3,84,t,1017193,1354,0.1331
SARS-CoV2-5UTR-Amplicon-short-trimmed+3,85,a,1017183,1121,0.1102
SARS-CoV2-5UTR-Amplicon-short-trimmed+3,86,a,1017186,1236,0.1215
SARS-CoV2-5UTR-Amplicon-short-trimmed+3,87,t,1017185,689,0.0677
SARS-CoV2-5UTR-Amplicon-short-trimmed+3,88,a,1017193,823,0.0809
SARS-CoV2-5UTR-Amplicon-short-trimmed+3,89,a,1017282,3360,0.3303
SARS-CoV2-5UTR-Amplicon-short-trimmed+3,90,c,1017282,4699,0.4619
SARS-CoV2-5UTR-Amplicon-short-trimmed+3,91,t,1017295,972,0.0955
SARS-CoV2-5UTR-Amplicon-short-trimmed+3,92,a,1017294,975,0.0958
SARS-CoV2-5UTR-Amplicon-short-trimmed+3,93,a,1017294,1070,0.1052
SARS-CoV2-5UTR-Amplicon-short-trimmed+3,94,t,1017293,966,0.095
SARS-CoV2-5UTR-Amplicon-short-trimmed+3,95,t,1017295,1082,0.1064
SARS-CoV2-5UTR-Amplicon-short-trimmed+3,96,a,1017295,1027,0.101
SARS-CoV2-5UTR-Amplicon-short-trimmed+3,97,c,1017295,3905,0.3839
SARS-CoV2-5UTR-Amplicon-short-trimmed+3,98,t,1017295,1104,0.1085
SARS-CoV2-5UTR-Amplicon-short-trimmed+3,99,g,1017290,1823,0.1792
SARS-CoV2-5UTR-Amplicon-short-trimmed+3,100,t,1017298,1630,0.1602
SARS-CoV2-5UTR-Amplicon-short-trimmed+3,101,c,1017318,4790,0.4708
SARS-CoV2-5UTR-Amplicon-short-trimmed+3,102,g,1017343,2791,0.2743
SARS-CoV2-5UTR-Amplicon-short-trimmed+3,103,t,1017356,1138,0.1119
SARS-CoV2-5UTR-Amplicon-short-trimmed+3,104,t,1017366,1716,0.1687
SARS-CoV2-5UTR-Amplicon-short-trimmed+3,105,g,1017391,1031,0.1013
SARS-CoV2-5UTR-Amplicon-short-trimmed+3,106,a,1017436,1117,0.1098
SARS-CoV2-5UTR-Amplicon-short-trimmed+3,107,c,1017494,3206,0.3151
SARS-CoV2-5UTR-Amplicon-short-trimmed+3,108,a,1017521,1318,0.1295
SARS-CoV2-5UTR-Amplicon-short-trimmed+3,109,g,1017628,1474,0.1448
SARS-CoV2-5UTR-Amplicon-short-trimmed+3,110,g,1017846,1561,0.1534
SARS-CoV2-5UTR-Amplicon-short-trimmed+3,111,a,1018351,978,0.096
SARS-CoV2-5UTR-Amplicon-short-trimmed+3,112,c,1019063,4240,0.4161
SARS-CoV2-5UTR-Amplicon-short-trimmed+3,113,a,1020529,1518,0.1487
SARS-CoV2-5UTR-Amplicon-short-trimmed+3,114,c,1024188,4685,0.4574
SARS-CoV2-5UTR-Amplicon-short-trimmed+3,115,g,1039607,1269,0.1221
SARS-CoV2-5UTR-Amplicon-short-trimmed+3,116,a,1102106,1989,0.1805
SARS-CoV2-5UTR-Amplicon-short-trimmed+3,117,g,1999998,3243,0.1622
SARS-CoV2-5UTR-Amplicon-short-trimmed+3,118,t,1999990,3526,0.1763
SARS-CoV2-5UTR-Amplicon-short-trimmed+3,119,a,1999996,4361,0.2181
SARS-CoV2-5UTR-Amplicon-short-trimmed+3,120,a,1999990,4022,0.2011
SARS-CoV2-5UTR-Amplicon-short-trimmed+3,121,c,1999987,10446,0.5223
SARS-CoV2-5UTR-Amplicon-short-trimmed+3,122,t,1999981,4211,0.2106
SARS-CoV2-5UTR-Amplicon-short-trimmed+3,123,c,1999983,11894,0.5947
SARS-CoV2-5UTR-Amplicon-short-trimmed+3,124,g,1999909,4632,0.2316
SARS-CoV2-5UTR-Amplicon-short-trimmed+3,125,t,1999924,5262,0.2631
SARS-CoV2-5UTR-Amplicon-short-trimmed+3,126,c,1999879,12771,0.6386
SARS-CoV2-5UTR-Amplicon-short-trimmed+3,127,t,1999766,1654,0.0827
SARS-CoV2-5UTR-Amplicon-short-trimmed+3,128,a,1999119,4843,0.2423
SARS-CoV2-5UTR-Amplicon-short-trimmed+3,129,t,1998294,8384,0.4196
SARS-CoV2-5UTR-Amplicon-short-trimmed+3,130,c,1997821,10374,0.5193
SARS-CoV2-5UTR-Amplicon-short-trimmed+3,131,t,1997819,2591,0.1297
SARS-CoV2-5UTR-Amplicon-short-trimmed+3,132,t,1990083,3948,0.1984
SARS-CoV2-5UTR-Amplicon-short-trimmed+3,133,c,1090513,6936,0.636
SARS-CoV2-5UTR-Amplicon-short-trimmed+3,134,t,1003093,2096,0.209
SARS-CoV2-5UTR-Amplicon-short-trimmed+3,135,g,989644,2133,0.2155
SARS-CoV2-5UTR-Amplicon-short-trimmed+3,136,c,986296,7847,0.7956
SARS-CoV2-5UTR-Amplicon-short-trimmed+3,137,a,985727,1897,0.1924
SARS-CoV2-5UTR-Amplicon-short-trimmed+3,138,g,985177,1072,0.1088
SARS-CoV2-5UTR-Amplicon-short-trimmed+3,139,g,984872,1329,0.1349
SARS-CoV2-5UTR-Amplicon-short-trimmed+3,140,c,984599,1602,0.1627
SARS-CoV2-5UTR-Amplicon-short-trimmed+3,141,t,984491,2899,0.2945
SARS-CoV2-5UTR-Amplicon-short-trimmed+3,142,g,984413,2112,0.2145
SARS-CoV2-5UTR-Amplicon-short-trimmed+3,143,c,984380,4872,0.4949
SARS-CoV2-5UTR-Amplicon-short-trimmed+3,144,t,984300,918,0.0933
SARS-CoV2-5UTR-Amplicon-short-trimmed+3,145,t,984287,2074,0.2107
SARS-CoV2-5UTR-Amplicon-short-trimmed+3,146,a,984239,4109,0.4175
SARS-CoV2-5UTR-Amplicon-short-trimmed+3,147,c,984217,1621,0.1647
SARS-CoV2-5UTR-Amplicon-short-trimmed+3,148,g,984215,1094,0.1112
SARS-CoV2-5UTR-Amplicon-short-trimmed+3,149,g,984201,1441,0.1464
SARS-CoV2-5UTR-Amplicon-short-trimmed+3,150,t,984196,1669,0.1696
SARS-CoV2-5UTR-Amplicon-short-trimmed+3,151,t,984201,1864,0.1894
SARS-CoV2-5UTR-Amplicon-short-trimmed+3,152,t,984191,4008,0.4072
SARS-CoV2-5UTR-Amplicon-short-trimmed+3,153,c,984188,7556,0.7677
SARS-CoV2-5UTR-Amplicon-short-trimmed+3,154,g,984189,1423,0.1446
SARS-CoV2-5UTR-Amplicon-short-trimmed+3,155,t,984191,2423,0.2462
SARS-CoV2-5UTR-Amplicon-short-trimmed+3,156,c,984192,1889,0.1919
SARS-CoV2-5UTR-Amplicon-short-trimmed+3,157,c,984191,2270,0.2306
SARS-CoV2-5UTR-Amplicon-short-trimmed+3,158,g,983909,1112,0.113
SARS-CoV2-5UTR-Amplicon-short-trimmed+3,159,t,983877,7862,0.7991
SARS-CoV2-5UTR-Amplicon-short-trimmed+3,160,g,983870,1633,0.166
SARS-CoV2-5UTR-Amplicon-short-trimmed+3,161,t,983869,1355,0.1377
SARS-CoV2-5UTR-Amplicon-short-trimmed+3,162,t,983869,4010,0.4076
SARS-CoV2-5UTR-Amplicon-short-trimmed+3,163,g,983873,699,0.071
SARS-CoV2-5UTR-Amplicon-short-trimmed+3,164,c,983864,1743,0.1772
SARS-CoV2-5UTR-Amplicon-short-trimmed+3,165,a,983870,1373,0.1396
SARS-CoV2-5UTR-Amplicon-short-trimmed+3,166,g,983918,1306,0.1327
SARS-CoV2-5UTR-Amplicon-short-trimmed+3,167,c,983929,1625,0.1652
SARS-CoV2-5UTR-Amplicon-short-trimmed+3,168,c,983930,5850,0.5946
SARS-CoV2-5UTR-Amplicon-short-trimmed+3,169,g,983934,1352,0.1374
SARS-CoV2-5UTR-Amplicon-short-trimmed+3,170,a,983935,1462,0.1486
SARS-CoV2-5UTR-Amplicon-short-trimmed+3,171,t,983935,1539,0.1564
SARS-CoV2-5UTR-Amplicon-short-trimmed+3,172,c,983935,5162,0.5246
SARS-CoV2-5UTR-Amplicon-short-trimmed+3,173,a,983938,1447,0.1471
SARS-CoV2-5UTR-Amplicon-short-trimmed+3,174,t,983940,1616,0.1642
SARS-CoV2-5UTR-Amplicon-short-trimmed+3,175,c,983940,5131,0.5215
SARS-CoV2-5UTR-Amplicon-short-trimmed+3,176,a,983940,1487,0.1511
SARS-CoV2-5UTR-Amplicon-short-trimmed+3,177,g,983940,1549,0.1574
SARS-CoV2-5UTR-Amplicon-short-trimmed+3,178,c,983940,9332,0.9484
SARS-CoV2-5UTR-Amplicon-short-trimmed+3,179,a,983940,1865,0.1895
SARS-CoV2-5UTR-Amplicon-short-trimmed+3,180,c,983947,3804,0.3866
SARS-CoV2-5UTR-Amplicon-short-trimmed+3,181,a,983947,1086,0.1104
SARS-CoV2-5UTR-Amplicon-short-trimmed+3,182,t,983947,2958,0.3006
SARS-CoV2-5UTR-Amplicon-short-trimmed+3,183,c,983947,4474,0.4547
SARS-CoV2-5UTR-Amplicon-short-trimmed+3,184,t,983953,1452,0.1476
SARS-CoV2-5UTR-Amplicon-short-trimmed+3,185,a,983953,2111,0.2145
SARS-CoV2-5UTR-Amplicon-short-trimmed+3,186,g,983948,1863,0.1893
SARS-CoV2-5UTR-Amplicon-short-trimmed+3,187,g,983948,2227,0.2263
SARS-CoV2-5UTR-Amplicon-short-trimmed+3,188,t,983948,4777,0.4855
SARS-CoV2-5UTR-Amplicon-short-trimmed+3,189,t,983923,2026,0.2059
SARS-CoV2-5UTR-Amplicon-short-trimmed+3,190,t,983927,3255,0.3308
SARS-CoV2-5UTR-Amplicon-short-trimmed+3,191,c,983927,6438,0.6543
SARS-CoV2-5UTR-Amplicon-short-trimmed+3,192,g,983927,1825,0.1855
SARS-CoV2-5UTR-Amplicon-short-trimmed+3,193,t,983927,6704,0.6814
SARS-CoV2-5UTR-Amplicon-short-trimmed+3,194,c,983944,4402,0.4474
SARS-CoV2-5UTR-Amplicon-short-trimmed+3,195,c,983944,5038,0.512
SARS-CoV2-5UTR-Amplicon-short-trimmed+3,196,g,983916,2040,0.2073
SARS-CoV2-5UTR-Amplicon-short-trimmed+3,197,g,983916,1865,0.1895
SARS-CoV2-5UTR-Amplicon-short-trimmed+3,198,g,983916,5691,0.5784
SARS-CoV2-5UTR-Amplicon-short-trimmed+3,199,t,983908,2650,0.2693
SARS-CoV2-5UTR-Amplicon-short-trimmed+3,200,g,983900,2826,0.2872
SARS-CoV2-5UTR-Amplicon-short-trimmed+3,201,t,983899,4130,0.4198
SARS-CoV2-5UTR-Amplicon-short-trimmed+3,202,g,983899,1668,0.1695
SARS-CoV2-5UTR-Amplicon-short-trimmed+3,203,a,983899,2053,0.2087
SARS-CoV2-5UTR-Amplicon-short-trimmed+3,204,c,983899,3707,0.3768
SARS-CoV2-5UTR-Amplicon-short-trimmed+3,205,c,983899,4107,0.4174
SARS-CoV2-5UTR-Amplicon-short-trimmed+3,206,g,983899,1931,0.1963
SARS-CoV2-5UTR-Amplicon-short-trimmed+3,207,a,983899,1025,0.1042
SARS-CoV2-5UTR-Amplicon-short-trimmed+3,208,a,983899,629,0.0639
SARS-CoV2-5UTR-Amplicon-short-trimmed+3,209,a,983885,1267,0.1288
SARS-CoV2-5UTR-Amplicon-short-trimmed+3,210,g,983885,1497,0.1522
SARS-CoV2-5UTR-Amplicon-short-trimmed+3,211,g,983887,2024,0.2057
SARS-CoV2-5UTR-Amplicon-short-trimmed+3,212,t,983887,919,0.0934
SARS-CoV2-5UTR-Amplicon-short-trimmed+3,213,a,983887,836,0.085
SARS-CoV2-5UTR-Amplicon-short-trimmed+3,214,a,983887,1388,0.1411
SARS-CoV2-5UTR-Amplicon-short-trimmed+3,215,g,983885,1019,0.1036
SARS-CoV2-5UTR-Amplicon-short-trimmed+3,216,a,983941,1296,0.1317
SARS-CoV2-5UTR-Amplicon-short-trimmed+3,217,t,983937,1356,0.1378
SARS-CoV2-5UTR-Amplicon-short-trimmed+3,218,g,983937,1303,0.1324
SARS-CoV2-5UTR-Amplicon-short-trimmed+3,219,g,983936,1133,0.1151
SARS-CoV2-5UTR-Amplicon-short-trimmed+3,220,a,983934,2243,0.228
SARS-CoV2-5UTR-Amplicon-short-trimmed+3,221,g,983934,1880,0.1911
SARS-CoV2-5UTR-Amplicon-short-trimmed+3,222,a,983874,998,0.1014
SARS-CoV2-5UTR-Amplicon-short-trimmed+3,223,g,983874,1401,0.1424
SARS-CoV2-5UTR-Amplicon-short-trimmed+3,224,c,983872,3702,0.3763
SARS-CoV2-5UTR-Amplicon-short-trimmed+3,225,c,983871,4028,0.4094
SARS-CoV2-5UTR-Amplicon-short-trimmed+3,226,t,983866,877,0.0891
SARS-CoV2-5UTR-Amplicon-short-trimmed+3,227,t,983853,5292,0.5379
SARS-CoV2-5UTR-Amplicon-short-trimmed+3,228,g,983849,1431,0.1454
SARS-CoV2-5UTR-Amplicon-short-trimmed+3,229,t,983843,2094,0.2128
SARS-CoV2-5UTR-Amplicon-short-trimmed+3,230,c,983832,4785,0.4864
SARS-CoV2-5UTR-Amplicon-short-trimmed+3,231,c,983830,3055,0.3105
SARS-CoV2-5UTR-Amplicon-short-trimmed+3,232,c,983826,3082,0.3133
SARS-CoV2-5UTR-Amplicon-short-trimmed+3,233,t,983639,1867,0.1898
SARS-CoV2-5UTR-Amplicon-short-trimmed+3,234,g,983638,1891,0.1922
SARS-CoV2-5UTR-Amplicon-short-trimmed+3,235,g,983636,1805,0.1835
SARS-CoV2-5UTR-Amplicon-short-trimmed+3,236,t,983634,911,0.0926
SARS-CoV2-5UTR-Amplicon-short-trimmed+3,237,t,983601,1068,0.1086
SARS-CoV2-5UTR-Amplicon-short-trimmed+3,238,t,983544,1540,0.1566
SARS-CoV2-5UTR-Amplicon-short-trimmed+3,239,c,983469,10433,1.0608
SARS-CoV2-5UTR-Amplicon-short-trimmed+3,240,a,983412,743,0.0756
SARS-CoV2-5UTR-Amplicon-short-trimmed+3,241,a,983124,840,0.0854
SARS-CoV2-5UTR-Amplicon-short-trimmed+3,242,c,982134,3186,0.3244
SARS-CoV2-5UTR-Amplicon-short-trimmed+3,243,g,982071,1009,0.1027
SARS-CoV2-5UTR-Amplicon-short-trimmed+3,244,a,981919,1749,0.1781
SARS-CoV2-5UTR-Amplicon-short-trimmed+3,245,g,980849,0,0
SARS-CoV2-5UTR-Amplicon-short-trimmed+3,246,g,979669,0,0
SARS-CoV2-5UTR-Amplicon-short-trimmed+3,247,G,978461,1,1e-04
SARS-CoV2-5UTR-Amplicon-short-trimmed+3,248,A,977300,0,0
SARS-CoV2-5UTR-Amplicon-short-trimmed+3,249,G,976806,0,0
