Region,Position,Ref_base,Depth,Mut_count,Mut_percentage
SARS-CoV2-5UTR-Amplicon-short-trimmed+3,1,T,1149600,0,0
SARS-CoV2-5UTR-Amplicon-short-trimmed+3,2,T,1150410,0,0
SARS-CoV2-5UTR-Amplicon-short-trimmed+3,3,G,1150728,0,0
SARS-CoV2-5UTR-Amplicon-short-trimmed+3,4,t,1155617,0,0
SARS-CoV2-5UTR-Amplicon-short-trimmed+3,5,a,1155933,0,0
SARS-CoV2-5UTR-Amplicon-short-trimmed+3,6,g,1156201,2829,0.2447
SARS-CoV2-5UTR-Amplicon-short-trimmed+3,7,a,1156842,284,0.0245
SARS-CoV2-5UTR-Amplicon-short-trimmed+3,8,t,1156861,460,0.0398
SARS-CoV2-5UTR-Amplicon-short-trimmed+3,9,c,1156881,382,0.033
SARS-CoV2-5UTR-Amplicon-short-trimmed+3,10,t,1156890,419,0.0362
SARS-CoV2-5UTR-Amplicon-short-trimmed+3,11,g,1156900,12408,1.0725
SARS-CoV2-5UTR-Amplicon-short-trimmed+3,12,t,1156941,458,0.0396
SARS-CoV2-5UTR-Amplicon-short-trimmed+3,13,t,1156952,482,0.0417
SARS-CoV2-5UTR-Amplicon-short-trimmed+3,14,c,1156963,280,0.0242
SARS-CoV2-5UTR-Amplicon-short-trimmed+3,15,t,1156970,606,0.0524
SARS-CoV2-5UTR-Amplicon-short-trimmed+3,16,c,1156976,695,0.0601
SARS-CoV2-5UTR-Amplicon-short-trimmed+3,17,t,1156983,300,0.0259
SARS-CoV2-5UTR-Amplicon-short-trimmed+3,18,a,1156983,554,0.0479
SARS-CoV2-5UTR-Amplicon-short-trimmed+3,19,a,1156986,587,0.0507
SARS-CoV2-5UTR-Amplicon-short-trimmed+3,20,a,1157034,421,0.0364
SARS-CoV2-5UTR-Amplicon-short-trimmed+3,21,c,1157035,457,0.0395
SARS-CoV2-5UTR-Amplicon-short-trimmed+3,22,g,1157048,4739,0.4096
SARS-CoV2-5UTR-Amplicon-short-trimmed+3,23,a,1157051,487,0.0421
SARS-CoV2-5UTR-Amplicon-short-trimmed+3,24,a,1157051,358,0.0309
SARS-CoV2-5UTR-Amplicon-short-trimmed+3,25,c,1157052,12458,1.0767
SARS-CoV2-5UTR-Amplicon-short-trimmed+3,26,t,1157057,1136,0.0982
SARS-CoV2-5UTR-Amplicon-short-trimmed+3,27,t,1157059,1056,0.0913
SARS-CoV2-5UTR-Amplicon-short-trimmed+3,28,t,1157066,2442,0.2111
SARS-CoV2-5UTR-Amplicon-short-trimmed+3,29,a,1157066,993,0.0858
SARS-CoV2-5UTR-Amplicon-short-trimmed+3,30,a,1157066,497,0.043
SARS-CoV2-5UTR-Amplicon-short-trimmed+3,31,a,1157051,519,0.0449
SARS-CoV2-5UTR-Amplicon-short-trimmed+3,32,a,1157051,434,0.0375
SARS-CoV2-5UTR-Amplicon-short-trimmed+3,33,t,1157054,2697,0.2331
SARS-CoV2-5UTR-Amplicon-short-trimmed+3,34,c,1157054,426,0.0368
SARS-CoV2-5UTR-Amplicon-short-trimmed+3,35,t,1157053,1611,0.1392
SARS-CoV2-5UTR-Amplicon-short-trimmed+3,36,g,1157052,7278,0.629
SARS-CoV2-5UTR-Amplicon-short-trimmed+3,37,t,1157056,461,0.0398
SARS-CoV2-5UTR-Amplicon-short-trimmed+3,38,g,1157056,3774,0.3262
SARS-CoV2-5UTR-Amplicon-short-trimmed+3,39,t,1157056,353,0.0305
SARS-CoV2-5UTR-Amplicon-short-trimmed+3,40,g,1157056,3404,0.2942
SARS-CoV2-5UTR-Amplicon-short-trimmed+3,41,g,1157056,3142,0.2716
SARS-CoV2-5UTR-Amplicon-short-trimmed+3,42,c,1157054,357,0.0309
SARS-CoV2-5UTR-Amplicon-short-trimmed+3,43,t,1157053,1186,0.1025
SARS-CoV2-5UTR-Amplicon-short-trimmed+3,44,g,1157053,2625,0.2269
SARS-CoV2-5UTR-Amplicon-short-trimmed+3,45,t,1157053,838,0.0724
SARS-CoV2-5UTR-Amplicon-short-trimmed+3,46,c,1157052,211,0.0182
SARS-CoV2-5UTR-Amplicon-short-trimmed+3,47,a,1157047,604,0.0522
SARS-CoV2-5UTR-Amplicon-short-trimmed+3,48,c,1157047,277,0.0239
SARS-CoV2-5UTR-Amplicon-short-trimmed+3,49,t,1157047,489,0.0423
SARS-CoV2-5UTR-Amplicon-short-trimmed+3,50,c,1157045,659,0.057
SARS-CoV2-5UTR-Amplicon-short-trimmed+3,51,g,1157045,5460,0.4719
SARS-CoV2-5UTR-Amplicon-short-trimmed+3,52,g,1157045,2665,0.2303
SARS-CoV2-5UTR-Amplicon-short-trimmed+3,53,c,1157045,1426,0.1232
SARS-CoV2-5UTR-Amplicon-short-trimmed+3,54,t,1157045,1102,0.0952
SARS-CoV2-5UTR-Amplicon-short-trimmed+3,55,g,1157045,5601,0.4841
SARS-CoV2-5UTR-Amplicon-short-trimmed+3,56,c,1157047,462,0.0399
SARS-CoV2-5UTR-Amplicon-short-trimmed+3,57,g,1157047,2300,0.1988
SARS-CoV2-5UTR-Amplicon-short-trimmed+3,58,t,1157048,527,0.0455
SARS-CoV2-5UTR-Amplicon-short-trimmed+3,59,g,1157048,1843,0.1593
SARS-CoV2-5UTR-Amplicon-short-trimmed+3,60,c,1157048,590,0.051
SARS-CoV2-5UTR-Amplicon-short-trimmed+3,61,t,1157055,1544,0.1334
SARS-CoV2-5UTR-Amplicon-short-trimmed+3,62,t,1157055,2534,0.219
SARS-CoV2-5UTR-Amplicon-short-trimmed+3,63,a,1157055,3409,0.2946
SARS-CoV2-5UTR-Amplicon-short-trimmed+3,64,g,1157054,4695,0.4058
SARS-CoV2-5UTR-Amplicon-short-trimmed+3,65,t,1157054,694,0.06
SARS-CoV2-5UTR-Amplicon-short-trimmed+3,66,g,1157054,5677,0.4906
SARS-CoV2-5UTR-Amplicon-short-trimmed+3,67,c,1157053,802,0.0693
SARS-CoV2-5UTR-Amplicon-short-trimmed+3,68,a,1157053,626,0.0541
SARS-CoV2-5UTR-Amplicon-short-trimmed+3,69,c,1157027,452,0.0391
SARS-CoV2-5UTR-Amplicon-short-trimmed+3,70,t,1157027,525,0.0454
SARS-CoV2-5UTR-Amplicon-short-trimmed+3,71,c,1157027,574,0.0496
SARS-CoV2-5UTR-Amplicon-short-trimmed+3,72,a,1157027,721,0.0623
SARS-CoV2-5UTR-Amplicon-short-trimmed+3,73,c,1157027,401,0.0347
SARS-CoV2-5UTR-Amplicon-short-trimmed+3,74,g,1157028,2872,0.2482
SARS-CoV2-5UTR-Amplicon-short-trimmed+3,75,c,1157045,1502,0.1298
SARS-CoV2-5UTR-Amplicon-short-trimmed+3,76,a,1157043,958,0.0828
SARS-CoV2-5UTR-Amplicon-short-trimmed+3,77,g,1157043,1691,0.1461
SARS-CoV2-5UTR-Amplicon-short-trimmed+3,78,t,1157041,708,0.0612
SARS-CoV2-5UTR-Amplicon-short-trimmed+3,79,a,1157039,864,0.0747
SARS-CoV2-5UTR-Amplicon-short-trimmed+3,80,t,1157048,355,0.0307
SARS-CoV2-5UTR-Amplicon-short-trimmed+3,81,a,1157046,511,0.0442
SARS-CoV2-5UTR-Amplicon-short-trimmed+3,82,a,1157047,1036,0.0895
SARS-CoV2-5UTR-Amplicon-short-trimmed+3,83,t,1157048,512,0.0443
SARS-CoV2-5UTR-Amplicon-short-trimmed+3,84,t,1157047,1129,0.0976
SARS-CoV2-5UTR-Amplicon-short-trimmed+3,85,a,1157047,768,0.0664
SARS-CoV2-5UTR-Amplicon-short-trimmed+3,86,a,1157043,569,0.0492
SARS-CoV2-5UTR-Amplicon-short-trimmed+3,87,t,1157042,514,0.0444
SARS-CoV2-5UTR-Amplicon-short-trimmed+3,88,a,1157042,645,0.0557
SARS-CoV2-5UTR-Amplicon-short-trimmed+3,89,a,1157042,3268,0.2824
SARS-CoV2-5UTR-Amplicon-short-trimmed+3,90,c,1157047,565,0.0488
SARS-CoV2-5UTR-Amplicon-short-trimmed+3,91,t,1157073,647,0.0559
SARS-CoV2-5UTR-Amplicon-short-trimmed+3,92,a,1157072,547,0.0473
SARS-CoV2-5UTR-Amplicon-short-trimmed+3,93,a,1157070,624,0.0539
SARS-CoV2-5UTR-Amplicon-short-trimmed+3,94,t,1157070,579,0.05
SARS-CoV2-5UTR-Amplicon-short-trimmed+3,95,t,1157074,919,0.0794
SARS-CoV2-5UTR-Amplicon-short-trimmed+3,96,a,1157074,558,0.0482
SARS-CoV2-5UTR-Amplicon-short-trimmed+3,97,c,1157074,286,0.0247
SARS-CoV2-5UTR-Amplicon-short-trimmed+3,98,t,1157073,623,0.0538
SARS-CoV2-5UTR-Amplicon-short-trimmed+3,99,g,1157072,2920,0.2524
SARS-CoV2-5UTR-Amplicon-short-trimmed+3,100,t,1157068,762,0.0659
SARS-CoV2-5UTR-Amplicon-short-trimmed+3,101,c,1157067,730,0.0631
SARS-CoV2-5UTR-Amplicon-short-trimmed+3,102,g,1157083,12271,1.0605
SARS-CoV2-5UTR-Amplicon-short-trimmed+3,103,t,1157097,621,0.0537
SARS-CoV2-5UTR-Amplicon-short-trimmed+3,104,t,1157108,1102,0.0952
SARS-CoV2-5UTR-Amplicon-short-trimmed+3,105,g,1157120,658,0.0569
SARS-CoV2-5UTR-Amplicon-short-trimmed+3,106,a,1157135,839,0.0725
SARS-CoV2-5UTR-Amplicon-short-trimmed+3,107,c,1157165,793,0.0685
SARS-CoV2-5UTR-Amplicon-short-trimmed+3,108,a,1157199,1321,0.1142
SARS-CoV2-5UTR-Amplicon-short-trimmed+3,109,g,1157306,3783,0.3269
SARS-CoV2-5UTR-Amplicon-short-trimmed+3,110,g,1157495,1270,0.1097
SARS-CoV2-5UTR-Amplicon-short-trimmed+3,111,a,1158019,666,0.0575
SARS-CoV2-5UTR-Amplicon-short-trimmed+3,112,c,1158646,629,0.0543
SARS-CoV2-5UTR-Amplicon-short-trimmed+3,113,a,1160208,1526,0.1315
SARS-CoV2-5UTR-Amplicon-short-trimmed+3,114,c,1165178,664,0.057
SARS-CoV2-5UTR-Amplicon-short-trimmed+3,115,g,1181395,3239,0.2742
SARS-CoV2-5UTR-Amplicon-short-trimmed+3,116,a,1254459,1235,0.0984
SARS-CoV2-5UTR-Amplicon-short-trimmed+3,117,g,1999995,10118,0.5059
SARS-CoV2-5UTR-Amplicon-short-trimmed+3,118,t,1999982,3075,0.1538
SARS-CoV2-5UTR-Amplicon-short-trimmed+3,119,a,1999997,3746,0.1873
SARS-CoV2-5UTR-Amplicon-short-trimmed+3,120,a,1999996,2655,0.1328
SARS-CoV2-5UTR-Amplicon-short-trimmed+3,121,c,1999992,2143,0.1072
SARS-CoV2-5UTR-Amplicon-short-trimmed+3,122,t,1999963,4766,0.2383
SARS-CoV2-5UTR-Amplicon-short-trimmed+3,123,c,1999990,3762,0.1881
SARS-CoV2-5UTR-Amplicon-short-trimmed+3,124,g,1999916,12791,0.6396
SARS-CoV2-5UTR-Amplicon-short-trimmed+3,125,t,1999924,3878,0.1939
SARS-CoV2-5UTR-Amplicon-short-trimmed+3,126,c,1999854,1848,0.0924
SARS-CoV2-5UTR-Amplicon-short-trimmed+3,127,t,1999751,1115,0.0558
SARS-CoV2-5UTR-Amplicon-short-trimmed+3,128,a,1999279,2928,0.1465
SARS-CoV2-5UTR-Amplicon-short-trimmed+3,129,t,1998434,6112,0.3058
SARS-CoV2-5UTR-Amplicon-short-trimmed+3,130,c,1998485,846,0.0423
SARS-CoV2-5UTR-Amplicon-short-trimmed+3,131,t,1998387,1841,0.0921
SARS-CoV2-5UTR-Amplicon-short-trimmed+3,132,t,1989259,1859,0.0935
SARS-CoV2-5UTR-Amplicon-short-trimmed+3,133,c,968748,1422,0.1468
SARS-CoV2-5UTR-Amplicon-short-trimmed+3,134,t,867828,1454,0.1675
SARS-CoV2-5UTR-Amplicon-short-trimmed+3,135,g,851743,6737,0.791
SARS-CoV2-5UTR-Amplicon-short-trimmed+3,136,c,846385,3666,0.4331
SARS-CoV2-5UTR-Amplicon-short-trimmed+3,137,a,845584,1122,0.1327
SARS-CoV2-5UTR-Amplicon-short-trimmed+3,138,g,844896,701,0.083
SARS-CoV2-5UTR-Amplicon-short-trimmed+3,139,g,844549,1058,0.1253
SARS-CoV2-5UTR-Amplicon-short-trimmed+3,140,c,844315,1181,0.1399
SARS-CoV2-5UTR-Amplicon-short-trimmed+3,141,t,844206,2421,0.2868
SARS-CoV2-5UTR-Amplicon-short-trimmed+3,142,g,844138,1765,0.2091
SARS-CoV2-5UTR-Amplicon-short-trimmed+3,143,c,844100,4152,0.4919
SARS-CoV2-5UTR-Amplicon-short-trimmed+3,144,t,844072,549,0.065
SARS-CoV2-5UTR-Amplicon-short-trimmed+3,145,t,844051,1538,0.1822
SARS-CoV2-5UTR-Amplicon-short-trimmed+3,146,a,844006,1229,0.1456
SARS-CoV2-5UTR-Amplicon-short-trimmed+3,147,c,843997,958,0.1135
SARS-CoV2-5UTR-Amplicon-short-trimmed+3,148,g,843989,607,0.0719
SARS-CoV2-5UTR-Amplicon-short-trimmed+3,149,g,843960,898,0.1064
SARS-CoV2-5UTR-Amplicon-short-trimmed+3,150,t,843961,890,0.1055
SARS-CoV2-5UTR-Amplicon-short-trimmed+3,151,t,843953,807,0.0956
SARS-CoV2-5UTR-Amplicon-short-trimmed+3,152,t,843948,2473,0.293
SARS-CoV2-5UTR-Amplicon-short-trimmed+3,153,c,843941,1888,0.2237
SARS-CoV2-5UTR-Amplicon-short-trimmed+3,154,g,843939,2896,0.3432
SARS-CoV2-5UTR-Amplicon-short-trimmed+3,155,t,843952,1687,0.1999
SARS-CoV2-5UTR-Amplicon-short-trimmed+3,156,c,843952,1017,0.1205
SARS-CoV2-5UTR-Amplicon-short-trimmed+3,157,c,843954,1649,0.1954
SARS-CoV2-5UTR-Amplicon-short-trimmed+3,158,g,843955,767,0.0909
SARS-CoV2-5UTR-Amplicon-short-trimmed+3,159,t,843956,6225,0.7376
SARS-CoV2-5UTR-Amplicon-short-trimmed+3,160,g,843961,2189,0.2594
SARS-CoV2-5UTR-Amplicon-short-trimmed+3,161,t,843964,825,0.0978
SARS-CoV2-5UTR-Amplicon-short-trimmed+3,162,t,843965,1246,0.1476
SARS-CoV2-5UTR-Amplicon-short-trimmed+3,163,g,843955,550,0.0652
SARS-CoV2-5UTR-Amplicon-short-trimmed+3,164,c,843951,1471,0.1743
SARS-CoV2-5UTR-Amplicon-short-trimmed+3,165,a,843954,1154,0.1367
SARS-CoV2-5UTR-Amplicon-short-trimmed+3,166,g,844050,1452,0.172
SARS-CoV2-5UTR-Amplicon-short-trimmed+3,167,c,844048,1436,0.1701
SARS-CoV2-5UTR-Amplicon-short-trimmed+3,168,c,844049,5991,0.7098
SARS-CoV2-5UTR-Amplicon-short-trimmed+3,169,g,844049,1285,0.1522
SARS-CoV2-5UTR-Amplicon-short-trimmed+3,170,a,844076,838,0.0993
SARS-CoV2-5UTR-Amplicon-short-trimmed+3,171,t,844077,898,0.1064
SARS-CoV2-5UTR-Amplicon-short-trimmed+3,172,c,844078,656,0.0777
SARS-CoV2-5UTR-Amplicon-short-trimmed+3,173,a,844078,785,0.093
SARS-CoV2-5UTR-Amplicon-short-trimmed+3,174,t,844078,687,0.0814
SARS-CoV2-5UTR-Amplicon-short-trimmed+3,175,c,844078,1047,0.124
SARS-CoV2-5UTR-Amplicon-short-trimmed+3,176,a,844078,1467,0.1738
SARS-CoV2-5UTR-Amplicon-short-trimmed+3,177,g,844078,5482,0.6495
SARS-CoV2-5UTR-Amplicon-short-trimmed+3,178,c,844080,6291,0.7453
SARS-CoV2-5UTR-Amplicon-short-trimmed+3,179,a,844080,1091,0.1293
SARS-CoV2-5UTR-Amplicon-short-trimmed+3,180,c,844080,829,0.0982
SARS-CoV2-5UTR-Amplicon-short-trimmed+3,181,a,844080,602,0.0713
SARS-CoV2-5UTR-Amplicon-short-trimmed+3,182,t,844080,646,0.0765
SARS-CoV2-5UTR-Amplicon-short-trimmed+3,183,c,844080,344,0.0408
SARS-CoV2-5UTR-Amplicon-short-trimmed+3,184,t,844080,1161,0.1375
SARS-CoV2-5UTR-Amplicon-short-trimmed+3,185,a,844080,2834,0.3358
SARS-CoV2-5UTR-Amplicon-short-trimmed+3,186,g,844080,3864,0.4578
SARS-CoV2-5UTR-Amplicon-short-trimmed+3,187,g,844080,4823,0.5714
SARS-CoV2-5UTR-Amplicon-short-trimmed+3,188,t,844081,607,0.0719
SARS-CoV2-5UTR-Amplicon-short-trimmed+3,189,t,844081,1341,0.1589
SARS-CoV2-5UTR-Amplicon-short-trimmed+3,190,t,844081,2267,0.2686
SARS-CoV2-5UTR-Amplicon-short-trimmed+3,191,c,844081,1955,0.2316
SARS-CoV2-5UTR-Amplicon-short-trimmed+3,192,g,844081,4010,0.4751
SARS-CoV2-5UTR-Amplicon-short-trimmed+3,193,t,844083,5282,0.6258
SARS-CoV2-5UTR-Amplicon-short-trimmed+3,194,c,844081,749,0.0887
SARS-CoV2-5UTR-Amplicon-short-trimmed+3,195,c,844081,1225,0.1451
SARS-CoV2-5UTR-Amplicon-short-trimmed+3,196,g,844053,3152,0.3734
SARS-CoV2-5UTR-Amplicon-short-trimmed+3,197,g,844052,2948,0.3493
SARS-CoV2-5UTR-Amplicon-short-trimmed+3,198,g,844051,6598,0.7817
SARS-CoV2-5UTR-Amplicon-short-trimmed+3,199,t,844051,1689,0.2001
SARS-CoV2-5UTR-Amplicon-short-trimmed+3,200,g,844051,2997,0.3551
SARS-CoV2-5UTR-Amplicon-short-trimmed+3,201,t,844051,1045,0.1238
SARS-CoV2-5UTR-Amplicon-short-trimmed+3,202,g,844051,2514,0.2978
SARS-CoV2-5UTR-Amplicon-short-trimmed+3,203,a,844051,1591,0.1885
SARS-CoV2-5UTR-Amplicon-short-trimmed+3,204,c,844051,590,0.0699
SARS-CoV2-5UTR-Amplicon-short-trimmed+3,205,c,844051,427,0.0506
SARS-CoV2-5UTR-Amplicon-short-trimmed+3,206,g,844051,5158,0.6111
SARS-CoV2-5UTR-Amplicon-short-trimmed+3,207,a,844046,1054,0.1249
SARS-CoV2-5UTR-Amplicon-short-trimmed+3,208,a,844046,564,0.0668
SARS-CoV2-5UTR-Amplicon-short-trimmed+3,209,a,844046,1160,0.1374
SARS-CoV2-5UTR-Amplicon-short-trimmed+3,210,g,844046,3734,0.4424
SARS-CoV2-5UTR-Amplicon-short-trimmed+3,211,g,844045,4229,0.501
SARS-CoV2-5UTR-Amplicon-short-trimmed+3,212,t,844061,665,0.0788
SARS-CoV2-5UTR-Amplicon-short-trimmed+3,213,a,844061,716,0.0848
SARS-CoV2-5UTR-Amplicon-short-trimmed+3,214,a,844061,932,0.1104
SARS-CoV2-5UTR-Amplicon-short-trimmed+3,215,g,844059,1228,0.1455
SARS-CoV2-5UTR-Amplicon-short-trimmed+3,216,a,844159,416,0.0493
SARS-CoV2-5UTR-Amplicon-short-trimmed+3,217,t,844156,935,0.1108
SARS-CoV2-5UTR-Amplicon-short-trimmed+3,218,g,844156,2909,0.3446
SARS-CoV2-5UTR-Amplicon-short-trimmed+3,219,g,844150,1536,0.182
SARS-CoV2-5UTR-Amplicon-short-trimmed+3,220,a,844147,1985,0.2351
SARS-CoV2-5UTR-Amplicon-short-trimmed+3,221,g,844147,2498,0.2959
SARS-CoV2-5UTR-Amplicon-short-trimmed+3,222,a,844049,740,0.0877
SARS-CoV2-5UTR-Amplicon-short-trimmed+3,223,g,844045,2732,0.3237
SARS-CoV2-5UTR-Amplicon-short-trimmed+3,224,c,844045,417,0.0494
SARS-CoV2-5UTR-Amplicon-short-trimmed+3,225,c,844044,419,0.0496
SARS-CoV2-5UTR-Amplicon-short-trimmed+3,226,t,844040,993,0.1176
SARS-CoV2-5UTR-Amplicon-short-trimmed+3,227,t,844038,5413,0.6413
SARS-CoV2-5UTR-Amplicon-short-trimmed+3,228,g,844028,3168,0.3753
SARS-CoV2-5UTR-Amplicon-short-trimmed+3,229,t,844022,1280,0.1517
SARS-CoV2-5UTR-Amplicon-short-trimmed+3,230,c,844022,336,0.0398
SARS-CoV2-5UTR-Amplicon-short-trimmed+3,231,c,844022,351,0.0416
SARS-CoV2-5UTR-Amplicon-short-trimmed+3,232,c,844021,523,0.062
SARS-CoV2-5UTR-Amplicon-short-trimmed+3,233,t,843803,1681,0.1992
SARS-CoV2-5UTR-Amplicon-short-trimmed+3,234,g,843789,3925,0.4652
SARS-CoV2-5UTR-Amplicon-short-trimmed+3,235,g,843788,4499,0.5332
SARS-CoV2-5UTR-Amplicon-short-trimmed+3,236,t,843784,388,0.046
SARS-CoV2-5UTR-Amplicon-short-trimmed+3,237,t,843782,594,0.0704
SARS-CoV2-5UTR-Amplicon-short-trimmed+3,238,t,843775,617,0.0731
SARS-CoV2-5UTR-Amplicon-short-trimmed+3,239,c,843752,5838,0.6919
SARS-CoV2-5UTR-Amplicon-short-trimmed+3,240,a,843729,593,0.0703
SARS-CoV2-5UTR-Amplicon-short-trimmed+3,241,a,843690,466,0.0552
SARS-CoV2-5UTR-Amplicon-short-trimmed+3,242,c,843608,587,0.0696
SARS-CoV2-5UTR-Amplicon-short-trimmed+3,243,g,843397,1543,0.183
SARS-CoV2-5UTR-Amplicon-short-trimmed+3,244,a,843246,1001,0.1187
SARS-CoV2-5UTR-Amplicon-short-trimmed+3,245,g,842379,0,0
SARS-CoV2-5UTR-Amplicon-short-trimmed+3,246,g,840366,0,0
SARS-CoV2-5UTR-Amplicon-short-trimmed+3,247,G,837531,0,0
SARS-CoV2-5UTR-Amplicon-short-trimmed+3,248,A,836830,0,0
SARS-CoV2-5UTR-Amplicon-short-trimmed+3,249,G,836377,0,0
