Region,Position,Ref_base,Depth,Mut_count,Mut_percentage
SARS-CoV2-5UTR-Amplicon-short-trimmed+3,1,T,1202143,0,0
SARS-CoV2-5UTR-Amplicon-short-trimmed+3,2,T,1203445,0,0
SARS-CoV2-5UTR-Amplicon-short-trimmed+3,3,G,1203812,0,0
SARS-CoV2-5UTR-Amplicon-short-trimmed+3,4,t,1204876,0,0
SARS-CoV2-5UTR-Amplicon-short-trimmed+3,5,a,1205174,0,0
SARS-CoV2-5UTR-Amplicon-short-trimmed+3,6,g,1205498,1100,0.0912
SARS-CoV2-5UTR-Amplicon-short-trimmed+3,7,a,1205573,236,0.0196
SARS-CoV2-5UTR-Amplicon-short-trimmed+3,8,t,1205584,385,0.0319
SARS-CoV2-5UTR-Amplicon-short-trimmed+3,9,c,1205610,677,0.0562
SARS-CoV2-5UTR-Amplicon-short-trimmed+3,10,t,1205658,438,0.0363
SARS-CoV2-5UTR-Amplicon-short-trimmed+3,11,g,1205687,4410,0.3658
SARS-CoV2-5UTR-Amplicon-short-trimmed+3,12,t,1205718,461,0.0382
SARS-CoV2-5UTR-Amplicon-short-trimmed+3,13,t,1205728,637,0.0528
SARS-CoV2-5UTR-Amplicon-short-trimmed+3,14,c,1205740,917,0.0761
SARS-CoV2-5UTR-Amplicon-short-trimmed+3,15,t,1205762,496,0.0411
SARS-CoV2-5UTR-Amplicon-short-trimmed+3,16,c,1205771,2086,0.173
SARS-CoV2-5UTR-Amplicon-short-trimmed+3,17,t,1205806,425,0.0352
SARS-CoV2-5UTR-Amplicon-short-trimmed+3,18,a,1205811,734,0.0609
SARS-CoV2-5UTR-Amplicon-short-trimmed+3,19,a,1205820,408,0.0338
SARS-CoV2-5UTR-Amplicon-short-trimmed+3,20,a,1205860,418,0.0347
SARS-CoV2-5UTR-Amplicon-short-trimmed+3,21,c,1205863,925,0.0767
SARS-CoV2-5UTR-Amplicon-short-trimmed+3,22,g,1205864,572,0.0474
SARS-CoV2-5UTR-Amplicon-short-trimmed+3,23,a,1205867,462,0.0383
SARS-CoV2-5UTR-Amplicon-short-trimmed+3,24,a,1205867,358,0.0297
SARS-CoV2-5UTR-Amplicon-short-trimmed+3,25,c,1205867,20922,1.735
SARS-CoV2-5UTR-Amplicon-short-trimmed+3,26,t,1205869,1206,0.1
SARS-CoV2-5UTR-Amplicon-short-trimmed+3,27,t,1205872,1718,0.1425
SARS-CoV2-5UTR-Amplicon-short-trimmed+3,28,t,1205880,2795,0.2318
SARS-CoV2-5UTR-Amplicon-short-trimmed+3,29,a,1205882,1209,0.1003
SARS-CoV2-5UTR-Amplicon-short-trimmed+3,30,a,1205883,491,0.0407
SARS-CoV2-5UTR-Amplicon-short-trimmed+3,31,a,1205833,442,0.0367
SARS-CoV2-5UTR-Amplicon-short-trimmed+3,32,a,1205833,409,0.0339
SARS-CoV2-5UTR-Amplicon-short-trimmed+3,33,t,1205845,2813,0.2333
SARS-CoV2-5UTR-Amplicon-short-trimmed+3,34,c,1205844,596,0.0494
SARS-CoV2-5UTR-Amplicon-short-trimmed+3,35,t,1205861,465,0.0386
SARS-CoV2-5UTR-Amplicon-short-trimmed+3,36,g,1205861,708,0.0587
SARS-CoV2-5UTR-Amplicon-short-trimmed+3,37,t,1205845,434,0.036
SARS-CoV2-5UTR-Amplicon-short-trimmed+3,38,g,1205845,382,0.0317
SARS-CoV2-5UTR-Amplicon-short-trimmed+3,39,t,1205843,339,0.0281
SARS-CoV2-5UTR-Amplicon-short-trimmed+3,40,g,1205840,671,0.0556
SARS-CoV2-5UTR-Amplicon-short-trimmed+3,41,g,1205839,964,0.0799
SARS-CoV2-5UTR-Amplicon-short-trimmed+3,42,c,1205838,667,0.0553
SARS-CoV2-5UTR-Amplicon-short-trimmed+3,43,t,1205837,1276,0.1058
SARS-CoV2-5UTR-Amplicon-short-trimmed+3,44,g,1205836,924,0.0766
SARS-CoV2-5UTR-Amplicon-short-trimmed+3,45,t,1205832,879,0.0729
SARS-CoV2-5UTR-Amplicon-short-trimmed+3,46,c,1205832,464,0.0385
SARS-CoV2-5UTR-Amplicon-short-trimmed+3,47,a,1205816,705,0.0585
SARS-CoV2-5UTR-Amplicon-short-trimmed+3,48,c,1205819,349,0.0289
SARS-CoV2-5UTR-Amplicon-short-trimmed+3,49,t,1205818,343,0.0284
SARS-CoV2-5UTR-Amplicon-short-trimmed+3,50,c,1205814,479,0.0397
SARS-CoV2-5UTR-Amplicon-short-trimmed+3,51,g,1205814,764,0.0634
SARS-CoV2-5UTR-Amplicon-short-trimmed+3,52,g,1205814,1419,0.1177
SARS-CoV2-5UTR-Amplicon-short-trimmed+3,53,c,1205813,2089,0.1732
SARS-CoV2-5UTR-Amplicon-short-trimmed+3,54,t,1205813,730,0.0605
SARS-CoV2-5UTR-Amplicon-short-trimmed+3,55,g,1205813,2205,0.1829
SARS-CoV2-5UTR-Amplicon-short-trimmed+3,56,c,1205813,1398,0.1159
SARS-CoV2-5UTR-Amplicon-short-trimmed+3,57,g,1205813,2104,0.1745
SARS-CoV2-5UTR-Amplicon-short-trimmed+3,58,t,1205813,490,0.0406
SARS-CoV2-5UTR-Amplicon-short-trimmed+3,59,g,1205813,1334,0.1106
SARS-CoV2-5UTR-Amplicon-short-trimmed+3,60,c,1205813,589,0.0488
SARS-CoV2-5UTR-Amplicon-short-trimmed+3,61,t,1205813,573,0.0475
SARS-CoV2-5UTR-Amplicon-short-trimmed+3,62,t,1205814,731,0.0606
SARS-CoV2-5UTR-Amplicon-short-trimmed+3,63,a,1205812,594,0.0493
SARS-CoV2-5UTR-Amplicon-short-trimmed+3,64,g,1205814,531,0.044
SARS-CoV2-5UTR-Amplicon-short-trimmed+3,65,t,1205813,542,0.0449
SARS-CoV2-5UTR-Amplicon-short-trimmed+3,66,g,1205813,991,0.0822
SARS-CoV2-5UTR-Amplicon-short-trimmed+3,67,c,1205813,918,0.0761
SARS-CoV2-5UTR-Amplicon-short-trimmed+3,68,a,1205814,655,0.0543
SARS-CoV2-5UTR-Amplicon-short-trimmed+3,69,c,1205814,673,0.0558
SARS-CoV2-5UTR-Amplicon-short-trimmed+3,70,t,1205814,525,0.0435
SARS-CoV2-5UTR-Amplicon-short-trimmed+3,71,c,1205814,820,0.068
SARS-CoV2-5UTR-Amplicon-short-trimmed+3,72,a,1205813,585,0.0485
SARS-CoV2-5UTR-Amplicon-short-trimmed+3,73,c,1205813,482,0.04
SARS-CoV2-5UTR-Amplicon-short-trimmed+3,74,g,1205813,721,0.0598
SARS-CoV2-5UTR-Amplicon-short-trimmed+3,75,c,1205812,1703,0.1412
SARS-CoV2-5UTR-Amplicon-short-trimmed+3,76,a,1205813,692,0.0574
SARS-CoV2-5UTR-Amplicon-short-trimmed+3,77,g,1205807,870,0.0722
SARS-CoV2-5UTR-Amplicon-short-trimmed+3,78,t,1205816,671,0.0556
SARS-CoV2-5UTR-Amplicon-short-trimmed+3,79,a,1205817,1005,0.0833
SARS-CoV2-5UTR-Amplicon-short-trimmed+3,80,t,1205830,396,0.0328
SARS-CoV2-5UTR-Amplicon-short-trimmed+3,81,a,1205827,555,0.046
SARS-CoV2-5UTR-Amplicon-short-trimmed+3,82,a,1205827,1333,0.1105
SARS-CoV2-5UTR-Amplicon-short-trimmed+3,83,t,1205826,486,0.0403
SARS-CoV2-5UTR-Amplicon-short-trimmed+3,84,t,1205837,1142,0.0947
SARS-CoV2-5UTR-Amplicon-short-trimmed+3,85,a,1205835,845,0.0701
SARS-CoV2-5UTR-Amplicon-short-trimmed+3,86,a,1205837,805,0.0668
SARS-CoV2-5UTR-Amplicon-short-trimmed+3,87,t,1205882,463,0.0384
SARS-CoV2-5UTR-Amplicon-short-trimmed+3,88,a,1205883,579,0.048
SARS-CoV2-5UTR-Amplicon-short-trimmed+3,89,a,1205894,3433,0.2847
SARS-CoV2-5UTR-Amplicon-short-trimmed+3,90,c,1205901,1244,0.1032
SARS-CoV2-5UTR-Amplicon-short-trimmed+3,91,t,1205939,708,0.0587
SARS-CoV2-5UTR-Amplicon-short-trimmed+3,92,a,1205942,552,0.0458
SARS-CoV2-5UTR-Amplicon-short-trimmed+3,93,a,1205942,584,0.0484
SARS-CoV2-5UTR-Amplicon-short-trimmed+3,94,t,1205945,546,0.0453
SARS-CoV2-5UTR-Amplicon-short-trimmed+3,95,t,1205944,835,0.0692
SARS-CoV2-5UTR-Amplicon-short-trimmed+3,96,a,1205945,601,0.0498
SARS-CoV2-5UTR-Amplicon-short-trimmed+3,97,c,1205944,733,0.0608
SARS-CoV2-5UTR-Amplicon-short-trimmed+3,98,t,1205949,548,0.0454
SARS-CoV2-5UTR-Amplicon-short-trimmed+3,99,g,1205957,896,0.0743
SARS-CoV2-5UTR-Amplicon-short-trimmed+3,100,t,1205934,629,0.0522
SARS-CoV2-5UTR-Amplicon-short-trimmed+3,101,c,1205934,582,0.0483
SARS-CoV2-5UTR-Amplicon-short-trimmed+3,102,g,1205958,717,0.0595
SARS-CoV2-5UTR-Amplicon-short-trimmed+3,103,t,1205959,542,0.0449
SARS-CoV2-5UTR-Amplicon-short-trimmed+3,104,t,1205962,983,0.0815
SARS-CoV2-5UTR-Amplicon-short-trimmed+3,105,g,1205964,607,0.0503
SARS-CoV2-5UTR-Amplicon-short-trimmed+3,106,a,1205991,565,0.0468
SARS-CoV2-5UTR-Amplicon-short-trimmed+3,107,c,1206012,725,0.0601
SARS-CoV2-5UTR-Amplicon-short-trimmed+3,108,a,1206031,744,0.0617
SARS-CoV2-5UTR-Amplicon-short-trimmed+3,109,g,1206127,594,0.0492
SARS-CoV2-5UTR-Amplicon-short-trimmed+3,110,g,1206367,1443,0.1196
SARS-CoV2-5UTR-Amplicon-short-trimmed+3,111,a,1206878,731,0.0606
SARS-CoV2-5UTR-Amplicon-short-trimmed+3,112,c,1207532,1591,0.1318
SARS-CoV2-5UTR-Amplicon-short-trimmed+3,113,a,1208841,1105,0.0914
SARS-CoV2-5UTR-Amplicon-short-trimmed+3,114,c,1212032,1000,0.0825
SARS-CoV2-5UTR-Amplicon-short-trimmed+3,115,g,1223164,605,0.0495
SARS-CoV2-5UTR-Amplicon-short-trimmed+3,116,a,1292313,821,0.0635
SARS-CoV2-5UTR-Amplicon-short-trimmed+3,117,g,1999997,892,0.0446
SARS-CoV2-5UTR-Amplicon-short-trimmed+3,118,t,1999970,2753,0.1377
SARS-CoV2-5UTR-Amplicon-short-trimmed+3,119,a,1999988,2483,0.1242
SARS-CoV2-5UTR-Amplicon-short-trimmed+3,120,a,1999999,2869,0.1435
SARS-CoV2-5UTR-Amplicon-short-trimmed+3,121,c,1999989,1841,0.0921
SARS-CoV2-5UTR-Amplicon-short-trimmed+3,122,t,1999989,2308,0.1154
SARS-CoV2-5UTR-Amplicon-short-trimmed+3,123,c,1999994,1568,0.0784
SARS-CoV2-5UTR-Amplicon-short-trimmed+3,124,g,1999925,2211,0.1106
SARS-CoV2-5UTR-Amplicon-short-trimmed+3,125,t,1999960,2696,0.1348
SARS-CoV2-5UTR-Amplicon-short-trimmed+3,126,c,1999927,1600,0.08
SARS-CoV2-5UTR-Amplicon-short-trimmed+3,127,t,1999857,987,0.0494
SARS-CoV2-5UTR-Amplicon-short-trimmed+3,128,a,1999554,1980,0.099
SARS-CoV2-5UTR-Amplicon-short-trimmed+3,129,t,1998914,3884,0.1943
SARS-CoV2-5UTR-Amplicon-short-trimmed+3,130,c,1998909,799,0.04
SARS-CoV2-5UTR-Amplicon-short-trimmed+3,131,t,1998827,1272,0.0636
SARS-CoV2-5UTR-Amplicon-short-trimmed+3,132,t,1988812,1196,0.0601
SARS-CoV2-5UTR-Amplicon-short-trimmed+3,133,c,908176,1020,0.1123
SARS-CoV2-5UTR-Amplicon-short-trimmed+3,134,t,811194,820,0.1011
SARS-CoV2-5UTR-Amplicon-short-trimmed+3,135,g,799529,581,0.0727
SARS-CoV2-5UTR-Amplicon-short-trimmed+3,136,c,796704,3053,0.3832
SARS-CoV2-5UTR-Amplicon-short-trimmed+3,137,a,796138,859,0.1079
SARS-CoV2-5UTR-Amplicon-short-trimmed+3,138,g,795556,474,0.0596
SARS-CoV2-5UTR-Amplicon-short-trimmed+3,139,g,795268,676,0.085
SARS-CoV2-5UTR-Amplicon-short-trimmed+3,140,c,795081,840,0.1056
SARS-CoV2-5UTR-Amplicon-short-trimmed+3,141,t,795010,1577,0.1984
SARS-CoV2-5UTR-Amplicon-short-trimmed+3,142,g,794953,1307,0.1644
SARS-CoV2-5UTR-Amplicon-short-trimmed+3,143,c,794922,4273,0.5375
SARS-CoV2-5UTR-Amplicon-short-trimmed+3,144,t,794835,394,0.0496
SARS-CoV2-5UTR-Amplicon-short-trimmed+3,145,t,794818,1109,0.1395
SARS-CoV2-5UTR-Amplicon-short-trimmed+3,146,a,794778,822,0.1034
SARS-CoV2-5UTR-Amplicon-short-trimmed+3,147,c,794771,727,0.0915
SARS-CoV2-5UTR-Amplicon-short-trimmed+3,148,g,794766,471,0.0593
SARS-CoV2-5UTR-Amplicon-short-trimmed+3,149,g,794760,633,0.0796
SARS-CoV2-5UTR-Amplicon-short-trimmed+3,150,t,794757,714,0.0898
SARS-CoV2-5UTR-Amplicon-short-trimmed+3,151,t,794749,679,0.0854
SARS-CoV2-5UTR-Amplicon-short-trimmed+3,152,t,794750,1665,0.2095
SARS-CoV2-5UTR-Amplicon-short-trimmed+3,153,c,794742,1800,0.2265
SARS-CoV2-5UTR-Amplicon-short-trimmed+3,154,g,794742,448,0.0564
SARS-CoV2-5UTR-Amplicon-short-trimmed+3,155,t,794743,1179,0.1483
SARS-CoV2-5UTR-Amplicon-short-trimmed+3,156,c,794745,910,0.1145
SARS-CoV2-5UTR-Amplicon-short-trimmed+3,157,c,794745,1076,0.1354
SARS-CoV2-5UTR-Amplicon-short-trimmed+3,158,g,794737,458,0.0576
SARS-CoV2-5UTR-Amplicon-short-trimmed+3,159,t,794726,4278,0.5383
SARS-CoV2-5UTR-Amplicon-short-trimmed+3,160,g,794721,570,0.0717
SARS-CoV2-5UTR-Amplicon-short-trimmed+3,161,t,794721,734,0.0924
SARS-CoV2-5UTR-Amplicon-short-trimmed+3,162,t,794716,940,0.1183
SARS-CoV2-5UTR-Amplicon-short-trimmed+3,163,g,794716,429,0.054
SARS-CoV2-5UTR-Amplicon-short-trimmed+3,164,c,794716,1105,0.139
SARS-CoV2-5UTR-Amplicon-short-trimmed+3,165,a,794715,837,0.1053
SARS-CoV2-5UTR-Amplicon-short-trimmed+3,166,g,794823,855,0.1076
SARS-CoV2-5UTR-Amplicon-short-trimmed+3,167,c,794825,1192,0.15
SARS-CoV2-5UTR-Amplicon-short-trimmed+3,168,c,794827,4714,0.5931
SARS-CoV2-5UTR-Amplicon-short-trimmed+3,169,g,794828,747,0.094
SARS-CoV2-5UTR-Amplicon-short-trimmed+3,170,a,794829,668,0.084
SARS-CoV2-5UTR-Amplicon-short-trimmed+3,171,t,794837,618,0.0778
SARS-CoV2-5UTR-Amplicon-short-trimmed+3,172,c,794839,1204,0.1515
SARS-CoV2-5UTR-Amplicon-short-trimmed+3,173,a,794839,679,0.0854
SARS-CoV2-5UTR-Amplicon-short-trimmed+3,174,t,794839,509,0.064
SARS-CoV2-5UTR-Amplicon-short-trimmed+3,175,c,794839,822,0.1034
SARS-CoV2-5UTR-Amplicon-short-trimmed+3,176,a,794839,855,0.1076
SARS-CoV2-5UTR-Amplicon-short-trimmed+3,177,g,794839,613,0.0771
SARS-CoV2-5UTR-Amplicon-short-trimmed+3,178,c,794840,4387,0.5519
SARS-CoV2-5UTR-Amplicon-short-trimmed+3,179,a,794840,725,0.0912
SARS-CoV2-5UTR-Amplicon-short-trimmed+3,180,c,794840,635,0.0799
SARS-CoV2-5UTR-Amplicon-short-trimmed+3,181,a,794840,408,0.0513
SARS-CoV2-5UTR-Amplicon-short-trimmed+3,182,t,794840,432,0.0544
SARS-CoV2-5UTR-Amplicon-short-trimmed+3,183,c,794840,355,0.0447
SARS-CoV2-5UTR-Amplicon-short-trimmed+3,184,t,794840,850,0.1069
SARS-CoV2-5UTR-Amplicon-short-trimmed+3,185,a,794831,1041,0.131
SARS-CoV2-5UTR-Amplicon-short-trimmed+3,186,g,794830,435,0.0547
SARS-CoV2-5UTR-Amplicon-short-trimmed+3,187,g,794830,585,0.0736
SARS-CoV2-5UTR-Amplicon-short-trimmed+3,188,t,794830,604,0.076
SARS-CoV2-5UTR-Amplicon-short-trimmed+3,189,t,794830,1215,0.1529
SARS-CoV2-5UTR-Amplicon-short-trimmed+3,190,t,794827,1526,0.192
SARS-CoV2-5UTR-Amplicon-short-trimmed+3,191,c,794828,1523,0.1916
SARS-CoV2-5UTR-Amplicon-short-trimmed+3,192,g,794809,296,0.0372
SARS-CoV2-5UTR-Amplicon-short-trimmed+3,193,t,794808,3638,0.4577
SARS-CoV2-5UTR-Amplicon-short-trimmed+3,194,c,794799,523,0.0658
SARS-CoV2-5UTR-Amplicon-short-trimmed+3,195,c,794798,928,0.1168
SARS-CoV2-5UTR-Amplicon-short-trimmed+3,196,g,794783,363,0.0457
SARS-CoV2-5UTR-Amplicon-short-trimmed+3,197,g,794781,423,0.0532
SARS-CoV2-5UTR-Amplicon-short-trimmed+3,198,g,794781,3145,0.3957
SARS-CoV2-5UTR-Amplicon-short-trimmed+3,199,t,794776,1023,0.1287
SARS-CoV2-5UTR-Amplicon-short-trimmed+3,200,g,794762,418,0.0526
SARS-CoV2-5UTR-Amplicon-short-trimmed+3,201,t,794762,832,0.1047
SARS-CoV2-5UTR-Amplicon-short-trimmed+3,202,g,794762,763,0.096
SARS-CoV2-5UTR-Amplicon-short-trimmed+3,203,a,794758,1282,0.1613
SARS-CoV2-5UTR-Amplicon-short-trimmed+3,204,c,794758,487,0.0613
SARS-CoV2-5UTR-Amplicon-short-trimmed+3,205,c,794764,356,0.0448
SARS-CoV2-5UTR-Amplicon-short-trimmed+3,206,g,794764,520,0.0654
SARS-CoV2-5UTR-Amplicon-short-trimmed+3,207,a,794759,488,0.0614
SARS-CoV2-5UTR-Amplicon-short-trimmed+3,208,a,794743,260,0.0327
SARS-CoV2-5UTR-Amplicon-short-trimmed+3,209,a,794742,753,0.0947
SARS-CoV2-5UTR-Amplicon-short-trimmed+3,210,g,794742,284,0.0357
SARS-CoV2-5UTR-Amplicon-short-trimmed+3,211,g,794742,988,0.1243
SARS-CoV2-5UTR-Amplicon-short-trimmed+3,212,t,794741,499,0.0628
SARS-CoV2-5UTR-Amplicon-short-trimmed+3,213,a,794741,293,0.0369
SARS-CoV2-5UTR-Amplicon-short-trimmed+3,214,a,794741,520,0.0654
SARS-CoV2-5UTR-Amplicon-short-trimmed+3,215,g,794741,274,0.0345
SARS-CoV2-5UTR-Amplicon-short-trimmed+3,216,a,794877,323,0.0406
SARS-CoV2-5UTR-Amplicon-short-trimmed+3,217,t,794876,707,0.0889
SARS-CoV2-5UTR-Amplicon-short-trimmed+3,218,g,794877,401,0.0504
SARS-CoV2-5UTR-Amplicon-short-trimmed+3,219,g,794871,645,0.0811
SARS-CoV2-5UTR-Amplicon-short-trimmed+3,220,a,794855,1508,0.1897
SARS-CoV2-5UTR-Amplicon-short-trimmed+3,221,g,794849,1195,0.1503
SARS-CoV2-5UTR-Amplicon-short-trimmed+3,222,a,794708,570,0.0717
SARS-CoV2-5UTR-Amplicon-short-trimmed+3,223,g,794706,546,0.0687
SARS-CoV2-5UTR-Amplicon-short-trimmed+3,224,c,794705,776,0.0976
SARS-CoV2-5UTR-Amplicon-short-trimmed+3,225,c,794705,472,0.0594
SARS-CoV2-5UTR-Amplicon-short-trimmed+3,226,t,794705,351,0.0442
SARS-CoV2-5UTR-Amplicon-short-trimmed+3,227,t,794697,3373,0.4244
SARS-CoV2-5UTR-Amplicon-short-trimmed+3,228,g,794696,443,0.0557
SARS-CoV2-5UTR-Amplicon-short-trimmed+3,229,t,794692,937,0.1179
SARS-CoV2-5UTR-Amplicon-short-trimmed+3,230,c,794686,392,0.0493
SARS-CoV2-5UTR-Amplicon-short-trimmed+3,231,c,794683,337,0.0424
SARS-CoV2-5UTR-Amplicon-short-trimmed+3,232,c,794683,567,0.0713
SARS-CoV2-5UTR-Amplicon-short-trimmed+3,233,t,794654,1193,0.1501
SARS-CoV2-5UTR-Amplicon-short-trimmed+3,234,g,794645,462,0.0581
SARS-CoV2-5UTR-Amplicon-short-trimmed+3,235,g,794642,530,0.0667
SARS-CoV2-5UTR-Amplicon-short-trimmed+3,236,t,794642,354,0.0445
SARS-CoV2-5UTR-Amplicon-short-trimmed+3,237,t,794633,457,0.0575
SARS-CoV2-5UTR-Amplicon-short-trimmed+3,238,t,794628,528,0.0664
SARS-CoV2-5UTR-Amplicon-short-trimmed+3,239,c,794615,5270,0.6632
SARS-CoV2-5UTR-Amplicon-short-trimmed+3,240,a,794579,455,0.0573
SARS-CoV2-5UTR-Amplicon-short-trimmed+3,241,a,794540,368,0.0463
SARS-CoV2-5UTR-Amplicon-short-trimmed+3,242,c,794455,572,0.072
SARS-CoV2-5UTR-Amplicon-short-trimmed+3,243,g,794422,339,0.0427
SARS-CoV2-5UTR-Amplicon-short-trimmed+3,244,a,794310,1018,0.1282
SARS-CoV2-5UTR-Amplicon-short-trimmed+3,245,g,793935,0,0
SARS-CoV2-5UTR-Amplicon-short-trimmed+3,246,g,793524,1,1e-04
SARS-CoV2-5UTR-Amplicon-short-trimmed+3,247,G,792677,0,0
SARS-CoV2-5UTR-Amplicon-short-trimmed+3,248,A,792022,0,0
SARS-CoV2-5UTR-Amplicon-short-trimmed+3,249,G,791817,0,0
