Region,Position,Ref_base,Depth,Mut_count,Mut_percentage
SARS-CoV2-5UTR-Amplicon-short-trimmed+3,1,T,918324,0,0
SARS-CoV2-5UTR-Amplicon-short-trimmed+3,2,T,918940,0,0
SARS-CoV2-5UTR-Amplicon-short-trimmed+3,3,G,919175,0,0
SARS-CoV2-5UTR-Amplicon-short-trimmed+3,4,t,919838,1,1e-04
SARS-CoV2-5UTR-Amplicon-short-trimmed+3,5,a,920080,0,0
SARS-CoV2-5UTR-Amplicon-short-trimmed+3,6,g,920306,582,0.0632
SARS-CoV2-5UTR-Amplicon-short-trimmed+3,7,a,920333,246,0.0267
SARS-CoV2-5UTR-Amplicon-short-trimmed+3,8,t,920347,404,0.0439
SARS-CoV2-5UTR-Amplicon-short-trimmed+3,9,c,920355,307,0.0334
SARS-CoV2-5UTR-Amplicon-short-trimmed+3,10,t,920364,281,0.0305
SARS-CoV2-5UTR-Amplicon-short-trimmed+3,11,g,920369,1927,0.2094
SARS-CoV2-5UTR-Amplicon-short-trimmed+3,12,t,920386,321,0.0349
SARS-CoV2-5UTR-Amplicon-short-trimmed+3,13,t,920389,361,0.0392
SARS-CoV2-5UTR-Amplicon-short-trimmed+3,14,c,920393,239,0.026
SARS-CoV2-5UTR-Amplicon-short-trimmed+3,15,t,920394,410,0.0445
SARS-CoV2-5UTR-Amplicon-short-trimmed+3,16,c,920401,594,0.0645
SARS-CoV2-5UTR-Amplicon-short-trimmed+3,17,t,920405,289,0.0314
SARS-CoV2-5UTR-Amplicon-short-trimmed+3,18,a,920405,411,0.0447
SARS-CoV2-5UTR-Amplicon-short-trimmed+3,19,a,920409,392,0.0426
SARS-CoV2-5UTR-Amplicon-short-trimmed+3,20,a,920451,305,0.0331
SARS-CoV2-5UTR-Amplicon-short-trimmed+3,21,c,920455,128,0.0139
SARS-CoV2-5UTR-Amplicon-short-trimmed+3,22,g,920462,378,0.0411
SARS-CoV2-5UTR-Amplicon-short-trimmed+3,23,a,920463,421,0.0457
SARS-CoV2-5UTR-Amplicon-short-trimmed+3,24,a,920463,319,0.0347
SARS-CoV2-5UTR-Amplicon-short-trimmed+3,25,c,920463,12669,1.3764
SARS-CoV2-5UTR-Amplicon-short-trimmed+3,26,t,920463,940,0.1021
SARS-CoV2-5UTR-Amplicon-short-trimmed+3,27,t,920465,801,0.087
SARS-CoV2-5UTR-Amplicon-short-trimmed+3,28,t,920477,2031,0.2206
SARS-CoV2-5UTR-Amplicon-short-trimmed+3,29,a,920477,845,0.0918
SARS-CoV2-5UTR-Amplicon-short-trimmed+3,30,a,920478,401,0.0436
SARS-CoV2-5UTR-Amplicon-short-trimmed+3,31,a,920467,424,0.0461
SARS-CoV2-5UTR-Amplicon-short-trimmed+3,32,a,920467,359,0.039
SARS-CoV2-5UTR-Amplicon-short-trimmed+3,33,t,920467,2096,0.2277
SARS-CoV2-5UTR-Amplicon-short-trimmed+3,34,c,920468,328,0.0356
SARS-CoV2-5UTR-Amplicon-short-trimmed+3,35,t,920468,314,0.0341
SARS-CoV2-5UTR-Amplicon-short-trimmed+3,36,g,920468,444,0.0482
SARS-CoV2-5UTR-Amplicon-short-trimmed+3,37,t,920466,360,0.0391
SARS-CoV2-5UTR-Amplicon-short-trimmed+3,38,g,920466,159,0.0173
SARS-CoV2-5UTR-Amplicon-short-trimmed+3,39,t,920466,254,0.0276
SARS-CoV2-5UTR-Amplicon-short-trimmed+3,40,g,920466,383,0.0416
SARS-CoV2-5UTR-Amplicon-short-trimmed+3,41,g,920467,537,0.0583
SARS-CoV2-5UTR-Amplicon-short-trimmed+3,42,c,920466,235,0.0255
SARS-CoV2-5UTR-Amplicon-short-trimmed+3,43,t,920466,739,0.0803
SARS-CoV2-5UTR-Amplicon-short-trimmed+3,44,g,920466,567,0.0616
SARS-CoV2-5UTR-Amplicon-short-trimmed+3,45,t,920466,734,0.0797
SARS-CoV2-5UTR-Amplicon-short-trimmed+3,46,c,920466,197,0.0214
SARS-CoV2-5UTR-Amplicon-short-trimmed+3,47,a,920463,483,0.0525
SARS-CoV2-5UTR-Amplicon-short-trimmed+3,48,c,920463,178,0.0193
SARS-CoV2-5UTR-Amplicon-short-trimmed+3,49,t,920463,299,0.0325
SARS-CoV2-5UTR-Amplicon-short-trimmed+3,50,c,920463,232,0.0252
SARS-CoV2-5UTR-Amplicon-short-trimmed+3,51,g,920463,436,0.0474
SARS-CoV2-5UTR-Amplicon-short-trimmed+3,52,g,920463,943,0.1024
SARS-CoV2-5UTR-Amplicon-short-trimmed+3,53,c,920464,914,0.0993
SARS-CoV2-5UTR-Amplicon-short-trimmed+3,54,t,920464,506,0.055
SARS-CoV2-5UTR-Amplicon-short-trimmed+3,55,g,920463,1016,0.1104
SARS-CoV2-5UTR-Amplicon-short-trimmed+3,56,c,920463,366,0.0398
SARS-CoV2-5UTR-Amplicon-short-trimmed+3,57,g,920463,1028,0.1117
SARS-CoV2-5UTR-Amplicon-short-trimmed+3,58,t,920463,411,0.0447
SARS-CoV2-5UTR-Amplicon-short-trimmed+3,59,g,920463,723,0.0785
SARS-CoV2-5UTR-Amplicon-short-trimmed+3,60,c,920463,407,0.0442
SARS-CoV2-5UTR-Amplicon-short-trimmed+3,61,t,920462,469,0.051
SARS-CoV2-5UTR-Amplicon-short-trimmed+3,62,t,920462,505,0.0549
SARS-CoV2-5UTR-Amplicon-short-trimmed+3,63,a,920462,478,0.0519
SARS-CoV2-5UTR-Amplicon-short-trimmed+3,64,g,920462,365,0.0397
SARS-CoV2-5UTR-Amplicon-short-trimmed+3,65,t,920462,546,0.0593
SARS-CoV2-5UTR-Amplicon-short-trimmed+3,66,g,920462,738,0.0802
SARS-CoV2-5UTR-Amplicon-short-trimmed+3,67,c,920462,604,0.0656
SARS-CoV2-5UTR-Amplicon-short-trimmed+3,68,a,920462,615,0.0668
SARS-CoV2-5UTR-Amplicon-short-trimmed+3,69,c,920462,315,0.0342
SARS-CoV2-5UTR-Amplicon-short-trimmed+3,70,t,920462,428,0.0465
SARS-CoV2-5UTR-Amplicon-short-trimmed+3,71,c,920462,457,0.0496
SARS-CoV2-5UTR-Amplicon-short-trimmed+3,72,a,920462,510,0.0554
SARS-CoV2-5UTR-Amplicon-short-trimmed+3,73,c,920462,261,0.0284
SARS-CoV2-5UTR-Amplicon-short-trimmed+3,74,g,920462,563,0.0612
SARS-CoV2-5UTR-Amplicon-short-trimmed+3,75,c,920462,1260,0.1369
SARS-CoV2-5UTR-Amplicon-short-trimmed+3,76,a,920462,761,0.0827
SARS-CoV2-5UTR-Amplicon-short-trimmed+3,77,g,920462,568,0.0617
SARS-CoV2-5UTR-Amplicon-short-trimmed+3,78,t,920461,698,0.0758
SARS-CoV2-5UTR-Amplicon-short-trimmed+3,79,a,920460,689,0.0749
SARS-CoV2-5UTR-Amplicon-short-trimmed+3,80,t,920459,241,0.0262
SARS-CoV2-5UTR-Amplicon-short-trimmed+3,81,a,920458,434,0.0472
SARS-CoV2-5UTR-Amplicon-short-trimmed+3,82,a,920458,891,0.0968
SARS-CoV2-5UTR-Amplicon-short-trimmed+3,83,t,920461,397,0.0431
SARS-CoV2-5UTR-Amplicon-short-trimmed+3,84,t,920462,954,0.1036
SARS-CoV2-5UTR-Amplicon-short-trimmed+3,85,a,920438,673,0.0731
SARS-CoV2-5UTR-Amplicon-short-trimmed+3,86,a,920438,475,0.0516
SARS-CoV2-5UTR-Amplicon-short-trimmed+3,87,t,920442,417,0.0453
SARS-CoV2-5UTR-Amplicon-short-trimmed+3,88,a,920441,549,0.0596
SARS-CoV2-5UTR-Amplicon-short-trimmed+3,89,a,920444,2665,0.2895
SARS-CoV2-5UTR-Amplicon-short-trimmed+3,90,c,920443,396,0.043
SARS-CoV2-5UTR-Amplicon-short-trimmed+3,91,t,920447,509,0.0553
SARS-CoV2-5UTR-Amplicon-short-trimmed+3,92,a,920447,414,0.045
SARS-CoV2-5UTR-Amplicon-short-trimmed+3,93,a,920455,448,0.0487
SARS-CoV2-5UTR-Amplicon-short-trimmed+3,94,t,920454,442,0.048
SARS-CoV2-5UTR-Amplicon-short-trimmed+3,95,t,920454,804,0.0873
SARS-CoV2-5UTR-Amplicon-short-trimmed+3,96,a,920454,444,0.0482
SARS-CoV2-5UTR-Amplicon-short-trimmed+3,97,c,920454,189,0.0205
SARS-CoV2-5UTR-Amplicon-short-trimmed+3,98,t,920454,449,0.0488
SARS-CoV2-5UTR-Amplicon-short-trimmed+3,99,g,920452,552,0.06
SARS-CoV2-5UTR-Amplicon-short-trimmed+3,100,t,920453,645,0.0701
SARS-CoV2-5UTR-Amplicon-short-trimmed+3,101,c,920453,245,0.0266
SARS-CoV2-5UTR-Amplicon-short-trimmed+3,102,g,920478,484,0.0526
SARS-CoV2-5UTR-Amplicon-short-trimmed+3,103,t,920479,567,0.0616
SARS-CoV2-5UTR-Amplicon-short-trimmed+3,104,t,920482,848,0.0921
SARS-CoV2-5UTR-Amplicon-short-trimmed+3,105,g,920485,415,0.0451
SARS-CoV2-5UTR-Amplicon-short-trimmed+3,106,a,920500,634,0.0689
SARS-CoV2-5UTR-Amplicon-short-trimmed+3,107,c,920511,518,0.0563
SARS-CoV2-5UTR-Amplicon-short-trimmed+3,108,a,920532,737,0.0801
SARS-CoV2-5UTR-Amplicon-short-trimmed+3,109,g,920613,416,0.0452
SARS-CoV2-5UTR-Amplicon-short-trimmed+3,110,g,920769,938,0.1019
SARS-CoV2-5UTR-Amplicon-short-trimmed+3,111,a,921194,637,0.0691
SARS-CoV2-5UTR-Amplicon-short-trimmed+3,112,c,921696,409,0.0444
SARS-CoV2-5UTR-Amplicon-short-trimmed+3,113,a,922656,1398,0.1515
SARS-CoV2-5UTR-Amplicon-short-trimmed+3,114,c,925081,576,0.0623
SARS-CoV2-5UTR-Amplicon-short-trimmed+3,115,g,933179,400,0.0429
SARS-CoV2-5UTR-Amplicon-short-trimmed+3,116,a,983712,786,0.0799
SARS-CoV2-5UTR-Amplicon-short-trimmed+3,117,g,1831968,907,0.0495
SARS-CoV2-5UTR-Amplicon-short-trimmed+3,118,t,1836614,2730,0.1486
SARS-CoV2-5UTR-Amplicon-short-trimmed+3,119,a,1836650,3794,0.2066
SARS-CoV2-5UTR-Amplicon-short-trimmed+3,120,a,1836792,2388,0.13
SARS-CoV2-5UTR-Amplicon-short-trimmed+3,121,c,1839228,1841,0.1001
SARS-CoV2-5UTR-Amplicon-short-trimmed+3,122,t,1840172,2958,0.1607
SARS-CoV2-5UTR-Amplicon-short-trimmed+3,123,c,1840872,1881,0.1022
SARS-CoV2-5UTR-Amplicon-short-trimmed+3,124,g,1841287,1552,0.0843
SARS-CoV2-5UTR-Amplicon-short-trimmed+3,125,t,1841624,3479,0.1889
SARS-CoV2-5UTR-Amplicon-short-trimmed+3,126,c,1841667,1690,0.0918
SARS-CoV2-5UTR-Amplicon-short-trimmed+3,127,t,1841490,1065,0.0578
SARS-CoV2-5UTR-Amplicon-short-trimmed+3,128,a,1840965,3222,0.175
SARS-CoV2-5UTR-Amplicon-short-trimmed+3,129,t,1840016,5973,0.3246
SARS-CoV2-5UTR-Amplicon-short-trimmed+3,130,c,1840024,834,0.0453
SARS-CoV2-5UTR-Amplicon-short-trimmed+3,131,t,1839964,1639,0.0891
SARS-CoV2-5UTR-Amplicon-short-trimmed+3,132,t,1832376,1671,0.0912
SARS-CoV2-5UTR-Amplicon-short-trimmed+3,133,c,1006269,1287,0.1279
SARS-CoV2-5UTR-Amplicon-short-trimmed+3,134,t,933717,1372,0.1469
SARS-CoV2-5UTR-Amplicon-short-trimmed+3,135,g,925423,800,0.0864
SARS-CoV2-5UTR-Amplicon-short-trimmed+3,136,c,923418,3654,0.3957
SARS-CoV2-5UTR-Amplicon-short-trimmed+3,137,a,922988,1353,0.1466
SARS-CoV2-5UTR-Amplicon-short-trimmed+3,138,g,922504,729,0.079
SARS-CoV2-5UTR-Amplicon-short-trimmed+3,139,g,922236,927,0.1005
SARS-CoV2-5UTR-Amplicon-short-trimmed+3,140,c,922058,1097,0.119
SARS-CoV2-5UTR-Amplicon-short-trimmed+3,141,t,921985,2358,0.2558
SARS-CoV2-5UTR-Amplicon-short-trimmed+3,142,g,921943,1757,0.1906
SARS-CoV2-5UTR-Amplicon-short-trimmed+3,143,c,921921,4508,0.489
SARS-CoV2-5UTR-Amplicon-short-trimmed+3,144,t,921894,651,0.0706
SARS-CoV2-5UTR-Amplicon-short-trimmed+3,145,t,921891,1590,0.1725
SARS-CoV2-5UTR-Amplicon-short-trimmed+3,146,a,921831,3725,0.4041
SARS-CoV2-5UTR-Amplicon-short-trimmed+3,147,c,921829,990,0.1074
SARS-CoV2-5UTR-Amplicon-short-trimmed+3,148,g,921822,602,0.0653
SARS-CoV2-5UTR-Amplicon-short-trimmed+3,149,g,921814,699,0.0758
SARS-CoV2-5UTR-Amplicon-short-trimmed+3,150,t,921809,972,0.1054
SARS-CoV2-5UTR-Amplicon-short-trimmed+3,151,t,921813,929,0.1008
SARS-CoV2-5UTR-Amplicon-short-trimmed+3,152,t,921813,2566,0.2784
SARS-CoV2-5UTR-Amplicon-short-trimmed+3,153,c,921814,1415,0.1535
SARS-CoV2-5UTR-Amplicon-short-trimmed+3,154,g,921814,477,0.0517
SARS-CoV2-5UTR-Amplicon-short-trimmed+3,155,t,921815,1920,0.2083
SARS-CoV2-5UTR-Amplicon-short-trimmed+3,156,c,921817,1220,0.1323
SARS-CoV2-5UTR-Amplicon-short-trimmed+3,157,c,921817,1519,0.1648
SARS-CoV2-5UTR-Amplicon-short-trimmed+3,158,g,921818,639,0.0693
SARS-CoV2-5UTR-Amplicon-short-trimmed+3,159,t,921818,6986,0.7579
SARS-CoV2-5UTR-Amplicon-short-trimmed+3,160,g,921819,473,0.0513
SARS-CoV2-5UTR-Amplicon-short-trimmed+3,161,t,921820,928,0.1007
SARS-CoV2-5UTR-Amplicon-short-trimmed+3,162,t,921820,3408,0.3697
SARS-CoV2-5UTR-Amplicon-short-trimmed+3,163,g,921822,567,0.0615
SARS-CoV2-5UTR-Amplicon-short-trimmed+3,164,c,921824,1455,0.1578
SARS-CoV2-5UTR-Amplicon-short-trimmed+3,165,a,921834,1210,0.1313
SARS-CoV2-5UTR-Amplicon-short-trimmed+3,166,g,921929,1157,0.1255
SARS-CoV2-5UTR-Amplicon-short-trimmed+3,167,c,921931,1568,0.1701
SARS-CoV2-5UTR-Amplicon-short-trimmed+3,168,c,921932,4970,0.5391
SARS-CoV2-5UTR-Amplicon-short-trimmed+3,169,g,921933,943,0.1023
SARS-CoV2-5UTR-Amplicon-short-trimmed+3,170,a,921937,973,0.1055
SARS-CoV2-5UTR-Amplicon-short-trimmed+3,171,t,921939,991,0.1075
SARS-CoV2-5UTR-Amplicon-short-trimmed+3,172,c,921942,806,0.0874
SARS-CoV2-5UTR-Amplicon-short-trimmed+3,173,a,921942,881,0.0956
SARS-CoV2-5UTR-Amplicon-short-trimmed+3,174,t,921943,789,0.0856
SARS-CoV2-5UTR-Amplicon-short-trimmed+3,175,c,921943,971,0.1053
SARS-CoV2-5UTR-Amplicon-short-trimmed+3,176,a,921943,1215,0.1318
SARS-CoV2-5UTR-Amplicon-short-trimmed+3,177,g,921943,616,0.0668
SARS-CoV2-5UTR-Amplicon-short-trimmed+3,178,c,921943,5793,0.6283
SARS-CoV2-5UTR-Amplicon-short-trimmed+3,179,a,921943,1173,0.1272
SARS-CoV2-5UTR-Amplicon-short-trimmed+3,180,c,921943,880,0.0955
SARS-CoV2-5UTR-Amplicon-short-trimmed+3,181,a,921944,768,0.0833
SARS-CoV2-5UTR-Amplicon-short-trimmed+3,182,t,921944,711,0.0771
SARS-CoV2-5UTR-Amplicon-short-trimmed+3,183,c,921944,346,0.0375
SARS-CoV2-5UTR-Amplicon-short-trimmed+3,184,t,921944,1027,0.1114
SARS-CoV2-5UTR-Amplicon-short-trimmed+3,185,a,921944,1074,0.1165
SARS-CoV2-5UTR-Amplicon-short-trimmed+3,186,g,921944,456,0.0495
SARS-CoV2-5UTR-Amplicon-short-trimmed+3,187,g,921944,592,0.0642
SARS-CoV2-5UTR-Amplicon-short-trimmed+3,188,t,921944,3517,0.3815
SARS-CoV2-5UTR-Amplicon-short-trimmed+3,189,t,921941,1367,0.1483
SARS-CoV2-5UTR-Amplicon-short-trimmed+3,190,t,921941,2058,0.2232
SARS-CoV2-5UTR-Amplicon-short-trimmed+3,191,c,921940,865,0.0938
SARS-CoV2-5UTR-Amplicon-short-trimmed+3,192,g,921937,342,0.0371
SARS-CoV2-5UTR-Amplicon-short-trimmed+3,193,t,921936,5485,0.5949
SARS-CoV2-5UTR-Amplicon-short-trimmed+3,194,c,921936,677,0.0734
SARS-CoV2-5UTR-Amplicon-short-trimmed+3,195,c,921936,1098,0.1191
SARS-CoV2-5UTR-Amplicon-short-trimmed+3,196,g,921932,395,0.0428
SARS-CoV2-5UTR-Amplicon-short-trimmed+3,197,g,921932,534,0.0579
SARS-CoV2-5UTR-Amplicon-short-trimmed+3,198,g,921926,3986,0.4324
SARS-CoV2-5UTR-Amplicon-short-trimmed+3,199,t,921925,1360,0.1475
SARS-CoV2-5UTR-Amplicon-short-trimmed+3,200,g,921924,1457,0.158
SARS-CoV2-5UTR-Amplicon-short-trimmed+3,201,t,921924,3067,0.3327
SARS-CoV2-5UTR-Amplicon-short-trimmed+3,202,g,921921,841,0.0912
SARS-CoV2-5UTR-Amplicon-short-trimmed+3,203,a,921921,1790,0.1942
SARS-CoV2-5UTR-Amplicon-short-trimmed+3,204,c,921921,636,0.069
SARS-CoV2-5UTR-Amplicon-short-trimmed+3,205,c,921921,358,0.0388
SARS-CoV2-5UTR-Amplicon-short-trimmed+3,206,g,921921,542,0.0588
SARS-CoV2-5UTR-Amplicon-short-trimmed+3,207,a,921921,671,0.0728
SARS-CoV2-5UTR-Amplicon-short-trimmed+3,208,a,921921,414,0.0449
SARS-CoV2-5UTR-Amplicon-short-trimmed+3,209,a,921921,911,0.0988
SARS-CoV2-5UTR-Amplicon-short-trimmed+3,210,g,921921,336,0.0364
SARS-CoV2-5UTR-Amplicon-short-trimmed+3,211,g,921921,1315,0.1426
SARS-CoV2-5UTR-Amplicon-short-trimmed+3,212,t,921921,793,0.086
SARS-CoV2-5UTR-Amplicon-short-trimmed+3,213,a,921921,538,0.0584
SARS-CoV2-5UTR-Amplicon-short-trimmed+3,214,a,921921,656,0.0712
SARS-CoV2-5UTR-Amplicon-short-trimmed+3,215,g,921923,372,0.0404
SARS-CoV2-5UTR-Amplicon-short-trimmed+3,216,a,922032,476,0.0516
SARS-CoV2-5UTR-Amplicon-short-trimmed+3,217,t,922031,856,0.0928
SARS-CoV2-5UTR-Amplicon-short-trimmed+3,218,g,922031,396,0.0429
SARS-CoV2-5UTR-Amplicon-short-trimmed+3,219,g,922027,639,0.0693
SARS-CoV2-5UTR-Amplicon-short-trimmed+3,220,a,922025,1543,0.1673
SARS-CoV2-5UTR-Amplicon-short-trimmed+3,221,g,922025,1298,0.1408
SARS-CoV2-5UTR-Amplicon-short-trimmed+3,222,a,921917,677,0.0734
SARS-CoV2-5UTR-Amplicon-short-trimmed+3,223,g,921917,726,0.0787
SARS-CoV2-5UTR-Amplicon-short-trimmed+3,224,c,921916,472,0.0512
SARS-CoV2-5UTR-Amplicon-short-trimmed+3,225,c,921916,374,0.0406
SARS-CoV2-5UTR-Amplicon-short-trimmed+3,226,t,921916,536,0.0581
SARS-CoV2-5UTR-Amplicon-short-trimmed+3,227,t,921916,3879,0.4208
SARS-CoV2-5UTR-Amplicon-short-trimmed+3,228,g,921915,395,0.0428
SARS-CoV2-5UTR-Amplicon-short-trimmed+3,229,t,921915,1336,0.1449
SARS-CoV2-5UTR-Amplicon-short-trimmed+3,230,c,921915,2282,0.2475
SARS-CoV2-5UTR-Amplicon-short-trimmed+3,231,c,921914,359,0.0389
SARS-CoV2-5UTR-Amplicon-short-trimmed+3,232,c,921914,500,0.0542
SARS-CoV2-5UTR-Amplicon-short-trimmed+3,233,t,921910,1425,0.1546
SARS-CoV2-5UTR-Amplicon-short-trimmed+3,234,g,921909,481,0.0522
SARS-CoV2-5UTR-Amplicon-short-trimmed+3,235,g,921909,411,0.0446
SARS-CoV2-5UTR-Amplicon-short-trimmed+3,236,t,921909,404,0.0438
SARS-CoV2-5UTR-Amplicon-short-trimmed+3,237,t,921906,687,0.0745
SARS-CoV2-5UTR-Amplicon-short-trimmed+3,238,t,921905,689,0.0747
SARS-CoV2-5UTR-Amplicon-short-trimmed+3,239,c,921898,6585,0.7143
SARS-CoV2-5UTR-Amplicon-short-trimmed+3,240,a,921855,751,0.0815
SARS-CoV2-5UTR-Amplicon-short-trimmed+3,241,a,921834,493,0.0535
SARS-CoV2-5UTR-Amplicon-short-trimmed+3,242,c,921814,547,0.0593
SARS-CoV2-5UTR-Amplicon-short-trimmed+3,243,g,921781,335,0.0363
SARS-CoV2-5UTR-Amplicon-short-trimmed+3,244,a,921685,1094,0.1187
SARS-CoV2-5UTR-Amplicon-short-trimmed+3,245,g,921187,0,0
SARS-CoV2-5UTR-Amplicon-short-trimmed+3,246,g,920811,0,0
SARS-CoV2-5UTR-Amplicon-short-trimmed+3,247,G,920025,0,0
SARS-CoV2-5UTR-Amplicon-short-trimmed+3,248,A,919354,0,0
SARS-CoV2-5UTR-Amplicon-short-trimmed+3,249,G,919181,0,0
