Region,Position,Ref_base,Depth,Mut_count,Mut_percentage
SARS-CoV2-5UTR-Amplicon-short-trimmed+3,1,T,655095,0,0
SARS-CoV2-5UTR-Amplicon-short-trimmed+3,2,T,655727,0,0
SARS-CoV2-5UTR-Amplicon-short-trimmed+3,3,G,656189,0,0
SARS-CoV2-5UTR-Amplicon-short-trimmed+3,4,t,657610,0,0
SARS-CoV2-5UTR-Amplicon-short-trimmed+3,5,a,657916,0,0
SARS-CoV2-5UTR-Amplicon-short-trimmed+3,6,g,658342,928,0.141
SARS-CoV2-5UTR-Amplicon-short-trimmed+3,7,a,658447,482,0.0732
SARS-CoV2-5UTR-Amplicon-short-trimmed+3,8,t,658453,678,0.103
SARS-CoV2-5UTR-Amplicon-short-trimmed+3,9,c,658466,2197,0.3337
SARS-CoV2-5UTR-Amplicon-short-trimmed+3,10,t,659280,569,0.0863
SARS-CoV2-5UTR-Amplicon-short-trimmed+3,11,g,659286,2860,0.4338
SARS-CoV2-5UTR-Amplicon-short-trimmed+3,12,t,659302,738,0.1119
SARS-CoV2-5UTR-Amplicon-short-trimmed+3,13,t,659310,819,0.1242
SARS-CoV2-5UTR-Amplicon-short-trimmed+3,14,c,659319,3471,0.5265
SARS-CoV2-5UTR-Amplicon-short-trimmed+3,15,t,659328,587,0.089
SARS-CoV2-5UTR-Amplicon-short-trimmed+3,16,c,659338,3439,0.5216
SARS-CoV2-5UTR-Amplicon-short-trimmed+3,17,t,659343,750,0.1137
SARS-CoV2-5UTR-Amplicon-short-trimmed+3,18,a,659344,521,0.079
SARS-CoV2-5UTR-Amplicon-short-trimmed+3,19,a,659345,371,0.0563
SARS-CoV2-5UTR-Amplicon-short-trimmed+3,20,a,659363,466,0.0707
SARS-CoV2-5UTR-Amplicon-short-trimmed+3,21,c,659364,2803,0.4251
SARS-CoV2-5UTR-Amplicon-short-trimmed+3,22,g,659364,711,0.1078
SARS-CoV2-5UTR-Amplicon-short-trimmed+3,23,a,659364,566,0.0858
SARS-CoV2-5UTR-Amplicon-short-trimmed+3,24,a,659364,286,0.0434
SARS-CoV2-5UTR-Amplicon-short-trimmed+3,25,c,659364,6928,1.0507
SARS-CoV2-5UTR-Amplicon-short-trimmed+3,26,t,659364,1019,0.1545
SARS-CoV2-5UTR-Amplicon-short-trimmed+3,27,t,659365,842,0.1277
SARS-CoV2-5UTR-Amplicon-short-trimmed+3,28,t,659372,2011,0.305
SARS-CoV2-5UTR-Amplicon-short-trimmed+3,29,a,659372,832,0.1262
SARS-CoV2-5UTR-Amplicon-short-trimmed+3,30,a,659374,378,0.0573
SARS-CoV2-5UTR-Amplicon-short-trimmed+3,31,a,659336,436,0.0661
SARS-CoV2-5UTR-Amplicon-short-trimmed+3,32,a,659336,515,0.0781
SARS-CoV2-5UTR-Amplicon-short-trimmed+3,33,t,659336,3083,0.4676
SARS-CoV2-5UTR-Amplicon-short-trimmed+3,34,c,659337,3158,0.479
SARS-CoV2-5UTR-Amplicon-short-trimmed+3,35,t,659337,931,0.1412
SARS-CoV2-5UTR-Amplicon-short-trimmed+3,36,g,659337,2425,0.3678
SARS-CoV2-5UTR-Amplicon-short-trimmed+3,37,t,659332,627,0.0951
SARS-CoV2-5UTR-Amplicon-short-trimmed+3,38,g,659329,1389,0.2107
SARS-CoV2-5UTR-Amplicon-short-trimmed+3,39,t,659329,681,0.1033
SARS-CoV2-5UTR-Amplicon-short-trimmed+3,40,g,659329,1358,0.206
SARS-CoV2-5UTR-Amplicon-short-trimmed+3,41,g,659329,1010,0.1532
SARS-CoV2-5UTR-Amplicon-short-trimmed+3,42,c,659329,3436,0.5211
SARS-CoV2-5UTR-Amplicon-short-trimmed+3,43,t,659329,883,0.1339
SARS-CoV2-5UTR-Amplicon-short-trimmed+3,44,g,659329,1294,0.1963
SARS-CoV2-5UTR-Amplicon-short-trimmed+3,45,t,659329,1271,0.1928
SARS-CoV2-5UTR-Amplicon-short-trimmed+3,46,c,659329,2651,0.4021
SARS-CoV2-5UTR-Amplicon-short-trimmed+3,47,a,659324,881,0.1336
SARS-CoV2-5UTR-Amplicon-short-trimmed+3,48,c,659324,2991,0.4536
SARS-CoV2-5UTR-Amplicon-short-trimmed+3,49,t,659327,615,0.0933
SARS-CoV2-5UTR-Amplicon-short-trimmed+3,50,c,659327,4185,0.6347
SARS-CoV2-5UTR-Amplicon-short-trimmed+3,51,g,659327,1679,0.2547
SARS-CoV2-5UTR-Amplicon-short-trimmed+3,52,g,659327,1380,0.2093
SARS-CoV2-5UTR-Amplicon-short-trimmed+3,53,c,659327,2860,0.4338
SARS-CoV2-5UTR-Amplicon-short-trimmed+3,54,t,659327,1048,0.1589
SARS-CoV2-5UTR-Amplicon-short-trimmed+3,55,g,659327,1524,0.2311
SARS-CoV2-5UTR-Amplicon-short-trimmed+3,56,c,659327,3169,0.4806
SARS-CoV2-5UTR-Amplicon-short-trimmed+3,57,g,659327,1279,0.194
SARS-CoV2-5UTR-Amplicon-short-trimmed+3,58,t,659327,624,0.0946
SARS-CoV2-5UTR-Amplicon-short-trimmed+3,59,g,659317,1125,0.1706
SARS-CoV2-5UTR-Amplicon-short-trimmed+3,60,c,659317,2964,0.4496
SARS-CoV2-5UTR-Amplicon-short-trimmed+3,61,t,659317,1145,0.1737
SARS-CoV2-5UTR-Amplicon-short-trimmed+3,62,t,659317,1065,0.1615
SARS-CoV2-5UTR-Amplicon-short-trimmed+3,63,a,659315,1241,0.1882
SARS-CoV2-5UTR-Amplicon-short-trimmed+3,64,g,659314,1298,0.1969
SARS-CoV2-5UTR-Amplicon-short-trimmed+3,65,t,659314,928,0.1408
SARS-CoV2-5UTR-Amplicon-short-trimmed+3,66,g,659314,1450,0.2199
SARS-CoV2-5UTR-Amplicon-short-trimmed+3,67,c,659314,1984,0.3009
SARS-CoV2-5UTR-Amplicon-short-trimmed+3,68,a,659314,922,0.1398
SARS-CoV2-5UTR-Amplicon-short-trimmed+3,69,c,659315,2950,0.4474
SARS-CoV2-5UTR-Amplicon-short-trimmed+3,70,t,659315,760,0.1153
SARS-CoV2-5UTR-Amplicon-short-trimmed+3,71,c,659319,665,0.1009
SARS-CoV2-5UTR-Amplicon-short-trimmed+3,72,a,659319,830,0.1259
SARS-CoV2-5UTR-Amplicon-short-trimmed+3,73,c,659297,2851,0.4324
SARS-CoV2-5UTR-Amplicon-short-trimmed+3,74,g,659297,974,0.1477
SARS-CoV2-5UTR-Amplicon-short-trimmed+3,75,c,659296,3058,0.4638
SARS-CoV2-5UTR-Amplicon-short-trimmed+3,76,a,659296,798,0.121
SARS-CoV2-5UTR-Amplicon-short-trimmed+3,77,g,659276,1033,0.1567
SARS-CoV2-5UTR-Amplicon-short-trimmed+3,78,t,659276,546,0.0828
SARS-CoV2-5UTR-Amplicon-short-trimmed+3,79,a,659273,801,0.1215
SARS-CoV2-5UTR-Amplicon-short-trimmed+3,80,t,659285,561,0.0851
SARS-CoV2-5UTR-Amplicon-short-trimmed+3,81,a,659289,457,0.0693
SARS-CoV2-5UTR-Amplicon-short-trimmed+3,82,a,659289,1205,0.1828
SARS-CoV2-5UTR-Amplicon-short-trimmed+3,83,t,659288,669,0.1015
SARS-CoV2-5UTR-Amplicon-short-trimmed+3,84,t,659291,923,0.14
SARS-CoV2-5UTR-Amplicon-short-trimmed+3,85,a,659291,632,0.0959
SARS-CoV2-5UTR-Amplicon-short-trimmed+3,86,a,659276,658,0.0998
SARS-CoV2-5UTR-Amplicon-short-trimmed+3,87,t,659300,431,0.0654
SARS-CoV2-5UTR-Amplicon-short-trimmed+3,88,a,659301,491,0.0745
SARS-CoV2-5UTR-Amplicon-short-trimmed+3,89,a,659364,2185,0.3314
SARS-CoV2-5UTR-Amplicon-short-trimmed+3,90,c,659372,2783,0.4221
SARS-CoV2-5UTR-Amplicon-short-trimmed+3,91,t,659399,683,0.1036
SARS-CoV2-5UTR-Amplicon-short-trimmed+3,92,a,659397,574,0.087
SARS-CoV2-5UTR-Amplicon-short-trimmed+3,93,a,659397,746,0.1131
SARS-CoV2-5UTR-Amplicon-short-trimmed+3,94,t,659397,588,0.0892
SARS-CoV2-5UTR-Amplicon-short-trimmed+3,95,t,659397,708,0.1074
SARS-CoV2-5UTR-Amplicon-short-trimmed+3,96,a,659399,576,0.0874
SARS-CoV2-5UTR-Amplicon-short-trimmed+3,97,c,659399,2861,0.4339
SARS-CoV2-5UTR-Amplicon-short-trimmed+3,98,t,659402,727,0.1103
SARS-CoV2-5UTR-Amplicon-short-trimmed+3,99,g,659390,1237,0.1876
SARS-CoV2-5UTR-Amplicon-short-trimmed+3,100,t,659371,1214,0.1841
SARS-CoV2-5UTR-Amplicon-short-trimmed+3,101,c,659371,3555,0.5392
SARS-CoV2-5UTR-Amplicon-short-trimmed+3,102,g,659376,2031,0.308
SARS-CoV2-5UTR-Amplicon-short-trimmed+3,103,t,659381,720,0.1092
SARS-CoV2-5UTR-Amplicon-short-trimmed+3,104,t,659385,972,0.1474
SARS-CoV2-5UTR-Amplicon-short-trimmed+3,105,g,659388,651,0.0987
SARS-CoV2-5UTR-Amplicon-short-trimmed+3,106,a,659413,688,0.1043
SARS-CoV2-5UTR-Amplicon-short-trimmed+3,107,c,659446,2527,0.3832
SARS-CoV2-5UTR-Amplicon-short-trimmed+3,108,a,659472,753,0.1142
SARS-CoV2-5UTR-Amplicon-short-trimmed+3,109,g,659542,1254,0.1901
SARS-CoV2-5UTR-Amplicon-short-trimmed+3,110,g,659679,952,0.1443
SARS-CoV2-5UTR-Amplicon-short-trimmed+3,111,a,659964,629,0.0953
SARS-CoV2-5UTR-Amplicon-short-trimmed+3,112,c,660385,2876,0.4355
SARS-CoV2-5UTR-Amplicon-short-trimmed+3,113,a,661331,971,0.1468
SARS-CoV2-5UTR-Amplicon-short-trimmed+3,114,c,663862,3146,0.4739
SARS-CoV2-5UTR-Amplicon-short-trimmed+3,115,g,674097,812,0.1205
SARS-CoV2-5UTR-Amplicon-short-trimmed+3,116,a,714395,1223,0.1712
SARS-CoV2-5UTR-Amplicon-short-trimmed+3,117,g,1311367,2407,0.1835
SARS-CoV2-5UTR-Amplicon-short-trimmed+3,118,t,1314544,2184,0.1661
SARS-CoV2-5UTR-Amplicon-short-trimmed+3,119,a,1314611,2866,0.218
SARS-CoV2-5UTR-Amplicon-short-trimmed+3,120,a,1314756,2257,0.1717
SARS-CoV2-5UTR-Amplicon-short-trimmed+3,121,c,1316380,6319,0.48
SARS-CoV2-5UTR-Amplicon-short-trimmed+3,122,t,1317098,2845,0.216
SARS-CoV2-5UTR-Amplicon-short-trimmed+3,123,c,1317570,7704,0.5847
SARS-CoV2-5UTR-Amplicon-short-trimmed+3,124,g,1317842,3213,0.2438
SARS-CoV2-5UTR-Amplicon-short-trimmed+3,125,t,1318230,3860,0.2928
SARS-CoV2-5UTR-Amplicon-short-trimmed+3,126,c,1318261,7820,0.5932
SARS-CoV2-5UTR-Amplicon-short-trimmed+3,127,t,1318238,1076,0.0816
SARS-CoV2-5UTR-Amplicon-short-trimmed+3,128,a,1317901,3119,0.2367
SARS-CoV2-5UTR-Amplicon-short-trimmed+3,129,t,1317469,5939,0.4508
SARS-CoV2-5UTR-Amplicon-short-trimmed+3,130,c,1317090,7520,0.571
SARS-CoV2-5UTR-Amplicon-short-trimmed+3,131,t,1317098,1883,0.143
SARS-CoV2-5UTR-Amplicon-short-trimmed+3,132,t,1312122,2637,0.201
SARS-CoV2-5UTR-Amplicon-short-trimmed+3,133,c,727979,4905,0.6738
SARS-CoV2-5UTR-Amplicon-short-trimmed+3,134,t,672082,1503,0.2236
SARS-CoV2-5UTR-Amplicon-short-trimmed+3,135,g,663321,1573,0.2371
SARS-CoV2-5UTR-Amplicon-short-trimmed+3,136,c,661281,5599,0.8467
SARS-CoV2-5UTR-Amplicon-short-trimmed+3,137,a,660924,1342,0.203
SARS-CoV2-5UTR-Amplicon-short-trimmed+3,138,g,660556,1129,0.1709
SARS-CoV2-5UTR-Amplicon-short-trimmed+3,139,g,660371,1203,0.1822
SARS-CoV2-5UTR-Amplicon-short-trimmed+3,140,c,660200,2076,0.3145
SARS-CoV2-5UTR-Amplicon-short-trimmed+3,141,t,660131,2450,0.3711
SARS-CoV2-5UTR-Amplicon-short-trimmed+3,142,g,660096,1613,0.2444
SARS-CoV2-5UTR-Amplicon-short-trimmed+3,143,c,660063,4184,0.6339
SARS-CoV2-5UTR-Amplicon-short-trimmed+3,144,t,659982,711,0.1077
SARS-CoV2-5UTR-Amplicon-short-trimmed+3,145,t,659961,1583,0.2399
SARS-CoV2-5UTR-Amplicon-short-trimmed+3,146,a,659932,2828,0.4285
SARS-CoV2-5UTR-Amplicon-short-trimmed+3,147,c,659930,2259,0.3423
SARS-CoV2-5UTR-Amplicon-short-trimmed+3,148,g,659926,1146,0.1737
SARS-CoV2-5UTR-Amplicon-short-trimmed+3,149,g,659931,1581,0.2396
SARS-CoV2-5UTR-Amplicon-short-trimmed+3,150,t,659934,1301,0.1971
SARS-CoV2-5UTR-Amplicon-short-trimmed+3,151,t,659939,1275,0.1932
SARS-CoV2-5UTR-Amplicon-short-trimmed+3,152,t,659930,2818,0.427
SARS-CoV2-5UTR-Amplicon-short-trimmed+3,153,c,659932,5022,0.761
SARS-CoV2-5UTR-Amplicon-short-trimmed+3,154,g,659926,1249,0.1893
SARS-CoV2-5UTR-Amplicon-short-trimmed+3,155,t,659913,1827,0.2769
SARS-CoV2-5UTR-Amplicon-short-trimmed+3,156,c,659916,2111,0.3199
SARS-CoV2-5UTR-Amplicon-short-trimmed+3,157,c,659913,2750,0.4167
SARS-CoV2-5UTR-Amplicon-short-trimmed+3,158,g,659787,1213,0.1838
SARS-CoV2-5UTR-Amplicon-short-trimmed+3,159,t,659775,6116,0.927
SARS-CoV2-5UTR-Amplicon-short-trimmed+3,160,g,659778,1256,0.1904
SARS-CoV2-5UTR-Amplicon-short-trimmed+3,161,t,659779,1147,0.1738
SARS-CoV2-5UTR-Amplicon-short-trimmed+3,162,t,659776,2674,0.4053
SARS-CoV2-5UTR-Amplicon-short-trimmed+3,163,g,659777,648,0.0982
SARS-CoV2-5UTR-Amplicon-short-trimmed+3,164,c,659778,2034,0.3083
SARS-CoV2-5UTR-Amplicon-short-trimmed+3,165,a,659781,1004,0.1522
SARS-CoV2-5UTR-Amplicon-short-trimmed+3,166,g,659841,1275,0.1932
SARS-CoV2-5UTR-Amplicon-short-trimmed+3,167,c,659843,1980,0.3001
SARS-CoV2-5UTR-Amplicon-short-trimmed+3,168,c,659845,6030,0.9139
SARS-CoV2-5UTR-Amplicon-short-trimmed+3,169,g,659845,1262,0.1913
SARS-CoV2-5UTR-Amplicon-short-trimmed+3,170,a,659845,994,0.1506
SARS-CoV2-5UTR-Amplicon-short-trimmed+3,171,t,659869,1054,0.1597
SARS-CoV2-5UTR-Amplicon-short-trimmed+3,172,c,659869,3424,0.5189
SARS-CoV2-5UTR-Amplicon-short-trimmed+3,173,a,659900,909,0.1377
SARS-CoV2-5UTR-Amplicon-short-trimmed+3,174,t,659901,1035,0.1568
SARS-CoV2-5UTR-Amplicon-short-trimmed+3,175,c,659903,3651,0.5533
SARS-CoV2-5UTR-Amplicon-short-trimmed+3,176,a,659904,1171,0.1775
SARS-CoV2-5UTR-Amplicon-short-trimmed+3,177,g,659904,1079,0.1635
SARS-CoV2-5UTR-Amplicon-short-trimmed+3,178,c,659904,7217,1.0936
SARS-CoV2-5UTR-Amplicon-short-trimmed+3,179,a,659901,1382,0.2094
SARS-CoV2-5UTR-Amplicon-short-trimmed+3,180,c,659902,2884,0.437
SARS-CoV2-5UTR-Amplicon-short-trimmed+3,181,a,659903,810,0.1227
SARS-CoV2-5UTR-Amplicon-short-trimmed+3,182,t,659903,2312,0.3504
SARS-CoV2-5UTR-Amplicon-short-trimmed+3,183,c,659901,3313,0.502
SARS-CoV2-5UTR-Amplicon-short-trimmed+3,184,t,659904,1234,0.187
SARS-CoV2-5UTR-Amplicon-short-trimmed+3,185,a,659895,1534,0.2325
SARS-CoV2-5UTR-Amplicon-short-trimmed+3,186,g,659892,1421,0.2153
SARS-CoV2-5UTR-Amplicon-short-trimmed+3,187,g,659892,1652,0.2503
SARS-CoV2-5UTR-Amplicon-short-trimmed+3,188,t,659892,3059,0.4636
SARS-CoV2-5UTR-Amplicon-short-trimmed+3,189,t,659892,1670,0.2531
SARS-CoV2-5UTR-Amplicon-short-trimmed+3,190,t,659892,2283,0.346
SARS-CoV2-5UTR-Amplicon-short-trimmed+3,191,c,659891,4471,0.6775
SARS-CoV2-5UTR-Amplicon-short-trimmed+3,192,g,659891,1407,0.2132
SARS-CoV2-5UTR-Amplicon-short-trimmed+3,193,t,659892,5067,0.7679
SARS-CoV2-5UTR-Amplicon-short-trimmed+3,194,c,659892,3369,0.5105
SARS-CoV2-5UTR-Amplicon-short-trimmed+3,195,c,659892,4168,0.6316
SARS-CoV2-5UTR-Amplicon-short-trimmed+3,196,g,659860,1699,0.2575
SARS-CoV2-5UTR-Amplicon-short-trimmed+3,197,g,659859,1636,0.2479
SARS-CoV2-5UTR-Amplicon-short-trimmed+3,198,g,659858,3882,0.5883
SARS-CoV2-5UTR-Amplicon-short-trimmed+3,199,t,659858,2168,0.3286
SARS-CoV2-5UTR-Amplicon-short-trimmed+3,200,g,659858,2014,0.3052
SARS-CoV2-5UTR-Amplicon-short-trimmed+3,201,t,659857,2673,0.4051
SARS-CoV2-5UTR-Amplicon-short-trimmed+3,202,g,659857,1197,0.1814
SARS-CoV2-5UTR-Amplicon-short-trimmed+3,203,a,659857,1483,0.2247
SARS-CoV2-5UTR-Amplicon-short-trimmed+3,204,c,659857,2754,0.4174
SARS-CoV2-5UTR-Amplicon-short-trimmed+3,205,c,659857,2932,0.4443
SARS-CoV2-5UTR-Amplicon-short-trimmed+3,206,g,659857,1535,0.2326
SARS-CoV2-5UTR-Amplicon-short-trimmed+3,207,a,659849,783,0.1187
SARS-CoV2-5UTR-Amplicon-short-trimmed+3,208,a,659845,492,0.0746
SARS-CoV2-5UTR-Amplicon-short-trimmed+3,209,a,659845,953,0.1444
SARS-CoV2-5UTR-Amplicon-short-trimmed+3,210,g,659845,1090,0.1652
SARS-CoV2-5UTR-Amplicon-short-trimmed+3,211,g,659855,1572,0.2382
SARS-CoV2-5UTR-Amplicon-short-trimmed+3,212,t,659855,791,0.1199
SARS-CoV2-5UTR-Amplicon-short-trimmed+3,213,a,659847,610,0.0924
SARS-CoV2-5UTR-Amplicon-short-trimmed+3,214,a,659847,853,0.1293
SARS-CoV2-5UTR-Amplicon-short-trimmed+3,215,g,659847,802,0.1215
SARS-CoV2-5UTR-Amplicon-short-trimmed+3,216,a,659890,812,0.1231
SARS-CoV2-5UTR-Amplicon-short-trimmed+3,217,t,659889,1024,0.1552
SARS-CoV2-5UTR-Amplicon-short-trimmed+3,218,g,659891,1225,0.1856
SARS-CoV2-5UTR-Amplicon-short-trimmed+3,219,g,659888,1188,0.18
SARS-CoV2-5UTR-Amplicon-short-trimmed+3,220,a,659887,2122,0.3216
SARS-CoV2-5UTR-Amplicon-short-trimmed+3,221,g,659887,1755,0.266
SARS-CoV2-5UTR-Amplicon-short-trimmed+3,222,a,659820,815,0.1235
SARS-CoV2-5UTR-Amplicon-short-trimmed+3,223,g,659820,1155,0.175
SARS-CoV2-5UTR-Amplicon-short-trimmed+3,224,c,659820,2907,0.4406
SARS-CoV2-5UTR-Amplicon-short-trimmed+3,225,c,659820,3389,0.5136
SARS-CoV2-5UTR-Amplicon-short-trimmed+3,226,t,659817,755,0.1144
SARS-CoV2-5UTR-Amplicon-short-trimmed+3,227,t,659816,4149,0.6288
SARS-CoV2-5UTR-Amplicon-short-trimmed+3,228,g,659816,1232,0.1867
SARS-CoV2-5UTR-Amplicon-short-trimmed+3,229,t,659816,1652,0.2504
SARS-CoV2-5UTR-Amplicon-short-trimmed+3,230,c,659810,3693,0.5597
SARS-CoV2-5UTR-Amplicon-short-trimmed+3,231,c,659806,2693,0.4082
SARS-CoV2-5UTR-Amplicon-short-trimmed+3,232,c,659804,3045,0.4615
SARS-CoV2-5UTR-Amplicon-short-trimmed+3,233,t,659689,1600,0.2425
SARS-CoV2-5UTR-Amplicon-short-trimmed+3,234,g,659680,1642,0.2489
SARS-CoV2-5UTR-Amplicon-short-trimmed+3,235,g,659677,1842,0.2792
SARS-CoV2-5UTR-Amplicon-short-trimmed+3,236,t,659677,650,0.0985
SARS-CoV2-5UTR-Amplicon-short-trimmed+3,237,t,659672,706,0.107
SARS-CoV2-5UTR-Amplicon-short-trimmed+3,238,t,659632,1068,0.1619
SARS-CoV2-5UTR-Amplicon-short-trimmed+3,239,c,659551,7304,1.1074
SARS-CoV2-5UTR-Amplicon-short-trimmed+3,240,a,659466,635,0.0963
SARS-CoV2-5UTR-Amplicon-short-trimmed+3,241,a,659306,494,0.0749
SARS-CoV2-5UTR-Amplicon-short-trimmed+3,242,c,658635,2348,0.3565
SARS-CoV2-5UTR-Amplicon-short-trimmed+3,243,g,658564,703,0.1067
SARS-CoV2-5UTR-Amplicon-short-trimmed+3,244,a,658446,1330,0.202
SARS-CoV2-5UTR-Amplicon-short-trimmed+3,245,g,657522,0,0
SARS-CoV2-5UTR-Amplicon-short-trimmed+3,246,g,656540,0,0
SARS-CoV2-5UTR-Amplicon-short-trimmed+3,247,G,655386,0,0
SARS-CoV2-5UTR-Amplicon-short-trimmed+3,248,A,654474,0,0
SARS-CoV2-5UTR-Amplicon-short-trimmed+3,249,G,654007,0,0
