JW-JZ-3s-HC2a-HC-120_R1.trimmed.fastq.gz, 965049
JW-JZ-3s-HC2a-HC-120_R2.trimmed.fastq.gz, 965049
JW-JZ-3s-HC2a-HC-121_R1.trimmed.fastq.gz, 663201
JW-JZ-3s-HC2a-HC-121_R2.trimmed.fastq.gz, 663201
JW-JZ-3s-HC2a-HC-122_R1.trimmed.fastq.gz, 922850
JW-JZ-3s-HC2a-HC-122_R2.trimmed.fastq.gz, 922850
JW-JZ-3s-HC2a-HC-123_R1.trimmed.fastq.gz, 629688
JW-JZ-3s-HC2a-HC-123_R2.trimmed.fastq.gz, 629688
JW-JZ-3s-HC2a-HC-124_R1.trimmed.fastq.gz, 1154648
JW-JZ-3s-HC2a-HC-124_R2.trimmed.fastq.gz, 1154648
JW-JZ-3s-HC2a-HC-125_R1.trimmed.fastq.gz, 1388972
JW-JZ-3s-HC2a-HC-125_R2.trimmed.fastq.gz, 1388972
JW-JZ-3s-HC2a-HC-126_R1.trimmed.fastq.gz, 1249483
JW-JZ-3s-HC2a-HC-126_R2.trimmed.fastq.gz, 1249483
JW-JZ-3s-HC2a-HC-127_R1.trimmed.fastq.gz, 1070541
JW-JZ-3s-HC2a-HC-127_R2.trimmed.fastq.gz, 1070541
JW-JZ-3s-HC2a-HC-128_R1.trimmed.fastq.gz, 1201232
JW-JZ-3s-HC2a-HC-128_R2.trimmed.fastq.gz, 1201232
JW-JZ-3s-HC2a-HC-129_R1.trimmed.fastq.gz, 1312045
JW-JZ-3s-HC2a-HC-129_R2.trimmed.fastq.gz, 1312045
JW-JZ-3s-HC2a-HC-130_R1.trimmed.fastq.gz, 1062729
JW-JZ-3s-HC2a-HC-130_R2.trimmed.fastq.gz, 1062729
JW-JZ-3s-HC2a-HC-131_R1.trimmed.fastq.gz, 977190
JW-JZ-3s-HC2a-HC-131_R2.trimmed.fastq.gz, 977190
JW-JZ-3s-HC2a-HC-132_R1.trimmed.fastq.gz, 1228640
JW-JZ-3s-HC2a-HC-132_R2.trimmed.fastq.gz, 1228640
JW-JZ-3s-HC2a-HC-133_R1.trimmed.fastq.gz, 925197
JW-JZ-3s-HC2a-HC-133_R2.trimmed.fastq.gz, 925197
JW-JZ-3s-HC2a-HC-134_R1.trimmed.fastq.gz, 1000504
JW-JZ-3s-HC2a-HC-134_R2.trimmed.fastq.gz, 1000504
JW-JZ-3s-HC2a-HC-135_R1.trimmed.fastq.gz, 1021412
JW-JZ-3s-HC2a-HC-135_R2.trimmed.fastq.gz, 1021412
JW-JZ-3s-HC2a-HC-136_R1.trimmed.fastq.gz, 1112274
JW-JZ-3s-HC2a-HC-136_R2.trimmed.fastq.gz, 1112274
JW-JZ-3s-HC2a-HC-137_R1.trimmed.fastq.gz, 1165575
JW-JZ-3s-HC2a-HC-137_R2.trimmed.fastq.gz, 1165575
JW-JZ-3s-HC2a-HC-138_R1.trimmed.fastq.gz, 1443894
JW-JZ-3s-HC2a-HC-138_R2.trimmed.fastq.gz, 1443894
JW-JZ-3s-HC2a-HC-139_R1.trimmed.fastq.gz, 1118504
JW-JZ-3s-HC2a-HC-139_R2.trimmed.fastq.gz, 1118504
JW-JZ-3s-HC2a-HC-140_R1.trimmed.fastq.gz, 1367959
JW-JZ-3s-HC2a-HC-140_R2.trimmed.fastq.gz, 1367959
JW-JZ-3s-HC2a-HC-141_R1.trimmed.fastq.gz, 1430958
JW-JZ-3s-HC2a-HC-141_R2.trimmed.fastq.gz, 1430958
JW-JZ-3s-HC2a-HC-142_R1.trimmed.fastq.gz, 1349506
JW-JZ-3s-HC2a-HC-142_R2.trimmed.fastq.gz, 1349506
JW-JZ-3s-HC2a-HC-143_R1.trimmed.fastq.gz, 1125052
JW-JZ-3s-HC2a-HC-143_R2.trimmed.fastq.gz, 1125052
