Region,Position,Ref_base,Mut_percentage
SMN2-Exon7-Amplicon,1,A,0.3241
SMN2-Exon7-Amplicon,2,A,0.316
SMN2-Exon7-Amplicon,3,C,0.2604
SMN2-Exon7-Amplicon,4,T,1.845
SMN2-Exon7-Amplicon,5,T,1.2209
SMN2-Exon7-Amplicon,6,C,0.0442
SMN2-Exon7-Amplicon,7,C,0.0483
SMN2-Exon7-Amplicon,8,T,0.0617
SMN2-Exon7-Amplicon,9,T,0.0367
SMN2-Exon7-Amplicon,10,T,0.0306
SMN2-Exon7-Amplicon,11,A,0.0293
SMN2-Exon7-Amplicon,12,T,0.1478
SMN2-Exon7-Amplicon,13,T,0.0233
SMN2-Exon7-Amplicon,14,T,0.0389
SMN2-Exon7-Amplicon,15,T,0.0266
SMN2-Exon7-Amplicon,16,C,0.057
SMN2-Exon7-Amplicon,17,C,0.0518
SMN2-Exon7-Amplicon,18,T,0.1794
SMN2-Exon7-Amplicon,19,T,0.0343
SMN2-Exon7-Amplicon,20,A,0.068
SMN2-Exon7-Amplicon,21,C,0.033
SMN2-Exon7-Amplicon,22,A,0.0473
SMN2-Exon7-Amplicon,23,G,0.0518
SMN2-Exon7-Amplicon,24,G,0.0317
SMN2-Exon7-Amplicon,25,G,0.0544
SMN2-Exon7-Amplicon,26,T,0.1923
SMN2-Exon7-Amplicon,27,T,0.0589
SMN2-Exon7-Amplicon,28,T,0.0867
SMN2-Exon7-Amplicon,29,T,0.1036
SMN2-Exon7-Amplicon,30,A,0.5534
SMN2-Exon7-Amplicon,31,G,0.2421
SMN2-Exon7-Amplicon,32,A,0.5819
SMN2-Exon7-Amplicon,33,C,0.2835
SMN2-Exon7-Amplicon,34,A,0.2161
SMN2-Exon7-Amplicon,35,A,0.1488
SMN2-Exon7-Amplicon,36,A,0.1437
SMN2-Exon7-Amplicon,37,A,0.2465
SMN2-Exon7-Amplicon,38,T,0.6833
SMN2-Exon7-Amplicon,39,C,0.2148
SMN2-Exon7-Amplicon,40,A,0.3474
SMN2-Exon7-Amplicon,41,A,0.1624
SMN2-Exon7-Amplicon,42,A,0.2568
SMN2-Exon7-Amplicon,43,A,0.1895
SMN2-Exon7-Amplicon,44,A,0.3357
SMN2-Exon7-Amplicon,45,G,0.3267
SMN2-Exon7-Amplicon,46,A,0.2594
SMN2-Exon7-Amplicon,47,A,0.2664
SMN2-Exon7-Amplicon,48,G,0.8995
SMN2-Exon7-Amplicon,49,G,0.3317
SMN2-Exon7-Amplicon,50,A,0.3168
SMN2-Exon7-Amplicon,51,A,0.3395
SMN2-Exon7-Amplicon,52,G,0.8436
SMN2-Exon7-Amplicon,53,G,0.7026
SMN2-Exon7-Amplicon,54,T,0.6029
SMN2-Exon7-Amplicon,55,G,1.1075
SMN2-Exon7-Amplicon,56,C,0.6728
SMN2-Exon7-Amplicon,57,T,1.0537
SMN2-Exon7-Amplicon,58,C,0.2975
SMN2-Exon7-Amplicon,59,A,0.3195
SMN2-Exon7-Amplicon,60,C,0.2827
SMN2-Exon7-Amplicon,61,A,0.4224
SMN2-Exon7-Amplicon,62,T,0.8001
SMN2-Exon7-Amplicon,63,T,0.8731
SMN2-Exon7-Amplicon,64,C,0.4805
SMN2-Exon7-Amplicon,65,C,0.3473
SMN2-Exon7-Amplicon,66,T,0.732
SMN2-Exon7-Amplicon,67,T,0.43
SMN2-Exon7-Amplicon,68,A,0.2245
SMN2-Exon7-Amplicon,69,A,0.1682
SMN2-Exon7-Amplicon,70,A,0.3402
SMN2-Exon7-Amplicon,71,T,0.945
SMN2-Exon7-Amplicon,72,T,0.663
SMN2-Exon7-Amplicon,73,A,0.348
SMN2-Exon7-Amplicon,74,A,0.2244
SMN2-Exon7-Amplicon,75,G,1.243
SMN2-Exon7-Amplicon,76,G,0.5077
SMN2-Exon7-Amplicon,77,A,0.4669
SMN2-Exon7-Amplicon,78,G,0.582
SMN2-Exon7-Amplicon,79,T,0.6655
SMN2-Exon7-Amplicon,80,A,0.2755
SMN2-Exon7-Amplicon,81,A,0.2974
SMN2-Exon7-Amplicon,82,G,0.5955
SMN2-Exon7-Amplicon,83,T,1.1896
SMN2-Exon7-Amplicon,84,C,0.6161
SMN2-Exon7-Amplicon,85,T,0.5515
SMN2-Exon7-Amplicon,86,G,1.3635
SMN2-Exon7-Amplicon,87,C,1.7746
SMN2-Exon7-Amplicon,88,C,0.4842
SMN2-Exon7-Amplicon,89,A,0.3103
SMN2-Exon7-Amplicon,90,G,0.7854
SMN2-Exon7-Amplicon,91,C,0.3536
SMN2-Exon7-Amplicon,92,A,0.3212
SMN2-Exon7-Amplicon,93,T,1.1052
SMN2-Exon7-Amplicon,94,T,0.4511
SMN2-Exon7-Amplicon,95,A,0.5707
SMN2-Exon7-Amplicon,96,T,0.9519
SMN2-Exon7-Amplicon,97,G,0.3031
SMN2-Exon7-Amplicon,98,A,0.3263
SMN2-Exon7-Amplicon,99,A,0.2662
SMN2-Exon7-Amplicon,100,A,0.3644
SMN2-Exon7-Amplicon,101,G,0.7397
SMN2-Exon7-Amplicon,102,T,0.9289
SMN2-Exon7-Amplicon,103,G,0.3209
SMN2-Exon7-Amplicon,104,A,0.1585
SMN2-Exon7-Amplicon,105,A,0.3344
SMN2-Exon7-Amplicon,106,T,0.7127
SMN2-Exon7-Amplicon,107,C,0.4972
SMN2-Exon7-Amplicon,108,T,0.6853
SMN2-Exon7-Amplicon,109,T,0.3806
SMN2-Exon7-Amplicon,110,A,0.3623
SMN2-Exon7-Amplicon,111,C,0.7755
SMN2-Exon7-Amplicon,112,T,0.5649
SMN2-Exon7-Amplicon,113,T,0.74
SMN2-Exon7-Amplicon,114,T,0.9803
SMN2-Exon7-Amplicon,115,T,0.6356
SMN2-Exon7-Amplicon,116,G,0.6607
SMN2-Exon7-Amplicon,117,T,0.4892
SMN2-Exon7-Amplicon,118,A,0.2216
SMN2-Exon7-Amplicon,119,A,0.2089
SMN2-Exon7-Amplicon,120,A,0.1698
SMN2-Exon7-Amplicon,121,A,0.346
SMN2-Exon7-Amplicon,122,C,0.654
SMN2-Exon7-Amplicon,123,T,0.646
SMN2-Exon7-Amplicon,124,T,1.0344
SMN2-Exon7-Amplicon,125,T,0.387
SMN2-Exon7-Amplicon,126,A,0.4437
SMN2-Exon7-Amplicon,127,T,0.6514
SMN2-Exon7-Amplicon,128,G,1.5235
SMN2-Exon7-Amplicon,129,G,0.8678
SMN2-Exon7-Amplicon,130,T,0.9558
SMN2-Exon7-Amplicon,131,T,0.9569
SMN2-Exon7-Amplicon,132,T,0.7793
SMN2-Exon7-Amplicon,133,G,1.2864
SMN2-Exon7-Amplicon,134,T,1.1927
SMN2-Exon7-Amplicon,135,G,2.1903
SMN2-Exon7-Amplicon,136,G,1.0001
SMN2-Exon7-Amplicon,137,A,0.3331
SMN2-Exon7-Amplicon,138,A,0.2401
SMN2-Exon7-Amplicon,139,A,0.1563
SMN2-Exon7-Amplicon,140,A,0.3973
SMN2-Exon7-Amplicon,141,C,1.3216
SMN2-Exon7-Amplicon,142,A,0.1817
SMN2-Exon7-Amplicon,143,A,0.2476
SMN2-Exon7-Amplicon,144,A,0.4471
SMN2-Exon7-Amplicon,145,T,0.5744
SMN2-Exon7-Amplicon,146,G,1.1725
SMN2-Exon7-Amplicon,147,T,1.1216
SMN2-Exon7-Amplicon,148,T,0.5914
SMN2-Exon7-Amplicon,149,T,0.6925
SMN2-Exon7-Amplicon,150,T,0.7359
SMN2-Exon7-Amplicon,151,T,0.471
SMN2-Exon7-Amplicon,152,G,1.2966
SMN2-Exon7-Amplicon,153,A,0.2512
SMN2-Exon7-Amplicon,154,A,0.5597
SMN2-Exon7-Amplicon,155,C,0.9877
SMN2-Exon7-Amplicon,156,A,0.4356
SMN2-Exon7-Amplicon,157,T,0.8263
SMN2-Exon7-Amplicon,158,T,0.7376
SMN2-Exon7-Amplicon,159,T,0.3261
SMN2-Exon7-Amplicon,160,A,0.5393
SMN2-Exon7-Amplicon,161,A,0.2169
SMN2-Exon7-Amplicon,162,A,0.2266
SMN2-Exon7-Amplicon,163,A,0.2537
SMN2-Exon7-Amplicon,164,A,0.1591
SMN2-Exon7-Amplicon,165,G,1.1206
SMN2-Exon7-Amplicon,166,T,0.9667
SMN2-Exon7-Amplicon,167,T,0.8849
SMN2-Exon7-Amplicon,168,C,0.806
SMN2-Exon7-Amplicon,169,A,0.4736
SMN2-Exon7-Amplicon,170,G,0.7985
SMN2-Exon7-Amplicon,171,A,0.5957
SMN2-Exon7-Amplicon,172,T,0.7673
SMN2-Exon7-Amplicon,173,G,0.8039
SMN2-Exon7-Amplicon,174,T,1.5188
SMN2-Exon7-Amplicon,175,T,0.6166
SMN2-Exon7-Amplicon,176,A,0.4418
SMN2-Exon7-Amplicon,177,G,0.6605
SMN2-Exon7-Amplicon,178,A,0.296
SMN2-Exon7-Amplicon,179,A,0.3802
SMN2-Exon7-Amplicon,180,A,0.3071
SMN2-Exon7-Amplicon,181,G,0.9587
SMN2-Exon7-Amplicon,182,T,1.476
SMN2-Exon7-Amplicon,183,T,0.8805
SMN2-Exon7-Amplicon,184,G,0.6976
SMN2-Exon7-Amplicon,185,A,0.3773
SMN2-Exon7-Amplicon,186,A,0.4637
SMN2-Exon7-Amplicon,187,A,0.3923
SMN2-Exon7-Amplicon,188,G,1.1369
SMN2-Exon7-Amplicon,189,G,0.7585
SMN2-Exon7-Amplicon,190,T,1.1333
SMN2-Exon7-Amplicon,191,T,0.5014
SMN2-Exon7-Amplicon,192,A,0.1621
SMN2-Exon7-Amplicon,193,A,0.382
SMN2-Exon7-Amplicon,194,T,0.6594
SMN2-Exon7-Amplicon,195,G,0.9424
SMN2-Exon7-Amplicon,196,T,0.4133
SMN2-Exon7-Amplicon,197,A,0.3009
SMN2-Exon7-Amplicon,198,A,0.232
SMN2-Exon7-Amplicon,199,A,0.1914
SMN2-Exon7-Amplicon,200,A,0.5042
SMN2-Exon7-Amplicon,201,C,0.4807
SMN2-Exon7-Amplicon,202,A,0.1196
SMN2-Exon7-Amplicon,203,A,0.3167
SMN2-Exon7-Amplicon,204,T,0.7762
SMN2-Exon7-Amplicon,205,C,0.4747
SMN2-Exon7-Amplicon,206,A,0.2224
SMN2-Exon7-Amplicon,207,A,0.3579
SMN2-Exon7-Amplicon,208,T,0.4123
SMN2-Exon7-Amplicon,209,A,0.4031
SMN2-Exon7-Amplicon,210,T,0.7998
SMN2-Exon7-Amplicon,211,T,0.3967
SMN2-Exon7-Amplicon,212,A,0.2631
SMN2-Exon7-Amplicon,213,A,0.2353
SMN2-Exon7-Amplicon,214,A,0.3552
SMN2-Exon7-Amplicon,215,G,0.5917
SMN2-Exon7-Amplicon,216,A,0.1601
SMN2-Exon7-Amplicon,217,A,0.3584
SMN2-Exon7-Amplicon,218,T,0.7007
SMN2-Exon7-Amplicon,219,T,0.608
SMN2-Exon7-Amplicon,220,T,0.8408
SMN2-Exon7-Amplicon,221,T,0.6341
SMN2-Exon7-Amplicon,222,G,0.3034
SMN2-Exon7-Amplicon,223,A,0.4921
SMN2-Exon7-Amplicon,224,T,0.778
SMN2-Exon7-Amplicon,225,G,1.6424
SMN2-Exon7-Amplicon,226,C,1.2788
SMN2-Exon7-Amplicon,227,C,0.31
SMN2-Exon7-Amplicon,228,A,0.2678
SMN2-Exon7-Amplicon,229,A,0.168
SMN2-Exon7-Amplicon,230,A,0.2088
SMN2-Exon7-Amplicon,231,A,0.3418
SMN2-Exon7-Amplicon,232,C,0.6077
SMN2-Exon7-Amplicon,233,T,0.2854
SMN2-Exon7-Amplicon,234,A,0.3717
SMN2-Exon7-Amplicon,235,T,0.8595
SMN2-Exon7-Amplicon,236,T,0.4509
SMN2-Exon7-Amplicon,237,A,0.4885
SMN2-Exon7-Amplicon,238,G,0.2932
SMN2-Exon7-Amplicon,239,A,0.3536
SMN2-Exon7-Amplicon,240,T,0.3555
SMN2-Exon7-Amplicon,241,A,0.3251
SMN2-Exon7-Amplicon,242,A,0.2089
SMN2-Exon7-Amplicon,243,A,0.401
SMN2-Exon7-Amplicon,244,A,0.3309
SMN2-Exon7-Amplicon,245,G,0.719
SMN2-Exon7-Amplicon,246,G,0.3751
SMN2-Exon7-Amplicon,247,T,1.0324
SMN2-Exon7-Amplicon,248,T,0.3965
SMN2-Exon7-Amplicon,249,A,0.1493
SMN2-Exon7-Amplicon,250,A,0.2641
SMN2-Exon7-Amplicon,251,T,0.6451
SMN2-Exon7-Amplicon,252,C,0.6257
SMN2-Exon7-Amplicon,253,T,0.3596
SMN2-Exon7-Amplicon,254,A,0.3706
SMN2-Exon7-Amplicon,255,C,0.2395
SMN2-Exon7-Amplicon,256,A,0.1746
SMN2-Exon7-Amplicon,257,T,0.6712
SMN2-Exon7-Amplicon,258,C,0.5979
SMN2-Exon7-Amplicon,259,C,0.372
SMN2-Exon7-Amplicon,260,C,0.5817
SMN2-Exon7-Amplicon,261,T,0.5538
SMN2-Exon7-Amplicon,262,A,0.535
SMN2-Exon7-Amplicon,263,C,0.6694
SMN2-Exon7-Amplicon,264,T,0.585
SMN2-Exon7-Amplicon,265,A,0.376
SMN2-Exon7-Amplicon,266,G,0.3597
SMN2-Exon7-Amplicon,267,A,0.137
SMN2-Exon7-Amplicon,268,A,0.2857
SMN2-Exon7-Amplicon,269,T,0.6494
SMN2-Exon7-Amplicon,270,T,0.5779
SMN2-Exon7-Amplicon,271,C,0.3695
SMN2-Exon7-Amplicon,272,T,0.8299
SMN2-Exon7-Amplicon,273,C,0.3409
SMN2-Exon7-Amplicon,274,A,0.3065
SMN2-Exon7-Amplicon,275,T,0.6202
SMN2-Exon7-Amplicon,276,A,0.4598
SMN2-Exon7-Amplicon,277,C,0.3546
SMN2-Exon7-Amplicon,278,T,0.5345
SMN2-Exon7-Amplicon,279,T,0.515
SMN2-Exon7-Amplicon,280,A,0.1409
SMN2-Exon7-Amplicon,281,A,0.4793
SMN2-Exon7-Amplicon,282,C,0.528
SMN2-Exon7-Amplicon,283,T,0.5547
SMN2-Exon7-Amplicon,284,G,0.6093
SMN2-Exon7-Amplicon,285,G,0.5794
SMN2-Exon7-Amplicon,286,T,1.2545
SMN2-Exon7-Amplicon,287,T,0.5418
SMN2-Exon7-Amplicon,288,G,0.5808
SMN2-Exon7-Amplicon,289,G,0.5107
SMN2-Exon7-Amplicon,290,T,1.2326
SMN2-Exon7-Amplicon,291,T,0.5667
SMN2-Exon7-Amplicon,292,G,0.5407
SMN2-Exon7-Amplicon,293,T,0.7611
SMN2-Exon7-Amplicon,294,G,0.6136
SMN2-Exon7-Amplicon,295,T,0.338
SMN2-Exon7-Amplicon,296,G,0.2139
SMN2-Exon7-Amplicon,297,G,0.1053
SMN2-Exon7-Amplicon,298,A,0.1294
SMN2-Exon7-Amplicon,299,A,0.0429
SMN2-Exon7-Amplicon,300,G,0.0969
SMN2-Exon7-Amplicon,301,A,0.2524
SMN2-Exon7-Amplicon,302,A,0.0325
SMN2-Exon7-Amplicon,303,A,0.0397
SMN2-Exon7-Amplicon,304,C,0.0768
SMN2-Exon7-Amplicon,305,A,0.058
SMN2-Exon7-Amplicon,306,T,0.0574
SMN2-Exon7-Amplicon,307,A,0.047
SMN2-Exon7-Amplicon,308,C,0.1431
SMN2-Exon7-Amplicon,309,T,0.1205
SMN2-Exon7-Amplicon,310,T,0.0374
SMN2-Exon7-Amplicon,311,T,0.0289
SMN2-Exon7-Amplicon,312,C,0.0849
SMN2-Exon7-Amplicon,313,A,0.0509
SMN2-Exon7-Amplicon,314,C,0.146
SMN2-Exon7-Amplicon,315,A,0.0991
SMN2-Exon7-Amplicon,316,A,0.0374
SMN2-Exon7-Amplicon,317,T,0.0522
SMN2-Exon7-Amplicon,318,A,0.0334
SMN2-Exon7-Amplicon,319,A,0.0653
SMN2-Exon7-Amplicon,320,A,0.2833
SMN2-Exon7-Amplicon,321,G,1.5444
SMN2-Exon7-Amplicon,322,A,8.1028
SMN2-Exon7-Amplicon,323,G,1.1013
SMN2-Exon7-Amplicon,324,C,0.4619
