Region,Position,Ref_base,Mut_percentage
SMN2-Exon7-Amplicon,1,A,0.578
SMN2-Exon7-Amplicon,2,A,0.565
SMN2-Exon7-Amplicon,3,C,1.8561
SMN2-Exon7-Amplicon,4,T,1.5251
SMN2-Exon7-Amplicon,5,T,0.7143
SMN2-Exon7-Amplicon,6,C,0.0606
SMN2-Exon7-Amplicon,7,C,0.0495
SMN2-Exon7-Amplicon,8,T,0.0569
SMN2-Exon7-Amplicon,9,T,0.039
SMN2-Exon7-Amplicon,10,T,0.0211
SMN2-Exon7-Amplicon,11,A,0.0452
SMN2-Exon7-Amplicon,12,T,0.2294
SMN2-Exon7-Amplicon,13,T,0.0248
SMN2-Exon7-Amplicon,14,T,0.0366
SMN2-Exon7-Amplicon,15,T,0.0255
SMN2-Exon7-Amplicon,16,C,0.077
SMN2-Exon7-Amplicon,17,C,0.0437
SMN2-Exon7-Amplicon,18,T,0.1723
SMN2-Exon7-Amplicon,19,T,0.0379
SMN2-Exon7-Amplicon,20,A,0.0529
SMN2-Exon7-Amplicon,21,C,0.0424
SMN2-Exon7-Amplicon,22,A,0.0379
SMN2-Exon7-Amplicon,23,G,0.0666
SMN2-Exon7-Amplicon,24,G,0.0489
SMN2-Exon7-Amplicon,25,G,0.0561
SMN2-Exon7-Amplicon,26,T,0.2049
SMN2-Exon7-Amplicon,27,T,0.0378
SMN2-Exon7-Amplicon,28,T,0.047
SMN2-Exon7-Amplicon,29,T,0.0483
SMN2-Exon7-Amplicon,30,A,0.3178
SMN2-Exon7-Amplicon,31,G,0.2349
SMN2-Exon7-Amplicon,32,A,0.306
SMN2-Exon7-Amplicon,33,C,0.5369
SMN2-Exon7-Amplicon,34,A,0.1872
SMN2-Exon7-Amplicon,35,A,0.1174
SMN2-Exon7-Amplicon,36,A,0.1011
SMN2-Exon7-Amplicon,37,A,0.1487
SMN2-Exon7-Amplicon,38,T,0.2779
SMN2-Exon7-Amplicon,39,C,0.5271
SMN2-Exon7-Amplicon,40,A,0.2929
SMN2-Exon7-Amplicon,41,A,0.1063
SMN2-Exon7-Amplicon,42,A,0.1709
SMN2-Exon7-Amplicon,43,A,0.1918
SMN2-Exon7-Amplicon,44,A,0.2824
SMN2-Exon7-Amplicon,45,G,0.227
SMN2-Exon7-Amplicon,46,A,0.1532
SMN2-Exon7-Amplicon,47,A,0.1669
SMN2-Exon7-Amplicon,48,G,0.3449
SMN2-Exon7-Amplicon,49,G,0.208
SMN2-Exon7-Amplicon,50,A,0.2243
SMN2-Exon7-Amplicon,51,A,0.3019
SMN2-Exon7-Amplicon,52,G,0.3131
SMN2-Exon7-Amplicon,53,G,0.2381
SMN2-Exon7-Amplicon,54,T,0.1448
SMN2-Exon7-Amplicon,55,G,0.4272
SMN2-Exon7-Amplicon,56,C,0.7526
SMN2-Exon7-Amplicon,57,T,0.3489
SMN2-Exon7-Amplicon,58,C,0.7531
SMN2-Exon7-Amplicon,59,A,0.2602
SMN2-Exon7-Amplicon,60,C,0.5796
SMN2-Exon7-Amplicon,61,A,0.2106
SMN2-Exon7-Amplicon,62,T,0.2438
SMN2-Exon7-Amplicon,63,T,0.3201
SMN2-Exon7-Amplicon,64,C,0.5933
SMN2-Exon7-Amplicon,65,C,0.796
SMN2-Exon7-Amplicon,66,T,0.3149
SMN2-Exon7-Amplicon,67,T,0.281
SMN2-Exon7-Amplicon,68,A,0.1343
SMN2-Exon7-Amplicon,69,A,0.1219
SMN2-Exon7-Amplicon,70,A,0.148
SMN2-Exon7-Amplicon,71,T,0.3371
SMN2-Exon7-Amplicon,72,T,0.2321
SMN2-Exon7-Amplicon,73,A,0.2047
SMN2-Exon7-Amplicon,74,A,0.2099
SMN2-Exon7-Amplicon,75,G,0.4668
SMN2-Exon7-Amplicon,76,G,0.3644
SMN2-Exon7-Amplicon,77,A,0.3162
SMN2-Exon7-Amplicon,78,G,0.2992
SMN2-Exon7-Amplicon,79,T,0.2679
SMN2-Exon7-Amplicon,80,A,0.2034
SMN2-Exon7-Amplicon,81,A,0.2157
SMN2-Exon7-Amplicon,82,G,0.3252
SMN2-Exon7-Amplicon,83,T,0.3148
SMN2-Exon7-Amplicon,84,C,0.6628
SMN2-Exon7-Amplicon,85,T,0.2268
SMN2-Exon7-Amplicon,86,G,0.7123
SMN2-Exon7-Amplicon,87,C,1.3776
SMN2-Exon7-Amplicon,88,C,1.0693
SMN2-Exon7-Amplicon,89,A,0.3024
SMN2-Exon7-Amplicon,90,G,0.4333
SMN2-Exon7-Amplicon,91,C,0.7233
SMN2-Exon7-Amplicon,92,A,0.1433
SMN2-Exon7-Amplicon,93,T,0.3876
SMN2-Exon7-Amplicon,94,T,0.2658
SMN2-Exon7-Amplicon,95,A,0.258
SMN2-Exon7-Amplicon,96,T,0.254
SMN2-Exon7-Amplicon,97,G,0.2879
SMN2-Exon7-Amplicon,98,A,0.2312
SMN2-Exon7-Amplicon,99,A,0.2136
SMN2-Exon7-Amplicon,100,A,0.2507
SMN2-Exon7-Amplicon,101,G,0.3614
SMN2-Exon7-Amplicon,102,T,0.2546
SMN2-Exon7-Amplicon,103,G,0.2463
SMN2-Exon7-Amplicon,104,A,0.1394
SMN2-Exon7-Amplicon,105,A,0.1362
SMN2-Exon7-Amplicon,106,T,0.2267
SMN2-Exon7-Amplicon,107,C,0.6515
SMN2-Exon7-Amplicon,108,T,0.2313
SMN2-Exon7-Amplicon,109,T,0.1654
SMN2-Exon7-Amplicon,110,A,0.1958
SMN2-Exon7-Amplicon,111,C,0.9233
SMN2-Exon7-Amplicon,112,T,0.2294
SMN2-Exon7-Amplicon,113,T,0.3206
SMN2-Exon7-Amplicon,114,T,0.3816
SMN2-Exon7-Amplicon,115,T,0.3567
SMN2-Exon7-Amplicon,116,G,0.4301
SMN2-Exon7-Amplicon,117,T,0.2538
SMN2-Exon7-Amplicon,118,A,0.2153
SMN2-Exon7-Amplicon,119,A,0.1228
SMN2-Exon7-Amplicon,120,A,0.1378
SMN2-Exon7-Amplicon,121,A,0.1507
SMN2-Exon7-Amplicon,122,C,0.7764
SMN2-Exon7-Amplicon,123,T,0.2793
SMN2-Exon7-Amplicon,124,T,0.419
SMN2-Exon7-Amplicon,125,T,0.1766
SMN2-Exon7-Amplicon,126,A,0.2588
SMN2-Exon7-Amplicon,127,T,0.2309
SMN2-Exon7-Amplicon,128,G,1.2466
SMN2-Exon7-Amplicon,129,G,0.6816
SMN2-Exon7-Amplicon,130,T,0.2954
SMN2-Exon7-Amplicon,131,T,0.3891
SMN2-Exon7-Amplicon,132,T,0.2979
SMN2-Exon7-Amplicon,133,G,0.9404
SMN2-Exon7-Amplicon,134,T,0.3871
SMN2-Exon7-Amplicon,135,G,1.6257
SMN2-Exon7-Amplicon,136,G,1.0291
SMN2-Exon7-Amplicon,137,A,0.2635
SMN2-Exon7-Amplicon,138,A,0.1455
SMN2-Exon7-Amplicon,139,A,0.1094
SMN2-Exon7-Amplicon,140,A,0.2041
SMN2-Exon7-Amplicon,141,C,1.5361
SMN2-Exon7-Amplicon,142,A,0.1147
SMN2-Exon7-Amplicon,143,A,0.2474
SMN2-Exon7-Amplicon,144,A,0.2087
SMN2-Exon7-Amplicon,145,T,0.2002
SMN2-Exon7-Amplicon,146,G,0.9301
SMN2-Exon7-Amplicon,147,T,0.5818
SMN2-Exon7-Amplicon,148,T,0.1838
SMN2-Exon7-Amplicon,149,T,0.2074
SMN2-Exon7-Amplicon,150,T,0.2765
SMN2-Exon7-Amplicon,151,T,0.1923
SMN2-Exon7-Amplicon,152,G,1.2334
SMN2-Exon7-Amplicon,153,A,0.2116
SMN2-Exon7-Amplicon,154,A,0.3446
SMN2-Exon7-Amplicon,155,C,1.1898
SMN2-Exon7-Amplicon,156,A,0.169
SMN2-Exon7-Amplicon,157,T,0.3436
SMN2-Exon7-Amplicon,158,T,0.2709
SMN2-Exon7-Amplicon,159,T,0.1903
SMN2-Exon7-Amplicon,160,A,0.4758
SMN2-Exon7-Amplicon,161,A,0.1015
SMN2-Exon7-Amplicon,162,A,0.1611
SMN2-Exon7-Amplicon,163,A,0.1811
SMN2-Exon7-Amplicon,164,A,0.1464
SMN2-Exon7-Amplicon,165,G,0.843
SMN2-Exon7-Amplicon,166,T,0.301
SMN2-Exon7-Amplicon,167,T,0.265
SMN2-Exon7-Amplicon,168,C,1.0609
SMN2-Exon7-Amplicon,169,A,0.3557
SMN2-Exon7-Amplicon,170,G,0.6872
SMN2-Exon7-Amplicon,171,A,0.2345
SMN2-Exon7-Amplicon,172,T,0.2988
SMN2-Exon7-Amplicon,173,G,0.624
SMN2-Exon7-Amplicon,174,T,0.4622
SMN2-Exon7-Amplicon,175,T,0.3597
SMN2-Exon7-Amplicon,176,A,0.2808
SMN2-Exon7-Amplicon,177,G,0.614
SMN2-Exon7-Amplicon,178,A,0.1936
SMN2-Exon7-Amplicon,179,A,0.3211
SMN2-Exon7-Amplicon,180,A,0.2425
SMN2-Exon7-Amplicon,181,G,0.6507
SMN2-Exon7-Amplicon,182,T,0.4509
SMN2-Exon7-Amplicon,183,T,0.2693
SMN2-Exon7-Amplicon,184,G,0.5921
SMN2-Exon7-Amplicon,185,A,0.2012
SMN2-Exon7-Amplicon,186,A,0.4013
SMN2-Exon7-Amplicon,187,A,0.3106
SMN2-Exon7-Amplicon,188,G,0.6516
SMN2-Exon7-Amplicon,189,G,0.6134
SMN2-Exon7-Amplicon,190,T,0.3181
SMN2-Exon7-Amplicon,191,T,0.1697
SMN2-Exon7-Amplicon,192,A,0.1429
SMN2-Exon7-Amplicon,193,A,0.2074
SMN2-Exon7-Amplicon,194,T,0.233
SMN2-Exon7-Amplicon,195,G,0.7702
SMN2-Exon7-Amplicon,196,T,0.2272
SMN2-Exon7-Amplicon,197,A,0.2625
SMN2-Exon7-Amplicon,198,A,0.1402
SMN2-Exon7-Amplicon,199,A,0.1572
SMN2-Exon7-Amplicon,200,A,0.3068
SMN2-Exon7-Amplicon,201,C,0.6332
SMN2-Exon7-Amplicon,202,A,0.1262
SMN2-Exon7-Amplicon,203,A,0.1761
SMN2-Exon7-Amplicon,204,T,0.2226
SMN2-Exon7-Amplicon,205,C,0.7122
SMN2-Exon7-Amplicon,206,A,0.2074
SMN2-Exon7-Amplicon,207,A,0.2133
SMN2-Exon7-Amplicon,208,T,0.1788
SMN2-Exon7-Amplicon,209,A,0.2048
SMN2-Exon7-Amplicon,210,T,0.2401
SMN2-Exon7-Amplicon,211,T,0.2107
SMN2-Exon7-Amplicon,212,A,0.1696
SMN2-Exon7-Amplicon,213,A,0.1951
SMN2-Exon7-Amplicon,214,A,0.1853
SMN2-Exon7-Amplicon,215,G,0.4789
SMN2-Exon7-Amplicon,216,A,0.1781
SMN2-Exon7-Amplicon,217,A,0.1886
SMN2-Exon7-Amplicon,218,T,0.3504
SMN2-Exon7-Amplicon,219,T,0.1814
SMN2-Exon7-Amplicon,220,T,0.2134
SMN2-Exon7-Amplicon,221,T,0.1586
SMN2-Exon7-Amplicon,222,G,0.2533
SMN2-Exon7-Amplicon,223,A,0.2265
SMN2-Exon7-Amplicon,224,T,0.2859
SMN2-Exon7-Amplicon,225,G,1.021
SMN2-Exon7-Amplicon,226,C,1.2026
SMN2-Exon7-Amplicon,227,C,0.7665
SMN2-Exon7-Amplicon,228,A,0.2403
SMN2-Exon7-Amplicon,229,A,0.1103
SMN2-Exon7-Amplicon,230,A,0.1672
SMN2-Exon7-Amplicon,231,A,0.1946
SMN2-Exon7-Amplicon,232,C,0.5687
SMN2-Exon7-Amplicon,233,T,0.1548
SMN2-Exon7-Amplicon,234,A,0.1313
SMN2-Exon7-Amplicon,235,T,0.1985
SMN2-Exon7-Amplicon,236,T,0.2136
SMN2-Exon7-Amplicon,237,A,0.2756
SMN2-Exon7-Amplicon,238,G,0.2319
SMN2-Exon7-Amplicon,239,A,0.192
SMN2-Exon7-Amplicon,240,T,0.1274
SMN2-Exon7-Amplicon,241,A,0.2711
SMN2-Exon7-Amplicon,242,A,0.179
SMN2-Exon7-Amplicon,243,A,0.3534
SMN2-Exon7-Amplicon,244,A,0.3305
SMN2-Exon7-Amplicon,245,G,0.3155
SMN2-Exon7-Amplicon,246,G,0.2587
SMN2-Exon7-Amplicon,247,T,0.2992
SMN2-Exon7-Amplicon,248,T,0.1973
SMN2-Exon7-Amplicon,249,A,0.1176
SMN2-Exon7-Amplicon,250,A,0.1444
SMN2-Exon7-Amplicon,251,T,0.1816
SMN2-Exon7-Amplicon,252,C,0.5927
SMN2-Exon7-Amplicon,253,T,0.247
SMN2-Exon7-Amplicon,254,A,0.1823
SMN2-Exon7-Amplicon,255,C,0.4843
SMN2-Exon7-Amplicon,256,A,0.1379
SMN2-Exon7-Amplicon,257,T,0.1836
SMN2-Exon7-Amplicon,258,C,0.698
SMN2-Exon7-Amplicon,259,C,0.7568
SMN2-Exon7-Amplicon,260,C,0.9719
SMN2-Exon7-Amplicon,261,T,0.2823
SMN2-Exon7-Amplicon,262,A,0.249
SMN2-Exon7-Amplicon,263,C,0.6764
SMN2-Exon7-Amplicon,264,T,0.3268
SMN2-Exon7-Amplicon,265,A,0.2242
SMN2-Exon7-Amplicon,266,G,0.2948
SMN2-Exon7-Amplicon,267,A,0.1464
SMN2-Exon7-Amplicon,268,A,0.1954
SMN2-Exon7-Amplicon,269,T,0.2412
SMN2-Exon7-Amplicon,270,T,0.1837
SMN2-Exon7-Amplicon,271,C,0.5308
SMN2-Exon7-Amplicon,272,T,0.3517
SMN2-Exon7-Amplicon,273,C,0.6185
SMN2-Exon7-Amplicon,274,A,0.274
SMN2-Exon7-Amplicon,275,T,0.4826
SMN2-Exon7-Amplicon,276,A,0.2557
SMN2-Exon7-Amplicon,277,C,0.5656
SMN2-Exon7-Amplicon,278,T,0.2106
SMN2-Exon7-Amplicon,279,T,0.2132
SMN2-Exon7-Amplicon,280,A,0.1386
SMN2-Exon7-Amplicon,281,A,0.2773
SMN2-Exon7-Amplicon,282,C,0.6239
SMN2-Exon7-Amplicon,283,T,0.1674
SMN2-Exon7-Amplicon,284,G,0.2969
SMN2-Exon7-Amplicon,285,G,0.3905
SMN2-Exon7-Amplicon,286,T,0.3441
SMN2-Exon7-Amplicon,287,T,0.1518
SMN2-Exon7-Amplicon,288,G,0.2519
SMN2-Exon7-Amplicon,289,G,0.3153
SMN2-Exon7-Amplicon,290,T,0.3356
SMN2-Exon7-Amplicon,291,T,0.1747
SMN2-Exon7-Amplicon,292,G,0.3187
SMN2-Exon7-Amplicon,293,T,0.2578
SMN2-Exon7-Amplicon,294,G,0.3959
SMN2-Exon7-Amplicon,295,T,0.1433
SMN2-Exon7-Amplicon,296,G,0.1355
SMN2-Exon7-Amplicon,297,G,0.0936
SMN2-Exon7-Amplicon,298,A,0.1473
SMN2-Exon7-Amplicon,299,A,0.0399
SMN2-Exon7-Amplicon,300,G,0.1381
SMN2-Exon7-Amplicon,301,A,0.2527
SMN2-Exon7-Amplicon,302,A,0.0491
SMN2-Exon7-Amplicon,303,A,0.0478
SMN2-Exon7-Amplicon,304,C,0.0845
SMN2-Exon7-Amplicon,305,A,0.0957
SMN2-Exon7-Amplicon,306,T,0.0676
SMN2-Exon7-Amplicon,307,A,0.0703
SMN2-Exon7-Amplicon,308,C,0.1939
SMN2-Exon7-Amplicon,309,T,0.0896
SMN2-Exon7-Amplicon,310,T,0.0343
SMN2-Exon7-Amplicon,311,T,0.0232
SMN2-Exon7-Amplicon,312,C,0.102
SMN2-Exon7-Amplicon,313,A,0.0646
SMN2-Exon7-Amplicon,314,C,0.1423
SMN2-Exon7-Amplicon,315,A,0.081
SMN2-Exon7-Amplicon,316,A,0.0228
SMN2-Exon7-Amplicon,317,T,0.0477
SMN2-Exon7-Amplicon,318,A,0.0288
SMN2-Exon7-Amplicon,319,A,0.0628
SMN2-Exon7-Amplicon,320,A,0.1965
SMN2-Exon7-Amplicon,321,G,0.3623
SMN2-Exon7-Amplicon,322,A,14.6617
SMN2-Exon7-Amplicon,323,G,0
SMN2-Exon7-Amplicon,324,C,0.4695
