Region,Position,Ref_base,Mut_percentage
SMN2-Exon7-Amplicon,1,A,0.3727
SMN2-Exon7-Amplicon,2,A,1.3514
SMN2-Exon7-Amplicon,3,C,0.3151
SMN2-Exon7-Amplicon,4,T,1.6227
SMN2-Exon7-Amplicon,5,T,0.1783
SMN2-Exon7-Amplicon,6,C,0.0393
SMN2-Exon7-Amplicon,7,C,0.0395
SMN2-Exon7-Amplicon,8,T,0.0381
SMN2-Exon7-Amplicon,9,T,0.0397
SMN2-Exon7-Amplicon,10,T,0.0169
SMN2-Exon7-Amplicon,11,A,0.0356
SMN2-Exon7-Amplicon,12,T,0.1194
SMN2-Exon7-Amplicon,13,T,0.0348
SMN2-Exon7-Amplicon,14,T,0.0432
SMN2-Exon7-Amplicon,15,T,0.0342
SMN2-Exon7-Amplicon,16,C,0.04
SMN2-Exon7-Amplicon,17,C,0.0503
SMN2-Exon7-Amplicon,18,T,0.127
SMN2-Exon7-Amplicon,19,T,0.0348
SMN2-Exon7-Amplicon,20,A,0.0471
SMN2-Exon7-Amplicon,21,C,0.0303
SMN2-Exon7-Amplicon,22,A,0.0425
SMN2-Exon7-Amplicon,23,G,0.0593
SMN2-Exon7-Amplicon,24,G,0.076
SMN2-Exon7-Amplicon,25,G,0.0515
SMN2-Exon7-Amplicon,26,T,0.2126
SMN2-Exon7-Amplicon,27,T,0.0283
SMN2-Exon7-Amplicon,28,T,0.0303
SMN2-Exon7-Amplicon,29,T,0.0386
SMN2-Exon7-Amplicon,30,A,0.2544
SMN2-Exon7-Amplicon,31,G,0.199
SMN2-Exon7-Amplicon,32,A,0.2544
SMN2-Exon7-Amplicon,33,C,0.2968
SMN2-Exon7-Amplicon,34,A,0.1198
SMN2-Exon7-Amplicon,35,A,0.094
SMN2-Exon7-Amplicon,36,A,0.0734
SMN2-Exon7-Amplicon,37,A,0.1049
SMN2-Exon7-Amplicon,38,T,0.2157
SMN2-Exon7-Amplicon,39,C,0.3495
SMN2-Exon7-Amplicon,40,A,0.2877
SMN2-Exon7-Amplicon,41,A,0.1313
SMN2-Exon7-Amplicon,42,A,0.1551
SMN2-Exon7-Amplicon,43,A,0.1705
SMN2-Exon7-Amplicon,44,A,0.2806
SMN2-Exon7-Amplicon,45,G,0.2149
SMN2-Exon7-Amplicon,46,A,0.1711
SMN2-Exon7-Amplicon,47,A,0.1286
SMN2-Exon7-Amplicon,48,G,0.2958
SMN2-Exon7-Amplicon,49,G,0.2083
SMN2-Exon7-Amplicon,50,A,0.1781
SMN2-Exon7-Amplicon,51,A,0.2694
SMN2-Exon7-Amplicon,52,G,0.2778
SMN2-Exon7-Amplicon,53,G,0.2122
SMN2-Exon7-Amplicon,54,T,0.1575
SMN2-Exon7-Amplicon,55,G,0.4031
SMN2-Exon7-Amplicon,56,C,0.736
SMN2-Exon7-Amplicon,57,T,0.3239
SMN2-Exon7-Amplicon,58,C,0.6992
SMN2-Exon7-Amplicon,59,A,0.1786
SMN2-Exon7-Amplicon,60,C,0.658
SMN2-Exon7-Amplicon,61,A,0.2056
SMN2-Exon7-Amplicon,62,T,0.2441
SMN2-Exon7-Amplicon,63,T,0.2698
SMN2-Exon7-Amplicon,64,C,0.7258
SMN2-Exon7-Amplicon,65,C,0.8637
SMN2-Exon7-Amplicon,66,T,0.2851
SMN2-Exon7-Amplicon,67,T,0.2433
SMN2-Exon7-Amplicon,68,A,0.1252
SMN2-Exon7-Amplicon,69,A,0.1182
SMN2-Exon7-Amplicon,70,A,0.1515
SMN2-Exon7-Amplicon,71,T,0.3364
SMN2-Exon7-Amplicon,72,T,0.2112
SMN2-Exon7-Amplicon,73,A,0.2182
SMN2-Exon7-Amplicon,74,A,0.2317
SMN2-Exon7-Amplicon,75,G,0.5051
SMN2-Exon7-Amplicon,76,G,0.3992
SMN2-Exon7-Amplicon,77,A,0.2657
SMN2-Exon7-Amplicon,78,G,0.3228
SMN2-Exon7-Amplicon,79,T,0.2041
SMN2-Exon7-Amplicon,80,A,0.2034
SMN2-Exon7-Amplicon,81,A,0.2111
SMN2-Exon7-Amplicon,82,G,0.3061
SMN2-Exon7-Amplicon,83,T,0.2721
SMN2-Exon7-Amplicon,84,C,0.7565
SMN2-Exon7-Amplicon,85,T,0.2233
SMN2-Exon7-Amplicon,86,G,0.716
SMN2-Exon7-Amplicon,87,C,1.43
SMN2-Exon7-Amplicon,88,C,0.9597
SMN2-Exon7-Amplicon,89,A,0.306
SMN2-Exon7-Amplicon,90,G,0.3868
SMN2-Exon7-Amplicon,91,C,0.678
SMN2-Exon7-Amplicon,92,A,0.1693
SMN2-Exon7-Amplicon,93,T,0.4373
SMN2-Exon7-Amplicon,94,T,0.2494
SMN2-Exon7-Amplicon,95,A,0.4994
SMN2-Exon7-Amplicon,96,T,0.2885
SMN2-Exon7-Amplicon,97,G,0.2628
SMN2-Exon7-Amplicon,98,A,0.2769
SMN2-Exon7-Amplicon,99,A,0.2801
SMN2-Exon7-Amplicon,100,A,0.2057
SMN2-Exon7-Amplicon,101,G,0.3685
SMN2-Exon7-Amplicon,102,T,0.2909
SMN2-Exon7-Amplicon,103,G,0.2404
SMN2-Exon7-Amplicon,104,A,0.1382
SMN2-Exon7-Amplicon,105,A,0.1581
SMN2-Exon7-Amplicon,106,T,0.1934
SMN2-Exon7-Amplicon,107,C,0.7045
SMN2-Exon7-Amplicon,108,T,0.2305
SMN2-Exon7-Amplicon,109,T,0.1207
SMN2-Exon7-Amplicon,110,A,0.1924
SMN2-Exon7-Amplicon,111,C,0.9215
SMN2-Exon7-Amplicon,112,T,0.2363
SMN2-Exon7-Amplicon,113,T,0.3512
SMN2-Exon7-Amplicon,114,T,0.3481
SMN2-Exon7-Amplicon,115,T,0.3307
SMN2-Exon7-Amplicon,116,G,0.5081
SMN2-Exon7-Amplicon,117,T,0.2249
SMN2-Exon7-Amplicon,118,A,0.1742
SMN2-Exon7-Amplicon,119,A,0.1264
SMN2-Exon7-Amplicon,120,A,0.1502
SMN2-Exon7-Amplicon,121,A,0.1612
SMN2-Exon7-Amplicon,122,C,0.79
SMN2-Exon7-Amplicon,123,T,0.2792
SMN2-Exon7-Amplicon,124,T,0.492
SMN2-Exon7-Amplicon,125,T,0.2061
SMN2-Exon7-Amplicon,126,A,0.2381
SMN2-Exon7-Amplicon,127,T,0.1917
SMN2-Exon7-Amplicon,128,G,1.2028
SMN2-Exon7-Amplicon,129,G,0.648
SMN2-Exon7-Amplicon,130,T,0.2859
SMN2-Exon7-Amplicon,131,T,0.416
SMN2-Exon7-Amplicon,132,T,0.375
SMN2-Exon7-Amplicon,133,G,0.9296
SMN2-Exon7-Amplicon,134,T,0.3552
SMN2-Exon7-Amplicon,135,G,1.5568
SMN2-Exon7-Amplicon,136,G,0.9761
SMN2-Exon7-Amplicon,137,A,0.2904
SMN2-Exon7-Amplicon,138,A,0.1346
SMN2-Exon7-Amplicon,139,A,0.1255
SMN2-Exon7-Amplicon,140,A,0.1984
SMN2-Exon7-Amplicon,141,C,1.586
SMN2-Exon7-Amplicon,142,A,0.1554
SMN2-Exon7-Amplicon,143,A,0.226
SMN2-Exon7-Amplicon,144,A,0.1922
SMN2-Exon7-Amplicon,145,T,0.2068
SMN2-Exon7-Amplicon,146,G,0.9171
SMN2-Exon7-Amplicon,147,T,0.5967
SMN2-Exon7-Amplicon,148,T,0.1935
SMN2-Exon7-Amplicon,149,T,0.1948
SMN2-Exon7-Amplicon,150,T,0.2537
SMN2-Exon7-Amplicon,151,T,0.2169
SMN2-Exon7-Amplicon,152,G,1.3026
SMN2-Exon7-Amplicon,153,A,0.241
SMN2-Exon7-Amplicon,154,A,0.2914
SMN2-Exon7-Amplicon,155,C,1.2715
SMN2-Exon7-Amplicon,156,A,0.2012
SMN2-Exon7-Amplicon,157,T,0.3221
SMN2-Exon7-Amplicon,158,T,0.3026
SMN2-Exon7-Amplicon,159,T,0.2425
SMN2-Exon7-Amplicon,160,A,0.5084
SMN2-Exon7-Amplicon,161,A,0.1381
SMN2-Exon7-Amplicon,162,A,0.1622
SMN2-Exon7-Amplicon,163,A,0.1973
SMN2-Exon7-Amplicon,164,A,0.1456
SMN2-Exon7-Amplicon,165,G,0.8425
SMN2-Exon7-Amplicon,166,T,0.2828
SMN2-Exon7-Amplicon,167,T,0.237
SMN2-Exon7-Amplicon,168,C,1.2048
SMN2-Exon7-Amplicon,169,A,0.3472
SMN2-Exon7-Amplicon,170,G,0.7227
SMN2-Exon7-Amplicon,171,A,0.2175
SMN2-Exon7-Amplicon,172,T,0.3173
SMN2-Exon7-Amplicon,173,G,0.6018
SMN2-Exon7-Amplicon,174,T,0.4468
SMN2-Exon7-Amplicon,175,T,0.3499
SMN2-Exon7-Amplicon,176,A,0.266
SMN2-Exon7-Amplicon,177,G,0.595
SMN2-Exon7-Amplicon,178,A,0.2055
SMN2-Exon7-Amplicon,179,A,0.3167
SMN2-Exon7-Amplicon,180,A,0.2224
SMN2-Exon7-Amplicon,181,G,0.6611
SMN2-Exon7-Amplicon,182,T,0.4045
SMN2-Exon7-Amplicon,183,T,0.2119
SMN2-Exon7-Amplicon,184,G,0.6409
SMN2-Exon7-Amplicon,185,A,0.2827
SMN2-Exon7-Amplicon,186,A,0.4491
SMN2-Exon7-Amplicon,187,A,0.2964
SMN2-Exon7-Amplicon,188,G,0.608
SMN2-Exon7-Amplicon,189,G,0.5748
SMN2-Exon7-Amplicon,190,T,0.31
SMN2-Exon7-Amplicon,191,T,0.2027
SMN2-Exon7-Amplicon,192,A,0.1542
SMN2-Exon7-Amplicon,193,A,0.175
SMN2-Exon7-Amplicon,194,T,0.2066
SMN2-Exon7-Amplicon,195,G,0.7949
SMN2-Exon7-Amplicon,196,T,0.2175
SMN2-Exon7-Amplicon,197,A,0.2444
SMN2-Exon7-Amplicon,198,A,0.1591
SMN2-Exon7-Amplicon,199,A,0.1637
SMN2-Exon7-Amplicon,200,A,0.3051
SMN2-Exon7-Amplicon,201,C,0.6308
SMN2-Exon7-Amplicon,202,A,0.1086
SMN2-Exon7-Amplicon,203,A,0.1709
SMN2-Exon7-Amplicon,204,T,0.2202
SMN2-Exon7-Amplicon,205,C,0.6436
SMN2-Exon7-Amplicon,206,A,0.2241
SMN2-Exon7-Amplicon,207,A,0.1813
SMN2-Exon7-Amplicon,208,T,0.1581
SMN2-Exon7-Amplicon,209,A,0.1953
SMN2-Exon7-Amplicon,210,T,0.2572
SMN2-Exon7-Amplicon,211,T,0.1947
SMN2-Exon7-Amplicon,212,A,0.185
SMN2-Exon7-Amplicon,213,A,0.2417
SMN2-Exon7-Amplicon,214,A,0.2179
SMN2-Exon7-Amplicon,215,G,0.517
SMN2-Exon7-Amplicon,216,A,0.1586
SMN2-Exon7-Amplicon,217,A,0.1805
SMN2-Exon7-Amplicon,218,T,0.2895
SMN2-Exon7-Amplicon,219,T,0.1863
SMN2-Exon7-Amplicon,220,T,0.2457
SMN2-Exon7-Amplicon,221,T,0.1825
SMN2-Exon7-Amplicon,222,G,0.269
SMN2-Exon7-Amplicon,223,A,0.2393
SMN2-Exon7-Amplicon,224,T,0.2503
SMN2-Exon7-Amplicon,225,G,0.9695
SMN2-Exon7-Amplicon,226,C,1.1722
SMN2-Exon7-Amplicon,227,C,0.7812
SMN2-Exon7-Amplicon,228,A,0.2226
SMN2-Exon7-Amplicon,229,A,0.1013
SMN2-Exon7-Amplicon,230,A,0.1974
SMN2-Exon7-Amplicon,231,A,0.1639
SMN2-Exon7-Amplicon,232,C,0.6097
SMN2-Exon7-Amplicon,233,T,0.1645
SMN2-Exon7-Amplicon,234,A,0.1581
SMN2-Exon7-Amplicon,235,T,0.2336
SMN2-Exon7-Amplicon,236,T,0.2207
SMN2-Exon7-Amplicon,237,A,0.2562
SMN2-Exon7-Amplicon,238,G,0.2607
SMN2-Exon7-Amplicon,239,A,0.1329
SMN2-Exon7-Amplicon,240,T,0.1291
SMN2-Exon7-Amplicon,241,A,0.2672
SMN2-Exon7-Amplicon,242,A,0.1601
SMN2-Exon7-Amplicon,243,A,0.3137
SMN2-Exon7-Amplicon,244,A,0.377
SMN2-Exon7-Amplicon,245,G,0.3531
SMN2-Exon7-Amplicon,246,G,0.2498
SMN2-Exon7-Amplicon,247,T,0.255
SMN2-Exon7-Amplicon,248,T,0.1685
SMN2-Exon7-Amplicon,249,A,0.1175
SMN2-Exon7-Amplicon,250,A,0.1562
SMN2-Exon7-Amplicon,251,T,0.173
SMN2-Exon7-Amplicon,252,C,0.6702
SMN2-Exon7-Amplicon,253,T,0.2131
SMN2-Exon7-Amplicon,254,A,0.1614
SMN2-Exon7-Amplicon,255,C,0.4669
SMN2-Exon7-Amplicon,256,A,0.1298
SMN2-Exon7-Amplicon,257,T,0.2067
SMN2-Exon7-Amplicon,258,C,0.7176
SMN2-Exon7-Amplicon,259,C,0.8398
SMN2-Exon7-Amplicon,260,C,0.8981
SMN2-Exon7-Amplicon,261,T,0.3024
SMN2-Exon7-Amplicon,262,A,0.2294
SMN2-Exon7-Amplicon,263,C,0.6946
SMN2-Exon7-Amplicon,264,T,0.3328
SMN2-Exon7-Amplicon,265,A,0.2423
SMN2-Exon7-Amplicon,266,G,0.2998
SMN2-Exon7-Amplicon,267,A,0.1202
SMN2-Exon7-Amplicon,268,A,0.2003
SMN2-Exon7-Amplicon,269,T,0.2423
SMN2-Exon7-Amplicon,270,T,0.1654
SMN2-Exon7-Amplicon,271,C,0.645
SMN2-Exon7-Amplicon,272,T,0.3328
SMN2-Exon7-Amplicon,273,C,0.6995
SMN2-Exon7-Amplicon,274,A,0.2457
SMN2-Exon7-Amplicon,275,T,0.4732
SMN2-Exon7-Amplicon,276,A,0.2676
SMN2-Exon7-Amplicon,277,C,0.5605
SMN2-Exon7-Amplicon,278,T,0.2192
SMN2-Exon7-Amplicon,279,T,0.1927
SMN2-Exon7-Amplicon,280,A,0.1202
SMN2-Exon7-Amplicon,281,A,0.2864
SMN2-Exon7-Amplicon,282,C,0.5599
SMN2-Exon7-Amplicon,283,T,0.203
SMN2-Exon7-Amplicon,284,G,0.2878
SMN2-Exon7-Amplicon,285,G,0.3525
SMN2-Exon7-Amplicon,286,T,0.3597
SMN2-Exon7-Amplicon,287,T,0.1384
SMN2-Exon7-Amplicon,288,G,0.264
SMN2-Exon7-Amplicon,289,G,0.2524
SMN2-Exon7-Amplicon,290,T,0.3236
SMN2-Exon7-Amplicon,291,T,0.1987
SMN2-Exon7-Amplicon,292,G,0.3133
SMN2-Exon7-Amplicon,293,T,0.2389
SMN2-Exon7-Amplicon,294,G,0.3282
SMN2-Exon7-Amplicon,295,T,0.1152
SMN2-Exon7-Amplicon,296,G,0.1205
SMN2-Exon7-Amplicon,297,G,0.1276
SMN2-Exon7-Amplicon,298,A,0.1289
SMN2-Exon7-Amplicon,299,A,0.046
SMN2-Exon7-Amplicon,300,G,0.1108
SMN2-Exon7-Amplicon,301,A,0.1737
SMN2-Exon7-Amplicon,302,A,0.0279
SMN2-Exon7-Amplicon,303,A,0.0383
SMN2-Exon7-Amplicon,304,C,0.0857
SMN2-Exon7-Amplicon,305,A,0.0682
SMN2-Exon7-Amplicon,306,T,0.0585
SMN2-Exon7-Amplicon,307,A,0.0475
SMN2-Exon7-Amplicon,308,C,0.1101
SMN2-Exon7-Amplicon,309,T,0.0842
SMN2-Exon7-Amplicon,310,T,0.0222
SMN2-Exon7-Amplicon,311,T,0.0249
SMN2-Exon7-Amplicon,312,C,0.0951
SMN2-Exon7-Amplicon,313,A,0.0369
SMN2-Exon7-Amplicon,314,C,0.117
SMN2-Exon7-Amplicon,315,A,0.0794
SMN2-Exon7-Amplicon,316,A,0.0319
SMN2-Exon7-Amplicon,317,T,0.0397
SMN2-Exon7-Amplicon,318,A,0.0305
SMN2-Exon7-Amplicon,319,A,0.0716
SMN2-Exon7-Amplicon,320,A,0
SMN2-Exon7-Amplicon,321,G,1.5504
SMN2-Exon7-Amplicon,322,A,7.3922
SMN2-Exon7-Amplicon,323,G,0
SMN2-Exon7-Amplicon,324,C,0.4785
