JW-JZ-3s-HC2a-HC-122.mpileup.csv,17_live-cell_C12-mM_50C-15min_Mn,C12-50C-ctrl1,C12-50C
JW-JZ-3s-HC2a-HC-123.mpileup.csv,17_live-cell_C12-mM_50C-15min_Mn,C12-50C-ctrl2,C12-50C
JW-JZ-3s-HC2a-HC-124.mpileup.csv,18_live-cell_C30-5mM_50C-15min_Mn,C30-50C-ctrl1,C30-50C
JW-JZ-3s-HC2a-HC-125.mpileup.csv,18_live-cell_C30-5mM_50C-15min_Mn,C30-50C-ctrl2,C30-50C
JW-JZ-3s-HC2a-HC-128.mpileup.csv,20_live-cell_C12-5mM+C34-1mM_50C-15min_Mn,C12-50C-treat1,C12+C34-50C
JW-JZ-3s-HC2a-HC-129.mpileup.csv,20_live-cell_C12-5mM+C34-1mM_50C-15min_Mn,C12-50C-treat2,C12+C34-50C
JW-JZ-3s-HC2a-HC-130.mpileup.csv,21_live-cell_C30-5mM+C34-1mM_50C-15min_Mn,C30-50C-treat1,C30+C34-50C
JW-JZ-3s-HC2a-HC-131.mpileup.csv,21_live-cell_C30-5mM+C34-1mM_50C-15min_Mn,C30-50C-treat2,C30+C34-50C
JW-JZ-3s-HC2a-HC-134.mpileup.csv,23_live-cell_C12-mM_60C-15min_Mn,C12-60C-ctrl1,C12-60C
JW-JZ-3s-HC2a-HC-135.mpileup.csv,23_live-cell_C12-mM_60C-15min_Mn,C12-60C-ctrl2,C12-60C
JW-JZ-3s-HC2a-HC-136.mpileup.csv,24_live-cell_C30-5mM_60C-15min_Mn,C30-60C-ctrl1,C30-60C
JW-JZ-3s-HC2a-HC-137.mpileup.csv,24_live-cell_C30-5mM_60C-15min_Mn,C30-60C-ctrl2,C30-60C
JW-JZ-3s-HC2a-HC-140.mpileup.csv,26_live-cell_C12-5mM+C34-1mM_60C-15min_Mn,C12-60C-treat1,C12+C34-60C
JW-JZ-3s-HC2a-HC-141.mpileup.csv,26_live-cell_C12-5mM+C34-1mM_60C-15min_Mn,C12-60C-treat2,C12+C34-60C
JW-JZ-3s-HC2a-HC-142.mpileup.csv,27_live-cell_C30-5mM+C34-1mM_60C-15min_Mn,C30-60C-treat1,C30+C34-60C
JW-JZ-3s-HC2a-HC-143.mpileup.csv,27_live-cell_C30-5mM+C34-1mM_60C-15min_Mn,C30-60C-treat2,C30+C34-60C
