Region,Position,Ref_base,Position_in_arc_plot
SARS-CoV2-5UTR-Amplicon-short-trimmed+3,1,T,46
SARS-CoV2-5UTR-Amplicon-short-trimmed+3,2,T,47
SARS-CoV2-5UTR-Amplicon-short-trimmed+3,3,G,48
SARS-CoV2-5UTR-Amplicon-short-trimmed+3,4,t,49
SARS-CoV2-5UTR-Amplicon-short-trimmed+3,5,a,50
SARS-CoV2-5UTR-Amplicon-short-trimmed+3,6,g,51
SARS-CoV2-5UTR-Amplicon-short-trimmed+3,7,a,52
SARS-CoV2-5UTR-Amplicon-short-trimmed+3,8,t,53
SARS-CoV2-5UTR-Amplicon-short-trimmed+3,9,c,54
SARS-CoV2-5UTR-Amplicon-short-trimmed+3,10,t,55
SARS-CoV2-5UTR-Amplicon-short-trimmed+3,11,g,56
SARS-CoV2-5UTR-Amplicon-short-trimmed+3,12,t,57
SARS-CoV2-5UTR-Amplicon-short-trimmed+3,13,t,58
SARS-CoV2-5UTR-Amplicon-short-trimmed+3,14,c,59
SARS-CoV2-5UTR-Amplicon-short-trimmed+3,15,t,60
SARS-CoV2-5UTR-Amplicon-short-trimmed+3,16,c,61
SARS-CoV2-5UTR-Amplicon-short-trimmed+3,17,t,62
SARS-CoV2-5UTR-Amplicon-short-trimmed+3,18,a,63
SARS-CoV2-5UTR-Amplicon-short-trimmed+3,19,a,64
SARS-CoV2-5UTR-Amplicon-short-trimmed+3,20,a,65
SARS-CoV2-5UTR-Amplicon-short-trimmed+3,21,c,66
SARS-CoV2-5UTR-Amplicon-short-trimmed+3,22,g,67
SARS-CoV2-5UTR-Amplicon-short-trimmed+3,23,a,68
SARS-CoV2-5UTR-Amplicon-short-trimmed+3,24,a,69
SARS-CoV2-5UTR-Amplicon-short-trimmed+3,25,c,70
SARS-CoV2-5UTR-Amplicon-short-trimmed+3,26,t,71
SARS-CoV2-5UTR-Amplicon-short-trimmed+3,27,t,72
SARS-CoV2-5UTR-Amplicon-short-trimmed+3,28,t,73
SARS-CoV2-5UTR-Amplicon-short-trimmed+3,29,a,74
SARS-CoV2-5UTR-Amplicon-short-trimmed+3,30,a,75
SARS-CoV2-5UTR-Amplicon-short-trimmed+3,31,a,76
SARS-CoV2-5UTR-Amplicon-short-trimmed+3,32,a,77
SARS-CoV2-5UTR-Amplicon-short-trimmed+3,33,t,78
SARS-CoV2-5UTR-Amplicon-short-trimmed+3,34,c,79
SARS-CoV2-5UTR-Amplicon-short-trimmed+3,35,t,80
SARS-CoV2-5UTR-Amplicon-short-trimmed+3,36,g,81
SARS-CoV2-5UTR-Amplicon-short-trimmed+3,37,t,82
SARS-CoV2-5UTR-Amplicon-short-trimmed+3,38,g,83
SARS-CoV2-5UTR-Amplicon-short-trimmed+3,39,t,84
SARS-CoV2-5UTR-Amplicon-short-trimmed+3,40,g,85
SARS-CoV2-5UTR-Amplicon-short-trimmed+3,41,g,86
SARS-CoV2-5UTR-Amplicon-short-trimmed+3,42,c,87
SARS-CoV2-5UTR-Amplicon-short-trimmed+3,43,t,88
SARS-CoV2-5UTR-Amplicon-short-trimmed+3,44,g,89
SARS-CoV2-5UTR-Amplicon-short-trimmed+3,45,t,90
SARS-CoV2-5UTR-Amplicon-short-trimmed+3,46,c,91
SARS-CoV2-5UTR-Amplicon-short-trimmed+3,47,a,92
SARS-CoV2-5UTR-Amplicon-short-trimmed+3,48,c,93
SARS-CoV2-5UTR-Amplicon-short-trimmed+3,49,t,94
SARS-CoV2-5UTR-Amplicon-short-trimmed+3,50,c,95
SARS-CoV2-5UTR-Amplicon-short-trimmed+3,51,g,96
SARS-CoV2-5UTR-Amplicon-short-trimmed+3,52,g,97
SARS-CoV2-5UTR-Amplicon-short-trimmed+3,53,c,98
SARS-CoV2-5UTR-Amplicon-short-trimmed+3,54,t,99
SARS-CoV2-5UTR-Amplicon-short-trimmed+3,55,g,100
SARS-CoV2-5UTR-Amplicon-short-trimmed+3,56,c,101
SARS-CoV2-5UTR-Amplicon-short-trimmed+3,57,g,102
SARS-CoV2-5UTR-Amplicon-short-trimmed+3,58,t,103
SARS-CoV2-5UTR-Amplicon-short-trimmed+3,59,g,104
SARS-CoV2-5UTR-Amplicon-short-trimmed+3,60,c,105
SARS-CoV2-5UTR-Amplicon-short-trimmed+3,61,t,106
SARS-CoV2-5UTR-Amplicon-short-trimmed+3,62,t,107
SARS-CoV2-5UTR-Amplicon-short-trimmed+3,63,a,108
SARS-CoV2-5UTR-Amplicon-short-trimmed+3,64,g,109
SARS-CoV2-5UTR-Amplicon-short-trimmed+3,65,t,110
SARS-CoV2-5UTR-Amplicon-short-trimmed+3,66,g,111
SARS-CoV2-5UTR-Amplicon-short-trimmed+3,67,c,112
SARS-CoV2-5UTR-Amplicon-short-trimmed+3,68,a,113
SARS-CoV2-5UTR-Amplicon-short-trimmed+3,69,c,114
SARS-CoV2-5UTR-Amplicon-short-trimmed+3,70,t,115
SARS-CoV2-5UTR-Amplicon-short-trimmed+3,71,c,116
SARS-CoV2-5UTR-Amplicon-short-trimmed+3,72,a,117
SARS-CoV2-5UTR-Amplicon-short-trimmed+3,73,c,118
SARS-CoV2-5UTR-Amplicon-short-trimmed+3,74,g,119
SARS-CoV2-5UTR-Amplicon-short-trimmed+3,75,c,120
SARS-CoV2-5UTR-Amplicon-short-trimmed+3,76,a,121
SARS-CoV2-5UTR-Amplicon-short-trimmed+3,77,g,122
SARS-CoV2-5UTR-Amplicon-short-trimmed+3,78,t,123
SARS-CoV2-5UTR-Amplicon-short-trimmed+3,79,a,124
SARS-CoV2-5UTR-Amplicon-short-trimmed+3,80,t,125
SARS-CoV2-5UTR-Amplicon-short-trimmed+3,81,a,126
SARS-CoV2-5UTR-Amplicon-short-trimmed+3,82,a,127
SARS-CoV2-5UTR-Amplicon-short-trimmed+3,83,t,128
SARS-CoV2-5UTR-Amplicon-short-trimmed+3,84,t,129
SARS-CoV2-5UTR-Amplicon-short-trimmed+3,85,a,130
SARS-CoV2-5UTR-Amplicon-short-trimmed+3,86,a,131
SARS-CoV2-5UTR-Amplicon-short-trimmed+3,87,t,132
SARS-CoV2-5UTR-Amplicon-short-trimmed+3,88,a,133
SARS-CoV2-5UTR-Amplicon-short-trimmed+3,89,a,134
SARS-CoV2-5UTR-Amplicon-short-trimmed+3,90,c,135
SARS-CoV2-5UTR-Amplicon-short-trimmed+3,91,t,136
SARS-CoV2-5UTR-Amplicon-short-trimmed+3,92,a,137
SARS-CoV2-5UTR-Amplicon-short-trimmed+3,93,a,138
SARS-CoV2-5UTR-Amplicon-short-trimmed+3,94,t,139
SARS-CoV2-5UTR-Amplicon-short-trimmed+3,95,t,140
SARS-CoV2-5UTR-Amplicon-short-trimmed+3,96,a,141
SARS-CoV2-5UTR-Amplicon-short-trimmed+3,97,c,142
SARS-CoV2-5UTR-Amplicon-short-trimmed+3,98,t,143
SARS-CoV2-5UTR-Amplicon-short-trimmed+3,99,g,144
SARS-CoV2-5UTR-Amplicon-short-trimmed+3,100,t,145
SARS-CoV2-5UTR-Amplicon-short-trimmed+3,101,c,146
SARS-CoV2-5UTR-Amplicon-short-trimmed+3,102,g,147
SARS-CoV2-5UTR-Amplicon-short-trimmed+3,103,t,148
SARS-CoV2-5UTR-Amplicon-short-trimmed+3,104,t,149
SARS-CoV2-5UTR-Amplicon-short-trimmed+3,105,g,150
SARS-CoV2-5UTR-Amplicon-short-trimmed+3,106,a,151
SARS-CoV2-5UTR-Amplicon-short-trimmed+3,107,c,152
SARS-CoV2-5UTR-Amplicon-short-trimmed+3,108,a,153
SARS-CoV2-5UTR-Amplicon-short-trimmed+3,109,g,154
SARS-CoV2-5UTR-Amplicon-short-trimmed+3,110,g,155
SARS-CoV2-5UTR-Amplicon-short-trimmed+3,111,a,156
SARS-CoV2-5UTR-Amplicon-short-trimmed+3,112,c,157
SARS-CoV2-5UTR-Amplicon-short-trimmed+3,113,a,158
SARS-CoV2-5UTR-Amplicon-short-trimmed+3,114,c,159
SARS-CoV2-5UTR-Amplicon-short-trimmed+3,115,g,160
SARS-CoV2-5UTR-Amplicon-short-trimmed+3,116,a,161
SARS-CoV2-5UTR-Amplicon-short-trimmed+3,117,g,162
SARS-CoV2-5UTR-Amplicon-short-trimmed+3,118,t,163
SARS-CoV2-5UTR-Amplicon-short-trimmed+3,119,a,164
SARS-CoV2-5UTR-Amplicon-short-trimmed+3,120,a,165
SARS-CoV2-5UTR-Amplicon-short-trimmed+3,121,c,166
SARS-CoV2-5UTR-Amplicon-short-trimmed+3,122,t,167
SARS-CoV2-5UTR-Amplicon-short-trimmed+3,123,c,168
SARS-CoV2-5UTR-Amplicon-short-trimmed+3,124,g,169
SARS-CoV2-5UTR-Amplicon-short-trimmed+3,125,t,170
SARS-CoV2-5UTR-Amplicon-short-trimmed+3,126,c,171
SARS-CoV2-5UTR-Amplicon-short-trimmed+3,127,t,172
SARS-CoV2-5UTR-Amplicon-short-trimmed+3,128,a,173
SARS-CoV2-5UTR-Amplicon-short-trimmed+3,129,t,174
SARS-CoV2-5UTR-Amplicon-short-trimmed+3,130,c,175
SARS-CoV2-5UTR-Amplicon-short-trimmed+3,131,t,176
SARS-CoV2-5UTR-Amplicon-short-trimmed+3,132,t,177
SARS-CoV2-5UTR-Amplicon-short-trimmed+3,133,c,178
SARS-CoV2-5UTR-Amplicon-short-trimmed+3,134,t,179
SARS-CoV2-5UTR-Amplicon-short-trimmed+3,135,g,180
SARS-CoV2-5UTR-Amplicon-short-trimmed+3,136,c,181
SARS-CoV2-5UTR-Amplicon-short-trimmed+3,137,a,182
SARS-CoV2-5UTR-Amplicon-short-trimmed+3,138,g,183
SARS-CoV2-5UTR-Amplicon-short-trimmed+3,139,g,184
SARS-CoV2-5UTR-Amplicon-short-trimmed+3,140,c,185
SARS-CoV2-5UTR-Amplicon-short-trimmed+3,141,t,186
SARS-CoV2-5UTR-Amplicon-short-trimmed+3,142,g,187
SARS-CoV2-5UTR-Amplicon-short-trimmed+3,143,c,188
SARS-CoV2-5UTR-Amplicon-short-trimmed+3,144,t,189
SARS-CoV2-5UTR-Amplicon-short-trimmed+3,145,t,190
SARS-CoV2-5UTR-Amplicon-short-trimmed+3,146,a,191
SARS-CoV2-5UTR-Amplicon-short-trimmed+3,147,c,192
SARS-CoV2-5UTR-Amplicon-short-trimmed+3,148,g,193
SARS-CoV2-5UTR-Amplicon-short-trimmed+3,149,g,194
SARS-CoV2-5UTR-Amplicon-short-trimmed+3,150,t,195
SARS-CoV2-5UTR-Amplicon-short-trimmed+3,151,t,196
SARS-CoV2-5UTR-Amplicon-short-trimmed+3,152,t,197
SARS-CoV2-5UTR-Amplicon-short-trimmed+3,153,c,198
SARS-CoV2-5UTR-Amplicon-short-trimmed+3,154,g,199
SARS-CoV2-5UTR-Amplicon-short-trimmed+3,155,t,200
SARS-CoV2-5UTR-Amplicon-short-trimmed+3,156,c,201
SARS-CoV2-5UTR-Amplicon-short-trimmed+3,157,c,202
SARS-CoV2-5UTR-Amplicon-short-trimmed+3,158,g,203
SARS-CoV2-5UTR-Amplicon-short-trimmed+3,159,t,204
SARS-CoV2-5UTR-Amplicon-short-trimmed+3,160,g,205
SARS-CoV2-5UTR-Amplicon-short-trimmed+3,161,t,206
SARS-CoV2-5UTR-Amplicon-short-trimmed+3,162,t,207
SARS-CoV2-5UTR-Amplicon-short-trimmed+3,163,g,208
SARS-CoV2-5UTR-Amplicon-short-trimmed+3,164,c,209
SARS-CoV2-5UTR-Amplicon-short-trimmed+3,165,a,210
SARS-CoV2-5UTR-Amplicon-short-trimmed+3,166,g,211
SARS-CoV2-5UTR-Amplicon-short-trimmed+3,167,c,212
SARS-CoV2-5UTR-Amplicon-short-trimmed+3,168,c,213
SARS-CoV2-5UTR-Amplicon-short-trimmed+3,169,g,214
SARS-CoV2-5UTR-Amplicon-short-trimmed+3,170,a,215
SARS-CoV2-5UTR-Amplicon-short-trimmed+3,171,t,216
SARS-CoV2-5UTR-Amplicon-short-trimmed+3,172,c,217
SARS-CoV2-5UTR-Amplicon-short-trimmed+3,173,a,218
SARS-CoV2-5UTR-Amplicon-short-trimmed+3,174,t,219
SARS-CoV2-5UTR-Amplicon-short-trimmed+3,175,c,220
SARS-CoV2-5UTR-Amplicon-short-trimmed+3,176,a,221
SARS-CoV2-5UTR-Amplicon-short-trimmed+3,177,g,222
SARS-CoV2-5UTR-Amplicon-short-trimmed+3,178,c,223
SARS-CoV2-5UTR-Amplicon-short-trimmed+3,179,a,224
SARS-CoV2-5UTR-Amplicon-short-trimmed+3,180,c,225
SARS-CoV2-5UTR-Amplicon-short-trimmed+3,181,a,226
SARS-CoV2-5UTR-Amplicon-short-trimmed+3,182,t,227
SARS-CoV2-5UTR-Amplicon-short-trimmed+3,183,c,228
SARS-CoV2-5UTR-Amplicon-short-trimmed+3,184,t,229
SARS-CoV2-5UTR-Amplicon-short-trimmed+3,185,a,230
SARS-CoV2-5UTR-Amplicon-short-trimmed+3,186,g,231
SARS-CoV2-5UTR-Amplicon-short-trimmed+3,187,g,232
SARS-CoV2-5UTR-Amplicon-short-trimmed+3,188,t,233
SARS-CoV2-5UTR-Amplicon-short-trimmed+3,189,t,234
SARS-CoV2-5UTR-Amplicon-short-trimmed+3,190,t,235
SARS-CoV2-5UTR-Amplicon-short-trimmed+3,191,c,236
SARS-CoV2-5UTR-Amplicon-short-trimmed+3,192,g,237
SARS-CoV2-5UTR-Amplicon-short-trimmed+3,193,t,238
SARS-CoV2-5UTR-Amplicon-short-trimmed+3,194,c,239
SARS-CoV2-5UTR-Amplicon-short-trimmed+3,195,c,240
SARS-CoV2-5UTR-Amplicon-short-trimmed+3,196,g,241
SARS-CoV2-5UTR-Amplicon-short-trimmed+3,197,g,242
SARS-CoV2-5UTR-Amplicon-short-trimmed+3,198,g,243
SARS-CoV2-5UTR-Amplicon-short-trimmed+3,199,t,244
SARS-CoV2-5UTR-Amplicon-short-trimmed+3,200,g,245
SARS-CoV2-5UTR-Amplicon-short-trimmed+3,201,t,246
SARS-CoV2-5UTR-Amplicon-short-trimmed+3,202,g,247
SARS-CoV2-5UTR-Amplicon-short-trimmed+3,203,a,248
SARS-CoV2-5UTR-Amplicon-short-trimmed+3,204,c,249
SARS-CoV2-5UTR-Amplicon-short-trimmed+3,205,c,250
SARS-CoV2-5UTR-Amplicon-short-trimmed+3,206,g,251
SARS-CoV2-5UTR-Amplicon-short-trimmed+3,207,a,252
SARS-CoV2-5UTR-Amplicon-short-trimmed+3,208,a,253
SARS-CoV2-5UTR-Amplicon-short-trimmed+3,209,a,254
SARS-CoV2-5UTR-Amplicon-short-trimmed+3,210,g,255
SARS-CoV2-5UTR-Amplicon-short-trimmed+3,211,g,256
SARS-CoV2-5UTR-Amplicon-short-trimmed+3,212,t,257
SARS-CoV2-5UTR-Amplicon-short-trimmed+3,213,a,258
SARS-CoV2-5UTR-Amplicon-short-trimmed+3,214,a,259
SARS-CoV2-5UTR-Amplicon-short-trimmed+3,215,g,260
SARS-CoV2-5UTR-Amplicon-short-trimmed+3,216,a,261
SARS-CoV2-5UTR-Amplicon-short-trimmed+3,217,t,262
SARS-CoV2-5UTR-Amplicon-short-trimmed+3,218,g,263
SARS-CoV2-5UTR-Amplicon-short-trimmed+3,219,g,264
SARS-CoV2-5UTR-Amplicon-short-trimmed+3,220,a,265
SARS-CoV2-5UTR-Amplicon-short-trimmed+3,221,g,266
SARS-CoV2-5UTR-Amplicon-short-trimmed+3,222,a,267
SARS-CoV2-5UTR-Amplicon-short-trimmed+3,223,g,268
SARS-CoV2-5UTR-Amplicon-short-trimmed+3,224,c,269
SARS-CoV2-5UTR-Amplicon-short-trimmed+3,225,c,270
SARS-CoV2-5UTR-Amplicon-short-trimmed+3,226,t,271
SARS-CoV2-5UTR-Amplicon-short-trimmed+3,227,t,272
SARS-CoV2-5UTR-Amplicon-short-trimmed+3,228,g,273
SARS-CoV2-5UTR-Amplicon-short-trimmed+3,229,t,274
SARS-CoV2-5UTR-Amplicon-short-trimmed+3,230,c,275
SARS-CoV2-5UTR-Amplicon-short-trimmed+3,231,c,276
SARS-CoV2-5UTR-Amplicon-short-trimmed+3,232,c,277
SARS-CoV2-5UTR-Amplicon-short-trimmed+3,233,t,278
SARS-CoV2-5UTR-Amplicon-short-trimmed+3,234,g,279
SARS-CoV2-5UTR-Amplicon-short-trimmed+3,235,g,280
SARS-CoV2-5UTR-Amplicon-short-trimmed+3,236,t,281
SARS-CoV2-5UTR-Amplicon-short-trimmed+3,237,t,282
SARS-CoV2-5UTR-Amplicon-short-trimmed+3,238,t,283
SARS-CoV2-5UTR-Amplicon-short-trimmed+3,239,c,284
SARS-CoV2-5UTR-Amplicon-short-trimmed+3,240,a,285
SARS-CoV2-5UTR-Amplicon-short-trimmed+3,241,a,286
SARS-CoV2-5UTR-Amplicon-short-trimmed+3,242,c,287
SARS-CoV2-5UTR-Amplicon-short-trimmed+3,243,g,288
SARS-CoV2-5UTR-Amplicon-short-trimmed+3,244,a,289
SARS-CoV2-5UTR-Amplicon-short-trimmed+3,245,g,290
SARS-CoV2-5UTR-Amplicon-short-trimmed+3,246,g,291
SARS-CoV2-5UTR-Amplicon-short-trimmed+3,247,G,292
SARS-CoV2-5UTR-Amplicon-short-trimmed+3,248,A,293
SARS-CoV2-5UTR-Amplicon-short-trimmed+3,249,G,294
