Region,Position,Ref_base,Mut_percentage
SARS-CoV2-5UTR-Amplicon,1,a,0
SARS-CoV2-5UTR-Amplicon,2,g,0
SARS-CoV2-5UTR-Amplicon,3,g,0
SARS-CoV2-5UTR-Amplicon,4,t,0.0452
SARS-CoV2-5UTR-Amplicon,5,t,0.1348
SARS-CoV2-5UTR-Amplicon,6,t,0.3142
SARS-CoV2-5UTR-Amplicon,7,a,0.3576
SARS-CoV2-5UTR-Amplicon,8,t,0.3096
SARS-CoV2-5UTR-Amplicon,9,a,0.4195
SARS-CoV2-5UTR-Amplicon,10,c,0.3084
SARS-CoV2-5UTR-Amplicon,11,c,0.2857
SARS-CoV2-5UTR-Amplicon,12,t,0.9847
SARS-CoV2-5UTR-Amplicon,13,t,0.7432
SARS-CoV2-5UTR-Amplicon,14,c,1.7471
SARS-CoV2-5UTR-Amplicon,15,c,0.5229
SARS-CoV2-5UTR-Amplicon,16,c,0.5002
SARS-CoV2-5UTR-Amplicon,17,a,0.3016
SARS-CoV2-5UTR-Amplicon,18,g,0.6677
SARS-CoV2-5UTR-Amplicon,19,g,0.5596
SARS-CoV2-5UTR-Amplicon,20,t,1.2912
SARS-CoV2-5UTR-Amplicon,21,a,0.9892
SARS-CoV2-5UTR-Amplicon,22,a,0.7524
SARS-CoV2-5UTR-Amplicon,23,c,0.8595
SARS-CoV2-5UTR-Amplicon,24,a,1.0386
SARS-CoV2-5UTR-Amplicon,25,a,0.5277
SARS-CoV2-5UTR-Amplicon,26,a,0.6632
SARS-CoV2-5UTR-Amplicon,27,c,1.0918
SARS-CoV2-5UTR-Amplicon,28,c,1.0327
SARS-CoV2-5UTR-Amplicon,29,a,1.0321
SARS-CoV2-5UTR-Amplicon,30,a,0.3697
SARS-CoV2-5UTR-Amplicon,31,c,0.6616
SARS-CoV2-5UTR-Amplicon,32,c,0.9535
SARS-CoV2-5UTR-Amplicon,33,a,0.973
SARS-CoV2-5UTR-Amplicon,34,a,0.3501
SARS-CoV2-5UTR-Amplicon,35,c,0.7582
SARS-CoV2-5UTR-Amplicon,36,t,2.3897
SARS-CoV2-5UTR-Amplicon,37,t,1.0534
SARS-CoV2-5UTR-Amplicon,38,t,0.8426
SARS-CoV2-5UTR-Amplicon,39,c,4.5576
SARS-CoV2-5UTR-Amplicon,40,g,3.1579
SARS-CoV2-5UTR-Amplicon,41,a,0.8037
SARS-CoV2-5UTR-Amplicon,42,t,1.8561
SARS-CoV2-5UTR-Amplicon,43,c,2.9654
SARS-CoV2-5UTR-Amplicon,44,t,1.0901
SARS-CoV2-5UTR-Amplicon,45,c,1.9503
SARS-CoV2-5UTR-Amplicon,46,t,2.2558
SARS-CoV2-5UTR-Amplicon,47,t,1.7587
SARS-CoV2-5UTR-Amplicon,48,g,1.0321
SARS-CoV2-5UTR-Amplicon,49,t,1.2806
SARS-CoV2-5UTR-Amplicon,50,a,1.6049
SARS-CoV2-5UTR-Amplicon,51,g,2.5411
SARS-CoV2-5UTR-Amplicon,52,a,0.9933
SARS-CoV2-5UTR-Amplicon,53,t,1.5664
SARS-CoV2-5UTR-Amplicon,54,c,2.7698
SARS-CoV2-5UTR-Amplicon,55,t,1.5256
SARS-CoV2-5UTR-Amplicon,56,g,2.479
SARS-CoV2-5UTR-Amplicon,57,t,2.898
SARS-CoV2-5UTR-Amplicon,58,t,2.3637
SARS-CoV2-5UTR-Amplicon,59,c,2.8784
SARS-CoV2-5UTR-Amplicon,60,t,1.0671
SARS-CoV2-5UTR-Amplicon,61,c,2.5152
SARS-CoV2-5UTR-Amplicon,62,t,2.3092
SARS-CoV2-5UTR-Amplicon,63,a,5.1336
SARS-CoV2-5UTR-Amplicon,64,a,0.5151
SARS-CoV2-5UTR-Amplicon,65,a,0.4768
SARS-CoV2-5UTR-Amplicon,66,c,0.782
SARS-CoV2-5UTR-Amplicon,67,g,2.4214
SARS-CoV2-5UTR-Amplicon,68,a,0.7817
SARS-CoV2-5UTR-Amplicon,69,a,0.9533
SARS-CoV2-5UTR-Amplicon,70,c,2.6491
SARS-CoV2-5UTR-Amplicon,71,t,1.639
SARS-CoV2-5UTR-Amplicon,72,t,0.8386
SARS-CoV2-5UTR-Amplicon,73,t,0.972
SARS-CoV2-5UTR-Amplicon,74,a,1.7765
SARS-CoV2-5UTR-Amplicon,75,a,1.1843
SARS-CoV2-5UTR-Amplicon,76,a,1.2225
SARS-CoV2-5UTR-Amplicon,77,a,2.063
SARS-CoV2-5UTR-Amplicon,78,t,1.8713
SARS-CoV2-5UTR-Amplicon,79,c,1.8717
SARS-CoV2-5UTR-Amplicon,80,t,1.2629
SARS-CoV2-5UTR-Amplicon,81,g,1.5117
SARS-CoV2-5UTR-Amplicon,82,t,1.1866
SARS-CoV2-5UTR-Amplicon,83,g,0.9185
SARS-CoV2-5UTR-Amplicon,84,t,1.3397
SARS-CoV2-5UTR-Amplicon,85,g,1.4545
SARS-CoV2-5UTR-Amplicon,86,g,1.2838
SARS-CoV2-5UTR-Amplicon,87,c,1.6064
SARS-CoV2-5UTR-Amplicon,88,t,1.7208
SARS-CoV2-5UTR-Amplicon,89,g,1.7423
SARS-CoV2-5UTR-Amplicon,90,t,1.704
SARS-CoV2-5UTR-Amplicon,91,c,1.7231
SARS-CoV2-5UTR-Amplicon,92,a,1.7994
SARS-CoV2-5UTR-Amplicon,93,c,1.9345
SARS-CoV2-5UTR-Amplicon,94,t,1.5323
SARS-CoV2-5UTR-Amplicon,95,c,2.4334
SARS-CoV2-5UTR-Amplicon,96,g,1.821
SARS-CoV2-5UTR-Amplicon,97,g,1.3993
SARS-CoV2-5UTR-Amplicon,98,c,1.3686
SARS-CoV2-5UTR-Amplicon,99,t,1.4093
SARS-CoV2-5UTR-Amplicon,100,g,1.6756
SARS-CoV2-5UTR-Amplicon,101,c,1.6565
SARS-CoV2-5UTR-Amplicon,102,g,2.8751
SARS-CoV2-5UTR-Amplicon,103,t,1.0282
SARS-CoV2-5UTR-Amplicon,104,g,2.3415
SARS-CoV2-5UTR-Amplicon,105,c,2.1507
SARS-CoV2-5UTR-Amplicon,106,t,2.0175
SARS-CoV2-5UTR-Amplicon,107,t,2.2835
SARS-CoV2-5UTR-Amplicon,108,a,1.1796
SARS-CoV2-5UTR-Amplicon,109,g,1.4269
SARS-CoV2-5UTR-Amplicon,110,t,1.1035
SARS-CoV2-5UTR-Amplicon,111,g,0.6279
SARS-CoV2-5UTR-Amplicon,112,c,1.1989
SARS-CoV2-5UTR-Amplicon,113,a,0.9324
SARS-CoV2-5UTR-Amplicon,114,c,0.7612
SARS-CoV2-5UTR-Amplicon,115,t,0.6471
SARS-CoV2-5UTR-Amplicon,116,c,1.6559
SARS-CoV2-5UTR-Amplicon,117,a,0.8947
SARS-CoV2-5UTR-Amplicon,118,c,0.9518
SARS-CoV2-5UTR-Amplicon,119,g,1.0468
SARS-CoV2-5UTR-Amplicon,120,c,0.7801
SARS-CoV2-5UTR-Amplicon,121,a,1.1035
SARS-CoV2-5UTR-Amplicon,122,g,1.1606
SARS-CoV2-5UTR-Amplicon,123,t,1.2407
SARS-CoV2-5UTR-Amplicon,124,a,0.7631
SARS-CoV2-5UTR-Amplicon,125,t,0.6819
SARS-CoV2-5UTR-Amplicon,126,a,0.5493
SARS-CoV2-5UTR-Amplicon,127,a,0.4357
SARS-CoV2-5UTR-Amplicon,128,t,0.6629
SARS-CoV2-5UTR-Amplicon,129,t,0.625
SARS-CoV2-5UTR-Amplicon,130,a,0.3599
SARS-CoV2-5UTR-Amplicon,131,a,0.6819
SARS-CoV2-5UTR-Amplicon,132,t,0.3412
SARS-CoV2-5UTR-Amplicon,133,a,0.8719
SARS-CoV2-5UTR-Amplicon,134,a,0.4359
SARS-CoV2-5UTR-Amplicon,135,c,0.9666
SARS-CoV2-5UTR-Amplicon,136,t,0.7202
SARS-CoV2-5UTR-Amplicon,137,a,0.7016
SARS-CoV2-5UTR-Amplicon,138,a,0.5309
SARS-CoV2-5UTR-Amplicon,139,t,0.474
SARS-CoV2-5UTR-Amplicon,140,t,0.6068
SARS-CoV2-5UTR-Amplicon,141,a,0.7016
SARS-CoV2-5UTR-Amplicon,142,c,1.193
SARS-CoV2-5UTR-Amplicon,143,t,0.9466
SARS-CoV2-5UTR-Amplicon,144,g,1.117
SARS-CoV2-5UTR-Amplicon,145,t,0.6053
SARS-CoV2-5UTR-Amplicon,146,c,0.9644
SARS-CoV2-5UTR-Amplicon,147,g,1.3058
SARS-CoV2-5UTR-Amplicon,148,t,0.6056
SARS-CoV2-5UTR-Amplicon,149,t,0.5856
SARS-CoV2-5UTR-Amplicon,150,g,1.6409
SARS-CoV2-5UTR-Amplicon,151,a,0.717
SARS-CoV2-5UTR-Amplicon,152,c,0.7949
SARS-CoV2-5UTR-Amplicon,153,a,1.1544
SARS-CoV2-5UTR-Amplicon,154,g,2.0818
SARS-CoV2-5UTR-Amplicon,155,g,1.5726
SARS-CoV2-5UTR-Amplicon,156,a,1.2884
SARS-CoV2-5UTR-Amplicon,157,c,1.4781
SARS-CoV2-5UTR-Amplicon,158,a,2.3269
SARS-CoV2-5UTR-Amplicon,159,c,0.9457
SARS-CoV2-5UTR-Amplicon,160,g,3.1953
SARS-CoV2-5UTR-Amplicon,161,a,2.2878
SARS-CoV2-5UTR-Amplicon,162,g,1.0168
SARS-CoV2-5UTR-Amplicon,163,t,1.4043
SARS-CoV2-5UTR-Amplicon,164,a,2.1249
SARS-CoV2-5UTR-Amplicon,165,a,0.9793
SARS-CoV2-5UTR-Amplicon,166,c,1.0164
SARS-CoV2-5UTR-Amplicon,167,t,0.7756
SARS-CoV2-5UTR-Amplicon,168,c,1.9767
SARS-CoV2-5UTR-Amplicon,169,g,1.2932
SARS-CoV2-5UTR-Amplicon,170,t,1.3474
SARS-CoV2-5UTR-Amplicon,171,c,2.1226
SARS-CoV2-5UTR-Amplicon,172,t,2.6015
SARS-CoV2-5UTR-Amplicon,173,a,2.1771
SARS-CoV2-5UTR-Amplicon,174,t,1.4022
SARS-CoV2-5UTR-Amplicon,175,c,1.9738
SARS-CoV2-5UTR-Amplicon,176,t,1.5495
SARS-CoV2-5UTR-Amplicon,177,t,1.1066
SARS-CoV2-5UTR-Amplicon,178,c,1.107
SARS-CoV2-5UTR-Amplicon,179,t,0.8303
SARS-CoV2-5UTR-Amplicon,180,g,2.2694
SARS-CoV2-5UTR-Amplicon,181,c,1.6248
SARS-CoV2-5UTR-Amplicon,182,a,1.2929
SARS-CoV2-5UTR-Amplicon,183,g,1.1105
SARS-CoV2-5UTR-Amplicon,184,g,0.7281
SARS-CoV2-5UTR-Amplicon,185,c,1.2377
SARS-CoV2-5UTR-Amplicon,186,t,1.4733
SARS-CoV2-5UTR-Amplicon,187,g,1.4912
SARS-CoV2-5UTR-Amplicon,188,c,1.0549
SARS-CoV2-5UTR-Amplicon,189,t,3.7341
SARS-CoV2-5UTR-Amplicon,190,t,1.6758
SARS-CoV2-5UTR-Amplicon,191,a,1.3659
SARS-CoV2-5UTR-Amplicon,192,c,1.4208
SARS-CoV2-5UTR-Amplicon,193,g,1.275
SARS-CoV2-5UTR-Amplicon,194,g,1.1293
SARS-CoV2-5UTR-Amplicon,195,t,1.3843
SARS-CoV2-5UTR-Amplicon,196,t,0.7104
SARS-CoV2-5UTR-Amplicon,197,t,0.9293
SARS-CoV2-5UTR-Amplicon,198,c,1.5853
SARS-CoV2-5UTR-Amplicon,199,g,1.1664
SARS-CoV2-5UTR-Amplicon,200,t,1.0388
SARS-CoV2-5UTR-Amplicon,201,c,1.7678
SARS-CoV2-5UTR-Amplicon,202,c,1.9683
SARS-CoV2-5UTR-Amplicon,203,g,0.893
SARS-CoV2-5UTR-Amplicon,204,t,3.4093
SARS-CoV2-5UTR-Amplicon,205,g,1.0576
SARS-CoV2-5UTR-Amplicon,206,t,1.1488
SARS-CoV2-5UTR-Amplicon,207,t,2.1517
SARS-CoV2-5UTR-Amplicon,208,g,1.1319
SARS-CoV2-5UTR-Amplicon,209,c,1.5631
SARS-CoV2-5UTR-Amplicon,210,a,0.9161
SARS-CoV2-5UTR-Amplicon,211,g,1.1494
SARS-CoV2-5UTR-Amplicon,212,c,0.9156
SARS-CoV2-5UTR-Amplicon,213,c,1.4365
SARS-CoV2-5UTR-Amplicon,214,g,2.5535
SARS-CoV2-5UTR-Amplicon,215,a,0.7194
SARS-CoV2-5UTR-Amplicon,216,t,0.9176
SARS-CoV2-5UTR-Amplicon,217,c,2.4469
SARS-CoV2-5UTR-Amplicon,218,a,3.1846
SARS-CoV2-5UTR-Amplicon,219,t,0.6836
SARS-CoV2-5UTR-Amplicon,220,c,3.4539
SARS-CoV2-5UTR-Amplicon,221,a,6.1309
SARS-CoV2-5UTR-Amplicon,222,g,5.9321
SARS-CoV2-5UTR-Amplicon,223,c,1.5639
SARS-CoV2-5UTR-Amplicon,224,a,3.1643
SARS-CoV2-5UTR-Amplicon,225,c,1.1488
SARS-CoV2-5UTR-Amplicon,226,a,2.6387
SARS-CoV2-5UTR-Amplicon,227,t,1.5639
SARS-CoV2-5UTR-Amplicon,228,c,2.1212
SARS-CoV2-5UTR-Amplicon,229,t,1.9031
SARS-CoV2-5UTR-Amplicon,230,a,1.8858
SARS-CoV2-5UTR-Amplicon,231,g,2.2094
SARS-CoV2-5UTR-Amplicon,232,g,2.4254
SARS-CoV2-5UTR-Amplicon,233,t,2.5802
SARS-CoV2-5UTR-Amplicon,234,t,2.0606
SARS-CoV2-5UTR-Amplicon,235,t,2.1322
SARS-CoV2-5UTR-Amplicon,236,c,2.401
SARS-CoV2-5UTR-Amplicon,237,g,1.4516
SARS-CoV2-5UTR-Amplicon,238,t,1.0573
SARS-CoV2-5UTR-Amplicon,239,c,1.9896
SARS-CoV2-5UTR-Amplicon,240,c,2.0075
SARS-CoV2-5UTR-Amplicon,241,g,2.582
SARS-CoV2-5UTR-Amplicon,242,g,1.8489
SARS-CoV2-5UTR-Amplicon,243,g,2.4951
SARS-CoV2-5UTR-Amplicon,244,t,2.5692
SARS-CoV2-5UTR-Amplicon,245,g,1.1858
SARS-CoV2-5UTR-Amplicon,246,t,1.2756
SARS-CoV2-5UTR-Amplicon,247,g,4.0963
SARS-CoV2-5UTR-Amplicon,248,a,2.1414
SARS-CoV2-5UTR-Amplicon,249,c,1.8362
SARS-CoV2-5UTR-Amplicon,250,c,1.3637
SARS-CoV2-5UTR-Amplicon,251,g,2.6377
SARS-CoV2-5UTR-Amplicon,252,a,2.3861
SARS-CoV2-5UTR-Amplicon,253,a,1.1841
SARS-CoV2-5UTR-Amplicon,254,a,1.7764
SARS-CoV2-5UTR-Amplicon,255,g,1.8482
SARS-CoV2-5UTR-Amplicon,256,g,1.9027
SARS-CoV2-5UTR-Amplicon,257,t,2.4412
SARS-CoV2-5UTR-Amplicon,258,a,2.7823
SARS-CoV2-5UTR-Amplicon,259,a,1.9007
SARS-CoV2-5UTR-Amplicon,260,g,2.2234
SARS-CoV2-5UTR-Amplicon,261,a,1.6676
SARS-CoV2-5UTR-Amplicon,262,t,1.0217
SARS-CoV2-5UTR-Amplicon,263,g,2.0269
SARS-CoV2-5UTR-Amplicon,264,g,1.2565
SARS-CoV2-5UTR-Amplicon,265,a,1.023
SARS-CoV2-5UTR-Amplicon,266,g,2.0459
SARS-CoV2-5UTR-Amplicon,267,a,1.3999
SARS-CoV2-5UTR-Amplicon,268,g,1.7774
SARS-CoV2-5UTR-Amplicon,269,c,1.3108
SARS-CoV2-5UTR-Amplicon,270,c,1.2392
SARS-CoV2-5UTR-Amplicon,271,t,1.8858
SARS-CoV2-5UTR-Amplicon,272,t,1.0243
SARS-CoV2-5UTR-Amplicon,273,g,1.0063
SARS-CoV2-5UTR-Amplicon,274,t,1.5247
SARS-CoV2-5UTR-Amplicon,275,c,4.3767
SARS-CoV2-5UTR-Amplicon,276,c,1.3984
SARS-CoV2-5UTR-Amplicon,277,c,1.9003
SARS-CoV2-5UTR-Amplicon,278,t,2.582
SARS-CoV2-5UTR-Amplicon,279,g,4.1091
SARS-CoV2-5UTR-Amplicon,280,g,2.2071
SARS-CoV2-5UTR-Amplicon,281,t,2.0815
SARS-CoV2-5UTR-Amplicon,282,t,1.274
SARS-CoV2-5UTR-Amplicon,283,t,1.56
SARS-CoV2-5UTR-Amplicon,284,c,2.2238
SARS-CoV2-5UTR-Amplicon,285,a,2.3673
SARS-CoV2-5UTR-Amplicon,286,a,1.2195
SARS-CoV2-5UTR-Amplicon,287,c,1.1482
SARS-CoV2-5UTR-Amplicon,288,g,1.9376
SARS-CoV2-5UTR-Amplicon,289,a,1.1655
SARS-CoV2-5UTR-Amplicon,290,g,2.5567
SARS-CoV2-5UTR-Amplicon,291,g,1.1523
SARS-CoV2-5UTR-Amplicon,292,g,1.7291
SARS-CoV2-5UTR-Amplicon,293,a,1.3329
SARS-CoV2-5UTR-Amplicon,294,g,2.4245
SARS-CoV2-5UTR-Amplicon,295,t,2.0626
SARS-CoV2-5UTR-Amplicon,296,c,4.0355
SARS-CoV2-5UTR-Amplicon,297,a,5.0771
SARS-CoV2-5UTR-Amplicon,298,a,2.2665
SARS-CoV2-5UTR-Amplicon,299,a,2.6111
SARS-CoV2-5UTR-Amplicon,300,g,3.0484
SARS-CoV2-5UTR-Amplicon,301,t,3.9572
SARS-CoV2-5UTR-Amplicon,302,t,3.8133
SARS-CoV2-5UTR-Amplicon,303,c,1.7273
SARS-CoV2-5UTR-Amplicon,304,t,1.7646
SARS-CoV2-5UTR-Amplicon,305,g,1.329
SARS-CoV2-5UTR-Amplicon,306,t,4.6067
SARS-CoV2-5UTR-Amplicon,307,t,1.1653
SARS-CoV2-5UTR-Amplicon,308,t,1.5679
SARS-CoV2-5UTR-Amplicon,309,g,1.5382
SARS-CoV2-5UTR-Amplicon,310,c,2.5853
SARS-CoV2-5UTR-Amplicon,311,c,1.0812
SARS-CoV2-5UTR-Amplicon,312,c,1.0266
SARS-CoV2-5UTR-Amplicon,313,t,1.3206
SARS-CoV2-5UTR-Amplicon,314,g,1.3201
SARS-CoV2-5UTR-Amplicon,315,a,0.6417
SARS-CoV2-5UTR-Amplicon,316,t,1.302
SARS-CoV2-5UTR-Amplicon,317,c,1.3206
SARS-CoV2-5UTR-Amplicon,318,t,1.3209
SARS-CoV2-5UTR-Amplicon,319,g,1.5229
SARS-CoV2-5UTR-Amplicon,320,c,1.0642
SARS-CoV2-5UTR-Amplicon,321,a,3.0108
SARS-CoV2-5UTR-Amplicon,322,t,0.4411
SARS-CoV2-5UTR-Amplicon,323,c,1.1395
SARS-CoV2-5UTR-Amplicon,324,g,0.5155
SARS-CoV2-5UTR-Amplicon,325,c,0.6419
SARS-CoV2-5UTR-Amplicon,326,t,1.5672
SARS-CoV2-5UTR-Amplicon,327,g,1.8505
SARS-CoV2-5UTR-Amplicon,328,t,2.0778
SARS-CoV2-5UTR-Amplicon,329,g,1.0966
SARS-CoV2-5UTR-Amplicon,330,g,0.9075
SARS-CoV2-5UTR-Amplicon,331,c,0.9279
SARS-CoV2-5UTR-Amplicon,332,c,0.8715
SARS-CoV2-5UTR-Amplicon,333,g,3.3346
SARS-CoV2-5UTR-Amplicon,334,a,1.9712
SARS-CoV2-5UTR-Amplicon,335,g,1.3462
SARS-CoV2-5UTR-Amplicon,336,g,1.2334
SARS-CoV2-5UTR-Amplicon,337,c,1.1767
SARS-CoV2-5UTR-Amplicon,338,c,1.679
SARS-CoV2-5UTR-Amplicon,339,a,1.8945
SARS-CoV2-5UTR-Amplicon,340,a,0.8388
SARS-CoV2-5UTR-Amplicon,341,g,0.9389
SARS-CoV2-5UTR-Amplicon,342,c,1.1786
SARS-CoV2-5UTR-Amplicon,343,c,0.6993
SARS-CoV2-5UTR-Amplicon,344,c,0.8006
SARS-CoV2-5UTR-Amplicon,345,a,1.102
SARS-CoV2-5UTR-Amplicon,346,c,2.1042
SARS-CoV2-5UTR-Amplicon,347,c,1.2653
SARS-CoV2-5UTR-Amplicon,348,g,2.1106
SARS-CoV2-5UTR-Amplicon,349,a,1.5487
SARS-CoV2-5UTR-Amplicon,350,g,1.6304
SARS-CoV2-5UTR-Amplicon,351,a,2.8197
SARS-CoV2-5UTR-Amplicon,352,a,1.2906
SARS-CoV2-5UTR-Amplicon,353,c,1.19
SARS-CoV2-5UTR-Amplicon,354,a,1.7973
SARS-CoV2-5UTR-Amplicon,355,a,0.5271
SARS-CoV2-5UTR-Amplicon,356,c,0.487
SARS-CoV2-5UTR-Amplicon,357,g,2.0757
SARS-CoV2-5UTR-Amplicon,358,a,0.8967
SARS-CoV2-5UTR-Amplicon,359,a,0.7962
SARS-CoV2-5UTR-Amplicon,360,g,1.2285
SARS-CoV2-5UTR-Amplicon,361,a,0.9031
SARS-CoV2-5UTR-Amplicon,362,c,0.7398
SARS-CoV2-5UTR-Amplicon,363,t,1.3583
SARS-CoV2-5UTR-Amplicon,364,t,0.6405
SARS-CoV2-5UTR-Amplicon,365,c,0.7069
SARS-CoV2-5UTR-Amplicon,366,a,1.8167
SARS-CoV2-5UTR-Amplicon,367,a,0.3142
SARS-CoV2-5UTR-Amplicon,368,c,0.4869
SARS-CoV2-5UTR-Amplicon,369,a,1.36
SARS-CoV2-5UTR-Amplicon,370,t,0.404
SARS-CoV2-5UTR-Amplicon,371,c,0.4317
SARS-CoV2-5UTR-Amplicon,372,g,0.2165
SARS-CoV2-5UTR-Amplicon,373,t,0.1735
SARS-CoV2-5UTR-Amplicon,374,g,0.5269
SARS-CoV2-5UTR-Amplicon,375,g,0
SARS-CoV2-5UTR-Amplicon,376,c,0
SARS-CoV2-5UTR-Amplicon,377,c,0
SARS-CoV2-5UTR-Amplicon,378,g,0
SMN2-Exon7-Amplicon,1,a,NaN
SMN2-Exon7-Amplicon,2,g,NaN
SMN2-Exon7-Amplicon,3,g,NaN
SMN2-Exon7-Amplicon,4,t,NaN
SMN2-Exon7-Amplicon,5,t,NaN
SMN2-Exon7-Amplicon,6,t,NaN
SMN2-Exon7-Amplicon,7,a,NaN
SMN2-Exon7-Amplicon,8,t,NaN
SMN2-Exon7-Amplicon,9,a,NaN
SMN2-Exon7-Amplicon,10,c,NaN
SMN2-Exon7-Amplicon,11,c,NaN
SMN2-Exon7-Amplicon,12,t,NaN
SMN2-Exon7-Amplicon,13,t,NaN
SMN2-Exon7-Amplicon,14,c,NaN
SMN2-Exon7-Amplicon,15,c,NaN
SMN2-Exon7-Amplicon,16,c,NaN
SMN2-Exon7-Amplicon,17,a,NaN
SMN2-Exon7-Amplicon,18,g,NaN
SMN2-Exon7-Amplicon,19,g,NaN
SMN2-Exon7-Amplicon,20,t,NaN
SMN2-Exon7-Amplicon,21,a,NaN
SMN2-Exon7-Amplicon,22,a,NaN
SMN2-Exon7-Amplicon,23,c,NaN
SMN2-Exon7-Amplicon,24,a,NaN
SMN2-Exon7-Amplicon,25,a,NaN
SMN2-Exon7-Amplicon,26,a,NaN
SMN2-Exon7-Amplicon,27,c,NaN
SMN2-Exon7-Amplicon,28,c,NaN
SMN2-Exon7-Amplicon,29,a,NaN
SMN2-Exon7-Amplicon,30,a,NaN
SMN2-Exon7-Amplicon,31,c,NaN
SMN2-Exon7-Amplicon,32,c,NaN
SMN2-Exon7-Amplicon,33,a,NaN
SMN2-Exon7-Amplicon,34,a,NaN
SMN2-Exon7-Amplicon,35,c,NaN
SMN2-Exon7-Amplicon,36,t,NaN
SMN2-Exon7-Amplicon,37,t,NaN
SMN2-Exon7-Amplicon,38,t,NaN
SMN2-Exon7-Amplicon,39,c,NaN
SMN2-Exon7-Amplicon,40,g,NaN
SMN2-Exon7-Amplicon,41,a,NaN
SMN2-Exon7-Amplicon,42,t,NaN
SMN2-Exon7-Amplicon,43,c,NaN
SMN2-Exon7-Amplicon,44,t,NaN
SMN2-Exon7-Amplicon,45,c,NaN
SMN2-Exon7-Amplicon,46,t,NaN
SMN2-Exon7-Amplicon,47,t,NaN
SMN2-Exon7-Amplicon,48,g,NaN
SMN2-Exon7-Amplicon,49,t,NaN
SMN2-Exon7-Amplicon,50,a,NaN
SMN2-Exon7-Amplicon,51,g,NaN
SMN2-Exon7-Amplicon,52,a,NaN
SMN2-Exon7-Amplicon,53,t,NaN
SMN2-Exon7-Amplicon,54,c,NaN
SMN2-Exon7-Amplicon,55,t,NaN
SMN2-Exon7-Amplicon,56,g,NaN
SMN2-Exon7-Amplicon,57,t,NaN
SMN2-Exon7-Amplicon,58,t,NaN
SMN2-Exon7-Amplicon,59,c,NaN
SMN2-Exon7-Amplicon,60,t,NaN
SMN2-Exon7-Amplicon,61,c,NaN
SMN2-Exon7-Amplicon,62,t,NaN
SMN2-Exon7-Amplicon,63,a,NaN
SMN2-Exon7-Amplicon,64,a,NaN
SMN2-Exon7-Amplicon,65,a,NaN
SMN2-Exon7-Amplicon,66,c,NaN
SMN2-Exon7-Amplicon,67,g,NaN
SMN2-Exon7-Amplicon,68,a,NaN
SMN2-Exon7-Amplicon,69,a,NaN
SMN2-Exon7-Amplicon,70,c,NaN
SMN2-Exon7-Amplicon,71,t,NaN
SMN2-Exon7-Amplicon,72,t,NaN
SMN2-Exon7-Amplicon,73,t,NaN
SMN2-Exon7-Amplicon,74,a,NaN
SMN2-Exon7-Amplicon,75,a,NaN
SMN2-Exon7-Amplicon,76,a,NaN
SMN2-Exon7-Amplicon,77,a,NaN
SMN2-Exon7-Amplicon,78,t,NaN
SMN2-Exon7-Amplicon,79,c,NaN
SMN2-Exon7-Amplicon,80,t,NaN
SMN2-Exon7-Amplicon,81,g,NaN
SMN2-Exon7-Amplicon,82,t,NaN
SMN2-Exon7-Amplicon,83,g,NaN
SMN2-Exon7-Amplicon,84,t,NaN
SMN2-Exon7-Amplicon,85,g,NaN
SMN2-Exon7-Amplicon,86,g,NaN
SMN2-Exon7-Amplicon,87,c,NaN
SMN2-Exon7-Amplicon,88,t,NaN
SMN2-Exon7-Amplicon,89,g,NaN
SMN2-Exon7-Amplicon,90,t,NaN
SMN2-Exon7-Amplicon,91,c,NaN
SMN2-Exon7-Amplicon,92,a,NaN
SMN2-Exon7-Amplicon,93,c,NaN
SMN2-Exon7-Amplicon,94,t,NaN
SMN2-Exon7-Amplicon,95,c,NaN
SMN2-Exon7-Amplicon,96,g,NaN
SMN2-Exon7-Amplicon,97,g,NaN
SMN2-Exon7-Amplicon,98,c,NaN
SMN2-Exon7-Amplicon,99,t,NaN
SMN2-Exon7-Amplicon,100,g,NaN
SMN2-Exon7-Amplicon,101,c,NaN
SMN2-Exon7-Amplicon,102,g,NaN
SMN2-Exon7-Amplicon,103,t,NaN
SMN2-Exon7-Amplicon,104,g,NaN
SMN2-Exon7-Amplicon,105,c,NaN
SMN2-Exon7-Amplicon,106,t,NaN
SMN2-Exon7-Amplicon,107,t,NaN
SMN2-Exon7-Amplicon,108,a,NaN
SMN2-Exon7-Amplicon,109,g,NaN
SMN2-Exon7-Amplicon,110,t,NaN
SMN2-Exon7-Amplicon,111,g,NaN
SMN2-Exon7-Amplicon,112,c,NaN
SMN2-Exon7-Amplicon,113,a,NaN
SMN2-Exon7-Amplicon,114,c,NaN
SMN2-Exon7-Amplicon,115,t,NaN
SMN2-Exon7-Amplicon,116,c,NaN
SMN2-Exon7-Amplicon,117,a,NaN
SMN2-Exon7-Amplicon,118,c,NaN
SMN2-Exon7-Amplicon,119,g,NaN
SMN2-Exon7-Amplicon,120,c,NaN
SMN2-Exon7-Amplicon,121,a,NaN
SMN2-Exon7-Amplicon,122,g,NaN
SMN2-Exon7-Amplicon,123,t,NaN
SMN2-Exon7-Amplicon,124,a,NaN
SMN2-Exon7-Amplicon,125,t,NaN
SMN2-Exon7-Amplicon,126,a,NaN
SMN2-Exon7-Amplicon,127,a,NaN
SMN2-Exon7-Amplicon,128,t,NaN
SMN2-Exon7-Amplicon,129,t,NaN
SMN2-Exon7-Amplicon,130,a,NaN
SMN2-Exon7-Amplicon,131,a,NaN
SMN2-Exon7-Amplicon,132,t,NaN
SMN2-Exon7-Amplicon,133,a,NaN
SMN2-Exon7-Amplicon,134,a,NaN
SMN2-Exon7-Amplicon,135,c,NaN
SMN2-Exon7-Amplicon,136,t,NaN
SMN2-Exon7-Amplicon,137,a,NaN
SMN2-Exon7-Amplicon,138,a,NaN
SMN2-Exon7-Amplicon,139,t,NaN
SMN2-Exon7-Amplicon,140,t,NaN
SMN2-Exon7-Amplicon,141,a,NaN
SMN2-Exon7-Amplicon,142,c,NaN
SMN2-Exon7-Amplicon,143,t,NaN
SMN2-Exon7-Amplicon,144,g,NaN
SMN2-Exon7-Amplicon,145,t,NaN
SMN2-Exon7-Amplicon,146,c,NaN
SMN2-Exon7-Amplicon,147,g,NaN
SMN2-Exon7-Amplicon,148,t,NaN
SMN2-Exon7-Amplicon,149,t,NaN
SMN2-Exon7-Amplicon,150,g,NaN
SMN2-Exon7-Amplicon,151,a,NaN
SMN2-Exon7-Amplicon,152,c,NaN
SMN2-Exon7-Amplicon,153,a,NaN
SMN2-Exon7-Amplicon,154,g,NaN
SMN2-Exon7-Amplicon,155,g,NaN
SMN2-Exon7-Amplicon,156,a,NaN
SMN2-Exon7-Amplicon,157,c,NaN
SMN2-Exon7-Amplicon,158,a,NaN
SMN2-Exon7-Amplicon,159,c,NaN
SMN2-Exon7-Amplicon,160,g,NaN
SMN2-Exon7-Amplicon,161,a,NaN
SMN2-Exon7-Amplicon,162,g,NaN
SMN2-Exon7-Amplicon,163,t,NaN
SMN2-Exon7-Amplicon,164,a,NaN
SMN2-Exon7-Amplicon,165,a,NaN
SMN2-Exon7-Amplicon,166,c,NaN
SMN2-Exon7-Amplicon,167,t,NaN
SMN2-Exon7-Amplicon,168,c,NaN
SMN2-Exon7-Amplicon,169,g,NaN
SMN2-Exon7-Amplicon,170,t,NaN
SMN2-Exon7-Amplicon,171,c,NaN
SMN2-Exon7-Amplicon,172,t,NaN
SMN2-Exon7-Amplicon,173,a,NaN
SMN2-Exon7-Amplicon,174,t,NaN
SMN2-Exon7-Amplicon,175,c,NaN
SMN2-Exon7-Amplicon,176,t,NaN
SMN2-Exon7-Amplicon,177,t,NaN
SMN2-Exon7-Amplicon,178,c,NaN
SMN2-Exon7-Amplicon,179,t,NaN
SMN2-Exon7-Amplicon,180,g,NaN
SMN2-Exon7-Amplicon,181,c,NaN
SMN2-Exon7-Amplicon,182,a,NaN
SMN2-Exon7-Amplicon,183,g,NaN
SMN2-Exon7-Amplicon,184,g,NaN
SMN2-Exon7-Amplicon,185,c,NaN
SMN2-Exon7-Amplicon,186,t,NaN
SMN2-Exon7-Amplicon,187,g,NaN
SMN2-Exon7-Amplicon,188,c,NaN
SMN2-Exon7-Amplicon,189,t,NaN
SMN2-Exon7-Amplicon,190,t,NaN
SMN2-Exon7-Amplicon,191,a,NaN
SMN2-Exon7-Amplicon,192,c,NaN
SMN2-Exon7-Amplicon,193,g,NaN
SMN2-Exon7-Amplicon,194,g,NaN
SMN2-Exon7-Amplicon,195,t,NaN
SMN2-Exon7-Amplicon,196,t,NaN
SMN2-Exon7-Amplicon,197,t,NaN
SMN2-Exon7-Amplicon,198,c,NaN
SMN2-Exon7-Amplicon,199,g,NaN
SMN2-Exon7-Amplicon,200,t,NaN
SMN2-Exon7-Amplicon,201,c,NaN
SMN2-Exon7-Amplicon,202,c,NaN
SMN2-Exon7-Amplicon,203,g,NaN
SMN2-Exon7-Amplicon,204,t,NaN
SMN2-Exon7-Amplicon,205,g,NaN
SMN2-Exon7-Amplicon,206,t,NaN
SMN2-Exon7-Amplicon,207,t,NaN
SMN2-Exon7-Amplicon,208,g,NaN
SMN2-Exon7-Amplicon,209,c,NaN
SMN2-Exon7-Amplicon,210,a,NaN
SMN2-Exon7-Amplicon,211,g,NaN
SMN2-Exon7-Amplicon,212,c,NaN
SMN2-Exon7-Amplicon,213,c,NaN
SMN2-Exon7-Amplicon,214,g,NaN
SMN2-Exon7-Amplicon,215,a,NaN
SMN2-Exon7-Amplicon,216,t,NaN
SMN2-Exon7-Amplicon,217,c,NaN
SMN2-Exon7-Amplicon,218,a,NaN
SMN2-Exon7-Amplicon,219,t,NaN
SMN2-Exon7-Amplicon,220,c,NaN
SMN2-Exon7-Amplicon,221,a,NaN
SMN2-Exon7-Amplicon,222,g,NaN
SMN2-Exon7-Amplicon,223,c,NaN
SMN2-Exon7-Amplicon,224,a,NaN
SMN2-Exon7-Amplicon,225,c,NaN
SMN2-Exon7-Amplicon,226,a,NaN
SMN2-Exon7-Amplicon,227,t,NaN
SMN2-Exon7-Amplicon,228,c,NaN
SMN2-Exon7-Amplicon,229,t,NaN
SMN2-Exon7-Amplicon,230,a,NaN
SMN2-Exon7-Amplicon,231,g,NaN
SMN2-Exon7-Amplicon,232,g,NaN
SMN2-Exon7-Amplicon,233,t,NaN
SMN2-Exon7-Amplicon,234,t,NaN
SMN2-Exon7-Amplicon,235,t,NaN
SMN2-Exon7-Amplicon,236,c,NaN
SMN2-Exon7-Amplicon,237,g,NaN
SMN2-Exon7-Amplicon,238,t,NaN
SMN2-Exon7-Amplicon,239,c,NaN
SMN2-Exon7-Amplicon,240,c,NaN
SMN2-Exon7-Amplicon,241,g,NaN
SMN2-Exon7-Amplicon,242,g,NaN
SMN2-Exon7-Amplicon,243,g,NaN
SMN2-Exon7-Amplicon,244,t,NaN
SMN2-Exon7-Amplicon,245,g,NaN
SMN2-Exon7-Amplicon,246,t,NaN
SMN2-Exon7-Amplicon,247,g,NaN
SMN2-Exon7-Amplicon,248,a,NaN
SMN2-Exon7-Amplicon,249,c,NaN
SMN2-Exon7-Amplicon,250,c,NaN
SMN2-Exon7-Amplicon,251,g,NaN
SMN2-Exon7-Amplicon,252,a,NaN
SMN2-Exon7-Amplicon,253,a,NaN
SMN2-Exon7-Amplicon,254,a,NaN
SMN2-Exon7-Amplicon,255,g,NaN
SMN2-Exon7-Amplicon,256,g,NaN
SMN2-Exon7-Amplicon,257,t,NaN
SMN2-Exon7-Amplicon,258,a,NaN
SMN2-Exon7-Amplicon,259,a,NaN
SMN2-Exon7-Amplicon,260,g,NaN
SMN2-Exon7-Amplicon,261,a,NaN
SMN2-Exon7-Amplicon,262,t,NaN
SMN2-Exon7-Amplicon,263,g,NaN
SMN2-Exon7-Amplicon,264,g,NaN
SMN2-Exon7-Amplicon,265,a,NaN
SMN2-Exon7-Amplicon,266,g,NaN
SMN2-Exon7-Amplicon,267,a,NaN
SMN2-Exon7-Amplicon,268,g,NaN
SMN2-Exon7-Amplicon,269,c,NaN
SMN2-Exon7-Amplicon,270,c,NaN
SMN2-Exon7-Amplicon,271,t,NaN
SMN2-Exon7-Amplicon,272,t,NaN
SMN2-Exon7-Amplicon,273,g,NaN
SMN2-Exon7-Amplicon,274,t,NaN
SMN2-Exon7-Amplicon,275,c,NaN
SMN2-Exon7-Amplicon,276,c,NaN
SMN2-Exon7-Amplicon,277,c,NaN
SMN2-Exon7-Amplicon,278,t,NaN
SMN2-Exon7-Amplicon,279,g,NaN
SMN2-Exon7-Amplicon,280,g,NaN
SMN2-Exon7-Amplicon,281,t,NaN
SMN2-Exon7-Amplicon,282,t,NaN
SMN2-Exon7-Amplicon,283,t,NaN
SMN2-Exon7-Amplicon,284,c,NaN
SMN2-Exon7-Amplicon,285,a,NaN
SMN2-Exon7-Amplicon,286,a,NaN
SMN2-Exon7-Amplicon,287,c,NaN
SMN2-Exon7-Amplicon,288,g,NaN
SMN2-Exon7-Amplicon,289,a,NaN
SMN2-Exon7-Amplicon,290,g,NaN
SMN2-Exon7-Amplicon,291,g,NaN
SMN2-Exon7-Amplicon,292,g,NaN
SMN2-Exon7-Amplicon,293,a,NaN
SMN2-Exon7-Amplicon,294,g,NaN
SMN2-Exon7-Amplicon,295,t,NaN
SMN2-Exon7-Amplicon,296,c,NaN
SMN2-Exon7-Amplicon,297,a,NaN
SMN2-Exon7-Amplicon,298,a,NaN
SMN2-Exon7-Amplicon,299,a,NaN
SMN2-Exon7-Amplicon,300,g,NaN
SMN2-Exon7-Amplicon,301,t,NaN
SMN2-Exon7-Amplicon,302,t,NaN
SMN2-Exon7-Amplicon,303,c,NaN
SMN2-Exon7-Amplicon,304,t,NaN
SMN2-Exon7-Amplicon,305,g,NaN
SMN2-Exon7-Amplicon,306,t,NaN
SMN2-Exon7-Amplicon,307,t,NaN
SMN2-Exon7-Amplicon,308,t,NaN
SMN2-Exon7-Amplicon,309,g,NaN
SMN2-Exon7-Amplicon,310,c,NaN
SMN2-Exon7-Amplicon,311,c,NaN
SMN2-Exon7-Amplicon,312,c,NaN
SMN2-Exon7-Amplicon,313,t,NaN
SMN2-Exon7-Amplicon,314,g,NaN
SMN2-Exon7-Amplicon,315,a,NaN
SMN2-Exon7-Amplicon,316,t,NaN
SMN2-Exon7-Amplicon,317,c,NaN
SMN2-Exon7-Amplicon,318,t,NaN
SMN2-Exon7-Amplicon,319,g,NaN
SMN2-Exon7-Amplicon,320,c,NaN
SMN2-Exon7-Amplicon,321,a,NaN
SMN2-Exon7-Amplicon,322,t,NaN
SMN2-Exon7-Amplicon,323,c,NaN
SMN2-Exon7-Amplicon,324,g,NaN
