Region,Position,Ref_base,Mut_percentage
SARS-CoV2-5UTR-Amplicon,1,a,0
SARS-CoV2-5UTR-Amplicon,2,g,0
SARS-CoV2-5UTR-Amplicon,3,g,0
SARS-CoV2-5UTR-Amplicon,4,t,0
SARS-CoV2-5UTR-Amplicon,5,t,0.0466
SARS-CoV2-5UTR-Amplicon,6,t,0.6965
SARS-CoV2-5UTR-Amplicon,7,a,0.3
SARS-CoV2-5UTR-Amplicon,8,t,0.4057
SARS-CoV2-5UTR-Amplicon,9,a,0.426
SARS-CoV2-5UTR-Amplicon,10,c,0.4921
SARS-CoV2-5UTR-Amplicon,11,c,0.201
SARS-CoV2-5UTR-Amplicon,12,t,0.5554
SARS-CoV2-5UTR-Amplicon,13,t,0.5101
SARS-CoV2-5UTR-Amplicon,14,c,1.1303
SARS-CoV2-5UTR-Amplicon,15,c,0.3534
SARS-CoV2-5UTR-Amplicon,16,c,0.5072
SARS-CoV2-5UTR-Amplicon,17,a,0.3236
SARS-CoV2-5UTR-Amplicon,18,g,0.755
SARS-CoV2-5UTR-Amplicon,19,g,0.4312
SARS-CoV2-5UTR-Amplicon,20,t,1.875
SARS-CoV2-5UTR-Amplicon,21,a,1.2277
SARS-CoV2-5UTR-Amplicon,22,a,1.3566
SARS-CoV2-5UTR-Amplicon,23,c,1.2699
SARS-CoV2-5UTR-Amplicon,24,a,1.1634
SARS-CoV2-5UTR-Amplicon,25,a,0.6144
SARS-CoV2-5UTR-Amplicon,26,a,0.7937
SARS-CoV2-5UTR-Amplicon,27,c,1.2261
SARS-CoV2-5UTR-Amplicon,28,c,1.3153
SARS-CoV2-5UTR-Amplicon,29,a,0.9897
SARS-CoV2-5UTR-Amplicon,30,a,0.4854
SARS-CoV2-5UTR-Amplicon,31,c,0.6292
SARS-CoV2-5UTR-Amplicon,32,c,1.042
SARS-CoV2-5UTR-Amplicon,33,a,1.2381
SARS-CoV2-5UTR-Amplicon,34,a,0.4662
SARS-CoV2-5UTR-Amplicon,35,c,0.9858
SARS-CoV2-5UTR-Amplicon,36,t,3.4396
SARS-CoV2-5UTR-Amplicon,37,t,1.097
SARS-CoV2-5UTR-Amplicon,38,t,1.0435
SARS-CoV2-5UTR-Amplicon,39,c,4.6516
SARS-CoV2-5UTR-Amplicon,40,g,3.4458
SARS-CoV2-5UTR-Amplicon,41,a,0.8481
SARS-CoV2-5UTR-Amplicon,42,t,2.4912
SARS-CoV2-5UTR-Amplicon,43,c,3.2686
SARS-CoV2-5UTR-Amplicon,44,t,1.3597
SARS-CoV2-5UTR-Amplicon,45,c,2.03
SARS-CoV2-5UTR-Amplicon,46,t,2.6655
SARS-CoV2-5UTR-Amplicon,47,t,2.2418
SARS-CoV2-5UTR-Amplicon,48,g,1.2533
SARS-CoV2-5UTR-Amplicon,49,t,1.5708
SARS-CoV2-5UTR-Amplicon,50,a,1.3044
SARS-CoV2-5UTR-Amplicon,51,g,2.6088
SARS-CoV2-5UTR-Amplicon,52,a,1.1632
SARS-CoV2-5UTR-Amplicon,53,t,1.7624
SARS-CoV2-5UTR-Amplicon,54,c,2.8375
SARS-CoV2-5UTR-Amplicon,55,t,1.9197
SARS-CoV2-5UTR-Amplicon,56,g,2.4124
SARS-CoV2-5UTR-Amplicon,57,t,3.3791
SARS-CoV2-5UTR-Amplicon,58,t,3.0794
SARS-CoV2-5UTR-Amplicon,59,c,3.6946
SARS-CoV2-5UTR-Amplicon,60,t,1.3896
SARS-CoV2-5UTR-Amplicon,61,c,2.5506
SARS-CoV2-5UTR-Amplicon,62,t,3.1939
SARS-CoV2-5UTR-Amplicon,63,a,4.677
SARS-CoV2-5UTR-Amplicon,64,a,0.6878
SARS-CoV2-5UTR-Amplicon,65,a,0.5644
SARS-CoV2-5UTR-Amplicon,66,c,0.8995
SARS-CoV2-5UTR-Amplicon,67,g,2.8924
SARS-CoV2-5UTR-Amplicon,68,a,0.8461
SARS-CoV2-5UTR-Amplicon,69,a,1.04
SARS-CoV2-5UTR-Amplicon,70,c,3.331
SARS-CoV2-5UTR-Amplicon,71,t,2.0617
SARS-CoV2-5UTR-Amplicon,72,t,0.9163
SARS-CoV2-5UTR-Amplicon,73,t,1.1984
SARS-CoV2-5UTR-Amplicon,74,a,2.8314
SARS-CoV2-5UTR-Amplicon,75,a,1.3626
SARS-CoV2-5UTR-Amplicon,76,a,1.4334
SARS-CoV2-5UTR-Amplicon,77,a,2.4058
SARS-CoV2-5UTR-Amplicon,78,t,2.795
SARS-CoV2-5UTR-Amplicon,79,c,2.7237
SARS-CoV2-5UTR-Amplicon,80,t,1.8075
SARS-CoV2-5UTR-Amplicon,81,g,2.1974
SARS-CoV2-5UTR-Amplicon,82,t,1.3291
SARS-CoV2-5UTR-Amplicon,83,g,1.1873
SARS-CoV2-5UTR-Amplicon,84,t,1.8079
SARS-CoV2-5UTR-Amplicon,85,g,1.8079
SARS-CoV2-5UTR-Amplicon,86,g,1.7376
SARS-CoV2-5UTR-Amplicon,87,c,2.673
SARS-CoV2-5UTR-Amplicon,88,t,2.3713
SARS-CoV2-5UTR-Amplicon,89,g,2.1148
SARS-CoV2-5UTR-Amplicon,90,t,2.0259
SARS-CoV2-5UTR-Amplicon,91,c,2.2925
SARS-CoV2-5UTR-Amplicon,92,a,2.0245
SARS-CoV2-5UTR-Amplicon,93,c,2.7205
SARS-CoV2-5UTR-Amplicon,94,t,1.6533
SARS-CoV2-5UTR-Amplicon,95,c,2.9339
SARS-CoV2-5UTR-Amplicon,96,g,2.3111
SARS-CoV2-5UTR-Amplicon,97,g,1.5822
SARS-CoV2-5UTR-Amplicon,98,c,1.6126
SARS-CoV2-5UTR-Amplicon,99,t,1.7059
SARS-CoV2-5UTR-Amplicon,100,g,2.3223
SARS-CoV2-5UTR-Amplicon,101,c,2.4631
SARS-CoV2-5UTR-Amplicon,102,g,3.3275
SARS-CoV2-5UTR-Amplicon,103,t,2.1127
SARS-CoV2-5UTR-Amplicon,104,g,3.2394
SARS-CoV2-5UTR-Amplicon,105,c,3.5739
SARS-CoV2-5UTR-Amplicon,106,t,3.1327
SARS-CoV2-5UTR-Amplicon,107,t,3.3081
SARS-CoV2-5UTR-Amplicon,108,a,1.6362
SARS-CoV2-5UTR-Amplicon,109,g,1.5303
SARS-CoV2-5UTR-Amplicon,110,t,1.5128
SARS-CoV2-5UTR-Amplicon,111,g,1.1434
SARS-CoV2-5UTR-Amplicon,112,c,1.5655
SARS-CoV2-5UTR-Amplicon,113,a,1.1785
SARS-CoV2-5UTR-Amplicon,114,c,1.1963
SARS-CoV2-5UTR-Amplicon,115,t,0.9676
SARS-CoV2-5UTR-Amplicon,116,c,2.0753
SARS-CoV2-5UTR-Amplicon,117,a,1.2487
SARS-CoV2-5UTR-Amplicon,118,c,1.1607
SARS-CoV2-5UTR-Amplicon,119,g,1.4409
SARS-CoV2-5UTR-Amplicon,120,c,0.9847
SARS-CoV2-5UTR-Amplicon,121,a,1.2311
SARS-CoV2-5UTR-Amplicon,122,g,1.1777
SARS-CoV2-5UTR-Amplicon,123,t,1.5023
SARS-CoV2-5UTR-Amplicon,124,a,1.1842
SARS-CoV2-5UTR-Amplicon,125,t,0.9432
SARS-CoV2-5UTR-Amplicon,126,a,0.8907
SARS-CoV2-5UTR-Amplicon,127,a,0.6811
SARS-CoV2-5UTR-Amplicon,128,t,0.8732
SARS-CoV2-5UTR-Amplicon,129,t,0.7512
SARS-CoV2-5UTR-Amplicon,130,a,0.6988
SARS-CoV2-5UTR-Amplicon,131,a,1.3627
SARS-CoV2-5UTR-Amplicon,132,t,0.6464
SARS-CoV2-5UTR-Amplicon,133,a,1.31
SARS-CoV2-5UTR-Amplicon,134,a,0.6115
SARS-CoV2-5UTR-Amplicon,135,c,1.5549
SARS-CoV2-5UTR-Amplicon,136,t,0.8208
SARS-CoV2-5UTR-Amplicon,137,a,0.8738
SARS-CoV2-5UTR-Amplicon,138,a,0.6991
SARS-CoV2-5UTR-Amplicon,139,t,0.8039
SARS-CoV2-5UTR-Amplicon,140,t,0.9088
SARS-CoV2-5UTR-Amplicon,141,a,1.2408
SARS-CoV2-5UTR-Amplicon,142,c,1.6911
SARS-CoV2-5UTR-Amplicon,143,t,1.3773
SARS-CoV2-5UTR-Amplicon,144,g,1.7782
SARS-CoV2-5UTR-Amplicon,145,t,1.1987
SARS-CoV2-5UTR-Amplicon,146,c,1.4772
SARS-CoV2-5UTR-Amplicon,147,g,2.6101
SARS-CoV2-5UTR-Amplicon,148,t,1.4276
SARS-CoV2-5UTR-Amplicon,149,t,0.9729
SARS-CoV2-5UTR-Amplicon,150,g,2.1818
SARS-CoV2-5UTR-Amplicon,151,a,1.1946
SARS-CoV2-5UTR-Amplicon,152,c,1.0811
SARS-CoV2-5UTR-Amplicon,153,a,1.6736
SARS-CoV2-5UTR-Amplicon,154,g,3.0166
SARS-CoV2-5UTR-Amplicon,155,g,2.1652
SARS-CoV2-5UTR-Amplicon,156,a,2.1128
SARS-CoV2-5UTR-Amplicon,157,c,2.3219
SARS-CoV2-5UTR-Amplicon,158,a,2.371
SARS-CoV2-5UTR-Amplicon,159,c,1.6896
SARS-CoV2-5UTR-Amplicon,160,g,4.4259
SARS-CoV2-5UTR-Amplicon,161,a,3.6814
SARS-CoV2-5UTR-Amplicon,162,g,1.7262
SARS-CoV2-5UTR-Amplicon,163,t,1.8816
SARS-CoV2-5UTR-Amplicon,164,a,2.5022
SARS-CoV2-5UTR-Amplicon,165,a,1.2252
SARS-CoV2-5UTR-Amplicon,166,c,1.6218
SARS-CoV2-5UTR-Amplicon,167,t,1.1556
SARS-CoV2-5UTR-Amplicon,168,c,2.3119
SARS-CoV2-5UTR-Amplicon,169,g,2.2763
SARS-CoV2-5UTR-Amplicon,170,t,1.7734
SARS-CoV2-5UTR-Amplicon,171,c,2.8931
SARS-CoV2-5UTR-Amplicon,172,t,3.5308
SARS-CoV2-5UTR-Amplicon,173,a,3.5474
SARS-CoV2-5UTR-Amplicon,174,t,2.7883
SARS-CoV2-5UTR-Amplicon,175,c,3.7349
SARS-CoV2-5UTR-Amplicon,176,t,2.8055
SARS-CoV2-5UTR-Amplicon,177,t,1.8936
SARS-CoV2-5UTR-Amplicon,178,c,2.1178
SARS-CoV2-5UTR-Amplicon,179,t,1.5152
SARS-CoV2-5UTR-Amplicon,180,g,3.1508
SARS-CoV2-5UTR-Amplicon,181,c,2.7553
SARS-CoV2-5UTR-Amplicon,182,a,2.1189
SARS-CoV2-5UTR-Amplicon,183,g,1.9176
SARS-CoV2-5UTR-Amplicon,184,g,1.3959
SARS-CoV2-5UTR-Amplicon,185,c,2.186
SARS-CoV2-5UTR-Amplicon,186,t,2.0819
SARS-CoV2-5UTR-Amplicon,187,g,2.6687
SARS-CoV2-5UTR-Amplicon,188,c,1.997
SARS-CoV2-5UTR-Amplicon,189,t,6.3815
SARS-CoV2-5UTR-Amplicon,190,t,2.4251
SARS-CoV2-5UTR-Amplicon,191,a,2.2402
SARS-CoV2-5UTR-Amplicon,192,c,2.1563
SARS-CoV2-5UTR-Amplicon,193,g,2.6954
SARS-CoV2-5UTR-Amplicon,194,g,2.5775
SARS-CoV2-5UTR-Amplicon,195,t,2.19
SARS-CoV2-5UTR-Amplicon,196,t,1.4317
SARS-CoV2-5UTR-Amplicon,197,t,1.5493
SARS-CoV2-5UTR-Amplicon,198,c,2.7796
SARS-CoV2-5UTR-Amplicon,199,g,2.5438
SARS-CoV2-5UTR-Amplicon,200,t,2.0721
SARS-CoV2-5UTR-Amplicon,201,c,2.7464
SARS-CoV2-5UTR-Amplicon,202,c,2.679
SARS-CoV2-5UTR-Amplicon,203,g,1.7523
SARS-CoV2-5UTR-Amplicon,204,t,3.6057
SARS-CoV2-5UTR-Amplicon,205,g,1.7857
SARS-CoV2-5UTR-Amplicon,206,t,1.938
SARS-CoV2-5UTR-Amplicon,207,t,2.5611
SARS-CoV2-5UTR-Amplicon,208,g,2.2047
SARS-CoV2-5UTR-Amplicon,209,c,2.7316
SARS-CoV2-5UTR-Amplicon,210,a,2.1721
SARS-CoV2-5UTR-Amplicon,211,g,2.5675
SARS-CoV2-5UTR-Amplicon,212,c,2.0079
SARS-CoV2-5UTR-Amplicon,213,c,1.7619
SARS-CoV2-5UTR-Amplicon,214,g,3.1869
SARS-CoV2-5UTR-Amplicon,215,a,1.6678
SARS-CoV2-5UTR-Amplicon,216,t,1.4871
SARS-CoV2-5UTR-Amplicon,217,c,2.595
SARS-CoV2-5UTR-Amplicon,218,a,3.7686
SARS-CoV2-5UTR-Amplicon,219,t,1.2725
SARS-CoV2-5UTR-Amplicon,220,c,3.5207
SARS-CoV2-5UTR-Amplicon,221,a,7.361
SARS-CoV2-5UTR-Amplicon,222,g,5.6756
SARS-CoV2-5UTR-Amplicon,223,c,2.5908
SARS-CoV2-5UTR-Amplicon,224,a,4.1584
SARS-CoV2-5UTR-Amplicon,225,c,1.7437
SARS-CoV2-5UTR-Amplicon,226,a,4.1468
SARS-CoV2-5UTR-Amplicon,227,t,2.5531
SARS-CoV2-5UTR-Amplicon,228,c,3.4755
SARS-CoV2-5UTR-Amplicon,229,t,3.3575
SARS-CoV2-5UTR-Amplicon,230,a,3.2582
SARS-CoV2-5UTR-Amplicon,231,g,3.8512
SARS-CoV2-5UTR-Amplicon,232,g,4.0316
SARS-CoV2-5UTR-Amplicon,233,t,4.7525
SARS-CoV2-5UTR-Amplicon,234,t,3.8197
SARS-CoV2-5UTR-Amplicon,235,t,3.6557
SARS-CoV2-5UTR-Amplicon,236,c,3.5246
SARS-CoV2-5UTR-Amplicon,237,g,2.9339
SARS-CoV2-5UTR-Amplicon,238,t,1.738
SARS-CoV2-5UTR-Amplicon,239,c,3.1342
SARS-CoV2-5UTR-Amplicon,240,c,3.1014
SARS-CoV2-5UTR-Amplicon,241,g,4.6298
SARS-CoV2-5UTR-Amplicon,242,g,2.9765
SARS-CoV2-5UTR-Amplicon,243,g,3.1908
SARS-CoV2-5UTR-Amplicon,244,t,3.2795
SARS-CoV2-5UTR-Amplicon,245,g,1.9776
SARS-CoV2-5UTR-Amplicon,246,t,2.1592
SARS-CoV2-5UTR-Amplicon,247,g,5.5061
SARS-CoV2-5UTR-Amplicon,248,a,3.2343
SARS-CoV2-5UTR-Amplicon,249,c,3.1033
SARS-CoV2-5UTR-Amplicon,250,c,1.9563
SARS-CoV2-5UTR-Amplicon,251,g,3.552
SARS-CoV2-5UTR-Amplicon,252,a,3.7646
SARS-CoV2-5UTR-Amplicon,253,a,1.7919
SARS-CoV2-5UTR-Amplicon,254,a,2.3512
SARS-CoV2-5UTR-Amplicon,255,g,2.797
SARS-CoV2-5UTR-Amplicon,256,g,2.9286
SARS-CoV2-5UTR-Amplicon,257,t,3.4063
SARS-CoV2-5UTR-Amplicon,258,a,3.9829
SARS-CoV2-5UTR-Amplicon,259,a,2.7085
SARS-CoV2-5UTR-Amplicon,260,g,3.4964
SARS-CoV2-5UTR-Amplicon,261,a,2.8234
SARS-CoV2-5UTR-Amplicon,262,t,1.9048
SARS-CoV2-5UTR-Amplicon,263,g,3.0557
SARS-CoV2-5UTR-Amplicon,264,g,2.0375
SARS-CoV2-5UTR-Amplicon,265,a,1.7746
SARS-CoV2-5UTR-Amplicon,266,g,2.6952
SARS-CoV2-5UTR-Amplicon,267,a,2.0214
SARS-CoV2-5UTR-Amplicon,268,g,2.844
SARS-CoV2-5UTR-Amplicon,269,c,2.2357
SARS-CoV2-5UTR-Amplicon,270,c,1.7919
SARS-CoV2-5UTR-Amplicon,271,t,3.0094
SARS-CoV2-5UTR-Amplicon,272,t,1.5471
SARS-CoV2-5UTR-Amplicon,273,g,1.3333
SARS-CoV2-5UTR-Amplicon,274,t,1.8522
SARS-CoV2-5UTR-Amplicon,275,c,6.6699
SARS-CoV2-5UTR-Amplicon,276,c,1.7188
SARS-CoV2-5UTR-Amplicon,277,c,2.3416
SARS-CoV2-5UTR-Amplicon,278,t,3.1619
SARS-CoV2-5UTR-Amplicon,279,g,6.671
SARS-CoV2-5UTR-Amplicon,280,g,3.3109
SARS-CoV2-5UTR-Amplicon,281,t,2.8848
SARS-CoV2-5UTR-Amplicon,282,t,1.9341
SARS-CoV2-5UTR-Amplicon,283,t,2.4354
SARS-CoV2-5UTR-Amplicon,284,c,3.0402
SARS-CoV2-5UTR-Amplicon,285,a,2.697
SARS-CoV2-5UTR-Amplicon,286,a,1.7816
SARS-CoV2-5UTR-Amplicon,287,c,1.4391
SARS-CoV2-5UTR-Amplicon,288,g,2.3222
SARS-CoV2-5UTR-Amplicon,289,a,1.2571
SARS-CoV2-5UTR-Amplicon,290,g,3.4778
SARS-CoV2-5UTR-Amplicon,291,g,1.9944
SARS-CoV2-5UTR-Amplicon,292,g,2.1768
SARS-CoV2-5UTR-Amplicon,293,a,2.1771
SARS-CoV2-5UTR-Amplicon,294,g,3.1661
SARS-CoV2-5UTR-Amplicon,295,t,2.9838
SARS-CoV2-5UTR-Amplicon,296,c,4.569
SARS-CoV2-5UTR-Amplicon,297,a,6.9242
SARS-CoV2-5UTR-Amplicon,298,a,3.8146
SARS-CoV2-5UTR-Amplicon,299,a,4.0649
SARS-CoV2-5UTR-Amplicon,300,g,4.6878
SARS-CoV2-5UTR-Amplicon,301,t,5.9769
SARS-CoV2-5UTR-Amplicon,302,t,5.6253
SARS-CoV2-5UTR-Amplicon,303,c,2.4133
SARS-CoV2-5UTR-Amplicon,304,t,2.6664
SARS-CoV2-5UTR-Amplicon,305,g,2.1852
SARS-CoV2-5UTR-Amplicon,306,t,7.4634
SARS-CoV2-5UTR-Amplicon,307,t,1.1933
SARS-CoV2-5UTR-Amplicon,308,t,1.6162
SARS-CoV2-5UTR-Amplicon,309,g,2.0169
SARS-CoV2-5UTR-Amplicon,310,c,3.5799
SARS-CoV2-5UTR-Amplicon,311,c,1.1024
SARS-CoV2-5UTR-Amplicon,312,c,1.2392
SARS-CoV2-5UTR-Amplicon,313,t,1.8842
SARS-CoV2-5UTR-Amplicon,314,g,1.8679
SARS-CoV2-5UTR-Amplicon,315,a,0.883
SARS-CoV2-5UTR-Amplicon,316,t,1.4948
SARS-CoV2-5UTR-Amplicon,317,c,1.7669
SARS-CoV2-5UTR-Amplicon,318,t,1.9201
SARS-CoV2-5UTR-Amplicon,319,g,2.5362
SARS-CoV2-5UTR-Amplicon,320,c,1.6851
SARS-CoV2-5UTR-Amplicon,321,a,5.4165
SARS-CoV2-5UTR-Amplicon,322,t,1.2124
SARS-CoV2-5UTR-Amplicon,323,c,1.9645
SARS-CoV2-5UTR-Amplicon,324,g,1.4535
SARS-CoV2-5UTR-Amplicon,325,c,1.678
SARS-CoV2-5UTR-Amplicon,326,t,1.714
SARS-CoV2-5UTR-Amplicon,327,g,2.0007
SARS-CoV2-5UTR-Amplicon,328,t,1.4829
SARS-CoV2-5UTR-Amplicon,329,g,1.3584
SARS-CoV2-5UTR-Amplicon,330,g,1.4122
SARS-CoV2-5UTR-Amplicon,331,c,1.1981
SARS-CoV2-5UTR-Amplicon,332,c,0.8767
SARS-CoV2-5UTR-Amplicon,333,g,3.4174
SARS-CoV2-5UTR-Amplicon,334,a,2.4512
SARS-CoV2-5UTR-Amplicon,335,g,1.3255
SARS-CoV2-5UTR-Amplicon,336,g,1.6311
SARS-CoV2-5UTR-Amplicon,337,c,1.2729
SARS-CoV2-5UTR-Amplicon,338,c,2.4661
SARS-CoV2-5UTR-Amplicon,339,a,3.4476
SARS-CoV2-5UTR-Amplicon,340,a,1.1459
SARS-CoV2-5UTR-Amplicon,341,g,1.574
SARS-CoV2-5UTR-Amplicon,342,c,1.7881
SARS-CoV2-5UTR-Amplicon,343,c,1.3235
SARS-CoV2-5UTR-Amplicon,344,c,1.1535
SARS-CoV2-5UTR-Amplicon,345,a,1.4706
SARS-CoV2-5UTR-Amplicon,346,c,1.8039
SARS-CoV2-5UTR-Amplicon,347,c,1.2979
SARS-CoV2-5UTR-Amplicon,348,g,2.3407
SARS-CoV2-5UTR-Amplicon,349,a,1.7706
SARS-CoV2-5UTR-Amplicon,350,g,1.7751
SARS-CoV2-5UTR-Amplicon,351,a,3.5517
SARS-CoV2-5UTR-Amplicon,352,a,1.4424
SARS-CoV2-5UTR-Amplicon,353,c,1.1072
SARS-CoV2-5UTR-Amplicon,354,a,2.2407
SARS-CoV2-5UTR-Amplicon,355,a,0.6613
SARS-CoV2-5UTR-Amplicon,356,c,0.9426
SARS-CoV2-5UTR-Amplicon,357,g,3.4178
SARS-CoV2-5UTR-Amplicon,358,a,0.8446
SARS-CoV2-5UTR-Amplicon,359,a,1.0064
SARS-CoV2-5UTR-Amplicon,360,g,2.1664
SARS-CoV2-5UTR-Amplicon,361,a,1.5022
SARS-CoV2-5UTR-Amplicon,362,c,1.2203
SARS-CoV2-5UTR-Amplicon,363,t,2.2621
SARS-CoV2-5UTR-Amplicon,364,t,1.0459
SARS-CoV2-5UTR-Amplicon,365,c,0.8478
SARS-CoV2-5UTR-Amplicon,366,a,2.4385
SARS-CoV2-5UTR-Amplicon,367,a,0.3967
SARS-CoV2-5UTR-Amplicon,368,c,0.3994
SARS-CoV2-5UTR-Amplicon,369,a,1.5628
SARS-CoV2-5UTR-Amplicon,370,t,0.4018
SARS-CoV2-5UTR-Amplicon,371,c,0.7538
SARS-CoV2-5UTR-Amplicon,372,g,0.1081
SARS-CoV2-5UTR-Amplicon,373,t,0.1517
SARS-CoV2-5UTR-Amplicon,374,g,0.727
SARS-CoV2-5UTR-Amplicon,375,g,0
SARS-CoV2-5UTR-Amplicon,376,c,0
SARS-CoV2-5UTR-Amplicon,377,c,0
SARS-CoV2-5UTR-Amplicon,378,g,0
SMN2-Exon7-Amplicon,1,a,NaN
SMN2-Exon7-Amplicon,2,g,NaN
SMN2-Exon7-Amplicon,3,g,NaN
SMN2-Exon7-Amplicon,4,t,NaN
SMN2-Exon7-Amplicon,5,t,NaN
SMN2-Exon7-Amplicon,6,t,NaN
SMN2-Exon7-Amplicon,7,a,NaN
SMN2-Exon7-Amplicon,8,t,NaN
SMN2-Exon7-Amplicon,9,a,NaN
SMN2-Exon7-Amplicon,10,c,NaN
SMN2-Exon7-Amplicon,11,c,NaN
SMN2-Exon7-Amplicon,12,t,NaN
SMN2-Exon7-Amplicon,13,t,NaN
SMN2-Exon7-Amplicon,14,c,NaN
SMN2-Exon7-Amplicon,15,c,NaN
SMN2-Exon7-Amplicon,16,c,NaN
SMN2-Exon7-Amplicon,17,a,NaN
SMN2-Exon7-Amplicon,18,g,NaN
SMN2-Exon7-Amplicon,19,g,NaN
SMN2-Exon7-Amplicon,20,t,NaN
SMN2-Exon7-Amplicon,21,a,NaN
SMN2-Exon7-Amplicon,22,a,NaN
SMN2-Exon7-Amplicon,23,c,NaN
SMN2-Exon7-Amplicon,24,a,NaN
SMN2-Exon7-Amplicon,25,a,NaN
SMN2-Exon7-Amplicon,26,a,NaN
SMN2-Exon7-Amplicon,27,c,NaN
SMN2-Exon7-Amplicon,28,c,NaN
SMN2-Exon7-Amplicon,29,a,NaN
SMN2-Exon7-Amplicon,30,a,NaN
SMN2-Exon7-Amplicon,31,c,NaN
SMN2-Exon7-Amplicon,32,c,NaN
SMN2-Exon7-Amplicon,33,a,NaN
SMN2-Exon7-Amplicon,34,a,NaN
SMN2-Exon7-Amplicon,35,c,NaN
SMN2-Exon7-Amplicon,36,t,NaN
SMN2-Exon7-Amplicon,37,t,NaN
SMN2-Exon7-Amplicon,38,t,NaN
SMN2-Exon7-Amplicon,39,c,NaN
SMN2-Exon7-Amplicon,40,g,NaN
SMN2-Exon7-Amplicon,41,a,NaN
SMN2-Exon7-Amplicon,42,t,NaN
SMN2-Exon7-Amplicon,43,c,NaN
SMN2-Exon7-Amplicon,44,t,NaN
SMN2-Exon7-Amplicon,45,c,NaN
SMN2-Exon7-Amplicon,46,t,NaN
SMN2-Exon7-Amplicon,47,t,NaN
SMN2-Exon7-Amplicon,48,g,NaN
SMN2-Exon7-Amplicon,49,t,NaN
SMN2-Exon7-Amplicon,50,a,NaN
SMN2-Exon7-Amplicon,51,g,NaN
SMN2-Exon7-Amplicon,52,a,NaN
SMN2-Exon7-Amplicon,53,t,NaN
SMN2-Exon7-Amplicon,54,c,NaN
SMN2-Exon7-Amplicon,55,t,NaN
SMN2-Exon7-Amplicon,56,g,NaN
SMN2-Exon7-Amplicon,57,t,NaN
SMN2-Exon7-Amplicon,58,t,NaN
SMN2-Exon7-Amplicon,59,c,NaN
SMN2-Exon7-Amplicon,60,t,NaN
SMN2-Exon7-Amplicon,61,c,NaN
SMN2-Exon7-Amplicon,62,t,NaN
SMN2-Exon7-Amplicon,63,a,NaN
SMN2-Exon7-Amplicon,64,a,NaN
SMN2-Exon7-Amplicon,65,a,NaN
SMN2-Exon7-Amplicon,66,c,NaN
SMN2-Exon7-Amplicon,67,g,NaN
SMN2-Exon7-Amplicon,68,a,NaN
SMN2-Exon7-Amplicon,69,a,NaN
SMN2-Exon7-Amplicon,70,c,NaN
SMN2-Exon7-Amplicon,71,t,NaN
SMN2-Exon7-Amplicon,72,t,NaN
SMN2-Exon7-Amplicon,73,t,NaN
SMN2-Exon7-Amplicon,74,a,NaN
SMN2-Exon7-Amplicon,75,a,NaN
SMN2-Exon7-Amplicon,76,a,NaN
SMN2-Exon7-Amplicon,77,a,NaN
SMN2-Exon7-Amplicon,78,t,NaN
SMN2-Exon7-Amplicon,79,c,NaN
SMN2-Exon7-Amplicon,80,t,NaN
SMN2-Exon7-Amplicon,81,g,NaN
SMN2-Exon7-Amplicon,82,t,NaN
SMN2-Exon7-Amplicon,83,g,NaN
SMN2-Exon7-Amplicon,84,t,NaN
SMN2-Exon7-Amplicon,85,g,NaN
SMN2-Exon7-Amplicon,86,g,NaN
SMN2-Exon7-Amplicon,87,c,NaN
SMN2-Exon7-Amplicon,88,t,NaN
SMN2-Exon7-Amplicon,89,g,NaN
SMN2-Exon7-Amplicon,90,t,NaN
SMN2-Exon7-Amplicon,91,c,NaN
SMN2-Exon7-Amplicon,92,a,NaN
SMN2-Exon7-Amplicon,93,c,NaN
SMN2-Exon7-Amplicon,94,t,NaN
SMN2-Exon7-Amplicon,95,c,NaN
SMN2-Exon7-Amplicon,96,g,NaN
SMN2-Exon7-Amplicon,97,g,NaN
SMN2-Exon7-Amplicon,98,c,NaN
SMN2-Exon7-Amplicon,99,t,NaN
SMN2-Exon7-Amplicon,100,g,NaN
SMN2-Exon7-Amplicon,101,c,NaN
SMN2-Exon7-Amplicon,102,g,NaN
SMN2-Exon7-Amplicon,103,t,NaN
SMN2-Exon7-Amplicon,104,g,NaN
SMN2-Exon7-Amplicon,105,c,NaN
SMN2-Exon7-Amplicon,106,t,NaN
SMN2-Exon7-Amplicon,107,t,NaN
SMN2-Exon7-Amplicon,108,a,NaN
SMN2-Exon7-Amplicon,109,g,NaN
SMN2-Exon7-Amplicon,110,t,NaN
SMN2-Exon7-Amplicon,111,g,NaN
SMN2-Exon7-Amplicon,112,c,NaN
SMN2-Exon7-Amplicon,113,a,NaN
SMN2-Exon7-Amplicon,114,c,NaN
SMN2-Exon7-Amplicon,115,t,NaN
SMN2-Exon7-Amplicon,116,c,NaN
SMN2-Exon7-Amplicon,117,a,NaN
SMN2-Exon7-Amplicon,118,c,NaN
SMN2-Exon7-Amplicon,119,g,NaN
SMN2-Exon7-Amplicon,120,c,NaN
SMN2-Exon7-Amplicon,121,a,NaN
SMN2-Exon7-Amplicon,122,g,NaN
SMN2-Exon7-Amplicon,123,t,NaN
SMN2-Exon7-Amplicon,124,a,NaN
SMN2-Exon7-Amplicon,125,t,NaN
SMN2-Exon7-Amplicon,126,a,NaN
SMN2-Exon7-Amplicon,127,a,NaN
SMN2-Exon7-Amplicon,128,t,NaN
SMN2-Exon7-Amplicon,129,t,NaN
SMN2-Exon7-Amplicon,130,a,NaN
SMN2-Exon7-Amplicon,131,a,NaN
SMN2-Exon7-Amplicon,132,t,NaN
SMN2-Exon7-Amplicon,133,a,NaN
SMN2-Exon7-Amplicon,134,a,NaN
SMN2-Exon7-Amplicon,135,c,NaN
SMN2-Exon7-Amplicon,136,t,NaN
SMN2-Exon7-Amplicon,137,a,NaN
SMN2-Exon7-Amplicon,138,a,NaN
SMN2-Exon7-Amplicon,139,t,NaN
SMN2-Exon7-Amplicon,140,t,NaN
SMN2-Exon7-Amplicon,141,a,NaN
SMN2-Exon7-Amplicon,142,c,NaN
SMN2-Exon7-Amplicon,143,t,NaN
SMN2-Exon7-Amplicon,144,g,NaN
SMN2-Exon7-Amplicon,145,t,NaN
SMN2-Exon7-Amplicon,146,c,NaN
SMN2-Exon7-Amplicon,147,g,NaN
SMN2-Exon7-Amplicon,148,t,NaN
SMN2-Exon7-Amplicon,149,t,NaN
SMN2-Exon7-Amplicon,150,g,NaN
SMN2-Exon7-Amplicon,151,a,NaN
SMN2-Exon7-Amplicon,152,c,NaN
SMN2-Exon7-Amplicon,153,a,NaN
SMN2-Exon7-Amplicon,154,g,NaN
SMN2-Exon7-Amplicon,155,g,NaN
SMN2-Exon7-Amplicon,156,a,NaN
SMN2-Exon7-Amplicon,157,c,NaN
SMN2-Exon7-Amplicon,158,a,NaN
SMN2-Exon7-Amplicon,159,c,NaN
SMN2-Exon7-Amplicon,160,g,NaN
SMN2-Exon7-Amplicon,161,a,NaN
SMN2-Exon7-Amplicon,162,g,NaN
SMN2-Exon7-Amplicon,163,t,NaN
SMN2-Exon7-Amplicon,164,a,NaN
SMN2-Exon7-Amplicon,165,a,NaN
SMN2-Exon7-Amplicon,166,c,NaN
SMN2-Exon7-Amplicon,167,t,NaN
SMN2-Exon7-Amplicon,168,c,NaN
SMN2-Exon7-Amplicon,169,g,NaN
SMN2-Exon7-Amplicon,170,t,NaN
SMN2-Exon7-Amplicon,171,c,NaN
SMN2-Exon7-Amplicon,172,t,NaN
SMN2-Exon7-Amplicon,173,a,NaN
SMN2-Exon7-Amplicon,174,t,NaN
SMN2-Exon7-Amplicon,175,c,NaN
SMN2-Exon7-Amplicon,176,t,NaN
SMN2-Exon7-Amplicon,177,t,NaN
SMN2-Exon7-Amplicon,178,c,NaN
SMN2-Exon7-Amplicon,179,t,NaN
SMN2-Exon7-Amplicon,180,g,NaN
SMN2-Exon7-Amplicon,181,c,NaN
SMN2-Exon7-Amplicon,182,a,NaN
SMN2-Exon7-Amplicon,183,g,NaN
SMN2-Exon7-Amplicon,184,g,NaN
SMN2-Exon7-Amplicon,185,c,NaN
SMN2-Exon7-Amplicon,186,t,NaN
SMN2-Exon7-Amplicon,187,g,NaN
SMN2-Exon7-Amplicon,188,c,NaN
SMN2-Exon7-Amplicon,189,t,NaN
SMN2-Exon7-Amplicon,190,t,NaN
SMN2-Exon7-Amplicon,191,a,NaN
SMN2-Exon7-Amplicon,192,c,NaN
SMN2-Exon7-Amplicon,193,g,NaN
SMN2-Exon7-Amplicon,194,g,NaN
SMN2-Exon7-Amplicon,195,t,NaN
SMN2-Exon7-Amplicon,196,t,NaN
SMN2-Exon7-Amplicon,197,t,NaN
SMN2-Exon7-Amplicon,198,c,NaN
SMN2-Exon7-Amplicon,199,g,NaN
SMN2-Exon7-Amplicon,200,t,NaN
SMN2-Exon7-Amplicon,201,c,NaN
SMN2-Exon7-Amplicon,202,c,NaN
SMN2-Exon7-Amplicon,203,g,NaN
SMN2-Exon7-Amplicon,204,t,NaN
SMN2-Exon7-Amplicon,205,g,NaN
SMN2-Exon7-Amplicon,206,t,NaN
SMN2-Exon7-Amplicon,207,t,NaN
SMN2-Exon7-Amplicon,208,g,NaN
SMN2-Exon7-Amplicon,209,c,NaN
SMN2-Exon7-Amplicon,210,a,NaN
SMN2-Exon7-Amplicon,211,g,NaN
SMN2-Exon7-Amplicon,212,c,NaN
SMN2-Exon7-Amplicon,213,c,NaN
SMN2-Exon7-Amplicon,214,g,NaN
SMN2-Exon7-Amplicon,215,a,NaN
SMN2-Exon7-Amplicon,216,t,NaN
SMN2-Exon7-Amplicon,217,c,NaN
SMN2-Exon7-Amplicon,218,a,NaN
SMN2-Exon7-Amplicon,219,t,NaN
SMN2-Exon7-Amplicon,220,c,NaN
SMN2-Exon7-Amplicon,221,a,NaN
SMN2-Exon7-Amplicon,222,g,NaN
SMN2-Exon7-Amplicon,223,c,NaN
SMN2-Exon7-Amplicon,224,a,NaN
SMN2-Exon7-Amplicon,225,c,NaN
SMN2-Exon7-Amplicon,226,a,NaN
SMN2-Exon7-Amplicon,227,t,NaN
SMN2-Exon7-Amplicon,228,c,NaN
SMN2-Exon7-Amplicon,229,t,NaN
SMN2-Exon7-Amplicon,230,a,NaN
SMN2-Exon7-Amplicon,231,g,NaN
SMN2-Exon7-Amplicon,232,g,NaN
SMN2-Exon7-Amplicon,233,t,NaN
SMN2-Exon7-Amplicon,234,t,NaN
SMN2-Exon7-Amplicon,235,t,NaN
SMN2-Exon7-Amplicon,236,c,NaN
SMN2-Exon7-Amplicon,237,g,NaN
SMN2-Exon7-Amplicon,238,t,NaN
SMN2-Exon7-Amplicon,239,c,NaN
SMN2-Exon7-Amplicon,240,c,NaN
SMN2-Exon7-Amplicon,241,g,NaN
SMN2-Exon7-Amplicon,242,g,NaN
SMN2-Exon7-Amplicon,243,g,NaN
SMN2-Exon7-Amplicon,244,t,NaN
SMN2-Exon7-Amplicon,245,g,NaN
SMN2-Exon7-Amplicon,246,t,NaN
SMN2-Exon7-Amplicon,247,g,NaN
SMN2-Exon7-Amplicon,248,a,NaN
SMN2-Exon7-Amplicon,249,c,NaN
SMN2-Exon7-Amplicon,250,c,NaN
SMN2-Exon7-Amplicon,251,g,NaN
SMN2-Exon7-Amplicon,252,a,NaN
SMN2-Exon7-Amplicon,253,a,NaN
SMN2-Exon7-Amplicon,254,a,NaN
SMN2-Exon7-Amplicon,255,g,NaN
SMN2-Exon7-Amplicon,256,g,NaN
SMN2-Exon7-Amplicon,257,t,NaN
SMN2-Exon7-Amplicon,258,a,NaN
SMN2-Exon7-Amplicon,259,a,NaN
SMN2-Exon7-Amplicon,260,g,NaN
SMN2-Exon7-Amplicon,261,a,NaN
SMN2-Exon7-Amplicon,262,t,NaN
SMN2-Exon7-Amplicon,263,g,NaN
SMN2-Exon7-Amplicon,264,g,NaN
SMN2-Exon7-Amplicon,265,a,NaN
SMN2-Exon7-Amplicon,266,g,NaN
SMN2-Exon7-Amplicon,267,a,NaN
SMN2-Exon7-Amplicon,268,g,NaN
SMN2-Exon7-Amplicon,269,c,NaN
SMN2-Exon7-Amplicon,270,c,NaN
SMN2-Exon7-Amplicon,271,t,NaN
SMN2-Exon7-Amplicon,272,t,NaN
SMN2-Exon7-Amplicon,273,g,NaN
SMN2-Exon7-Amplicon,274,t,NaN
SMN2-Exon7-Amplicon,275,c,NaN
SMN2-Exon7-Amplicon,276,c,NaN
SMN2-Exon7-Amplicon,277,c,NaN
SMN2-Exon7-Amplicon,278,t,NaN
SMN2-Exon7-Amplicon,279,g,NaN
SMN2-Exon7-Amplicon,280,g,NaN
SMN2-Exon7-Amplicon,281,t,NaN
SMN2-Exon7-Amplicon,282,t,NaN
SMN2-Exon7-Amplicon,283,t,NaN
SMN2-Exon7-Amplicon,284,c,NaN
SMN2-Exon7-Amplicon,285,a,NaN
SMN2-Exon7-Amplicon,286,a,NaN
SMN2-Exon7-Amplicon,287,c,NaN
SMN2-Exon7-Amplicon,288,g,NaN
SMN2-Exon7-Amplicon,289,a,NaN
SMN2-Exon7-Amplicon,290,g,NaN
SMN2-Exon7-Amplicon,291,g,NaN
SMN2-Exon7-Amplicon,292,g,NaN
SMN2-Exon7-Amplicon,293,a,NaN
SMN2-Exon7-Amplicon,294,g,NaN
SMN2-Exon7-Amplicon,295,t,NaN
SMN2-Exon7-Amplicon,296,c,NaN
SMN2-Exon7-Amplicon,297,a,NaN
SMN2-Exon7-Amplicon,298,a,NaN
SMN2-Exon7-Amplicon,299,a,NaN
SMN2-Exon7-Amplicon,300,g,NaN
SMN2-Exon7-Amplicon,301,t,NaN
SMN2-Exon7-Amplicon,302,t,NaN
SMN2-Exon7-Amplicon,303,c,NaN
SMN2-Exon7-Amplicon,304,t,NaN
SMN2-Exon7-Amplicon,305,g,NaN
SMN2-Exon7-Amplicon,306,t,NaN
SMN2-Exon7-Amplicon,307,t,NaN
SMN2-Exon7-Amplicon,308,t,NaN
SMN2-Exon7-Amplicon,309,g,NaN
SMN2-Exon7-Amplicon,310,c,NaN
SMN2-Exon7-Amplicon,311,c,NaN
SMN2-Exon7-Amplicon,312,c,NaN
SMN2-Exon7-Amplicon,313,t,NaN
SMN2-Exon7-Amplicon,314,g,NaN
SMN2-Exon7-Amplicon,315,a,NaN
SMN2-Exon7-Amplicon,316,t,NaN
SMN2-Exon7-Amplicon,317,c,NaN
SMN2-Exon7-Amplicon,318,t,NaN
SMN2-Exon7-Amplicon,319,g,NaN
SMN2-Exon7-Amplicon,320,c,NaN
SMN2-Exon7-Amplicon,321,a,NaN
SMN2-Exon7-Amplicon,322,t,NaN
SMN2-Exon7-Amplicon,323,c,NaN
SMN2-Exon7-Amplicon,324,g,NaN
