Region,Position,Ref_base,Mut_percentage
SARS-CoV2-5UTR-Amplicon,1,a,0
SARS-CoV2-5UTR-Amplicon,2,g,0
SARS-CoV2-5UTR-Amplicon,3,g,0
SARS-CoV2-5UTR-Amplicon,4,t,0.0256
SARS-CoV2-5UTR-Amplicon,5,t,0.1271
SARS-CoV2-5UTR-Amplicon,6,t,0.2536
SARS-CoV2-5UTR-Amplicon,7,a,0.3038
SARS-CoV2-5UTR-Amplicon,8,t,0.2775
SARS-CoV2-5UTR-Amplicon,9,a,0.3518
SARS-CoV2-5UTR-Amplicon,10,c,0.3014
SARS-CoV2-5UTR-Amplicon,11,c,0.2505
SARS-CoV2-5UTR-Amplicon,12,t,0.6494
SARS-CoV2-5UTR-Amplicon,13,t,0.4243
SARS-CoV2-5UTR-Amplicon,14,c,1.6214
SARS-CoV2-5UTR-Amplicon,15,c,0.2991
SARS-CoV2-5UTR-Amplicon,16,c,0.3986
SARS-CoV2-5UTR-Amplicon,17,a,0.2485
SARS-CoV2-5UTR-Amplicon,18,g,0.4225
SARS-CoV2-5UTR-Amplicon,19,g,0.2237
SARS-CoV2-5UTR-Amplicon,20,t,1.2674
SARS-CoV2-5UTR-Amplicon,21,a,0.8944
SARS-CoV2-5UTR-Amplicon,22,a,0.8942
SARS-CoV2-5UTR-Amplicon,23,c,0.8435
SARS-CoV2-5UTR-Amplicon,24,a,1.0782
SARS-CoV2-5UTR-Amplicon,25,a,0.5143
SARS-CoV2-5UTR-Amplicon,26,a,0.563
SARS-CoV2-5UTR-Amplicon,27,c,0.8568
SARS-CoV2-5UTR-Amplicon,28,c,1.2237
SARS-CoV2-5UTR-Amplicon,29,a,0.7342
SARS-CoV2-5UTR-Amplicon,30,a,0.3181
SARS-CoV2-5UTR-Amplicon,31,c,0.5872
SARS-CoV2-5UTR-Amplicon,32,c,0.7578
SARS-CoV2-5UTR-Amplicon,33,a,0.4886
SARS-CoV2-5UTR-Amplicon,34,a,0.2688
SARS-CoV2-5UTR-Amplicon,35,c,0.6597
SARS-CoV2-5UTR-Amplicon,36,t,1.6109
SARS-CoV2-5UTR-Amplicon,37,t,0.3575
SARS-CoV2-5UTR-Amplicon,38,t,0.6196
SARS-CoV2-5UTR-Amplicon,39,c,3.3365
SARS-CoV2-5UTR-Amplicon,40,g,1.7398
SARS-CoV2-5UTR-Amplicon,41,a,0.1906
SARS-CoV2-5UTR-Amplicon,42,t,0.5479
SARS-CoV2-5UTR-Amplicon,43,c,1.4054
SARS-CoV2-5UTR-Amplicon,44,t,0.5955
SARS-CoV2-5UTR-Amplicon,45,c,1.596
SARS-CoV2-5UTR-Amplicon,46,t,1.9295
SARS-CoV2-5UTR-Amplicon,47,t,1.3101
SARS-CoV2-5UTR-Amplicon,48,g,0.5479
SARS-CoV2-5UTR-Amplicon,49,t,0.6908
SARS-CoV2-5UTR-Amplicon,50,a,0.8814
SARS-CoV2-5UTR-Amplicon,51,g,1.5722
SARS-CoV2-5UTR-Amplicon,52,a,0.6193
SARS-CoV2-5UTR-Amplicon,53,t,1.0248
SARS-CoV2-5UTR-Amplicon,54,c,2.2879
SARS-CoV2-5UTR-Amplicon,55,t,0.8797
SARS-CoV2-5UTR-Amplicon,56,g,1.8783
SARS-CoV2-5UTR-Amplicon,57,t,2.4958
SARS-CoV2-5UTR-Amplicon,58,t,1.4024
SARS-CoV2-5UTR-Amplicon,59,c,2.1868
SARS-CoV2-5UTR-Amplicon,60,t,0.5467
SARS-CoV2-5UTR-Amplicon,61,c,2.1393
SARS-CoV2-5UTR-Amplicon,62,t,1.2363
SARS-CoV2-5UTR-Amplicon,63,a,4.9239
SARS-CoV2-5UTR-Amplicon,64,a,0.4044
SARS-CoV2-5UTR-Amplicon,65,a,0.4282
SARS-CoV2-5UTR-Amplicon,66,c,0.6897
SARS-CoV2-5UTR-Amplicon,67,g,1.7127
SARS-CoV2-5UTR-Amplicon,68,a,0.6422
SARS-CoV2-5UTR-Amplicon,69,a,0.5709
SARS-CoV2-5UTR-Amplicon,70,c,3.5205
SARS-CoV2-5UTR-Amplicon,71,t,0.7853
SARS-CoV2-5UTR-Amplicon,72,t,0.476
SARS-CoV2-5UTR-Amplicon,73,t,0.6188
SARS-CoV2-5UTR-Amplicon,74,a,1.1661
SARS-CoV2-5UTR-Amplicon,75,a,0.5712
SARS-CoV2-5UTR-Amplicon,76,a,0.6188
SARS-CoV2-5UTR-Amplicon,77,a,0.5712
SARS-CoV2-5UTR-Amplicon,78,t,0.5472
SARS-CoV2-5UTR-Amplicon,79,c,0.9039
SARS-CoV2-5UTR-Amplicon,80,t,0.6459
SARS-CoV2-5UTR-Amplicon,81,g,0.933
SARS-CoV2-5UTR-Amplicon,82,t,0.6703
SARS-CoV2-5UTR-Amplicon,83,g,0.5267
SARS-CoV2-5UTR-Amplicon,84,t,1.0057
SARS-CoV2-5UTR-Amplicon,85,g,0.5987
SARS-CoV2-5UTR-Amplicon,86,g,0.7194
SARS-CoV2-5UTR-Amplicon,87,c,0.8385
SARS-CoV2-5UTR-Amplicon,88,t,0.9344
SARS-CoV2-5UTR-Amplicon,89,g,0.8864
SARS-CoV2-5UTR-Amplicon,90,t,0.5989
SARS-CoV2-5UTR-Amplicon,91,c,0.9104
SARS-CoV2-5UTR-Amplicon,92,a,0.6467
SARS-CoV2-5UTR-Amplicon,93,c,1.1982
SARS-CoV2-5UTR-Amplicon,94,t,0.8148
SARS-CoV2-5UTR-Amplicon,95,c,1.5584
SARS-CoV2-5UTR-Amplicon,96,g,0.6716
SARS-CoV2-5UTR-Amplicon,97,g,0.8635
SARS-CoV2-5UTR-Amplicon,98,c,0.5725
SARS-CoV2-5UTR-Amplicon,99,t,0.8826
SARS-CoV2-5UTR-Amplicon,100,g,0.8588
SARS-CoV2-5UTR-Amplicon,101,c,1.1925
SARS-CoV2-5UTR-Amplicon,102,g,0.7397
SARS-CoV2-5UTR-Amplicon,103,t,0.8588
SARS-CoV2-5UTR-Amplicon,104,g,0.5964
SARS-CoV2-5UTR-Amplicon,105,c,1.2172
SARS-CoV2-5UTR-Amplicon,106,t,0.9785
SARS-CoV2-5UTR-Amplicon,107,t,1.193
SARS-CoV2-5UTR-Amplicon,108,a,0.6442
SARS-CoV2-5UTR-Amplicon,109,g,0.4056
SARS-CoV2-5UTR-Amplicon,110,t,0.4056
SARS-CoV2-5UTR-Amplicon,111,g,0.2386
SARS-CoV2-5UTR-Amplicon,112,c,0.5965
SARS-CoV2-5UTR-Amplicon,113,a,0.6204
SARS-CoV2-5UTR-Amplicon,114,c,0.5488
SARS-CoV2-5UTR-Amplicon,115,t,0.334
SARS-CoV2-5UTR-Amplicon,116,c,0.8826
SARS-CoV2-5UTR-Amplicon,117,a,0.6679
SARS-CoV2-5UTR-Amplicon,118,c,0.6915
SARS-CoV2-5UTR-Amplicon,119,g,0.5961
SARS-CoV2-5UTR-Amplicon,120,c,0.6439
SARS-CoV2-5UTR-Amplicon,121,a,0.4531
SARS-CoV2-5UTR-Amplicon,122,g,0.7632
SARS-CoV2-5UTR-Amplicon,123,t,0.8385
SARS-CoV2-5UTR-Amplicon,124,a,0.647
SARS-CoV2-5UTR-Amplicon,125,t,0.4761
SARS-CoV2-5UTR-Amplicon,126,a,0.3095
SARS-CoV2-5UTR-Amplicon,127,a,0.3332
SARS-CoV2-5UTR-Amplicon,128,t,0.3808
SARS-CoV2-5UTR-Amplicon,129,t,0.595
SARS-CoV2-5UTR-Amplicon,130,a,0.476
SARS-CoV2-5UTR-Amplicon,131,a,0.6901
SARS-CoV2-5UTR-Amplicon,132,t,0.4046
SARS-CoV2-5UTR-Amplicon,133,a,0.9519
SARS-CoV2-5UTR-Amplicon,134,a,0.4998
SARS-CoV2-5UTR-Amplicon,135,c,1.0709
SARS-CoV2-5UTR-Amplicon,136,t,0.4523
SARS-CoV2-5UTR-Amplicon,137,a,0.381
SARS-CoV2-5UTR-Amplicon,138,a,0.1667
SARS-CoV2-5UTR-Amplicon,139,t,0.262
SARS-CoV2-5UTR-Amplicon,140,t,0.3334
SARS-CoV2-5UTR-Amplicon,141,a,0.5001
SARS-CoV2-5UTR-Amplicon,142,c,0.4515
SARS-CoV2-5UTR-Amplicon,143,t,0.404
SARS-CoV2-5UTR-Amplicon,144,g,0.5228
SARS-CoV2-5UTR-Amplicon,145,t,0.2377
SARS-CoV2-5UTR-Amplicon,146,c,0.8082
SARS-CoV2-5UTR-Amplicon,147,g,1.1656
SARS-CoV2-5UTR-Amplicon,148,t,0.4757
SARS-CoV2-5UTR-Amplicon,149,t,0.4755
SARS-CoV2-5UTR-Amplicon,150,g,1.5899
SARS-CoV2-5UTR-Amplicon,151,a,0.4508
SARS-CoV2-5UTR-Amplicon,152,c,0.7124
SARS-CoV2-5UTR-Amplicon,153,a,0.8787
SARS-CoV2-5UTR-Amplicon,154,g,1.7573
SARS-CoV2-5UTR-Amplicon,155,g,1.5933
SARS-CoV2-5UTR-Amplicon,156,a,1.1177
SARS-CoV2-5UTR-Amplicon,157,c,1.5227
SARS-CoV2-5UTR-Amplicon,158,a,2.1605
SARS-CoV2-5UTR-Amplicon,159,c,0.7833
SARS-CoV2-5UTR-Amplicon,160,g,2.7309
SARS-CoV2-5UTR-Amplicon,161,a,1.9422
SARS-CoV2-5UTR-Amplicon,162,g,0.7002
SARS-CoV2-5UTR-Amplicon,163,t,1.1078
SARS-CoV2-5UTR-Amplicon,164,a,1.2209
SARS-CoV2-5UTR-Amplicon,165,a,0.3844
SARS-CoV2-5UTR-Amplicon,166,c,0.7687
SARS-CoV2-5UTR-Amplicon,167,t,0.5651
SARS-CoV2-5UTR-Amplicon,168,c,1.289
SARS-CoV2-5UTR-Amplicon,169,g,0.927
SARS-CoV2-5UTR-Amplicon,170,t,0.7689
SARS-CoV2-5UTR-Amplicon,171,c,1.7639
SARS-CoV2-5UTR-Amplicon,172,t,1.877
SARS-CoV2-5UTR-Amplicon,173,a,1.198
SARS-CoV2-5UTR-Amplicon,174,t,0.7684
SARS-CoV2-5UTR-Amplicon,175,c,0.9492
SARS-CoV2-5UTR-Amplicon,176,t,1.0621
SARS-CoV2-5UTR-Amplicon,177,t,0.9035
SARS-CoV2-5UTR-Amplicon,178,c,1.559
SARS-CoV2-5UTR-Amplicon,179,t,0.7908
SARS-CoV2-5UTR-Amplicon,180,g,1.3782
SARS-CoV2-5UTR-Amplicon,181,c,1.2427
SARS-CoV2-5UTR-Amplicon,182,a,0.9038
SARS-CoV2-5UTR-Amplicon,183,g,1.0498
SARS-CoV2-5UTR-Amplicon,184,g,0.7599
SARS-CoV2-5UTR-Amplicon,185,c,0.9164
SARS-CoV2-5UTR-Amplicon,186,t,1.3852
SARS-CoV2-5UTR-Amplicon,187,g,1.3181
SARS-CoV2-5UTR-Amplicon,188,c,1.0726
SARS-CoV2-5UTR-Amplicon,189,t,2.0554
SARS-CoV2-5UTR-Amplicon,190,t,1.4075
SARS-CoV2-5UTR-Amplicon,191,a,1.1838
SARS-CoV2-5UTR-Amplicon,192,c,1.2064
SARS-CoV2-5UTR-Amplicon,193,g,1.3625
SARS-CoV2-5UTR-Amplicon,194,g,1.0942
SARS-CoV2-5UTR-Amplicon,195,t,1.0496
SARS-CoV2-5UTR-Amplicon,196,t,0.6923
SARS-CoV2-5UTR-Amplicon,197,t,0.96
SARS-CoV2-5UTR-Amplicon,198,c,2.2108
SARS-CoV2-5UTR-Amplicon,199,g,1.1612
SARS-CoV2-5UTR-Amplicon,200,t,1.3845
SARS-CoV2-5UTR-Amplicon,201,c,2.0322
SARS-CoV2-5UTR-Amplicon,202,c,2.0098
SARS-CoV2-5UTR-Amplicon,203,g,1.4739
SARS-CoV2-5UTR-Amplicon,204,t,2.4341
SARS-CoV2-5UTR-Amplicon,205,g,1.3849
SARS-CoV2-5UTR-Amplicon,206,t,1.2064
SARS-CoV2-5UTR-Amplicon,207,t,1.5639
SARS-CoV2-5UTR-Amplicon,208,g,1.3901
SARS-CoV2-5UTR-Amplicon,209,c,1.6549
SARS-CoV2-5UTR-Amplicon,210,a,1.1474
SARS-CoV2-5UTR-Amplicon,211,g,1.456
SARS-CoV2-5UTR-Amplicon,212,c,0.9927
SARS-CoV2-5UTR-Amplicon,213,c,0.9707
SARS-CoV2-5UTR-Amplicon,214,g,1.9396
SARS-CoV2-5UTR-Amplicon,215,a,0.8157
SARS-CoV2-5UTR-Amplicon,216,t,0.7275
SARS-CoV2-5UTR-Amplicon,217,c,2.403
SARS-CoV2-5UTR-Amplicon,218,a,3.2187
SARS-CoV2-5UTR-Amplicon,219,t,0.5732
SARS-CoV2-5UTR-Amplicon,220,c,2.624
SARS-CoV2-5UTR-Amplicon,221,a,5.3792
SARS-CoV2-5UTR-Amplicon,222,g,4.8721
SARS-CoV2-5UTR-Amplicon,223,c,1.0802
SARS-CoV2-5UTR-Amplicon,224,a,2.4912
SARS-CoV2-5UTR-Amplicon,225,c,0.8353
SARS-CoV2-5UTR-Amplicon,226,a,1.4069
SARS-CoV2-5UTR-Amplicon,227,t,0.8793
SARS-CoV2-5UTR-Amplicon,228,c,1.715
SARS-CoV2-5UTR-Amplicon,229,t,1.2956
SARS-CoV2-5UTR-Amplicon,230,a,1.3167
SARS-CoV2-5UTR-Amplicon,231,g,1.3386
SARS-CoV2-5UTR-Amplicon,232,g,0.8776
SARS-CoV2-5UTR-Amplicon,233,t,1.2484
SARS-CoV2-5UTR-Amplicon,234,t,0.6789
SARS-CoV2-5UTR-Amplicon,235,t,1.0293
SARS-CoV2-5UTR-Amplicon,236,c,1.4017
SARS-CoV2-5UTR-Amplicon,237,g,0.6569
SARS-CoV2-5UTR-Amplicon,238,t,0.7884
SARS-CoV2-5UTR-Amplicon,239,c,1.3801
SARS-CoV2-5UTR-Amplicon,240,c,1.2705
SARS-CoV2-5UTR-Amplicon,241,g,1.7094
SARS-CoV2-5UTR-Amplicon,242,g,0.9881
SARS-CoV2-5UTR-Amplicon,243,g,1.5152
SARS-CoV2-5UTR-Amplicon,244,t,1.3415
SARS-CoV2-5UTR-Amplicon,245,g,0.7036
SARS-CoV2-5UTR-Amplicon,246,t,0.8355
SARS-CoV2-5UTR-Amplicon,247,g,1.715
SARS-CoV2-5UTR-Amplicon,248,a,1.2538
SARS-CoV2-5UTR-Amplicon,249,c,1.0559
SARS-CoV2-5UTR-Amplicon,250,c,1.1201
SARS-CoV2-5UTR-Amplicon,251,g,1.8453
SARS-CoV2-5UTR-Amplicon,252,a,1.8449
SARS-CoV2-5UTR-Amplicon,253,a,0.9444
SARS-CoV2-5UTR-Amplicon,254,a,1.208
SARS-CoV2-5UTR-Amplicon,255,g,1.362
SARS-CoV2-5UTR-Amplicon,256,g,0.9666
SARS-CoV2-5UTR-Amplicon,257,t,1.362
SARS-CoV2-5UTR-Amplicon,258,a,2.4165
SARS-CoV2-5UTR-Amplicon,259,a,1.4471
SARS-CoV2-5UTR-Amplicon,260,g,1.5125
SARS-CoV2-5UTR-Amplicon,261,a,1.0519
SARS-CoV2-5UTR-Amplicon,262,t,0.789
SARS-CoV2-5UTR-Amplicon,263,g,1.0739
SARS-CoV2-5UTR-Amplicon,264,g,0.767
SARS-CoV2-5UTR-Amplicon,265,a,0.5478
SARS-CoV2-5UTR-Amplicon,266,g,0.9422
SARS-CoV2-5UTR-Amplicon,267,a,0.6572
SARS-CoV2-5UTR-Amplicon,268,g,0.7232
SARS-CoV2-5UTR-Amplicon,269,c,0.6355
SARS-CoV2-5UTR-Amplicon,270,c,0.833
SARS-CoV2-5UTR-Amplicon,271,t,1.1837
SARS-CoV2-5UTR-Amplicon,272,t,0.5043
SARS-CoV2-5UTR-Amplicon,273,g,0.4166
SARS-CoV2-5UTR-Amplicon,274,t,0.7888
SARS-CoV2-5UTR-Amplicon,275,c,2.3439
SARS-CoV2-5UTR-Amplicon,276,c,0.5915
SARS-CoV2-5UTR-Amplicon,277,c,0.8107
SARS-CoV2-5UTR-Amplicon,278,t,1.3591
SARS-CoV2-5UTR-Amplicon,279,g,1.6667
SARS-CoV2-5UTR-Amplicon,280,g,0.7893
SARS-CoV2-5UTR-Amplicon,281,t,0.7016
SARS-CoV2-5UTR-Amplicon,282,t,0.4385
SARS-CoV2-5UTR-Amplicon,283,t,0.877
SARS-CoV2-5UTR-Amplicon,284,c,2.1706
SARS-CoV2-5UTR-Amplicon,285,a,1.4909
SARS-CoV2-5UTR-Amplicon,286,a,0.5481
SARS-CoV2-5UTR-Amplicon,287,c,0.7893
SARS-CoV2-5UTR-Amplicon,288,g,1.3594
SARS-CoV2-5UTR-Amplicon,289,a,1.0934
SARS-CoV2-5UTR-Amplicon,290,g,1.5755
SARS-CoV2-5UTR-Amplicon,291,g,0.7877
SARS-CoV2-5UTR-Amplicon,292,g,1.2703
SARS-CoV2-5UTR-Amplicon,293,a,1.0731
SARS-CoV2-5UTR-Amplicon,294,g,1.8714
SARS-CoV2-5UTR-Amplicon,295,t,0.9027
SARS-CoV2-5UTR-Amplicon,296,c,2.664
SARS-CoV2-5UTR-Amplicon,297,a,2.6646
SARS-CoV2-5UTR-Amplicon,298,a,1.3433
SARS-CoV2-5UTR-Amplicon,299,a,1.4097
SARS-CoV2-5UTR-Amplicon,300,g,1.7625
SARS-CoV2-5UTR-Amplicon,301,t,2.0048
SARS-CoV2-5UTR-Amplicon,302,t,1.9819
SARS-CoV2-5UTR-Amplicon,303,c,1.2558
SARS-CoV2-5UTR-Amplicon,304,t,1.0575
SARS-CoV2-5UTR-Amplicon,305,g,0.7491
SARS-CoV2-5UTR-Amplicon,306,t,2.0939
SARS-CoV2-5UTR-Amplicon,307,t,0.7053
SARS-CoV2-5UTR-Amplicon,308,t,0.9698
SARS-CoV2-5UTR-Amplicon,309,g,0.9698
SARS-CoV2-5UTR-Amplicon,310,c,1.9616
SARS-CoV2-5UTR-Amplicon,311,c,0.7055
SARS-CoV2-5UTR-Amplicon,312,c,0.7277
SARS-CoV2-5UTR-Amplicon,313,t,0.9476
SARS-CoV2-5UTR-Amplicon,314,g,0.7933
SARS-CoV2-5UTR-Amplicon,315,a,0.4848
SARS-CoV2-5UTR-Amplicon,316,t,0.9255
SARS-CoV2-5UTR-Amplicon,317,c,1.0802
SARS-CoV2-5UTR-Amplicon,318,t,1.0141
SARS-CoV2-5UTR-Amplicon,319,g,1.191
SARS-CoV2-5UTR-Amplicon,320,c,0.9486
SARS-CoV2-5UTR-Amplicon,321,a,0.5737
SARS-CoV2-5UTR-Amplicon,322,t,0.2648
SARS-CoV2-5UTR-Amplicon,323,c,1.0371
SARS-CoV2-5UTR-Amplicon,324,g,0.4862
SARS-CoV2-5UTR-Amplicon,325,c,0.797
SARS-CoV2-5UTR-Amplicon,326,t,0.8193
SARS-CoV2-5UTR-Amplicon,327,g,0.8193
SARS-CoV2-5UTR-Amplicon,328,t,0.6864
SARS-CoV2-5UTR-Amplicon,329,g,0.7972
SARS-CoV2-5UTR-Amplicon,330,g,0.4872
SARS-CoV2-5UTR-Amplicon,331,c,0.7529
SARS-CoV2-5UTR-Amplicon,332,c,0.4652
SARS-CoV2-5UTR-Amplicon,333,g,1.0636
SARS-CoV2-5UTR-Amplicon,334,a,0.5319
SARS-CoV2-5UTR-Amplicon,335,g,0.7092
SARS-CoV2-5UTR-Amplicon,336,g,1.0862
SARS-CoV2-5UTR-Amplicon,337,c,1.1306
SARS-CoV2-5UTR-Amplicon,338,c,0.7774
SARS-CoV2-5UTR-Amplicon,339,a,2.5322
SARS-CoV2-5UTR-Amplicon,340,a,0.6898
SARS-CoV2-5UTR-Amplicon,341,g,0.5563
SARS-CoV2-5UTR-Amplicon,342,c,1.5583
SARS-CoV2-5UTR-Amplicon,343,c,1.0688
SARS-CoV2-5UTR-Amplicon,344,c,1.1579
SARS-CoV2-5UTR-Amplicon,345,a,0.9817
SARS-CoV2-5UTR-Amplicon,346,c,1.183
SARS-CoV2-5UTR-Amplicon,347,c,0.7368
SARS-CoV2-5UTR-Amplicon,348,g,1.0047
SARS-CoV2-5UTR-Amplicon,349,a,0.8707
SARS-CoV2-5UTR-Amplicon,350,g,0.8488
SARS-CoV2-5UTR-Amplicon,351,a,1.3402
SARS-CoV2-5UTR-Amplicon,352,a,0.9609
SARS-CoV2-5UTR-Amplicon,353,c,0.7599
SARS-CoV2-5UTR-Amplicon,354,a,1.2967
SARS-CoV2-5UTR-Amplicon,355,a,0.4921
SARS-CoV2-5UTR-Amplicon,356,c,0.6717
SARS-CoV2-5UTR-Amplicon,357,g,1.5029
SARS-CoV2-5UTR-Amplicon,358,a,1.1006
SARS-CoV2-5UTR-Amplicon,359,a,0.3819
SARS-CoV2-5UTR-Amplicon,360,g,0.7881
SARS-CoV2-5UTR-Amplicon,361,a,0.3383
SARS-CoV2-5UTR-Amplicon,362,c,0.3841
SARS-CoV2-5UTR-Amplicon,363,t,0.8818
SARS-CoV2-5UTR-Amplicon,364,t,0.3857
SARS-CoV2-5UTR-Amplicon,365,c,0.3428
SARS-CoV2-5UTR-Amplicon,366,a,1.3815
SARS-CoV2-5UTR-Amplicon,367,a,0.1848
SARS-CoV2-5UTR-Amplicon,368,c,0.1642
SARS-CoV2-5UTR-Amplicon,369,a,0.5898
SARS-CoV2-5UTR-Amplicon,370,t,0.1653
SARS-CoV2-5UTR-Amplicon,371,c,0.4505
SARS-CoV2-5UTR-Amplicon,372,g,0.0475
SARS-CoV2-5UTR-Amplicon,373,t,0.0476
SARS-CoV2-5UTR-Amplicon,374,g,0.3115
SARS-CoV2-5UTR-Amplicon,375,g,0.024
SARS-CoV2-5UTR-Amplicon,376,c,0
SARS-CoV2-5UTR-Amplicon,377,c,0
SARS-CoV2-5UTR-Amplicon,378,g,0
SMN2-Exon7-Amplicon,1,a,NaN
SMN2-Exon7-Amplicon,2,g,NaN
SMN2-Exon7-Amplicon,3,g,NaN
SMN2-Exon7-Amplicon,4,t,NaN
SMN2-Exon7-Amplicon,5,t,NaN
SMN2-Exon7-Amplicon,6,t,NaN
SMN2-Exon7-Amplicon,7,a,NaN
SMN2-Exon7-Amplicon,8,t,NaN
SMN2-Exon7-Amplicon,9,a,NaN
SMN2-Exon7-Amplicon,10,c,NaN
SMN2-Exon7-Amplicon,11,c,NaN
SMN2-Exon7-Amplicon,12,t,NaN
SMN2-Exon7-Amplicon,13,t,NaN
SMN2-Exon7-Amplicon,14,c,NaN
SMN2-Exon7-Amplicon,15,c,NaN
SMN2-Exon7-Amplicon,16,c,NaN
SMN2-Exon7-Amplicon,17,a,NaN
SMN2-Exon7-Amplicon,18,g,NaN
SMN2-Exon7-Amplicon,19,g,NaN
SMN2-Exon7-Amplicon,20,t,NaN
SMN2-Exon7-Amplicon,21,a,NaN
SMN2-Exon7-Amplicon,22,a,NaN
SMN2-Exon7-Amplicon,23,c,NaN
SMN2-Exon7-Amplicon,24,a,NaN
SMN2-Exon7-Amplicon,25,a,NaN
SMN2-Exon7-Amplicon,26,a,NaN
SMN2-Exon7-Amplicon,27,c,NaN
SMN2-Exon7-Amplicon,28,c,NaN
SMN2-Exon7-Amplicon,29,a,NaN
SMN2-Exon7-Amplicon,30,a,NaN
SMN2-Exon7-Amplicon,31,c,NaN
SMN2-Exon7-Amplicon,32,c,NaN
SMN2-Exon7-Amplicon,33,a,NaN
SMN2-Exon7-Amplicon,34,a,NaN
SMN2-Exon7-Amplicon,35,c,NaN
SMN2-Exon7-Amplicon,36,t,NaN
SMN2-Exon7-Amplicon,37,t,NaN
SMN2-Exon7-Amplicon,38,t,NaN
SMN2-Exon7-Amplicon,39,c,NaN
SMN2-Exon7-Amplicon,40,g,NaN
SMN2-Exon7-Amplicon,41,a,NaN
SMN2-Exon7-Amplicon,42,t,NaN
SMN2-Exon7-Amplicon,43,c,NaN
SMN2-Exon7-Amplicon,44,t,NaN
SMN2-Exon7-Amplicon,45,c,NaN
SMN2-Exon7-Amplicon,46,t,NaN
SMN2-Exon7-Amplicon,47,t,NaN
SMN2-Exon7-Amplicon,48,g,NaN
SMN2-Exon7-Amplicon,49,t,NaN
SMN2-Exon7-Amplicon,50,a,NaN
SMN2-Exon7-Amplicon,51,g,NaN
SMN2-Exon7-Amplicon,52,a,NaN
SMN2-Exon7-Amplicon,53,t,NaN
SMN2-Exon7-Amplicon,54,c,NaN
SMN2-Exon7-Amplicon,55,t,NaN
SMN2-Exon7-Amplicon,56,g,NaN
SMN2-Exon7-Amplicon,57,t,NaN
SMN2-Exon7-Amplicon,58,t,NaN
SMN2-Exon7-Amplicon,59,c,NaN
SMN2-Exon7-Amplicon,60,t,NaN
SMN2-Exon7-Amplicon,61,c,NaN
SMN2-Exon7-Amplicon,62,t,NaN
SMN2-Exon7-Amplicon,63,a,NaN
SMN2-Exon7-Amplicon,64,a,NaN
SMN2-Exon7-Amplicon,65,a,NaN
SMN2-Exon7-Amplicon,66,c,NaN
SMN2-Exon7-Amplicon,67,g,NaN
SMN2-Exon7-Amplicon,68,a,NaN
SMN2-Exon7-Amplicon,69,a,NaN
SMN2-Exon7-Amplicon,70,c,NaN
SMN2-Exon7-Amplicon,71,t,NaN
SMN2-Exon7-Amplicon,72,t,NaN
SMN2-Exon7-Amplicon,73,t,NaN
SMN2-Exon7-Amplicon,74,a,NaN
SMN2-Exon7-Amplicon,75,a,NaN
SMN2-Exon7-Amplicon,76,a,NaN
SMN2-Exon7-Amplicon,77,a,NaN
SMN2-Exon7-Amplicon,78,t,NaN
SMN2-Exon7-Amplicon,79,c,NaN
SMN2-Exon7-Amplicon,80,t,NaN
SMN2-Exon7-Amplicon,81,g,NaN
SMN2-Exon7-Amplicon,82,t,NaN
SMN2-Exon7-Amplicon,83,g,NaN
SMN2-Exon7-Amplicon,84,t,NaN
SMN2-Exon7-Amplicon,85,g,NaN
SMN2-Exon7-Amplicon,86,g,NaN
SMN2-Exon7-Amplicon,87,c,NaN
SMN2-Exon7-Amplicon,88,t,NaN
SMN2-Exon7-Amplicon,89,g,NaN
SMN2-Exon7-Amplicon,90,t,NaN
SMN2-Exon7-Amplicon,91,c,NaN
SMN2-Exon7-Amplicon,92,a,NaN
SMN2-Exon7-Amplicon,93,c,NaN
SMN2-Exon7-Amplicon,94,t,NaN
SMN2-Exon7-Amplicon,95,c,NaN
SMN2-Exon7-Amplicon,96,g,NaN
SMN2-Exon7-Amplicon,97,g,NaN
SMN2-Exon7-Amplicon,98,c,NaN
SMN2-Exon7-Amplicon,99,t,NaN
SMN2-Exon7-Amplicon,100,g,NaN
SMN2-Exon7-Amplicon,101,c,NaN
SMN2-Exon7-Amplicon,102,g,NaN
SMN2-Exon7-Amplicon,103,t,NaN
SMN2-Exon7-Amplicon,104,g,NaN
SMN2-Exon7-Amplicon,105,c,NaN
SMN2-Exon7-Amplicon,106,t,NaN
SMN2-Exon7-Amplicon,107,t,NaN
SMN2-Exon7-Amplicon,108,a,NaN
SMN2-Exon7-Amplicon,109,g,NaN
SMN2-Exon7-Amplicon,110,t,NaN
SMN2-Exon7-Amplicon,111,g,NaN
SMN2-Exon7-Amplicon,112,c,NaN
SMN2-Exon7-Amplicon,113,a,NaN
SMN2-Exon7-Amplicon,114,c,NaN
SMN2-Exon7-Amplicon,115,t,NaN
SMN2-Exon7-Amplicon,116,c,NaN
SMN2-Exon7-Amplicon,117,a,NaN
SMN2-Exon7-Amplicon,118,c,NaN
SMN2-Exon7-Amplicon,119,g,NaN
SMN2-Exon7-Amplicon,120,c,NaN
SMN2-Exon7-Amplicon,121,a,NaN
SMN2-Exon7-Amplicon,122,g,NaN
SMN2-Exon7-Amplicon,123,t,NaN
SMN2-Exon7-Amplicon,124,a,NaN
SMN2-Exon7-Amplicon,125,t,NaN
SMN2-Exon7-Amplicon,126,a,NaN
SMN2-Exon7-Amplicon,127,a,NaN
SMN2-Exon7-Amplicon,128,t,NaN
SMN2-Exon7-Amplicon,129,t,NaN
SMN2-Exon7-Amplicon,130,a,NaN
SMN2-Exon7-Amplicon,131,a,NaN
SMN2-Exon7-Amplicon,132,t,NaN
SMN2-Exon7-Amplicon,133,a,NaN
SMN2-Exon7-Amplicon,134,a,NaN
SMN2-Exon7-Amplicon,135,c,NaN
SMN2-Exon7-Amplicon,136,t,NaN
SMN2-Exon7-Amplicon,137,a,NaN
SMN2-Exon7-Amplicon,138,a,NaN
SMN2-Exon7-Amplicon,139,t,NaN
SMN2-Exon7-Amplicon,140,t,NaN
SMN2-Exon7-Amplicon,141,a,NaN
SMN2-Exon7-Amplicon,142,c,NaN
SMN2-Exon7-Amplicon,143,t,NaN
SMN2-Exon7-Amplicon,144,g,NaN
SMN2-Exon7-Amplicon,145,t,NaN
SMN2-Exon7-Amplicon,146,c,NaN
SMN2-Exon7-Amplicon,147,g,NaN
SMN2-Exon7-Amplicon,148,t,NaN
SMN2-Exon7-Amplicon,149,t,NaN
SMN2-Exon7-Amplicon,150,g,NaN
SMN2-Exon7-Amplicon,151,a,NaN
SMN2-Exon7-Amplicon,152,c,NaN
SMN2-Exon7-Amplicon,153,a,NaN
SMN2-Exon7-Amplicon,154,g,NaN
SMN2-Exon7-Amplicon,155,g,NaN
SMN2-Exon7-Amplicon,156,a,NaN
SMN2-Exon7-Amplicon,157,c,NaN
SMN2-Exon7-Amplicon,158,a,NaN
SMN2-Exon7-Amplicon,159,c,NaN
SMN2-Exon7-Amplicon,160,g,NaN
SMN2-Exon7-Amplicon,161,a,NaN
SMN2-Exon7-Amplicon,162,g,NaN
SMN2-Exon7-Amplicon,163,t,NaN
SMN2-Exon7-Amplicon,164,a,NaN
SMN2-Exon7-Amplicon,165,a,NaN
SMN2-Exon7-Amplicon,166,c,NaN
SMN2-Exon7-Amplicon,167,t,NaN
SMN2-Exon7-Amplicon,168,c,NaN
SMN2-Exon7-Amplicon,169,g,NaN
SMN2-Exon7-Amplicon,170,t,NaN
SMN2-Exon7-Amplicon,171,c,NaN
SMN2-Exon7-Amplicon,172,t,NaN
SMN2-Exon7-Amplicon,173,a,NaN
SMN2-Exon7-Amplicon,174,t,NaN
SMN2-Exon7-Amplicon,175,c,NaN
SMN2-Exon7-Amplicon,176,t,NaN
SMN2-Exon7-Amplicon,177,t,NaN
SMN2-Exon7-Amplicon,178,c,NaN
SMN2-Exon7-Amplicon,179,t,NaN
SMN2-Exon7-Amplicon,180,g,NaN
SMN2-Exon7-Amplicon,181,c,NaN
SMN2-Exon7-Amplicon,182,a,NaN
SMN2-Exon7-Amplicon,183,g,NaN
SMN2-Exon7-Amplicon,184,g,NaN
SMN2-Exon7-Amplicon,185,c,NaN
SMN2-Exon7-Amplicon,186,t,NaN
SMN2-Exon7-Amplicon,187,g,NaN
SMN2-Exon7-Amplicon,188,c,NaN
SMN2-Exon7-Amplicon,189,t,NaN
SMN2-Exon7-Amplicon,190,t,NaN
SMN2-Exon7-Amplicon,191,a,NaN
SMN2-Exon7-Amplicon,192,c,NaN
SMN2-Exon7-Amplicon,193,g,NaN
SMN2-Exon7-Amplicon,194,g,NaN
SMN2-Exon7-Amplicon,195,t,NaN
SMN2-Exon7-Amplicon,196,t,NaN
SMN2-Exon7-Amplicon,197,t,NaN
SMN2-Exon7-Amplicon,198,c,NaN
SMN2-Exon7-Amplicon,199,g,NaN
SMN2-Exon7-Amplicon,200,t,NaN
SMN2-Exon7-Amplicon,201,c,NaN
SMN2-Exon7-Amplicon,202,c,NaN
SMN2-Exon7-Amplicon,203,g,NaN
SMN2-Exon7-Amplicon,204,t,NaN
SMN2-Exon7-Amplicon,205,g,NaN
SMN2-Exon7-Amplicon,206,t,NaN
SMN2-Exon7-Amplicon,207,t,NaN
SMN2-Exon7-Amplicon,208,g,NaN
SMN2-Exon7-Amplicon,209,c,NaN
SMN2-Exon7-Amplicon,210,a,NaN
SMN2-Exon7-Amplicon,211,g,NaN
SMN2-Exon7-Amplicon,212,c,NaN
SMN2-Exon7-Amplicon,213,c,NaN
SMN2-Exon7-Amplicon,214,g,NaN
SMN2-Exon7-Amplicon,215,a,NaN
SMN2-Exon7-Amplicon,216,t,NaN
SMN2-Exon7-Amplicon,217,c,NaN
SMN2-Exon7-Amplicon,218,a,NaN
SMN2-Exon7-Amplicon,219,t,NaN
SMN2-Exon7-Amplicon,220,c,NaN
SMN2-Exon7-Amplicon,221,a,NaN
SMN2-Exon7-Amplicon,222,g,NaN
SMN2-Exon7-Amplicon,223,c,NaN
SMN2-Exon7-Amplicon,224,a,NaN
SMN2-Exon7-Amplicon,225,c,NaN
SMN2-Exon7-Amplicon,226,a,NaN
SMN2-Exon7-Amplicon,227,t,NaN
SMN2-Exon7-Amplicon,228,c,NaN
SMN2-Exon7-Amplicon,229,t,NaN
SMN2-Exon7-Amplicon,230,a,NaN
SMN2-Exon7-Amplicon,231,g,NaN
SMN2-Exon7-Amplicon,232,g,NaN
SMN2-Exon7-Amplicon,233,t,NaN
SMN2-Exon7-Amplicon,234,t,NaN
SMN2-Exon7-Amplicon,235,t,NaN
SMN2-Exon7-Amplicon,236,c,NaN
SMN2-Exon7-Amplicon,237,g,NaN
SMN2-Exon7-Amplicon,238,t,NaN
SMN2-Exon7-Amplicon,239,c,NaN
SMN2-Exon7-Amplicon,240,c,NaN
SMN2-Exon7-Amplicon,241,g,NaN
SMN2-Exon7-Amplicon,242,g,NaN
SMN2-Exon7-Amplicon,243,g,NaN
SMN2-Exon7-Amplicon,244,t,NaN
SMN2-Exon7-Amplicon,245,g,NaN
SMN2-Exon7-Amplicon,246,t,NaN
SMN2-Exon7-Amplicon,247,g,NaN
SMN2-Exon7-Amplicon,248,a,NaN
SMN2-Exon7-Amplicon,249,c,NaN
SMN2-Exon7-Amplicon,250,c,NaN
SMN2-Exon7-Amplicon,251,g,NaN
SMN2-Exon7-Amplicon,252,a,NaN
SMN2-Exon7-Amplicon,253,a,NaN
SMN2-Exon7-Amplicon,254,a,NaN
SMN2-Exon7-Amplicon,255,g,NaN
SMN2-Exon7-Amplicon,256,g,NaN
SMN2-Exon7-Amplicon,257,t,NaN
SMN2-Exon7-Amplicon,258,a,NaN
SMN2-Exon7-Amplicon,259,a,NaN
SMN2-Exon7-Amplicon,260,g,NaN
SMN2-Exon7-Amplicon,261,a,NaN
SMN2-Exon7-Amplicon,262,t,NaN
SMN2-Exon7-Amplicon,263,g,NaN
SMN2-Exon7-Amplicon,264,g,NaN
SMN2-Exon7-Amplicon,265,a,NaN
SMN2-Exon7-Amplicon,266,g,NaN
SMN2-Exon7-Amplicon,267,a,NaN
SMN2-Exon7-Amplicon,268,g,NaN
SMN2-Exon7-Amplicon,269,c,NaN
SMN2-Exon7-Amplicon,270,c,NaN
SMN2-Exon7-Amplicon,271,t,NaN
SMN2-Exon7-Amplicon,272,t,NaN
SMN2-Exon7-Amplicon,273,g,NaN
SMN2-Exon7-Amplicon,274,t,NaN
SMN2-Exon7-Amplicon,275,c,NaN
SMN2-Exon7-Amplicon,276,c,NaN
SMN2-Exon7-Amplicon,277,c,NaN
SMN2-Exon7-Amplicon,278,t,NaN
SMN2-Exon7-Amplicon,279,g,NaN
SMN2-Exon7-Amplicon,280,g,NaN
SMN2-Exon7-Amplicon,281,t,NaN
SMN2-Exon7-Amplicon,282,t,NaN
SMN2-Exon7-Amplicon,283,t,NaN
SMN2-Exon7-Amplicon,284,c,NaN
SMN2-Exon7-Amplicon,285,a,NaN
SMN2-Exon7-Amplicon,286,a,NaN
SMN2-Exon7-Amplicon,287,c,NaN
SMN2-Exon7-Amplicon,288,g,NaN
SMN2-Exon7-Amplicon,289,a,NaN
SMN2-Exon7-Amplicon,290,g,NaN
SMN2-Exon7-Amplicon,291,g,NaN
SMN2-Exon7-Amplicon,292,g,NaN
SMN2-Exon7-Amplicon,293,a,NaN
SMN2-Exon7-Amplicon,294,g,NaN
SMN2-Exon7-Amplicon,295,t,NaN
SMN2-Exon7-Amplicon,296,c,NaN
SMN2-Exon7-Amplicon,297,a,NaN
SMN2-Exon7-Amplicon,298,a,NaN
SMN2-Exon7-Amplicon,299,a,NaN
SMN2-Exon7-Amplicon,300,g,NaN
SMN2-Exon7-Amplicon,301,t,NaN
SMN2-Exon7-Amplicon,302,t,NaN
SMN2-Exon7-Amplicon,303,c,NaN
SMN2-Exon7-Amplicon,304,t,NaN
SMN2-Exon7-Amplicon,305,g,NaN
SMN2-Exon7-Amplicon,306,t,NaN
SMN2-Exon7-Amplicon,307,t,NaN
SMN2-Exon7-Amplicon,308,t,NaN
SMN2-Exon7-Amplicon,309,g,NaN
SMN2-Exon7-Amplicon,310,c,NaN
SMN2-Exon7-Amplicon,311,c,NaN
SMN2-Exon7-Amplicon,312,c,NaN
SMN2-Exon7-Amplicon,313,t,NaN
SMN2-Exon7-Amplicon,314,g,NaN
SMN2-Exon7-Amplicon,315,a,NaN
SMN2-Exon7-Amplicon,316,t,NaN
SMN2-Exon7-Amplicon,317,c,NaN
SMN2-Exon7-Amplicon,318,t,NaN
SMN2-Exon7-Amplicon,319,g,NaN
SMN2-Exon7-Amplicon,320,c,NaN
SMN2-Exon7-Amplicon,321,a,NaN
SMN2-Exon7-Amplicon,322,t,NaN
SMN2-Exon7-Amplicon,323,c,NaN
SMN2-Exon7-Amplicon,324,g,NaN
