Region,Position,Ref_base,Mut_percentage
SARS-CoV2-5UTR-Amplicon,1,a,0
SARS-CoV2-5UTR-Amplicon,2,g,0
SARS-CoV2-5UTR-Amplicon,3,g,0
SARS-CoV2-5UTR-Amplicon,4,t,0.1215
SARS-CoV2-5UTR-Amplicon,5,t,0.0967
SARS-CoV2-5UTR-Amplicon,6,t,0.3619
SARS-CoV2-5UTR-Amplicon,7,a,0.5292
SARS-CoV2-5UTR-Amplicon,8,t,0.4539
SARS-CoV2-5UTR-Amplicon,9,a,0.8818
SARS-CoV2-5UTR-Amplicon,10,c,0.5479
SARS-CoV2-5UTR-Amplicon,11,c,0.2854
SARS-CoV2-5UTR-Amplicon,12,t,1.8765
SARS-CoV2-5UTR-Amplicon,13,t,0.9494
SARS-CoV2-5UTR-Amplicon,14,c,3.4581
SARS-CoV2-5UTR-Amplicon,15,c,0.8274
SARS-CoV2-5UTR-Amplicon,16,c,1.1111
SARS-CoV2-5UTR-Amplicon,17,a,0.8241
SARS-CoV2-5UTR-Amplicon,18,g,0.6122
SARS-CoV2-5UTR-Amplicon,19,g,0.2824
SARS-CoV2-5UTR-Amplicon,20,t,1.0581
SARS-CoV2-5UTR-Amplicon,21,a,1.3399
SARS-CoV2-5UTR-Amplicon,22,a,0.7992
SARS-CoV2-5UTR-Amplicon,23,c,0.9168
SARS-CoV2-5UTR-Amplicon,24,a,1.6663
SARS-CoV2-5UTR-Amplicon,25,a,0.6013
SARS-CoV2-5UTR-Amplicon,26,a,0.6933
SARS-CoV2-5UTR-Amplicon,27,c,0.9935
SARS-CoV2-5UTR-Amplicon,28,c,1.4091
SARS-CoV2-5UTR-Amplicon,29,a,0.7623
SARS-CoV2-5UTR-Amplicon,30,a,0.3465
SARS-CoV2-5UTR-Amplicon,31,c,0.6005
SARS-CoV2-5UTR-Amplicon,32,c,0.9236
SARS-CoV2-5UTR-Amplicon,33,a,0.8081
SARS-CoV2-5UTR-Amplicon,34,a,0.3002
SARS-CoV2-5UTR-Amplicon,35,c,0.6696
SARS-CoV2-5UTR-Amplicon,36,t,0.9227
SARS-CoV2-5UTR-Amplicon,37,t,0.2705
SARS-CoV2-5UTR-Amplicon,38,t,0.4058
SARS-CoV2-5UTR-Amplicon,39,c,2.6375
SARS-CoV2-5UTR-Amplicon,40,g,2.0279
SARS-CoV2-5UTR-Amplicon,41,a,0.4956
SARS-CoV2-5UTR-Amplicon,42,t,0.7659
SARS-CoV2-5UTR-Amplicon,43,c,1.5544
SARS-CoV2-5UTR-Amplicon,44,t,0.7658
SARS-CoV2-5UTR-Amplicon,45,c,1.4865
SARS-CoV2-5UTR-Amplicon,46,t,1.5537
SARS-CoV2-5UTR-Amplicon,47,t,1.1259
SARS-CoV2-5UTR-Amplicon,48,g,0.5404
SARS-CoV2-5UTR-Amplicon,49,t,0.8782
SARS-CoV2-5UTR-Amplicon,50,a,0.9905
SARS-CoV2-5UTR-Amplicon,51,g,1.5308
SARS-CoV2-5UTR-Amplicon,52,a,0.3827
SARS-CoV2-5UTR-Amplicon,53,t,0.968
SARS-CoV2-5UTR-Amplicon,54,c,2.1387
SARS-CoV2-5UTR-Amplicon,55,t,1.2132
SARS-CoV2-5UTR-Amplicon,56,g,1.685
SARS-CoV2-5UTR-Amplicon,57,t,2.5163
SARS-CoV2-5UTR-Amplicon,58,t,1.7299
SARS-CoV2-5UTR-Amplicon,59,c,2.359
SARS-CoV2-5UTR-Amplicon,60,t,0.5615
SARS-CoV2-5UTR-Amplicon,61,c,2.044
SARS-CoV2-5UTR-Amplicon,62,t,1.685
SARS-CoV2-5UTR-Amplicon,63,a,4.9191
SARS-CoV2-5UTR-Amplicon,64,a,0.292
SARS-CoV2-5UTR-Amplicon,65,a,0.4043
SARS-CoV2-5UTR-Amplicon,66,c,0.4717
SARS-CoV2-5UTR-Amplicon,67,g,1.8419
SARS-CoV2-5UTR-Amplicon,68,a,0.786
SARS-CoV2-5UTR-Amplicon,69,a,0.6288
SARS-CoV2-5UTR-Amplicon,70,c,2.359
SARS-CoV2-5UTR-Amplicon,71,t,0.8762
SARS-CoV2-5UTR-Amplicon,72,t,0.2471
SARS-CoV2-5UTR-Amplicon,73,t,0.4269
SARS-CoV2-5UTR-Amplicon,74,a,0.8989
SARS-CoV2-5UTR-Amplicon,75,a,0.3371
SARS-CoV2-5UTR-Amplicon,76,a,0.2922
SARS-CoV2-5UTR-Amplicon,77,a,0.3371
SARS-CoV2-5UTR-Amplicon,78,t,0.5617
SARS-CoV2-5UTR-Amplicon,79,c,0.8086
SARS-CoV2-5UTR-Amplicon,80,t,0.4086
SARS-CoV2-5UTR-Amplicon,81,g,0.6354
SARS-CoV2-5UTR-Amplicon,82,t,0.4312
SARS-CoV2-5UTR-Amplicon,83,g,0.2498
SARS-CoV2-5UTR-Amplicon,84,t,0.6358
SARS-CoV2-5UTR-Amplicon,85,g,0.5224
SARS-CoV2-5UTR-Amplicon,86,g,0.4771
SARS-CoV2-5UTR-Amplicon,87,c,0.8173
SARS-CoV2-5UTR-Amplicon,88,t,0.681
SARS-CoV2-5UTR-Amplicon,89,g,0.8174
SARS-CoV2-5UTR-Amplicon,90,t,0.4541
SARS-CoV2-5UTR-Amplicon,91,c,0.3632
SARS-CoV2-5UTR-Amplicon,92,a,0.8629
SARS-CoV2-5UTR-Amplicon,93,c,0.8403
SARS-CoV2-5UTR-Amplicon,94,t,0.5224
SARS-CoV2-5UTR-Amplicon,95,c,1.1604
SARS-CoV2-5UTR-Amplicon,96,g,0.5688
SARS-CoV2-5UTR-Amplicon,97,g,0.5688
SARS-CoV2-5UTR-Amplicon,98,c,0.2949
SARS-CoV2-5UTR-Amplicon,99,t,0.5218
SARS-CoV2-5UTR-Amplicon,100,g,0.8173
SARS-CoV2-5UTR-Amplicon,101,c,1.1129
SARS-CoV2-5UTR-Amplicon,102,g,0.931
SARS-CoV2-5UTR-Amplicon,103,t,0.6582
SARS-CoV2-5UTR-Amplicon,104,g,0.6809
SARS-CoV2-5UTR-Amplicon,105,c,0.9532
SARS-CoV2-5UTR-Amplicon,106,t,0.9081
SARS-CoV2-5UTR-Amplicon,107,t,1.4756
SARS-CoV2-5UTR-Amplicon,108,a,0.8625
SARS-CoV2-5UTR-Amplicon,109,g,0.5674
SARS-CoV2-5UTR-Amplicon,110,t,0.522
SARS-CoV2-5UTR-Amplicon,111,g,0.2724
SARS-CoV2-5UTR-Amplicon,112,c,0.5904
SARS-CoV2-5UTR-Amplicon,113,a,0.4768
SARS-CoV2-5UTR-Amplicon,114,c,0.4542
SARS-CoV2-5UTR-Amplicon,115,t,0.3861
SARS-CoV2-5UTR-Amplicon,116,c,0.6585
SARS-CoV2-5UTR-Amplicon,117,a,0.5904
SARS-CoV2-5UTR-Amplicon,118,c,0.3406
SARS-CoV2-5UTR-Amplicon,119,g,0.7491
SARS-CoV2-5UTR-Amplicon,120,c,0.5224
SARS-CoV2-5UTR-Amplicon,121,a,0.7271
SARS-CoV2-5UTR-Amplicon,122,g,0.7044
SARS-CoV2-5UTR-Amplicon,123,t,0.8902
SARS-CoV2-5UTR-Amplicon,124,a,0.6619
SARS-CoV2-5UTR-Amplicon,125,t,0.6821
SARS-CoV2-5UTR-Amplicon,126,a,0.523
SARS-CoV2-5UTR-Amplicon,127,a,0.432
SARS-CoV2-5UTR-Amplicon,128,t,0.4548
SARS-CoV2-5UTR-Amplicon,129,t,0.6369
SARS-CoV2-5UTR-Amplicon,130,a,0.546
SARS-CoV2-5UTR-Amplicon,131,a,0.7052
SARS-CoV2-5UTR-Amplicon,132,t,0.2957
SARS-CoV2-5UTR-Amplicon,133,a,0.6824
SARS-CoV2-5UTR-Amplicon,134,a,0.455
SARS-CoV2-5UTR-Amplicon,135,c,0.6597
SARS-CoV2-5UTR-Amplicon,136,t,0.4777
SARS-CoV2-5UTR-Amplicon,137,a,0.4777
SARS-CoV2-5UTR-Amplicon,138,a,0.2502
SARS-CoV2-5UTR-Amplicon,139,t,0.3412
SARS-CoV2-5UTR-Amplicon,140,t,0.364
SARS-CoV2-5UTR-Amplicon,141,a,0.5688
SARS-CoV2-5UTR-Amplicon,142,c,0.8411
SARS-CoV2-5UTR-Amplicon,143,t,0.5683
SARS-CoV2-5UTR-Amplicon,144,g,0.7276
SARS-CoV2-5UTR-Amplicon,145,t,0.1818
SARS-CoV2-5UTR-Amplicon,146,c,0.5681
SARS-CoV2-5UTR-Amplicon,147,g,1.1144
SARS-CoV2-5UTR-Amplicon,148,t,0.4321
SARS-CoV2-5UTR-Amplicon,149,t,0.2953
SARS-CoV2-5UTR-Amplicon,150,g,1.1575
SARS-CoV2-5UTR-Amplicon,151,a,0.4766
SARS-CoV2-5UTR-Amplicon,152,c,0.431
SARS-CoV2-5UTR-Amplicon,153,a,0.8167
SARS-CoV2-5UTR-Amplicon,154,g,1.6107
SARS-CoV2-5UTR-Amplicon,155,g,0.9751
SARS-CoV2-5UTR-Amplicon,156,a,0.9977
SARS-CoV2-5UTR-Amplicon,157,c,1.4749
SARS-CoV2-5UTR-Amplicon,158,a,2.7853
SARS-CoV2-5UTR-Amplicon,159,c,0.7245
SARS-CoV2-5UTR-Amplicon,160,g,3.2616
SARS-CoV2-5UTR-Amplicon,161,a,2.2366
SARS-CoV2-5UTR-Amplicon,162,g,0.7313
SARS-CoV2-5UTR-Amplicon,163,t,0.9897
SARS-CoV2-5UTR-Amplicon,164,a,1.4845
SARS-CoV2-5UTR-Amplicon,165,a,0.6024
SARS-CoV2-5UTR-Amplicon,166,c,0.6454
SARS-CoV2-5UTR-Amplicon,167,t,0.4731
SARS-CoV2-5UTR-Amplicon,168,c,1.4624
SARS-CoV2-5UTR-Amplicon,169,g,0.989
SARS-CoV2-5UTR-Amplicon,170,t,1.1603
SARS-CoV2-5UTR-Amplicon,171,c,1.4611
SARS-CoV2-5UTR-Amplicon,172,t,1.89
SARS-CoV2-5UTR-Amplicon,173,a,1.0095
SARS-CoV2-5UTR-Amplicon,174,t,0.7302
SARS-CoV2-5UTR-Amplicon,175,c,1.0311
SARS-CoV2-5UTR-Amplicon,176,t,1.0741
SARS-CoV2-5UTR-Amplicon,177,t,0.58
SARS-CoV2-5UTR-Amplicon,178,c,1.1383
SARS-CoV2-5UTR-Amplicon,179,t,0.494
SARS-CoV2-5UTR-Amplicon,180,g,1.0954
SARS-CoV2-5UTR-Amplicon,181,c,0.58
SARS-CoV2-5UTR-Amplicon,182,a,0.7739
SARS-CoV2-5UTR-Amplicon,183,g,0.6791
SARS-CoV2-5UTR-Amplicon,184,g,0.4669
SARS-CoV2-5UTR-Amplicon,185,c,0.6154
SARS-CoV2-5UTR-Amplicon,186,t,0.9548
SARS-CoV2-5UTR-Amplicon,187,g,1.1241
SARS-CoV2-5UTR-Amplicon,188,c,0.8058
SARS-CoV2-5UTR-Amplicon,189,t,1.3998
SARS-CoV2-5UTR-Amplicon,190,t,1.0819
SARS-CoV2-5UTR-Amplicon,191,a,0.8696
SARS-CoV2-5UTR-Amplicon,192,c,1.0602
SARS-CoV2-5UTR-Amplicon,193,g,0.933
SARS-CoV2-5UTR-Amplicon,194,g,0.8484
SARS-CoV2-5UTR-Amplicon,195,t,1.0176
SARS-CoV2-5UTR-Amplicon,196,t,0.5512
SARS-CoV2-5UTR-Amplicon,197,t,0.6148
SARS-CoV2-5UTR-Amplicon,198,c,2.1204
SARS-CoV2-5UTR-Amplicon,199,g,0.9754
SARS-CoV2-5UTR-Amplicon,200,t,0.9966
SARS-CoV2-5UTR-Amplicon,201,c,1.6324
SARS-CoV2-5UTR-Amplicon,202,c,1.4853
SARS-CoV2-5UTR-Amplicon,203,g,1.2943
SARS-CoV2-5UTR-Amplicon,204,t,2.0369
SARS-CoV2-5UTR-Amplicon,205,g,0.9975
SARS-CoV2-5UTR-Amplicon,206,t,0.8917
SARS-CoV2-5UTR-Amplicon,207,t,1.2529
SARS-CoV2-5UTR-Amplicon,208,g,0.8577
SARS-CoV2-5UTR-Amplicon,209,c,1.0042
SARS-CoV2-5UTR-Amplicon,210,a,1.046
SARS-CoV2-5UTR-Amplicon,211,g,0.9412
SARS-CoV2-5UTR-Amplicon,212,c,0.7533
SARS-CoV2-5UTR-Amplicon,213,c,0.879
SARS-CoV2-5UTR-Amplicon,214,g,1.4657
SARS-CoV2-5UTR-Amplicon,215,a,0.942
SARS-CoV2-5UTR-Amplicon,216,t,0.5444
SARS-CoV2-5UTR-Amplicon,217,c,1.9263
SARS-CoV2-5UTR-Amplicon,218,a,3.4757
SARS-CoV2-5UTR-Amplicon,219,t,0.4816
SARS-CoV2-5UTR-Amplicon,220,c,2.9104
SARS-CoV2-5UTR-Amplicon,221,a,5.7149
SARS-CoV2-5UTR-Amplicon,222,g,5.2103
SARS-CoV2-5UTR-Amplicon,223,c,0.9
SARS-CoV2-5UTR-Amplicon,224,a,2.0289
SARS-CoV2-5UTR-Amplicon,225,c,0.3965
SARS-CoV2-5UTR-Amplicon,226,a,1.3561
SARS-CoV2-5UTR-Amplicon,227,t,0.8554
SARS-CoV2-5UTR-Amplicon,228,c,1.3353
SARS-CoV2-5UTR-Amplicon,229,t,1.1199
SARS-CoV2-5UTR-Amplicon,230,a,1.327
SARS-CoV2-5UTR-Amplicon,231,g,0.8294
SARS-CoV2-5UTR-Amplicon,232,g,0.8086
SARS-CoV2-5UTR-Amplicon,233,t,1.1787
SARS-CoV2-5UTR-Amplicon,234,t,0.8273
SARS-CoV2-5UTR-Amplicon,235,t,0.9928
SARS-CoV2-5UTR-Amplicon,236,c,1.861
SARS-CoV2-5UTR-Amplicon,237,g,0.7648
SARS-CoV2-5UTR-Amplicon,238,t,0.6202
SARS-CoV2-5UTR-Amplicon,239,c,1.3852
SARS-CoV2-5UTR-Amplicon,240,c,1.5095
SARS-CoV2-5UTR-Amplicon,241,g,1.8607
SARS-CoV2-5UTR-Amplicon,242,g,0.7264
SARS-CoV2-5UTR-Amplicon,243,g,1.2246
SARS-CoV2-5UTR-Amplicon,244,t,1.2461
SARS-CoV2-5UTR-Amplicon,245,g,0.54
SARS-CoV2-5UTR-Amplicon,246,t,0.8101
SARS-CoV2-5UTR-Amplicon,247,g,1.8072
SARS-CoV2-5UTR-Amplicon,248,a,0.8101
SARS-CoV2-5UTR-Amplicon,249,c,0.8934
SARS-CoV2-5UTR-Amplicon,250,c,1.2021
SARS-CoV2-5UTR-Amplicon,251,g,1.9067
SARS-CoV2-5UTR-Amplicon,252,a,1.8035
SARS-CoV2-5UTR-Amplicon,253,a,0.6008
SARS-CoV2-5UTR-Amplicon,254,a,0.8908
SARS-CoV2-5UTR-Amplicon,255,g,1.0777
SARS-CoV2-5UTR-Amplicon,256,g,0.8497
SARS-CoV2-5UTR-Amplicon,257,t,1.5544
SARS-CoV2-5UTR-Amplicon,258,a,1.9067
SARS-CoV2-5UTR-Amplicon,259,a,0.8478
SARS-CoV2-5UTR-Amplicon,260,g,1.1373
SARS-CoV2-5UTR-Amplicon,261,a,0.827
SARS-CoV2-5UTR-Amplicon,262,t,0.579
SARS-CoV2-5UTR-Amplicon,263,g,1.4475
SARS-CoV2-5UTR-Amplicon,264,g,0.7653
SARS-CoV2-5UTR-Amplicon,265,a,0.6203
SARS-CoV2-5UTR-Amplicon,266,g,1.3854
SARS-CoV2-5UTR-Amplicon,267,a,0.641
SARS-CoV2-5UTR-Amplicon,268,g,0.993
SARS-CoV2-5UTR-Amplicon,269,c,0.7446
SARS-CoV2-5UTR-Amplicon,270,c,0.7651
SARS-CoV2-5UTR-Amplicon,271,t,1.2614
SARS-CoV2-5UTR-Amplicon,272,t,0.4965
SARS-CoV2-5UTR-Amplicon,273,g,0.393
SARS-CoV2-5UTR-Amplicon,274,t,0.8258
SARS-CoV2-5UTR-Amplicon,275,c,2.4154
SARS-CoV2-5UTR-Amplicon,276,c,0.6605
SARS-CoV2-5UTR-Amplicon,277,c,0.9496
SARS-CoV2-5UTR-Amplicon,278,t,1.3419
SARS-CoV2-5UTR-Amplicon,279,g,1.9
SARS-CoV2-5UTR-Amplicon,280,g,0.9707
SARS-CoV2-5UTR-Amplicon,281,t,0.7228
SARS-CoV2-5UTR-Amplicon,282,t,0.5576
SARS-CoV2-5UTR-Amplicon,283,t,0.7228
SARS-CoV2-5UTR-Amplicon,284,c,1.3636
SARS-CoV2-5UTR-Amplicon,285,a,1.7562
SARS-CoV2-5UTR-Amplicon,286,a,0.3926
SARS-CoV2-5UTR-Amplicon,287,c,0.5579
SARS-CoV2-5UTR-Amplicon,288,g,1.446
SARS-CoV2-5UTR-Amplicon,289,a,0.9467
SARS-CoV2-5UTR-Amplicon,290,g,1.6265
SARS-CoV2-5UTR-Amplicon,291,g,0.803
SARS-CoV2-5UTR-Amplicon,292,g,1.5435
SARS-CoV2-5UTR-Amplicon,293,a,0.9055
SARS-CoV2-5UTR-Amplicon,294,g,1.6725
SARS-CoV2-5UTR-Amplicon,295,t,1.0737
SARS-CoV2-5UTR-Amplicon,296,c,2.7675
SARS-CoV2-5UTR-Amplicon,297,a,2.7261
SARS-CoV2-5UTR-Amplicon,298,a,1.4663
SARS-CoV2-5UTR-Amplicon,299,a,1.2805
SARS-CoV2-5UTR-Amplicon,300,g,1.5073
SARS-CoV2-5UTR-Amplicon,301,t,1.7142
SARS-CoV2-5UTR-Amplicon,302,t,1.7138
SARS-CoV2-5UTR-Amplicon,303,c,1.2394
SARS-CoV2-5UTR-Amplicon,304,t,1.0533
SARS-CoV2-5UTR-Amplicon,305,g,0.723
SARS-CoV2-5UTR-Amplicon,306,t,2.4375
SARS-CoV2-5UTR-Amplicon,307,t,0.7641
SARS-CoV2-5UTR-Amplicon,308,t,0.9709
SARS-CoV2-5UTR-Amplicon,309,g,0.8678
SARS-CoV2-5UTR-Amplicon,310,c,1.6942
SARS-CoV2-5UTR-Amplicon,311,c,0.5372
SARS-CoV2-5UTR-Amplicon,312,c,0.9919
SARS-CoV2-5UTR-Amplicon,313,t,0.9506
SARS-CoV2-5UTR-Amplicon,314,g,0.9514
SARS-CoV2-5UTR-Amplicon,315,a,0.2276
SARS-CoV2-5UTR-Amplicon,316,t,0.9102
SARS-CoV2-5UTR-Amplicon,317,c,0.9309
SARS-CoV2-5UTR-Amplicon,318,t,0.9516
SARS-CoV2-5UTR-Amplicon,319,g,1.0346
SARS-CoV2-5UTR-Amplicon,320,c,0.7243
SARS-CoV2-5UTR-Amplicon,321,a,0.5795
SARS-CoV2-5UTR-Amplicon,322,t,0.3933
SARS-CoV2-5UTR-Amplicon,323,c,0.9317
SARS-CoV2-5UTR-Amplicon,324,g,0.5599
SARS-CoV2-5UTR-Amplicon,325,c,0.624
SARS-CoV2-5UTR-Amplicon,326,t,0.7912
SARS-CoV2-5UTR-Amplicon,327,g,0.7705
SARS-CoV2-5UTR-Amplicon,328,t,0.8123
SARS-CoV2-5UTR-Amplicon,329,g,0.604
SARS-CoV2-5UTR-Amplicon,330,g,0.5207
SARS-CoV2-5UTR-Amplicon,331,c,0.5418
SARS-CoV2-5UTR-Amplicon,332,c,0.5418
SARS-CoV2-5UTR-Amplicon,333,g,0.9589
SARS-CoV2-5UTR-Amplicon,334,a,0.5212
SARS-CoV2-5UTR-Amplicon,335,g,0.5212
SARS-CoV2-5UTR-Amplicon,336,g,0.8968
SARS-CoV2-5UTR-Amplicon,337,c,0.6258
SARS-CoV2-5UTR-Amplicon,338,c,0.837
SARS-CoV2-5UTR-Amplicon,339,a,1.9879
SARS-CoV2-5UTR-Amplicon,340,a,0.6285
SARS-CoV2-5UTR-Amplicon,341,g,0.7336
SARS-CoV2-5UTR-Amplicon,342,c,1.1318
SARS-CoV2-5UTR-Amplicon,343,c,0.6709
SARS-CoV2-5UTR-Amplicon,344,c,0.7341
SARS-CoV2-5UTR-Amplicon,345,a,0.7134
SARS-CoV2-5UTR-Amplicon,346,c,1.1752
SARS-CoV2-5UTR-Amplicon,347,c,0.5877
SARS-CoV2-5UTR-Amplicon,348,g,1.47
SARS-CoV2-5UTR-Amplicon,349,a,0.735
SARS-CoV2-5UTR-Amplicon,350,g,1.0712
SARS-CoV2-5UTR-Amplicon,351,a,1.4703
SARS-CoV2-5UTR-Amplicon,352,a,0.9248
SARS-CoV2-5UTR-Amplicon,353,c,0.6517
SARS-CoV2-5UTR-Amplicon,354,a,1.2618
SARS-CoV2-5UTR-Amplicon,355,a,0.3158
SARS-CoV2-5UTR-Amplicon,356,c,0.5685
SARS-CoV2-5UTR-Amplicon,357,g,1.9206
SARS-CoV2-5UTR-Amplicon,358,a,0.6336
SARS-CoV2-5UTR-Amplicon,359,a,0.5495
SARS-CoV2-5UTR-Amplicon,360,g,0.9528
SARS-CoV2-5UTR-Amplicon,361,a,0.7005
SARS-CoV2-5UTR-Amplicon,362,c,0.5104
SARS-CoV2-5UTR-Amplicon,363,t,0.9806
SARS-CoV2-5UTR-Amplicon,364,t,0.5133
SARS-CoV2-5UTR-Amplicon,365,c,0.6468
SARS-CoV2-5UTR-Amplicon,366,a,1.7166
SARS-CoV2-5UTR-Amplicon,367,a,0.2627
SARS-CoV2-5UTR-Amplicon,368,c,0.2902
SARS-CoV2-5UTR-Amplicon,369,a,0.9462
SARS-CoV2-5UTR-Amplicon,370,t,0.0903
SARS-CoV2-5UTR-Amplicon,371,c,0.4096
SARS-CoV2-5UTR-Amplicon,372,g,0.0912
SARS-CoV2-5UTR-Amplicon,373,t,0.0913
SARS-CoV2-5UTR-Amplicon,374,g,0.1837
SARS-CoV2-5UTR-Amplicon,375,g,0.023
SARS-CoV2-5UTR-Amplicon,376,c,0
SARS-CoV2-5UTR-Amplicon,377,c,0
SARS-CoV2-5UTR-Amplicon,378,g,0
SMN2-Exon7-Amplicon,1,a,NaN
SMN2-Exon7-Amplicon,2,g,NaN
SMN2-Exon7-Amplicon,3,g,NaN
SMN2-Exon7-Amplicon,4,t,NaN
SMN2-Exon7-Amplicon,5,t,NaN
SMN2-Exon7-Amplicon,6,t,NaN
SMN2-Exon7-Amplicon,7,a,NaN
SMN2-Exon7-Amplicon,8,t,NaN
SMN2-Exon7-Amplicon,9,a,NaN
SMN2-Exon7-Amplicon,10,c,NaN
SMN2-Exon7-Amplicon,11,c,NaN
SMN2-Exon7-Amplicon,12,t,NaN
SMN2-Exon7-Amplicon,13,t,NaN
SMN2-Exon7-Amplicon,14,c,NaN
SMN2-Exon7-Amplicon,15,c,NaN
SMN2-Exon7-Amplicon,16,c,NaN
SMN2-Exon7-Amplicon,17,a,NaN
SMN2-Exon7-Amplicon,18,g,NaN
SMN2-Exon7-Amplicon,19,g,NaN
SMN2-Exon7-Amplicon,20,t,NaN
SMN2-Exon7-Amplicon,21,a,NaN
SMN2-Exon7-Amplicon,22,a,NaN
SMN2-Exon7-Amplicon,23,c,NaN
SMN2-Exon7-Amplicon,24,a,NaN
SMN2-Exon7-Amplicon,25,a,NaN
SMN2-Exon7-Amplicon,26,a,NaN
SMN2-Exon7-Amplicon,27,c,NaN
SMN2-Exon7-Amplicon,28,c,NaN
SMN2-Exon7-Amplicon,29,a,NaN
SMN2-Exon7-Amplicon,30,a,NaN
SMN2-Exon7-Amplicon,31,c,NaN
SMN2-Exon7-Amplicon,32,c,NaN
SMN2-Exon7-Amplicon,33,a,NaN
SMN2-Exon7-Amplicon,34,a,NaN
SMN2-Exon7-Amplicon,35,c,NaN
SMN2-Exon7-Amplicon,36,t,NaN
SMN2-Exon7-Amplicon,37,t,NaN
SMN2-Exon7-Amplicon,38,t,NaN
SMN2-Exon7-Amplicon,39,c,NaN
SMN2-Exon7-Amplicon,40,g,NaN
SMN2-Exon7-Amplicon,41,a,NaN
SMN2-Exon7-Amplicon,42,t,NaN
SMN2-Exon7-Amplicon,43,c,NaN
SMN2-Exon7-Amplicon,44,t,NaN
SMN2-Exon7-Amplicon,45,c,NaN
SMN2-Exon7-Amplicon,46,t,NaN
SMN2-Exon7-Amplicon,47,t,NaN
SMN2-Exon7-Amplicon,48,g,NaN
SMN2-Exon7-Amplicon,49,t,NaN
SMN2-Exon7-Amplicon,50,a,NaN
SMN2-Exon7-Amplicon,51,g,NaN
SMN2-Exon7-Amplicon,52,a,NaN
SMN2-Exon7-Amplicon,53,t,NaN
SMN2-Exon7-Amplicon,54,c,NaN
SMN2-Exon7-Amplicon,55,t,NaN
SMN2-Exon7-Amplicon,56,g,NaN
SMN2-Exon7-Amplicon,57,t,NaN
SMN2-Exon7-Amplicon,58,t,NaN
SMN2-Exon7-Amplicon,59,c,NaN
SMN2-Exon7-Amplicon,60,t,NaN
SMN2-Exon7-Amplicon,61,c,NaN
SMN2-Exon7-Amplicon,62,t,NaN
SMN2-Exon7-Amplicon,63,a,NaN
SMN2-Exon7-Amplicon,64,a,NaN
SMN2-Exon7-Amplicon,65,a,NaN
SMN2-Exon7-Amplicon,66,c,NaN
SMN2-Exon7-Amplicon,67,g,NaN
SMN2-Exon7-Amplicon,68,a,NaN
SMN2-Exon7-Amplicon,69,a,NaN
SMN2-Exon7-Amplicon,70,c,NaN
SMN2-Exon7-Amplicon,71,t,NaN
SMN2-Exon7-Amplicon,72,t,NaN
SMN2-Exon7-Amplicon,73,t,NaN
SMN2-Exon7-Amplicon,74,a,NaN
SMN2-Exon7-Amplicon,75,a,NaN
SMN2-Exon7-Amplicon,76,a,NaN
SMN2-Exon7-Amplicon,77,a,NaN
SMN2-Exon7-Amplicon,78,t,NaN
SMN2-Exon7-Amplicon,79,c,NaN
SMN2-Exon7-Amplicon,80,t,NaN
SMN2-Exon7-Amplicon,81,g,NaN
SMN2-Exon7-Amplicon,82,t,NaN
SMN2-Exon7-Amplicon,83,g,NaN
SMN2-Exon7-Amplicon,84,t,NaN
SMN2-Exon7-Amplicon,85,g,NaN
SMN2-Exon7-Amplicon,86,g,NaN
SMN2-Exon7-Amplicon,87,c,NaN
SMN2-Exon7-Amplicon,88,t,NaN
SMN2-Exon7-Amplicon,89,g,NaN
SMN2-Exon7-Amplicon,90,t,NaN
SMN2-Exon7-Amplicon,91,c,NaN
SMN2-Exon7-Amplicon,92,a,NaN
SMN2-Exon7-Amplicon,93,c,NaN
SMN2-Exon7-Amplicon,94,t,NaN
SMN2-Exon7-Amplicon,95,c,NaN
SMN2-Exon7-Amplicon,96,g,NaN
SMN2-Exon7-Amplicon,97,g,NaN
SMN2-Exon7-Amplicon,98,c,NaN
SMN2-Exon7-Amplicon,99,t,NaN
SMN2-Exon7-Amplicon,100,g,NaN
SMN2-Exon7-Amplicon,101,c,NaN
SMN2-Exon7-Amplicon,102,g,NaN
SMN2-Exon7-Amplicon,103,t,NaN
SMN2-Exon7-Amplicon,104,g,NaN
SMN2-Exon7-Amplicon,105,c,NaN
SMN2-Exon7-Amplicon,106,t,NaN
SMN2-Exon7-Amplicon,107,t,NaN
SMN2-Exon7-Amplicon,108,a,NaN
SMN2-Exon7-Amplicon,109,g,NaN
SMN2-Exon7-Amplicon,110,t,NaN
SMN2-Exon7-Amplicon,111,g,NaN
SMN2-Exon7-Amplicon,112,c,NaN
SMN2-Exon7-Amplicon,113,a,NaN
SMN2-Exon7-Amplicon,114,c,NaN
SMN2-Exon7-Amplicon,115,t,NaN
SMN2-Exon7-Amplicon,116,c,NaN
SMN2-Exon7-Amplicon,117,a,NaN
SMN2-Exon7-Amplicon,118,c,NaN
SMN2-Exon7-Amplicon,119,g,NaN
SMN2-Exon7-Amplicon,120,c,NaN
SMN2-Exon7-Amplicon,121,a,NaN
SMN2-Exon7-Amplicon,122,g,NaN
SMN2-Exon7-Amplicon,123,t,NaN
SMN2-Exon7-Amplicon,124,a,NaN
SMN2-Exon7-Amplicon,125,t,NaN
SMN2-Exon7-Amplicon,126,a,NaN
SMN2-Exon7-Amplicon,127,a,NaN
SMN2-Exon7-Amplicon,128,t,NaN
SMN2-Exon7-Amplicon,129,t,NaN
SMN2-Exon7-Amplicon,130,a,NaN
SMN2-Exon7-Amplicon,131,a,NaN
SMN2-Exon7-Amplicon,132,t,NaN
SMN2-Exon7-Amplicon,133,a,NaN
SMN2-Exon7-Amplicon,134,a,NaN
SMN2-Exon7-Amplicon,135,c,NaN
SMN2-Exon7-Amplicon,136,t,NaN
SMN2-Exon7-Amplicon,137,a,NaN
SMN2-Exon7-Amplicon,138,a,NaN
SMN2-Exon7-Amplicon,139,t,NaN
SMN2-Exon7-Amplicon,140,t,NaN
SMN2-Exon7-Amplicon,141,a,NaN
SMN2-Exon7-Amplicon,142,c,NaN
SMN2-Exon7-Amplicon,143,t,NaN
SMN2-Exon7-Amplicon,144,g,NaN
SMN2-Exon7-Amplicon,145,t,NaN
SMN2-Exon7-Amplicon,146,c,NaN
SMN2-Exon7-Amplicon,147,g,NaN
SMN2-Exon7-Amplicon,148,t,NaN
SMN2-Exon7-Amplicon,149,t,NaN
SMN2-Exon7-Amplicon,150,g,NaN
SMN2-Exon7-Amplicon,151,a,NaN
SMN2-Exon7-Amplicon,152,c,NaN
SMN2-Exon7-Amplicon,153,a,NaN
SMN2-Exon7-Amplicon,154,g,NaN
SMN2-Exon7-Amplicon,155,g,NaN
SMN2-Exon7-Amplicon,156,a,NaN
SMN2-Exon7-Amplicon,157,c,NaN
SMN2-Exon7-Amplicon,158,a,NaN
SMN2-Exon7-Amplicon,159,c,NaN
SMN2-Exon7-Amplicon,160,g,NaN
SMN2-Exon7-Amplicon,161,a,NaN
SMN2-Exon7-Amplicon,162,g,NaN
SMN2-Exon7-Amplicon,163,t,NaN
SMN2-Exon7-Amplicon,164,a,NaN
SMN2-Exon7-Amplicon,165,a,NaN
SMN2-Exon7-Amplicon,166,c,NaN
SMN2-Exon7-Amplicon,167,t,NaN
SMN2-Exon7-Amplicon,168,c,NaN
SMN2-Exon7-Amplicon,169,g,NaN
SMN2-Exon7-Amplicon,170,t,NaN
SMN2-Exon7-Amplicon,171,c,NaN
SMN2-Exon7-Amplicon,172,t,NaN
SMN2-Exon7-Amplicon,173,a,NaN
SMN2-Exon7-Amplicon,174,t,NaN
SMN2-Exon7-Amplicon,175,c,NaN
SMN2-Exon7-Amplicon,176,t,NaN
SMN2-Exon7-Amplicon,177,t,NaN
SMN2-Exon7-Amplicon,178,c,NaN
SMN2-Exon7-Amplicon,179,t,NaN
SMN2-Exon7-Amplicon,180,g,NaN
SMN2-Exon7-Amplicon,181,c,NaN
SMN2-Exon7-Amplicon,182,a,NaN
SMN2-Exon7-Amplicon,183,g,NaN
SMN2-Exon7-Amplicon,184,g,NaN
SMN2-Exon7-Amplicon,185,c,NaN
SMN2-Exon7-Amplicon,186,t,NaN
SMN2-Exon7-Amplicon,187,g,NaN
SMN2-Exon7-Amplicon,188,c,NaN
SMN2-Exon7-Amplicon,189,t,NaN
SMN2-Exon7-Amplicon,190,t,NaN
SMN2-Exon7-Amplicon,191,a,NaN
SMN2-Exon7-Amplicon,192,c,NaN
SMN2-Exon7-Amplicon,193,g,NaN
SMN2-Exon7-Amplicon,194,g,NaN
SMN2-Exon7-Amplicon,195,t,NaN
SMN2-Exon7-Amplicon,196,t,NaN
SMN2-Exon7-Amplicon,197,t,NaN
SMN2-Exon7-Amplicon,198,c,NaN
SMN2-Exon7-Amplicon,199,g,NaN
SMN2-Exon7-Amplicon,200,t,NaN
SMN2-Exon7-Amplicon,201,c,NaN
SMN2-Exon7-Amplicon,202,c,NaN
SMN2-Exon7-Amplicon,203,g,NaN
SMN2-Exon7-Amplicon,204,t,NaN
SMN2-Exon7-Amplicon,205,g,NaN
SMN2-Exon7-Amplicon,206,t,NaN
SMN2-Exon7-Amplicon,207,t,NaN
SMN2-Exon7-Amplicon,208,g,NaN
SMN2-Exon7-Amplicon,209,c,NaN
SMN2-Exon7-Amplicon,210,a,NaN
SMN2-Exon7-Amplicon,211,g,NaN
SMN2-Exon7-Amplicon,212,c,NaN
SMN2-Exon7-Amplicon,213,c,NaN
SMN2-Exon7-Amplicon,214,g,NaN
SMN2-Exon7-Amplicon,215,a,NaN
SMN2-Exon7-Amplicon,216,t,NaN
SMN2-Exon7-Amplicon,217,c,NaN
SMN2-Exon7-Amplicon,218,a,NaN
SMN2-Exon7-Amplicon,219,t,NaN
SMN2-Exon7-Amplicon,220,c,NaN
SMN2-Exon7-Amplicon,221,a,NaN
SMN2-Exon7-Amplicon,222,g,NaN
SMN2-Exon7-Amplicon,223,c,NaN
SMN2-Exon7-Amplicon,224,a,NaN
SMN2-Exon7-Amplicon,225,c,NaN
SMN2-Exon7-Amplicon,226,a,NaN
SMN2-Exon7-Amplicon,227,t,NaN
SMN2-Exon7-Amplicon,228,c,NaN
SMN2-Exon7-Amplicon,229,t,NaN
SMN2-Exon7-Amplicon,230,a,NaN
SMN2-Exon7-Amplicon,231,g,NaN
SMN2-Exon7-Amplicon,232,g,NaN
SMN2-Exon7-Amplicon,233,t,NaN
SMN2-Exon7-Amplicon,234,t,NaN
SMN2-Exon7-Amplicon,235,t,NaN
SMN2-Exon7-Amplicon,236,c,NaN
SMN2-Exon7-Amplicon,237,g,NaN
SMN2-Exon7-Amplicon,238,t,NaN
SMN2-Exon7-Amplicon,239,c,NaN
SMN2-Exon7-Amplicon,240,c,NaN
SMN2-Exon7-Amplicon,241,g,NaN
SMN2-Exon7-Amplicon,242,g,NaN
SMN2-Exon7-Amplicon,243,g,NaN
SMN2-Exon7-Amplicon,244,t,NaN
SMN2-Exon7-Amplicon,245,g,NaN
SMN2-Exon7-Amplicon,246,t,NaN
SMN2-Exon7-Amplicon,247,g,NaN
SMN2-Exon7-Amplicon,248,a,NaN
SMN2-Exon7-Amplicon,249,c,NaN
SMN2-Exon7-Amplicon,250,c,NaN
SMN2-Exon7-Amplicon,251,g,NaN
SMN2-Exon7-Amplicon,252,a,NaN
SMN2-Exon7-Amplicon,253,a,NaN
SMN2-Exon7-Amplicon,254,a,NaN
SMN2-Exon7-Amplicon,255,g,NaN
SMN2-Exon7-Amplicon,256,g,NaN
SMN2-Exon7-Amplicon,257,t,NaN
SMN2-Exon7-Amplicon,258,a,NaN
SMN2-Exon7-Amplicon,259,a,NaN
SMN2-Exon7-Amplicon,260,g,NaN
SMN2-Exon7-Amplicon,261,a,NaN
SMN2-Exon7-Amplicon,262,t,NaN
SMN2-Exon7-Amplicon,263,g,NaN
SMN2-Exon7-Amplicon,264,g,NaN
SMN2-Exon7-Amplicon,265,a,NaN
SMN2-Exon7-Amplicon,266,g,NaN
SMN2-Exon7-Amplicon,267,a,NaN
SMN2-Exon7-Amplicon,268,g,NaN
SMN2-Exon7-Amplicon,269,c,NaN
SMN2-Exon7-Amplicon,270,c,NaN
SMN2-Exon7-Amplicon,271,t,NaN
SMN2-Exon7-Amplicon,272,t,NaN
SMN2-Exon7-Amplicon,273,g,NaN
SMN2-Exon7-Amplicon,274,t,NaN
SMN2-Exon7-Amplicon,275,c,NaN
SMN2-Exon7-Amplicon,276,c,NaN
SMN2-Exon7-Amplicon,277,c,NaN
SMN2-Exon7-Amplicon,278,t,NaN
SMN2-Exon7-Amplicon,279,g,NaN
SMN2-Exon7-Amplicon,280,g,NaN
SMN2-Exon7-Amplicon,281,t,NaN
SMN2-Exon7-Amplicon,282,t,NaN
SMN2-Exon7-Amplicon,283,t,NaN
SMN2-Exon7-Amplicon,284,c,NaN
SMN2-Exon7-Amplicon,285,a,NaN
SMN2-Exon7-Amplicon,286,a,NaN
SMN2-Exon7-Amplicon,287,c,NaN
SMN2-Exon7-Amplicon,288,g,NaN
SMN2-Exon7-Amplicon,289,a,NaN
SMN2-Exon7-Amplicon,290,g,NaN
SMN2-Exon7-Amplicon,291,g,NaN
SMN2-Exon7-Amplicon,292,g,NaN
SMN2-Exon7-Amplicon,293,a,NaN
SMN2-Exon7-Amplicon,294,g,NaN
SMN2-Exon7-Amplicon,295,t,NaN
SMN2-Exon7-Amplicon,296,c,NaN
SMN2-Exon7-Amplicon,297,a,NaN
SMN2-Exon7-Amplicon,298,a,NaN
SMN2-Exon7-Amplicon,299,a,NaN
SMN2-Exon7-Amplicon,300,g,NaN
SMN2-Exon7-Amplicon,301,t,NaN
SMN2-Exon7-Amplicon,302,t,NaN
SMN2-Exon7-Amplicon,303,c,NaN
SMN2-Exon7-Amplicon,304,t,NaN
SMN2-Exon7-Amplicon,305,g,NaN
SMN2-Exon7-Amplicon,306,t,NaN
SMN2-Exon7-Amplicon,307,t,NaN
SMN2-Exon7-Amplicon,308,t,NaN
SMN2-Exon7-Amplicon,309,g,NaN
SMN2-Exon7-Amplicon,310,c,NaN
SMN2-Exon7-Amplicon,311,c,NaN
SMN2-Exon7-Amplicon,312,c,NaN
SMN2-Exon7-Amplicon,313,t,NaN
SMN2-Exon7-Amplicon,314,g,NaN
SMN2-Exon7-Amplicon,315,a,NaN
SMN2-Exon7-Amplicon,316,t,NaN
SMN2-Exon7-Amplicon,317,c,NaN
SMN2-Exon7-Amplicon,318,t,NaN
SMN2-Exon7-Amplicon,319,g,NaN
SMN2-Exon7-Amplicon,320,c,NaN
SMN2-Exon7-Amplicon,321,a,NaN
SMN2-Exon7-Amplicon,322,t,NaN
SMN2-Exon7-Amplicon,323,c,NaN
SMN2-Exon7-Amplicon,324,g,NaN
