Region,Position,Ref_base,Mut_percentage
SARS-CoV2-5UTR-Amplicon,1,a,0
SARS-CoV2-5UTR-Amplicon,2,g,0
SARS-CoV2-5UTR-Amplicon,3,g,0
SARS-CoV2-5UTR-Amplicon,4,t,0
SARS-CoV2-5UTR-Amplicon,5,t,0.1329
SARS-CoV2-5UTR-Amplicon,6,t,0.7959
SARS-CoV2-5UTR-Amplicon,7,a,0.3731
SARS-CoV2-5UTR-Amplicon,8,t,0.6189
SARS-CoV2-5UTR-Amplicon,9,a,0.6572
SARS-CoV2-5UTR-Amplicon,10,c,0.6132
SARS-CoV2-5UTR-Amplicon,11,c,0.2311
SARS-CoV2-5UTR-Amplicon,12,t,1.0417
SARS-CoV2-5UTR-Amplicon,13,t,0.645
SARS-CoV2-5UTR-Amplicon,14,c,1.9335
SARS-CoV2-5UTR-Amplicon,15,c,0.4774
SARS-CoV2-5UTR-Amplicon,16,c,0.8501
SARS-CoV2-5UTR-Amplicon,17,a,0.5444
SARS-CoV2-5UTR-Amplicon,18,g,0.8063
SARS-CoV2-5UTR-Amplicon,19,g,0.3022
SARS-CoV2-5UTR-Amplicon,20,t,2.2961
SARS-CoV2-5UTR-Amplicon,21,a,1.7318
SARS-CoV2-5UTR-Amplicon,22,a,1.5691
SARS-CoV2-5UTR-Amplicon,23,c,1.7293
SARS-CoV2-5UTR-Amplicon,24,a,1.1466
SARS-CoV2-5UTR-Amplicon,25,a,0.5921
SARS-CoV2-5UTR-Amplicon,26,a,0.6512
SARS-CoV2-5UTR-Amplicon,27,c,1.1353
SARS-CoV2-5UTR-Amplicon,28,c,1.1802
SARS-CoV2-5UTR-Amplicon,29,a,0.9519
SARS-CoV2-5UTR-Amplicon,30,a,0.2263
SARS-CoV2-5UTR-Amplicon,31,c,0.5583
SARS-CoV2-5UTR-Amplicon,32,c,1.1166
SARS-CoV2-5UTR-Amplicon,33,a,1.1312
SARS-CoV2-5UTR-Amplicon,34,a,0.4824
SARS-CoV2-5UTR-Amplicon,35,c,0.8441
SARS-CoV2-5UTR-Amplicon,36,t,3.4348
SARS-CoV2-5UTR-Amplicon,37,t,1.0004
SARS-CoV2-5UTR-Amplicon,38,t,0.7762
SARS-CoV2-5UTR-Amplicon,39,c,3.1945
SARS-CoV2-5UTR-Amplicon,40,g,4.2201
SARS-CoV2-5UTR-Amplicon,41,a,1.0139
SARS-CoV2-5UTR-Amplicon,42,t,1.6836
SARS-CoV2-5UTR-Amplicon,43,c,3.1432
SARS-CoV2-5UTR-Amplicon,44,t,1.2653
SARS-CoV2-5UTR-Amplicon,45,c,1.9348
SARS-CoV2-5UTR-Amplicon,46,t,2.6782
SARS-CoV2-5UTR-Amplicon,47,t,1.964
SARS-CoV2-5UTR-Amplicon,48,g,1.0118
SARS-CoV2-5UTR-Amplicon,49,t,1.3389
SARS-CoV2-5UTR-Amplicon,50,a,1.5755
SARS-CoV2-5UTR-Amplicon,51,g,2.6011
SARS-CoV2-5UTR-Amplicon,52,a,1.0702
SARS-CoV2-5UTR-Amplicon,53,t,1.3967
SARS-CoV2-5UTR-Amplicon,54,c,2.6449
SARS-CoV2-5UTR-Amplicon,55,t,1.6474
SARS-CoV2-5UTR-Amplicon,56,g,2.3894
SARS-CoV2-5UTR-Amplicon,57,t,3.1904
SARS-CoV2-5UTR-Amplicon,58,t,2.27
SARS-CoV2-5UTR-Amplicon,59,c,2.953
SARS-CoV2-5UTR-Amplicon,60,t,1.0831
SARS-CoV2-5UTR-Amplicon,61,c,2.1807
SARS-CoV2-5UTR-Amplicon,62,t,2.3072
SARS-CoV2-5UTR-Amplicon,63,a,4.3446
SARS-CoV2-5UTR-Amplicon,64,a,0.4165
SARS-CoV2-5UTR-Amplicon,65,a,0.4165
SARS-CoV2-5UTR-Amplicon,66,c,0.5948
SARS-CoV2-5UTR-Amplicon,67,g,3.4349
SARS-CoV2-5UTR-Amplicon,68,a,0.788
SARS-CoV2-5UTR-Amplicon,69,a,0.9218
SARS-CoV2-5UTR-Amplicon,70,c,3.2709
SARS-CoV2-5UTR-Amplicon,71,t,2.3487
SARS-CoV2-5UTR-Amplicon,72,t,1.0554
SARS-CoV2-5UTR-Amplicon,73,t,1.5906
SARS-CoV2-5UTR-Amplicon,74,a,2.8908
SARS-CoV2-5UTR-Amplicon,75,a,1.2217
SARS-CoV2-5UTR-Amplicon,76,a,1.4005
SARS-CoV2-5UTR-Amplicon,77,a,2.5026
SARS-CoV2-5UTR-Amplicon,78,t,2.2202
SARS-CoV2-5UTR-Amplicon,79,c,2.815
SARS-CoV2-5UTR-Amplicon,80,t,1.8336
SARS-CoV2-5UTR-Amplicon,81,g,2.3678
SARS-CoV2-5UTR-Amplicon,82,t,1.0871
SARS-CoV2-5UTR-Amplicon,83,g,1.0573
SARS-CoV2-5UTR-Amplicon,84,t,2.5614
SARS-CoV2-5UTR-Amplicon,85,g,1.5041
SARS-CoV2-5UTR-Amplicon,86,g,1.6714
SARS-CoV2-5UTR-Amplicon,87,c,2.5075
SARS-CoV2-5UTR-Amplicon,88,t,1.7761
SARS-CoV2-5UTR-Amplicon,89,g,2.1773
SARS-CoV2-5UTR-Amplicon,90,t,1.5863
SARS-CoV2-5UTR-Amplicon,91,c,2.0218
SARS-CoV2-5UTR-Amplicon,92,a,2.1154
SARS-CoV2-5UTR-Amplicon,93,c,2.6808
SARS-CoV2-5UTR-Amplicon,94,t,1.372
SARS-CoV2-5UTR-Amplicon,95,c,2.6041
SARS-CoV2-5UTR-Amplicon,96,g,2.6353
SARS-CoV2-5UTR-Amplicon,97,g,1.4816
SARS-CoV2-5UTR-Amplicon,98,c,1.6976
SARS-CoV2-5UTR-Amplicon,99,t,1.8063
SARS-CoV2-5UTR-Amplicon,100,g,2.6867
SARS-CoV2-5UTR-Amplicon,101,c,2.9111
SARS-CoV2-5UTR-Amplicon,102,g,4.4021
SARS-CoV2-5UTR-Amplicon,103,t,1.4238
SARS-CoV2-5UTR-Amplicon,104,g,4.6233
SARS-CoV2-5UTR-Amplicon,105,c,2.9755
SARS-CoV2-5UTR-Amplicon,106,t,2.6876
SARS-CoV2-5UTR-Amplicon,107,t,2.784
SARS-CoV2-5UTR-Amplicon,108,a,1.872
SARS-CoV2-5UTR-Amplicon,109,g,1.968
SARS-CoV2-5UTR-Amplicon,110,t,1.3116
SARS-CoV2-5UTR-Amplicon,111,g,1.5355
SARS-CoV2-5UTR-Amplicon,112,c,1.584
SARS-CoV2-5UTR-Amplicon,113,a,1.472
SARS-CoV2-5UTR-Amplicon,114,c,1.504
SARS-CoV2-5UTR-Amplicon,115,t,1.008
SARS-CoV2-5UTR-Amplicon,116,c,1.9674
SARS-CoV2-5UTR-Amplicon,117,a,1.7754
SARS-CoV2-5UTR-Amplicon,118,c,1.4706
SARS-CoV2-5UTR-Amplicon,119,g,1.4551
SARS-CoV2-5UTR-Amplicon,120,c,0.8796
SARS-CoV2-5UTR-Amplicon,121,a,1.5832
SARS-CoV2-5UTR-Amplicon,122,g,1.134
SARS-CoV2-5UTR-Amplicon,123,t,1.7039
SARS-CoV2-5UTR-Amplicon,124,a,1.5439
SARS-CoV2-5UTR-Amplicon,125,t,1.2401
SARS-CoV2-5UTR-Amplicon,126,a,1.0652
SARS-CoV2-5UTR-Amplicon,127,a,0.938
SARS-CoV2-5UTR-Amplicon,128,t,1.1447
SARS-CoV2-5UTR-Amplicon,129,t,0.9539
SARS-CoV2-5UTR-Amplicon,130,a,0.8425
SARS-CoV2-5UTR-Amplicon,131,a,1.1445
SARS-CoV2-5UTR-Amplicon,132,t,0.4928
SARS-CoV2-5UTR-Amplicon,133,a,1.3196
SARS-CoV2-5UTR-Amplicon,134,a,0.6995
SARS-CoV2-5UTR-Amplicon,135,c,1.3672
SARS-CoV2-5UTR-Amplicon,136,t,0.8744
SARS-CoV2-5UTR-Amplicon,137,a,0.8113
SARS-CoV2-5UTR-Amplicon,138,a,0.7477
SARS-CoV2-5UTR-Amplicon,139,t,0.7636
SARS-CoV2-5UTR-Amplicon,140,t,0.6841
SARS-CoV2-5UTR-Amplicon,141,a,1.2727
SARS-CoV2-5UTR-Amplicon,142,c,2.1432
SARS-CoV2-5UTR-Amplicon,143,t,1.3975
SARS-CoV2-5UTR-Amplicon,144,g,1.9851
SARS-CoV2-5UTR-Amplicon,145,t,1.0159
SARS-CoV2-5UTR-Amplicon,146,c,1.3016
SARS-CoV2-5UTR-Amplicon,147,g,2.5564
SARS-CoV2-5UTR-Amplicon,148,t,1.175
SARS-CoV2-5UTR-Amplicon,149,t,0.7413
SARS-CoV2-5UTR-Amplicon,150,g,1.7163
SARS-CoV2-5UTR-Amplicon,151,a,0.7874
SARS-CoV2-5UTR-Amplicon,152,c,0.8386
SARS-CoV2-5UTR-Amplicon,153,a,1.6772
SARS-CoV2-5UTR-Amplicon,154,g,2.4684
SARS-CoV2-5UTR-Amplicon,155,g,1.9639
SARS-CoV2-5UTR-Amplicon,156,a,1.885
SARS-CoV2-5UTR-Amplicon,157,c,2.0434
SARS-CoV2-5UTR-Amplicon,158,a,2.1667
SARS-CoV2-5UTR-Amplicon,159,c,1.3601
SARS-CoV2-5UTR-Amplicon,160,g,4.5159
SARS-CoV2-5UTR-Amplicon,161,a,4.0315
SARS-CoV2-5UTR-Amplicon,162,g,1.6381
SARS-CoV2-5UTR-Amplicon,163,t,1.4333
SARS-CoV2-5UTR-Amplicon,164,a,3.3554
SARS-CoV2-5UTR-Amplicon,165,a,1.2287
SARS-CoV2-5UTR-Amplicon,166,c,1.6848
SARS-CoV2-5UTR-Amplicon,167,t,0.9121
SARS-CoV2-5UTR-Amplicon,168,c,2.0607
SARS-CoV2-5UTR-Amplicon,169,g,2.4064
SARS-CoV2-5UTR-Amplicon,170,t,1.9475
SARS-CoV2-5UTR-Amplicon,171,c,2.9684
SARS-CoV2-5UTR-Amplicon,172,t,4.3014
SARS-CoV2-5UTR-Amplicon,173,a,4.4591
SARS-CoV2-5UTR-Amplicon,174,t,2.854
SARS-CoV2-5UTR-Amplicon,175,c,3.9197
SARS-CoV2-5UTR-Amplicon,176,t,3.2602
SARS-CoV2-5UTR-Amplicon,177,t,1.6306
SARS-CoV2-5UTR-Amplicon,178,c,2.0546
SARS-CoV2-5UTR-Amplicon,179,t,1.788
SARS-CoV2-5UTR-Amplicon,180,g,3.8727
SARS-CoV2-5UTR-Amplicon,181,c,2.6824
SARS-CoV2-5UTR-Amplicon,182,a,1.9925
SARS-CoV2-5UTR-Amplicon,183,g,1.4944
SARS-CoV2-5UTR-Amplicon,184,g,1.233
SARS-CoV2-5UTR-Amplicon,185,c,1.7728
SARS-CoV2-5UTR-Amplicon,186,t,1.9578
SARS-CoV2-5UTR-Amplicon,187,g,3.1293
SARS-CoV2-5UTR-Amplicon,188,c,1.9578
SARS-CoV2-5UTR-Amplicon,189,t,6.7634
SARS-CoV2-5UTR-Amplicon,190,t,1.7918
SARS-CoV2-5UTR-Amplicon,191,a,3.321
SARS-CoV2-5UTR-Amplicon,192,c,2.008
SARS-CoV2-5UTR-Amplicon,193,g,3.3668
SARS-CoV2-5UTR-Amplicon,194,g,2.7469
SARS-CoV2-5UTR-Amplicon,195,t,2.7936
SARS-CoV2-5UTR-Amplicon,196,t,1.4817
SARS-CoV2-5UTR-Amplicon,197,t,1.7257
SARS-CoV2-5UTR-Amplicon,198,c,2.7598
SARS-CoV2-5UTR-Amplicon,199,g,2.8836
SARS-CoV2-5UTR-Amplicon,200,t,2.0043
SARS-CoV2-5UTR-Amplicon,201,c,2.7598
SARS-CoV2-5UTR-Amplicon,202,c,2.9911
SARS-CoV2-5UTR-Amplicon,203,g,2.0506
SARS-CoV2-5UTR-Amplicon,204,t,2.5439
SARS-CoV2-5UTR-Amplicon,205,g,1.7576
SARS-CoV2-5UTR-Amplicon,206,t,2.2818
SARS-CoV2-5UTR-Amplicon,207,t,2.1746
SARS-CoV2-5UTR-Amplicon,208,g,1.8794
SARS-CoV2-5UTR-Amplicon,209,c,2.8801
SARS-CoV2-5UTR-Amplicon,210,a,1.6677
SARS-CoV2-5UTR-Amplicon,211,g,2.2893
SARS-CoV2-5UTR-Amplicon,212,c,1.7132
SARS-CoV2-5UTR-Amplicon,213,c,1.4251
SARS-CoV2-5UTR-Amplicon,214,g,2.7761
SARS-CoV2-5UTR-Amplicon,215,a,1.8204
SARS-CoV2-5UTR-Amplicon,216,t,2.0182
SARS-CoV2-5UTR-Amplicon,217,c,3.3384
SARS-CoV2-5UTR-Amplicon,218,a,5.0523
SARS-CoV2-5UTR-Amplicon,219,t,2.003
SARS-CoV2-5UTR-Amplicon,220,c,4.978
SARS-CoV2-5UTR-Amplicon,221,a,9.4096
SARS-CoV2-5UTR-Amplicon,222,g,7.5452
SARS-CoV2-5UTR-Amplicon,223,c,3.7509
SARS-CoV2-5UTR-Amplicon,224,a,5.4813
SARS-CoV2-5UTR-Amplicon,225,c,2.3921
SARS-CoV2-5UTR-Amplicon,226,a,5.8592
SARS-CoV2-5UTR-Amplicon,227,t,3.4101
SARS-CoV2-5UTR-Amplicon,228,c,3.8648
SARS-CoV2-5UTR-Amplicon,229,t,3.4838
SARS-CoV2-5UTR-Amplicon,230,a,4.0897
SARS-CoV2-5UTR-Amplicon,231,g,4.9674
SARS-CoV2-5UTR-Amplicon,232,g,5.0303
SARS-CoV2-5UTR-Amplicon,233,t,5.7544
SARS-CoV2-5UTR-Amplicon,234,t,4.836
SARS-CoV2-5UTR-Amplicon,235,t,4.5496
SARS-CoV2-5UTR-Amplicon,236,c,3.9613
SARS-CoV2-5UTR-Amplicon,237,g,3.4942
SARS-CoV2-5UTR-Amplicon,238,t,2.0578
SARS-CoV2-5UTR-Amplicon,239,c,3.6622
SARS-CoV2-5UTR-Amplicon,240,c,3.6622
SARS-CoV2-5UTR-Amplicon,241,g,5.3763
SARS-CoV2-5UTR-Amplicon,242,g,3.8736
SARS-CoV2-5UTR-Amplicon,243,g,4.7851
SARS-CoV2-5UTR-Amplicon,244,t,4.5662
SARS-CoV2-5UTR-Amplicon,245,g,2.527
SARS-CoV2-5UTR-Amplicon,246,t,2.527
SARS-CoV2-5UTR-Amplicon,247,g,7.7977
SARS-CoV2-5UTR-Amplicon,248,a,3.8262
SARS-CoV2-5UTR-Amplicon,249,c,3.5823
SARS-CoV2-5UTR-Amplicon,250,c,2.6608
SARS-CoV2-5UTR-Amplicon,251,g,4.1356
SARS-CoV2-5UTR-Amplicon,252,a,3.6953
SARS-CoV2-5UTR-Amplicon,253,a,2.4331
SARS-CoV2-5UTR-Amplicon,254,a,3.24
SARS-CoV2-5UTR-Amplicon,255,g,3.6372
SARS-CoV2-5UTR-Amplicon,256,g,3.8971
SARS-CoV2-5UTR-Amplicon,257,t,4.5821
SARS-CoV2-5UTR-Amplicon,258,a,5.2511
SARS-CoV2-5UTR-Amplicon,259,a,4.0686
SARS-CoV2-5UTR-Amplicon,260,g,4.5234
SARS-CoV2-5UTR-Amplicon,261,a,3.8251
SARS-CoV2-5UTR-Amplicon,262,t,1.9429
SARS-CoV2-5UTR-Amplicon,263,g,3.1729
SARS-CoV2-5UTR-Amplicon,264,g,2.8663
SARS-CoV2-5UTR-Amplicon,265,a,2.0887
SARS-CoV2-5UTR-Amplicon,266,g,3.75
SARS-CoV2-5UTR-Amplicon,267,a,2.8049
SARS-CoV2-5UTR-Amplicon,268,g,3.3619
SARS-CoV2-5UTR-Amplicon,269,c,3.316
SARS-CoV2-5UTR-Amplicon,270,c,3.0099
SARS-CoV2-5UTR-Amplicon,271,t,3.8802
SARS-CoV2-5UTR-Amplicon,272,t,1.7876
SARS-CoV2-5UTR-Amplicon,273,g,2.2467
SARS-CoV2-5UTR-Amplicon,274,t,2.2582
SARS-CoV2-5UTR-Amplicon,275,c,8.0397
SARS-CoV2-5UTR-Amplicon,276,c,2.9605
SARS-CoV2-5UTR-Amplicon,277,c,3.4346
SARS-CoV2-5UTR-Amplicon,278,t,4.2277
SARS-CoV2-5UTR-Amplicon,279,g,9.4533
SARS-CoV2-5UTR-Amplicon,280,g,4.6135
SARS-CoV2-5UTR-Amplicon,281,t,4.0024
SARS-CoV2-5UTR-Amplicon,282,t,2.7039
SARS-CoV2-5UTR-Amplicon,283,t,2.8571
SARS-CoV2-5UTR-Amplicon,284,c,3.9725
SARS-CoV2-5UTR-Amplicon,285,a,3.8356
SARS-CoV2-5UTR-Amplicon,286,a,2.2307
SARS-CoV2-5UTR-Amplicon,287,c,2.0779
SARS-CoV2-5UTR-Amplicon,288,g,2.3377
SARS-CoV2-5UTR-Amplicon,289,a,1.9231
SARS-CoV2-5UTR-Amplicon,290,g,3.5435
SARS-CoV2-5UTR-Amplicon,291,g,2.4701
SARS-CoV2-5UTR-Amplicon,292,g,2.225
SARS-CoV2-5UTR-Amplicon,293,a,2.2874
SARS-CoV2-5UTR-Amplicon,294,g,3.9031
SARS-CoV2-5UTR-Amplicon,295,t,3.178
SARS-CoV2-5UTR-Amplicon,296,c,5.601
SARS-CoV2-5UTR-Amplicon,297,a,7.8634
SARS-CoV2-5UTR-Amplicon,298,a,4.2632
SARS-CoV2-5UTR-Amplicon,299,a,4.3875
SARS-CoV2-5UTR-Amplicon,300,g,5.1005
SARS-CoV2-5UTR-Amplicon,301,t,6.9861
SARS-CoV2-5UTR-Amplicon,302,t,6.5667
SARS-CoV2-5UTR-Amplicon,303,c,2.4586
SARS-CoV2-5UTR-Amplicon,304,t,2.227
SARS-CoV2-5UTR-Amplicon,305,g,2.5383
SARS-CoV2-5UTR-Amplicon,306,t,6.2877
SARS-CoV2-5UTR-Amplicon,307,t,1.4095
SARS-CoV2-5UTR-Amplicon,308,t,1.7044
SARS-CoV2-5UTR-Amplicon,309,g,2.521
SARS-CoV2-5UTR-Amplicon,310,c,3.7971
SARS-CoV2-5UTR-Amplicon,311,c,0.9339
SARS-CoV2-5UTR-Amplicon,312,c,1.1056
SARS-CoV2-5UTR-Amplicon,313,t,1.291
SARS-CoV2-5UTR-Amplicon,314,g,0.9647
SARS-CoV2-5UTR-Amplicon,315,a,0.6845
SARS-CoV2-5UTR-Amplicon,316,t,1.0114
SARS-CoV2-5UTR-Amplicon,317,c,1.3228
SARS-CoV2-5UTR-Amplicon,318,t,1.2294
SARS-CoV2-5UTR-Amplicon,319,g,2.1492
SARS-CoV2-5UTR-Amplicon,320,c,1.5581
SARS-CoV2-5UTR-Amplicon,321,a,2.7111
SARS-CoV2-5UTR-Amplicon,322,t,0.9669
SARS-CoV2-5UTR-Amplicon,323,c,1.9033
SARS-CoV2-5UTR-Amplicon,324,g,1.5674
SARS-CoV2-5UTR-Amplicon,325,c,1.8014
SARS-CoV2-5UTR-Amplicon,326,t,1.8019
SARS-CoV2-5UTR-Amplicon,327,g,2.3935
SARS-CoV2-5UTR-Amplicon,328,t,2.2346
SARS-CoV2-5UTR-Amplicon,329,g,1.772
SARS-CoV2-5UTR-Amplicon,330,g,1.4534
SARS-CoV2-5UTR-Amplicon,331,c,1.3419
SARS-CoV2-5UTR-Amplicon,332,c,1.2464
SARS-CoV2-5UTR-Amplicon,333,g,3.3733
SARS-CoV2-5UTR-Amplicon,334,a,2.5744
SARS-CoV2-5UTR-Amplicon,335,g,2.0813
SARS-CoV2-5UTR-Amplicon,336,g,2.4927
SARS-CoV2-5UTR-Amplicon,337,c,2.265
SARS-CoV2-5UTR-Amplicon,338,c,2.1418
SARS-CoV2-5UTR-Amplicon,339,a,3.3084
SARS-CoV2-5UTR-Amplicon,340,a,1.8932
SARS-CoV2-5UTR-Amplicon,341,g,1.9475
SARS-CoV2-5UTR-Amplicon,342,c,2.5437
SARS-CoV2-5UTR-Amplicon,343,c,1.5614
SARS-CoV2-5UTR-Amplicon,344,c,1.7463
SARS-CoV2-5UTR-Amplicon,345,a,3.2378
SARS-CoV2-5UTR-Amplicon,346,c,2.7271
SARS-CoV2-5UTR-Amplicon,347,c,2.1767
SARS-CoV2-5UTR-Amplicon,348,g,3.7811
SARS-CoV2-5UTR-Amplicon,349,a,4.0939
SARS-CoV2-5UTR-Amplicon,350,g,3.6237
SARS-CoV2-5UTR-Amplicon,351,a,7.0654
SARS-CoV2-5UTR-Amplicon,352,a,2.5468
SARS-CoV2-5UTR-Amplicon,353,c,2.1181
SARS-CoV2-5UTR-Amplicon,354,a,3.493
SARS-CoV2-5UTR-Amplicon,355,a,1.3283
SARS-CoV2-5UTR-Amplicon,356,c,1.4835
SARS-CoV2-5UTR-Amplicon,357,g,5.6766
SARS-CoV2-5UTR-Amplicon,358,a,1.2428
SARS-CoV2-5UTR-Amplicon,359,a,1.5314
SARS-CoV2-5UTR-Amplicon,360,g,3.7845
SARS-CoV2-5UTR-Amplicon,361,a,2.1322
SARS-CoV2-5UTR-Amplicon,362,c,1.596
SARS-CoV2-5UTR-Amplicon,363,t,4.9161
SARS-CoV2-5UTR-Amplicon,364,t,1.8831
SARS-CoV2-5UTR-Amplicon,365,c,1.2475
SARS-CoV2-5UTR-Amplicon,366,a,3.401
SARS-CoV2-5UTR-Amplicon,367,a,0.4182
SARS-CoV2-5UTR-Amplicon,368,c,0.3621
SARS-CoV2-5UTR-Amplicon,369,a,2.6071
SARS-CoV2-5UTR-Amplicon,370,t,0.5059
SARS-CoV2-5UTR-Amplicon,371,c,0.9324
SARS-CoV2-5UTR-Amplicon,372,g,0.1466
SARS-CoV2-5UTR-Amplicon,373,t,0.3151
SARS-CoV2-5UTR-Amplicon,374,g,0.8382
SARS-CoV2-5UTR-Amplicon,375,g,0.0216
SARS-CoV2-5UTR-Amplicon,376,c,0
SARS-CoV2-5UTR-Amplicon,377,c,0
SARS-CoV2-5UTR-Amplicon,378,g,0
SMN2-Exon7-Amplicon,1,a,NaN
SMN2-Exon7-Amplicon,2,g,NaN
SMN2-Exon7-Amplicon,3,g,NaN
SMN2-Exon7-Amplicon,4,t,NaN
SMN2-Exon7-Amplicon,5,t,NaN
SMN2-Exon7-Amplicon,6,t,NaN
SMN2-Exon7-Amplicon,7,a,NaN
SMN2-Exon7-Amplicon,8,t,NaN
SMN2-Exon7-Amplicon,9,a,NaN
SMN2-Exon7-Amplicon,10,c,NaN
SMN2-Exon7-Amplicon,11,c,NaN
SMN2-Exon7-Amplicon,12,t,NaN
SMN2-Exon7-Amplicon,13,t,NaN
SMN2-Exon7-Amplicon,14,c,NaN
SMN2-Exon7-Amplicon,15,c,NaN
SMN2-Exon7-Amplicon,16,c,NaN
SMN2-Exon7-Amplicon,17,a,NaN
SMN2-Exon7-Amplicon,18,g,NaN
SMN2-Exon7-Amplicon,19,g,NaN
SMN2-Exon7-Amplicon,20,t,NaN
SMN2-Exon7-Amplicon,21,a,NaN
SMN2-Exon7-Amplicon,22,a,NaN
SMN2-Exon7-Amplicon,23,c,NaN
SMN2-Exon7-Amplicon,24,a,NaN
SMN2-Exon7-Amplicon,25,a,NaN
SMN2-Exon7-Amplicon,26,a,NaN
SMN2-Exon7-Amplicon,27,c,NaN
SMN2-Exon7-Amplicon,28,c,NaN
SMN2-Exon7-Amplicon,29,a,NaN
SMN2-Exon7-Amplicon,30,a,NaN
SMN2-Exon7-Amplicon,31,c,NaN
SMN2-Exon7-Amplicon,32,c,NaN
SMN2-Exon7-Amplicon,33,a,NaN
SMN2-Exon7-Amplicon,34,a,NaN
SMN2-Exon7-Amplicon,35,c,NaN
SMN2-Exon7-Amplicon,36,t,NaN
SMN2-Exon7-Amplicon,37,t,NaN
SMN2-Exon7-Amplicon,38,t,NaN
SMN2-Exon7-Amplicon,39,c,NaN
SMN2-Exon7-Amplicon,40,g,NaN
SMN2-Exon7-Amplicon,41,a,NaN
SMN2-Exon7-Amplicon,42,t,NaN
SMN2-Exon7-Amplicon,43,c,NaN
SMN2-Exon7-Amplicon,44,t,NaN
SMN2-Exon7-Amplicon,45,c,NaN
SMN2-Exon7-Amplicon,46,t,NaN
SMN2-Exon7-Amplicon,47,t,NaN
SMN2-Exon7-Amplicon,48,g,NaN
SMN2-Exon7-Amplicon,49,t,NaN
SMN2-Exon7-Amplicon,50,a,NaN
SMN2-Exon7-Amplicon,51,g,NaN
SMN2-Exon7-Amplicon,52,a,NaN
SMN2-Exon7-Amplicon,53,t,NaN
SMN2-Exon7-Amplicon,54,c,NaN
SMN2-Exon7-Amplicon,55,t,NaN
SMN2-Exon7-Amplicon,56,g,NaN
SMN2-Exon7-Amplicon,57,t,NaN
SMN2-Exon7-Amplicon,58,t,NaN
SMN2-Exon7-Amplicon,59,c,NaN
SMN2-Exon7-Amplicon,60,t,NaN
SMN2-Exon7-Amplicon,61,c,NaN
SMN2-Exon7-Amplicon,62,t,NaN
SMN2-Exon7-Amplicon,63,a,NaN
SMN2-Exon7-Amplicon,64,a,NaN
SMN2-Exon7-Amplicon,65,a,NaN
SMN2-Exon7-Amplicon,66,c,NaN
SMN2-Exon7-Amplicon,67,g,NaN
SMN2-Exon7-Amplicon,68,a,NaN
SMN2-Exon7-Amplicon,69,a,NaN
SMN2-Exon7-Amplicon,70,c,NaN
SMN2-Exon7-Amplicon,71,t,NaN
SMN2-Exon7-Amplicon,72,t,NaN
SMN2-Exon7-Amplicon,73,t,NaN
SMN2-Exon7-Amplicon,74,a,NaN
SMN2-Exon7-Amplicon,75,a,NaN
SMN2-Exon7-Amplicon,76,a,NaN
SMN2-Exon7-Amplicon,77,a,NaN
SMN2-Exon7-Amplicon,78,t,NaN
SMN2-Exon7-Amplicon,79,c,NaN
SMN2-Exon7-Amplicon,80,t,NaN
SMN2-Exon7-Amplicon,81,g,NaN
SMN2-Exon7-Amplicon,82,t,NaN
SMN2-Exon7-Amplicon,83,g,NaN
SMN2-Exon7-Amplicon,84,t,NaN
SMN2-Exon7-Amplicon,85,g,NaN
SMN2-Exon7-Amplicon,86,g,NaN
SMN2-Exon7-Amplicon,87,c,NaN
SMN2-Exon7-Amplicon,88,t,NaN
SMN2-Exon7-Amplicon,89,g,NaN
SMN2-Exon7-Amplicon,90,t,NaN
SMN2-Exon7-Amplicon,91,c,NaN
SMN2-Exon7-Amplicon,92,a,NaN
SMN2-Exon7-Amplicon,93,c,NaN
SMN2-Exon7-Amplicon,94,t,NaN
SMN2-Exon7-Amplicon,95,c,NaN
SMN2-Exon7-Amplicon,96,g,NaN
SMN2-Exon7-Amplicon,97,g,NaN
SMN2-Exon7-Amplicon,98,c,NaN
SMN2-Exon7-Amplicon,99,t,NaN
SMN2-Exon7-Amplicon,100,g,NaN
SMN2-Exon7-Amplicon,101,c,NaN
SMN2-Exon7-Amplicon,102,g,NaN
SMN2-Exon7-Amplicon,103,t,NaN
SMN2-Exon7-Amplicon,104,g,NaN
SMN2-Exon7-Amplicon,105,c,NaN
SMN2-Exon7-Amplicon,106,t,NaN
SMN2-Exon7-Amplicon,107,t,NaN
SMN2-Exon7-Amplicon,108,a,NaN
SMN2-Exon7-Amplicon,109,g,NaN
SMN2-Exon7-Amplicon,110,t,NaN
SMN2-Exon7-Amplicon,111,g,NaN
SMN2-Exon7-Amplicon,112,c,NaN
SMN2-Exon7-Amplicon,113,a,NaN
SMN2-Exon7-Amplicon,114,c,NaN
SMN2-Exon7-Amplicon,115,t,NaN
SMN2-Exon7-Amplicon,116,c,NaN
SMN2-Exon7-Amplicon,117,a,NaN
SMN2-Exon7-Amplicon,118,c,NaN
SMN2-Exon7-Amplicon,119,g,NaN
SMN2-Exon7-Amplicon,120,c,NaN
SMN2-Exon7-Amplicon,121,a,NaN
SMN2-Exon7-Amplicon,122,g,NaN
SMN2-Exon7-Amplicon,123,t,NaN
SMN2-Exon7-Amplicon,124,a,NaN
SMN2-Exon7-Amplicon,125,t,NaN
SMN2-Exon7-Amplicon,126,a,NaN
SMN2-Exon7-Amplicon,127,a,NaN
SMN2-Exon7-Amplicon,128,t,NaN
SMN2-Exon7-Amplicon,129,t,NaN
SMN2-Exon7-Amplicon,130,a,NaN
SMN2-Exon7-Amplicon,131,a,NaN
SMN2-Exon7-Amplicon,132,t,NaN
SMN2-Exon7-Amplicon,133,a,NaN
SMN2-Exon7-Amplicon,134,a,NaN
SMN2-Exon7-Amplicon,135,c,NaN
SMN2-Exon7-Amplicon,136,t,NaN
SMN2-Exon7-Amplicon,137,a,NaN
SMN2-Exon7-Amplicon,138,a,NaN
SMN2-Exon7-Amplicon,139,t,NaN
SMN2-Exon7-Amplicon,140,t,NaN
SMN2-Exon7-Amplicon,141,a,NaN
SMN2-Exon7-Amplicon,142,c,NaN
SMN2-Exon7-Amplicon,143,t,NaN
SMN2-Exon7-Amplicon,144,g,NaN
SMN2-Exon7-Amplicon,145,t,NaN
SMN2-Exon7-Amplicon,146,c,NaN
SMN2-Exon7-Amplicon,147,g,NaN
SMN2-Exon7-Amplicon,148,t,NaN
SMN2-Exon7-Amplicon,149,t,NaN
SMN2-Exon7-Amplicon,150,g,NaN
SMN2-Exon7-Amplicon,151,a,NaN
SMN2-Exon7-Amplicon,152,c,NaN
SMN2-Exon7-Amplicon,153,a,NaN
SMN2-Exon7-Amplicon,154,g,NaN
SMN2-Exon7-Amplicon,155,g,NaN
SMN2-Exon7-Amplicon,156,a,NaN
SMN2-Exon7-Amplicon,157,c,NaN
SMN2-Exon7-Amplicon,158,a,NaN
SMN2-Exon7-Amplicon,159,c,NaN
SMN2-Exon7-Amplicon,160,g,NaN
SMN2-Exon7-Amplicon,161,a,NaN
SMN2-Exon7-Amplicon,162,g,NaN
SMN2-Exon7-Amplicon,163,t,NaN
SMN2-Exon7-Amplicon,164,a,NaN
SMN2-Exon7-Amplicon,165,a,NaN
SMN2-Exon7-Amplicon,166,c,NaN
SMN2-Exon7-Amplicon,167,t,NaN
SMN2-Exon7-Amplicon,168,c,NaN
SMN2-Exon7-Amplicon,169,g,NaN
SMN2-Exon7-Amplicon,170,t,NaN
SMN2-Exon7-Amplicon,171,c,NaN
SMN2-Exon7-Amplicon,172,t,NaN
SMN2-Exon7-Amplicon,173,a,NaN
SMN2-Exon7-Amplicon,174,t,NaN
SMN2-Exon7-Amplicon,175,c,NaN
SMN2-Exon7-Amplicon,176,t,NaN
SMN2-Exon7-Amplicon,177,t,NaN
SMN2-Exon7-Amplicon,178,c,NaN
SMN2-Exon7-Amplicon,179,t,NaN
SMN2-Exon7-Amplicon,180,g,NaN
SMN2-Exon7-Amplicon,181,c,NaN
SMN2-Exon7-Amplicon,182,a,NaN
SMN2-Exon7-Amplicon,183,g,NaN
SMN2-Exon7-Amplicon,184,g,NaN
SMN2-Exon7-Amplicon,185,c,NaN
SMN2-Exon7-Amplicon,186,t,NaN
SMN2-Exon7-Amplicon,187,g,NaN
SMN2-Exon7-Amplicon,188,c,NaN
SMN2-Exon7-Amplicon,189,t,NaN
SMN2-Exon7-Amplicon,190,t,NaN
SMN2-Exon7-Amplicon,191,a,NaN
SMN2-Exon7-Amplicon,192,c,NaN
SMN2-Exon7-Amplicon,193,g,NaN
SMN2-Exon7-Amplicon,194,g,NaN
SMN2-Exon7-Amplicon,195,t,NaN
SMN2-Exon7-Amplicon,196,t,NaN
SMN2-Exon7-Amplicon,197,t,NaN
SMN2-Exon7-Amplicon,198,c,NaN
SMN2-Exon7-Amplicon,199,g,NaN
SMN2-Exon7-Amplicon,200,t,NaN
SMN2-Exon7-Amplicon,201,c,NaN
SMN2-Exon7-Amplicon,202,c,NaN
SMN2-Exon7-Amplicon,203,g,NaN
SMN2-Exon7-Amplicon,204,t,NaN
SMN2-Exon7-Amplicon,205,g,NaN
SMN2-Exon7-Amplicon,206,t,NaN
SMN2-Exon7-Amplicon,207,t,NaN
SMN2-Exon7-Amplicon,208,g,NaN
SMN2-Exon7-Amplicon,209,c,NaN
SMN2-Exon7-Amplicon,210,a,NaN
SMN2-Exon7-Amplicon,211,g,NaN
SMN2-Exon7-Amplicon,212,c,NaN
SMN2-Exon7-Amplicon,213,c,NaN
SMN2-Exon7-Amplicon,214,g,NaN
SMN2-Exon7-Amplicon,215,a,NaN
SMN2-Exon7-Amplicon,216,t,NaN
SMN2-Exon7-Amplicon,217,c,NaN
SMN2-Exon7-Amplicon,218,a,NaN
SMN2-Exon7-Amplicon,219,t,NaN
SMN2-Exon7-Amplicon,220,c,NaN
SMN2-Exon7-Amplicon,221,a,NaN
SMN2-Exon7-Amplicon,222,g,NaN
SMN2-Exon7-Amplicon,223,c,NaN
SMN2-Exon7-Amplicon,224,a,NaN
SMN2-Exon7-Amplicon,225,c,NaN
SMN2-Exon7-Amplicon,226,a,NaN
SMN2-Exon7-Amplicon,227,t,NaN
SMN2-Exon7-Amplicon,228,c,NaN
SMN2-Exon7-Amplicon,229,t,NaN
SMN2-Exon7-Amplicon,230,a,NaN
SMN2-Exon7-Amplicon,231,g,NaN
SMN2-Exon7-Amplicon,232,g,NaN
SMN2-Exon7-Amplicon,233,t,NaN
SMN2-Exon7-Amplicon,234,t,NaN
SMN2-Exon7-Amplicon,235,t,NaN
SMN2-Exon7-Amplicon,236,c,NaN
SMN2-Exon7-Amplicon,237,g,NaN
SMN2-Exon7-Amplicon,238,t,NaN
SMN2-Exon7-Amplicon,239,c,NaN
SMN2-Exon7-Amplicon,240,c,NaN
SMN2-Exon7-Amplicon,241,g,NaN
SMN2-Exon7-Amplicon,242,g,NaN
SMN2-Exon7-Amplicon,243,g,NaN
SMN2-Exon7-Amplicon,244,t,NaN
SMN2-Exon7-Amplicon,245,g,NaN
SMN2-Exon7-Amplicon,246,t,NaN
SMN2-Exon7-Amplicon,247,g,NaN
SMN2-Exon7-Amplicon,248,a,NaN
SMN2-Exon7-Amplicon,249,c,NaN
SMN2-Exon7-Amplicon,250,c,NaN
SMN2-Exon7-Amplicon,251,g,NaN
SMN2-Exon7-Amplicon,252,a,NaN
SMN2-Exon7-Amplicon,253,a,NaN
SMN2-Exon7-Amplicon,254,a,NaN
SMN2-Exon7-Amplicon,255,g,NaN
SMN2-Exon7-Amplicon,256,g,NaN
SMN2-Exon7-Amplicon,257,t,NaN
SMN2-Exon7-Amplicon,258,a,NaN
SMN2-Exon7-Amplicon,259,a,NaN
SMN2-Exon7-Amplicon,260,g,NaN
SMN2-Exon7-Amplicon,261,a,NaN
SMN2-Exon7-Amplicon,262,t,NaN
SMN2-Exon7-Amplicon,263,g,NaN
SMN2-Exon7-Amplicon,264,g,NaN
SMN2-Exon7-Amplicon,265,a,NaN
SMN2-Exon7-Amplicon,266,g,NaN
SMN2-Exon7-Amplicon,267,a,NaN
SMN2-Exon7-Amplicon,268,g,NaN
SMN2-Exon7-Amplicon,269,c,NaN
SMN2-Exon7-Amplicon,270,c,NaN
SMN2-Exon7-Amplicon,271,t,NaN
SMN2-Exon7-Amplicon,272,t,NaN
SMN2-Exon7-Amplicon,273,g,NaN
SMN2-Exon7-Amplicon,274,t,NaN
SMN2-Exon7-Amplicon,275,c,NaN
SMN2-Exon7-Amplicon,276,c,NaN
SMN2-Exon7-Amplicon,277,c,NaN
SMN2-Exon7-Amplicon,278,t,NaN
SMN2-Exon7-Amplicon,279,g,NaN
SMN2-Exon7-Amplicon,280,g,NaN
SMN2-Exon7-Amplicon,281,t,NaN
SMN2-Exon7-Amplicon,282,t,NaN
SMN2-Exon7-Amplicon,283,t,NaN
SMN2-Exon7-Amplicon,284,c,NaN
SMN2-Exon7-Amplicon,285,a,NaN
SMN2-Exon7-Amplicon,286,a,NaN
SMN2-Exon7-Amplicon,287,c,NaN
SMN2-Exon7-Amplicon,288,g,NaN
SMN2-Exon7-Amplicon,289,a,NaN
SMN2-Exon7-Amplicon,290,g,NaN
SMN2-Exon7-Amplicon,291,g,NaN
SMN2-Exon7-Amplicon,292,g,NaN
SMN2-Exon7-Amplicon,293,a,NaN
SMN2-Exon7-Amplicon,294,g,NaN
SMN2-Exon7-Amplicon,295,t,NaN
SMN2-Exon7-Amplicon,296,c,NaN
SMN2-Exon7-Amplicon,297,a,NaN
SMN2-Exon7-Amplicon,298,a,NaN
SMN2-Exon7-Amplicon,299,a,NaN
SMN2-Exon7-Amplicon,300,g,NaN
SMN2-Exon7-Amplicon,301,t,NaN
SMN2-Exon7-Amplicon,302,t,NaN
SMN2-Exon7-Amplicon,303,c,NaN
SMN2-Exon7-Amplicon,304,t,NaN
SMN2-Exon7-Amplicon,305,g,NaN
SMN2-Exon7-Amplicon,306,t,NaN
SMN2-Exon7-Amplicon,307,t,NaN
SMN2-Exon7-Amplicon,308,t,NaN
SMN2-Exon7-Amplicon,309,g,NaN
SMN2-Exon7-Amplicon,310,c,NaN
SMN2-Exon7-Amplicon,311,c,NaN
SMN2-Exon7-Amplicon,312,c,NaN
SMN2-Exon7-Amplicon,313,t,NaN
SMN2-Exon7-Amplicon,314,g,NaN
SMN2-Exon7-Amplicon,315,a,NaN
SMN2-Exon7-Amplicon,316,t,NaN
SMN2-Exon7-Amplicon,317,c,NaN
SMN2-Exon7-Amplicon,318,t,NaN
SMN2-Exon7-Amplicon,319,g,NaN
SMN2-Exon7-Amplicon,320,c,NaN
SMN2-Exon7-Amplicon,321,a,NaN
SMN2-Exon7-Amplicon,322,t,NaN
SMN2-Exon7-Amplicon,323,c,NaN
SMN2-Exon7-Amplicon,324,g,NaN
