Region,Position,Ref_base,Mut_percentage
SARS-CoV2-5UTR-Amplicon,1,a,-0.0257
SARS-CoV2-5UTR-Amplicon,2,g,0
SARS-CoV2-5UTR-Amplicon,3,g,0
SARS-CoV2-5UTR-Amplicon,4,t,0
SARS-CoV2-5UTR-Amplicon,5,t,0.0694
SARS-CoV2-5UTR-Amplicon,6,t,0.509
SARS-CoV2-5UTR-Amplicon,7,a,0.4147
SARS-CoV2-5UTR-Amplicon,8,t,0.4785
SARS-CoV2-5UTR-Amplicon,9,a,0.4775
SARS-CoV2-5UTR-Amplicon,10,c,0.3862
SARS-CoV2-5UTR-Amplicon,11,c,0.3631
SARS-CoV2-5UTR-Amplicon,12,t,1.1096
SARS-CoV2-5UTR-Amplicon,13,t,0.7466
SARS-CoV2-5UTR-Amplicon,14,c,1.9679
SARS-CoV2-5UTR-Amplicon,15,c,0.542
SARS-CoV2-5UTR-Amplicon,16,c,0.5414
SARS-CoV2-5UTR-Amplicon,17,a,0.2904
SARS-CoV2-5UTR-Amplicon,18,g,0.6924
SARS-CoV2-5UTR-Amplicon,19,g,0.2679
SARS-CoV2-5UTR-Amplicon,20,t,1.2718
SARS-CoV2-5UTR-Amplicon,21,a,0.9371
SARS-CoV2-5UTR-Amplicon,22,a,0.7363
SARS-CoV2-5UTR-Amplicon,23,c,0.8255
SARS-CoV2-5UTR-Amplicon,24,a,1.4841
SARS-CoV2-5UTR-Amplicon,25,a,0.7299
SARS-CoV2-5UTR-Amplicon,26,a,0.7286
SARS-CoV2-5UTR-Amplicon,27,c,0.9159
SARS-CoV2-5UTR-Amplicon,28,c,1.1863
SARS-CoV2-5UTR-Amplicon,29,a,1.1023
SARS-CoV2-5UTR-Amplicon,30,a,0.3119
SARS-CoV2-5UTR-Amplicon,31,c,0.395
SARS-CoV2-5UTR-Amplicon,32,c,1.0804
SARS-CoV2-5UTR-Amplicon,33,a,1.2874
SARS-CoV2-5UTR-Amplicon,34,a,0.3738
SARS-CoV2-5UTR-Amplicon,35,c,0.7683
SARS-CoV2-5UTR-Amplicon,36,t,2.2817
SARS-CoV2-5UTR-Amplicon,37,t,0.7534
SARS-CoV2-5UTR-Amplicon,38,t,0.5498
SARS-CoV2-5UTR-Amplicon,39,c,4.1743
SARS-CoV2-5UTR-Amplicon,40,g,2.9699
SARS-CoV2-5UTR-Amplicon,41,a,0.4067
SARS-CoV2-5UTR-Amplicon,42,t,1.3217
SARS-CoV2-5UTR-Amplicon,43,c,2.5214
SARS-CoV2-5UTR-Amplicon,44,t,0.7516
SARS-CoV2-5UTR-Amplicon,45,c,2.1933
SARS-CoV2-5UTR-Amplicon,46,t,2.0305
SARS-CoV2-5UTR-Amplicon,47,t,1.5635
SARS-CoV2-5UTR-Amplicon,48,g,0.8934
SARS-CoV2-5UTR-Amplicon,49,t,0.9543
SARS-CoV2-5UTR-Amplicon,50,a,1.4207
SARS-CoV2-5UTR-Amplicon,51,g,2.2732
SARS-CoV2-5UTR-Amplicon,52,a,0.6089
SARS-CoV2-5UTR-Amplicon,53,t,1.0148
SARS-CoV2-5UTR-Amplicon,54,c,2.74
SARS-CoV2-5UTR-Amplicon,55,t,1.0735
SARS-CoV2-5UTR-Amplicon,56,g,2.2681
SARS-CoV2-5UTR-Amplicon,57,t,2.7941
SARS-CoV2-5UTR-Amplicon,58,t,1.3565
SARS-CoV2-5UTR-Amplicon,59,c,2.6929
SARS-CoV2-5UTR-Amplicon,60,t,0.7892
SARS-CoV2-5UTR-Amplicon,61,c,2.4079
SARS-CoV2-5UTR-Amplicon,62,t,1.8822
SARS-CoV2-5UTR-Amplicon,63,a,4.6742
SARS-CoV2-5UTR-Amplicon,64,a,0.4653
SARS-CoV2-5UTR-Amplicon,65,a,0.5057
SARS-CoV2-5UTR-Amplicon,66,c,0.6269
SARS-CoV2-5UTR-Amplicon,67,g,2.3054
SARS-CoV2-5UTR-Amplicon,68,a,0.7482
SARS-CoV2-5UTR-Amplicon,69,a,0.7685
SARS-CoV2-5UTR-Amplicon,70,c,3.0334
SARS-CoV2-5UTR-Amplicon,71,t,1.4759
SARS-CoV2-5UTR-Amplicon,72,t,0.6874
SARS-CoV2-5UTR-Amplicon,73,t,0.9096
SARS-CoV2-5UTR-Amplicon,74,a,1.4959
SARS-CoV2-5UTR-Amplicon,75,a,0.8084
SARS-CoV2-5UTR-Amplicon,76,a,0.7074
SARS-CoV2-5UTR-Amplicon,77,a,1.5562
SARS-CoV2-5UTR-Amplicon,78,t,1.4753
SARS-CoV2-5UTR-Amplicon,79,c,1.3743
SARS-CoV2-5UTR-Amplicon,80,t,0.8699
SARS-CoV2-5UTR-Amplicon,81,g,1.1529
SARS-CoV2-5UTR-Amplicon,82,t,0.7081
SARS-CoV2-5UTR-Amplicon,83,g,0.6474
SARS-CoV2-5UTR-Amplicon,84,t,1.0318
SARS-CoV2-5UTR-Amplicon,85,g,1.295
SARS-CoV2-5UTR-Amplicon,86,g,1.1348
SARS-CoV2-5UTR-Amplicon,87,c,1.2945
SARS-CoV2-5UTR-Amplicon,88,t,1.4762
SARS-CoV2-5UTR-Amplicon,89,g,1.335
SARS-CoV2-5UTR-Amplicon,90,t,1.072
SARS-CoV2-5UTR-Amplicon,91,c,1.3754
SARS-CoV2-5UTR-Amplicon,92,a,1.1122
SARS-CoV2-5UTR-Amplicon,93,c,1.4765
SARS-CoV2-5UTR-Amplicon,94,t,1.0316
SARS-CoV2-5UTR-Amplicon,95,c,1.7803
SARS-CoV2-5UTR-Amplicon,96,g,1.1938
SARS-CoV2-5UTR-Amplicon,97,g,0.9306
SARS-CoV2-5UTR-Amplicon,98,c,0.804
SARS-CoV2-5UTR-Amplicon,99,t,0.9457
SARS-CoV2-5UTR-Amplicon,100,g,1.4085
SARS-CoV2-5UTR-Amplicon,101,c,1.4688
SARS-CoV2-5UTR-Amplicon,102,g,1.9718
SARS-CoV2-5UTR-Amplicon,103,t,1.3078
SARS-CoV2-5UTR-Amplicon,104,g,1.5493
SARS-CoV2-5UTR-Amplicon,105,c,1.6097
SARS-CoV2-5UTR-Amplicon,106,t,2.1127
SARS-CoV2-5UTR-Amplicon,107,t,2.0121
SARS-CoV2-5UTR-Amplicon,108,a,1.2274
SARS-CoV2-5UTR-Amplicon,109,g,0.9658
SARS-CoV2-5UTR-Amplicon,110,t,1.167
SARS-CoV2-5UTR-Amplicon,111,g,0.664
SARS-CoV2-5UTR-Amplicon,112,c,0.9054
SARS-CoV2-5UTR-Amplicon,113,a,0.8249
SARS-CoV2-5UTR-Amplicon,114,c,0.6237
SARS-CoV2-5UTR-Amplicon,115,t,0.5433
SARS-CoV2-5UTR-Amplicon,116,c,1.2679
SARS-CoV2-5UTR-Amplicon,117,a,0.7245
SARS-CoV2-5UTR-Amplicon,118,c,0.9459
SARS-CoV2-5UTR-Amplicon,119,g,0.7448
SARS-CoV2-5UTR-Amplicon,120,c,0.4428
SARS-CoV2-5UTR-Amplicon,121,a,0.624
SARS-CoV2-5UTR-Amplicon,122,g,0.7446
SARS-CoV2-5UTR-Amplicon,123,t,0.9302
SARS-CoV2-5UTR-Amplicon,124,a,0.5661
SARS-CoV2-5UTR-Amplicon,125,t,0.4425
SARS-CoV2-5UTR-Amplicon,126,a,0.4225
SARS-CoV2-5UTR-Amplicon,127,a,0.2414
SARS-CoV2-5UTR-Amplicon,128,t,0.3621
SARS-CoV2-5UTR-Amplicon,129,t,0.5029
SARS-CoV2-5UTR-Amplicon,130,a,0.342
SARS-CoV2-5UTR-Amplicon,131,a,0.523
SARS-CoV2-5UTR-Amplicon,132,t,0.2615
SARS-CoV2-5UTR-Amplicon,133,a,0.6437
SARS-CoV2-5UTR-Amplicon,134,a,0.3621
SARS-CoV2-5UTR-Amplicon,135,c,0.7644
SARS-CoV2-5UTR-Amplicon,136,t,0.4828
SARS-CoV2-5UTR-Amplicon,137,a,0.5029
SARS-CoV2-5UTR-Amplicon,138,a,0.4023
SARS-CoV2-5UTR-Amplicon,139,t,0.4023
SARS-CoV2-5UTR-Amplicon,140,t,0.4828
SARS-CoV2-5UTR-Amplicon,141,a,0.6236
SARS-CoV2-5UTR-Amplicon,142,c,0.8624
SARS-CoV2-5UTR-Amplicon,143,t,0.7219
SARS-CoV2-5UTR-Amplicon,144,g,0.8825
SARS-CoV2-5UTR-Amplicon,145,t,0.5812
SARS-CoV2-5UTR-Amplicon,146,c,0.8621
SARS-CoV2-5UTR-Amplicon,147,g,1.4443
SARS-CoV2-5UTR-Amplicon,148,t,0.7222
SARS-CoV2-5UTR-Amplicon,149,t,0.5204
SARS-CoV2-5UTR-Amplicon,150,g,1.2774
SARS-CoV2-5UTR-Amplicon,151,a,0.4192
SARS-CoV2-5UTR-Amplicon,152,c,0.3997
SARS-CoV2-5UTR-Amplicon,153,a,0.9392
SARS-CoV2-5UTR-Amplicon,154,g,2.0184
SARS-CoV2-5UTR-Amplicon,155,g,1.4991
SARS-CoV2-5UTR-Amplicon,156,a,1.3389
SARS-CoV2-5UTR-Amplicon,157,c,1.5188
SARS-CoV2-5UTR-Amplicon,158,a,1.9972
SARS-CoV2-5UTR-Amplicon,159,c,0.8588
SARS-CoV2-5UTR-Amplicon,160,g,2.9964
SARS-CoV2-5UTR-Amplicon,161,a,2.2231
SARS-CoV2-5UTR-Amplicon,162,g,0.8006
SARS-CoV2-5UTR-Amplicon,163,t,1.2693
SARS-CoV2-5UTR-Amplicon,164,a,1.8547
SARS-CoV2-5UTR-Amplicon,165,a,0.6443
SARS-CoV2-5UTR-Amplicon,166,c,0.6248
SARS-CoV2-5UTR-Amplicon,167,t,0.6243
SARS-CoV2-5UTR-Amplicon,168,c,1.4436
SARS-CoV2-5UTR-Amplicon,169,g,1.0916
SARS-CoV2-5UTR-Amplicon,170,t,1.0906
SARS-CoV2-5UTR-Amplicon,171,c,1.6943
SARS-CoV2-5UTR-Amplicon,172,t,2.1223
SARS-CoV2-5UTR-Amplicon,173,a,2.2192
SARS-CoV2-5UTR-Amplicon,174,t,1.4992
SARS-CoV2-5UTR-Amplicon,175,c,1.8497
SARS-CoV2-5UTR-Amplicon,176,t,1.6936
SARS-CoV2-5UTR-Amplicon,177,t,0.9928
SARS-CoV2-5UTR-Amplicon,178,c,1.2848
SARS-CoV2-5UTR-Amplicon,179,t,0.8565
SARS-CoV2-5UTR-Amplicon,180,g,2.1219
SARS-CoV2-5UTR-Amplicon,181,c,1.4211
SARS-CoV2-5UTR-Amplicon,182,a,1.0707
SARS-CoV2-5UTR-Amplicon,183,g,1.0753
SARS-CoV2-5UTR-Amplicon,184,g,0.7103
SARS-CoV2-5UTR-Amplicon,185,c,1.1327
SARS-CoV2-5UTR-Amplicon,186,t,1.3425
SARS-CoV2-5UTR-Amplicon,187,g,1.534
SARS-CoV2-5UTR-Amplicon,188,c,1.3234
SARS-CoV2-5UTR-Amplicon,189,t,3.3404
SARS-CoV2-5UTR-Amplicon,190,t,1.5742
SARS-CoV2-5UTR-Amplicon,191,a,1.3052
SARS-CoV2-5UTR-Amplicon,192,c,1.3436
SARS-CoV2-5UTR-Amplicon,193,g,1.2284
SARS-CoV2-5UTR-Amplicon,194,g,1.1324
SARS-CoV2-5UTR-Amplicon,195,t,1.1516
SARS-CoV2-5UTR-Amplicon,196,t,0.4989
SARS-CoV2-5UTR-Amplicon,197,t,0.6717
SARS-CoV2-5UTR-Amplicon,198,c,2.0342
SARS-CoV2-5UTR-Amplicon,199,g,1.113
SARS-CoV2-5UTR-Amplicon,200,t,1.1514
SARS-CoV2-5UTR-Amplicon,201,c,2.1685
SARS-CoV2-5UTR-Amplicon,202,c,1.6315
SARS-CoV2-5UTR-Amplicon,203,g,1.382
SARS-CoV2-5UTR-Amplicon,204,t,3.071
SARS-CoV2-5UTR-Amplicon,205,g,0.8831
SARS-CoV2-5UTR-Amplicon,206,t,1.3251
SARS-CoV2-5UTR-Amplicon,207,t,1.9009
SARS-CoV2-5UTR-Amplicon,208,g,1.4386
SARS-CoV2-5UTR-Amplicon,209,c,1.8368
SARS-CoV2-5UTR-Amplicon,210,a,0.9468
SARS-CoV2-5UTR-Amplicon,211,g,1.5717
SARS-CoV2-5UTR-Amplicon,212,c,0.8709
SARS-CoV2-5UTR-Amplicon,213,c,1.0795
SARS-CoV2-5UTR-Amplicon,214,g,2.1414
SARS-CoV2-5UTR-Amplicon,215,a,0.777
SARS-CoV2-5UTR-Amplicon,216,t,0.6822
SARS-CoV2-5UTR-Amplicon,217,c,1.9716
SARS-CoV2-5UTR-Amplicon,218,a,3.3365
SARS-CoV2-5UTR-Amplicon,219,t,0.5687
SARS-CoV2-5UTR-Amplicon,220,c,3.0711
SARS-CoV2-5UTR-Amplicon,221,a,6.0985
SARS-CoV2-5UTR-Amplicon,222,g,5.1505
SARS-CoV2-5UTR-Amplicon,223,c,1.0791
SARS-CoV2-5UTR-Amplicon,224,a,2.9907
SARS-CoV2-5UTR-Amplicon,225,c,0.7739
SARS-CoV2-5UTR-Amplicon,226,a,2.3028
SARS-CoV2-5UTR-Amplicon,227,t,1.3213
SARS-CoV2-5UTR-Amplicon,228,c,2.0955
SARS-CoV2-5UTR-Amplicon,229,t,1.8669
SARS-CoV2-5UTR-Amplicon,230,a,1.9427
SARS-CoV2-5UTR-Amplicon,231,g,2.1879
SARS-CoV2-5UTR-Amplicon,232,g,1.9992
SARS-CoV2-5UTR-Amplicon,233,t,2.2368
SARS-CoV2-5UTR-Amplicon,234,t,1.9173
SARS-CoV2-5UTR-Amplicon,235,t,1.7484
SARS-CoV2-5UTR-Amplicon,236,c,2.1061
SARS-CoV2-5UTR-Amplicon,237,g,1.373
SARS-CoV2-5UTR-Amplicon,238,t,0.9782
SARS-CoV2-5UTR-Amplicon,239,c,1.8435
SARS-CoV2-5UTR-Amplicon,240,c,1.7871
SARS-CoV2-5UTR-Amplicon,241,g,2.3895
SARS-CoV2-5UTR-Amplicon,242,g,1.6393
SARS-CoV2-5UTR-Amplicon,243,g,1.9597
SARS-CoV2-5UTR-Amplicon,244,t,2.0166
SARS-CoV2-5UTR-Amplicon,245,g,0.9235
SARS-CoV2-5UTR-Amplicon,246,t,1.0931
SARS-CoV2-5UTR-Amplicon,247,g,2.6197
SARS-CoV2-5UTR-Amplicon,248,a,1.263
SARS-CoV2-5UTR-Amplicon,249,c,1.1312
SARS-CoV2-5UTR-Amplicon,250,c,1.0902
SARS-CoV2-5UTR-Amplicon,251,g,2.1241
SARS-CoV2-5UTR-Amplicon,252,a,2.3308
SARS-CoV2-5UTR-Amplicon,253,a,0.789
SARS-CoV2-5UTR-Amplicon,254,a,1.2401
SARS-CoV2-5UTR-Amplicon,255,g,1.3905
SARS-CoV2-5UTR-Amplicon,256,g,1.3529
SARS-CoV2-5UTR-Amplicon,257,t,1.6535
SARS-CoV2-5UTR-Amplicon,258,a,2.3863
SARS-CoV2-5UTR-Amplicon,259,a,1.6123
SARS-CoV2-5UTR-Amplicon,260,g,2.006
SARS-CoV2-5UTR-Amplicon,261,a,1.2933
SARS-CoV2-5UTR-Amplicon,262,t,0.7684
SARS-CoV2-5UTR-Amplicon,263,g,1.7054
SARS-CoV2-5UTR-Amplicon,264,g,0.9183
SARS-CoV2-5UTR-Amplicon,265,a,0.6372
SARS-CoV2-5UTR-Amplicon,266,g,1.4808
SARS-CoV2-5UTR-Amplicon,267,a,1.1809
SARS-CoV2-5UTR-Amplicon,268,g,1.5001
SARS-CoV2-5UTR-Amplicon,269,c,1.2001
SARS-CoV2-5UTR-Amplicon,270,c,1.069
SARS-CoV2-5UTR-Amplicon,271,t,1.781
SARS-CoV2-5UTR-Amplicon,272,t,0.8254
SARS-CoV2-5UTR-Amplicon,273,g,0.863
SARS-CoV2-5UTR-Amplicon,274,t,1.1242
SARS-CoV2-5UTR-Amplicon,275,c,3.7662
SARS-CoV2-5UTR-Amplicon,276,c,1.03
SARS-CoV2-5UTR-Amplicon,277,c,1.5546
SARS-CoV2-5UTR-Amplicon,278,t,2.3604
SARS-CoV2-5UTR-Amplicon,279,g,3.4677
SARS-CoV2-5UTR-Amplicon,280,g,2.2118
SARS-CoV2-5UTR-Amplicon,281,t,1.9494
SARS-CoV2-5UTR-Amplicon,282,t,1.1434
SARS-CoV2-5UTR-Amplicon,283,t,1.3301
SARS-CoV2-5UTR-Amplicon,284,c,2.3613
SARS-CoV2-5UTR-Amplicon,285,a,1.9681
SARS-CoV2-5UTR-Amplicon,286,a,1.1059
SARS-CoV2-5UTR-Amplicon,287,c,0.8999
SARS-CoV2-5UTR-Amplicon,288,g,1.5936
SARS-CoV2-5UTR-Amplicon,289,a,1.0294
SARS-CoV2-5UTR-Amplicon,290,g,2.3823
SARS-CoV2-5UTR-Amplicon,291,g,1.3318
SARS-CoV2-5UTR-Amplicon,292,g,1.6323
SARS-CoV2-5UTR-Amplicon,293,a,1.2195
SARS-CoV2-5UTR-Amplicon,294,g,2.524
SARS-CoV2-5UTR-Amplicon,295,t,2.072
SARS-CoV2-5UTR-Amplicon,296,c,3.5412
SARS-CoV2-5UTR-Amplicon,297,a,4.3798
SARS-CoV2-5UTR-Amplicon,298,a,2.3603
SARS-CoV2-5UTR-Amplicon,299,a,2.3041
SARS-CoV2-5UTR-Amplicon,300,g,2.3814
SARS-CoV2-5UTR-Amplicon,301,t,3.3831
SARS-CoV2-5UTR-Amplicon,302,t,3.0807
SARS-CoV2-5UTR-Amplicon,303,c,1.512
SARS-CoV2-5UTR-Amplicon,304,t,1.6818
SARS-CoV2-5UTR-Amplicon,305,g,1.3608
SARS-CoV2-5UTR-Amplicon,306,t,3.6295
SARS-CoV2-5UTR-Amplicon,307,t,0.794
SARS-CoV2-5UTR-Amplicon,308,t,0.9081
SARS-CoV2-5UTR-Amplicon,309,g,1.3063
SARS-CoV2-5UTR-Amplicon,310,c,2.1406
SARS-CoV2-5UTR-Amplicon,311,c,0.625
SARS-CoV2-5UTR-Amplicon,312,c,0.834
SARS-CoV2-5UTR-Amplicon,313,t,0.8534
SARS-CoV2-5UTR-Amplicon,314,g,0.8536
SARS-CoV2-5UTR-Amplicon,315,a,0.5121
SARS-CoV2-5UTR-Amplicon,316,t,0.9484
SARS-CoV2-5UTR-Amplicon,317,c,1.0814
SARS-CoV2-5UTR-Amplicon,318,t,0.8545
SARS-CoV2-5UTR-Amplicon,319,g,1.2915
SARS-CoV2-5UTR-Amplicon,320,c,0.9307
SARS-CoV2-5UTR-Amplicon,321,a,2.0711
SARS-CoV2-5UTR-Amplicon,322,t,0.4561
SARS-CoV2-5UTR-Amplicon,323,c,1.0834
SARS-CoV2-5UTR-Amplicon,324,g,0.7424
SARS-CoV2-5UTR-Amplicon,325,c,0.8877
SARS-CoV2-5UTR-Amplicon,326,t,1.1002
SARS-CoV2-5UTR-Amplicon,327,g,1.3318
SARS-CoV2-5UTR-Amplicon,328,t,0.9266
SARS-CoV2-5UTR-Amplicon,329,g,1.0238
SARS-CoV2-5UTR-Amplicon,330,g,0.6954
SARS-CoV2-5UTR-Amplicon,331,c,1.0048
SARS-CoV2-5UTR-Amplicon,332,c,0.5218
SARS-CoV2-5UTR-Amplicon,333,g,1.8945
SARS-CoV2-5UTR-Amplicon,334,a,1.2181
SARS-CoV2-5UTR-Amplicon,335,g,0.8512
SARS-CoV2-5UTR-Amplicon,336,g,1.1808
SARS-CoV2-5UTR-Amplicon,337,c,0.7166
SARS-CoV2-5UTR-Amplicon,338,c,0.7474
SARS-CoV2-5UTR-Amplicon,339,a,1.6726
SARS-CoV2-5UTR-Amplicon,340,a,0.5188
SARS-CoV2-5UTR-Amplicon,341,g,0.6586
SARS-CoV2-5UTR-Amplicon,342,c,1.138
SARS-CoV2-5UTR-Amplicon,343,c,0.599
SARS-CoV2-5UTR-Amplicon,344,c,0.4594
SARS-CoV2-5UTR-Amplicon,345,a,0.8595
SARS-CoV2-5UTR-Amplicon,346,c,1.3592
SARS-CoV2-5UTR-Amplicon,347,c,0.7206
SARS-CoV2-5UTR-Amplicon,348,g,1.5218
SARS-CoV2-5UTR-Amplicon,349,a,1.3016
SARS-CoV2-5UTR-Amplicon,350,g,1.3842
SARS-CoV2-5UTR-Amplicon,351,a,2.1272
SARS-CoV2-5UTR-Amplicon,352,a,1.2249
SARS-CoV2-5UTR-Amplicon,353,c,1.0645
SARS-CoV2-5UTR-Amplicon,354,a,1.6476
SARS-CoV2-5UTR-Amplicon,355,a,0.4428
SARS-CoV2-5UTR-Amplicon,356,c,0.5438
SARS-CoV2-5UTR-Amplicon,357,g,1.6956
SARS-CoV2-5UTR-Amplicon,358,a,0.7068
SARS-CoV2-5UTR-Amplicon,359,a,0.4043
SARS-CoV2-5UTR-Amplicon,360,g,1.0938
SARS-CoV2-5UTR-Amplicon,361,a,0.527
SARS-CoV2-5UTR-Amplicon,362,c,0.5885
SARS-CoV2-5UTR-Amplicon,363,t,1.0357
SARS-CoV2-5UTR-Amplicon,364,t,0.6325
SARS-CoV2-5UTR-Amplicon,365,c,0.3495
SARS-CoV2-5UTR-Amplicon,366,a,1.9211
SARS-CoV2-5UTR-Amplicon,367,a,0.2278
SARS-CoV2-5UTR-Amplicon,368,c,0.2712
SARS-CoV2-5UTR-Amplicon,369,a,1.2786
SARS-CoV2-5UTR-Amplicon,370,t,0.105
SARS-CoV2-5UTR-Amplicon,371,c,0.3802
SARS-CoV2-5UTR-Amplicon,372,g,0.0847
SARS-CoV2-5UTR-Amplicon,373,t,0.1061
SARS-CoV2-5UTR-Amplicon,374,g,0.4075
SARS-CoV2-5UTR-Amplicon,375,g,0
SARS-CoV2-5UTR-Amplicon,376,c,0
SARS-CoV2-5UTR-Amplicon,377,c,0
SARS-CoV2-5UTR-Amplicon,378,g,0
SMN2-Exon7-Amplicon,1,a,NaN
SMN2-Exon7-Amplicon,2,g,NaN
SMN2-Exon7-Amplicon,3,g,NaN
SMN2-Exon7-Amplicon,4,t,NaN
SMN2-Exon7-Amplicon,5,t,NaN
SMN2-Exon7-Amplicon,6,t,NaN
SMN2-Exon7-Amplicon,7,a,NaN
SMN2-Exon7-Amplicon,8,t,NaN
SMN2-Exon7-Amplicon,9,a,NaN
SMN2-Exon7-Amplicon,10,c,NaN
SMN2-Exon7-Amplicon,11,c,NaN
SMN2-Exon7-Amplicon,12,t,NaN
SMN2-Exon7-Amplicon,13,t,NaN
SMN2-Exon7-Amplicon,14,c,NaN
SMN2-Exon7-Amplicon,15,c,NaN
SMN2-Exon7-Amplicon,16,c,NaN
SMN2-Exon7-Amplicon,17,a,NaN
SMN2-Exon7-Amplicon,18,g,NaN
SMN2-Exon7-Amplicon,19,g,NaN
SMN2-Exon7-Amplicon,20,t,NaN
SMN2-Exon7-Amplicon,21,a,NaN
SMN2-Exon7-Amplicon,22,a,NaN
SMN2-Exon7-Amplicon,23,c,NaN
SMN2-Exon7-Amplicon,24,a,NaN
SMN2-Exon7-Amplicon,25,a,NaN
SMN2-Exon7-Amplicon,26,a,NaN
SMN2-Exon7-Amplicon,27,c,NaN
SMN2-Exon7-Amplicon,28,c,NaN
SMN2-Exon7-Amplicon,29,a,NaN
SMN2-Exon7-Amplicon,30,a,NaN
SMN2-Exon7-Amplicon,31,c,NaN
SMN2-Exon7-Amplicon,32,c,NaN
SMN2-Exon7-Amplicon,33,a,NaN
SMN2-Exon7-Amplicon,34,a,NaN
SMN2-Exon7-Amplicon,35,c,NaN
SMN2-Exon7-Amplicon,36,t,NaN
SMN2-Exon7-Amplicon,37,t,NaN
SMN2-Exon7-Amplicon,38,t,NaN
SMN2-Exon7-Amplicon,39,c,NaN
SMN2-Exon7-Amplicon,40,g,NaN
SMN2-Exon7-Amplicon,41,a,NaN
SMN2-Exon7-Amplicon,42,t,NaN
SMN2-Exon7-Amplicon,43,c,NaN
SMN2-Exon7-Amplicon,44,t,NaN
SMN2-Exon7-Amplicon,45,c,NaN
SMN2-Exon7-Amplicon,46,t,NaN
SMN2-Exon7-Amplicon,47,t,NaN
SMN2-Exon7-Amplicon,48,g,NaN
SMN2-Exon7-Amplicon,49,t,NaN
SMN2-Exon7-Amplicon,50,a,NaN
SMN2-Exon7-Amplicon,51,g,NaN
SMN2-Exon7-Amplicon,52,a,NaN
SMN2-Exon7-Amplicon,53,t,NaN
SMN2-Exon7-Amplicon,54,c,NaN
SMN2-Exon7-Amplicon,55,t,NaN
SMN2-Exon7-Amplicon,56,g,NaN
SMN2-Exon7-Amplicon,57,t,NaN
SMN2-Exon7-Amplicon,58,t,NaN
SMN2-Exon7-Amplicon,59,c,NaN
SMN2-Exon7-Amplicon,60,t,NaN
SMN2-Exon7-Amplicon,61,c,NaN
SMN2-Exon7-Amplicon,62,t,NaN
SMN2-Exon7-Amplicon,63,a,NaN
SMN2-Exon7-Amplicon,64,a,NaN
SMN2-Exon7-Amplicon,65,a,NaN
SMN2-Exon7-Amplicon,66,c,NaN
SMN2-Exon7-Amplicon,67,g,NaN
SMN2-Exon7-Amplicon,68,a,NaN
SMN2-Exon7-Amplicon,69,a,NaN
SMN2-Exon7-Amplicon,70,c,NaN
SMN2-Exon7-Amplicon,71,t,NaN
SMN2-Exon7-Amplicon,72,t,NaN
SMN2-Exon7-Amplicon,73,t,NaN
SMN2-Exon7-Amplicon,74,a,NaN
SMN2-Exon7-Amplicon,75,a,NaN
SMN2-Exon7-Amplicon,76,a,NaN
SMN2-Exon7-Amplicon,77,a,NaN
SMN2-Exon7-Amplicon,78,t,NaN
SMN2-Exon7-Amplicon,79,c,NaN
SMN2-Exon7-Amplicon,80,t,NaN
SMN2-Exon7-Amplicon,81,g,NaN
SMN2-Exon7-Amplicon,82,t,NaN
SMN2-Exon7-Amplicon,83,g,NaN
SMN2-Exon7-Amplicon,84,t,NaN
SMN2-Exon7-Amplicon,85,g,NaN
SMN2-Exon7-Amplicon,86,g,NaN
SMN2-Exon7-Amplicon,87,c,NaN
SMN2-Exon7-Amplicon,88,t,NaN
SMN2-Exon7-Amplicon,89,g,NaN
SMN2-Exon7-Amplicon,90,t,NaN
SMN2-Exon7-Amplicon,91,c,NaN
SMN2-Exon7-Amplicon,92,a,NaN
SMN2-Exon7-Amplicon,93,c,NaN
SMN2-Exon7-Amplicon,94,t,NaN
SMN2-Exon7-Amplicon,95,c,NaN
SMN2-Exon7-Amplicon,96,g,NaN
SMN2-Exon7-Amplicon,97,g,NaN
SMN2-Exon7-Amplicon,98,c,NaN
SMN2-Exon7-Amplicon,99,t,NaN
SMN2-Exon7-Amplicon,100,g,NaN
SMN2-Exon7-Amplicon,101,c,NaN
SMN2-Exon7-Amplicon,102,g,NaN
SMN2-Exon7-Amplicon,103,t,NaN
SMN2-Exon7-Amplicon,104,g,NaN
SMN2-Exon7-Amplicon,105,c,NaN
SMN2-Exon7-Amplicon,106,t,NaN
SMN2-Exon7-Amplicon,107,t,NaN
SMN2-Exon7-Amplicon,108,a,NaN
SMN2-Exon7-Amplicon,109,g,NaN
SMN2-Exon7-Amplicon,110,t,NaN
SMN2-Exon7-Amplicon,111,g,NaN
SMN2-Exon7-Amplicon,112,c,NaN
SMN2-Exon7-Amplicon,113,a,NaN
SMN2-Exon7-Amplicon,114,c,NaN
SMN2-Exon7-Amplicon,115,t,NaN
SMN2-Exon7-Amplicon,116,c,NaN
SMN2-Exon7-Amplicon,117,a,NaN
SMN2-Exon7-Amplicon,118,c,NaN
SMN2-Exon7-Amplicon,119,g,NaN
SMN2-Exon7-Amplicon,120,c,NaN
SMN2-Exon7-Amplicon,121,a,NaN
SMN2-Exon7-Amplicon,122,g,NaN
SMN2-Exon7-Amplicon,123,t,NaN
SMN2-Exon7-Amplicon,124,a,NaN
SMN2-Exon7-Amplicon,125,t,NaN
SMN2-Exon7-Amplicon,126,a,NaN
SMN2-Exon7-Amplicon,127,a,NaN
SMN2-Exon7-Amplicon,128,t,NaN
SMN2-Exon7-Amplicon,129,t,NaN
SMN2-Exon7-Amplicon,130,a,NaN
SMN2-Exon7-Amplicon,131,a,NaN
SMN2-Exon7-Amplicon,132,t,NaN
SMN2-Exon7-Amplicon,133,a,NaN
SMN2-Exon7-Amplicon,134,a,NaN
SMN2-Exon7-Amplicon,135,c,NaN
SMN2-Exon7-Amplicon,136,t,NaN
SMN2-Exon7-Amplicon,137,a,NaN
SMN2-Exon7-Amplicon,138,a,NaN
SMN2-Exon7-Amplicon,139,t,NaN
SMN2-Exon7-Amplicon,140,t,NaN
SMN2-Exon7-Amplicon,141,a,NaN
SMN2-Exon7-Amplicon,142,c,NaN
SMN2-Exon7-Amplicon,143,t,NaN
SMN2-Exon7-Amplicon,144,g,NaN
SMN2-Exon7-Amplicon,145,t,NaN
SMN2-Exon7-Amplicon,146,c,NaN
SMN2-Exon7-Amplicon,147,g,NaN
SMN2-Exon7-Amplicon,148,t,NaN
SMN2-Exon7-Amplicon,149,t,NaN
SMN2-Exon7-Amplicon,150,g,NaN
SMN2-Exon7-Amplicon,151,a,NaN
SMN2-Exon7-Amplicon,152,c,NaN
SMN2-Exon7-Amplicon,153,a,NaN
SMN2-Exon7-Amplicon,154,g,NaN
SMN2-Exon7-Amplicon,155,g,NaN
SMN2-Exon7-Amplicon,156,a,NaN
SMN2-Exon7-Amplicon,157,c,NaN
SMN2-Exon7-Amplicon,158,a,NaN
SMN2-Exon7-Amplicon,159,c,NaN
SMN2-Exon7-Amplicon,160,g,NaN
SMN2-Exon7-Amplicon,161,a,NaN
SMN2-Exon7-Amplicon,162,g,NaN
SMN2-Exon7-Amplicon,163,t,NaN
SMN2-Exon7-Amplicon,164,a,NaN
SMN2-Exon7-Amplicon,165,a,NaN
SMN2-Exon7-Amplicon,166,c,NaN
SMN2-Exon7-Amplicon,167,t,NaN
SMN2-Exon7-Amplicon,168,c,NaN
SMN2-Exon7-Amplicon,169,g,NaN
SMN2-Exon7-Amplicon,170,t,NaN
SMN2-Exon7-Amplicon,171,c,NaN
SMN2-Exon7-Amplicon,172,t,NaN
SMN2-Exon7-Amplicon,173,a,NaN
SMN2-Exon7-Amplicon,174,t,NaN
SMN2-Exon7-Amplicon,175,c,NaN
SMN2-Exon7-Amplicon,176,t,NaN
SMN2-Exon7-Amplicon,177,t,NaN
SMN2-Exon7-Amplicon,178,c,NaN
SMN2-Exon7-Amplicon,179,t,NaN
SMN2-Exon7-Amplicon,180,g,NaN
SMN2-Exon7-Amplicon,181,c,NaN
SMN2-Exon7-Amplicon,182,a,NaN
SMN2-Exon7-Amplicon,183,g,NaN
SMN2-Exon7-Amplicon,184,g,NaN
SMN2-Exon7-Amplicon,185,c,NaN
SMN2-Exon7-Amplicon,186,t,NaN
SMN2-Exon7-Amplicon,187,g,NaN
SMN2-Exon7-Amplicon,188,c,NaN
SMN2-Exon7-Amplicon,189,t,NaN
SMN2-Exon7-Amplicon,190,t,NaN
SMN2-Exon7-Amplicon,191,a,NaN
SMN2-Exon7-Amplicon,192,c,NaN
SMN2-Exon7-Amplicon,193,g,NaN
SMN2-Exon7-Amplicon,194,g,NaN
SMN2-Exon7-Amplicon,195,t,NaN
SMN2-Exon7-Amplicon,196,t,NaN
SMN2-Exon7-Amplicon,197,t,NaN
SMN2-Exon7-Amplicon,198,c,NaN
SMN2-Exon7-Amplicon,199,g,NaN
SMN2-Exon7-Amplicon,200,t,NaN
SMN2-Exon7-Amplicon,201,c,NaN
SMN2-Exon7-Amplicon,202,c,NaN
SMN2-Exon7-Amplicon,203,g,NaN
SMN2-Exon7-Amplicon,204,t,NaN
SMN2-Exon7-Amplicon,205,g,NaN
SMN2-Exon7-Amplicon,206,t,NaN
SMN2-Exon7-Amplicon,207,t,NaN
SMN2-Exon7-Amplicon,208,g,NaN
SMN2-Exon7-Amplicon,209,c,NaN
SMN2-Exon7-Amplicon,210,a,NaN
SMN2-Exon7-Amplicon,211,g,NaN
SMN2-Exon7-Amplicon,212,c,NaN
SMN2-Exon7-Amplicon,213,c,NaN
SMN2-Exon7-Amplicon,214,g,NaN
SMN2-Exon7-Amplicon,215,a,NaN
SMN2-Exon7-Amplicon,216,t,NaN
SMN2-Exon7-Amplicon,217,c,NaN
SMN2-Exon7-Amplicon,218,a,NaN
SMN2-Exon7-Amplicon,219,t,NaN
SMN2-Exon7-Amplicon,220,c,NaN
SMN2-Exon7-Amplicon,221,a,NaN
SMN2-Exon7-Amplicon,222,g,NaN
SMN2-Exon7-Amplicon,223,c,NaN
SMN2-Exon7-Amplicon,224,a,NaN
SMN2-Exon7-Amplicon,225,c,NaN
SMN2-Exon7-Amplicon,226,a,NaN
SMN2-Exon7-Amplicon,227,t,NaN
SMN2-Exon7-Amplicon,228,c,NaN
SMN2-Exon7-Amplicon,229,t,NaN
SMN2-Exon7-Amplicon,230,a,NaN
SMN2-Exon7-Amplicon,231,g,NaN
SMN2-Exon7-Amplicon,232,g,NaN
SMN2-Exon7-Amplicon,233,t,NaN
SMN2-Exon7-Amplicon,234,t,NaN
SMN2-Exon7-Amplicon,235,t,NaN
SMN2-Exon7-Amplicon,236,c,NaN
SMN2-Exon7-Amplicon,237,g,NaN
SMN2-Exon7-Amplicon,238,t,NaN
SMN2-Exon7-Amplicon,239,c,NaN
SMN2-Exon7-Amplicon,240,c,NaN
SMN2-Exon7-Amplicon,241,g,NaN
SMN2-Exon7-Amplicon,242,g,NaN
SMN2-Exon7-Amplicon,243,g,NaN
SMN2-Exon7-Amplicon,244,t,NaN
SMN2-Exon7-Amplicon,245,g,NaN
SMN2-Exon7-Amplicon,246,t,NaN
SMN2-Exon7-Amplicon,247,g,NaN
SMN2-Exon7-Amplicon,248,a,NaN
SMN2-Exon7-Amplicon,249,c,NaN
SMN2-Exon7-Amplicon,250,c,NaN
SMN2-Exon7-Amplicon,251,g,NaN
SMN2-Exon7-Amplicon,252,a,NaN
SMN2-Exon7-Amplicon,253,a,NaN
SMN2-Exon7-Amplicon,254,a,NaN
SMN2-Exon7-Amplicon,255,g,NaN
SMN2-Exon7-Amplicon,256,g,NaN
SMN2-Exon7-Amplicon,257,t,NaN
SMN2-Exon7-Amplicon,258,a,NaN
SMN2-Exon7-Amplicon,259,a,NaN
SMN2-Exon7-Amplicon,260,g,NaN
SMN2-Exon7-Amplicon,261,a,NaN
SMN2-Exon7-Amplicon,262,t,NaN
SMN2-Exon7-Amplicon,263,g,NaN
SMN2-Exon7-Amplicon,264,g,NaN
SMN2-Exon7-Amplicon,265,a,NaN
SMN2-Exon7-Amplicon,266,g,NaN
SMN2-Exon7-Amplicon,267,a,NaN
SMN2-Exon7-Amplicon,268,g,NaN
SMN2-Exon7-Amplicon,269,c,NaN
SMN2-Exon7-Amplicon,270,c,NaN
SMN2-Exon7-Amplicon,271,t,NaN
SMN2-Exon7-Amplicon,272,t,NaN
SMN2-Exon7-Amplicon,273,g,NaN
SMN2-Exon7-Amplicon,274,t,NaN
SMN2-Exon7-Amplicon,275,c,NaN
SMN2-Exon7-Amplicon,276,c,NaN
SMN2-Exon7-Amplicon,277,c,NaN
SMN2-Exon7-Amplicon,278,t,NaN
SMN2-Exon7-Amplicon,279,g,NaN
SMN2-Exon7-Amplicon,280,g,NaN
SMN2-Exon7-Amplicon,281,t,NaN
SMN2-Exon7-Amplicon,282,t,NaN
SMN2-Exon7-Amplicon,283,t,NaN
SMN2-Exon7-Amplicon,284,c,NaN
SMN2-Exon7-Amplicon,285,a,NaN
SMN2-Exon7-Amplicon,286,a,NaN
SMN2-Exon7-Amplicon,287,c,NaN
SMN2-Exon7-Amplicon,288,g,NaN
SMN2-Exon7-Amplicon,289,a,NaN
SMN2-Exon7-Amplicon,290,g,NaN
SMN2-Exon7-Amplicon,291,g,NaN
SMN2-Exon7-Amplicon,292,g,NaN
SMN2-Exon7-Amplicon,293,a,NaN
SMN2-Exon7-Amplicon,294,g,NaN
SMN2-Exon7-Amplicon,295,t,NaN
SMN2-Exon7-Amplicon,296,c,NaN
SMN2-Exon7-Amplicon,297,a,NaN
SMN2-Exon7-Amplicon,298,a,NaN
SMN2-Exon7-Amplicon,299,a,NaN
SMN2-Exon7-Amplicon,300,g,NaN
SMN2-Exon7-Amplicon,301,t,NaN
SMN2-Exon7-Amplicon,302,t,NaN
SMN2-Exon7-Amplicon,303,c,NaN
SMN2-Exon7-Amplicon,304,t,NaN
SMN2-Exon7-Amplicon,305,g,NaN
SMN2-Exon7-Amplicon,306,t,NaN
SMN2-Exon7-Amplicon,307,t,NaN
SMN2-Exon7-Amplicon,308,t,NaN
SMN2-Exon7-Amplicon,309,g,NaN
SMN2-Exon7-Amplicon,310,c,NaN
SMN2-Exon7-Amplicon,311,c,NaN
SMN2-Exon7-Amplicon,312,c,NaN
SMN2-Exon7-Amplicon,313,t,NaN
SMN2-Exon7-Amplicon,314,g,NaN
SMN2-Exon7-Amplicon,315,a,NaN
SMN2-Exon7-Amplicon,316,t,NaN
SMN2-Exon7-Amplicon,317,c,NaN
SMN2-Exon7-Amplicon,318,t,NaN
SMN2-Exon7-Amplicon,319,g,NaN
SMN2-Exon7-Amplicon,320,c,NaN
SMN2-Exon7-Amplicon,321,a,NaN
SMN2-Exon7-Amplicon,322,t,NaN
SMN2-Exon7-Amplicon,323,c,NaN
SMN2-Exon7-Amplicon,324,g,NaN
