Region,Position,Ref_base,Mut_percentage
SARS-CoV2-5UTR-Amplicon,1,a,-0.027
SARS-CoV2-5UTR-Amplicon,2,g,0
SARS-CoV2-5UTR-Amplicon,3,g,0
SARS-CoV2-5UTR-Amplicon,4,t,0.0774
SARS-CoV2-5UTR-Amplicon,5,t,0.0256
SARS-CoV2-5UTR-Amplicon,6,t,0.2556
SARS-CoV2-5UTR-Amplicon,7,a,0.2296
SARS-CoV2-5UTR-Amplicon,8,t,0.127
SARS-CoV2-5UTR-Amplicon,9,a,0.7081
SARS-CoV2-5UTR-Amplicon,10,c,0.278
SARS-CoV2-5UTR-Amplicon,11,c,0.2523
SARS-CoV2-5UTR-Amplicon,12,t,1.1821
SARS-CoV2-5UTR-Amplicon,13,t,0.8798
SARS-CoV2-5UTR-Amplicon,14,c,2.1368
SARS-CoV2-5UTR-Amplicon,15,c,0.6781
SARS-CoV2-5UTR-Amplicon,16,c,0.8287
SARS-CoV2-5UTR-Amplicon,17,a,0.4506
SARS-CoV2-5UTR-Amplicon,18,g,0.5754
SARS-CoV2-5UTR-Amplicon,19,g,0.3503
SARS-CoV2-5UTR-Amplicon,20,t,1.225
SARS-CoV2-5UTR-Amplicon,21,a,0.825
SARS-CoV2-5UTR-Amplicon,22,a,0.7
SARS-CoV2-5UTR-Amplicon,23,c,0.8748
SARS-CoV2-5UTR-Amplicon,24,a,1.4289
SARS-CoV2-5UTR-Amplicon,25,a,0.369
SARS-CoV2-5UTR-Amplicon,26,a,0.4427
SARS-CoV2-5UTR-Amplicon,27,c,0.9098
SARS-CoV2-5UTR-Amplicon,28,c,1.0324
SARS-CoV2-5UTR-Amplicon,29,a,0.811
SARS-CoV2-5UTR-Amplicon,30,a,0.1966
SARS-CoV2-5UTR-Amplicon,31,c,0.688
SARS-CoV2-5UTR-Amplicon,32,c,0.8354
SARS-CoV2-5UTR-Amplicon,33,a,0.8834
SARS-CoV2-5UTR-Amplicon,34,a,0.319
SARS-CoV2-5UTR-Amplicon,35,c,0.4417
SARS-CoV2-5UTR-Amplicon,36,t,1.7165
SARS-CoV2-5UTR-Amplicon,37,t,0.5219
SARS-CoV2-5UTR-Amplicon,38,t,0.9488
SARS-CoV2-5UTR-Amplicon,39,c,3.7002
SARS-CoV2-5UTR-Amplicon,40,g,2.3476
SARS-CoV2-5UTR-Amplicon,41,a,0.237
SARS-CoV2-5UTR-Amplicon,42,t,0.6163
SARS-CoV2-5UTR-Amplicon,43,c,1.5877
SARS-CoV2-5UTR-Amplicon,44,t,0.4974
SARS-CoV2-5UTR-Amplicon,45,c,1.8712
SARS-CoV2-5UTR-Amplicon,46,t,1.8707
SARS-CoV2-5UTR-Amplicon,47,t,1.6339
SARS-CoV2-5UTR-Amplicon,48,g,0.9472
SARS-CoV2-5UTR-Amplicon,49,t,0.9233
SARS-CoV2-5UTR-Amplicon,50,a,1.2074
SARS-CoV2-5UTR-Amplicon,51,g,2.1307
SARS-CoV2-5UTR-Amplicon,52,a,0.6864
SARS-CoV2-5UTR-Amplicon,53,t,1.1598
SARS-CoV2-5UTR-Amplicon,54,c,2.3432
SARS-CoV2-5UTR-Amplicon,55,t,0.8724
SARS-CoV2-5UTR-Amplicon,56,g,1.9562
SARS-CoV2-5UTR-Amplicon,57,t,2.5925
SARS-CoV2-5UTR-Amplicon,58,t,1.6026
SARS-CoV2-5UTR-Amplicon,59,c,2.6396
SARS-CoV2-5UTR-Amplicon,60,t,0.5892
SARS-CoV2-5UTR-Amplicon,61,c,2.5925
SARS-CoV2-5UTR-Amplicon,62,t,1.7668
SARS-CoV2-5UTR-Amplicon,63,a,4.6397
SARS-CoV2-5UTR-Amplicon,64,a,0.3297
SARS-CoV2-5UTR-Amplicon,65,a,0.2591
SARS-CoV2-5UTR-Amplicon,66,c,0.5652
SARS-CoV2-5UTR-Amplicon,67,g,1.9783
SARS-CoV2-5UTR-Amplicon,68,a,0.5887
SARS-CoV2-5UTR-Amplicon,69,a,0.5416
SARS-CoV2-5UTR-Amplicon,70,c,2.4023
SARS-CoV2-5UTR-Amplicon,71,t,0.8714
SARS-CoV2-5UTR-Amplicon,72,t,0.3297
SARS-CoV2-5UTR-Amplicon,73,t,0.4946
SARS-CoV2-5UTR-Amplicon,74,a,0.9189
SARS-CoV2-5UTR-Amplicon,75,a,0.3063
SARS-CoV2-5UTR-Amplicon,76,a,0.3062
SARS-CoV2-5UTR-Amplicon,77,a,0.5418
SARS-CoV2-5UTR-Amplicon,78,t,0.7304
SARS-CoV2-5UTR-Amplicon,79,c,0.7069
SARS-CoV2-5UTR-Amplicon,80,t,0.688
SARS-CoV2-5UTR-Amplicon,81,g,0.5219
SARS-CoV2-5UTR-Amplicon,82,t,0.7597
SARS-CoV2-5UTR-Amplicon,83,g,0.2137
SARS-CoV2-5UTR-Amplicon,84,t,0.7124
SARS-CoV2-5UTR-Amplicon,85,g,0.4275
SARS-CoV2-5UTR-Amplicon,86,g,0.6199
SARS-CoV2-5UTR-Amplicon,87,c,0.4527
SARS-CoV2-5UTR-Amplicon,88,t,0.8101
SARS-CoV2-5UTR-Amplicon,89,g,0.6675
SARS-CoV2-5UTR-Amplicon,90,t,0.6435
SARS-CoV2-5UTR-Amplicon,91,c,0.5243
SARS-CoV2-5UTR-Amplicon,92,a,0.9771
SARS-CoV2-5UTR-Amplicon,93,c,0.7172
SARS-CoV2-5UTR-Amplicon,94,t,0.5261
SARS-CoV2-5UTR-Amplicon,95,c,1.1508
SARS-CoV2-5UTR-Amplicon,96,g,0.8393
SARS-CoV2-5UTR-Amplicon,97,g,0.6961
SARS-CoV2-5UTR-Amplicon,98,c,0.4773
SARS-CoV2-5UTR-Amplicon,99,t,0.6925
SARS-CoV2-5UTR-Amplicon,100,g,1.2425
SARS-CoV2-5UTR-Amplicon,101,c,1.0755
SARS-CoV2-5UTR-Amplicon,102,g,0.9326
SARS-CoV2-5UTR-Amplicon,103,t,0.5259
SARS-CoV2-5UTR-Amplicon,104,g,0.6216
SARS-CoV2-5UTR-Amplicon,105,c,1.5786
SARS-CoV2-5UTR-Amplicon,106,t,1.6264
SARS-CoV2-5UTR-Amplicon,107,t,1.7943
SARS-CoV2-5UTR-Amplicon,108,a,0.8375
SARS-CoV2-5UTR-Amplicon,109,g,0.6222
SARS-CoV2-5UTR-Amplicon,110,t,0.4068
SARS-CoV2-5UTR-Amplicon,111,g,0.4068
SARS-CoV2-5UTR-Amplicon,112,c,0.4795
SARS-CoV2-5UTR-Amplicon,113,a,0.4316
SARS-CoV2-5UTR-Amplicon,114,c,0.5035
SARS-CoV2-5UTR-Amplicon,115,t,0.2877
SARS-CoV2-5UTR-Amplicon,116,c,0.8391
SARS-CoV2-5UTR-Amplicon,117,a,0.4316
SARS-CoV2-5UTR-Amplicon,118,c,0.4795
SARS-CoV2-5UTR-Amplicon,119,g,0.5995
SARS-CoV2-5UTR-Amplicon,120,c,0.4556
SARS-CoV2-5UTR-Amplicon,121,a,0.6476
SARS-CoV2-5UTR-Amplicon,122,g,0.6237
SARS-CoV2-5UTR-Amplicon,123,t,0.7357
SARS-CoV2-5UTR-Amplicon,124,a,0.6864
SARS-CoV2-5UTR-Amplicon,125,t,0.3415
SARS-CoV2-5UTR-Amplicon,126,a,0.5611
SARS-CoV2-5UTR-Amplicon,127,a,0.1464
SARS-CoV2-5UTR-Amplicon,128,t,0.3172
SARS-CoV2-5UTR-Amplicon,129,t,0.6833
SARS-CoV2-5UTR-Amplicon,130,a,0.4392
SARS-CoV2-5UTR-Amplicon,131,a,0.6101
SARS-CoV2-5UTR-Amplicon,132,t,0.366
SARS-CoV2-5UTR-Amplicon,133,a,0.8053
SARS-CoV2-5UTR-Amplicon,134,a,0.4148
SARS-CoV2-5UTR-Amplicon,135,c,0.7563
SARS-CoV2-5UTR-Amplicon,136,t,0.5123
SARS-CoV2-5UTR-Amplicon,137,a,0.4879
SARS-CoV2-5UTR-Amplicon,138,a,0.2683
SARS-CoV2-5UTR-Amplicon,139,t,0.3414
SARS-CoV2-5UTR-Amplicon,140,t,0.4633
SARS-CoV2-5UTR-Amplicon,141,a,0.6096
SARS-CoV2-5UTR-Amplicon,142,c,0.4632
SARS-CoV2-5UTR-Amplicon,143,t,0.4631
SARS-CoV2-5UTR-Amplicon,144,g,0.4874
SARS-CoV2-5UTR-Amplicon,145,t,0.3403
SARS-CoV2-5UTR-Amplicon,146,c,0.7049
SARS-CoV2-5UTR-Amplicon,147,g,0.9487
SARS-CoV2-5UTR-Amplicon,148,t,0.4865
SARS-CoV2-5UTR-Amplicon,149,t,0.3161
SARS-CoV2-5UTR-Amplicon,150,g,1.1639
SARS-CoV2-5UTR-Amplicon,151,a,0.2667
SARS-CoV2-5UTR-Amplicon,152,c,0.4121
SARS-CoV2-5UTR-Amplicon,153,a,0.6788
SARS-CoV2-5UTR-Amplicon,154,g,1.5269
SARS-CoV2-5UTR-Amplicon,155,g,1.2627
SARS-CoV2-5UTR-Amplicon,156,a,0.9471
SARS-CoV2-5UTR-Amplicon,157,c,1.4331
SARS-CoV2-5UTR-Amplicon,158,a,3.6364
SARS-CoV2-5UTR-Amplicon,159,c,0.897
SARS-CoV2-5UTR-Amplicon,160,g,3.128
SARS-CoV2-5UTR-Amplicon,161,a,1.7249
SARS-CoV2-5UTR-Amplicon,162,g,0.7294
SARS-CoV2-5UTR-Amplicon,163,t,1.0166
SARS-CoV2-5UTR-Amplicon,164,a,1.1055
SARS-CoV2-5UTR-Amplicon,165,a,0.5085
SARS-CoV2-5UTR-Amplicon,166,c,0.5306
SARS-CoV2-5UTR-Amplicon,167,t,0.5081
SARS-CoV2-5UTR-Amplicon,168,c,1.48
SARS-CoV2-5UTR-Amplicon,169,g,0.6845
SARS-CoV2-5UTR-Amplicon,170,t,0.7497
SARS-CoV2-5UTR-Amplicon,171,c,1.1246
SARS-CoV2-5UTR-Amplicon,172,t,1.6975
SARS-CoV2-5UTR-Amplicon,173,a,1.631
SARS-CoV2-5UTR-Amplicon,174,t,0.7494
SARS-CoV2-5UTR-Amplicon,175,c,1.5208
SARS-CoV2-5UTR-Amplicon,176,t,1.08
SARS-CoV2-5UTR-Amplicon,177,t,0.5069
SARS-CoV2-5UTR-Amplicon,178,c,0.9257
SARS-CoV2-5UTR-Amplicon,179,t,0.4188
SARS-CoV2-5UTR-Amplicon,180,g,1.0359
SARS-CoV2-5UTR-Amplicon,181,c,0.6831
SARS-CoV2-5UTR-Amplicon,182,a,0.6171
SARS-CoV2-5UTR-Amplicon,183,g,0.7972
SARS-CoV2-5UTR-Amplicon,184,g,0.2585
SARS-CoV2-5UTR-Amplicon,185,c,0.4093
SARS-CoV2-5UTR-Amplicon,186,t,0.6242
SARS-CoV2-5UTR-Amplicon,187,g,0.8606
SARS-CoV2-5UTR-Amplicon,188,c,0.4947
SARS-CoV2-5UTR-Amplicon,189,t,1.4418
SARS-CoV2-5UTR-Amplicon,190,t,0.7747
SARS-CoV2-5UTR-Amplicon,191,a,0.7747
SARS-CoV2-5UTR-Amplicon,192,c,0.9686
SARS-CoV2-5UTR-Amplicon,193,g,0.8608
SARS-CoV2-5UTR-Amplicon,194,g,0.6241
SARS-CoV2-5UTR-Amplicon,195,t,0.7962
SARS-CoV2-5UTR-Amplicon,196,t,0.3228
SARS-CoV2-5UTR-Amplicon,197,t,0.5809
SARS-CoV2-5UTR-Amplicon,198,c,2.4312
SARS-CoV2-5UTR-Amplicon,199,g,0.6238
SARS-CoV2-5UTR-Amplicon,200,t,0.7313
SARS-CoV2-5UTR-Amplicon,201,c,1.2691
SARS-CoV2-5UTR-Amplicon,202,c,1.2266
SARS-CoV2-5UTR-Amplicon,203,g,1.0975
SARS-CoV2-5UTR-Amplicon,204,t,1.9367
SARS-CoV2-5UTR-Amplicon,205,g,1.0757
SARS-CoV2-5UTR-Amplicon,206,t,0.8387
SARS-CoV2-5UTR-Amplicon,207,t,1.2258
SARS-CoV2-5UTR-Amplicon,208,g,0.8606
SARS-CoV2-5UTR-Amplicon,209,c,0.9446
SARS-CoV2-5UTR-Amplicon,210,a,0.9236
SARS-CoV2-5UTR-Amplicon,211,g,0.7975
SARS-CoV2-5UTR-Amplicon,212,c,0.6293
SARS-CoV2-5UTR-Amplicon,213,c,0.9648
SARS-CoV2-5UTR-Amplicon,214,g,1.4678
SARS-CoV2-5UTR-Amplicon,215,a,0.608
SARS-CoV2-5UTR-Amplicon,216,t,0.4822
SARS-CoV2-5UTR-Amplicon,217,c,1.9916
SARS-CoV2-5UTR-Amplicon,218,a,3.1447
SARS-CoV2-5UTR-Amplicon,219,t,0.3984
SARS-CoV2-5UTR-Amplicon,220,c,2.663
SARS-CoV2-5UTR-Amplicon,221,a,5.3018
SARS-CoV2-5UTR-Amplicon,222,g,4.8407
SARS-CoV2-5UTR-Amplicon,223,c,0.9009
SARS-CoV2-5UTR-Amplicon,224,a,2.2208
SARS-CoV2-5UTR-Amplicon,225,c,0.8111
SARS-CoV2-5UTR-Amplicon,226,a,1.8507
SARS-CoV2-5UTR-Amplicon,227,t,0.9559
SARS-CoV2-5UTR-Amplicon,228,c,1.8495
SARS-CoV2-5UTR-Amplicon,229,t,1.8884
SARS-CoV2-5UTR-Amplicon,230,a,1.3903
SARS-CoV2-5UTR-Amplicon,231,g,1.3284
SARS-CoV2-5UTR-Amplicon,232,g,0.9342
SARS-CoV2-5UTR-Amplicon,233,t,1.4421
SARS-CoV2-5UTR-Amplicon,234,t,0.9065
SARS-CoV2-5UTR-Amplicon,235,t,1.0097
SARS-CoV2-5UTR-Amplicon,236,c,1.4218
SARS-CoV2-5UTR-Amplicon,237,g,0.4327
SARS-CoV2-5UTR-Amplicon,238,t,0.2885
SARS-CoV2-5UTR-Amplicon,239,c,1.3397
SARS-CoV2-5UTR-Amplicon,240,c,1.0926
SARS-CoV2-5UTR-Amplicon,241,g,1.299
SARS-CoV2-5UTR-Amplicon,242,g,0.8088
SARS-CoV2-5UTR-Amplicon,243,g,1.2028
SARS-CoV2-5UTR-Amplicon,244,t,1.1616
SARS-CoV2-5UTR-Amplicon,245,g,0.6638
SARS-CoV2-5UTR-Amplicon,246,t,0.8295
SARS-CoV2-5UTR-Amplicon,247,g,1.8042
SARS-CoV2-5UTR-Amplicon,248,a,0.9334
SARS-CoV2-5UTR-Amplicon,249,c,0.8712
SARS-CoV2-5UTR-Amplicon,250,c,1.0912
SARS-CoV2-5UTR-Amplicon,251,g,1.6265
SARS-CoV2-5UTR-Amplicon,252,a,1.3591
SARS-CoV2-5UTR-Amplicon,253,a,0.5146
SARS-CoV2-5UTR-Amplicon,254,a,1.091
SARS-CoV2-5UTR-Amplicon,255,g,0.9471
SARS-CoV2-5UTR-Amplicon,256,g,0.6999
SARS-CoV2-5UTR-Amplicon,257,t,1.091
SARS-CoV2-5UTR-Amplicon,258,a,1.8728
SARS-CoV2-5UTR-Amplicon,259,a,0.9405
SARS-CoV2-5UTR-Amplicon,260,g,0.9195
SARS-CoV2-5UTR-Amplicon,261,a,0.7969
SARS-CoV2-5UTR-Amplicon,262,t,0.5926
SARS-CoV2-5UTR-Amplicon,263,g,0.9193
SARS-CoV2-5UTR-Amplicon,264,g,0.5926
SARS-CoV2-5UTR-Amplicon,265,a,0.4902
SARS-CoV2-5UTR-Amplicon,266,g,0.8578
SARS-CoV2-5UTR-Amplicon,267,a,0.531
SARS-CoV2-5UTR-Amplicon,268,g,0.5516
SARS-CoV2-5UTR-Amplicon,269,c,0.5515
SARS-CoV2-5UTR-Amplicon,270,c,0.6742
SARS-CoV2-5UTR-Amplicon,271,t,1.144
SARS-CoV2-5UTR-Amplicon,272,t,0.4086
SARS-CoV2-5UTR-Amplicon,273,g,0.8374
SARS-CoV2-5UTR-Amplicon,274,t,0.7658
SARS-CoV2-5UTR-Amplicon,275,c,2.4587
SARS-CoV2-5UTR-Amplicon,276,c,0.6446
SARS-CoV2-5UTR-Amplicon,277,c,0.8662
SARS-CoV2-5UTR-Amplicon,278,t,1.4303
SARS-CoV2-5UTR-Amplicon,279,g,2.7828
SARS-CoV2-5UTR-Amplicon,280,g,1.1696
SARS-CoV2-5UTR-Amplicon,281,t,0.7661
SARS-CoV2-5UTR-Amplicon,282,t,0.5645
SARS-CoV2-5UTR-Amplicon,283,t,1.208
SARS-CoV2-5UTR-Amplicon,284,c,1.7713
SARS-CoV2-5UTR-Amplicon,285,a,1.5091
SARS-CoV2-5UTR-Amplicon,286,a,0.3421
SARS-CoV2-5UTR-Amplicon,287,c,0.4225
SARS-CoV2-5UTR-Amplicon,288,g,1.7103
SARS-CoV2-5UTR-Amplicon,289,a,0.822
SARS-CoV2-5UTR-Amplicon,290,g,1.7846
SARS-CoV2-5UTR-Amplicon,291,g,0.7419
SARS-CoV2-5UTR-Amplicon,292,g,1.163
SARS-CoV2-5UTR-Amplicon,293,a,0.5615
SARS-CoV2-5UTR-Amplicon,294,g,1.9486
SARS-CoV2-5UTR-Amplicon,295,t,0.7834
SARS-CoV2-5UTR-Amplicon,296,c,3.0741
SARS-CoV2-5UTR-Amplicon,297,a,3.115
SARS-CoV2-5UTR-Amplicon,298,a,1.3063
SARS-CoV2-5UTR-Amplicon,299,a,1.5276
SARS-CoV2-5UTR-Amplicon,300,g,1.7487
SARS-CoV2-5UTR-Amplicon,301,t,2.1302
SARS-CoV2-5UTR-Amplicon,302,t,2.4106
SARS-CoV2-5UTR-Amplicon,303,c,1.3657
SARS-CoV2-5UTR-Amplicon,304,t,0.9442
SARS-CoV2-5UTR-Amplicon,305,g,0.7635
SARS-CoV2-5UTR-Amplicon,306,t,2.7337
SARS-CoV2-5UTR-Amplicon,307,t,0.5827
SARS-CoV2-5UTR-Amplicon,308,t,1.2259
SARS-CoV2-5UTR-Amplicon,309,g,1.1259
SARS-CoV2-5UTR-Amplicon,310,c,1.669
SARS-CoV2-5UTR-Amplicon,311,c,0.5026
SARS-CoV2-5UTR-Amplicon,312,c,0.7641
SARS-CoV2-5UTR-Amplicon,313,t,1.0454
SARS-CoV2-5UTR-Amplicon,314,g,0.9455
SARS-CoV2-5UTR-Amplicon,315,a,0.342
SARS-CoV2-5UTR-Amplicon,316,t,1.1467
SARS-CoV2-5UTR-Amplicon,317,c,0.8452
SARS-CoV2-5UTR-Amplicon,318,t,1.0467
SARS-CoV2-5UTR-Amplicon,319,g,1.1886
SARS-CoV2-5UTR-Amplicon,320,c,0.9869
SARS-CoV2-5UTR-Amplicon,321,a,0.7251
SARS-CoV2-5UTR-Amplicon,322,t,0.3625
SARS-CoV2-5UTR-Amplicon,323,c,1.148
SARS-CoV2-5UTR-Amplicon,324,g,0.4641
SARS-CoV2-5UTR-Amplicon,325,c,0.6891
SARS-CoV2-5UTR-Amplicon,326,t,0.8523
SARS-CoV2-5UTR-Amplicon,327,g,0.8726
SARS-CoV2-5UTR-Amplicon,328,t,0.6494
SARS-CoV2-5UTR-Amplicon,329,g,0.5276
SARS-CoV2-5UTR-Amplicon,330,g,0.5479
SARS-CoV2-5UTR-Amplicon,331,c,0.7104
SARS-CoV2-5UTR-Amplicon,332,c,0.406
SARS-CoV2-5UTR-Amplicon,333,g,1.0761
SARS-CoV2-5UTR-Amplicon,334,a,0.5279
SARS-CoV2-5UTR-Amplicon,335,g,0.8123
SARS-CoV2-5UTR-Amplicon,336,g,0.7719
SARS-CoV2-5UTR-Amplicon,337,c,0.935
SARS-CoV2-5UTR-Amplicon,338,c,1.4496
SARS-CoV2-5UTR-Amplicon,339,a,2.5112
SARS-CoV2-5UTR-Amplicon,340,a,0.5322
SARS-CoV2-5UTR-Amplicon,341,g,0.5528
SARS-CoV2-5UTR-Amplicon,342,c,1.0035
SARS-CoV2-5UTR-Amplicon,343,c,0.7168
SARS-CoV2-5UTR-Amplicon,344,c,1.1061
SARS-CoV2-5UTR-Amplicon,345,a,0.676
SARS-CoV2-5UTR-Amplicon,346,c,0.84
SARS-CoV2-5UTR-Amplicon,347,c,0.5945
SARS-CoV2-5UTR-Amplicon,348,g,1.2915
SARS-CoV2-5UTR-Amplicon,349,a,0.8407
SARS-CoV2-5UTR-Amplicon,350,g,0.9235
SARS-CoV2-5UTR-Amplicon,351,a,1.1492
SARS-CoV2-5UTR-Amplicon,352,a,0.7185
SARS-CoV2-5UTR-Amplicon,353,c,0.6572
SARS-CoV2-5UTR-Amplicon,354,a,1.8107
SARS-CoV2-5UTR-Amplicon,355,a,0.3089
SARS-CoV2-5UTR-Amplicon,356,c,0.556
SARS-CoV2-5UTR-Amplicon,357,g,2.1869
SARS-CoV2-5UTR-Amplicon,358,a,0.7436
SARS-CoV2-5UTR-Amplicon,359,a,0.4547
SARS-CoV2-5UTR-Amplicon,360,g,1.0775
SARS-CoV2-5UTR-Amplicon,361,a,0.7277
SARS-CoV2-5UTR-Amplicon,362,c,0.625
SARS-CoV2-5UTR-Amplicon,363,t,0.9611
SARS-CoV2-5UTR-Amplicon,364,t,0.4414
SARS-CoV2-5UTR-Amplicon,365,c,0.4695
SARS-CoV2-5UTR-Amplicon,366,a,1.7059
SARS-CoV2-5UTR-Amplicon,367,a,0.24
SARS-CoV2-5UTR-Amplicon,368,c,0.5673
SARS-CoV2-5UTR-Amplicon,369,a,0.9537
SARS-CoV2-5UTR-Amplicon,370,t,0.1634
SARS-CoV2-5UTR-Amplicon,371,c,0.5874
SARS-CoV2-5UTR-Amplicon,372,g,0.0471
SARS-CoV2-5UTR-Amplicon,373,t,0.1889
SARS-CoV2-5UTR-Amplicon,374,g,0.3806
SARS-CoV2-5UTR-Amplicon,375,g,0
SARS-CoV2-5UTR-Amplicon,376,c,0
SARS-CoV2-5UTR-Amplicon,377,c,0
SARS-CoV2-5UTR-Amplicon,378,g,0
SMN2-Exon7-Amplicon,1,a,NaN
SMN2-Exon7-Amplicon,2,g,NaN
SMN2-Exon7-Amplicon,3,g,NaN
SMN2-Exon7-Amplicon,4,t,NaN
SMN2-Exon7-Amplicon,5,t,NaN
SMN2-Exon7-Amplicon,6,t,NaN
SMN2-Exon7-Amplicon,7,a,NaN
SMN2-Exon7-Amplicon,8,t,NaN
SMN2-Exon7-Amplicon,9,a,NaN
SMN2-Exon7-Amplicon,10,c,NaN
SMN2-Exon7-Amplicon,11,c,NaN
SMN2-Exon7-Amplicon,12,t,NaN
SMN2-Exon7-Amplicon,13,t,NaN
SMN2-Exon7-Amplicon,14,c,NaN
SMN2-Exon7-Amplicon,15,c,NaN
SMN2-Exon7-Amplicon,16,c,NaN
SMN2-Exon7-Amplicon,17,a,NaN
SMN2-Exon7-Amplicon,18,g,NaN
SMN2-Exon7-Amplicon,19,g,NaN
SMN2-Exon7-Amplicon,20,t,NaN
SMN2-Exon7-Amplicon,21,a,NaN
SMN2-Exon7-Amplicon,22,a,NaN
SMN2-Exon7-Amplicon,23,c,NaN
SMN2-Exon7-Amplicon,24,a,NaN
SMN2-Exon7-Amplicon,25,a,NaN
SMN2-Exon7-Amplicon,26,a,NaN
SMN2-Exon7-Amplicon,27,c,NaN
SMN2-Exon7-Amplicon,28,c,NaN
SMN2-Exon7-Amplicon,29,a,NaN
SMN2-Exon7-Amplicon,30,a,NaN
SMN2-Exon7-Amplicon,31,c,NaN
SMN2-Exon7-Amplicon,32,c,NaN
SMN2-Exon7-Amplicon,33,a,NaN
SMN2-Exon7-Amplicon,34,a,NaN
SMN2-Exon7-Amplicon,35,c,NaN
SMN2-Exon7-Amplicon,36,t,NaN
SMN2-Exon7-Amplicon,37,t,NaN
SMN2-Exon7-Amplicon,38,t,NaN
SMN2-Exon7-Amplicon,39,c,NaN
SMN2-Exon7-Amplicon,40,g,NaN
SMN2-Exon7-Amplicon,41,a,NaN
SMN2-Exon7-Amplicon,42,t,NaN
SMN2-Exon7-Amplicon,43,c,NaN
SMN2-Exon7-Amplicon,44,t,NaN
SMN2-Exon7-Amplicon,45,c,NaN
SMN2-Exon7-Amplicon,46,t,NaN
SMN2-Exon7-Amplicon,47,t,NaN
SMN2-Exon7-Amplicon,48,g,NaN
SMN2-Exon7-Amplicon,49,t,NaN
SMN2-Exon7-Amplicon,50,a,NaN
SMN2-Exon7-Amplicon,51,g,NaN
SMN2-Exon7-Amplicon,52,a,NaN
SMN2-Exon7-Amplicon,53,t,NaN
SMN2-Exon7-Amplicon,54,c,NaN
SMN2-Exon7-Amplicon,55,t,NaN
SMN2-Exon7-Amplicon,56,g,NaN
SMN2-Exon7-Amplicon,57,t,NaN
SMN2-Exon7-Amplicon,58,t,NaN
SMN2-Exon7-Amplicon,59,c,NaN
SMN2-Exon7-Amplicon,60,t,NaN
SMN2-Exon7-Amplicon,61,c,NaN
SMN2-Exon7-Amplicon,62,t,NaN
SMN2-Exon7-Amplicon,63,a,NaN
SMN2-Exon7-Amplicon,64,a,NaN
SMN2-Exon7-Amplicon,65,a,NaN
SMN2-Exon7-Amplicon,66,c,NaN
SMN2-Exon7-Amplicon,67,g,NaN
SMN2-Exon7-Amplicon,68,a,NaN
SMN2-Exon7-Amplicon,69,a,NaN
SMN2-Exon7-Amplicon,70,c,NaN
SMN2-Exon7-Amplicon,71,t,NaN
SMN2-Exon7-Amplicon,72,t,NaN
SMN2-Exon7-Amplicon,73,t,NaN
SMN2-Exon7-Amplicon,74,a,NaN
SMN2-Exon7-Amplicon,75,a,NaN
SMN2-Exon7-Amplicon,76,a,NaN
SMN2-Exon7-Amplicon,77,a,NaN
SMN2-Exon7-Amplicon,78,t,NaN
SMN2-Exon7-Amplicon,79,c,NaN
SMN2-Exon7-Amplicon,80,t,NaN
SMN2-Exon7-Amplicon,81,g,NaN
SMN2-Exon7-Amplicon,82,t,NaN
SMN2-Exon7-Amplicon,83,g,NaN
SMN2-Exon7-Amplicon,84,t,NaN
SMN2-Exon7-Amplicon,85,g,NaN
SMN2-Exon7-Amplicon,86,g,NaN
SMN2-Exon7-Amplicon,87,c,NaN
SMN2-Exon7-Amplicon,88,t,NaN
SMN2-Exon7-Amplicon,89,g,NaN
SMN2-Exon7-Amplicon,90,t,NaN
SMN2-Exon7-Amplicon,91,c,NaN
SMN2-Exon7-Amplicon,92,a,NaN
SMN2-Exon7-Amplicon,93,c,NaN
SMN2-Exon7-Amplicon,94,t,NaN
SMN2-Exon7-Amplicon,95,c,NaN
SMN2-Exon7-Amplicon,96,g,NaN
SMN2-Exon7-Amplicon,97,g,NaN
SMN2-Exon7-Amplicon,98,c,NaN
SMN2-Exon7-Amplicon,99,t,NaN
SMN2-Exon7-Amplicon,100,g,NaN
SMN2-Exon7-Amplicon,101,c,NaN
SMN2-Exon7-Amplicon,102,g,NaN
SMN2-Exon7-Amplicon,103,t,NaN
SMN2-Exon7-Amplicon,104,g,NaN
SMN2-Exon7-Amplicon,105,c,NaN
SMN2-Exon7-Amplicon,106,t,NaN
SMN2-Exon7-Amplicon,107,t,NaN
SMN2-Exon7-Amplicon,108,a,NaN
SMN2-Exon7-Amplicon,109,g,NaN
SMN2-Exon7-Amplicon,110,t,NaN
SMN2-Exon7-Amplicon,111,g,NaN
SMN2-Exon7-Amplicon,112,c,NaN
SMN2-Exon7-Amplicon,113,a,NaN
SMN2-Exon7-Amplicon,114,c,NaN
SMN2-Exon7-Amplicon,115,t,NaN
SMN2-Exon7-Amplicon,116,c,NaN
SMN2-Exon7-Amplicon,117,a,NaN
SMN2-Exon7-Amplicon,118,c,NaN
SMN2-Exon7-Amplicon,119,g,NaN
SMN2-Exon7-Amplicon,120,c,NaN
SMN2-Exon7-Amplicon,121,a,NaN
SMN2-Exon7-Amplicon,122,g,NaN
SMN2-Exon7-Amplicon,123,t,NaN
SMN2-Exon7-Amplicon,124,a,NaN
SMN2-Exon7-Amplicon,125,t,NaN
SMN2-Exon7-Amplicon,126,a,NaN
SMN2-Exon7-Amplicon,127,a,NaN
SMN2-Exon7-Amplicon,128,t,NaN
SMN2-Exon7-Amplicon,129,t,NaN
SMN2-Exon7-Amplicon,130,a,NaN
SMN2-Exon7-Amplicon,131,a,NaN
SMN2-Exon7-Amplicon,132,t,NaN
SMN2-Exon7-Amplicon,133,a,NaN
SMN2-Exon7-Amplicon,134,a,NaN
SMN2-Exon7-Amplicon,135,c,NaN
SMN2-Exon7-Amplicon,136,t,NaN
SMN2-Exon7-Amplicon,137,a,NaN
SMN2-Exon7-Amplicon,138,a,NaN
SMN2-Exon7-Amplicon,139,t,NaN
SMN2-Exon7-Amplicon,140,t,NaN
SMN2-Exon7-Amplicon,141,a,NaN
SMN2-Exon7-Amplicon,142,c,NaN
SMN2-Exon7-Amplicon,143,t,NaN
SMN2-Exon7-Amplicon,144,g,NaN
SMN2-Exon7-Amplicon,145,t,NaN
SMN2-Exon7-Amplicon,146,c,NaN
SMN2-Exon7-Amplicon,147,g,NaN
SMN2-Exon7-Amplicon,148,t,NaN
SMN2-Exon7-Amplicon,149,t,NaN
SMN2-Exon7-Amplicon,150,g,NaN
SMN2-Exon7-Amplicon,151,a,NaN
SMN2-Exon7-Amplicon,152,c,NaN
SMN2-Exon7-Amplicon,153,a,NaN
SMN2-Exon7-Amplicon,154,g,NaN
SMN2-Exon7-Amplicon,155,g,NaN
SMN2-Exon7-Amplicon,156,a,NaN
SMN2-Exon7-Amplicon,157,c,NaN
SMN2-Exon7-Amplicon,158,a,NaN
SMN2-Exon7-Amplicon,159,c,NaN
SMN2-Exon7-Amplicon,160,g,NaN
SMN2-Exon7-Amplicon,161,a,NaN
SMN2-Exon7-Amplicon,162,g,NaN
SMN2-Exon7-Amplicon,163,t,NaN
SMN2-Exon7-Amplicon,164,a,NaN
SMN2-Exon7-Amplicon,165,a,NaN
SMN2-Exon7-Amplicon,166,c,NaN
SMN2-Exon7-Amplicon,167,t,NaN
SMN2-Exon7-Amplicon,168,c,NaN
SMN2-Exon7-Amplicon,169,g,NaN
SMN2-Exon7-Amplicon,170,t,NaN
SMN2-Exon7-Amplicon,171,c,NaN
SMN2-Exon7-Amplicon,172,t,NaN
SMN2-Exon7-Amplicon,173,a,NaN
SMN2-Exon7-Amplicon,174,t,NaN
SMN2-Exon7-Amplicon,175,c,NaN
SMN2-Exon7-Amplicon,176,t,NaN
SMN2-Exon7-Amplicon,177,t,NaN
SMN2-Exon7-Amplicon,178,c,NaN
SMN2-Exon7-Amplicon,179,t,NaN
SMN2-Exon7-Amplicon,180,g,NaN
SMN2-Exon7-Amplicon,181,c,NaN
SMN2-Exon7-Amplicon,182,a,NaN
SMN2-Exon7-Amplicon,183,g,NaN
SMN2-Exon7-Amplicon,184,g,NaN
SMN2-Exon7-Amplicon,185,c,NaN
SMN2-Exon7-Amplicon,186,t,NaN
SMN2-Exon7-Amplicon,187,g,NaN
SMN2-Exon7-Amplicon,188,c,NaN
SMN2-Exon7-Amplicon,189,t,NaN
SMN2-Exon7-Amplicon,190,t,NaN
SMN2-Exon7-Amplicon,191,a,NaN
SMN2-Exon7-Amplicon,192,c,NaN
SMN2-Exon7-Amplicon,193,g,NaN
SMN2-Exon7-Amplicon,194,g,NaN
SMN2-Exon7-Amplicon,195,t,NaN
SMN2-Exon7-Amplicon,196,t,NaN
SMN2-Exon7-Amplicon,197,t,NaN
SMN2-Exon7-Amplicon,198,c,NaN
SMN2-Exon7-Amplicon,199,g,NaN
SMN2-Exon7-Amplicon,200,t,NaN
SMN2-Exon7-Amplicon,201,c,NaN
SMN2-Exon7-Amplicon,202,c,NaN
SMN2-Exon7-Amplicon,203,g,NaN
SMN2-Exon7-Amplicon,204,t,NaN
SMN2-Exon7-Amplicon,205,g,NaN
SMN2-Exon7-Amplicon,206,t,NaN
SMN2-Exon7-Amplicon,207,t,NaN
SMN2-Exon7-Amplicon,208,g,NaN
SMN2-Exon7-Amplicon,209,c,NaN
SMN2-Exon7-Amplicon,210,a,NaN
SMN2-Exon7-Amplicon,211,g,NaN
SMN2-Exon7-Amplicon,212,c,NaN
SMN2-Exon7-Amplicon,213,c,NaN
SMN2-Exon7-Amplicon,214,g,NaN
SMN2-Exon7-Amplicon,215,a,NaN
SMN2-Exon7-Amplicon,216,t,NaN
SMN2-Exon7-Amplicon,217,c,NaN
SMN2-Exon7-Amplicon,218,a,NaN
SMN2-Exon7-Amplicon,219,t,NaN
SMN2-Exon7-Amplicon,220,c,NaN
SMN2-Exon7-Amplicon,221,a,NaN
SMN2-Exon7-Amplicon,222,g,NaN
SMN2-Exon7-Amplicon,223,c,NaN
SMN2-Exon7-Amplicon,224,a,NaN
SMN2-Exon7-Amplicon,225,c,NaN
SMN2-Exon7-Amplicon,226,a,NaN
SMN2-Exon7-Amplicon,227,t,NaN
SMN2-Exon7-Amplicon,228,c,NaN
SMN2-Exon7-Amplicon,229,t,NaN
SMN2-Exon7-Amplicon,230,a,NaN
SMN2-Exon7-Amplicon,231,g,NaN
SMN2-Exon7-Amplicon,232,g,NaN
SMN2-Exon7-Amplicon,233,t,NaN
SMN2-Exon7-Amplicon,234,t,NaN
SMN2-Exon7-Amplicon,235,t,NaN
SMN2-Exon7-Amplicon,236,c,NaN
SMN2-Exon7-Amplicon,237,g,NaN
SMN2-Exon7-Amplicon,238,t,NaN
SMN2-Exon7-Amplicon,239,c,NaN
SMN2-Exon7-Amplicon,240,c,NaN
SMN2-Exon7-Amplicon,241,g,NaN
SMN2-Exon7-Amplicon,242,g,NaN
SMN2-Exon7-Amplicon,243,g,NaN
SMN2-Exon7-Amplicon,244,t,NaN
SMN2-Exon7-Amplicon,245,g,NaN
SMN2-Exon7-Amplicon,246,t,NaN
SMN2-Exon7-Amplicon,247,g,NaN
SMN2-Exon7-Amplicon,248,a,NaN
SMN2-Exon7-Amplicon,249,c,NaN
SMN2-Exon7-Amplicon,250,c,NaN
SMN2-Exon7-Amplicon,251,g,NaN
SMN2-Exon7-Amplicon,252,a,NaN
SMN2-Exon7-Amplicon,253,a,NaN
SMN2-Exon7-Amplicon,254,a,NaN
SMN2-Exon7-Amplicon,255,g,NaN
SMN2-Exon7-Amplicon,256,g,NaN
SMN2-Exon7-Amplicon,257,t,NaN
SMN2-Exon7-Amplicon,258,a,NaN
SMN2-Exon7-Amplicon,259,a,NaN
SMN2-Exon7-Amplicon,260,g,NaN
SMN2-Exon7-Amplicon,261,a,NaN
SMN2-Exon7-Amplicon,262,t,NaN
SMN2-Exon7-Amplicon,263,g,NaN
SMN2-Exon7-Amplicon,264,g,NaN
SMN2-Exon7-Amplicon,265,a,NaN
SMN2-Exon7-Amplicon,266,g,NaN
SMN2-Exon7-Amplicon,267,a,NaN
SMN2-Exon7-Amplicon,268,g,NaN
SMN2-Exon7-Amplicon,269,c,NaN
SMN2-Exon7-Amplicon,270,c,NaN
SMN2-Exon7-Amplicon,271,t,NaN
SMN2-Exon7-Amplicon,272,t,NaN
SMN2-Exon7-Amplicon,273,g,NaN
SMN2-Exon7-Amplicon,274,t,NaN
SMN2-Exon7-Amplicon,275,c,NaN
SMN2-Exon7-Amplicon,276,c,NaN
SMN2-Exon7-Amplicon,277,c,NaN
SMN2-Exon7-Amplicon,278,t,NaN
SMN2-Exon7-Amplicon,279,g,NaN
SMN2-Exon7-Amplicon,280,g,NaN
SMN2-Exon7-Amplicon,281,t,NaN
SMN2-Exon7-Amplicon,282,t,NaN
SMN2-Exon7-Amplicon,283,t,NaN
SMN2-Exon7-Amplicon,284,c,NaN
SMN2-Exon7-Amplicon,285,a,NaN
SMN2-Exon7-Amplicon,286,a,NaN
SMN2-Exon7-Amplicon,287,c,NaN
SMN2-Exon7-Amplicon,288,g,NaN
SMN2-Exon7-Amplicon,289,a,NaN
SMN2-Exon7-Amplicon,290,g,NaN
SMN2-Exon7-Amplicon,291,g,NaN
SMN2-Exon7-Amplicon,292,g,NaN
SMN2-Exon7-Amplicon,293,a,NaN
SMN2-Exon7-Amplicon,294,g,NaN
SMN2-Exon7-Amplicon,295,t,NaN
SMN2-Exon7-Amplicon,296,c,NaN
SMN2-Exon7-Amplicon,297,a,NaN
SMN2-Exon7-Amplicon,298,a,NaN
SMN2-Exon7-Amplicon,299,a,NaN
SMN2-Exon7-Amplicon,300,g,NaN
SMN2-Exon7-Amplicon,301,t,NaN
SMN2-Exon7-Amplicon,302,t,NaN
SMN2-Exon7-Amplicon,303,c,NaN
SMN2-Exon7-Amplicon,304,t,NaN
SMN2-Exon7-Amplicon,305,g,NaN
SMN2-Exon7-Amplicon,306,t,NaN
SMN2-Exon7-Amplicon,307,t,NaN
SMN2-Exon7-Amplicon,308,t,NaN
SMN2-Exon7-Amplicon,309,g,NaN
SMN2-Exon7-Amplicon,310,c,NaN
SMN2-Exon7-Amplicon,311,c,NaN
SMN2-Exon7-Amplicon,312,c,NaN
SMN2-Exon7-Amplicon,313,t,NaN
SMN2-Exon7-Amplicon,314,g,NaN
SMN2-Exon7-Amplicon,315,a,NaN
SMN2-Exon7-Amplicon,316,t,NaN
SMN2-Exon7-Amplicon,317,c,NaN
SMN2-Exon7-Amplicon,318,t,NaN
SMN2-Exon7-Amplicon,319,g,NaN
SMN2-Exon7-Amplicon,320,c,NaN
SMN2-Exon7-Amplicon,321,a,NaN
SMN2-Exon7-Amplicon,322,t,NaN
SMN2-Exon7-Amplicon,323,c,NaN
SMN2-Exon7-Amplicon,324,g,NaN
