Region,Position,Ref_base,Mut_percentage
SARS-CoV2-5UTR-Amplicon,1,a,0
SARS-CoV2-5UTR-Amplicon,2,g,0
SARS-CoV2-5UTR-Amplicon,3,g,0
SARS-CoV2-5UTR-Amplicon,4,t,0.0937
SARS-CoV2-5UTR-Amplicon,5,t,0.0928
SARS-CoV2-5UTR-Amplicon,6,t,0.5322
SARS-CoV2-5UTR-Amplicon,7,a,0.2525
SARS-CoV2-5UTR-Amplicon,8,t,0.7232
SARS-CoV2-5UTR-Amplicon,9,a,0.6748
SARS-CoV2-5UTR-Amplicon,10,c,0.5166
SARS-CoV2-5UTR-Amplicon,11,c,0.3356
SARS-CoV2-5UTR-Amplicon,12,t,1.1101
SARS-CoV2-5UTR-Amplicon,13,t,0.8429
SARS-CoV2-5UTR-Amplicon,14,c,2.1055
SARS-CoV2-5UTR-Amplicon,15,c,0.6412
SARS-CoV2-5UTR-Amplicon,16,c,0.7949
SARS-CoV2-5UTR-Amplicon,17,a,0.4359
SARS-CoV2-5UTR-Amplicon,18,g,0.7404
SARS-CoV2-5UTR-Amplicon,19,g,0.2829
SARS-CoV2-5UTR-Amplicon,20,t,1.5445
SARS-CoV2-5UTR-Amplicon,21,a,1.3916
SARS-CoV2-5UTR-Amplicon,22,a,1.1739
SARS-CoV2-5UTR-Amplicon,23,c,1.0433
SARS-CoV2-5UTR-Amplicon,24,a,1.6458
SARS-CoV2-5UTR-Amplicon,25,a,0.7986
SARS-CoV2-5UTR-Amplicon,26,a,0.6613
SARS-CoV2-5UTR-Amplicon,27,c,1.3613
SARS-CoV2-5UTR-Amplicon,28,c,1.4383
SARS-CoV2-5UTR-Amplicon,29,a,1.1057
SARS-CoV2-5UTR-Amplicon,30,a,0.2714
SARS-CoV2-5UTR-Amplicon,31,c,0.6592
SARS-CoV2-5UTR-Amplicon,32,c,1.3765
SARS-CoV2-5UTR-Amplicon,33,a,1.5689
SARS-CoV2-5UTR-Amplicon,34,a,0.5616
SARS-CoV2-5UTR-Amplicon,35,c,1.0844
SARS-CoV2-5UTR-Amplicon,36,t,2.9025
SARS-CoV2-5UTR-Amplicon,37,t,1.101
SARS-CoV2-5UTR-Amplicon,38,t,0.8162
SARS-CoV2-5UTR-Amplicon,39,c,3.5497
SARS-CoV2-5UTR-Amplicon,40,g,2.8837
SARS-CoV2-5UTR-Amplicon,41,a,0.6829
SARS-CoV2-5UTR-Amplicon,42,t,1.8203
SARS-CoV2-5UTR-Amplicon,43,c,2.7493
SARS-CoV2-5UTR-Amplicon,44,t,1.0808
SARS-CoV2-5UTR-Amplicon,45,c,2.0288
SARS-CoV2-5UTR-Amplicon,46,t,2.4455
SARS-CoV2-5UTR-Amplicon,47,t,1.9519
SARS-CoV2-5UTR-Amplicon,48,g,0.9852
SARS-CoV2-5UTR-Amplicon,49,t,1.1745
SARS-CoV2-5UTR-Amplicon,50,a,1.5527
SARS-CoV2-5UTR-Amplicon,51,g,2.2534
SARS-CoV2-5UTR-Amplicon,52,a,0.9086
SARS-CoV2-5UTR-Amplicon,53,t,1.3248
SARS-CoV2-5UTR-Amplicon,54,c,2.2138
SARS-CoV2-5UTR-Amplicon,55,t,1.53
SARS-CoV2-5UTR-Amplicon,56,g,2.5118
SARS-CoV2-5UTR-Amplicon,57,t,3.0595
SARS-CoV2-5UTR-Amplicon,58,t,2.6062
SARS-CoV2-5UTR-Amplicon,59,c,3.1728
SARS-CoV2-5UTR-Amplicon,60,t,0.8684
SARS-CoV2-5UTR-Amplicon,61,c,2.0385
SARS-CoV2-5UTR-Amplicon,62,t,2.6991
SARS-CoV2-5UTR-Amplicon,63,a,5.283
SARS-CoV2-5UTR-Amplicon,64,a,0.5659
SARS-CoV2-5UTR-Amplicon,65,a,0.6411
SARS-CoV2-5UTR-Amplicon,66,c,0.8863
SARS-CoV2-5UTR-Amplicon,67,g,2.244
SARS-CoV2-5UTR-Amplicon,68,a,0.7164
SARS-CoV2-5UTR-Amplicon,69,a,0.8673
SARS-CoV2-5UTR-Amplicon,70,c,2.7526
SARS-CoV2-5UTR-Amplicon,71,t,1.508
SARS-CoV2-5UTR-Amplicon,72,t,0.8104
SARS-CoV2-5UTR-Amplicon,73,t,1.0743
SARS-CoV2-5UTR-Amplicon,74,a,2.1116
SARS-CoV2-5UTR-Amplicon,75,a,0.9617
SARS-CoV2-5UTR-Amplicon,76,a,0.8109
SARS-CoV2-5UTR-Amplicon,77,a,1.9427
SARS-CoV2-5UTR-Amplicon,78,t,1.9423
SARS-CoV2-5UTR-Amplicon,79,c,1.7531
SARS-CoV2-5UTR-Amplicon,80,t,1.3975
SARS-CoV2-5UTR-Amplicon,81,g,1.6988
SARS-CoV2-5UTR-Amplicon,82,t,1.0379
SARS-CoV2-5UTR-Amplicon,83,g,0.887
SARS-CoV2-5UTR-Amplicon,84,t,1.6041
SARS-CoV2-5UTR-Amplicon,85,g,1.321
SARS-CoV2-5UTR-Amplicon,86,g,1.4937
SARS-CoV2-5UTR-Amplicon,87,c,1.8456
SARS-CoV2-5UTR-Amplicon,88,t,1.9021
SARS-CoV2-5UTR-Amplicon,89,g,1.5083
SARS-CoV2-5UTR-Amplicon,90,t,1.4329
SARS-CoV2-5UTR-Amplicon,91,c,1.4517
SARS-CoV2-5UTR-Amplicon,92,a,1.3763
SARS-CoV2-5UTR-Amplicon,93,c,2.0389
SARS-CoV2-5UTR-Amplicon,94,t,1.0759
SARS-CoV2-5UTR-Amplicon,95,c,2.2117
SARS-CoV2-5UTR-Amplicon,96,g,1.6827
SARS-CoV2-5UTR-Amplicon,97,g,1.6263
SARS-CoV2-5UTR-Amplicon,98,c,1.1634
SARS-CoV2-5UTR-Amplicon,99,t,1.239
SARS-CoV2-5UTR-Amplicon,100,g,1.671
SARS-CoV2-5UTR-Amplicon,101,c,1.9148
SARS-CoV2-5UTR-Amplicon,102,g,2.5347
SARS-CoV2-5UTR-Amplicon,103,t,1.4629
SARS-CoV2-5UTR-Amplicon,104,g,2.3256
SARS-CoV2-5UTR-Amplicon,105,c,2.5694
SARS-CoV2-5UTR-Amplicon,106,t,2.3443
SARS-CoV2-5UTR-Amplicon,107,t,2.7007
SARS-CoV2-5UTR-Amplicon,108,a,1.2191
SARS-CoV2-5UTR-Amplicon,109,g,1.1815
SARS-CoV2-5UTR-Amplicon,110,t,1.3128
SARS-CoV2-5UTR-Amplicon,111,g,1.1628
SARS-CoV2-5UTR-Amplicon,112,c,1.2193
SARS-CoV2-5UTR-Amplicon,113,a,1.2193
SARS-CoV2-5UTR-Amplicon,114,c,0.9004
SARS-CoV2-5UTR-Amplicon,115,t,0.8816
SARS-CoV2-5UTR-Amplicon,116,c,1.6129
SARS-CoV2-5UTR-Amplicon,117,a,0.9565
SARS-CoV2-5UTR-Amplicon,118,c,1.0503
SARS-CoV2-5UTR-Amplicon,119,g,1.0315
SARS-CoV2-5UTR-Amplicon,120,c,0.9379
SARS-CoV2-5UTR-Amplicon,121,a,0.8629
SARS-CoV2-5UTR-Amplicon,122,g,0.9747
SARS-CoV2-5UTR-Amplicon,123,t,0.9406
SARS-CoV2-5UTR-Amplicon,124,a,0.9034
SARS-CoV2-5UTR-Amplicon,125,t,0.5972
SARS-CoV2-5UTR-Amplicon,126,a,0.6346
SARS-CoV2-5UTR-Amplicon,127,a,0.4292
SARS-CoV2-5UTR-Amplicon,128,t,0.5226
SARS-CoV2-5UTR-Amplicon,129,t,0.6346
SARS-CoV2-5UTR-Amplicon,130,a,0.6532
SARS-CoV2-5UTR-Amplicon,131,a,0.8772
SARS-CoV2-5UTR-Amplicon,132,t,0.4853
SARS-CoV2-5UTR-Amplicon,133,a,0.9705
SARS-CoV2-5UTR-Amplicon,134,a,0.5037
SARS-CoV2-5UTR-Amplicon,135,c,1.194
SARS-CoV2-5UTR-Amplicon,136,t,0.7277
SARS-CoV2-5UTR-Amplicon,137,a,0.672
SARS-CoV2-5UTR-Amplicon,138,a,0.5973
SARS-CoV2-5UTR-Amplicon,139,t,0.7467
SARS-CoV2-5UTR-Amplicon,140,t,0.7094
SARS-CoV2-5UTR-Amplicon,141,a,0.9894
SARS-CoV2-5UTR-Amplicon,142,c,1.1552
SARS-CoV2-5UTR-Amplicon,143,t,0.7267
SARS-CoV2-5UTR-Amplicon,144,g,1.0436
SARS-CoV2-5UTR-Amplicon,145,t,0.8198
SARS-CoV2-5UTR-Amplicon,146,c,1.1741
SARS-CoV2-5UTR-Amplicon,147,g,1.5296
SARS-CoV2-5UTR-Amplicon,148,t,0.8207
SARS-CoV2-5UTR-Amplicon,149,t,0.6498
SARS-CoV2-5UTR-Amplicon,150,g,1.5755
SARS-CoV2-5UTR-Amplicon,151,a,0.7414
SARS-CoV2-5UTR-Amplicon,152,c,0.7624
SARS-CoV2-5UTR-Amplicon,153,a,1.4318
SARS-CoV2-5UTR-Amplicon,154,g,2.3065
SARS-CoV2-5UTR-Amplicon,155,g,1.658
SARS-CoV2-5UTR-Amplicon,156,a,1.8443
SARS-CoV2-5UTR-Amplicon,157,c,1.8629
SARS-CoV2-5UTR-Amplicon,158,a,2.2111
SARS-CoV2-5UTR-Amplicon,159,c,1.3011
SARS-CoV2-5UTR-Amplicon,160,g,3.7746
SARS-CoV2-5UTR-Amplicon,161,a,2.3929
SARS-CoV2-5UTR-Amplicon,162,g,1.1746
SARS-CoV2-5UTR-Amplicon,163,t,1.4634
SARS-CoV2-5UTR-Amplicon,164,a,2.2038
SARS-CoV2-5UTR-Amplicon,165,a,1.0114
SARS-CoV2-5UTR-Amplicon,166,c,1.1559
SARS-CoV2-5UTR-Amplicon,167,t,1.0287
SARS-CoV2-5UTR-Amplicon,168,c,2.1476
SARS-CoV2-5UTR-Amplicon,169,g,1.8412
SARS-CoV2-5UTR-Amplicon,170,t,1.6402
SARS-CoV2-5UTR-Amplicon,171,c,2.2178
SARS-CoV2-5UTR-Amplicon,172,t,3.2095
SARS-CoV2-5UTR-Amplicon,173,a,2.7582
SARS-CoV2-5UTR-Amplicon,174,t,1.8208
SARS-CoV2-5UTR-Amplicon,175,c,2.2535
SARS-CoV2-5UTR-Amplicon,176,t,1.8922
SARS-CoV2-5UTR-Amplicon,177,t,0.9551
SARS-CoV2-5UTR-Amplicon,178,c,1.0995
SARS-CoV2-5UTR-Amplicon,179,t,0.955
SARS-CoV2-5UTR-Amplicon,180,g,2.3604
SARS-CoV2-5UTR-Amplicon,181,c,1.5495
SARS-CoV2-5UTR-Amplicon,182,a,1.2252
SARS-CoV2-5UTR-Amplicon,183,g,1.1374
SARS-CoV2-5UTR-Amplicon,184,g,0.711
SARS-CoV2-5UTR-Amplicon,185,c,1.3511
SARS-CoV2-5UTR-Amplicon,186,t,1.5644
SARS-CoV2-5UTR-Amplicon,187,g,1.5644
SARS-CoV2-5UTR-Amplicon,188,c,1.5289
SARS-CoV2-5UTR-Amplicon,189,t,4.1333
SARS-CoV2-5UTR-Amplicon,190,t,2.1197
SARS-CoV2-5UTR-Amplicon,191,a,1.2642
SARS-CoV2-5UTR-Amplicon,192,c,1.3886
SARS-CoV2-5UTR-Amplicon,193,g,1.7806
SARS-CoV2-5UTR-Amplicon,194,g,1.4415
SARS-CoV2-5UTR-Amplicon,195,t,1.3523
SARS-CoV2-5UTR-Amplicon,196,t,0.6759
SARS-CoV2-5UTR-Amplicon,197,t,0.8889
SARS-CoV2-5UTR-Amplicon,198,c,1.8844
SARS-CoV2-5UTR-Amplicon,199,g,1.3333
SARS-CoV2-5UTR-Amplicon,200,t,0.8889
SARS-CoV2-5UTR-Amplicon,201,c,1.6178
SARS-CoV2-5UTR-Amplicon,202,c,2.0448
SARS-CoV2-5UTR-Amplicon,203,g,1.1913
SARS-CoV2-5UTR-Amplicon,204,t,2.1519
SARS-CoV2-5UTR-Amplicon,205,g,0.9605
SARS-CoV2-5UTR-Amplicon,206,t,1.1566
SARS-CoV2-5UTR-Amplicon,207,t,1.6901
SARS-CoV2-5UTR-Amplicon,208,g,1.209
SARS-CoV2-5UTR-Amplicon,209,c,1.6471
SARS-CoV2-5UTR-Amplicon,210,a,1.0512
SARS-CoV2-5UTR-Amplicon,211,g,1.4889
SARS-CoV2-5UTR-Amplicon,212,c,0.9108
SARS-CoV2-5UTR-Amplicon,213,c,0.8408
SARS-CoV2-5UTR-Amplicon,214,g,2.2815
SARS-CoV2-5UTR-Amplicon,215,a,1.1232
SARS-CoV2-5UTR-Amplicon,216,t,0.9128
SARS-CoV2-5UTR-Amplicon,217,c,2.3346
SARS-CoV2-5UTR-Amplicon,218,a,3.8792
SARS-CoV2-5UTR-Amplicon,219,t,0.8952
SARS-CoV2-5UTR-Amplicon,220,c,3.1431
SARS-CoV2-5UTR-Amplicon,221,a,6.0414
SARS-CoV2-5UTR-Amplicon,222,g,5.1994
SARS-CoV2-5UTR-Amplicon,223,c,2.0379
SARS-CoV2-5UTR-Amplicon,224,a,3.5501
SARS-CoV2-5UTR-Amplicon,225,c,1.0007
SARS-CoV2-5UTR-Amplicon,226,a,3.0021
SARS-CoV2-5UTR-Amplicon,227,t,1.7393
SARS-CoV2-5UTR-Amplicon,228,c,2.6353
SARS-CoV2-5UTR-Amplicon,229,t,2.5632
SARS-CoV2-5UTR-Amplicon,230,a,2.2476
SARS-CoV2-5UTR-Amplicon,231,g,2.687
SARS-CoV2-5UTR-Amplicon,232,g,2.5821
SARS-CoV2-5UTR-Amplicon,233,t,2.7141
SARS-CoV2-5UTR-Amplicon,234,t,2.2588
SARS-CoV2-5UTR-Amplicon,235,t,2.0137
SARS-CoV2-5UTR-Amplicon,236,c,2.3639
SARS-CoV2-5UTR-Amplicon,237,g,1.6459
SARS-CoV2-5UTR-Amplicon,238,t,0.9636
SARS-CoV2-5UTR-Amplicon,239,c,1.9825
SARS-CoV2-5UTR-Amplicon,240,c,2.1938
SARS-CoV2-5UTR-Amplicon,241,g,2.6501
SARS-CoV2-5UTR-Amplicon,242,g,1.7596
SARS-CoV2-5UTR-Amplicon,243,g,2.4111
SARS-CoV2-5UTR-Amplicon,244,t,2.2614
SARS-CoV2-5UTR-Amplicon,245,g,1.3181
SARS-CoV2-5UTR-Amplicon,246,t,1.4965
SARS-CoV2-5UTR-Amplicon,247,g,3.9202
SARS-CoV2-5UTR-Amplicon,248,a,2.3351
SARS-CoV2-5UTR-Amplicon,249,c,1.8182
SARS-CoV2-5UTR-Amplicon,250,c,1.5106
SARS-CoV2-5UTR-Amplicon,251,g,2.5782
SARS-CoV2-5UTR-Amplicon,252,a,3.1461
SARS-CoV2-5UTR-Amplicon,253,a,1.5464
SARS-CoV2-5UTR-Amplicon,254,a,1.565
SARS-CoV2-5UTR-Amplicon,255,g,1.9392
SARS-CoV2-5UTR-Amplicon,256,g,1.9036
SARS-CoV2-5UTR-Amplicon,257,t,2.6512
SARS-CoV2-5UTR-Amplicon,258,a,3.0605
SARS-CoV2-5UTR-Amplicon,259,a,1.9733
SARS-CoV2-5UTR-Amplicon,260,g,2.2574
SARS-CoV2-5UTR-Amplicon,261,a,1.7422
SARS-CoV2-5UTR-Amplicon,262,t,1.298
SARS-CoV2-5UTR-Amplicon,263,g,2.276
SARS-CoV2-5UTR-Amplicon,264,g,1.5661
SARS-CoV2-5UTR-Amplicon,265,a,0.9968
SARS-CoV2-5UTR-Amplicon,266,g,2.2436
SARS-CoV2-5UTR-Amplicon,267,a,1.4248
SARS-CoV2-5UTR-Amplicon,268,g,2.0375
SARS-CoV2-5UTR-Amplicon,269,c,1.6982
SARS-CoV2-5UTR-Amplicon,270,c,1.6265
SARS-CoV2-5UTR-Amplicon,271,t,2.1452
SARS-CoV2-5UTR-Amplicon,272,t,1.2156
SARS-CoV2-5UTR-Amplicon,273,g,1.4304
SARS-CoV2-5UTR-Amplicon,274,t,1.5013
SARS-CoV2-5UTR-Amplicon,275,c,4.9866
SARS-CoV2-5UTR-Amplicon,276,c,1.4661
SARS-CoV2-5UTR-Amplicon,277,c,1.9503
SARS-CoV2-5UTR-Amplicon,278,t,2.6316
SARS-CoV2-5UTR-Amplicon,279,g,5.4979
SARS-CoV2-5UTR-Amplicon,280,g,2.5076
SARS-CoV2-5UTR-Amplicon,281,t,2.2573
SARS-CoV2-5UTR-Amplicon,282,t,1.3973
SARS-CoV2-5UTR-Amplicon,283,t,2.6528
SARS-CoV2-5UTR-Amplicon,284,c,3.2981
SARS-CoV2-5UTR-Amplicon,285,a,2.1155
SARS-CoV2-5UTR-Amplicon,286,a,1.1653
SARS-CoV2-5UTR-Amplicon,287,c,1.0039
SARS-CoV2-5UTR-Amplicon,288,g,2.474
SARS-CoV2-5UTR-Amplicon,289,a,1.164
SARS-CoV2-5UTR-Amplicon,290,g,2.7713
SARS-CoV2-5UTR-Amplicon,291,g,1.0799
SARS-CoV2-5UTR-Amplicon,292,g,1.5673
SARS-CoV2-5UTR-Amplicon,293,a,1.3694
SARS-CoV2-5UTR-Amplicon,294,g,2.6127
SARS-CoV2-5UTR-Amplicon,295,t,2.2079
SARS-CoV2-5UTR-Amplicon,296,c,3.9389
SARS-CoV2-5UTR-Amplicon,297,a,4.682
SARS-CoV2-5UTR-Amplicon,298,a,2.8024
SARS-CoV2-5UTR-Amplicon,299,a,2.5078
SARS-CoV2-5UTR-Amplicon,300,g,3.0979
SARS-CoV2-5UTR-Amplicon,301,t,4.0752
SARS-CoV2-5UTR-Amplicon,302,t,3.7624
SARS-CoV2-5UTR-Amplicon,303,c,1.8272
SARS-CoV2-5UTR-Amplicon,304,t,1.7356
SARS-CoV2-5UTR-Amplicon,305,g,1.6078
SARS-CoV2-5UTR-Amplicon,306,t,4.4346
SARS-CoV2-5UTR-Amplicon,307,t,0.9983
SARS-CoV2-5UTR-Amplicon,308,t,1.2035
SARS-CoV2-5UTR-Amplicon,309,g,1.3531
SARS-CoV2-5UTR-Amplicon,310,c,2.4087
SARS-CoV2-5UTR-Amplicon,311,c,0.6857
SARS-CoV2-5UTR-Amplicon,312,c,0.9273
SARS-CoV2-5UTR-Amplicon,313,t,1.1313
SARS-CoV2-5UTR-Amplicon,314,g,1.1324
SARS-CoV2-5UTR-Amplicon,315,a,0.5013
SARS-CoV2-5UTR-Amplicon,316,t,1.0212
SARS-CoV2-5UTR-Amplicon,317,c,1.1883
SARS-CoV2-5UTR-Amplicon,318,t,1.1336
SARS-CoV2-5UTR-Amplicon,319,g,1.7472
SARS-CoV2-5UTR-Amplicon,320,c,1.1524
SARS-CoV2-5UTR-Amplicon,321,a,2.9373
SARS-CoV2-5UTR-Amplicon,322,t,0.8
SARS-CoV2-5UTR-Amplicon,323,c,1.8047
SARS-CoV2-5UTR-Amplicon,324,g,1.1589
SARS-CoV2-5UTR-Amplicon,325,c,1.3955
SARS-CoV2-5UTR-Amplicon,326,t,1.147
SARS-CoV2-5UTR-Amplicon,327,g,1.472
SARS-CoV2-5UTR-Amplicon,328,t,1.1283
SARS-CoV2-5UTR-Amplicon,329,g,1.0136
SARS-CoV2-5UTR-Amplicon,330,g,0.9753
SARS-CoV2-5UTR-Amplicon,331,c,1.1103
SARS-CoV2-5UTR-Amplicon,332,c,0.7661
SARS-CoV2-5UTR-Amplicon,333,g,2.4147
SARS-CoV2-5UTR-Amplicon,334,a,1.8976
SARS-CoV2-5UTR-Amplicon,335,g,1.3234
SARS-CoV2-5UTR-Amplicon,336,g,1.4779
SARS-CoV2-5UTR-Amplicon,337,c,1.1715
SARS-CoV2-5UTR-Amplicon,338,c,1.1433
SARS-CoV2-5UTR-Amplicon,339,a,2.3279
SARS-CoV2-5UTR-Amplicon,340,a,1.007
SARS-CoV2-5UTR-Amplicon,341,g,0.8866
SARS-CoV2-5UTR-Amplicon,342,c,1.3914
SARS-CoV2-5UTR-Amplicon,343,c,0.9284
SARS-CoV2-5UTR-Amplicon,344,c,1.0511
SARS-CoV2-5UTR-Amplicon,345,a,1.5176
SARS-CoV2-5UTR-Amplicon,346,c,1.7853
SARS-CoV2-5UTR-Amplicon,347,c,1.1301
SARS-CoV2-5UTR-Amplicon,348,g,1.8914
SARS-CoV2-5UTR-Amplicon,349,a,1.81
SARS-CoV2-5UTR-Amplicon,350,g,1.7747
SARS-CoV2-5UTR-Amplicon,351,a,2.8701
SARS-CoV2-5UTR-Amplicon,352,a,1.0946
SARS-CoV2-5UTR-Amplicon,353,c,0.9294
SARS-CoV2-5UTR-Amplicon,354,a,1.9632
SARS-CoV2-5UTR-Amplicon,355,a,0.7042
SARS-CoV2-5UTR-Amplicon,356,c,0.8712
SARS-CoV2-5UTR-Amplicon,357,g,2.4958
SARS-CoV2-5UTR-Amplicon,358,a,0.7074
SARS-CoV2-5UTR-Amplicon,359,a,0.8118
SARS-CoV2-5UTR-Amplicon,360,g,1.5674
SARS-CoV2-5UTR-Amplicon,361,a,1.2783
SARS-CoV2-5UTR-Amplicon,362,c,0.8811
SARS-CoV2-5UTR-Amplicon,363,t,1.3448
SARS-CoV2-5UTR-Amplicon,364,t,0.7171
SARS-CoV2-5UTR-Amplicon,365,c,0.7879
SARS-CoV2-5UTR-Amplicon,366,a,1.6971
SARS-CoV2-5UTR-Amplicon,367,a,0.3018
SARS-CoV2-5UTR-Amplicon,368,c,0.2847
SARS-CoV2-5UTR-Amplicon,369,a,1.303
SARS-CoV2-5UTR-Amplicon,370,t,0.3097
SARS-CoV2-5UTR-Amplicon,371,c,0.7233
SARS-CoV2-5UTR-Amplicon,372,g,0.1589
SARS-CoV2-5UTR-Amplicon,373,t,0.091
SARS-CoV2-5UTR-Amplicon,374,g,0.533
SARS-CoV2-5UTR-Amplicon,375,g,0
SARS-CoV2-5UTR-Amplicon,376,c,0
SARS-CoV2-5UTR-Amplicon,377,c,0
SARS-CoV2-5UTR-Amplicon,378,g,0
SMN2-Exon7-Amplicon,1,a,NaN
SMN2-Exon7-Amplicon,2,g,NaN
SMN2-Exon7-Amplicon,3,g,NaN
SMN2-Exon7-Amplicon,4,t,NaN
SMN2-Exon7-Amplicon,5,t,NaN
SMN2-Exon7-Amplicon,6,t,NaN
SMN2-Exon7-Amplicon,7,a,NaN
SMN2-Exon7-Amplicon,8,t,NaN
SMN2-Exon7-Amplicon,9,a,NaN
SMN2-Exon7-Amplicon,10,c,NaN
SMN2-Exon7-Amplicon,11,c,NaN
SMN2-Exon7-Amplicon,12,t,NaN
SMN2-Exon7-Amplicon,13,t,NaN
SMN2-Exon7-Amplicon,14,c,NaN
SMN2-Exon7-Amplicon,15,c,NaN
SMN2-Exon7-Amplicon,16,c,NaN
SMN2-Exon7-Amplicon,17,a,NaN
SMN2-Exon7-Amplicon,18,g,NaN
SMN2-Exon7-Amplicon,19,g,NaN
SMN2-Exon7-Amplicon,20,t,NaN
SMN2-Exon7-Amplicon,21,a,NaN
SMN2-Exon7-Amplicon,22,a,NaN
SMN2-Exon7-Amplicon,23,c,NaN
SMN2-Exon7-Amplicon,24,a,NaN
SMN2-Exon7-Amplicon,25,a,NaN
SMN2-Exon7-Amplicon,26,a,NaN
SMN2-Exon7-Amplicon,27,c,NaN
SMN2-Exon7-Amplicon,28,c,NaN
SMN2-Exon7-Amplicon,29,a,NaN
SMN2-Exon7-Amplicon,30,a,NaN
SMN2-Exon7-Amplicon,31,c,NaN
SMN2-Exon7-Amplicon,32,c,NaN
SMN2-Exon7-Amplicon,33,a,NaN
SMN2-Exon7-Amplicon,34,a,NaN
SMN2-Exon7-Amplicon,35,c,NaN
SMN2-Exon7-Amplicon,36,t,NaN
SMN2-Exon7-Amplicon,37,t,NaN
SMN2-Exon7-Amplicon,38,t,NaN
SMN2-Exon7-Amplicon,39,c,NaN
SMN2-Exon7-Amplicon,40,g,NaN
SMN2-Exon7-Amplicon,41,a,NaN
SMN2-Exon7-Amplicon,42,t,NaN
SMN2-Exon7-Amplicon,43,c,NaN
SMN2-Exon7-Amplicon,44,t,NaN
SMN2-Exon7-Amplicon,45,c,NaN
SMN2-Exon7-Amplicon,46,t,NaN
SMN2-Exon7-Amplicon,47,t,NaN
SMN2-Exon7-Amplicon,48,g,NaN
SMN2-Exon7-Amplicon,49,t,NaN
SMN2-Exon7-Amplicon,50,a,NaN
SMN2-Exon7-Amplicon,51,g,NaN
SMN2-Exon7-Amplicon,52,a,NaN
SMN2-Exon7-Amplicon,53,t,NaN
SMN2-Exon7-Amplicon,54,c,NaN
SMN2-Exon7-Amplicon,55,t,NaN
SMN2-Exon7-Amplicon,56,g,NaN
SMN2-Exon7-Amplicon,57,t,NaN
SMN2-Exon7-Amplicon,58,t,NaN
SMN2-Exon7-Amplicon,59,c,NaN
SMN2-Exon7-Amplicon,60,t,NaN
SMN2-Exon7-Amplicon,61,c,NaN
SMN2-Exon7-Amplicon,62,t,NaN
SMN2-Exon7-Amplicon,63,a,NaN
SMN2-Exon7-Amplicon,64,a,NaN
SMN2-Exon7-Amplicon,65,a,NaN
SMN2-Exon7-Amplicon,66,c,NaN
SMN2-Exon7-Amplicon,67,g,NaN
SMN2-Exon7-Amplicon,68,a,NaN
SMN2-Exon7-Amplicon,69,a,NaN
SMN2-Exon7-Amplicon,70,c,NaN
SMN2-Exon7-Amplicon,71,t,NaN
SMN2-Exon7-Amplicon,72,t,NaN
SMN2-Exon7-Amplicon,73,t,NaN
SMN2-Exon7-Amplicon,74,a,NaN
SMN2-Exon7-Amplicon,75,a,NaN
SMN2-Exon7-Amplicon,76,a,NaN
SMN2-Exon7-Amplicon,77,a,NaN
SMN2-Exon7-Amplicon,78,t,NaN
SMN2-Exon7-Amplicon,79,c,NaN
SMN2-Exon7-Amplicon,80,t,NaN
SMN2-Exon7-Amplicon,81,g,NaN
SMN2-Exon7-Amplicon,82,t,NaN
SMN2-Exon7-Amplicon,83,g,NaN
SMN2-Exon7-Amplicon,84,t,NaN
SMN2-Exon7-Amplicon,85,g,NaN
SMN2-Exon7-Amplicon,86,g,NaN
SMN2-Exon7-Amplicon,87,c,NaN
SMN2-Exon7-Amplicon,88,t,NaN
SMN2-Exon7-Amplicon,89,g,NaN
SMN2-Exon7-Amplicon,90,t,NaN
SMN2-Exon7-Amplicon,91,c,NaN
SMN2-Exon7-Amplicon,92,a,NaN
SMN2-Exon7-Amplicon,93,c,NaN
SMN2-Exon7-Amplicon,94,t,NaN
SMN2-Exon7-Amplicon,95,c,NaN
SMN2-Exon7-Amplicon,96,g,NaN
SMN2-Exon7-Amplicon,97,g,NaN
SMN2-Exon7-Amplicon,98,c,NaN
SMN2-Exon7-Amplicon,99,t,NaN
SMN2-Exon7-Amplicon,100,g,NaN
SMN2-Exon7-Amplicon,101,c,NaN
SMN2-Exon7-Amplicon,102,g,NaN
SMN2-Exon7-Amplicon,103,t,NaN
SMN2-Exon7-Amplicon,104,g,NaN
SMN2-Exon7-Amplicon,105,c,NaN
SMN2-Exon7-Amplicon,106,t,NaN
SMN2-Exon7-Amplicon,107,t,NaN
SMN2-Exon7-Amplicon,108,a,NaN
SMN2-Exon7-Amplicon,109,g,NaN
SMN2-Exon7-Amplicon,110,t,NaN
SMN2-Exon7-Amplicon,111,g,NaN
SMN2-Exon7-Amplicon,112,c,NaN
SMN2-Exon7-Amplicon,113,a,NaN
SMN2-Exon7-Amplicon,114,c,NaN
SMN2-Exon7-Amplicon,115,t,NaN
SMN2-Exon7-Amplicon,116,c,NaN
SMN2-Exon7-Amplicon,117,a,NaN
SMN2-Exon7-Amplicon,118,c,NaN
SMN2-Exon7-Amplicon,119,g,NaN
SMN2-Exon7-Amplicon,120,c,NaN
SMN2-Exon7-Amplicon,121,a,NaN
SMN2-Exon7-Amplicon,122,g,NaN
SMN2-Exon7-Amplicon,123,t,NaN
SMN2-Exon7-Amplicon,124,a,NaN
SMN2-Exon7-Amplicon,125,t,NaN
SMN2-Exon7-Amplicon,126,a,NaN
SMN2-Exon7-Amplicon,127,a,NaN
SMN2-Exon7-Amplicon,128,t,NaN
SMN2-Exon7-Amplicon,129,t,NaN
SMN2-Exon7-Amplicon,130,a,NaN
SMN2-Exon7-Amplicon,131,a,NaN
SMN2-Exon7-Amplicon,132,t,NaN
SMN2-Exon7-Amplicon,133,a,NaN
SMN2-Exon7-Amplicon,134,a,NaN
SMN2-Exon7-Amplicon,135,c,NaN
SMN2-Exon7-Amplicon,136,t,NaN
SMN2-Exon7-Amplicon,137,a,NaN
SMN2-Exon7-Amplicon,138,a,NaN
SMN2-Exon7-Amplicon,139,t,NaN
SMN2-Exon7-Amplicon,140,t,NaN
SMN2-Exon7-Amplicon,141,a,NaN
SMN2-Exon7-Amplicon,142,c,NaN
SMN2-Exon7-Amplicon,143,t,NaN
SMN2-Exon7-Amplicon,144,g,NaN
SMN2-Exon7-Amplicon,145,t,NaN
SMN2-Exon7-Amplicon,146,c,NaN
SMN2-Exon7-Amplicon,147,g,NaN
SMN2-Exon7-Amplicon,148,t,NaN
SMN2-Exon7-Amplicon,149,t,NaN
SMN2-Exon7-Amplicon,150,g,NaN
SMN2-Exon7-Amplicon,151,a,NaN
SMN2-Exon7-Amplicon,152,c,NaN
SMN2-Exon7-Amplicon,153,a,NaN
SMN2-Exon7-Amplicon,154,g,NaN
SMN2-Exon7-Amplicon,155,g,NaN
SMN2-Exon7-Amplicon,156,a,NaN
SMN2-Exon7-Amplicon,157,c,NaN
SMN2-Exon7-Amplicon,158,a,NaN
SMN2-Exon7-Amplicon,159,c,NaN
SMN2-Exon7-Amplicon,160,g,NaN
SMN2-Exon7-Amplicon,161,a,NaN
SMN2-Exon7-Amplicon,162,g,NaN
SMN2-Exon7-Amplicon,163,t,NaN
SMN2-Exon7-Amplicon,164,a,NaN
SMN2-Exon7-Amplicon,165,a,NaN
SMN2-Exon7-Amplicon,166,c,NaN
SMN2-Exon7-Amplicon,167,t,NaN
SMN2-Exon7-Amplicon,168,c,NaN
SMN2-Exon7-Amplicon,169,g,NaN
SMN2-Exon7-Amplicon,170,t,NaN
SMN2-Exon7-Amplicon,171,c,NaN
SMN2-Exon7-Amplicon,172,t,NaN
SMN2-Exon7-Amplicon,173,a,NaN
SMN2-Exon7-Amplicon,174,t,NaN
SMN2-Exon7-Amplicon,175,c,NaN
SMN2-Exon7-Amplicon,176,t,NaN
SMN2-Exon7-Amplicon,177,t,NaN
SMN2-Exon7-Amplicon,178,c,NaN
SMN2-Exon7-Amplicon,179,t,NaN
SMN2-Exon7-Amplicon,180,g,NaN
SMN2-Exon7-Amplicon,181,c,NaN
SMN2-Exon7-Amplicon,182,a,NaN
SMN2-Exon7-Amplicon,183,g,NaN
SMN2-Exon7-Amplicon,184,g,NaN
SMN2-Exon7-Amplicon,185,c,NaN
SMN2-Exon7-Amplicon,186,t,NaN
SMN2-Exon7-Amplicon,187,g,NaN
SMN2-Exon7-Amplicon,188,c,NaN
SMN2-Exon7-Amplicon,189,t,NaN
SMN2-Exon7-Amplicon,190,t,NaN
SMN2-Exon7-Amplicon,191,a,NaN
SMN2-Exon7-Amplicon,192,c,NaN
SMN2-Exon7-Amplicon,193,g,NaN
SMN2-Exon7-Amplicon,194,g,NaN
SMN2-Exon7-Amplicon,195,t,NaN
SMN2-Exon7-Amplicon,196,t,NaN
SMN2-Exon7-Amplicon,197,t,NaN
SMN2-Exon7-Amplicon,198,c,NaN
SMN2-Exon7-Amplicon,199,g,NaN
SMN2-Exon7-Amplicon,200,t,NaN
SMN2-Exon7-Amplicon,201,c,NaN
SMN2-Exon7-Amplicon,202,c,NaN
SMN2-Exon7-Amplicon,203,g,NaN
SMN2-Exon7-Amplicon,204,t,NaN
SMN2-Exon7-Amplicon,205,g,NaN
SMN2-Exon7-Amplicon,206,t,NaN
SMN2-Exon7-Amplicon,207,t,NaN
SMN2-Exon7-Amplicon,208,g,NaN
SMN2-Exon7-Amplicon,209,c,NaN
SMN2-Exon7-Amplicon,210,a,NaN
SMN2-Exon7-Amplicon,211,g,NaN
SMN2-Exon7-Amplicon,212,c,NaN
SMN2-Exon7-Amplicon,213,c,NaN
SMN2-Exon7-Amplicon,214,g,NaN
SMN2-Exon7-Amplicon,215,a,NaN
SMN2-Exon7-Amplicon,216,t,NaN
SMN2-Exon7-Amplicon,217,c,NaN
SMN2-Exon7-Amplicon,218,a,NaN
SMN2-Exon7-Amplicon,219,t,NaN
SMN2-Exon7-Amplicon,220,c,NaN
SMN2-Exon7-Amplicon,221,a,NaN
SMN2-Exon7-Amplicon,222,g,NaN
SMN2-Exon7-Amplicon,223,c,NaN
SMN2-Exon7-Amplicon,224,a,NaN
SMN2-Exon7-Amplicon,225,c,NaN
SMN2-Exon7-Amplicon,226,a,NaN
SMN2-Exon7-Amplicon,227,t,NaN
SMN2-Exon7-Amplicon,228,c,NaN
SMN2-Exon7-Amplicon,229,t,NaN
SMN2-Exon7-Amplicon,230,a,NaN
SMN2-Exon7-Amplicon,231,g,NaN
SMN2-Exon7-Amplicon,232,g,NaN
SMN2-Exon7-Amplicon,233,t,NaN
SMN2-Exon7-Amplicon,234,t,NaN
SMN2-Exon7-Amplicon,235,t,NaN
SMN2-Exon7-Amplicon,236,c,NaN
SMN2-Exon7-Amplicon,237,g,NaN
SMN2-Exon7-Amplicon,238,t,NaN
SMN2-Exon7-Amplicon,239,c,NaN
SMN2-Exon7-Amplicon,240,c,NaN
SMN2-Exon7-Amplicon,241,g,NaN
SMN2-Exon7-Amplicon,242,g,NaN
SMN2-Exon7-Amplicon,243,g,NaN
SMN2-Exon7-Amplicon,244,t,NaN
SMN2-Exon7-Amplicon,245,g,NaN
SMN2-Exon7-Amplicon,246,t,NaN
SMN2-Exon7-Amplicon,247,g,NaN
SMN2-Exon7-Amplicon,248,a,NaN
SMN2-Exon7-Amplicon,249,c,NaN
SMN2-Exon7-Amplicon,250,c,NaN
SMN2-Exon7-Amplicon,251,g,NaN
SMN2-Exon7-Amplicon,252,a,NaN
SMN2-Exon7-Amplicon,253,a,NaN
SMN2-Exon7-Amplicon,254,a,NaN
SMN2-Exon7-Amplicon,255,g,NaN
SMN2-Exon7-Amplicon,256,g,NaN
SMN2-Exon7-Amplicon,257,t,NaN
SMN2-Exon7-Amplicon,258,a,NaN
SMN2-Exon7-Amplicon,259,a,NaN
SMN2-Exon7-Amplicon,260,g,NaN
SMN2-Exon7-Amplicon,261,a,NaN
SMN2-Exon7-Amplicon,262,t,NaN
SMN2-Exon7-Amplicon,263,g,NaN
SMN2-Exon7-Amplicon,264,g,NaN
SMN2-Exon7-Amplicon,265,a,NaN
SMN2-Exon7-Amplicon,266,g,NaN
SMN2-Exon7-Amplicon,267,a,NaN
SMN2-Exon7-Amplicon,268,g,NaN
SMN2-Exon7-Amplicon,269,c,NaN
SMN2-Exon7-Amplicon,270,c,NaN
SMN2-Exon7-Amplicon,271,t,NaN
SMN2-Exon7-Amplicon,272,t,NaN
SMN2-Exon7-Amplicon,273,g,NaN
SMN2-Exon7-Amplicon,274,t,NaN
SMN2-Exon7-Amplicon,275,c,NaN
SMN2-Exon7-Amplicon,276,c,NaN
SMN2-Exon7-Amplicon,277,c,NaN
SMN2-Exon7-Amplicon,278,t,NaN
SMN2-Exon7-Amplicon,279,g,NaN
SMN2-Exon7-Amplicon,280,g,NaN
SMN2-Exon7-Amplicon,281,t,NaN
SMN2-Exon7-Amplicon,282,t,NaN
SMN2-Exon7-Amplicon,283,t,NaN
SMN2-Exon7-Amplicon,284,c,NaN
SMN2-Exon7-Amplicon,285,a,NaN
SMN2-Exon7-Amplicon,286,a,NaN
SMN2-Exon7-Amplicon,287,c,NaN
SMN2-Exon7-Amplicon,288,g,NaN
SMN2-Exon7-Amplicon,289,a,NaN
SMN2-Exon7-Amplicon,290,g,NaN
SMN2-Exon7-Amplicon,291,g,NaN
SMN2-Exon7-Amplicon,292,g,NaN
SMN2-Exon7-Amplicon,293,a,NaN
SMN2-Exon7-Amplicon,294,g,NaN
SMN2-Exon7-Amplicon,295,t,NaN
SMN2-Exon7-Amplicon,296,c,NaN
SMN2-Exon7-Amplicon,297,a,NaN
SMN2-Exon7-Amplicon,298,a,NaN
SMN2-Exon7-Amplicon,299,a,NaN
SMN2-Exon7-Amplicon,300,g,NaN
SMN2-Exon7-Amplicon,301,t,NaN
SMN2-Exon7-Amplicon,302,t,NaN
SMN2-Exon7-Amplicon,303,c,NaN
SMN2-Exon7-Amplicon,304,t,NaN
SMN2-Exon7-Amplicon,305,g,NaN
SMN2-Exon7-Amplicon,306,t,NaN
SMN2-Exon7-Amplicon,307,t,NaN
SMN2-Exon7-Amplicon,308,t,NaN
SMN2-Exon7-Amplicon,309,g,NaN
SMN2-Exon7-Amplicon,310,c,NaN
SMN2-Exon7-Amplicon,311,c,NaN
SMN2-Exon7-Amplicon,312,c,NaN
SMN2-Exon7-Amplicon,313,t,NaN
SMN2-Exon7-Amplicon,314,g,NaN
SMN2-Exon7-Amplicon,315,a,NaN
SMN2-Exon7-Amplicon,316,t,NaN
SMN2-Exon7-Amplicon,317,c,NaN
SMN2-Exon7-Amplicon,318,t,NaN
SMN2-Exon7-Amplicon,319,g,NaN
SMN2-Exon7-Amplicon,320,c,NaN
SMN2-Exon7-Amplicon,321,a,NaN
SMN2-Exon7-Amplicon,322,t,NaN
SMN2-Exon7-Amplicon,323,c,NaN
SMN2-Exon7-Amplicon,324,g,NaN
