Region,Position,Ref_base,Mut_percentage
SARS-CoV2-5UTR-Amplicon,1,a,0
SARS-CoV2-5UTR-Amplicon,2,g,0
SARS-CoV2-5UTR-Amplicon,3,g,0
SARS-CoV2-5UTR-Amplicon,4,t,0.0228
SARS-CoV2-5UTR-Amplicon,5,t,0.2492
SARS-CoV2-5UTR-Amplicon,6,t,0.3619
SARS-CoV2-5UTR-Amplicon,7,a,0.2703
SARS-CoV2-5UTR-Amplicon,8,t,0.6191
SARS-CoV2-5UTR-Amplicon,9,a,0.5947
SARS-CoV2-5UTR-Amplicon,10,c,0.5486
SARS-CoV2-5UTR-Amplicon,11,c,0.4376
SARS-CoV2-5UTR-Amplicon,12,t,1.851
SARS-CoV2-5UTR-Amplicon,13,t,0.9136
SARS-CoV2-5UTR-Amplicon,14,c,3.2965
SARS-CoV2-5UTR-Amplicon,15,c,0.801
SARS-CoV2-5UTR-Amplicon,16,c,1.34
SARS-CoV2-5UTR-Amplicon,17,a,0.8509
SARS-CoV2-5UTR-Amplicon,18,g,0.9141
SARS-CoV2-5UTR-Amplicon,19,g,0.4463
SARS-CoV2-5UTR-Amplicon,20,t,1.6359
SARS-CoV2-5UTR-Amplicon,21,a,1.5711
SARS-CoV2-5UTR-Amplicon,22,a,1.0607
SARS-CoV2-5UTR-Amplicon,23,c,1.1229
SARS-CoV2-5UTR-Amplicon,24,a,1.559
SARS-CoV2-5UTR-Amplicon,25,a,0.7682
SARS-CoV2-5UTR-Amplicon,26,a,0.88
SARS-CoV2-5UTR-Amplicon,27,c,1.8342
SARS-CoV2-5UTR-Amplicon,28,c,2.1503
SARS-CoV2-5UTR-Amplicon,29,a,1.1767
SARS-CoV2-5UTR-Amplicon,30,a,0.5786
SARS-CoV2-5UTR-Amplicon,31,c,0.9892
SARS-CoV2-5UTR-Amplicon,32,c,1.8284
SARS-CoV2-5UTR-Amplicon,33,a,1.1188
SARS-CoV2-5UTR-Amplicon,34,a,0.5777
SARS-CoV2-5UTR-Amplicon,35,c,1.4722
SARS-CoV2-5UTR-Amplicon,36,t,2.1039
SARS-CoV2-5UTR-Amplicon,37,t,0.8981
SARS-CoV2-5UTR-Amplicon,38,t,0.9164
SARS-CoV2-5UTR-Amplicon,39,c,3.6107
SARS-CoV2-5UTR-Amplicon,40,g,3.2931
SARS-CoV2-5UTR-Amplicon,41,a,0.9877
SARS-CoV2-5UTR-Amplicon,42,t,2.0669
SARS-CoV2-5UTR-Amplicon,43,c,3.2742
SARS-CoV2-5UTR-Amplicon,44,t,1.8092
SARS-CoV2-5UTR-Amplicon,45,c,2.6494
SARS-CoV2-5UTR-Amplicon,46,t,3.1769
SARS-CoV2-5UTR-Amplicon,47,t,2.3179
SARS-CoV2-5UTR-Amplicon,48,g,1.3321
SARS-CoV2-5UTR-Amplicon,49,t,1.2774
SARS-CoV2-5UTR-Amplicon,50,a,1.3307
SARS-CoV2-5UTR-Amplicon,51,g,2.3692
SARS-CoV2-5UTR-Amplicon,52,a,0.82
SARS-CoV2-5UTR-Amplicon,53,t,1.3846
SARS-CoV2-5UTR-Amplicon,54,c,2.8603
SARS-CoV2-5UTR-Amplicon,55,t,1.4366
SARS-CoV2-5UTR-Amplicon,56,g,2.2537
SARS-CoV2-5UTR-Amplicon,57,t,3.0523
SARS-CoV2-5UTR-Amplicon,58,t,2.6335
SARS-CoV2-5UTR-Amplicon,59,c,3.2867
SARS-CoV2-5UTR-Amplicon,60,t,1.0163
SARS-CoV2-5UTR-Amplicon,61,c,2.7223
SARS-CoV2-5UTR-Amplicon,62,t,2.5204
SARS-CoV2-5UTR-Amplicon,63,a,5.3643
SARS-CoV2-5UTR-Amplicon,64,a,0.3079
SARS-CoV2-5UTR-Amplicon,65,a,0.3985
SARS-CoV2-5UTR-Amplicon,66,c,1.0143
SARS-CoV2-5UTR-Amplicon,67,g,2.8789
SARS-CoV2-5UTR-Amplicon,68,a,0.7242
SARS-CoV2-5UTR-Amplicon,69,a,0.9053
SARS-CoV2-5UTR-Amplicon,70,c,3.2416
SARS-CoV2-5UTR-Amplicon,71,t,1.5023
SARS-CoV2-5UTR-Amplicon,72,t,0.9231
SARS-CoV2-5UTR-Amplicon,73,t,1.0858
SARS-CoV2-5UTR-Amplicon,74,a,2.2271
SARS-CoV2-5UTR-Amplicon,75,a,1.195
SARS-CoV2-5UTR-Amplicon,76,a,1.0864
SARS-CoV2-5UTR-Amplicon,77,a,1.7563
SARS-CoV2-5UTR-Amplicon,78,t,2.2452
SARS-CoV2-5UTR-Amplicon,79,c,2.2814
SARS-CoV2-5UTR-Amplicon,80,t,1.4241
SARS-CoV2-5UTR-Amplicon,81,g,1.9887
SARS-CoV2-5UTR-Amplicon,82,t,1.0035
SARS-CoV2-5UTR-Amplicon,83,g,1.2039
SARS-CoV2-5UTR-Amplicon,84,t,1.5323
SARS-CoV2-5UTR-Amplicon,85,g,1.5867
SARS-CoV2-5UTR-Amplicon,86,g,1.2596
SARS-CoV2-5UTR-Amplicon,87,c,2.1137
SARS-CoV2-5UTR-Amplicon,88,t,1.6946
SARS-CoV2-5UTR-Amplicon,89,g,1.3884
SARS-CoV2-5UTR-Amplicon,90,t,1.6807
SARS-CoV2-5UTR-Amplicon,91,c,2.1374
SARS-CoV2-5UTR-Amplicon,92,a,2.2835
SARS-CoV2-5UTR-Amplicon,93,c,2.5064
SARS-CoV2-5UTR-Amplicon,94,t,1.7011
SARS-CoV2-5UTR-Amplicon,95,c,3.2081
SARS-CoV2-5UTR-Amplicon,96,g,2.4019
SARS-CoV2-5UTR-Amplicon,97,g,1.6868
SARS-CoV2-5UTR-Amplicon,98,c,2.1628
SARS-CoV2-5UTR-Amplicon,99,t,1.5471
SARS-CoV2-5UTR-Amplicon,100,g,2.3853
SARS-CoV2-5UTR-Amplicon,101,c,2.9331
SARS-CoV2-5UTR-Amplicon,102,g,2.6436
SARS-CoV2-5UTR-Amplicon,103,t,1.4392
SARS-CoV2-5UTR-Amplicon,104,g,2.6421
SARS-CoV2-5UTR-Amplicon,105,c,3.207
SARS-CoV2-5UTR-Amplicon,106,t,2.7874
SARS-CoV2-5UTR-Amplicon,107,t,3.1694
SARS-CoV2-5UTR-Amplicon,108,a,1.7304
SARS-CoV2-5UTR-Amplicon,109,g,1.3479
SARS-CoV2-5UTR-Amplicon,110,t,1.4026
SARS-CoV2-5UTR-Amplicon,111,g,1.3294
SARS-CoV2-5UTR-Amplicon,112,c,1.5483
SARS-CoV2-5UTR-Amplicon,113,a,1.0931
SARS-CoV2-5UTR-Amplicon,114,c,1.3659
SARS-CoV2-5UTR-Amplicon,115,t,1.0561
SARS-CoV2-5UTR-Amplicon,116,c,1.5833
SARS-CoV2-5UTR-Amplicon,117,a,1.2375
SARS-CoV2-5UTR-Amplicon,118,c,1.1281
SARS-CoV2-5UTR-Amplicon,119,g,1.0911
SARS-CoV2-5UTR-Amplicon,120,c,1.473
SARS-CoV2-5UTR-Amplicon,121,a,1.2004
SARS-CoV2-5UTR-Amplicon,122,g,1.2716
SARS-CoV2-5UTR-Amplicon,123,t,1.3155
SARS-CoV2-5UTR-Amplicon,124,a,1.1144
SARS-CoV2-5UTR-Amplicon,125,t,0.8521
SARS-CoV2-5UTR-Amplicon,126,a,0.7797
SARS-CoV2-5UTR-Amplicon,127,a,0.5985
SARS-CoV2-5UTR-Amplicon,128,t,0.8885
SARS-CoV2-5UTR-Amplicon,129,t,0.9973
SARS-CoV2-5UTR-Amplicon,130,a,0.6708
SARS-CoV2-5UTR-Amplicon,131,a,1.0334
SARS-CoV2-5UTR-Amplicon,132,t,0.4714
SARS-CoV2-5UTR-Amplicon,133,a,0.9971
SARS-CoV2-5UTR-Amplicon,134,a,0.6165
SARS-CoV2-5UTR-Amplicon,135,c,1.2874
SARS-CoV2-5UTR-Amplicon,136,t,1.2149
SARS-CoV2-5UTR-Amplicon,137,a,0.8161
SARS-CoV2-5UTR-Amplicon,138,a,0.5985
SARS-CoV2-5UTR-Amplicon,139,t,0.6526
SARS-CoV2-5UTR-Amplicon,140,t,0.7248
SARS-CoV2-5UTR-Amplicon,141,a,1.1053
SARS-CoV2-5UTR-Amplicon,142,c,1.5574
SARS-CoV2-5UTR-Amplicon,143,t,1.2312
SARS-CoV2-5UTR-Amplicon,144,g,1.3034
SARS-CoV2-5UTR-Amplicon,145,t,0.8326
SARS-CoV2-5UTR-Amplicon,146,c,1.8458
SARS-CoV2-5UTR-Amplicon,147,g,1.8649
SARS-CoV2-5UTR-Amplicon,148,t,1.086
SARS-CoV2-5UTR-Amplicon,149,t,1.0456
SARS-CoV2-5UTR-Amplicon,150,g,2.1081
SARS-CoV2-5UTR-Amplicon,151,a,1.2435
SARS-CoV2-5UTR-Amplicon,152,c,1.5925
SARS-CoV2-5UTR-Amplicon,153,a,1.7557
SARS-CoV2-5UTR-Amplicon,154,g,2.7858
SARS-CoV2-5UTR-Amplicon,155,g,2.1203
SARS-CoV2-5UTR-Amplicon,156,a,2.1388
SARS-CoV2-5UTR-Amplicon,157,c,2.592
SARS-CoV2-5UTR-Amplicon,158,a,2.2937
SARS-CoV2-5UTR-Amplicon,159,c,1.6615
SARS-CoV2-5UTR-Amplicon,160,g,3.901
SARS-CoV2-5UTR-Amplicon,161,a,3.1422
SARS-CoV2-5UTR-Amplicon,162,g,1.6432
SARS-CoV2-5UTR-Amplicon,163,t,1.8224
SARS-CoV2-5UTR-Amplicon,164,a,2.483
SARS-CoV2-5UTR-Amplicon,165,a,1.2681
SARS-CoV2-5UTR-Amplicon,166,c,2.0539
SARS-CoV2-5UTR-Amplicon,167,t,1.1956
SARS-CoV2-5UTR-Amplicon,168,c,2.4273
SARS-CoV2-5UTR-Amplicon,169,g,1.6601
SARS-CoV2-5UTR-Amplicon,170,t,1.6236
SARS-CoV2-5UTR-Amplicon,171,c,2.8908
SARS-CoV2-5UTR-Amplicon,172,t,3.1585
SARS-CoV2-5UTR-Amplicon,173,a,2.9811
SARS-CoV2-5UTR-Amplicon,174,t,2.0157
SARS-CoV2-5UTR-Amplicon,175,c,3.3898
SARS-CoV2-5UTR-Amplicon,176,t,2.2837
SARS-CoV2-5UTR-Amplicon,177,t,1.5168
SARS-CoV2-5UTR-Amplicon,178,c,2.0525
SARS-CoV2-5UTR-Amplicon,179,t,1.4816
SARS-CoV2-5UTR-Amplicon,180,g,2.7664
SARS-CoV2-5UTR-Amplicon,181,c,2.7317
SARS-CoV2-5UTR-Amplicon,182,a,1.7509
SARS-CoV2-5UTR-Amplicon,183,g,1.4007
SARS-CoV2-5UTR-Amplicon,184,g,0.9929
SARS-CoV2-5UTR-Amplicon,185,c,1.6143
SARS-CoV2-5UTR-Amplicon,186,t,2.0216
SARS-CoV2-5UTR-Amplicon,187,g,2.1114
SARS-CoV2-5UTR-Amplicon,188,c,1.6678
SARS-CoV2-5UTR-Amplicon,189,t,4.3548
SARS-CoV2-5UTR-Amplicon,190,t,2.0796
SARS-CoV2-5UTR-Amplicon,191,a,2.1863
SARS-CoV2-5UTR-Amplicon,192,c,1.6708
SARS-CoV2-5UTR-Amplicon,193,g,2.4173
SARS-CoV2-5UTR-Amplicon,194,g,1.8831
SARS-CoV2-5UTR-Amplicon,195,t,2.15
SARS-CoV2-5UTR-Amplicon,196,t,1.226
SARS-CoV2-5UTR-Amplicon,197,t,1.2784
SARS-CoV2-5UTR-Amplicon,198,c,3.0889
SARS-CoV2-5UTR-Amplicon,199,g,2.0423
SARS-CoV2-5UTR-Amplicon,200,t,1.5811
SARS-CoV2-5UTR-Amplicon,201,c,2.6292
SARS-CoV2-5UTR-Amplicon,202,c,2.7363
SARS-CoV2-5UTR-Amplicon,203,g,1.8479
SARS-CoV2-5UTR-Amplicon,204,t,3.0556
SARS-CoV2-5UTR-Amplicon,205,g,1.5273
SARS-CoV2-5UTR-Amplicon,206,t,1.3849
SARS-CoV2-5UTR-Amplicon,207,t,1.6327
SARS-CoV2-5UTR-Amplicon,208,g,1.4391
SARS-CoV2-5UTR-Amplicon,209,c,1.8957
SARS-CoV2-5UTR-Amplicon,210,a,1.0883
SARS-CoV2-5UTR-Amplicon,211,g,1.3518
SARS-CoV2-5UTR-Amplicon,212,c,1.5801
SARS-CoV2-5UTR-Amplicon,213,c,1.2818
SARS-CoV2-5UTR-Amplicon,214,g,2.7612
SARS-CoV2-5UTR-Amplicon,215,a,1.2839
SARS-CoV2-5UTR-Amplicon,216,t,1.3723
SARS-CoV2-5UTR-Amplicon,217,c,2.4107
SARS-CoV2-5UTR-Amplicon,218,a,4.0472
SARS-CoV2-5UTR-Amplicon,219,t,0.915
SARS-CoV2-5UTR-Amplicon,220,c,3.4677
SARS-CoV2-5UTR-Amplicon,221,a,6.2665
SARS-CoV2-5UTR-Amplicon,222,g,5.1751
SARS-CoV2-5UTR-Amplicon,223,c,2.4111
SARS-CoV2-5UTR-Amplicon,224,a,3.6261
SARS-CoV2-5UTR-Amplicon,225,c,1.5801
SARS-CoV2-5UTR-Amplicon,226,a,3.1596
SARS-CoV2-5UTR-Amplicon,227,t,1.8792
SARS-CoV2-5UTR-Amplicon,228,c,2.8622
SARS-CoV2-5UTR-Amplicon,229,t,2.4497
SARS-CoV2-5UTR-Amplicon,230,a,2.7997
SARS-CoV2-5UTR-Amplicon,231,g,2.9226
SARS-CoV2-5UTR-Amplicon,232,g,2.8346
SARS-CoV2-5UTR-Amplicon,233,t,2.9637
SARS-CoV2-5UTR-Amplicon,234,t,2.4237
SARS-CoV2-5UTR-Amplicon,235,t,2.5637
SARS-CoV2-5UTR-Amplicon,236,c,3.3136
SARS-CoV2-5UTR-Amplicon,237,g,2.1618
SARS-CoV2-5UTR-Amplicon,238,t,1.361
SARS-CoV2-5UTR-Amplicon,239,c,3.2669
SARS-CoV2-5UTR-Amplicon,240,c,3.1835
SARS-CoV2-5UTR-Amplicon,241,g,3.3071
SARS-CoV2-5UTR-Amplicon,242,g,2.0537
SARS-CoV2-5UTR-Amplicon,243,g,2.3186
SARS-CoV2-5UTR-Amplicon,244,t,2.5049
SARS-CoV2-5UTR-Amplicon,245,g,1.3506
SARS-CoV2-5UTR-Amplicon,246,t,1.5817
SARS-CoV2-5UTR-Amplicon,247,g,3.9637
SARS-CoV2-5UTR-Amplicon,248,a,1.9939
SARS-CoV2-5UTR-Amplicon,249,c,1.8875
SARS-CoV2-5UTR-Amplicon,250,c,1.8446
SARS-CoV2-5UTR-Amplicon,251,g,2.7132
SARS-CoV2-5UTR-Amplicon,252,a,2.7842
SARS-CoV2-5UTR-Amplicon,253,a,1.5251
SARS-CoV2-5UTR-Amplicon,254,a,2.128
SARS-CoV2-5UTR-Amplicon,255,g,2.3602
SARS-CoV2-5UTR-Amplicon,256,g,2.0767
SARS-CoV2-5UTR-Amplicon,257,t,2.6619
SARS-CoV2-5UTR-Amplicon,258,a,3.6919
SARS-CoV2-5UTR-Amplicon,259,a,2.7094
SARS-CoV2-5UTR-Amplicon,260,g,2.8334
SARS-CoV2-5UTR-Amplicon,261,a,2.4606
SARS-CoV2-5UTR-Amplicon,262,t,1.7702
SARS-CoV2-5UTR-Amplicon,263,g,3.0276
SARS-CoV2-5UTR-Amplicon,264,g,2.0903
SARS-CoV2-5UTR-Amplicon,265,a,1.3109
SARS-CoV2-5UTR-Amplicon,266,g,2.1612
SARS-CoV2-5UTR-Amplicon,267,a,1.2578
SARS-CoV2-5UTR-Amplicon,268,g,2.2602
SARS-CoV2-5UTR-Amplicon,269,c,2.1538
SARS-CoV2-5UTR-Amplicon,270,c,1.9761
SARS-CoV2-5UTR-Amplicon,271,t,2.5102
SARS-CoV2-5UTR-Amplicon,272,t,1.2645
SARS-CoV2-5UTR-Amplicon,273,g,1.5494
SARS-CoV2-5UTR-Amplicon,274,t,1.7266
SARS-CoV2-5UTR-Amplicon,275,c,5.4477
SARS-CoV2-5UTR-Amplicon,276,c,1.7625
SARS-CoV2-5UTR-Amplicon,277,c,2.2084
SARS-CoV2-5UTR-Amplicon,278,t,2.565
SARS-CoV2-5UTR-Amplicon,279,g,5.8289
SARS-CoV2-5UTR-Amplicon,280,g,2.6569
SARS-CoV2-5UTR-Amplicon,281,t,2.2111
SARS-CoV2-5UTR-Amplicon,282,t,1.3909
SARS-CoV2-5UTR-Amplicon,283,t,2.4973
SARS-CoV2-5UTR-Amplicon,284,c,4.0314
SARS-CoV2-5UTR-Amplicon,285,a,2.4264
SARS-CoV2-5UTR-Amplicon,286,a,1.1599
SARS-CoV2-5UTR-Amplicon,287,c,1.1601
SARS-CoV2-5UTR-Amplicon,288,g,2.6959
SARS-CoV2-5UTR-Amplicon,289,a,1.4952
SARS-CoV2-5UTR-Amplicon,290,g,2.7211
SARS-CoV2-5UTR-Amplicon,291,g,1.8807
SARS-CoV2-5UTR-Amplicon,292,g,2.043
SARS-CoV2-5UTR-Amplicon,293,a,1.6335
SARS-CoV2-5UTR-Amplicon,294,g,2.9903
SARS-CoV2-5UTR-Amplicon,295,t,2.4592
SARS-CoV2-5UTR-Amplicon,296,c,4.921
SARS-CoV2-5UTR-Amplicon,297,a,5.9548
SARS-CoV2-5UTR-Amplicon,298,a,3.0509
SARS-CoV2-5UTR-Amplicon,299,a,3.4749
SARS-CoV2-5UTR-Amplicon,300,g,3.6267
SARS-CoV2-5UTR-Amplicon,301,t,5.0985
SARS-CoV2-5UTR-Amplicon,302,t,5.1876
SARS-CoV2-5UTR-Amplicon,303,c,2.7236
SARS-CoV2-5UTR-Amplicon,304,t,2.3932
SARS-CoV2-5UTR-Amplicon,305,g,2.1014
SARS-CoV2-5UTR-Amplicon,306,t,5.7891
SARS-CoV2-5UTR-Amplicon,307,t,1.2357
SARS-CoV2-5UTR-Amplicon,308,t,1.6605
SARS-CoV2-5UTR-Amplicon,309,g,1.719
SARS-CoV2-5UTR-Amplicon,310,c,2.5356
SARS-CoV2-5UTR-Amplicon,311,c,1.018
SARS-CoV2-5UTR-Amplicon,312,c,1.6855
SARS-CoV2-5UTR-Amplicon,313,t,1.3706
SARS-CoV2-5UTR-Amplicon,314,g,1.6314
SARS-CoV2-5UTR-Amplicon,315,a,0.853
SARS-CoV2-5UTR-Amplicon,316,t,1.4278
SARS-CoV2-5UTR-Amplicon,317,c,1.7619
SARS-CoV2-5UTR-Amplicon,318,t,1.4842
SARS-CoV2-5UTR-Amplicon,319,g,2.2461
SARS-CoV2-5UTR-Amplicon,320,c,1.5599
SARS-CoV2-5UTR-Amplicon,321,a,2.4331
SARS-CoV2-5UTR-Amplicon,322,t,0.6873
SARS-CoV2-5UTR-Amplicon,323,c,2.1925
SARS-CoV2-5UTR-Amplicon,324,g,1.2895
SARS-CoV2-5UTR-Amplicon,325,c,1.9406
SARS-CoV2-5UTR-Amplicon,326,t,1.5426
SARS-CoV2-5UTR-Amplicon,327,g,1.8473
SARS-CoV2-5UTR-Amplicon,328,t,1.3148
SARS-CoV2-5UTR-Amplicon,329,g,1.1816
SARS-CoV2-5UTR-Amplicon,330,g,0.8959
SARS-CoV2-5UTR-Amplicon,331,c,1.106
SARS-CoV2-5UTR-Amplicon,332,c,1.3735
SARS-CoV2-5UTR-Amplicon,333,g,2.8446
SARS-CoV2-5UTR-Amplicon,334,a,2.0046
SARS-CoV2-5UTR-Amplicon,335,g,1.3366
SARS-CoV2-5UTR-Amplicon,336,g,1.11
SARS-CoV2-5UTR-Amplicon,337,c,1.4187
SARS-CoV2-5UTR-Amplicon,338,c,1.7609
SARS-CoV2-5UTR-Amplicon,339,a,2.4672
SARS-CoV2-5UTR-Amplicon,340,a,1.279
SARS-CoV2-5UTR-Amplicon,341,g,1.1395
SARS-CoV2-5UTR-Amplicon,342,c,1.8407
SARS-CoV2-5UTR-Amplicon,343,c,1.3811
SARS-CoV2-5UTR-Amplicon,344,c,1.5493
SARS-CoV2-5UTR-Amplicon,345,a,1.8163
SARS-CoV2-5UTR-Amplicon,346,c,2.3498
SARS-CoV2-5UTR-Amplicon,347,c,1.7832
SARS-CoV2-5UTR-Amplicon,348,g,2.9581
SARS-CoV2-5UTR-Amplicon,349,a,2.611
SARS-CoV2-5UTR-Amplicon,350,g,2.435
SARS-CoV2-5UTR-Amplicon,351,a,3.8525
SARS-CoV2-5UTR-Amplicon,352,a,1.8269
SARS-CoV2-5UTR-Amplicon,353,c,1.6428
SARS-CoV2-5UTR-Amplicon,354,a,2.4395
SARS-CoV2-5UTR-Amplicon,355,a,0.5429
SARS-CoV2-5UTR-Amplicon,356,c,0.8994
SARS-CoV2-5UTR-Amplicon,357,g,2.7277
SARS-CoV2-5UTR-Amplicon,358,a,0.9448
SARS-CoV2-5UTR-Amplicon,359,a,0.6524
SARS-CoV2-5UTR-Amplicon,360,g,1.3728
SARS-CoV2-5UTR-Amplicon,361,a,1.0375
SARS-CoV2-5UTR-Amplicon,362,c,0.7634
SARS-CoV2-5UTR-Amplicon,363,t,1.8051
SARS-CoV2-5UTR-Amplicon,364,t,0.746
SARS-CoV2-5UTR-Amplicon,365,c,0.6209
SARS-CoV2-5UTR-Amplicon,366,a,1.6199
SARS-CoV2-5UTR-Amplicon,367,a,0.26
SARS-CoV2-5UTR-Amplicon,368,c,0.4825
SARS-CoV2-5UTR-Amplicon,369,a,1.2335
SARS-CoV2-5UTR-Amplicon,370,t,0.309
SARS-CoV2-5UTR-Amplicon,371,c,0.3126
SARS-CoV2-5UTR-Amplicon,372,g,0.2242
SARS-CoV2-5UTR-Amplicon,373,t,0.1799
SARS-CoV2-5UTR-Amplicon,374,g,0.3867
SARS-CoV2-5UTR-Amplicon,375,g,0
SARS-CoV2-5UTR-Amplicon,376,c,0
SARS-CoV2-5UTR-Amplicon,377,c,0
SARS-CoV2-5UTR-Amplicon,378,g,0
SMN2-Exon7-Amplicon,1,a,NaN
SMN2-Exon7-Amplicon,2,g,NaN
SMN2-Exon7-Amplicon,3,g,NaN
SMN2-Exon7-Amplicon,4,t,NaN
SMN2-Exon7-Amplicon,5,t,NaN
SMN2-Exon7-Amplicon,6,t,NaN
SMN2-Exon7-Amplicon,7,a,NaN
SMN2-Exon7-Amplicon,8,t,NaN
SMN2-Exon7-Amplicon,9,a,NaN
SMN2-Exon7-Amplicon,10,c,NaN
SMN2-Exon7-Amplicon,11,c,NaN
SMN2-Exon7-Amplicon,12,t,NaN
SMN2-Exon7-Amplicon,13,t,NaN
SMN2-Exon7-Amplicon,14,c,NaN
SMN2-Exon7-Amplicon,15,c,NaN
SMN2-Exon7-Amplicon,16,c,NaN
SMN2-Exon7-Amplicon,17,a,NaN
SMN2-Exon7-Amplicon,18,g,NaN
SMN2-Exon7-Amplicon,19,g,NaN
SMN2-Exon7-Amplicon,20,t,NaN
SMN2-Exon7-Amplicon,21,a,NaN
SMN2-Exon7-Amplicon,22,a,NaN
SMN2-Exon7-Amplicon,23,c,NaN
SMN2-Exon7-Amplicon,24,a,NaN
SMN2-Exon7-Amplicon,25,a,NaN
SMN2-Exon7-Amplicon,26,a,NaN
SMN2-Exon7-Amplicon,27,c,NaN
SMN2-Exon7-Amplicon,28,c,NaN
SMN2-Exon7-Amplicon,29,a,NaN
SMN2-Exon7-Amplicon,30,a,NaN
SMN2-Exon7-Amplicon,31,c,NaN
SMN2-Exon7-Amplicon,32,c,NaN
SMN2-Exon7-Amplicon,33,a,NaN
SMN2-Exon7-Amplicon,34,a,NaN
SMN2-Exon7-Amplicon,35,c,NaN
SMN2-Exon7-Amplicon,36,t,NaN
SMN2-Exon7-Amplicon,37,t,NaN
SMN2-Exon7-Amplicon,38,t,NaN
SMN2-Exon7-Amplicon,39,c,NaN
SMN2-Exon7-Amplicon,40,g,NaN
SMN2-Exon7-Amplicon,41,a,NaN
SMN2-Exon7-Amplicon,42,t,NaN
SMN2-Exon7-Amplicon,43,c,NaN
SMN2-Exon7-Amplicon,44,t,NaN
SMN2-Exon7-Amplicon,45,c,NaN
SMN2-Exon7-Amplicon,46,t,NaN
SMN2-Exon7-Amplicon,47,t,NaN
SMN2-Exon7-Amplicon,48,g,NaN
SMN2-Exon7-Amplicon,49,t,NaN
SMN2-Exon7-Amplicon,50,a,NaN
SMN2-Exon7-Amplicon,51,g,NaN
SMN2-Exon7-Amplicon,52,a,NaN
SMN2-Exon7-Amplicon,53,t,NaN
SMN2-Exon7-Amplicon,54,c,NaN
SMN2-Exon7-Amplicon,55,t,NaN
SMN2-Exon7-Amplicon,56,g,NaN
SMN2-Exon7-Amplicon,57,t,NaN
SMN2-Exon7-Amplicon,58,t,NaN
SMN2-Exon7-Amplicon,59,c,NaN
SMN2-Exon7-Amplicon,60,t,NaN
SMN2-Exon7-Amplicon,61,c,NaN
SMN2-Exon7-Amplicon,62,t,NaN
SMN2-Exon7-Amplicon,63,a,NaN
SMN2-Exon7-Amplicon,64,a,NaN
SMN2-Exon7-Amplicon,65,a,NaN
SMN2-Exon7-Amplicon,66,c,NaN
SMN2-Exon7-Amplicon,67,g,NaN
SMN2-Exon7-Amplicon,68,a,NaN
SMN2-Exon7-Amplicon,69,a,NaN
SMN2-Exon7-Amplicon,70,c,NaN
SMN2-Exon7-Amplicon,71,t,NaN
SMN2-Exon7-Amplicon,72,t,NaN
SMN2-Exon7-Amplicon,73,t,NaN
SMN2-Exon7-Amplicon,74,a,NaN
SMN2-Exon7-Amplicon,75,a,NaN
SMN2-Exon7-Amplicon,76,a,NaN
SMN2-Exon7-Amplicon,77,a,NaN
SMN2-Exon7-Amplicon,78,t,NaN
SMN2-Exon7-Amplicon,79,c,NaN
SMN2-Exon7-Amplicon,80,t,NaN
SMN2-Exon7-Amplicon,81,g,NaN
SMN2-Exon7-Amplicon,82,t,NaN
SMN2-Exon7-Amplicon,83,g,NaN
SMN2-Exon7-Amplicon,84,t,NaN
SMN2-Exon7-Amplicon,85,g,NaN
SMN2-Exon7-Amplicon,86,g,NaN
SMN2-Exon7-Amplicon,87,c,NaN
SMN2-Exon7-Amplicon,88,t,NaN
SMN2-Exon7-Amplicon,89,g,NaN
SMN2-Exon7-Amplicon,90,t,NaN
SMN2-Exon7-Amplicon,91,c,NaN
SMN2-Exon7-Amplicon,92,a,NaN
SMN2-Exon7-Amplicon,93,c,NaN
SMN2-Exon7-Amplicon,94,t,NaN
SMN2-Exon7-Amplicon,95,c,NaN
SMN2-Exon7-Amplicon,96,g,NaN
SMN2-Exon7-Amplicon,97,g,NaN
SMN2-Exon7-Amplicon,98,c,NaN
SMN2-Exon7-Amplicon,99,t,NaN
SMN2-Exon7-Amplicon,100,g,NaN
SMN2-Exon7-Amplicon,101,c,NaN
SMN2-Exon7-Amplicon,102,g,NaN
SMN2-Exon7-Amplicon,103,t,NaN
SMN2-Exon7-Amplicon,104,g,NaN
SMN2-Exon7-Amplicon,105,c,NaN
SMN2-Exon7-Amplicon,106,t,NaN
SMN2-Exon7-Amplicon,107,t,NaN
SMN2-Exon7-Amplicon,108,a,NaN
SMN2-Exon7-Amplicon,109,g,NaN
SMN2-Exon7-Amplicon,110,t,NaN
SMN2-Exon7-Amplicon,111,g,NaN
SMN2-Exon7-Amplicon,112,c,NaN
SMN2-Exon7-Amplicon,113,a,NaN
SMN2-Exon7-Amplicon,114,c,NaN
SMN2-Exon7-Amplicon,115,t,NaN
SMN2-Exon7-Amplicon,116,c,NaN
SMN2-Exon7-Amplicon,117,a,NaN
SMN2-Exon7-Amplicon,118,c,NaN
SMN2-Exon7-Amplicon,119,g,NaN
SMN2-Exon7-Amplicon,120,c,NaN
SMN2-Exon7-Amplicon,121,a,NaN
SMN2-Exon7-Amplicon,122,g,NaN
SMN2-Exon7-Amplicon,123,t,NaN
SMN2-Exon7-Amplicon,124,a,NaN
SMN2-Exon7-Amplicon,125,t,NaN
SMN2-Exon7-Amplicon,126,a,NaN
SMN2-Exon7-Amplicon,127,a,NaN
SMN2-Exon7-Amplicon,128,t,NaN
SMN2-Exon7-Amplicon,129,t,NaN
SMN2-Exon7-Amplicon,130,a,NaN
SMN2-Exon7-Amplicon,131,a,NaN
SMN2-Exon7-Amplicon,132,t,NaN
SMN2-Exon7-Amplicon,133,a,NaN
SMN2-Exon7-Amplicon,134,a,NaN
SMN2-Exon7-Amplicon,135,c,NaN
SMN2-Exon7-Amplicon,136,t,NaN
SMN2-Exon7-Amplicon,137,a,NaN
SMN2-Exon7-Amplicon,138,a,NaN
SMN2-Exon7-Amplicon,139,t,NaN
SMN2-Exon7-Amplicon,140,t,NaN
SMN2-Exon7-Amplicon,141,a,NaN
SMN2-Exon7-Amplicon,142,c,NaN
SMN2-Exon7-Amplicon,143,t,NaN
SMN2-Exon7-Amplicon,144,g,NaN
SMN2-Exon7-Amplicon,145,t,NaN
SMN2-Exon7-Amplicon,146,c,NaN
SMN2-Exon7-Amplicon,147,g,NaN
SMN2-Exon7-Amplicon,148,t,NaN
SMN2-Exon7-Amplicon,149,t,NaN
SMN2-Exon7-Amplicon,150,g,NaN
SMN2-Exon7-Amplicon,151,a,NaN
SMN2-Exon7-Amplicon,152,c,NaN
SMN2-Exon7-Amplicon,153,a,NaN
SMN2-Exon7-Amplicon,154,g,NaN
SMN2-Exon7-Amplicon,155,g,NaN
SMN2-Exon7-Amplicon,156,a,NaN
SMN2-Exon7-Amplicon,157,c,NaN
SMN2-Exon7-Amplicon,158,a,NaN
SMN2-Exon7-Amplicon,159,c,NaN
SMN2-Exon7-Amplicon,160,g,NaN
SMN2-Exon7-Amplicon,161,a,NaN
SMN2-Exon7-Amplicon,162,g,NaN
SMN2-Exon7-Amplicon,163,t,NaN
SMN2-Exon7-Amplicon,164,a,NaN
SMN2-Exon7-Amplicon,165,a,NaN
SMN2-Exon7-Amplicon,166,c,NaN
SMN2-Exon7-Amplicon,167,t,NaN
SMN2-Exon7-Amplicon,168,c,NaN
SMN2-Exon7-Amplicon,169,g,NaN
SMN2-Exon7-Amplicon,170,t,NaN
SMN2-Exon7-Amplicon,171,c,NaN
SMN2-Exon7-Amplicon,172,t,NaN
SMN2-Exon7-Amplicon,173,a,NaN
SMN2-Exon7-Amplicon,174,t,NaN
SMN2-Exon7-Amplicon,175,c,NaN
SMN2-Exon7-Amplicon,176,t,NaN
SMN2-Exon7-Amplicon,177,t,NaN
SMN2-Exon7-Amplicon,178,c,NaN
SMN2-Exon7-Amplicon,179,t,NaN
SMN2-Exon7-Amplicon,180,g,NaN
SMN2-Exon7-Amplicon,181,c,NaN
SMN2-Exon7-Amplicon,182,a,NaN
SMN2-Exon7-Amplicon,183,g,NaN
SMN2-Exon7-Amplicon,184,g,NaN
SMN2-Exon7-Amplicon,185,c,NaN
SMN2-Exon7-Amplicon,186,t,NaN
SMN2-Exon7-Amplicon,187,g,NaN
SMN2-Exon7-Amplicon,188,c,NaN
SMN2-Exon7-Amplicon,189,t,NaN
SMN2-Exon7-Amplicon,190,t,NaN
SMN2-Exon7-Amplicon,191,a,NaN
SMN2-Exon7-Amplicon,192,c,NaN
SMN2-Exon7-Amplicon,193,g,NaN
SMN2-Exon7-Amplicon,194,g,NaN
SMN2-Exon7-Amplicon,195,t,NaN
SMN2-Exon7-Amplicon,196,t,NaN
SMN2-Exon7-Amplicon,197,t,NaN
SMN2-Exon7-Amplicon,198,c,NaN
SMN2-Exon7-Amplicon,199,g,NaN
SMN2-Exon7-Amplicon,200,t,NaN
SMN2-Exon7-Amplicon,201,c,NaN
SMN2-Exon7-Amplicon,202,c,NaN
SMN2-Exon7-Amplicon,203,g,NaN
SMN2-Exon7-Amplicon,204,t,NaN
SMN2-Exon7-Amplicon,205,g,NaN
SMN2-Exon7-Amplicon,206,t,NaN
SMN2-Exon7-Amplicon,207,t,NaN
SMN2-Exon7-Amplicon,208,g,NaN
SMN2-Exon7-Amplicon,209,c,NaN
SMN2-Exon7-Amplicon,210,a,NaN
SMN2-Exon7-Amplicon,211,g,NaN
SMN2-Exon7-Amplicon,212,c,NaN
SMN2-Exon7-Amplicon,213,c,NaN
SMN2-Exon7-Amplicon,214,g,NaN
SMN2-Exon7-Amplicon,215,a,NaN
SMN2-Exon7-Amplicon,216,t,NaN
SMN2-Exon7-Amplicon,217,c,NaN
SMN2-Exon7-Amplicon,218,a,NaN
SMN2-Exon7-Amplicon,219,t,NaN
SMN2-Exon7-Amplicon,220,c,NaN
SMN2-Exon7-Amplicon,221,a,NaN
SMN2-Exon7-Amplicon,222,g,NaN
SMN2-Exon7-Amplicon,223,c,NaN
SMN2-Exon7-Amplicon,224,a,NaN
SMN2-Exon7-Amplicon,225,c,NaN
SMN2-Exon7-Amplicon,226,a,NaN
SMN2-Exon7-Amplicon,227,t,NaN
SMN2-Exon7-Amplicon,228,c,NaN
SMN2-Exon7-Amplicon,229,t,NaN
SMN2-Exon7-Amplicon,230,a,NaN
SMN2-Exon7-Amplicon,231,g,NaN
SMN2-Exon7-Amplicon,232,g,NaN
SMN2-Exon7-Amplicon,233,t,NaN
SMN2-Exon7-Amplicon,234,t,NaN
SMN2-Exon7-Amplicon,235,t,NaN
SMN2-Exon7-Amplicon,236,c,NaN
SMN2-Exon7-Amplicon,237,g,NaN
SMN2-Exon7-Amplicon,238,t,NaN
SMN2-Exon7-Amplicon,239,c,NaN
SMN2-Exon7-Amplicon,240,c,NaN
SMN2-Exon7-Amplicon,241,g,NaN
SMN2-Exon7-Amplicon,242,g,NaN
SMN2-Exon7-Amplicon,243,g,NaN
SMN2-Exon7-Amplicon,244,t,NaN
SMN2-Exon7-Amplicon,245,g,NaN
SMN2-Exon7-Amplicon,246,t,NaN
SMN2-Exon7-Amplicon,247,g,NaN
SMN2-Exon7-Amplicon,248,a,NaN
SMN2-Exon7-Amplicon,249,c,NaN
SMN2-Exon7-Amplicon,250,c,NaN
SMN2-Exon7-Amplicon,251,g,NaN
SMN2-Exon7-Amplicon,252,a,NaN
SMN2-Exon7-Amplicon,253,a,NaN
SMN2-Exon7-Amplicon,254,a,NaN
SMN2-Exon7-Amplicon,255,g,NaN
SMN2-Exon7-Amplicon,256,g,NaN
SMN2-Exon7-Amplicon,257,t,NaN
SMN2-Exon7-Amplicon,258,a,NaN
SMN2-Exon7-Amplicon,259,a,NaN
SMN2-Exon7-Amplicon,260,g,NaN
SMN2-Exon7-Amplicon,261,a,NaN
SMN2-Exon7-Amplicon,262,t,NaN
SMN2-Exon7-Amplicon,263,g,NaN
SMN2-Exon7-Amplicon,264,g,NaN
SMN2-Exon7-Amplicon,265,a,NaN
SMN2-Exon7-Amplicon,266,g,NaN
SMN2-Exon7-Amplicon,267,a,NaN
SMN2-Exon7-Amplicon,268,g,NaN
SMN2-Exon7-Amplicon,269,c,NaN
SMN2-Exon7-Amplicon,270,c,NaN
SMN2-Exon7-Amplicon,271,t,NaN
SMN2-Exon7-Amplicon,272,t,NaN
SMN2-Exon7-Amplicon,273,g,NaN
SMN2-Exon7-Amplicon,274,t,NaN
SMN2-Exon7-Amplicon,275,c,NaN
SMN2-Exon7-Amplicon,276,c,NaN
SMN2-Exon7-Amplicon,277,c,NaN
SMN2-Exon7-Amplicon,278,t,NaN
SMN2-Exon7-Amplicon,279,g,NaN
SMN2-Exon7-Amplicon,280,g,NaN
SMN2-Exon7-Amplicon,281,t,NaN
SMN2-Exon7-Amplicon,282,t,NaN
SMN2-Exon7-Amplicon,283,t,NaN
SMN2-Exon7-Amplicon,284,c,NaN
SMN2-Exon7-Amplicon,285,a,NaN
SMN2-Exon7-Amplicon,286,a,NaN
SMN2-Exon7-Amplicon,287,c,NaN
SMN2-Exon7-Amplicon,288,g,NaN
SMN2-Exon7-Amplicon,289,a,NaN
SMN2-Exon7-Amplicon,290,g,NaN
SMN2-Exon7-Amplicon,291,g,NaN
SMN2-Exon7-Amplicon,292,g,NaN
SMN2-Exon7-Amplicon,293,a,NaN
SMN2-Exon7-Amplicon,294,g,NaN
SMN2-Exon7-Amplicon,295,t,NaN
SMN2-Exon7-Amplicon,296,c,NaN
SMN2-Exon7-Amplicon,297,a,NaN
SMN2-Exon7-Amplicon,298,a,NaN
SMN2-Exon7-Amplicon,299,a,NaN
SMN2-Exon7-Amplicon,300,g,NaN
SMN2-Exon7-Amplicon,301,t,NaN
SMN2-Exon7-Amplicon,302,t,NaN
SMN2-Exon7-Amplicon,303,c,NaN
SMN2-Exon7-Amplicon,304,t,NaN
SMN2-Exon7-Amplicon,305,g,NaN
SMN2-Exon7-Amplicon,306,t,NaN
SMN2-Exon7-Amplicon,307,t,NaN
SMN2-Exon7-Amplicon,308,t,NaN
SMN2-Exon7-Amplicon,309,g,NaN
SMN2-Exon7-Amplicon,310,c,NaN
SMN2-Exon7-Amplicon,311,c,NaN
SMN2-Exon7-Amplicon,312,c,NaN
SMN2-Exon7-Amplicon,313,t,NaN
SMN2-Exon7-Amplicon,314,g,NaN
SMN2-Exon7-Amplicon,315,a,NaN
SMN2-Exon7-Amplicon,316,t,NaN
SMN2-Exon7-Amplicon,317,c,NaN
SMN2-Exon7-Amplicon,318,t,NaN
SMN2-Exon7-Amplicon,319,g,NaN
SMN2-Exon7-Amplicon,320,c,NaN
SMN2-Exon7-Amplicon,321,a,NaN
SMN2-Exon7-Amplicon,322,t,NaN
SMN2-Exon7-Amplicon,323,c,NaN
SMN2-Exon7-Amplicon,324,g,NaN
