Region,Position,Ref_base,Mut_percentage
SARS-CoV2-5UTR-Amplicon,1,a,0
SARS-CoV2-5UTR-Amplicon,2,g,0
SARS-CoV2-5UTR-Amplicon,3,g,0
SARS-CoV2-5UTR-Amplicon,4,t,0.1016
SARS-CoV2-5UTR-Amplicon,5,t,0.0404
SARS-CoV2-5UTR-Amplicon,6,t,0.7863
SARS-CoV2-5UTR-Amplicon,7,a,0.2606
SARS-CoV2-5UTR-Amplicon,8,t,0.609
SARS-CoV2-5UTR-Amplicon,9,a,0.6255
SARS-CoV2-5UTR-Amplicon,10,c,0.2926
SARS-CoV2-5UTR-Amplicon,11,c,0.2918
SARS-CoV2-5UTR-Amplicon,12,t,0.6748
SARS-CoV2-5UTR-Amplicon,13,t,0.4039
SARS-CoV2-5UTR-Amplicon,14,c,1.5568
SARS-CoV2-5UTR-Amplicon,15,c,0.4982
SARS-CoV2-5UTR-Amplicon,16,c,0.746
SARS-CoV2-5UTR-Amplicon,17,a,0.3751
SARS-CoV2-5UTR-Amplicon,18,g,0.9376
SARS-CoV2-5UTR-Amplicon,19,g,0.4498
SARS-CoV2-5UTR-Amplicon,20,t,1.7422
SARS-CoV2-5UTR-Amplicon,21,a,1.5921
SARS-CoV2-5UTR-Amplicon,22,a,1.8165
SARS-CoV2-5UTR-Amplicon,23,c,1.6657
SARS-CoV2-5UTR-Amplicon,24,a,1.7012
SARS-CoV2-5UTR-Amplicon,25,a,0.8694
SARS-CoV2-5UTR-Amplicon,26,a,1.0291
SARS-CoV2-5UTR-Amplicon,27,c,1.4786
SARS-CoV2-5UTR-Amplicon,28,c,1.7186
SARS-CoV2-5UTR-Amplicon,29,a,1.3477
SARS-CoV2-5UTR-Amplicon,30,a,0.5131
SARS-CoV2-5UTR-Amplicon,31,c,0.6252
SARS-CoV2-5UTR-Amplicon,32,c,1.2498
SARS-CoV2-5UTR-Amplicon,33,a,1.4094
SARS-CoV2-5UTR-Amplicon,34,a,0.5922
SARS-CoV2-5UTR-Amplicon,35,c,1.0875
SARS-CoV2-5UTR-Amplicon,36,t,4.0422
SARS-CoV2-5UTR-Amplicon,37,t,1.4673
SARS-CoV2-5UTR-Amplicon,38,t,1.136
SARS-CoV2-5UTR-Amplicon,39,c,4.8754
SARS-CoV2-5UTR-Amplicon,40,g,3.532
SARS-CoV2-5UTR-Amplicon,41,a,0.7724
SARS-CoV2-5UTR-Amplicon,42,t,2.0013
SARS-CoV2-5UTR-Amplicon,43,c,3.2934
SARS-CoV2-5UTR-Amplicon,44,t,1.3075
SARS-CoV2-5UTR-Amplicon,45,c,2.1575
SARS-CoV2-5UTR-Amplicon,46,t,2.2359
SARS-CoV2-5UTR-Amplicon,47,t,2.0151
SARS-CoV2-5UTR-Amplicon,48,g,1.259
SARS-CoV2-5UTR-Amplicon,49,t,1.2744
SARS-CoV2-5UTR-Amplicon,50,a,1.3675
SARS-CoV2-5UTR-Amplicon,51,g,2.4992
SARS-CoV2-5UTR-Amplicon,52,a,0.8642
SARS-CoV2-5UTR-Amplicon,53,t,1.4138
SARS-CoV2-5UTR-Amplicon,54,c,2.6547
SARS-CoV2-5UTR-Amplicon,55,t,1.4584
SARS-CoV2-5UTR-Amplicon,56,g,2.3354
SARS-CoV2-5UTR-Amplicon,57,t,3.0403
SARS-CoV2-5UTR-Amplicon,58,t,2.8983
SARS-CoV2-5UTR-Amplicon,59,c,3.5407
SARS-CoV2-5UTR-Amplicon,60,t,1.1123
SARS-CoV2-5UTR-Amplicon,61,c,2.444
SARS-CoV2-5UTR-Amplicon,62,t,2.7791
SARS-CoV2-5UTR-Amplicon,63,a,4.7724
SARS-CoV2-5UTR-Amplicon,64,a,0.6592
SARS-CoV2-5UTR-Amplicon,65,a,0.6279
SARS-CoV2-5UTR-Amplicon,66,c,0.9107
SARS-CoV2-5UTR-Amplicon,67,g,2.6217
SARS-CoV2-5UTR-Amplicon,68,a,1.0516
SARS-CoV2-5UTR-Amplicon,69,a,1.0358
SARS-CoV2-5UTR-Amplicon,70,c,1.9617
SARS-CoV2-5UTR-Amplicon,71,t,2.0716
SARS-CoV2-5UTR-Amplicon,72,t,1.0986
SARS-CoV2-5UTR-Amplicon,73,t,1.4752
SARS-CoV2-5UTR-Amplicon,74,a,2.6307
SARS-CoV2-5UTR-Amplicon,75,a,1.4337
SARS-CoV2-5UTR-Amplicon,76,a,1.4337
SARS-CoV2-5UTR-Amplicon,77,a,2.5051
SARS-CoV2-5UTR-Amplicon,78,t,2.8045
SARS-CoV2-5UTR-Amplicon,79,c,2.2061
SARS-CoV2-5UTR-Amplicon,80,t,1.7716
SARS-CoV2-5UTR-Amplicon,81,g,1.6448
SARS-CoV2-5UTR-Amplicon,82,t,1.3283
SARS-CoV2-5UTR-Amplicon,83,g,1.0911
SARS-CoV2-5UTR-Amplicon,84,t,1.6917
SARS-CoV2-5UTR-Amplicon,85,g,1.5652
SARS-CoV2-5UTR-Amplicon,86,g,1.202
SARS-CoV2-5UTR-Amplicon,87,c,2.0073
SARS-CoV2-5UTR-Amplicon,88,t,2.1334
SARS-CoV2-5UTR-Amplicon,89,g,1.902
SARS-CoV2-5UTR-Amplicon,90,t,1.8542
SARS-CoV2-5UTR-Amplicon,91,c,2.361
SARS-CoV2-5UTR-Amplicon,92,a,2.1219
SARS-CoV2-5UTR-Amplicon,93,c,2.6287
SARS-CoV2-5UTR-Amplicon,94,t,1.7894
SARS-CoV2-5UTR-Amplicon,95,c,2.7412
SARS-CoV2-5UTR-Amplicon,96,g,2.5828
SARS-CoV2-5UTR-Amplicon,97,g,1.0775
SARS-CoV2-5UTR-Amplicon,98,c,1.5662
SARS-CoV2-5UTR-Amplicon,99,t,1.4616
SARS-CoV2-5UTR-Amplicon,100,g,2.0751
SARS-CoV2-5UTR-Amplicon,101,c,2.3892
SARS-CoV2-5UTR-Amplicon,102,g,3.3171
SARS-CoV2-5UTR-Amplicon,103,t,1.712
SARS-CoV2-5UTR-Amplicon,104,g,3.3297
SARS-CoV2-5UTR-Amplicon,105,c,3.3454
SARS-CoV2-5UTR-Amplicon,106,t,3.1098
SARS-CoV2-5UTR-Amplicon,107,t,3.282
SARS-CoV2-5UTR-Amplicon,108,a,1.8376
SARS-CoV2-5UTR-Amplicon,109,g,1.5863
SARS-CoV2-5UTR-Amplicon,110,t,1.5549
SARS-CoV2-5UTR-Amplicon,111,g,1.1308
SARS-CoV2-5UTR-Amplicon,112,c,1.1622
SARS-CoV2-5UTR-Amplicon,113,a,1.3664
SARS-CoV2-5UTR-Amplicon,114,c,1.1937
SARS-CoV2-5UTR-Amplicon,115,t,0.8795
SARS-CoV2-5UTR-Amplicon,116,c,1.9007
SARS-CoV2-5UTR-Amplicon,117,a,1.0683
SARS-CoV2-5UTR-Amplicon,118,c,1.0999
SARS-CoV2-5UTR-Amplicon,119,g,0.9741
SARS-CoV2-5UTR-Amplicon,120,c,1.0842
SARS-CoV2-5UTR-Amplicon,121,a,1.0685
SARS-CoV2-5UTR-Amplicon,122,g,1.2408
SARS-CoV2-5UTR-Amplicon,123,t,1.4636
SARS-CoV2-5UTR-Amplicon,124,a,1.1489
SARS-CoV2-5UTR-Amplicon,125,t,0.8777
SARS-CoV2-5UTR-Amplicon,126,a,0.8464
SARS-CoV2-5UTR-Amplicon,127,a,0.6271
SARS-CoV2-5UTR-Amplicon,128,t,0.8309
SARS-CoV2-5UTR-Amplicon,129,t,0.7524
SARS-CoV2-5UTR-Amplicon,130,a,0.674
SARS-CoV2-5UTR-Amplicon,131,a,0.7366
SARS-CoV2-5UTR-Amplicon,132,t,0.4545
SARS-CoV2-5UTR-Amplicon,133,a,0.6582
SARS-CoV2-5UTR-Amplicon,134,a,0.5642
SARS-CoV2-5UTR-Amplicon,135,c,0.8468
SARS-CoV2-5UTR-Amplicon,136,t,0.7373
SARS-CoV2-5UTR-Amplicon,137,a,0.7853
SARS-CoV2-5UTR-Amplicon,138,a,0.6595
SARS-CoV2-5UTR-Amplicon,139,t,0.6907
SARS-CoV2-5UTR-Amplicon,140,t,0.7849
SARS-CoV2-5UTR-Amplicon,141,a,1.0047
SARS-CoV2-5UTR-Amplicon,142,c,1.5995
SARS-CoV2-5UTR-Amplicon,143,t,1.0507
SARS-CoV2-5UTR-Amplicon,144,g,1.3804
SARS-CoV2-5UTR-Amplicon,145,t,0.7525
SARS-CoV2-5UTR-Amplicon,146,c,1.2541
SARS-CoV2-5UTR-Amplicon,147,g,1.6
SARS-CoV2-5UTR-Amplicon,148,t,0.863
SARS-CoV2-5UTR-Amplicon,149,t,0.6898
SARS-CoV2-5UTR-Amplicon,150,g,1.9107
SARS-CoV2-5UTR-Amplicon,151,a,0.8773
SARS-CoV2-5UTR-Amplicon,152,c,0.934
SARS-CoV2-5UTR-Amplicon,153,a,1.8838
SARS-CoV2-5UTR-Amplicon,154,g,3.0869
SARS-CoV2-5UTR-Amplicon,155,g,2.1246
SARS-CoV2-5UTR-Amplicon,156,a,1.6014
SARS-CoV2-5UTR-Amplicon,157,c,1.8712
SARS-CoV2-5UTR-Amplicon,158,a,2.2349
SARS-CoV2-5UTR-Amplicon,159,c,1.5843
SARS-CoV2-5UTR-Amplicon,160,g,4.1178
SARS-CoV2-5UTR-Amplicon,161,a,2.8336
SARS-CoV2-5UTR-Amplicon,162,g,1.2191
SARS-CoV2-5UTR-Amplicon,163,t,1.7665
SARS-CoV2-5UTR-Amplicon,164,a,2.2507
SARS-CoV2-5UTR-Amplicon,165,a,1.1254
SARS-CoV2-5UTR-Amplicon,166,c,1.3607
SARS-CoV2-5UTR-Amplicon,167,t,1.0319
SARS-CoV2-5UTR-Amplicon,168,c,2.5801
SARS-CoV2-5UTR-Amplicon,169,g,1.6888
SARS-CoV2-5UTR-Amplicon,170,t,1.4219
SARS-CoV2-5UTR-Amplicon,171,c,2.75
SARS-CoV2-5UTR-Amplicon,172,t,3.4833
SARS-CoV2-5UTR-Amplicon,173,a,3.2167
SARS-CoV2-5UTR-Amplicon,174,t,2.2326
SARS-CoV2-5UTR-Amplicon,175,c,3.0592
SARS-CoV2-5UTR-Amplicon,176,t,2.2163
SARS-CoV2-5UTR-Amplicon,177,t,1.6076
SARS-CoV2-5UTR-Amplicon,178,c,1.7645
SARS-CoV2-5UTR-Amplicon,179,t,1.2648
SARS-CoV2-5UTR-Amplicon,180,g,2.6546
SARS-CoV2-5UTR-Amplicon,181,c,2.3107
SARS-CoV2-5UTR-Amplicon,182,a,1.6393
SARS-CoV2-5UTR-Amplicon,183,g,1.5258
SARS-CoV2-5UTR-Amplicon,184,g,0.9966
SARS-CoV2-5UTR-Amplicon,185,c,1.7443
SARS-CoV2-5UTR-Amplicon,186,t,1.821
SARS-CoV2-5UTR-Amplicon,187,g,1.7896
SARS-CoV2-5UTR-Amplicon,188,c,1.7118
SARS-CoV2-5UTR-Amplicon,189,t,5.1942
SARS-CoV2-5UTR-Amplicon,190,t,2.2309
SARS-CoV2-5UTR-Amplicon,191,a,2.2621
SARS-CoV2-5UTR-Amplicon,192,c,1.8721
SARS-CoV2-5UTR-Amplicon,193,g,2.0596
SARS-CoV2-5UTR-Amplicon,194,g,1.4502
SARS-CoV2-5UTR-Amplicon,195,t,1.6997
SARS-CoV2-5UTR-Amplicon,196,t,0.9043
SARS-CoV2-5UTR-Amplicon,197,t,1.0758
SARS-CoV2-5UTR-Amplicon,198,c,2.1048
SARS-CoV2-5UTR-Amplicon,199,g,1.793
SARS-CoV2-5UTR-Amplicon,200,t,1.0914
SARS-CoV2-5UTR-Amplicon,201,c,2.1983
SARS-CoV2-5UTR-Amplicon,202,c,2.3383
SARS-CoV2-5UTR-Amplicon,203,g,1.2163
SARS-CoV2-5UTR-Amplicon,204,t,3.587
SARS-CoV2-5UTR-Amplicon,205,g,1.2793
SARS-CoV2-5UTR-Amplicon,206,t,1.5605
SARS-CoV2-5UTR-Amplicon,207,t,2.7617
SARS-CoV2-5UTR-Amplicon,208,g,1.3966
SARS-CoV2-5UTR-Amplicon,209,c,2.2502
SARS-CoV2-5UTR-Amplicon,210,a,1.1794
SARS-CoV2-5UTR-Amplicon,211,g,1.6139
SARS-CoV2-5UTR-Amplicon,212,c,1.1792
SARS-CoV2-5UTR-Amplicon,213,c,1.4277
SARS-CoV2-5UTR-Amplicon,214,g,2.9874
SARS-CoV2-5UTR-Amplicon,215,a,1.0112
SARS-CoV2-5UTR-Amplicon,216,t,1.058
SARS-CoV2-5UTR-Amplicon,217,c,2.6299
SARS-CoV2-5UTR-Amplicon,218,a,3.517
SARS-CoV2-5UTR-Amplicon,219,t,1.0271
SARS-CoV2-5UTR-Amplicon,220,c,3.5948
SARS-CoV2-5UTR-Amplicon,221,a,6.3774
SARS-CoV2-5UTR-Amplicon,222,g,5.4113
SARS-CoV2-5UTR-Amplicon,223,c,2.3014
SARS-CoV2-5UTR-Amplicon,224,a,3.4831
SARS-CoV2-5UTR-Amplicon,225,c,1.6157
SARS-CoV2-5UTR-Amplicon,226,a,3.6663
SARS-CoV2-5UTR-Amplicon,227,t,2.2229
SARS-CoV2-5UTR-Amplicon,228,c,3.4043
SARS-CoV2-5UTR-Amplicon,229,t,2.8385
SARS-CoV2-5UTR-Amplicon,230,a,2.9471
SARS-CoV2-5UTR-Amplicon,231,g,3.2889
SARS-CoV2-5UTR-Amplicon,232,g,3.429
SARS-CoV2-5UTR-Amplicon,233,t,3.5947
SARS-CoV2-5UTR-Amplicon,234,t,2.9284
SARS-CoV2-5UTR-Amplicon,235,t,3.1153
SARS-CoV2-5UTR-Amplicon,236,c,3.3013
SARS-CoV2-5UTR-Amplicon,237,g,1.8757
SARS-CoV2-5UTR-Amplicon,238,t,1.2252
SARS-CoV2-5UTR-Amplicon,239,c,2.5128
SARS-CoV2-5UTR-Amplicon,240,c,2.3584
SARS-CoV2-5UTR-Amplicon,241,g,3.7871
SARS-CoV2-5UTR-Amplicon,242,g,2.1171
SARS-CoV2-5UTR-Amplicon,243,g,2.9893
SARS-CoV2-5UTR-Amplicon,244,t,2.9811
SARS-CoV2-5UTR-Amplicon,245,g,1.8261
SARS-CoV2-5UTR-Amplicon,246,t,1.9507
SARS-CoV2-5UTR-Amplicon,247,g,4.6504
SARS-CoV2-5UTR-Amplicon,248,a,2.639
SARS-CoV2-5UTR-Amplicon,249,c,2.233
SARS-CoV2-5UTR-Amplicon,250,c,2.057
SARS-CoV2-5UTR-Amplicon,251,g,3.1956
SARS-CoV2-5UTR-Amplicon,252,a,3.4451
SARS-CoV2-5UTR-Amplicon,253,a,1.8389
SARS-CoV2-5UTR-Amplicon,254,a,2.3064
SARS-CoV2-5UTR-Amplicon,255,g,2.7284
SARS-CoV2-5UTR-Amplicon,256,g,2.9155
SARS-CoV2-5UTR-Amplicon,257,t,3.7106
SARS-CoV2-5UTR-Amplicon,258,a,3.695
SARS-CoV2-5UTR-Amplicon,259,a,2.5549
SARS-CoV2-5UTR-Amplicon,260,g,3.2248
SARS-CoV2-5UTR-Amplicon,261,a,2.4926
SARS-CoV2-5UTR-Amplicon,262,t,1.838
SARS-CoV2-5UTR-Amplicon,263,g,2.7427
SARS-CoV2-5UTR-Amplicon,264,g,1.6365
SARS-CoV2-5UTR-Amplicon,265,a,1.3092
SARS-CoV2-5UTR-Amplicon,266,g,2.65
SARS-CoV2-5UTR-Amplicon,267,a,1.5591
SARS-CoV2-5UTR-Amplicon,268,g,2.1688
SARS-CoV2-5UTR-Amplicon,269,c,1.9813
SARS-CoV2-5UTR-Amplicon,270,c,1.4977
SARS-CoV2-5UTR-Amplicon,271,t,2.7301
SARS-CoV2-5UTR-Amplicon,272,t,1.4045
SARS-CoV2-5UTR-Amplicon,273,g,1.7169
SARS-CoV2-5UTR-Amplicon,274,t,1.8868
SARS-CoV2-5UTR-Amplicon,275,c,5.976
SARS-CoV2-5UTR-Amplicon,276,c,1.8403
SARS-CoV2-5UTR-Amplicon,277,c,2.5893
SARS-CoV2-5UTR-Amplicon,278,t,3.0416
SARS-CoV2-5UTR-Amplicon,279,g,6.3378
SARS-CoV2-5UTR-Amplicon,280,g,3.0289
SARS-CoV2-5UTR-Amplicon,281,t,2.6538
SARS-CoV2-5UTR-Amplicon,282,t,1.6232
SARS-CoV2-5UTR-Amplicon,283,t,2.043
SARS-CoV2-5UTR-Amplicon,284,c,2.9806
SARS-CoV2-5UTR-Amplicon,285,a,2.8406
SARS-CoV2-5UTR-Amplicon,286,a,1.3735
SARS-CoV2-5UTR-Amplicon,287,c,0.9212
SARS-CoV2-5UTR-Amplicon,288,g,2.2021
SARS-CoV2-5UTR-Amplicon,289,a,1.309
SARS-CoV2-5UTR-Amplicon,290,g,3.3417
SARS-CoV2-5UTR-Amplicon,291,g,1.6869
SARS-CoV2-5UTR-Amplicon,292,g,2.3348
SARS-CoV2-5UTR-Amplicon,293,a,1.7511
SARS-CoV2-5UTR-Amplicon,294,g,3.3625
SARS-CoV2-5UTR-Amplicon,295,t,2.8849
SARS-CoV2-5UTR-Amplicon,296,c,4.9099
SARS-CoV2-5UTR-Amplicon,297,a,7.264
SARS-CoV2-5UTR-Amplicon,298,a,3.6
SARS-CoV2-5UTR-Amplicon,299,a,3.872
SARS-CoV2-5UTR-Amplicon,300,g,4.3081
SARS-CoV2-5UTR-Amplicon,301,t,6.0698
SARS-CoV2-5UTR-Amplicon,302,t,5.4612
SARS-CoV2-5UTR-Amplicon,303,c,2.2778
SARS-CoV2-5UTR-Amplicon,304,t,2.5987
SARS-CoV2-5UTR-Amplicon,305,g,2.1037
SARS-CoV2-5UTR-Amplicon,306,t,6.8572
SARS-CoV2-5UTR-Amplicon,307,t,1.3663
SARS-CoV2-5UTR-Amplicon,308,t,1.6428
SARS-CoV2-5UTR-Amplicon,309,g,1.7846
SARS-CoV2-5UTR-Amplicon,310,c,2.9402
SARS-CoV2-5UTR-Amplicon,311,c,0.8771
SARS-CoV2-5UTR-Amplicon,312,c,1.1062
SARS-CoV2-5UTR-Amplicon,313,t,1.2702
SARS-CoV2-5UTR-Amplicon,314,g,1.3518
SARS-CoV2-5UTR-Amplicon,315,a,0.7331
SARS-CoV2-5UTR-Amplicon,316,t,1.1243
SARS-CoV2-5UTR-Amplicon,317,c,1.3855
SARS-CoV2-5UTR-Amplicon,318,t,1.3862
SARS-CoV2-5UTR-Amplicon,319,g,2.2853
SARS-CoV2-5UTR-Amplicon,320,c,1.4533
SARS-CoV2-5UTR-Amplicon,321,a,4.8996
SARS-CoV2-5UTR-Amplicon,322,t,0.9817
SARS-CoV2-5UTR-Amplicon,323,c,1.7509
SARS-CoV2-5UTR-Amplicon,324,g,1.4597
SARS-CoV2-5UTR-Amplicon,325,c,1.5708
SARS-CoV2-5UTR-Amplicon,326,t,1.5027
SARS-CoV2-5UTR-Amplicon,327,g,2.0321
SARS-CoV2-5UTR-Amplicon,328,t,1.2472
SARS-CoV2-5UTR-Amplicon,329,g,1.7427
SARS-CoV2-5UTR-Amplicon,330,g,1.5377
SARS-CoV2-5UTR-Amplicon,331,c,1.3171
SARS-CoV2-5UTR-Amplicon,332,c,1.164
SARS-CoV2-5UTR-Amplicon,333,g,4.2495
SARS-CoV2-5UTR-Amplicon,334,a,3.3242
SARS-CoV2-5UTR-Amplicon,335,g,1.783
SARS-CoV2-5UTR-Amplicon,336,g,1.3567
SARS-CoV2-5UTR-Amplicon,337,c,1.6498
SARS-CoV2-5UTR-Amplicon,338,c,3.5072
SARS-CoV2-5UTR-Amplicon,339,a,2.5909
SARS-CoV2-5UTR-Amplicon,340,a,0.9536
SARS-CoV2-5UTR-Amplicon,341,g,1.1595
SARS-CoV2-5UTR-Amplicon,342,c,1.5152
SARS-CoV2-5UTR-Amplicon,343,c,1.5347
SARS-CoV2-5UTR-Amplicon,344,c,1.2017
SARS-CoV2-5UTR-Amplicon,345,a,1.262
SARS-CoV2-5UTR-Amplicon,346,c,1.5637
SARS-CoV2-5UTR-Amplicon,347,c,1.4002
SARS-CoV2-5UTR-Amplicon,348,g,1.8947
SARS-CoV2-5UTR-Amplicon,349,a,1.4213
SARS-CoV2-5UTR-Amplicon,350,g,1.4427
SARS-CoV2-5UTR-Amplicon,351,a,2.6396
SARS-CoV2-5UTR-Amplicon,352,a,1.3691
SARS-CoV2-5UTR-Amplicon,353,c,1.0458
SARS-CoV2-5UTR-Amplicon,354,a,2.0008
SARS-CoV2-5UTR-Amplicon,355,a,0.6723
SARS-CoV2-5UTR-Amplicon,356,c,0.75
SARS-CoV2-5UTR-Amplicon,357,g,2.6407
SARS-CoV2-5UTR-Amplicon,358,a,1.3693
SARS-CoV2-5UTR-Amplicon,359,a,1.0817
SARS-CoV2-5UTR-Amplicon,360,g,1.7265
SARS-CoV2-5UTR-Amplicon,361,a,0.9524
SARS-CoV2-5UTR-Amplicon,362,c,1.052
SARS-CoV2-5UTR-Amplicon,363,t,1.8724
SARS-CoV2-5UTR-Amplicon,364,t,0.8269
SARS-CoV2-5UTR-Amplicon,365,c,0.554
SARS-CoV2-5UTR-Amplicon,366,a,2.2142
SARS-CoV2-5UTR-Amplicon,367,a,0.3005
SARS-CoV2-5UTR-Amplicon,368,c,0.526
SARS-CoV2-5UTR-Amplicon,369,a,1.4257
SARS-CoV2-5UTR-Amplicon,370,t,0.3261
SARS-CoV2-5UTR-Amplicon,371,c,0.7851
SARS-CoV2-5UTR-Amplicon,372,g,0.1454
SARS-CoV2-5UTR-Amplicon,373,t,0.1664
SARS-CoV2-5UTR-Amplicon,374,g,0.4863
SARS-CoV2-5UTR-Amplicon,375,g,0
SARS-CoV2-5UTR-Amplicon,376,c,0
SARS-CoV2-5UTR-Amplicon,377,c,0
SARS-CoV2-5UTR-Amplicon,378,g,0
SMN2-Exon7-Amplicon,1,a,NaN
SMN2-Exon7-Amplicon,2,g,NaN
SMN2-Exon7-Amplicon,3,g,NaN
SMN2-Exon7-Amplicon,4,t,NaN
SMN2-Exon7-Amplicon,5,t,NaN
SMN2-Exon7-Amplicon,6,t,NaN
SMN2-Exon7-Amplicon,7,a,NaN
SMN2-Exon7-Amplicon,8,t,NaN
SMN2-Exon7-Amplicon,9,a,NaN
SMN2-Exon7-Amplicon,10,c,NaN
SMN2-Exon7-Amplicon,11,c,NaN
SMN2-Exon7-Amplicon,12,t,NaN
SMN2-Exon7-Amplicon,13,t,NaN
SMN2-Exon7-Amplicon,14,c,NaN
SMN2-Exon7-Amplicon,15,c,NaN
SMN2-Exon7-Amplicon,16,c,NaN
SMN2-Exon7-Amplicon,17,a,NaN
SMN2-Exon7-Amplicon,18,g,NaN
SMN2-Exon7-Amplicon,19,g,NaN
SMN2-Exon7-Amplicon,20,t,NaN
SMN2-Exon7-Amplicon,21,a,NaN
SMN2-Exon7-Amplicon,22,a,NaN
SMN2-Exon7-Amplicon,23,c,NaN
SMN2-Exon7-Amplicon,24,a,NaN
SMN2-Exon7-Amplicon,25,a,NaN
SMN2-Exon7-Amplicon,26,a,NaN
SMN2-Exon7-Amplicon,27,c,NaN
SMN2-Exon7-Amplicon,28,c,NaN
SMN2-Exon7-Amplicon,29,a,NaN
SMN2-Exon7-Amplicon,30,a,NaN
SMN2-Exon7-Amplicon,31,c,NaN
SMN2-Exon7-Amplicon,32,c,NaN
SMN2-Exon7-Amplicon,33,a,NaN
SMN2-Exon7-Amplicon,34,a,NaN
SMN2-Exon7-Amplicon,35,c,NaN
SMN2-Exon7-Amplicon,36,t,NaN
SMN2-Exon7-Amplicon,37,t,NaN
SMN2-Exon7-Amplicon,38,t,NaN
SMN2-Exon7-Amplicon,39,c,NaN
SMN2-Exon7-Amplicon,40,g,NaN
SMN2-Exon7-Amplicon,41,a,NaN
SMN2-Exon7-Amplicon,42,t,NaN
SMN2-Exon7-Amplicon,43,c,NaN
SMN2-Exon7-Amplicon,44,t,NaN
SMN2-Exon7-Amplicon,45,c,NaN
SMN2-Exon7-Amplicon,46,t,NaN
SMN2-Exon7-Amplicon,47,t,NaN
SMN2-Exon7-Amplicon,48,g,NaN
SMN2-Exon7-Amplicon,49,t,NaN
SMN2-Exon7-Amplicon,50,a,NaN
SMN2-Exon7-Amplicon,51,g,NaN
SMN2-Exon7-Amplicon,52,a,NaN
SMN2-Exon7-Amplicon,53,t,NaN
SMN2-Exon7-Amplicon,54,c,NaN
SMN2-Exon7-Amplicon,55,t,NaN
SMN2-Exon7-Amplicon,56,g,NaN
SMN2-Exon7-Amplicon,57,t,NaN
SMN2-Exon7-Amplicon,58,t,NaN
SMN2-Exon7-Amplicon,59,c,NaN
SMN2-Exon7-Amplicon,60,t,NaN
SMN2-Exon7-Amplicon,61,c,NaN
SMN2-Exon7-Amplicon,62,t,NaN
SMN2-Exon7-Amplicon,63,a,NaN
SMN2-Exon7-Amplicon,64,a,NaN
SMN2-Exon7-Amplicon,65,a,NaN
SMN2-Exon7-Amplicon,66,c,NaN
SMN2-Exon7-Amplicon,67,g,NaN
SMN2-Exon7-Amplicon,68,a,NaN
SMN2-Exon7-Amplicon,69,a,NaN
SMN2-Exon7-Amplicon,70,c,NaN
SMN2-Exon7-Amplicon,71,t,NaN
SMN2-Exon7-Amplicon,72,t,NaN
SMN2-Exon7-Amplicon,73,t,NaN
SMN2-Exon7-Amplicon,74,a,NaN
SMN2-Exon7-Amplicon,75,a,NaN
SMN2-Exon7-Amplicon,76,a,NaN
SMN2-Exon7-Amplicon,77,a,NaN
SMN2-Exon7-Amplicon,78,t,NaN
SMN2-Exon7-Amplicon,79,c,NaN
SMN2-Exon7-Amplicon,80,t,NaN
SMN2-Exon7-Amplicon,81,g,NaN
SMN2-Exon7-Amplicon,82,t,NaN
SMN2-Exon7-Amplicon,83,g,NaN
SMN2-Exon7-Amplicon,84,t,NaN
SMN2-Exon7-Amplicon,85,g,NaN
SMN2-Exon7-Amplicon,86,g,NaN
SMN2-Exon7-Amplicon,87,c,NaN
SMN2-Exon7-Amplicon,88,t,NaN
SMN2-Exon7-Amplicon,89,g,NaN
SMN2-Exon7-Amplicon,90,t,NaN
SMN2-Exon7-Amplicon,91,c,NaN
SMN2-Exon7-Amplicon,92,a,NaN
SMN2-Exon7-Amplicon,93,c,NaN
SMN2-Exon7-Amplicon,94,t,NaN
SMN2-Exon7-Amplicon,95,c,NaN
SMN2-Exon7-Amplicon,96,g,NaN
SMN2-Exon7-Amplicon,97,g,NaN
SMN2-Exon7-Amplicon,98,c,NaN
SMN2-Exon7-Amplicon,99,t,NaN
SMN2-Exon7-Amplicon,100,g,NaN
SMN2-Exon7-Amplicon,101,c,NaN
SMN2-Exon7-Amplicon,102,g,NaN
SMN2-Exon7-Amplicon,103,t,NaN
SMN2-Exon7-Amplicon,104,g,NaN
SMN2-Exon7-Amplicon,105,c,NaN
SMN2-Exon7-Amplicon,106,t,NaN
SMN2-Exon7-Amplicon,107,t,NaN
SMN2-Exon7-Amplicon,108,a,NaN
SMN2-Exon7-Amplicon,109,g,NaN
SMN2-Exon7-Amplicon,110,t,NaN
SMN2-Exon7-Amplicon,111,g,NaN
SMN2-Exon7-Amplicon,112,c,NaN
SMN2-Exon7-Amplicon,113,a,NaN
SMN2-Exon7-Amplicon,114,c,NaN
SMN2-Exon7-Amplicon,115,t,NaN
SMN2-Exon7-Amplicon,116,c,NaN
SMN2-Exon7-Amplicon,117,a,NaN
SMN2-Exon7-Amplicon,118,c,NaN
SMN2-Exon7-Amplicon,119,g,NaN
SMN2-Exon7-Amplicon,120,c,NaN
SMN2-Exon7-Amplicon,121,a,NaN
SMN2-Exon7-Amplicon,122,g,NaN
SMN2-Exon7-Amplicon,123,t,NaN
SMN2-Exon7-Amplicon,124,a,NaN
SMN2-Exon7-Amplicon,125,t,NaN
SMN2-Exon7-Amplicon,126,a,NaN
SMN2-Exon7-Amplicon,127,a,NaN
SMN2-Exon7-Amplicon,128,t,NaN
SMN2-Exon7-Amplicon,129,t,NaN
SMN2-Exon7-Amplicon,130,a,NaN
SMN2-Exon7-Amplicon,131,a,NaN
SMN2-Exon7-Amplicon,132,t,NaN
SMN2-Exon7-Amplicon,133,a,NaN
SMN2-Exon7-Amplicon,134,a,NaN
SMN2-Exon7-Amplicon,135,c,NaN
SMN2-Exon7-Amplicon,136,t,NaN
SMN2-Exon7-Amplicon,137,a,NaN
SMN2-Exon7-Amplicon,138,a,NaN
SMN2-Exon7-Amplicon,139,t,NaN
SMN2-Exon7-Amplicon,140,t,NaN
SMN2-Exon7-Amplicon,141,a,NaN
SMN2-Exon7-Amplicon,142,c,NaN
SMN2-Exon7-Amplicon,143,t,NaN
SMN2-Exon7-Amplicon,144,g,NaN
SMN2-Exon7-Amplicon,145,t,NaN
SMN2-Exon7-Amplicon,146,c,NaN
SMN2-Exon7-Amplicon,147,g,NaN
SMN2-Exon7-Amplicon,148,t,NaN
SMN2-Exon7-Amplicon,149,t,NaN
SMN2-Exon7-Amplicon,150,g,NaN
SMN2-Exon7-Amplicon,151,a,NaN
SMN2-Exon7-Amplicon,152,c,NaN
SMN2-Exon7-Amplicon,153,a,NaN
SMN2-Exon7-Amplicon,154,g,NaN
SMN2-Exon7-Amplicon,155,g,NaN
SMN2-Exon7-Amplicon,156,a,NaN
SMN2-Exon7-Amplicon,157,c,NaN
SMN2-Exon7-Amplicon,158,a,NaN
SMN2-Exon7-Amplicon,159,c,NaN
SMN2-Exon7-Amplicon,160,g,NaN
SMN2-Exon7-Amplicon,161,a,NaN
SMN2-Exon7-Amplicon,162,g,NaN
SMN2-Exon7-Amplicon,163,t,NaN
SMN2-Exon7-Amplicon,164,a,NaN
SMN2-Exon7-Amplicon,165,a,NaN
SMN2-Exon7-Amplicon,166,c,NaN
SMN2-Exon7-Amplicon,167,t,NaN
SMN2-Exon7-Amplicon,168,c,NaN
SMN2-Exon7-Amplicon,169,g,NaN
SMN2-Exon7-Amplicon,170,t,NaN
SMN2-Exon7-Amplicon,171,c,NaN
SMN2-Exon7-Amplicon,172,t,NaN
SMN2-Exon7-Amplicon,173,a,NaN
SMN2-Exon7-Amplicon,174,t,NaN
SMN2-Exon7-Amplicon,175,c,NaN
SMN2-Exon7-Amplicon,176,t,NaN
SMN2-Exon7-Amplicon,177,t,NaN
SMN2-Exon7-Amplicon,178,c,NaN
SMN2-Exon7-Amplicon,179,t,NaN
SMN2-Exon7-Amplicon,180,g,NaN
SMN2-Exon7-Amplicon,181,c,NaN
SMN2-Exon7-Amplicon,182,a,NaN
SMN2-Exon7-Amplicon,183,g,NaN
SMN2-Exon7-Amplicon,184,g,NaN
SMN2-Exon7-Amplicon,185,c,NaN
SMN2-Exon7-Amplicon,186,t,NaN
SMN2-Exon7-Amplicon,187,g,NaN
SMN2-Exon7-Amplicon,188,c,NaN
SMN2-Exon7-Amplicon,189,t,NaN
SMN2-Exon7-Amplicon,190,t,NaN
SMN2-Exon7-Amplicon,191,a,NaN
SMN2-Exon7-Amplicon,192,c,NaN
SMN2-Exon7-Amplicon,193,g,NaN
SMN2-Exon7-Amplicon,194,g,NaN
SMN2-Exon7-Amplicon,195,t,NaN
SMN2-Exon7-Amplicon,196,t,NaN
SMN2-Exon7-Amplicon,197,t,NaN
SMN2-Exon7-Amplicon,198,c,NaN
SMN2-Exon7-Amplicon,199,g,NaN
SMN2-Exon7-Amplicon,200,t,NaN
SMN2-Exon7-Amplicon,201,c,NaN
SMN2-Exon7-Amplicon,202,c,NaN
SMN2-Exon7-Amplicon,203,g,NaN
SMN2-Exon7-Amplicon,204,t,NaN
SMN2-Exon7-Amplicon,205,g,NaN
SMN2-Exon7-Amplicon,206,t,NaN
SMN2-Exon7-Amplicon,207,t,NaN
SMN2-Exon7-Amplicon,208,g,NaN
SMN2-Exon7-Amplicon,209,c,NaN
SMN2-Exon7-Amplicon,210,a,NaN
SMN2-Exon7-Amplicon,211,g,NaN
SMN2-Exon7-Amplicon,212,c,NaN
SMN2-Exon7-Amplicon,213,c,NaN
SMN2-Exon7-Amplicon,214,g,NaN
SMN2-Exon7-Amplicon,215,a,NaN
SMN2-Exon7-Amplicon,216,t,NaN
SMN2-Exon7-Amplicon,217,c,NaN
SMN2-Exon7-Amplicon,218,a,NaN
SMN2-Exon7-Amplicon,219,t,NaN
SMN2-Exon7-Amplicon,220,c,NaN
SMN2-Exon7-Amplicon,221,a,NaN
SMN2-Exon7-Amplicon,222,g,NaN
SMN2-Exon7-Amplicon,223,c,NaN
SMN2-Exon7-Amplicon,224,a,NaN
SMN2-Exon7-Amplicon,225,c,NaN
SMN2-Exon7-Amplicon,226,a,NaN
SMN2-Exon7-Amplicon,227,t,NaN
SMN2-Exon7-Amplicon,228,c,NaN
SMN2-Exon7-Amplicon,229,t,NaN
SMN2-Exon7-Amplicon,230,a,NaN
SMN2-Exon7-Amplicon,231,g,NaN
SMN2-Exon7-Amplicon,232,g,NaN
SMN2-Exon7-Amplicon,233,t,NaN
SMN2-Exon7-Amplicon,234,t,NaN
SMN2-Exon7-Amplicon,235,t,NaN
SMN2-Exon7-Amplicon,236,c,NaN
SMN2-Exon7-Amplicon,237,g,NaN
SMN2-Exon7-Amplicon,238,t,NaN
SMN2-Exon7-Amplicon,239,c,NaN
SMN2-Exon7-Amplicon,240,c,NaN
SMN2-Exon7-Amplicon,241,g,NaN
SMN2-Exon7-Amplicon,242,g,NaN
SMN2-Exon7-Amplicon,243,g,NaN
SMN2-Exon7-Amplicon,244,t,NaN
SMN2-Exon7-Amplicon,245,g,NaN
SMN2-Exon7-Amplicon,246,t,NaN
SMN2-Exon7-Amplicon,247,g,NaN
SMN2-Exon7-Amplicon,248,a,NaN
SMN2-Exon7-Amplicon,249,c,NaN
SMN2-Exon7-Amplicon,250,c,NaN
SMN2-Exon7-Amplicon,251,g,NaN
SMN2-Exon7-Amplicon,252,a,NaN
SMN2-Exon7-Amplicon,253,a,NaN
SMN2-Exon7-Amplicon,254,a,NaN
SMN2-Exon7-Amplicon,255,g,NaN
SMN2-Exon7-Amplicon,256,g,NaN
SMN2-Exon7-Amplicon,257,t,NaN
SMN2-Exon7-Amplicon,258,a,NaN
SMN2-Exon7-Amplicon,259,a,NaN
SMN2-Exon7-Amplicon,260,g,NaN
SMN2-Exon7-Amplicon,261,a,NaN
SMN2-Exon7-Amplicon,262,t,NaN
SMN2-Exon7-Amplicon,263,g,NaN
SMN2-Exon7-Amplicon,264,g,NaN
SMN2-Exon7-Amplicon,265,a,NaN
SMN2-Exon7-Amplicon,266,g,NaN
SMN2-Exon7-Amplicon,267,a,NaN
SMN2-Exon7-Amplicon,268,g,NaN
SMN2-Exon7-Amplicon,269,c,NaN
SMN2-Exon7-Amplicon,270,c,NaN
SMN2-Exon7-Amplicon,271,t,NaN
SMN2-Exon7-Amplicon,272,t,NaN
SMN2-Exon7-Amplicon,273,g,NaN
SMN2-Exon7-Amplicon,274,t,NaN
SMN2-Exon7-Amplicon,275,c,NaN
SMN2-Exon7-Amplicon,276,c,NaN
SMN2-Exon7-Amplicon,277,c,NaN
SMN2-Exon7-Amplicon,278,t,NaN
SMN2-Exon7-Amplicon,279,g,NaN
SMN2-Exon7-Amplicon,280,g,NaN
SMN2-Exon7-Amplicon,281,t,NaN
SMN2-Exon7-Amplicon,282,t,NaN
SMN2-Exon7-Amplicon,283,t,NaN
SMN2-Exon7-Amplicon,284,c,NaN
SMN2-Exon7-Amplicon,285,a,NaN
SMN2-Exon7-Amplicon,286,a,NaN
SMN2-Exon7-Amplicon,287,c,NaN
SMN2-Exon7-Amplicon,288,g,NaN
SMN2-Exon7-Amplicon,289,a,NaN
SMN2-Exon7-Amplicon,290,g,NaN
SMN2-Exon7-Amplicon,291,g,NaN
SMN2-Exon7-Amplicon,292,g,NaN
SMN2-Exon7-Amplicon,293,a,NaN
SMN2-Exon7-Amplicon,294,g,NaN
SMN2-Exon7-Amplicon,295,t,NaN
SMN2-Exon7-Amplicon,296,c,NaN
SMN2-Exon7-Amplicon,297,a,NaN
SMN2-Exon7-Amplicon,298,a,NaN
SMN2-Exon7-Amplicon,299,a,NaN
SMN2-Exon7-Amplicon,300,g,NaN
SMN2-Exon7-Amplicon,301,t,NaN
SMN2-Exon7-Amplicon,302,t,NaN
SMN2-Exon7-Amplicon,303,c,NaN
SMN2-Exon7-Amplicon,304,t,NaN
SMN2-Exon7-Amplicon,305,g,NaN
SMN2-Exon7-Amplicon,306,t,NaN
SMN2-Exon7-Amplicon,307,t,NaN
SMN2-Exon7-Amplicon,308,t,NaN
SMN2-Exon7-Amplicon,309,g,NaN
SMN2-Exon7-Amplicon,310,c,NaN
SMN2-Exon7-Amplicon,311,c,NaN
SMN2-Exon7-Amplicon,312,c,NaN
SMN2-Exon7-Amplicon,313,t,NaN
SMN2-Exon7-Amplicon,314,g,NaN
SMN2-Exon7-Amplicon,315,a,NaN
SMN2-Exon7-Amplicon,316,t,NaN
SMN2-Exon7-Amplicon,317,c,NaN
SMN2-Exon7-Amplicon,318,t,NaN
SMN2-Exon7-Amplicon,319,g,NaN
SMN2-Exon7-Amplicon,320,c,NaN
SMN2-Exon7-Amplicon,321,a,NaN
SMN2-Exon7-Amplicon,322,t,NaN
SMN2-Exon7-Amplicon,323,c,NaN
SMN2-Exon7-Amplicon,324,g,NaN
