Region,Position,Ref_base,Mut_percentage
SARS-CoV2-5UTR-Amplicon,1,a,-0.0366
SARS-CoV2-5UTR-Amplicon,2,g,0
SARS-CoV2-5UTR-Amplicon,3,g,0
SARS-CoV2-5UTR-Amplicon,4,t,0.0244
SARS-CoV2-5UTR-Amplicon,5,t,0.0483
SARS-CoV2-5UTR-Amplicon,6,t,0.8931
SARS-CoV2-5UTR-Amplicon,7,a,0.2877
SARS-CoV2-5UTR-Amplicon,8,t,0.5583
SARS-CoV2-5UTR-Amplicon,9,a,0.347
SARS-CoV2-5UTR-Amplicon,10,c,0.4145
SARS-CoV2-5UTR-Amplicon,11,c,0.482
SARS-CoV2-5UTR-Amplicon,12,t,0.5925
SARS-CoV2-5UTR-Amplicon,13,t,0.5462
SARS-CoV2-5UTR-Amplicon,14,c,1.4786
SARS-CoV2-5UTR-Amplicon,15,c,0.2719
SARS-CoV2-5UTR-Amplicon,16,c,0.6778
SARS-CoV2-5UTR-Amplicon,17,a,0.5484
SARS-CoV2-5UTR-Amplicon,18,g,1.0743
SARS-CoV2-5UTR-Amplicon,19,g,0.9204
SARS-CoV2-5UTR-Amplicon,20,t,1.9707
SARS-CoV2-5UTR-Amplicon,21,a,1.5092
SARS-CoV2-5UTR-Amplicon,22,a,1.9441
SARS-CoV2-5UTR-Amplicon,23,c,1.7689
SARS-CoV2-5UTR-Amplicon,24,a,1.4871
SARS-CoV2-5UTR-Amplicon,25,a,0.7889
SARS-CoV2-5UTR-Amplicon,26,a,0.8566
SARS-CoV2-5UTR-Amplicon,27,c,1.3003
SARS-CoV2-5UTR-Amplicon,28,c,1.6074
SARS-CoV2-5UTR-Amplicon,29,a,1.4337
SARS-CoV2-5UTR-Amplicon,30,a,0.4775
SARS-CoV2-5UTR-Amplicon,31,c,0.8697
SARS-CoV2-5UTR-Amplicon,32,c,1.3472
SARS-CoV2-5UTR-Amplicon,33,a,1.9772
SARS-CoV2-5UTR-Amplicon,34,a,0.7497
SARS-CoV2-5UTR-Amplicon,35,c,1.2089
SARS-CoV2-5UTR-Amplicon,36,t,4.6282
SARS-CoV2-5UTR-Amplicon,37,t,1.6664
SARS-CoV2-5UTR-Amplicon,38,t,1.2287
SARS-CoV2-5UTR-Amplicon,39,c,4.8469
SARS-CoV2-5UTR-Amplicon,40,g,4.5523
SARS-CoV2-5UTR-Amplicon,41,a,1.1245
SARS-CoV2-5UTR-Amplicon,42,t,2.8864
SARS-CoV2-5UTR-Amplicon,43,c,4.3967
SARS-CoV2-5UTR-Amplicon,44,t,1.8456
SARS-CoV2-5UTR-Amplicon,45,c,2.8015
SARS-CoV2-5UTR-Amplicon,46,t,3.3026
SARS-CoV2-5UTR-Amplicon,47,t,2.6991
SARS-CoV2-5UTR-Amplicon,48,g,1.3747
SARS-CoV2-5UTR-Amplicon,49,t,1.9444
SARS-CoV2-5UTR-Amplicon,50,a,1.8577
SARS-CoV2-5UTR-Amplicon,51,g,3.2965
SARS-CoV2-5UTR-Amplicon,52,a,1.1873
SARS-CoV2-5UTR-Amplicon,53,t,1.7057
SARS-CoV2-5UTR-Amplicon,54,c,3.3278
SARS-CoV2-5UTR-Amplicon,55,t,1.8862
SARS-CoV2-5UTR-Amplicon,56,g,2.6684
SARS-CoV2-5UTR-Amplicon,57,t,3.8179
SARS-CoV2-5UTR-Amplicon,58,t,3.6006
SARS-CoV2-5UTR-Amplicon,59,c,4.4507
SARS-CoV2-5UTR-Amplicon,60,t,1.6508
SARS-CoV2-5UTR-Amplicon,61,c,2.7342
SARS-CoV2-5UTR-Amplicon,62,t,3.8114
SARS-CoV2-5UTR-Amplicon,63,a,4.8956
SARS-CoV2-5UTR-Amplicon,64,a,0.7015
SARS-CoV2-5UTR-Amplicon,65,a,0.7013
SARS-CoV2-5UTR-Amplicon,66,c,1.1688
SARS-CoV2-5UTR-Amplicon,67,g,3.3884
SARS-CoV2-5UTR-Amplicon,68,a,1.2684
SARS-CoV2-5UTR-Amplicon,69,a,1.2517
SARS-CoV2-5UTR-Amplicon,70,c,3.4546
SARS-CoV2-5UTR-Amplicon,71,t,2.7036
SARS-CoV2-5UTR-Amplicon,72,t,1.4519
SARS-CoV2-5UTR-Amplicon,73,t,1.6692
SARS-CoV2-5UTR-Amplicon,74,a,3.6671
SARS-CoV2-5UTR-Amplicon,75,a,1.9598
SARS-CoV2-5UTR-Amplicon,76,a,2.0771
SARS-CoV2-5UTR-Amplicon,77,a,3.316
SARS-CoV2-5UTR-Amplicon,78,t,3.3998
SARS-CoV2-5UTR-Amplicon,79,c,2.9633
SARS-CoV2-5UTR-Amplicon,80,t,2.4317
SARS-CoV2-5UTR-Amplicon,81,g,2.3973
SARS-CoV2-5UTR-Amplicon,82,t,1.994
SARS-CoV2-5UTR-Amplicon,83,g,1.7091
SARS-CoV2-5UTR-Amplicon,84,t,2.3786
SARS-CoV2-5UTR-Amplicon,85,g,2.4125
SARS-CoV2-5UTR-Amplicon,86,g,2.0651
SARS-CoV2-5UTR-Amplicon,87,c,3.148
SARS-CoV2-5UTR-Amplicon,88,t,2.7457
SARS-CoV2-5UTR-Amplicon,89,g,2.3361
SARS-CoV2-5UTR-Amplicon,90,t,2.4702
SARS-CoV2-5UTR-Amplicon,91,c,2.7054
SARS-CoV2-5UTR-Amplicon,92,a,2.5197
SARS-CoV2-5UTR-Amplicon,93,c,3.4141
SARS-CoV2-5UTR-Amplicon,94,t,2.0336
SARS-CoV2-5UTR-Amplicon,95,c,3.2117
SARS-CoV2-5UTR-Amplicon,96,g,3.1444
SARS-CoV2-5UTR-Amplicon,97,g,2.0017
SARS-CoV2-5UTR-Amplicon,98,c,2.1862
SARS-CoV2-5UTR-Amplicon,99,t,2.1595
SARS-CoV2-5UTR-Amplicon,100,g,2.992
SARS-CoV2-5UTR-Amplicon,101,c,3.4231
SARS-CoV2-5UTR-Amplicon,102,g,4.3717
SARS-CoV2-5UTR-Amplicon,103,t,2.0591
SARS-CoV2-5UTR-Amplicon,104,g,4.5666
SARS-CoV2-5UTR-Amplicon,105,c,4.1508
SARS-CoV2-5UTR-Amplicon,106,t,4.1833
SARS-CoV2-5UTR-Amplicon,107,t,3.8506
SARS-CoV2-5UTR-Amplicon,108,a,1.7925
SARS-CoV2-5UTR-Amplicon,109,g,2.1245
SARS-CoV2-5UTR-Amplicon,110,t,1.8755
SARS-CoV2-5UTR-Amplicon,111,g,1.2612
SARS-CoV2-5UTR-Amplicon,112,c,1.7261
SARS-CoV2-5UTR-Amplicon,113,a,1.3276
SARS-CoV2-5UTR-Amplicon,114,c,1.4769
SARS-CoV2-5UTR-Amplicon,115,t,1.0787
SARS-CoV2-5UTR-Amplicon,116,c,2.505
SARS-CoV2-5UTR-Amplicon,117,a,1.4267
SARS-CoV2-5UTR-Amplicon,118,c,1.7416
SARS-CoV2-5UTR-Amplicon,119,g,1.4591
SARS-CoV2-5UTR-Amplicon,120,c,1.2599
SARS-CoV2-5UTR-Amplicon,121,a,1.4423
SARS-CoV2-5UTR-Amplicon,122,g,1.8374
SARS-CoV2-5UTR-Amplicon,123,t,1.8
SARS-CoV2-5UTR-Amplicon,124,a,1.2169
SARS-CoV2-5UTR-Amplicon,125,t,0.9554
SARS-CoV2-5UTR-Amplicon,126,a,0.7411
SARS-CoV2-5UTR-Amplicon,127,a,0.5599
SARS-CoV2-5UTR-Amplicon,128,t,0.8564
SARS-CoV2-5UTR-Amplicon,129,t,0.6752
SARS-CoV2-5UTR-Amplicon,130,a,0.6094
SARS-CoV2-5UTR-Amplicon,131,a,1.2187
SARS-CoV2-5UTR-Amplicon,132,t,0.5764
SARS-CoV2-5UTR-Amplicon,133,a,1.3008
SARS-CoV2-5UTR-Amplicon,134,a,0.6421
SARS-CoV2-5UTR-Amplicon,135,c,1.5805
SARS-CoV2-5UTR-Amplicon,136,t,0.9384
SARS-CoV2-5UTR-Amplicon,137,a,0.8239
SARS-CoV2-5UTR-Amplicon,138,a,0.8733
SARS-CoV2-5UTR-Amplicon,139,t,0.8076
SARS-CoV2-5UTR-Amplicon,140,t,0.8076
SARS-CoV2-5UTR-Amplicon,141,a,1.1212
SARS-CoV2-5UTR-Amplicon,142,c,1.6949
SARS-CoV2-5UTR-Amplicon,143,t,1.4149
SARS-CoV2-5UTR-Amplicon,144,g,1.7934
SARS-CoV2-5UTR-Amplicon,145,t,0.951
SARS-CoV2-5UTR-Amplicon,146,c,1.4759
SARS-CoV2-5UTR-Amplicon,147,g,2.5119
SARS-CoV2-5UTR-Amplicon,148,t,1.1985
SARS-CoV2-5UTR-Amplicon,149,t,1.0144
SARS-CoV2-5UTR-Amplicon,150,g,2.5126
SARS-CoV2-5UTR-Amplicon,151,a,1.2239
SARS-CoV2-5UTR-Amplicon,152,c,1.5473
SARS-CoV2-5UTR-Amplicon,153,a,2.1893
SARS-CoV2-5UTR-Amplicon,154,g,3.3246
SARS-CoV2-5UTR-Amplicon,155,g,2.5544
SARS-CoV2-5UTR-Amplicon,156,a,2.3719
SARS-CoV2-5UTR-Amplicon,157,c,2.8153
SARS-CoV2-5UTR-Amplicon,158,a,2.1682
SARS-CoV2-5UTR-Amplicon,159,c,2.0033
SARS-CoV2-5UTR-Amplicon,160,g,4.8323
SARS-CoV2-5UTR-Amplicon,161,a,3.685
SARS-CoV2-5UTR-Amplicon,162,g,1.7182
SARS-CoV2-5UTR-Amplicon,163,t,2.0452
SARS-CoV2-5UTR-Amplicon,164,a,3.1582
SARS-CoV2-5UTR-Amplicon,165,a,1.6198
SARS-CoV2-5UTR-Amplicon,166,c,1.9627
SARS-CoV2-5UTR-Amplicon,167,t,1.3725
SARS-CoV2-5UTR-Amplicon,168,c,2.8436
SARS-CoV2-5UTR-Amplicon,169,g,2.6647
SARS-CoV2-5UTR-Amplicon,170,t,2.1416
SARS-CoV2-5UTR-Amplicon,171,c,3.3535
SARS-CoV2-5UTR-Amplicon,172,t,4.7923
SARS-CoV2-5UTR-Amplicon,173,a,4.3514
SARS-CoV2-5UTR-Amplicon,174,t,3.437
SARS-CoV2-5UTR-Amplicon,175,c,4.2062
SARS-CoV2-5UTR-Amplicon,176,t,3.5358
SARS-CoV2-5UTR-Amplicon,177,t,2.3572
SARS-CoV2-5UTR-Amplicon,178,c,2.6027
SARS-CoV2-5UTR-Amplicon,179,t,2.3088
SARS-CoV2-5UTR-Amplicon,180,g,4.1755
SARS-CoV2-5UTR-Amplicon,181,c,3.1444
SARS-CoV2-5UTR-Amplicon,182,a,2.5225
SARS-CoV2-5UTR-Amplicon,183,g,2.4628
SARS-CoV2-5UTR-Amplicon,184,g,1.7434
SARS-CoV2-5UTR-Amplicon,185,c,2.7191
SARS-CoV2-5UTR-Amplicon,186,t,2.8435
SARS-CoV2-5UTR-Amplicon,187,g,3.3706
SARS-CoV2-5UTR-Amplicon,188,c,2.4916
SARS-CoV2-5UTR-Amplicon,189,t,8.42
SARS-CoV2-5UTR-Amplicon,190,t,3.3296
SARS-CoV2-5UTR-Amplicon,191,a,2.8485
SARS-CoV2-5UTR-Amplicon,192,c,2.7364
SARS-CoV2-5UTR-Amplicon,193,g,3.1845
SARS-CoV2-5UTR-Amplicon,194,g,3.04
SARS-CoV2-5UTR-Amplicon,195,t,2.8311
SARS-CoV2-5UTR-Amplicon,196,t,1.6475
SARS-CoV2-5UTR-Amplicon,197,t,1.7272
SARS-CoV2-5UTR-Amplicon,198,c,3.2635
SARS-CoV2-5UTR-Amplicon,199,g,2.752
SARS-CoV2-5UTR-Amplicon,200,t,2.432
SARS-CoV2-5UTR-Amplicon,201,c,3.536
SARS-CoV2-5UTR-Amplicon,202,c,3.5514
SARS-CoV2-5UTR-Amplicon,203,g,2.3836
SARS-CoV2-5UTR-Amplicon,204,t,4.8944
SARS-CoV2-5UTR-Amplicon,205,g,1.9348
SARS-CoV2-5UTR-Amplicon,206,t,2.3193
SARS-CoV2-5UTR-Amplicon,207,t,3.6148
SARS-CoV2-5UTR-Amplicon,208,g,2.4984
SARS-CoV2-5UTR-Amplicon,209,c,3.3401
SARS-CoV2-5UTR-Amplicon,210,a,2.0446
SARS-CoV2-5UTR-Amplicon,211,g,2.9655
SARS-CoV2-5UTR-Amplicon,212,c,2.0144
SARS-CoV2-5UTR-Amplicon,213,c,1.8894
SARS-CoV2-5UTR-Amplicon,214,g,3.757
SARS-CoV2-5UTR-Amplicon,215,a,1.7689
SARS-CoV2-5UTR-Amplicon,216,t,1.6137
SARS-CoV2-5UTR-Amplicon,217,c,2.6007
SARS-CoV2-5UTR-Amplicon,218,a,3.9004
SARS-CoV2-5UTR-Amplicon,219,t,1.5982
SARS-CoV2-5UTR-Amplicon,220,c,3.7612
SARS-CoV2-5UTR-Amplicon,221,a,7.3106
SARS-CoV2-5UTR-Amplicon,222,g,5.1503
SARS-CoV2-5UTR-Amplicon,223,c,2.8339
SARS-CoV2-5UTR-Amplicon,224,a,4.7604
SARS-CoV2-5UTR-Amplicon,225,c,2.1654
SARS-CoV2-5UTR-Amplicon,226,a,5.0327
SARS-CoV2-5UTR-Amplicon,227,t,3.1684
SARS-CoV2-5UTR-Amplicon,228,c,3.9338
SARS-CoV2-5UTR-Amplicon,229,t,3.6661
SARS-CoV2-5UTR-Amplicon,230,a,3.5096
SARS-CoV2-5UTR-Amplicon,231,g,4.2583
SARS-CoV2-5UTR-Amplicon,232,g,4.8503
SARS-CoV2-5UTR-Amplicon,233,t,4.7375
SARS-CoV2-5UTR-Amplicon,234,t,3.9453
SARS-CoV2-5UTR-Amplicon,235,t,3.8826
SARS-CoV2-5UTR-Amplicon,236,c,3.8838
SARS-CoV2-5UTR-Amplicon,237,g,2.9828
SARS-CoV2-5UTR-Amplicon,238,t,2.0519
SARS-CoV2-5UTR-Amplicon,239,c,3.4531
SARS-CoV2-5UTR-Amplicon,240,c,3.5153
SARS-CoV2-5UTR-Amplicon,241,g,5.196
SARS-CoV2-5UTR-Amplicon,242,g,3.4165
SARS-CoV2-5UTR-Amplicon,243,g,4.2902
SARS-CoV2-5UTR-Amplicon,244,t,4.2826
SARS-CoV2-5UTR-Amplicon,245,g,1.8756
SARS-CoV2-5UTR-Amplicon,246,t,2.1569
SARS-CoV2-5UTR-Amplicon,247,g,6.3936
SARS-CoV2-5UTR-Amplicon,248,a,3.5239
SARS-CoV2-5UTR-Amplicon,249,c,2.8191
SARS-CoV2-5UTR-Amplicon,250,c,1.8094
SARS-CoV2-5UTR-Amplicon,251,g,3.8534
SARS-CoV2-5UTR-Amplicon,252,a,4.2746
SARS-CoV2-5UTR-Amplicon,253,a,2.4143
SARS-CoV2-5UTR-Amplicon,254,a,2.7103
SARS-CoV2-5UTR-Amplicon,255,g,3.9127
SARS-CoV2-5UTR-Amplicon,256,g,3.4918
SARS-CoV2-5UTR-Amplicon,257,t,4.3024
SARS-CoV2-5UTR-Amplicon,258,a,5.0195
SARS-CoV2-5UTR-Amplicon,259,a,3.5066
SARS-CoV2-5UTR-Amplicon,260,g,3.91
SARS-CoV2-5UTR-Amplicon,261,a,3.1032
SARS-CoV2-5UTR-Amplicon,262,t,2.0335
SARS-CoV2-5UTR-Amplicon,263,g,3.4151
SARS-CoV2-5UTR-Amplicon,264,g,2.1435
SARS-CoV2-5UTR-Amplicon,265,a,1.5843
SARS-CoV2-5UTR-Amplicon,266,g,3.1386
SARS-CoV2-5UTR-Amplicon,267,a,2.051
SARS-CoV2-5UTR-Amplicon,268,g,2.4584
SARS-CoV2-5UTR-Amplicon,269,c,2.4588
SARS-CoV2-5UTR-Amplicon,270,c,1.9922
SARS-CoV2-5UTR-Amplicon,271,t,2.9879
SARS-CoV2-5UTR-Amplicon,272,t,1.4781
SARS-CoV2-5UTR-Amplicon,273,g,1.6962
SARS-CoV2-5UTR-Amplicon,274,t,2.1732
SARS-CoV2-5UTR-Amplicon,275,c,7.3735
SARS-CoV2-5UTR-Amplicon,276,c,1.9377
SARS-CoV2-5UTR-Amplicon,277,c,2.714
SARS-CoV2-5UTR-Amplicon,278,t,3.6761
SARS-CoV2-5UTR-Amplicon,279,g,7.9491
SARS-CoV2-5UTR-Amplicon,280,g,3.9602
SARS-CoV2-5UTR-Amplicon,281,t,3.4949
SARS-CoV2-5UTR-Amplicon,282,t,2.2989
SARS-CoV2-5UTR-Amplicon,283,t,2.9594
SARS-CoV2-5UTR-Amplicon,284,c,4.0899
SARS-CoV2-5UTR-Amplicon,285,a,3.702
SARS-CoV2-5UTR-Amplicon,286,a,2.1059
SARS-CoV2-5UTR-Amplicon,287,c,1.9666
SARS-CoV2-5UTR-Amplicon,288,g,3.1903
SARS-CoV2-5UTR-Amplicon,289,a,1.996
SARS-CoV2-5UTR-Amplicon,290,g,4.104
SARS-CoV2-5UTR-Amplicon,291,g,2.6324
SARS-CoV2-5UTR-Amplicon,292,g,2.6336
SARS-CoV2-5UTR-Amplicon,293,a,2.2581
SARS-CoV2-5UTR-Amplicon,294,g,4.4342
SARS-CoV2-5UTR-Amplicon,295,t,4.4031
SARS-CoV2-5UTR-Amplicon,296,c,6.4229
SARS-CoV2-5UTR-Amplicon,297,a,9.4865
SARS-CoV2-5UTR-Amplicon,298,a,5.4391
SARS-CoV2-5UTR-Amplicon,299,a,5.6311
SARS-CoV2-5UTR-Amplicon,300,g,6.0378
SARS-CoV2-5UTR-Amplicon,301,t,8.2799
SARS-CoV2-5UTR-Amplicon,302,t,7.8143
SARS-CoV2-5UTR-Amplicon,303,c,3.1576
SARS-CoV2-5UTR-Amplicon,304,t,3.4135
SARS-CoV2-5UTR-Amplicon,305,g,2.681
SARS-CoV2-5UTR-Amplicon,306,t,10.2119
SARS-CoV2-5UTR-Amplicon,307,t,1.9586
SARS-CoV2-5UTR-Amplicon,308,t,2.317
SARS-CoV2-5UTR-Amplicon,309,g,2.3667
SARS-CoV2-5UTR-Amplicon,310,c,4.4614
SARS-CoV2-5UTR-Amplicon,311,c,1.5582
SARS-CoV2-5UTR-Amplicon,312,c,1.3667
SARS-CoV2-5UTR-Amplicon,313,t,1.6279
SARS-CoV2-5UTR-Amplicon,314,g,1.4658
SARS-CoV2-5UTR-Amplicon,315,a,1.059
SARS-CoV2-5UTR-Amplicon,316,t,1.4176
SARS-CoV2-5UTR-Amplicon,317,c,2.0375
SARS-CoV2-5UTR-Amplicon,318,t,1.9403
SARS-CoV2-5UTR-Amplicon,319,g,2.449
SARS-CoV2-5UTR-Amplicon,320,c,1.9432
SARS-CoV2-5UTR-Amplicon,321,a,6.6808
SARS-CoV2-5UTR-Amplicon,322,t,0.9486
SARS-CoV2-5UTR-Amplicon,323,c,1.8815
SARS-CoV2-5UTR-Amplicon,324,g,1.5915
SARS-CoV2-5UTR-Amplicon,325,c,2.2052
SARS-CoV2-5UTR-Amplicon,326,t,1.8419
SARS-CoV2-5UTR-Amplicon,327,g,2.6416
SARS-CoV2-5UTR-Amplicon,328,t,1.9471
SARS-CoV2-5UTR-Amplicon,329,g,1.7413
SARS-CoV2-5UTR-Amplicon,330,g,1.707
SARS-CoV2-5UTR-Amplicon,331,c,1.9187
SARS-CoV2-5UTR-Amplicon,332,c,1.0126
SARS-CoV2-5UTR-Amplicon,333,g,5.2788
SARS-CoV2-5UTR-Amplicon,334,a,4.1965
SARS-CoV2-5UTR-Amplicon,335,g,2.0119
SARS-CoV2-5UTR-Amplicon,336,g,2.4172
SARS-CoV2-5UTR-Amplicon,337,c,1.9457
SARS-CoV2-5UTR-Amplicon,338,c,2.1828
SARS-CoV2-5UTR-Amplicon,339,a,3.2729
SARS-CoV2-5UTR-Amplicon,340,a,1.9072
SARS-CoV2-5UTR-Amplicon,341,g,1.9484
SARS-CoV2-5UTR-Amplicon,342,c,2.3617
SARS-CoV2-5UTR-Amplicon,343,c,1.5563
SARS-CoV2-5UTR-Amplicon,344,c,1.5226
SARS-CoV2-5UTR-Amplicon,345,a,1.9235
SARS-CoV2-5UTR-Amplicon,346,c,2.4405
SARS-CoV2-5UTR-Amplicon,347,c,1.8138
SARS-CoV2-5UTR-Amplicon,348,g,2.5938
SARS-CoV2-5UTR-Amplicon,349,a,3.2335
SARS-CoV2-5UTR-Amplicon,350,g,3.1663
SARS-CoV2-5UTR-Amplicon,351,a,5.854
SARS-CoV2-5UTR-Amplicon,352,a,2.0875
SARS-CoV2-5UTR-Amplicon,353,c,1.9497
SARS-CoV2-5UTR-Amplicon,354,a,3.287
SARS-CoV2-5UTR-Amplicon,355,a,0.9353
SARS-CoV2-5UTR-Amplicon,356,c,0.8758
SARS-CoV2-5UTR-Amplicon,357,g,4.085
SARS-CoV2-5UTR-Amplicon,358,a,0.8381
SARS-CoV2-5UTR-Amplicon,359,a,0.943
SARS-CoV2-5UTR-Amplicon,360,g,2.8312
SARS-CoV2-5UTR-Amplicon,361,a,1.5152
SARS-CoV2-5UTR-Amplicon,362,c,1.0605
SARS-CoV2-5UTR-Amplicon,363,t,3.6273
SARS-CoV2-5UTR-Amplicon,364,t,1.1819
SARS-CoV2-5UTR-Amplicon,365,c,1.4052
SARS-CoV2-5UTR-Amplicon,366,a,3.8255
SARS-CoV2-5UTR-Amplicon,367,a,0.5167
SARS-CoV2-5UTR-Amplicon,368,c,0.3492
SARS-CoV2-5UTR-Amplicon,369,a,2.9128
SARS-CoV2-5UTR-Amplicon,370,t,0.6143
SARS-CoV2-5UTR-Amplicon,371,c,0.9481
SARS-CoV2-5UTR-Amplicon,372,g,0.2951
SARS-CoV2-5UTR-Amplicon,373,t,0.1365
SARS-CoV2-5UTR-Amplicon,374,g,0.7987
SARS-CoV2-5UTR-Amplicon,375,g,0
SARS-CoV2-5UTR-Amplicon,376,c,0
SARS-CoV2-5UTR-Amplicon,377,c,0
SARS-CoV2-5UTR-Amplicon,378,g,0
SMN2-Exon7-Amplicon,1,a,NaN
SMN2-Exon7-Amplicon,2,g,NaN
SMN2-Exon7-Amplicon,3,g,NaN
SMN2-Exon7-Amplicon,4,t,NaN
SMN2-Exon7-Amplicon,5,t,NaN
SMN2-Exon7-Amplicon,6,t,NaN
SMN2-Exon7-Amplicon,7,a,NaN
SMN2-Exon7-Amplicon,8,t,NaN
SMN2-Exon7-Amplicon,9,a,NaN
SMN2-Exon7-Amplicon,10,c,NaN
SMN2-Exon7-Amplicon,11,c,NaN
SMN2-Exon7-Amplicon,12,t,NaN
SMN2-Exon7-Amplicon,13,t,NaN
SMN2-Exon7-Amplicon,14,c,NaN
SMN2-Exon7-Amplicon,15,c,NaN
SMN2-Exon7-Amplicon,16,c,NaN
SMN2-Exon7-Amplicon,17,a,NaN
SMN2-Exon7-Amplicon,18,g,NaN
SMN2-Exon7-Amplicon,19,g,NaN
SMN2-Exon7-Amplicon,20,t,NaN
SMN2-Exon7-Amplicon,21,a,NaN
SMN2-Exon7-Amplicon,22,a,NaN
SMN2-Exon7-Amplicon,23,c,NaN
SMN2-Exon7-Amplicon,24,a,NaN
SMN2-Exon7-Amplicon,25,a,NaN
SMN2-Exon7-Amplicon,26,a,NaN
SMN2-Exon7-Amplicon,27,c,NaN
SMN2-Exon7-Amplicon,28,c,NaN
SMN2-Exon7-Amplicon,29,a,NaN
SMN2-Exon7-Amplicon,30,a,NaN
SMN2-Exon7-Amplicon,31,c,NaN
SMN2-Exon7-Amplicon,32,c,NaN
SMN2-Exon7-Amplicon,33,a,NaN
SMN2-Exon7-Amplicon,34,a,NaN
SMN2-Exon7-Amplicon,35,c,NaN
SMN2-Exon7-Amplicon,36,t,NaN
SMN2-Exon7-Amplicon,37,t,NaN
SMN2-Exon7-Amplicon,38,t,NaN
SMN2-Exon7-Amplicon,39,c,NaN
SMN2-Exon7-Amplicon,40,g,NaN
SMN2-Exon7-Amplicon,41,a,NaN
SMN2-Exon7-Amplicon,42,t,NaN
SMN2-Exon7-Amplicon,43,c,NaN
SMN2-Exon7-Amplicon,44,t,NaN
SMN2-Exon7-Amplicon,45,c,NaN
SMN2-Exon7-Amplicon,46,t,NaN
SMN2-Exon7-Amplicon,47,t,NaN
SMN2-Exon7-Amplicon,48,g,NaN
SMN2-Exon7-Amplicon,49,t,NaN
SMN2-Exon7-Amplicon,50,a,NaN
SMN2-Exon7-Amplicon,51,g,NaN
SMN2-Exon7-Amplicon,52,a,NaN
SMN2-Exon7-Amplicon,53,t,NaN
SMN2-Exon7-Amplicon,54,c,NaN
SMN2-Exon7-Amplicon,55,t,NaN
SMN2-Exon7-Amplicon,56,g,NaN
SMN2-Exon7-Amplicon,57,t,NaN
SMN2-Exon7-Amplicon,58,t,NaN
SMN2-Exon7-Amplicon,59,c,NaN
SMN2-Exon7-Amplicon,60,t,NaN
SMN2-Exon7-Amplicon,61,c,NaN
SMN2-Exon7-Amplicon,62,t,NaN
SMN2-Exon7-Amplicon,63,a,NaN
SMN2-Exon7-Amplicon,64,a,NaN
SMN2-Exon7-Amplicon,65,a,NaN
SMN2-Exon7-Amplicon,66,c,NaN
SMN2-Exon7-Amplicon,67,g,NaN
SMN2-Exon7-Amplicon,68,a,NaN
SMN2-Exon7-Amplicon,69,a,NaN
SMN2-Exon7-Amplicon,70,c,NaN
SMN2-Exon7-Amplicon,71,t,NaN
SMN2-Exon7-Amplicon,72,t,NaN
SMN2-Exon7-Amplicon,73,t,NaN
SMN2-Exon7-Amplicon,74,a,NaN
SMN2-Exon7-Amplicon,75,a,NaN
SMN2-Exon7-Amplicon,76,a,NaN
SMN2-Exon7-Amplicon,77,a,NaN
SMN2-Exon7-Amplicon,78,t,NaN
SMN2-Exon7-Amplicon,79,c,NaN
SMN2-Exon7-Amplicon,80,t,NaN
SMN2-Exon7-Amplicon,81,g,NaN
SMN2-Exon7-Amplicon,82,t,NaN
SMN2-Exon7-Amplicon,83,g,NaN
SMN2-Exon7-Amplicon,84,t,NaN
SMN2-Exon7-Amplicon,85,g,NaN
SMN2-Exon7-Amplicon,86,g,NaN
SMN2-Exon7-Amplicon,87,c,NaN
SMN2-Exon7-Amplicon,88,t,NaN
SMN2-Exon7-Amplicon,89,g,NaN
SMN2-Exon7-Amplicon,90,t,NaN
SMN2-Exon7-Amplicon,91,c,NaN
SMN2-Exon7-Amplicon,92,a,NaN
SMN2-Exon7-Amplicon,93,c,NaN
SMN2-Exon7-Amplicon,94,t,NaN
SMN2-Exon7-Amplicon,95,c,NaN
SMN2-Exon7-Amplicon,96,g,NaN
SMN2-Exon7-Amplicon,97,g,NaN
SMN2-Exon7-Amplicon,98,c,NaN
SMN2-Exon7-Amplicon,99,t,NaN
SMN2-Exon7-Amplicon,100,g,NaN
SMN2-Exon7-Amplicon,101,c,NaN
SMN2-Exon7-Amplicon,102,g,NaN
SMN2-Exon7-Amplicon,103,t,NaN
SMN2-Exon7-Amplicon,104,g,NaN
SMN2-Exon7-Amplicon,105,c,NaN
SMN2-Exon7-Amplicon,106,t,NaN
SMN2-Exon7-Amplicon,107,t,NaN
SMN2-Exon7-Amplicon,108,a,NaN
SMN2-Exon7-Amplicon,109,g,NaN
SMN2-Exon7-Amplicon,110,t,NaN
SMN2-Exon7-Amplicon,111,g,NaN
SMN2-Exon7-Amplicon,112,c,NaN
SMN2-Exon7-Amplicon,113,a,NaN
SMN2-Exon7-Amplicon,114,c,NaN
SMN2-Exon7-Amplicon,115,t,NaN
SMN2-Exon7-Amplicon,116,c,NaN
SMN2-Exon7-Amplicon,117,a,NaN
SMN2-Exon7-Amplicon,118,c,NaN
SMN2-Exon7-Amplicon,119,g,NaN
SMN2-Exon7-Amplicon,120,c,NaN
SMN2-Exon7-Amplicon,121,a,NaN
SMN2-Exon7-Amplicon,122,g,NaN
SMN2-Exon7-Amplicon,123,t,NaN
SMN2-Exon7-Amplicon,124,a,NaN
SMN2-Exon7-Amplicon,125,t,NaN
SMN2-Exon7-Amplicon,126,a,NaN
SMN2-Exon7-Amplicon,127,a,NaN
SMN2-Exon7-Amplicon,128,t,NaN
SMN2-Exon7-Amplicon,129,t,NaN
SMN2-Exon7-Amplicon,130,a,NaN
SMN2-Exon7-Amplicon,131,a,NaN
SMN2-Exon7-Amplicon,132,t,NaN
SMN2-Exon7-Amplicon,133,a,NaN
SMN2-Exon7-Amplicon,134,a,NaN
SMN2-Exon7-Amplicon,135,c,NaN
SMN2-Exon7-Amplicon,136,t,NaN
SMN2-Exon7-Amplicon,137,a,NaN
SMN2-Exon7-Amplicon,138,a,NaN
SMN2-Exon7-Amplicon,139,t,NaN
SMN2-Exon7-Amplicon,140,t,NaN
SMN2-Exon7-Amplicon,141,a,NaN
SMN2-Exon7-Amplicon,142,c,NaN
SMN2-Exon7-Amplicon,143,t,NaN
SMN2-Exon7-Amplicon,144,g,NaN
SMN2-Exon7-Amplicon,145,t,NaN
SMN2-Exon7-Amplicon,146,c,NaN
SMN2-Exon7-Amplicon,147,g,NaN
SMN2-Exon7-Amplicon,148,t,NaN
SMN2-Exon7-Amplicon,149,t,NaN
SMN2-Exon7-Amplicon,150,g,NaN
SMN2-Exon7-Amplicon,151,a,NaN
SMN2-Exon7-Amplicon,152,c,NaN
SMN2-Exon7-Amplicon,153,a,NaN
SMN2-Exon7-Amplicon,154,g,NaN
SMN2-Exon7-Amplicon,155,g,NaN
SMN2-Exon7-Amplicon,156,a,NaN
SMN2-Exon7-Amplicon,157,c,NaN
SMN2-Exon7-Amplicon,158,a,NaN
SMN2-Exon7-Amplicon,159,c,NaN
SMN2-Exon7-Amplicon,160,g,NaN
SMN2-Exon7-Amplicon,161,a,NaN
SMN2-Exon7-Amplicon,162,g,NaN
SMN2-Exon7-Amplicon,163,t,NaN
SMN2-Exon7-Amplicon,164,a,NaN
SMN2-Exon7-Amplicon,165,a,NaN
SMN2-Exon7-Amplicon,166,c,NaN
SMN2-Exon7-Amplicon,167,t,NaN
SMN2-Exon7-Amplicon,168,c,NaN
SMN2-Exon7-Amplicon,169,g,NaN
SMN2-Exon7-Amplicon,170,t,NaN
SMN2-Exon7-Amplicon,171,c,NaN
SMN2-Exon7-Amplicon,172,t,NaN
SMN2-Exon7-Amplicon,173,a,NaN
SMN2-Exon7-Amplicon,174,t,NaN
SMN2-Exon7-Amplicon,175,c,NaN
SMN2-Exon7-Amplicon,176,t,NaN
SMN2-Exon7-Amplicon,177,t,NaN
SMN2-Exon7-Amplicon,178,c,NaN
SMN2-Exon7-Amplicon,179,t,NaN
SMN2-Exon7-Amplicon,180,g,NaN
SMN2-Exon7-Amplicon,181,c,NaN
SMN2-Exon7-Amplicon,182,a,NaN
SMN2-Exon7-Amplicon,183,g,NaN
SMN2-Exon7-Amplicon,184,g,NaN
SMN2-Exon7-Amplicon,185,c,NaN
SMN2-Exon7-Amplicon,186,t,NaN
SMN2-Exon7-Amplicon,187,g,NaN
SMN2-Exon7-Amplicon,188,c,NaN
SMN2-Exon7-Amplicon,189,t,NaN
SMN2-Exon7-Amplicon,190,t,NaN
SMN2-Exon7-Amplicon,191,a,NaN
SMN2-Exon7-Amplicon,192,c,NaN
SMN2-Exon7-Amplicon,193,g,NaN
SMN2-Exon7-Amplicon,194,g,NaN
SMN2-Exon7-Amplicon,195,t,NaN
SMN2-Exon7-Amplicon,196,t,NaN
SMN2-Exon7-Amplicon,197,t,NaN
SMN2-Exon7-Amplicon,198,c,NaN
SMN2-Exon7-Amplicon,199,g,NaN
SMN2-Exon7-Amplicon,200,t,NaN
SMN2-Exon7-Amplicon,201,c,NaN
SMN2-Exon7-Amplicon,202,c,NaN
SMN2-Exon7-Amplicon,203,g,NaN
SMN2-Exon7-Amplicon,204,t,NaN
SMN2-Exon7-Amplicon,205,g,NaN
SMN2-Exon7-Amplicon,206,t,NaN
SMN2-Exon7-Amplicon,207,t,NaN
SMN2-Exon7-Amplicon,208,g,NaN
SMN2-Exon7-Amplicon,209,c,NaN
SMN2-Exon7-Amplicon,210,a,NaN
SMN2-Exon7-Amplicon,211,g,NaN
SMN2-Exon7-Amplicon,212,c,NaN
SMN2-Exon7-Amplicon,213,c,NaN
SMN2-Exon7-Amplicon,214,g,NaN
SMN2-Exon7-Amplicon,215,a,NaN
SMN2-Exon7-Amplicon,216,t,NaN
SMN2-Exon7-Amplicon,217,c,NaN
SMN2-Exon7-Amplicon,218,a,NaN
SMN2-Exon7-Amplicon,219,t,NaN
SMN2-Exon7-Amplicon,220,c,NaN
SMN2-Exon7-Amplicon,221,a,NaN
SMN2-Exon7-Amplicon,222,g,NaN
SMN2-Exon7-Amplicon,223,c,NaN
SMN2-Exon7-Amplicon,224,a,NaN
SMN2-Exon7-Amplicon,225,c,NaN
SMN2-Exon7-Amplicon,226,a,NaN
SMN2-Exon7-Amplicon,227,t,NaN
SMN2-Exon7-Amplicon,228,c,NaN
SMN2-Exon7-Amplicon,229,t,NaN
SMN2-Exon7-Amplicon,230,a,NaN
SMN2-Exon7-Amplicon,231,g,NaN
SMN2-Exon7-Amplicon,232,g,NaN
SMN2-Exon7-Amplicon,233,t,NaN
SMN2-Exon7-Amplicon,234,t,NaN
SMN2-Exon7-Amplicon,235,t,NaN
SMN2-Exon7-Amplicon,236,c,NaN
SMN2-Exon7-Amplicon,237,g,NaN
SMN2-Exon7-Amplicon,238,t,NaN
SMN2-Exon7-Amplicon,239,c,NaN
SMN2-Exon7-Amplicon,240,c,NaN
SMN2-Exon7-Amplicon,241,g,NaN
SMN2-Exon7-Amplicon,242,g,NaN
SMN2-Exon7-Amplicon,243,g,NaN
SMN2-Exon7-Amplicon,244,t,NaN
SMN2-Exon7-Amplicon,245,g,NaN
SMN2-Exon7-Amplicon,246,t,NaN
SMN2-Exon7-Amplicon,247,g,NaN
SMN2-Exon7-Amplicon,248,a,NaN
SMN2-Exon7-Amplicon,249,c,NaN
SMN2-Exon7-Amplicon,250,c,NaN
SMN2-Exon7-Amplicon,251,g,NaN
SMN2-Exon7-Amplicon,252,a,NaN
SMN2-Exon7-Amplicon,253,a,NaN
SMN2-Exon7-Amplicon,254,a,NaN
SMN2-Exon7-Amplicon,255,g,NaN
SMN2-Exon7-Amplicon,256,g,NaN
SMN2-Exon7-Amplicon,257,t,NaN
SMN2-Exon7-Amplicon,258,a,NaN
SMN2-Exon7-Amplicon,259,a,NaN
SMN2-Exon7-Amplicon,260,g,NaN
SMN2-Exon7-Amplicon,261,a,NaN
SMN2-Exon7-Amplicon,262,t,NaN
SMN2-Exon7-Amplicon,263,g,NaN
SMN2-Exon7-Amplicon,264,g,NaN
SMN2-Exon7-Amplicon,265,a,NaN
SMN2-Exon7-Amplicon,266,g,NaN
SMN2-Exon7-Amplicon,267,a,NaN
SMN2-Exon7-Amplicon,268,g,NaN
SMN2-Exon7-Amplicon,269,c,NaN
SMN2-Exon7-Amplicon,270,c,NaN
SMN2-Exon7-Amplicon,271,t,NaN
SMN2-Exon7-Amplicon,272,t,NaN
SMN2-Exon7-Amplicon,273,g,NaN
SMN2-Exon7-Amplicon,274,t,NaN
SMN2-Exon7-Amplicon,275,c,NaN
SMN2-Exon7-Amplicon,276,c,NaN
SMN2-Exon7-Amplicon,277,c,NaN
SMN2-Exon7-Amplicon,278,t,NaN
SMN2-Exon7-Amplicon,279,g,NaN
SMN2-Exon7-Amplicon,280,g,NaN
SMN2-Exon7-Amplicon,281,t,NaN
SMN2-Exon7-Amplicon,282,t,NaN
SMN2-Exon7-Amplicon,283,t,NaN
SMN2-Exon7-Amplicon,284,c,NaN
SMN2-Exon7-Amplicon,285,a,NaN
SMN2-Exon7-Amplicon,286,a,NaN
SMN2-Exon7-Amplicon,287,c,NaN
SMN2-Exon7-Amplicon,288,g,NaN
SMN2-Exon7-Amplicon,289,a,NaN
SMN2-Exon7-Amplicon,290,g,NaN
SMN2-Exon7-Amplicon,291,g,NaN
SMN2-Exon7-Amplicon,292,g,NaN
SMN2-Exon7-Amplicon,293,a,NaN
SMN2-Exon7-Amplicon,294,g,NaN
SMN2-Exon7-Amplicon,295,t,NaN
SMN2-Exon7-Amplicon,296,c,NaN
SMN2-Exon7-Amplicon,297,a,NaN
SMN2-Exon7-Amplicon,298,a,NaN
SMN2-Exon7-Amplicon,299,a,NaN
SMN2-Exon7-Amplicon,300,g,NaN
SMN2-Exon7-Amplicon,301,t,NaN
SMN2-Exon7-Amplicon,302,t,NaN
SMN2-Exon7-Amplicon,303,c,NaN
SMN2-Exon7-Amplicon,304,t,NaN
SMN2-Exon7-Amplicon,305,g,NaN
SMN2-Exon7-Amplicon,306,t,NaN
SMN2-Exon7-Amplicon,307,t,NaN
SMN2-Exon7-Amplicon,308,t,NaN
SMN2-Exon7-Amplicon,309,g,NaN
SMN2-Exon7-Amplicon,310,c,NaN
SMN2-Exon7-Amplicon,311,c,NaN
SMN2-Exon7-Amplicon,312,c,NaN
SMN2-Exon7-Amplicon,313,t,NaN
SMN2-Exon7-Amplicon,314,g,NaN
SMN2-Exon7-Amplicon,315,a,NaN
SMN2-Exon7-Amplicon,316,t,NaN
SMN2-Exon7-Amplicon,317,c,NaN
SMN2-Exon7-Amplicon,318,t,NaN
SMN2-Exon7-Amplicon,319,g,NaN
SMN2-Exon7-Amplicon,320,c,NaN
SMN2-Exon7-Amplicon,321,a,NaN
SMN2-Exon7-Amplicon,322,t,NaN
SMN2-Exon7-Amplicon,323,c,NaN
SMN2-Exon7-Amplicon,324,g,NaN
