Region,Position,Ref_base,Mut_percentage
SARS-CoV2-5UTR-Amplicon,1,a,0
SARS-CoV2-5UTR-Amplicon,2,g,0
SARS-CoV2-5UTR-Amplicon,3,g,0
SARS-CoV2-5UTR-Amplicon,4,t,0.018
SARS-CoV2-5UTR-Amplicon,5,t,0.0179
SARS-CoV2-5UTR-Amplicon,6,t,0.8902
SARS-CoV2-5UTR-Amplicon,7,a,0.4054
SARS-CoV2-5UTR-Amplicon,8,t,0.8165
SARS-CoV2-5UTR-Amplicon,9,a,0.4893
SARS-CoV2-5UTR-Amplicon,10,c,0.7054
SARS-CoV2-5UTR-Amplicon,11,c,0.3844
SARS-CoV2-5UTR-Amplicon,12,t,0.8109
SARS-CoV2-5UTR-Amplicon,13,t,0.4792
SARS-CoV2-5UTR-Amplicon,14,c,1.4694
SARS-CoV2-5UTR-Amplicon,15,c,0.411
SARS-CoV2-5UTR-Amplicon,16,c,0.7202
SARS-CoV2-5UTR-Amplicon,17,a,0.4896
SARS-CoV2-5UTR-Amplicon,18,g,1.0732
SARS-CoV2-5UTR-Amplicon,19,g,0.6625
SARS-CoV2-5UTR-Amplicon,20,t,2.0948
SARS-CoV2-5UTR-Amplicon,21,a,2.0138
SARS-CoV2-5UTR-Amplicon,22,a,2.1537
SARS-CoV2-5UTR-Amplicon,23,c,2.0248
SARS-CoV2-5UTR-Amplicon,24,a,1.6661
SARS-CoV2-5UTR-Amplicon,25,a,0.9476
SARS-CoV2-5UTR-Amplicon,26,a,1.2235
SARS-CoV2-5UTR-Amplicon,27,c,1.6189
SARS-CoV2-5UTR-Amplicon,28,c,2.2103
SARS-CoV2-5UTR-Amplicon,29,a,1.4044
SARS-CoV2-5UTR-Amplicon,30,a,0.7876
SARS-CoV2-5UTR-Amplicon,31,c,1.2855
SARS-CoV2-5UTR-Amplicon,32,c,1.6671
SARS-CoV2-5UTR-Amplicon,33,a,1.7938
SARS-CoV2-5UTR-Amplicon,34,a,0.8329
SARS-CoV2-5UTR-Amplicon,35,c,1.145
SARS-CoV2-5UTR-Amplicon,36,t,3.0373
SARS-CoV2-5UTR-Amplicon,37,t,1.2378
SARS-CoV2-5UTR-Amplicon,38,t,1.1571
SARS-CoV2-5UTR-Amplicon,39,c,5.3958
SARS-CoV2-5UTR-Amplicon,40,g,4.0032
SARS-CoV2-5UTR-Amplicon,41,a,1.1543
SARS-CoV2-5UTR-Amplicon,42,t,2.9015
SARS-CoV2-5UTR-Amplicon,43,c,4.0201
SARS-CoV2-5UTR-Amplicon,44,t,1.8709
SARS-CoV2-5UTR-Amplicon,45,c,2.2808
SARS-CoV2-5UTR-Amplicon,46,t,3.2254
SARS-CoV2-5UTR-Amplicon,47,t,3.178
SARS-CoV2-5UTR-Amplicon,48,g,1.731
SARS-CoV2-5UTR-Amplicon,49,t,1.9018
SARS-CoV2-5UTR-Amplicon,50,a,1.9673
SARS-CoV2-5UTR-Amplicon,51,g,3.1381
SARS-CoV2-5UTR-Amplicon,52,a,1.2395
SARS-CoV2-5UTR-Amplicon,53,t,1.7055
SARS-CoV2-5UTR-Amplicon,54,c,3.1378
SARS-CoV2-5UTR-Amplicon,55,t,2.0218
SARS-CoV2-5UTR-Amplicon,56,g,2.4986
SARS-CoV2-5UTR-Amplicon,57,t,3.9505
SARS-CoV2-5UTR-Amplicon,58,t,4.1199
SARS-CoV2-5UTR-Amplicon,59,c,4.5728
SARS-CoV2-5UTR-Amplicon,60,t,1.5767
SARS-CoV2-5UTR-Amplicon,61,c,2.9832
SARS-CoV2-5UTR-Amplicon,62,t,4.3612
SARS-CoV2-5UTR-Amplicon,63,a,4.4803
SARS-CoV2-5UTR-Amplicon,64,a,0.6821
SARS-CoV2-5UTR-Amplicon,65,a,0.7275
SARS-CoV2-5UTR-Amplicon,66,c,1.1707
SARS-CoV2-5UTR-Amplicon,67,g,3.3189
SARS-CoV2-5UTR-Amplicon,68,a,1.4773
SARS-CoV2-5UTR-Amplicon,69,a,1.5341
SARS-CoV2-5UTR-Amplicon,70,c,2.3636
SARS-CoV2-5UTR-Amplicon,71,t,2.1922
SARS-CoV2-5UTR-Amplicon,72,t,1.5902
SARS-CoV2-5UTR-Amplicon,73,t,1.7378
SARS-CoV2-5UTR-Amplicon,74,a,3.3759
SARS-CoV2-5UTR-Amplicon,75,a,1.8476
SARS-CoV2-5UTR-Amplicon,76,a,1.8821
SARS-CoV2-5UTR-Amplicon,77,a,3.5234
SARS-CoV2-5UTR-Amplicon,78,t,3.4554
SARS-CoV2-5UTR-Amplicon,79,c,2.3706
SARS-CoV2-5UTR-Amplicon,80,t,2.5334
SARS-CoV2-5UTR-Amplicon,81,g,2.1908
SARS-CoV2-5UTR-Amplicon,82,t,1.8816
SARS-CoV2-5UTR-Amplicon,83,g,1.3571
SARS-CoV2-5UTR-Amplicon,84,t,1.9957
SARS-CoV2-5UTR-Amplicon,85,g,2.1211
SARS-CoV2-5UTR-Amplicon,86,g,1.6883
SARS-CoV2-5UTR-Amplicon,87,c,3.1054
SARS-CoV2-5UTR-Amplicon,88,t,2.6385
SARS-CoV2-5UTR-Amplicon,89,g,2.5562
SARS-CoV2-5UTR-Amplicon,90,t,2.4183
SARS-CoV2-5UTR-Amplicon,91,c,2.8879
SARS-CoV2-5UTR-Amplicon,92,a,2.5212
SARS-CoV2-5UTR-Amplicon,93,c,3.508
SARS-CoV2-5UTR-Amplicon,94,t,2.1781
SARS-CoV2-5UTR-Amplicon,95,c,3.063
SARS-CoV2-5UTR-Amplicon,96,g,2.6165
SARS-CoV2-5UTR-Amplicon,97,g,1.5725
SARS-CoV2-5UTR-Amplicon,98,c,1.6208
SARS-CoV2-5UTR-Amplicon,99,t,1.9259
SARS-CoV2-5UTR-Amplicon,100,g,2.3367
SARS-CoV2-5UTR-Amplicon,101,c,2.4051
SARS-CoV2-5UTR-Amplicon,102,g,3.3406
SARS-CoV2-5UTR-Amplicon,103,t,2.1078
SARS-CoV2-5UTR-Amplicon,104,g,2.8939
SARS-CoV2-5UTR-Amplicon,105,c,3.3736
SARS-CoV2-5UTR-Amplicon,106,t,3.4078
SARS-CoV2-5UTR-Amplicon,107,t,3.5674
SARS-CoV2-5UTR-Amplicon,108,a,1.5265
SARS-CoV2-5UTR-Amplicon,109,g,1.708
SARS-CoV2-5UTR-Amplicon,110,t,2.0606
SARS-CoV2-5UTR-Amplicon,111,g,1.1044
SARS-CoV2-5UTR-Amplicon,112,c,1.3552
SARS-CoV2-5UTR-Amplicon,113,a,1.1729
SARS-CoV2-5UTR-Amplicon,114,c,1.0593
SARS-CoV2-5UTR-Amplicon,115,t,0.9457
SARS-CoV2-5UTR-Amplicon,116,c,2.3004
SARS-CoV2-5UTR-Amplicon,117,a,0.9563
SARS-CoV2-5UTR-Amplicon,118,c,1.2749
SARS-CoV2-5UTR-Amplicon,119,g,1.069
SARS-CoV2-5UTR-Amplicon,120,c,1.1258
SARS-CoV2-5UTR-Amplicon,121,a,1.069
SARS-CoV2-5UTR-Amplicon,122,g,1.1236
SARS-CoV2-5UTR-Amplicon,123,t,1.2513
SARS-CoV2-5UTR-Amplicon,124,a,0.9668
SARS-CoV2-5UTR-Amplicon,125,t,0.9397
SARS-CoV2-5UTR-Amplicon,126,a,0.7358
SARS-CoV2-5UTR-Amplicon,127,a,0.6678
SARS-CoV2-5UTR-Amplicon,128,t,0.7923
SARS-CoV2-5UTR-Amplicon,129,t,0.7923
SARS-CoV2-5UTR-Amplicon,130,a,0.6904
SARS-CoV2-5UTR-Amplicon,131,a,0.8376
SARS-CoV2-5UTR-Amplicon,132,t,0.4415
SARS-CoV2-5UTR-Amplicon,133,a,0.7359
SARS-CoV2-5UTR-Amplicon,134,a,0.6
SARS-CoV2-5UTR-Amplicon,135,c,1.0982
SARS-CoV2-5UTR-Amplicon,136,t,0.951
SARS-CoV2-5UTR-Amplicon,137,a,0.7253
SARS-CoV2-5UTR-Amplicon,138,a,0.691
SARS-CoV2-5UTR-Amplicon,139,t,0.6455
SARS-CoV2-5UTR-Amplicon,140,t,0.7816
SARS-CoV2-5UTR-Amplicon,141,a,0.9514
SARS-CoV2-5UTR-Amplicon,142,c,1.4024
SARS-CoV2-5UTR-Amplicon,143,t,1.0857
SARS-CoV2-5UTR-Amplicon,144,g,1.3008
SARS-CoV2-5UTR-Amplicon,145,t,0.8253
SARS-CoV2-5UTR-Amplicon,146,c,1.3795
SARS-CoV2-5UTR-Amplicon,147,g,1.798
SARS-CoV2-5UTR-Amplicon,148,t,0.9723
SARS-CoV2-5UTR-Amplicon,149,t,1.1151
SARS-CoV2-5UTR-Amplicon,150,g,2.137
SARS-CoV2-5UTR-Amplicon,151,a,1.4645
SARS-CoV2-5UTR-Amplicon,152,c,1.4488
SARS-CoV2-5UTR-Amplicon,153,a,2.0196
SARS-CoV2-5UTR-Amplicon,154,g,3.7071
SARS-CoV2-5UTR-Amplicon,155,g,2.6598
SARS-CoV2-5UTR-Amplicon,156,a,2.2258
SARS-CoV2-5UTR-Amplicon,157,c,2.4429
SARS-CoV2-5UTR-Amplicon,158,a,2.4974
SARS-CoV2-5UTR-Amplicon,159,c,1.6999
SARS-CoV2-5UTR-Amplicon,160,g,4.4957
SARS-CoV2-5UTR-Amplicon,161,a,3.3708
SARS-CoV2-5UTR-Amplicon,162,g,1.6217
SARS-CoV2-5UTR-Amplicon,163,t,2.1362
SARS-CoV2-5UTR-Amplicon,164,a,3.21
SARS-CoV2-5UTR-Amplicon,165,a,1.1879
SARS-CoV2-5UTR-Amplicon,166,c,1.4738
SARS-CoV2-5UTR-Amplicon,167,t,1.3135
SARS-CoV2-5UTR-Amplicon,168,c,2.753
SARS-CoV2-5UTR-Amplicon,169,g,2.1128
SARS-CoV2-5UTR-Amplicon,170,t,1.6651
SARS-CoV2-5UTR-Amplicon,171,c,3.5144
SARS-CoV2-5UTR-Amplicon,172,t,4.8043
SARS-CoV2-5UTR-Amplicon,173,a,3.9607
SARS-CoV2-5UTR-Amplicon,174,t,3.2766
SARS-CoV2-5UTR-Amplicon,175,c,4.1334
SARS-CoV2-5UTR-Amplicon,176,t,3.5274
SARS-CoV2-5UTR-Amplicon,177,t,2.2719
SARS-CoV2-5UTR-Amplicon,178,c,2.4079
SARS-CoV2-5UTR-Amplicon,179,t,1.9523
SARS-CoV2-5UTR-Amplicon,180,g,3.5629
SARS-CoV2-5UTR-Amplicon,181,c,2.9895
SARS-CoV2-5UTR-Amplicon,182,a,2.191
SARS-CoV2-5UTR-Amplicon,183,g,1.9397
SARS-CoV2-5UTR-Amplicon,184,g,1.3618
SARS-CoV2-5UTR-Amplicon,185,c,2.1793
SARS-CoV2-5UTR-Amplicon,186,t,2.5743
SARS-CoV2-5UTR-Amplicon,187,g,2.5405
SARS-CoV2-5UTR-Amplicon,188,c,2.3137
SARS-CoV2-5UTR-Amplicon,189,t,6.5885
SARS-CoV2-5UTR-Amplicon,190,t,3.6169
SARS-CoV2-5UTR-Amplicon,191,a,2.3317
SARS-CoV2-5UTR-Amplicon,192,c,2.8324
SARS-CoV2-5UTR-Amplicon,193,g,3.1062
SARS-CoV2-5UTR-Amplicon,194,g,3.1175
SARS-CoV2-5UTR-Amplicon,195,t,2.6738
SARS-CoV2-5UTR-Amplicon,196,t,1.6839
SARS-CoV2-5UTR-Amplicon,197,t,1.764
SARS-CoV2-5UTR-Amplicon,198,c,3.2464
SARS-CoV2-5UTR-Amplicon,199,g,2.2898
SARS-CoV2-5UTR-Amplicon,200,t,1.4242
SARS-CoV2-5UTR-Amplicon,201,c,2.6208
SARS-CoV2-5UTR-Amplicon,202,c,3.1236
SARS-CoV2-5UTR-Amplicon,203,g,1.7102
SARS-CoV2-5UTR-Amplicon,204,t,4.3553
SARS-CoV2-5UTR-Amplicon,205,g,1.7564
SARS-CoV2-5UTR-Amplicon,206,t,1.4484
SARS-CoV2-5UTR-Amplicon,207,t,3.3193
SARS-CoV2-5UTR-Amplicon,208,g,1.9703
SARS-CoV2-5UTR-Amplicon,209,c,2.6053
SARS-CoV2-5UTR-Amplicon,210,a,1.7784
SARS-CoV2-5UTR-Amplicon,211,g,1.9817
SARS-CoV2-5UTR-Amplicon,212,c,1.4048
SARS-CoV2-5UTR-Amplicon,213,c,1.8921
SARS-CoV2-5UTR-Amplicon,214,g,3.3091
SARS-CoV2-5UTR-Amplicon,215,a,1.7512
SARS-CoV2-5UTR-Amplicon,216,t,1.4565
SARS-CoV2-5UTR-Amplicon,217,c,3.3918
SARS-CoV2-5UTR-Amplicon,218,a,3.9385
SARS-CoV2-5UTR-Amplicon,219,t,1.457
SARS-CoV2-5UTR-Amplicon,220,c,4.2478
SARS-CoV2-5UTR-Amplicon,221,a,7.5794
SARS-CoV2-5UTR-Amplicon,222,g,6.9299
SARS-CoV2-5UTR-Amplicon,223,c,2.9268
SARS-CoV2-5UTR-Amplicon,224,a,3.7805
SARS-CoV2-5UTR-Amplicon,225,c,1.6724
SARS-CoV2-5UTR-Amplicon,226,a,4.005
SARS-CoV2-5UTR-Amplicon,227,t,2.6987
SARS-CoV2-5UTR-Amplicon,228,c,3.2919
SARS-CoV2-5UTR-Amplicon,229,t,3.5767
SARS-CoV2-5UTR-Amplicon,230,a,3.303
SARS-CoV2-5UTR-Amplicon,231,g,3.6902
SARS-CoV2-5UTR-Amplicon,232,g,3.3713
SARS-CoV2-5UTR-Amplicon,233,t,4.116
SARS-CoV2-5UTR-Amplicon,234,t,3.2746
SARS-CoV2-5UTR-Amplicon,235,t,3.0255
SARS-CoV2-5UTR-Amplicon,236,c,3.2996
SARS-CoV2-5UTR-Amplicon,237,g,2.5708
SARS-CoV2-5UTR-Amplicon,238,t,1.412
SARS-CoV2-5UTR-Amplicon,239,c,2.8363
SARS-CoV2-5UTR-Amplicon,240,c,2.9288
SARS-CoV2-5UTR-Amplicon,241,g,4.5258
SARS-CoV2-5UTR-Amplicon,242,g,2.6151
SARS-CoV2-5UTR-Amplicon,243,g,3.2096
SARS-CoV2-5UTR-Amplicon,244,t,3.956
SARS-CoV2-5UTR-Amplicon,245,g,2.2133
SARS-CoV2-5UTR-Amplicon,246,t,2.3176
SARS-CoV2-5UTR-Amplicon,247,g,5.611
SARS-CoV2-5UTR-Amplicon,248,a,3.4103
SARS-CoV2-5UTR-Amplicon,249,c,2.4928
SARS-CoV2-5UTR-Amplicon,250,c,2.0413
SARS-CoV2-5UTR-Amplicon,251,g,3.6468
SARS-CoV2-5UTR-Amplicon,252,a,5.2052
SARS-CoV2-5UTR-Amplicon,253,a,1.8559
SARS-CoV2-5UTR-Amplicon,254,a,2.8421
SARS-CoV2-5UTR-Amplicon,255,g,3.1662
SARS-CoV2-5UTR-Amplicon,256,g,3.0174
SARS-CoV2-5UTR-Amplicon,257,t,4.1428
SARS-CoV2-5UTR-Amplicon,258,a,4.051
SARS-CoV2-5UTR-Amplicon,259,a,2.7982
SARS-CoV2-5UTR-Amplicon,260,g,3.2917
SARS-CoV2-5UTR-Amplicon,261,a,2.6153
SARS-CoV2-5UTR-Amplicon,262,t,2.0759
SARS-CoV2-5UTR-Amplicon,263,g,3.0414
SARS-CoV2-5UTR-Amplicon,264,g,2.1604
SARS-CoV2-5UTR-Amplicon,265,a,1.5857
SARS-CoV2-5UTR-Amplicon,266,g,2.6434
SARS-CoV2-5UTR-Amplicon,267,a,2.1382
SARS-CoV2-5UTR-Amplicon,268,g,2.8107
SARS-CoV2-5UTR-Amplicon,269,c,2.3741
SARS-CoV2-5UTR-Amplicon,270,c,1.9592
SARS-CoV2-5UTR-Amplicon,271,t,3.4455
SARS-CoV2-5UTR-Amplicon,272,t,2.0168
SARS-CoV2-5UTR-Amplicon,273,g,1.8442
SARS-CoV2-5UTR-Amplicon,274,t,1.9475
SARS-CoV2-5UTR-Amplicon,275,c,6.918
SARS-CoV2-5UTR-Amplicon,276,c,1.8672
SARS-CoV2-5UTR-Amplicon,277,c,2.3639
SARS-CoV2-5UTR-Amplicon,278,t,3.3356
SARS-CoV2-5UTR-Amplicon,279,g,7.1363
SARS-CoV2-5UTR-Amplicon,280,g,3.2228
SARS-CoV2-5UTR-Amplicon,281,t,3.0755
SARS-CoV2-5UTR-Amplicon,282,t,1.9669
SARS-CoV2-5UTR-Amplicon,283,t,3.1843
SARS-CoV2-5UTR-Amplicon,284,c,4.4607
SARS-CoV2-5UTR-Amplicon,285,a,3.5921
SARS-CoV2-5UTR-Amplicon,286,a,2.1553
SARS-CoV2-5UTR-Amplicon,287,c,1.7159
SARS-CoV2-5UTR-Amplicon,288,g,3.5255
SARS-CoV2-5UTR-Amplicon,289,a,1.8671
SARS-CoV2-5UTR-Amplicon,290,g,4.8281
SARS-CoV2-5UTR-Amplicon,291,g,2.2264
SARS-CoV2-5UTR-Amplicon,292,g,2.9138
SARS-CoV2-5UTR-Amplicon,293,a,2.2655
SARS-CoV2-5UTR-Amplicon,294,g,4.2999
SARS-CoV2-5UTR-Amplicon,295,t,4.6027
SARS-CoV2-5UTR-Amplicon,296,c,7.0182
SARS-CoV2-5UTR-Amplicon,297,a,7.9927
SARS-CoV2-5UTR-Amplicon,298,a,4.723
SARS-CoV2-5UTR-Amplicon,299,a,4.3823
SARS-CoV2-5UTR-Amplicon,300,g,5.1075
SARS-CoV2-5UTR-Amplicon,301,t,6.4922
SARS-CoV2-5UTR-Amplicon,302,t,5.9054
SARS-CoV2-5UTR-Amplicon,303,c,3.2941
SARS-CoV2-5UTR-Amplicon,304,t,3.8843
SARS-CoV2-5UTR-Amplicon,305,g,2.3493
SARS-CoV2-5UTR-Amplicon,306,t,7.504
SARS-CoV2-5UTR-Amplicon,307,t,1.871
SARS-CoV2-5UTR-Amplicon,308,t,2.1266
SARS-CoV2-5UTR-Amplicon,309,g,2.3059
SARS-CoV2-5UTR-Amplicon,310,c,3.6062
SARS-CoV2-5UTR-Amplicon,311,c,1.1853
SARS-CoV2-5UTR-Amplicon,312,c,1.2384
SARS-CoV2-5UTR-Amplicon,313,t,1.6032
SARS-CoV2-5UTR-Amplicon,314,g,1.6919
SARS-CoV2-5UTR-Amplicon,315,a,0.8149
SARS-CoV2-5UTR-Amplicon,316,t,1.2917
SARS-CoV2-5UTR-Amplicon,317,c,1.7566
SARS-CoV2-5UTR-Amplicon,318,t,1.7443
SARS-CoV2-5UTR-Amplicon,319,g,2.2619
SARS-CoV2-5UTR-Amplicon,320,c,1.6342
SARS-CoV2-5UTR-Amplicon,321,a,10.2784
SARS-CoV2-5UTR-Amplicon,322,t,0.6691
SARS-CoV2-5UTR-Amplicon,323,c,1.4524
SARS-CoV2-5UTR-Amplicon,324,g,1.3053
SARS-CoV2-5UTR-Amplicon,325,c,1.5374
SARS-CoV2-5UTR-Amplicon,326,t,0.9925
SARS-CoV2-5UTR-Amplicon,327,g,1.8871
SARS-CoV2-5UTR-Amplicon,328,t,1.3566
SARS-CoV2-5UTR-Amplicon,329,g,1.3718
SARS-CoV2-5UTR-Amplicon,330,g,1.218
SARS-CoV2-5UTR-Amplicon,331,c,1.0383
SARS-CoV2-5UTR-Amplicon,332,c,0.8851
SARS-CoV2-5UTR-Amplicon,333,g,4.9951
SARS-CoV2-5UTR-Amplicon,334,a,3.675
SARS-CoV2-5UTR-Amplicon,335,g,1.7611
SARS-CoV2-5UTR-Amplicon,336,g,1.4419
SARS-CoV2-5UTR-Amplicon,337,c,1.5276
SARS-CoV2-5UTR-Amplicon,338,c,2.1151
SARS-CoV2-5UTR-Amplicon,339,a,2.7079
SARS-CoV2-5UTR-Amplicon,340,a,1.4228
SARS-CoV2-5UTR-Amplicon,341,g,1.5434
SARS-CoV2-5UTR-Amplicon,342,c,2.5628
SARS-CoV2-5UTR-Amplicon,343,c,1.4783
SARS-CoV2-5UTR-Amplicon,344,c,1.3562
SARS-CoV2-5UTR-Amplicon,345,a,2.1758
SARS-CoV2-5UTR-Amplicon,346,c,2.1258
SARS-CoV2-5UTR-Amplicon,347,c,1.6917
SARS-CoV2-5UTR-Amplicon,348,g,3.3514
SARS-CoV2-5UTR-Amplicon,349,a,2.4105
SARS-CoV2-5UTR-Amplicon,350,g,2.2238
SARS-CoV2-5UTR-Amplicon,351,a,4.4546
SARS-CoV2-5UTR-Amplicon,352,a,1.7575
SARS-CoV2-5UTR-Amplicon,353,c,1.3366
SARS-CoV2-5UTR-Amplicon,354,a,2.708
SARS-CoV2-5UTR-Amplicon,355,a,0.6116
SARS-CoV2-5UTR-Amplicon,356,c,0.7216
SARS-CoV2-5UTR-Amplicon,357,g,3.5552
SARS-CoV2-5UTR-Amplicon,358,a,0.889
SARS-CoV2-5UTR-Amplicon,359,a,1.0753
SARS-CoV2-5UTR-Amplicon,360,g,2.7146
SARS-CoV2-5UTR-Amplicon,361,a,1.5085
SARS-CoV2-5UTR-Amplicon,362,c,1.1621
SARS-CoV2-5UTR-Amplicon,363,t,2.7007
SARS-CoV2-5UTR-Amplicon,364,t,1.165
SARS-CoV2-5UTR-Amplicon,365,c,1.004
SARS-CoV2-5UTR-Amplicon,366,a,3.181
SARS-CoV2-5UTR-Amplicon,367,a,0.4767
SARS-CoV2-5UTR-Amplicon,368,c,0.5757
SARS-CoV2-5UTR-Amplicon,369,a,2.4076
SARS-CoV2-5UTR-Amplicon,370,t,0.5209
SARS-CoV2-5UTR-Amplicon,371,c,0.7265
SARS-CoV2-5UTR-Amplicon,372,g,0.4942
SARS-CoV2-5UTR-Amplicon,373,t,0.2181
SARS-CoV2-5UTR-Amplicon,374,g,0.7086
SARS-CoV2-5UTR-Amplicon,375,g,0.041
SARS-CoV2-5UTR-Amplicon,376,c,0
SARS-CoV2-5UTR-Amplicon,377,c,0
SARS-CoV2-5UTR-Amplicon,378,g,0
SMN2-Exon7-Amplicon,1,a,NaN
SMN2-Exon7-Amplicon,2,g,NaN
SMN2-Exon7-Amplicon,3,g,NaN
SMN2-Exon7-Amplicon,4,t,NaN
SMN2-Exon7-Amplicon,5,t,NaN
SMN2-Exon7-Amplicon,6,t,NaN
SMN2-Exon7-Amplicon,7,a,NaN
SMN2-Exon7-Amplicon,8,t,NaN
SMN2-Exon7-Amplicon,9,a,NaN
SMN2-Exon7-Amplicon,10,c,NaN
SMN2-Exon7-Amplicon,11,c,NaN
SMN2-Exon7-Amplicon,12,t,NaN
SMN2-Exon7-Amplicon,13,t,NaN
SMN2-Exon7-Amplicon,14,c,NaN
SMN2-Exon7-Amplicon,15,c,NaN
SMN2-Exon7-Amplicon,16,c,NaN
SMN2-Exon7-Amplicon,17,a,NaN
SMN2-Exon7-Amplicon,18,g,NaN
SMN2-Exon7-Amplicon,19,g,NaN
SMN2-Exon7-Amplicon,20,t,NaN
SMN2-Exon7-Amplicon,21,a,NaN
SMN2-Exon7-Amplicon,22,a,NaN
SMN2-Exon7-Amplicon,23,c,NaN
SMN2-Exon7-Amplicon,24,a,NaN
SMN2-Exon7-Amplicon,25,a,NaN
SMN2-Exon7-Amplicon,26,a,NaN
SMN2-Exon7-Amplicon,27,c,NaN
SMN2-Exon7-Amplicon,28,c,NaN
SMN2-Exon7-Amplicon,29,a,NaN
SMN2-Exon7-Amplicon,30,a,NaN
SMN2-Exon7-Amplicon,31,c,NaN
SMN2-Exon7-Amplicon,32,c,NaN
SMN2-Exon7-Amplicon,33,a,NaN
SMN2-Exon7-Amplicon,34,a,NaN
SMN2-Exon7-Amplicon,35,c,NaN
SMN2-Exon7-Amplicon,36,t,NaN
SMN2-Exon7-Amplicon,37,t,NaN
SMN2-Exon7-Amplicon,38,t,NaN
SMN2-Exon7-Amplicon,39,c,NaN
SMN2-Exon7-Amplicon,40,g,NaN
SMN2-Exon7-Amplicon,41,a,NaN
SMN2-Exon7-Amplicon,42,t,NaN
SMN2-Exon7-Amplicon,43,c,NaN
SMN2-Exon7-Amplicon,44,t,NaN
SMN2-Exon7-Amplicon,45,c,NaN
SMN2-Exon7-Amplicon,46,t,NaN
SMN2-Exon7-Amplicon,47,t,NaN
SMN2-Exon7-Amplicon,48,g,NaN
SMN2-Exon7-Amplicon,49,t,NaN
SMN2-Exon7-Amplicon,50,a,NaN
SMN2-Exon7-Amplicon,51,g,NaN
SMN2-Exon7-Amplicon,52,a,NaN
SMN2-Exon7-Amplicon,53,t,NaN
SMN2-Exon7-Amplicon,54,c,NaN
SMN2-Exon7-Amplicon,55,t,NaN
SMN2-Exon7-Amplicon,56,g,NaN
SMN2-Exon7-Amplicon,57,t,NaN
SMN2-Exon7-Amplicon,58,t,NaN
SMN2-Exon7-Amplicon,59,c,NaN
SMN2-Exon7-Amplicon,60,t,NaN
SMN2-Exon7-Amplicon,61,c,NaN
SMN2-Exon7-Amplicon,62,t,NaN
SMN2-Exon7-Amplicon,63,a,NaN
SMN2-Exon7-Amplicon,64,a,NaN
SMN2-Exon7-Amplicon,65,a,NaN
SMN2-Exon7-Amplicon,66,c,NaN
SMN2-Exon7-Amplicon,67,g,NaN
SMN2-Exon7-Amplicon,68,a,NaN
SMN2-Exon7-Amplicon,69,a,NaN
SMN2-Exon7-Amplicon,70,c,NaN
SMN2-Exon7-Amplicon,71,t,NaN
SMN2-Exon7-Amplicon,72,t,NaN
SMN2-Exon7-Amplicon,73,t,NaN
SMN2-Exon7-Amplicon,74,a,NaN
SMN2-Exon7-Amplicon,75,a,NaN
SMN2-Exon7-Amplicon,76,a,NaN
SMN2-Exon7-Amplicon,77,a,NaN
SMN2-Exon7-Amplicon,78,t,NaN
SMN2-Exon7-Amplicon,79,c,NaN
SMN2-Exon7-Amplicon,80,t,NaN
SMN2-Exon7-Amplicon,81,g,NaN
SMN2-Exon7-Amplicon,82,t,NaN
SMN2-Exon7-Amplicon,83,g,NaN
SMN2-Exon7-Amplicon,84,t,NaN
SMN2-Exon7-Amplicon,85,g,NaN
SMN2-Exon7-Amplicon,86,g,NaN
SMN2-Exon7-Amplicon,87,c,NaN
SMN2-Exon7-Amplicon,88,t,NaN
SMN2-Exon7-Amplicon,89,g,NaN
SMN2-Exon7-Amplicon,90,t,NaN
SMN2-Exon7-Amplicon,91,c,NaN
SMN2-Exon7-Amplicon,92,a,NaN
SMN2-Exon7-Amplicon,93,c,NaN
SMN2-Exon7-Amplicon,94,t,NaN
SMN2-Exon7-Amplicon,95,c,NaN
SMN2-Exon7-Amplicon,96,g,NaN
SMN2-Exon7-Amplicon,97,g,NaN
SMN2-Exon7-Amplicon,98,c,NaN
SMN2-Exon7-Amplicon,99,t,NaN
SMN2-Exon7-Amplicon,100,g,NaN
SMN2-Exon7-Amplicon,101,c,NaN
SMN2-Exon7-Amplicon,102,g,NaN
SMN2-Exon7-Amplicon,103,t,NaN
SMN2-Exon7-Amplicon,104,g,NaN
SMN2-Exon7-Amplicon,105,c,NaN
SMN2-Exon7-Amplicon,106,t,NaN
SMN2-Exon7-Amplicon,107,t,NaN
SMN2-Exon7-Amplicon,108,a,NaN
SMN2-Exon7-Amplicon,109,g,NaN
SMN2-Exon7-Amplicon,110,t,NaN
SMN2-Exon7-Amplicon,111,g,NaN
SMN2-Exon7-Amplicon,112,c,NaN
SMN2-Exon7-Amplicon,113,a,NaN
SMN2-Exon7-Amplicon,114,c,NaN
SMN2-Exon7-Amplicon,115,t,NaN
SMN2-Exon7-Amplicon,116,c,NaN
SMN2-Exon7-Amplicon,117,a,NaN
SMN2-Exon7-Amplicon,118,c,NaN
SMN2-Exon7-Amplicon,119,g,NaN
SMN2-Exon7-Amplicon,120,c,NaN
SMN2-Exon7-Amplicon,121,a,NaN
SMN2-Exon7-Amplicon,122,g,NaN
SMN2-Exon7-Amplicon,123,t,NaN
SMN2-Exon7-Amplicon,124,a,NaN
SMN2-Exon7-Amplicon,125,t,NaN
SMN2-Exon7-Amplicon,126,a,NaN
SMN2-Exon7-Amplicon,127,a,NaN
SMN2-Exon7-Amplicon,128,t,NaN
SMN2-Exon7-Amplicon,129,t,NaN
SMN2-Exon7-Amplicon,130,a,NaN
SMN2-Exon7-Amplicon,131,a,NaN
SMN2-Exon7-Amplicon,132,t,NaN
SMN2-Exon7-Amplicon,133,a,NaN
SMN2-Exon7-Amplicon,134,a,NaN
SMN2-Exon7-Amplicon,135,c,NaN
SMN2-Exon7-Amplicon,136,t,NaN
SMN2-Exon7-Amplicon,137,a,NaN
SMN2-Exon7-Amplicon,138,a,NaN
SMN2-Exon7-Amplicon,139,t,NaN
SMN2-Exon7-Amplicon,140,t,NaN
SMN2-Exon7-Amplicon,141,a,NaN
SMN2-Exon7-Amplicon,142,c,NaN
SMN2-Exon7-Amplicon,143,t,NaN
SMN2-Exon7-Amplicon,144,g,NaN
SMN2-Exon7-Amplicon,145,t,NaN
SMN2-Exon7-Amplicon,146,c,NaN
SMN2-Exon7-Amplicon,147,g,NaN
SMN2-Exon7-Amplicon,148,t,NaN
SMN2-Exon7-Amplicon,149,t,NaN
SMN2-Exon7-Amplicon,150,g,NaN
SMN2-Exon7-Amplicon,151,a,NaN
SMN2-Exon7-Amplicon,152,c,NaN
SMN2-Exon7-Amplicon,153,a,NaN
SMN2-Exon7-Amplicon,154,g,NaN
SMN2-Exon7-Amplicon,155,g,NaN
SMN2-Exon7-Amplicon,156,a,NaN
SMN2-Exon7-Amplicon,157,c,NaN
SMN2-Exon7-Amplicon,158,a,NaN
SMN2-Exon7-Amplicon,159,c,NaN
SMN2-Exon7-Amplicon,160,g,NaN
SMN2-Exon7-Amplicon,161,a,NaN
SMN2-Exon7-Amplicon,162,g,NaN
SMN2-Exon7-Amplicon,163,t,NaN
SMN2-Exon7-Amplicon,164,a,NaN
SMN2-Exon7-Amplicon,165,a,NaN
SMN2-Exon7-Amplicon,166,c,NaN
SMN2-Exon7-Amplicon,167,t,NaN
SMN2-Exon7-Amplicon,168,c,NaN
SMN2-Exon7-Amplicon,169,g,NaN
SMN2-Exon7-Amplicon,170,t,NaN
SMN2-Exon7-Amplicon,171,c,NaN
SMN2-Exon7-Amplicon,172,t,NaN
SMN2-Exon7-Amplicon,173,a,NaN
SMN2-Exon7-Amplicon,174,t,NaN
SMN2-Exon7-Amplicon,175,c,NaN
SMN2-Exon7-Amplicon,176,t,NaN
SMN2-Exon7-Amplicon,177,t,NaN
SMN2-Exon7-Amplicon,178,c,NaN
SMN2-Exon7-Amplicon,179,t,NaN
SMN2-Exon7-Amplicon,180,g,NaN
SMN2-Exon7-Amplicon,181,c,NaN
SMN2-Exon7-Amplicon,182,a,NaN
SMN2-Exon7-Amplicon,183,g,NaN
SMN2-Exon7-Amplicon,184,g,NaN
SMN2-Exon7-Amplicon,185,c,NaN
SMN2-Exon7-Amplicon,186,t,NaN
SMN2-Exon7-Amplicon,187,g,NaN
SMN2-Exon7-Amplicon,188,c,NaN
SMN2-Exon7-Amplicon,189,t,NaN
SMN2-Exon7-Amplicon,190,t,NaN
SMN2-Exon7-Amplicon,191,a,NaN
SMN2-Exon7-Amplicon,192,c,NaN
SMN2-Exon7-Amplicon,193,g,NaN
SMN2-Exon7-Amplicon,194,g,NaN
SMN2-Exon7-Amplicon,195,t,NaN
SMN2-Exon7-Amplicon,196,t,NaN
SMN2-Exon7-Amplicon,197,t,NaN
SMN2-Exon7-Amplicon,198,c,NaN
SMN2-Exon7-Amplicon,199,g,NaN
SMN2-Exon7-Amplicon,200,t,NaN
SMN2-Exon7-Amplicon,201,c,NaN
SMN2-Exon7-Amplicon,202,c,NaN
SMN2-Exon7-Amplicon,203,g,NaN
SMN2-Exon7-Amplicon,204,t,NaN
SMN2-Exon7-Amplicon,205,g,NaN
SMN2-Exon7-Amplicon,206,t,NaN
SMN2-Exon7-Amplicon,207,t,NaN
SMN2-Exon7-Amplicon,208,g,NaN
SMN2-Exon7-Amplicon,209,c,NaN
SMN2-Exon7-Amplicon,210,a,NaN
SMN2-Exon7-Amplicon,211,g,NaN
SMN2-Exon7-Amplicon,212,c,NaN
SMN2-Exon7-Amplicon,213,c,NaN
SMN2-Exon7-Amplicon,214,g,NaN
SMN2-Exon7-Amplicon,215,a,NaN
SMN2-Exon7-Amplicon,216,t,NaN
SMN2-Exon7-Amplicon,217,c,NaN
SMN2-Exon7-Amplicon,218,a,NaN
SMN2-Exon7-Amplicon,219,t,NaN
SMN2-Exon7-Amplicon,220,c,NaN
SMN2-Exon7-Amplicon,221,a,NaN
SMN2-Exon7-Amplicon,222,g,NaN
SMN2-Exon7-Amplicon,223,c,NaN
SMN2-Exon7-Amplicon,224,a,NaN
SMN2-Exon7-Amplicon,225,c,NaN
SMN2-Exon7-Amplicon,226,a,NaN
SMN2-Exon7-Amplicon,227,t,NaN
SMN2-Exon7-Amplicon,228,c,NaN
SMN2-Exon7-Amplicon,229,t,NaN
SMN2-Exon7-Amplicon,230,a,NaN
SMN2-Exon7-Amplicon,231,g,NaN
SMN2-Exon7-Amplicon,232,g,NaN
SMN2-Exon7-Amplicon,233,t,NaN
SMN2-Exon7-Amplicon,234,t,NaN
SMN2-Exon7-Amplicon,235,t,NaN
SMN2-Exon7-Amplicon,236,c,NaN
SMN2-Exon7-Amplicon,237,g,NaN
SMN2-Exon7-Amplicon,238,t,NaN
SMN2-Exon7-Amplicon,239,c,NaN
SMN2-Exon7-Amplicon,240,c,NaN
SMN2-Exon7-Amplicon,241,g,NaN
SMN2-Exon7-Amplicon,242,g,NaN
SMN2-Exon7-Amplicon,243,g,NaN
SMN2-Exon7-Amplicon,244,t,NaN
SMN2-Exon7-Amplicon,245,g,NaN
SMN2-Exon7-Amplicon,246,t,NaN
SMN2-Exon7-Amplicon,247,g,NaN
SMN2-Exon7-Amplicon,248,a,NaN
SMN2-Exon7-Amplicon,249,c,NaN
SMN2-Exon7-Amplicon,250,c,NaN
SMN2-Exon7-Amplicon,251,g,NaN
SMN2-Exon7-Amplicon,252,a,NaN
SMN2-Exon7-Amplicon,253,a,NaN
SMN2-Exon7-Amplicon,254,a,NaN
SMN2-Exon7-Amplicon,255,g,NaN
SMN2-Exon7-Amplicon,256,g,NaN
SMN2-Exon7-Amplicon,257,t,NaN
SMN2-Exon7-Amplicon,258,a,NaN
SMN2-Exon7-Amplicon,259,a,NaN
SMN2-Exon7-Amplicon,260,g,NaN
SMN2-Exon7-Amplicon,261,a,NaN
SMN2-Exon7-Amplicon,262,t,NaN
SMN2-Exon7-Amplicon,263,g,NaN
SMN2-Exon7-Amplicon,264,g,NaN
SMN2-Exon7-Amplicon,265,a,NaN
SMN2-Exon7-Amplicon,266,g,NaN
SMN2-Exon7-Amplicon,267,a,NaN
SMN2-Exon7-Amplicon,268,g,NaN
SMN2-Exon7-Amplicon,269,c,NaN
SMN2-Exon7-Amplicon,270,c,NaN
SMN2-Exon7-Amplicon,271,t,NaN
SMN2-Exon7-Amplicon,272,t,NaN
SMN2-Exon7-Amplicon,273,g,NaN
SMN2-Exon7-Amplicon,274,t,NaN
SMN2-Exon7-Amplicon,275,c,NaN
SMN2-Exon7-Amplicon,276,c,NaN
SMN2-Exon7-Amplicon,277,c,NaN
SMN2-Exon7-Amplicon,278,t,NaN
SMN2-Exon7-Amplicon,279,g,NaN
SMN2-Exon7-Amplicon,280,g,NaN
SMN2-Exon7-Amplicon,281,t,NaN
SMN2-Exon7-Amplicon,282,t,NaN
SMN2-Exon7-Amplicon,283,t,NaN
SMN2-Exon7-Amplicon,284,c,NaN
SMN2-Exon7-Amplicon,285,a,NaN
SMN2-Exon7-Amplicon,286,a,NaN
SMN2-Exon7-Amplicon,287,c,NaN
SMN2-Exon7-Amplicon,288,g,NaN
SMN2-Exon7-Amplicon,289,a,NaN
SMN2-Exon7-Amplicon,290,g,NaN
SMN2-Exon7-Amplicon,291,g,NaN
SMN2-Exon7-Amplicon,292,g,NaN
SMN2-Exon7-Amplicon,293,a,NaN
SMN2-Exon7-Amplicon,294,g,NaN
SMN2-Exon7-Amplicon,295,t,NaN
SMN2-Exon7-Amplicon,296,c,NaN
SMN2-Exon7-Amplicon,297,a,NaN
SMN2-Exon7-Amplicon,298,a,NaN
SMN2-Exon7-Amplicon,299,a,NaN
SMN2-Exon7-Amplicon,300,g,NaN
SMN2-Exon7-Amplicon,301,t,NaN
SMN2-Exon7-Amplicon,302,t,NaN
SMN2-Exon7-Amplicon,303,c,NaN
SMN2-Exon7-Amplicon,304,t,NaN
SMN2-Exon7-Amplicon,305,g,NaN
SMN2-Exon7-Amplicon,306,t,NaN
SMN2-Exon7-Amplicon,307,t,NaN
SMN2-Exon7-Amplicon,308,t,NaN
SMN2-Exon7-Amplicon,309,g,NaN
SMN2-Exon7-Amplicon,310,c,NaN
SMN2-Exon7-Amplicon,311,c,NaN
SMN2-Exon7-Amplicon,312,c,NaN
SMN2-Exon7-Amplicon,313,t,NaN
SMN2-Exon7-Amplicon,314,g,NaN
SMN2-Exon7-Amplicon,315,a,NaN
SMN2-Exon7-Amplicon,316,t,NaN
SMN2-Exon7-Amplicon,317,c,NaN
SMN2-Exon7-Amplicon,318,t,NaN
SMN2-Exon7-Amplicon,319,g,NaN
SMN2-Exon7-Amplicon,320,c,NaN
SMN2-Exon7-Amplicon,321,a,NaN
SMN2-Exon7-Amplicon,322,t,NaN
SMN2-Exon7-Amplicon,323,c,NaN
SMN2-Exon7-Amplicon,324,g,NaN
