Region,Position,Ref_base,Mut_percentage
SARS-CoV2-5UTR-Amplicon,1,A,NaN
SARS-CoV2-5UTR-Amplicon,2,A,NaN
SARS-CoV2-5UTR-Amplicon,3,C,NaN
SARS-CoV2-5UTR-Amplicon,4,T,NaN
SARS-CoV2-5UTR-Amplicon,5,T,NaN
SARS-CoV2-5UTR-Amplicon,6,C,NaN
SARS-CoV2-5UTR-Amplicon,7,C,NaN
SARS-CoV2-5UTR-Amplicon,8,T,NaN
SARS-CoV2-5UTR-Amplicon,9,T,NaN
SARS-CoV2-5UTR-Amplicon,10,T,NaN
SARS-CoV2-5UTR-Amplicon,11,A,NaN
SARS-CoV2-5UTR-Amplicon,12,T,NaN
SARS-CoV2-5UTR-Amplicon,13,T,NaN
SARS-CoV2-5UTR-Amplicon,14,T,NaN
SARS-CoV2-5UTR-Amplicon,15,T,NaN
SARS-CoV2-5UTR-Amplicon,16,C,NaN
SARS-CoV2-5UTR-Amplicon,17,C,NaN
SARS-CoV2-5UTR-Amplicon,18,T,NaN
SARS-CoV2-5UTR-Amplicon,19,T,NaN
SARS-CoV2-5UTR-Amplicon,20,A,NaN
SARS-CoV2-5UTR-Amplicon,21,C,NaN
SARS-CoV2-5UTR-Amplicon,22,A,NaN
SARS-CoV2-5UTR-Amplicon,23,G,NaN
SARS-CoV2-5UTR-Amplicon,24,G,NaN
SARS-CoV2-5UTR-Amplicon,25,G,NaN
SARS-CoV2-5UTR-Amplicon,26,T,NaN
SARS-CoV2-5UTR-Amplicon,27,T,NaN
SARS-CoV2-5UTR-Amplicon,28,T,NaN
SARS-CoV2-5UTR-Amplicon,29,T,NaN
SARS-CoV2-5UTR-Amplicon,30,A,NaN
SARS-CoV2-5UTR-Amplicon,31,G,NaN
SARS-CoV2-5UTR-Amplicon,32,A,NaN
SARS-CoV2-5UTR-Amplicon,33,C,NaN
SARS-CoV2-5UTR-Amplicon,34,A,NaN
SARS-CoV2-5UTR-Amplicon,35,A,NaN
SARS-CoV2-5UTR-Amplicon,36,A,NaN
SARS-CoV2-5UTR-Amplicon,37,A,NaN
SARS-CoV2-5UTR-Amplicon,38,T,NaN
SARS-CoV2-5UTR-Amplicon,39,C,NaN
SARS-CoV2-5UTR-Amplicon,40,A,NaN
SARS-CoV2-5UTR-Amplicon,41,A,NaN
SARS-CoV2-5UTR-Amplicon,42,A,NaN
SARS-CoV2-5UTR-Amplicon,43,A,NaN
SARS-CoV2-5UTR-Amplicon,44,A,NaN
SARS-CoV2-5UTR-Amplicon,45,G,NaN
SARS-CoV2-5UTR-Amplicon,46,A,NaN
SARS-CoV2-5UTR-Amplicon,47,A,NaN
SARS-CoV2-5UTR-Amplicon,48,G,NaN
SARS-CoV2-5UTR-Amplicon,49,G,NaN
SARS-CoV2-5UTR-Amplicon,50,A,NaN
SARS-CoV2-5UTR-Amplicon,51,A,NaN
SARS-CoV2-5UTR-Amplicon,52,G,NaN
SARS-CoV2-5UTR-Amplicon,53,G,NaN
SARS-CoV2-5UTR-Amplicon,54,T,NaN
SARS-CoV2-5UTR-Amplicon,55,G,NaN
SARS-CoV2-5UTR-Amplicon,56,C,NaN
SARS-CoV2-5UTR-Amplicon,57,T,NaN
SARS-CoV2-5UTR-Amplicon,58,C,NaN
SARS-CoV2-5UTR-Amplicon,59,A,NaN
SARS-CoV2-5UTR-Amplicon,60,C,NaN
SARS-CoV2-5UTR-Amplicon,61,A,NaN
SARS-CoV2-5UTR-Amplicon,62,T,NaN
SARS-CoV2-5UTR-Amplicon,63,T,NaN
SARS-CoV2-5UTR-Amplicon,64,C,NaN
SARS-CoV2-5UTR-Amplicon,65,C,NaN
SARS-CoV2-5UTR-Amplicon,66,T,NaN
SARS-CoV2-5UTR-Amplicon,67,T,NaN
SARS-CoV2-5UTR-Amplicon,68,A,NaN
SARS-CoV2-5UTR-Amplicon,69,A,NaN
SARS-CoV2-5UTR-Amplicon,70,A,NaN
SARS-CoV2-5UTR-Amplicon,71,T,NaN
SARS-CoV2-5UTR-Amplicon,72,T,NaN
SARS-CoV2-5UTR-Amplicon,73,A,NaN
SARS-CoV2-5UTR-Amplicon,74,A,NaN
SARS-CoV2-5UTR-Amplicon,75,G,NaN
SARS-CoV2-5UTR-Amplicon,76,G,NaN
SARS-CoV2-5UTR-Amplicon,77,A,NaN
SARS-CoV2-5UTR-Amplicon,78,G,NaN
SARS-CoV2-5UTR-Amplicon,79,T,NaN
SARS-CoV2-5UTR-Amplicon,80,A,NaN
SARS-CoV2-5UTR-Amplicon,81,A,NaN
SARS-CoV2-5UTR-Amplicon,82,G,NaN
SARS-CoV2-5UTR-Amplicon,83,T,NaN
SARS-CoV2-5UTR-Amplicon,84,C,NaN
SARS-CoV2-5UTR-Amplicon,85,T,NaN
SARS-CoV2-5UTR-Amplicon,86,G,NaN
SARS-CoV2-5UTR-Amplicon,87,C,NaN
SARS-CoV2-5UTR-Amplicon,88,C,NaN
SARS-CoV2-5UTR-Amplicon,89,A,NaN
SARS-CoV2-5UTR-Amplicon,90,G,NaN
SARS-CoV2-5UTR-Amplicon,91,C,NaN
SARS-CoV2-5UTR-Amplicon,92,A,NaN
SARS-CoV2-5UTR-Amplicon,93,T,NaN
SARS-CoV2-5UTR-Amplicon,94,T,NaN
SARS-CoV2-5UTR-Amplicon,95,A,NaN
SARS-CoV2-5UTR-Amplicon,96,T,NaN
SARS-CoV2-5UTR-Amplicon,97,G,NaN
SARS-CoV2-5UTR-Amplicon,98,A,NaN
SARS-CoV2-5UTR-Amplicon,99,A,NaN
SARS-CoV2-5UTR-Amplicon,100,A,NaN
SARS-CoV2-5UTR-Amplicon,101,G,NaN
SARS-CoV2-5UTR-Amplicon,102,T,NaN
SARS-CoV2-5UTR-Amplicon,103,G,NaN
SARS-CoV2-5UTR-Amplicon,104,A,NaN
SARS-CoV2-5UTR-Amplicon,105,A,NaN
SARS-CoV2-5UTR-Amplicon,106,T,NaN
SARS-CoV2-5UTR-Amplicon,107,C,NaN
SARS-CoV2-5UTR-Amplicon,108,T,NaN
SARS-CoV2-5UTR-Amplicon,109,T,NaN
SARS-CoV2-5UTR-Amplicon,110,A,NaN
SARS-CoV2-5UTR-Amplicon,111,C,NaN
SARS-CoV2-5UTR-Amplicon,112,T,NaN
SARS-CoV2-5UTR-Amplicon,113,T,NaN
SARS-CoV2-5UTR-Amplicon,114,T,NaN
SARS-CoV2-5UTR-Amplicon,115,T,NaN
SARS-CoV2-5UTR-Amplicon,116,G,NaN
SARS-CoV2-5UTR-Amplicon,117,T,NaN
SARS-CoV2-5UTR-Amplicon,118,A,NaN
SARS-CoV2-5UTR-Amplicon,119,A,NaN
SARS-CoV2-5UTR-Amplicon,120,A,NaN
SARS-CoV2-5UTR-Amplicon,121,A,NaN
SARS-CoV2-5UTR-Amplicon,122,C,NaN
SARS-CoV2-5UTR-Amplicon,123,T,NaN
SARS-CoV2-5UTR-Amplicon,124,T,NaN
SARS-CoV2-5UTR-Amplicon,125,T,NaN
SARS-CoV2-5UTR-Amplicon,126,A,NaN
SARS-CoV2-5UTR-Amplicon,127,T,NaN
SARS-CoV2-5UTR-Amplicon,128,G,NaN
SARS-CoV2-5UTR-Amplicon,129,G,NaN
SARS-CoV2-5UTR-Amplicon,130,T,NaN
SARS-CoV2-5UTR-Amplicon,131,T,NaN
SARS-CoV2-5UTR-Amplicon,132,T,NaN
SARS-CoV2-5UTR-Amplicon,133,G,NaN
SARS-CoV2-5UTR-Amplicon,134,T,NaN
SARS-CoV2-5UTR-Amplicon,135,G,NaN
SARS-CoV2-5UTR-Amplicon,136,G,NaN
SARS-CoV2-5UTR-Amplicon,137,A,NaN
SARS-CoV2-5UTR-Amplicon,138,A,NaN
SARS-CoV2-5UTR-Amplicon,139,A,NaN
SARS-CoV2-5UTR-Amplicon,140,A,NaN
SARS-CoV2-5UTR-Amplicon,141,C,NaN
SARS-CoV2-5UTR-Amplicon,142,A,NaN
SARS-CoV2-5UTR-Amplicon,143,A,NaN
SARS-CoV2-5UTR-Amplicon,144,A,NaN
SARS-CoV2-5UTR-Amplicon,145,T,NaN
SARS-CoV2-5UTR-Amplicon,146,G,NaN
SARS-CoV2-5UTR-Amplicon,147,T,NaN
SARS-CoV2-5UTR-Amplicon,148,T,NaN
SARS-CoV2-5UTR-Amplicon,149,T,NaN
SARS-CoV2-5UTR-Amplicon,150,T,NaN
SARS-CoV2-5UTR-Amplicon,151,T,NaN
SARS-CoV2-5UTR-Amplicon,152,G,NaN
SARS-CoV2-5UTR-Amplicon,153,A,NaN
SARS-CoV2-5UTR-Amplicon,154,A,NaN
SARS-CoV2-5UTR-Amplicon,155,C,NaN
SARS-CoV2-5UTR-Amplicon,156,A,NaN
SARS-CoV2-5UTR-Amplicon,157,T,NaN
SARS-CoV2-5UTR-Amplicon,158,T,NaN
SARS-CoV2-5UTR-Amplicon,159,T,NaN
SARS-CoV2-5UTR-Amplicon,160,A,NaN
SARS-CoV2-5UTR-Amplicon,161,A,NaN
SARS-CoV2-5UTR-Amplicon,162,A,NaN
SARS-CoV2-5UTR-Amplicon,163,A,NaN
SARS-CoV2-5UTR-Amplicon,164,A,NaN
SARS-CoV2-5UTR-Amplicon,165,G,NaN
SARS-CoV2-5UTR-Amplicon,166,T,NaN
SARS-CoV2-5UTR-Amplicon,167,T,NaN
SARS-CoV2-5UTR-Amplicon,168,C,NaN
SARS-CoV2-5UTR-Amplicon,169,A,NaN
SARS-CoV2-5UTR-Amplicon,170,G,NaN
SARS-CoV2-5UTR-Amplicon,171,A,NaN
SARS-CoV2-5UTR-Amplicon,172,T,NaN
SARS-CoV2-5UTR-Amplicon,173,G,NaN
SARS-CoV2-5UTR-Amplicon,174,T,NaN
SARS-CoV2-5UTR-Amplicon,175,T,NaN
SARS-CoV2-5UTR-Amplicon,176,A,NaN
SARS-CoV2-5UTR-Amplicon,177,G,NaN
SARS-CoV2-5UTR-Amplicon,178,A,NaN
SARS-CoV2-5UTR-Amplicon,179,A,NaN
SARS-CoV2-5UTR-Amplicon,180,A,NaN
SARS-CoV2-5UTR-Amplicon,181,G,NaN
SARS-CoV2-5UTR-Amplicon,182,T,NaN
SARS-CoV2-5UTR-Amplicon,183,T,NaN
SARS-CoV2-5UTR-Amplicon,184,G,NaN
SARS-CoV2-5UTR-Amplicon,185,A,NaN
SARS-CoV2-5UTR-Amplicon,186,A,NaN
SARS-CoV2-5UTR-Amplicon,187,A,NaN
SARS-CoV2-5UTR-Amplicon,188,G,NaN
SARS-CoV2-5UTR-Amplicon,189,G,NaN
SARS-CoV2-5UTR-Amplicon,190,T,NaN
SARS-CoV2-5UTR-Amplicon,191,T,NaN
SARS-CoV2-5UTR-Amplicon,192,A,NaN
SARS-CoV2-5UTR-Amplicon,193,A,NaN
SARS-CoV2-5UTR-Amplicon,194,T,NaN
SARS-CoV2-5UTR-Amplicon,195,G,NaN
SARS-CoV2-5UTR-Amplicon,196,T,NaN
SARS-CoV2-5UTR-Amplicon,197,A,NaN
SARS-CoV2-5UTR-Amplicon,198,A,NaN
SARS-CoV2-5UTR-Amplicon,199,A,NaN
SARS-CoV2-5UTR-Amplicon,200,A,NaN
SARS-CoV2-5UTR-Amplicon,201,C,NaN
SARS-CoV2-5UTR-Amplicon,202,A,NaN
SARS-CoV2-5UTR-Amplicon,203,A,NaN
SARS-CoV2-5UTR-Amplicon,204,T,NaN
SARS-CoV2-5UTR-Amplicon,205,C,NaN
SARS-CoV2-5UTR-Amplicon,206,A,NaN
SARS-CoV2-5UTR-Amplicon,207,A,NaN
SARS-CoV2-5UTR-Amplicon,208,T,NaN
SARS-CoV2-5UTR-Amplicon,209,A,NaN
SARS-CoV2-5UTR-Amplicon,210,T,NaN
SARS-CoV2-5UTR-Amplicon,211,T,NaN
SARS-CoV2-5UTR-Amplicon,212,A,NaN
SARS-CoV2-5UTR-Amplicon,213,A,NaN
SARS-CoV2-5UTR-Amplicon,214,A,NaN
SARS-CoV2-5UTR-Amplicon,215,G,NaN
SARS-CoV2-5UTR-Amplicon,216,A,NaN
SARS-CoV2-5UTR-Amplicon,217,A,NaN
SARS-CoV2-5UTR-Amplicon,218,T,NaN
SARS-CoV2-5UTR-Amplicon,219,T,NaN
SARS-CoV2-5UTR-Amplicon,220,T,NaN
SARS-CoV2-5UTR-Amplicon,221,T,NaN
SARS-CoV2-5UTR-Amplicon,222,G,NaN
SARS-CoV2-5UTR-Amplicon,223,A,NaN
SARS-CoV2-5UTR-Amplicon,224,T,NaN
SARS-CoV2-5UTR-Amplicon,225,G,NaN
SARS-CoV2-5UTR-Amplicon,226,C,NaN
SARS-CoV2-5UTR-Amplicon,227,C,NaN
SARS-CoV2-5UTR-Amplicon,228,A,NaN
SARS-CoV2-5UTR-Amplicon,229,A,NaN
SARS-CoV2-5UTR-Amplicon,230,A,NaN
SARS-CoV2-5UTR-Amplicon,231,A,NaN
SARS-CoV2-5UTR-Amplicon,232,C,NaN
SARS-CoV2-5UTR-Amplicon,233,T,NaN
SARS-CoV2-5UTR-Amplicon,234,A,NaN
SARS-CoV2-5UTR-Amplicon,235,T,NaN
SARS-CoV2-5UTR-Amplicon,236,T,NaN
SARS-CoV2-5UTR-Amplicon,237,A,NaN
SARS-CoV2-5UTR-Amplicon,238,G,NaN
SARS-CoV2-5UTR-Amplicon,239,A,NaN
SARS-CoV2-5UTR-Amplicon,240,T,NaN
SARS-CoV2-5UTR-Amplicon,241,A,NaN
SARS-CoV2-5UTR-Amplicon,242,A,NaN
SARS-CoV2-5UTR-Amplicon,243,A,NaN
SARS-CoV2-5UTR-Amplicon,244,A,NaN
SARS-CoV2-5UTR-Amplicon,245,G,NaN
SARS-CoV2-5UTR-Amplicon,246,G,NaN
SARS-CoV2-5UTR-Amplicon,247,T,NaN
SARS-CoV2-5UTR-Amplicon,248,T,NaN
SARS-CoV2-5UTR-Amplicon,249,A,NaN
SARS-CoV2-5UTR-Amplicon,250,A,NaN
SARS-CoV2-5UTR-Amplicon,251,T,NaN
SARS-CoV2-5UTR-Amplicon,252,C,NaN
SARS-CoV2-5UTR-Amplicon,253,T,NaN
SARS-CoV2-5UTR-Amplicon,254,A,NaN
SARS-CoV2-5UTR-Amplicon,255,C,NaN
SARS-CoV2-5UTR-Amplicon,256,A,NaN
SARS-CoV2-5UTR-Amplicon,257,T,NaN
SARS-CoV2-5UTR-Amplicon,258,C,NaN
SARS-CoV2-5UTR-Amplicon,259,C,NaN
SARS-CoV2-5UTR-Amplicon,260,C,NaN
SARS-CoV2-5UTR-Amplicon,261,T,NaN
SARS-CoV2-5UTR-Amplicon,262,A,NaN
SARS-CoV2-5UTR-Amplicon,263,C,NaN
SARS-CoV2-5UTR-Amplicon,264,T,NaN
SARS-CoV2-5UTR-Amplicon,265,A,NaN
SARS-CoV2-5UTR-Amplicon,266,G,NaN
SARS-CoV2-5UTR-Amplicon,267,A,NaN
SARS-CoV2-5UTR-Amplicon,268,A,NaN
SARS-CoV2-5UTR-Amplicon,269,T,NaN
SARS-CoV2-5UTR-Amplicon,270,T,NaN
SARS-CoV2-5UTR-Amplicon,271,C,NaN
SARS-CoV2-5UTR-Amplicon,272,T,NaN
SARS-CoV2-5UTR-Amplicon,273,C,NaN
SARS-CoV2-5UTR-Amplicon,274,A,NaN
SARS-CoV2-5UTR-Amplicon,275,T,NaN
SARS-CoV2-5UTR-Amplicon,276,A,NaN
SARS-CoV2-5UTR-Amplicon,277,C,NaN
SARS-CoV2-5UTR-Amplicon,278,T,NaN
SARS-CoV2-5UTR-Amplicon,279,T,NaN
SARS-CoV2-5UTR-Amplicon,280,A,NaN
SARS-CoV2-5UTR-Amplicon,281,A,NaN
SARS-CoV2-5UTR-Amplicon,282,C,NaN
SARS-CoV2-5UTR-Amplicon,283,T,NaN
SARS-CoV2-5UTR-Amplicon,284,G,NaN
SARS-CoV2-5UTR-Amplicon,285,G,NaN
SARS-CoV2-5UTR-Amplicon,286,T,NaN
SARS-CoV2-5UTR-Amplicon,287,T,NaN
SARS-CoV2-5UTR-Amplicon,288,G,NaN
SARS-CoV2-5UTR-Amplicon,289,G,NaN
SARS-CoV2-5UTR-Amplicon,290,T,NaN
SARS-CoV2-5UTR-Amplicon,291,T,NaN
SARS-CoV2-5UTR-Amplicon,292,G,NaN
SARS-CoV2-5UTR-Amplicon,293,T,NaN
SARS-CoV2-5UTR-Amplicon,294,G,NaN
SARS-CoV2-5UTR-Amplicon,295,T,NaN
SARS-CoV2-5UTR-Amplicon,296,G,NaN
SARS-CoV2-5UTR-Amplicon,297,G,NaN
SARS-CoV2-5UTR-Amplicon,298,A,NaN
SARS-CoV2-5UTR-Amplicon,299,A,NaN
SARS-CoV2-5UTR-Amplicon,300,G,NaN
SARS-CoV2-5UTR-Amplicon,301,A,NaN
SARS-CoV2-5UTR-Amplicon,302,A,NaN
SARS-CoV2-5UTR-Amplicon,303,A,NaN
SARS-CoV2-5UTR-Amplicon,304,C,NaN
SARS-CoV2-5UTR-Amplicon,305,A,NaN
SARS-CoV2-5UTR-Amplicon,306,T,NaN
SARS-CoV2-5UTR-Amplicon,307,A,NaN
SARS-CoV2-5UTR-Amplicon,308,C,NaN
SARS-CoV2-5UTR-Amplicon,309,T,NaN
SARS-CoV2-5UTR-Amplicon,310,T,NaN
SARS-CoV2-5UTR-Amplicon,311,T,NaN
SARS-CoV2-5UTR-Amplicon,312,C,NaN
SARS-CoV2-5UTR-Amplicon,313,A,NaN
SARS-CoV2-5UTR-Amplicon,314,C,NaN
SARS-CoV2-5UTR-Amplicon,315,A,NaN
SARS-CoV2-5UTR-Amplicon,316,A,NaN
SARS-CoV2-5UTR-Amplicon,317,T,NaN
SARS-CoV2-5UTR-Amplicon,318,A,NaN
SARS-CoV2-5UTR-Amplicon,319,A,NaN
SARS-CoV2-5UTR-Amplicon,320,A,NaN
SARS-CoV2-5UTR-Amplicon,321,G,NaN
SARS-CoV2-5UTR-Amplicon,322,A,NaN
SARS-CoV2-5UTR-Amplicon,323,G,NaN
SARS-CoV2-5UTR-Amplicon,324,C,NaN
SARS-CoV2-5UTR-Amplicon,325,N,NaN
SARS-CoV2-5UTR-Amplicon,326,N,NaN
SARS-CoV2-5UTR-Amplicon,327,N,NaN
SARS-CoV2-5UTR-Amplicon,328,N,NaN
SARS-CoV2-5UTR-Amplicon,329,N,NaN
SARS-CoV2-5UTR-Amplicon,330,N,NaN
SARS-CoV2-5UTR-Amplicon,331,N,NaN
SARS-CoV2-5UTR-Amplicon,332,N,NaN
SARS-CoV2-5UTR-Amplicon,333,N,NaN
SARS-CoV2-5UTR-Amplicon,334,N,NaN
SARS-CoV2-5UTR-Amplicon,335,N,NaN
SARS-CoV2-5UTR-Amplicon,336,N,NaN
SARS-CoV2-5UTR-Amplicon,337,N,NaN
SARS-CoV2-5UTR-Amplicon,338,N,NaN
SARS-CoV2-5UTR-Amplicon,339,N,NaN
SARS-CoV2-5UTR-Amplicon,340,N,NaN
SARS-CoV2-5UTR-Amplicon,341,N,NaN
SARS-CoV2-5UTR-Amplicon,342,N,NaN
SARS-CoV2-5UTR-Amplicon,343,N,NaN
SARS-CoV2-5UTR-Amplicon,344,N,NaN
SARS-CoV2-5UTR-Amplicon,345,N,NaN
SARS-CoV2-5UTR-Amplicon,346,N,NaN
SARS-CoV2-5UTR-Amplicon,347,N,NaN
SARS-CoV2-5UTR-Amplicon,348,N,NaN
SARS-CoV2-5UTR-Amplicon,349,N,NaN
SARS-CoV2-5UTR-Amplicon,350,N,NaN
SARS-CoV2-5UTR-Amplicon,351,N,NaN
SARS-CoV2-5UTR-Amplicon,352,N,NaN
SARS-CoV2-5UTR-Amplicon,353,N,NaN
SARS-CoV2-5UTR-Amplicon,354,N,NaN
SARS-CoV2-5UTR-Amplicon,355,N,NaN
SARS-CoV2-5UTR-Amplicon,356,N,NaN
SARS-CoV2-5UTR-Amplicon,357,N,NaN
SARS-CoV2-5UTR-Amplicon,358,N,NaN
SARS-CoV2-5UTR-Amplicon,359,N,NaN
SARS-CoV2-5UTR-Amplicon,360,N,NaN
SARS-CoV2-5UTR-Amplicon,361,N,NaN
SARS-CoV2-5UTR-Amplicon,362,N,NaN
SARS-CoV2-5UTR-Amplicon,363,N,NaN
SARS-CoV2-5UTR-Amplicon,364,N,NaN
SARS-CoV2-5UTR-Amplicon,365,N,NaN
SARS-CoV2-5UTR-Amplicon,366,N,NaN
SARS-CoV2-5UTR-Amplicon,367,N,NaN
SARS-CoV2-5UTR-Amplicon,368,N,NaN
SARS-CoV2-5UTR-Amplicon,369,N,NaN
SARS-CoV2-5UTR-Amplicon,370,N,NaN
SARS-CoV2-5UTR-Amplicon,371,N,NaN
SARS-CoV2-5UTR-Amplicon,372,N,NaN
SARS-CoV2-5UTR-Amplicon,373,N,NaN
SARS-CoV2-5UTR-Amplicon,374,N,NaN
SARS-CoV2-5UTR-Amplicon,375,N,NaN
SARS-CoV2-5UTR-Amplicon,376,N,NaN
SARS-CoV2-5UTR-Amplicon,377,N,NaN
SARS-CoV2-5UTR-Amplicon,378,N,NaN
SMN2-Exon7-Amplicon,1,A,0
SMN2-Exon7-Amplicon,2,A,0
SMN2-Exon7-Amplicon,3,C,0
SMN2-Exon7-Amplicon,4,T,0.16
SMN2-Exon7-Amplicon,5,T,0.122
SMN2-Exon7-Amplicon,6,C,0.1907
SMN2-Exon7-Amplicon,7,C,0.1718
SMN2-Exon7-Amplicon,8,T,0.5843
SMN2-Exon7-Amplicon,9,T,0.4147
SMN2-Exon7-Amplicon,10,T,0.7615
SMN2-Exon7-Amplicon,11,A,0.7415
SMN2-Exon7-Amplicon,12,T,2.0227
SMN2-Exon7-Amplicon,13,T,1.4255
SMN2-Exon7-Amplicon,14,T,0.9654
SMN2-Exon7-Amplicon,15,T,1.5738
SMN2-Exon7-Amplicon,16,C,1.2985
SMN2-Exon7-Amplicon,17,C,1.9508
SMN2-Exon7-Amplicon,18,T,1.7786
SMN2-Exon7-Amplicon,19,T,1.3312
SMN2-Exon7-Amplicon,20,A,0.6647
SMN2-Exon7-Amplicon,21,C,2.4506
SMN2-Exon7-Amplicon,22,A,0.395
SMN2-Exon7-Amplicon,23,G,1.9258
SMN2-Exon7-Amplicon,24,G,1.7671
SMN2-Exon7-Amplicon,25,G,1.5336
SMN2-Exon7-Amplicon,26,T,1.6426
SMN2-Exon7-Amplicon,27,T,0.8362
SMN2-Exon7-Amplicon,28,T,0.6806
SMN2-Exon7-Amplicon,29,T,1.0518
SMN2-Exon7-Amplicon,30,A,2.1958
SMN2-Exon7-Amplicon,31,G,1.8089
SMN2-Exon7-Amplicon,32,A,1.4679
SMN2-Exon7-Amplicon,33,C,1.1434
SMN2-Exon7-Amplicon,34,A,2.9584
SMN2-Exon7-Amplicon,35,A,0.6299
SMN2-Exon7-Amplicon,36,A,0.4498
SMN2-Exon7-Amplicon,37,A,0.9444
SMN2-Exon7-Amplicon,38,T,1.438
SMN2-Exon7-Amplicon,39,C,5.1363
SMN2-Exon7-Amplicon,40,A,8.2139
SMN2-Exon7-Amplicon,41,A,1.4519
SMN2-Exon7-Amplicon,42,A,0.784
SMN2-Exon7-Amplicon,43,A,1.0353
SMN2-Exon7-Amplicon,44,A,4.3485
SMN2-Exon7-Amplicon,45,G,2.2462
SMN2-Exon7-Amplicon,46,A,0.9741
SMN2-Exon7-Amplicon,47,A,0.6216
SMN2-Exon7-Amplicon,48,G,1.3011
SMN2-Exon7-Amplicon,49,G,0.7031
SMN2-Exon7-Amplicon,50,A,1.1832
SMN2-Exon7-Amplicon,51,A,0.4334
SMN2-Exon7-Amplicon,52,G,2.1321
SMN2-Exon7-Amplicon,53,G,1.604
SMN2-Exon7-Amplicon,54,T,1.7201
SMN2-Exon7-Amplicon,55,G,2.586
SMN2-Exon7-Amplicon,56,C,4.0819
SMN2-Exon7-Amplicon,57,T,1.728
SMN2-Exon7-Amplicon,58,C,2.7548
SMN2-Exon7-Amplicon,59,A,1.6918
SMN2-Exon7-Amplicon,60,C,1.4797
SMN2-Exon7-Amplicon,61,A,1.6071
SMN2-Exon7-Amplicon,62,T,2.7313
SMN2-Exon7-Amplicon,63,T,2.235
SMN2-Exon7-Amplicon,64,C,2.7071
SMN2-Exon7-Amplicon,65,C,1.7627
SMN2-Exon7-Amplicon,66,T,3.2819
SMN2-Exon7-Amplicon,67,T,2.0373
SMN2-Exon7-Amplicon,68,A,4.0133
SMN2-Exon7-Amplicon,69,A,1.269
SMN2-Exon7-Amplicon,70,A,2.4346
SMN2-Exon7-Amplicon,71,T,1.7488
SMN2-Exon7-Amplicon,72,T,2.3532
SMN2-Exon7-Amplicon,73,A,1.9758
SMN2-Exon7-Amplicon,74,A,1.4163
SMN2-Exon7-Amplicon,75,G,3.1068
SMN2-Exon7-Amplicon,76,G,2.1131
SMN2-Exon7-Amplicon,77,A,2.2154
SMN2-Exon7-Amplicon,78,G,3.0618
SMN2-Exon7-Amplicon,79,T,2.6376
SMN2-Exon7-Amplicon,80,A,3.4597
SMN2-Exon7-Amplicon,81,A,2.7515
SMN2-Exon7-Amplicon,82,G,3.0137
SMN2-Exon7-Amplicon,83,T,3.0933
SMN2-Exon7-Amplicon,84,C,6.061
SMN2-Exon7-Amplicon,85,T,2.2481
SMN2-Exon7-Amplicon,86,G,6.8363
SMN2-Exon7-Amplicon,87,C,6.882
SMN2-Exon7-Amplicon,88,C,3.5947
SMN2-Exon7-Amplicon,89,A,2.3163
SMN2-Exon7-Amplicon,90,G,4.6674
SMN2-Exon7-Amplicon,91,C,2.4755
SMN2-Exon7-Amplicon,92,A,3.0109
SMN2-Exon7-Amplicon,93,T,3.7176
SMN2-Exon7-Amplicon,94,T,2.5884
SMN2-Exon7-Amplicon,95,A,2.792
SMN2-Exon7-Amplicon,96,T,2.6445
SMN2-Exon7-Amplicon,97,G,2.4146
SMN2-Exon7-Amplicon,98,A,2.6073
SMN2-Exon7-Amplicon,99,A,1.3889
SMN2-Exon7-Amplicon,100,A,1.491
SMN2-Exon7-Amplicon,101,G,2.0831
SMN2-Exon7-Amplicon,102,T,2.0143
SMN2-Exon7-Amplicon,103,G,2.2263
SMN2-Exon7-Amplicon,104,A,1.2851
SMN2-Exon7-Amplicon,105,A,1.3176
SMN2-Exon7-Amplicon,106,T,2.3368
SMN2-Exon7-Amplicon,107,C,2.9546
SMN2-Exon7-Amplicon,108,T,2.6767
SMN2-Exon7-Amplicon,109,T,1.8648
SMN2-Exon7-Amplicon,110,A,4.2072
SMN2-Exon7-Amplicon,111,C,3.3147
SMN2-Exon7-Amplicon,112,T,7.0231
SMN2-Exon7-Amplicon,113,T,1.8008
SMN2-Exon7-Amplicon,114,T,1.892
SMN2-Exon7-Amplicon,115,T,1.7106
SMN2-Exon7-Amplicon,116,G,2.6842
SMN2-Exon7-Amplicon,117,T,2.2958
SMN2-Exon7-Amplicon,118,A,2.2927
SMN2-Exon7-Amplicon,119,A,1.6425
SMN2-Exon7-Amplicon,120,A,1.251
SMN2-Exon7-Amplicon,121,A,1.7696
SMN2-Exon7-Amplicon,122,C,3.4821
SMN2-Exon7-Amplicon,123,T,2.0222
SMN2-Exon7-Amplicon,124,T,2.1245
SMN2-Exon7-Amplicon,125,T,1.3135
SMN2-Exon7-Amplicon,126,A,1.1601
SMN2-Exon7-Amplicon,127,T,1.7344
SMN2-Exon7-Amplicon,128,G,1.7008
SMN2-Exon7-Amplicon,129,G,1.8384
SMN2-Exon7-Amplicon,130,T,2.3943
SMN2-Exon7-Amplicon,131,T,1.5233
SMN2-Exon7-Amplicon,132,T,1.5691
SMN2-Exon7-Amplicon,133,G,2.8175
SMN2-Exon7-Amplicon,134,T,1.7984
SMN2-Exon7-Amplicon,135,G,2.7153
SMN2-Exon7-Amplicon,136,G,1.9132
SMN2-Exon7-Amplicon,137,A,3.675
SMN2-Exon7-Amplicon,138,A,1.8207
SMN2-Exon7-Amplicon,139,A,1.5813
SMN2-Exon7-Amplicon,140,A,1.6373
SMN2-Exon7-Amplicon,141,C,2.7534
SMN2-Exon7-Amplicon,142,A,1.2806
SMN2-Exon7-Amplicon,143,A,1.0556
SMN2-Exon7-Amplicon,144,A,1.3928
SMN2-Exon7-Amplicon,145,T,1.5734
SMN2-Exon7-Amplicon,146,G,1.5158
SMN2-Exon7-Amplicon,147,T,2.8725
SMN2-Exon7-Amplicon,148,T,1.6046
SMN2-Exon7-Amplicon,149,T,1.3612
SMN2-Exon7-Amplicon,150,T,1.2591
SMN2-Exon7-Amplicon,151,T,1.8124
SMN2-Exon7-Amplicon,152,G,2.1538
SMN2-Exon7-Amplicon,153,A,0.8781
SMN2-Exon7-Amplicon,154,A,1.0191
SMN2-Exon7-Amplicon,155,C,0.8891
SMN2-Exon7-Amplicon,156,A,3.3601
SMN2-Exon7-Amplicon,157,T,1.5461
SMN2-Exon7-Amplicon,158,T,1.3304
SMN2-Exon7-Amplicon,159,T,0.6814
SMN2-Exon7-Amplicon,160,A,4.1553
SMN2-Exon7-Amplicon,161,A,1.148
SMN2-Exon7-Amplicon,162,A,1.1457
SMN2-Exon7-Amplicon,163,A,1.0473
SMN2-Exon7-Amplicon,164,A,3.1403
SMN2-Exon7-Amplicon,165,G,2.27
SMN2-Exon7-Amplicon,166,T,2.1606
SMN2-Exon7-Amplicon,167,T,2.2013
SMN2-Exon7-Amplicon,168,C,3.025
SMN2-Exon7-Amplicon,169,A,2.0348
SMN2-Exon7-Amplicon,170,G,2.8328
SMN2-Exon7-Amplicon,171,A,2.0013
SMN2-Exon7-Amplicon,172,T,2.1999
SMN2-Exon7-Amplicon,173,G,2.6528
SMN2-Exon7-Amplicon,174,T,3.4925
SMN2-Exon7-Amplicon,175,T,2.1119
SMN2-Exon7-Amplicon,176,A,3.3735
SMN2-Exon7-Amplicon,177,G,4.1031
SMN2-Exon7-Amplicon,178,A,2.74
SMN2-Exon7-Amplicon,179,A,1.878
SMN2-Exon7-Amplicon,180,A,1.8238
SMN2-Exon7-Amplicon,181,G,2.4015
SMN2-Exon7-Amplicon,182,T,3.2422
SMN2-Exon7-Amplicon,183,T,1.7469
SMN2-Exon7-Amplicon,184,G,1.8276
SMN2-Exon7-Amplicon,185,A,1.4465
SMN2-Exon7-Amplicon,186,A,1.0544
SMN2-Exon7-Amplicon,187,A,1.2009
SMN2-Exon7-Amplicon,188,G,2.9005
SMN2-Exon7-Amplicon,189,G,1.7565
SMN2-Exon7-Amplicon,190,T,2.5751
SMN2-Exon7-Amplicon,191,T,1.6736
SMN2-Exon7-Amplicon,192,A,2.5045
SMN2-Exon7-Amplicon,193,A,1.1748
SMN2-Exon7-Amplicon,194,T,1.8514
SMN2-Exon7-Amplicon,195,G,2.3877
SMN2-Exon7-Amplicon,196,T,1.545
SMN2-Exon7-Amplicon,197,A,1.8426
SMN2-Exon7-Amplicon,198,A,0.6896
SMN2-Exon7-Amplicon,199,A,0.7136
SMN2-Exon7-Amplicon,200,A,1.1539
SMN2-Exon7-Amplicon,201,C,1.2137
SMN2-Exon7-Amplicon,202,A,0.9995
SMN2-Exon7-Amplicon,203,A,0.8088
SMN2-Exon7-Amplicon,204,T,1.6187
SMN2-Exon7-Amplicon,205,C,2.656
SMN2-Exon7-Amplicon,206,A,1.6909
SMN2-Exon7-Amplicon,207,A,0.9407
SMN2-Exon7-Amplicon,208,T,2.6759
SMN2-Exon7-Amplicon,209,A,1.7322
SMN2-Exon7-Amplicon,210,T,2.1752
SMN2-Exon7-Amplicon,211,T,1.0877
SMN2-Exon7-Amplicon,212,A,2.0141
SMN2-Exon7-Amplicon,213,A,1.2618
SMN2-Exon7-Amplicon,214,A,1.4824
SMN2-Exon7-Amplicon,215,G,2.4507
SMN2-Exon7-Amplicon,216,A,1.711
SMN2-Exon7-Amplicon,217,A,2.1801
SMN2-Exon7-Amplicon,218,T,3.0523
SMN2-Exon7-Amplicon,219,T,1.9354
SMN2-Exon7-Amplicon,220,T,1.6903
SMN2-Exon7-Amplicon,221,T,2.3586
SMN2-Exon7-Amplicon,222,G,3.6121
SMN2-Exon7-Amplicon,223,A,1.064
SMN2-Exon7-Amplicon,224,T,1.46
SMN2-Exon7-Amplicon,225,G,3.127
SMN2-Exon7-Amplicon,226,C,3.5041
SMN2-Exon7-Amplicon,227,C,2.874
SMN2-Exon7-Amplicon,228,A,3.0375
SMN2-Exon7-Amplicon,229,A,2.0582
SMN2-Exon7-Amplicon,230,A,1.7196
SMN2-Exon7-Amplicon,231,A,2.6362
SMN2-Exon7-Amplicon,232,C,4.1326
SMN2-Exon7-Amplicon,233,T,3.593
SMN2-Exon7-Amplicon,234,A,3.103
SMN2-Exon7-Amplicon,235,T,3.3673
SMN2-Exon7-Amplicon,236,T,2.7638
SMN2-Exon7-Amplicon,237,A,4.4997
SMN2-Exon7-Amplicon,238,G,5.1314
SMN2-Exon7-Amplicon,239,A,1.9753
SMN2-Exon7-Amplicon,240,T,1.7111
SMN2-Exon7-Amplicon,241,A,2.7202
SMN2-Exon7-Amplicon,242,A,1.2838
SMN2-Exon7-Amplicon,243,A,1.1313
SMN2-Exon7-Amplicon,244,A,1.3986
SMN2-Exon7-Amplicon,245,G,1.7167
SMN2-Exon7-Amplicon,246,G,1.4498
SMN2-Exon7-Amplicon,247,T,2.1617
SMN2-Exon7-Amplicon,248,T,1.5514
SMN2-Exon7-Amplicon,249,A,1.399
SMN2-Exon7-Amplicon,250,A,1.1825
SMN2-Exon7-Amplicon,251,T,2.1612
SMN2-Exon7-Amplicon,252,C,3.5487
SMN2-Exon7-Amplicon,253,T,2.1496
SMN2-Exon7-Amplicon,254,A,1.9334
SMN2-Exon7-Amplicon,255,C,1.928
SMN2-Exon7-Amplicon,256,A,0.8098
SMN2-Exon7-Amplicon,257,T,1.5448
SMN2-Exon7-Amplicon,258,C,2.6136
SMN2-Exon7-Amplicon,259,C,1.2502
SMN2-Exon7-Amplicon,260,C,1.6886
SMN2-Exon7-Amplicon,261,T,2.3463
SMN2-Exon7-Amplicon,262,A,4.5138
SMN2-Exon7-Amplicon,263,C,2.9795
SMN2-Exon7-Amplicon,264,T,2.8247
SMN2-Exon7-Amplicon,265,A,4.7607
SMN2-Exon7-Amplicon,266,G,5.9233
SMN2-Exon7-Amplicon,267,A,2.3109
SMN2-Exon7-Amplicon,268,A,2.9438
SMN2-Exon7-Amplicon,269,T,3.2537
SMN2-Exon7-Amplicon,270,T,2.5061
SMN2-Exon7-Amplicon,271,C,3.8894
SMN2-Exon7-Amplicon,272,T,3.3859
SMN2-Exon7-Amplicon,273,C,4.9677
SMN2-Exon7-Amplicon,274,A,2.1475
SMN2-Exon7-Amplicon,275,T,3.0287
SMN2-Exon7-Amplicon,276,A,3.9627
SMN2-Exon7-Amplicon,277,C,5.8435
SMN2-Exon7-Amplicon,278,T,3.2927
SMN2-Exon7-Amplicon,279,T,2.3856
SMN2-Exon7-Amplicon,280,A,2.3217
SMN2-Exon7-Amplicon,281,A,1.2716
SMN2-Exon7-Amplicon,282,C,2.2836
SMN2-Exon7-Amplicon,283,T,2.8167
SMN2-Exon7-Amplicon,284,G,3.1579
SMN2-Exon7-Amplicon,285,G,2.7828
SMN2-Exon7-Amplicon,286,T,3.538
SMN2-Exon7-Amplicon,287,T,1.5357
SMN2-Exon7-Amplicon,288,G,1.4853
SMN2-Exon7-Amplicon,289,G,1.5393
SMN2-Exon7-Amplicon,290,T,3.158
SMN2-Exon7-Amplicon,291,T,2.8213
SMN2-Exon7-Amplicon,292,G,3.2026
SMN2-Exon7-Amplicon,293,T,0.8633
SMN2-Exon7-Amplicon,294,G,1.4847
SMN2-Exon7-Amplicon,295,T,0.75
SMN2-Exon7-Amplicon,296,G,2.6236
SMN2-Exon7-Amplicon,297,G,11.363
SMN2-Exon7-Amplicon,298,A,2.188
SMN2-Exon7-Amplicon,299,A,1.7248
SMN2-Exon7-Amplicon,300,G,1.8339
SMN2-Exon7-Amplicon,301,A,2.8159
SMN2-Exon7-Amplicon,302,A,1.2406
SMN2-Exon7-Amplicon,303,A,0.8135
SMN2-Exon7-Amplicon,304,C,1.3343
SMN2-Exon7-Amplicon,305,A,1.0976
SMN2-Exon7-Amplicon,306,T,0.6833
SMN2-Exon7-Amplicon,307,A,2.3401
SMN2-Exon7-Amplicon,308,C,2.1245
SMN2-Exon7-Amplicon,309,T,1.7704
SMN2-Exon7-Amplicon,310,T,0.2852
SMN2-Exon7-Amplicon,311,T,0.3914
SMN2-Exon7-Amplicon,312,C,1.0782
SMN2-Exon7-Amplicon,313,A,0.465
SMN2-Exon7-Amplicon,314,C,1.0128
SMN2-Exon7-Amplicon,315,A,0.891
SMN2-Exon7-Amplicon,316,A,0.2003
SMN2-Exon7-Amplicon,317,T,0.3073
SMN2-Exon7-Amplicon,318,A,4.0177
SMN2-Exon7-Amplicon,319,A,0.1489
SMN2-Exon7-Amplicon,320,A,0.0883
SMN2-Exon7-Amplicon,321,G,0.1796
SMN2-Exon7-Amplicon,322,A,0
SMN2-Exon7-Amplicon,323,G,0
SMN2-Exon7-Amplicon,324,C,0
