Region,Position,Ref_base,Mut_percentage
SARS-CoV2-5UTR-Amplicon-short-trimmed+3,1,T,0
SARS-CoV2-5UTR-Amplicon-short-trimmed+3,2,T,0
SARS-CoV2-5UTR-Amplicon-short-trimmed+3,3,G,0
SARS-CoV2-5UTR-Amplicon-short-trimmed+3,4,t,0
SARS-CoV2-5UTR-Amplicon-short-trimmed+3,5,a,0
SARS-CoV2-5UTR-Amplicon-short-trimmed+3,6,g,0.0552
SARS-CoV2-5UTR-Amplicon-short-trimmed+3,7,a,0.0213
SARS-CoV2-5UTR-Amplicon-short-trimmed+3,8,t,0.0194
SARS-CoV2-5UTR-Amplicon-short-trimmed+3,9,c,0.034
SARS-CoV2-5UTR-Amplicon-short-trimmed+3,10,t,0.0174
SARS-CoV2-5UTR-Amplicon-short-trimmed+3,11,g,0.1244
SARS-CoV2-5UTR-Amplicon-short-trimmed+3,12,t,0.0384
SARS-CoV2-5UTR-Amplicon-short-trimmed+3,13,t,0.0389
SARS-CoV2-5UTR-Amplicon-short-trimmed+3,14,c,0.0487
SARS-CoV2-5UTR-Amplicon-short-trimmed+3,15,t,0.0598
SARS-CoV2-5UTR-Amplicon-short-trimmed+3,16,c,0.0525
SARS-CoV2-5UTR-Amplicon-short-trimmed+3,17,t,0.0276
SARS-CoV2-5UTR-Amplicon-short-trimmed+3,18,a,0.0629
SARS-CoV2-5UTR-Amplicon-short-trimmed+3,19,a,0.0129
SARS-CoV2-5UTR-Amplicon-short-trimmed+3,20,a,0.0218
SARS-CoV2-5UTR-Amplicon-short-trimmed+3,21,c,0.0324
SARS-CoV2-5UTR-Amplicon-short-trimmed+3,22,g,0.0359
SARS-CoV2-5UTR-Amplicon-short-trimmed+3,23,a,0.0202
SARS-CoV2-5UTR-Amplicon-short-trimmed+3,24,a,0.0203
SARS-CoV2-5UTR-Amplicon-short-trimmed+3,25,c,0.3354
SARS-CoV2-5UTR-Amplicon-short-trimmed+3,26,t,0.0973
SARS-CoV2-5UTR-Amplicon-short-trimmed+3,27,t,0.0859
SARS-CoV2-5UTR-Amplicon-short-trimmed+3,28,t,0.0184
SARS-CoV2-5UTR-Amplicon-short-trimmed+3,29,a,0.0376
SARS-CoV2-5UTR-Amplicon-short-trimmed+3,30,a,0.0343
SARS-CoV2-5UTR-Amplicon-short-trimmed+3,31,a,0.0788
SARS-CoV2-5UTR-Amplicon-short-trimmed+3,32,a,0.0263
SARS-CoV2-5UTR-Amplicon-short-trimmed+3,33,t,0.045
SARS-CoV2-5UTR-Amplicon-short-trimmed+3,34,c,0.0287
SARS-CoV2-5UTR-Amplicon-short-trimmed+3,35,t,0.0364
SARS-CoV2-5UTR-Amplicon-short-trimmed+3,36,g,0.0534
SARS-CoV2-5UTR-Amplicon-short-trimmed+3,37,t,0.0474
SARS-CoV2-5UTR-Amplicon-short-trimmed+3,38,g,0.0255
SARS-CoV2-5UTR-Amplicon-short-trimmed+3,39,t,0.0431
SARS-CoV2-5UTR-Amplicon-short-trimmed+3,40,g,0.031
SARS-CoV2-5UTR-Amplicon-short-trimmed+3,41,g,0.0643
SARS-CoV2-5UTR-Amplicon-short-trimmed+3,42,c,0.0353
SARS-CoV2-5UTR-Amplicon-short-trimmed+3,43,t,0.105
SARS-CoV2-5UTR-Amplicon-short-trimmed+3,44,g,0.0573
SARS-CoV2-5UTR-Amplicon-short-trimmed+3,45,t,0.0697
SARS-CoV2-5UTR-Amplicon-short-trimmed+3,46,c,0.0245
SARS-CoV2-5UTR-Amplicon-short-trimmed+3,47,a,0.0347
SARS-CoV2-5UTR-Amplicon-short-trimmed+3,48,c,0.0225
SARS-CoV2-5UTR-Amplicon-short-trimmed+3,49,t,0.0406
SARS-CoV2-5UTR-Amplicon-short-trimmed+3,50,c,0.0373
SARS-CoV2-5UTR-Amplicon-short-trimmed+3,51,g,0.063
SARS-CoV2-5UTR-Amplicon-short-trimmed+3,52,g,0.0801
SARS-CoV2-5UTR-Amplicon-short-trimmed+3,53,c,0.1059
SARS-CoV2-5UTR-Amplicon-short-trimmed+3,54,t,0.0509
SARS-CoV2-5UTR-Amplicon-short-trimmed+3,55,g,0.1348
SARS-CoV2-5UTR-Amplicon-short-trimmed+3,56,c,0.0474
SARS-CoV2-5UTR-Amplicon-short-trimmed+3,57,g,0.1293
SARS-CoV2-5UTR-Amplicon-short-trimmed+3,58,t,0.0592
SARS-CoV2-5UTR-Amplicon-short-trimmed+3,59,g,0.0857
SARS-CoV2-5UTR-Amplicon-short-trimmed+3,60,c,0.0428
SARS-CoV2-5UTR-Amplicon-short-trimmed+3,61,t,0.0727
SARS-CoV2-5UTR-Amplicon-short-trimmed+3,62,t,0.0366
SARS-CoV2-5UTR-Amplicon-short-trimmed+3,63,a,0.0364
SARS-CoV2-5UTR-Amplicon-short-trimmed+3,64,g,0.0337
SARS-CoV2-5UTR-Amplicon-short-trimmed+3,65,t,0.0273
SARS-CoV2-5UTR-Amplicon-short-trimmed+3,66,g,0.079
SARS-CoV2-5UTR-Amplicon-short-trimmed+3,67,c,0.0618
SARS-CoV2-5UTR-Amplicon-short-trimmed+3,68,a,0.0625
SARS-CoV2-5UTR-Amplicon-short-trimmed+3,69,c,0.0398
SARS-CoV2-5UTR-Amplicon-short-trimmed+3,70,t,0.0334
SARS-CoV2-5UTR-Amplicon-short-trimmed+3,71,c,0.0431
SARS-CoV2-5UTR-Amplicon-short-trimmed+3,72,a,0.0484
SARS-CoV2-5UTR-Amplicon-short-trimmed+3,73,c,0.0398
SARS-CoV2-5UTR-Amplicon-short-trimmed+3,74,g,0.0603
SARS-CoV2-5UTR-Amplicon-short-trimmed+3,75,c,0.0246
SARS-CoV2-5UTR-Amplicon-short-trimmed+3,76,a,0.0916
SARS-CoV2-5UTR-Amplicon-short-trimmed+3,77,g,0.0505
SARS-CoV2-5UTR-Amplicon-short-trimmed+3,78,t,0.0393
SARS-CoV2-5UTR-Amplicon-short-trimmed+3,79,a,0.0404
SARS-CoV2-5UTR-Amplicon-short-trimmed+3,80,t,0.0229
SARS-CoV2-5UTR-Amplicon-short-trimmed+3,81,a,0.036
SARS-CoV2-5UTR-Amplicon-short-trimmed+3,82,a,0.0655
SARS-CoV2-5UTR-Amplicon-short-trimmed+3,83,t,0.027
SARS-CoV2-5UTR-Amplicon-short-trimmed+3,84,t,0.0731
SARS-CoV2-5UTR-Amplicon-short-trimmed+3,85,a,0.0709
SARS-CoV2-5UTR-Amplicon-short-trimmed+3,86,a,0.0559
SARS-CoV2-5UTR-Amplicon-short-trimmed+3,87,t,0.0306
SARS-CoV2-5UTR-Amplicon-short-trimmed+3,88,a,0.0544
SARS-CoV2-5UTR-Amplicon-short-trimmed+3,89,a,0.0571
SARS-CoV2-5UTR-Amplicon-short-trimmed+3,90,c,0.3124
SARS-CoV2-5UTR-Amplicon-short-trimmed+3,91,t,0.0891
SARS-CoV2-5UTR-Amplicon-short-trimmed+3,92,a,0.0467
SARS-CoV2-5UTR-Amplicon-short-trimmed+3,93,a,0.0421
SARS-CoV2-5UTR-Amplicon-short-trimmed+3,94,t,0.0458
SARS-CoV2-5UTR-Amplicon-short-trimmed+3,95,t,0.0538
SARS-CoV2-5UTR-Amplicon-short-trimmed+3,96,a,0.0444
SARS-CoV2-5UTR-Amplicon-short-trimmed+3,97,c,0.0332
SARS-CoV2-5UTR-Amplicon-short-trimmed+3,98,t,0.2765
SARS-CoV2-5UTR-Amplicon-short-trimmed+3,99,g,0.0861
SARS-CoV2-5UTR-Amplicon-short-trimmed+3,100,t,0.0884
SARS-CoV2-5UTR-Amplicon-short-trimmed+3,101,c,0.0371
SARS-CoV2-5UTR-Amplicon-short-trimmed+3,102,g,0.0763
SARS-CoV2-5UTR-Amplicon-short-trimmed+3,103,t,0.0659
SARS-CoV2-5UTR-Amplicon-short-trimmed+3,104,t,0.114
SARS-CoV2-5UTR-Amplicon-short-trimmed+3,105,g,0.0686
SARS-CoV2-5UTR-Amplicon-short-trimmed+3,106,a,0.0586
SARS-CoV2-5UTR-Amplicon-short-trimmed+3,107,c,0.0558
SARS-CoV2-5UTR-Amplicon-short-trimmed+3,108,a,0.0787
SARS-CoV2-5UTR-Amplicon-short-trimmed+3,109,g,0.071
SARS-CoV2-5UTR-Amplicon-short-trimmed+3,110,g,0.0901
SARS-CoV2-5UTR-Amplicon-short-trimmed+3,111,a,0.0476
SARS-CoV2-5UTR-Amplicon-short-trimmed+3,112,c,0.0738
SARS-CoV2-5UTR-Amplicon-short-trimmed+3,113,a,0.0819
SARS-CoV2-5UTR-Amplicon-short-trimmed+3,114,c,0.0588
SARS-CoV2-5UTR-Amplicon-short-trimmed+3,115,g,0.0594
SARS-CoV2-5UTR-Amplicon-short-trimmed+3,116,a,0.0672
SARS-CoV2-5UTR-Amplicon-short-trimmed+3,117,g,0.0492
SARS-CoV2-5UTR-Amplicon-short-trimmed+3,118,t,0.1777
SARS-CoV2-5UTR-Amplicon-short-trimmed+3,119,a,0.1848
SARS-CoV2-5UTR-Amplicon-short-trimmed+3,120,a,0.1253
SARS-CoV2-5UTR-Amplicon-short-trimmed+3,121,c,0.2099
SARS-CoV2-5UTR-Amplicon-short-trimmed+3,122,t,0.2446
SARS-CoV2-5UTR-Amplicon-short-trimmed+3,123,c,0.2181
SARS-CoV2-5UTR-Amplicon-short-trimmed+3,124,g,0.1608
SARS-CoV2-5UTR-Amplicon-short-trimmed+3,125,t,0.2421
SARS-CoV2-5UTR-Amplicon-short-trimmed+3,126,c,0.1362
SARS-CoV2-5UTR-Amplicon-short-trimmed+3,127,t,0.1011
SARS-CoV2-5UTR-Amplicon-short-trimmed+3,128,a,0.1511
SARS-CoV2-5UTR-Amplicon-short-trimmed+3,129,t,0.6023
SARS-CoV2-5UTR-Amplicon-short-trimmed+3,130,c,0.0833
SARS-CoV2-5UTR-Amplicon-short-trimmed+3,131,t,0.1309
SARS-CoV2-5UTR-Amplicon-short-trimmed+3,132,t,0.1768
SARS-CoV2-5UTR-Amplicon-short-trimmed+3,133,c,0.2966
SARS-CoV2-5UTR-Amplicon-short-trimmed+3,134,t,0.2463
SARS-CoV2-5UTR-Amplicon-short-trimmed+3,135,g,0.0809
SARS-CoV2-5UTR-Amplicon-short-trimmed+3,136,c,0.3597
SARS-CoV2-5UTR-Amplicon-short-trimmed+3,137,a,0.2656
SARS-CoV2-5UTR-Amplicon-short-trimmed+3,138,g,0.0756
SARS-CoV2-5UTR-Amplicon-short-trimmed+3,139,g,0.2559
SARS-CoV2-5UTR-Amplicon-short-trimmed+3,140,c,0.1024
SARS-CoV2-5UTR-Amplicon-short-trimmed+3,141,t,0.3354
SARS-CoV2-5UTR-Amplicon-short-trimmed+3,142,g,0.4412
SARS-CoV2-5UTR-Amplicon-short-trimmed+3,143,c,0.0673
SARS-CoV2-5UTR-Amplicon-short-trimmed+3,144,t,0.1075
SARS-CoV2-5UTR-Amplicon-short-trimmed+3,145,t,0.1567
SARS-CoV2-5UTR-Amplicon-short-trimmed+3,146,a,0.2143
SARS-CoV2-5UTR-Amplicon-short-trimmed+3,147,c,0.1445
SARS-CoV2-5UTR-Amplicon-short-trimmed+3,148,g,0.3408
SARS-CoV2-5UTR-Amplicon-short-trimmed+3,149,g,0.0781
SARS-CoV2-5UTR-Amplicon-short-trimmed+3,150,t,0.1735
SARS-CoV2-5UTR-Amplicon-short-trimmed+3,151,t,0.1489
SARS-CoV2-5UTR-Amplicon-short-trimmed+3,152,t,0.2597
SARS-CoV2-5UTR-Amplicon-short-trimmed+3,153,c,0.2425
SARS-CoV2-5UTR-Amplicon-short-trimmed+3,154,g,0.0907
SARS-CoV2-5UTR-Amplicon-short-trimmed+3,155,t,0.2911
SARS-CoV2-5UTR-Amplicon-short-trimmed+3,156,c,0.1395
SARS-CoV2-5UTR-Amplicon-short-trimmed+3,157,c,0.2179
SARS-CoV2-5UTR-Amplicon-short-trimmed+3,158,g,0.0848
SARS-CoV2-5UTR-Amplicon-short-trimmed+3,159,t,1.5634
SARS-CoV2-5UTR-Amplicon-short-trimmed+3,160,g,0.0582
SARS-CoV2-5UTR-Amplicon-short-trimmed+3,161,t,0.1104
SARS-CoV2-5UTR-Amplicon-short-trimmed+3,162,t,0.194
SARS-CoV2-5UTR-Amplicon-short-trimmed+3,163,g,0.0741
SARS-CoV2-5UTR-Amplicon-short-trimmed+3,164,c,0.2522
SARS-CoV2-5UTR-Amplicon-short-trimmed+3,165,a,0.1638
SARS-CoV2-5UTR-Amplicon-short-trimmed+3,166,g,0.2315
SARS-CoV2-5UTR-Amplicon-short-trimmed+3,167,c,0.1304
SARS-CoV2-5UTR-Amplicon-short-trimmed+3,168,c,0.549
SARS-CoV2-5UTR-Amplicon-short-trimmed+3,169,g,0.0927
SARS-CoV2-5UTR-Amplicon-short-trimmed+3,170,a,0.1566
SARS-CoV2-5UTR-Amplicon-short-trimmed+3,171,t,0.1136
SARS-CoV2-5UTR-Amplicon-short-trimmed+3,172,c,0.2047
SARS-CoV2-5UTR-Amplicon-short-trimmed+3,173,a,0.0714
SARS-CoV2-5UTR-Amplicon-short-trimmed+3,174,t,0.0934
SARS-CoV2-5UTR-Amplicon-short-trimmed+3,175,c,0.2327
SARS-CoV2-5UTR-Amplicon-short-trimmed+3,176,a,0.1308
SARS-CoV2-5UTR-Amplicon-short-trimmed+3,177,g,0.0887
SARS-CoV2-5UTR-Amplicon-short-trimmed+3,178,c,0.6199
SARS-CoV2-5UTR-Amplicon-short-trimmed+3,179,a,0.1439
SARS-CoV2-5UTR-Amplicon-short-trimmed+3,180,c,0.0922
SARS-CoV2-5UTR-Amplicon-short-trimmed+3,181,a,0.123
SARS-CoV2-5UTR-Amplicon-short-trimmed+3,182,t,0.1422
SARS-CoV2-5UTR-Amplicon-short-trimmed+3,183,c,0.0868
SARS-CoV2-5UTR-Amplicon-short-trimmed+3,184,t,0.1139
SARS-CoV2-5UTR-Amplicon-short-trimmed+3,185,a,0.1704
SARS-CoV2-5UTR-Amplicon-short-trimmed+3,186,g,0.0539
SARS-CoV2-5UTR-Amplicon-short-trimmed+3,187,g,0.0434
SARS-CoV2-5UTR-Amplicon-short-trimmed+3,188,t,0.125
SARS-CoV2-5UTR-Amplicon-short-trimmed+3,189,t,0.314
SARS-CoV2-5UTR-Amplicon-short-trimmed+3,190,t,0.4289
SARS-CoV2-5UTR-Amplicon-short-trimmed+3,191,c,0.1431
SARS-CoV2-5UTR-Amplicon-short-trimmed+3,192,g,0.0684
SARS-CoV2-5UTR-Amplicon-short-trimmed+3,193,t,1.2255
SARS-CoV2-5UTR-Amplicon-short-trimmed+3,194,c,0.073
SARS-CoV2-5UTR-Amplicon-short-trimmed+3,195,c,0.1344
SARS-CoV2-5UTR-Amplicon-short-trimmed+3,196,g,0.3341
SARS-CoV2-5UTR-Amplicon-short-trimmed+3,197,g,0.0927
SARS-CoV2-5UTR-Amplicon-short-trimmed+3,198,g,0.386
SARS-CoV2-5UTR-Amplicon-short-trimmed+3,199,t,0.2506
SARS-CoV2-5UTR-Amplicon-short-trimmed+3,200,g,0.0661
SARS-CoV2-5UTR-Amplicon-short-trimmed+3,201,t,0.1431
SARS-CoV2-5UTR-Amplicon-short-trimmed+3,202,g,0.0964
SARS-CoV2-5UTR-Amplicon-short-trimmed+3,203,a,0.2754
SARS-CoV2-5UTR-Amplicon-short-trimmed+3,204,c,0.0842
SARS-CoV2-5UTR-Amplicon-short-trimmed+3,205,c,0.0963
SARS-CoV2-5UTR-Amplicon-short-trimmed+3,206,g,0.0711
SARS-CoV2-5UTR-Amplicon-short-trimmed+3,207,a,0.1138
SARS-CoV2-5UTR-Amplicon-short-trimmed+3,208,a,0.065
SARS-CoV2-5UTR-Amplicon-short-trimmed+3,209,a,0.1508
SARS-CoV2-5UTR-Amplicon-short-trimmed+3,210,g,0.0859
SARS-CoV2-5UTR-Amplicon-short-trimmed+3,211,g,0.1209
SARS-CoV2-5UTR-Amplicon-short-trimmed+3,212,t,0.1505
SARS-CoV2-5UTR-Amplicon-short-trimmed+3,213,a,0.0549
SARS-CoV2-5UTR-Amplicon-short-trimmed+3,214,a,0.0633
SARS-CoV2-5UTR-Amplicon-short-trimmed+3,215,g,0.0711
SARS-CoV2-5UTR-Amplicon-short-trimmed+3,216,a,0.0441
SARS-CoV2-5UTR-Amplicon-short-trimmed+3,217,t,0.1351
SARS-CoV2-5UTR-Amplicon-short-trimmed+3,218,g,0.0501
SARS-CoV2-5UTR-Amplicon-short-trimmed+3,219,g,0.0659
SARS-CoV2-5UTR-Amplicon-short-trimmed+3,220,a,0.2038
SARS-CoV2-5UTR-Amplicon-short-trimmed+3,221,g,0.1365
SARS-CoV2-5UTR-Amplicon-short-trimmed+3,222,a,0.0637
SARS-CoV2-5UTR-Amplicon-short-trimmed+3,223,g,0.1469
SARS-CoV2-5UTR-Amplicon-short-trimmed+3,224,c,0.0521
SARS-CoV2-5UTR-Amplicon-short-trimmed+3,225,c,0.0708
SARS-CoV2-5UTR-Amplicon-short-trimmed+3,226,t,0.0383
SARS-CoV2-5UTR-Amplicon-short-trimmed+3,227,t,0.3307
SARS-CoV2-5UTR-Amplicon-short-trimmed+3,228,g,0.0458
SARS-CoV2-5UTR-Amplicon-short-trimmed+3,229,t,0.1041
SARS-CoV2-5UTR-Amplicon-short-trimmed+3,230,c,0.0478
SARS-CoV2-5UTR-Amplicon-short-trimmed+3,231,c,0.0478
SARS-CoV2-5UTR-Amplicon-short-trimmed+3,232,c,0.0849
SARS-CoV2-5UTR-Amplicon-short-trimmed+3,233,t,0.1161
SARS-CoV2-5UTR-Amplicon-short-trimmed+3,234,g,0.0585
SARS-CoV2-5UTR-Amplicon-short-trimmed+3,235,g,0.0393
SARS-CoV2-5UTR-Amplicon-short-trimmed+3,236,t,0.0511
SARS-CoV2-5UTR-Amplicon-short-trimmed+3,237,t,0.0728
SARS-CoV2-5UTR-Amplicon-short-trimmed+3,238,t,0.143
SARS-CoV2-5UTR-Amplicon-short-trimmed+3,239,c,0.5566
SARS-CoV2-5UTR-Amplicon-short-trimmed+3,240,a,0.078
SARS-CoV2-5UTR-Amplicon-short-trimmed+3,241,a,0.0616
SARS-CoV2-5UTR-Amplicon-short-trimmed+3,242,c,0.0535
SARS-CoV2-5UTR-Amplicon-short-trimmed+3,243,g,0.0229
SARS-CoV2-5UTR-Amplicon-short-trimmed+3,244,a,0.1846
SARS-CoV2-5UTR-Amplicon-short-trimmed+3,245,g,0
SARS-CoV2-5UTR-Amplicon-short-trimmed+3,246,g,0
SARS-CoV2-5UTR-Amplicon-short-trimmed+3,247,G,0
SARS-CoV2-5UTR-Amplicon-short-trimmed+3,248,A,0
SARS-CoV2-5UTR-Amplicon-short-trimmed+3,249,G,0
