Region,Position,Ref_base,Mut_percentage
SARS-CoV2-5UTR-Amplicon-short-trimmed+3,1,T,0
SARS-CoV2-5UTR-Amplicon-short-trimmed+3,2,T,0
SARS-CoV2-5UTR-Amplicon-short-trimmed+3,3,G,0
SARS-CoV2-5UTR-Amplicon-short-trimmed+3,4,t,0
SARS-CoV2-5UTR-Amplicon-short-trimmed+3,5,a,0
SARS-CoV2-5UTR-Amplicon-short-trimmed+3,6,g,0.0563
SARS-CoV2-5UTR-Amplicon-short-trimmed+3,7,a,0.0248
SARS-CoV2-5UTR-Amplicon-short-trimmed+3,8,t,0.0664
SARS-CoV2-5UTR-Amplicon-short-trimmed+3,9,c,0.0629
SARS-CoV2-5UTR-Amplicon-short-trimmed+3,10,t,0.0386
SARS-CoV2-5UTR-Amplicon-short-trimmed+3,11,g,0.1932
SARS-CoV2-5UTR-Amplicon-short-trimmed+3,12,t,0.0562
SARS-CoV2-5UTR-Amplicon-short-trimmed+3,13,t,0.0744
SARS-CoV2-5UTR-Amplicon-short-trimmed+3,14,c,0.102
SARS-CoV2-5UTR-Amplicon-short-trimmed+3,15,t,0.1083
SARS-CoV2-5UTR-Amplicon-short-trimmed+3,16,c,0.079
SARS-CoV2-5UTR-Amplicon-short-trimmed+3,17,t,0.0472
SARS-CoV2-5UTR-Amplicon-short-trimmed+3,18,a,0.0817
SARS-CoV2-5UTR-Amplicon-short-trimmed+3,19,a,0.018
SARS-CoV2-5UTR-Amplicon-short-trimmed+3,20,a,0.0368
SARS-CoV2-5UTR-Amplicon-short-trimmed+3,21,c,0.0516
SARS-CoV2-5UTR-Amplicon-short-trimmed+3,22,g,0.0572
SARS-CoV2-5UTR-Amplicon-short-trimmed+3,23,a,0.025
SARS-CoV2-5UTR-Amplicon-short-trimmed+3,24,a,0.0404
SARS-CoV2-5UTR-Amplicon-short-trimmed+3,25,c,1.502
SARS-CoV2-5UTR-Amplicon-short-trimmed+3,26,t,0.2172
SARS-CoV2-5UTR-Amplicon-short-trimmed+3,27,t,0.1176
SARS-CoV2-5UTR-Amplicon-short-trimmed+3,28,t,0.036
SARS-CoV2-5UTR-Amplicon-short-trimmed+3,29,a,0.0985
SARS-CoV2-5UTR-Amplicon-short-trimmed+3,30,a,0.0573
SARS-CoV2-5UTR-Amplicon-short-trimmed+3,31,a,0.0713
SARS-CoV2-5UTR-Amplicon-short-trimmed+3,32,a,0.0366
SARS-CoV2-5UTR-Amplicon-short-trimmed+3,33,t,0.0718
SARS-CoV2-5UTR-Amplicon-short-trimmed+3,34,c,0.0631
SARS-CoV2-5UTR-Amplicon-short-trimmed+3,35,t,0.0877
SARS-CoV2-5UTR-Amplicon-short-trimmed+3,36,g,0.1305
SARS-CoV2-5UTR-Amplicon-short-trimmed+3,37,t,0.0678
SARS-CoV2-5UTR-Amplicon-short-trimmed+3,38,g,0.0469
SARS-CoV2-5UTR-Amplicon-short-trimmed+3,39,t,0.048
SARS-CoV2-5UTR-Amplicon-short-trimmed+3,40,g,0.0606
SARS-CoV2-5UTR-Amplicon-short-trimmed+3,41,g,0.125
SARS-CoV2-5UTR-Amplicon-short-trimmed+3,42,c,0.0981
SARS-CoV2-5UTR-Amplicon-short-trimmed+3,43,t,0.1416
SARS-CoV2-5UTR-Amplicon-short-trimmed+3,44,g,0.0943
SARS-CoV2-5UTR-Amplicon-short-trimmed+3,45,t,0.1202
SARS-CoV2-5UTR-Amplicon-short-trimmed+3,46,c,0.0582
SARS-CoV2-5UTR-Amplicon-short-trimmed+3,47,a,0.0518
SARS-CoV2-5UTR-Amplicon-short-trimmed+3,48,c,0.0605
SARS-CoV2-5UTR-Amplicon-short-trimmed+3,49,t,0.0545
SARS-CoV2-5UTR-Amplicon-short-trimmed+3,50,c,0.082
SARS-CoV2-5UTR-Amplicon-short-trimmed+3,51,g,0.1024
SARS-CoV2-5UTR-Amplicon-short-trimmed+3,52,g,0.2183
SARS-CoV2-5UTR-Amplicon-short-trimmed+3,53,c,0.1506
SARS-CoV2-5UTR-Amplicon-short-trimmed+3,54,t,0.0809
SARS-CoV2-5UTR-Amplicon-short-trimmed+3,55,g,0.1915
SARS-CoV2-5UTR-Amplicon-short-trimmed+3,56,c,0.102
SARS-CoV2-5UTR-Amplicon-short-trimmed+3,57,g,0.2025
SARS-CoV2-5UTR-Amplicon-short-trimmed+3,58,t,0.0652
SARS-CoV2-5UTR-Amplicon-short-trimmed+3,59,g,0.1485
SARS-CoV2-5UTR-Amplicon-short-trimmed+3,60,c,0.0936
SARS-CoV2-5UTR-Amplicon-short-trimmed+3,61,t,0.0965
SARS-CoV2-5UTR-Amplicon-short-trimmed+3,62,t,0.0481
SARS-CoV2-5UTR-Amplicon-short-trimmed+3,63,a,0.0388
SARS-CoV2-5UTR-Amplicon-short-trimmed+3,64,g,0.066
SARS-CoV2-5UTR-Amplicon-short-trimmed+3,65,t,0.0372
SARS-CoV2-5UTR-Amplicon-short-trimmed+3,66,g,0.128
SARS-CoV2-5UTR-Amplicon-short-trimmed+3,67,c,0.1628
SARS-CoV2-5UTR-Amplicon-short-trimmed+3,68,a,0.0766
SARS-CoV2-5UTR-Amplicon-short-trimmed+3,69,c,0.0871
SARS-CoV2-5UTR-Amplicon-short-trimmed+3,70,t,0.057
SARS-CoV2-5UTR-Amplicon-short-trimmed+3,71,c,0.0512
SARS-CoV2-5UTR-Amplicon-short-trimmed+3,72,a,0.0582
SARS-CoV2-5UTR-Amplicon-short-trimmed+3,73,c,0.0656
SARS-CoV2-5UTR-Amplicon-short-trimmed+3,74,g,0.1351
SARS-CoV2-5UTR-Amplicon-short-trimmed+3,75,c,0.0488
SARS-CoV2-5UTR-Amplicon-short-trimmed+3,76,a,0.0782
SARS-CoV2-5UTR-Amplicon-short-trimmed+3,77,g,0.0944
SARS-CoV2-5UTR-Amplicon-short-trimmed+3,78,t,0.04
SARS-CoV2-5UTR-Amplicon-short-trimmed+3,79,a,0.0339
SARS-CoV2-5UTR-Amplicon-short-trimmed+3,80,t,0.0215
SARS-CoV2-5UTR-Amplicon-short-trimmed+3,81,a,0.0336
SARS-CoV2-5UTR-Amplicon-short-trimmed+3,82,a,0.0615
SARS-CoV2-5UTR-Amplicon-short-trimmed+3,83,t,0.0342
SARS-CoV2-5UTR-Amplicon-short-trimmed+3,84,t,0.0704
SARS-CoV2-5UTR-Amplicon-short-trimmed+3,85,a,0.08
SARS-CoV2-5UTR-Amplicon-short-trimmed+3,86,a,0.0689
SARS-CoV2-5UTR-Amplicon-short-trimmed+3,87,t,0.0301
SARS-CoV2-5UTR-Amplicon-short-trimmed+3,88,a,0.0469
SARS-CoV2-5UTR-Amplicon-short-trimmed+3,89,a,0.0613
SARS-CoV2-5UTR-Amplicon-short-trimmed+3,90,c,0.3249
SARS-CoV2-5UTR-Amplicon-short-trimmed+3,91,t,0.096
SARS-CoV2-5UTR-Amplicon-short-trimmed+3,92,a,0.0517
SARS-CoV2-5UTR-Amplicon-short-trimmed+3,93,a,0.0531
SARS-CoV2-5UTR-Amplicon-short-trimmed+3,94,t,0.0544
SARS-CoV2-5UTR-Amplicon-short-trimmed+3,95,t,0.048
SARS-CoV2-5UTR-Amplicon-short-trimmed+3,96,a,0.0475
SARS-CoV2-5UTR-Amplicon-short-trimmed+3,97,c,0.0548
SARS-CoV2-5UTR-Amplicon-short-trimmed+3,98,t,0.3001
SARS-CoV2-5UTR-Amplicon-short-trimmed+3,99,g,0.1099
SARS-CoV2-5UTR-Amplicon-short-trimmed+3,100,t,0.0998
SARS-CoV2-5UTR-Amplicon-short-trimmed+3,101,c,0.089
SARS-CoV2-5UTR-Amplicon-short-trimmed+3,102,g,0.1215
SARS-CoV2-5UTR-Amplicon-short-trimmed+3,103,t,0.0691
SARS-CoV2-5UTR-Amplicon-short-trimmed+3,104,t,0.1071
SARS-CoV2-5UTR-Amplicon-short-trimmed+3,105,g,0.0866
SARS-CoV2-5UTR-Amplicon-short-trimmed+3,106,a,0.0579
SARS-CoV2-5UTR-Amplicon-short-trimmed+3,107,c,0.0981
SARS-CoV2-5UTR-Amplicon-short-trimmed+3,108,a,0.0953
SARS-CoV2-5UTR-Amplicon-short-trimmed+3,109,g,0.1107
SARS-CoV2-5UTR-Amplicon-short-trimmed+3,110,g,0.1145
SARS-CoV2-5UTR-Amplicon-short-trimmed+3,111,a,0.0471
SARS-CoV2-5UTR-Amplicon-short-trimmed+3,112,c,0.1073
SARS-CoV2-5UTR-Amplicon-short-trimmed+3,113,a,0.0593
SARS-CoV2-5UTR-Amplicon-short-trimmed+3,114,c,0.1287
SARS-CoV2-5UTR-Amplicon-short-trimmed+3,115,g,0.0726
SARS-CoV2-5UTR-Amplicon-short-trimmed+3,116,a,0.0788
SARS-CoV2-5UTR-Amplicon-short-trimmed+3,117,g,0.0617
SARS-CoV2-5UTR-Amplicon-short-trimmed+3,118,t,0.1399
SARS-CoV2-5UTR-Amplicon-short-trimmed+3,119,a,0.1229
SARS-CoV2-5UTR-Amplicon-short-trimmed+3,120,a,0.1002
SARS-CoV2-5UTR-Amplicon-short-trimmed+3,121,c,0.1813
SARS-CoV2-5UTR-Amplicon-short-trimmed+3,122,t,0.1752
SARS-CoV2-5UTR-Amplicon-short-trimmed+3,123,c,0.2079
SARS-CoV2-5UTR-Amplicon-short-trimmed+3,124,g,0.1962
SARS-CoV2-5UTR-Amplicon-short-trimmed+3,125,t,0.2646
SARS-CoV2-5UTR-Amplicon-short-trimmed+3,126,c,0.1319
SARS-CoV2-5UTR-Amplicon-short-trimmed+3,127,t,0.0684
SARS-CoV2-5UTR-Amplicon-short-trimmed+3,128,a,0.1053
SARS-CoV2-5UTR-Amplicon-short-trimmed+3,129,t,0.4327
SARS-CoV2-5UTR-Amplicon-short-trimmed+3,130,c,0.0878
SARS-CoV2-5UTR-Amplicon-short-trimmed+3,131,t,0.1081
SARS-CoV2-5UTR-Amplicon-short-trimmed+3,132,t,0.1472
SARS-CoV2-5UTR-Amplicon-short-trimmed+3,133,c,0.2498
SARS-CoV2-5UTR-Amplicon-short-trimmed+3,134,t,0.1709
SARS-CoV2-5UTR-Amplicon-short-trimmed+3,135,g,0.1364
SARS-CoV2-5UTR-Amplicon-short-trimmed+3,136,c,0.4156
SARS-CoV2-5UTR-Amplicon-short-trimmed+3,137,a,0.2141
SARS-CoV2-5UTR-Amplicon-short-trimmed+3,138,g,0.1066
SARS-CoV2-5UTR-Amplicon-short-trimmed+3,139,g,0.2377
SARS-CoV2-5UTR-Amplicon-short-trimmed+3,140,c,0.1325
SARS-CoV2-5UTR-Amplicon-short-trimmed+3,141,t,0.2645
SARS-CoV2-5UTR-Amplicon-short-trimmed+3,142,g,0.362
SARS-CoV2-5UTR-Amplicon-short-trimmed+3,143,c,0.1063
SARS-CoV2-5UTR-Amplicon-short-trimmed+3,144,t,0.1076
SARS-CoV2-5UTR-Amplicon-short-trimmed+3,145,t,0.1203
SARS-CoV2-5UTR-Amplicon-short-trimmed+3,146,a,0.175
SARS-CoV2-5UTR-Amplicon-short-trimmed+3,147,c,0.1644
SARS-CoV2-5UTR-Amplicon-short-trimmed+3,148,g,0.3654
SARS-CoV2-5UTR-Amplicon-short-trimmed+3,149,g,0.1525
SARS-CoV2-5UTR-Amplicon-short-trimmed+3,150,t,0.1632
SARS-CoV2-5UTR-Amplicon-short-trimmed+3,151,t,0.1392
SARS-CoV2-5UTR-Amplicon-short-trimmed+3,152,t,0.202
SARS-CoV2-5UTR-Amplicon-short-trimmed+3,153,c,0.2411
SARS-CoV2-5UTR-Amplicon-short-trimmed+3,154,g,0.0976
SARS-CoV2-5UTR-Amplicon-short-trimmed+3,155,t,0.3049
SARS-CoV2-5UTR-Amplicon-short-trimmed+3,156,c,0.2077
SARS-CoV2-5UTR-Amplicon-short-trimmed+3,157,c,0.2046
SARS-CoV2-5UTR-Amplicon-short-trimmed+3,158,g,0.1163
SARS-CoV2-5UTR-Amplicon-short-trimmed+3,159,t,1.119
SARS-CoV2-5UTR-Amplicon-short-trimmed+3,160,g,0.0964
SARS-CoV2-5UTR-Amplicon-short-trimmed+3,161,t,0.1188
SARS-CoV2-5UTR-Amplicon-short-trimmed+3,162,t,0.1769
SARS-CoV2-5UTR-Amplicon-short-trimmed+3,163,g,0.1188
SARS-CoV2-5UTR-Amplicon-short-trimmed+3,164,c,0.2711
SARS-CoV2-5UTR-Amplicon-short-trimmed+3,165,a,0.3489
SARS-CoV2-5UTR-Amplicon-short-trimmed+3,166,g,0.4887
SARS-CoV2-5UTR-Amplicon-short-trimmed+3,167,c,0.297
SARS-CoV2-5UTR-Amplicon-short-trimmed+3,168,c,0.5297
SARS-CoV2-5UTR-Amplicon-short-trimmed+3,169,g,0.0962
SARS-CoV2-5UTR-Amplicon-short-trimmed+3,170,a,0.1015
SARS-CoV2-5UTR-Amplicon-short-trimmed+3,171,t,0.1046
SARS-CoV2-5UTR-Amplicon-short-trimmed+3,172,c,0.1602
SARS-CoV2-5UTR-Amplicon-short-trimmed+3,173,a,0.0512
SARS-CoV2-5UTR-Amplicon-short-trimmed+3,174,t,0.0767
SARS-CoV2-5UTR-Amplicon-short-trimmed+3,175,c,0.2142
SARS-CoV2-5UTR-Amplicon-short-trimmed+3,176,a,0.132
SARS-CoV2-5UTR-Amplicon-short-trimmed+3,177,g,0.137
SARS-CoV2-5UTR-Amplicon-short-trimmed+3,178,c,0.5888
SARS-CoV2-5UTR-Amplicon-short-trimmed+3,179,a,0.1136
SARS-CoV2-5UTR-Amplicon-short-trimmed+3,180,c,0.1003
SARS-CoV2-5UTR-Amplicon-short-trimmed+3,181,a,0.0841
SARS-CoV2-5UTR-Amplicon-short-trimmed+3,182,t,0.1441
SARS-CoV2-5UTR-Amplicon-short-trimmed+3,183,c,0.0931
SARS-CoV2-5UTR-Amplicon-short-trimmed+3,184,t,0.0986
SARS-CoV2-5UTR-Amplicon-short-trimmed+3,185,a,0.1874
SARS-CoV2-5UTR-Amplicon-short-trimmed+3,186,g,0.0995
SARS-CoV2-5UTR-Amplicon-short-trimmed+3,187,g,0.0978
SARS-CoV2-5UTR-Amplicon-short-trimmed+3,188,t,0.1577
SARS-CoV2-5UTR-Amplicon-short-trimmed+3,189,t,0.2841
SARS-CoV2-5UTR-Amplicon-short-trimmed+3,190,t,0.3296
SARS-CoV2-5UTR-Amplicon-short-trimmed+3,191,c,0.1834
SARS-CoV2-5UTR-Amplicon-short-trimmed+3,192,g,0.0954
SARS-CoV2-5UTR-Amplicon-short-trimmed+3,193,t,0.9502
SARS-CoV2-5UTR-Amplicon-short-trimmed+3,194,c,0.1701
SARS-CoV2-5UTR-Amplicon-short-trimmed+3,195,c,0.2106
SARS-CoV2-5UTR-Amplicon-short-trimmed+3,196,g,0.3524
SARS-CoV2-5UTR-Amplicon-short-trimmed+3,197,g,0.1642
SARS-CoV2-5UTR-Amplicon-short-trimmed+3,198,g,0.4959
SARS-CoV2-5UTR-Amplicon-short-trimmed+3,199,t,0.2239
SARS-CoV2-5UTR-Amplicon-short-trimmed+3,200,g,0.0775
SARS-CoV2-5UTR-Amplicon-short-trimmed+3,201,t,0.1243
SARS-CoV2-5UTR-Amplicon-short-trimmed+3,202,g,0.1073
SARS-CoV2-5UTR-Amplicon-short-trimmed+3,203,a,0.2846
SARS-CoV2-5UTR-Amplicon-short-trimmed+3,204,c,0.1323
SARS-CoV2-5UTR-Amplicon-short-trimmed+3,205,c,0.1095
SARS-CoV2-5UTR-Amplicon-short-trimmed+3,206,g,0.0999
SARS-CoV2-5UTR-Amplicon-short-trimmed+3,207,a,0.113
SARS-CoV2-5UTR-Amplicon-short-trimmed+3,208,a,0.0587
SARS-CoV2-5UTR-Amplicon-short-trimmed+3,209,a,0.127
SARS-CoV2-5UTR-Amplicon-short-trimmed+3,210,g,0.1362
SARS-CoV2-5UTR-Amplicon-short-trimmed+3,211,g,0.1551
SARS-CoV2-5UTR-Amplicon-short-trimmed+3,212,t,0.1193
SARS-CoV2-5UTR-Amplicon-short-trimmed+3,213,a,0.0609
SARS-CoV2-5UTR-Amplicon-short-trimmed+3,214,a,0.0844
SARS-CoV2-5UTR-Amplicon-short-trimmed+3,215,g,0.0715
SARS-CoV2-5UTR-Amplicon-short-trimmed+3,216,a,0.0509
SARS-CoV2-5UTR-Amplicon-short-trimmed+3,217,t,0.118
SARS-CoV2-5UTR-Amplicon-short-trimmed+3,218,g,0.0737
SARS-CoV2-5UTR-Amplicon-short-trimmed+3,219,g,0.0803
SARS-CoV2-5UTR-Amplicon-short-trimmed+3,220,a,0.2418
SARS-CoV2-5UTR-Amplicon-short-trimmed+3,221,g,0.1556
SARS-CoV2-5UTR-Amplicon-short-trimmed+3,222,a,0.0751
SARS-CoV2-5UTR-Amplicon-short-trimmed+3,223,g,0.1859
SARS-CoV2-5UTR-Amplicon-short-trimmed+3,224,c,0.098
SARS-CoV2-5UTR-Amplicon-short-trimmed+3,225,c,0.0918
SARS-CoV2-5UTR-Amplicon-short-trimmed+3,226,t,0.0559
SARS-CoV2-5UTR-Amplicon-short-trimmed+3,227,t,0.2856
SARS-CoV2-5UTR-Amplicon-short-trimmed+3,228,g,0.0588
SARS-CoV2-5UTR-Amplicon-short-trimmed+3,229,t,0.1212
SARS-CoV2-5UTR-Amplicon-short-trimmed+3,230,c,0.0852
SARS-CoV2-5UTR-Amplicon-short-trimmed+3,231,c,0.0773
SARS-CoV2-5UTR-Amplicon-short-trimmed+3,232,c,0.111
SARS-CoV2-5UTR-Amplicon-short-trimmed+3,233,t,0.1712
SARS-CoV2-5UTR-Amplicon-short-trimmed+3,234,g,0.0954
SARS-CoV2-5UTR-Amplicon-short-trimmed+3,235,g,0.1282
SARS-CoV2-5UTR-Amplicon-short-trimmed+3,236,t,0.0772
SARS-CoV2-5UTR-Amplicon-short-trimmed+3,237,t,0.0553
SARS-CoV2-5UTR-Amplicon-short-trimmed+3,238,t,0.1065
SARS-CoV2-5UTR-Amplicon-short-trimmed+3,239,c,0.6551
SARS-CoV2-5UTR-Amplicon-short-trimmed+3,240,a,0.0801
SARS-CoV2-5UTR-Amplicon-short-trimmed+3,241,a,0.0706
SARS-CoV2-5UTR-Amplicon-short-trimmed+3,242,c,0.0891
SARS-CoV2-5UTR-Amplicon-short-trimmed+3,243,g,0.031
SARS-CoV2-5UTR-Amplicon-short-trimmed+3,244,a,0.1936
SARS-CoV2-5UTR-Amplicon-short-trimmed+3,245,g,0
SARS-CoV2-5UTR-Amplicon-short-trimmed+3,246,g,0
SARS-CoV2-5UTR-Amplicon-short-trimmed+3,247,G,0
SARS-CoV2-5UTR-Amplicon-short-trimmed+3,248,A,0
SARS-CoV2-5UTR-Amplicon-short-trimmed+3,249,G,0
