Region,Position,Ref_base,Mut_percentage
SARS-CoV2-5UTR-Amplicon-short-trimmed+3,1,T,0
SARS-CoV2-5UTR-Amplicon-short-trimmed+3,2,T,0
SARS-CoV2-5UTR-Amplicon-short-trimmed+3,3,G,0
SARS-CoV2-5UTR-Amplicon-short-trimmed+3,4,t,0
SARS-CoV2-5UTR-Amplicon-short-trimmed+3,5,a,0
SARS-CoV2-5UTR-Amplicon-short-trimmed+3,6,g,0.077
SARS-CoV2-5UTR-Amplicon-short-trimmed+3,7,a,0.0248
SARS-CoV2-5UTR-Amplicon-short-trimmed+3,8,t,0.0646
SARS-CoV2-5UTR-Amplicon-short-trimmed+3,9,c,0.0534
SARS-CoV2-5UTR-Amplicon-short-trimmed+3,10,t,0.0363
SARS-CoV2-5UTR-Amplicon-short-trimmed+3,11,g,0.2608
SARS-CoV2-5UTR-Amplicon-short-trimmed+3,12,t,0.0669
SARS-CoV2-5UTR-Amplicon-short-trimmed+3,13,t,0.0598
SARS-CoV2-5UTR-Amplicon-short-trimmed+3,14,c,0.0618
SARS-CoV2-5UTR-Amplicon-short-trimmed+3,15,t,0.0997
SARS-CoV2-5UTR-Amplicon-short-trimmed+3,16,c,0.0624
SARS-CoV2-5UTR-Amplicon-short-trimmed+3,17,t,0.0338
SARS-CoV2-5UTR-Amplicon-short-trimmed+3,18,a,0.0872
SARS-CoV2-5UTR-Amplicon-short-trimmed+3,19,a,0.0293
SARS-CoV2-5UTR-Amplicon-short-trimmed+3,20,a,0.0392
SARS-CoV2-5UTR-Amplicon-short-trimmed+3,21,c,0.0475
SARS-CoV2-5UTR-Amplicon-short-trimmed+3,22,g,0.0784
SARS-CoV2-5UTR-Amplicon-short-trimmed+3,23,a,0.025
SARS-CoV2-5UTR-Amplicon-short-trimmed+3,24,a,0.044
SARS-CoV2-5UTR-Amplicon-short-trimmed+3,25,c,1.2528
SARS-CoV2-5UTR-Amplicon-short-trimmed+3,26,t,0.2095
SARS-CoV2-5UTR-Amplicon-short-trimmed+3,27,t,0.1171
SARS-CoV2-5UTR-Amplicon-short-trimmed+3,28,t,0.0335
SARS-CoV2-5UTR-Amplicon-short-trimmed+3,29,a,0.0926
SARS-CoV2-5UTR-Amplicon-short-trimmed+3,30,a,0.0519
SARS-CoV2-5UTR-Amplicon-short-trimmed+3,31,a,0.0751
SARS-CoV2-5UTR-Amplicon-short-trimmed+3,32,a,0.0373
SARS-CoV2-5UTR-Amplicon-short-trimmed+3,33,t,0.0668
SARS-CoV2-5UTR-Amplicon-short-trimmed+3,34,c,0.0482
SARS-CoV2-5UTR-Amplicon-short-trimmed+3,35,t,0.1178
SARS-CoV2-5UTR-Amplicon-short-trimmed+3,36,g,0.2594
SARS-CoV2-5UTR-Amplicon-short-trimmed+3,37,t,0.0808
SARS-CoV2-5UTR-Amplicon-short-trimmed+3,38,g,0.1231
SARS-CoV2-5UTR-Amplicon-short-trimmed+3,39,t,0.0676
SARS-CoV2-5UTR-Amplicon-short-trimmed+3,40,g,0.1765
SARS-CoV2-5UTR-Amplicon-short-trimmed+3,41,g,0.2134
SARS-CoV2-5UTR-Amplicon-short-trimmed+3,42,c,0.0797
SARS-CoV2-5UTR-Amplicon-short-trimmed+3,43,t,0.1473
SARS-CoV2-5UTR-Amplicon-short-trimmed+3,44,g,0.1735
SARS-CoV2-5UTR-Amplicon-short-trimmed+3,45,t,0.1328
SARS-CoV2-5UTR-Amplicon-short-trimmed+3,46,c,0.0389
SARS-CoV2-5UTR-Amplicon-short-trimmed+3,47,a,0.0362
SARS-CoV2-5UTR-Amplicon-short-trimmed+3,48,c,0.0478
SARS-CoV2-5UTR-Amplicon-short-trimmed+3,49,t,0.0577
SARS-CoV2-5UTR-Amplicon-short-trimmed+3,50,c,0.0802
SARS-CoV2-5UTR-Amplicon-short-trimmed+3,51,g,0.228
SARS-CoV2-5UTR-Amplicon-short-trimmed+3,52,g,0.3066
SARS-CoV2-5UTR-Amplicon-short-trimmed+3,53,c,0.1506
SARS-CoV2-5UTR-Amplicon-short-trimmed+3,54,t,0.108
SARS-CoV2-5UTR-Amplicon-short-trimmed+3,55,g,0.2055
SARS-CoV2-5UTR-Amplicon-short-trimmed+3,56,c,0.1
SARS-CoV2-5UTR-Amplicon-short-trimmed+3,57,g,0.2582
SARS-CoV2-5UTR-Amplicon-short-trimmed+3,58,t,0.0835
SARS-CoV2-5UTR-Amplicon-short-trimmed+3,59,g,0.2264
SARS-CoV2-5UTR-Amplicon-short-trimmed+3,60,c,0.077
SARS-CoV2-5UTR-Amplicon-short-trimmed+3,61,t,0.1079
SARS-CoV2-5UTR-Amplicon-short-trimmed+3,62,t,0.0882
SARS-CoV2-5UTR-Amplicon-short-trimmed+3,63,a,0.0956
SARS-CoV2-5UTR-Amplicon-short-trimmed+3,64,g,0.1222
SARS-CoV2-5UTR-Amplicon-short-trimmed+3,65,t,0.0413
SARS-CoV2-5UTR-Amplicon-short-trimmed+3,66,g,0.2179
SARS-CoV2-5UTR-Amplicon-short-trimmed+3,67,c,0.1562
SARS-CoV2-5UTR-Amplicon-short-trimmed+3,68,a,0.0651
SARS-CoV2-5UTR-Amplicon-short-trimmed+3,69,c,0.0732
SARS-CoV2-5UTR-Amplicon-short-trimmed+3,70,t,0.0541
SARS-CoV2-5UTR-Amplicon-short-trimmed+3,71,c,0.0589
SARS-CoV2-5UTR-Amplicon-short-trimmed+3,72,a,0.074
SARS-CoV2-5UTR-Amplicon-short-trimmed+3,73,c,0.0718
SARS-CoV2-5UTR-Amplicon-short-trimmed+3,74,g,0.2395
SARS-CoV2-5UTR-Amplicon-short-trimmed+3,75,c,0.0355
SARS-CoV2-5UTR-Amplicon-short-trimmed+3,76,a,0.0863
SARS-CoV2-5UTR-Amplicon-short-trimmed+3,77,g,0.0987
SARS-CoV2-5UTR-Amplicon-short-trimmed+3,78,t,0.0402
SARS-CoV2-5UTR-Amplicon-short-trimmed+3,79,a,0.0406
SARS-CoV2-5UTR-Amplicon-short-trimmed+3,80,t,0.0254
SARS-CoV2-5UTR-Amplicon-short-trimmed+3,81,a,0.0337
SARS-CoV2-5UTR-Amplicon-short-trimmed+3,82,a,0.066
SARS-CoV2-5UTR-Amplicon-short-trimmed+3,83,t,0.0337
SARS-CoV2-5UTR-Amplicon-short-trimmed+3,84,t,0.0725
SARS-CoV2-5UTR-Amplicon-short-trimmed+3,85,a,0.082
SARS-CoV2-5UTR-Amplicon-short-trimmed+3,86,a,0.0574
SARS-CoV2-5UTR-Amplicon-short-trimmed+3,87,t,0.0265
SARS-CoV2-5UTR-Amplicon-short-trimmed+3,88,a,0.0545
SARS-CoV2-5UTR-Amplicon-short-trimmed+3,89,a,0.0549
SARS-CoV2-5UTR-Amplicon-short-trimmed+3,90,c,0.3101
SARS-CoV2-5UTR-Amplicon-short-trimmed+3,91,t,0.1069
SARS-CoV2-5UTR-Amplicon-short-trimmed+3,92,a,0.0502
SARS-CoV2-5UTR-Amplicon-short-trimmed+3,93,a,0.0525
SARS-CoV2-5UTR-Amplicon-short-trimmed+3,94,t,0.049
SARS-CoV2-5UTR-Amplicon-short-trimmed+3,95,t,0.0547
SARS-CoV2-5UTR-Amplicon-short-trimmed+3,96,a,0.0542
SARS-CoV2-5UTR-Amplicon-short-trimmed+3,97,c,0.0453
SARS-CoV2-5UTR-Amplicon-short-trimmed+3,98,t,0.3177
SARS-CoV2-5UTR-Amplicon-short-trimmed+3,99,g,0.1671
SARS-CoV2-5UTR-Amplicon-short-trimmed+3,100,t,0.091
SARS-CoV2-5UTR-Amplicon-short-trimmed+3,101,c,0.0979
SARS-CoV2-5UTR-Amplicon-short-trimmed+3,102,g,0.2324
SARS-CoV2-5UTR-Amplicon-short-trimmed+3,103,t,0.0749
SARS-CoV2-5UTR-Amplicon-short-trimmed+3,104,t,0.1115
SARS-CoV2-5UTR-Amplicon-short-trimmed+3,105,g,0.083
SARS-CoV2-5UTR-Amplicon-short-trimmed+3,106,a,0.0712
SARS-CoV2-5UTR-Amplicon-short-trimmed+3,107,c,0.0982
SARS-CoV2-5UTR-Amplicon-short-trimmed+3,108,a,0.1202
SARS-CoV2-5UTR-Amplicon-short-trimmed+3,109,g,0.1577
SARS-CoV2-5UTR-Amplicon-short-trimmed+3,110,g,0.1168
SARS-CoV2-5UTR-Amplicon-short-trimmed+3,111,a,0.0499
SARS-CoV2-5UTR-Amplicon-short-trimmed+3,112,c,0.0832
SARS-CoV2-5UTR-Amplicon-short-trimmed+3,113,a,0.0664
SARS-CoV2-5UTR-Amplicon-short-trimmed+3,114,c,0.1119
SARS-CoV2-5UTR-Amplicon-short-trimmed+3,115,g,0.0801
SARS-CoV2-5UTR-Amplicon-short-trimmed+3,116,a,0.0989
SARS-CoV2-5UTR-Amplicon-short-trimmed+3,117,g,0.1105
SARS-CoV2-5UTR-Amplicon-short-trimmed+3,118,t,0.1482
SARS-CoV2-5UTR-Amplicon-short-trimmed+3,119,a,0.1577
SARS-CoV2-5UTR-Amplicon-short-trimmed+3,120,a,0.1228
SARS-CoV2-5UTR-Amplicon-short-trimmed+3,121,c,0.195
SARS-CoV2-5UTR-Amplicon-short-trimmed+3,122,t,0.2347
SARS-CoV2-5UTR-Amplicon-short-trimmed+3,123,c,0.2511
SARS-CoV2-5UTR-Amplicon-short-trimmed+3,124,g,0.2571
SARS-CoV2-5UTR-Amplicon-short-trimmed+3,125,t,0.316
SARS-CoV2-5UTR-Amplicon-short-trimmed+3,126,c,0.1376
SARS-CoV2-5UTR-Amplicon-short-trimmed+3,127,t,0.0874
SARS-CoV2-5UTR-Amplicon-short-trimmed+3,128,a,0.1308
SARS-CoV2-5UTR-Amplicon-short-trimmed+3,129,t,0.537
SARS-CoV2-5UTR-Amplicon-short-trimmed+3,130,c,0.0828
SARS-CoV2-5UTR-Amplicon-short-trimmed+3,131,t,0.1234
SARS-CoV2-5UTR-Amplicon-short-trimmed+3,132,t,0.1766
SARS-CoV2-5UTR-Amplicon-short-trimmed+3,133,c,0.2839
SARS-CoV2-5UTR-Amplicon-short-trimmed+3,134,t,0.2272
SARS-CoV2-5UTR-Amplicon-short-trimmed+3,135,g,0.2279
SARS-CoV2-5UTR-Amplicon-short-trimmed+3,136,c,0.4679
SARS-CoV2-5UTR-Amplicon-short-trimmed+3,137,a,0.3119
SARS-CoV2-5UTR-Amplicon-short-trimmed+3,138,g,0.1786
SARS-CoV2-5UTR-Amplicon-short-trimmed+3,139,g,0.436
SARS-CoV2-5UTR-Amplicon-short-trimmed+3,140,c,0.2341
SARS-CoV2-5UTR-Amplicon-short-trimmed+3,141,t,0.416
SARS-CoV2-5UTR-Amplicon-short-trimmed+3,142,g,0.463
SARS-CoV2-5UTR-Amplicon-short-trimmed+3,143,c,0.1031
SARS-CoV2-5UTR-Amplicon-short-trimmed+3,144,t,0.1225
SARS-CoV2-5UTR-Amplicon-short-trimmed+3,145,t,0.1518
SARS-CoV2-5UTR-Amplicon-short-trimmed+3,146,a,0.2119
SARS-CoV2-5UTR-Amplicon-short-trimmed+3,147,c,0.1954
SARS-CoV2-5UTR-Amplicon-short-trimmed+3,148,g,0.4723
SARS-CoV2-5UTR-Amplicon-short-trimmed+3,149,g,0.251
SARS-CoV2-5UTR-Amplicon-short-trimmed+3,150,t,0.1749
SARS-CoV2-5UTR-Amplicon-short-trimmed+3,151,t,0.1568
SARS-CoV2-5UTR-Amplicon-short-trimmed+3,152,t,0.2601
SARS-CoV2-5UTR-Amplicon-short-trimmed+3,153,c,0.3247
SARS-CoV2-5UTR-Amplicon-short-trimmed+3,154,g,0.1956
SARS-CoV2-5UTR-Amplicon-short-trimmed+3,155,t,0.3385
SARS-CoV2-5UTR-Amplicon-short-trimmed+3,156,c,0.2402
SARS-CoV2-5UTR-Amplicon-short-trimmed+3,157,c,0.2356
SARS-CoV2-5UTR-Amplicon-short-trimmed+3,158,g,0.2152
SARS-CoV2-5UTR-Amplicon-short-trimmed+3,159,t,1.3792
SARS-CoV2-5UTR-Amplicon-short-trimmed+3,160,g,0.1533
SARS-CoV2-5UTR-Amplicon-short-trimmed+3,161,t,0.142
SARS-CoV2-5UTR-Amplicon-short-trimmed+3,162,t,0.1935
SARS-CoV2-5UTR-Amplicon-short-trimmed+3,163,g,0.1564
SARS-CoV2-5UTR-Amplicon-short-trimmed+3,164,c,0.3097
SARS-CoV2-5UTR-Amplicon-short-trimmed+3,165,a,0.3819
SARS-CoV2-5UTR-Amplicon-short-trimmed+3,166,g,0.5833
SARS-CoV2-5UTR-Amplicon-short-trimmed+3,167,c,0.2978
SARS-CoV2-5UTR-Amplicon-short-trimmed+3,168,c,0.5997
SARS-CoV2-5UTR-Amplicon-short-trimmed+3,169,g,0.1128
SARS-CoV2-5UTR-Amplicon-short-trimmed+3,170,a,0.1354
SARS-CoV2-5UTR-Amplicon-short-trimmed+3,171,t,0.1201
SARS-CoV2-5UTR-Amplicon-short-trimmed+3,172,c,0.1968
SARS-CoV2-5UTR-Amplicon-short-trimmed+3,173,a,0.0648
SARS-CoV2-5UTR-Amplicon-short-trimmed+3,174,t,0.0955
SARS-CoV2-5UTR-Amplicon-short-trimmed+3,175,c,0.231
SARS-CoV2-5UTR-Amplicon-short-trimmed+3,176,a,0.1609
SARS-CoV2-5UTR-Amplicon-short-trimmed+3,177,g,0.2366
SARS-CoV2-5UTR-Amplicon-short-trimmed+3,178,c,0.6513
SARS-CoV2-5UTR-Amplicon-short-trimmed+3,179,a,0.1409
SARS-CoV2-5UTR-Amplicon-short-trimmed+3,180,c,0.1057
SARS-CoV2-5UTR-Amplicon-short-trimmed+3,181,a,0.1084
SARS-CoV2-5UTR-Amplicon-short-trimmed+3,182,t,0.1637
SARS-CoV2-5UTR-Amplicon-short-trimmed+3,183,c,0.0876
SARS-CoV2-5UTR-Amplicon-short-trimmed+3,184,t,0.1304
SARS-CoV2-5UTR-Amplicon-short-trimmed+3,185,a,0.3184
SARS-CoV2-5UTR-Amplicon-short-trimmed+3,186,g,0.2339
SARS-CoV2-5UTR-Amplicon-short-trimmed+3,187,g,0.2132
SARS-CoV2-5UTR-Amplicon-short-trimmed+3,188,t,0.1714
SARS-CoV2-5UTR-Amplicon-short-trimmed+3,189,t,0.331
SARS-CoV2-5UTR-Amplicon-short-trimmed+3,190,t,0.4558
SARS-CoV2-5UTR-Amplicon-short-trimmed+3,191,c,0.2688
SARS-CoV2-5UTR-Amplicon-short-trimmed+3,192,g,0.2126
SARS-CoV2-5UTR-Amplicon-short-trimmed+3,193,t,1.1713
SARS-CoV2-5UTR-Amplicon-short-trimmed+3,194,c,0.153
SARS-CoV2-5UTR-Amplicon-short-trimmed+3,195,c,0.1963
SARS-CoV2-5UTR-Amplicon-short-trimmed+3,196,g,0.4639
SARS-CoV2-5UTR-Amplicon-short-trimmed+3,197,g,0.2685
SARS-CoV2-5UTR-Amplicon-short-trimmed+3,198,g,0.5761
SARS-CoV2-5UTR-Amplicon-short-trimmed+3,199,t,0.2827
SARS-CoV2-5UTR-Amplicon-short-trimmed+3,200,g,0.1769
SARS-CoV2-5UTR-Amplicon-short-trimmed+3,201,t,0.1409
SARS-CoV2-5UTR-Amplicon-short-trimmed+3,202,g,0.125
SARS-CoV2-5UTR-Amplicon-short-trimmed+3,203,a,0.3561
SARS-CoV2-5UTR-Amplicon-short-trimmed+3,204,c,0.1289
SARS-CoV2-5UTR-Amplicon-short-trimmed+3,205,c,0.1078
SARS-CoV2-5UTR-Amplicon-short-trimmed+3,206,g,0.1818
SARS-CoV2-5UTR-Amplicon-short-trimmed+3,207,a,0.1496
SARS-CoV2-5UTR-Amplicon-short-trimmed+3,208,a,0.0799
SARS-CoV2-5UTR-Amplicon-short-trimmed+3,209,a,0.2038
SARS-CoV2-5UTR-Amplicon-short-trimmed+3,210,g,0.2159
SARS-CoV2-5UTR-Amplicon-short-trimmed+3,211,g,0.2223
SARS-CoV2-5UTR-Amplicon-short-trimmed+3,212,t,0.1468
SARS-CoV2-5UTR-Amplicon-short-trimmed+3,213,a,0.0756
SARS-CoV2-5UTR-Amplicon-short-trimmed+3,214,a,0.0936
SARS-CoV2-5UTR-Amplicon-short-trimmed+3,215,g,0.1171
SARS-CoV2-5UTR-Amplicon-short-trimmed+3,216,a,0.066
SARS-CoV2-5UTR-Amplicon-short-trimmed+3,217,t,0.178
SARS-CoV2-5UTR-Amplicon-short-trimmed+3,218,g,0.1606
SARS-CoV2-5UTR-Amplicon-short-trimmed+3,219,g,0.0911
SARS-CoV2-5UTR-Amplicon-short-trimmed+3,220,a,0.2661
SARS-CoV2-5UTR-Amplicon-short-trimmed+3,221,g,0.1786
SARS-CoV2-5UTR-Amplicon-short-trimmed+3,222,a,0.0814
SARS-CoV2-5UTR-Amplicon-short-trimmed+3,223,g,0.3032
SARS-CoV2-5UTR-Amplicon-short-trimmed+3,224,c,0.08
SARS-CoV2-5UTR-Amplicon-short-trimmed+3,225,c,0.0801
SARS-CoV2-5UTR-Amplicon-short-trimmed+3,226,t,0.0772
SARS-CoV2-5UTR-Amplicon-short-trimmed+3,227,t,0.3259
SARS-CoV2-5UTR-Amplicon-short-trimmed+3,228,g,0.0792
SARS-CoV2-5UTR-Amplicon-short-trimmed+3,229,t,0.1448
SARS-CoV2-5UTR-Amplicon-short-trimmed+3,230,c,0.0781
SARS-CoV2-5UTR-Amplicon-short-trimmed+3,231,c,0.0663
SARS-CoV2-5UTR-Amplicon-short-trimmed+3,232,c,0.104
SARS-CoV2-5UTR-Amplicon-short-trimmed+3,233,t,0.2387
SARS-CoV2-5UTR-Amplicon-short-trimmed+3,234,g,0.2525
SARS-CoV2-5UTR-Amplicon-short-trimmed+3,235,g,0.2058
SARS-CoV2-5UTR-Amplicon-short-trimmed+3,236,t,0.0808
SARS-CoV2-5UTR-Amplicon-short-trimmed+3,237,t,0.0696
SARS-CoV2-5UTR-Amplicon-short-trimmed+3,238,t,0.1205
SARS-CoV2-5UTR-Amplicon-short-trimmed+3,239,c,0.648
SARS-CoV2-5UTR-Amplicon-short-trimmed+3,240,a,0.096
SARS-CoV2-5UTR-Amplicon-short-trimmed+3,241,a,0.0709
SARS-CoV2-5UTR-Amplicon-short-trimmed+3,242,c,0.0872
SARS-CoV2-5UTR-Amplicon-short-trimmed+3,243,g,0.0376
SARS-CoV2-5UTR-Amplicon-short-trimmed+3,244,a,0.2157
SARS-CoV2-5UTR-Amplicon-short-trimmed+3,245,g,0
SARS-CoV2-5UTR-Amplicon-short-trimmed+3,246,g,0
SARS-CoV2-5UTR-Amplicon-short-trimmed+3,247,G,0
SARS-CoV2-5UTR-Amplicon-short-trimmed+3,248,A,0
SARS-CoV2-5UTR-Amplicon-short-trimmed+3,249,G,0
