Region,Position,Ref_base,Mut_percentage
SARS-CoV2-5UTR-Amplicon-short-trimmed+3,1,T,0
SARS-CoV2-5UTR-Amplicon-short-trimmed+3,2,T,0
SARS-CoV2-5UTR-Amplicon-short-trimmed+3,3,G,0
SARS-CoV2-5UTR-Amplicon-short-trimmed+3,4,t,0
SARS-CoV2-5UTR-Amplicon-short-trimmed+3,5,a,0
SARS-CoV2-5UTR-Amplicon-short-trimmed+3,6,g,0.0637
SARS-CoV2-5UTR-Amplicon-short-trimmed+3,7,a,0.0263
SARS-CoV2-5UTR-Amplicon-short-trimmed+3,8,t,0.0744
SARS-CoV2-5UTR-Amplicon-short-trimmed+3,9,c,0.0561
SARS-CoV2-5UTR-Amplicon-short-trimmed+3,10,t,0.0331
SARS-CoV2-5UTR-Amplicon-short-trimmed+3,11,g,0.2451
SARS-CoV2-5UTR-Amplicon-short-trimmed+3,12,t,0.0758
SARS-CoV2-5UTR-Amplicon-short-trimmed+3,13,t,0.0668
SARS-CoV2-5UTR-Amplicon-short-trimmed+3,14,c,0.0551
SARS-CoV2-5UTR-Amplicon-short-trimmed+3,15,t,0.1229
SARS-CoV2-5UTR-Amplicon-short-trimmed+3,16,c,0.0701
SARS-CoV2-5UTR-Amplicon-short-trimmed+3,17,t,0.0461
SARS-CoV2-5UTR-Amplicon-short-trimmed+3,18,a,0.0773
SARS-CoV2-5UTR-Amplicon-short-trimmed+3,19,a,0.0229
SARS-CoV2-5UTR-Amplicon-short-trimmed+3,20,a,0.0323
SARS-CoV2-5UTR-Amplicon-short-trimmed+3,21,c,0.0391
SARS-CoV2-5UTR-Amplicon-short-trimmed+3,22,g,0.0661
SARS-CoV2-5UTR-Amplicon-short-trimmed+3,23,a,0.0253
SARS-CoV2-5UTR-Amplicon-short-trimmed+3,24,a,0.0376
SARS-CoV2-5UTR-Amplicon-short-trimmed+3,25,c,1.8409
SARS-CoV2-5UTR-Amplicon-short-trimmed+3,26,t,0.2003
SARS-CoV2-5UTR-Amplicon-short-trimmed+3,27,t,0.1377
SARS-CoV2-5UTR-Amplicon-short-trimmed+3,28,t,0.0322
SARS-CoV2-5UTR-Amplicon-short-trimmed+3,29,a,0.0633
SARS-CoV2-5UTR-Amplicon-short-trimmed+3,30,a,0.0381
SARS-CoV2-5UTR-Amplicon-short-trimmed+3,31,a,0.0801
SARS-CoV2-5UTR-Amplicon-short-trimmed+3,32,a,0.0296
SARS-CoV2-5UTR-Amplicon-short-trimmed+3,33,t,0.0821
SARS-CoV2-5UTR-Amplicon-short-trimmed+3,34,c,0.032
SARS-CoV2-5UTR-Amplicon-short-trimmed+3,35,t,0.0696
SARS-CoV2-5UTR-Amplicon-short-trimmed+3,36,g,0.0965
SARS-CoV2-5UTR-Amplicon-short-trimmed+3,37,t,0.0772
SARS-CoV2-5UTR-Amplicon-short-trimmed+3,38,g,0.045
SARS-CoV2-5UTR-Amplicon-short-trimmed+3,39,t,0.0662
SARS-CoV2-5UTR-Amplicon-short-trimmed+3,40,g,0.0558
SARS-CoV2-5UTR-Amplicon-short-trimmed+3,41,g,0.1345
SARS-CoV2-5UTR-Amplicon-short-trimmed+3,42,c,0.0672
SARS-CoV2-5UTR-Amplicon-short-trimmed+3,43,t,0.162
SARS-CoV2-5UTR-Amplicon-short-trimmed+3,44,g,0.1089
SARS-CoV2-5UTR-Amplicon-short-trimmed+3,45,t,0.1481
SARS-CoV2-5UTR-Amplicon-short-trimmed+3,46,c,0.0396
SARS-CoV2-5UTR-Amplicon-short-trimmed+3,47,a,0.0389
SARS-CoV2-5UTR-Amplicon-short-trimmed+3,48,c,0.0378
SARS-CoV2-5UTR-Amplicon-short-trimmed+3,49,t,0.0706
SARS-CoV2-5UTR-Amplicon-short-trimmed+3,50,c,0.061
SARS-CoV2-5UTR-Amplicon-short-trimmed+3,51,g,0.1056
SARS-CoV2-5UTR-Amplicon-short-trimmed+3,52,g,0.2624
SARS-CoV2-5UTR-Amplicon-short-trimmed+3,53,c,0.2083
SARS-CoV2-5UTR-Amplicon-short-trimmed+3,54,t,0.1215
SARS-CoV2-5UTR-Amplicon-short-trimmed+3,55,g,0.3051
SARS-CoV2-5UTR-Amplicon-short-trimmed+3,56,c,0.0914
SARS-CoV2-5UTR-Amplicon-short-trimmed+3,57,g,0.2556
SARS-CoV2-5UTR-Amplicon-short-trimmed+3,58,t,0.0875
SARS-CoV2-5UTR-Amplicon-short-trimmed+3,59,g,0.1572
SARS-CoV2-5UTR-Amplicon-short-trimmed+3,60,c,0.0647
SARS-CoV2-5UTR-Amplicon-short-trimmed+3,61,t,0.0998
SARS-CoV2-5UTR-Amplicon-short-trimmed+3,62,t,0.053
SARS-CoV2-5UTR-Amplicon-short-trimmed+3,63,a,0.0499
SARS-CoV2-5UTR-Amplicon-short-trimmed+3,64,g,0.0673
SARS-CoV2-5UTR-Amplicon-short-trimmed+3,65,t,0.0425
SARS-CoV2-5UTR-Amplicon-short-trimmed+3,66,g,0.1419
SARS-CoV2-5UTR-Amplicon-short-trimmed+3,67,c,0.1634
SARS-CoV2-5UTR-Amplicon-short-trimmed+3,68,a,0.0695
SARS-CoV2-5UTR-Amplicon-short-trimmed+3,69,c,0.0722
SARS-CoV2-5UTR-Amplicon-short-trimmed+3,70,t,0.0578
SARS-CoV2-5UTR-Amplicon-short-trimmed+3,71,c,0.0608
SARS-CoV2-5UTR-Amplicon-short-trimmed+3,72,a,0.0513
SARS-CoV2-5UTR-Amplicon-short-trimmed+3,73,c,0.0495
SARS-CoV2-5UTR-Amplicon-short-trimmed+3,74,g,0.1484
SARS-CoV2-5UTR-Amplicon-short-trimmed+3,75,c,0.0307
SARS-CoV2-5UTR-Amplicon-short-trimmed+3,76,a,0.1023
SARS-CoV2-5UTR-Amplicon-short-trimmed+3,77,g,0.0936
SARS-CoV2-5UTR-Amplicon-short-trimmed+3,78,t,0.061
SARS-CoV2-5UTR-Amplicon-short-trimmed+3,79,a,0.0469
SARS-CoV2-5UTR-Amplicon-short-trimmed+3,80,t,0.0357
SARS-CoV2-5UTR-Amplicon-short-trimmed+3,81,a,0.0381
SARS-CoV2-5UTR-Amplicon-short-trimmed+3,82,a,0.0783
SARS-CoV2-5UTR-Amplicon-short-trimmed+3,83,t,0.0341
SARS-CoV2-5UTR-Amplicon-short-trimmed+3,84,t,0.091
SARS-CoV2-5UTR-Amplicon-short-trimmed+3,85,a,0.0836
SARS-CoV2-5UTR-Amplicon-short-trimmed+3,86,a,0.0773
SARS-CoV2-5UTR-Amplicon-short-trimmed+3,87,t,0.0307
SARS-CoV2-5UTR-Amplicon-short-trimmed+3,88,a,0.0602
SARS-CoV2-5UTR-Amplicon-short-trimmed+3,89,a,0.0589
SARS-CoV2-5UTR-Amplicon-short-trimmed+3,90,c,0.3042
SARS-CoV2-5UTR-Amplicon-short-trimmed+3,91,t,0.1124
SARS-CoV2-5UTR-Amplicon-short-trimmed+3,92,a,0.0548
SARS-CoV2-5UTR-Amplicon-short-trimmed+3,93,a,0.0563
SARS-CoV2-5UTR-Amplicon-short-trimmed+3,94,t,0.059
SARS-CoV2-5UTR-Amplicon-short-trimmed+3,95,t,0.0584
SARS-CoV2-5UTR-Amplicon-short-trimmed+3,96,a,0.0542
SARS-CoV2-5UTR-Amplicon-short-trimmed+3,97,c,0.0436
SARS-CoV2-5UTR-Amplicon-short-trimmed+3,98,t,0.2942
SARS-CoV2-5UTR-Amplicon-short-trimmed+3,99,g,0.1304
SARS-CoV2-5UTR-Amplicon-short-trimmed+3,100,t,0.1103
SARS-CoV2-5UTR-Amplicon-short-trimmed+3,101,c,0.0567
SARS-CoV2-5UTR-Amplicon-short-trimmed+3,102,g,0.1491
SARS-CoV2-5UTR-Amplicon-short-trimmed+3,103,t,0.0827
SARS-CoV2-5UTR-Amplicon-short-trimmed+3,104,t,0.1343
SARS-CoV2-5UTR-Amplicon-short-trimmed+3,105,g,0.087
SARS-CoV2-5UTR-Amplicon-short-trimmed+3,106,a,0.0715
SARS-CoV2-5UTR-Amplicon-short-trimmed+3,107,c,0.0891
SARS-CoV2-5UTR-Amplicon-short-trimmed+3,108,a,0.1175
SARS-CoV2-5UTR-Amplicon-short-trimmed+3,109,g,0.1287
SARS-CoV2-5UTR-Amplicon-short-trimmed+3,110,g,0.1191
SARS-CoV2-5UTR-Amplicon-short-trimmed+3,111,a,0.0557
SARS-CoV2-5UTR-Amplicon-short-trimmed+3,112,c,0.0768
SARS-CoV2-5UTR-Amplicon-short-trimmed+3,113,a,0.0901
SARS-CoV2-5UTR-Amplicon-short-trimmed+3,114,c,0.1025
SARS-CoV2-5UTR-Amplicon-short-trimmed+3,115,g,0.0795
SARS-CoV2-5UTR-Amplicon-short-trimmed+3,116,a,0.0827
SARS-CoV2-5UTR-Amplicon-short-trimmed+3,117,g,0.0733
SARS-CoV2-5UTR-Amplicon-short-trimmed+3,118,t,0.1641
SARS-CoV2-5UTR-Amplicon-short-trimmed+3,119,a,0.1748
SARS-CoV2-5UTR-Amplicon-short-trimmed+3,120,a,0.1269
SARS-CoV2-5UTR-Amplicon-short-trimmed+3,121,c,0.1946
SARS-CoV2-5UTR-Amplicon-short-trimmed+3,122,t,0.2643
SARS-CoV2-5UTR-Amplicon-short-trimmed+3,123,c,0.2384
SARS-CoV2-5UTR-Amplicon-short-trimmed+3,124,g,0.2897
SARS-CoV2-5UTR-Amplicon-short-trimmed+3,125,t,0.3567
SARS-CoV2-5UTR-Amplicon-short-trimmed+3,126,c,0.128
SARS-CoV2-5UTR-Amplicon-short-trimmed+3,127,t,0.0944
SARS-CoV2-5UTR-Amplicon-short-trimmed+3,128,a,0.1363
SARS-CoV2-5UTR-Amplicon-short-trimmed+3,129,t,0.5781
SARS-CoV2-5UTR-Amplicon-short-trimmed+3,130,c,0.0793
SARS-CoV2-5UTR-Amplicon-short-trimmed+3,131,t,0.1351
SARS-CoV2-5UTR-Amplicon-short-trimmed+3,132,t,0.202
SARS-CoV2-5UTR-Amplicon-short-trimmed+3,133,c,0.2752
SARS-CoV2-5UTR-Amplicon-short-trimmed+3,134,t,0.2376
SARS-CoV2-5UTR-Amplicon-short-trimmed+3,135,g,0.149
SARS-CoV2-5UTR-Amplicon-short-trimmed+3,136,c,0.4265
SARS-CoV2-5UTR-Amplicon-short-trimmed+3,137,a,0.2612
SARS-CoV2-5UTR-Amplicon-short-trimmed+3,138,g,0.0964
SARS-CoV2-5UTR-Amplicon-short-trimmed+3,139,g,0.2776
SARS-CoV2-5UTR-Amplicon-short-trimmed+3,140,c,0.1216
SARS-CoV2-5UTR-Amplicon-short-trimmed+3,141,t,0.3171
SARS-CoV2-5UTR-Amplicon-short-trimmed+3,142,g,0.4605
SARS-CoV2-5UTR-Amplicon-short-trimmed+3,143,c,0.1056
SARS-CoV2-5UTR-Amplicon-short-trimmed+3,144,t,0.1129
SARS-CoV2-5UTR-Amplicon-short-trimmed+3,145,t,0.1573
SARS-CoV2-5UTR-Amplicon-short-trimmed+3,146,a,0.2082
SARS-CoV2-5UTR-Amplicon-short-trimmed+3,147,c,0.1663
SARS-CoV2-5UTR-Amplicon-short-trimmed+3,148,g,0.3736
SARS-CoV2-5UTR-Amplicon-short-trimmed+3,149,g,0.1593
SARS-CoV2-5UTR-Amplicon-short-trimmed+3,150,t,0.1721
SARS-CoV2-5UTR-Amplicon-short-trimmed+3,151,t,0.1546
SARS-CoV2-5UTR-Amplicon-short-trimmed+3,152,t,0.2543
SARS-CoV2-5UTR-Amplicon-short-trimmed+3,153,c,0.2662
SARS-CoV2-5UTR-Amplicon-short-trimmed+3,154,g,0.1267
SARS-CoV2-5UTR-Amplicon-short-trimmed+3,155,t,0.3558
SARS-CoV2-5UTR-Amplicon-short-trimmed+3,156,c,0.2202
SARS-CoV2-5UTR-Amplicon-short-trimmed+3,157,c,0.2194
SARS-CoV2-5UTR-Amplicon-short-trimmed+3,158,g,0.129
SARS-CoV2-5UTR-Amplicon-short-trimmed+3,159,t,1.4279
SARS-CoV2-5UTR-Amplicon-short-trimmed+3,160,g,0.129
SARS-CoV2-5UTR-Amplicon-short-trimmed+3,161,t,0.1302
SARS-CoV2-5UTR-Amplicon-short-trimmed+3,162,t,0.1857
SARS-CoV2-5UTR-Amplicon-short-trimmed+3,163,g,0.1241
SARS-CoV2-5UTR-Amplicon-short-trimmed+3,164,c,0.3147
SARS-CoV2-5UTR-Amplicon-short-trimmed+3,165,a,0.3501
SARS-CoV2-5UTR-Amplicon-short-trimmed+3,166,g,0.4876
SARS-CoV2-5UTR-Amplicon-short-trimmed+3,167,c,0.2902
SARS-CoV2-5UTR-Amplicon-short-trimmed+3,168,c,0.5377
SARS-CoV2-5UTR-Amplicon-short-trimmed+3,169,g,0.1027
SARS-CoV2-5UTR-Amplicon-short-trimmed+3,170,a,0.1414
SARS-CoV2-5UTR-Amplicon-short-trimmed+3,171,t,0.131
SARS-CoV2-5UTR-Amplicon-short-trimmed+3,172,c,0.1777
SARS-CoV2-5UTR-Amplicon-short-trimmed+3,173,a,0.0678
SARS-CoV2-5UTR-Amplicon-short-trimmed+3,174,t,0.096
SARS-CoV2-5UTR-Amplicon-short-trimmed+3,175,c,0.2187
SARS-CoV2-5UTR-Amplicon-short-trimmed+3,176,a,0.146
SARS-CoV2-5UTR-Amplicon-short-trimmed+3,177,g,0.1397
SARS-CoV2-5UTR-Amplicon-short-trimmed+3,178,c,0.6358
SARS-CoV2-5UTR-Amplicon-short-trimmed+3,179,a,0.1336
SARS-CoV2-5UTR-Amplicon-short-trimmed+3,180,c,0.0915
SARS-CoV2-5UTR-Amplicon-short-trimmed+3,181,a,0.1096
SARS-CoV2-5UTR-Amplicon-short-trimmed+3,182,t,0.1668
SARS-CoV2-5UTR-Amplicon-short-trimmed+3,183,c,0.0761
SARS-CoV2-5UTR-Amplicon-short-trimmed+3,184,t,0.1049
SARS-CoV2-5UTR-Amplicon-short-trimmed+3,185,a,0.1912
SARS-CoV2-5UTR-Amplicon-short-trimmed+3,186,g,0.0982
SARS-CoV2-5UTR-Amplicon-short-trimmed+3,187,g,0.1007
SARS-CoV2-5UTR-Amplicon-short-trimmed+3,188,t,0.1517
SARS-CoV2-5UTR-Amplicon-short-trimmed+3,189,t,0.3112
SARS-CoV2-5UTR-Amplicon-short-trimmed+3,190,t,0.4022
SARS-CoV2-5UTR-Amplicon-short-trimmed+3,191,c,0.1684
SARS-CoV2-5UTR-Amplicon-short-trimmed+3,192,g,0.1009
SARS-CoV2-5UTR-Amplicon-short-trimmed+3,193,t,1.1687
SARS-CoV2-5UTR-Amplicon-short-trimmed+3,194,c,0.1402
SARS-CoV2-5UTR-Amplicon-short-trimmed+3,195,c,0.1778
SARS-CoV2-5UTR-Amplicon-short-trimmed+3,196,g,0.3689
SARS-CoV2-5UTR-Amplicon-short-trimmed+3,197,g,0.172
SARS-CoV2-5UTR-Amplicon-short-trimmed+3,198,g,0.4764
SARS-CoV2-5UTR-Amplicon-short-trimmed+3,199,t,0.2352
SARS-CoV2-5UTR-Amplicon-short-trimmed+3,200,g,0.0763
SARS-CoV2-5UTR-Amplicon-short-trimmed+3,201,t,0.1411
SARS-CoV2-5UTR-Amplicon-short-trimmed+3,202,g,0.1116
SARS-CoV2-5UTR-Amplicon-short-trimmed+3,203,a,0.3441
SARS-CoV2-5UTR-Amplicon-short-trimmed+3,204,c,0.1275
SARS-CoV2-5UTR-Amplicon-short-trimmed+3,205,c,0.1088
SARS-CoV2-5UTR-Amplicon-short-trimmed+3,206,g,0.0951
SARS-CoV2-5UTR-Amplicon-short-trimmed+3,207,a,0.1259
SARS-CoV2-5UTR-Amplicon-short-trimmed+3,208,a,0.0729
SARS-CoV2-5UTR-Amplicon-short-trimmed+3,209,a,0.1643
SARS-CoV2-5UTR-Amplicon-short-trimmed+3,210,g,0.1257
SARS-CoV2-5UTR-Amplicon-short-trimmed+3,211,g,0.1522
SARS-CoV2-5UTR-Amplicon-short-trimmed+3,212,t,0.138
SARS-CoV2-5UTR-Amplicon-short-trimmed+3,213,a,0.0639
SARS-CoV2-5UTR-Amplicon-short-trimmed+3,214,a,0.0761
SARS-CoV2-5UTR-Amplicon-short-trimmed+3,215,g,0.072
SARS-CoV2-5UTR-Amplicon-short-trimmed+3,216,a,0.0537
SARS-CoV2-5UTR-Amplicon-short-trimmed+3,217,t,0.1307
SARS-CoV2-5UTR-Amplicon-short-trimmed+3,218,g,0.0711
SARS-CoV2-5UTR-Amplicon-short-trimmed+3,219,g,0.081
SARS-CoV2-5UTR-Amplicon-short-trimmed+3,220,a,0.2332
SARS-CoV2-5UTR-Amplicon-short-trimmed+3,221,g,0.1495
SARS-CoV2-5UTR-Amplicon-short-trimmed+3,222,a,0.0801
SARS-CoV2-5UTR-Amplicon-short-trimmed+3,223,g,0.1957
SARS-CoV2-5UTR-Amplicon-short-trimmed+3,224,c,0.0947
SARS-CoV2-5UTR-Amplicon-short-trimmed+3,225,c,0.077
SARS-CoV2-5UTR-Amplicon-short-trimmed+3,226,t,0.0593
SARS-CoV2-5UTR-Amplicon-short-trimmed+3,227,t,0.3135
SARS-CoV2-5UTR-Amplicon-short-trimmed+3,228,g,0.0526
SARS-CoV2-5UTR-Amplicon-short-trimmed+3,229,t,0.1555
SARS-CoV2-5UTR-Amplicon-short-trimmed+3,230,c,0.0764
SARS-CoV2-5UTR-Amplicon-short-trimmed+3,231,c,0.0675
SARS-CoV2-5UTR-Amplicon-short-trimmed+3,232,c,0.094
SARS-CoV2-5UTR-Amplicon-short-trimmed+3,233,t,0.1877
SARS-CoV2-5UTR-Amplicon-short-trimmed+3,234,g,0.108
SARS-CoV2-5UTR-Amplicon-short-trimmed+3,235,g,0.1703
SARS-CoV2-5UTR-Amplicon-short-trimmed+3,236,t,0.0695
SARS-CoV2-5UTR-Amplicon-short-trimmed+3,237,t,0.064
SARS-CoV2-5UTR-Amplicon-short-trimmed+3,238,t,0.135
SARS-CoV2-5UTR-Amplicon-short-trimmed+3,239,c,0.6122
SARS-CoV2-5UTR-Amplicon-short-trimmed+3,240,a,0.0946
SARS-CoV2-5UTR-Amplicon-short-trimmed+3,241,a,0.0767
SARS-CoV2-5UTR-Amplicon-short-trimmed+3,242,c,0.0888
SARS-CoV2-5UTR-Amplicon-short-trimmed+3,243,g,0.0287
SARS-CoV2-5UTR-Amplicon-short-trimmed+3,244,a,0.2081
SARS-CoV2-5UTR-Amplicon-short-trimmed+3,245,g,0
SARS-CoV2-5UTR-Amplicon-short-trimmed+3,246,g,0
SARS-CoV2-5UTR-Amplicon-short-trimmed+3,247,G,0
SARS-CoV2-5UTR-Amplicon-short-trimmed+3,248,A,0
SARS-CoV2-5UTR-Amplicon-short-trimmed+3,249,G,0
