Region,Position,Ref_base,Mut_percentage
SARS-CoV2-5UTR-Amplicon-short-trimmed+3,1,T,0
SARS-CoV2-5UTR-Amplicon-short-trimmed+3,2,T,0
SARS-CoV2-5UTR-Amplicon-short-trimmed+3,3,G,0
SARS-CoV2-5UTR-Amplicon-short-trimmed+3,4,t,0
SARS-CoV2-5UTR-Amplicon-short-trimmed+3,5,a,0
SARS-CoV2-5UTR-Amplicon-short-trimmed+3,6,g,0.0633
SARS-CoV2-5UTR-Amplicon-short-trimmed+3,7,a,0.0233
SARS-CoV2-5UTR-Amplicon-short-trimmed+3,8,t,0.0144
SARS-CoV2-5UTR-Amplicon-short-trimmed+3,9,c,0.0264
SARS-CoV2-5UTR-Amplicon-short-trimmed+3,10,t,0.0149
SARS-CoV2-5UTR-Amplicon-short-trimmed+3,11,g,0.1664
SARS-CoV2-5UTR-Amplicon-short-trimmed+3,12,t,0.0402
SARS-CoV2-5UTR-Amplicon-short-trimmed+3,13,t,0.0441
SARS-CoV2-5UTR-Amplicon-short-trimmed+3,14,c,0.0369
SARS-CoV2-5UTR-Amplicon-short-trimmed+3,15,t,0.0693
SARS-CoV2-5UTR-Amplicon-short-trimmed+3,16,c,0.054
SARS-CoV2-5UTR-Amplicon-short-trimmed+3,17,t,0.031
SARS-CoV2-5UTR-Amplicon-short-trimmed+3,18,a,0.0754
SARS-CoV2-5UTR-Amplicon-short-trimmed+3,19,a,0.0145
SARS-CoV2-5UTR-Amplicon-short-trimmed+3,20,a,0.0244
SARS-CoV2-5UTR-Amplicon-short-trimmed+3,21,c,0.0258
SARS-CoV2-5UTR-Amplicon-short-trimmed+3,22,g,0.0405
SARS-CoV2-5UTR-Amplicon-short-trimmed+3,23,a,0.0201
SARS-CoV2-5UTR-Amplicon-short-trimmed+3,24,a,0.0123
SARS-CoV2-5UTR-Amplicon-short-trimmed+3,25,c,0.4089
SARS-CoV2-5UTR-Amplicon-short-trimmed+3,26,t,0.1034
SARS-CoV2-5UTR-Amplicon-short-trimmed+3,27,t,0.1039
SARS-CoV2-5UTR-Amplicon-short-trimmed+3,28,t,0.0181
SARS-CoV2-5UTR-Amplicon-short-trimmed+3,29,a,0.0354
SARS-CoV2-5UTR-Amplicon-short-trimmed+3,30,a,0.027
SARS-CoV2-5UTR-Amplicon-short-trimmed+3,31,a,0.0798
SARS-CoV2-5UTR-Amplicon-short-trimmed+3,32,a,0.0272
SARS-CoV2-5UTR-Amplicon-short-trimmed+3,33,t,0.0381
SARS-CoV2-5UTR-Amplicon-short-trimmed+3,34,c,0.0259
SARS-CoV2-5UTR-Amplicon-short-trimmed+3,35,t,0.0403
SARS-CoV2-5UTR-Amplicon-short-trimmed+3,36,g,0.0447
SARS-CoV2-5UTR-Amplicon-short-trimmed+3,37,t,0.0566
SARS-CoV2-5UTR-Amplicon-short-trimmed+3,38,g,0.0322
SARS-CoV2-5UTR-Amplicon-short-trimmed+3,39,t,0.0451
SARS-CoV2-5UTR-Amplicon-short-trimmed+3,40,g,0.0453
SARS-CoV2-5UTR-Amplicon-short-trimmed+3,41,g,0.0768
SARS-CoV2-5UTR-Amplicon-short-trimmed+3,42,c,0.0417
SARS-CoV2-5UTR-Amplicon-short-trimmed+3,43,t,0.1236
SARS-CoV2-5UTR-Amplicon-short-trimmed+3,44,g,0.0665
SARS-CoV2-5UTR-Amplicon-short-trimmed+3,45,t,0.089
SARS-CoV2-5UTR-Amplicon-short-trimmed+3,46,c,0.033
SARS-CoV2-5UTR-Amplicon-short-trimmed+3,47,a,0.0301
SARS-CoV2-5UTR-Amplicon-short-trimmed+3,48,c,0.0279
SARS-CoV2-5UTR-Amplicon-short-trimmed+3,49,t,0.0413
SARS-CoV2-5UTR-Amplicon-short-trimmed+3,50,c,0.0416
SARS-CoV2-5UTR-Amplicon-short-trimmed+3,51,g,0.0795
SARS-CoV2-5UTR-Amplicon-short-trimmed+3,52,g,0.0877
SARS-CoV2-5UTR-Amplicon-short-trimmed+3,53,c,0.1254
SARS-CoV2-5UTR-Amplicon-short-trimmed+3,54,t,0.0531
SARS-CoV2-5UTR-Amplicon-short-trimmed+3,55,g,0.1708
SARS-CoV2-5UTR-Amplicon-short-trimmed+3,56,c,0.0499
SARS-CoV2-5UTR-Amplicon-short-trimmed+3,57,g,0.1686
SARS-CoV2-5UTR-Amplicon-short-trimmed+3,58,t,0.0614
SARS-CoV2-5UTR-Amplicon-short-trimmed+3,59,g,0.1064
SARS-CoV2-5UTR-Amplicon-short-trimmed+3,60,c,0.0403
SARS-CoV2-5UTR-Amplicon-short-trimmed+3,61,t,0.0748
SARS-CoV2-5UTR-Amplicon-short-trimmed+3,62,t,0.0395
SARS-CoV2-5UTR-Amplicon-short-trimmed+3,63,a,0.0378
SARS-CoV2-5UTR-Amplicon-short-trimmed+3,64,g,0.0418
SARS-CoV2-5UTR-Amplicon-short-trimmed+3,65,t,0.0244
SARS-CoV2-5UTR-Amplicon-short-trimmed+3,66,g,0.0844
SARS-CoV2-5UTR-Amplicon-short-trimmed+3,67,c,0.0744
SARS-CoV2-5UTR-Amplicon-short-trimmed+3,68,a,0.0552
SARS-CoV2-5UTR-Amplicon-short-trimmed+3,69,c,0.0446
SARS-CoV2-5UTR-Amplicon-short-trimmed+3,70,t,0.0312
SARS-CoV2-5UTR-Amplicon-short-trimmed+3,71,c,0.0475
SARS-CoV2-5UTR-Amplicon-short-trimmed+3,72,a,0.0467
SARS-CoV2-5UTR-Amplicon-short-trimmed+3,73,c,0.041
SARS-CoV2-5UTR-Amplicon-short-trimmed+3,74,g,0.0614
SARS-CoV2-5UTR-Amplicon-short-trimmed+3,75,c,0.0175
SARS-CoV2-5UTR-Amplicon-short-trimmed+3,76,a,0.0803
SARS-CoV2-5UTR-Amplicon-short-trimmed+3,77,g,0.0574
SARS-CoV2-5UTR-Amplicon-short-trimmed+3,78,t,0.0382
SARS-CoV2-5UTR-Amplicon-short-trimmed+3,79,a,0.0435
SARS-CoV2-5UTR-Amplicon-short-trimmed+3,80,t,0.0242
SARS-CoV2-5UTR-Amplicon-short-trimmed+3,81,a,0.0387
SARS-CoV2-5UTR-Amplicon-short-trimmed+3,82,a,0.0662
SARS-CoV2-5UTR-Amplicon-short-trimmed+3,83,t,0.0286
SARS-CoV2-5UTR-Amplicon-short-trimmed+3,84,t,0.0776
SARS-CoV2-5UTR-Amplicon-short-trimmed+3,85,a,0.069
SARS-CoV2-5UTR-Amplicon-short-trimmed+3,86,a,0.0643
SARS-CoV2-5UTR-Amplicon-short-trimmed+3,87,t,0.0264
SARS-CoV2-5UTR-Amplicon-short-trimmed+3,88,a,0.052
SARS-CoV2-5UTR-Amplicon-short-trimmed+3,89,a,0.0554
SARS-CoV2-5UTR-Amplicon-short-trimmed+3,90,c,0.3175
SARS-CoV2-5UTR-Amplicon-short-trimmed+3,91,t,0.0985
SARS-CoV2-5UTR-Amplicon-short-trimmed+3,92,a,0.0412
SARS-CoV2-5UTR-Amplicon-short-trimmed+3,93,a,0.0452
SARS-CoV2-5UTR-Amplicon-short-trimmed+3,94,t,0.0457
SARS-CoV2-5UTR-Amplicon-short-trimmed+3,95,t,0.0462
SARS-CoV2-5UTR-Amplicon-short-trimmed+3,96,a,0.0441
SARS-CoV2-5UTR-Amplicon-short-trimmed+3,97,c,0.0337
SARS-CoV2-5UTR-Amplicon-short-trimmed+3,98,t,0.2828
SARS-CoV2-5UTR-Amplicon-short-trimmed+3,99,g,0.088
SARS-CoV2-5UTR-Amplicon-short-trimmed+3,100,t,0.0817
SARS-CoV2-5UTR-Amplicon-short-trimmed+3,101,c,0.0389
SARS-CoV2-5UTR-Amplicon-short-trimmed+3,102,g,0.0952
SARS-CoV2-5UTR-Amplicon-short-trimmed+3,103,t,0.0665
SARS-CoV2-5UTR-Amplicon-short-trimmed+3,104,t,0.1116
SARS-CoV2-5UTR-Amplicon-short-trimmed+3,105,g,0.0793
SARS-CoV2-5UTR-Amplicon-short-trimmed+3,106,a,0.0513
SARS-CoV2-5UTR-Amplicon-short-trimmed+3,107,c,0.0543
SARS-CoV2-5UTR-Amplicon-short-trimmed+3,108,a,0.0714
SARS-CoV2-5UTR-Amplicon-short-trimmed+3,109,g,0.0941
SARS-CoV2-5UTR-Amplicon-short-trimmed+3,110,g,0.0906
SARS-CoV2-5UTR-Amplicon-short-trimmed+3,111,a,0.0429
SARS-CoV2-5UTR-Amplicon-short-trimmed+3,112,c,0.0675
SARS-CoV2-5UTR-Amplicon-short-trimmed+3,113,a,0.073
SARS-CoV2-5UTR-Amplicon-short-trimmed+3,114,c,0.0563
SARS-CoV2-5UTR-Amplicon-short-trimmed+3,115,g,0.058
SARS-CoV2-5UTR-Amplicon-short-trimmed+3,116,a,0.061
SARS-CoV2-5UTR-Amplicon-short-trimmed+3,117,g,0.0483
SARS-CoV2-5UTR-Amplicon-short-trimmed+3,118,t,0.1688
SARS-CoV2-5UTR-Amplicon-short-trimmed+3,119,a,0.18
SARS-CoV2-5UTR-Amplicon-short-trimmed+3,120,a,0.1292
SARS-CoV2-5UTR-Amplicon-short-trimmed+3,121,c,0.1997
SARS-CoV2-5UTR-Amplicon-short-trimmed+3,122,t,0.2285
SARS-CoV2-5UTR-Amplicon-short-trimmed+3,123,c,0.2225
SARS-CoV2-5UTR-Amplicon-short-trimmed+3,124,g,0.1746
SARS-CoV2-5UTR-Amplicon-short-trimmed+3,125,t,0.239
SARS-CoV2-5UTR-Amplicon-short-trimmed+3,126,c,0.13
SARS-CoV2-5UTR-Amplicon-short-trimmed+3,127,t,0.0963
SARS-CoV2-5UTR-Amplicon-short-trimmed+3,128,a,0.1447
SARS-CoV2-5UTR-Amplicon-short-trimmed+3,129,t,0.5566
SARS-CoV2-5UTR-Amplicon-short-trimmed+3,130,c,0.0815
SARS-CoV2-5UTR-Amplicon-short-trimmed+3,131,t,0.1135
SARS-CoV2-5UTR-Amplicon-short-trimmed+3,132,t,0.1757
SARS-CoV2-5UTR-Amplicon-short-trimmed+3,133,c,0.298
SARS-CoV2-5UTR-Amplicon-short-trimmed+3,134,t,0.229
SARS-CoV2-5UTR-Amplicon-short-trimmed+3,135,g,0.0806
SARS-CoV2-5UTR-Amplicon-short-trimmed+3,136,c,0.3847
SARS-CoV2-5UTR-Amplicon-short-trimmed+3,137,a,0.2524
SARS-CoV2-5UTR-Amplicon-short-trimmed+3,138,g,0.0719
SARS-CoV2-5UTR-Amplicon-short-trimmed+3,139,g,0.2482
SARS-CoV2-5UTR-Amplicon-short-trimmed+3,140,c,0.1005
SARS-CoV2-5UTR-Amplicon-short-trimmed+3,141,t,0.3176
SARS-CoV2-5UTR-Amplicon-short-trimmed+3,142,g,0.4127
SARS-CoV2-5UTR-Amplicon-short-trimmed+3,143,c,0.0686
SARS-CoV2-5UTR-Amplicon-short-trimmed+3,144,t,0.1047
SARS-CoV2-5UTR-Amplicon-short-trimmed+3,145,t,0.1424
SARS-CoV2-5UTR-Amplicon-short-trimmed+3,146,a,0.1996
SARS-CoV2-5UTR-Amplicon-short-trimmed+3,147,c,0.1443
SARS-CoV2-5UTR-Amplicon-short-trimmed+3,148,g,0.3352
SARS-CoV2-5UTR-Amplicon-short-trimmed+3,149,g,0.0764
SARS-CoV2-5UTR-Amplicon-short-trimmed+3,150,t,0.1347
SARS-CoV2-5UTR-Amplicon-short-trimmed+3,151,t,0.1473
SARS-CoV2-5UTR-Amplicon-short-trimmed+3,152,t,0.2541
SARS-CoV2-5UTR-Amplicon-short-trimmed+3,153,c,0.2393
SARS-CoV2-5UTR-Amplicon-short-trimmed+3,154,g,0.084
SARS-CoV2-5UTR-Amplicon-short-trimmed+3,155,t,0.2701
SARS-CoV2-5UTR-Amplicon-short-trimmed+3,156,c,0.1331
SARS-CoV2-5UTR-Amplicon-short-trimmed+3,157,c,0.1952
SARS-CoV2-5UTR-Amplicon-short-trimmed+3,158,g,0.0722
SARS-CoV2-5UTR-Amplicon-short-trimmed+3,159,t,1.461
SARS-CoV2-5UTR-Amplicon-short-trimmed+3,160,g,0.0517
SARS-CoV2-5UTR-Amplicon-short-trimmed+3,161,t,0.103
SARS-CoV2-5UTR-Amplicon-short-trimmed+3,162,t,0.1862
SARS-CoV2-5UTR-Amplicon-short-trimmed+3,163,g,0.071
SARS-CoV2-5UTR-Amplicon-short-trimmed+3,164,c,0.2515
SARS-CoV2-5UTR-Amplicon-short-trimmed+3,165,a,0.1481
SARS-CoV2-5UTR-Amplicon-short-trimmed+3,166,g,0.2665
SARS-CoV2-5UTR-Amplicon-short-trimmed+3,167,c,0.1243
SARS-CoV2-5UTR-Amplicon-short-trimmed+3,168,c,0.6047
SARS-CoV2-5UTR-Amplicon-short-trimmed+3,169,g,0.0997
SARS-CoV2-5UTR-Amplicon-short-trimmed+3,170,a,0.1499
SARS-CoV2-5UTR-Amplicon-short-trimmed+3,171,t,0.107
SARS-CoV2-5UTR-Amplicon-short-trimmed+3,172,c,0.2111
SARS-CoV2-5UTR-Amplicon-short-trimmed+3,173,a,0.063
SARS-CoV2-5UTR-Amplicon-short-trimmed+3,174,t,0.0817
SARS-CoV2-5UTR-Amplicon-short-trimmed+3,175,c,0.2432
SARS-CoV2-5UTR-Amplicon-short-trimmed+3,176,a,0.1296
SARS-CoV2-5UTR-Amplicon-short-trimmed+3,177,g,0.1012
SARS-CoV2-5UTR-Amplicon-short-trimmed+3,178,c,0.6377
SARS-CoV2-5UTR-Amplicon-short-trimmed+3,179,a,0.1261
SARS-CoV2-5UTR-Amplicon-short-trimmed+3,180,c,0.1032
SARS-CoV2-5UTR-Amplicon-short-trimmed+3,181,a,0.106
SARS-CoV2-5UTR-Amplicon-short-trimmed+3,182,t,0.1413
SARS-CoV2-5UTR-Amplicon-short-trimmed+3,183,c,0.0831
SARS-CoV2-5UTR-Amplicon-short-trimmed+3,184,t,0.1116
SARS-CoV2-5UTR-Amplicon-short-trimmed+3,185,a,0.1807
SARS-CoV2-5UTR-Amplicon-short-trimmed+3,186,g,0.0497
SARS-CoV2-5UTR-Amplicon-short-trimmed+3,187,g,0.0392
SARS-CoV2-5UTR-Amplicon-short-trimmed+3,188,t,0.1302
SARS-CoV2-5UTR-Amplicon-short-trimmed+3,189,t,0.3134
SARS-CoV2-5UTR-Amplicon-short-trimmed+3,190,t,0.4122
SARS-CoV2-5UTR-Amplicon-short-trimmed+3,191,c,0.1404
SARS-CoV2-5UTR-Amplicon-short-trimmed+3,192,g,0.067
SARS-CoV2-5UTR-Amplicon-short-trimmed+3,193,t,1.159
SARS-CoV2-5UTR-Amplicon-short-trimmed+3,194,c,0.0669
SARS-CoV2-5UTR-Amplicon-short-trimmed+3,195,c,0.1362
SARS-CoV2-5UTR-Amplicon-short-trimmed+3,196,g,0.3264
SARS-CoV2-5UTR-Amplicon-short-trimmed+3,197,g,0.0866
SARS-CoV2-5UTR-Amplicon-short-trimmed+3,198,g,0.371
SARS-CoV2-5UTR-Amplicon-short-trimmed+3,199,t,0.217
SARS-CoV2-5UTR-Amplicon-short-trimmed+3,200,g,0.0647
SARS-CoV2-5UTR-Amplicon-short-trimmed+3,201,t,0.1298
SARS-CoV2-5UTR-Amplicon-short-trimmed+3,202,g,0.1
SARS-CoV2-5UTR-Amplicon-short-trimmed+3,203,a,0.2818
SARS-CoV2-5UTR-Amplicon-short-trimmed+3,204,c,0.0882
SARS-CoV2-5UTR-Amplicon-short-trimmed+3,205,c,0.1071
SARS-CoV2-5UTR-Amplicon-short-trimmed+3,206,g,0.0682
SARS-CoV2-5UTR-Amplicon-short-trimmed+3,207,a,0.107
SARS-CoV2-5UTR-Amplicon-short-trimmed+3,208,a,0.064
SARS-CoV2-5UTR-Amplicon-short-trimmed+3,209,a,0.1575
SARS-CoV2-5UTR-Amplicon-short-trimmed+3,210,g,0.0954
SARS-CoV2-5UTR-Amplicon-short-trimmed+3,211,g,0.1136
SARS-CoV2-5UTR-Amplicon-short-trimmed+3,212,t,0.1542
SARS-CoV2-5UTR-Amplicon-short-trimmed+3,213,a,0.0588
SARS-CoV2-5UTR-Amplicon-short-trimmed+3,214,a,0.064
SARS-CoV2-5UTR-Amplicon-short-trimmed+3,215,g,0.0698
SARS-CoV2-5UTR-Amplicon-short-trimmed+3,216,a,0.0452
SARS-CoV2-5UTR-Amplicon-short-trimmed+3,217,t,0.132
SARS-CoV2-5UTR-Amplicon-short-trimmed+3,218,g,0.0608
SARS-CoV2-5UTR-Amplicon-short-trimmed+3,219,g,0.0625
SARS-CoV2-5UTR-Amplicon-short-trimmed+3,220,a,0.207
SARS-CoV2-5UTR-Amplicon-short-trimmed+3,221,g,0.1482
SARS-CoV2-5UTR-Amplicon-short-trimmed+3,222,a,0.0679
SARS-CoV2-5UTR-Amplicon-short-trimmed+3,223,g,0.151
SARS-CoV2-5UTR-Amplicon-short-trimmed+3,224,c,0.0554
SARS-CoV2-5UTR-Amplicon-short-trimmed+3,225,c,0.0743
SARS-CoV2-5UTR-Amplicon-short-trimmed+3,226,t,0.0463
SARS-CoV2-5UTR-Amplicon-short-trimmed+3,227,t,0.3284
SARS-CoV2-5UTR-Amplicon-short-trimmed+3,228,g,0.0507
SARS-CoV2-5UTR-Amplicon-short-trimmed+3,229,t,0.1154
SARS-CoV2-5UTR-Amplicon-short-trimmed+3,230,c,0.0329
SARS-CoV2-5UTR-Amplicon-short-trimmed+3,231,c,0.0464
SARS-CoV2-5UTR-Amplicon-short-trimmed+3,232,c,0.0824
SARS-CoV2-5UTR-Amplicon-short-trimmed+3,233,t,0.1289
SARS-CoV2-5UTR-Amplicon-short-trimmed+3,234,g,0.0622
SARS-CoV2-5UTR-Amplicon-short-trimmed+3,235,g,0.0472
SARS-CoV2-5UTR-Amplicon-short-trimmed+3,236,t,0.041
SARS-CoV2-5UTR-Amplicon-short-trimmed+3,237,t,0.0681
SARS-CoV2-5UTR-Amplicon-short-trimmed+3,238,t,0.1322
SARS-CoV2-5UTR-Amplicon-short-trimmed+3,239,c,0.5011
SARS-CoV2-5UTR-Amplicon-short-trimmed+3,240,a,0.0711
SARS-CoV2-5UTR-Amplicon-short-trimmed+3,241,a,0.0643
SARS-CoV2-5UTR-Amplicon-short-trimmed+3,242,c,0.0486
SARS-CoV2-5UTR-Amplicon-short-trimmed+3,243,g,0.0277
SARS-CoV2-5UTR-Amplicon-short-trimmed+3,244,a,0.1967
SARS-CoV2-5UTR-Amplicon-short-trimmed+3,245,g,1e-04
SARS-CoV2-5UTR-Amplicon-short-trimmed+3,246,g,1e-04
SARS-CoV2-5UTR-Amplicon-short-trimmed+3,247,G,0
SARS-CoV2-5UTR-Amplicon-short-trimmed+3,248,A,0
SARS-CoV2-5UTR-Amplicon-short-trimmed+3,249,G,0
