Region,Position,Ref_base,Mut_percentage
SARS-CoV2-5UTR-Amplicon-short-trimmed+3,1,T,0
SARS-CoV2-5UTR-Amplicon-short-trimmed+3,2,T,0
SARS-CoV2-5UTR-Amplicon-short-trimmed+3,3,G,0
SARS-CoV2-5UTR-Amplicon-short-trimmed+3,4,t,0
SARS-CoV2-5UTR-Amplicon-short-trimmed+3,5,a,0
SARS-CoV2-5UTR-Amplicon-short-trimmed+3,6,g,0.0426
SARS-CoV2-5UTR-Amplicon-short-trimmed+3,7,a,0.0187
SARS-CoV2-5UTR-Amplicon-short-trimmed+3,8,t,0.0139
SARS-CoV2-5UTR-Amplicon-short-trimmed+3,9,c,0.0246
SARS-CoV2-5UTR-Amplicon-short-trimmed+3,10,t,0.0117
SARS-CoV2-5UTR-Amplicon-short-trimmed+3,11,g,0.0755
SARS-CoV2-5UTR-Amplicon-short-trimmed+3,12,t,0.0243
SARS-CoV2-5UTR-Amplicon-short-trimmed+3,13,t,0.0297
SARS-CoV2-5UTR-Amplicon-short-trimmed+3,14,c,0.0363
SARS-CoV2-5UTR-Amplicon-short-trimmed+3,15,t,0.0428
SARS-CoV2-5UTR-Amplicon-short-trimmed+3,16,c,0.0328
SARS-CoV2-5UTR-Amplicon-short-trimmed+3,17,t,0.0254
SARS-CoV2-5UTR-Amplicon-short-trimmed+3,18,a,0.0569
SARS-CoV2-5UTR-Amplicon-short-trimmed+3,19,a,0.0102
SARS-CoV2-5UTR-Amplicon-short-trimmed+3,20,a,0.0173
SARS-CoV2-5UTR-Amplicon-short-trimmed+3,21,c,0.0217
SARS-CoV2-5UTR-Amplicon-short-trimmed+3,22,g,0.032
SARS-CoV2-5UTR-Amplicon-short-trimmed+3,23,a,0.0117
SARS-CoV2-5UTR-Amplicon-short-trimmed+3,24,a,0.0138
SARS-CoV2-5UTR-Amplicon-short-trimmed+3,25,c,0.2416
SARS-CoV2-5UTR-Amplicon-short-trimmed+3,26,t,0.0726
SARS-CoV2-5UTR-Amplicon-short-trimmed+3,27,t,0.0519
SARS-CoV2-5UTR-Amplicon-short-trimmed+3,28,t,0.0164
SARS-CoV2-5UTR-Amplicon-short-trimmed+3,29,a,0.0358
SARS-CoV2-5UTR-Amplicon-short-trimmed+3,30,a,0.0227
SARS-CoV2-5UTR-Amplicon-short-trimmed+3,31,a,0.0622
SARS-CoV2-5UTR-Amplicon-short-trimmed+3,32,a,0.0203
SARS-CoV2-5UTR-Amplicon-short-trimmed+3,33,t,0.0344
SARS-CoV2-5UTR-Amplicon-short-trimmed+3,34,c,0.0227
SARS-CoV2-5UTR-Amplicon-short-trimmed+3,35,t,0.0254
SARS-CoV2-5UTR-Amplicon-short-trimmed+3,36,g,0.0424
SARS-CoV2-5UTR-Amplicon-short-trimmed+3,37,t,0.0384
SARS-CoV2-5UTR-Amplicon-short-trimmed+3,38,g,0.022
SARS-CoV2-5UTR-Amplicon-short-trimmed+3,39,t,0.031
SARS-CoV2-5UTR-Amplicon-short-trimmed+3,40,g,0.021
SARS-CoV2-5UTR-Amplicon-short-trimmed+3,41,g,0.0483
SARS-CoV2-5UTR-Amplicon-short-trimmed+3,42,c,0.0307
SARS-CoV2-5UTR-Amplicon-short-trimmed+3,43,t,0.0725
SARS-CoV2-5UTR-Amplicon-short-trimmed+3,44,g,0.0405
SARS-CoV2-5UTR-Amplicon-short-trimmed+3,45,t,0.0538
SARS-CoV2-5UTR-Amplicon-short-trimmed+3,46,c,0.0212
SARS-CoV2-5UTR-Amplicon-short-trimmed+3,47,a,0.0363
SARS-CoV2-5UTR-Amplicon-short-trimmed+3,48,c,0.022
SARS-CoV2-5UTR-Amplicon-short-trimmed+3,49,t,0.0267
SARS-CoV2-5UTR-Amplicon-short-trimmed+3,50,c,0.0337
SARS-CoV2-5UTR-Amplicon-short-trimmed+3,51,g,0.0553
SARS-CoV2-5UTR-Amplicon-short-trimmed+3,52,g,0.0595
SARS-CoV2-5UTR-Amplicon-short-trimmed+3,53,c,0.0628
SARS-CoV2-5UTR-Amplicon-short-trimmed+3,54,t,0.0404
SARS-CoV2-5UTR-Amplicon-short-trimmed+3,55,g,0.0872
SARS-CoV2-5UTR-Amplicon-short-trimmed+3,56,c,0.0328
SARS-CoV2-5UTR-Amplicon-short-trimmed+3,57,g,0.0802
SARS-CoV2-5UTR-Amplicon-short-trimmed+3,58,t,0.0462
SARS-CoV2-5UTR-Amplicon-short-trimmed+3,59,g,0.0626
SARS-CoV2-5UTR-Amplicon-short-trimmed+3,60,c,0.0397
SARS-CoV2-5UTR-Amplicon-short-trimmed+3,61,t,0.0605
SARS-CoV2-5UTR-Amplicon-short-trimmed+3,62,t,0.0271
SARS-CoV2-5UTR-Amplicon-short-trimmed+3,63,a,0.0309
SARS-CoV2-5UTR-Amplicon-short-trimmed+3,64,g,0.0345
SARS-CoV2-5UTR-Amplicon-short-trimmed+3,65,t,0.018
SARS-CoV2-5UTR-Amplicon-short-trimmed+3,66,g,0.0721
SARS-CoV2-5UTR-Amplicon-short-trimmed+3,67,c,0.0604
SARS-CoV2-5UTR-Amplicon-short-trimmed+3,68,a,0.0436
SARS-CoV2-5UTR-Amplicon-short-trimmed+3,69,c,0.0298
SARS-CoV2-5UTR-Amplicon-short-trimmed+3,70,t,0.0263
SARS-CoV2-5UTR-Amplicon-short-trimmed+3,71,c,0.026
SARS-CoV2-5UTR-Amplicon-short-trimmed+3,72,a,0.0367
SARS-CoV2-5UTR-Amplicon-short-trimmed+3,73,c,0.0241
SARS-CoV2-5UTR-Amplicon-short-trimmed+3,74,g,0.0407
SARS-CoV2-5UTR-Amplicon-short-trimmed+3,75,c,0.0237
SARS-CoV2-5UTR-Amplicon-short-trimmed+3,76,a,0.0696
SARS-CoV2-5UTR-Amplicon-short-trimmed+3,77,g,0.037
SARS-CoV2-5UTR-Amplicon-short-trimmed+3,78,t,0.0249
SARS-CoV2-5UTR-Amplicon-short-trimmed+3,79,a,0.0303
SARS-CoV2-5UTR-Amplicon-short-trimmed+3,80,t,0.0173
SARS-CoV2-5UTR-Amplicon-short-trimmed+3,81,a,0.0292
SARS-CoV2-5UTR-Amplicon-short-trimmed+3,82,a,0.0465
SARS-CoV2-5UTR-Amplicon-short-trimmed+3,83,t,0.021
SARS-CoV2-5UTR-Amplicon-short-trimmed+3,84,t,0.0452
SARS-CoV2-5UTR-Amplicon-short-trimmed+3,85,a,0.0557
SARS-CoV2-5UTR-Amplicon-short-trimmed+3,86,a,0.0432
SARS-CoV2-5UTR-Amplicon-short-trimmed+3,87,t,0.0163
SARS-CoV2-5UTR-Amplicon-short-trimmed+3,88,a,0.0421
SARS-CoV2-5UTR-Amplicon-short-trimmed+3,89,a,0.0478
SARS-CoV2-5UTR-Amplicon-short-trimmed+3,90,c,0.3031
SARS-CoV2-5UTR-Amplicon-short-trimmed+3,91,t,0.0697
SARS-CoV2-5UTR-Amplicon-short-trimmed+3,92,a,0.0311
SARS-CoV2-5UTR-Amplicon-short-trimmed+3,93,a,0.0389
SARS-CoV2-5UTR-Amplicon-short-trimmed+3,94,t,0.0322
SARS-CoV2-5UTR-Amplicon-short-trimmed+3,95,t,0.0341
SARS-CoV2-5UTR-Amplicon-short-trimmed+3,96,a,0.0349
SARS-CoV2-5UTR-Amplicon-short-trimmed+3,97,c,0.025
SARS-CoV2-5UTR-Amplicon-short-trimmed+3,98,t,0.2862
SARS-CoV2-5UTR-Amplicon-short-trimmed+3,99,g,0.0605
SARS-CoV2-5UTR-Amplicon-short-trimmed+3,100,t,0.0533
SARS-CoV2-5UTR-Amplicon-short-trimmed+3,101,c,0.0314
SARS-CoV2-5UTR-Amplicon-short-trimmed+3,102,g,0.0514
SARS-CoV2-5UTR-Amplicon-short-trimmed+3,103,t,0.0449
SARS-CoV2-5UTR-Amplicon-short-trimmed+3,104,t,0.0747
SARS-CoV2-5UTR-Amplicon-short-trimmed+3,105,g,0.0487
SARS-CoV2-5UTR-Amplicon-short-trimmed+3,106,a,0.0402
SARS-CoV2-5UTR-Amplicon-short-trimmed+3,107,c,0.0405
SARS-CoV2-5UTR-Amplicon-short-trimmed+3,108,a,0.0565
SARS-CoV2-5UTR-Amplicon-short-trimmed+3,109,g,0.0548
SARS-CoV2-5UTR-Amplicon-short-trimmed+3,110,g,0.0668
SARS-CoV2-5UTR-Amplicon-short-trimmed+3,111,a,0.0337
SARS-CoV2-5UTR-Amplicon-short-trimmed+3,112,c,0.0584
SARS-CoV2-5UTR-Amplicon-short-trimmed+3,113,a,0.059
SARS-CoV2-5UTR-Amplicon-short-trimmed+3,114,c,0.0495
SARS-CoV2-5UTR-Amplicon-short-trimmed+3,115,g,0.0365
SARS-CoV2-5UTR-Amplicon-short-trimmed+3,116,a,0.0573
SARS-CoV2-5UTR-Amplicon-short-trimmed+3,117,g,0.0491
SARS-CoV2-5UTR-Amplicon-short-trimmed+3,118,t,0.1579
SARS-CoV2-5UTR-Amplicon-short-trimmed+3,119,a,0.1692
SARS-CoV2-5UTR-Amplicon-short-trimmed+3,120,a,0.1177
SARS-CoV2-5UTR-Amplicon-short-trimmed+3,121,c,0.2014
SARS-CoV2-5UTR-Amplicon-short-trimmed+3,122,t,0.212
SARS-CoV2-5UTR-Amplicon-short-trimmed+3,123,c,0.2241
SARS-CoV2-5UTR-Amplicon-short-trimmed+3,124,g,0.1503
SARS-CoV2-5UTR-Amplicon-short-trimmed+3,125,t,0.2222
SARS-CoV2-5UTR-Amplicon-short-trimmed+3,126,c,0.1287
SARS-CoV2-5UTR-Amplicon-short-trimmed+3,127,t,0.0903
SARS-CoV2-5UTR-Amplicon-short-trimmed+3,128,a,0.1374
SARS-CoV2-5UTR-Amplicon-short-trimmed+3,129,t,0.5615
SARS-CoV2-5UTR-Amplicon-short-trimmed+3,130,c,0.0745
SARS-CoV2-5UTR-Amplicon-short-trimmed+3,131,t,0.1194
SARS-CoV2-5UTR-Amplicon-short-trimmed+3,132,t,0.1628
SARS-CoV2-5UTR-Amplicon-short-trimmed+3,133,c,0.3061
SARS-CoV2-5UTR-Amplicon-short-trimmed+3,134,t,0.2276
SARS-CoV2-5UTR-Amplicon-short-trimmed+3,135,g,0.0795
SARS-CoV2-5UTR-Amplicon-short-trimmed+3,136,c,0.4112
SARS-CoV2-5UTR-Amplicon-short-trimmed+3,137,a,0.2491
SARS-CoV2-5UTR-Amplicon-short-trimmed+3,138,g,0.0687
SARS-CoV2-5UTR-Amplicon-short-trimmed+3,139,g,0.2596
SARS-CoV2-5UTR-Amplicon-short-trimmed+3,140,c,0.1026
SARS-CoV2-5UTR-Amplicon-short-trimmed+3,141,t,0.299
SARS-CoV2-5UTR-Amplicon-short-trimmed+3,142,g,0.4292
SARS-CoV2-5UTR-Amplicon-short-trimmed+3,143,c,0.0613
SARS-CoV2-5UTR-Amplicon-short-trimmed+3,144,t,0.0972
SARS-CoV2-5UTR-Amplicon-short-trimmed+3,145,t,0.1553
SARS-CoV2-5UTR-Amplicon-short-trimmed+3,146,a,0.2093
SARS-CoV2-5UTR-Amplicon-short-trimmed+3,147,c,0.1391
SARS-CoV2-5UTR-Amplicon-short-trimmed+3,148,g,0.3267
SARS-CoV2-5UTR-Amplicon-short-trimmed+3,149,g,0.0707
SARS-CoV2-5UTR-Amplicon-short-trimmed+3,150,t,0.1353
SARS-CoV2-5UTR-Amplicon-short-trimmed+3,151,t,0.1446
SARS-CoV2-5UTR-Amplicon-short-trimmed+3,152,t,0.239
SARS-CoV2-5UTR-Amplicon-short-trimmed+3,153,c,0.2343
SARS-CoV2-5UTR-Amplicon-short-trimmed+3,154,g,0.0726
SARS-CoV2-5UTR-Amplicon-short-trimmed+3,155,t,0.2589
SARS-CoV2-5UTR-Amplicon-short-trimmed+3,156,c,0.1279
SARS-CoV2-5UTR-Amplicon-short-trimmed+3,157,c,0.2006
SARS-CoV2-5UTR-Amplicon-short-trimmed+3,158,g,0.0804
SARS-CoV2-5UTR-Amplicon-short-trimmed+3,159,t,1.5288
SARS-CoV2-5UTR-Amplicon-short-trimmed+3,160,g,0.0509
SARS-CoV2-5UTR-Amplicon-short-trimmed+3,161,t,0.1042
SARS-CoV2-5UTR-Amplicon-short-trimmed+3,162,t,0.1902
SARS-CoV2-5UTR-Amplicon-short-trimmed+3,163,g,0.064
SARS-CoV2-5UTR-Amplicon-short-trimmed+3,164,c,0.2511
SARS-CoV2-5UTR-Amplicon-short-trimmed+3,165,a,0.1555
SARS-CoV2-5UTR-Amplicon-short-trimmed+3,166,g,0.2602
SARS-CoV2-5UTR-Amplicon-short-trimmed+3,167,c,0.1161
SARS-CoV2-5UTR-Amplicon-short-trimmed+3,168,c,0.6397
SARS-CoV2-5UTR-Amplicon-short-trimmed+3,169,g,0.1084
SARS-CoV2-5UTR-Amplicon-short-trimmed+3,170,a,0.1445
SARS-CoV2-5UTR-Amplicon-short-trimmed+3,171,t,0.1056
SARS-CoV2-5UTR-Amplicon-short-trimmed+3,172,c,0.2032
SARS-CoV2-5UTR-Amplicon-short-trimmed+3,173,a,0.0662
SARS-CoV2-5UTR-Amplicon-short-trimmed+3,174,t,0.08
SARS-CoV2-5UTR-Amplicon-short-trimmed+3,175,c,0.2472
SARS-CoV2-5UTR-Amplicon-short-trimmed+3,176,a,0.127
SARS-CoV2-5UTR-Amplicon-short-trimmed+3,177,g,0.0909
SARS-CoV2-5UTR-Amplicon-short-trimmed+3,178,c,0.6759
SARS-CoV2-5UTR-Amplicon-short-trimmed+3,179,a,0.1318
SARS-CoV2-5UTR-Amplicon-short-trimmed+3,180,c,0.0999
SARS-CoV2-5UTR-Amplicon-short-trimmed+3,181,a,0.1203
SARS-CoV2-5UTR-Amplicon-short-trimmed+3,182,t,0.1383
SARS-CoV2-5UTR-Amplicon-short-trimmed+3,183,c,0.0807
SARS-CoV2-5UTR-Amplicon-short-trimmed+3,184,t,0.1154
SARS-CoV2-5UTR-Amplicon-short-trimmed+3,185,a,0.1828
SARS-CoV2-5UTR-Amplicon-short-trimmed+3,186,g,0.0528
SARS-CoV2-5UTR-Amplicon-short-trimmed+3,187,g,0.0414
SARS-CoV2-5UTR-Amplicon-short-trimmed+3,188,t,0.1334
SARS-CoV2-5UTR-Amplicon-short-trimmed+3,189,t,0.3475
SARS-CoV2-5UTR-Amplicon-short-trimmed+3,190,t,0.4355
SARS-CoV2-5UTR-Amplicon-short-trimmed+3,191,c,0.1291
SARS-CoV2-5UTR-Amplicon-short-trimmed+3,192,g,0.0648
SARS-CoV2-5UTR-Amplicon-short-trimmed+3,193,t,1.2241
SARS-CoV2-5UTR-Amplicon-short-trimmed+3,194,c,0.0523
SARS-CoV2-5UTR-Amplicon-short-trimmed+3,195,c,0.1308
SARS-CoV2-5UTR-Amplicon-short-trimmed+3,196,g,0.3154
SARS-CoV2-5UTR-Amplicon-short-trimmed+3,197,g,0.0813
SARS-CoV2-5UTR-Amplicon-short-trimmed+3,198,g,0.305
SARS-CoV2-5UTR-Amplicon-short-trimmed+3,199,t,0.2289
SARS-CoV2-5UTR-Amplicon-short-trimmed+3,200,g,0.07
SARS-CoV2-5UTR-Amplicon-short-trimmed+3,201,t,0.1244
SARS-CoV2-5UTR-Amplicon-short-trimmed+3,202,g,0.1066
SARS-CoV2-5UTR-Amplicon-short-trimmed+3,203,a,0.2742
SARS-CoV2-5UTR-Amplicon-short-trimmed+3,204,c,0.0774
SARS-CoV2-5UTR-Amplicon-short-trimmed+3,205,c,0.1003
SARS-CoV2-5UTR-Amplicon-short-trimmed+3,206,g,0.0687
SARS-CoV2-5UTR-Amplicon-short-trimmed+3,207,a,0.1053
SARS-CoV2-5UTR-Amplicon-short-trimmed+3,208,a,0.0653
SARS-CoV2-5UTR-Amplicon-short-trimmed+3,209,a,0.1551
SARS-CoV2-5UTR-Amplicon-short-trimmed+3,210,g,0.0959
SARS-CoV2-5UTR-Amplicon-short-trimmed+3,211,g,0.1012
SARS-CoV2-5UTR-Amplicon-short-trimmed+3,212,t,0.1569
SARS-CoV2-5UTR-Amplicon-short-trimmed+3,213,a,0.0535
SARS-CoV2-5UTR-Amplicon-short-trimmed+3,214,a,0.0617
SARS-CoV2-5UTR-Amplicon-short-trimmed+3,215,g,0.0765
SARS-CoV2-5UTR-Amplicon-short-trimmed+3,216,a,0.0375
SARS-CoV2-5UTR-Amplicon-short-trimmed+3,217,t,0.125
SARS-CoV2-5UTR-Amplicon-short-trimmed+3,218,g,0.0524
SARS-CoV2-5UTR-Amplicon-short-trimmed+3,219,g,0.0722
SARS-CoV2-5UTR-Amplicon-short-trimmed+3,220,a,0.2117
SARS-CoV2-5UTR-Amplicon-short-trimmed+3,221,g,0.1499
SARS-CoV2-5UTR-Amplicon-short-trimmed+3,222,a,0.0645
SARS-CoV2-5UTR-Amplicon-short-trimmed+3,223,g,0.1606
SARS-CoV2-5UTR-Amplicon-short-trimmed+3,224,c,0.0488
SARS-CoV2-5UTR-Amplicon-short-trimmed+3,225,c,0.0652
SARS-CoV2-5UTR-Amplicon-short-trimmed+3,226,t,0.0399
SARS-CoV2-5UTR-Amplicon-short-trimmed+3,227,t,0.3443
SARS-CoV2-5UTR-Amplicon-short-trimmed+3,228,g,0.0472
SARS-CoV2-5UTR-Amplicon-short-trimmed+3,229,t,0.1084
SARS-CoV2-5UTR-Amplicon-short-trimmed+3,230,c,0.0412
SARS-CoV2-5UTR-Amplicon-short-trimmed+3,231,c,0.0446
SARS-CoV2-5UTR-Amplicon-short-trimmed+3,232,c,0.077
SARS-CoV2-5UTR-Amplicon-short-trimmed+3,233,t,0.1202
SARS-CoV2-5UTR-Amplicon-short-trimmed+3,234,g,0.0574
SARS-CoV2-5UTR-Amplicon-short-trimmed+3,235,g,0.0331
SARS-CoV2-5UTR-Amplicon-short-trimmed+3,236,t,0.0487
SARS-CoV2-5UTR-Amplicon-short-trimmed+3,237,t,0.063
SARS-CoV2-5UTR-Amplicon-short-trimmed+3,238,t,0.1249
SARS-CoV2-5UTR-Amplicon-short-trimmed+3,239,c,0.5346
SARS-CoV2-5UTR-Amplicon-short-trimmed+3,240,a,0.0662
SARS-CoV2-5UTR-Amplicon-short-trimmed+3,241,a,0.0579
SARS-CoV2-5UTR-Amplicon-short-trimmed+3,242,c,0.0513
SARS-CoV2-5UTR-Amplicon-short-trimmed+3,243,g,0.0255
SARS-CoV2-5UTR-Amplicon-short-trimmed+3,244,a,0.1932
SARS-CoV2-5UTR-Amplicon-short-trimmed+3,245,g,0
SARS-CoV2-5UTR-Amplicon-short-trimmed+3,246,g,0
SARS-CoV2-5UTR-Amplicon-short-trimmed+3,247,G,0
SARS-CoV2-5UTR-Amplicon-short-trimmed+3,248,A,0
SARS-CoV2-5UTR-Amplicon-short-trimmed+3,249,G,0
