Region,Position,Ref_base,Mut_percentage
SARS-CoV2-5UTR-Amplicon-short-trimmed+3,1,T,0
SARS-CoV2-5UTR-Amplicon-short-trimmed+3,2,T,0
SARS-CoV2-5UTR-Amplicon-short-trimmed+3,3,G,0
SARS-CoV2-5UTR-Amplicon-short-trimmed+3,4,t,0
SARS-CoV2-5UTR-Amplicon-short-trimmed+3,5,a,0
SARS-CoV2-5UTR-Amplicon-short-trimmed+3,6,g,0.0356
SARS-CoV2-5UTR-Amplicon-short-trimmed+3,7,a,0.0182
SARS-CoV2-5UTR-Amplicon-short-trimmed+3,8,t,0.0188
SARS-CoV2-5UTR-Amplicon-short-trimmed+3,9,c,0.0336
SARS-CoV2-5UTR-Amplicon-short-trimmed+3,10,t,0.0133
SARS-CoV2-5UTR-Amplicon-short-trimmed+3,11,g,0.0651
SARS-CoV2-5UTR-Amplicon-short-trimmed+3,12,t,0.036
SARS-CoV2-5UTR-Amplicon-short-trimmed+3,13,t,0.0249
SARS-CoV2-5UTR-Amplicon-short-trimmed+3,14,c,0.0527
SARS-CoV2-5UTR-Amplicon-short-trimmed+3,15,t,0.0499
SARS-CoV2-5UTR-Amplicon-short-trimmed+3,16,c,0.0303
SARS-CoV2-5UTR-Amplicon-short-trimmed+3,17,t,0.0203
SARS-CoV2-5UTR-Amplicon-short-trimmed+3,18,a,0.0634
SARS-CoV2-5UTR-Amplicon-short-trimmed+3,19,a,0.0155
SARS-CoV2-5UTR-Amplicon-short-trimmed+3,20,a,0.0241
SARS-CoV2-5UTR-Amplicon-short-trimmed+3,21,c,0.0241
SARS-CoV2-5UTR-Amplicon-short-trimmed+3,22,g,0.0307
SARS-CoV2-5UTR-Amplicon-short-trimmed+3,23,a,0.0136
SARS-CoV2-5UTR-Amplicon-short-trimmed+3,24,a,0.015
SARS-CoV2-5UTR-Amplicon-short-trimmed+3,25,c,0.3995
SARS-CoV2-5UTR-Amplicon-short-trimmed+3,26,t,0.0918
SARS-CoV2-5UTR-Amplicon-short-trimmed+3,27,t,0.0499
SARS-CoV2-5UTR-Amplicon-short-trimmed+3,28,t,0.0192
SARS-CoV2-5UTR-Amplicon-short-trimmed+3,29,a,0.0364
SARS-CoV2-5UTR-Amplicon-short-trimmed+3,30,a,0.0283
SARS-CoV2-5UTR-Amplicon-short-trimmed+3,31,a,0.0717
SARS-CoV2-5UTR-Amplicon-short-trimmed+3,32,a,0.0244
SARS-CoV2-5UTR-Amplicon-short-trimmed+3,33,t,0.0341
SARS-CoV2-5UTR-Amplicon-short-trimmed+3,34,c,0.0266
SARS-CoV2-5UTR-Amplicon-short-trimmed+3,35,t,0.0336
SARS-CoV2-5UTR-Amplicon-short-trimmed+3,36,g,0.049
SARS-CoV2-5UTR-Amplicon-short-trimmed+3,37,t,0.047
SARS-CoV2-5UTR-Amplicon-short-trimmed+3,38,g,0.0225
SARS-CoV2-5UTR-Amplicon-short-trimmed+3,39,t,0.0378
SARS-CoV2-5UTR-Amplicon-short-trimmed+3,40,g,0.0315
SARS-CoV2-5UTR-Amplicon-short-trimmed+3,41,g,0.0535
SARS-CoV2-5UTR-Amplicon-short-trimmed+3,42,c,0.0503
SARS-CoV2-5UTR-Amplicon-short-trimmed+3,43,t,0.0706
SARS-CoV2-5UTR-Amplicon-short-trimmed+3,44,g,0.0378
SARS-CoV2-5UTR-Amplicon-short-trimmed+3,45,t,0.0794
SARS-CoV2-5UTR-Amplicon-short-trimmed+3,46,c,0.03
SARS-CoV2-5UTR-Amplicon-short-trimmed+3,47,a,0.0366
SARS-CoV2-5UTR-Amplicon-short-trimmed+3,48,c,0.0279
SARS-CoV2-5UTR-Amplicon-short-trimmed+3,49,t,0.0361
SARS-CoV2-5UTR-Amplicon-short-trimmed+3,50,c,0.0381
SARS-CoV2-5UTR-Amplicon-short-trimmed+3,51,g,0.0474
SARS-CoV2-5UTR-Amplicon-short-trimmed+3,52,g,0.0744
SARS-CoV2-5UTR-Amplicon-short-trimmed+3,53,c,0.0553
SARS-CoV2-5UTR-Amplicon-short-trimmed+3,54,t,0.0515
SARS-CoV2-5UTR-Amplicon-short-trimmed+3,55,g,0.0776
SARS-CoV2-5UTR-Amplicon-short-trimmed+3,56,c,0.0497
SARS-CoV2-5UTR-Amplicon-short-trimmed+3,57,g,0.07
SARS-CoV2-5UTR-Amplicon-short-trimmed+3,58,t,0.0503
SARS-CoV2-5UTR-Amplicon-short-trimmed+3,59,g,0.0632
SARS-CoV2-5UTR-Amplicon-short-trimmed+3,60,c,0.0431
SARS-CoV2-5UTR-Amplicon-short-trimmed+3,61,t,0.0697
SARS-CoV2-5UTR-Amplicon-short-trimmed+3,62,t,0.0296
SARS-CoV2-5UTR-Amplicon-short-trimmed+3,63,a,0.0354
SARS-CoV2-5UTR-Amplicon-short-trimmed+3,64,g,0.0349
SARS-CoV2-5UTR-Amplicon-short-trimmed+3,65,t,0.0196
SARS-CoV2-5UTR-Amplicon-short-trimmed+3,66,g,0.0755
SARS-CoV2-5UTR-Amplicon-short-trimmed+3,67,c,0.0672
SARS-CoV2-5UTR-Amplicon-short-trimmed+3,68,a,0.0588
SARS-CoV2-5UTR-Amplicon-short-trimmed+3,69,c,0.0415
SARS-CoV2-5UTR-Amplicon-short-trimmed+3,70,t,0.0344
SARS-CoV2-5UTR-Amplicon-short-trimmed+3,71,c,0.0287
SARS-CoV2-5UTR-Amplicon-short-trimmed+3,72,a,0.0497
SARS-CoV2-5UTR-Amplicon-short-trimmed+3,73,c,0.0382
SARS-CoV2-5UTR-Amplicon-short-trimmed+3,74,g,0.0544
SARS-CoV2-5UTR-Amplicon-short-trimmed+3,75,c,0.0274
SARS-CoV2-5UTR-Amplicon-short-trimmed+3,76,a,0.0834
SARS-CoV2-5UTR-Amplicon-short-trimmed+3,77,g,0.0478
SARS-CoV2-5UTR-Amplicon-short-trimmed+3,78,t,0.0298
SARS-CoV2-5UTR-Amplicon-short-trimmed+3,79,a,0.0333
SARS-CoV2-5UTR-Amplicon-short-trimmed+3,80,t,0.0224
SARS-CoV2-5UTR-Amplicon-short-trimmed+3,81,a,0.0336
SARS-CoV2-5UTR-Amplicon-short-trimmed+3,82,a,0.0476
SARS-CoV2-5UTR-Amplicon-short-trimmed+3,83,t,0.0241
SARS-CoV2-5UTR-Amplicon-short-trimmed+3,84,t,0.0681
SARS-CoV2-5UTR-Amplicon-short-trimmed+3,85,a,0.068
SARS-CoV2-5UTR-Amplicon-short-trimmed+3,86,a,0.0621
SARS-CoV2-5UTR-Amplicon-short-trimmed+3,87,t,0.0267
SARS-CoV2-5UTR-Amplicon-short-trimmed+3,88,a,0.046
SARS-CoV2-5UTR-Amplicon-short-trimmed+3,89,a,0.0581
SARS-CoV2-5UTR-Amplicon-short-trimmed+3,90,c,0.3082
SARS-CoV2-5UTR-Amplicon-short-trimmed+3,91,t,0.0805
SARS-CoV2-5UTR-Amplicon-short-trimmed+3,92,a,0.041
SARS-CoV2-5UTR-Amplicon-short-trimmed+3,93,a,0.0402
SARS-CoV2-5UTR-Amplicon-short-trimmed+3,94,t,0.0383
SARS-CoV2-5UTR-Amplicon-short-trimmed+3,95,t,0.0374
SARS-CoV2-5UTR-Amplicon-short-trimmed+3,96,a,0.0422
SARS-CoV2-5UTR-Amplicon-short-trimmed+3,97,c,0.0373
SARS-CoV2-5UTR-Amplicon-short-trimmed+3,98,t,0.289
SARS-CoV2-5UTR-Amplicon-short-trimmed+3,99,g,0.0577
SARS-CoV2-5UTR-Amplicon-short-trimmed+3,100,t,0.0733
SARS-CoV2-5UTR-Amplicon-short-trimmed+3,101,c,0.0377
SARS-CoV2-5UTR-Amplicon-short-trimmed+3,102,g,0.0577
SARS-CoV2-5UTR-Amplicon-short-trimmed+3,103,t,0.0552
SARS-CoV2-5UTR-Amplicon-short-trimmed+3,104,t,0.0896
SARS-CoV2-5UTR-Amplicon-short-trimmed+3,105,g,0.0493
SARS-CoV2-5UTR-Amplicon-short-trimmed+3,106,a,0.0433
SARS-CoV2-5UTR-Amplicon-short-trimmed+3,107,c,0.0511
SARS-CoV2-5UTR-Amplicon-short-trimmed+3,108,a,0.0742
SARS-CoV2-5UTR-Amplicon-short-trimmed+3,109,g,0.0602
SARS-CoV2-5UTR-Amplicon-short-trimmed+3,110,g,0.0701
SARS-CoV2-5UTR-Amplicon-short-trimmed+3,111,a,0.0444
SARS-CoV2-5UTR-Amplicon-short-trimmed+3,112,c,0.0595
SARS-CoV2-5UTR-Amplicon-short-trimmed+3,113,a,0.0661
SARS-CoV2-5UTR-Amplicon-short-trimmed+3,114,c,0.0513
SARS-CoV2-5UTR-Amplicon-short-trimmed+3,115,g,0.0435
SARS-CoV2-5UTR-Amplicon-short-trimmed+3,116,a,0.0732
SARS-CoV2-5UTR-Amplicon-short-trimmed+3,117,g,0.0569
SARS-CoV2-5UTR-Amplicon-short-trimmed+3,118,t,0.1887
SARS-CoV2-5UTR-Amplicon-short-trimmed+3,119,a,0.199
SARS-CoV2-5UTR-Amplicon-short-trimmed+3,120,a,0.137
SARS-CoV2-5UTR-Amplicon-short-trimmed+3,121,c,0.228
SARS-CoV2-5UTR-Amplicon-short-trimmed+3,122,t,0.2439
SARS-CoV2-5UTR-Amplicon-short-trimmed+3,123,c,0.25
SARS-CoV2-5UTR-Amplicon-short-trimmed+3,124,g,0.1557
SARS-CoV2-5UTR-Amplicon-short-trimmed+3,125,t,0.2726
SARS-CoV2-5UTR-Amplicon-short-trimmed+3,126,c,0.1459
SARS-CoV2-5UTR-Amplicon-short-trimmed+3,127,t,0.1017
SARS-CoV2-5UTR-Amplicon-short-trimmed+3,128,a,0.1559
SARS-CoV2-5UTR-Amplicon-short-trimmed+3,129,t,0.6793
SARS-CoV2-5UTR-Amplicon-short-trimmed+3,130,c,0.0931
SARS-CoV2-5UTR-Amplicon-short-trimmed+3,131,t,0.1357
SARS-CoV2-5UTR-Amplicon-short-trimmed+3,132,t,0.1931
SARS-CoV2-5UTR-Amplicon-short-trimmed+3,133,c,0.3434
SARS-CoV2-5UTR-Amplicon-short-trimmed+3,134,t,0.2718
SARS-CoV2-5UTR-Amplicon-short-trimmed+3,135,g,0.0917
SARS-CoV2-5UTR-Amplicon-short-trimmed+3,136,c,0.425
SARS-CoV2-5UTR-Amplicon-short-trimmed+3,137,a,0.2937
SARS-CoV2-5UTR-Amplicon-short-trimmed+3,138,g,0.081
SARS-CoV2-5UTR-Amplicon-short-trimmed+3,139,g,0.2783
SARS-CoV2-5UTR-Amplicon-short-trimmed+3,140,c,0.1242
SARS-CoV2-5UTR-Amplicon-short-trimmed+3,141,t,0.3615
SARS-CoV2-5UTR-Amplicon-short-trimmed+3,142,g,0.4657
SARS-CoV2-5UTR-Amplicon-short-trimmed+3,143,c,0.0721
SARS-CoV2-5UTR-Amplicon-short-trimmed+3,144,t,0.1281
SARS-CoV2-5UTR-Amplicon-short-trimmed+3,145,t,0.1865
SARS-CoV2-5UTR-Amplicon-short-trimmed+3,146,a,0.2461
SARS-CoV2-5UTR-Amplicon-short-trimmed+3,147,c,0.1633
SARS-CoV2-5UTR-Amplicon-short-trimmed+3,148,g,0.3441
SARS-CoV2-5UTR-Amplicon-short-trimmed+3,149,g,0.0869
SARS-CoV2-5UTR-Amplicon-short-trimmed+3,150,t,0.1616
SARS-CoV2-5UTR-Amplicon-short-trimmed+3,151,t,0.1694
SARS-CoV2-5UTR-Amplicon-short-trimmed+3,152,t,0.2943
SARS-CoV2-5UTR-Amplicon-short-trimmed+3,153,c,0.2575
SARS-CoV2-5UTR-Amplicon-short-trimmed+3,154,g,0.0924
SARS-CoV2-5UTR-Amplicon-short-trimmed+3,155,t,0.3198
SARS-CoV2-5UTR-Amplicon-short-trimmed+3,156,c,0.1415
SARS-CoV2-5UTR-Amplicon-short-trimmed+3,157,c,0.2249
SARS-CoV2-5UTR-Amplicon-short-trimmed+3,158,g,0.0908
SARS-CoV2-5UTR-Amplicon-short-trimmed+3,159,t,1.8531
SARS-CoV2-5UTR-Amplicon-short-trimmed+3,160,g,0.0638
SARS-CoV2-5UTR-Amplicon-short-trimmed+3,161,t,0.1208
SARS-CoV2-5UTR-Amplicon-short-trimmed+3,162,t,0.2105
SARS-CoV2-5UTR-Amplicon-short-trimmed+3,163,g,0.0732
SARS-CoV2-5UTR-Amplicon-short-trimmed+3,164,c,0.2831
SARS-CoV2-5UTR-Amplicon-short-trimmed+3,165,a,0.1826
SARS-CoV2-5UTR-Amplicon-short-trimmed+3,166,g,0.2863
SARS-CoV2-5UTR-Amplicon-short-trimmed+3,167,c,0.1311
SARS-CoV2-5UTR-Amplicon-short-trimmed+3,168,c,0.6744
SARS-CoV2-5UTR-Amplicon-short-trimmed+3,169,g,0.1028
SARS-CoV2-5UTR-Amplicon-short-trimmed+3,170,a,0.1694
SARS-CoV2-5UTR-Amplicon-short-trimmed+3,171,t,0.1328
SARS-CoV2-5UTR-Amplicon-short-trimmed+3,172,c,0.2244
SARS-CoV2-5UTR-Amplicon-short-trimmed+3,173,a,0.0782
SARS-CoV2-5UTR-Amplicon-short-trimmed+3,174,t,0.1021
SARS-CoV2-5UTR-Amplicon-short-trimmed+3,175,c,0.2707
SARS-CoV2-5UTR-Amplicon-short-trimmed+3,176,a,0.1603
SARS-CoV2-5UTR-Amplicon-short-trimmed+3,177,g,0.1044
SARS-CoV2-5UTR-Amplicon-short-trimmed+3,178,c,0.7109
SARS-CoV2-5UTR-Amplicon-short-trimmed+3,179,a,0.1529
SARS-CoV2-5UTR-Amplicon-short-trimmed+3,180,c,0.1004
SARS-CoV2-5UTR-Amplicon-short-trimmed+3,181,a,0.1304
SARS-CoV2-5UTR-Amplicon-short-trimmed+3,182,t,0.1648
SARS-CoV2-5UTR-Amplicon-short-trimmed+3,183,c,0.1042
SARS-CoV2-5UTR-Amplicon-short-trimmed+3,184,t,0.1298
SARS-CoV2-5UTR-Amplicon-short-trimmed+3,185,a,0.2187
SARS-CoV2-5UTR-Amplicon-short-trimmed+3,186,g,0.054
SARS-CoV2-5UTR-Amplicon-short-trimmed+3,187,g,0.044
SARS-CoV2-5UTR-Amplicon-short-trimmed+3,188,t,0.1625
SARS-CoV2-5UTR-Amplicon-short-trimmed+3,189,t,0.3485
SARS-CoV2-5UTR-Amplicon-short-trimmed+3,190,t,0.5269
SARS-CoV2-5UTR-Amplicon-short-trimmed+3,191,c,0.1498
SARS-CoV2-5UTR-Amplicon-short-trimmed+3,192,g,0.0795
SARS-CoV2-5UTR-Amplicon-short-trimmed+3,193,t,1.4725
SARS-CoV2-5UTR-Amplicon-short-trimmed+3,194,c,0.0778
SARS-CoV2-5UTR-Amplicon-short-trimmed+3,195,c,0.1306
SARS-CoV2-5UTR-Amplicon-short-trimmed+3,196,g,0.326
SARS-CoV2-5UTR-Amplicon-short-trimmed+3,197,g,0.1014
SARS-CoV2-5UTR-Amplicon-short-trimmed+3,198,g,0.4125
SARS-CoV2-5UTR-Amplicon-short-trimmed+3,199,t,0.2746
SARS-CoV2-5UTR-Amplicon-short-trimmed+3,200,g,0.0733
SARS-CoV2-5UTR-Amplicon-short-trimmed+3,201,t,0.1699
SARS-CoV2-5UTR-Amplicon-short-trimmed+3,202,g,0.0991
SARS-CoV2-5UTR-Amplicon-short-trimmed+3,203,a,0.3337
SARS-CoV2-5UTR-Amplicon-short-trimmed+3,204,c,0.0906
SARS-CoV2-5UTR-Amplicon-short-trimmed+3,205,c,0.1146
SARS-CoV2-5UTR-Amplicon-short-trimmed+3,206,g,0.0782
SARS-CoV2-5UTR-Amplicon-short-trimmed+3,207,a,0.1344
SARS-CoV2-5UTR-Amplicon-short-trimmed+3,208,a,0.0839
SARS-CoV2-5UTR-Amplicon-short-trimmed+3,209,a,0.1776
SARS-CoV2-5UTR-Amplicon-short-trimmed+3,210,g,0.1064
SARS-CoV2-5UTR-Amplicon-short-trimmed+3,211,g,0.1343
SARS-CoV2-5UTR-Amplicon-short-trimmed+3,212,t,0.1902
SARS-CoV2-5UTR-Amplicon-short-trimmed+3,213,a,0.0666
SARS-CoV2-5UTR-Amplicon-short-trimmed+3,214,a,0.071
SARS-CoV2-5UTR-Amplicon-short-trimmed+3,215,g,0.0758
SARS-CoV2-5UTR-Amplicon-short-trimmed+3,216,a,0.0524
SARS-CoV2-5UTR-Amplicon-short-trimmed+3,217,t,0.1456
SARS-CoV2-5UTR-Amplicon-short-trimmed+3,218,g,0.0545
SARS-CoV2-5UTR-Amplicon-short-trimmed+3,219,g,0.0645
SARS-CoV2-5UTR-Amplicon-short-trimmed+3,220,a,0.2268
SARS-CoV2-5UTR-Amplicon-short-trimmed+3,221,g,0.1436
SARS-CoV2-5UTR-Amplicon-short-trimmed+3,222,a,0.0699
SARS-CoV2-5UTR-Amplicon-short-trimmed+3,223,g,0.1905
SARS-CoV2-5UTR-Amplicon-short-trimmed+3,224,c,0.0537
SARS-CoV2-5UTR-Amplicon-short-trimmed+3,225,c,0.0791
SARS-CoV2-5UTR-Amplicon-short-trimmed+3,226,t,0.044
SARS-CoV2-5UTR-Amplicon-short-trimmed+3,227,t,0.4
SARS-CoV2-5UTR-Amplicon-short-trimmed+3,228,g,0.0486
SARS-CoV2-5UTR-Amplicon-short-trimmed+3,229,t,0.1266
SARS-CoV2-5UTR-Amplicon-short-trimmed+3,230,c,0.0379
SARS-CoV2-5UTR-Amplicon-short-trimmed+3,231,c,0.0519
SARS-CoV2-5UTR-Amplicon-short-trimmed+3,232,c,0.0881
SARS-CoV2-5UTR-Amplicon-short-trimmed+3,233,t,0.1457
SARS-CoV2-5UTR-Amplicon-short-trimmed+3,234,g,0.0645
SARS-CoV2-5UTR-Amplicon-short-trimmed+3,235,g,0.0569
SARS-CoV2-5UTR-Amplicon-short-trimmed+3,236,t,0.0553
SARS-CoV2-5UTR-Amplicon-short-trimmed+3,237,t,0.0819
SARS-CoV2-5UTR-Amplicon-short-trimmed+3,238,t,0.1592
SARS-CoV2-5UTR-Amplicon-short-trimmed+3,239,c,0.5837
SARS-CoV2-5UTR-Amplicon-short-trimmed+3,240,a,0.0853
SARS-CoV2-5UTR-Amplicon-short-trimmed+3,241,a,0.0783
SARS-CoV2-5UTR-Amplicon-short-trimmed+3,242,c,0.0549
SARS-CoV2-5UTR-Amplicon-short-trimmed+3,243,g,0.0279
SARS-CoV2-5UTR-Amplicon-short-trimmed+3,244,a,0.2195
SARS-CoV2-5UTR-Amplicon-short-trimmed+3,245,g,0
SARS-CoV2-5UTR-Amplicon-short-trimmed+3,246,g,0
SARS-CoV2-5UTR-Amplicon-short-trimmed+3,247,G,0
SARS-CoV2-5UTR-Amplicon-short-trimmed+3,248,A,0
SARS-CoV2-5UTR-Amplicon-short-trimmed+3,249,G,0
