Region,Position,Ref_base,Mut_percentage
SARS-CoV2-5UTR-Amplicon-short-trimmed+3,1,T,0
SARS-CoV2-5UTR-Amplicon-short-trimmed+3,2,T,0
SARS-CoV2-5UTR-Amplicon-short-trimmed+3,3,G,0
SARS-CoV2-5UTR-Amplicon-short-trimmed+3,4,t,0
SARS-CoV2-5UTR-Amplicon-short-trimmed+3,5,a,0
SARS-CoV2-5UTR-Amplicon-short-trimmed+3,6,g,0.0517
SARS-CoV2-5UTR-Amplicon-short-trimmed+3,7,a,0.0291
SARS-CoV2-5UTR-Amplicon-short-trimmed+3,8,t,0.0967
SARS-CoV2-5UTR-Amplicon-short-trimmed+3,9,c,0.0586
SARS-CoV2-5UTR-Amplicon-short-trimmed+3,10,t,0.0331
SARS-CoV2-5UTR-Amplicon-short-trimmed+3,11,g,0.1526
SARS-CoV2-5UTR-Amplicon-short-trimmed+3,12,t,0.0663
SARS-CoV2-5UTR-Amplicon-short-trimmed+3,13,t,0.066
SARS-CoV2-5UTR-Amplicon-short-trimmed+3,14,c,0.0576
SARS-CoV2-5UTR-Amplicon-short-trimmed+3,15,t,0.1188
SARS-CoV2-5UTR-Amplicon-short-trimmed+3,16,c,0.0571
SARS-CoV2-5UTR-Amplicon-short-trimmed+3,17,t,0.043
SARS-CoV2-5UTR-Amplicon-short-trimmed+3,18,a,0.0845
SARS-CoV2-5UTR-Amplicon-short-trimmed+3,19,a,0.0212
SARS-CoV2-5UTR-Amplicon-short-trimmed+3,20,a,0.028
SARS-CoV2-5UTR-Amplicon-short-trimmed+3,21,c,0.0378
SARS-CoV2-5UTR-Amplicon-short-trimmed+3,22,g,0.091
SARS-CoV2-5UTR-Amplicon-short-trimmed+3,23,a,0.0292
SARS-CoV2-5UTR-Amplicon-short-trimmed+3,24,a,0.0553
SARS-CoV2-5UTR-Amplicon-short-trimmed+3,25,c,4.819
SARS-CoV2-5UTR-Amplicon-short-trimmed+3,26,t,0.2115
SARS-CoV2-5UTR-Amplicon-short-trimmed+3,27,t,0.0922
SARS-CoV2-5UTR-Amplicon-short-trimmed+3,28,t,0.0298
SARS-CoV2-5UTR-Amplicon-short-trimmed+3,29,a,0.0897
SARS-CoV2-5UTR-Amplicon-short-trimmed+3,30,a,0.0538
SARS-CoV2-5UTR-Amplicon-short-trimmed+3,31,a,0.0799
SARS-CoV2-5UTR-Amplicon-short-trimmed+3,32,a,0.0323
SARS-CoV2-5UTR-Amplicon-short-trimmed+3,33,t,0.0768
SARS-CoV2-5UTR-Amplicon-short-trimmed+3,34,c,0.0358
SARS-CoV2-5UTR-Amplicon-short-trimmed+3,35,t,0.0791
SARS-CoV2-5UTR-Amplicon-short-trimmed+3,36,g,0.1079
SARS-CoV2-5UTR-Amplicon-short-trimmed+3,37,t,0.0664
SARS-CoV2-5UTR-Amplicon-short-trimmed+3,38,g,0.0352
SARS-CoV2-5UTR-Amplicon-short-trimmed+3,39,t,0.0544
SARS-CoV2-5UTR-Amplicon-short-trimmed+3,40,g,0.0492
SARS-CoV2-5UTR-Amplicon-short-trimmed+3,41,g,0.1334
SARS-CoV2-5UTR-Amplicon-short-trimmed+3,42,c,0.081
SARS-CoV2-5UTR-Amplicon-short-trimmed+3,43,t,0.1207
SARS-CoV2-5UTR-Amplicon-short-trimmed+3,44,g,0.0892
SARS-CoV2-5UTR-Amplicon-short-trimmed+3,45,t,0.1352
SARS-CoV2-5UTR-Amplicon-short-trimmed+3,46,c,0.0391
SARS-CoV2-5UTR-Amplicon-short-trimmed+3,47,a,0.0548
SARS-CoV2-5UTR-Amplicon-short-trimmed+3,48,c,0.0485
SARS-CoV2-5UTR-Amplicon-short-trimmed+3,49,t,0.0519
SARS-CoV2-5UTR-Amplicon-short-trimmed+3,50,c,0.0637
SARS-CoV2-5UTR-Amplicon-short-trimmed+3,51,g,0.0823
SARS-CoV2-5UTR-Amplicon-short-trimmed+3,52,g,0.1948
SARS-CoV2-5UTR-Amplicon-short-trimmed+3,53,c,0.1154
SARS-CoV2-5UTR-Amplicon-short-trimmed+3,54,t,0.0762
SARS-CoV2-5UTR-Amplicon-short-trimmed+3,55,g,0.1573
SARS-CoV2-5UTR-Amplicon-short-trimmed+3,56,c,0.0944
SARS-CoV2-5UTR-Amplicon-short-trimmed+3,57,g,0.1568
SARS-CoV2-5UTR-Amplicon-short-trimmed+3,58,t,0.069
SARS-CoV2-5UTR-Amplicon-short-trimmed+3,59,g,0.1376
SARS-CoV2-5UTR-Amplicon-short-trimmed+3,60,c,0.0733
SARS-CoV2-5UTR-Amplicon-short-trimmed+3,61,t,0.1024
SARS-CoV2-5UTR-Amplicon-short-trimmed+3,62,t,0.0447
SARS-CoV2-5UTR-Amplicon-short-trimmed+3,63,a,0.0492
SARS-CoV2-5UTR-Amplicon-short-trimmed+3,64,g,0.0736
SARS-CoV2-5UTR-Amplicon-short-trimmed+3,65,t,0.046
SARS-CoV2-5UTR-Amplicon-short-trimmed+3,66,g,0.1299
SARS-CoV2-5UTR-Amplicon-short-trimmed+3,67,c,0.1389
SARS-CoV2-5UTR-Amplicon-short-trimmed+3,68,a,0.0646
SARS-CoV2-5UTR-Amplicon-short-trimmed+3,69,c,0.0706
SARS-CoV2-5UTR-Amplicon-short-trimmed+3,70,t,0.0564
SARS-CoV2-5UTR-Amplicon-short-trimmed+3,71,c,0.0409
SARS-CoV2-5UTR-Amplicon-short-trimmed+3,72,a,0.0638
SARS-CoV2-5UTR-Amplicon-short-trimmed+3,73,c,0.0607
SARS-CoV2-5UTR-Amplicon-short-trimmed+3,74,g,0.1339
SARS-CoV2-5UTR-Amplicon-short-trimmed+3,75,c,0.0354
SARS-CoV2-5UTR-Amplicon-short-trimmed+3,76,a,0.0932
SARS-CoV2-5UTR-Amplicon-short-trimmed+3,77,g,0.0864
SARS-CoV2-5UTR-Amplicon-short-trimmed+3,78,t,0.0436
SARS-CoV2-5UTR-Amplicon-short-trimmed+3,79,a,0.0389
SARS-CoV2-5UTR-Amplicon-short-trimmed+3,80,t,0.0279
SARS-CoV2-5UTR-Amplicon-short-trimmed+3,81,a,0.0391
SARS-CoV2-5UTR-Amplicon-short-trimmed+3,82,a,0.0646
SARS-CoV2-5UTR-Amplicon-short-trimmed+3,83,t,0.0369
SARS-CoV2-5UTR-Amplicon-short-trimmed+3,84,t,0.0682
SARS-CoV2-5UTR-Amplicon-short-trimmed+3,85,a,0.0814
SARS-CoV2-5UTR-Amplicon-short-trimmed+3,86,a,0.0576
SARS-CoV2-5UTR-Amplicon-short-trimmed+3,87,t,0.0363
SARS-CoV2-5UTR-Amplicon-short-trimmed+3,88,a,0.0538
SARS-CoV2-5UTR-Amplicon-short-trimmed+3,89,a,0.067
SARS-CoV2-5UTR-Amplicon-short-trimmed+3,90,c,0.3142
SARS-CoV2-5UTR-Amplicon-short-trimmed+3,91,t,0.0962
SARS-CoV2-5UTR-Amplicon-short-trimmed+3,92,a,0.05
SARS-CoV2-5UTR-Amplicon-short-trimmed+3,93,a,0.0503
SARS-CoV2-5UTR-Amplicon-short-trimmed+3,94,t,0.0541
SARS-CoV2-5UTR-Amplicon-short-trimmed+3,95,t,0.0446
SARS-CoV2-5UTR-Amplicon-short-trimmed+3,96,a,0.0463
SARS-CoV2-5UTR-Amplicon-short-trimmed+3,97,c,0.0528
SARS-CoV2-5UTR-Amplicon-short-trimmed+3,98,t,0.2977
SARS-CoV2-5UTR-Amplicon-short-trimmed+3,99,g,0.0959
SARS-CoV2-5UTR-Amplicon-short-trimmed+3,100,t,0.1022
SARS-CoV2-5UTR-Amplicon-short-trimmed+3,101,c,0.0599
SARS-CoV2-5UTR-Amplicon-short-trimmed+3,102,g,0.1021
SARS-CoV2-5UTR-Amplicon-short-trimmed+3,103,t,0.074
SARS-CoV2-5UTR-Amplicon-short-trimmed+3,104,t,0.1114
SARS-CoV2-5UTR-Amplicon-short-trimmed+3,105,g,0.0782
SARS-CoV2-5UTR-Amplicon-short-trimmed+3,106,a,0.064
SARS-CoV2-5UTR-Amplicon-short-trimmed+3,107,c,0.0941
SARS-CoV2-5UTR-Amplicon-short-trimmed+3,108,a,0.1061
SARS-CoV2-5UTR-Amplicon-short-trimmed+3,109,g,0.1125
SARS-CoV2-5UTR-Amplicon-short-trimmed+3,110,g,0.1028
SARS-CoV2-5UTR-Amplicon-short-trimmed+3,111,a,0.0534
SARS-CoV2-5UTR-Amplicon-short-trimmed+3,112,c,0.0907
SARS-CoV2-5UTR-Amplicon-short-trimmed+3,113,a,0.0695
SARS-CoV2-5UTR-Amplicon-short-trimmed+3,114,c,0.0964
SARS-CoV2-5UTR-Amplicon-short-trimmed+3,115,g,0.0512
SARS-CoV2-5UTR-Amplicon-short-trimmed+3,116,a,0.0742
SARS-CoV2-5UTR-Amplicon-short-trimmed+3,117,g,0.0629
SARS-CoV2-5UTR-Amplicon-short-trimmed+3,118,t,0.1566
SARS-CoV2-5UTR-Amplicon-short-trimmed+3,119,a,0.1609
SARS-CoV2-5UTR-Amplicon-short-trimmed+3,120,a,0.1175
SARS-CoV2-5UTR-Amplicon-short-trimmed+3,121,c,0.1952
SARS-CoV2-5UTR-Amplicon-short-trimmed+3,122,t,0.2171
SARS-CoV2-5UTR-Amplicon-short-trimmed+3,123,c,0.2184
SARS-CoV2-5UTR-Amplicon-short-trimmed+3,124,g,0.1895
SARS-CoV2-5UTR-Amplicon-short-trimmed+3,125,t,0.3274
SARS-CoV2-5UTR-Amplicon-short-trimmed+3,126,c,0.1298
SARS-CoV2-5UTR-Amplicon-short-trimmed+3,127,t,0.0958
SARS-CoV2-5UTR-Amplicon-short-trimmed+3,128,a,0.136
SARS-CoV2-5UTR-Amplicon-short-trimmed+3,129,t,0.5568
SARS-CoV2-5UTR-Amplicon-short-trimmed+3,130,c,0.0772
SARS-CoV2-5UTR-Amplicon-short-trimmed+3,131,t,0.1308
SARS-CoV2-5UTR-Amplicon-short-trimmed+3,132,t,0.2735
SARS-CoV2-5UTR-Amplicon-short-trimmed+3,133,c,0.2861
SARS-CoV2-5UTR-Amplicon-short-trimmed+3,134,t,0.2291
SARS-CoV2-5UTR-Amplicon-short-trimmed+3,135,g,0.1867
SARS-CoV2-5UTR-Amplicon-short-trimmed+3,136,c,0.4815
SARS-CoV2-5UTR-Amplicon-short-trimmed+3,137,a,0.3091
SARS-CoV2-5UTR-Amplicon-short-trimmed+3,138,g,0.1488
SARS-CoV2-5UTR-Amplicon-short-trimmed+3,139,g,0.3422
SARS-CoV2-5UTR-Amplicon-short-trimmed+3,140,c,0.1733
SARS-CoV2-5UTR-Amplicon-short-trimmed+3,141,t,0.368
SARS-CoV2-5UTR-Amplicon-short-trimmed+3,142,g,0.513
SARS-CoV2-5UTR-Amplicon-short-trimmed+3,143,c,0.1655
SARS-CoV2-5UTR-Amplicon-short-trimmed+3,144,t,0.1691
SARS-CoV2-5UTR-Amplicon-short-trimmed+3,145,t,0.198
SARS-CoV2-5UTR-Amplicon-short-trimmed+3,146,a,0.2481
SARS-CoV2-5UTR-Amplicon-short-trimmed+3,147,c,0.2208
SARS-CoV2-5UTR-Amplicon-short-trimmed+3,148,g,0.4314
SARS-CoV2-5UTR-Amplicon-short-trimmed+3,149,g,0.2383
SARS-CoV2-5UTR-Amplicon-short-trimmed+3,150,t,0.2407
SARS-CoV2-5UTR-Amplicon-short-trimmed+3,151,t,0.2108
SARS-CoV2-5UTR-Amplicon-short-trimmed+3,152,t,0.304
SARS-CoV2-5UTR-Amplicon-short-trimmed+3,153,c,0.2964
SARS-CoV2-5UTR-Amplicon-short-trimmed+3,154,g,0.1528
SARS-CoV2-5UTR-Amplicon-short-trimmed+3,155,t,0.4092
SARS-CoV2-5UTR-Amplicon-short-trimmed+3,156,c,0.2684
SARS-CoV2-5UTR-Amplicon-short-trimmed+3,157,c,0.2723
SARS-CoV2-5UTR-Amplicon-short-trimmed+3,158,g,0.1741
SARS-CoV2-5UTR-Amplicon-short-trimmed+3,159,t,1.4778
SARS-CoV2-5UTR-Amplicon-short-trimmed+3,160,g,0.1514
SARS-CoV2-5UTR-Amplicon-short-trimmed+3,161,t,0.191
SARS-CoV2-5UTR-Amplicon-short-trimmed+3,162,t,0.2475
SARS-CoV2-5UTR-Amplicon-short-trimmed+3,163,g,0.2064
SARS-CoV2-5UTR-Amplicon-short-trimmed+3,164,c,0.3918
SARS-CoV2-5UTR-Amplicon-short-trimmed+3,165,a,0.7093
SARS-CoV2-5UTR-Amplicon-short-trimmed+3,166,g,0.9875
SARS-CoV2-5UTR-Amplicon-short-trimmed+3,167,c,0.292
SARS-CoV2-5UTR-Amplicon-short-trimmed+3,168,c,0.5948
SARS-CoV2-5UTR-Amplicon-short-trimmed+3,169,g,0.1126
SARS-CoV2-5UTR-Amplicon-short-trimmed+3,170,a,0.139
SARS-CoV2-5UTR-Amplicon-short-trimmed+3,171,t,0.1271
SARS-CoV2-5UTR-Amplicon-short-trimmed+3,172,c,0.189
SARS-CoV2-5UTR-Amplicon-short-trimmed+3,173,a,0.0644
SARS-CoV2-5UTR-Amplicon-short-trimmed+3,174,t,0.0953
SARS-CoV2-5UTR-Amplicon-short-trimmed+3,175,c,0.2355
SARS-CoV2-5UTR-Amplicon-short-trimmed+3,176,a,0.1425
SARS-CoV2-5UTR-Amplicon-short-trimmed+3,177,g,0.132
SARS-CoV2-5UTR-Amplicon-short-trimmed+3,178,c,0.6349
SARS-CoV2-5UTR-Amplicon-short-trimmed+3,179,a,0.1343
SARS-CoV2-5UTR-Amplicon-short-trimmed+3,180,c,0.0905
SARS-CoV2-5UTR-Amplicon-short-trimmed+3,181,a,0.1131
SARS-CoV2-5UTR-Amplicon-short-trimmed+3,182,t,0.1585
SARS-CoV2-5UTR-Amplicon-short-trimmed+3,183,c,0.0881
SARS-CoV2-5UTR-Amplicon-short-trimmed+3,184,t,0.1123
SARS-CoV2-5UTR-Amplicon-short-trimmed+3,185,a,0.2031
SARS-CoV2-5UTR-Amplicon-short-trimmed+3,186,g,0.0942
SARS-CoV2-5UTR-Amplicon-short-trimmed+3,187,g,0.1264
SARS-CoV2-5UTR-Amplicon-short-trimmed+3,188,t,0.159
SARS-CoV2-5UTR-Amplicon-short-trimmed+3,189,t,0.3156
SARS-CoV2-5UTR-Amplicon-short-trimmed+3,190,t,0.4052
SARS-CoV2-5UTR-Amplicon-short-trimmed+3,191,c,0.1562
SARS-CoV2-5UTR-Amplicon-short-trimmed+3,192,g,0.0958
SARS-CoV2-5UTR-Amplicon-short-trimmed+3,193,t,1.1982
SARS-CoV2-5UTR-Amplicon-short-trimmed+3,194,c,0.123
SARS-CoV2-5UTR-Amplicon-short-trimmed+3,195,c,0.1748
SARS-CoV2-5UTR-Amplicon-short-trimmed+3,196,g,0.3542
SARS-CoV2-5UTR-Amplicon-short-trimmed+3,197,g,0.1492
SARS-CoV2-5UTR-Amplicon-short-trimmed+3,198,g,0.4746
SARS-CoV2-5UTR-Amplicon-short-trimmed+3,199,t,0.2704
SARS-CoV2-5UTR-Amplicon-short-trimmed+3,200,g,0.0979
SARS-CoV2-5UTR-Amplicon-short-trimmed+3,201,t,0.1415
SARS-CoV2-5UTR-Amplicon-short-trimmed+3,202,g,0.1091
SARS-CoV2-5UTR-Amplicon-short-trimmed+3,203,a,0.3381
SARS-CoV2-5UTR-Amplicon-short-trimmed+3,204,c,0.1125
SARS-CoV2-5UTR-Amplicon-short-trimmed+3,205,c,0.1053
SARS-CoV2-5UTR-Amplicon-short-trimmed+3,206,g,0.1035
SARS-CoV2-5UTR-Amplicon-short-trimmed+3,207,a,0.1296
SARS-CoV2-5UTR-Amplicon-short-trimmed+3,208,a,0.0674
SARS-CoV2-5UTR-Amplicon-short-trimmed+3,209,a,0.1674
SARS-CoV2-5UTR-Amplicon-short-trimmed+3,210,g,0.1597
SARS-CoV2-5UTR-Amplicon-short-trimmed+3,211,g,0.1313
SARS-CoV2-5UTR-Amplicon-short-trimmed+3,212,t,0.1465
SARS-CoV2-5UTR-Amplicon-short-trimmed+3,213,a,0.0635
SARS-CoV2-5UTR-Amplicon-short-trimmed+3,214,a,0.074
SARS-CoV2-5UTR-Amplicon-short-trimmed+3,215,g,0.0838
SARS-CoV2-5UTR-Amplicon-short-trimmed+3,216,a,0.0551
SARS-CoV2-5UTR-Amplicon-short-trimmed+3,217,t,0.1359
SARS-CoV2-5UTR-Amplicon-short-trimmed+3,218,g,0.0683
SARS-CoV2-5UTR-Amplicon-short-trimmed+3,219,g,0.084
SARS-CoV2-5UTR-Amplicon-short-trimmed+3,220,a,0.2405
SARS-CoV2-5UTR-Amplicon-short-trimmed+3,221,g,0.1567
SARS-CoV2-5UTR-Amplicon-short-trimmed+3,222,a,0.078
SARS-CoV2-5UTR-Amplicon-short-trimmed+3,223,g,0.2283
SARS-CoV2-5UTR-Amplicon-short-trimmed+3,224,c,0.0772
SARS-CoV2-5UTR-Amplicon-short-trimmed+3,225,c,0.0794
SARS-CoV2-5UTR-Amplicon-short-trimmed+3,226,t,0.0603
SARS-CoV2-5UTR-Amplicon-short-trimmed+3,227,t,0.3305
SARS-CoV2-5UTR-Amplicon-short-trimmed+3,228,g,0.0577
SARS-CoV2-5UTR-Amplicon-short-trimmed+3,229,t,0.1642
SARS-CoV2-5UTR-Amplicon-short-trimmed+3,230,c,0.0725
SARS-CoV2-5UTR-Amplicon-short-trimmed+3,231,c,0.0674
SARS-CoV2-5UTR-Amplicon-short-trimmed+3,232,c,0.0936
SARS-CoV2-5UTR-Amplicon-short-trimmed+3,233,t,0.1741
SARS-CoV2-5UTR-Amplicon-short-trimmed+3,234,g,0.098
SARS-CoV2-5UTR-Amplicon-short-trimmed+3,235,g,0.1925
SARS-CoV2-5UTR-Amplicon-short-trimmed+3,236,t,0.0794
SARS-CoV2-5UTR-Amplicon-short-trimmed+3,237,t,0.0711
SARS-CoV2-5UTR-Amplicon-short-trimmed+3,238,t,0.1411
SARS-CoV2-5UTR-Amplicon-short-trimmed+3,239,c,0.6189
SARS-CoV2-5UTR-Amplicon-short-trimmed+3,240,a,0.0958
SARS-CoV2-5UTR-Amplicon-short-trimmed+3,241,a,0.0728
SARS-CoV2-5UTR-Amplicon-short-trimmed+3,242,c,0.0872
SARS-CoV2-5UTR-Amplicon-short-trimmed+3,243,g,0.0332
SARS-CoV2-5UTR-Amplicon-short-trimmed+3,244,a,0.2122
SARS-CoV2-5UTR-Amplicon-short-trimmed+3,245,g,0
SARS-CoV2-5UTR-Amplicon-short-trimmed+3,246,g,0
SARS-CoV2-5UTR-Amplicon-short-trimmed+3,247,G,1e-04
SARS-CoV2-5UTR-Amplicon-short-trimmed+3,248,A,0
SARS-CoV2-5UTR-Amplicon-short-trimmed+3,249,G,0
