Region,Position,Ref_base,Mut_percentage
SARS-CoV2-5UTR-Amplicon-short-trimmed+3,1,T,0
SARS-CoV2-5UTR-Amplicon-short-trimmed+3,2,T,0
SARS-CoV2-5UTR-Amplicon-short-trimmed+3,3,G,0
SARS-CoV2-5UTR-Amplicon-short-trimmed+3,4,t,0
SARS-CoV2-5UTR-Amplicon-short-trimmed+3,5,a,0
SARS-CoV2-5UTR-Amplicon-short-trimmed+3,6,g,0.1009
SARS-CoV2-5UTR-Amplicon-short-trimmed+3,7,a,0.0203
SARS-CoV2-5UTR-Amplicon-short-trimmed+3,8,t,0.1001
SARS-CoV2-5UTR-Amplicon-short-trimmed+3,9,c,0.0714
SARS-CoV2-5UTR-Amplicon-short-trimmed+3,10,t,0.0386
SARS-CoV2-5UTR-Amplicon-short-trimmed+3,11,g,0.3472
SARS-CoV2-5UTR-Amplicon-short-trimmed+3,12,t,0.0932
SARS-CoV2-5UTR-Amplicon-short-trimmed+3,13,t,0.0859
SARS-CoV2-5UTR-Amplicon-short-trimmed+3,14,c,0.0695
SARS-CoV2-5UTR-Amplicon-short-trimmed+3,15,t,0.1571
SARS-CoV2-5UTR-Amplicon-short-trimmed+3,16,c,0.1178
SARS-CoV2-5UTR-Amplicon-short-trimmed+3,17,t,0.051
SARS-CoV2-5UTR-Amplicon-short-trimmed+3,18,a,0.0871
SARS-CoV2-5UTR-Amplicon-short-trimmed+3,19,a,0.0196
SARS-CoV2-5UTR-Amplicon-short-trimmed+3,20,a,0.0264
SARS-CoV2-5UTR-Amplicon-short-trimmed+3,21,c,0.0344
SARS-CoV2-5UTR-Amplicon-short-trimmed+3,22,g,0.07
SARS-CoV2-5UTR-Amplicon-short-trimmed+3,23,a,0.0195
SARS-CoV2-5UTR-Amplicon-short-trimmed+3,24,a,0.044
SARS-CoV2-5UTR-Amplicon-short-trimmed+3,25,c,2.56
SARS-CoV2-5UTR-Amplicon-short-trimmed+3,26,t,0.2467
SARS-CoV2-5UTR-Amplicon-short-trimmed+3,27,t,0.193
SARS-CoV2-5UTR-Amplicon-short-trimmed+3,28,t,0.0352
SARS-CoV2-5UTR-Amplicon-short-trimmed+3,29,a,0.0678
SARS-CoV2-5UTR-Amplicon-short-trimmed+3,30,a,0.0428
SARS-CoV2-5UTR-Amplicon-short-trimmed+3,31,a,0.0707
SARS-CoV2-5UTR-Amplicon-short-trimmed+3,32,a,0.0327
SARS-CoV2-5UTR-Amplicon-short-trimmed+3,33,t,0.0881
SARS-CoV2-5UTR-Amplicon-short-trimmed+3,34,c,0.0493
SARS-CoV2-5UTR-Amplicon-short-trimmed+3,35,t,0.0854
SARS-CoV2-5UTR-Amplicon-short-trimmed+3,36,g,0.1145
SARS-CoV2-5UTR-Amplicon-short-trimmed+3,37,t,0.072
SARS-CoV2-5UTR-Amplicon-short-trimmed+3,38,g,0.0497
SARS-CoV2-5UTR-Amplicon-short-trimmed+3,39,t,0.0705
SARS-CoV2-5UTR-Amplicon-short-trimmed+3,40,g,0.071
SARS-CoV2-5UTR-Amplicon-short-trimmed+3,41,g,0.1976
SARS-CoV2-5UTR-Amplicon-short-trimmed+3,42,c,0.0913
SARS-CoV2-5UTR-Amplicon-short-trimmed+3,43,t,0.206
SARS-CoV2-5UTR-Amplicon-short-trimmed+3,44,g,0.1464
SARS-CoV2-5UTR-Amplicon-short-trimmed+3,45,t,0.1373
SARS-CoV2-5UTR-Amplicon-short-trimmed+3,46,c,0.0616
SARS-CoV2-5UTR-Amplicon-short-trimmed+3,47,a,0.0514
SARS-CoV2-5UTR-Amplicon-short-trimmed+3,48,c,0.0452
SARS-CoV2-5UTR-Amplicon-short-trimmed+3,49,t,0.0702
SARS-CoV2-5UTR-Amplicon-short-trimmed+3,50,c,0.0596
SARS-CoV2-5UTR-Amplicon-short-trimmed+3,51,g,0.1324
SARS-CoV2-5UTR-Amplicon-short-trimmed+3,52,g,0.259
SARS-CoV2-5UTR-Amplicon-short-trimmed+3,53,c,0.2174
SARS-CoV2-5UTR-Amplicon-short-trimmed+3,54,t,0.0875
SARS-CoV2-5UTR-Amplicon-short-trimmed+3,55,g,0.3052
SARS-CoV2-5UTR-Amplicon-short-trimmed+3,56,c,0.1183
SARS-CoV2-5UTR-Amplicon-short-trimmed+3,57,g,0.3226
SARS-CoV2-5UTR-Amplicon-short-trimmed+3,58,t,0.0799
SARS-CoV2-5UTR-Amplicon-short-trimmed+3,59,g,0.193
SARS-CoV2-5UTR-Amplicon-short-trimmed+3,60,c,0.0833
SARS-CoV2-5UTR-Amplicon-short-trimmed+3,61,t,0.1089
SARS-CoV2-5UTR-Amplicon-short-trimmed+3,62,t,0.0554
SARS-CoV2-5UTR-Amplicon-short-trimmed+3,63,a,0.0425
SARS-CoV2-5UTR-Amplicon-short-trimmed+3,64,g,0.0636
SARS-CoV2-5UTR-Amplicon-short-trimmed+3,65,t,0.0443
SARS-CoV2-5UTR-Amplicon-short-trimmed+3,66,g,0.1376
SARS-CoV2-5UTR-Amplicon-short-trimmed+3,67,c,0.1754
SARS-CoV2-5UTR-Amplicon-short-trimmed+3,68,a,0.0581
SARS-CoV2-5UTR-Amplicon-short-trimmed+3,69,c,0.0861
SARS-CoV2-5UTR-Amplicon-short-trimmed+3,70,t,0.0685
SARS-CoV2-5UTR-Amplicon-short-trimmed+3,71,c,0.0646
SARS-CoV2-5UTR-Amplicon-short-trimmed+3,72,a,0.0574
SARS-CoV2-5UTR-Amplicon-short-trimmed+3,73,c,0.0616
SARS-CoV2-5UTR-Amplicon-short-trimmed+3,74,g,0.1648
SARS-CoV2-5UTR-Amplicon-short-trimmed+3,75,c,0.0399
SARS-CoV2-5UTR-Amplicon-short-trimmed+3,76,a,0.0784
SARS-CoV2-5UTR-Amplicon-short-trimmed+3,77,g,0.115
SARS-CoV2-5UTR-Amplicon-short-trimmed+3,78,t,0.0436
SARS-CoV2-5UTR-Amplicon-short-trimmed+3,79,a,0.0331
SARS-CoV2-5UTR-Amplicon-short-trimmed+3,80,t,0.0347
SARS-CoV2-5UTR-Amplicon-short-trimmed+3,81,a,0.0322
SARS-CoV2-5UTR-Amplicon-short-trimmed+3,82,a,0.0762
SARS-CoV2-5UTR-Amplicon-short-trimmed+3,83,t,0.0373
SARS-CoV2-5UTR-Amplicon-short-trimmed+3,84,t,0.0744
SARS-CoV2-5UTR-Amplicon-short-trimmed+3,85,a,0.0712
SARS-CoV2-5UTR-Amplicon-short-trimmed+3,86,a,0.0623
SARS-CoV2-5UTR-Amplicon-short-trimmed+3,87,t,0.0351
SARS-CoV2-5UTR-Amplicon-short-trimmed+3,88,a,0.0505
SARS-CoV2-5UTR-Amplicon-short-trimmed+3,89,a,0.066
SARS-CoV2-5UTR-Amplicon-short-trimmed+3,90,c,0.3305
SARS-CoV2-5UTR-Amplicon-short-trimmed+3,91,t,0.0952
SARS-CoV2-5UTR-Amplicon-short-trimmed+3,92,a,0.0416
SARS-CoV2-5UTR-Amplicon-short-trimmed+3,93,a,0.0467
SARS-CoV2-5UTR-Amplicon-short-trimmed+3,94,t,0.0398
SARS-CoV2-5UTR-Amplicon-short-trimmed+3,95,t,0.0398
SARS-CoV2-5UTR-Amplicon-short-trimmed+3,96,a,0.0455
SARS-CoV2-5UTR-Amplicon-short-trimmed+3,97,c,0.0488
SARS-CoV2-5UTR-Amplicon-short-trimmed+3,98,t,0.2922
SARS-CoV2-5UTR-Amplicon-short-trimmed+3,99,g,0.115
SARS-CoV2-5UTR-Amplicon-short-trimmed+3,100,t,0.0928
SARS-CoV2-5UTR-Amplicon-short-trimmed+3,101,c,0.0561
SARS-CoV2-5UTR-Amplicon-short-trimmed+3,102,g,0.1247
SARS-CoV2-5UTR-Amplicon-short-trimmed+3,103,t,0.0695
SARS-CoV2-5UTR-Amplicon-short-trimmed+3,104,t,0.114
SARS-CoV2-5UTR-Amplicon-short-trimmed+3,105,g,0.1089
SARS-CoV2-5UTR-Amplicon-short-trimmed+3,106,a,0.0472
SARS-CoV2-5UTR-Amplicon-short-trimmed+3,107,c,0.0933
SARS-CoV2-5UTR-Amplicon-short-trimmed+3,108,a,0.0945
SARS-CoV2-5UTR-Amplicon-short-trimmed+3,109,g,0.143
SARS-CoV2-5UTR-Amplicon-short-trimmed+3,110,g,0.124
SARS-CoV2-5UTR-Amplicon-short-trimmed+3,111,a,0.0443
SARS-CoV2-5UTR-Amplicon-short-trimmed+3,112,c,0.0942
SARS-CoV2-5UTR-Amplicon-short-trimmed+3,113,a,0.0546
SARS-CoV2-5UTR-Amplicon-short-trimmed+3,114,c,0.1166
SARS-CoV2-5UTR-Amplicon-short-trimmed+3,115,g,0.0744
SARS-CoV2-5UTR-Amplicon-short-trimmed+3,116,a,0.0644
SARS-CoV2-5UTR-Amplicon-short-trimmed+3,117,g,0.0586
SARS-CoV2-5UTR-Amplicon-short-trimmed+3,118,t,0.1374
SARS-CoV2-5UTR-Amplicon-short-trimmed+3,119,a,0.1192
SARS-CoV2-5UTR-Amplicon-short-trimmed+3,120,a,0.0935
SARS-CoV2-5UTR-Amplicon-short-trimmed+3,121,c,0.1691
SARS-CoV2-5UTR-Amplicon-short-trimmed+3,122,t,0.1611
SARS-CoV2-5UTR-Amplicon-short-trimmed+3,123,c,0.1905
SARS-CoV2-5UTR-Amplicon-short-trimmed+3,124,g,0.1886
SARS-CoV2-5UTR-Amplicon-short-trimmed+3,125,t,0.2986
SARS-CoV2-5UTR-Amplicon-short-trimmed+3,126,c,0.1226
SARS-CoV2-5UTR-Amplicon-short-trimmed+3,127,t,0.0716
SARS-CoV2-5UTR-Amplicon-short-trimmed+3,128,a,0.1084
SARS-CoV2-5UTR-Amplicon-short-trimmed+3,129,t,0.4058
SARS-CoV2-5UTR-Amplicon-short-trimmed+3,130,c,0.0758
SARS-CoV2-5UTR-Amplicon-short-trimmed+3,131,t,0.0943
SARS-CoV2-5UTR-Amplicon-short-trimmed+3,132,t,0.162
SARS-CoV2-5UTR-Amplicon-short-trimmed+3,133,c,0.2211
SARS-CoV2-5UTR-Amplicon-short-trimmed+3,134,t,0.1584
SARS-CoV2-5UTR-Amplicon-short-trimmed+3,135,g,0.1418
SARS-CoV2-5UTR-Amplicon-short-trimmed+3,136,c,0.416
SARS-CoV2-5UTR-Amplicon-short-trimmed+3,137,a,0.2171
SARS-CoV2-5UTR-Amplicon-short-trimmed+3,138,g,0.1077
SARS-CoV2-5UTR-Amplicon-short-trimmed+3,139,g,0.2635
SARS-CoV2-5UTR-Amplicon-short-trimmed+3,140,c,0.1275
SARS-CoV2-5UTR-Amplicon-short-trimmed+3,141,t,0.259
SARS-CoV2-5UTR-Amplicon-short-trimmed+3,142,g,0.382
SARS-CoV2-5UTR-Amplicon-short-trimmed+3,143,c,0.1167
SARS-CoV2-5UTR-Amplicon-short-trimmed+3,144,t,0.1132
SARS-CoV2-5UTR-Amplicon-short-trimmed+3,145,t,0.1326
SARS-CoV2-5UTR-Amplicon-short-trimmed+3,146,a,0.1688
SARS-CoV2-5UTR-Amplicon-short-trimmed+3,147,c,0.173
SARS-CoV2-5UTR-Amplicon-short-trimmed+3,148,g,0.37
SARS-CoV2-5UTR-Amplicon-short-trimmed+3,149,g,0.1643
SARS-CoV2-5UTR-Amplicon-short-trimmed+3,150,t,0.1631
SARS-CoV2-5UTR-Amplicon-short-trimmed+3,151,t,0.1334
SARS-CoV2-5UTR-Amplicon-short-trimmed+3,152,t,0.1801
SARS-CoV2-5UTR-Amplicon-short-trimmed+3,153,c,0.2161
SARS-CoV2-5UTR-Amplicon-short-trimmed+3,154,g,0.0962
SARS-CoV2-5UTR-Amplicon-short-trimmed+3,155,t,0.3214
SARS-CoV2-5UTR-Amplicon-short-trimmed+3,156,c,0.233
SARS-CoV2-5UTR-Amplicon-short-trimmed+3,157,c,0.2145
SARS-CoV2-5UTR-Amplicon-short-trimmed+3,158,g,0.1191
SARS-CoV2-5UTR-Amplicon-short-trimmed+3,159,t,1.1023
SARS-CoV2-5UTR-Amplicon-short-trimmed+3,160,g,0.1129
SARS-CoV2-5UTR-Amplicon-short-trimmed+3,161,t,0.1478
SARS-CoV2-5UTR-Amplicon-short-trimmed+3,162,t,0.1749
SARS-CoV2-5UTR-Amplicon-short-trimmed+3,163,g,0.1346
SARS-CoV2-5UTR-Amplicon-short-trimmed+3,164,c,0.2963
SARS-CoV2-5UTR-Amplicon-short-trimmed+3,165,a,0.4161
SARS-CoV2-5UTR-Amplicon-short-trimmed+3,166,g,0.655
SARS-CoV2-5UTR-Amplicon-short-trimmed+3,167,c,0.327
SARS-CoV2-5UTR-Amplicon-short-trimmed+3,168,c,0.6066
SARS-CoV2-5UTR-Amplicon-short-trimmed+3,169,g,0.123
SARS-CoV2-5UTR-Amplicon-short-trimmed+3,170,a,0.1171
SARS-CoV2-5UTR-Amplicon-short-trimmed+3,171,t,0.1053
SARS-CoV2-5UTR-Amplicon-short-trimmed+3,172,c,0.1804
SARS-CoV2-5UTR-Amplicon-short-trimmed+3,173,a,0.0534
SARS-CoV2-5UTR-Amplicon-short-trimmed+3,174,t,0.0835
SARS-CoV2-5UTR-Amplicon-short-trimmed+3,175,c,0.2181
SARS-CoV2-5UTR-Amplicon-short-trimmed+3,176,a,0.1358
SARS-CoV2-5UTR-Amplicon-short-trimmed+3,177,g,0.1464
SARS-CoV2-5UTR-Amplicon-short-trimmed+3,178,c,0.6086
SARS-CoV2-5UTR-Amplicon-short-trimmed+3,179,a,0.0921
SARS-CoV2-5UTR-Amplicon-short-trimmed+3,180,c,0.0948
SARS-CoV2-5UTR-Amplicon-short-trimmed+3,181,a,0.0775
SARS-CoV2-5UTR-Amplicon-short-trimmed+3,182,t,0.139
SARS-CoV2-5UTR-Amplicon-short-trimmed+3,183,c,0.0763
SARS-CoV2-5UTR-Amplicon-short-trimmed+3,184,t,0.1098
SARS-CoV2-5UTR-Amplicon-short-trimmed+3,185,a,0.1839
SARS-CoV2-5UTR-Amplicon-short-trimmed+3,186,g,0.1011
SARS-CoV2-5UTR-Amplicon-short-trimmed+3,187,g,0.098
SARS-CoV2-5UTR-Amplicon-short-trimmed+3,188,t,0.1381
SARS-CoV2-5UTR-Amplicon-short-trimmed+3,189,t,0.2857
SARS-CoV2-5UTR-Amplicon-short-trimmed+3,190,t,0.301
SARS-CoV2-5UTR-Amplicon-short-trimmed+3,191,c,0.1474
SARS-CoV2-5UTR-Amplicon-short-trimmed+3,192,g,0.083
SARS-CoV2-5UTR-Amplicon-short-trimmed+3,193,t,0.9524
SARS-CoV2-5UTR-Amplicon-short-trimmed+3,194,c,0.1455
SARS-CoV2-5UTR-Amplicon-short-trimmed+3,195,c,0.1826
SARS-CoV2-5UTR-Amplicon-short-trimmed+3,196,g,0.3478
SARS-CoV2-5UTR-Amplicon-short-trimmed+3,197,g,0.1757
SARS-CoV2-5UTR-Amplicon-short-trimmed+3,198,g,0.5032
SARS-CoV2-5UTR-Amplicon-short-trimmed+3,199,t,0.224
SARS-CoV2-5UTR-Amplicon-short-trimmed+3,200,g,0.0824
SARS-CoV2-5UTR-Amplicon-short-trimmed+3,201,t,0.126
SARS-CoV2-5UTR-Amplicon-short-trimmed+3,202,g,0.1349
SARS-CoV2-5UTR-Amplicon-short-trimmed+3,203,a,0.3022
SARS-CoV2-5UTR-Amplicon-short-trimmed+3,204,c,0.1105
SARS-CoV2-5UTR-Amplicon-short-trimmed+3,205,c,0.0916
SARS-CoV2-5UTR-Amplicon-short-trimmed+3,206,g,0.0964
SARS-CoV2-5UTR-Amplicon-short-trimmed+3,207,a,0.1073
SARS-CoV2-5UTR-Amplicon-short-trimmed+3,208,a,0.0622
SARS-CoV2-5UTR-Amplicon-short-trimmed+3,209,a,0.1565
SARS-CoV2-5UTR-Amplicon-short-trimmed+3,210,g,0.143
SARS-CoV2-5UTR-Amplicon-short-trimmed+3,211,g,0.1706
SARS-CoV2-5UTR-Amplicon-short-trimmed+3,212,t,0.1245
SARS-CoV2-5UTR-Amplicon-short-trimmed+3,213,a,0.0679
SARS-CoV2-5UTR-Amplicon-short-trimmed+3,214,a,0.0797
SARS-CoV2-5UTR-Amplicon-short-trimmed+3,215,g,0.0768
SARS-CoV2-5UTR-Amplicon-short-trimmed+3,216,a,0.0499
SARS-CoV2-5UTR-Amplicon-short-trimmed+3,217,t,0.1243
SARS-CoV2-5UTR-Amplicon-short-trimmed+3,218,g,0.0783
SARS-CoV2-5UTR-Amplicon-short-trimmed+3,219,g,0.0871
SARS-CoV2-5UTR-Amplicon-short-trimmed+3,220,a,0.2614
SARS-CoV2-5UTR-Amplicon-short-trimmed+3,221,g,0.1924
SARS-CoV2-5UTR-Amplicon-short-trimmed+3,222,a,0.0866
SARS-CoV2-5UTR-Amplicon-short-trimmed+3,223,g,0.1912
SARS-CoV2-5UTR-Amplicon-short-trimmed+3,224,c,0.1041
SARS-CoV2-5UTR-Amplicon-short-trimmed+3,225,c,0.0711
SARS-CoV2-5UTR-Amplicon-short-trimmed+3,226,t,0.0586
SARS-CoV2-5UTR-Amplicon-short-trimmed+3,227,t,0.2946
SARS-CoV2-5UTR-Amplicon-short-trimmed+3,228,g,0.0588
SARS-CoV2-5UTR-Amplicon-short-trimmed+3,229,t,0.1464
SARS-CoV2-5UTR-Amplicon-short-trimmed+3,230,c,0.0889
SARS-CoV2-5UTR-Amplicon-short-trimmed+3,231,c,0.0681
SARS-CoV2-5UTR-Amplicon-short-trimmed+3,232,c,0.1178
SARS-CoV2-5UTR-Amplicon-short-trimmed+3,233,t,0.1816
SARS-CoV2-5UTR-Amplicon-short-trimmed+3,234,g,0.0836
SARS-CoV2-5UTR-Amplicon-short-trimmed+3,235,g,0.1628
SARS-CoV2-5UTR-Amplicon-short-trimmed+3,236,t,0.0826
SARS-CoV2-5UTR-Amplicon-short-trimmed+3,237,t,0.0586
SARS-CoV2-5UTR-Amplicon-short-trimmed+3,238,t,0.1127
SARS-CoV2-5UTR-Amplicon-short-trimmed+3,239,c,0.6364
SARS-CoV2-5UTR-Amplicon-short-trimmed+3,240,a,0.089
SARS-CoV2-5UTR-Amplicon-short-trimmed+3,241,a,0.0723
SARS-CoV2-5UTR-Amplicon-short-trimmed+3,242,c,0.0961
SARS-CoV2-5UTR-Amplicon-short-trimmed+3,243,g,0.0329
SARS-CoV2-5UTR-Amplicon-short-trimmed+3,244,a,0.2455
SARS-CoV2-5UTR-Amplicon-short-trimmed+3,245,g,0
SARS-CoV2-5UTR-Amplicon-short-trimmed+3,246,g,0
SARS-CoV2-5UTR-Amplicon-short-trimmed+3,247,G,0
SARS-CoV2-5UTR-Amplicon-short-trimmed+3,248,A,0
SARS-CoV2-5UTR-Amplicon-short-trimmed+3,249,G,0
