Region,Position,Ref_base,Mut_percentage
SARS-CoV2-5UTR-Amplicon-short-trimmed+3,1,T,0
SARS-CoV2-5UTR-Amplicon-short-trimmed+3,2,T,0
SARS-CoV2-5UTR-Amplicon-short-trimmed+3,3,G,0
SARS-CoV2-5UTR-Amplicon-short-trimmed+3,4,t,0
SARS-CoV2-5UTR-Amplicon-short-trimmed+3,5,a,0
SARS-CoV2-5UTR-Amplicon-short-trimmed+3,6,g,0.0535
SARS-CoV2-5UTR-Amplicon-short-trimmed+3,7,a,0.0326
SARS-CoV2-5UTR-Amplicon-short-trimmed+3,8,t,0.0939
SARS-CoV2-5UTR-Amplicon-short-trimmed+3,9,c,0.0624
SARS-CoV2-5UTR-Amplicon-short-trimmed+3,10,t,0.0361
SARS-CoV2-5UTR-Amplicon-short-trimmed+3,11,g,0.2095
SARS-CoV2-5UTR-Amplicon-short-trimmed+3,12,t,0.085
SARS-CoV2-5UTR-Amplicon-short-trimmed+3,13,t,0.0769
SARS-CoV2-5UTR-Amplicon-short-trimmed+3,14,c,0.0651
SARS-CoV2-5UTR-Amplicon-short-trimmed+3,15,t,0.1304
SARS-CoV2-5UTR-Amplicon-short-trimmed+3,16,c,0.0626
SARS-CoV2-5UTR-Amplicon-short-trimmed+3,17,t,0.0487
SARS-CoV2-5UTR-Amplicon-short-trimmed+3,18,a,0.0855
SARS-CoV2-5UTR-Amplicon-short-trimmed+3,19,a,0.0209
SARS-CoV2-5UTR-Amplicon-short-trimmed+3,20,a,0.0327
SARS-CoV2-5UTR-Amplicon-short-trimmed+3,21,c,0.0367
SARS-CoV2-5UTR-Amplicon-short-trimmed+3,22,g,0.0513
SARS-CoV2-5UTR-Amplicon-short-trimmed+3,23,a,0.0295
SARS-CoV2-5UTR-Amplicon-short-trimmed+3,24,a,0.0506
SARS-CoV2-5UTR-Amplicon-short-trimmed+3,25,c,2.331
SARS-CoV2-5UTR-Amplicon-short-trimmed+3,26,t,0.2472
SARS-CoV2-5UTR-Amplicon-short-trimmed+3,27,t,0.1284
SARS-CoV2-5UTR-Amplicon-short-trimmed+3,28,t,0.0358
SARS-CoV2-5UTR-Amplicon-short-trimmed+3,29,a,0.071
SARS-CoV2-5UTR-Amplicon-short-trimmed+3,30,a,0.049
SARS-CoV2-5UTR-Amplicon-short-trimmed+3,31,a,0.0928
SARS-CoV2-5UTR-Amplicon-short-trimmed+3,32,a,0.0347
SARS-CoV2-5UTR-Amplicon-short-trimmed+3,33,t,0.091
SARS-CoV2-5UTR-Amplicon-short-trimmed+3,34,c,0.0442
SARS-CoV2-5UTR-Amplicon-short-trimmed+3,35,t,0.0719
SARS-CoV2-5UTR-Amplicon-short-trimmed+3,36,g,0.0916
SARS-CoV2-5UTR-Amplicon-short-trimmed+3,37,t,0.0742
SARS-CoV2-5UTR-Amplicon-short-trimmed+3,38,g,0.0331
SARS-CoV2-5UTR-Amplicon-short-trimmed+3,39,t,0.0597
SARS-CoV2-5UTR-Amplicon-short-trimmed+3,40,g,0.0436
SARS-CoV2-5UTR-Amplicon-short-trimmed+3,41,g,0.1431
SARS-CoV2-5UTR-Amplicon-short-trimmed+3,42,c,0.0742
SARS-CoV2-5UTR-Amplicon-short-trimmed+3,43,t,0.1544
SARS-CoV2-5UTR-Amplicon-short-trimmed+3,44,g,0.1034
SARS-CoV2-5UTR-Amplicon-short-trimmed+3,45,t,0.1461
SARS-CoV2-5UTR-Amplicon-short-trimmed+3,46,c,0.0349
SARS-CoV2-5UTR-Amplicon-short-trimmed+3,47,a,0.0429
SARS-CoV2-5UTR-Amplicon-short-trimmed+3,48,c,0.0467
SARS-CoV2-5UTR-Amplicon-short-trimmed+3,49,t,0.0599
SARS-CoV2-5UTR-Amplicon-short-trimmed+3,50,c,0.0553
SARS-CoV2-5UTR-Amplicon-short-trimmed+3,51,g,0.0859
SARS-CoV2-5UTR-Amplicon-short-trimmed+3,52,g,0.218
SARS-CoV2-5UTR-Amplicon-short-trimmed+3,53,c,0.1388
SARS-CoV2-5UTR-Amplicon-short-trimmed+3,54,t,0.0639
SARS-CoV2-5UTR-Amplicon-short-trimmed+3,55,g,0.1943
SARS-CoV2-5UTR-Amplicon-short-trimmed+3,56,c,0.0987
SARS-CoV2-5UTR-Amplicon-short-trimmed+3,57,g,0.2105
SARS-CoV2-5UTR-Amplicon-short-trimmed+3,58,t,0.0783
SARS-CoV2-5UTR-Amplicon-short-trimmed+3,59,g,0.1447
SARS-CoV2-5UTR-Amplicon-short-trimmed+3,60,c,0.0739
SARS-CoV2-5UTR-Amplicon-short-trimmed+3,61,t,0.0986
SARS-CoV2-5UTR-Amplicon-short-trimmed+3,62,t,0.0537
SARS-CoV2-5UTR-Amplicon-short-trimmed+3,63,a,0.0442
SARS-CoV2-5UTR-Amplicon-short-trimmed+3,64,g,0.0692
SARS-CoV2-5UTR-Amplicon-short-trimmed+3,65,t,0.051
SARS-CoV2-5UTR-Amplicon-short-trimmed+3,66,g,0.1325
SARS-CoV2-5UTR-Amplicon-short-trimmed+3,67,c,0.1343
SARS-CoV2-5UTR-Amplicon-short-trimmed+3,68,a,0.066
SARS-CoV2-5UTR-Amplicon-short-trimmed+3,69,c,0.0757
SARS-CoV2-5UTR-Amplicon-short-trimmed+3,70,t,0.0692
SARS-CoV2-5UTR-Amplicon-short-trimmed+3,71,c,0.0569
SARS-CoV2-5UTR-Amplicon-short-trimmed+3,72,a,0.0558
SARS-CoV2-5UTR-Amplicon-short-trimmed+3,73,c,0.0612
SARS-CoV2-5UTR-Amplicon-short-trimmed+3,74,g,0.1393
SARS-CoV2-5UTR-Amplicon-short-trimmed+3,75,c,0.0395
SARS-CoV2-5UTR-Amplicon-short-trimmed+3,76,a,0.1039
SARS-CoV2-5UTR-Amplicon-short-trimmed+3,77,g,0.0857
SARS-CoV2-5UTR-Amplicon-short-trimmed+3,78,t,0.0601
SARS-CoV2-5UTR-Amplicon-short-trimmed+3,79,a,0.0488
SARS-CoV2-5UTR-Amplicon-short-trimmed+3,80,t,0.0279
SARS-CoV2-5UTR-Amplicon-short-trimmed+3,81,a,0.0488
SARS-CoV2-5UTR-Amplicon-short-trimmed+3,82,a,0.0724
SARS-CoV2-5UTR-Amplicon-short-trimmed+3,83,t,0.0456
SARS-CoV2-5UTR-Amplicon-short-trimmed+3,84,t,0.0939
SARS-CoV2-5UTR-Amplicon-short-trimmed+3,85,a,0.0898
SARS-CoV2-5UTR-Amplicon-short-trimmed+3,86,a,0.068
SARS-CoV2-5UTR-Amplicon-short-trimmed+3,87,t,0.0383
SARS-CoV2-5UTR-Amplicon-short-trimmed+3,88,a,0.0647
SARS-CoV2-5UTR-Amplicon-short-trimmed+3,89,a,0.0749
SARS-CoV2-5UTR-Amplicon-short-trimmed+3,90,c,0.3117
SARS-CoV2-5UTR-Amplicon-short-trimmed+3,91,t,0.1061
SARS-CoV2-5UTR-Amplicon-short-trimmed+3,92,a,0.0571
SARS-CoV2-5UTR-Amplicon-short-trimmed+3,93,a,0.0529
SARS-CoV2-5UTR-Amplicon-short-trimmed+3,94,t,0.0558
SARS-CoV2-5UTR-Amplicon-short-trimmed+3,95,t,0.0631
SARS-CoV2-5UTR-Amplicon-short-trimmed+3,96,a,0.0608
SARS-CoV2-5UTR-Amplicon-short-trimmed+3,97,c,0.0411
SARS-CoV2-5UTR-Amplicon-short-trimmed+3,98,t,0.2939
SARS-CoV2-5UTR-Amplicon-short-trimmed+3,99,g,0.0943
SARS-CoV2-5UTR-Amplicon-short-trimmed+3,100,t,0.146
SARS-CoV2-5UTR-Amplicon-short-trimmed+3,101,c,0.0469
SARS-CoV2-5UTR-Amplicon-short-trimmed+3,102,g,0.1016
SARS-CoV2-5UTR-Amplicon-short-trimmed+3,103,t,0.0918
SARS-CoV2-5UTR-Amplicon-short-trimmed+3,104,t,0.134
SARS-CoV2-5UTR-Amplicon-short-trimmed+3,105,g,0.08
SARS-CoV2-5UTR-Amplicon-short-trimmed+3,106,a,0.0715
SARS-CoV2-5UTR-Amplicon-short-trimmed+3,107,c,0.0846
SARS-CoV2-5UTR-Amplicon-short-trimmed+3,108,a,0.129
SARS-CoV2-5UTR-Amplicon-short-trimmed+3,109,g,0.1236
SARS-CoV2-5UTR-Amplicon-short-trimmed+3,110,g,0.1055
SARS-CoV2-5UTR-Amplicon-short-trimmed+3,111,a,0.0622
SARS-CoV2-5UTR-Amplicon-short-trimmed+3,112,c,0.0849
SARS-CoV2-5UTR-Amplicon-short-trimmed+3,113,a,0.0987
SARS-CoV2-5UTR-Amplicon-short-trimmed+3,114,c,0.1059
SARS-CoV2-5UTR-Amplicon-short-trimmed+3,115,g,0.0614
SARS-CoV2-5UTR-Amplicon-short-trimmed+3,116,a,0.0805
SARS-CoV2-5UTR-Amplicon-short-trimmed+3,117,g,0.0667
SARS-CoV2-5UTR-Amplicon-short-trimmed+3,118,t,0.1917
SARS-CoV2-5UTR-Amplicon-short-trimmed+3,119,a,0.2044
SARS-CoV2-5UTR-Amplicon-short-trimmed+3,120,a,0.1567
SARS-CoV2-5UTR-Amplicon-short-trimmed+3,121,c,0.2327
SARS-CoV2-5UTR-Amplicon-short-trimmed+3,122,t,0.2845
SARS-CoV2-5UTR-Amplicon-short-trimmed+3,123,c,0.2606
SARS-CoV2-5UTR-Amplicon-short-trimmed+3,124,g,0.1923
SARS-CoV2-5UTR-Amplicon-short-trimmed+3,125,t,0.4212
SARS-CoV2-5UTR-Amplicon-short-trimmed+3,126,c,0.1546
SARS-CoV2-5UTR-Amplicon-short-trimmed+3,127,t,0.1194
SARS-CoV2-5UTR-Amplicon-short-trimmed+3,128,a,0.1763
SARS-CoV2-5UTR-Amplicon-short-trimmed+3,129,t,0.7089
SARS-CoV2-5UTR-Amplicon-short-trimmed+3,130,c,0.0959
SARS-CoV2-5UTR-Amplicon-short-trimmed+3,131,t,0.1639
SARS-CoV2-5UTR-Amplicon-short-trimmed+3,132,t,0.2599
SARS-CoV2-5UTR-Amplicon-short-trimmed+3,133,c,0.3642
SARS-CoV2-5UTR-Amplicon-short-trimmed+3,134,t,0.3095
SARS-CoV2-5UTR-Amplicon-short-trimmed+3,135,g,0.1554
SARS-CoV2-5UTR-Amplicon-short-trimmed+3,136,c,0.4701
SARS-CoV2-5UTR-Amplicon-short-trimmed+3,137,a,0.3533
SARS-CoV2-5UTR-Amplicon-short-trimmed+3,138,g,0.1311
SARS-CoV2-5UTR-Amplicon-short-trimmed+3,139,g,0.353
SARS-CoV2-5UTR-Amplicon-short-trimmed+3,140,c,0.165
SARS-CoV2-5UTR-Amplicon-short-trimmed+3,141,t,0.4006
SARS-CoV2-5UTR-Amplicon-short-trimmed+3,142,g,0.5675
SARS-CoV2-5UTR-Amplicon-short-trimmed+3,143,c,0.1419
SARS-CoV2-5UTR-Amplicon-short-trimmed+3,144,t,0.1608
SARS-CoV2-5UTR-Amplicon-short-trimmed+3,145,t,0.2022
SARS-CoV2-5UTR-Amplicon-short-trimmed+3,146,a,0.2889
SARS-CoV2-5UTR-Amplicon-short-trimmed+3,147,c,0.2186
SARS-CoV2-5UTR-Amplicon-short-trimmed+3,148,g,0.4156
SARS-CoV2-5UTR-Amplicon-short-trimmed+3,149,g,0.2037
SARS-CoV2-5UTR-Amplicon-short-trimmed+3,150,t,0.2171
SARS-CoV2-5UTR-Amplicon-short-trimmed+3,151,t,0.1934
SARS-CoV2-5UTR-Amplicon-short-trimmed+3,152,t,0.3232
SARS-CoV2-5UTR-Amplicon-short-trimmed+3,153,c,0.2923
SARS-CoV2-5UTR-Amplicon-short-trimmed+3,154,g,0.1231
SARS-CoV2-5UTR-Amplicon-short-trimmed+3,155,t,0.4592
SARS-CoV2-5UTR-Amplicon-short-trimmed+3,156,c,0.2828
SARS-CoV2-5UTR-Amplicon-short-trimmed+3,157,c,0.3014
SARS-CoV2-5UTR-Amplicon-short-trimmed+3,158,g,0.1495
SARS-CoV2-5UTR-Amplicon-short-trimmed+3,159,t,1.7186
SARS-CoV2-5UTR-Amplicon-short-trimmed+3,160,g,0.1042
SARS-CoV2-5UTR-Amplicon-short-trimmed+3,161,t,0.183
SARS-CoV2-5UTR-Amplicon-short-trimmed+3,162,t,0.2487
SARS-CoV2-5UTR-Amplicon-short-trimmed+3,163,g,0.1491
SARS-CoV2-5UTR-Amplicon-short-trimmed+3,164,c,0.3822
SARS-CoV2-5UTR-Amplicon-short-trimmed+3,165,a,0.5096
SARS-CoV2-5UTR-Amplicon-short-trimmed+3,166,g,0.7051
SARS-CoV2-5UTR-Amplicon-short-trimmed+3,167,c,0.303
SARS-CoV2-5UTR-Amplicon-short-trimmed+3,168,c,0.622
SARS-CoV2-5UTR-Amplicon-short-trimmed+3,169,g,0.1311
SARS-CoV2-5UTR-Amplicon-short-trimmed+3,170,a,0.1753
SARS-CoV2-5UTR-Amplicon-short-trimmed+3,171,t,0.1572
SARS-CoV2-5UTR-Amplicon-short-trimmed+3,172,c,0.2074
SARS-CoV2-5UTR-Amplicon-short-trimmed+3,173,a,0.0904
SARS-CoV2-5UTR-Amplicon-short-trimmed+3,174,t,0.129
SARS-CoV2-5UTR-Amplicon-short-trimmed+3,175,c,0.2808
SARS-CoV2-5UTR-Amplicon-short-trimmed+3,176,a,0.1808
SARS-CoV2-5UTR-Amplicon-short-trimmed+3,177,g,0.153
SARS-CoV2-5UTR-Amplicon-short-trimmed+3,178,c,0.7199
SARS-CoV2-5UTR-Amplicon-short-trimmed+3,179,a,0.1715
SARS-CoV2-5UTR-Amplicon-short-trimmed+3,180,c,0.1026
SARS-CoV2-5UTR-Amplicon-short-trimmed+3,181,a,0.1376
SARS-CoV2-5UTR-Amplicon-short-trimmed+3,182,t,0.2006
SARS-CoV2-5UTR-Amplicon-short-trimmed+3,183,c,0.1035
SARS-CoV2-5UTR-Amplicon-short-trimmed+3,184,t,0.1211
SARS-CoV2-5UTR-Amplicon-short-trimmed+3,185,a,0.2174
SARS-CoV2-5UTR-Amplicon-short-trimmed+3,186,g,0.0893
SARS-CoV2-5UTR-Amplicon-short-trimmed+3,187,g,0.1028
SARS-CoV2-5UTR-Amplicon-short-trimmed+3,188,t,0.2006
SARS-CoV2-5UTR-Amplicon-short-trimmed+3,189,t,0.3394
SARS-CoV2-5UTR-Amplicon-short-trimmed+3,190,t,0.4788
SARS-CoV2-5UTR-Amplicon-short-trimmed+3,191,c,0.1656
SARS-CoV2-5UTR-Amplicon-short-trimmed+3,192,g,0.0879
SARS-CoV2-5UTR-Amplicon-short-trimmed+3,193,t,1.3527
SARS-CoV2-5UTR-Amplicon-short-trimmed+3,194,c,0.139
SARS-CoV2-5UTR-Amplicon-short-trimmed+3,195,c,0.1995
SARS-CoV2-5UTR-Amplicon-short-trimmed+3,196,g,0.3423
SARS-CoV2-5UTR-Amplicon-short-trimmed+3,197,g,0.1654
SARS-CoV2-5UTR-Amplicon-short-trimmed+3,198,g,0.4763
SARS-CoV2-5UTR-Amplicon-short-trimmed+3,199,t,0.2727
SARS-CoV2-5UTR-Amplicon-short-trimmed+3,200,g,0.0811
SARS-CoV2-5UTR-Amplicon-short-trimmed+3,201,t,0.1615
SARS-CoV2-5UTR-Amplicon-short-trimmed+3,202,g,0.1132
SARS-CoV2-5UTR-Amplicon-short-trimmed+3,203,a,0.3816
SARS-CoV2-5UTR-Amplicon-short-trimmed+3,204,c,0.139
SARS-CoV2-5UTR-Amplicon-short-trimmed+3,205,c,0.1252
SARS-CoV2-5UTR-Amplicon-short-trimmed+3,206,g,0.1168
SARS-CoV2-5UTR-Amplicon-short-trimmed+3,207,a,0.1523
SARS-CoV2-5UTR-Amplicon-short-trimmed+3,208,a,0.0827
SARS-CoV2-5UTR-Amplicon-short-trimmed+3,209,a,0.1835
SARS-CoV2-5UTR-Amplicon-short-trimmed+3,210,g,0.1588
SARS-CoV2-5UTR-Amplicon-short-trimmed+3,211,g,0.1661
SARS-CoV2-5UTR-Amplicon-short-trimmed+3,212,t,0.1764
SARS-CoV2-5UTR-Amplicon-short-trimmed+3,213,a,0.0743
SARS-CoV2-5UTR-Amplicon-short-trimmed+3,214,a,0.0859
SARS-CoV2-5UTR-Amplicon-short-trimmed+3,215,g,0.0795
SARS-CoV2-5UTR-Amplicon-short-trimmed+3,216,a,0.0601
SARS-CoV2-5UTR-Amplicon-short-trimmed+3,217,t,0.1421
SARS-CoV2-5UTR-Amplicon-short-trimmed+3,218,g,0.0741
SARS-CoV2-5UTR-Amplicon-short-trimmed+3,219,g,0.0779
SARS-CoV2-5UTR-Amplicon-short-trimmed+3,220,a,0.2759
SARS-CoV2-5UTR-Amplicon-short-trimmed+3,221,g,0.1747
SARS-CoV2-5UTR-Amplicon-short-trimmed+3,222,a,0.0892
SARS-CoV2-5UTR-Amplicon-short-trimmed+3,223,g,0.2316
SARS-CoV2-5UTR-Amplicon-short-trimmed+3,224,c,0.0872
SARS-CoV2-5UTR-Amplicon-short-trimmed+3,225,c,0.0881
SARS-CoV2-5UTR-Amplicon-short-trimmed+3,226,t,0.0617
SARS-CoV2-5UTR-Amplicon-short-trimmed+3,227,t,0.3683
SARS-CoV2-5UTR-Amplicon-short-trimmed+3,228,g,0.0606
SARS-CoV2-5UTR-Amplicon-short-trimmed+3,229,t,0.1643
SARS-CoV2-5UTR-Amplicon-short-trimmed+3,230,c,0.0865
SARS-CoV2-5UTR-Amplicon-short-trimmed+3,231,c,0.0599
SARS-CoV2-5UTR-Amplicon-short-trimmed+3,232,c,0.1007
SARS-CoV2-5UTR-Amplicon-short-trimmed+3,233,t,0.2038
SARS-CoV2-5UTR-Amplicon-short-trimmed+3,234,g,0.0969
SARS-CoV2-5UTR-Amplicon-short-trimmed+3,235,g,0.1692
SARS-CoV2-5UTR-Amplicon-short-trimmed+3,236,t,0.0822
SARS-CoV2-5UTR-Amplicon-short-trimmed+3,237,t,0.0788
SARS-CoV2-5UTR-Amplicon-short-trimmed+3,238,t,0.1627
SARS-CoV2-5UTR-Amplicon-short-trimmed+3,239,c,0.6584
SARS-CoV2-5UTR-Amplicon-short-trimmed+3,240,a,0.1068
SARS-CoV2-5UTR-Amplicon-short-trimmed+3,241,a,0.0924
SARS-CoV2-5UTR-Amplicon-short-trimmed+3,242,c,0.0827
SARS-CoV2-5UTR-Amplicon-short-trimmed+3,243,g,0.0339
SARS-CoV2-5UTR-Amplicon-short-trimmed+3,244,a,0.2458
SARS-CoV2-5UTR-Amplicon-short-trimmed+3,245,g,0
SARS-CoV2-5UTR-Amplicon-short-trimmed+3,246,g,0
SARS-CoV2-5UTR-Amplicon-short-trimmed+3,247,G,0
SARS-CoV2-5UTR-Amplicon-short-trimmed+3,248,A,0
SARS-CoV2-5UTR-Amplicon-short-trimmed+3,249,G,0
