Region,Position,Ref_base,Mut_percentage
SARS-CoV2-5UTR-Amplicon-short-trimmed+3,1,T,0
SARS-CoV2-5UTR-Amplicon-short-trimmed+3,2,T,0
SARS-CoV2-5UTR-Amplicon-short-trimmed+3,3,G,0
SARS-CoV2-5UTR-Amplicon-short-trimmed+3,4,t,0
SARS-CoV2-5UTR-Amplicon-short-trimmed+3,5,a,0
SARS-CoV2-5UTR-Amplicon-short-trimmed+3,6,g,0.0572
SARS-CoV2-5UTR-Amplicon-short-trimmed+3,7,a,0.0277
SARS-CoV2-5UTR-Amplicon-short-trimmed+3,8,t,0.0867
SARS-CoV2-5UTR-Amplicon-short-trimmed+3,9,c,0.0596
SARS-CoV2-5UTR-Amplicon-short-trimmed+3,10,t,0.0396
SARS-CoV2-5UTR-Amplicon-short-trimmed+3,11,g,0.1156
SARS-CoV2-5UTR-Amplicon-short-trimmed+3,12,t,0.0695
SARS-CoV2-5UTR-Amplicon-short-trimmed+3,13,t,0.0601
SARS-CoV2-5UTR-Amplicon-short-trimmed+3,14,c,0.0554
SARS-CoV2-5UTR-Amplicon-short-trimmed+3,15,t,0.1011
SARS-CoV2-5UTR-Amplicon-short-trimmed+3,16,c,0.0517
SARS-CoV2-5UTR-Amplicon-short-trimmed+3,17,t,0.04
SARS-CoV2-5UTR-Amplicon-short-trimmed+3,18,a,0.0723
SARS-CoV2-5UTR-Amplicon-short-trimmed+3,19,a,0.017
SARS-CoV2-5UTR-Amplicon-short-trimmed+3,20,a,0.0307
SARS-CoV2-5UTR-Amplicon-short-trimmed+3,21,c,0.0302
SARS-CoV2-5UTR-Amplicon-short-trimmed+3,22,g,0.0767
SARS-CoV2-5UTR-Amplicon-short-trimmed+3,23,a,0.0247
SARS-CoV2-5UTR-Amplicon-short-trimmed+3,24,a,0.0394
SARS-CoV2-5UTR-Amplicon-short-trimmed+3,25,c,5.2587
SARS-CoV2-5UTR-Amplicon-short-trimmed+3,26,t,0.189
SARS-CoV2-5UTR-Amplicon-short-trimmed+3,27,t,0.0895
SARS-CoV2-5UTR-Amplicon-short-trimmed+3,28,t,0.0314
SARS-CoV2-5UTR-Amplicon-short-trimmed+3,29,a,0.0652
SARS-CoV2-5UTR-Amplicon-short-trimmed+3,30,a,0.0437
SARS-CoV2-5UTR-Amplicon-short-trimmed+3,31,a,0.0831
SARS-CoV2-5UTR-Amplicon-short-trimmed+3,32,a,0.0384
SARS-CoV2-5UTR-Amplicon-short-trimmed+3,33,t,0.0714
SARS-CoV2-5UTR-Amplicon-short-trimmed+3,34,c,0.0324
SARS-CoV2-5UTR-Amplicon-short-trimmed+3,35,t,0.0606
SARS-CoV2-5UTR-Amplicon-short-trimmed+3,36,g,0.0853
SARS-CoV2-5UTR-Amplicon-short-trimmed+3,37,t,0.0637
SARS-CoV2-5UTR-Amplicon-short-trimmed+3,38,g,0.0338
SARS-CoV2-5UTR-Amplicon-short-trimmed+3,39,t,0.0495
SARS-CoV2-5UTR-Amplicon-short-trimmed+3,40,g,0.0461
SARS-CoV2-5UTR-Amplicon-short-trimmed+3,41,g,0.1139
SARS-CoV2-5UTR-Amplicon-short-trimmed+3,42,c,0.0674
SARS-CoV2-5UTR-Amplicon-short-trimmed+3,43,t,0.1162
SARS-CoV2-5UTR-Amplicon-short-trimmed+3,44,g,0.0837
SARS-CoV2-5UTR-Amplicon-short-trimmed+3,45,t,0.1343
SARS-CoV2-5UTR-Amplicon-short-trimmed+3,46,c,0.0369
SARS-CoV2-5UTR-Amplicon-short-trimmed+3,47,a,0.0421
SARS-CoV2-5UTR-Amplicon-short-trimmed+3,48,c,0.0404
SARS-CoV2-5UTR-Amplicon-short-trimmed+3,49,t,0.0577
SARS-CoV2-5UTR-Amplicon-short-trimmed+3,50,c,0.0558
SARS-CoV2-5UTR-Amplicon-short-trimmed+3,51,g,0.0757
SARS-CoV2-5UTR-Amplicon-short-trimmed+3,52,g,0.1899
SARS-CoV2-5UTR-Amplicon-short-trimmed+3,53,c,0.0939
SARS-CoV2-5UTR-Amplicon-short-trimmed+3,54,t,0.0648
SARS-CoV2-5UTR-Amplicon-short-trimmed+3,55,g,0.1182
SARS-CoV2-5UTR-Amplicon-short-trimmed+3,56,c,0.0901
SARS-CoV2-5UTR-Amplicon-short-trimmed+3,57,g,0.1209
SARS-CoV2-5UTR-Amplicon-short-trimmed+3,58,t,0.0673
SARS-CoV2-5UTR-Amplicon-short-trimmed+3,59,g,0.1149
SARS-CoV2-5UTR-Amplicon-short-trimmed+3,60,c,0.0756
SARS-CoV2-5UTR-Amplicon-short-trimmed+3,61,t,0.0921
SARS-CoV2-5UTR-Amplicon-short-trimmed+3,62,t,0.0471
SARS-CoV2-5UTR-Amplicon-short-trimmed+3,63,a,0.044
SARS-CoV2-5UTR-Amplicon-short-trimmed+3,64,g,0.0632
SARS-CoV2-5UTR-Amplicon-short-trimmed+3,65,t,0.0539
SARS-CoV2-5UTR-Amplicon-short-trimmed+3,66,g,0.1217
SARS-CoV2-5UTR-Amplicon-short-trimmed+3,67,c,0.164
SARS-CoV2-5UTR-Amplicon-short-trimmed+3,68,a,0.0683
SARS-CoV2-5UTR-Amplicon-short-trimmed+3,69,c,0.0666
SARS-CoV2-5UTR-Amplicon-short-trimmed+3,70,t,0.0655
SARS-CoV2-5UTR-Amplicon-short-trimmed+3,71,c,0.0417
SARS-CoV2-5UTR-Amplicon-short-trimmed+3,72,a,0.0597
SARS-CoV2-5UTR-Amplicon-short-trimmed+3,73,c,0.0645
SARS-CoV2-5UTR-Amplicon-short-trimmed+3,74,g,0.1434
SARS-CoV2-5UTR-Amplicon-short-trimmed+3,75,c,0.0284
SARS-CoV2-5UTR-Amplicon-short-trimmed+3,76,a,0.1015
SARS-CoV2-5UTR-Amplicon-short-trimmed+3,77,g,0.0948
SARS-CoV2-5UTR-Amplicon-short-trimmed+3,78,t,0.0424
SARS-CoV2-5UTR-Amplicon-short-trimmed+3,79,a,0.0441
SARS-CoV2-5UTR-Amplicon-short-trimmed+3,80,t,0.0245
SARS-CoV2-5UTR-Amplicon-short-trimmed+3,81,a,0.0366
SARS-CoV2-5UTR-Amplicon-short-trimmed+3,82,a,0.0647
SARS-CoV2-5UTR-Amplicon-short-trimmed+3,83,t,0.0315
SARS-CoV2-5UTR-Amplicon-short-trimmed+3,84,t,0.0743
SARS-CoV2-5UTR-Amplicon-short-trimmed+3,85,a,0.0846
SARS-CoV2-5UTR-Amplicon-short-trimmed+3,86,a,0.0684
SARS-CoV2-5UTR-Amplicon-short-trimmed+3,87,t,0.0377
SARS-CoV2-5UTR-Amplicon-short-trimmed+3,88,a,0.0558
SARS-CoV2-5UTR-Amplicon-short-trimmed+3,89,a,0.0703
SARS-CoV2-5UTR-Amplicon-short-trimmed+3,90,c,0.3163
SARS-CoV2-5UTR-Amplicon-short-trimmed+3,91,t,0.0984
SARS-CoV2-5UTR-Amplicon-short-trimmed+3,92,a,0.0436
SARS-CoV2-5UTR-Amplicon-short-trimmed+3,93,a,0.0548
SARS-CoV2-5UTR-Amplicon-short-trimmed+3,94,t,0.0519
SARS-CoV2-5UTR-Amplicon-short-trimmed+3,95,t,0.0466
SARS-CoV2-5UTR-Amplicon-short-trimmed+3,96,a,0.0526
SARS-CoV2-5UTR-Amplicon-short-trimmed+3,97,c,0.0423
SARS-CoV2-5UTR-Amplicon-short-trimmed+3,98,t,0.2954
SARS-CoV2-5UTR-Amplicon-short-trimmed+3,99,g,0.0813
SARS-CoV2-5UTR-Amplicon-short-trimmed+3,100,t,0.1121
SARS-CoV2-5UTR-Amplicon-short-trimmed+3,101,c,0.0576
SARS-CoV2-5UTR-Amplicon-short-trimmed+3,102,g,0.0885
SARS-CoV2-5UTR-Amplicon-short-trimmed+3,103,t,0.0789
SARS-CoV2-5UTR-Amplicon-short-trimmed+3,104,t,0.1053
SARS-CoV2-5UTR-Amplicon-short-trimmed+3,105,g,0.0635
SARS-CoV2-5UTR-Amplicon-short-trimmed+3,106,a,0.0632
SARS-CoV2-5UTR-Amplicon-short-trimmed+3,107,c,0.0851
SARS-CoV2-5UTR-Amplicon-short-trimmed+3,108,a,0.1094
SARS-CoV2-5UTR-Amplicon-short-trimmed+3,109,g,0.0984
SARS-CoV2-5UTR-Amplicon-short-trimmed+3,110,g,0.0959
SARS-CoV2-5UTR-Amplicon-short-trimmed+3,111,a,0.0582
SARS-CoV2-5UTR-Amplicon-short-trimmed+3,112,c,0.0788
SARS-CoV2-5UTR-Amplicon-short-trimmed+3,113,a,0.0707
SARS-CoV2-5UTR-Amplicon-short-trimmed+3,114,c,0.0967
SARS-CoV2-5UTR-Amplicon-short-trimmed+3,115,g,0.0577
SARS-CoV2-5UTR-Amplicon-short-trimmed+3,116,a,0.0873
SARS-CoV2-5UTR-Amplicon-short-trimmed+3,117,g,0.0659
SARS-CoV2-5UTR-Amplicon-short-trimmed+3,118,t,0.1695
SARS-CoV2-5UTR-Amplicon-short-trimmed+3,119,a,0.1798
SARS-CoV2-5UTR-Amplicon-short-trimmed+3,120,a,0.1251
SARS-CoV2-5UTR-Amplicon-short-trimmed+3,121,c,0.2157
SARS-CoV2-5UTR-Amplicon-short-trimmed+3,122,t,0.2218
SARS-CoV2-5UTR-Amplicon-short-trimmed+3,123,c,0.2322
SARS-CoV2-5UTR-Amplicon-short-trimmed+3,124,g,0.1913
SARS-CoV2-5UTR-Amplicon-short-trimmed+3,125,t,0.3345
SARS-CoV2-5UTR-Amplicon-short-trimmed+3,126,c,0.143
SARS-CoV2-5UTR-Amplicon-short-trimmed+3,127,t,0.101
SARS-CoV2-5UTR-Amplicon-short-trimmed+3,128,a,0.1361
SARS-CoV2-5UTR-Amplicon-short-trimmed+3,129,t,0.5868
SARS-CoV2-5UTR-Amplicon-short-trimmed+3,130,c,0.0839
SARS-CoV2-5UTR-Amplicon-short-trimmed+3,131,t,0.1297
SARS-CoV2-5UTR-Amplicon-short-trimmed+3,132,t,0.2686
SARS-CoV2-5UTR-Amplicon-short-trimmed+3,133,c,0.3122
SARS-CoV2-5UTR-Amplicon-short-trimmed+3,134,t,0.2338
SARS-CoV2-5UTR-Amplicon-short-trimmed+3,135,g,0.1651
SARS-CoV2-5UTR-Amplicon-short-trimmed+3,136,c,0.5133
SARS-CoV2-5UTR-Amplicon-short-trimmed+3,137,a,0.2901
SARS-CoV2-5UTR-Amplicon-short-trimmed+3,138,g,0.1163
SARS-CoV2-5UTR-Amplicon-short-trimmed+3,139,g,0.3211
SARS-CoV2-5UTR-Amplicon-short-trimmed+3,140,c,0.1605
SARS-CoV2-5UTR-Amplicon-short-trimmed+3,141,t,0.3476
SARS-CoV2-5UTR-Amplicon-short-trimmed+3,142,g,0.5121
SARS-CoV2-5UTR-Amplicon-short-trimmed+3,143,c,0.1553
SARS-CoV2-5UTR-Amplicon-short-trimmed+3,144,t,0.142
SARS-CoV2-5UTR-Amplicon-short-trimmed+3,145,t,0.1714
SARS-CoV2-5UTR-Amplicon-short-trimmed+3,146,a,0.2313
SARS-CoV2-5UTR-Amplicon-short-trimmed+3,147,c,0.2032
SARS-CoV2-5UTR-Amplicon-short-trimmed+3,148,g,0.3925
SARS-CoV2-5UTR-Amplicon-short-trimmed+3,149,g,0.1957
SARS-CoV2-5UTR-Amplicon-short-trimmed+3,150,t,0.1799
SARS-CoV2-5UTR-Amplicon-short-trimmed+3,151,t,0.1834
SARS-CoV2-5UTR-Amplicon-short-trimmed+3,152,t,0.2657
SARS-CoV2-5UTR-Amplicon-short-trimmed+3,153,c,0.2733
SARS-CoV2-5UTR-Amplicon-short-trimmed+3,154,g,0.118
SARS-CoV2-5UTR-Amplicon-short-trimmed+3,155,t,0.3959
SARS-CoV2-5UTR-Amplicon-short-trimmed+3,156,c,0.2395
SARS-CoV2-5UTR-Amplicon-short-trimmed+3,157,c,0.2494
SARS-CoV2-5UTR-Amplicon-short-trimmed+3,158,g,0.1423
SARS-CoV2-5UTR-Amplicon-short-trimmed+3,159,t,1.5467
SARS-CoV2-5UTR-Amplicon-short-trimmed+3,160,g,0.1056
SARS-CoV2-5UTR-Amplicon-short-trimmed+3,161,t,0.1632
SARS-CoV2-5UTR-Amplicon-short-trimmed+3,162,t,0.2203
SARS-CoV2-5UTR-Amplicon-short-trimmed+3,163,g,0.1654
SARS-CoV2-5UTR-Amplicon-short-trimmed+3,164,c,0.3579
SARS-CoV2-5UTR-Amplicon-short-trimmed+3,165,a,0.5741
SARS-CoV2-5UTR-Amplicon-short-trimmed+3,166,g,0.8556
SARS-CoV2-5UTR-Amplicon-short-trimmed+3,167,c,0.311
SARS-CoV2-5UTR-Amplicon-short-trimmed+3,168,c,0.6638
SARS-CoV2-5UTR-Amplicon-short-trimmed+3,169,g,0.1126
SARS-CoV2-5UTR-Amplicon-short-trimmed+3,170,a,0.1424
SARS-CoV2-5UTR-Amplicon-short-trimmed+3,171,t,0.144
SARS-CoV2-5UTR-Amplicon-short-trimmed+3,172,c,0.2107
SARS-CoV2-5UTR-Amplicon-short-trimmed+3,173,a,0.0688
SARS-CoV2-5UTR-Amplicon-short-trimmed+3,174,t,0.0927
SARS-CoV2-5UTR-Amplicon-short-trimmed+3,175,c,0.2599
SARS-CoV2-5UTR-Amplicon-short-trimmed+3,176,a,0.156
SARS-CoV2-5UTR-Amplicon-short-trimmed+3,177,g,0.1573
SARS-CoV2-5UTR-Amplicon-short-trimmed+3,178,c,0.7152
SARS-CoV2-5UTR-Amplicon-short-trimmed+3,179,a,0.1359
SARS-CoV2-5UTR-Amplicon-short-trimmed+3,180,c,0.1049
SARS-CoV2-5UTR-Amplicon-short-trimmed+3,181,a,0.1127
SARS-CoV2-5UTR-Amplicon-short-trimmed+3,182,t,0.1858
SARS-CoV2-5UTR-Amplicon-short-trimmed+3,183,c,0.091
SARS-CoV2-5UTR-Amplicon-short-trimmed+3,184,t,0.1274
SARS-CoV2-5UTR-Amplicon-short-trimmed+3,185,a,0.2141
SARS-CoV2-5UTR-Amplicon-short-trimmed+3,186,g,0.1009
SARS-CoV2-5UTR-Amplicon-short-trimmed+3,187,g,0.1093
SARS-CoV2-5UTR-Amplicon-short-trimmed+3,188,t,0.1549
SARS-CoV2-5UTR-Amplicon-short-trimmed+3,189,t,0.3332
SARS-CoV2-5UTR-Amplicon-short-trimmed+3,190,t,0.4278
SARS-CoV2-5UTR-Amplicon-short-trimmed+3,191,c,0.1513
SARS-CoV2-5UTR-Amplicon-short-trimmed+3,192,g,0.0873
SARS-CoV2-5UTR-Amplicon-short-trimmed+3,193,t,1.3062
SARS-CoV2-5UTR-Amplicon-short-trimmed+3,194,c,0.1296
SARS-CoV2-5UTR-Amplicon-short-trimmed+3,195,c,0.1804
SARS-CoV2-5UTR-Amplicon-short-trimmed+3,196,g,0.3448
SARS-CoV2-5UTR-Amplicon-short-trimmed+3,197,g,0.1583
SARS-CoV2-5UTR-Amplicon-short-trimmed+3,198,g,0.4444
SARS-CoV2-5UTR-Amplicon-short-trimmed+3,199,t,0.2554
SARS-CoV2-5UTR-Amplicon-short-trimmed+3,200,g,0.1036
SARS-CoV2-5UTR-Amplicon-short-trimmed+3,201,t,0.1641
SARS-CoV2-5UTR-Amplicon-short-trimmed+3,202,g,0.1137
SARS-CoV2-5UTR-Amplicon-short-trimmed+3,203,a,0.3541
SARS-CoV2-5UTR-Amplicon-short-trimmed+3,204,c,0.1153
SARS-CoV2-5UTR-Amplicon-short-trimmed+3,205,c,0.1061
SARS-CoV2-5UTR-Amplicon-short-trimmed+3,206,g,0.0967
SARS-CoV2-5UTR-Amplicon-short-trimmed+3,207,a,0.1263
SARS-CoV2-5UTR-Amplicon-short-trimmed+3,208,a,0.0782
SARS-CoV2-5UTR-Amplicon-short-trimmed+3,209,a,0.1722
SARS-CoV2-5UTR-Amplicon-short-trimmed+3,210,g,0.1392
SARS-CoV2-5UTR-Amplicon-short-trimmed+3,211,g,0.1409
SARS-CoV2-5UTR-Amplicon-short-trimmed+3,212,t,0.1559
SARS-CoV2-5UTR-Amplicon-short-trimmed+3,213,a,0.0745
SARS-CoV2-5UTR-Amplicon-short-trimmed+3,214,a,0.0817
SARS-CoV2-5UTR-Amplicon-short-trimmed+3,215,g,0.0813
SARS-CoV2-5UTR-Amplicon-short-trimmed+3,216,a,0.053
SARS-CoV2-5UTR-Amplicon-short-trimmed+3,217,t,0.129
SARS-CoV2-5UTR-Amplicon-short-trimmed+3,218,g,0.0745
SARS-CoV2-5UTR-Amplicon-short-trimmed+3,219,g,0.0821
SARS-CoV2-5UTR-Amplicon-short-trimmed+3,220,a,0.265
SARS-CoV2-5UTR-Amplicon-short-trimmed+3,221,g,0.1836
SARS-CoV2-5UTR-Amplicon-short-trimmed+3,222,a,0.0812
SARS-CoV2-5UTR-Amplicon-short-trimmed+3,223,g,0.2223
SARS-CoV2-5UTR-Amplicon-short-trimmed+3,224,c,0.0942
SARS-CoV2-5UTR-Amplicon-short-trimmed+3,225,c,0.0923
SARS-CoV2-5UTR-Amplicon-short-trimmed+3,226,t,0.0613
SARS-CoV2-5UTR-Amplicon-short-trimmed+3,227,t,0.363
SARS-CoV2-5UTR-Amplicon-short-trimmed+3,228,g,0.0588
SARS-CoV2-5UTR-Amplicon-short-trimmed+3,229,t,0.1651
SARS-CoV2-5UTR-Amplicon-short-trimmed+3,230,c,0.0839
SARS-CoV2-5UTR-Amplicon-short-trimmed+3,231,c,0.0627
SARS-CoV2-5UTR-Amplicon-short-trimmed+3,232,c,0.1034
SARS-CoV2-5UTR-Amplicon-short-trimmed+3,233,t,0.1947
SARS-CoV2-5UTR-Amplicon-short-trimmed+3,234,g,0.0904
SARS-CoV2-5UTR-Amplicon-short-trimmed+3,235,g,0.1967
SARS-CoV2-5UTR-Amplicon-short-trimmed+3,236,t,0.0693
SARS-CoV2-5UTR-Amplicon-short-trimmed+3,237,t,0.0769
SARS-CoV2-5UTR-Amplicon-short-trimmed+3,238,t,0.1545
SARS-CoV2-5UTR-Amplicon-short-trimmed+3,239,c,0.5712
SARS-CoV2-5UTR-Amplicon-short-trimmed+3,240,a,0.0967
SARS-CoV2-5UTR-Amplicon-short-trimmed+3,241,a,0.0799
SARS-CoV2-5UTR-Amplicon-short-trimmed+3,242,c,0.0882
SARS-CoV2-5UTR-Amplicon-short-trimmed+3,243,g,0.0339
SARS-CoV2-5UTR-Amplicon-short-trimmed+3,244,a,0.2407
SARS-CoV2-5UTR-Amplicon-short-trimmed+3,245,g,0
SARS-CoV2-5UTR-Amplicon-short-trimmed+3,246,g,0
SARS-CoV2-5UTR-Amplicon-short-trimmed+3,247,G,0
SARS-CoV2-5UTR-Amplicon-short-trimmed+3,248,A,0
SARS-CoV2-5UTR-Amplicon-short-trimmed+3,249,G,0
