Region,Position,Ref_base,Mut_percentage
SARS-CoV2-5UTR-Amplicon-short-trimmed+3,1,T,0
SARS-CoV2-5UTR-Amplicon-short-trimmed+3,2,T,0
SARS-CoV2-5UTR-Amplicon-short-trimmed+3,3,G,0
SARS-CoV2-5UTR-Amplicon-short-trimmed+3,4,t,0
SARS-CoV2-5UTR-Amplicon-short-trimmed+3,5,a,0
SARS-CoV2-5UTR-Amplicon-short-trimmed+3,6,g,0.0607
SARS-CoV2-5UTR-Amplicon-short-trimmed+3,7,a,0.0266
SARS-CoV2-5UTR-Amplicon-short-trimmed+3,8,t,0.0648
SARS-CoV2-5UTR-Amplicon-short-trimmed+3,9,c,0.0634
SARS-CoV2-5UTR-Amplicon-short-trimmed+3,10,t,0.0338
SARS-CoV2-5UTR-Amplicon-short-trimmed+3,11,g,0.1687
SARS-CoV2-5UTR-Amplicon-short-trimmed+3,12,t,0.0637
SARS-CoV2-5UTR-Amplicon-short-trimmed+3,13,t,0.069
SARS-CoV2-5UTR-Amplicon-short-trimmed+3,14,c,0.0967
SARS-CoV2-5UTR-Amplicon-short-trimmed+3,15,t,0.1022
SARS-CoV2-5UTR-Amplicon-short-trimmed+3,16,c,0.0776
SARS-CoV2-5UTR-Amplicon-short-trimmed+3,17,t,0.0412
SARS-CoV2-5UTR-Amplicon-short-trimmed+3,18,a,0.0793
SARS-CoV2-5UTR-Amplicon-short-trimmed+3,19,a,0.0154
SARS-CoV2-5UTR-Amplicon-short-trimmed+3,20,a,0.0251
SARS-CoV2-5UTR-Amplicon-short-trimmed+3,21,c,0.055
SARS-CoV2-5UTR-Amplicon-short-trimmed+3,22,g,0.0442
SARS-CoV2-5UTR-Amplicon-short-trimmed+3,23,a,0.0233
SARS-CoV2-5UTR-Amplicon-short-trimmed+3,24,a,0.0363
SARS-CoV2-5UTR-Amplicon-short-trimmed+3,25,c,1.4502
SARS-CoV2-5UTR-Amplicon-short-trimmed+3,26,t,0.2041
SARS-CoV2-5UTR-Amplicon-short-trimmed+3,27,t,0.1204
SARS-CoV2-5UTR-Amplicon-short-trimmed+3,28,t,0.0405
SARS-CoV2-5UTR-Amplicon-short-trimmed+3,29,a,0.0934
SARS-CoV2-5UTR-Amplicon-short-trimmed+3,30,a,0.0567
SARS-CoV2-5UTR-Amplicon-short-trimmed+3,31,a,0.0608
SARS-CoV2-5UTR-Amplicon-short-trimmed+3,32,a,0.0318
SARS-CoV2-5UTR-Amplicon-short-trimmed+3,33,t,0.0706
SARS-CoV2-5UTR-Amplicon-short-trimmed+3,34,c,0.0582
SARS-CoV2-5UTR-Amplicon-short-trimmed+3,35,t,0.084
SARS-CoV2-5UTR-Amplicon-short-trimmed+3,36,g,0.1368
SARS-CoV2-5UTR-Amplicon-short-trimmed+3,37,t,0.0654
SARS-CoV2-5UTR-Amplicon-short-trimmed+3,38,g,0.0507
SARS-CoV2-5UTR-Amplicon-short-trimmed+3,39,t,0.0578
SARS-CoV2-5UTR-Amplicon-short-trimmed+3,40,g,0.0572
SARS-CoV2-5UTR-Amplicon-short-trimmed+3,41,g,0.1357
SARS-CoV2-5UTR-Amplicon-short-trimmed+3,42,c,0.1
SARS-CoV2-5UTR-Amplicon-short-trimmed+3,43,t,0.1451
SARS-CoV2-5UTR-Amplicon-short-trimmed+3,44,g,0.1037
SARS-CoV2-5UTR-Amplicon-short-trimmed+3,45,t,0.1224
SARS-CoV2-5UTR-Amplicon-short-trimmed+3,46,c,0.0554
SARS-CoV2-5UTR-Amplicon-short-trimmed+3,47,a,0.05
SARS-CoV2-5UTR-Amplicon-short-trimmed+3,48,c,0.0697
SARS-CoV2-5UTR-Amplicon-short-trimmed+3,49,t,0.0487
SARS-CoV2-5UTR-Amplicon-short-trimmed+3,50,c,0.0935
SARS-CoV2-5UTR-Amplicon-short-trimmed+3,51,g,0.0966
SARS-CoV2-5UTR-Amplicon-short-trimmed+3,52,g,0.2164
SARS-CoV2-5UTR-Amplicon-short-trimmed+3,53,c,0.1437
SARS-CoV2-5UTR-Amplicon-short-trimmed+3,54,t,0.0792
SARS-CoV2-5UTR-Amplicon-short-trimmed+3,55,g,0.166
SARS-CoV2-5UTR-Amplicon-short-trimmed+3,56,c,0.1112
SARS-CoV2-5UTR-Amplicon-short-trimmed+3,57,g,0.1934
SARS-CoV2-5UTR-Amplicon-short-trimmed+3,58,t,0.0593
SARS-CoV2-5UTR-Amplicon-short-trimmed+3,59,g,0.1422
SARS-CoV2-5UTR-Amplicon-short-trimmed+3,60,c,0.0881
SARS-CoV2-5UTR-Amplicon-short-trimmed+3,61,t,0.0912
SARS-CoV2-5UTR-Amplicon-short-trimmed+3,62,t,0.0539
SARS-CoV2-5UTR-Amplicon-short-trimmed+3,63,a,0.0476
SARS-CoV2-5UTR-Amplicon-short-trimmed+3,64,g,0.0721
SARS-CoV2-5UTR-Amplicon-short-trimmed+3,65,t,0.0418
SARS-CoV2-5UTR-Amplicon-short-trimmed+3,66,g,0.1222
SARS-CoV2-5UTR-Amplicon-short-trimmed+3,67,c,0.164
SARS-CoV2-5UTR-Amplicon-short-trimmed+3,68,a,0.0608
SARS-CoV2-5UTR-Amplicon-short-trimmed+3,69,c,0.0936
SARS-CoV2-5UTR-Amplicon-short-trimmed+3,70,t,0.0489
SARS-CoV2-5UTR-Amplicon-short-trimmed+3,71,c,0.0548
SARS-CoV2-5UTR-Amplicon-short-trimmed+3,72,a,0.0495
SARS-CoV2-5UTR-Amplicon-short-trimmed+3,73,c,0.0713
SARS-CoV2-5UTR-Amplicon-short-trimmed+3,74,g,0.1288
SARS-CoV2-5UTR-Amplicon-short-trimmed+3,75,c,0.046
SARS-CoV2-5UTR-Amplicon-short-trimmed+3,76,a,0.0674
SARS-CoV2-5UTR-Amplicon-short-trimmed+3,77,g,0.0844
SARS-CoV2-5UTR-Amplicon-short-trimmed+3,78,t,0.0348
SARS-CoV2-5UTR-Amplicon-short-trimmed+3,79,a,0.0346
SARS-CoV2-5UTR-Amplicon-short-trimmed+3,80,t,0.0233
SARS-CoV2-5UTR-Amplicon-short-trimmed+3,81,a,0.0332
SARS-CoV2-5UTR-Amplicon-short-trimmed+3,82,a,0.0608
SARS-CoV2-5UTR-Amplicon-short-trimmed+3,83,t,0.0392
SARS-CoV2-5UTR-Amplicon-short-trimmed+3,84,t,0.0608
SARS-CoV2-5UTR-Amplicon-short-trimmed+3,85,a,0.0662
SARS-CoV2-5UTR-Amplicon-short-trimmed+3,86,a,0.0638
SARS-CoV2-5UTR-Amplicon-short-trimmed+3,87,t,0.033
SARS-CoV2-5UTR-Amplicon-short-trimmed+3,88,a,0.0426
SARS-CoV2-5UTR-Amplicon-short-trimmed+3,89,a,0.0499
SARS-CoV2-5UTR-Amplicon-short-trimmed+3,90,c,0.3347
SARS-CoV2-5UTR-Amplicon-short-trimmed+3,91,t,0.0891
SARS-CoV2-5UTR-Amplicon-short-trimmed+3,92,a,0.0402
SARS-CoV2-5UTR-Amplicon-short-trimmed+3,93,a,0.0412
SARS-CoV2-5UTR-Amplicon-short-trimmed+3,94,t,0.0446
SARS-CoV2-5UTR-Amplicon-short-trimmed+3,95,t,0.0424
SARS-CoV2-5UTR-Amplicon-short-trimmed+3,96,a,0.0402
SARS-CoV2-5UTR-Amplicon-short-trimmed+3,97,c,0.0662
SARS-CoV2-5UTR-Amplicon-short-trimmed+3,98,t,0.3075
SARS-CoV2-5UTR-Amplicon-short-trimmed+3,99,g,0.1069
SARS-CoV2-5UTR-Amplicon-short-trimmed+3,100,t,0.0788
SARS-CoV2-5UTR-Amplicon-short-trimmed+3,101,c,0.0864
SARS-CoV2-5UTR-Amplicon-short-trimmed+3,102,g,0.1017
SARS-CoV2-5UTR-Amplicon-short-trimmed+3,103,t,0.0674
SARS-CoV2-5UTR-Amplicon-short-trimmed+3,104,t,0.0939
SARS-CoV2-5UTR-Amplicon-short-trimmed+3,105,g,0.0807
SARS-CoV2-5UTR-Amplicon-short-trimmed+3,106,a,0.0509
SARS-CoV2-5UTR-Amplicon-short-trimmed+3,107,c,0.0992
SARS-CoV2-5UTR-Amplicon-short-trimmed+3,108,a,0.0867
SARS-CoV2-5UTR-Amplicon-short-trimmed+3,109,g,0.1154
SARS-CoV2-5UTR-Amplicon-short-trimmed+3,110,g,0.1087
SARS-CoV2-5UTR-Amplicon-short-trimmed+3,111,a,0.0501
SARS-CoV2-5UTR-Amplicon-short-trimmed+3,112,c,0.0977
SARS-CoV2-5UTR-Amplicon-short-trimmed+3,113,a,0.0408
SARS-CoV2-5UTR-Amplicon-short-trimmed+3,114,c,0.112
SARS-CoV2-5UTR-Amplicon-short-trimmed+3,115,g,0.0621
SARS-CoV2-5UTR-Amplicon-short-trimmed+3,116,a,0.0701
SARS-CoV2-5UTR-Amplicon-short-trimmed+3,117,g,0.0582
SARS-CoV2-5UTR-Amplicon-short-trimmed+3,118,t,0.1231
SARS-CoV2-5UTR-Amplicon-short-trimmed+3,119,a,0.1047
SARS-CoV2-5UTR-Amplicon-short-trimmed+3,120,a,0.0921
SARS-CoV2-5UTR-Amplicon-short-trimmed+3,121,c,0.1695
SARS-CoV2-5UTR-Amplicon-short-trimmed+3,122,t,0.1522
SARS-CoV2-5UTR-Amplicon-short-trimmed+3,123,c,0.1914
SARS-CoV2-5UTR-Amplicon-short-trimmed+3,124,g,0.1939
SARS-CoV2-5UTR-Amplicon-short-trimmed+3,125,t,0.249
SARS-CoV2-5UTR-Amplicon-short-trimmed+3,126,c,0.1228
SARS-CoV2-5UTR-Amplicon-short-trimmed+3,127,t,0.0613
SARS-CoV2-5UTR-Amplicon-short-trimmed+3,128,a,0.0979
SARS-CoV2-5UTR-Amplicon-short-trimmed+3,129,t,0.3808
SARS-CoV2-5UTR-Amplicon-short-trimmed+3,130,c,0.0812
SARS-CoV2-5UTR-Amplicon-short-trimmed+3,131,t,0.0921
SARS-CoV2-5UTR-Amplicon-short-trimmed+3,132,t,0.141
SARS-CoV2-5UTR-Amplicon-short-trimmed+3,133,c,0.2333
SARS-CoV2-5UTR-Amplicon-short-trimmed+3,134,t,0.1571
SARS-CoV2-5UTR-Amplicon-short-trimmed+3,135,g,0.1387
SARS-CoV2-5UTR-Amplicon-short-trimmed+3,136,c,0.41
SARS-CoV2-5UTR-Amplicon-short-trimmed+3,137,a,0.1934
SARS-CoV2-5UTR-Amplicon-short-trimmed+3,138,g,0.0908
SARS-CoV2-5UTR-Amplicon-short-trimmed+3,139,g,0.2273
SARS-CoV2-5UTR-Amplicon-short-trimmed+3,140,c,0.1283
SARS-CoV2-5UTR-Amplicon-short-trimmed+3,141,t,0.249
SARS-CoV2-5UTR-Amplicon-short-trimmed+3,142,g,0.3301
SARS-CoV2-5UTR-Amplicon-short-trimmed+3,143,c,0.1145
SARS-CoV2-5UTR-Amplicon-short-trimmed+3,144,t,0.0976
SARS-CoV2-5UTR-Amplicon-short-trimmed+3,145,t,0.1045
SARS-CoV2-5UTR-Amplicon-short-trimmed+3,146,a,0.1427
SARS-CoV2-5UTR-Amplicon-short-trimmed+3,147,c,0.1572
SARS-CoV2-5UTR-Amplicon-short-trimmed+3,148,g,0.3628
SARS-CoV2-5UTR-Amplicon-short-trimmed+3,149,g,0.1412
SARS-CoV2-5UTR-Amplicon-short-trimmed+3,150,t,0.1484
SARS-CoV2-5UTR-Amplicon-short-trimmed+3,151,t,0.1366
SARS-CoV2-5UTR-Amplicon-short-trimmed+3,152,t,0.1794
SARS-CoV2-5UTR-Amplicon-short-trimmed+3,153,c,0.2245
SARS-CoV2-5UTR-Amplicon-short-trimmed+3,154,g,0.0967
SARS-CoV2-5UTR-Amplicon-short-trimmed+3,155,t,0.2618
SARS-CoV2-5UTR-Amplicon-short-trimmed+3,156,c,0.2105
SARS-CoV2-5UTR-Amplicon-short-trimmed+3,157,c,0.1795
SARS-CoV2-5UTR-Amplicon-short-trimmed+3,158,g,0.1085
SARS-CoV2-5UTR-Amplicon-short-trimmed+3,159,t,1.0404
SARS-CoV2-5UTR-Amplicon-short-trimmed+3,160,g,0.0958
SARS-CoV2-5UTR-Amplicon-short-trimmed+3,161,t,0.1203
SARS-CoV2-5UTR-Amplicon-short-trimmed+3,162,t,0.1562
SARS-CoV2-5UTR-Amplicon-short-trimmed+3,163,g,0.1111
SARS-CoV2-5UTR-Amplicon-short-trimmed+3,164,c,0.2505
SARS-CoV2-5UTR-Amplicon-short-trimmed+3,165,a,0.3185
SARS-CoV2-5UTR-Amplicon-short-trimmed+3,166,g,0.4862
SARS-CoV2-5UTR-Amplicon-short-trimmed+3,167,c,0.3004
SARS-CoV2-5UTR-Amplicon-short-trimmed+3,168,c,0.5154
SARS-CoV2-5UTR-Amplicon-short-trimmed+3,169,g,0.0989
SARS-CoV2-5UTR-Amplicon-short-trimmed+3,170,a,0.0997
SARS-CoV2-5UTR-Amplicon-short-trimmed+3,171,t,0.1065
SARS-CoV2-5UTR-Amplicon-short-trimmed+3,172,c,0.1659
SARS-CoV2-5UTR-Amplicon-short-trimmed+3,173,a,0.0537
SARS-CoV2-5UTR-Amplicon-short-trimmed+3,174,t,0.0673
SARS-CoV2-5UTR-Amplicon-short-trimmed+3,175,c,0.2055
SARS-CoV2-5UTR-Amplicon-short-trimmed+3,176,a,0.1239
SARS-CoV2-5UTR-Amplicon-short-trimmed+3,177,g,0.1363
SARS-CoV2-5UTR-Amplicon-short-trimmed+3,178,c,0.5677
SARS-CoV2-5UTR-Amplicon-short-trimmed+3,179,a,0.1059
SARS-CoV2-5UTR-Amplicon-short-trimmed+3,180,c,0.1057
SARS-CoV2-5UTR-Amplicon-short-trimmed+3,181,a,0.0851
SARS-CoV2-5UTR-Amplicon-short-trimmed+3,182,t,0.1335
SARS-CoV2-5UTR-Amplicon-short-trimmed+3,183,c,0.0927
SARS-CoV2-5UTR-Amplicon-short-trimmed+3,184,t,0.1052
SARS-CoV2-5UTR-Amplicon-short-trimmed+3,185,a,0.182
SARS-CoV2-5UTR-Amplicon-short-trimmed+3,186,g,0.114
SARS-CoV2-5UTR-Amplicon-short-trimmed+3,187,g,0.1036
SARS-CoV2-5UTR-Amplicon-short-trimmed+3,188,t,0.1402
SARS-CoV2-5UTR-Amplicon-short-trimmed+3,189,t,0.2744
SARS-CoV2-5UTR-Amplicon-short-trimmed+3,190,t,0.3099
SARS-CoV2-5UTR-Amplicon-short-trimmed+3,191,c,0.1771
SARS-CoV2-5UTR-Amplicon-short-trimmed+3,192,g,0.0991
SARS-CoV2-5UTR-Amplicon-short-trimmed+3,193,t,0.9049
SARS-CoV2-5UTR-Amplicon-short-trimmed+3,194,c,0.1719
SARS-CoV2-5UTR-Amplicon-short-trimmed+3,195,c,0.2065
SARS-CoV2-5UTR-Amplicon-short-trimmed+3,196,g,0.3444
SARS-CoV2-5UTR-Amplicon-short-trimmed+3,197,g,0.1521
SARS-CoV2-5UTR-Amplicon-short-trimmed+3,198,g,0.5031
SARS-CoV2-5UTR-Amplicon-short-trimmed+3,199,t,0.2106
SARS-CoV2-5UTR-Amplicon-short-trimmed+3,200,g,0.0881
SARS-CoV2-5UTR-Amplicon-short-trimmed+3,201,t,0.1133
SARS-CoV2-5UTR-Amplicon-short-trimmed+3,202,g,0.1099
SARS-CoV2-5UTR-Amplicon-short-trimmed+3,203,a,0.2791
SARS-CoV2-5UTR-Amplicon-short-trimmed+3,204,c,0.125
SARS-CoV2-5UTR-Amplicon-short-trimmed+3,205,c,0.1085
SARS-CoV2-5UTR-Amplicon-short-trimmed+3,206,g,0.1122
SARS-CoV2-5UTR-Amplicon-short-trimmed+3,207,a,0.1072
SARS-CoV2-5UTR-Amplicon-short-trimmed+3,208,a,0.0605
SARS-CoV2-5UTR-Amplicon-short-trimmed+3,209,a,0.1357
SARS-CoV2-5UTR-Amplicon-short-trimmed+3,210,g,0.1279
SARS-CoV2-5UTR-Amplicon-short-trimmed+3,211,g,0.146
SARS-CoV2-5UTR-Amplicon-short-trimmed+3,212,t,0.1045
SARS-CoV2-5UTR-Amplicon-short-trimmed+3,213,a,0.0556
SARS-CoV2-5UTR-Amplicon-short-trimmed+3,214,a,0.0742
SARS-CoV2-5UTR-Amplicon-short-trimmed+3,215,g,0.0751
SARS-CoV2-5UTR-Amplicon-short-trimmed+3,216,a,0.0587
SARS-CoV2-5UTR-Amplicon-short-trimmed+3,217,t,0.1194
SARS-CoV2-5UTR-Amplicon-short-trimmed+3,218,g,0.0719
SARS-CoV2-5UTR-Amplicon-short-trimmed+3,219,g,0.0753
SARS-CoV2-5UTR-Amplicon-short-trimmed+3,220,a,0.2415
SARS-CoV2-5UTR-Amplicon-short-trimmed+3,221,g,0.147
SARS-CoV2-5UTR-Amplicon-short-trimmed+3,222,a,0.0777
SARS-CoV2-5UTR-Amplicon-short-trimmed+3,223,g,0.1845
SARS-CoV2-5UTR-Amplicon-short-trimmed+3,224,c,0.0928
SARS-CoV2-5UTR-Amplicon-short-trimmed+3,225,c,0.0918
SARS-CoV2-5UTR-Amplicon-short-trimmed+3,226,t,0.0564
SARS-CoV2-5UTR-Amplicon-short-trimmed+3,227,t,0.2817
SARS-CoV2-5UTR-Amplicon-short-trimmed+3,228,g,0.0594
SARS-CoV2-5UTR-Amplicon-short-trimmed+3,229,t,0.1166
SARS-CoV2-5UTR-Amplicon-short-trimmed+3,230,c,0.0714
SARS-CoV2-5UTR-Amplicon-short-trimmed+3,231,c,0.0673
SARS-CoV2-5UTR-Amplicon-short-trimmed+3,232,c,0.1067
SARS-CoV2-5UTR-Amplicon-short-trimmed+3,233,t,0.1676
SARS-CoV2-5UTR-Amplicon-short-trimmed+3,234,g,0.0925
SARS-CoV2-5UTR-Amplicon-short-trimmed+3,235,g,0.1248
SARS-CoV2-5UTR-Amplicon-short-trimmed+3,236,t,0.076
SARS-CoV2-5UTR-Amplicon-short-trimmed+3,237,t,0.0515
SARS-CoV2-5UTR-Amplicon-short-trimmed+3,238,t,0.1108
SARS-CoV2-5UTR-Amplicon-short-trimmed+3,239,c,0.6797
SARS-CoV2-5UTR-Amplicon-short-trimmed+3,240,a,0.0828
SARS-CoV2-5UTR-Amplicon-short-trimmed+3,241,a,0.0718
SARS-CoV2-5UTR-Amplicon-short-trimmed+3,242,c,0.0941
SARS-CoV2-5UTR-Amplicon-short-trimmed+3,243,g,0.0377
SARS-CoV2-5UTR-Amplicon-short-trimmed+3,244,a,0.2084
SARS-CoV2-5UTR-Amplicon-short-trimmed+3,245,g,0
SARS-CoV2-5UTR-Amplicon-short-trimmed+3,246,g,1e-04
SARS-CoV2-5UTR-Amplicon-short-trimmed+3,247,G,0
SARS-CoV2-5UTR-Amplicon-short-trimmed+3,248,A,0
SARS-CoV2-5UTR-Amplicon-short-trimmed+3,249,G,0
