Region,Position,Ref_base,Mut_percentage
SARS-CoV2-5UTR-Amplicon-short-trimmed+3,1,T,0
SARS-CoV2-5UTR-Amplicon-short-trimmed+3,2,T,0
SARS-CoV2-5UTR-Amplicon-short-trimmed+3,3,G,0
SARS-CoV2-5UTR-Amplicon-short-trimmed+3,4,t,0
SARS-CoV2-5UTR-Amplicon-short-trimmed+3,5,a,0
SARS-CoV2-5UTR-Amplicon-short-trimmed+3,6,g,0.0665
SARS-CoV2-5UTR-Amplicon-short-trimmed+3,7,a,0.0278
SARS-CoV2-5UTR-Amplicon-short-trimmed+3,8,t,0.0687
SARS-CoV2-5UTR-Amplicon-short-trimmed+3,9,c,0.0592
SARS-CoV2-5UTR-Amplicon-short-trimmed+3,10,t,0.0325
SARS-CoV2-5UTR-Amplicon-short-trimmed+3,11,g,0.1841
SARS-CoV2-5UTR-Amplicon-short-trimmed+3,12,t,0.0663
SARS-CoV2-5UTR-Amplicon-short-trimmed+3,13,t,0.0629
SARS-CoV2-5UTR-Amplicon-short-trimmed+3,14,c,0.0604
SARS-CoV2-5UTR-Amplicon-short-trimmed+3,15,t,0.1124
SARS-CoV2-5UTR-Amplicon-short-trimmed+3,16,c,0.0668
SARS-CoV2-5UTR-Amplicon-short-trimmed+3,17,t,0.043
SARS-CoV2-5UTR-Amplicon-short-trimmed+3,18,a,0.0929
SARS-CoV2-5UTR-Amplicon-short-trimmed+3,19,a,0.023
SARS-CoV2-5UTR-Amplicon-short-trimmed+3,20,a,0.0304
SARS-CoV2-5UTR-Amplicon-short-trimmed+3,21,c,0.0342
SARS-CoV2-5UTR-Amplicon-short-trimmed+3,22,g,0.0675
SARS-CoV2-5UTR-Amplicon-short-trimmed+3,23,a,0.0325
SARS-CoV2-5UTR-Amplicon-short-trimmed+3,24,a,0.0412
SARS-CoV2-5UTR-Amplicon-short-trimmed+3,25,c,4.7259
SARS-CoV2-5UTR-Amplicon-short-trimmed+3,26,t,0.1866
SARS-CoV2-5UTR-Amplicon-short-trimmed+3,27,t,0.1111
SARS-CoV2-5UTR-Amplicon-short-trimmed+3,28,t,0.0314
SARS-CoV2-5UTR-Amplicon-short-trimmed+3,29,a,0.0852
SARS-CoV2-5UTR-Amplicon-short-trimmed+3,30,a,0.0469
SARS-CoV2-5UTR-Amplicon-short-trimmed+3,31,a,0.092
SARS-CoV2-5UTR-Amplicon-short-trimmed+3,32,a,0.0344
SARS-CoV2-5UTR-Amplicon-short-trimmed+3,33,t,0.0617
SARS-CoV2-5UTR-Amplicon-short-trimmed+3,34,c,0.0337
SARS-CoV2-5UTR-Amplicon-short-trimmed+3,35,t,0.0698
SARS-CoV2-5UTR-Amplicon-short-trimmed+3,36,g,0.0993
SARS-CoV2-5UTR-Amplicon-short-trimmed+3,37,t,0.0735
SARS-CoV2-5UTR-Amplicon-short-trimmed+3,38,g,0.0437
SARS-CoV2-5UTR-Amplicon-short-trimmed+3,39,t,0.056
SARS-CoV2-5UTR-Amplicon-short-trimmed+3,40,g,0.0486
SARS-CoV2-5UTR-Amplicon-short-trimmed+3,41,g,0.123
SARS-CoV2-5UTR-Amplicon-short-trimmed+3,42,c,0.0799
SARS-CoV2-5UTR-Amplicon-short-trimmed+3,43,t,0.1354
SARS-CoV2-5UTR-Amplicon-short-trimmed+3,44,g,0.0968
SARS-CoV2-5UTR-Amplicon-short-trimmed+3,45,t,0.1272
SARS-CoV2-5UTR-Amplicon-short-trimmed+3,46,c,0.0412
SARS-CoV2-5UTR-Amplicon-short-trimmed+3,47,a,0.0458
SARS-CoV2-5UTR-Amplicon-short-trimmed+3,48,c,0.041
SARS-CoV2-5UTR-Amplicon-short-trimmed+3,49,t,0.057
SARS-CoV2-5UTR-Amplicon-short-trimmed+3,50,c,0.0604
SARS-CoV2-5UTR-Amplicon-short-trimmed+3,51,g,0.0852
SARS-CoV2-5UTR-Amplicon-short-trimmed+3,52,g,0.1948
SARS-CoV2-5UTR-Amplicon-short-trimmed+3,53,c,0.1277
SARS-CoV2-5UTR-Amplicon-short-trimmed+3,54,t,0.0832
SARS-CoV2-5UTR-Amplicon-short-trimmed+3,55,g,0.1991
SARS-CoV2-5UTR-Amplicon-short-trimmed+3,56,c,0.0887
SARS-CoV2-5UTR-Amplicon-short-trimmed+3,57,g,0.1958
SARS-CoV2-5UTR-Amplicon-short-trimmed+3,58,t,0.078
SARS-CoV2-5UTR-Amplicon-short-trimmed+3,59,g,0.1434
SARS-CoV2-5UTR-Amplicon-short-trimmed+3,60,c,0.0771
SARS-CoV2-5UTR-Amplicon-short-trimmed+3,61,t,0.1121
SARS-CoV2-5UTR-Amplicon-short-trimmed+3,62,t,0.0535
SARS-CoV2-5UTR-Amplicon-short-trimmed+3,63,a,0.0537
SARS-CoV2-5UTR-Amplicon-short-trimmed+3,64,g,0.0666
SARS-CoV2-5UTR-Amplicon-short-trimmed+3,65,t,0.0391
SARS-CoV2-5UTR-Amplicon-short-trimmed+3,66,g,0.1215
SARS-CoV2-5UTR-Amplicon-short-trimmed+3,67,c,0.1378
SARS-CoV2-5UTR-Amplicon-short-trimmed+3,68,a,0.0746
SARS-CoV2-5UTR-Amplicon-short-trimmed+3,69,c,0.0626
SARS-CoV2-5UTR-Amplicon-short-trimmed+3,70,t,0.0584
SARS-CoV2-5UTR-Amplicon-short-trimmed+3,71,c,0.0534
SARS-CoV2-5UTR-Amplicon-short-trimmed+3,72,a,0.0569
SARS-CoV2-5UTR-Amplicon-short-trimmed+3,73,c,0.0595
SARS-CoV2-5UTR-Amplicon-short-trimmed+3,74,g,0.1178
SARS-CoV2-5UTR-Amplicon-short-trimmed+3,75,c,0.0295
SARS-CoV2-5UTR-Amplicon-short-trimmed+3,76,a,0.1006
SARS-CoV2-5UTR-Amplicon-short-trimmed+3,77,g,0.0847
SARS-CoV2-5UTR-Amplicon-short-trimmed+3,78,t,0.0489
SARS-CoV2-5UTR-Amplicon-short-trimmed+3,79,a,0.044
SARS-CoV2-5UTR-Amplicon-short-trimmed+3,80,t,0.0282
SARS-CoV2-5UTR-Amplicon-short-trimmed+3,81,a,0.0458
SARS-CoV2-5UTR-Amplicon-short-trimmed+3,82,a,0.071
SARS-CoV2-5UTR-Amplicon-short-trimmed+3,83,t,0.0375
SARS-CoV2-5UTR-Amplicon-short-trimmed+3,84,t,0.0853
SARS-CoV2-5UTR-Amplicon-short-trimmed+3,85,a,0.0989
SARS-CoV2-5UTR-Amplicon-short-trimmed+3,86,a,0.0673
SARS-CoV2-5UTR-Amplicon-short-trimmed+3,87,t,0.0312
SARS-CoV2-5UTR-Amplicon-short-trimmed+3,88,a,0.059
SARS-CoV2-5UTR-Amplicon-short-trimmed+3,89,a,0.062
SARS-CoV2-5UTR-Amplicon-short-trimmed+3,90,c,0.3094
SARS-CoV2-5UTR-Amplicon-short-trimmed+3,91,t,0.0997
SARS-CoV2-5UTR-Amplicon-short-trimmed+3,92,a,0.0464
SARS-CoV2-5UTR-Amplicon-short-trimmed+3,93,a,0.0498
SARS-CoV2-5UTR-Amplicon-short-trimmed+3,94,t,0.0566
SARS-CoV2-5UTR-Amplicon-short-trimmed+3,95,t,0.0523
SARS-CoV2-5UTR-Amplicon-short-trimmed+3,96,a,0.0509
SARS-CoV2-5UTR-Amplicon-short-trimmed+3,97,c,0.045
SARS-CoV2-5UTR-Amplicon-short-trimmed+3,98,t,0.2869
SARS-CoV2-5UTR-Amplicon-short-trimmed+3,99,g,0.0987
SARS-CoV2-5UTR-Amplicon-short-trimmed+3,100,t,0.11
SARS-CoV2-5UTR-Amplicon-short-trimmed+3,101,c,0.0576
SARS-CoV2-5UTR-Amplicon-short-trimmed+3,102,g,0.1078
SARS-CoV2-5UTR-Amplicon-short-trimmed+3,103,t,0.0813
SARS-CoV2-5UTR-Amplicon-short-trimmed+3,104,t,0.1214
SARS-CoV2-5UTR-Amplicon-short-trimmed+3,105,g,0.0817
SARS-CoV2-5UTR-Amplicon-short-trimmed+3,106,a,0.0601
SARS-CoV2-5UTR-Amplicon-short-trimmed+3,107,c,0.0854
SARS-CoV2-5UTR-Amplicon-short-trimmed+3,108,a,0.1121
SARS-CoV2-5UTR-Amplicon-short-trimmed+3,109,g,0.1066
SARS-CoV2-5UTR-Amplicon-short-trimmed+3,110,g,0.1039
SARS-CoV2-5UTR-Amplicon-short-trimmed+3,111,a,0.0531
SARS-CoV2-5UTR-Amplicon-short-trimmed+3,112,c,0.0829
SARS-CoV2-5UTR-Amplicon-short-trimmed+3,113,a,0.0868
SARS-CoV2-5UTR-Amplicon-short-trimmed+3,114,c,0.0939
SARS-CoV2-5UTR-Amplicon-short-trimmed+3,115,g,0.061
SARS-CoV2-5UTR-Amplicon-short-trimmed+3,116,a,0.0833
SARS-CoV2-5UTR-Amplicon-short-trimmed+3,117,g,0.0583
SARS-CoV2-5UTR-Amplicon-short-trimmed+3,118,t,0.1522
SARS-CoV2-5UTR-Amplicon-short-trimmed+3,119,a,0.1648
SARS-CoV2-5UTR-Amplicon-short-trimmed+3,120,a,0.1112
SARS-CoV2-5UTR-Amplicon-short-trimmed+3,121,c,0.1768
SARS-CoV2-5UTR-Amplicon-short-trimmed+3,122,t,0.2074
SARS-CoV2-5UTR-Amplicon-short-trimmed+3,123,c,0.2129
SARS-CoV2-5UTR-Amplicon-short-trimmed+3,124,g,0.1849
SARS-CoV2-5UTR-Amplicon-short-trimmed+3,125,t,0.2863
SARS-CoV2-5UTR-Amplicon-short-trimmed+3,126,c,0.1223
SARS-CoV2-5UTR-Amplicon-short-trimmed+3,127,t,0.0833
SARS-CoV2-5UTR-Amplicon-short-trimmed+3,128,a,0.1345
SARS-CoV2-5UTR-Amplicon-short-trimmed+3,129,t,0.5056
SARS-CoV2-5UTR-Amplicon-short-trimmed+3,130,c,0.0776
SARS-CoV2-5UTR-Amplicon-short-trimmed+3,131,t,0.1135
SARS-CoV2-5UTR-Amplicon-short-trimmed+3,132,t,0.2014
SARS-CoV2-5UTR-Amplicon-short-trimmed+3,133,c,0.2607
SARS-CoV2-5UTR-Amplicon-short-trimmed+3,134,t,0.2019
SARS-CoV2-5UTR-Amplicon-short-trimmed+3,135,g,0.133
SARS-CoV2-5UTR-Amplicon-short-trimmed+3,136,c,0.4065
SARS-CoV2-5UTR-Amplicon-short-trimmed+3,137,a,0.2386
SARS-CoV2-5UTR-Amplicon-short-trimmed+3,138,g,0.1061
SARS-CoV2-5UTR-Amplicon-short-trimmed+3,139,g,0.2655
SARS-CoV2-5UTR-Amplicon-short-trimmed+3,140,c,0.1262
SARS-CoV2-5UTR-Amplicon-short-trimmed+3,141,t,0.293
SARS-CoV2-5UTR-Amplicon-short-trimmed+3,142,g,0.4174
SARS-CoV2-5UTR-Amplicon-short-trimmed+3,143,c,0.1213
SARS-CoV2-5UTR-Amplicon-short-trimmed+3,144,t,0.1122
SARS-CoV2-5UTR-Amplicon-short-trimmed+3,145,t,0.1361
SARS-CoV2-5UTR-Amplicon-short-trimmed+3,146,a,0.1994
SARS-CoV2-5UTR-Amplicon-short-trimmed+3,147,c,0.1548
SARS-CoV2-5UTR-Amplicon-short-trimmed+3,148,g,0.3563
SARS-CoV2-5UTR-Amplicon-short-trimmed+3,149,g,0.1568
SARS-CoV2-5UTR-Amplicon-short-trimmed+3,150,t,0.1741
SARS-CoV2-5UTR-Amplicon-short-trimmed+3,151,t,0.1483
SARS-CoV2-5UTR-Amplicon-short-trimmed+3,152,t,0.2177
SARS-CoV2-5UTR-Amplicon-short-trimmed+3,153,c,0.2348
SARS-CoV2-5UTR-Amplicon-short-trimmed+3,154,g,0.0953
SARS-CoV2-5UTR-Amplicon-short-trimmed+3,155,t,0.3253
SARS-CoV2-5UTR-Amplicon-short-trimmed+3,156,c,0.2028
SARS-CoV2-5UTR-Amplicon-short-trimmed+3,157,c,0.2177
SARS-CoV2-5UTR-Amplicon-short-trimmed+3,158,g,0.1162
SARS-CoV2-5UTR-Amplicon-short-trimmed+3,159,t,1.2797
SARS-CoV2-5UTR-Amplicon-short-trimmed+3,160,g,0.0963
SARS-CoV2-5UTR-Amplicon-short-trimmed+3,161,t,0.138
SARS-CoV2-5UTR-Amplicon-short-trimmed+3,162,t,0.182
SARS-CoV2-5UTR-Amplicon-short-trimmed+3,163,g,0.1227
SARS-CoV2-5UTR-Amplicon-short-trimmed+3,164,c,0.2971
SARS-CoV2-5UTR-Amplicon-short-trimmed+3,165,a,0.4687
SARS-CoV2-5UTR-Amplicon-short-trimmed+3,166,g,0.6949
SARS-CoV2-5UTR-Amplicon-short-trimmed+3,167,c,0.2425
SARS-CoV2-5UTR-Amplicon-short-trimmed+3,168,c,0.5611
SARS-CoV2-5UTR-Amplicon-short-trimmed+3,169,g,0.1016
SARS-CoV2-5UTR-Amplicon-short-trimmed+3,170,a,0.1298
SARS-CoV2-5UTR-Amplicon-short-trimmed+3,171,t,0.1238
SARS-CoV2-5UTR-Amplicon-short-trimmed+3,172,c,0.1867
SARS-CoV2-5UTR-Amplicon-short-trimmed+3,173,a,0.0583
SARS-CoV2-5UTR-Amplicon-short-trimmed+3,174,t,0.0874
SARS-CoV2-5UTR-Amplicon-short-trimmed+3,175,c,0.222
SARS-CoV2-5UTR-Amplicon-short-trimmed+3,176,a,0.1327
SARS-CoV2-5UTR-Amplicon-short-trimmed+3,177,g,0.114
SARS-CoV2-5UTR-Amplicon-short-trimmed+3,178,c,0.6255
SARS-CoV2-5UTR-Amplicon-short-trimmed+3,179,a,0.1153
SARS-CoV2-5UTR-Amplicon-short-trimmed+3,180,c,0.0949
SARS-CoV2-5UTR-Amplicon-short-trimmed+3,181,a,0.1007
SARS-CoV2-5UTR-Amplicon-short-trimmed+3,182,t,0.1493
SARS-CoV2-5UTR-Amplicon-short-trimmed+3,183,c,0.0843
SARS-CoV2-5UTR-Amplicon-short-trimmed+3,184,t,0.1031
SARS-CoV2-5UTR-Amplicon-short-trimmed+3,185,a,0.1864
SARS-CoV2-5UTR-Amplicon-short-trimmed+3,186,g,0.0828
SARS-CoV2-5UTR-Amplicon-short-trimmed+3,187,g,0.0967
SARS-CoV2-5UTR-Amplicon-short-trimmed+3,188,t,0.1508
SARS-CoV2-5UTR-Amplicon-short-trimmed+3,189,t,0.2858
SARS-CoV2-5UTR-Amplicon-short-trimmed+3,190,t,0.3632
SARS-CoV2-5UTR-Amplicon-short-trimmed+3,191,c,0.1476
SARS-CoV2-5UTR-Amplicon-short-trimmed+3,192,g,0.0844
SARS-CoV2-5UTR-Amplicon-short-trimmed+3,193,t,1.0786
SARS-CoV2-5UTR-Amplicon-short-trimmed+3,194,c,0.1165
SARS-CoV2-5UTR-Amplicon-short-trimmed+3,195,c,0.1716
SARS-CoV2-5UTR-Amplicon-short-trimmed+3,196,g,0.336
SARS-CoV2-5UTR-Amplicon-short-trimmed+3,197,g,0.1456
SARS-CoV2-5UTR-Amplicon-short-trimmed+3,198,g,0.4186
SARS-CoV2-5UTR-Amplicon-short-trimmed+3,199,t,0.2395
SARS-CoV2-5UTR-Amplicon-short-trimmed+3,200,g,0.0891
SARS-CoV2-5UTR-Amplicon-short-trimmed+3,201,t,0.133
SARS-CoV2-5UTR-Amplicon-short-trimmed+3,202,g,0.1024
SARS-CoV2-5UTR-Amplicon-short-trimmed+3,203,a,0.2966
SARS-CoV2-5UTR-Amplicon-short-trimmed+3,204,c,0.1008
SARS-CoV2-5UTR-Amplicon-short-trimmed+3,205,c,0.0952
SARS-CoV2-5UTR-Amplicon-short-trimmed+3,206,g,0.0792
SARS-CoV2-5UTR-Amplicon-short-trimmed+3,207,a,0.1068
SARS-CoV2-5UTR-Amplicon-short-trimmed+3,208,a,0.0694
SARS-CoV2-5UTR-Amplicon-short-trimmed+3,209,a,0.1543
SARS-CoV2-5UTR-Amplicon-short-trimmed+3,210,g,0.1254
SARS-CoV2-5UTR-Amplicon-short-trimmed+3,211,g,0.1248
SARS-CoV2-5UTR-Amplicon-short-trimmed+3,212,t,0.1354
SARS-CoV2-5UTR-Amplicon-short-trimmed+3,213,a,0.0644
SARS-CoV2-5UTR-Amplicon-short-trimmed+3,214,a,0.0756
SARS-CoV2-5UTR-Amplicon-short-trimmed+3,215,g,0.0739
SARS-CoV2-5UTR-Amplicon-short-trimmed+3,216,a,0.0421
SARS-CoV2-5UTR-Amplicon-short-trimmed+3,217,t,0.1134
SARS-CoV2-5UTR-Amplicon-short-trimmed+3,218,g,0.0647
SARS-CoV2-5UTR-Amplicon-short-trimmed+3,219,g,0.0748
SARS-CoV2-5UTR-Amplicon-short-trimmed+3,220,a,0.2331
SARS-CoV2-5UTR-Amplicon-short-trimmed+3,221,g,0.1595
SARS-CoV2-5UTR-Amplicon-short-trimmed+3,222,a,0.076
SARS-CoV2-5UTR-Amplicon-short-trimmed+3,223,g,0.2213
SARS-CoV2-5UTR-Amplicon-short-trimmed+3,224,c,0.07
SARS-CoV2-5UTR-Amplicon-short-trimmed+3,225,c,0.076
SARS-CoV2-5UTR-Amplicon-short-trimmed+3,226,t,0.0559
SARS-CoV2-5UTR-Amplicon-short-trimmed+3,227,t,0.2974
SARS-CoV2-5UTR-Amplicon-short-trimmed+3,228,g,0.057
SARS-CoV2-5UTR-Amplicon-short-trimmed+3,229,t,0.1385
SARS-CoV2-5UTR-Amplicon-short-trimmed+3,230,c,0.0598
SARS-CoV2-5UTR-Amplicon-short-trimmed+3,231,c,0.0608
SARS-CoV2-5UTR-Amplicon-short-trimmed+3,232,c,0.0908
SARS-CoV2-5UTR-Amplicon-short-trimmed+3,233,t,0.1623
SARS-CoV2-5UTR-Amplicon-short-trimmed+3,234,g,0.0875
SARS-CoV2-5UTR-Amplicon-short-trimmed+3,235,g,0.1529
SARS-CoV2-5UTR-Amplicon-short-trimmed+3,236,t,0.0727
SARS-CoV2-5UTR-Amplicon-short-trimmed+3,237,t,0.0611
SARS-CoV2-5UTR-Amplicon-short-trimmed+3,238,t,0.1235
SARS-CoV2-5UTR-Amplicon-short-trimmed+3,239,c,0.5882
SARS-CoV2-5UTR-Amplicon-short-trimmed+3,240,a,0.0815
SARS-CoV2-5UTR-Amplicon-short-trimmed+3,241,a,0.0701
SARS-CoV2-5UTR-Amplicon-short-trimmed+3,242,c,0.0708
SARS-CoV2-5UTR-Amplicon-short-trimmed+3,243,g,0.024
SARS-CoV2-5UTR-Amplicon-short-trimmed+3,244,a,0.2062
SARS-CoV2-5UTR-Amplicon-short-trimmed+3,245,g,0
SARS-CoV2-5UTR-Amplicon-short-trimmed+3,246,g,0
SARS-CoV2-5UTR-Amplicon-short-trimmed+3,247,G,0
SARS-CoV2-5UTR-Amplicon-short-trimmed+3,248,A,0
SARS-CoV2-5UTR-Amplicon-short-trimmed+3,249,G,0
