Region,Position,Ref_base,Mut_percentage
SARS-CoV2-5UTR-Amplicon-short-trimmed+3,1,T,0
SARS-CoV2-5UTR-Amplicon-short-trimmed+3,2,T,0
SARS-CoV2-5UTR-Amplicon-short-trimmed+3,3,G,0
SARS-CoV2-5UTR-Amplicon-short-trimmed+3,4,t,0
SARS-CoV2-5UTR-Amplicon-short-trimmed+3,5,a,0
SARS-CoV2-5UTR-Amplicon-short-trimmed+3,6,g,0.0562
SARS-CoV2-5UTR-Amplicon-short-trimmed+3,7,a,0.0215
SARS-CoV2-5UTR-Amplicon-short-trimmed+3,8,t,0.0746
SARS-CoV2-5UTR-Amplicon-short-trimmed+3,9,c,0.0599
SARS-CoV2-5UTR-Amplicon-short-trimmed+3,10,t,0.0318
SARS-CoV2-5UTR-Amplicon-short-trimmed+3,11,g,0.2341
SARS-CoV2-5UTR-Amplicon-short-trimmed+3,12,t,0.0645
SARS-CoV2-5UTR-Amplicon-short-trimmed+3,13,t,0.07
SARS-CoV2-5UTR-Amplicon-short-trimmed+3,14,c,0.0734
SARS-CoV2-5UTR-Amplicon-short-trimmed+3,15,t,0.1159
SARS-CoV2-5UTR-Amplicon-short-trimmed+3,16,c,0.0841
SARS-CoV2-5UTR-Amplicon-short-trimmed+3,17,t,0.0388
SARS-CoV2-5UTR-Amplicon-short-trimmed+3,18,a,0.0692
SARS-CoV2-5UTR-Amplicon-short-trimmed+3,19,a,0.0154
SARS-CoV2-5UTR-Amplicon-short-trimmed+3,20,a,0.0274
SARS-CoV2-5UTR-Amplicon-short-trimmed+3,21,c,0.0503
SARS-CoV2-5UTR-Amplicon-short-trimmed+3,22,g,0.0387
SARS-CoV2-5UTR-Amplicon-short-trimmed+3,23,a,0.0216
SARS-CoV2-5UTR-Amplicon-short-trimmed+3,24,a,0.0391
SARS-CoV2-5UTR-Amplicon-short-trimmed+3,25,c,1.7955
SARS-CoV2-5UTR-Amplicon-short-trimmed+3,26,t,0.2001
SARS-CoV2-5UTR-Amplicon-short-trimmed+3,27,t,0.1355
SARS-CoV2-5UTR-Amplicon-short-trimmed+3,28,t,0.0327
SARS-CoV2-5UTR-Amplicon-short-trimmed+3,29,a,0.0681
SARS-CoV2-5UTR-Amplicon-short-trimmed+3,30,a,0.0383
SARS-CoV2-5UTR-Amplicon-short-trimmed+3,31,a,0.0623
SARS-CoV2-5UTR-Amplicon-short-trimmed+3,32,a,0.0352
SARS-CoV2-5UTR-Amplicon-short-trimmed+3,33,t,0.07
SARS-CoV2-5UTR-Amplicon-short-trimmed+3,34,c,0.0421
SARS-CoV2-5UTR-Amplicon-short-trimmed+3,35,t,0.0602
SARS-CoV2-5UTR-Amplicon-short-trimmed+3,36,g,0.0954
SARS-CoV2-5UTR-Amplicon-short-trimmed+3,37,t,0.0571
SARS-CoV2-5UTR-Amplicon-short-trimmed+3,38,g,0.0392
SARS-CoV2-5UTR-Amplicon-short-trimmed+3,39,t,0.0543
SARS-CoV2-5UTR-Amplicon-short-trimmed+3,40,g,0.0468
SARS-CoV2-5UTR-Amplicon-short-trimmed+3,41,g,0.1194
SARS-CoV2-5UTR-Amplicon-short-trimmed+3,42,c,0.0774
SARS-CoV2-5UTR-Amplicon-short-trimmed+3,43,t,0.1515
SARS-CoV2-5UTR-Amplicon-short-trimmed+3,44,g,0.0985
SARS-CoV2-5UTR-Amplicon-short-trimmed+3,45,t,0.1062
SARS-CoV2-5UTR-Amplicon-short-trimmed+3,46,c,0.0461
SARS-CoV2-5UTR-Amplicon-short-trimmed+3,47,a,0.0478
SARS-CoV2-5UTR-Amplicon-short-trimmed+3,48,c,0.0494
SARS-CoV2-5UTR-Amplicon-short-trimmed+3,49,t,0.056
SARS-CoV2-5UTR-Amplicon-short-trimmed+3,50,c,0.0725
SARS-CoV2-5UTR-Amplicon-short-trimmed+3,51,g,0.0939
SARS-CoV2-5UTR-Amplicon-short-trimmed+3,52,g,0.2146
SARS-CoV2-5UTR-Amplicon-short-trimmed+3,53,c,0.1741
SARS-CoV2-5UTR-Amplicon-short-trimmed+3,54,t,0.0617
SARS-CoV2-5UTR-Amplicon-short-trimmed+3,55,g,0.2231
SARS-CoV2-5UTR-Amplicon-short-trimmed+3,56,c,0.1209
SARS-CoV2-5UTR-Amplicon-short-trimmed+3,57,g,0.2359
SARS-CoV2-5UTR-Amplicon-short-trimmed+3,58,t,0.0657
SARS-CoV2-5UTR-Amplicon-short-trimmed+3,59,g,0.1553
SARS-CoV2-5UTR-Amplicon-short-trimmed+3,60,c,0.0879
SARS-CoV2-5UTR-Amplicon-short-trimmed+3,61,t,0.0912
SARS-CoV2-5UTR-Amplicon-short-trimmed+3,62,t,0.046
SARS-CoV2-5UTR-Amplicon-short-trimmed+3,63,a,0.043
SARS-CoV2-5UTR-Amplicon-short-trimmed+3,64,g,0.0609
SARS-CoV2-5UTR-Amplicon-short-trimmed+3,65,t,0.0322
SARS-CoV2-5UTR-Amplicon-short-trimmed+3,66,g,0.1162
SARS-CoV2-5UTR-Amplicon-short-trimmed+3,67,c,0.1498
SARS-CoV2-5UTR-Amplicon-short-trimmed+3,68,a,0.0602
SARS-CoV2-5UTR-Amplicon-short-trimmed+3,69,c,0.0768
SARS-CoV2-5UTR-Amplicon-short-trimmed+3,70,t,0.0512
SARS-CoV2-5UTR-Amplicon-short-trimmed+3,71,c,0.0473
SARS-CoV2-5UTR-Amplicon-short-trimmed+3,72,a,0.0564
SARS-CoV2-5UTR-Amplicon-short-trimmed+3,73,c,0.0692
SARS-CoV2-5UTR-Amplicon-short-trimmed+3,74,g,0.1164
SARS-CoV2-5UTR-Amplicon-short-trimmed+3,75,c,0.0396
SARS-CoV2-5UTR-Amplicon-short-trimmed+3,76,a,0.0713
SARS-CoV2-5UTR-Amplicon-short-trimmed+3,77,g,0.0858
SARS-CoV2-5UTR-Amplicon-short-trimmed+3,78,t,0.0372
SARS-CoV2-5UTR-Amplicon-short-trimmed+3,79,a,0.0335
SARS-CoV2-5UTR-Amplicon-short-trimmed+3,80,t,0.0229
SARS-CoV2-5UTR-Amplicon-short-trimmed+3,81,a,0.0294
SARS-CoV2-5UTR-Amplicon-short-trimmed+3,82,a,0.0652
SARS-CoV2-5UTR-Amplicon-short-trimmed+3,83,t,0.0306
SARS-CoV2-5UTR-Amplicon-short-trimmed+3,84,t,0.0615
SARS-CoV2-5UTR-Amplicon-short-trimmed+3,85,a,0.0645
SARS-CoV2-5UTR-Amplicon-short-trimmed+3,86,a,0.0593
SARS-CoV2-5UTR-Amplicon-short-trimmed+3,87,t,0.0291
SARS-CoV2-5UTR-Amplicon-short-trimmed+3,88,a,0.0407
SARS-CoV2-5UTR-Amplicon-short-trimmed+3,89,a,0.0532
SARS-CoV2-5UTR-Amplicon-short-trimmed+3,90,c,0.3275
SARS-CoV2-5UTR-Amplicon-short-trimmed+3,91,t,0.0869
SARS-CoV2-5UTR-Amplicon-short-trimmed+3,92,a,0.0389
SARS-CoV2-5UTR-Amplicon-short-trimmed+3,93,a,0.0364
SARS-CoV2-5UTR-Amplicon-short-trimmed+3,94,t,0.046
SARS-CoV2-5UTR-Amplicon-short-trimmed+3,95,t,0.043
SARS-CoV2-5UTR-Amplicon-short-trimmed+3,96,a,0.0482
SARS-CoV2-5UTR-Amplicon-short-trimmed+3,97,c,0.0566
SARS-CoV2-5UTR-Amplicon-short-trimmed+3,98,t,0.2797
SARS-CoV2-5UTR-Amplicon-short-trimmed+3,99,g,0.1046
SARS-CoV2-5UTR-Amplicon-short-trimmed+3,100,t,0.0749
SARS-CoV2-5UTR-Amplicon-short-trimmed+3,101,c,0.0569
SARS-CoV2-5UTR-Amplicon-short-trimmed+3,102,g,0.1123
SARS-CoV2-5UTR-Amplicon-short-trimmed+3,103,t,0.0684
SARS-CoV2-5UTR-Amplicon-short-trimmed+3,104,t,0.1035
SARS-CoV2-5UTR-Amplicon-short-trimmed+3,105,g,0.0865
SARS-CoV2-5UTR-Amplicon-short-trimmed+3,106,a,0.0481
SARS-CoV2-5UTR-Amplicon-short-trimmed+3,107,c,0.1015
SARS-CoV2-5UTR-Amplicon-short-trimmed+3,108,a,0.0854
SARS-CoV2-5UTR-Amplicon-short-trimmed+3,109,g,0.1251
SARS-CoV2-5UTR-Amplicon-short-trimmed+3,110,g,0.1252
SARS-CoV2-5UTR-Amplicon-short-trimmed+3,111,a,0.0571
SARS-CoV2-5UTR-Amplicon-short-trimmed+3,112,c,0.0943
SARS-CoV2-5UTR-Amplicon-short-trimmed+3,113,a,0.0461
SARS-CoV2-5UTR-Amplicon-short-trimmed+3,114,c,0.1169
SARS-CoV2-5UTR-Amplicon-short-trimmed+3,115,g,0.0638
SARS-CoV2-5UTR-Amplicon-short-trimmed+3,116,a,0.0691
SARS-CoV2-5UTR-Amplicon-short-trimmed+3,117,g,0.0515
SARS-CoV2-5UTR-Amplicon-short-trimmed+3,118,t,0.1158
SARS-CoV2-5UTR-Amplicon-short-trimmed+3,119,a,0.0966
SARS-CoV2-5UTR-Amplicon-short-trimmed+3,120,a,0.0875
SARS-CoV2-5UTR-Amplicon-short-trimmed+3,121,c,0.1571
SARS-CoV2-5UTR-Amplicon-short-trimmed+3,122,t,0.143
SARS-CoV2-5UTR-Amplicon-short-trimmed+3,123,c,0.1767
SARS-CoV2-5UTR-Amplicon-short-trimmed+3,124,g,0.1789
SARS-CoV2-5UTR-Amplicon-short-trimmed+3,125,t,0.2535
SARS-CoV2-5UTR-Amplicon-short-trimmed+3,126,c,0.1139
SARS-CoV2-5UTR-Amplicon-short-trimmed+3,127,t,0.0619
SARS-CoV2-5UTR-Amplicon-short-trimmed+3,128,a,0.0897
SARS-CoV2-5UTR-Amplicon-short-trimmed+3,129,t,0.3584
SARS-CoV2-5UTR-Amplicon-short-trimmed+3,130,c,0.0791
SARS-CoV2-5UTR-Amplicon-short-trimmed+3,131,t,0.081
SARS-CoV2-5UTR-Amplicon-short-trimmed+3,132,t,0.124
SARS-CoV2-5UTR-Amplicon-short-trimmed+3,133,c,0.203
SARS-CoV2-5UTR-Amplicon-short-trimmed+3,134,t,0.1331
SARS-CoV2-5UTR-Amplicon-short-trimmed+3,135,g,0.1223
SARS-CoV2-5UTR-Amplicon-short-trimmed+3,136,c,0.3941
SARS-CoV2-5UTR-Amplicon-short-trimmed+3,137,a,0.1791
SARS-CoV2-5UTR-Amplicon-short-trimmed+3,138,g,0.0828
SARS-CoV2-5UTR-Amplicon-short-trimmed+3,139,g,0.196
SARS-CoV2-5UTR-Amplicon-short-trimmed+3,140,c,0.1017
SARS-CoV2-5UTR-Amplicon-short-trimmed+3,141,t,0.2138
SARS-CoV2-5UTR-Amplicon-short-trimmed+3,142,g,0.3144
SARS-CoV2-5UTR-Amplicon-short-trimmed+3,143,c,0.1016
SARS-CoV2-5UTR-Amplicon-short-trimmed+3,144,t,0.087
SARS-CoV2-5UTR-Amplicon-short-trimmed+3,145,t,0.1077
SARS-CoV2-5UTR-Amplicon-short-trimmed+3,146,a,0.1305
SARS-CoV2-5UTR-Amplicon-short-trimmed+3,147,c,0.1548
SARS-CoV2-5UTR-Amplicon-short-trimmed+3,148,g,0.3481
SARS-CoV2-5UTR-Amplicon-short-trimmed+3,149,g,0.1427
SARS-CoV2-5UTR-Amplicon-short-trimmed+3,150,t,0.1344
SARS-CoV2-5UTR-Amplicon-short-trimmed+3,151,t,0.1214
SARS-CoV2-5UTR-Amplicon-short-trimmed+3,152,t,0.157
SARS-CoV2-5UTR-Amplicon-short-trimmed+3,153,c,0.1991
SARS-CoV2-5UTR-Amplicon-short-trimmed+3,154,g,0.0816
SARS-CoV2-5UTR-Amplicon-short-trimmed+3,155,t,0.2578
SARS-CoV2-5UTR-Amplicon-short-trimmed+3,156,c,0.1969
SARS-CoV2-5UTR-Amplicon-short-trimmed+3,157,c,0.1713
SARS-CoV2-5UTR-Amplicon-short-trimmed+3,158,g,0.106
SARS-CoV2-5UTR-Amplicon-short-trimmed+3,159,t,0.9568
SARS-CoV2-5UTR-Amplicon-short-trimmed+3,160,g,0.0831
SARS-CoV2-5UTR-Amplicon-short-trimmed+3,161,t,0.1094
SARS-CoV2-5UTR-Amplicon-short-trimmed+3,162,t,0.1541
SARS-CoV2-5UTR-Amplicon-short-trimmed+3,163,g,0.1095
SARS-CoV2-5UTR-Amplicon-short-trimmed+3,164,c,0.2484
SARS-CoV2-5UTR-Amplicon-short-trimmed+3,165,a,0.293
SARS-CoV2-5UTR-Amplicon-short-trimmed+3,166,g,0.4194
SARS-CoV2-5UTR-Amplicon-short-trimmed+3,167,c,0.2743
SARS-CoV2-5UTR-Amplicon-short-trimmed+3,168,c,0.4949
SARS-CoV2-5UTR-Amplicon-short-trimmed+3,169,g,0.1007
SARS-CoV2-5UTR-Amplicon-short-trimmed+3,170,a,0.0997
SARS-CoV2-5UTR-Amplicon-short-trimmed+3,171,t,0.0974
SARS-CoV2-5UTR-Amplicon-short-trimmed+3,172,c,0.167
SARS-CoV2-5UTR-Amplicon-short-trimmed+3,173,a,0.0501
SARS-CoV2-5UTR-Amplicon-short-trimmed+3,174,t,0.0686
SARS-CoV2-5UTR-Amplicon-short-trimmed+3,175,c,0.2008
SARS-CoV2-5UTR-Amplicon-short-trimmed+3,176,a,0.1215
SARS-CoV2-5UTR-Amplicon-short-trimmed+3,177,g,0.1145
SARS-CoV2-5UTR-Amplicon-short-trimmed+3,178,c,0.537
SARS-CoV2-5UTR-Amplicon-short-trimmed+3,179,a,0.0874
SARS-CoV2-5UTR-Amplicon-short-trimmed+3,180,c,0.089
SARS-CoV2-5UTR-Amplicon-short-trimmed+3,181,a,0.0692
SARS-CoV2-5UTR-Amplicon-short-trimmed+3,182,t,0.1131
SARS-CoV2-5UTR-Amplicon-short-trimmed+3,183,c,0.08
SARS-CoV2-5UTR-Amplicon-short-trimmed+3,184,t,0.0875
SARS-CoV2-5UTR-Amplicon-short-trimmed+3,185,a,0.1601
SARS-CoV2-5UTR-Amplicon-short-trimmed+3,186,g,0.0794
SARS-CoV2-5UTR-Amplicon-short-trimmed+3,187,g,0.089
SARS-CoV2-5UTR-Amplicon-short-trimmed+3,188,t,0.1315
SARS-CoV2-5UTR-Amplicon-short-trimmed+3,189,t,0.2569
SARS-CoV2-5UTR-Amplicon-short-trimmed+3,190,t,0.2694
SARS-CoV2-5UTR-Amplicon-short-trimmed+3,191,c,0.1475
SARS-CoV2-5UTR-Amplicon-short-trimmed+3,192,g,0.0671
SARS-CoV2-5UTR-Amplicon-short-trimmed+3,193,t,0.8488
SARS-CoV2-5UTR-Amplicon-short-trimmed+3,194,c,0.1378
SARS-CoV2-5UTR-Amplicon-short-trimmed+3,195,c,0.157
SARS-CoV2-5UTR-Amplicon-short-trimmed+3,196,g,0.3274
SARS-CoV2-5UTR-Amplicon-short-trimmed+3,197,g,0.1397
SARS-CoV2-5UTR-Amplicon-short-trimmed+3,198,g,0.4697
SARS-CoV2-5UTR-Amplicon-short-trimmed+3,199,t,0.2018
SARS-CoV2-5UTR-Amplicon-short-trimmed+3,200,g,0.0654
SARS-CoV2-5UTR-Amplicon-short-trimmed+3,201,t,0.1096
SARS-CoV2-5UTR-Amplicon-short-trimmed+3,202,g,0.1005
SARS-CoV2-5UTR-Amplicon-short-trimmed+3,203,a,0.2632
SARS-CoV2-5UTR-Amplicon-short-trimmed+3,204,c,0.109
SARS-CoV2-5UTR-Amplicon-short-trimmed+3,205,c,0.0976
SARS-CoV2-5UTR-Amplicon-short-trimmed+3,206,g,0.0802
SARS-CoV2-5UTR-Amplicon-short-trimmed+3,207,a,0.0971
SARS-CoV2-5UTR-Amplicon-short-trimmed+3,208,a,0.0583
SARS-CoV2-5UTR-Amplicon-short-trimmed+3,209,a,0.1258
SARS-CoV2-5UTR-Amplicon-short-trimmed+3,210,g,0.1292
SARS-CoV2-5UTR-Amplicon-short-trimmed+3,211,g,0.1619
SARS-CoV2-5UTR-Amplicon-short-trimmed+3,212,t,0.1049
SARS-CoV2-5UTR-Amplicon-short-trimmed+3,213,a,0.052
SARS-CoV2-5UTR-Amplicon-short-trimmed+3,214,a,0.066
SARS-CoV2-5UTR-Amplicon-short-trimmed+3,215,g,0.0567
SARS-CoV2-5UTR-Amplicon-short-trimmed+3,216,a,0.049
SARS-CoV2-5UTR-Amplicon-short-trimmed+3,217,t,0.1085
SARS-CoV2-5UTR-Amplicon-short-trimmed+3,218,g,0.0579
SARS-CoV2-5UTR-Amplicon-short-trimmed+3,219,g,0.073
SARS-CoV2-5UTR-Amplicon-short-trimmed+3,220,a,0.2178
SARS-CoV2-5UTR-Amplicon-short-trimmed+3,221,g,0.1493
SARS-CoV2-5UTR-Amplicon-short-trimmed+3,222,a,0.071
SARS-CoV2-5UTR-Amplicon-short-trimmed+3,223,g,0.1537
SARS-CoV2-5UTR-Amplicon-short-trimmed+3,224,c,0.104
SARS-CoV2-5UTR-Amplicon-short-trimmed+3,225,c,0.0834
SARS-CoV2-5UTR-Amplicon-short-trimmed+3,226,t,0.0595
SARS-CoV2-5UTR-Amplicon-short-trimmed+3,227,t,0.2596
SARS-CoV2-5UTR-Amplicon-short-trimmed+3,228,g,0.0539
SARS-CoV2-5UTR-Amplicon-short-trimmed+3,229,t,0.1275
SARS-CoV2-5UTR-Amplicon-short-trimmed+3,230,c,0.0727
SARS-CoV2-5UTR-Amplicon-short-trimmed+3,231,c,0.0626
SARS-CoV2-5UTR-Amplicon-short-trimmed+3,232,c,0.1091
SARS-CoV2-5UTR-Amplicon-short-trimmed+3,233,t,0.1581
SARS-CoV2-5UTR-Amplicon-short-trimmed+3,234,g,0.0887
SARS-CoV2-5UTR-Amplicon-short-trimmed+3,235,g,0.1218
SARS-CoV2-5UTR-Amplicon-short-trimmed+3,236,t,0.061
SARS-CoV2-5UTR-Amplicon-short-trimmed+3,237,t,0.0447
SARS-CoV2-5UTR-Amplicon-short-trimmed+3,238,t,0.0953
SARS-CoV2-5UTR-Amplicon-short-trimmed+3,239,c,0.63
SARS-CoV2-5UTR-Amplicon-short-trimmed+3,240,a,0.0778
SARS-CoV2-5UTR-Amplicon-short-trimmed+3,241,a,0.0635
SARS-CoV2-5UTR-Amplicon-short-trimmed+3,242,c,0.0921
SARS-CoV2-5UTR-Amplicon-short-trimmed+3,243,g,0.0346
SARS-CoV2-5UTR-Amplicon-short-trimmed+3,244,a,0.1824
SARS-CoV2-5UTR-Amplicon-short-trimmed+3,245,g,0
SARS-CoV2-5UTR-Amplicon-short-trimmed+3,246,g,0
SARS-CoV2-5UTR-Amplicon-short-trimmed+3,247,G,0
SARS-CoV2-5UTR-Amplicon-short-trimmed+3,248,A,0
SARS-CoV2-5UTR-Amplicon-short-trimmed+3,249,G,0
