Region,Position,Ref_base,Mut_percentage
SARS-CoV2-5UTR-Amplicon-short-trimmed+3,1,T,0
SARS-CoV2-5UTR-Amplicon-short-trimmed+3,2,T,0
SARS-CoV2-5UTR-Amplicon-short-trimmed+3,3,G,0
SARS-CoV2-5UTR-Amplicon-short-trimmed+3,4,t,0
SARS-CoV2-5UTR-Amplicon-short-trimmed+3,5,a,0
SARS-CoV2-5UTR-Amplicon-short-trimmed+3,6,g,0.1439
SARS-CoV2-5UTR-Amplicon-short-trimmed+3,7,a,0.0901
SARS-CoV2-5UTR-Amplicon-short-trimmed+3,8,t,0.1877
SARS-CoV2-5UTR-Amplicon-short-trimmed+3,9,c,0.3734
SARS-CoV2-5UTR-Amplicon-short-trimmed+3,10,t,0.1263
SARS-CoV2-5UTR-Amplicon-short-trimmed+3,11,g,0.4067
SARS-CoV2-5UTR-Amplicon-short-trimmed+3,12,t,0.223
SARS-CoV2-5UTR-Amplicon-short-trimmed+3,13,t,0.2952
SARS-CoV2-5UTR-Amplicon-short-trimmed+3,14,c,0.6686
SARS-CoV2-5UTR-Amplicon-short-trimmed+3,15,t,0.2346
SARS-CoV2-5UTR-Amplicon-short-trimmed+3,16,c,0.4331
SARS-CoV2-5UTR-Amplicon-short-trimmed+3,17,t,0.2498
SARS-CoV2-5UTR-Amplicon-short-trimmed+3,18,a,0.1683
SARS-CoV2-5UTR-Amplicon-short-trimmed+3,19,a,0.0496
SARS-CoV2-5UTR-Amplicon-short-trimmed+3,20,a,0.1504
SARS-CoV2-5UTR-Amplicon-short-trimmed+3,21,c,0.5193
SARS-CoV2-5UTR-Amplicon-short-trimmed+3,22,g,0.1566
SARS-CoV2-5UTR-Amplicon-short-trimmed+3,23,a,0.0888
SARS-CoV2-5UTR-Amplicon-short-trimmed+3,24,a,0.0993
SARS-CoV2-5UTR-Amplicon-short-trimmed+3,25,c,2.7293
SARS-CoV2-5UTR-Amplicon-short-trimmed+3,26,t,0.3224
SARS-CoV2-5UTR-Amplicon-short-trimmed+3,27,t,0.2115
SARS-CoV2-5UTR-Amplicon-short-trimmed+3,28,t,0.2307
SARS-CoV2-5UTR-Amplicon-short-trimmed+3,29,a,0.219
SARS-CoV2-5UTR-Amplicon-short-trimmed+3,30,a,0.1289
SARS-CoV2-5UTR-Amplicon-short-trimmed+3,31,a,0.1368
SARS-CoV2-5UTR-Amplicon-short-trimmed+3,32,a,0.1383
SARS-CoV2-5UTR-Amplicon-short-trimmed+3,33,t,0.3873
SARS-CoV2-5UTR-Amplicon-short-trimmed+3,34,c,0.525
SARS-CoV2-5UTR-Amplicon-short-trimmed+3,35,t,0.3571
SARS-CoV2-5UTR-Amplicon-short-trimmed+3,36,g,0.5287
SARS-CoV2-5UTR-Amplicon-short-trimmed+3,37,t,0.2507
SARS-CoV2-5UTR-Amplicon-short-trimmed+3,38,g,0.2595
SARS-CoV2-5UTR-Amplicon-short-trimmed+3,39,t,0.2467
SARS-CoV2-5UTR-Amplicon-short-trimmed+3,40,g,0.3917
SARS-CoV2-5UTR-Amplicon-short-trimmed+3,41,g,0.3287
SARS-CoV2-5UTR-Amplicon-short-trimmed+3,42,c,0.6126
SARS-CoV2-5UTR-Amplicon-short-trimmed+3,43,t,0.3041
SARS-CoV2-5UTR-Amplicon-short-trimmed+3,44,g,0.3202
SARS-CoV2-5UTR-Amplicon-short-trimmed+3,45,t,0.3348
SARS-CoV2-5UTR-Amplicon-short-trimmed+3,46,c,0.4497
SARS-CoV2-5UTR-Amplicon-short-trimmed+3,47,a,0.2169
SARS-CoV2-5UTR-Amplicon-short-trimmed+3,48,c,0.5602
SARS-CoV2-5UTR-Amplicon-short-trimmed+3,49,t,0.218
SARS-CoV2-5UTR-Amplicon-short-trimmed+3,50,c,0.7281
SARS-CoV2-5UTR-Amplicon-short-trimmed+3,51,g,0.4399
SARS-CoV2-5UTR-Amplicon-short-trimmed+3,52,g,0.3804
SARS-CoV2-5UTR-Amplicon-short-trimmed+3,53,c,0.56
SARS-CoV2-5UTR-Amplicon-short-trimmed+3,54,t,0.3187
SARS-CoV2-5UTR-Amplicon-short-trimmed+3,55,g,0.3135
SARS-CoV2-5UTR-Amplicon-short-trimmed+3,56,c,0.5298
SARS-CoV2-5UTR-Amplicon-short-trimmed+3,57,g,0.3352
SARS-CoV2-5UTR-Amplicon-short-trimmed+3,58,t,0.1746
SARS-CoV2-5UTR-Amplicon-short-trimmed+3,59,g,0.3043
SARS-CoV2-5UTR-Amplicon-short-trimmed+3,60,c,0.5094
SARS-CoV2-5UTR-Amplicon-short-trimmed+3,61,t,0.2737
SARS-CoV2-5UTR-Amplicon-short-trimmed+3,62,t,0.1959
SARS-CoV2-5UTR-Amplicon-short-trimmed+3,63,a,0.1921
SARS-CoV2-5UTR-Amplicon-short-trimmed+3,64,g,0.2555
SARS-CoV2-5UTR-Amplicon-short-trimmed+3,65,t,0.1827
SARS-CoV2-5UTR-Amplicon-short-trimmed+3,66,g,0.2964
SARS-CoV2-5UTR-Amplicon-short-trimmed+3,67,c,0.4301
SARS-CoV2-5UTR-Amplicon-short-trimmed+3,68,a,0.2182
SARS-CoV2-5UTR-Amplicon-short-trimmed+3,69,c,0.4933
SARS-CoV2-5UTR-Amplicon-short-trimmed+3,70,t,0.2222
SARS-CoV2-5UTR-Amplicon-short-trimmed+3,71,c,0.161
SARS-CoV2-5UTR-Amplicon-short-trimmed+3,72,a,0.2051
SARS-CoV2-5UTR-Amplicon-short-trimmed+3,73,c,0.5128
SARS-CoV2-5UTR-Amplicon-short-trimmed+3,74,g,0.2785
SARS-CoV2-5UTR-Amplicon-short-trimmed+3,75,c,0.3738
SARS-CoV2-5UTR-Amplicon-short-trimmed+3,76,a,0.1731
SARS-CoV2-5UTR-Amplicon-short-trimmed+3,77,g,0.1823
SARS-CoV2-5UTR-Amplicon-short-trimmed+3,78,t,0.0839
SARS-CoV2-5UTR-Amplicon-short-trimmed+3,79,a,0.1308
SARS-CoV2-5UTR-Amplicon-short-trimmed+3,80,t,0.0897
SARS-CoV2-5UTR-Amplicon-short-trimmed+3,81,a,0.0811
SARS-CoV2-5UTR-Amplicon-short-trimmed+3,82,a,0.1533
SARS-CoV2-5UTR-Amplicon-short-trimmed+3,83,t,0.1016
SARS-CoV2-5UTR-Amplicon-short-trimmed+3,84,t,0.2017
SARS-CoV2-5UTR-Amplicon-short-trimmed+3,85,a,0.1487
SARS-CoV2-5UTR-Amplicon-short-trimmed+3,86,a,0.1792
SARS-CoV2-5UTR-Amplicon-short-trimmed+3,87,t,0.121
SARS-CoV2-5UTR-Amplicon-short-trimmed+3,88,a,0.0951
SARS-CoV2-5UTR-Amplicon-short-trimmed+3,89,a,0.1972
SARS-CoV2-5UTR-Amplicon-short-trimmed+3,90,c,0.7183
SARS-CoV2-5UTR-Amplicon-short-trimmed+3,91,t,0.3218
SARS-CoV2-5UTR-Amplicon-short-trimmed+3,92,a,0.1402
SARS-CoV2-5UTR-Amplicon-short-trimmed+3,93,a,0.1519
SARS-CoV2-5UTR-Amplicon-short-trimmed+3,94,t,0.2156
SARS-CoV2-5UTR-Amplicon-short-trimmed+3,95,t,0.1565
SARS-CoV2-5UTR-Amplicon-short-trimmed+3,96,a,0.1931
SARS-CoV2-5UTR-Amplicon-short-trimmed+3,97,c,0.5101
SARS-CoV2-5UTR-Amplicon-short-trimmed+3,98,t,0.4996
SARS-CoV2-5UTR-Amplicon-short-trimmed+3,99,g,0.3681
SARS-CoV2-5UTR-Amplicon-short-trimmed+3,100,t,0.3488
SARS-CoV2-5UTR-Amplicon-short-trimmed+3,101,c,0.6377
SARS-CoV2-5UTR-Amplicon-short-trimmed+3,102,g,0.3911
SARS-CoV2-5UTR-Amplicon-short-trimmed+3,103,t,0.2288
SARS-CoV2-5UTR-Amplicon-short-trimmed+3,104,t,0.278
SARS-CoV2-5UTR-Amplicon-short-trimmed+3,105,g,0.1808
SARS-CoV2-5UTR-Amplicon-short-trimmed+3,106,a,0.2288
SARS-CoV2-5UTR-Amplicon-short-trimmed+3,107,c,0.5303
SARS-CoV2-5UTR-Amplicon-short-trimmed+3,108,a,0.245
SARS-CoV2-5UTR-Amplicon-short-trimmed+3,109,g,0.3454
SARS-CoV2-5UTR-Amplicon-short-trimmed+3,110,g,0.1965
SARS-CoV2-5UTR-Amplicon-short-trimmed+3,111,a,0.1833
SARS-CoV2-5UTR-Amplicon-short-trimmed+3,112,c,0.4908
SARS-CoV2-5UTR-Amplicon-short-trimmed+3,113,a,0.1604
SARS-CoV2-5UTR-Amplicon-short-trimmed+3,114,c,0.5576
SARS-CoV2-5UTR-Amplicon-short-trimmed+3,115,g,0.1859
SARS-CoV2-5UTR-Amplicon-short-trimmed+3,116,a,0.2207
SARS-CoV2-5UTR-Amplicon-short-trimmed+3,117,g,0.2156
SARS-CoV2-5UTR-Amplicon-short-trimmed+3,118,t,0.2744
SARS-CoV2-5UTR-Amplicon-short-trimmed+3,119,a,0.2522
SARS-CoV2-5UTR-Amplicon-short-trimmed+3,120,a,0.2641
SARS-CoV2-5UTR-Amplicon-short-trimmed+3,121,c,0.659
SARS-CoV2-5UTR-Amplicon-short-trimmed+3,122,t,0.4683
SARS-CoV2-5UTR-Amplicon-short-trimmed+3,123,c,0.8059
SARS-CoV2-5UTR-Amplicon-short-trimmed+3,124,g,0.4514
SARS-CoV2-5UTR-Amplicon-short-trimmed+3,125,t,0.5482
SARS-CoV2-5UTR-Amplicon-short-trimmed+3,126,c,0.6941
SARS-CoV2-5UTR-Amplicon-short-trimmed+3,127,t,0.2009
SARS-CoV2-5UTR-Amplicon-short-trimmed+3,128,a,0.3053
SARS-CoV2-5UTR-Amplicon-short-trimmed+3,129,t,0.8734
SARS-CoV2-5UTR-Amplicon-short-trimmed+3,130,c,0.5905
SARS-CoV2-5UTR-Amplicon-short-trimmed+3,131,t,0.3572
SARS-CoV2-5UTR-Amplicon-short-trimmed+3,132,t,0.402
SARS-CoV2-5UTR-Amplicon-short-trimmed+3,133,c,0.935
SARS-CoV2-5UTR-Amplicon-short-trimmed+3,134,t,0.4657
SARS-CoV2-5UTR-Amplicon-short-trimmed+3,135,g,0.3607
SARS-CoV2-5UTR-Amplicon-short-trimmed+3,136,c,0.8725
SARS-CoV2-5UTR-Amplicon-short-trimmed+3,137,a,0.4682
SARS-CoV2-5UTR-Amplicon-short-trimmed+3,138,g,0.3471
SARS-CoV2-5UTR-Amplicon-short-trimmed+3,139,g,0.6077
SARS-CoV2-5UTR-Amplicon-short-trimmed+3,140,c,0.5004
SARS-CoV2-5UTR-Amplicon-short-trimmed+3,141,t,0.6384
SARS-CoV2-5UTR-Amplicon-short-trimmed+3,142,g,0.6953
SARS-CoV2-5UTR-Amplicon-short-trimmed+3,143,c,0.4153
SARS-CoV2-5UTR-Amplicon-short-trimmed+3,144,t,0.2917
SARS-CoV2-5UTR-Amplicon-short-trimmed+3,145,t,0.3026
SARS-CoV2-5UTR-Amplicon-short-trimmed+3,146,a,0.4084
SARS-CoV2-5UTR-Amplicon-short-trimmed+3,147,c,0.5821
SARS-CoV2-5UTR-Amplicon-short-trimmed+3,148,g,0.7481
SARS-CoV2-5UTR-Amplicon-short-trimmed+3,149,g,0.4444
SARS-CoV2-5UTR-Amplicon-short-trimmed+3,150,t,0.4295
SARS-CoV2-5UTR-Amplicon-short-trimmed+3,151,t,0.3772
SARS-CoV2-5UTR-Amplicon-short-trimmed+3,152,t,0.6061
SARS-CoV2-5UTR-Amplicon-short-trimmed+3,153,c,1.0335
SARS-CoV2-5UTR-Amplicon-short-trimmed+3,154,g,0.4064
SARS-CoV2-5UTR-Amplicon-short-trimmed+3,155,t,0.5978
SARS-CoV2-5UTR-Amplicon-short-trimmed+3,156,c,0.6144
SARS-CoV2-5UTR-Amplicon-short-trimmed+3,157,c,0.5853
SARS-CoV2-5UTR-Amplicon-short-trimmed+3,158,g,0.3554
SARS-CoV2-5UTR-Amplicon-short-trimmed+3,159,t,1.8881
SARS-CoV2-5UTR-Amplicon-short-trimmed+3,160,g,0.3
SARS-CoV2-5UTR-Amplicon-short-trimmed+3,161,t,0.3288
SARS-CoV2-5UTR-Amplicon-short-trimmed+3,162,t,0.3622
SARS-CoV2-5UTR-Amplicon-short-trimmed+3,163,g,0.2297
SARS-CoV2-5UTR-Amplicon-short-trimmed+3,164,c,0.5953
SARS-CoV2-5UTR-Amplicon-short-trimmed+3,165,a,0.4698
SARS-CoV2-5UTR-Amplicon-short-trimmed+3,166,g,0.695
SARS-CoV2-5UTR-Amplicon-short-trimmed+3,167,c,0.4898
SARS-CoV2-5UTR-Amplicon-short-trimmed+3,168,c,0.9499
SARS-CoV2-5UTR-Amplicon-short-trimmed+3,169,g,0.1839
SARS-CoV2-5UTR-Amplicon-short-trimmed+3,170,a,0.2105
SARS-CoV2-5UTR-Amplicon-short-trimmed+3,171,t,0.2383
SARS-CoV2-5UTR-Amplicon-short-trimmed+3,172,c,0.4714
SARS-CoV2-5UTR-Amplicon-short-trimmed+3,173,a,0.1417
SARS-CoV2-5UTR-Amplicon-short-trimmed+3,174,t,0.2043
SARS-CoV2-5UTR-Amplicon-short-trimmed+3,175,c,0.7476
SARS-CoV2-5UTR-Amplicon-short-trimmed+3,176,a,0.2397
SARS-CoV2-5UTR-Amplicon-short-trimmed+3,177,g,0.3687
SARS-CoV2-5UTR-Amplicon-short-trimmed+3,178,c,1.1649
SARS-CoV2-5UTR-Amplicon-short-trimmed+3,179,a,0.3706
SARS-CoV2-5UTR-Amplicon-short-trimmed+3,180,c,0.4146
SARS-CoV2-5UTR-Amplicon-short-trimmed+3,181,a,0.2456
SARS-CoV2-5UTR-Amplicon-short-trimmed+3,182,t,0.5469
SARS-CoV2-5UTR-Amplicon-short-trimmed+3,183,c,0.6664
SARS-CoV2-5UTR-Amplicon-short-trimmed+3,184,t,0.2962
SARS-CoV2-5UTR-Amplicon-short-trimmed+3,185,a,0.5239
SARS-CoV2-5UTR-Amplicon-short-trimmed+3,186,g,0.5428
SARS-CoV2-5UTR-Amplicon-short-trimmed+3,187,g,0.5245
SARS-CoV2-5UTR-Amplicon-short-trimmed+3,188,t,0.5369
SARS-CoV2-5UTR-Amplicon-short-trimmed+3,189,t,0.6539
SARS-CoV2-5UTR-Amplicon-short-trimmed+3,190,t,0.8256
SARS-CoV2-5UTR-Amplicon-short-trimmed+3,191,c,1.0749
SARS-CoV2-5UTR-Amplicon-short-trimmed+3,192,g,0.528
SARS-CoV2-5UTR-Amplicon-short-trimmed+3,193,t,1.6637
SARS-CoV2-5UTR-Amplicon-short-trimmed+3,194,c,0.8405
SARS-CoV2-5UTR-Amplicon-short-trimmed+3,195,c,0.8407
SARS-CoV2-5UTR-Amplicon-short-trimmed+3,196,g,0.7494
SARS-CoV2-5UTR-Amplicon-short-trimmed+3,197,g,0.4705
SARS-CoV2-5UTR-Amplicon-short-trimmed+3,198,g,0.6988
SARS-CoV2-5UTR-Amplicon-short-trimmed+3,199,t,0.5653
SARS-CoV2-5UTR-Amplicon-short-trimmed+3,200,g,0.3237
SARS-CoV2-5UTR-Amplicon-short-trimmed+3,201,t,0.338
SARS-CoV2-5UTR-Amplicon-short-trimmed+3,202,g,0.265
SARS-CoV2-5UTR-Amplicon-short-trimmed+3,203,a,0.4778
SARS-CoV2-5UTR-Amplicon-short-trimmed+3,204,c,0.5324
SARS-CoV2-5UTR-Amplicon-short-trimmed+3,205,c,0.647
SARS-CoV2-5UTR-Amplicon-short-trimmed+3,206,g,0.3165
SARS-CoV2-5UTR-Amplicon-short-trimmed+3,207,a,0.2663
SARS-CoV2-5UTR-Amplicon-short-trimmed+3,208,a,0.1601
SARS-CoV2-5UTR-Amplicon-short-trimmed+3,209,a,0.2399
SARS-CoV2-5UTR-Amplicon-short-trimmed+3,210,g,0.3799
SARS-CoV2-5UTR-Amplicon-short-trimmed+3,211,g,0.2939
SARS-CoV2-5UTR-Amplicon-short-trimmed+3,212,t,0.2138
SARS-CoV2-5UTR-Amplicon-short-trimmed+3,213,a,0.1373
SARS-CoV2-5UTR-Amplicon-short-trimmed+3,214,a,0.2231
SARS-CoV2-5UTR-Amplicon-short-trimmed+3,215,g,0.2346
SARS-CoV2-5UTR-Amplicon-short-trimmed+3,216,a,0.1943
SARS-CoV2-5UTR-Amplicon-short-trimmed+3,217,t,0.3528
SARS-CoV2-5UTR-Amplicon-short-trimmed+3,218,g,0.297
SARS-CoV2-5UTR-Amplicon-short-trimmed+3,219,g,0.2068
SARS-CoV2-5UTR-Amplicon-short-trimmed+3,220,a,0.394
SARS-CoV2-5UTR-Amplicon-short-trimmed+3,221,g,0.2688
SARS-CoV2-5UTR-Amplicon-short-trimmed+3,222,a,0.158
SARS-CoV2-5UTR-Amplicon-short-trimmed+3,223,g,0.416
SARS-CoV2-5UTR-Amplicon-short-trimmed+3,224,c,0.4909
SARS-CoV2-5UTR-Amplicon-short-trimmed+3,225,c,0.5778
SARS-CoV2-5UTR-Amplicon-short-trimmed+3,226,t,0.2059
SARS-CoV2-5UTR-Amplicon-short-trimmed+3,227,t,0.5844
SARS-CoV2-5UTR-Amplicon-short-trimmed+3,228,g,0.254
SARS-CoV2-5UTR-Amplicon-short-trimmed+3,229,t,0.3372
SARS-CoV2-5UTR-Amplicon-short-trimmed+3,230,c,0.3594
SARS-CoV2-5UTR-Amplicon-short-trimmed+3,231,c,0.4521
SARS-CoV2-5UTR-Amplicon-short-trimmed+3,232,c,0.5454
SARS-CoV2-5UTR-Amplicon-short-trimmed+3,233,t,0.3575
SARS-CoV2-5UTR-Amplicon-short-trimmed+3,234,g,0.4216
SARS-CoV2-5UTR-Amplicon-short-trimmed+3,235,g,0.3749
SARS-CoV2-5UTR-Amplicon-short-trimmed+3,236,t,0.1981
SARS-CoV2-5UTR-Amplicon-short-trimmed+3,237,t,0.1618
SARS-CoV2-5UTR-Amplicon-short-trimmed+3,238,t,0.3191
SARS-CoV2-5UTR-Amplicon-short-trimmed+3,239,c,0.831
SARS-CoV2-5UTR-Amplicon-short-trimmed+3,240,a,0.1196
SARS-CoV2-5UTR-Amplicon-short-trimmed+3,241,a,0.1429
SARS-CoV2-5UTR-Amplicon-short-trimmed+3,242,c,0.318
SARS-CoV2-5UTR-Amplicon-short-trimmed+3,243,g,0.1012
SARS-CoV2-5UTR-Amplicon-short-trimmed+3,244,a,0.3066
SARS-CoV2-5UTR-Amplicon-short-trimmed+3,245,g,2e-04
SARS-CoV2-5UTR-Amplicon-short-trimmed+3,246,g,0
SARS-CoV2-5UTR-Amplicon-short-trimmed+3,247,G,0
SARS-CoV2-5UTR-Amplicon-short-trimmed+3,248,A,0
SARS-CoV2-5UTR-Amplicon-short-trimmed+3,249,G,0
