Region,Position,Ref_base,Mut_percentage
SARS-CoV2-5UTR-Amplicon-short-trimmed+3,1,T,0
SARS-CoV2-5UTR-Amplicon-short-trimmed+3,2,T,0
SARS-CoV2-5UTR-Amplicon-short-trimmed+3,3,G,0
SARS-CoV2-5UTR-Amplicon-short-trimmed+3,4,t,0
SARS-CoV2-5UTR-Amplicon-short-trimmed+3,5,a,0
SARS-CoV2-5UTR-Amplicon-short-trimmed+3,6,g,0.1555
SARS-CoV2-5UTR-Amplicon-short-trimmed+3,7,a,0.0255
SARS-CoV2-5UTR-Amplicon-short-trimmed+3,8,t,0.0898
SARS-CoV2-5UTR-Amplicon-short-trimmed+3,9,c,0.0607
SARS-CoV2-5UTR-Amplicon-short-trimmed+3,10,t,0.0421
SARS-CoV2-5UTR-Amplicon-short-trimmed+3,11,g,0.7004
SARS-CoV2-5UTR-Amplicon-short-trimmed+3,12,t,0.0598
SARS-CoV2-5UTR-Amplicon-short-trimmed+3,13,t,0.0783
SARS-CoV2-5UTR-Amplicon-short-trimmed+3,14,c,0.0874
SARS-CoV2-5UTR-Amplicon-short-trimmed+3,15,t,0.1095
SARS-CoV2-5UTR-Amplicon-short-trimmed+3,16,c,0.0652
SARS-CoV2-5UTR-Amplicon-short-trimmed+3,17,t,0.0441
SARS-CoV2-5UTR-Amplicon-short-trimmed+3,18,a,0.1007
SARS-CoV2-5UTR-Amplicon-short-trimmed+3,19,a,0.1406
SARS-CoV2-5UTR-Amplicon-short-trimmed+3,20,a,0.1583
SARS-CoV2-5UTR-Amplicon-short-trimmed+3,21,c,0.1904
SARS-CoV2-5UTR-Amplicon-short-trimmed+3,22,g,0.3375
SARS-CoV2-5UTR-Amplicon-short-trimmed+3,23,a,0.0257
SARS-CoV2-5UTR-Amplicon-short-trimmed+3,24,a,0.0423
SARS-CoV2-5UTR-Amplicon-short-trimmed+3,25,c,1.3963
SARS-CoV2-5UTR-Amplicon-short-trimmed+3,26,t,0.2627
SARS-CoV2-5UTR-Amplicon-short-trimmed+3,27,t,0.1133
SARS-CoV2-5UTR-Amplicon-short-trimmed+3,28,t,0.0372
SARS-CoV2-5UTR-Amplicon-short-trimmed+3,29,a,0.0954
SARS-CoV2-5UTR-Amplicon-short-trimmed+3,30,a,0.049
SARS-CoV2-5UTR-Amplicon-short-trimmed+3,31,a,0.0711
SARS-CoV2-5UTR-Amplicon-short-trimmed+3,32,a,0.0443
SARS-CoV2-5UTR-Amplicon-short-trimmed+3,33,t,0.0773
SARS-CoV2-5UTR-Amplicon-short-trimmed+3,34,c,0.09
SARS-CoV2-5UTR-Amplicon-short-trimmed+3,35,t,0.4966
SARS-CoV2-5UTR-Amplicon-short-trimmed+3,36,g,1.3429
SARS-CoV2-5UTR-Amplicon-short-trimmed+3,37,t,0.2277
SARS-CoV2-5UTR-Amplicon-short-trimmed+3,38,g,0.7057
SARS-CoV2-5UTR-Amplicon-short-trimmed+3,39,t,0.1623
SARS-CoV2-5UTR-Amplicon-short-trimmed+3,40,g,0.8988
SARS-CoV2-5UTR-Amplicon-short-trimmed+3,41,g,0.8148
SARS-CoV2-5UTR-Amplicon-short-trimmed+3,42,c,0.1415
SARS-CoV2-5UTR-Amplicon-short-trimmed+3,43,t,0.1962
SARS-CoV2-5UTR-Amplicon-short-trimmed+3,44,g,0.6297
SARS-CoV2-5UTR-Amplicon-short-trimmed+3,45,t,0.1522
SARS-CoV2-5UTR-Amplicon-short-trimmed+3,46,c,0.07
SARS-CoV2-5UTR-Amplicon-short-trimmed+3,47,a,0.0577
SARS-CoV2-5UTR-Amplicon-short-trimmed+3,48,c,0.0981
SARS-CoV2-5UTR-Amplicon-short-trimmed+3,49,t,0.1346
SARS-CoV2-5UTR-Amplicon-short-trimmed+3,50,c,0.2388
SARS-CoV2-5UTR-Amplicon-short-trimmed+3,51,g,1.0118
SARS-CoV2-5UTR-Amplicon-short-trimmed+3,52,g,0.9388
SARS-CoV2-5UTR-Amplicon-short-trimmed+3,53,c,0.2691
SARS-CoV2-5UTR-Amplicon-short-trimmed+3,54,t,0.2916
SARS-CoV2-5UTR-Amplicon-short-trimmed+3,55,g,0.4842
SARS-CoV2-5UTR-Amplicon-short-trimmed+3,56,c,0.1763
SARS-CoV2-5UTR-Amplicon-short-trimmed+3,57,g,0.6339
SARS-CoV2-5UTR-Amplicon-short-trimmed+3,58,t,0.135
SARS-CoV2-5UTR-Amplicon-short-trimmed+3,59,g,0.7336
SARS-CoV2-5UTR-Amplicon-short-trimmed+3,60,c,0.1408
SARS-CoV2-5UTR-Amplicon-short-trimmed+3,61,t,0.194
SARS-CoV2-5UTR-Amplicon-short-trimmed+3,62,t,0.3528
SARS-CoV2-5UTR-Amplicon-short-trimmed+3,63,a,0.4189
SARS-CoV2-5UTR-Amplicon-short-trimmed+3,64,g,0.5087
SARS-CoV2-5UTR-Amplicon-short-trimmed+3,65,t,0.0749
SARS-CoV2-5UTR-Amplicon-short-trimmed+3,66,g,0.8323
SARS-CoV2-5UTR-Amplicon-short-trimmed+3,67,c,0.2069
SARS-CoV2-5UTR-Amplicon-short-trimmed+3,68,a,0.0691
SARS-CoV2-5UTR-Amplicon-short-trimmed+3,69,c,0.0813
SARS-CoV2-5UTR-Amplicon-short-trimmed+3,70,t,0.0618
SARS-CoV2-5UTR-Amplicon-short-trimmed+3,71,c,0.1101
SARS-CoV2-5UTR-Amplicon-short-trimmed+3,72,a,0.1789
SARS-CoV2-5UTR-Amplicon-short-trimmed+3,73,c,0.1642
SARS-CoV2-5UTR-Amplicon-short-trimmed+3,74,g,0.9052
SARS-CoV2-5UTR-Amplicon-short-trimmed+3,75,c,0.066
SARS-CoV2-5UTR-Amplicon-short-trimmed+3,76,a,0.1257
SARS-CoV2-5UTR-Amplicon-short-trimmed+3,77,g,0.2361
SARS-CoV2-5UTR-Amplicon-short-trimmed+3,78,t,0.0466
SARS-CoV2-5UTR-Amplicon-short-trimmed+3,79,a,0.0449
SARS-CoV2-5UTR-Amplicon-short-trimmed+3,80,t,0.0272
SARS-CoV2-5UTR-Amplicon-short-trimmed+3,81,a,0.0337
SARS-CoV2-5UTR-Amplicon-short-trimmed+3,82,a,0.0577
SARS-CoV2-5UTR-Amplicon-short-trimmed+3,83,t,0.0324
SARS-CoV2-5UTR-Amplicon-short-trimmed+3,84,t,0.0651
SARS-CoV2-5UTR-Amplicon-short-trimmed+3,85,a,0.0763
SARS-CoV2-5UTR-Amplicon-short-trimmed+3,86,a,0.0617
SARS-CoV2-5UTR-Amplicon-short-trimmed+3,87,t,0.0487
SARS-CoV2-5UTR-Amplicon-short-trimmed+3,88,a,0.0586
SARS-CoV2-5UTR-Amplicon-short-trimmed+3,89,a,0.0692
SARS-CoV2-5UTR-Amplicon-short-trimmed+3,90,c,0.31
SARS-CoV2-5UTR-Amplicon-short-trimmed+3,91,t,0.103
SARS-CoV2-5UTR-Amplicon-short-trimmed+3,92,a,0.0509
SARS-CoV2-5UTR-Amplicon-short-trimmed+3,93,a,0.0488
SARS-CoV2-5UTR-Amplicon-short-trimmed+3,94,t,0.0593
SARS-CoV2-5UTR-Amplicon-short-trimmed+3,95,t,0.0594
SARS-CoV2-5UTR-Amplicon-short-trimmed+3,96,a,0.0656
SARS-CoV2-5UTR-Amplicon-short-trimmed+3,97,c,0.075
SARS-CoV2-5UTR-Amplicon-short-trimmed+3,98,t,0.4284
SARS-CoV2-5UTR-Amplicon-short-trimmed+3,99,g,0.6638
SARS-CoV2-5UTR-Amplicon-short-trimmed+3,100,t,0.1272
SARS-CoV2-5UTR-Amplicon-short-trimmed+3,101,c,0.2922
SARS-CoV2-5UTR-Amplicon-short-trimmed+3,102,g,0.8953
SARS-CoV2-5UTR-Amplicon-short-trimmed+3,103,t,0.0719
SARS-CoV2-5UTR-Amplicon-short-trimmed+3,104,t,0.1004
SARS-CoV2-5UTR-Amplicon-short-trimmed+3,105,g,0.1307
SARS-CoV2-5UTR-Amplicon-short-trimmed+3,106,a,0.1456
SARS-CoV2-5UTR-Amplicon-short-trimmed+3,107,c,0.2273
SARS-CoV2-5UTR-Amplicon-short-trimmed+3,108,a,0.2459
SARS-CoV2-5UTR-Amplicon-short-trimmed+3,109,g,0.5018
SARS-CoV2-5UTR-Amplicon-short-trimmed+3,110,g,0.1158
SARS-CoV2-5UTR-Amplicon-short-trimmed+3,111,a,0.0544
SARS-CoV2-5UTR-Amplicon-short-trimmed+3,112,c,0.1228
SARS-CoV2-5UTR-Amplicon-short-trimmed+3,113,a,0.0633
SARS-CoV2-5UTR-Amplicon-short-trimmed+3,114,c,0.1495
SARS-CoV2-5UTR-Amplicon-short-trimmed+3,115,g,0.2068
SARS-CoV2-5UTR-Amplicon-short-trimmed+3,116,a,0.1673
SARS-CoV2-5UTR-Amplicon-short-trimmed+3,117,g,0.4626
SARS-CoV2-5UTR-Amplicon-short-trimmed+3,118,t,0.1736
SARS-CoV2-5UTR-Amplicon-short-trimmed+3,119,a,0.1651
SARS-CoV2-5UTR-Amplicon-short-trimmed+3,120,a,0.1407
SARS-CoV2-5UTR-Amplicon-short-trimmed+3,121,c,0.2584
SARS-CoV2-5UTR-Amplicon-short-trimmed+3,122,t,0.3809
SARS-CoV2-5UTR-Amplicon-short-trimmed+3,123,c,0.4349
SARS-CoV2-5UTR-Amplicon-short-trimmed+3,124,g,0.7868
SARS-CoV2-5UTR-Amplicon-short-trimmed+3,125,t,0.3613
SARS-CoV2-5UTR-Amplicon-short-trimmed+3,126,c,0.1982
SARS-CoV2-5UTR-Amplicon-short-trimmed+3,127,t,0.0948
SARS-CoV2-5UTR-Amplicon-short-trimmed+3,128,a,0.1587
SARS-CoV2-5UTR-Amplicon-short-trimmed+3,129,t,0.6507
SARS-CoV2-5UTR-Amplicon-short-trimmed+3,130,c,0.1126
SARS-CoV2-5UTR-Amplicon-short-trimmed+3,131,t,0.1509
SARS-CoV2-5UTR-Amplicon-short-trimmed+3,132,t,0.2283
SARS-CoV2-5UTR-Amplicon-short-trimmed+3,133,c,0.3726
SARS-CoV2-5UTR-Amplicon-short-trimmed+3,134,t,0.3757
SARS-CoV2-5UTR-Amplicon-short-trimmed+3,135,g,0.9355
SARS-CoV2-5UTR-Amplicon-short-trimmed+3,136,c,0.7434
SARS-CoV2-5UTR-Amplicon-short-trimmed+3,137,a,0.7052
SARS-CoV2-5UTR-Amplicon-short-trimmed+3,138,g,0.6976
SARS-CoV2-5UTR-Amplicon-short-trimmed+3,139,g,1.3972
SARS-CoV2-5UTR-Amplicon-short-trimmed+3,140,c,0.8644
SARS-CoV2-5UTR-Amplicon-short-trimmed+3,141,t,1.061
SARS-CoV2-5UTR-Amplicon-short-trimmed+3,142,g,0.6136
SARS-CoV2-5UTR-Amplicon-short-trimmed+3,143,c,0.1501
SARS-CoV2-5UTR-Amplicon-short-trimmed+3,144,t,0.1537
SARS-CoV2-5UTR-Amplicon-short-trimmed+3,145,t,0.2269
SARS-CoV2-5UTR-Amplicon-short-trimmed+3,146,a,0.2918
SARS-CoV2-5UTR-Amplicon-short-trimmed+3,147,c,0.3547
SARS-CoV2-5UTR-Amplicon-short-trimmed+3,148,g,1.1703
SARS-CoV2-5UTR-Amplicon-short-trimmed+3,149,g,0.9299
SARS-CoV2-5UTR-Amplicon-short-trimmed+3,150,t,0.2066
SARS-CoV2-5UTR-Amplicon-short-trimmed+3,151,t,0.2221
SARS-CoV2-5UTR-Amplicon-short-trimmed+3,152,t,0.431
SARS-CoV2-5UTR-Amplicon-short-trimmed+3,153,c,0.8164
SARS-CoV2-5UTR-Amplicon-short-trimmed+3,154,g,0.8238
SARS-CoV2-5UTR-Amplicon-short-trimmed+3,155,t,0.4201
SARS-CoV2-5UTR-Amplicon-short-trimmed+3,156,c,0.3414
SARS-CoV2-5UTR-Amplicon-short-trimmed+3,157,c,0.3949
SARS-CoV2-5UTR-Amplicon-short-trimmed+3,158,g,0.8417
SARS-CoV2-5UTR-Amplicon-short-trimmed+3,159,t,1.5769
SARS-CoV2-5UTR-Amplicon-short-trimmed+3,160,g,0.5328
SARS-CoV2-5UTR-Amplicon-short-trimmed+3,161,t,0.1728
SARS-CoV2-5UTR-Amplicon-short-trimmed+3,162,t,0.2376
SARS-CoV2-5UTR-Amplicon-short-trimmed+3,163,g,0.4855
SARS-CoV2-5UTR-Amplicon-short-trimmed+3,164,c,0.4596
SARS-CoV2-5UTR-Amplicon-short-trimmed+3,165,a,0.6099
SARS-CoV2-5UTR-Amplicon-short-trimmed+3,166,g,1.0506
SARS-CoV2-5UTR-Amplicon-short-trimmed+3,167,c,0.3742
SARS-CoV2-5UTR-Amplicon-short-trimmed+3,168,c,0.866
SARS-CoV2-5UTR-Amplicon-short-trimmed+3,169,g,0.1693
SARS-CoV2-5UTR-Amplicon-short-trimmed+3,170,a,0.1399
SARS-CoV2-5UTR-Amplicon-short-trimmed+3,171,t,0.1675
SARS-CoV2-5UTR-Amplicon-short-trimmed+3,172,c,0.2449
SARS-CoV2-5UTR-Amplicon-short-trimmed+3,173,a,0.0815
SARS-CoV2-5UTR-Amplicon-short-trimmed+3,174,t,0.1039
SARS-CoV2-5UTR-Amplicon-short-trimmed+3,175,c,0.2933
SARS-CoV2-5UTR-Amplicon-short-trimmed+3,176,a,0.2557
SARS-CoV2-5UTR-Amplicon-short-trimmed+3,177,g,0.8951
SARS-CoV2-5UTR-Amplicon-short-trimmed+3,178,c,0.8342
SARS-CoV2-5UTR-Amplicon-short-trimmed+3,179,a,0.173
SARS-CoV2-5UTR-Amplicon-short-trimmed+3,180,c,0.1446
SARS-CoV2-5UTR-Amplicon-short-trimmed+3,181,a,0.125
SARS-CoV2-5UTR-Amplicon-short-trimmed+3,182,t,0.2046
SARS-CoV2-5UTR-Amplicon-short-trimmed+3,183,c,0.1407
SARS-CoV2-5UTR-Amplicon-short-trimmed+3,184,t,0.2689
SARS-CoV2-5UTR-Amplicon-short-trimmed+3,185,a,1.0742
SARS-CoV2-5UTR-Amplicon-short-trimmed+3,186,g,1.1232
SARS-CoV2-5UTR-Amplicon-short-trimmed+3,187,g,1.0931
SARS-CoV2-5UTR-Amplicon-short-trimmed+3,188,t,0.3222
SARS-CoV2-5UTR-Amplicon-short-trimmed+3,189,t,0.525
SARS-CoV2-5UTR-Amplicon-short-trimmed+3,190,t,0.873
SARS-CoV2-5UTR-Amplicon-short-trimmed+3,191,c,1.0057
SARS-CoV2-5UTR-Amplicon-short-trimmed+3,192,g,1.0895
SARS-CoV2-5UTR-Amplicon-short-trimmed+3,193,t,1.5617
SARS-CoV2-5UTR-Amplicon-short-trimmed+3,194,c,0.4251
SARS-CoV2-5UTR-Amplicon-short-trimmed+3,195,c,0.4747
SARS-CoV2-5UTR-Amplicon-short-trimmed+3,196,g,1.3317
SARS-CoV2-5UTR-Amplicon-short-trimmed+3,197,g,1.042
SARS-CoV2-5UTR-Amplicon-short-trimmed+3,198,g,1.4593
SARS-CoV2-5UTR-Amplicon-short-trimmed+3,199,t,0.5876
SARS-CoV2-5UTR-Amplicon-short-trimmed+3,200,g,0.7388
SARS-CoV2-5UTR-Amplicon-short-trimmed+3,201,t,0.1786
SARS-CoV2-5UTR-Amplicon-short-trimmed+3,202,g,0.304
SARS-CoV2-5UTR-Amplicon-short-trimmed+3,203,a,0.4037
SARS-CoV2-5UTR-Amplicon-short-trimmed+3,204,c,0.1821
SARS-CoV2-5UTR-Amplicon-short-trimmed+3,205,c,0.1579
SARS-CoV2-5UTR-Amplicon-short-trimmed+3,206,g,0.8281
SARS-CoV2-5UTR-Amplicon-short-trimmed+3,207,a,0.2644
SARS-CoV2-5UTR-Amplicon-short-trimmed+3,208,a,0.162
SARS-CoV2-5UTR-Amplicon-short-trimmed+3,209,a,0.3728
SARS-CoV2-5UTR-Amplicon-short-trimmed+3,210,g,0.8083
SARS-CoV2-5UTR-Amplicon-short-trimmed+3,211,g,0.7251
SARS-CoV2-5UTR-Amplicon-short-trimmed+3,212,t,0.1614
SARS-CoV2-5UTR-Amplicon-short-trimmed+3,213,a,0.1164
SARS-CoV2-5UTR-Amplicon-short-trimmed+3,214,a,0.1794
SARS-CoV2-5UTR-Amplicon-short-trimmed+3,215,g,0.329
SARS-CoV2-5UTR-Amplicon-short-trimmed+3,216,a,0.1824
SARS-CoV2-5UTR-Amplicon-short-trimmed+3,217,t,0.5395
SARS-CoV2-5UTR-Amplicon-short-trimmed+3,218,g,0.7853
SARS-CoV2-5UTR-Amplicon-short-trimmed+3,219,g,0.2727
SARS-CoV2-5UTR-Amplicon-short-trimmed+3,220,a,0.4328
SARS-CoV2-5UTR-Amplicon-short-trimmed+3,221,g,0.3213
SARS-CoV2-5UTR-Amplicon-short-trimmed+3,222,a,0.1256
SARS-CoV2-5UTR-Amplicon-short-trimmed+3,223,g,1.1337
SARS-CoV2-5UTR-Amplicon-short-trimmed+3,224,c,0.115
SARS-CoV2-5UTR-Amplicon-short-trimmed+3,225,c,0.1153
SARS-CoV2-5UTR-Amplicon-short-trimmed+3,226,t,0.2629
SARS-CoV2-5UTR-Amplicon-short-trimmed+3,227,t,0.5149
SARS-CoV2-5UTR-Amplicon-short-trimmed+3,228,g,0.3393
SARS-CoV2-5UTR-Amplicon-short-trimmed+3,229,t,0.1697
SARS-CoV2-5UTR-Amplicon-short-trimmed+3,230,c,0.1072
SARS-CoV2-5UTR-Amplicon-short-trimmed+3,231,c,0.0819
SARS-CoV2-5UTR-Amplicon-short-trimmed+3,232,c,0.1399
SARS-CoV2-5UTR-Amplicon-short-trimmed+3,233,t,0.4949
SARS-CoV2-5UTR-Amplicon-short-trimmed+3,234,g,1.0541
SARS-CoV2-5UTR-Amplicon-short-trimmed+3,235,g,0.775
SARS-CoV2-5UTR-Amplicon-short-trimmed+3,236,t,0.0904
SARS-CoV2-5UTR-Amplicon-short-trimmed+3,237,t,0.0783
SARS-CoV2-5UTR-Amplicon-short-trimmed+3,238,t,0.1466
SARS-CoV2-5UTR-Amplicon-short-trimmed+3,239,c,0.674
SARS-CoV2-5UTR-Amplicon-short-trimmed+3,240,a,0.1038
SARS-CoV2-5UTR-Amplicon-short-trimmed+3,241,a,0.0973
SARS-CoV2-5UTR-Amplicon-short-trimmed+3,242,c,0.1088
SARS-CoV2-5UTR-Amplicon-short-trimmed+3,243,g,0.1088
SARS-CoV2-5UTR-Amplicon-short-trimmed+3,244,a,0.2436
SARS-CoV2-5UTR-Amplicon-short-trimmed+3,245,g,0
SARS-CoV2-5UTR-Amplicon-short-trimmed+3,246,g,0
SARS-CoV2-5UTR-Amplicon-short-trimmed+3,247,G,0
SARS-CoV2-5UTR-Amplicon-short-trimmed+3,248,A,0
SARS-CoV2-5UTR-Amplicon-short-trimmed+3,249,G,0
