Region,Position,Ref_base,Mut_percentage
SARS-CoV2-5UTR-Amplicon-short-trimmed+3,1,T,0
SARS-CoV2-5UTR-Amplicon-short-trimmed+3,2,T,0
SARS-CoV2-5UTR-Amplicon-short-trimmed+3,3,G,0
SARS-CoV2-5UTR-Amplicon-short-trimmed+3,4,t,0
SARS-CoV2-5UTR-Amplicon-short-trimmed+3,5,a,0
SARS-CoV2-5UTR-Amplicon-short-trimmed+3,6,g,0.0716
SARS-CoV2-5UTR-Amplicon-short-trimmed+3,7,a,0.0254
SARS-CoV2-5UTR-Amplicon-short-trimmed+3,8,t,0.0869
SARS-CoV2-5UTR-Amplicon-short-trimmed+3,9,c,0.0622
SARS-CoV2-5UTR-Amplicon-short-trimmed+3,10,t,0.0341
SARS-CoV2-5UTR-Amplicon-short-trimmed+3,11,g,0.2656
SARS-CoV2-5UTR-Amplicon-short-trimmed+3,12,t,0.0711
SARS-CoV2-5UTR-Amplicon-short-trimmed+3,13,t,0.0776
SARS-CoV2-5UTR-Amplicon-short-trimmed+3,14,c,0.0618
SARS-CoV2-5UTR-Amplicon-short-trimmed+3,15,t,0.1338
SARS-CoV2-5UTR-Amplicon-short-trimmed+3,16,c,0.0781
SARS-CoV2-5UTR-Amplicon-short-trimmed+3,17,t,0.046
SARS-CoV2-5UTR-Amplicon-short-trimmed+3,18,a,0.0816
SARS-CoV2-5UTR-Amplicon-short-trimmed+3,19,a,0.0223
SARS-CoV2-5UTR-Amplicon-short-trimmed+3,20,a,0.0297
SARS-CoV2-5UTR-Amplicon-short-trimmed+3,21,c,0.0383
SARS-CoV2-5UTR-Amplicon-short-trimmed+3,22,g,0.0947
SARS-CoV2-5UTR-Amplicon-short-trimmed+3,23,a,0.0281
SARS-CoV2-5UTR-Amplicon-short-trimmed+3,24,a,0.0447
SARS-CoV2-5UTR-Amplicon-short-trimmed+3,25,c,4.2658
SARS-CoV2-5UTR-Amplicon-short-trimmed+3,26,t,0.2122
SARS-CoV2-5UTR-Amplicon-short-trimmed+3,27,t,0.1457
SARS-CoV2-5UTR-Amplicon-short-trimmed+3,28,t,0.0307
SARS-CoV2-5UTR-Amplicon-short-trimmed+3,29,a,0.0735
SARS-CoV2-5UTR-Amplicon-short-trimmed+3,30,a,0.0435
SARS-CoV2-5UTR-Amplicon-short-trimmed+3,31,a,0.0778
SARS-CoV2-5UTR-Amplicon-short-trimmed+3,32,a,0.0303
SARS-CoV2-5UTR-Amplicon-short-trimmed+3,33,t,0.0732
SARS-CoV2-5UTR-Amplicon-short-trimmed+3,34,c,0.0383
SARS-CoV2-5UTR-Amplicon-short-trimmed+3,35,t,0.081
SARS-CoV2-5UTR-Amplicon-short-trimmed+3,36,g,0.1051
SARS-CoV2-5UTR-Amplicon-short-trimmed+3,37,t,0.0801
SARS-CoV2-5UTR-Amplicon-short-trimmed+3,38,g,0.0481
SARS-CoV2-5UTR-Amplicon-short-trimmed+3,39,t,0.0569
SARS-CoV2-5UTR-Amplicon-short-trimmed+3,40,g,0.0622
SARS-CoV2-5UTR-Amplicon-short-trimmed+3,41,g,0.1477
SARS-CoV2-5UTR-Amplicon-short-trimmed+3,42,c,0.0766
SARS-CoV2-5UTR-Amplicon-short-trimmed+3,43,t,0.1684
SARS-CoV2-5UTR-Amplicon-short-trimmed+3,44,g,0.1115
SARS-CoV2-5UTR-Amplicon-short-trimmed+3,45,t,0.1517
SARS-CoV2-5UTR-Amplicon-short-trimmed+3,46,c,0.0378
SARS-CoV2-5UTR-Amplicon-short-trimmed+3,47,a,0.0464
SARS-CoV2-5UTR-Amplicon-short-trimmed+3,48,c,0.046
SARS-CoV2-5UTR-Amplicon-short-trimmed+3,49,t,0.0675
SARS-CoV2-5UTR-Amplicon-short-trimmed+3,50,c,0.0653
SARS-CoV2-5UTR-Amplicon-short-trimmed+3,51,g,0.1148
SARS-CoV2-5UTR-Amplicon-short-trimmed+3,52,g,0.2624
SARS-CoV2-5UTR-Amplicon-short-trimmed+3,53,c,0.1868
SARS-CoV2-5UTR-Amplicon-short-trimmed+3,54,t,0.111
SARS-CoV2-5UTR-Amplicon-short-trimmed+3,55,g,0.2936
SARS-CoV2-5UTR-Amplicon-short-trimmed+3,56,c,0.1063
SARS-CoV2-5UTR-Amplicon-short-trimmed+3,57,g,0.2475
SARS-CoV2-5UTR-Amplicon-short-trimmed+3,58,t,0.0782
SARS-CoV2-5UTR-Amplicon-short-trimmed+3,59,g,0.1626
SARS-CoV2-5UTR-Amplicon-short-trimmed+3,60,c,0.086
SARS-CoV2-5UTR-Amplicon-short-trimmed+3,61,t,0.1073
SARS-CoV2-5UTR-Amplicon-short-trimmed+3,62,t,0.0515
SARS-CoV2-5UTR-Amplicon-short-trimmed+3,63,a,0.0529
SARS-CoV2-5UTR-Amplicon-short-trimmed+3,64,g,0.0795
SARS-CoV2-5UTR-Amplicon-short-trimmed+3,65,t,0.0475
SARS-CoV2-5UTR-Amplicon-short-trimmed+3,66,g,0.1414
SARS-CoV2-5UTR-Amplicon-short-trimmed+3,67,c,0.1624
SARS-CoV2-5UTR-Amplicon-short-trimmed+3,68,a,0.0671
SARS-CoV2-5UTR-Amplicon-short-trimmed+3,69,c,0.0807
SARS-CoV2-5UTR-Amplicon-short-trimmed+3,70,t,0.0663
SARS-CoV2-5UTR-Amplicon-short-trimmed+3,71,c,0.0583
SARS-CoV2-5UTR-Amplicon-short-trimmed+3,72,a,0.0548
SARS-CoV2-5UTR-Amplicon-short-trimmed+3,73,c,0.0617
SARS-CoV2-5UTR-Amplicon-short-trimmed+3,74,g,0.1587
SARS-CoV2-5UTR-Amplicon-short-trimmed+3,75,c,0.031
SARS-CoV2-5UTR-Amplicon-short-trimmed+3,76,a,0.0882
SARS-CoV2-5UTR-Amplicon-short-trimmed+3,77,g,0.1051
SARS-CoV2-5UTR-Amplicon-short-trimmed+3,78,t,0.0429
SARS-CoV2-5UTR-Amplicon-short-trimmed+3,79,a,0.0386
SARS-CoV2-5UTR-Amplicon-short-trimmed+3,80,t,0.027
SARS-CoV2-5UTR-Amplicon-short-trimmed+3,81,a,0.0339
SARS-CoV2-5UTR-Amplicon-short-trimmed+3,82,a,0.073
SARS-CoV2-5UTR-Amplicon-short-trimmed+3,83,t,0.0331
SARS-CoV2-5UTR-Amplicon-short-trimmed+3,84,t,0.0672
SARS-CoV2-5UTR-Amplicon-short-trimmed+3,85,a,0.0699
SARS-CoV2-5UTR-Amplicon-short-trimmed+3,86,a,0.0577
SARS-CoV2-5UTR-Amplicon-short-trimmed+3,87,t,0.0289
SARS-CoV2-5UTR-Amplicon-short-trimmed+3,88,a,0.0485
SARS-CoV2-5UTR-Amplicon-short-trimmed+3,89,a,0.0572
SARS-CoV2-5UTR-Amplicon-short-trimmed+3,90,c,0.3052
SARS-CoV2-5UTR-Amplicon-short-trimmed+3,91,t,0.1014
SARS-CoV2-5UTR-Amplicon-short-trimmed+3,92,a,0.0439
SARS-CoV2-5UTR-Amplicon-short-trimmed+3,93,a,0.0525
SARS-CoV2-5UTR-Amplicon-short-trimmed+3,94,t,0.0452
SARS-CoV2-5UTR-Amplicon-short-trimmed+3,95,t,0.0468
SARS-CoV2-5UTR-Amplicon-short-trimmed+3,96,a,0.0471
SARS-CoV2-5UTR-Amplicon-short-trimmed+3,97,c,0.0433
SARS-CoV2-5UTR-Amplicon-short-trimmed+3,98,t,0.308
SARS-CoV2-5UTR-Amplicon-short-trimmed+3,99,g,0.1246
SARS-CoV2-5UTR-Amplicon-short-trimmed+3,100,t,0.112
SARS-CoV2-5UTR-Amplicon-short-trimmed+3,101,c,0.0603
SARS-CoV2-5UTR-Amplicon-short-trimmed+3,102,g,0.1408
SARS-CoV2-5UTR-Amplicon-short-trimmed+3,103,t,0.0744
SARS-CoV2-5UTR-Amplicon-short-trimmed+3,104,t,0.1233
SARS-CoV2-5UTR-Amplicon-short-trimmed+3,105,g,0.0958
SARS-CoV2-5UTR-Amplicon-short-trimmed+3,106,a,0.0636
SARS-CoV2-5UTR-Amplicon-short-trimmed+3,107,c,0.0967
SARS-CoV2-5UTR-Amplicon-short-trimmed+3,108,a,0.1027
SARS-CoV2-5UTR-Amplicon-short-trimmed+3,109,g,0.133
SARS-CoV2-5UTR-Amplicon-short-trimmed+3,110,g,0.1094
SARS-CoV2-5UTR-Amplicon-short-trimmed+3,111,a,0.0451
SARS-CoV2-5UTR-Amplicon-short-trimmed+3,112,c,0.0823
SARS-CoV2-5UTR-Amplicon-short-trimmed+3,113,a,0.0634
SARS-CoV2-5UTR-Amplicon-short-trimmed+3,114,c,0.1074
SARS-CoV2-5UTR-Amplicon-short-trimmed+3,115,g,0.0768
SARS-CoV2-5UTR-Amplicon-short-trimmed+3,116,a,0.073
SARS-CoV2-5UTR-Amplicon-short-trimmed+3,117,g,0.068
SARS-CoV2-5UTR-Amplicon-short-trimmed+3,118,t,0.1529
SARS-CoV2-5UTR-Amplicon-short-trimmed+3,119,a,0.1424
SARS-CoV2-5UTR-Amplicon-short-trimmed+3,120,a,0.1042
SARS-CoV2-5UTR-Amplicon-short-trimmed+3,121,c,0.1923
SARS-CoV2-5UTR-Amplicon-short-trimmed+3,122,t,0.2215
SARS-CoV2-5UTR-Amplicon-short-trimmed+3,123,c,0.2184
SARS-CoV2-5UTR-Amplicon-short-trimmed+3,124,g,0.2955
SARS-CoV2-5UTR-Amplicon-short-trimmed+3,125,t,0.3026
SARS-CoV2-5UTR-Amplicon-short-trimmed+3,126,c,0.1228
SARS-CoV2-5UTR-Amplicon-short-trimmed+3,127,t,0.0872
SARS-CoV2-5UTR-Amplicon-short-trimmed+3,128,a,0.1154
SARS-CoV2-5UTR-Amplicon-short-trimmed+3,129,t,0.5007
SARS-CoV2-5UTR-Amplicon-short-trimmed+3,130,c,0.0758
SARS-CoV2-5UTR-Amplicon-short-trimmed+3,131,t,0.1111
SARS-CoV2-5UTR-Amplicon-short-trimmed+3,132,t,0.2426
SARS-CoV2-5UTR-Amplicon-short-trimmed+3,133,c,0.257
SARS-CoV2-5UTR-Amplicon-short-trimmed+3,134,t,0.2015
SARS-CoV2-5UTR-Amplicon-short-trimmed+3,135,g,0.1798
SARS-CoV2-5UTR-Amplicon-short-trimmed+3,136,c,0.4687
SARS-CoV2-5UTR-Amplicon-short-trimmed+3,137,a,0.2629
SARS-CoV2-5UTR-Amplicon-short-trimmed+3,138,g,0.1276
SARS-CoV2-5UTR-Amplicon-short-trimmed+3,139,g,0.2937
SARS-CoV2-5UTR-Amplicon-short-trimmed+3,140,c,0.1559
SARS-CoV2-5UTR-Amplicon-short-trimmed+3,141,t,0.3145
SARS-CoV2-5UTR-Amplicon-short-trimmed+3,142,g,0.4535
SARS-CoV2-5UTR-Amplicon-short-trimmed+3,143,c,0.1433
SARS-CoV2-5UTR-Amplicon-short-trimmed+3,144,t,0.1363
SARS-CoV2-5UTR-Amplicon-short-trimmed+3,145,t,0.1609
SARS-CoV2-5UTR-Amplicon-short-trimmed+3,146,a,0.2108
SARS-CoV2-5UTR-Amplicon-short-trimmed+3,147,c,0.1934
SARS-CoV2-5UTR-Amplicon-short-trimmed+3,148,g,0.4058
SARS-CoV2-5UTR-Amplicon-short-trimmed+3,149,g,0.2021
SARS-CoV2-5UTR-Amplicon-short-trimmed+3,150,t,0.1999
SARS-CoV2-5UTR-Amplicon-short-trimmed+3,151,t,0.1789
SARS-CoV2-5UTR-Amplicon-short-trimmed+3,152,t,0.2501
SARS-CoV2-5UTR-Amplicon-short-trimmed+3,153,c,0.2825
SARS-CoV2-5UTR-Amplicon-short-trimmed+3,154,g,0.1378
SARS-CoV2-5UTR-Amplicon-short-trimmed+3,155,t,0.3639
SARS-CoV2-5UTR-Amplicon-short-trimmed+3,156,c,0.2528
SARS-CoV2-5UTR-Amplicon-short-trimmed+3,157,c,0.2431
SARS-CoV2-5UTR-Amplicon-short-trimmed+3,158,g,0.1422
SARS-CoV2-5UTR-Amplicon-short-trimmed+3,159,t,1.2982
SARS-CoV2-5UTR-Amplicon-short-trimmed+3,160,g,0.1517
SARS-CoV2-5UTR-Amplicon-short-trimmed+3,161,t,0.1642
SARS-CoV2-5UTR-Amplicon-short-trimmed+3,162,t,0.2084
SARS-CoV2-5UTR-Amplicon-short-trimmed+3,163,g,0.1741
SARS-CoV2-5UTR-Amplicon-short-trimmed+3,164,c,0.3495
SARS-CoV2-5UTR-Amplicon-short-trimmed+3,165,a,0.5681
SARS-CoV2-5UTR-Amplicon-short-trimmed+3,166,g,0.8395
SARS-CoV2-5UTR-Amplicon-short-trimmed+3,167,c,0.3199
SARS-CoV2-5UTR-Amplicon-short-trimmed+3,168,c,0.5825
SARS-CoV2-5UTR-Amplicon-short-trimmed+3,169,g,0.1146
SARS-CoV2-5UTR-Amplicon-short-trimmed+3,170,a,0.1231
SARS-CoV2-5UTR-Amplicon-short-trimmed+3,171,t,0.1244
SARS-CoV2-5UTR-Amplicon-short-trimmed+3,172,c,0.1827
SARS-CoV2-5UTR-Amplicon-short-trimmed+3,173,a,0.0667
SARS-CoV2-5UTR-Amplicon-short-trimmed+3,174,t,0.0814
SARS-CoV2-5UTR-Amplicon-short-trimmed+3,175,c,0.2212
SARS-CoV2-5UTR-Amplicon-short-trimmed+3,176,a,0.1451
SARS-CoV2-5UTR-Amplicon-short-trimmed+3,177,g,0.1361
SARS-CoV2-5UTR-Amplicon-short-trimmed+3,178,c,0.6397
SARS-CoV2-5UTR-Amplicon-short-trimmed+3,179,a,0.1088
SARS-CoV2-5UTR-Amplicon-short-trimmed+3,180,c,0.0947
SARS-CoV2-5UTR-Amplicon-short-trimmed+3,181,a,0.0945
SARS-CoV2-5UTR-Amplicon-short-trimmed+3,182,t,0.1559
SARS-CoV2-5UTR-Amplicon-short-trimmed+3,183,c,0.0707
SARS-CoV2-5UTR-Amplicon-short-trimmed+3,184,t,0.1156
SARS-CoV2-5UTR-Amplicon-short-trimmed+3,185,a,0.2006
SARS-CoV2-5UTR-Amplicon-short-trimmed+3,186,g,0.1015
SARS-CoV2-5UTR-Amplicon-short-trimmed+3,187,g,0.1325
SARS-CoV2-5UTR-Amplicon-short-trimmed+3,188,t,0.154
SARS-CoV2-5UTR-Amplicon-short-trimmed+3,189,t,0.3004
SARS-CoV2-5UTR-Amplicon-short-trimmed+3,190,t,0.3687
SARS-CoV2-5UTR-Amplicon-short-trimmed+3,191,c,0.1649
SARS-CoV2-5UTR-Amplicon-short-trimmed+3,192,g,0.1084
SARS-CoV2-5UTR-Amplicon-short-trimmed+3,193,t,1.0647
SARS-CoV2-5UTR-Amplicon-short-trimmed+3,194,c,0.1382
SARS-CoV2-5UTR-Amplicon-short-trimmed+3,195,c,0.186
SARS-CoV2-5UTR-Amplicon-short-trimmed+3,196,g,0.3713
SARS-CoV2-5UTR-Amplicon-short-trimmed+3,197,g,0.1714
SARS-CoV2-5UTR-Amplicon-short-trimmed+3,198,g,0.4559
SARS-CoV2-5UTR-Amplicon-short-trimmed+3,199,t,0.2502
SARS-CoV2-5UTR-Amplicon-short-trimmed+3,200,g,0.0918
SARS-CoV2-5UTR-Amplicon-short-trimmed+3,201,t,0.1355
SARS-CoV2-5UTR-Amplicon-short-trimmed+3,202,g,0.1229
SARS-CoV2-5UTR-Amplicon-short-trimmed+3,203,a,0.3353
SARS-CoV2-5UTR-Amplicon-short-trimmed+3,204,c,0.1219
SARS-CoV2-5UTR-Amplicon-short-trimmed+3,205,c,0.1041
SARS-CoV2-5UTR-Amplicon-short-trimmed+3,206,g,0.11
SARS-CoV2-5UTR-Amplicon-short-trimmed+3,207,a,0.1166
SARS-CoV2-5UTR-Amplicon-short-trimmed+3,208,a,0.0661
SARS-CoV2-5UTR-Amplicon-short-trimmed+3,209,a,0.1559
SARS-CoV2-5UTR-Amplicon-short-trimmed+3,210,g,0.14
SARS-CoV2-5UTR-Amplicon-short-trimmed+3,211,g,0.1227
SARS-CoV2-5UTR-Amplicon-short-trimmed+3,212,t,0.1348
SARS-CoV2-5UTR-Amplicon-short-trimmed+3,213,a,0.0664
SARS-CoV2-5UTR-Amplicon-short-trimmed+3,214,a,0.0796
SARS-CoV2-5UTR-Amplicon-short-trimmed+3,215,g,0.0761
SARS-CoV2-5UTR-Amplicon-short-trimmed+3,216,a,0.0517
SARS-CoV2-5UTR-Amplicon-short-trimmed+3,217,t,0.1217
SARS-CoV2-5UTR-Amplicon-short-trimmed+3,218,g,0.0785
SARS-CoV2-5UTR-Amplicon-short-trimmed+3,219,g,0.0767
SARS-CoV2-5UTR-Amplicon-short-trimmed+3,220,a,0.2451
SARS-CoV2-5UTR-Amplicon-short-trimmed+3,221,g,0.1572
SARS-CoV2-5UTR-Amplicon-short-trimmed+3,222,a,0.0852
SARS-CoV2-5UTR-Amplicon-short-trimmed+3,223,g,0.2135
SARS-CoV2-5UTR-Amplicon-short-trimmed+3,224,c,0.0888
SARS-CoV2-5UTR-Amplicon-short-trimmed+3,225,c,0.0816
SARS-CoV2-5UTR-Amplicon-short-trimmed+3,226,t,0.0576
SARS-CoV2-5UTR-Amplicon-short-trimmed+3,227,t,0.31
SARS-CoV2-5UTR-Amplicon-short-trimmed+3,228,g,0.0504
SARS-CoV2-5UTR-Amplicon-short-trimmed+3,229,t,0.1535
SARS-CoV2-5UTR-Amplicon-short-trimmed+3,230,c,0.0741
SARS-CoV2-5UTR-Amplicon-short-trimmed+3,231,c,0.0621
SARS-CoV2-5UTR-Amplicon-short-trimmed+3,232,c,0.1044
SARS-CoV2-5UTR-Amplicon-short-trimmed+3,233,t,0.1841
SARS-CoV2-5UTR-Amplicon-short-trimmed+3,234,g,0.1239
SARS-CoV2-5UTR-Amplicon-short-trimmed+3,235,g,0.2389
SARS-CoV2-5UTR-Amplicon-short-trimmed+3,236,t,0.0708
SARS-CoV2-5UTR-Amplicon-short-trimmed+3,237,t,0.0645
SARS-CoV2-5UTR-Amplicon-short-trimmed+3,238,t,0.1223
SARS-CoV2-5UTR-Amplicon-short-trimmed+3,239,c,0.5774
SARS-CoV2-5UTR-Amplicon-short-trimmed+3,240,a,0.0981
SARS-CoV2-5UTR-Amplicon-short-trimmed+3,241,a,0.0788
SARS-CoV2-5UTR-Amplicon-short-trimmed+3,242,c,0.0883
SARS-CoV2-5UTR-Amplicon-short-trimmed+3,243,g,0.0322
SARS-CoV2-5UTR-Amplicon-short-trimmed+3,244,a,0.2241
SARS-CoV2-5UTR-Amplicon-short-trimmed+3,245,g,0
SARS-CoV2-5UTR-Amplicon-short-trimmed+3,246,g,0
SARS-CoV2-5UTR-Amplicon-short-trimmed+3,247,G,0
SARS-CoV2-5UTR-Amplicon-short-trimmed+3,248,A,0
SARS-CoV2-5UTR-Amplicon-short-trimmed+3,249,G,0
