Region,Position,Ref_base,Mut_percentage
SARS-CoV2-5UTR-Amplicon-short-trimmed+3,1,T,0
SARS-CoV2-5UTR-Amplicon-short-trimmed+3,2,T,0
SARS-CoV2-5UTR-Amplicon-short-trimmed+3,3,G,0
SARS-CoV2-5UTR-Amplicon-short-trimmed+3,4,t,0
SARS-CoV2-5UTR-Amplicon-short-trimmed+3,5,a,0
SARS-CoV2-5UTR-Amplicon-short-trimmed+3,6,g,0.084
SARS-CoV2-5UTR-Amplicon-short-trimmed+3,7,a,0.0329
SARS-CoV2-5UTR-Amplicon-short-trimmed+3,8,t,0.0882
SARS-CoV2-5UTR-Amplicon-short-trimmed+3,9,c,0.0877
SARS-CoV2-5UTR-Amplicon-short-trimmed+3,10,t,0.0405
SARS-CoV2-5UTR-Amplicon-short-trimmed+3,11,g,0.255
SARS-CoV2-5UTR-Amplicon-short-trimmed+3,12,t,0.0879
SARS-CoV2-5UTR-Amplicon-short-trimmed+3,13,t,0.1013
SARS-CoV2-5UTR-Amplicon-short-trimmed+3,14,c,0.1242
SARS-CoV2-5UTR-Amplicon-short-trimmed+3,15,t,0.1187
SARS-CoV2-5UTR-Amplicon-short-trimmed+3,16,c,0.0995
SARS-CoV2-5UTR-Amplicon-short-trimmed+3,17,t,0.0681
SARS-CoV2-5UTR-Amplicon-short-trimmed+3,18,a,0.0966
SARS-CoV2-5UTR-Amplicon-short-trimmed+3,19,a,0.0223
SARS-CoV2-5UTR-Amplicon-short-trimmed+3,20,a,0.0359
SARS-CoV2-5UTR-Amplicon-short-trimmed+3,21,c,0.0771
SARS-CoV2-5UTR-Amplicon-short-trimmed+3,22,g,0.0615
SARS-CoV2-5UTR-Amplicon-short-trimmed+3,23,a,0.0279
SARS-CoV2-5UTR-Amplicon-short-trimmed+3,24,a,0.0531
SARS-CoV2-5UTR-Amplicon-short-trimmed+3,25,c,1.5878
SARS-CoV2-5UTR-Amplicon-short-trimmed+3,26,t,0.2421
SARS-CoV2-5UTR-Amplicon-short-trimmed+3,27,t,0.1536
SARS-CoV2-5UTR-Amplicon-short-trimmed+3,28,t,0.0581
SARS-CoV2-5UTR-Amplicon-short-trimmed+3,29,a,0.1017
SARS-CoV2-5UTR-Amplicon-short-trimmed+3,30,a,0.0616
SARS-CoV2-5UTR-Amplicon-short-trimmed+3,31,a,0.0785
SARS-CoV2-5UTR-Amplicon-short-trimmed+3,32,a,0.0431
SARS-CoV2-5UTR-Amplicon-short-trimmed+3,33,t,0.101
SARS-CoV2-5UTR-Amplicon-short-trimmed+3,34,c,0.0804
SARS-CoV2-5UTR-Amplicon-short-trimmed+3,35,t,0.103
SARS-CoV2-5UTR-Amplicon-short-trimmed+3,36,g,0.1602
SARS-CoV2-5UTR-Amplicon-short-trimmed+3,37,t,0.0857
SARS-CoV2-5UTR-Amplicon-short-trimmed+3,38,g,0.0625
SARS-CoV2-5UTR-Amplicon-short-trimmed+3,39,t,0.0799
SARS-CoV2-5UTR-Amplicon-short-trimmed+3,40,g,0.0822
SARS-CoV2-5UTR-Amplicon-short-trimmed+3,41,g,0.1689
SARS-CoV2-5UTR-Amplicon-short-trimmed+3,42,c,0.1204
SARS-CoV2-5UTR-Amplicon-short-trimmed+3,43,t,0.1689
SARS-CoV2-5UTR-Amplicon-short-trimmed+3,44,g,0.135
SARS-CoV2-5UTR-Amplicon-short-trimmed+3,45,t,0.1398
SARS-CoV2-5UTR-Amplicon-short-trimmed+3,46,c,0.0702
SARS-CoV2-5UTR-Amplicon-short-trimmed+3,47,a,0.0513
SARS-CoV2-5UTR-Amplicon-short-trimmed+3,48,c,0.0812
SARS-CoV2-5UTR-Amplicon-short-trimmed+3,49,t,0.0693
SARS-CoV2-5UTR-Amplicon-short-trimmed+3,50,c,0.0998
SARS-CoV2-5UTR-Amplicon-short-trimmed+3,51,g,0.1245
SARS-CoV2-5UTR-Amplicon-short-trimmed+3,52,g,0.2193
SARS-CoV2-5UTR-Amplicon-short-trimmed+3,53,c,0.1693
SARS-CoV2-5UTR-Amplicon-short-trimmed+3,54,t,0.1042
SARS-CoV2-5UTR-Amplicon-short-trimmed+3,55,g,0.2093
SARS-CoV2-5UTR-Amplicon-short-trimmed+3,56,c,0.1281
SARS-CoV2-5UTR-Amplicon-short-trimmed+3,57,g,0.2268
SARS-CoV2-5UTR-Amplicon-short-trimmed+3,58,t,0.0896
SARS-CoV2-5UTR-Amplicon-short-trimmed+3,59,g,0.1662
SARS-CoV2-5UTR-Amplicon-short-trimmed+3,60,c,0.1136
SARS-CoV2-5UTR-Amplicon-short-trimmed+3,61,t,0.1173
SARS-CoV2-5UTR-Amplicon-short-trimmed+3,62,t,0.0627
SARS-CoV2-5UTR-Amplicon-short-trimmed+3,63,a,0.0574
SARS-CoV2-5UTR-Amplicon-short-trimmed+3,64,g,0.0926
SARS-CoV2-5UTR-Amplicon-short-trimmed+3,65,t,0.0598
SARS-CoV2-5UTR-Amplicon-short-trimmed+3,66,g,0.1468
SARS-CoV2-5UTR-Amplicon-short-trimmed+3,67,c,0.1715
SARS-CoV2-5UTR-Amplicon-short-trimmed+3,68,a,0.079
SARS-CoV2-5UTR-Amplicon-short-trimmed+3,69,c,0.1226
SARS-CoV2-5UTR-Amplicon-short-trimmed+3,70,t,0.0744
SARS-CoV2-5UTR-Amplicon-short-trimmed+3,71,c,0.0666
SARS-CoV2-5UTR-Amplicon-short-trimmed+3,72,a,0.0601
SARS-CoV2-5UTR-Amplicon-short-trimmed+3,73,c,0.0945
SARS-CoV2-5UTR-Amplicon-short-trimmed+3,74,g,0.1414
SARS-CoV2-5UTR-Amplicon-short-trimmed+3,75,c,0.0593
SARS-CoV2-5UTR-Amplicon-short-trimmed+3,76,a,0.0857
SARS-CoV2-5UTR-Amplicon-short-trimmed+3,77,g,0.0846
SARS-CoV2-5UTR-Amplicon-short-trimmed+3,78,t,0.046
SARS-CoV2-5UTR-Amplicon-short-trimmed+3,79,a,0.0455
SARS-CoV2-5UTR-Amplicon-short-trimmed+3,80,t,0.0407
SARS-CoV2-5UTR-Amplicon-short-trimmed+3,81,a,0.046
SARS-CoV2-5UTR-Amplicon-short-trimmed+3,82,a,0.0768
SARS-CoV2-5UTR-Amplicon-short-trimmed+3,83,t,0.0381
SARS-CoV2-5UTR-Amplicon-short-trimmed+3,84,t,0.0894
SARS-CoV2-5UTR-Amplicon-short-trimmed+3,85,a,0.0889
SARS-CoV2-5UTR-Amplicon-short-trimmed+3,86,a,0.0744
SARS-CoV2-5UTR-Amplicon-short-trimmed+3,87,t,0.0358
SARS-CoV2-5UTR-Amplicon-short-trimmed+3,88,a,0.0472
SARS-CoV2-5UTR-Amplicon-short-trimmed+3,89,a,0.071
SARS-CoV2-5UTR-Amplicon-short-trimmed+3,90,c,0.3377
SARS-CoV2-5UTR-Amplicon-short-trimmed+3,91,t,0.1149
SARS-CoV2-5UTR-Amplicon-short-trimmed+3,92,a,0.0586
SARS-CoV2-5UTR-Amplicon-short-trimmed+3,93,a,0.0562
SARS-CoV2-5UTR-Amplicon-short-trimmed+3,94,t,0.0654
SARS-CoV2-5UTR-Amplicon-short-trimmed+3,95,t,0.0618
SARS-CoV2-5UTR-Amplicon-short-trimmed+3,96,a,0.0642
SARS-CoV2-5UTR-Amplicon-short-trimmed+3,97,c,0.0812
SARS-CoV2-5UTR-Amplicon-short-trimmed+3,98,t,0.3266
SARS-CoV2-5UTR-Amplicon-short-trimmed+3,99,g,0.1221
SARS-CoV2-5UTR-Amplicon-short-trimmed+3,100,t,0.1042
SARS-CoV2-5UTR-Amplicon-short-trimmed+3,101,c,0.1049
SARS-CoV2-5UTR-Amplicon-short-trimmed+3,102,g,0.1281
SARS-CoV2-5UTR-Amplicon-short-trimmed+3,103,t,0.0826
SARS-CoV2-5UTR-Amplicon-short-trimmed+3,104,t,0.1243
SARS-CoV2-5UTR-Amplicon-short-trimmed+3,105,g,0.0857
SARS-CoV2-5UTR-Amplicon-short-trimmed+3,106,a,0.0717
SARS-CoV2-5UTR-Amplicon-short-trimmed+3,107,c,0.1138
SARS-CoV2-5UTR-Amplicon-short-trimmed+3,108,a,0.1047
SARS-CoV2-5UTR-Amplicon-short-trimmed+3,109,g,0.1262
SARS-CoV2-5UTR-Amplicon-short-trimmed+3,110,g,0.1234
SARS-CoV2-5UTR-Amplicon-short-trimmed+3,111,a,0.056
SARS-CoV2-5UTR-Amplicon-short-trimmed+3,112,c,0.1115
SARS-CoV2-5UTR-Amplicon-short-trimmed+3,113,a,0.063
SARS-CoV2-5UTR-Amplicon-short-trimmed+3,114,c,0.1294
SARS-CoV2-5UTR-Amplicon-short-trimmed+3,115,g,0.0703
SARS-CoV2-5UTR-Amplicon-short-trimmed+3,116,a,0.0929
SARS-CoV2-5UTR-Amplicon-short-trimmed+3,117,g,0.0756
SARS-CoV2-5UTR-Amplicon-short-trimmed+3,118,t,0.1697
SARS-CoV2-5UTR-Amplicon-short-trimmed+3,119,a,0.1609
SARS-CoV2-5UTR-Amplicon-short-trimmed+3,120,a,0.1152
SARS-CoV2-5UTR-Amplicon-short-trimmed+3,121,c,0.2383
SARS-CoV2-5UTR-Amplicon-short-trimmed+3,122,t,0.2172
SARS-CoV2-5UTR-Amplicon-short-trimmed+3,123,c,0.2548
SARS-CoV2-5UTR-Amplicon-short-trimmed+3,124,g,0.2057
SARS-CoV2-5UTR-Amplicon-short-trimmed+3,125,t,0.328
SARS-CoV2-5UTR-Amplicon-short-trimmed+3,126,c,0.1731
SARS-CoV2-5UTR-Amplicon-short-trimmed+3,127,t,0.0983
SARS-CoV2-5UTR-Amplicon-short-trimmed+3,128,a,0.1384
SARS-CoV2-5UTR-Amplicon-short-trimmed+3,129,t,0.5392
SARS-CoV2-5UTR-Amplicon-short-trimmed+3,130,c,0.1247
SARS-CoV2-5UTR-Amplicon-short-trimmed+3,131,t,0.1438
SARS-CoV2-5UTR-Amplicon-short-trimmed+3,132,t,0.1917
SARS-CoV2-5UTR-Amplicon-short-trimmed+3,133,c,0.3448
SARS-CoV2-5UTR-Amplicon-short-trimmed+3,134,t,0.2359
SARS-CoV2-5UTR-Amplicon-short-trimmed+3,135,g,0.1512
SARS-CoV2-5UTR-Amplicon-short-trimmed+3,136,c,0.4709
SARS-CoV2-5UTR-Amplicon-short-trimmed+3,137,a,0.2703
SARS-CoV2-5UTR-Amplicon-short-trimmed+3,138,g,0.118
SARS-CoV2-5UTR-Amplicon-short-trimmed+3,139,g,0.3134
SARS-CoV2-5UTR-Amplicon-short-trimmed+3,140,c,0.1624
SARS-CoV2-5UTR-Amplicon-short-trimmed+3,141,t,0.349
SARS-CoV2-5UTR-Amplicon-short-trimmed+3,142,g,0.4622
SARS-CoV2-5UTR-Amplicon-short-trimmed+3,143,c,0.1394
SARS-CoV2-5UTR-Amplicon-short-trimmed+3,144,t,0.1321
SARS-CoV2-5UTR-Amplicon-short-trimmed+3,145,t,0.1583
SARS-CoV2-5UTR-Amplicon-short-trimmed+3,146,a,0.2141
SARS-CoV2-5UTR-Amplicon-short-trimmed+3,147,c,0.202
SARS-CoV2-5UTR-Amplicon-short-trimmed+3,148,g,0.4055
SARS-CoV2-5UTR-Amplicon-short-trimmed+3,149,g,0.1732
SARS-CoV2-5UTR-Amplicon-short-trimmed+3,150,t,0.2139
SARS-CoV2-5UTR-Amplicon-short-trimmed+3,151,t,0.18
SARS-CoV2-5UTR-Amplicon-short-trimmed+3,152,t,0.2582
SARS-CoV2-5UTR-Amplicon-short-trimmed+3,153,c,0.3099
SARS-CoV2-5UTR-Amplicon-short-trimmed+3,154,g,0.1249
SARS-CoV2-5UTR-Amplicon-short-trimmed+3,155,t,0.3757
SARS-CoV2-5UTR-Amplicon-short-trimmed+3,156,c,0.242
SARS-CoV2-5UTR-Amplicon-short-trimmed+3,157,c,0.2412
SARS-CoV2-5UTR-Amplicon-short-trimmed+3,158,g,0.1478
SARS-CoV2-5UTR-Amplicon-short-trimmed+3,159,t,1.3957
SARS-CoV2-5UTR-Amplicon-short-trimmed+3,160,g,0.1108
SARS-CoV2-5UTR-Amplicon-short-trimmed+3,161,t,0.1621
SARS-CoV2-5UTR-Amplicon-short-trimmed+3,162,t,0.2064
SARS-CoV2-5UTR-Amplicon-short-trimmed+3,163,g,0.1248
SARS-CoV2-5UTR-Amplicon-short-trimmed+3,164,c,0.3184
SARS-CoV2-5UTR-Amplicon-short-trimmed+3,165,a,0.3337
SARS-CoV2-5UTR-Amplicon-short-trimmed+3,166,g,0.5359
SARS-CoV2-5UTR-Amplicon-short-trimmed+3,167,c,0.3119
SARS-CoV2-5UTR-Amplicon-short-trimmed+3,168,c,0.6329
SARS-CoV2-5UTR-Amplicon-short-trimmed+3,169,g,0.1241
SARS-CoV2-5UTR-Amplicon-short-trimmed+3,170,a,0.1421
SARS-CoV2-5UTR-Amplicon-short-trimmed+3,171,t,0.1329
SARS-CoV2-5UTR-Amplicon-short-trimmed+3,172,c,0.2229
SARS-CoV2-5UTR-Amplicon-short-trimmed+3,173,a,0.0724
SARS-CoV2-5UTR-Amplicon-short-trimmed+3,174,t,0.1
SARS-CoV2-5UTR-Amplicon-short-trimmed+3,175,c,0.2981
SARS-CoV2-5UTR-Amplicon-short-trimmed+3,176,a,0.1616
SARS-CoV2-5UTR-Amplicon-short-trimmed+3,177,g,0.1548
SARS-CoV2-5UTR-Amplicon-short-trimmed+3,178,c,0.6748
SARS-CoV2-5UTR-Amplicon-short-trimmed+3,179,a,0.1512
SARS-CoV2-5UTR-Amplicon-short-trimmed+3,180,c,0.1191
SARS-CoV2-5UTR-Amplicon-short-trimmed+3,181,a,0.1159
SARS-CoV2-5UTR-Amplicon-short-trimmed+3,182,t,0.1953
SARS-CoV2-5UTR-Amplicon-short-trimmed+3,183,c,0.1203
SARS-CoV2-5UTR-Amplicon-short-trimmed+3,184,t,0.1304
SARS-CoV2-5UTR-Amplicon-short-trimmed+3,185,a,0.2362
SARS-CoV2-5UTR-Amplicon-short-trimmed+3,186,g,0.1367
SARS-CoV2-5UTR-Amplicon-short-trimmed+3,187,g,0.1309
SARS-CoV2-5UTR-Amplicon-short-trimmed+3,188,t,0.2008
SARS-CoV2-5UTR-Amplicon-short-trimmed+3,189,t,0.3424
SARS-CoV2-5UTR-Amplicon-short-trimmed+3,190,t,0.4247
SARS-CoV2-5UTR-Amplicon-short-trimmed+3,191,c,0.2304
SARS-CoV2-5UTR-Amplicon-short-trimmed+3,192,g,0.1208
SARS-CoV2-5UTR-Amplicon-short-trimmed+3,193,t,1.1435
SARS-CoV2-5UTR-Amplicon-short-trimmed+3,194,c,0.2028
SARS-CoV2-5UTR-Amplicon-short-trimmed+3,195,c,0.2178
SARS-CoV2-5UTR-Amplicon-short-trimmed+3,196,g,0.3999
SARS-CoV2-5UTR-Amplicon-short-trimmed+3,197,g,0.179
SARS-CoV2-5UTR-Amplicon-short-trimmed+3,198,g,0.5393
SARS-CoV2-5UTR-Amplicon-short-trimmed+3,199,t,0.2766
SARS-CoV2-5UTR-Amplicon-short-trimmed+3,200,g,0.1091
SARS-CoV2-5UTR-Amplicon-short-trimmed+3,201,t,0.1468
SARS-CoV2-5UTR-Amplicon-short-trimmed+3,202,g,0.1251
SARS-CoV2-5UTR-Amplicon-short-trimmed+3,203,a,0.3411
SARS-CoV2-5UTR-Amplicon-short-trimmed+3,204,c,0.1476
SARS-CoV2-5UTR-Amplicon-short-trimmed+3,205,c,0.1422
SARS-CoV2-5UTR-Amplicon-short-trimmed+3,206,g,0.111
SARS-CoV2-5UTR-Amplicon-short-trimmed+3,207,a,0.1631
SARS-CoV2-5UTR-Amplicon-short-trimmed+3,208,a,0.083
SARS-CoV2-5UTR-Amplicon-short-trimmed+3,209,a,0.1766
SARS-CoV2-5UTR-Amplicon-short-trimmed+3,210,g,0.1674
SARS-CoV2-5UTR-Amplicon-short-trimmed+3,211,g,0.1751
SARS-CoV2-5UTR-Amplicon-short-trimmed+3,212,t,0.1515
SARS-CoV2-5UTR-Amplicon-short-trimmed+3,213,a,0.0835
SARS-CoV2-5UTR-Amplicon-short-trimmed+3,214,a,0.103
SARS-CoV2-5UTR-Amplicon-short-trimmed+3,215,g,0.0968
SARS-CoV2-5UTR-Amplicon-short-trimmed+3,216,a,0.0793
SARS-CoV2-5UTR-Amplicon-short-trimmed+3,217,t,0.1505
SARS-CoV2-5UTR-Amplicon-short-trimmed+3,218,g,0.099
SARS-CoV2-5UTR-Amplicon-short-trimmed+3,219,g,0.1023
SARS-CoV2-5UTR-Amplicon-short-trimmed+3,220,a,0.286
SARS-CoV2-5UTR-Amplicon-short-trimmed+3,221,g,0.1962
SARS-CoV2-5UTR-Amplicon-short-trimmed+3,222,a,0.0999
SARS-CoV2-5UTR-Amplicon-short-trimmed+3,223,g,0.2211
SARS-CoV2-5UTR-Amplicon-short-trimmed+3,224,c,0.1171
SARS-CoV2-5UTR-Amplicon-short-trimmed+3,225,c,0.1191
SARS-CoV2-5UTR-Amplicon-short-trimmed+3,226,t,0.0849
SARS-CoV2-5UTR-Amplicon-short-trimmed+3,227,t,0.3574
SARS-CoV2-5UTR-Amplicon-short-trimmed+3,228,g,0.074
SARS-CoV2-5UTR-Amplicon-short-trimmed+3,229,t,0.1529
SARS-CoV2-5UTR-Amplicon-short-trimmed+3,230,c,0.098
SARS-CoV2-5UTR-Amplicon-short-trimmed+3,231,c,0.0949
SARS-CoV2-5UTR-Amplicon-short-trimmed+3,232,c,0.1549
SARS-CoV2-5UTR-Amplicon-short-trimmed+3,233,t,0.2064
SARS-CoV2-5UTR-Amplicon-short-trimmed+3,234,g,0.1265
SARS-CoV2-5UTR-Amplicon-short-trimmed+3,235,g,0.1558
SARS-CoV2-5UTR-Amplicon-short-trimmed+3,236,t,0.0859
SARS-CoV2-5UTR-Amplicon-short-trimmed+3,237,t,0.0731
SARS-CoV2-5UTR-Amplicon-short-trimmed+3,238,t,0.1415
SARS-CoV2-5UTR-Amplicon-short-trimmed+3,239,c,0.6684
SARS-CoV2-5UTR-Amplicon-short-trimmed+3,240,a,0.0975
SARS-CoV2-5UTR-Amplicon-short-trimmed+3,241,a,0.0895
SARS-CoV2-5UTR-Amplicon-short-trimmed+3,242,c,0.1008
SARS-CoV2-5UTR-Amplicon-short-trimmed+3,243,g,0.0461
SARS-CoV2-5UTR-Amplicon-short-trimmed+3,244,a,0.2657
SARS-CoV2-5UTR-Amplicon-short-trimmed+3,245,g,0
SARS-CoV2-5UTR-Amplicon-short-trimmed+3,246,g,0
SARS-CoV2-5UTR-Amplicon-short-trimmed+3,247,G,0
SARS-CoV2-5UTR-Amplicon-short-trimmed+3,248,A,0
SARS-CoV2-5UTR-Amplicon-short-trimmed+3,249,G,0
