Region,Position,Ref_base,Mut_percentage
SARS-CoV2-5UTR-Amplicon-short-trimmed+3,1,T,0
SARS-CoV2-5UTR-Amplicon-short-trimmed+3,2,T,0
SARS-CoV2-5UTR-Amplicon-short-trimmed+3,3,G,0
SARS-CoV2-5UTR-Amplicon-short-trimmed+3,4,t,0
SARS-CoV2-5UTR-Amplicon-short-trimmed+3,5,a,0
SARS-CoV2-5UTR-Amplicon-short-trimmed+3,6,g,0.0792
SARS-CoV2-5UTR-Amplicon-short-trimmed+3,7,a,0.054
SARS-CoV2-5UTR-Amplicon-short-trimmed+3,8,t,0.057
SARS-CoV2-5UTR-Amplicon-short-trimmed+3,9,c,0.1581
SARS-CoV2-5UTR-Amplicon-short-trimmed+3,10,t,0.0346
SARS-CoV2-5UTR-Amplicon-short-trimmed+3,11,g,0.2084
SARS-CoV2-5UTR-Amplicon-short-trimmed+3,12,t,0.0635
SARS-CoV2-5UTR-Amplicon-short-trimmed+3,13,t,0.1178
SARS-CoV2-5UTR-Amplicon-short-trimmed+3,14,c,0.2206
SARS-CoV2-5UTR-Amplicon-short-trimmed+3,15,t,0.102
SARS-CoV2-5UTR-Amplicon-short-trimmed+3,16,c,0.1519
SARS-CoV2-5UTR-Amplicon-short-trimmed+3,17,t,0.0494
SARS-CoV2-5UTR-Amplicon-short-trimmed+3,18,a,0.1244
SARS-CoV2-5UTR-Amplicon-short-trimmed+3,19,a,0.0349
SARS-CoV2-5UTR-Amplicon-short-trimmed+3,20,a,0.068
SARS-CoV2-5UTR-Amplicon-short-trimmed+3,21,c,0.1876
SARS-CoV2-5UTR-Amplicon-short-trimmed+3,22,g,0.0684
SARS-CoV2-5UTR-Amplicon-short-trimmed+3,23,a,0.0544
SARS-CoV2-5UTR-Amplicon-short-trimmed+3,24,a,0.0691
SARS-CoV2-5UTR-Amplicon-short-trimmed+3,25,c,1.5916
SARS-CoV2-5UTR-Amplicon-short-trimmed+3,26,t,0.2225
SARS-CoV2-5UTR-Amplicon-short-trimmed+3,27,t,0.1319
SARS-CoV2-5UTR-Amplicon-short-trimmed+3,28,t,0.0423
SARS-CoV2-5UTR-Amplicon-short-trimmed+3,29,a,0.1555
SARS-CoV2-5UTR-Amplicon-short-trimmed+3,30,a,0.0826
SARS-CoV2-5UTR-Amplicon-short-trimmed+3,31,a,0.0843
SARS-CoV2-5UTR-Amplicon-short-trimmed+3,32,a,0.0786
SARS-CoV2-5UTR-Amplicon-short-trimmed+3,33,t,0.1116
SARS-CoV2-5UTR-Amplicon-short-trimmed+3,34,c,0.176
SARS-CoV2-5UTR-Amplicon-short-trimmed+3,35,t,0.1186
SARS-CoV2-5UTR-Amplicon-short-trimmed+3,36,g,0.1889
SARS-CoV2-5UTR-Amplicon-short-trimmed+3,37,t,0.0821
SARS-CoV2-5UTR-Amplicon-short-trimmed+3,38,g,0.0799
SARS-CoV2-5UTR-Amplicon-short-trimmed+3,39,t,0.0704
SARS-CoV2-5UTR-Amplicon-short-trimmed+3,40,g,0.1083
SARS-CoV2-5UTR-Amplicon-short-trimmed+3,41,g,0.157
SARS-CoV2-5UTR-Amplicon-short-trimmed+3,42,c,0.1931
SARS-CoV2-5UTR-Amplicon-short-trimmed+3,43,t,0.144
SARS-CoV2-5UTR-Amplicon-short-trimmed+3,44,g,0.1232
SARS-CoV2-5UTR-Amplicon-short-trimmed+3,45,t,0.1282
SARS-CoV2-5UTR-Amplicon-short-trimmed+3,46,c,0.1265
SARS-CoV2-5UTR-Amplicon-short-trimmed+3,47,a,0.1157
SARS-CoV2-5UTR-Amplicon-short-trimmed+3,48,c,0.1976
SARS-CoV2-5UTR-Amplicon-short-trimmed+3,49,t,0.0693
SARS-CoV2-5UTR-Amplicon-short-trimmed+3,50,c,0.2131
SARS-CoV2-5UTR-Amplicon-short-trimmed+3,51,g,0.1441
SARS-CoV2-5UTR-Amplicon-short-trimmed+3,52,g,0.2379
SARS-CoV2-5UTR-Amplicon-short-trimmed+3,53,c,0.2714
SARS-CoV2-5UTR-Amplicon-short-trimmed+3,54,t,0.102
SARS-CoV2-5UTR-Amplicon-short-trimmed+3,55,g,0.2206
SARS-CoV2-5UTR-Amplicon-short-trimmed+3,56,c,0.213
SARS-CoV2-5UTR-Amplicon-short-trimmed+3,57,g,0.2171
SARS-CoV2-5UTR-Amplicon-short-trimmed+3,58,t,0.089
SARS-CoV2-5UTR-Amplicon-short-trimmed+3,59,g,0.1701
SARS-CoV2-5UTR-Amplicon-short-trimmed+3,60,c,0.1885
SARS-CoV2-5UTR-Amplicon-short-trimmed+3,61,t,0.1196
SARS-CoV2-5UTR-Amplicon-short-trimmed+3,62,t,0.0754
SARS-CoV2-5UTR-Amplicon-short-trimmed+3,63,a,0.078
SARS-CoV2-5UTR-Amplicon-short-trimmed+3,64,g,0.0874
SARS-CoV2-5UTR-Amplicon-short-trimmed+3,65,t,0.0527
SARS-CoV2-5UTR-Amplicon-short-trimmed+3,66,g,0.1431
SARS-CoV2-5UTR-Amplicon-short-trimmed+3,67,c,0.2216
SARS-CoV2-5UTR-Amplicon-short-trimmed+3,68,a,0.1149
SARS-CoV2-5UTR-Amplicon-short-trimmed+3,69,c,0.1842
SARS-CoV2-5UTR-Amplicon-short-trimmed+3,70,t,0.0608
SARS-CoV2-5UTR-Amplicon-short-trimmed+3,71,c,0.0842
SARS-CoV2-5UTR-Amplicon-short-trimmed+3,72,a,0.1222
SARS-CoV2-5UTR-Amplicon-short-trimmed+3,73,c,0.1751
SARS-CoV2-5UTR-Amplicon-short-trimmed+3,74,g,0.145
SARS-CoV2-5UTR-Amplicon-short-trimmed+3,75,c,0.118
SARS-CoV2-5UTR-Amplicon-short-trimmed+3,76,a,0.0948
SARS-CoV2-5UTR-Amplicon-short-trimmed+3,77,g,0.0881
SARS-CoV2-5UTR-Amplicon-short-trimmed+3,78,t,0.0424
SARS-CoV2-5UTR-Amplicon-short-trimmed+3,79,a,0.0646
SARS-CoV2-5UTR-Amplicon-short-trimmed+3,80,t,0.0227
SARS-CoV2-5UTR-Amplicon-short-trimmed+3,81,a,0.055
SARS-CoV2-5UTR-Amplicon-short-trimmed+3,82,a,0.0898
SARS-CoV2-5UTR-Amplicon-short-trimmed+3,83,t,0.0409
SARS-CoV2-5UTR-Amplicon-short-trimmed+3,84,t,0.079
SARS-CoV2-5UTR-Amplicon-short-trimmed+3,85,a,0.1066
SARS-CoV2-5UTR-Amplicon-short-trimmed+3,86,a,0.1016
SARS-CoV2-5UTR-Amplicon-short-trimmed+3,87,t,0.0349
SARS-CoV2-5UTR-Amplicon-short-trimmed+3,88,a,0.0603
SARS-CoV2-5UTR-Amplicon-short-trimmed+3,89,a,0.0967
SARS-CoV2-5UTR-Amplicon-short-trimmed+3,90,c,0.4333
SARS-CoV2-5UTR-Amplicon-short-trimmed+3,91,t,0.1164
SARS-CoV2-5UTR-Amplicon-short-trimmed+3,92,a,0.0829
SARS-CoV2-5UTR-Amplicon-short-trimmed+3,93,a,0.0871
SARS-CoV2-5UTR-Amplicon-short-trimmed+3,94,t,0.0763
SARS-CoV2-5UTR-Amplicon-short-trimmed+3,95,t,0.0763
SARS-CoV2-5UTR-Amplicon-short-trimmed+3,96,a,0.1069
SARS-CoV2-5UTR-Amplicon-short-trimmed+3,97,c,0.1777
SARS-CoV2-5UTR-Amplicon-short-trimmed+3,98,t,0.329
SARS-CoV2-5UTR-Amplicon-short-trimmed+3,99,g,0.1486
SARS-CoV2-5UTR-Amplicon-short-trimmed+3,100,t,0.124
SARS-CoV2-5UTR-Amplicon-short-trimmed+3,101,c,0.2147
SARS-CoV2-5UTR-Amplicon-short-trimmed+3,102,g,0.1284
SARS-CoV2-5UTR-Amplicon-short-trimmed+3,103,t,0.0868
SARS-CoV2-5UTR-Amplicon-short-trimmed+3,104,t,0.1288
SARS-CoV2-5UTR-Amplicon-short-trimmed+3,105,g,0.1113
SARS-CoV2-5UTR-Amplicon-short-trimmed+3,106,a,0.1363
SARS-CoV2-5UTR-Amplicon-short-trimmed+3,107,c,0.2122
SARS-CoV2-5UTR-Amplicon-short-trimmed+3,108,a,0.1634
SARS-CoV2-5UTR-Amplicon-short-trimmed+3,109,g,0.14
SARS-CoV2-5UTR-Amplicon-short-trimmed+3,110,g,0.1376
SARS-CoV2-5UTR-Amplicon-short-trimmed+3,111,a,0.1135
SARS-CoV2-5UTR-Amplicon-short-trimmed+3,112,c,0.2132
SARS-CoV2-5UTR-Amplicon-short-trimmed+3,113,a,0.0886
SARS-CoV2-5UTR-Amplicon-short-trimmed+3,114,c,0.2135
SARS-CoV2-5UTR-Amplicon-short-trimmed+3,115,g,0.1042
SARS-CoV2-5UTR-Amplicon-short-trimmed+3,116,a,0.1229
SARS-CoV2-5UTR-Amplicon-short-trimmed+3,117,g,0.0809
SARS-CoV2-5UTR-Amplicon-short-trimmed+3,118,t,0.1483
SARS-CoV2-5UTR-Amplicon-short-trimmed+3,119,a,0.1554
SARS-CoV2-5UTR-Amplicon-short-trimmed+3,120,a,0.1498
SARS-CoV2-5UTR-Amplicon-short-trimmed+3,121,c,0.2916
SARS-CoV2-5UTR-Amplicon-short-trimmed+3,122,t,0.1894
SARS-CoV2-5UTR-Amplicon-short-trimmed+3,123,c,0.3071
SARS-CoV2-5UTR-Amplicon-short-trimmed+3,124,g,0.2199
SARS-CoV2-5UTR-Amplicon-short-trimmed+3,125,t,0.2611
SARS-CoV2-5UTR-Amplicon-short-trimmed+3,126,c,0.2442
SARS-CoV2-5UTR-Amplicon-short-trimmed+3,127,t,0.0819
SARS-CoV2-5UTR-Amplicon-short-trimmed+3,128,a,0.1676
SARS-CoV2-5UTR-Amplicon-short-trimmed+3,129,t,0.4684
SARS-CoV2-5UTR-Amplicon-short-trimmed+3,130,c,0.1987
SARS-CoV2-5UTR-Amplicon-short-trimmed+3,131,t,0.1293
SARS-CoV2-5UTR-Amplicon-short-trimmed+3,132,t,0.1938
SARS-CoV2-5UTR-Amplicon-short-trimmed+3,133,c,0.3647
SARS-CoV2-5UTR-Amplicon-short-trimmed+3,134,t,0.1998
SARS-CoV2-5UTR-Amplicon-short-trimmed+3,135,g,0.1723
SARS-CoV2-5UTR-Amplicon-short-trimmed+3,136,c,0.4981
SARS-CoV2-5UTR-Amplicon-short-trimmed+3,137,a,0.2899
SARS-CoV2-5UTR-Amplicon-short-trimmed+3,138,g,0.1623
SARS-CoV2-5UTR-Amplicon-short-trimmed+3,139,g,0.3173
SARS-CoV2-5UTR-Amplicon-short-trimmed+3,140,c,0.2613
SARS-CoV2-5UTR-Amplicon-short-trimmed+3,141,t,0.3376
SARS-CoV2-5UTR-Amplicon-short-trimmed+3,142,g,0.4229
SARS-CoV2-5UTR-Amplicon-short-trimmed+3,143,c,0.2217
SARS-CoV2-5UTR-Amplicon-short-trimmed+3,144,t,0.1305
SARS-CoV2-5UTR-Amplicon-short-trimmed+3,145,t,0.1582
SARS-CoV2-5UTR-Amplicon-short-trimmed+3,146,a,0.2284
SARS-CoV2-5UTR-Amplicon-short-trimmed+3,147,c,0.3113
SARS-CoV2-5UTR-Amplicon-short-trimmed+3,148,g,0.4201
SARS-CoV2-5UTR-Amplicon-short-trimmed+3,149,g,0.206
SARS-CoV2-5UTR-Amplicon-short-trimmed+3,150,t,0.2133
SARS-CoV2-5UTR-Amplicon-short-trimmed+3,151,t,0.1665
SARS-CoV2-5UTR-Amplicon-short-trimmed+3,152,t,0.253
SARS-CoV2-5UTR-Amplicon-short-trimmed+3,153,c,0.4328
SARS-CoV2-5UTR-Amplicon-short-trimmed+3,154,g,0.1468
SARS-CoV2-5UTR-Amplicon-short-trimmed+3,155,t,0.3133
SARS-CoV2-5UTR-Amplicon-short-trimmed+3,156,c,0.3796
SARS-CoV2-5UTR-Amplicon-short-trimmed+3,157,c,0.2969
SARS-CoV2-5UTR-Amplicon-short-trimmed+3,158,g,0.1601
SARS-CoV2-5UTR-Amplicon-short-trimmed+3,159,t,1.1945
SARS-CoV2-5UTR-Amplicon-short-trimmed+3,160,g,0.1273
SARS-CoV2-5UTR-Amplicon-short-trimmed+3,161,t,0.1414
SARS-CoV2-5UTR-Amplicon-short-trimmed+3,162,t,0.1997
SARS-CoV2-5UTR-Amplicon-short-trimmed+3,163,g,0.1468
SARS-CoV2-5UTR-Amplicon-short-trimmed+3,164,c,0.3749
SARS-CoV2-5UTR-Amplicon-short-trimmed+3,165,a,0.3953
SARS-CoV2-5UTR-Amplicon-short-trimmed+3,166,g,0.523
SARS-CoV2-5UTR-Amplicon-short-trimmed+3,167,c,0.3901
SARS-CoV2-5UTR-Amplicon-short-trimmed+3,168,c,0.6025
SARS-CoV2-5UTR-Amplicon-short-trimmed+3,169,g,0.1162
SARS-CoV2-5UTR-Amplicon-short-trimmed+3,170,a,0.1333
SARS-CoV2-5UTR-Amplicon-short-trimmed+3,171,t,0.1196
SARS-CoV2-5UTR-Amplicon-short-trimmed+3,172,c,0.2249
SARS-CoV2-5UTR-Amplicon-short-trimmed+3,173,a,0.0851
SARS-CoV2-5UTR-Amplicon-short-trimmed+3,174,t,0.0866
SARS-CoV2-5UTR-Amplicon-short-trimmed+3,175,c,0.304
SARS-CoV2-5UTR-Amplicon-short-trimmed+3,176,a,0.1784
SARS-CoV2-5UTR-Amplicon-short-trimmed+3,177,g,0.1718
SARS-CoV2-5UTR-Amplicon-short-trimmed+3,178,c,0.7091
SARS-CoV2-5UTR-Amplicon-short-trimmed+3,179,a,0.2201
SARS-CoV2-5UTR-Amplicon-short-trimmed+3,180,c,0.1708
SARS-CoV2-5UTR-Amplicon-short-trimmed+3,181,a,0.1384
SARS-CoV2-5UTR-Amplicon-short-trimmed+3,182,t,0.1924
SARS-CoV2-5UTR-Amplicon-short-trimmed+3,183,c,0.2244
SARS-CoV2-5UTR-Amplicon-short-trimmed+3,184,t,0.1404
SARS-CoV2-5UTR-Amplicon-short-trimmed+3,185,a,0.2694
SARS-CoV2-5UTR-Amplicon-short-trimmed+3,186,g,0.1718
SARS-CoV2-5UTR-Amplicon-short-trimmed+3,187,g,0.1835
SARS-CoV2-5UTR-Amplicon-short-trimmed+3,188,t,0.2343
SARS-CoV2-5UTR-Amplicon-short-trimmed+3,189,t,0.3461
SARS-CoV2-5UTR-Amplicon-short-trimmed+3,190,t,0.4126
SARS-CoV2-5UTR-Amplicon-short-trimmed+3,191,c,0.3991
SARS-CoV2-5UTR-Amplicon-short-trimmed+3,192,g,0.1769
SARS-CoV2-5UTR-Amplicon-short-trimmed+3,193,t,1.0457
SARS-CoV2-5UTR-Amplicon-short-trimmed+3,194,c,0.3495
SARS-CoV2-5UTR-Amplicon-short-trimmed+3,195,c,0.3383
SARS-CoV2-5UTR-Amplicon-short-trimmed+3,196,g,0.4175
SARS-CoV2-5UTR-Amplicon-short-trimmed+3,197,g,0.2067
SARS-CoV2-5UTR-Amplicon-short-trimmed+3,198,g,0.4956
SARS-CoV2-5UTR-Amplicon-short-trimmed+3,199,t,0.2803
SARS-CoV2-5UTR-Amplicon-short-trimmed+3,200,g,0.1118
SARS-CoV2-5UTR-Amplicon-short-trimmed+3,201,t,0.1476
SARS-CoV2-5UTR-Amplicon-short-trimmed+3,202,g,0.1437
SARS-CoV2-5UTR-Amplicon-short-trimmed+3,203,a,0.3424
SARS-CoV2-5UTR-Amplicon-short-trimmed+3,204,c,0.2393
SARS-CoV2-5UTR-Amplicon-short-trimmed+3,205,c,0.2118
SARS-CoV2-5UTR-Amplicon-short-trimmed+3,206,g,0.1311
SARS-CoV2-5UTR-Amplicon-short-trimmed+3,207,a,0.1843
SARS-CoV2-5UTR-Amplicon-short-trimmed+3,208,a,0.1102
SARS-CoV2-5UTR-Amplicon-short-trimmed+3,209,a,0.1632
SARS-CoV2-5UTR-Amplicon-short-trimmed+3,210,g,0.1613
SARS-CoV2-5UTR-Amplicon-short-trimmed+3,211,g,0.2023
SARS-CoV2-5UTR-Amplicon-short-trimmed+3,212,t,0.1501
SARS-CoV2-5UTR-Amplicon-short-trimmed+3,213,a,0.0989
SARS-CoV2-5UTR-Amplicon-short-trimmed+3,214,a,0.1249
SARS-CoV2-5UTR-Amplicon-short-trimmed+3,215,g,0.1092
SARS-CoV2-5UTR-Amplicon-short-trimmed+3,216,a,0.1095
SARS-CoV2-5UTR-Amplicon-short-trimmed+3,217,t,0.1484
SARS-CoV2-5UTR-Amplicon-short-trimmed+3,218,g,0.1005
SARS-CoV2-5UTR-Amplicon-short-trimmed+3,219,g,0.1149
SARS-CoV2-5UTR-Amplicon-short-trimmed+3,220,a,0.2965
SARS-CoV2-5UTR-Amplicon-short-trimmed+3,221,g,0.1541
SARS-CoV2-5UTR-Amplicon-short-trimmed+3,222,a,0.1058
SARS-CoV2-5UTR-Amplicon-short-trimmed+3,223,g,0.2046
SARS-CoV2-5UTR-Amplicon-short-trimmed+3,224,c,0.2047
SARS-CoV2-5UTR-Amplicon-short-trimmed+3,225,c,0.2135
SARS-CoV2-5UTR-Amplicon-short-trimmed+3,226,t,0.0696
SARS-CoV2-5UTR-Amplicon-short-trimmed+3,227,t,0.3283
SARS-CoV2-5UTR-Amplicon-short-trimmed+3,228,g,0.0985
SARS-CoV2-5UTR-Amplicon-short-trimmed+3,229,t,0.1469
SARS-CoV2-5UTR-Amplicon-short-trimmed+3,230,c,0.1558
SARS-CoV2-5UTR-Amplicon-short-trimmed+3,231,c,0.1656
SARS-CoV2-5UTR-Amplicon-short-trimmed+3,232,c,0.2213
SARS-CoV2-5UTR-Amplicon-short-trimmed+3,233,t,0.183
SARS-CoV2-5UTR-Amplicon-short-trimmed+3,234,g,0.1298
SARS-CoV2-5UTR-Amplicon-short-trimmed+3,235,g,0.1405
SARS-CoV2-5UTR-Amplicon-short-trimmed+3,236,t,0.0885
SARS-CoV2-5UTR-Amplicon-short-trimmed+3,237,t,0.0613
SARS-CoV2-5UTR-Amplicon-short-trimmed+3,238,t,0.1166
SARS-CoV2-5UTR-Amplicon-short-trimmed+3,239,c,0.7926
SARS-CoV2-5UTR-Amplicon-short-trimmed+3,240,a,0.0948
SARS-CoV2-5UTR-Amplicon-short-trimmed+3,241,a,0.0944
SARS-CoV2-5UTR-Amplicon-short-trimmed+3,242,c,0.1707
SARS-CoV2-5UTR-Amplicon-short-trimmed+3,243,g,0.05
SARS-CoV2-5UTR-Amplicon-short-trimmed+3,244,a,0.2107
SARS-CoV2-5UTR-Amplicon-short-trimmed+3,245,g,0
SARS-CoV2-5UTR-Amplicon-short-trimmed+3,246,g,0
SARS-CoV2-5UTR-Amplicon-short-trimmed+3,247,G,0
SARS-CoV2-5UTR-Amplicon-short-trimmed+3,248,A,0
SARS-CoV2-5UTR-Amplicon-short-trimmed+3,249,G,0
