Region,Position,Ref_base,Mut_percentage
SARS-CoV2-5UTR-Amplicon-short-trimmed+3,1,T,0
SARS-CoV2-5UTR-Amplicon-short-trimmed+3,2,T,0
SARS-CoV2-5UTR-Amplicon-short-trimmed+3,3,G,1e-04
SARS-CoV2-5UTR-Amplicon-short-trimmed+3,4,t,0
SARS-CoV2-5UTR-Amplicon-short-trimmed+3,5,a,0
SARS-CoV2-5UTR-Amplicon-short-trimmed+3,6,g,0.0795
SARS-CoV2-5UTR-Amplicon-short-trimmed+3,7,a,0.0305
SARS-CoV2-5UTR-Amplicon-short-trimmed+3,8,t,0.0722
SARS-CoV2-5UTR-Amplicon-short-trimmed+3,9,c,0.0715
SARS-CoV2-5UTR-Amplicon-short-trimmed+3,10,t,0.0406
SARS-CoV2-5UTR-Amplicon-short-trimmed+3,11,g,0.2919
SARS-CoV2-5UTR-Amplicon-short-trimmed+3,12,t,0.0815
SARS-CoV2-5UTR-Amplicon-short-trimmed+3,13,t,0.0731
SARS-CoV2-5UTR-Amplicon-short-trimmed+3,14,c,0.074
SARS-CoV2-5UTR-Amplicon-short-trimmed+3,15,t,0.1361
SARS-CoV2-5UTR-Amplicon-short-trimmed+3,16,c,0.1096
SARS-CoV2-5UTR-Amplicon-short-trimmed+3,17,t,0.0482
SARS-CoV2-5UTR-Amplicon-short-trimmed+3,18,a,0.0848
SARS-CoV2-5UTR-Amplicon-short-trimmed+3,19,a,0.0179
SARS-CoV2-5UTR-Amplicon-short-trimmed+3,20,a,0.0313
SARS-CoV2-5UTR-Amplicon-short-trimmed+3,21,c,0.054
SARS-CoV2-5UTR-Amplicon-short-trimmed+3,22,g,0.0821
SARS-CoV2-5UTR-Amplicon-short-trimmed+3,23,a,0.0277
SARS-CoV2-5UTR-Amplicon-short-trimmed+3,24,a,0.0466
SARS-CoV2-5UTR-Amplicon-short-trimmed+3,25,c,3.8465
SARS-CoV2-5UTR-Amplicon-short-trimmed+3,26,t,0.1883
SARS-CoV2-5UTR-Amplicon-short-trimmed+3,27,t,0.1632
SARS-CoV2-5UTR-Amplicon-short-trimmed+3,28,t,0.039
SARS-CoV2-5UTR-Amplicon-short-trimmed+3,29,a,0.0787
SARS-CoV2-5UTR-Amplicon-short-trimmed+3,30,a,0.0466
SARS-CoV2-5UTR-Amplicon-short-trimmed+3,31,a,0.0824
SARS-CoV2-5UTR-Amplicon-short-trimmed+3,32,a,0.036
SARS-CoV2-5UTR-Amplicon-short-trimmed+3,33,t,0.0752
SARS-CoV2-5UTR-Amplicon-short-trimmed+3,34,c,0.0478
SARS-CoV2-5UTR-Amplicon-short-trimmed+3,35,t,0.0743
SARS-CoV2-5UTR-Amplicon-short-trimmed+3,36,g,0.0876
SARS-CoV2-5UTR-Amplicon-short-trimmed+3,37,t,0.0791
SARS-CoV2-5UTR-Amplicon-short-trimmed+3,38,g,0.0418
SARS-CoV2-5UTR-Amplicon-short-trimmed+3,39,t,0.0639
SARS-CoV2-5UTR-Amplicon-short-trimmed+3,40,g,0.0556
SARS-CoV2-5UTR-Amplicon-short-trimmed+3,41,g,0.1615
SARS-CoV2-5UTR-Amplicon-short-trimmed+3,42,c,0.083
SARS-CoV2-5UTR-Amplicon-short-trimmed+3,43,t,0.1742
SARS-CoV2-5UTR-Amplicon-short-trimmed+3,44,g,0.1148
SARS-CoV2-5UTR-Amplicon-short-trimmed+3,45,t,0.1377
SARS-CoV2-5UTR-Amplicon-short-trimmed+3,46,c,0.0512
SARS-CoV2-5UTR-Amplicon-short-trimmed+3,47,a,0.0448
SARS-CoV2-5UTR-Amplicon-short-trimmed+3,48,c,0.0524
SARS-CoV2-5UTR-Amplicon-short-trimmed+3,49,t,0.0669
SARS-CoV2-5UTR-Amplicon-short-trimmed+3,50,c,0.061
SARS-CoV2-5UTR-Amplicon-short-trimmed+3,51,g,0.1191
SARS-CoV2-5UTR-Amplicon-short-trimmed+3,52,g,0.1823
SARS-CoV2-5UTR-Amplicon-short-trimmed+3,53,c,0.1733
SARS-CoV2-5UTR-Amplicon-short-trimmed+3,54,t,0.0638
SARS-CoV2-5UTR-Amplicon-short-trimmed+3,55,g,0.2526
SARS-CoV2-5UTR-Amplicon-short-trimmed+3,56,c,0.1083
SARS-CoV2-5UTR-Amplicon-short-trimmed+3,57,g,0.2709
SARS-CoV2-5UTR-Amplicon-short-trimmed+3,58,t,0.0832
SARS-CoV2-5UTR-Amplicon-short-trimmed+3,59,g,0.1727
SARS-CoV2-5UTR-Amplicon-short-trimmed+3,60,c,0.0868
SARS-CoV2-5UTR-Amplicon-short-trimmed+3,61,t,0.1023
SARS-CoV2-5UTR-Amplicon-short-trimmed+3,62,t,0.0515
SARS-CoV2-5UTR-Amplicon-short-trimmed+3,63,a,0.0427
SARS-CoV2-5UTR-Amplicon-short-trimmed+3,64,g,0.0621
SARS-CoV2-5UTR-Amplicon-short-trimmed+3,65,t,0.0513
SARS-CoV2-5UTR-Amplicon-short-trimmed+3,66,g,0.1299
SARS-CoV2-5UTR-Amplicon-short-trimmed+3,67,c,0.1368
SARS-CoV2-5UTR-Amplicon-short-trimmed+3,68,a,0.0613
SARS-CoV2-5UTR-Amplicon-short-trimmed+3,69,c,0.0693
SARS-CoV2-5UTR-Amplicon-short-trimmed+3,70,t,0.0651
SARS-CoV2-5UTR-Amplicon-short-trimmed+3,71,c,0.0627
SARS-CoV2-5UTR-Amplicon-short-trimmed+3,72,a,0.0598
SARS-CoV2-5UTR-Amplicon-short-trimmed+3,73,c,0.0605
SARS-CoV2-5UTR-Amplicon-short-trimmed+3,74,g,0.1376
SARS-CoV2-5UTR-Amplicon-short-trimmed+3,75,c,0.0332
SARS-CoV2-5UTR-Amplicon-short-trimmed+3,76,a,0.0934
SARS-CoV2-5UTR-Amplicon-short-trimmed+3,77,g,0.0978
SARS-CoV2-5UTR-Amplicon-short-trimmed+3,78,t,0.043
SARS-CoV2-5UTR-Amplicon-short-trimmed+3,79,a,0.0411
SARS-CoV2-5UTR-Amplicon-short-trimmed+3,80,t,0.0309
SARS-CoV2-5UTR-Amplicon-short-trimmed+3,81,a,0.0479
SARS-CoV2-5UTR-Amplicon-short-trimmed+3,82,a,0.0901
SARS-CoV2-5UTR-Amplicon-short-trimmed+3,83,t,0.0467
SARS-CoV2-5UTR-Amplicon-short-trimmed+3,84,t,0.089
SARS-CoV2-5UTR-Amplicon-short-trimmed+3,85,a,0.0836
SARS-CoV2-5UTR-Amplicon-short-trimmed+3,86,a,0.0712
SARS-CoV2-5UTR-Amplicon-short-trimmed+3,87,t,0.0413
SARS-CoV2-5UTR-Amplicon-short-trimmed+3,88,a,0.0633
SARS-CoV2-5UTR-Amplicon-short-trimmed+3,89,a,0.0749
SARS-CoV2-5UTR-Amplicon-short-trimmed+3,90,c,0.3263
SARS-CoV2-5UTR-Amplicon-short-trimmed+3,91,t,0.1153
SARS-CoV2-5UTR-Amplicon-short-trimmed+3,92,a,0.0496
SARS-CoV2-5UTR-Amplicon-short-trimmed+3,93,a,0.0558
SARS-CoV2-5UTR-Amplicon-short-trimmed+3,94,t,0.0577
SARS-CoV2-5UTR-Amplicon-short-trimmed+3,95,t,0.055
SARS-CoV2-5UTR-Amplicon-short-trimmed+3,96,a,0.0527
SARS-CoV2-5UTR-Amplicon-short-trimmed+3,97,c,0.0535
SARS-CoV2-5UTR-Amplicon-short-trimmed+3,98,t,0.3101
SARS-CoV2-5UTR-Amplicon-short-trimmed+3,99,g,0.1056
SARS-CoV2-5UTR-Amplicon-short-trimmed+3,100,t,0.1308
SARS-CoV2-5UTR-Amplicon-short-trimmed+3,101,c,0.0545
SARS-CoV2-5UTR-Amplicon-short-trimmed+3,102,g,0.1175
SARS-CoV2-5UTR-Amplicon-short-trimmed+3,103,t,0.0759
SARS-CoV2-5UTR-Amplicon-short-trimmed+3,104,t,0.1321
SARS-CoV2-5UTR-Amplicon-short-trimmed+3,105,g,0.1022
SARS-CoV2-5UTR-Amplicon-short-trimmed+3,106,a,0.0564
SARS-CoV2-5UTR-Amplicon-short-trimmed+3,107,c,0.0844
SARS-CoV2-5UTR-Amplicon-short-trimmed+3,108,a,0.0933
SARS-CoV2-5UTR-Amplicon-short-trimmed+3,109,g,0.1251
SARS-CoV2-5UTR-Amplicon-short-trimmed+3,110,g,0.1045
SARS-CoV2-5UTR-Amplicon-short-trimmed+3,111,a,0.0582
SARS-CoV2-5UTR-Amplicon-short-trimmed+3,112,c,0.1124
SARS-CoV2-5UTR-Amplicon-short-trimmed+3,113,a,0.0692
SARS-CoV2-5UTR-Amplicon-short-trimmed+3,114,c,0.0894
SARS-CoV2-5UTR-Amplicon-short-trimmed+3,115,g,0.0708
SARS-CoV2-5UTR-Amplicon-short-trimmed+3,116,a,0.0698
SARS-CoV2-5UTR-Amplicon-short-trimmed+3,117,g,0.0552
SARS-CoV2-5UTR-Amplicon-short-trimmed+3,118,t,0.1597
SARS-CoV2-5UTR-Amplicon-short-trimmed+3,119,a,0.1549
SARS-CoV2-5UTR-Amplicon-short-trimmed+3,120,a,0.1379
SARS-CoV2-5UTR-Amplicon-short-trimmed+3,121,c,0.2049
SARS-CoV2-5UTR-Amplicon-short-trimmed+3,122,t,0.2144
SARS-CoV2-5UTR-Amplicon-short-trimmed+3,123,c,0.2153
SARS-CoV2-5UTR-Amplicon-short-trimmed+3,124,g,0.1854
SARS-CoV2-5UTR-Amplicon-short-trimmed+3,125,t,0.302
SARS-CoV2-5UTR-Amplicon-short-trimmed+3,126,c,0.1315
SARS-CoV2-5UTR-Amplicon-short-trimmed+3,127,t,0.0872
SARS-CoV2-5UTR-Amplicon-short-trimmed+3,128,a,0.1276
SARS-CoV2-5UTR-Amplicon-short-trimmed+3,129,t,0.518
SARS-CoV2-5UTR-Amplicon-short-trimmed+3,130,c,0.0862
SARS-CoV2-5UTR-Amplicon-short-trimmed+3,131,t,0.1169
SARS-CoV2-5UTR-Amplicon-short-trimmed+3,132,t,0.2265
SARS-CoV2-5UTR-Amplicon-short-trimmed+3,133,c,0.274
SARS-CoV2-5UTR-Amplicon-short-trimmed+3,134,t,0.2179
SARS-CoV2-5UTR-Amplicon-short-trimmed+3,135,g,0.1431
SARS-CoV2-5UTR-Amplicon-short-trimmed+3,136,c,0.4641
SARS-CoV2-5UTR-Amplicon-short-trimmed+3,137,a,0.2628
SARS-CoV2-5UTR-Amplicon-short-trimmed+3,138,g,0.1095
SARS-CoV2-5UTR-Amplicon-short-trimmed+3,139,g,0.2904
SARS-CoV2-5UTR-Amplicon-short-trimmed+3,140,c,0.1383
SARS-CoV2-5UTR-Amplicon-short-trimmed+3,141,t,0.2994
SARS-CoV2-5UTR-Amplicon-short-trimmed+3,142,g,0.4484
SARS-CoV2-5UTR-Amplicon-short-trimmed+3,143,c,0.1304
SARS-CoV2-5UTR-Amplicon-short-trimmed+3,144,t,0.1232
SARS-CoV2-5UTR-Amplicon-short-trimmed+3,145,t,0.1604
SARS-CoV2-5UTR-Amplicon-short-trimmed+3,146,a,0.2122
SARS-CoV2-5UTR-Amplicon-short-trimmed+3,147,c,0.1849
SARS-CoV2-5UTR-Amplicon-short-trimmed+3,148,g,0.3965
SARS-CoV2-5UTR-Amplicon-short-trimmed+3,149,g,0.1748
SARS-CoV2-5UTR-Amplicon-short-trimmed+3,150,t,0.1824
SARS-CoV2-5UTR-Amplicon-short-trimmed+3,151,t,0.1548
SARS-CoV2-5UTR-Amplicon-short-trimmed+3,152,t,0.2678
SARS-CoV2-5UTR-Amplicon-short-trimmed+3,153,c,0.2888
SARS-CoV2-5UTR-Amplicon-short-trimmed+3,154,g,0.1112
SARS-CoV2-5UTR-Amplicon-short-trimmed+3,155,t,0.3515
SARS-CoV2-5UTR-Amplicon-short-trimmed+3,156,c,0.212
SARS-CoV2-5UTR-Amplicon-short-trimmed+3,157,c,0.2293
SARS-CoV2-5UTR-Amplicon-short-trimmed+3,158,g,0.1254
SARS-CoV2-5UTR-Amplicon-short-trimmed+3,159,t,1.38
SARS-CoV2-5UTR-Amplicon-short-trimmed+3,160,g,0.102
SARS-CoV2-5UTR-Amplicon-short-trimmed+3,161,t,0.1532
SARS-CoV2-5UTR-Amplicon-short-trimmed+3,162,t,0.2137
SARS-CoV2-5UTR-Amplicon-short-trimmed+3,163,g,0.1348
SARS-CoV2-5UTR-Amplicon-short-trimmed+3,164,c,0.2989
SARS-CoV2-5UTR-Amplicon-short-trimmed+3,165,a,0.4351
SARS-CoV2-5UTR-Amplicon-short-trimmed+3,166,g,0.6636
SARS-CoV2-5UTR-Amplicon-short-trimmed+3,167,c,0.2546
SARS-CoV2-5UTR-Amplicon-short-trimmed+3,168,c,0.6299
SARS-CoV2-5UTR-Amplicon-short-trimmed+3,169,g,0.1209
SARS-CoV2-5UTR-Amplicon-short-trimmed+3,170,a,0.1407
SARS-CoV2-5UTR-Amplicon-short-trimmed+3,171,t,0.1238
SARS-CoV2-5UTR-Amplicon-short-trimmed+3,172,c,0.1994
SARS-CoV2-5UTR-Amplicon-short-trimmed+3,173,a,0.0732
SARS-CoV2-5UTR-Amplicon-short-trimmed+3,174,t,0.0962
SARS-CoV2-5UTR-Amplicon-short-trimmed+3,175,c,0.2527
SARS-CoV2-5UTR-Amplicon-short-trimmed+3,176,a,0.1438
SARS-CoV2-5UTR-Amplicon-short-trimmed+3,177,g,0.1359
SARS-CoV2-5UTR-Amplicon-short-trimmed+3,178,c,0.6725
SARS-CoV2-5UTR-Amplicon-short-trimmed+3,179,a,0.1251
SARS-CoV2-5UTR-Amplicon-short-trimmed+3,180,c,0.1114
SARS-CoV2-5UTR-Amplicon-short-trimmed+3,181,a,0.104
SARS-CoV2-5UTR-Amplicon-short-trimmed+3,182,t,0.1574
SARS-CoV2-5UTR-Amplicon-short-trimmed+3,183,c,0.0856
SARS-CoV2-5UTR-Amplicon-short-trimmed+3,184,t,0.1146
SARS-CoV2-5UTR-Amplicon-short-trimmed+3,185,a,0.2138
SARS-CoV2-5UTR-Amplicon-short-trimmed+3,186,g,0.0852
SARS-CoV2-5UTR-Amplicon-short-trimmed+3,187,g,0.1049
SARS-CoV2-5UTR-Amplicon-short-trimmed+3,188,t,0.1587
SARS-CoV2-5UTR-Amplicon-short-trimmed+3,189,t,0.3211
SARS-CoV2-5UTR-Amplicon-short-trimmed+3,190,t,0.374
SARS-CoV2-5UTR-Amplicon-short-trimmed+3,191,c,0.1783
SARS-CoV2-5UTR-Amplicon-short-trimmed+3,192,g,0.0838
SARS-CoV2-5UTR-Amplicon-short-trimmed+3,193,t,1.0694
SARS-CoV2-5UTR-Amplicon-short-trimmed+3,194,c,0.1096
SARS-CoV2-5UTR-Amplicon-short-trimmed+3,195,c,0.1817
SARS-CoV2-5UTR-Amplicon-short-trimmed+3,196,g,0.3556
SARS-CoV2-5UTR-Amplicon-short-trimmed+3,197,g,0.146
SARS-CoV2-5UTR-Amplicon-short-trimmed+3,198,g,0.3811
SARS-CoV2-5UTR-Amplicon-short-trimmed+3,199,t,0.2289
SARS-CoV2-5UTR-Amplicon-short-trimmed+3,200,g,0.0909
SARS-CoV2-5UTR-Amplicon-short-trimmed+3,201,t,0.1286
SARS-CoV2-5UTR-Amplicon-short-trimmed+3,202,g,0.1214
SARS-CoV2-5UTR-Amplicon-short-trimmed+3,203,a,0.3122
SARS-CoV2-5UTR-Amplicon-short-trimmed+3,204,c,0.106
SARS-CoV2-5UTR-Amplicon-short-trimmed+3,205,c,0.1072
SARS-CoV2-5UTR-Amplicon-short-trimmed+3,206,g,0.0945
SARS-CoV2-5UTR-Amplicon-short-trimmed+3,207,a,0.1177
SARS-CoV2-5UTR-Amplicon-short-trimmed+3,208,a,0.0705
SARS-CoV2-5UTR-Amplicon-short-trimmed+3,209,a,0.1686
SARS-CoV2-5UTR-Amplicon-short-trimmed+3,210,g,0.1368
SARS-CoV2-5UTR-Amplicon-short-trimmed+3,211,g,0.1297
SARS-CoV2-5UTR-Amplicon-short-trimmed+3,212,t,0.1498
SARS-CoV2-5UTR-Amplicon-short-trimmed+3,213,a,0.0712
SARS-CoV2-5UTR-Amplicon-short-trimmed+3,214,a,0.0765
SARS-CoV2-5UTR-Amplicon-short-trimmed+3,215,g,0.0786
SARS-CoV2-5UTR-Amplicon-short-trimmed+3,216,a,0.0529
SARS-CoV2-5UTR-Amplicon-short-trimmed+3,217,t,0.1297
SARS-CoV2-5UTR-Amplicon-short-trimmed+3,218,g,0.075
SARS-CoV2-5UTR-Amplicon-short-trimmed+3,219,g,0.0844
SARS-CoV2-5UTR-Amplicon-short-trimmed+3,220,a,0.2592
SARS-CoV2-5UTR-Amplicon-short-trimmed+3,221,g,0.1861
SARS-CoV2-5UTR-Amplicon-short-trimmed+3,222,a,0.0918
SARS-CoV2-5UTR-Amplicon-short-trimmed+3,223,g,0.1934
SARS-CoV2-5UTR-Amplicon-short-trimmed+3,224,c,0.0936
SARS-CoV2-5UTR-Amplicon-short-trimmed+3,225,c,0.0932
SARS-CoV2-5UTR-Amplicon-short-trimmed+3,226,t,0.0578
SARS-CoV2-5UTR-Amplicon-short-trimmed+3,227,t,0.3291
SARS-CoV2-5UTR-Amplicon-short-trimmed+3,228,g,0.0628
SARS-CoV2-5UTR-Amplicon-short-trimmed+3,229,t,0.147
SARS-CoV2-5UTR-Amplicon-short-trimmed+3,230,c,0.0696
SARS-CoV2-5UTR-Amplicon-short-trimmed+3,231,c,0.0676
SARS-CoV2-5UTR-Amplicon-short-trimmed+3,232,c,0.1113
SARS-CoV2-5UTR-Amplicon-short-trimmed+3,233,t,0.1626
SARS-CoV2-5UTR-Amplicon-short-trimmed+3,234,g,0.1014
SARS-CoV2-5UTR-Amplicon-short-trimmed+3,235,g,0.1553
SARS-CoV2-5UTR-Amplicon-short-trimmed+3,236,t,0.0645
SARS-CoV2-5UTR-Amplicon-short-trimmed+3,237,t,0.07
SARS-CoV2-5UTR-Amplicon-short-trimmed+3,238,t,0.135
SARS-CoV2-5UTR-Amplicon-short-trimmed+3,239,c,0.5128
SARS-CoV2-5UTR-Amplicon-short-trimmed+3,240,a,0.0988
SARS-CoV2-5UTR-Amplicon-short-trimmed+3,241,a,0.076
SARS-CoV2-5UTR-Amplicon-short-trimmed+3,242,c,0.0788
SARS-CoV2-5UTR-Amplicon-short-trimmed+3,243,g,0.0364
SARS-CoV2-5UTR-Amplicon-short-trimmed+3,244,a,0.2569
SARS-CoV2-5UTR-Amplicon-short-trimmed+3,245,g,0
SARS-CoV2-5UTR-Amplicon-short-trimmed+3,246,g,0
SARS-CoV2-5UTR-Amplicon-short-trimmed+3,247,G,0
SARS-CoV2-5UTR-Amplicon-short-trimmed+3,248,A,0
SARS-CoV2-5UTR-Amplicon-short-trimmed+3,249,G,0
