Region,Position,Ref_base,Mut_percentage
SARS-CoV2-5UTR-Amplicon-short-trimmed+3,1,T,0
SARS-CoV2-5UTR-Amplicon-short-trimmed+3,2,T,0
SARS-CoV2-5UTR-Amplicon-short-trimmed+3,3,G,0
SARS-CoV2-5UTR-Amplicon-short-trimmed+3,4,t,0
SARS-CoV2-5UTR-Amplicon-short-trimmed+3,5,a,0
SARS-CoV2-5UTR-Amplicon-short-trimmed+3,6,g,0.0653
SARS-CoV2-5UTR-Amplicon-short-trimmed+3,7,a,0.0313
SARS-CoV2-5UTR-Amplicon-short-trimmed+3,8,t,0.1021
SARS-CoV2-5UTR-Amplicon-short-trimmed+3,9,c,0.0675
SARS-CoV2-5UTR-Amplicon-short-trimmed+3,10,t,0.0304
SARS-CoV2-5UTR-Amplicon-short-trimmed+3,11,g,0.1736
SARS-CoV2-5UTR-Amplicon-short-trimmed+3,12,t,0.0857
SARS-CoV2-5UTR-Amplicon-short-trimmed+3,13,t,0.0742
SARS-CoV2-5UTR-Amplicon-short-trimmed+3,14,c,0.0611
SARS-CoV2-5UTR-Amplicon-short-trimmed+3,15,t,0.1101
SARS-CoV2-5UTR-Amplicon-short-trimmed+3,16,c,0.06
SARS-CoV2-5UTR-Amplicon-short-trimmed+3,17,t,0.0428
SARS-CoV2-5UTR-Amplicon-short-trimmed+3,18,a,0.0673
SARS-CoV2-5UTR-Amplicon-short-trimmed+3,19,a,0.0146
SARS-CoV2-5UTR-Amplicon-short-trimmed+3,20,a,0.0298
SARS-CoV2-5UTR-Amplicon-short-trimmed+3,21,c,0.0319
SARS-CoV2-5UTR-Amplicon-short-trimmed+3,22,g,0.0459
SARS-CoV2-5UTR-Amplicon-short-trimmed+3,23,a,0.0258
SARS-CoV2-5UTR-Amplicon-short-trimmed+3,24,a,0.0521
SARS-CoV2-5UTR-Amplicon-short-trimmed+3,25,c,1.8485
SARS-CoV2-5UTR-Amplicon-short-trimmed+3,26,t,0.2312
SARS-CoV2-5UTR-Amplicon-short-trimmed+3,27,t,0.1135
SARS-CoV2-5UTR-Amplicon-short-trimmed+3,28,t,0.0293
SARS-CoV2-5UTR-Amplicon-short-trimmed+3,29,a,0.0755
SARS-CoV2-5UTR-Amplicon-short-trimmed+3,30,a,0.0486
SARS-CoV2-5UTR-Amplicon-short-trimmed+3,31,a,0.0699
SARS-CoV2-5UTR-Amplicon-short-trimmed+3,32,a,0.0314
SARS-CoV2-5UTR-Amplicon-short-trimmed+3,33,t,0.0846
SARS-CoV2-5UTR-Amplicon-short-trimmed+3,34,c,0.0457
SARS-CoV2-5UTR-Amplicon-short-trimmed+3,35,t,0.0657
SARS-CoV2-5UTR-Amplicon-short-trimmed+3,36,g,0.0919
SARS-CoV2-5UTR-Amplicon-short-trimmed+3,37,t,0.0702
SARS-CoV2-5UTR-Amplicon-short-trimmed+3,38,g,0.0378
SARS-CoV2-5UTR-Amplicon-short-trimmed+3,39,t,0.051
SARS-CoV2-5UTR-Amplicon-short-trimmed+3,40,g,0.0416
SARS-CoV2-5UTR-Amplicon-short-trimmed+3,41,g,0.1259
SARS-CoV2-5UTR-Amplicon-short-trimmed+3,42,c,0.083
SARS-CoV2-5UTR-Amplicon-short-trimmed+3,43,t,0.1317
SARS-CoV2-5UTR-Amplicon-short-trimmed+3,44,g,0.0946
SARS-CoV2-5UTR-Amplicon-short-trimmed+3,45,t,0.1555
SARS-CoV2-5UTR-Amplicon-short-trimmed+3,46,c,0.032
SARS-CoV2-5UTR-Amplicon-short-trimmed+3,47,a,0.0425
SARS-CoV2-5UTR-Amplicon-short-trimmed+3,48,c,0.0437
SARS-CoV2-5UTR-Amplicon-short-trimmed+3,49,t,0.0608
SARS-CoV2-5UTR-Amplicon-short-trimmed+3,50,c,0.0626
SARS-CoV2-5UTR-Amplicon-short-trimmed+3,51,g,0.0943
SARS-CoV2-5UTR-Amplicon-short-trimmed+3,52,g,0.2122
SARS-CoV2-5UTR-Amplicon-short-trimmed+3,53,c,0.1475
SARS-CoV2-5UTR-Amplicon-short-trimmed+3,54,t,0.06
SARS-CoV2-5UTR-Amplicon-short-trimmed+3,55,g,0.1827
SARS-CoV2-5UTR-Amplicon-short-trimmed+3,56,c,0.0955
SARS-CoV2-5UTR-Amplicon-short-trimmed+3,57,g,0.1798
SARS-CoV2-5UTR-Amplicon-short-trimmed+3,58,t,0.0799
SARS-CoV2-5UTR-Amplicon-short-trimmed+3,59,g,0.1493
SARS-CoV2-5UTR-Amplicon-short-trimmed+3,60,c,0.079
SARS-CoV2-5UTR-Amplicon-short-trimmed+3,61,t,0.0913
SARS-CoV2-5UTR-Amplicon-short-trimmed+3,62,t,0.0493
SARS-CoV2-5UTR-Amplicon-short-trimmed+3,63,a,0.0408
SARS-CoV2-5UTR-Amplicon-short-trimmed+3,64,g,0.0591
SARS-CoV2-5UTR-Amplicon-short-trimmed+3,65,t,0.0471
SARS-CoV2-5UTR-Amplicon-short-trimmed+3,66,g,0.1275
SARS-CoV2-5UTR-Amplicon-short-trimmed+3,67,c,0.1554
SARS-CoV2-5UTR-Amplicon-short-trimmed+3,68,a,0.0727
SARS-CoV2-5UTR-Amplicon-short-trimmed+3,69,c,0.0697
SARS-CoV2-5UTR-Amplicon-short-trimmed+3,70,t,0.065
SARS-CoV2-5UTR-Amplicon-short-trimmed+3,71,c,0.0538
SARS-CoV2-5UTR-Amplicon-short-trimmed+3,72,a,0.0535
SARS-CoV2-5UTR-Amplicon-short-trimmed+3,73,c,0.055
SARS-CoV2-5UTR-Amplicon-short-trimmed+3,74,g,0.1439
SARS-CoV2-5UTR-Amplicon-short-trimmed+3,75,c,0.0371
SARS-CoV2-5UTR-Amplicon-short-trimmed+3,76,a,0.0876
SARS-CoV2-5UTR-Amplicon-short-trimmed+3,77,g,0.0913
SARS-CoV2-5UTR-Amplicon-short-trimmed+3,78,t,0.045
SARS-CoV2-5UTR-Amplicon-short-trimmed+3,79,a,0.044
SARS-CoV2-5UTR-Amplicon-short-trimmed+3,80,t,0.0301
SARS-CoV2-5UTR-Amplicon-short-trimmed+3,81,a,0.0323
SARS-CoV2-5UTR-Amplicon-short-trimmed+3,82,a,0.0609
SARS-CoV2-5UTR-Amplicon-short-trimmed+3,83,t,0.035
SARS-CoV2-5UTR-Amplicon-short-trimmed+3,84,t,0.0733
SARS-CoV2-5UTR-Amplicon-short-trimmed+3,85,a,0.0754
SARS-CoV2-5UTR-Amplicon-short-trimmed+3,86,a,0.0711
SARS-CoV2-5UTR-Amplicon-short-trimmed+3,87,t,0.0282
SARS-CoV2-5UTR-Amplicon-short-trimmed+3,88,a,0.0545
SARS-CoV2-5UTR-Amplicon-short-trimmed+3,89,a,0.0618
SARS-CoV2-5UTR-Amplicon-short-trimmed+3,90,c,0.3047
SARS-CoV2-5UTR-Amplicon-short-trimmed+3,91,t,0.1049
SARS-CoV2-5UTR-Amplicon-short-trimmed+3,92,a,0.0502
SARS-CoV2-5UTR-Amplicon-short-trimmed+3,93,a,0.0468
SARS-CoV2-5UTR-Amplicon-short-trimmed+3,94,t,0.0544
SARS-CoV2-5UTR-Amplicon-short-trimmed+3,95,t,0.0469
SARS-CoV2-5UTR-Amplicon-short-trimmed+3,96,a,0.0518
SARS-CoV2-5UTR-Amplicon-short-trimmed+3,97,c,0.048
SARS-CoV2-5UTR-Amplicon-short-trimmed+3,98,t,0.2913
SARS-CoV2-5UTR-Amplicon-short-trimmed+3,99,g,0.1001
SARS-CoV2-5UTR-Amplicon-short-trimmed+3,100,t,0.1083
SARS-CoV2-5UTR-Amplicon-short-trimmed+3,101,c,0.0486
SARS-CoV2-5UTR-Amplicon-short-trimmed+3,102,g,0.1061
SARS-CoV2-5UTR-Amplicon-short-trimmed+3,103,t,0.0741
SARS-CoV2-5UTR-Amplicon-short-trimmed+3,104,t,0.1247
SARS-CoV2-5UTR-Amplicon-short-trimmed+3,105,g,0.0803
SARS-CoV2-5UTR-Amplicon-short-trimmed+3,106,a,0.0635
SARS-CoV2-5UTR-Amplicon-short-trimmed+3,107,c,0.0943
SARS-CoV2-5UTR-Amplicon-short-trimmed+3,108,a,0.1028
SARS-CoV2-5UTR-Amplicon-short-trimmed+3,109,g,0.1068
SARS-CoV2-5UTR-Amplicon-short-trimmed+3,110,g,0.1074
SARS-CoV2-5UTR-Amplicon-short-trimmed+3,111,a,0.0523
SARS-CoV2-5UTR-Amplicon-short-trimmed+3,112,c,0.0957
SARS-CoV2-5UTR-Amplicon-short-trimmed+3,113,a,0.0789
SARS-CoV2-5UTR-Amplicon-short-trimmed+3,114,c,0.1136
SARS-CoV2-5UTR-Amplicon-short-trimmed+3,115,g,0.0703
SARS-CoV2-5UTR-Amplicon-short-trimmed+3,116,a,0.0814
SARS-CoV2-5UTR-Amplicon-short-trimmed+3,117,g,0.0606
SARS-CoV2-5UTR-Amplicon-short-trimmed+3,118,t,0.1599
SARS-CoV2-5UTR-Amplicon-short-trimmed+3,119,a,0.1523
SARS-CoV2-5UTR-Amplicon-short-trimmed+3,120,a,0.1193
SARS-CoV2-5UTR-Amplicon-short-trimmed+3,121,c,0.1925
SARS-CoV2-5UTR-Amplicon-short-trimmed+3,122,t,0.2199
SARS-CoV2-5UTR-Amplicon-short-trimmed+3,123,c,0.2105
SARS-CoV2-5UTR-Amplicon-short-trimmed+3,124,g,0.182
SARS-CoV2-5UTR-Amplicon-short-trimmed+3,125,t,0.3672
SARS-CoV2-5UTR-Amplicon-short-trimmed+3,126,c,0.1309
SARS-CoV2-5UTR-Amplicon-short-trimmed+3,127,t,0.0927
SARS-CoV2-5UTR-Amplicon-short-trimmed+3,128,a,0.1317
SARS-CoV2-5UTR-Amplicon-short-trimmed+3,129,t,0.5573
SARS-CoV2-5UTR-Amplicon-short-trimmed+3,130,c,0.0731
SARS-CoV2-5UTR-Amplicon-short-trimmed+3,131,t,0.1094
SARS-CoV2-5UTR-Amplicon-short-trimmed+3,132,t,0.1933
SARS-CoV2-5UTR-Amplicon-short-trimmed+3,133,c,0.2738
SARS-CoV2-5UTR-Amplicon-short-trimmed+3,134,t,0.2237
SARS-CoV2-5UTR-Amplicon-short-trimmed+3,135,g,0.1375
SARS-CoV2-5UTR-Amplicon-short-trimmed+3,136,c,0.4272
SARS-CoV2-5UTR-Amplicon-short-trimmed+3,137,a,0.254
SARS-CoV2-5UTR-Amplicon-short-trimmed+3,138,g,0.1012
SARS-CoV2-5UTR-Amplicon-short-trimmed+3,139,g,0.2752
SARS-CoV2-5UTR-Amplicon-short-trimmed+3,140,c,0.1164
SARS-CoV2-5UTR-Amplicon-short-trimmed+3,141,t,0.3103
SARS-CoV2-5UTR-Amplicon-short-trimmed+3,142,g,0.4426
SARS-CoV2-5UTR-Amplicon-short-trimmed+3,143,c,0.1326
SARS-CoV2-5UTR-Amplicon-short-trimmed+3,144,t,0.1247
SARS-CoV2-5UTR-Amplicon-short-trimmed+3,145,t,0.1513
SARS-CoV2-5UTR-Amplicon-short-trimmed+3,146,a,0.1962
SARS-CoV2-5UTR-Amplicon-short-trimmed+3,147,c,0.1707
SARS-CoV2-5UTR-Amplicon-short-trimmed+3,148,g,0.3886
SARS-CoV2-5UTR-Amplicon-short-trimmed+3,149,g,0.1652
SARS-CoV2-5UTR-Amplicon-short-trimmed+3,150,t,0.1656
SARS-CoV2-5UTR-Amplicon-short-trimmed+3,151,t,0.155
SARS-CoV2-5UTR-Amplicon-short-trimmed+3,152,t,0.2367
SARS-CoV2-5UTR-Amplicon-short-trimmed+3,153,c,0.244
SARS-CoV2-5UTR-Amplicon-short-trimmed+3,154,g,0.0909
SARS-CoV2-5UTR-Amplicon-short-trimmed+3,155,t,0.3902
SARS-CoV2-5UTR-Amplicon-short-trimmed+3,156,c,0.2192
SARS-CoV2-5UTR-Amplicon-short-trimmed+3,157,c,0.2253
SARS-CoV2-5UTR-Amplicon-short-trimmed+3,158,g,0.1218
SARS-CoV2-5UTR-Amplicon-short-trimmed+3,159,t,1.3894
SARS-CoV2-5UTR-Amplicon-short-trimmed+3,160,g,0.0959
SARS-CoV2-5UTR-Amplicon-short-trimmed+3,161,t,0.1474
SARS-CoV2-5UTR-Amplicon-short-trimmed+3,162,t,0.1959
SARS-CoV2-5UTR-Amplicon-short-trimmed+3,163,g,0.1282
SARS-CoV2-5UTR-Amplicon-short-trimmed+3,164,c,0.3128
SARS-CoV2-5UTR-Amplicon-short-trimmed+3,165,a,0.3905
SARS-CoV2-5UTR-Amplicon-short-trimmed+3,166,g,0.5658
SARS-CoV2-5UTR-Amplicon-short-trimmed+3,167,c,0.2905
SARS-CoV2-5UTR-Amplicon-short-trimmed+3,168,c,0.521
SARS-CoV2-5UTR-Amplicon-short-trimmed+3,169,g,0.1043
SARS-CoV2-5UTR-Amplicon-short-trimmed+3,170,a,0.1295
SARS-CoV2-5UTR-Amplicon-short-trimmed+3,171,t,0.1332
SARS-CoV2-5UTR-Amplicon-short-trimmed+3,172,c,0.1823
SARS-CoV2-5UTR-Amplicon-short-trimmed+3,173,a,0.0646
SARS-CoV2-5UTR-Amplicon-short-trimmed+3,174,t,0.1009
SARS-CoV2-5UTR-Amplicon-short-trimmed+3,175,c,0.223
SARS-CoV2-5UTR-Amplicon-short-trimmed+3,176,a,0.1358
SARS-CoV2-5UTR-Amplicon-short-trimmed+3,177,g,0.1329
SARS-CoV2-5UTR-Amplicon-short-trimmed+3,178,c,0.6248
SARS-CoV2-5UTR-Amplicon-short-trimmed+3,179,a,0.1317
SARS-CoV2-5UTR-Amplicon-short-trimmed+3,180,c,0.0843
SARS-CoV2-5UTR-Amplicon-short-trimmed+3,181,a,0.1004
SARS-CoV2-5UTR-Amplicon-short-trimmed+3,182,t,0.1692
SARS-CoV2-5UTR-Amplicon-short-trimmed+3,183,c,0.0897
SARS-CoV2-5UTR-Amplicon-short-trimmed+3,184,t,0.0974
SARS-CoV2-5UTR-Amplicon-short-trimmed+3,185,a,0.1796
SARS-CoV2-5UTR-Amplicon-short-trimmed+3,186,g,0.0943
SARS-CoV2-5UTR-Amplicon-short-trimmed+3,187,g,0.0992
SARS-CoV2-5UTR-Amplicon-short-trimmed+3,188,t,0.1496
SARS-CoV2-5UTR-Amplicon-short-trimmed+3,189,t,0.3035
SARS-CoV2-5UTR-Amplicon-short-trimmed+3,190,t,0.3807
SARS-CoV2-5UTR-Amplicon-short-trimmed+3,191,c,0.1598
SARS-CoV2-5UTR-Amplicon-short-trimmed+3,192,g,0.0882
SARS-CoV2-5UTR-Amplicon-short-trimmed+3,193,t,1.1076
SARS-CoV2-5UTR-Amplicon-short-trimmed+3,194,c,0.1273
SARS-CoV2-5UTR-Amplicon-short-trimmed+3,195,c,0.1899
SARS-CoV2-5UTR-Amplicon-short-trimmed+3,196,g,0.36
SARS-CoV2-5UTR-Amplicon-short-trimmed+3,197,g,0.1643
SARS-CoV2-5UTR-Amplicon-short-trimmed+3,198,g,0.5091
SARS-CoV2-5UTR-Amplicon-short-trimmed+3,199,t,0.248
SARS-CoV2-5UTR-Amplicon-short-trimmed+3,200,g,0.0734
SARS-CoV2-5UTR-Amplicon-short-trimmed+3,201,t,0.1386
SARS-CoV2-5UTR-Amplicon-short-trimmed+3,202,g,0.1012
SARS-CoV2-5UTR-Amplicon-short-trimmed+3,203,a,0.3247
SARS-CoV2-5UTR-Amplicon-short-trimmed+3,204,c,0.125
SARS-CoV2-5UTR-Amplicon-short-trimmed+3,205,c,0.1
SARS-CoV2-5UTR-Amplicon-short-trimmed+3,206,g,0.0982
SARS-CoV2-5UTR-Amplicon-short-trimmed+3,207,a,0.1143
SARS-CoV2-5UTR-Amplicon-short-trimmed+3,208,a,0.0674
SARS-CoV2-5UTR-Amplicon-short-trimmed+3,209,a,0.1476
SARS-CoV2-5UTR-Amplicon-short-trimmed+3,210,g,0.1428
SARS-CoV2-5UTR-Amplicon-short-trimmed+3,211,g,0.1383
SARS-CoV2-5UTR-Amplicon-short-trimmed+3,212,t,0.1335
SARS-CoV2-5UTR-Amplicon-short-trimmed+3,213,a,0.0595
SARS-CoV2-5UTR-Amplicon-short-trimmed+3,214,a,0.0758
SARS-CoV2-5UTR-Amplicon-short-trimmed+3,215,g,0.07
SARS-CoV2-5UTR-Amplicon-short-trimmed+3,216,a,0.0477
SARS-CoV2-5UTR-Amplicon-short-trimmed+3,217,t,0.1223
SARS-CoV2-5UTR-Amplicon-short-trimmed+3,218,g,0.0607
SARS-CoV2-5UTR-Amplicon-short-trimmed+3,219,g,0.0609
SARS-CoV2-5UTR-Amplicon-short-trimmed+3,220,a,0.2254
SARS-CoV2-5UTR-Amplicon-short-trimmed+3,221,g,0.1386
SARS-CoV2-5UTR-Amplicon-short-trimmed+3,222,a,0.0785
SARS-CoV2-5UTR-Amplicon-short-trimmed+3,223,g,0.1819
SARS-CoV2-5UTR-Amplicon-short-trimmed+3,224,c,0.0946
SARS-CoV2-5UTR-Amplicon-short-trimmed+3,225,c,0.0888
SARS-CoV2-5UTR-Amplicon-short-trimmed+3,226,t,0.0558
SARS-CoV2-5UTR-Amplicon-short-trimmed+3,227,t,0.3111
SARS-CoV2-5UTR-Amplicon-short-trimmed+3,228,g,0.0569
SARS-CoV2-5UTR-Amplicon-short-trimmed+3,229,t,0.1537
SARS-CoV2-5UTR-Amplicon-short-trimmed+3,230,c,0.0779
SARS-CoV2-5UTR-Amplicon-short-trimmed+3,231,c,0.0612
SARS-CoV2-5UTR-Amplicon-short-trimmed+3,232,c,0.0994
SARS-CoV2-5UTR-Amplicon-short-trimmed+3,233,t,0.1883
SARS-CoV2-5UTR-Amplicon-short-trimmed+3,234,g,0.0803
SARS-CoV2-5UTR-Amplicon-short-trimmed+3,235,g,0.1685
SARS-CoV2-5UTR-Amplicon-short-trimmed+3,236,t,0.0788
SARS-CoV2-5UTR-Amplicon-short-trimmed+3,237,t,0.0652
SARS-CoV2-5UTR-Amplicon-short-trimmed+3,238,t,0.138
SARS-CoV2-5UTR-Amplicon-short-trimmed+3,239,c,0.64
SARS-CoV2-5UTR-Amplicon-short-trimmed+3,240,a,0.0915
SARS-CoV2-5UTR-Amplicon-short-trimmed+3,241,a,0.0734
SARS-CoV2-5UTR-Amplicon-short-trimmed+3,242,c,0.0882
SARS-CoV2-5UTR-Amplicon-short-trimmed+3,243,g,0.0305
SARS-CoV2-5UTR-Amplicon-short-trimmed+3,244,a,0.1896
SARS-CoV2-5UTR-Amplicon-short-trimmed+3,245,g,0
SARS-CoV2-5UTR-Amplicon-short-trimmed+3,246,g,0
SARS-CoV2-5UTR-Amplicon-short-trimmed+3,247,G,0
SARS-CoV2-5UTR-Amplicon-short-trimmed+3,248,A,0
SARS-CoV2-5UTR-Amplicon-short-trimmed+3,249,G,0
