Region,Position,Ref_base,Mut_percentage
SARS-CoV2-5UTR-Amplicon-short-trimmed+3,1,T,0
SARS-CoV2-5UTR-Amplicon-short-trimmed+3,2,T,0
SARS-CoV2-5UTR-Amplicon-short-trimmed+3,3,G,0
SARS-CoV2-5UTR-Amplicon-short-trimmed+3,4,t,0
SARS-CoV2-5UTR-Amplicon-short-trimmed+3,5,a,0
SARS-CoV2-5UTR-Amplicon-short-trimmed+3,6,g,0.0594
SARS-CoV2-5UTR-Amplicon-short-trimmed+3,7,a,0.0291
SARS-CoV2-5UTR-Amplicon-short-trimmed+3,8,t,0.0731
SARS-CoV2-5UTR-Amplicon-short-trimmed+3,9,c,0.0505
SARS-CoV2-5UTR-Amplicon-short-trimmed+3,10,t,0.0377
SARS-CoV2-5UTR-Amplicon-short-trimmed+3,11,g,0.1577
SARS-CoV2-5UTR-Amplicon-short-trimmed+3,12,t,0.08
SARS-CoV2-5UTR-Amplicon-short-trimmed+3,13,t,0.0631
SARS-CoV2-5UTR-Amplicon-short-trimmed+3,14,c,0.0486
SARS-CoV2-5UTR-Amplicon-short-trimmed+3,15,t,0.111
SARS-CoV2-5UTR-Amplicon-short-trimmed+3,16,c,0.053
SARS-CoV2-5UTR-Amplicon-short-trimmed+3,17,t,0.0374
SARS-CoV2-5UTR-Amplicon-short-trimmed+3,18,a,0.0806
SARS-CoV2-5UTR-Amplicon-short-trimmed+3,19,a,0.0188
SARS-CoV2-5UTR-Amplicon-short-trimmed+3,20,a,0.0372
SARS-CoV2-5UTR-Amplicon-short-trimmed+3,21,c,0.0334
SARS-CoV2-5UTR-Amplicon-short-trimmed+3,22,g,0.0627
SARS-CoV2-5UTR-Amplicon-short-trimmed+3,23,a,0.0289
SARS-CoV2-5UTR-Amplicon-short-trimmed+3,24,a,0.0507
SARS-CoV2-5UTR-Amplicon-short-trimmed+3,25,c,3.4448
SARS-CoV2-5UTR-Amplicon-short-trimmed+3,26,t,0.1913
SARS-CoV2-5UTR-Amplicon-short-trimmed+3,27,t,0.1106
SARS-CoV2-5UTR-Amplicon-short-trimmed+3,28,t,0.0284
SARS-CoV2-5UTR-Amplicon-short-trimmed+3,29,a,0.0676
SARS-CoV2-5UTR-Amplicon-short-trimmed+3,30,a,0.043
SARS-CoV2-5UTR-Amplicon-short-trimmed+3,31,a,0.0852
SARS-CoV2-5UTR-Amplicon-short-trimmed+3,32,a,0.036
SARS-CoV2-5UTR-Amplicon-short-trimmed+3,33,t,0.0832
SARS-CoV2-5UTR-Amplicon-short-trimmed+3,34,c,0.0302
SARS-CoV2-5UTR-Amplicon-short-trimmed+3,35,t,0.0623
SARS-CoV2-5UTR-Amplicon-short-trimmed+3,36,g,0.0804
SARS-CoV2-5UTR-Amplicon-short-trimmed+3,37,t,0.071
SARS-CoV2-5UTR-Amplicon-short-trimmed+3,38,g,0.0261
SARS-CoV2-5UTR-Amplicon-short-trimmed+3,39,t,0.0614
SARS-CoV2-5UTR-Amplicon-short-trimmed+3,40,g,0.0413
SARS-CoV2-5UTR-Amplicon-short-trimmed+3,41,g,0.1196
SARS-CoV2-5UTR-Amplicon-short-trimmed+3,42,c,0.0687
SARS-CoV2-5UTR-Amplicon-short-trimmed+3,43,t,0.1262
SARS-CoV2-5UTR-Amplicon-short-trimmed+3,44,g,0.0794
SARS-CoV2-5UTR-Amplicon-short-trimmed+3,45,t,0.1433
SARS-CoV2-5UTR-Amplicon-short-trimmed+3,46,c,0.0317
SARS-CoV2-5UTR-Amplicon-short-trimmed+3,47,a,0.0505
SARS-CoV2-5UTR-Amplicon-short-trimmed+3,48,c,0.0453
SARS-CoV2-5UTR-Amplicon-short-trimmed+3,49,t,0.0571
SARS-CoV2-5UTR-Amplicon-short-trimmed+3,50,c,0.0576
SARS-CoV2-5UTR-Amplicon-short-trimmed+3,51,g,0.0913
SARS-CoV2-5UTR-Amplicon-short-trimmed+3,52,g,0.1737
SARS-CoV2-5UTR-Amplicon-short-trimmed+3,53,c,0.11
SARS-CoV2-5UTR-Amplicon-short-trimmed+3,54,t,0.065
SARS-CoV2-5UTR-Amplicon-short-trimmed+3,55,g,0.1543
SARS-CoV2-5UTR-Amplicon-short-trimmed+3,56,c,0.0725
SARS-CoV2-5UTR-Amplicon-short-trimmed+3,57,g,0.1504
SARS-CoV2-5UTR-Amplicon-short-trimmed+3,58,t,0.0792
SARS-CoV2-5UTR-Amplicon-short-trimmed+3,59,g,0.113
SARS-CoV2-5UTR-Amplicon-short-trimmed+3,60,c,0.0695
SARS-CoV2-5UTR-Amplicon-short-trimmed+3,61,t,0.098
SARS-CoV2-5UTR-Amplicon-short-trimmed+3,62,t,0.049
SARS-CoV2-5UTR-Amplicon-short-trimmed+3,63,a,0.0432
SARS-CoV2-5UTR-Amplicon-short-trimmed+3,64,g,0.0537
SARS-CoV2-5UTR-Amplicon-short-trimmed+3,65,t,0.0449
SARS-CoV2-5UTR-Amplicon-short-trimmed+3,66,g,0.1175
SARS-CoV2-5UTR-Amplicon-short-trimmed+3,67,c,0.1279
SARS-CoV2-5UTR-Amplicon-short-trimmed+3,68,a,0.0667
SARS-CoV2-5UTR-Amplicon-short-trimmed+3,69,c,0.0571
SARS-CoV2-5UTR-Amplicon-short-trimmed+3,70,t,0.0682
SARS-CoV2-5UTR-Amplicon-short-trimmed+3,71,c,0.0464
SARS-CoV2-5UTR-Amplicon-short-trimmed+3,72,a,0.0556
SARS-CoV2-5UTR-Amplicon-short-trimmed+3,73,c,0.0529
SARS-CoV2-5UTR-Amplicon-short-trimmed+3,74,g,0.1183
SARS-CoV2-5UTR-Amplicon-short-trimmed+3,75,c,0.0306
SARS-CoV2-5UTR-Amplicon-short-trimmed+3,76,a,0.1051
SARS-CoV2-5UTR-Amplicon-short-trimmed+3,77,g,0.0914
SARS-CoV2-5UTR-Amplicon-short-trimmed+3,78,t,0.056
SARS-CoV2-5UTR-Amplicon-short-trimmed+3,79,a,0.0411
SARS-CoV2-5UTR-Amplicon-short-trimmed+3,80,t,0.0342
SARS-CoV2-5UTR-Amplicon-short-trimmed+3,81,a,0.056
SARS-CoV2-5UTR-Amplicon-short-trimmed+3,82,a,0.076
SARS-CoV2-5UTR-Amplicon-short-trimmed+3,83,t,0.0511
SARS-CoV2-5UTR-Amplicon-short-trimmed+3,84,t,0.0956
SARS-CoV2-5UTR-Amplicon-short-trimmed+3,85,a,0.0911
SARS-CoV2-5UTR-Amplicon-short-trimmed+3,86,a,0.067
SARS-CoV2-5UTR-Amplicon-short-trimmed+3,87,t,0.0456
SARS-CoV2-5UTR-Amplicon-short-trimmed+3,88,a,0.0576
SARS-CoV2-5UTR-Amplicon-short-trimmed+3,89,a,0.0779
SARS-CoV2-5UTR-Amplicon-short-trimmed+3,90,c,0.3196
SARS-CoV2-5UTR-Amplicon-short-trimmed+3,91,t,0.1113
SARS-CoV2-5UTR-Amplicon-short-trimmed+3,92,a,0.0531
SARS-CoV2-5UTR-Amplicon-short-trimmed+3,93,a,0.0607
SARS-CoV2-5UTR-Amplicon-short-trimmed+3,94,t,0.0715
SARS-CoV2-5UTR-Amplicon-short-trimmed+3,95,t,0.0665
SARS-CoV2-5UTR-Amplicon-short-trimmed+3,96,a,0.0601
SARS-CoV2-5UTR-Amplicon-short-trimmed+3,97,c,0.0432
SARS-CoV2-5UTR-Amplicon-short-trimmed+3,98,t,0.3012
SARS-CoV2-5UTR-Amplicon-short-trimmed+3,99,g,0.0821
SARS-CoV2-5UTR-Amplicon-short-trimmed+3,100,t,0.1252
SARS-CoV2-5UTR-Amplicon-short-trimmed+3,101,c,0.0486
SARS-CoV2-5UTR-Amplicon-short-trimmed+3,102,g,0.0988
SARS-CoV2-5UTR-Amplicon-short-trimmed+3,103,t,0.096
SARS-CoV2-5UTR-Amplicon-short-trimmed+3,104,t,0.1247
SARS-CoV2-5UTR-Amplicon-short-trimmed+3,105,g,0.0766
SARS-CoV2-5UTR-Amplicon-short-trimmed+3,106,a,0.0757
SARS-CoV2-5UTR-Amplicon-short-trimmed+3,107,c,0.0791
SARS-CoV2-5UTR-Amplicon-short-trimmed+3,108,a,0.1151
SARS-CoV2-5UTR-Amplicon-short-trimmed+3,109,g,0.1115
SARS-CoV2-5UTR-Amplicon-short-trimmed+3,110,g,0.0869
SARS-CoV2-5UTR-Amplicon-short-trimmed+3,111,a,0.0629
SARS-CoV2-5UTR-Amplicon-short-trimmed+3,112,c,0.0842
SARS-CoV2-5UTR-Amplicon-short-trimmed+3,113,a,0.1001
SARS-CoV2-5UTR-Amplicon-short-trimmed+3,114,c,0.0819
SARS-CoV2-5UTR-Amplicon-short-trimmed+3,115,g,0.0676
SARS-CoV2-5UTR-Amplicon-short-trimmed+3,116,a,0.0938
SARS-CoV2-5UTR-Amplicon-short-trimmed+3,117,g,0.0625
SARS-CoV2-5UTR-Amplicon-short-trimmed+3,118,t,0.1977
SARS-CoV2-5UTR-Amplicon-short-trimmed+3,119,a,0.2102
SARS-CoV2-5UTR-Amplicon-short-trimmed+3,120,a,0.1629
SARS-CoV2-5UTR-Amplicon-short-trimmed+3,121,c,0.2243
SARS-CoV2-5UTR-Amplicon-short-trimmed+3,122,t,0.2802
SARS-CoV2-5UTR-Amplicon-short-trimmed+3,123,c,0.2457
SARS-CoV2-5UTR-Amplicon-short-trimmed+3,124,g,0.1854
SARS-CoV2-5UTR-Amplicon-short-trimmed+3,125,t,0.3706
SARS-CoV2-5UTR-Amplicon-short-trimmed+3,126,c,0.1581
SARS-CoV2-5UTR-Amplicon-short-trimmed+3,127,t,0.1285
SARS-CoV2-5UTR-Amplicon-short-trimmed+3,128,a,0.1726
SARS-CoV2-5UTR-Amplicon-short-trimmed+3,129,t,0.6801
SARS-CoV2-5UTR-Amplicon-short-trimmed+3,130,c,0.0913
SARS-CoV2-5UTR-Amplicon-short-trimmed+3,131,t,0.1521
SARS-CoV2-5UTR-Amplicon-short-trimmed+3,132,t,0.2457
SARS-CoV2-5UTR-Amplicon-short-trimmed+3,133,c,0.3548
SARS-CoV2-5UTR-Amplicon-short-trimmed+3,134,t,0.2952
SARS-CoV2-5UTR-Amplicon-short-trimmed+3,135,g,0.1547
SARS-CoV2-5UTR-Amplicon-short-trimmed+3,136,c,0.4918
SARS-CoV2-5UTR-Amplicon-short-trimmed+3,137,a,0.3248
SARS-CoV2-5UTR-Amplicon-short-trimmed+3,138,g,0.1105
SARS-CoV2-5UTR-Amplicon-short-trimmed+3,139,g,0.3304
SARS-CoV2-5UTR-Amplicon-short-trimmed+3,140,c,0.149
SARS-CoV2-5UTR-Amplicon-short-trimmed+3,141,t,0.393
SARS-CoV2-5UTR-Amplicon-short-trimmed+3,142,g,0.5656
SARS-CoV2-5UTR-Amplicon-short-trimmed+3,143,c,0.1316
SARS-CoV2-5UTR-Amplicon-short-trimmed+3,144,t,0.1486
SARS-CoV2-5UTR-Amplicon-short-trimmed+3,145,t,0.2045
SARS-CoV2-5UTR-Amplicon-short-trimmed+3,146,a,0.2614
SARS-CoV2-5UTR-Amplicon-short-trimmed+3,147,c,0.2023
SARS-CoV2-5UTR-Amplicon-short-trimmed+3,148,g,0.4047
SARS-CoV2-5UTR-Amplicon-short-trimmed+3,149,g,0.1648
SARS-CoV2-5UTR-Amplicon-short-trimmed+3,150,t,0.1985
SARS-CoV2-5UTR-Amplicon-short-trimmed+3,151,t,0.2
SARS-CoV2-5UTR-Amplicon-short-trimmed+3,152,t,0.3132
SARS-CoV2-5UTR-Amplicon-short-trimmed+3,153,c,0.3053
SARS-CoV2-5UTR-Amplicon-short-trimmed+3,154,g,0.12
SARS-CoV2-5UTR-Amplicon-short-trimmed+3,155,t,0.3976
SARS-CoV2-5UTR-Amplicon-short-trimmed+3,156,c,0.2237
SARS-CoV2-5UTR-Amplicon-short-trimmed+3,157,c,0.2763
SARS-CoV2-5UTR-Amplicon-short-trimmed+3,158,g,0.1358
SARS-CoV2-5UTR-Amplicon-short-trimmed+3,159,t,1.7105
SARS-CoV2-5UTR-Amplicon-short-trimmed+3,160,g,0.0985
SARS-CoV2-5UTR-Amplicon-short-trimmed+3,161,t,0.1661
SARS-CoV2-5UTR-Amplicon-short-trimmed+3,162,t,0.2546
SARS-CoV2-5UTR-Amplicon-short-trimmed+3,163,g,0.1305
SARS-CoV2-5UTR-Amplicon-short-trimmed+3,164,c,0.3603
SARS-CoV2-5UTR-Amplicon-short-trimmed+3,165,a,0.4579
SARS-CoV2-5UTR-Amplicon-short-trimmed+3,166,g,0.6659
SARS-CoV2-5UTR-Amplicon-short-trimmed+3,167,c,0.2687
SARS-CoV2-5UTR-Amplicon-short-trimmed+3,168,c,0.6538
SARS-CoV2-5UTR-Amplicon-short-trimmed+3,169,g,0.129
SARS-CoV2-5UTR-Amplicon-short-trimmed+3,170,a,0.174
SARS-CoV2-5UTR-Amplicon-short-trimmed+3,171,t,0.1518
SARS-CoV2-5UTR-Amplicon-short-trimmed+3,172,c,0.2427
SARS-CoV2-5UTR-Amplicon-short-trimmed+3,173,a,0.0672
SARS-CoV2-5UTR-Amplicon-short-trimmed+3,174,t,0.1199
SARS-CoV2-5UTR-Amplicon-short-trimmed+3,175,c,0.2721
SARS-CoV2-5UTR-Amplicon-short-trimmed+3,176,a,0.1746
SARS-CoV2-5UTR-Amplicon-short-trimmed+3,177,g,0.1437
SARS-CoV2-5UTR-Amplicon-short-trimmed+3,178,c,0.7411
SARS-CoV2-5UTR-Amplicon-short-trimmed+3,179,a,0.1548
SARS-CoV2-5UTR-Amplicon-short-trimmed+3,180,c,0.1062
SARS-CoV2-5UTR-Amplicon-short-trimmed+3,181,a,0.1424
SARS-CoV2-5UTR-Amplicon-short-trimmed+3,182,t,0.1928
SARS-CoV2-5UTR-Amplicon-short-trimmed+3,183,c,0.1002
SARS-CoV2-5UTR-Amplicon-short-trimmed+3,184,t,0.1248
SARS-CoV2-5UTR-Amplicon-short-trimmed+3,185,a,0.2218
SARS-CoV2-5UTR-Amplicon-short-trimmed+3,186,g,0.0915
SARS-CoV2-5UTR-Amplicon-short-trimmed+3,187,g,0.0919
SARS-CoV2-5UTR-Amplicon-short-trimmed+3,188,t,0.1779
SARS-CoV2-5UTR-Amplicon-short-trimmed+3,189,t,0.3659
SARS-CoV2-5UTR-Amplicon-short-trimmed+3,190,t,0.4915
SARS-CoV2-5UTR-Amplicon-short-trimmed+3,191,c,0.1872
SARS-CoV2-5UTR-Amplicon-short-trimmed+3,192,g,0.0812
SARS-CoV2-5UTR-Amplicon-short-trimmed+3,193,t,1.3194
SARS-CoV2-5UTR-Amplicon-short-trimmed+3,194,c,0.1075
SARS-CoV2-5UTR-Amplicon-short-trimmed+3,195,c,0.196
SARS-CoV2-5UTR-Amplicon-short-trimmed+3,196,g,0.3503
SARS-CoV2-5UTR-Amplicon-short-trimmed+3,197,g,0.1452
SARS-CoV2-5UTR-Amplicon-short-trimmed+3,198,g,0.3985
SARS-CoV2-5UTR-Amplicon-short-trimmed+3,199,t,0.2781
SARS-CoV2-5UTR-Amplicon-short-trimmed+3,200,g,0.0932
SARS-CoV2-5UTR-Amplicon-short-trimmed+3,201,t,0.1644
SARS-CoV2-5UTR-Amplicon-short-trimmed+3,202,g,0.1224
SARS-CoV2-5UTR-Amplicon-short-trimmed+3,203,a,0.3716
SARS-CoV2-5UTR-Amplicon-short-trimmed+3,204,c,0.1203
SARS-CoV2-5UTR-Amplicon-short-trimmed+3,205,c,0.122
SARS-CoV2-5UTR-Amplicon-short-trimmed+3,206,g,0.0942
SARS-CoV2-5UTR-Amplicon-short-trimmed+3,207,a,0.1412
SARS-CoV2-5UTR-Amplicon-short-trimmed+3,208,a,0.0887
SARS-CoV2-5UTR-Amplicon-short-trimmed+3,209,a,0.1874
SARS-CoV2-5UTR-Amplicon-short-trimmed+3,210,g,0.149
SARS-CoV2-5UTR-Amplicon-short-trimmed+3,211,g,0.1269
SARS-CoV2-5UTR-Amplicon-short-trimmed+3,212,t,0.1757
SARS-CoV2-5UTR-Amplicon-short-trimmed+3,213,a,0.0751
SARS-CoV2-5UTR-Amplicon-short-trimmed+3,214,a,0.0832
SARS-CoV2-5UTR-Amplicon-short-trimmed+3,215,g,0.0821
SARS-CoV2-5UTR-Amplicon-short-trimmed+3,216,a,0.0631
SARS-CoV2-5UTR-Amplicon-short-trimmed+3,217,t,0.139
SARS-CoV2-5UTR-Amplicon-short-trimmed+3,218,g,0.068
SARS-CoV2-5UTR-Amplicon-short-trimmed+3,219,g,0.0951
SARS-CoV2-5UTR-Amplicon-short-trimmed+3,220,a,0.265
SARS-CoV2-5UTR-Amplicon-short-trimmed+3,221,g,0.194
SARS-CoV2-5UTR-Amplicon-short-trimmed+3,222,a,0.0913
SARS-CoV2-5UTR-Amplicon-short-trimmed+3,223,g,0.2153
SARS-CoV2-5UTR-Amplicon-short-trimmed+3,224,c,0.0783
SARS-CoV2-5UTR-Amplicon-short-trimmed+3,225,c,0.0859
SARS-CoV2-5UTR-Amplicon-short-trimmed+3,226,t,0.0625
SARS-CoV2-5UTR-Amplicon-short-trimmed+3,227,t,0.3569
SARS-CoV2-5UTR-Amplicon-short-trimmed+3,228,g,0.0546
SARS-CoV2-5UTR-Amplicon-short-trimmed+3,229,t,0.1635
SARS-CoV2-5UTR-Amplicon-short-trimmed+3,230,c,0.0655
SARS-CoV2-5UTR-Amplicon-short-trimmed+3,231,c,0.0648
SARS-CoV2-5UTR-Amplicon-short-trimmed+3,232,c,0.1136
SARS-CoV2-5UTR-Amplicon-short-trimmed+3,233,t,0.1706
SARS-CoV2-5UTR-Amplicon-short-trimmed+3,234,g,0.0874
SARS-CoV2-5UTR-Amplicon-short-trimmed+3,235,g,0.1311
SARS-CoV2-5UTR-Amplicon-short-trimmed+3,236,t,0.0669
SARS-CoV2-5UTR-Amplicon-short-trimmed+3,237,t,0.0836
SARS-CoV2-5UTR-Amplicon-short-trimmed+3,238,t,0.1627
SARS-CoV2-5UTR-Amplicon-short-trimmed+3,239,c,0.4973
SARS-CoV2-5UTR-Amplicon-short-trimmed+3,240,a,0.1149
SARS-CoV2-5UTR-Amplicon-short-trimmed+3,241,a,0.0752
SARS-CoV2-5UTR-Amplicon-short-trimmed+3,242,c,0.0776
SARS-CoV2-5UTR-Amplicon-short-trimmed+3,243,g,0.0392
SARS-CoV2-5UTR-Amplicon-short-trimmed+3,244,a,0.2523
SARS-CoV2-5UTR-Amplicon-short-trimmed+3,245,g,0
SARS-CoV2-5UTR-Amplicon-short-trimmed+3,246,g,0
SARS-CoV2-5UTR-Amplicon-short-trimmed+3,247,G,0
SARS-CoV2-5UTR-Amplicon-short-trimmed+3,248,A,0
SARS-CoV2-5UTR-Amplicon-short-trimmed+3,249,G,0
