Region,Position,Ref_base,Mut_percentage
SARS-CoV2-5UTR-Amplicon-short-trimmed+3,1,T,0
SARS-CoV2-5UTR-Amplicon-short-trimmed+3,2,T,0
SARS-CoV2-5UTR-Amplicon-short-trimmed+3,3,G,0
SARS-CoV2-5UTR-Amplicon-short-trimmed+3,4,t,0
SARS-CoV2-5UTR-Amplicon-short-trimmed+3,5,a,0
SARS-CoV2-5UTR-Amplicon-short-trimmed+3,6,g,0.0654
SARS-CoV2-5UTR-Amplicon-short-trimmed+3,7,a,0.0378
SARS-CoV2-5UTR-Amplicon-short-trimmed+3,8,t,0.0878
SARS-CoV2-5UTR-Amplicon-short-trimmed+3,9,c,0.0714
SARS-CoV2-5UTR-Amplicon-short-trimmed+3,10,t,0.0433
SARS-CoV2-5UTR-Amplicon-short-trimmed+3,11,g,0.2169
SARS-CoV2-5UTR-Amplicon-short-trimmed+3,12,t,0.0853
SARS-CoV2-5UTR-Amplicon-short-trimmed+3,13,t,0.0917
SARS-CoV2-5UTR-Amplicon-short-trimmed+3,14,c,0.1001
SARS-CoV2-5UTR-Amplicon-short-trimmed+3,15,t,0.1404
SARS-CoV2-5UTR-Amplicon-short-trimmed+3,16,c,0.0938
SARS-CoV2-5UTR-Amplicon-short-trimmed+3,17,t,0.0676
SARS-CoV2-5UTR-Amplicon-short-trimmed+3,18,a,0.0917
SARS-CoV2-5UTR-Amplicon-short-trimmed+3,19,a,0.0205
SARS-CoV2-5UTR-Amplicon-short-trimmed+3,20,a,0.0382
SARS-CoV2-5UTR-Amplicon-short-trimmed+3,21,c,0.067
SARS-CoV2-5UTR-Amplicon-short-trimmed+3,22,g,0.071
SARS-CoV2-5UTR-Amplicon-short-trimmed+3,23,a,0.0334
SARS-CoV2-5UTR-Amplicon-short-trimmed+3,24,a,0.049
SARS-CoV2-5UTR-Amplicon-short-trimmed+3,25,c,2.6292
SARS-CoV2-5UTR-Amplicon-short-trimmed+3,26,t,0.2237
SARS-CoV2-5UTR-Amplicon-short-trimmed+3,27,t,0.1297
SARS-CoV2-5UTR-Amplicon-short-trimmed+3,28,t,0.0627
SARS-CoV2-5UTR-Amplicon-short-trimmed+3,29,a,0.1109
SARS-CoV2-5UTR-Amplicon-short-trimmed+3,30,a,0.0653
SARS-CoV2-5UTR-Amplicon-short-trimmed+3,31,a,0.0919
SARS-CoV2-5UTR-Amplicon-short-trimmed+3,32,a,0.0399
SARS-CoV2-5UTR-Amplicon-short-trimmed+3,33,t,0.1024
SARS-CoV2-5UTR-Amplicon-short-trimmed+3,34,c,0.0836
SARS-CoV2-5UTR-Amplicon-short-trimmed+3,35,t,0.1005
SARS-CoV2-5UTR-Amplicon-short-trimmed+3,36,g,0.1415
SARS-CoV2-5UTR-Amplicon-short-trimmed+3,37,t,0.09
SARS-CoV2-5UTR-Amplicon-short-trimmed+3,38,g,0.0568
SARS-CoV2-5UTR-Amplicon-short-trimmed+3,39,t,0.0714
SARS-CoV2-5UTR-Amplicon-short-trimmed+3,40,g,0.0659
SARS-CoV2-5UTR-Amplicon-short-trimmed+3,41,g,0.1468
SARS-CoV2-5UTR-Amplicon-short-trimmed+3,42,c,0.1157
SARS-CoV2-5UTR-Amplicon-short-trimmed+3,43,t,0.1593
SARS-CoV2-5UTR-Amplicon-short-trimmed+3,44,g,0.1153
SARS-CoV2-5UTR-Amplicon-short-trimmed+3,45,t,0.1635
SARS-CoV2-5UTR-Amplicon-short-trimmed+3,46,c,0.0731
SARS-CoV2-5UTR-Amplicon-short-trimmed+3,47,a,0.0737
SARS-CoV2-5UTR-Amplicon-short-trimmed+3,48,c,0.0951
SARS-CoV2-5UTR-Amplicon-short-trimmed+3,49,t,0.0773
SARS-CoV2-5UTR-Amplicon-short-trimmed+3,50,c,0.1054
SARS-CoV2-5UTR-Amplicon-short-trimmed+3,51,g,0.1214
SARS-CoV2-5UTR-Amplicon-short-trimmed+3,52,g,0.2302
SARS-CoV2-5UTR-Amplicon-short-trimmed+3,53,c,0.1536
SARS-CoV2-5UTR-Amplicon-short-trimmed+3,54,t,0.0989
SARS-CoV2-5UTR-Amplicon-short-trimmed+3,55,g,0.2049
SARS-CoV2-5UTR-Amplicon-short-trimmed+3,56,c,0.1324
SARS-CoV2-5UTR-Amplicon-short-trimmed+3,57,g,0.2015
SARS-CoV2-5UTR-Amplicon-short-trimmed+3,58,t,0.0862
SARS-CoV2-5UTR-Amplicon-short-trimmed+3,59,g,0.1436
SARS-CoV2-5UTR-Amplicon-short-trimmed+3,60,c,0.1069
SARS-CoV2-5UTR-Amplicon-short-trimmed+3,61,t,0.1212
SARS-CoV2-5UTR-Amplicon-short-trimmed+3,62,t,0.0617
SARS-CoV2-5UTR-Amplicon-short-trimmed+3,63,a,0.0503
SARS-CoV2-5UTR-Amplicon-short-trimmed+3,64,g,0.0718
SARS-CoV2-5UTR-Amplicon-short-trimmed+3,65,t,0.0632
SARS-CoV2-5UTR-Amplicon-short-trimmed+3,66,g,0.1344
SARS-CoV2-5UTR-Amplicon-short-trimmed+3,67,c,0.1768
SARS-CoV2-5UTR-Amplicon-short-trimmed+3,68,a,0.0701
SARS-CoV2-5UTR-Amplicon-short-trimmed+3,69,c,0.1067
SARS-CoV2-5UTR-Amplicon-short-trimmed+3,70,t,0.0752
SARS-CoV2-5UTR-Amplicon-short-trimmed+3,71,c,0.0667
SARS-CoV2-5UTR-Amplicon-short-trimmed+3,72,a,0.0699
SARS-CoV2-5UTR-Amplicon-short-trimmed+3,73,c,0.0919
SARS-CoV2-5UTR-Amplicon-short-trimmed+3,74,g,0.1449
SARS-CoV2-5UTR-Amplicon-short-trimmed+3,75,c,0.0611
SARS-CoV2-5UTR-Amplicon-short-trimmed+3,76,a,0.1031
SARS-CoV2-5UTR-Amplicon-short-trimmed+3,77,g,0.1031
SARS-CoV2-5UTR-Amplicon-short-trimmed+3,78,t,0.0503
SARS-CoV2-5UTR-Amplicon-short-trimmed+3,79,a,0.0505
SARS-CoV2-5UTR-Amplicon-short-trimmed+3,80,t,0.0289
SARS-CoV2-5UTR-Amplicon-short-trimmed+3,81,a,0.0405
SARS-CoV2-5UTR-Amplicon-short-trimmed+3,82,a,0.0809
SARS-CoV2-5UTR-Amplicon-short-trimmed+3,83,t,0.0446
SARS-CoV2-5UTR-Amplicon-short-trimmed+3,84,t,0.0951
SARS-CoV2-5UTR-Amplicon-short-trimmed+3,85,a,0.0955
SARS-CoV2-5UTR-Amplicon-short-trimmed+3,86,a,0.079
SARS-CoV2-5UTR-Amplicon-short-trimmed+3,87,t,0.0452
SARS-CoV2-5UTR-Amplicon-short-trimmed+3,88,a,0.0518
SARS-CoV2-5UTR-Amplicon-short-trimmed+3,89,a,0.0707
SARS-CoV2-5UTR-Amplicon-short-trimmed+3,90,c,0.3396
SARS-CoV2-5UTR-Amplicon-short-trimmed+3,91,t,0.1284
SARS-CoV2-5UTR-Amplicon-short-trimmed+3,92,a,0.0526
SARS-CoV2-5UTR-Amplicon-short-trimmed+3,93,a,0.0577
SARS-CoV2-5UTR-Amplicon-short-trimmed+3,94,t,0.0689
SARS-CoV2-5UTR-Amplicon-short-trimmed+3,95,t,0.0581
SARS-CoV2-5UTR-Amplicon-short-trimmed+3,96,a,0.0657
SARS-CoV2-5UTR-Amplicon-short-trimmed+3,97,c,0.0843
SARS-CoV2-5UTR-Amplicon-short-trimmed+3,98,t,0.3196
SARS-CoV2-5UTR-Amplicon-short-trimmed+3,99,g,0.1111
SARS-CoV2-5UTR-Amplicon-short-trimmed+3,100,t,0.1424
SARS-CoV2-5UTR-Amplicon-short-trimmed+3,101,c,0.1029
SARS-CoV2-5UTR-Amplicon-short-trimmed+3,102,g,0.1225
SARS-CoV2-5UTR-Amplicon-short-trimmed+3,103,t,0.0927
SARS-CoV2-5UTR-Amplicon-short-trimmed+3,104,t,0.1512
SARS-CoV2-5UTR-Amplicon-short-trimmed+3,105,g,0.0805
SARS-CoV2-5UTR-Amplicon-short-trimmed+3,106,a,0.079
SARS-CoV2-5UTR-Amplicon-short-trimmed+3,107,c,0.1191
SARS-CoV2-5UTR-Amplicon-short-trimmed+3,108,a,0.1179
SARS-CoV2-5UTR-Amplicon-short-trimmed+3,109,g,0.136
SARS-CoV2-5UTR-Amplicon-short-trimmed+3,110,g,0.0894
SARS-CoV2-5UTR-Amplicon-short-trimmed+3,111,a,0.0702
SARS-CoV2-5UTR-Amplicon-short-trimmed+3,112,c,0.1216
SARS-CoV2-5UTR-Amplicon-short-trimmed+3,113,a,0.0902
SARS-CoV2-5UTR-Amplicon-short-trimmed+3,114,c,0.1395
SARS-CoV2-5UTR-Amplicon-short-trimmed+3,115,g,0.0757
SARS-CoV2-5UTR-Amplicon-short-trimmed+3,116,a,0.0998
SARS-CoV2-5UTR-Amplicon-short-trimmed+3,117,g,0.0743
SARS-CoV2-5UTR-Amplicon-short-trimmed+3,118,t,0.1926
SARS-CoV2-5UTR-Amplicon-short-trimmed+3,119,a,0.1923
SARS-CoV2-5UTR-Amplicon-short-trimmed+3,120,a,0.1586
SARS-CoV2-5UTR-Amplicon-short-trimmed+3,121,c,0.2518
SARS-CoV2-5UTR-Amplicon-short-trimmed+3,122,t,0.2756
SARS-CoV2-5UTR-Amplicon-short-trimmed+3,123,c,0.2816
SARS-CoV2-5UTR-Amplicon-short-trimmed+3,124,g,0.2076
SARS-CoV2-5UTR-Amplicon-short-trimmed+3,125,t,0.3854
SARS-CoV2-5UTR-Amplicon-short-trimmed+3,126,c,0.1802
SARS-CoV2-5UTR-Amplicon-short-trimmed+3,127,t,0.1211
SARS-CoV2-5UTR-Amplicon-short-trimmed+3,128,a,0.1719
SARS-CoV2-5UTR-Amplicon-short-trimmed+3,129,t,0.6602
SARS-CoV2-5UTR-Amplicon-short-trimmed+3,130,c,0.1309
SARS-CoV2-5UTR-Amplicon-short-trimmed+3,131,t,0.1809
SARS-CoV2-5UTR-Amplicon-short-trimmed+3,132,t,0.2542
SARS-CoV2-5UTR-Amplicon-short-trimmed+3,133,c,0.3651
SARS-CoV2-5UTR-Amplicon-short-trimmed+3,134,t,0.2985
SARS-CoV2-5UTR-Amplicon-short-trimmed+3,135,g,0.1739
SARS-CoV2-5UTR-Amplicon-short-trimmed+3,136,c,0.4819
SARS-CoV2-5UTR-Amplicon-short-trimmed+3,137,a,0.3244
SARS-CoV2-5UTR-Amplicon-short-trimmed+3,138,g,0.1329
SARS-CoV2-5UTR-Amplicon-short-trimmed+3,139,g,0.3471
SARS-CoV2-5UTR-Amplicon-short-trimmed+3,140,c,0.1488
SARS-CoV2-5UTR-Amplicon-short-trimmed+3,141,t,0.4025
SARS-CoV2-5UTR-Amplicon-short-trimmed+3,142,g,0.5393
SARS-CoV2-5UTR-Amplicon-short-trimmed+3,143,c,0.1456
SARS-CoV2-5UTR-Amplicon-short-trimmed+3,144,t,0.1576
SARS-CoV2-5UTR-Amplicon-short-trimmed+3,145,t,0.1877
SARS-CoV2-5UTR-Amplicon-short-trimmed+3,146,a,0.2584
SARS-CoV2-5UTR-Amplicon-short-trimmed+3,147,c,0.2174
SARS-CoV2-5UTR-Amplicon-short-trimmed+3,148,g,0.4213
SARS-CoV2-5UTR-Amplicon-short-trimmed+3,149,g,0.207
SARS-CoV2-5UTR-Amplicon-short-trimmed+3,150,t,0.2226
SARS-CoV2-5UTR-Amplicon-short-trimmed+3,151,t,0.2106
SARS-CoV2-5UTR-Amplicon-short-trimmed+3,152,t,0.3184
SARS-CoV2-5UTR-Amplicon-short-trimmed+3,153,c,0.3384
SARS-CoV2-5UTR-Amplicon-short-trimmed+3,154,g,0.1437
SARS-CoV2-5UTR-Amplicon-short-trimmed+3,155,t,0.428
SARS-CoV2-5UTR-Amplicon-short-trimmed+3,156,c,0.2677
SARS-CoV2-5UTR-Amplicon-short-trimmed+3,157,c,0.2788
SARS-CoV2-5UTR-Amplicon-short-trimmed+3,158,g,0.1589
SARS-CoV2-5UTR-Amplicon-short-trimmed+3,159,t,1.6297
SARS-CoV2-5UTR-Amplicon-short-trimmed+3,160,g,0.1145
SARS-CoV2-5UTR-Amplicon-short-trimmed+3,161,t,0.1677
SARS-CoV2-5UTR-Amplicon-short-trimmed+3,162,t,0.2333
SARS-CoV2-5UTR-Amplicon-short-trimmed+3,163,g,0.1776
SARS-CoV2-5UTR-Amplicon-short-trimmed+3,164,c,0.367
SARS-CoV2-5UTR-Amplicon-short-trimmed+3,165,a,0.4979
SARS-CoV2-5UTR-Amplicon-short-trimmed+3,166,g,0.702
SARS-CoV2-5UTR-Amplicon-short-trimmed+3,167,c,0.3127
SARS-CoV2-5UTR-Amplicon-short-trimmed+3,168,c,0.6305
SARS-CoV2-5UTR-Amplicon-short-trimmed+3,169,g,0.137
SARS-CoV2-5UTR-Amplicon-short-trimmed+3,170,a,0.1721
SARS-CoV2-5UTR-Amplicon-short-trimmed+3,171,t,0.1543
SARS-CoV2-5UTR-Amplicon-short-trimmed+3,172,c,0.2456
SARS-CoV2-5UTR-Amplicon-short-trimmed+3,173,a,0.0848
SARS-CoV2-5UTR-Amplicon-short-trimmed+3,174,t,0.121
SARS-CoV2-5UTR-Amplicon-short-trimmed+3,175,c,0.2906
SARS-CoV2-5UTR-Amplicon-short-trimmed+3,176,a,0.185
SARS-CoV2-5UTR-Amplicon-short-trimmed+3,177,g,0.1547
SARS-CoV2-5UTR-Amplicon-short-trimmed+3,178,c,0.7257
SARS-CoV2-5UTR-Amplicon-short-trimmed+3,179,a,0.1747
SARS-CoV2-5UTR-Amplicon-short-trimmed+3,180,c,0.1414
SARS-CoV2-5UTR-Amplicon-short-trimmed+3,181,a,0.14
SARS-CoV2-5UTR-Amplicon-short-trimmed+3,182,t,0.2048
SARS-CoV2-5UTR-Amplicon-short-trimmed+3,183,c,0.1322
SARS-CoV2-5UTR-Amplicon-short-trimmed+3,184,t,0.1294
SARS-CoV2-5UTR-Amplicon-short-trimmed+3,185,a,0.2279
SARS-CoV2-5UTR-Amplicon-short-trimmed+3,186,g,0.1381
SARS-CoV2-5UTR-Amplicon-short-trimmed+3,187,g,0.1507
SARS-CoV2-5UTR-Amplicon-short-trimmed+3,188,t,0.2237
SARS-CoV2-5UTR-Amplicon-short-trimmed+3,189,t,0.3801
SARS-CoV2-5UTR-Amplicon-short-trimmed+3,190,t,0.4969
SARS-CoV2-5UTR-Amplicon-short-trimmed+3,191,c,0.2658
SARS-CoV2-5UTR-Amplicon-short-trimmed+3,192,g,0.1269
SARS-CoV2-5UTR-Amplicon-short-trimmed+3,193,t,1.316
SARS-CoV2-5UTR-Amplicon-short-trimmed+3,194,c,0.1763
SARS-CoV2-5UTR-Amplicon-short-trimmed+3,195,c,0.2397
SARS-CoV2-5UTR-Amplicon-short-trimmed+3,196,g,0.3958
SARS-CoV2-5UTR-Amplicon-short-trimmed+3,197,g,0.1808
SARS-CoV2-5UTR-Amplicon-short-trimmed+3,198,g,0.4295
SARS-CoV2-5UTR-Amplicon-short-trimmed+3,199,t,0.3106
SARS-CoV2-5UTR-Amplicon-short-trimmed+3,200,g,0.1239
SARS-CoV2-5UTR-Amplicon-short-trimmed+3,201,t,0.1835
SARS-CoV2-5UTR-Amplicon-short-trimmed+3,202,g,0.1246
SARS-CoV2-5UTR-Amplicon-short-trimmed+3,203,a,0.3748
SARS-CoV2-5UTR-Amplicon-short-trimmed+3,204,c,0.1551
SARS-CoV2-5UTR-Amplicon-short-trimmed+3,205,c,0.1479
SARS-CoV2-5UTR-Amplicon-short-trimmed+3,206,g,0.1202
SARS-CoV2-5UTR-Amplicon-short-trimmed+3,207,a,0.1456
SARS-CoV2-5UTR-Amplicon-short-trimmed+3,208,a,0.0955
SARS-CoV2-5UTR-Amplicon-short-trimmed+3,209,a,0.1732
SARS-CoV2-5UTR-Amplicon-short-trimmed+3,210,g,0.1545
SARS-CoV2-5UTR-Amplicon-short-trimmed+3,211,g,0.1423
SARS-CoV2-5UTR-Amplicon-short-trimmed+3,212,t,0.1702
SARS-CoV2-5UTR-Amplicon-short-trimmed+3,213,a,0.0852
SARS-CoV2-5UTR-Amplicon-short-trimmed+3,214,a,0.1004
SARS-CoV2-5UTR-Amplicon-short-trimmed+3,215,g,0.0981
SARS-CoV2-5UTR-Amplicon-short-trimmed+3,216,a,0.065
SARS-CoV2-5UTR-Amplicon-short-trimmed+3,217,t,0.1568
SARS-CoV2-5UTR-Amplicon-short-trimmed+3,218,g,0.0903
SARS-CoV2-5UTR-Amplicon-short-trimmed+3,219,g,0.0957
SARS-CoV2-5UTR-Amplicon-short-trimmed+3,220,a,0.2875
SARS-CoV2-5UTR-Amplicon-short-trimmed+3,221,g,0.1862
SARS-CoV2-5UTR-Amplicon-short-trimmed+3,222,a,0.0964
SARS-CoV2-5UTR-Amplicon-short-trimmed+3,223,g,0.2289
SARS-CoV2-5UTR-Amplicon-short-trimmed+3,224,c,0.1155
SARS-CoV2-5UTR-Amplicon-short-trimmed+3,225,c,0.1185
SARS-CoV2-5UTR-Amplicon-short-trimmed+3,226,t,0.0766
SARS-CoV2-5UTR-Amplicon-short-trimmed+3,227,t,0.3988
SARS-CoV2-5UTR-Amplicon-short-trimmed+3,228,g,0.0762
SARS-CoV2-5UTR-Amplicon-short-trimmed+3,229,t,0.1898
SARS-CoV2-5UTR-Amplicon-short-trimmed+3,230,c,0.0878
SARS-CoV2-5UTR-Amplicon-short-trimmed+3,231,c,0.0955
SARS-CoV2-5UTR-Amplicon-short-trimmed+3,232,c,0.1391
SARS-CoV2-5UTR-Amplicon-short-trimmed+3,233,t,0.214
SARS-CoV2-5UTR-Amplicon-short-trimmed+3,234,g,0.1212
SARS-CoV2-5UTR-Amplicon-short-trimmed+3,235,g,0.1816
SARS-CoV2-5UTR-Amplicon-short-trimmed+3,236,t,0.0865
SARS-CoV2-5UTR-Amplicon-short-trimmed+3,237,t,0.0858
SARS-CoV2-5UTR-Amplicon-short-trimmed+3,238,t,0.1597
SARS-CoV2-5UTR-Amplicon-short-trimmed+3,239,c,0.5457
SARS-CoV2-5UTR-Amplicon-short-trimmed+3,240,a,0.1197
SARS-CoV2-5UTR-Amplicon-short-trimmed+3,241,a,0.102
SARS-CoV2-5UTR-Amplicon-short-trimmed+3,242,c,0.099
SARS-CoV2-5UTR-Amplicon-short-trimmed+3,243,g,0.0387
SARS-CoV2-5UTR-Amplicon-short-trimmed+3,244,a,0.2405
SARS-CoV2-5UTR-Amplicon-short-trimmed+3,245,g,0
SARS-CoV2-5UTR-Amplicon-short-trimmed+3,246,g,0
SARS-CoV2-5UTR-Amplicon-short-trimmed+3,247,G,0
SARS-CoV2-5UTR-Amplicon-short-trimmed+3,248,A,0
SARS-CoV2-5UTR-Amplicon-short-trimmed+3,249,G,0
