Region,Position,Ref_base,Mut_percentage
SARS-CoV2-5UTR-Amplicon-short-trimmed+3,1,T,0
SARS-CoV2-5UTR-Amplicon-short-trimmed+3,2,T,0
SARS-CoV2-5UTR-Amplicon-short-trimmed+3,3,G,0
SARS-CoV2-5UTR-Amplicon-short-trimmed+3,4,t,0
SARS-CoV2-5UTR-Amplicon-short-trimmed+3,5,a,0
SARS-CoV2-5UTR-Amplicon-short-trimmed+3,6,g,0.0814
SARS-CoV2-5UTR-Amplicon-short-trimmed+3,7,a,0.0273
SARS-CoV2-5UTR-Amplicon-short-trimmed+3,8,t,0.068
SARS-CoV2-5UTR-Amplicon-short-trimmed+3,9,c,0.0601
SARS-CoV2-5UTR-Amplicon-short-trimmed+3,10,t,0.0333
SARS-CoV2-5UTR-Amplicon-short-trimmed+3,11,g,0.2497
SARS-CoV2-5UTR-Amplicon-short-trimmed+3,12,t,0.0634
SARS-CoV2-5UTR-Amplicon-short-trimmed+3,13,t,0.0637
SARS-CoV2-5UTR-Amplicon-short-trimmed+3,14,c,0.0563
SARS-CoV2-5UTR-Amplicon-short-trimmed+3,15,t,0.0944
SARS-CoV2-5UTR-Amplicon-short-trimmed+3,16,c,0.0551
SARS-CoV2-5UTR-Amplicon-short-trimmed+3,17,t,0.0342
SARS-CoV2-5UTR-Amplicon-short-trimmed+3,18,a,0.0859
SARS-CoV2-5UTR-Amplicon-short-trimmed+3,19,a,0.0342
SARS-CoV2-5UTR-Amplicon-short-trimmed+3,20,a,0.0402
SARS-CoV2-5UTR-Amplicon-short-trimmed+3,21,c,0.0458
SARS-CoV2-5UTR-Amplicon-short-trimmed+3,22,g,0.113
SARS-CoV2-5UTR-Amplicon-short-trimmed+3,23,a,0.0294
SARS-CoV2-5UTR-Amplicon-short-trimmed+3,24,a,0.0394
SARS-CoV2-5UTR-Amplicon-short-trimmed+3,25,c,4.0848
SARS-CoV2-5UTR-Amplicon-short-trimmed+3,26,t,0.1954
SARS-CoV2-5UTR-Amplicon-short-trimmed+3,27,t,0.1036
SARS-CoV2-5UTR-Amplicon-short-trimmed+3,28,t,0.0308
SARS-CoV2-5UTR-Amplicon-short-trimmed+3,29,a,0.0835
SARS-CoV2-5UTR-Amplicon-short-trimmed+3,30,a,0.0531
SARS-CoV2-5UTR-Amplicon-short-trimmed+3,31,a,0.09
SARS-CoV2-5UTR-Amplicon-short-trimmed+3,32,a,0.0412
SARS-CoV2-5UTR-Amplicon-short-trimmed+3,33,t,0.073
SARS-CoV2-5UTR-Amplicon-short-trimmed+3,34,c,0.0355
SARS-CoV2-5UTR-Amplicon-short-trimmed+3,35,t,0.1181
SARS-CoV2-5UTR-Amplicon-short-trimmed+3,36,g,0.2776
SARS-CoV2-5UTR-Amplicon-short-trimmed+3,37,t,0.0816
SARS-CoV2-5UTR-Amplicon-short-trimmed+3,38,g,0.1219
SARS-CoV2-5UTR-Amplicon-short-trimmed+3,39,t,0.0685
SARS-CoV2-5UTR-Amplicon-short-trimmed+3,40,g,0.1598
SARS-CoV2-5UTR-Amplicon-short-trimmed+3,41,g,0.1959
SARS-CoV2-5UTR-Amplicon-short-trimmed+3,42,c,0.0704
SARS-CoV2-5UTR-Amplicon-short-trimmed+3,43,t,0.1463
SARS-CoV2-5UTR-Amplicon-short-trimmed+3,44,g,0.1667
SARS-CoV2-5UTR-Amplicon-short-trimmed+3,45,t,0.1373
SARS-CoV2-5UTR-Amplicon-short-trimmed+3,46,c,0.0453
SARS-CoV2-5UTR-Amplicon-short-trimmed+3,47,a,0.0533
SARS-CoV2-5UTR-Amplicon-short-trimmed+3,48,c,0.0429
SARS-CoV2-5UTR-Amplicon-short-trimmed+3,49,t,0.0602
SARS-CoV2-5UTR-Amplicon-short-trimmed+3,50,c,0.0725
SARS-CoV2-5UTR-Amplicon-short-trimmed+3,51,g,0.2089
SARS-CoV2-5UTR-Amplicon-short-trimmed+3,52,g,0.2634
SARS-CoV2-5UTR-Amplicon-short-trimmed+3,53,c,0.131
SARS-CoV2-5UTR-Amplicon-short-trimmed+3,54,t,0.0922
SARS-CoV2-5UTR-Amplicon-short-trimmed+3,55,g,0.2018
SARS-CoV2-5UTR-Amplicon-short-trimmed+3,56,c,0.0816
SARS-CoV2-5UTR-Amplicon-short-trimmed+3,57,g,0.2205
SARS-CoV2-5UTR-Amplicon-short-trimmed+3,58,t,0.092
SARS-CoV2-5UTR-Amplicon-short-trimmed+3,59,g,0.2208
SARS-CoV2-5UTR-Amplicon-short-trimmed+3,60,c,0.0694
SARS-CoV2-5UTR-Amplicon-short-trimmed+3,61,t,0.1162
SARS-CoV2-5UTR-Amplicon-short-trimmed+3,62,t,0.0997
SARS-CoV2-5UTR-Amplicon-short-trimmed+3,63,a,0.1076
SARS-CoV2-5UTR-Amplicon-short-trimmed+3,64,g,0.1251
SARS-CoV2-5UTR-Amplicon-short-trimmed+3,65,t,0.0461
SARS-CoV2-5UTR-Amplicon-short-trimmed+3,66,g,0.2156
SARS-CoV2-5UTR-Amplicon-short-trimmed+3,67,c,0.1364
SARS-CoV2-5UTR-Amplicon-short-trimmed+3,68,a,0.0713
SARS-CoV2-5UTR-Amplicon-short-trimmed+3,69,c,0.0625
SARS-CoV2-5UTR-Amplicon-short-trimmed+3,70,t,0.0566
SARS-CoV2-5UTR-Amplicon-short-trimmed+3,71,c,0.0492
SARS-CoV2-5UTR-Amplicon-short-trimmed+3,72,a,0.0738
SARS-CoV2-5UTR-Amplicon-short-trimmed+3,73,c,0.062
SARS-CoV2-5UTR-Amplicon-short-trimmed+3,74,g,0.2252
SARS-CoV2-5UTR-Amplicon-short-trimmed+3,75,c,0.0332
SARS-CoV2-5UTR-Amplicon-short-trimmed+3,76,a,0.1101
SARS-CoV2-5UTR-Amplicon-short-trimmed+3,77,g,0.105
SARS-CoV2-5UTR-Amplicon-short-trimmed+3,78,t,0.0518
SARS-CoV2-5UTR-Amplicon-short-trimmed+3,79,a,0.0465
SARS-CoV2-5UTR-Amplicon-short-trimmed+3,80,t,0.0293
SARS-CoV2-5UTR-Amplicon-short-trimmed+3,81,a,0.044
SARS-CoV2-5UTR-Amplicon-short-trimmed+3,82,a,0.0676
SARS-CoV2-5UTR-Amplicon-short-trimmed+3,83,t,0.0378
SARS-CoV2-5UTR-Amplicon-short-trimmed+3,84,t,0.0834
SARS-CoV2-5UTR-Amplicon-short-trimmed+3,85,a,0.0934
SARS-CoV2-5UTR-Amplicon-short-trimmed+3,86,a,0.0666
SARS-CoV2-5UTR-Amplicon-short-trimmed+3,87,t,0.0394
SARS-CoV2-5UTR-Amplicon-short-trimmed+3,88,a,0.0624
SARS-CoV2-5UTR-Amplicon-short-trimmed+3,89,a,0.0678
SARS-CoV2-5UTR-Amplicon-short-trimmed+3,90,c,0.3222
SARS-CoV2-5UTR-Amplicon-short-trimmed+3,91,t,0.1089
SARS-CoV2-5UTR-Amplicon-short-trimmed+3,92,a,0.0575
SARS-CoV2-5UTR-Amplicon-short-trimmed+3,93,a,0.0571
SARS-CoV2-5UTR-Amplicon-short-trimmed+3,94,t,0.0581
SARS-CoV2-5UTR-Amplicon-short-trimmed+3,95,t,0.0669
SARS-CoV2-5UTR-Amplicon-short-trimmed+3,96,a,0.0598
SARS-CoV2-5UTR-Amplicon-short-trimmed+3,97,c,0.0439
SARS-CoV2-5UTR-Amplicon-short-trimmed+3,98,t,0.3048
SARS-CoV2-5UTR-Amplicon-short-trimmed+3,99,g,0.1981
SARS-CoV2-5UTR-Amplicon-short-trimmed+3,100,t,0.124
SARS-CoV2-5UTR-Amplicon-short-trimmed+3,101,c,0.0913
SARS-CoV2-5UTR-Amplicon-short-trimmed+3,102,g,0.2143
SARS-CoV2-5UTR-Amplicon-short-trimmed+3,103,t,0.0821
SARS-CoV2-5UTR-Amplicon-short-trimmed+3,104,t,0.1327
SARS-CoV2-5UTR-Amplicon-short-trimmed+3,105,g,0.0815
SARS-CoV2-5UTR-Amplicon-short-trimmed+3,106,a,0.0851
SARS-CoV2-5UTR-Amplicon-short-trimmed+3,107,c,0.0962
SARS-CoV2-5UTR-Amplicon-short-trimmed+3,108,a,0.1292
SARS-CoV2-5UTR-Amplicon-short-trimmed+3,109,g,0.1549
SARS-CoV2-5UTR-Amplicon-short-trimmed+3,110,g,0.0958
SARS-CoV2-5UTR-Amplicon-short-trimmed+3,111,a,0.0678
SARS-CoV2-5UTR-Amplicon-short-trimmed+3,112,c,0.0867
SARS-CoV2-5UTR-Amplicon-short-trimmed+3,113,a,0.0936
SARS-CoV2-5UTR-Amplicon-short-trimmed+3,114,c,0.0985
SARS-CoV2-5UTR-Amplicon-short-trimmed+3,115,g,0.0816
SARS-CoV2-5UTR-Amplicon-short-trimmed+3,116,a,0.1115
SARS-CoV2-5UTR-Amplicon-short-trimmed+3,117,g,0.1311
SARS-CoV2-5UTR-Amplicon-short-trimmed+3,118,t,0.1886
SARS-CoV2-5UTR-Amplicon-short-trimmed+3,119,a,0.2148
SARS-CoV2-5UTR-Amplicon-short-trimmed+3,120,a,0.153
SARS-CoV2-5UTR-Amplicon-short-trimmed+3,121,c,0.2229
SARS-CoV2-5UTR-Amplicon-short-trimmed+3,122,t,0.2978
SARS-CoV2-5UTR-Amplicon-short-trimmed+3,123,c,0.268
SARS-CoV2-5UTR-Amplicon-short-trimmed+3,124,g,0.2871
SARS-CoV2-5UTR-Amplicon-short-trimmed+3,125,t,0.3493
SARS-CoV2-5UTR-Amplicon-short-trimmed+3,126,c,0.1567
SARS-CoV2-5UTR-Amplicon-short-trimmed+3,127,t,0.1082
SARS-CoV2-5UTR-Amplicon-short-trimmed+3,128,a,0.1642
SARS-CoV2-5UTR-Amplicon-short-trimmed+3,129,t,0.691
SARS-CoV2-5UTR-Amplicon-short-trimmed+3,130,c,0.0909
SARS-CoV2-5UTR-Amplicon-short-trimmed+3,131,t,0.1544
SARS-CoV2-5UTR-Amplicon-short-trimmed+3,132,t,0.2389
SARS-CoV2-5UTR-Amplicon-short-trimmed+3,133,c,0.3375
SARS-CoV2-5UTR-Amplicon-short-trimmed+3,134,t,0.31
SARS-CoV2-5UTR-Amplicon-short-trimmed+3,135,g,0.2635
SARS-CoV2-5UTR-Amplicon-short-trimmed+3,136,c,0.4867
SARS-CoV2-5UTR-Amplicon-short-trimmed+3,137,a,0.3816
SARS-CoV2-5UTR-Amplicon-short-trimmed+3,138,g,0.2027
SARS-CoV2-5UTR-Amplicon-short-trimmed+3,139,g,0.4847
SARS-CoV2-5UTR-Amplicon-short-trimmed+3,140,c,0.2368
SARS-CoV2-5UTR-Amplicon-short-trimmed+3,141,t,0.4944
SARS-CoV2-5UTR-Amplicon-short-trimmed+3,142,g,0.5663
SARS-CoV2-5UTR-Amplicon-short-trimmed+3,143,c,0.1304
SARS-CoV2-5UTR-Amplicon-short-trimmed+3,144,t,0.1358
SARS-CoV2-5UTR-Amplicon-short-trimmed+3,145,t,0.1808
SARS-CoV2-5UTR-Amplicon-short-trimmed+3,146,a,0.2688
SARS-CoV2-5UTR-Amplicon-short-trimmed+3,147,c,0.2079
SARS-CoV2-5UTR-Amplicon-short-trimmed+3,148,g,0.5116
SARS-CoV2-5UTR-Amplicon-short-trimmed+3,149,g,0.3001
SARS-CoV2-5UTR-Amplicon-short-trimmed+3,150,t,0.1997
SARS-CoV2-5UTR-Amplicon-short-trimmed+3,151,t,0.187
SARS-CoV2-5UTR-Amplicon-short-trimmed+3,152,t,0.3265
SARS-CoV2-5UTR-Amplicon-short-trimmed+3,153,c,0.3344
SARS-CoV2-5UTR-Amplicon-short-trimmed+3,154,g,0.2068
SARS-CoV2-5UTR-Amplicon-short-trimmed+3,155,t,0.3858
SARS-CoV2-5UTR-Amplicon-short-trimmed+3,156,c,0.2468
SARS-CoV2-5UTR-Amplicon-short-trimmed+3,157,c,0.274
SARS-CoV2-5UTR-Amplicon-short-trimmed+3,158,g,0.2506
SARS-CoV2-5UTR-Amplicon-short-trimmed+3,159,t,1.701
SARS-CoV2-5UTR-Amplicon-short-trimmed+3,160,g,0.1625
SARS-CoV2-5UTR-Amplicon-short-trimmed+3,161,t,0.1527
SARS-CoV2-5UTR-Amplicon-short-trimmed+3,162,t,0.2362
SARS-CoV2-5UTR-Amplicon-short-trimmed+3,163,g,0.1779
SARS-CoV2-5UTR-Amplicon-short-trimmed+3,164,c,0.3515
SARS-CoV2-5UTR-Amplicon-short-trimmed+3,165,a,0.4561
SARS-CoV2-5UTR-Amplicon-short-trimmed+3,166,g,0.6758
SARS-CoV2-5UTR-Amplicon-short-trimmed+3,167,c,0.2794
SARS-CoV2-5UTR-Amplicon-short-trimmed+3,168,c,0.6036
SARS-CoV2-5UTR-Amplicon-short-trimmed+3,169,g,0.1129
SARS-CoV2-5UTR-Amplicon-short-trimmed+3,170,a,0.1574
SARS-CoV2-5UTR-Amplicon-short-trimmed+3,171,t,0.1581
SARS-CoV2-5UTR-Amplicon-short-trimmed+3,172,c,0.2016
SARS-CoV2-5UTR-Amplicon-short-trimmed+3,173,a,0.0849
SARS-CoV2-5UTR-Amplicon-short-trimmed+3,174,t,0.1218
SARS-CoV2-5UTR-Amplicon-short-trimmed+3,175,c,0.2628
SARS-CoV2-5UTR-Amplicon-short-trimmed+3,176,a,0.1839
SARS-CoV2-5UTR-Amplicon-short-trimmed+3,177,g,0.2464
SARS-CoV2-5UTR-Amplicon-short-trimmed+3,178,c,0.6856
SARS-CoV2-5UTR-Amplicon-short-trimmed+3,179,a,0.1693
SARS-CoV2-5UTR-Amplicon-short-trimmed+3,180,c,0.1124
SARS-CoV2-5UTR-Amplicon-short-trimmed+3,181,a,0.1528
SARS-CoV2-5UTR-Amplicon-short-trimmed+3,182,t,0.1836
SARS-CoV2-5UTR-Amplicon-short-trimmed+3,183,c,0.0955
SARS-CoV2-5UTR-Amplicon-short-trimmed+3,184,t,0.1382
SARS-CoV2-5UTR-Amplicon-short-trimmed+3,185,a,0.3229
SARS-CoV2-5UTR-Amplicon-short-trimmed+3,186,g,0.2211
SARS-CoV2-5UTR-Amplicon-short-trimmed+3,187,g,0.259
SARS-CoV2-5UTR-Amplicon-short-trimmed+3,188,t,0.1914
SARS-CoV2-5UTR-Amplicon-short-trimmed+3,189,t,0.3646
SARS-CoV2-5UTR-Amplicon-short-trimmed+3,190,t,0.524
SARS-CoV2-5UTR-Amplicon-short-trimmed+3,191,c,0.2802
SARS-CoV2-5UTR-Amplicon-short-trimmed+3,192,g,0.2423
SARS-CoV2-5UTR-Amplicon-short-trimmed+3,193,t,1.3893
SARS-CoV2-5UTR-Amplicon-short-trimmed+3,194,c,0.1401
SARS-CoV2-5UTR-Amplicon-short-trimmed+3,195,c,0.1972
SARS-CoV2-5UTR-Amplicon-short-trimmed+3,196,g,0.4815
SARS-CoV2-5UTR-Amplicon-short-trimmed+3,197,g,0.2677
SARS-CoV2-5UTR-Amplicon-short-trimmed+3,198,g,0.5321
SARS-CoV2-5UTR-Amplicon-short-trimmed+3,199,t,0.312
SARS-CoV2-5UTR-Amplicon-short-trimmed+3,200,g,0.2039
SARS-CoV2-5UTR-Amplicon-short-trimmed+3,201,t,0.1576
SARS-CoV2-5UTR-Amplicon-short-trimmed+3,202,g,0.1296
SARS-CoV2-5UTR-Amplicon-short-trimmed+3,203,a,0.3616
SARS-CoV2-5UTR-Amplicon-short-trimmed+3,204,c,0.1147
SARS-CoV2-5UTR-Amplicon-short-trimmed+3,205,c,0.1114
SARS-CoV2-5UTR-Amplicon-short-trimmed+3,206,g,0.2411
SARS-CoV2-5UTR-Amplicon-short-trimmed+3,207,a,0.1598
SARS-CoV2-5UTR-Amplicon-short-trimmed+3,208,a,0.0941
SARS-CoV2-5UTR-Amplicon-short-trimmed+3,209,a,0.1959
SARS-CoV2-5UTR-Amplicon-short-trimmed+3,210,g,0.2263
SARS-CoV2-5UTR-Amplicon-short-trimmed+3,211,g,0.2214
SARS-CoV2-5UTR-Amplicon-short-trimmed+3,212,t,0.1661
SARS-CoV2-5UTR-Amplicon-short-trimmed+3,213,a,0.0756
SARS-CoV2-5UTR-Amplicon-short-trimmed+3,214,a,0.0951
SARS-CoV2-5UTR-Amplicon-short-trimmed+3,215,g,0.1044
SARS-CoV2-5UTR-Amplicon-short-trimmed+3,216,a,0.0656
SARS-CoV2-5UTR-Amplicon-short-trimmed+3,217,t,0.1972
SARS-CoV2-5UTR-Amplicon-short-trimmed+3,218,g,0.1748
SARS-CoV2-5UTR-Amplicon-short-trimmed+3,219,g,0.0936
SARS-CoV2-5UTR-Amplicon-short-trimmed+3,220,a,0.26
SARS-CoV2-5UTR-Amplicon-short-trimmed+3,221,g,0.1669
SARS-CoV2-5UTR-Amplicon-short-trimmed+3,222,a,0.0924
SARS-CoV2-5UTR-Amplicon-short-trimmed+3,223,g,0.3574
SARS-CoV2-5UTR-Amplicon-short-trimmed+3,224,c,0.0799
SARS-CoV2-5UTR-Amplicon-short-trimmed+3,225,c,0.0842
SARS-CoV2-5UTR-Amplicon-short-trimmed+3,226,t,0.0798
SARS-CoV2-5UTR-Amplicon-short-trimmed+3,227,t,0.375
SARS-CoV2-5UTR-Amplicon-short-trimmed+3,228,g,0.0847
SARS-CoV2-5UTR-Amplicon-short-trimmed+3,229,t,0.1576
SARS-CoV2-5UTR-Amplicon-short-trimmed+3,230,c,0.0719
SARS-CoV2-5UTR-Amplicon-short-trimmed+3,231,c,0.0601
SARS-CoV2-5UTR-Amplicon-short-trimmed+3,232,c,0.098
SARS-CoV2-5UTR-Amplicon-short-trimmed+3,233,t,0.231
SARS-CoV2-5UTR-Amplicon-short-trimmed+3,234,g,0.2482
SARS-CoV2-5UTR-Amplicon-short-trimmed+3,235,g,0.2477
SARS-CoV2-5UTR-Amplicon-short-trimmed+3,236,t,0.0761
SARS-CoV2-5UTR-Amplicon-short-trimmed+3,237,t,0.0752
SARS-CoV2-5UTR-Amplicon-short-trimmed+3,238,t,0.1611
SARS-CoV2-5UTR-Amplicon-short-trimmed+3,239,c,0.6185
SARS-CoV2-5UTR-Amplicon-short-trimmed+3,240,a,0.1026
SARS-CoV2-5UTR-Amplicon-short-trimmed+3,241,a,0.0852
SARS-CoV2-5UTR-Amplicon-short-trimmed+3,242,c,0.0733
SARS-CoV2-5UTR-Amplicon-short-trimmed+3,243,g,0.0448
SARS-CoV2-5UTR-Amplicon-short-trimmed+3,244,a,0.2118
SARS-CoV2-5UTR-Amplicon-short-trimmed+3,245,g,0
SARS-CoV2-5UTR-Amplicon-short-trimmed+3,246,g,0
SARS-CoV2-5UTR-Amplicon-short-trimmed+3,247,G,0
SARS-CoV2-5UTR-Amplicon-short-trimmed+3,248,A,0
SARS-CoV2-5UTR-Amplicon-short-trimmed+3,249,G,0
