Region,Position,Ref_base,Mut_percentage
SARS-CoV2-5UTR-Amplicon-short-trimmed+3,1,T,0
SARS-CoV2-5UTR-Amplicon-short-trimmed+3,2,T,0
SARS-CoV2-5UTR-Amplicon-short-trimmed+3,3,G,0
SARS-CoV2-5UTR-Amplicon-short-trimmed+3,4,t,0
SARS-CoV2-5UTR-Amplicon-short-trimmed+3,5,a,0
SARS-CoV2-5UTR-Amplicon-short-trimmed+3,6,g,0.0782
SARS-CoV2-5UTR-Amplicon-short-trimmed+3,7,a,0.0207
SARS-CoV2-5UTR-Amplicon-short-trimmed+3,8,t,0.0675
SARS-CoV2-5UTR-Amplicon-short-trimmed+3,9,c,0.0566
SARS-CoV2-5UTR-Amplicon-short-trimmed+3,10,t,0.0311
SARS-CoV2-5UTR-Amplicon-short-trimmed+3,11,g,0.282
SARS-CoV2-5UTR-Amplicon-short-trimmed+3,12,t,0.0631
SARS-CoV2-5UTR-Amplicon-short-trimmed+3,13,t,0.0661
SARS-CoV2-5UTR-Amplicon-short-trimmed+3,14,c,0.0744
SARS-CoV2-5UTR-Amplicon-short-trimmed+3,15,t,0.116
SARS-CoV2-5UTR-Amplicon-short-trimmed+3,16,c,0.0625
SARS-CoV2-5UTR-Amplicon-short-trimmed+3,17,t,0.0387
SARS-CoV2-5UTR-Amplicon-short-trimmed+3,18,a,0.0888
SARS-CoV2-5UTR-Amplicon-short-trimmed+3,19,a,0.0338
SARS-CoV2-5UTR-Amplicon-short-trimmed+3,20,a,0.0427
SARS-CoV2-5UTR-Amplicon-short-trimmed+3,21,c,0.0546
SARS-CoV2-5UTR-Amplicon-short-trimmed+3,22,g,0.0848
SARS-CoV2-5UTR-Amplicon-short-trimmed+3,23,a,0.0191
SARS-CoV2-5UTR-Amplicon-short-trimmed+3,24,a,0.0471
SARS-CoV2-5UTR-Amplicon-short-trimmed+3,25,c,1.6182
SARS-CoV2-5UTR-Amplicon-short-trimmed+3,26,t,0.2214
SARS-CoV2-5UTR-Amplicon-short-trimmed+3,27,t,0.1295
SARS-CoV2-5UTR-Amplicon-short-trimmed+3,28,t,0.0302
SARS-CoV2-5UTR-Amplicon-short-trimmed+3,29,a,0.1023
SARS-CoV2-5UTR-Amplicon-short-trimmed+3,30,a,0.0528
SARS-CoV2-5UTR-Amplicon-short-trimmed+3,31,a,0.0749
SARS-CoV2-5UTR-Amplicon-short-trimmed+3,32,a,0.0351
SARS-CoV2-5UTR-Amplicon-short-trimmed+3,33,t,0.0723
SARS-CoV2-5UTR-Amplicon-short-trimmed+3,34,c,0.0423
SARS-CoV2-5UTR-Amplicon-short-trimmed+3,35,t,0.1311
SARS-CoV2-5UTR-Amplicon-short-trimmed+3,36,g,0.2866
SARS-CoV2-5UTR-Amplicon-short-trimmed+3,37,t,0.0831
SARS-CoV2-5UTR-Amplicon-short-trimmed+3,38,g,0.125
SARS-CoV2-5UTR-Amplicon-short-trimmed+3,39,t,0.0627
SARS-CoV2-5UTR-Amplicon-short-trimmed+3,40,g,0.1837
SARS-CoV2-5UTR-Amplicon-short-trimmed+3,41,g,0.237
SARS-CoV2-5UTR-Amplicon-short-trimmed+3,42,c,0.0772
SARS-CoV2-5UTR-Amplicon-short-trimmed+3,43,t,0.1522
SARS-CoV2-5UTR-Amplicon-short-trimmed+3,44,g,0.1885
SARS-CoV2-5UTR-Amplicon-short-trimmed+3,45,t,0.1333
SARS-CoV2-5UTR-Amplicon-short-trimmed+3,46,c,0.0491
SARS-CoV2-5UTR-Amplicon-short-trimmed+3,47,a,0.0449
SARS-CoV2-5UTR-Amplicon-short-trimmed+3,48,c,0.0523
SARS-CoV2-5UTR-Amplicon-short-trimmed+3,49,t,0.0653
SARS-CoV2-5UTR-Amplicon-short-trimmed+3,50,c,0.0869
SARS-CoV2-5UTR-Amplicon-short-trimmed+3,51,g,0.2364
SARS-CoV2-5UTR-Amplicon-short-trimmed+3,52,g,0.3217
SARS-CoV2-5UTR-Amplicon-short-trimmed+3,53,c,0.1715
SARS-CoV2-5UTR-Amplicon-short-trimmed+3,54,t,0.121
SARS-CoV2-5UTR-Amplicon-short-trimmed+3,55,g,0.2339
SARS-CoV2-5UTR-Amplicon-short-trimmed+3,56,c,0.09
SARS-CoV2-5UTR-Amplicon-short-trimmed+3,57,g,0.2819
SARS-CoV2-5UTR-Amplicon-short-trimmed+3,58,t,0.0761
SARS-CoV2-5UTR-Amplicon-short-trimmed+3,59,g,0.2282
SARS-CoV2-5UTR-Amplicon-short-trimmed+3,60,c,0.0733
SARS-CoV2-5UTR-Amplicon-short-trimmed+3,61,t,0.1035
SARS-CoV2-5UTR-Amplicon-short-trimmed+3,62,t,0.0902
SARS-CoV2-5UTR-Amplicon-short-trimmed+3,63,a,0.0897
SARS-CoV2-5UTR-Amplicon-short-trimmed+3,64,g,0.1204
SARS-CoV2-5UTR-Amplicon-short-trimmed+3,65,t,0.0481
SARS-CoV2-5UTR-Amplicon-short-trimmed+3,66,g,0.2361
SARS-CoV2-5UTR-Amplicon-short-trimmed+3,67,c,0.1691
SARS-CoV2-5UTR-Amplicon-short-trimmed+3,68,a,0.0616
SARS-CoV2-5UTR-Amplicon-short-trimmed+3,69,c,0.0721
SARS-CoV2-5UTR-Amplicon-short-trimmed+3,70,t,0.0655
SARS-CoV2-5UTR-Amplicon-short-trimmed+3,71,c,0.0627
SARS-CoV2-5UTR-Amplicon-short-trimmed+3,72,a,0.0782
SARS-CoV2-5UTR-Amplicon-short-trimmed+3,73,c,0.0798
SARS-CoV2-5UTR-Amplicon-short-trimmed+3,74,g,0.2375
SARS-CoV2-5UTR-Amplicon-short-trimmed+3,75,c,0.04
SARS-CoV2-5UTR-Amplicon-short-trimmed+3,76,a,0.0955
SARS-CoV2-5UTR-Amplicon-short-trimmed+3,77,g,0.1221
SARS-CoV2-5UTR-Amplicon-short-trimmed+3,78,t,0.045
SARS-CoV2-5UTR-Amplicon-short-trimmed+3,79,a,0.0371
SARS-CoV2-5UTR-Amplicon-short-trimmed+3,80,t,0.0257
SARS-CoV2-5UTR-Amplicon-short-trimmed+3,81,a,0.0374
SARS-CoV2-5UTR-Amplicon-short-trimmed+3,82,a,0.0631
SARS-CoV2-5UTR-Amplicon-short-trimmed+3,83,t,0.0345
SARS-CoV2-5UTR-Amplicon-short-trimmed+3,84,t,0.0655
SARS-CoV2-5UTR-Amplicon-short-trimmed+3,85,a,0.0858
SARS-CoV2-5UTR-Amplicon-short-trimmed+3,86,a,0.0641
SARS-CoV2-5UTR-Amplicon-short-trimmed+3,87,t,0.0354
SARS-CoV2-5UTR-Amplicon-short-trimmed+3,88,a,0.0487
SARS-CoV2-5UTR-Amplicon-short-trimmed+3,89,a,0.0589
SARS-CoV2-5UTR-Amplicon-short-trimmed+3,90,c,0.3133
SARS-CoV2-5UTR-Amplicon-short-trimmed+3,91,t,0.0959
SARS-CoV2-5UTR-Amplicon-short-trimmed+3,92,a,0.0458
SARS-CoV2-5UTR-Amplicon-short-trimmed+3,93,a,0.0469
SARS-CoV2-5UTR-Amplicon-short-trimmed+3,94,t,0.0485
SARS-CoV2-5UTR-Amplicon-short-trimmed+3,95,t,0.0432
SARS-CoV2-5UTR-Amplicon-short-trimmed+3,96,a,0.0401
SARS-CoV2-5UTR-Amplicon-short-trimmed+3,97,c,0.0465
SARS-CoV2-5UTR-Amplicon-short-trimmed+3,98,t,0.3026
SARS-CoV2-5UTR-Amplicon-short-trimmed+3,99,g,0.1932
SARS-CoV2-5UTR-Amplicon-short-trimmed+3,100,t,0.1053
SARS-CoV2-5UTR-Amplicon-short-trimmed+3,101,c,0.1078
SARS-CoV2-5UTR-Amplicon-short-trimmed+3,102,g,0.2245
SARS-CoV2-5UTR-Amplicon-short-trimmed+3,103,t,0.067
SARS-CoV2-5UTR-Amplicon-short-trimmed+3,104,t,0.1149
SARS-CoV2-5UTR-Amplicon-short-trimmed+3,105,g,0.0992
SARS-CoV2-5UTR-Amplicon-short-trimmed+3,106,a,0.0698
SARS-CoV2-5UTR-Amplicon-short-trimmed+3,107,c,0.112
SARS-CoV2-5UTR-Amplicon-short-trimmed+3,108,a,0.1122
SARS-CoV2-5UTR-Amplicon-short-trimmed+3,109,g,0.1629
SARS-CoV2-5UTR-Amplicon-short-trimmed+3,110,g,0.1178
SARS-CoV2-5UTR-Amplicon-short-trimmed+3,111,a,0.0625
SARS-CoV2-5UTR-Amplicon-short-trimmed+3,112,c,0.0832
SARS-CoV2-5UTR-Amplicon-short-trimmed+3,113,a,0.0593
SARS-CoV2-5UTR-Amplicon-short-trimmed+3,114,c,0.0996
SARS-CoV2-5UTR-Amplicon-short-trimmed+3,115,g,0.0829
SARS-CoV2-5UTR-Amplicon-short-trimmed+3,116,a,0.089
SARS-CoV2-5UTR-Amplicon-short-trimmed+3,117,g,0.1074
SARS-CoV2-5UTR-Amplicon-short-trimmed+3,118,t,0.1446
SARS-CoV2-5UTR-Amplicon-short-trimmed+3,119,a,0.1415
SARS-CoV2-5UTR-Amplicon-short-trimmed+3,120,a,0.1087
SARS-CoV2-5UTR-Amplicon-short-trimmed+3,121,c,0.1829
SARS-CoV2-5UTR-Amplicon-short-trimmed+3,122,t,0.2134
SARS-CoV2-5UTR-Amplicon-short-trimmed+3,123,c,0.2306
SARS-CoV2-5UTR-Amplicon-short-trimmed+3,124,g,0.2877
SARS-CoV2-5UTR-Amplicon-short-trimmed+3,125,t,0.3089
SARS-CoV2-5UTR-Amplicon-short-trimmed+3,126,c,0.1333
SARS-CoV2-5UTR-Amplicon-short-trimmed+3,127,t,0.0798
SARS-CoV2-5UTR-Amplicon-short-trimmed+3,128,a,0.1203
SARS-CoV2-5UTR-Amplicon-short-trimmed+3,129,t,0.4702
SARS-CoV2-5UTR-Amplicon-short-trimmed+3,130,c,0.0729
SARS-CoV2-5UTR-Amplicon-short-trimmed+3,131,t,0.1164
SARS-CoV2-5UTR-Amplicon-short-trimmed+3,132,t,0.1674
SARS-CoV2-5UTR-Amplicon-short-trimmed+3,133,c,0.2535
SARS-CoV2-5UTR-Amplicon-short-trimmed+3,134,t,0.2209
SARS-CoV2-5UTR-Amplicon-short-trimmed+3,135,g,0.2479
SARS-CoV2-5UTR-Amplicon-short-trimmed+3,136,c,0.465
SARS-CoV2-5UTR-Amplicon-short-trimmed+3,137,a,0.303
SARS-CoV2-5UTR-Amplicon-short-trimmed+3,138,g,0.1863
SARS-CoV2-5UTR-Amplicon-short-trimmed+3,139,g,0.4081
SARS-CoV2-5UTR-Amplicon-short-trimmed+3,140,c,0.2336
SARS-CoV2-5UTR-Amplicon-short-trimmed+3,141,t,0.38
SARS-CoV2-5UTR-Amplicon-short-trimmed+3,142,g,0.4397
SARS-CoV2-5UTR-Amplicon-short-trimmed+3,143,c,0.1232
SARS-CoV2-5UTR-Amplicon-short-trimmed+3,144,t,0.1131
SARS-CoV2-5UTR-Amplicon-short-trimmed+3,145,t,0.1509
SARS-CoV2-5UTR-Amplicon-short-trimmed+3,146,a,0.2028
SARS-CoV2-5UTR-Amplicon-short-trimmed+3,147,c,0.2006
SARS-CoV2-5UTR-Amplicon-short-trimmed+3,148,g,0.4924
SARS-CoV2-5UTR-Amplicon-short-trimmed+3,149,g,0.2737
SARS-CoV2-5UTR-Amplicon-short-trimmed+3,150,t,0.1745
SARS-CoV2-5UTR-Amplicon-short-trimmed+3,151,t,0.1526
SARS-CoV2-5UTR-Amplicon-short-trimmed+3,152,t,0.2324
SARS-CoV2-5UTR-Amplicon-short-trimmed+3,153,c,0.3032
SARS-CoV2-5UTR-Amplicon-short-trimmed+3,154,g,0.1914
SARS-CoV2-5UTR-Amplicon-short-trimmed+3,155,t,0.3287
SARS-CoV2-5UTR-Amplicon-short-trimmed+3,156,c,0.241
SARS-CoV2-5UTR-Amplicon-short-trimmed+3,157,c,0.2413
SARS-CoV2-5UTR-Amplicon-short-trimmed+3,158,g,0.2273
SARS-CoV2-5UTR-Amplicon-short-trimmed+3,159,t,1.2272
SARS-CoV2-5UTR-Amplicon-short-trimmed+3,160,g,0.1601
SARS-CoV2-5UTR-Amplicon-short-trimmed+3,161,t,0.1466
SARS-CoV2-5UTR-Amplicon-short-trimmed+3,162,t,0.1802
SARS-CoV2-5UTR-Amplicon-short-trimmed+3,163,g,0.1773
SARS-CoV2-5UTR-Amplicon-short-trimmed+3,164,c,0.3224
SARS-CoV2-5UTR-Amplicon-short-trimmed+3,165,a,0.5083
SARS-CoV2-5UTR-Amplicon-short-trimmed+3,166,g,0.7666
SARS-CoV2-5UTR-Amplicon-short-trimmed+3,167,c,0.3228
SARS-CoV2-5UTR-Amplicon-short-trimmed+3,168,c,0.5903
SARS-CoV2-5UTR-Amplicon-short-trimmed+3,169,g,0.1108
SARS-CoV2-5UTR-Amplicon-short-trimmed+3,170,a,0.1234
SARS-CoV2-5UTR-Amplicon-short-trimmed+3,171,t,0.1223
SARS-CoV2-5UTR-Amplicon-short-trimmed+3,172,c,0.1836
SARS-CoV2-5UTR-Amplicon-short-trimmed+3,173,a,0.0587
SARS-CoV2-5UTR-Amplicon-short-trimmed+3,174,t,0.08
SARS-CoV2-5UTR-Amplicon-short-trimmed+3,175,c,0.2303
SARS-CoV2-5UTR-Amplicon-short-trimmed+3,176,a,0.1468
SARS-CoV2-5UTR-Amplicon-short-trimmed+3,177,g,0.2424
SARS-CoV2-5UTR-Amplicon-short-trimmed+3,178,c,0.6232
SARS-CoV2-5UTR-Amplicon-short-trimmed+3,179,a,0.1144
SARS-CoV2-5UTR-Amplicon-short-trimmed+3,180,c,0.101
SARS-CoV2-5UTR-Amplicon-short-trimmed+3,181,a,0.0932
SARS-CoV2-5UTR-Amplicon-short-trimmed+3,182,t,0.1572
SARS-CoV2-5UTR-Amplicon-short-trimmed+3,183,c,0.086
SARS-CoV2-5UTR-Amplicon-short-trimmed+3,184,t,0.119
SARS-CoV2-5UTR-Amplicon-short-trimmed+3,185,a,0.3151
SARS-CoV2-5UTR-Amplicon-short-trimmed+3,186,g,0.2672
SARS-CoV2-5UTR-Amplicon-short-trimmed+3,187,g,0.2413
SARS-CoV2-5UTR-Amplicon-short-trimmed+3,188,t,0.1645
SARS-CoV2-5UTR-Amplicon-short-trimmed+3,189,t,0.3029
SARS-CoV2-5UTR-Amplicon-short-trimmed+3,190,t,0.3889
SARS-CoV2-5UTR-Amplicon-short-trimmed+3,191,c,0.2573
SARS-CoV2-5UTR-Amplicon-short-trimmed+3,192,g,0.2215
SARS-CoV2-5UTR-Amplicon-short-trimmed+3,193,t,1.0597
SARS-CoV2-5UTR-Amplicon-short-trimmed+3,194,c,0.1715
SARS-CoV2-5UTR-Amplicon-short-trimmed+3,195,c,0.2122
SARS-CoV2-5UTR-Amplicon-short-trimmed+3,196,g,0.4754
SARS-CoV2-5UTR-Amplicon-short-trimmed+3,197,g,0.2831
SARS-CoV2-5UTR-Amplicon-short-trimmed+3,198,g,0.6066
SARS-CoV2-5UTR-Amplicon-short-trimmed+3,199,t,0.2838
SARS-CoV2-5UTR-Amplicon-short-trimmed+3,200,g,0.1561
SARS-CoV2-5UTR-Amplicon-short-trimmed+3,201,t,0.123
SARS-CoV2-5UTR-Amplicon-short-trimmed+3,202,g,0.1247
SARS-CoV2-5UTR-Amplicon-short-trimmed+3,203,a,0.3001
SARS-CoV2-5UTR-Amplicon-short-trimmed+3,204,c,0.1226
SARS-CoV2-5UTR-Amplicon-short-trimmed+3,205,c,0.1058
SARS-CoV2-5UTR-Amplicon-short-trimmed+3,206,g,0.1859
SARS-CoV2-5UTR-Amplicon-short-trimmed+3,207,a,0.1388
SARS-CoV2-5UTR-Amplicon-short-trimmed+3,208,a,0.0768
SARS-CoV2-5UTR-Amplicon-short-trimmed+3,209,a,0.189
SARS-CoV2-5UTR-Amplicon-short-trimmed+3,210,g,0.2583
SARS-CoV2-5UTR-Amplicon-short-trimmed+3,211,g,0.2179
SARS-CoV2-5UTR-Amplicon-short-trimmed+3,212,t,0.1296
SARS-CoV2-5UTR-Amplicon-short-trimmed+3,213,a,0.0719
SARS-CoV2-5UTR-Amplicon-short-trimmed+3,214,a,0.0934
SARS-CoV2-5UTR-Amplicon-short-trimmed+3,215,g,0.1012
SARS-CoV2-5UTR-Amplicon-short-trimmed+3,216,a,0.0627
SARS-CoV2-5UTR-Amplicon-short-trimmed+3,217,t,0.1762
SARS-CoV2-5UTR-Amplicon-short-trimmed+3,218,g,0.1632
SARS-CoV2-5UTR-Amplicon-short-trimmed+3,219,g,0.1018
SARS-CoV2-5UTR-Amplicon-short-trimmed+3,220,a,0.2721
SARS-CoV2-5UTR-Amplicon-short-trimmed+3,221,g,0.166
SARS-CoV2-5UTR-Amplicon-short-trimmed+3,222,a,0.0849
SARS-CoV2-5UTR-Amplicon-short-trimmed+3,223,g,0.325
SARS-CoV2-5UTR-Amplicon-short-trimmed+3,224,c,0.0881
SARS-CoV2-5UTR-Amplicon-short-trimmed+3,225,c,0.0668
SARS-CoV2-5UTR-Amplicon-short-trimmed+3,226,t,0.0869
SARS-CoV2-5UTR-Amplicon-short-trimmed+3,227,t,0.3001
SARS-CoV2-5UTR-Amplicon-short-trimmed+3,228,g,0.0875
SARS-CoV2-5UTR-Amplicon-short-trimmed+3,229,t,0.1374
SARS-CoV2-5UTR-Amplicon-short-trimmed+3,230,c,0.0779
SARS-CoV2-5UTR-Amplicon-short-trimmed+3,231,c,0.0645
SARS-CoV2-5UTR-Amplicon-short-trimmed+3,232,c,0.106
SARS-CoV2-5UTR-Amplicon-short-trimmed+3,233,t,0.2339
SARS-CoV2-5UTR-Amplicon-short-trimmed+3,234,g,0.261
SARS-CoV2-5UTR-Amplicon-short-trimmed+3,235,g,0.2381
SARS-CoV2-5UTR-Amplicon-short-trimmed+3,236,t,0.0858
SARS-CoV2-5UTR-Amplicon-short-trimmed+3,237,t,0.0616
SARS-CoV2-5UTR-Amplicon-short-trimmed+3,238,t,0.1144
SARS-CoV2-5UTR-Amplicon-short-trimmed+3,239,c,0.6805
SARS-CoV2-5UTR-Amplicon-short-trimmed+3,240,a,0.0929
SARS-CoV2-5UTR-Amplicon-short-trimmed+3,241,a,0.0724
SARS-CoV2-5UTR-Amplicon-short-trimmed+3,242,c,0.0862
SARS-CoV2-5UTR-Amplicon-short-trimmed+3,243,g,0.0456
SARS-CoV2-5UTR-Amplicon-short-trimmed+3,244,a,0.2111
SARS-CoV2-5UTR-Amplicon-short-trimmed+3,245,g,0
SARS-CoV2-5UTR-Amplicon-short-trimmed+3,246,g,0
SARS-CoV2-5UTR-Amplicon-short-trimmed+3,247,G,0
SARS-CoV2-5UTR-Amplicon-short-trimmed+3,248,A,0
SARS-CoV2-5UTR-Amplicon-short-trimmed+3,249,G,0
