Region,Position,Ref_base,Mut_percentage
SARS-CoV2-5UTR-Amplicon-short-trimmed+3,1,T,0
SARS-CoV2-5UTR-Amplicon-short-trimmed+3,2,T,0
SARS-CoV2-5UTR-Amplicon-short-trimmed+3,3,G,0
SARS-CoV2-5UTR-Amplicon-short-trimmed+3,4,t,0
SARS-CoV2-5UTR-Amplicon-short-trimmed+3,5,a,0
SARS-CoV2-5UTR-Amplicon-short-trimmed+3,6,g,0.0611
SARS-CoV2-5UTR-Amplicon-short-trimmed+3,7,a,0.0216
SARS-CoV2-5UTR-Amplicon-short-trimmed+3,8,t,0.0252
SARS-CoV2-5UTR-Amplicon-short-trimmed+3,9,c,0.0257
SARS-CoV2-5UTR-Amplicon-short-trimmed+3,10,t,0.0224
SARS-CoV2-5UTR-Amplicon-short-trimmed+3,11,g,0.1645
SARS-CoV2-5UTR-Amplicon-short-trimmed+3,12,t,0.0391
SARS-CoV2-5UTR-Amplicon-short-trimmed+3,13,t,0.0451
SARS-CoV2-5UTR-Amplicon-short-trimmed+3,14,c,0.0387
SARS-CoV2-5UTR-Amplicon-short-trimmed+3,15,t,0.0757
SARS-CoV2-5UTR-Amplicon-short-trimmed+3,16,c,0.0629
SARS-CoV2-5UTR-Amplicon-short-trimmed+3,17,t,0.0287
SARS-CoV2-5UTR-Amplicon-short-trimmed+3,18,a,0.0704
SARS-CoV2-5UTR-Amplicon-short-trimmed+3,19,a,0.018
SARS-CoV2-5UTR-Amplicon-short-trimmed+3,20,a,0.0239
SARS-CoV2-5UTR-Amplicon-short-trimmed+3,21,c,0.0332
SARS-CoV2-5UTR-Amplicon-short-trimmed+3,22,g,0.0464
SARS-CoV2-5UTR-Amplicon-short-trimmed+3,23,a,0.0141
SARS-CoV2-5UTR-Amplicon-short-trimmed+3,24,a,0.014
SARS-CoV2-5UTR-Amplicon-short-trimmed+3,25,c,0.4119
SARS-CoV2-5UTR-Amplicon-short-trimmed+3,26,t,0.0987
SARS-CoV2-5UTR-Amplicon-short-trimmed+3,27,t,0.1044
SARS-CoV2-5UTR-Amplicon-short-trimmed+3,28,t,0.0187
SARS-CoV2-5UTR-Amplicon-short-trimmed+3,29,a,0.0342
SARS-CoV2-5UTR-Amplicon-short-trimmed+3,30,a,0.0271
SARS-CoV2-5UTR-Amplicon-short-trimmed+3,31,a,0.0769
SARS-CoV2-5UTR-Amplicon-short-trimmed+3,32,a,0.0303
SARS-CoV2-5UTR-Amplicon-short-trimmed+3,33,t,0.0442
SARS-CoV2-5UTR-Amplicon-short-trimmed+3,34,c,0.0335
SARS-CoV2-5UTR-Amplicon-short-trimmed+3,35,t,0.0345
SARS-CoV2-5UTR-Amplicon-short-trimmed+3,36,g,0.0408
SARS-CoV2-5UTR-Amplicon-short-trimmed+3,37,t,0.0496
SARS-CoV2-5UTR-Amplicon-short-trimmed+3,38,g,0.0323
SARS-CoV2-5UTR-Amplicon-short-trimmed+3,39,t,0.0453
SARS-CoV2-5UTR-Amplicon-short-trimmed+3,40,g,0.0436
SARS-CoV2-5UTR-Amplicon-short-trimmed+3,41,g,0.0716
SARS-CoV2-5UTR-Amplicon-short-trimmed+3,42,c,0.0461
SARS-CoV2-5UTR-Amplicon-short-trimmed+3,43,t,0.1272
SARS-CoV2-5UTR-Amplicon-short-trimmed+3,44,g,0.0703
SARS-CoV2-5UTR-Amplicon-short-trimmed+3,45,t,0.0891
SARS-CoV2-5UTR-Amplicon-short-trimmed+3,46,c,0.0348
SARS-CoV2-5UTR-Amplicon-short-trimmed+3,47,a,0.0339
SARS-CoV2-5UTR-Amplicon-short-trimmed+3,48,c,0.0373
SARS-CoV2-5UTR-Amplicon-short-trimmed+3,49,t,0.0434
SARS-CoV2-5UTR-Amplicon-short-trimmed+3,50,c,0.0386
SARS-CoV2-5UTR-Amplicon-short-trimmed+3,51,g,0.0758
SARS-CoV2-5UTR-Amplicon-short-trimmed+3,52,g,0.0862
SARS-CoV2-5UTR-Amplicon-short-trimmed+3,53,c,0.1313
SARS-CoV2-5UTR-Amplicon-short-trimmed+3,54,t,0.0645
SARS-CoV2-5UTR-Amplicon-short-trimmed+3,55,g,0.1703
SARS-CoV2-5UTR-Amplicon-short-trimmed+3,56,c,0.0534
SARS-CoV2-5UTR-Amplicon-short-trimmed+3,57,g,0.1799
SARS-CoV2-5UTR-Amplicon-short-trimmed+3,58,t,0.0609
SARS-CoV2-5UTR-Amplicon-short-trimmed+3,59,g,0.1036
SARS-CoV2-5UTR-Amplicon-short-trimmed+3,60,c,0.0529
SARS-CoV2-5UTR-Amplicon-short-trimmed+3,61,t,0.0714
SARS-CoV2-5UTR-Amplicon-short-trimmed+3,62,t,0.0398
SARS-CoV2-5UTR-Amplicon-short-trimmed+3,63,a,0.0379
SARS-CoV2-5UTR-Amplicon-short-trimmed+3,64,g,0.0479
SARS-CoV2-5UTR-Amplicon-short-trimmed+3,65,t,0.0247
SARS-CoV2-5UTR-Amplicon-short-trimmed+3,66,g,0.1
SARS-CoV2-5UTR-Amplicon-short-trimmed+3,67,c,0.0749
SARS-CoV2-5UTR-Amplicon-short-trimmed+3,68,a,0.0582
SARS-CoV2-5UTR-Amplicon-short-trimmed+3,69,c,0.048
SARS-CoV2-5UTR-Amplicon-short-trimmed+3,70,t,0.0358
SARS-CoV2-5UTR-Amplicon-short-trimmed+3,71,c,0.0475
SARS-CoV2-5UTR-Amplicon-short-trimmed+3,72,a,0.045
SARS-CoV2-5UTR-Amplicon-short-trimmed+3,73,c,0.0443
SARS-CoV2-5UTR-Amplicon-short-trimmed+3,74,g,0.0707
SARS-CoV2-5UTR-Amplicon-short-trimmed+3,75,c,0.0198
SARS-CoV2-5UTR-Amplicon-short-trimmed+3,76,a,0.089
SARS-CoV2-5UTR-Amplicon-short-trimmed+3,77,g,0.0453
SARS-CoV2-5UTR-Amplicon-short-trimmed+3,78,t,0.0416
SARS-CoV2-5UTR-Amplicon-short-trimmed+3,79,a,0.047
SARS-CoV2-5UTR-Amplicon-short-trimmed+3,80,t,0.0216
SARS-CoV2-5UTR-Amplicon-short-trimmed+3,81,a,0.0418
SARS-CoV2-5UTR-Amplicon-short-trimmed+3,82,a,0.0661
SARS-CoV2-5UTR-Amplicon-short-trimmed+3,83,t,0.0339
SARS-CoV2-5UTR-Amplicon-short-trimmed+3,84,t,0.0734
SARS-CoV2-5UTR-Amplicon-short-trimmed+3,85,a,0.071
SARS-CoV2-5UTR-Amplicon-short-trimmed+3,86,a,0.058
SARS-CoV2-5UTR-Amplicon-short-trimmed+3,87,t,0.0258
SARS-CoV2-5UTR-Amplicon-short-trimmed+3,88,a,0.0488
SARS-CoV2-5UTR-Amplicon-short-trimmed+3,89,a,0.0531
SARS-CoV2-5UTR-Amplicon-short-trimmed+3,90,c,0.306
SARS-CoV2-5UTR-Amplicon-short-trimmed+3,91,t,0.0921
SARS-CoV2-5UTR-Amplicon-short-trimmed+3,92,a,0.044
SARS-CoV2-5UTR-Amplicon-short-trimmed+3,93,a,0.0457
SARS-CoV2-5UTR-Amplicon-short-trimmed+3,94,t,0.0434
SARS-CoV2-5UTR-Amplicon-short-trimmed+3,95,t,0.0452
SARS-CoV2-5UTR-Amplicon-short-trimmed+3,96,a,0.041
SARS-CoV2-5UTR-Amplicon-short-trimmed+3,97,c,0.0348
SARS-CoV2-5UTR-Amplicon-short-trimmed+3,98,t,0.2773
SARS-CoV2-5UTR-Amplicon-short-trimmed+3,99,g,0.0874
SARS-CoV2-5UTR-Amplicon-short-trimmed+3,100,t,0.0789
SARS-CoV2-5UTR-Amplicon-short-trimmed+3,101,c,0.0445
SARS-CoV2-5UTR-Amplicon-short-trimmed+3,102,g,0.0806
SARS-CoV2-5UTR-Amplicon-short-trimmed+3,103,t,0.0649
SARS-CoV2-5UTR-Amplicon-short-trimmed+3,104,t,0.1105
SARS-CoV2-5UTR-Amplicon-short-trimmed+3,105,g,0.075
SARS-CoV2-5UTR-Amplicon-short-trimmed+3,106,a,0.0556
SARS-CoV2-5UTR-Amplicon-short-trimmed+3,107,c,0.0509
SARS-CoV2-5UTR-Amplicon-short-trimmed+3,108,a,0.0815
SARS-CoV2-5UTR-Amplicon-short-trimmed+3,109,g,0.0851
SARS-CoV2-5UTR-Amplicon-short-trimmed+3,110,g,0.1013
SARS-CoV2-5UTR-Amplicon-short-trimmed+3,111,a,0.0482
SARS-CoV2-5UTR-Amplicon-short-trimmed+3,112,c,0.0753
SARS-CoV2-5UTR-Amplicon-short-trimmed+3,113,a,0.0751
SARS-CoV2-5UTR-Amplicon-short-trimmed+3,114,c,0.0693
SARS-CoV2-5UTR-Amplicon-short-trimmed+3,115,g,0.0542
SARS-CoV2-5UTR-Amplicon-short-trimmed+3,116,a,0.0707
SARS-CoV2-5UTR-Amplicon-short-trimmed+3,117,g,0.0478
SARS-CoV2-5UTR-Amplicon-short-trimmed+3,118,t,0.1681
SARS-CoV2-5UTR-Amplicon-short-trimmed+3,119,a,0.1748
SARS-CoV2-5UTR-Amplicon-short-trimmed+3,120,a,0.1191
SARS-CoV2-5UTR-Amplicon-short-trimmed+3,121,c,0.194
SARS-CoV2-5UTR-Amplicon-short-trimmed+3,122,t,0.2145
SARS-CoV2-5UTR-Amplicon-short-trimmed+3,123,c,0.2202
SARS-CoV2-5UTR-Amplicon-short-trimmed+3,124,g,0.1657
SARS-CoV2-5UTR-Amplicon-short-trimmed+3,125,t,0.2467
SARS-CoV2-5UTR-Amplicon-short-trimmed+3,126,c,0.1292
SARS-CoV2-5UTR-Amplicon-short-trimmed+3,127,t,0.0906
SARS-CoV2-5UTR-Amplicon-short-trimmed+3,128,a,0.1356
SARS-CoV2-5UTR-Amplicon-short-trimmed+3,129,t,0.5366
SARS-CoV2-5UTR-Amplicon-short-trimmed+3,130,c,0.0797
SARS-CoV2-5UTR-Amplicon-short-trimmed+3,131,t,0.1185
SARS-CoV2-5UTR-Amplicon-short-trimmed+3,132,t,0.1674
SARS-CoV2-5UTR-Amplicon-short-trimmed+3,133,c,0.2933
SARS-CoV2-5UTR-Amplicon-short-trimmed+3,134,t,0.2255
SARS-CoV2-5UTR-Amplicon-short-trimmed+3,135,g,0.0968
SARS-CoV2-5UTR-Amplicon-short-trimmed+3,136,c,0.3808
SARS-CoV2-5UTR-Amplicon-short-trimmed+3,137,a,0.2361
SARS-CoV2-5UTR-Amplicon-short-trimmed+3,138,g,0.0721
SARS-CoV2-5UTR-Amplicon-short-trimmed+3,139,g,0.2385
SARS-CoV2-5UTR-Amplicon-short-trimmed+3,140,c,0.0963
SARS-CoV2-5UTR-Amplicon-short-trimmed+3,141,t,0.3075
SARS-CoV2-5UTR-Amplicon-short-trimmed+3,142,g,0.4132
SARS-CoV2-5UTR-Amplicon-short-trimmed+3,143,c,0.0635
SARS-CoV2-5UTR-Amplicon-short-trimmed+3,144,t,0.1
SARS-CoV2-5UTR-Amplicon-short-trimmed+3,145,t,0.1421
SARS-CoV2-5UTR-Amplicon-short-trimmed+3,146,a,0.1984
SARS-CoV2-5UTR-Amplicon-short-trimmed+3,147,c,0.1355
SARS-CoV2-5UTR-Amplicon-short-trimmed+3,148,g,0.3312
SARS-CoV2-5UTR-Amplicon-short-trimmed+3,149,g,0.0847
SARS-CoV2-5UTR-Amplicon-short-trimmed+3,150,t,0.1424
SARS-CoV2-5UTR-Amplicon-short-trimmed+3,151,t,0.1402
SARS-CoV2-5UTR-Amplicon-short-trimmed+3,152,t,0.2327
SARS-CoV2-5UTR-Amplicon-short-trimmed+3,153,c,0.2279
SARS-CoV2-5UTR-Amplicon-short-trimmed+3,154,g,0.077
SARS-CoV2-5UTR-Amplicon-short-trimmed+3,155,t,0.2665
SARS-CoV2-5UTR-Amplicon-short-trimmed+3,156,c,0.133
SARS-CoV2-5UTR-Amplicon-short-trimmed+3,157,c,0.1864
SARS-CoV2-5UTR-Amplicon-short-trimmed+3,158,g,0.0867
SARS-CoV2-5UTR-Amplicon-short-trimmed+3,159,t,1.4173
SARS-CoV2-5UTR-Amplicon-short-trimmed+3,160,g,0.0556
SARS-CoV2-5UTR-Amplicon-short-trimmed+3,161,t,0.1026
SARS-CoV2-5UTR-Amplicon-short-trimmed+3,162,t,0.1784
SARS-CoV2-5UTR-Amplicon-short-trimmed+3,163,g,0.0708
SARS-CoV2-5UTR-Amplicon-short-trimmed+3,164,c,0.2446
SARS-CoV2-5UTR-Amplicon-short-trimmed+3,165,a,0.1661
SARS-CoV2-5UTR-Amplicon-short-trimmed+3,166,g,0.2462
SARS-CoV2-5UTR-Amplicon-short-trimmed+3,167,c,0.1272
SARS-CoV2-5UTR-Amplicon-short-trimmed+3,168,c,0.5479
SARS-CoV2-5UTR-Amplicon-short-trimmed+3,169,g,0.0957
SARS-CoV2-5UTR-Amplicon-short-trimmed+3,170,a,0.1413
SARS-CoV2-5UTR-Amplicon-short-trimmed+3,171,t,0.0994
SARS-CoV2-5UTR-Amplicon-short-trimmed+3,172,c,0.1979
SARS-CoV2-5UTR-Amplicon-short-trimmed+3,173,a,0.0658
SARS-CoV2-5UTR-Amplicon-short-trimmed+3,174,t,0.0849
SARS-CoV2-5UTR-Amplicon-short-trimmed+3,175,c,0.237
SARS-CoV2-5UTR-Amplicon-short-trimmed+3,176,a,0.1392
SARS-CoV2-5UTR-Amplicon-short-trimmed+3,177,g,0.0951
SARS-CoV2-5UTR-Amplicon-short-trimmed+3,178,c,0.6147
SARS-CoV2-5UTR-Amplicon-short-trimmed+3,179,a,0.1259
SARS-CoV2-5UTR-Amplicon-short-trimmed+3,180,c,0.0891
SARS-CoV2-5UTR-Amplicon-short-trimmed+3,181,a,0.1114
SARS-CoV2-5UTR-Amplicon-short-trimmed+3,182,t,0.1413
SARS-CoV2-5UTR-Amplicon-short-trimmed+3,183,c,0.0868
SARS-CoV2-5UTR-Amplicon-short-trimmed+3,184,t,0.1032
SARS-CoV2-5UTR-Amplicon-short-trimmed+3,185,a,0.174
SARS-CoV2-5UTR-Amplicon-short-trimmed+3,186,g,0.0558
SARS-CoV2-5UTR-Amplicon-short-trimmed+3,187,g,0.043
SARS-CoV2-5UTR-Amplicon-short-trimmed+3,188,t,0.1219
SARS-CoV2-5UTR-Amplicon-short-trimmed+3,189,t,0.3099
SARS-CoV2-5UTR-Amplicon-short-trimmed+3,190,t,0.3978
SARS-CoV2-5UTR-Amplicon-short-trimmed+3,191,c,0.1425
SARS-CoV2-5UTR-Amplicon-short-trimmed+3,192,g,0.0683
SARS-CoV2-5UTR-Amplicon-short-trimmed+3,193,t,1.1509
SARS-CoV2-5UTR-Amplicon-short-trimmed+3,194,c,0.0714
SARS-CoV2-5UTR-Amplicon-short-trimmed+3,195,c,0.1377
SARS-CoV2-5UTR-Amplicon-short-trimmed+3,196,g,0.3257
SARS-CoV2-5UTR-Amplicon-short-trimmed+3,197,g,0.0923
SARS-CoV2-5UTR-Amplicon-short-trimmed+3,198,g,0.3947
SARS-CoV2-5UTR-Amplicon-short-trimmed+3,199,t,0.2184
SARS-CoV2-5UTR-Amplicon-short-trimmed+3,200,g,0.0623
SARS-CoV2-5UTR-Amplicon-short-trimmed+3,201,t,0.1313
SARS-CoV2-5UTR-Amplicon-short-trimmed+3,202,g,0.09
SARS-CoV2-5UTR-Amplicon-short-trimmed+3,203,a,0.2716
SARS-CoV2-5UTR-Amplicon-short-trimmed+3,204,c,0.0799
SARS-CoV2-5UTR-Amplicon-short-trimmed+3,205,c,0.0877
SARS-CoV2-5UTR-Amplicon-short-trimmed+3,206,g,0.0671
SARS-CoV2-5UTR-Amplicon-short-trimmed+3,207,a,0.114
SARS-CoV2-5UTR-Amplicon-short-trimmed+3,208,a,0.0606
SARS-CoV2-5UTR-Amplicon-short-trimmed+3,209,a,0.1536
SARS-CoV2-5UTR-Amplicon-short-trimmed+3,210,g,0.0955
SARS-CoV2-5UTR-Amplicon-short-trimmed+3,211,g,0.1389
SARS-CoV2-5UTR-Amplicon-short-trimmed+3,212,t,0.1494
SARS-CoV2-5UTR-Amplicon-short-trimmed+3,213,a,0.0561
SARS-CoV2-5UTR-Amplicon-short-trimmed+3,214,a,0.0644
SARS-CoV2-5UTR-Amplicon-short-trimmed+3,215,g,0.0693
SARS-CoV2-5UTR-Amplicon-short-trimmed+3,216,a,0.0454
SARS-CoV2-5UTR-Amplicon-short-trimmed+3,217,t,0.1255
SARS-CoV2-5UTR-Amplicon-short-trimmed+3,218,g,0.0548
SARS-CoV2-5UTR-Amplicon-short-trimmed+3,219,g,0.0625
SARS-CoV2-5UTR-Amplicon-short-trimmed+3,220,a,0.1997
SARS-CoV2-5UTR-Amplicon-short-trimmed+3,221,g,0.1412
SARS-CoV2-5UTR-Amplicon-short-trimmed+3,222,a,0.0685
SARS-CoV2-5UTR-Amplicon-short-trimmed+3,223,g,0.1576
SARS-CoV2-5UTR-Amplicon-short-trimmed+3,224,c,0.0538
SARS-CoV2-5UTR-Amplicon-short-trimmed+3,225,c,0.08
SARS-CoV2-5UTR-Amplicon-short-trimmed+3,226,t,0.0396
SARS-CoV2-5UTR-Amplicon-short-trimmed+3,227,t,0.3009
SARS-CoV2-5UTR-Amplicon-short-trimmed+3,228,g,0.0482
SARS-CoV2-5UTR-Amplicon-short-trimmed+3,229,t,0.1064
SARS-CoV2-5UTR-Amplicon-short-trimmed+3,230,c,0.0413
SARS-CoV2-5UTR-Amplicon-short-trimmed+3,231,c,0.0593
SARS-CoV2-5UTR-Amplicon-short-trimmed+3,232,c,0.0869
SARS-CoV2-5UTR-Amplicon-short-trimmed+3,233,t,0.1199
SARS-CoV2-5UTR-Amplicon-short-trimmed+3,234,g,0.0549
SARS-CoV2-5UTR-Amplicon-short-trimmed+3,235,g,0.0448
SARS-CoV2-5UTR-Amplicon-short-trimmed+3,236,t,0.0455
SARS-CoV2-5UTR-Amplicon-short-trimmed+3,237,t,0.0643
SARS-CoV2-5UTR-Amplicon-short-trimmed+3,238,t,0.1362
SARS-CoV2-5UTR-Amplicon-short-trimmed+3,239,c,0.575
SARS-CoV2-5UTR-Amplicon-short-trimmed+3,240,a,0.0665
SARS-CoV2-5UTR-Amplicon-short-trimmed+3,241,a,0.0593
SARS-CoV2-5UTR-Amplicon-short-trimmed+3,242,c,0.0449
SARS-CoV2-5UTR-Amplicon-short-trimmed+3,243,g,0.027
SARS-CoV2-5UTR-Amplicon-short-trimmed+3,244,a,0.1934
SARS-CoV2-5UTR-Amplicon-short-trimmed+3,245,g,0
SARS-CoV2-5UTR-Amplicon-short-trimmed+3,246,g,0
SARS-CoV2-5UTR-Amplicon-short-trimmed+3,247,G,0
SARS-CoV2-5UTR-Amplicon-short-trimmed+3,248,A,0
SARS-CoV2-5UTR-Amplicon-short-trimmed+3,249,G,0
