Region,Position,Ref_base,Mut_percentage
SARS-CoV2-5UTR-Amplicon-short-trimmed+3,1,T,0
SARS-CoV2-5UTR-Amplicon-short-trimmed+3,2,T,0
SARS-CoV2-5UTR-Amplicon-short-trimmed+3,3,G,0
SARS-CoV2-5UTR-Amplicon-short-trimmed+3,4,t,0
SARS-CoV2-5UTR-Amplicon-short-trimmed+3,5,a,0
SARS-CoV2-5UTR-Amplicon-short-trimmed+3,6,g,0.051
SARS-CoV2-5UTR-Amplicon-short-trimmed+3,7,a,0.0276
SARS-CoV2-5UTR-Amplicon-short-trimmed+3,8,t,0.094
SARS-CoV2-5UTR-Amplicon-short-trimmed+3,9,c,0.0513
SARS-CoV2-5UTR-Amplicon-short-trimmed+3,10,t,0.0358
SARS-CoV2-5UTR-Amplicon-short-trimmed+3,11,g,0.1238
SARS-CoV2-5UTR-Amplicon-short-trimmed+3,12,t,0.0832
SARS-CoV2-5UTR-Amplicon-short-trimmed+3,13,t,0.0627
SARS-CoV2-5UTR-Amplicon-short-trimmed+3,14,c,0.0514
SARS-CoV2-5UTR-Amplicon-short-trimmed+3,15,t,0.1164
SARS-CoV2-5UTR-Amplicon-short-trimmed+3,16,c,0.0467
SARS-CoV2-5UTR-Amplicon-short-trimmed+3,17,t,0.0369
SARS-CoV2-5UTR-Amplicon-short-trimmed+3,18,a,0.0783
SARS-CoV2-5UTR-Amplicon-short-trimmed+3,19,a,0.0174
SARS-CoV2-5UTR-Amplicon-short-trimmed+3,20,a,0.0252
SARS-CoV2-5UTR-Amplicon-short-trimmed+3,21,c,0.0309
SARS-CoV2-5UTR-Amplicon-short-trimmed+3,22,g,0.0736
SARS-CoV2-5UTR-Amplicon-short-trimmed+3,23,a,0.0265
SARS-CoV2-5UTR-Amplicon-short-trimmed+3,24,a,0.0413
SARS-CoV2-5UTR-Amplicon-short-trimmed+3,25,c,3.9765
SARS-CoV2-5UTR-Amplicon-short-trimmed+3,26,t,0.2009
SARS-CoV2-5UTR-Amplicon-short-trimmed+3,27,t,0.0973
SARS-CoV2-5UTR-Amplicon-short-trimmed+3,28,t,0.0254
SARS-CoV2-5UTR-Amplicon-short-trimmed+3,29,a,0.0642
SARS-CoV2-5UTR-Amplicon-short-trimmed+3,30,a,0.0483
SARS-CoV2-5UTR-Amplicon-short-trimmed+3,31,a,0.0869
SARS-CoV2-5UTR-Amplicon-short-trimmed+3,32,a,0.0346
SARS-CoV2-5UTR-Amplicon-short-trimmed+3,33,t,0.0796
SARS-CoV2-5UTR-Amplicon-short-trimmed+3,34,c,0.0281
SARS-CoV2-5UTR-Amplicon-short-trimmed+3,35,t,0.0636
SARS-CoV2-5UTR-Amplicon-short-trimmed+3,36,g,0.0805
SARS-CoV2-5UTR-Amplicon-short-trimmed+3,37,t,0.0726
SARS-CoV2-5UTR-Amplicon-short-trimmed+3,38,g,0.0323
SARS-CoV2-5UTR-Amplicon-short-trimmed+3,39,t,0.0591
SARS-CoV2-5UTR-Amplicon-short-trimmed+3,40,g,0.0403
SARS-CoV2-5UTR-Amplicon-short-trimmed+3,41,g,0.1026
SARS-CoV2-5UTR-Amplicon-short-trimmed+3,42,c,0.0724
SARS-CoV2-5UTR-Amplicon-short-trimmed+3,43,t,0.1277
SARS-CoV2-5UTR-Amplicon-short-trimmed+3,44,g,0.0805
SARS-CoV2-5UTR-Amplicon-short-trimmed+3,45,t,0.1488
SARS-CoV2-5UTR-Amplicon-short-trimmed+3,46,c,0.0329
SARS-CoV2-5UTR-Amplicon-short-trimmed+3,47,a,0.0522
SARS-CoV2-5UTR-Amplicon-short-trimmed+3,48,c,0.0378
SARS-CoV2-5UTR-Amplicon-short-trimmed+3,49,t,0.064
SARS-CoV2-5UTR-Amplicon-short-trimmed+3,50,c,0.0554
SARS-CoV2-5UTR-Amplicon-short-trimmed+3,51,g,0.0896
SARS-CoV2-5UTR-Amplicon-short-trimmed+3,52,g,0.2014
SARS-CoV2-5UTR-Amplicon-short-trimmed+3,53,c,0.0969
SARS-CoV2-5UTR-Amplicon-short-trimmed+3,54,t,0.0603
SARS-CoV2-5UTR-Amplicon-short-trimmed+3,55,g,0.1434
SARS-CoV2-5UTR-Amplicon-short-trimmed+3,56,c,0.0931
SARS-CoV2-5UTR-Amplicon-short-trimmed+3,57,g,0.1475
SARS-CoV2-5UTR-Amplicon-short-trimmed+3,58,t,0.0745
SARS-CoV2-5UTR-Amplicon-short-trimmed+3,59,g,0.1231
SARS-CoV2-5UTR-Amplicon-short-trimmed+3,60,c,0.0775
SARS-CoV2-5UTR-Amplicon-short-trimmed+3,61,t,0.0973
SARS-CoV2-5UTR-Amplicon-short-trimmed+3,62,t,0.0427
SARS-CoV2-5UTR-Amplicon-short-trimmed+3,63,a,0.0449
SARS-CoV2-5UTR-Amplicon-short-trimmed+3,64,g,0.0626
SARS-CoV2-5UTR-Amplicon-short-trimmed+3,65,t,0.0466
SARS-CoV2-5UTR-Amplicon-short-trimmed+3,66,g,0.1238
SARS-CoV2-5UTR-Amplicon-short-trimmed+3,67,c,0.1435
SARS-CoV2-5UTR-Amplicon-short-trimmed+3,68,a,0.0656
SARS-CoV2-5UTR-Amplicon-short-trimmed+3,69,c,0.0612
SARS-CoV2-5UTR-Amplicon-short-trimmed+3,70,t,0.0614
SARS-CoV2-5UTR-Amplicon-short-trimmed+3,71,c,0.0405
SARS-CoV2-5UTR-Amplicon-short-trimmed+3,72,a,0.0592
SARS-CoV2-5UTR-Amplicon-short-trimmed+3,73,c,0.0643
SARS-CoV2-5UTR-Amplicon-short-trimmed+3,74,g,0.1484
SARS-CoV2-5UTR-Amplicon-short-trimmed+3,75,c,0.0343
SARS-CoV2-5UTR-Amplicon-short-trimmed+3,76,a,0.1013
SARS-CoV2-5UTR-Amplicon-short-trimmed+3,77,g,0.09
SARS-CoV2-5UTR-Amplicon-short-trimmed+3,78,t,0.0554
SARS-CoV2-5UTR-Amplicon-short-trimmed+3,79,a,0.0526
SARS-CoV2-5UTR-Amplicon-short-trimmed+3,80,t,0.0326
SARS-CoV2-5UTR-Amplicon-short-trimmed+3,81,a,0.0442
SARS-CoV2-5UTR-Amplicon-short-trimmed+3,82,a,0.061
SARS-CoV2-5UTR-Amplicon-short-trimmed+3,83,t,0.0455
SARS-CoV2-5UTR-Amplicon-short-trimmed+3,84,t,0.0841
SARS-CoV2-5UTR-Amplicon-short-trimmed+3,85,a,0.0785
SARS-CoV2-5UTR-Amplicon-short-trimmed+3,86,a,0.0777
SARS-CoV2-5UTR-Amplicon-short-trimmed+3,87,t,0.0342
SARS-CoV2-5UTR-Amplicon-short-trimmed+3,88,a,0.0579
SARS-CoV2-5UTR-Amplicon-short-trimmed+3,89,a,0.0652
SARS-CoV2-5UTR-Amplicon-short-trimmed+3,90,c,0.307
SARS-CoV2-5UTR-Amplicon-short-trimmed+3,91,t,0.1015
SARS-CoV2-5UTR-Amplicon-short-trimmed+3,92,a,0.0531
SARS-CoV2-5UTR-Amplicon-short-trimmed+3,93,a,0.0499
SARS-CoV2-5UTR-Amplicon-short-trimmed+3,94,t,0.0603
SARS-CoV2-5UTR-Amplicon-short-trimmed+3,95,t,0.053
SARS-CoV2-5UTR-Amplicon-short-trimmed+3,96,a,0.0514
SARS-CoV2-5UTR-Amplicon-short-trimmed+3,97,c,0.0382
SARS-CoV2-5UTR-Amplicon-short-trimmed+3,98,t,0.2958
SARS-CoV2-5UTR-Amplicon-short-trimmed+3,99,g,0.0801
SARS-CoV2-5UTR-Amplicon-short-trimmed+3,100,t,0.1202
SARS-CoV2-5UTR-Amplicon-short-trimmed+3,101,c,0.0502
SARS-CoV2-5UTR-Amplicon-short-trimmed+3,102,g,0.0869
SARS-CoV2-5UTR-Amplicon-short-trimmed+3,103,t,0.0773
SARS-CoV2-5UTR-Amplicon-short-trimmed+3,104,t,0.1169
SARS-CoV2-5UTR-Amplicon-short-trimmed+3,105,g,0.0664
SARS-CoV2-5UTR-Amplicon-short-trimmed+3,106,a,0.074
SARS-CoV2-5UTR-Amplicon-short-trimmed+3,107,c,0.0873
SARS-CoV2-5UTR-Amplicon-short-trimmed+3,108,a,0.1204
SARS-CoV2-5UTR-Amplicon-short-trimmed+3,109,g,0.1124
SARS-CoV2-5UTR-Amplicon-short-trimmed+3,110,g,0.0828
SARS-CoV2-5UTR-Amplicon-short-trimmed+3,111,a,0.0555
SARS-CoV2-5UTR-Amplicon-short-trimmed+3,112,c,0.0799
SARS-CoV2-5UTR-Amplicon-short-trimmed+3,113,a,0.0844
SARS-CoV2-5UTR-Amplicon-short-trimmed+3,114,c,0.0956
SARS-CoV2-5UTR-Amplicon-short-trimmed+3,115,g,0.059
SARS-CoV2-5UTR-Amplicon-short-trimmed+3,116,a,0.0862
SARS-CoV2-5UTR-Amplicon-short-trimmed+3,117,g,0.062
SARS-CoV2-5UTR-Amplicon-short-trimmed+3,118,t,0.1791
SARS-CoV2-5UTR-Amplicon-short-trimmed+3,119,a,0.2001
SARS-CoV2-5UTR-Amplicon-short-trimmed+3,120,a,0.1509
SARS-CoV2-5UTR-Amplicon-short-trimmed+3,121,c,0.224
SARS-CoV2-5UTR-Amplicon-short-trimmed+3,122,t,0.2551
SARS-CoV2-5UTR-Amplicon-short-trimmed+3,123,c,0.2473
SARS-CoV2-5UTR-Amplicon-short-trimmed+3,124,g,0.1888
SARS-CoV2-5UTR-Amplicon-short-trimmed+3,125,t,0.3793
SARS-CoV2-5UTR-Amplicon-short-trimmed+3,126,c,0.1492
SARS-CoV2-5UTR-Amplicon-short-trimmed+3,127,t,0.1088
SARS-CoV2-5UTR-Amplicon-short-trimmed+3,128,a,0.1524
SARS-CoV2-5UTR-Amplicon-short-trimmed+3,129,t,0.6512
SARS-CoV2-5UTR-Amplicon-short-trimmed+3,130,c,0.086
SARS-CoV2-5UTR-Amplicon-short-trimmed+3,131,t,0.1278
SARS-CoV2-5UTR-Amplicon-short-trimmed+3,132,t,0.2907
SARS-CoV2-5UTR-Amplicon-short-trimmed+3,133,c,0.3278
SARS-CoV2-5UTR-Amplicon-short-trimmed+3,134,t,0.2652
SARS-CoV2-5UTR-Amplicon-short-trimmed+3,135,g,0.1872
SARS-CoV2-5UTR-Amplicon-short-trimmed+3,136,c,0.5197
SARS-CoV2-5UTR-Amplicon-short-trimmed+3,137,a,0.3429
SARS-CoV2-5UTR-Amplicon-short-trimmed+3,138,g,0.1387
SARS-CoV2-5UTR-Amplicon-short-trimmed+3,139,g,0.3566
SARS-CoV2-5UTR-Amplicon-short-trimmed+3,140,c,0.1805
SARS-CoV2-5UTR-Amplicon-short-trimmed+3,141,t,0.3921
SARS-CoV2-5UTR-Amplicon-short-trimmed+3,142,g,0.5668
SARS-CoV2-5UTR-Amplicon-short-trimmed+3,143,c,0.1674
SARS-CoV2-5UTR-Amplicon-short-trimmed+3,144,t,0.1605
SARS-CoV2-5UTR-Amplicon-short-trimmed+3,145,t,0.2188
SARS-CoV2-5UTR-Amplicon-short-trimmed+3,146,a,0.269
SARS-CoV2-5UTR-Amplicon-short-trimmed+3,147,c,0.2213
SARS-CoV2-5UTR-Amplicon-short-trimmed+3,148,g,0.4298
SARS-CoV2-5UTR-Amplicon-short-trimmed+3,149,g,0.2216
SARS-CoV2-5UTR-Amplicon-short-trimmed+3,150,t,0.2205
SARS-CoV2-5UTR-Amplicon-short-trimmed+3,151,t,0.2073
SARS-CoV2-5UTR-Amplicon-short-trimmed+3,152,t,0.3345
SARS-CoV2-5UTR-Amplicon-short-trimmed+3,153,c,0.2944
SARS-CoV2-5UTR-Amplicon-short-trimmed+3,154,g,0.1399
SARS-CoV2-5UTR-Amplicon-short-trimmed+3,155,t,0.438
SARS-CoV2-5UTR-Amplicon-short-trimmed+3,156,c,0.2772
SARS-CoV2-5UTR-Amplicon-short-trimmed+3,157,c,0.3018
SARS-CoV2-5UTR-Amplicon-short-trimmed+3,158,g,0.1643
SARS-CoV2-5UTR-Amplicon-short-trimmed+3,159,t,1.6375
SARS-CoV2-5UTR-Amplicon-short-trimmed+3,160,g,0.1225
SARS-CoV2-5UTR-Amplicon-short-trimmed+3,161,t,0.1885
SARS-CoV2-5UTR-Amplicon-short-trimmed+3,162,t,0.2601
SARS-CoV2-5UTR-Amplicon-short-trimmed+3,163,g,0.1939
SARS-CoV2-5UTR-Amplicon-short-trimmed+3,164,c,0.4092
SARS-CoV2-5UTR-Amplicon-short-trimmed+3,165,a,0.6196
SARS-CoV2-5UTR-Amplicon-short-trimmed+3,166,g,0.8848
SARS-CoV2-5UTR-Amplicon-short-trimmed+3,167,c,0.3161
SARS-CoV2-5UTR-Amplicon-short-trimmed+3,168,c,0.6625
SARS-CoV2-5UTR-Amplicon-short-trimmed+3,169,g,0.1183
SARS-CoV2-5UTR-Amplicon-short-trimmed+3,170,a,0.1653
SARS-CoV2-5UTR-Amplicon-short-trimmed+3,171,t,0.1397
SARS-CoV2-5UTR-Amplicon-short-trimmed+3,172,c,0.211
SARS-CoV2-5UTR-Amplicon-short-trimmed+3,173,a,0.0732
SARS-CoV2-5UTR-Amplicon-short-trimmed+3,174,t,0.1058
SARS-CoV2-5UTR-Amplicon-short-trimmed+3,175,c,0.2627
SARS-CoV2-5UTR-Amplicon-short-trimmed+3,176,a,0.1771
SARS-CoV2-5UTR-Amplicon-short-trimmed+3,177,g,0.143
SARS-CoV2-5UTR-Amplicon-short-trimmed+3,178,c,0.7192
SARS-CoV2-5UTR-Amplicon-short-trimmed+3,179,a,0.1485
SARS-CoV2-5UTR-Amplicon-short-trimmed+3,180,c,0.1043
SARS-CoV2-5UTR-Amplicon-short-trimmed+3,181,a,0.1315
SARS-CoV2-5UTR-Amplicon-short-trimmed+3,182,t,0.193
SARS-CoV2-5UTR-Amplicon-short-trimmed+3,183,c,0.0896
SARS-CoV2-5UTR-Amplicon-short-trimmed+3,184,t,0.1301
SARS-CoV2-5UTR-Amplicon-short-trimmed+3,185,a,0.2175
SARS-CoV2-5UTR-Amplicon-short-trimmed+3,186,g,0.092
SARS-CoV2-5UTR-Amplicon-short-trimmed+3,187,g,0.1057
SARS-CoV2-5UTR-Amplicon-short-trimmed+3,188,t,0.1687
SARS-CoV2-5UTR-Amplicon-short-trimmed+3,189,t,0.3314
SARS-CoV2-5UTR-Amplicon-short-trimmed+3,190,t,0.4719
SARS-CoV2-5UTR-Amplicon-short-trimmed+3,191,c,0.1543
SARS-CoV2-5UTR-Amplicon-short-trimmed+3,192,g,0.0876
SARS-CoV2-5UTR-Amplicon-short-trimmed+3,193,t,1.3484
SARS-CoV2-5UTR-Amplicon-short-trimmed+3,194,c,0.1316
SARS-CoV2-5UTR-Amplicon-short-trimmed+3,195,c,0.1774
SARS-CoV2-5UTR-Amplicon-short-trimmed+3,196,g,0.3681
SARS-CoV2-5UTR-Amplicon-short-trimmed+3,197,g,0.1707
SARS-CoV2-5UTR-Amplicon-short-trimmed+3,198,g,0.3959
SARS-CoV2-5UTR-Amplicon-short-trimmed+3,199,t,0.2646
SARS-CoV2-5UTR-Amplicon-short-trimmed+3,200,g,0.0893
SARS-CoV2-5UTR-Amplicon-short-trimmed+3,201,t,0.1649
SARS-CoV2-5UTR-Amplicon-short-trimmed+3,202,g,0.13
SARS-CoV2-5UTR-Amplicon-short-trimmed+3,203,a,0.3653
SARS-CoV2-5UTR-Amplicon-short-trimmed+3,204,c,0.1229
SARS-CoV2-5UTR-Amplicon-short-trimmed+3,205,c,0.1113
SARS-CoV2-5UTR-Amplicon-short-trimmed+3,206,g,0.1066
SARS-CoV2-5UTR-Amplicon-short-trimmed+3,207,a,0.1317
SARS-CoV2-5UTR-Amplicon-short-trimmed+3,208,a,0.0845
SARS-CoV2-5UTR-Amplicon-short-trimmed+3,209,a,0.1712
SARS-CoV2-5UTR-Amplicon-short-trimmed+3,210,g,0.1497
SARS-CoV2-5UTR-Amplicon-short-trimmed+3,211,g,0.1226
SARS-CoV2-5UTR-Amplicon-short-trimmed+3,212,t,0.1754
SARS-CoV2-5UTR-Amplicon-short-trimmed+3,213,a,0.0696
SARS-CoV2-5UTR-Amplicon-short-trimmed+3,214,a,0.0768
SARS-CoV2-5UTR-Amplicon-short-trimmed+3,215,g,0.0889
SARS-CoV2-5UTR-Amplicon-short-trimmed+3,216,a,0.051
SARS-CoV2-5UTR-Amplicon-short-trimmed+3,217,t,0.1449
SARS-CoV2-5UTR-Amplicon-short-trimmed+3,218,g,0.0693
SARS-CoV2-5UTR-Amplicon-short-trimmed+3,219,g,0.0834
SARS-CoV2-5UTR-Amplicon-short-trimmed+3,220,a,0.273
SARS-CoV2-5UTR-Amplicon-short-trimmed+3,221,g,0.1594
SARS-CoV2-5UTR-Amplicon-short-trimmed+3,222,a,0.0858
SARS-CoV2-5UTR-Amplicon-short-trimmed+3,223,g,0.2385
SARS-CoV2-5UTR-Amplicon-short-trimmed+3,224,c,0.0885
SARS-CoV2-5UTR-Amplicon-short-trimmed+3,225,c,0.083
SARS-CoV2-5UTR-Amplicon-short-trimmed+3,226,t,0.0599
SARS-CoV2-5UTR-Amplicon-short-trimmed+3,227,t,0.3636
SARS-CoV2-5UTR-Amplicon-short-trimmed+3,228,g,0.0571
SARS-CoV2-5UTR-Amplicon-short-trimmed+3,229,t,0.1641
SARS-CoV2-5UTR-Amplicon-short-trimmed+3,230,c,0.0743
SARS-CoV2-5UTR-Amplicon-short-trimmed+3,231,c,0.0619
SARS-CoV2-5UTR-Amplicon-short-trimmed+3,232,c,0.0992
SARS-CoV2-5UTR-Amplicon-short-trimmed+3,233,t,0.1888
SARS-CoV2-5UTR-Amplicon-short-trimmed+3,234,g,0.0999
SARS-CoV2-5UTR-Amplicon-short-trimmed+3,235,g,0.1809
SARS-CoV2-5UTR-Amplicon-short-trimmed+3,236,t,0.0749
SARS-CoV2-5UTR-Amplicon-short-trimmed+3,237,t,0.0787
SARS-CoV2-5UTR-Amplicon-short-trimmed+3,238,t,0.1522
SARS-CoV2-5UTR-Amplicon-short-trimmed+3,239,c,0.5225
SARS-CoV2-5UTR-Amplicon-short-trimmed+3,240,a,0.1021
SARS-CoV2-5UTR-Amplicon-short-trimmed+3,241,a,0.0819
SARS-CoV2-5UTR-Amplicon-short-trimmed+3,242,c,0.0756
SARS-CoV2-5UTR-Amplicon-short-trimmed+3,243,g,0.0301
SARS-CoV2-5UTR-Amplicon-short-trimmed+3,244,a,0.2218
SARS-CoV2-5UTR-Amplicon-short-trimmed+3,245,g,0
SARS-CoV2-5UTR-Amplicon-short-trimmed+3,246,g,0
SARS-CoV2-5UTR-Amplicon-short-trimmed+3,247,G,0
SARS-CoV2-5UTR-Amplicon-short-trimmed+3,248,A,0
SARS-CoV2-5UTR-Amplicon-short-trimmed+3,249,G,0
