Region,Position,Ref_base,Mut_percentage
SARS-CoV2-5UTR-Amplicon-short-trimmed+3,1,T,0
SARS-CoV2-5UTR-Amplicon-short-trimmed+3,2,T,0
SARS-CoV2-5UTR-Amplicon-short-trimmed+3,3,G,0
SARS-CoV2-5UTR-Amplicon-short-trimmed+3,4,t,0
SARS-CoV2-5UTR-Amplicon-short-trimmed+3,5,a,0
SARS-CoV2-5UTR-Amplicon-short-trimmed+3,6,g,0.0568
SARS-CoV2-5UTR-Amplicon-short-trimmed+3,7,a,0.0207
SARS-CoV2-5UTR-Amplicon-short-trimmed+3,8,t,0.0685
SARS-CoV2-5UTR-Amplicon-short-trimmed+3,9,c,0.0521
SARS-CoV2-5UTR-Amplicon-short-trimmed+3,10,t,0.0298
SARS-CoV2-5UTR-Amplicon-short-trimmed+3,11,g,0.1253
SARS-CoV2-5UTR-Amplicon-short-trimmed+3,12,t,0.0733
SARS-CoV2-5UTR-Amplicon-short-trimmed+3,13,t,0.0552
SARS-CoV2-5UTR-Amplicon-short-trimmed+3,14,c,0.0534
SARS-CoV2-5UTR-Amplicon-short-trimmed+3,15,t,0.1051
SARS-CoV2-5UTR-Amplicon-short-trimmed+3,16,c,0.041
SARS-CoV2-5UTR-Amplicon-short-trimmed+3,17,t,0.0303
SARS-CoV2-5UTR-Amplicon-short-trimmed+3,18,a,0.0602
SARS-CoV2-5UTR-Amplicon-short-trimmed+3,19,a,0.0178
SARS-CoV2-5UTR-Amplicon-short-trimmed+3,20,a,0.0186
SARS-CoV2-5UTR-Amplicon-short-trimmed+3,21,c,0.0249
SARS-CoV2-5UTR-Amplicon-short-trimmed+3,22,g,0.0447
SARS-CoV2-5UTR-Amplicon-short-trimmed+3,23,a,0.0164
SARS-CoV2-5UTR-Amplicon-short-trimmed+3,24,a,0.035
SARS-CoV2-5UTR-Amplicon-short-trimmed+3,25,c,1.8661
SARS-CoV2-5UTR-Amplicon-short-trimmed+3,26,t,0.1836
SARS-CoV2-5UTR-Amplicon-short-trimmed+3,27,t,0.0885
SARS-CoV2-5UTR-Amplicon-short-trimmed+3,28,t,0.0248
SARS-CoV2-5UTR-Amplicon-short-trimmed+3,29,a,0.0587
SARS-CoV2-5UTR-Amplicon-short-trimmed+3,30,a,0.0312
SARS-CoV2-5UTR-Amplicon-short-trimmed+3,31,a,0.0534
SARS-CoV2-5UTR-Amplicon-short-trimmed+3,32,a,0.0283
SARS-CoV2-5UTR-Amplicon-short-trimmed+3,33,t,0.0534
SARS-CoV2-5UTR-Amplicon-short-trimmed+3,34,c,0.0329
SARS-CoV2-5UTR-Amplicon-short-trimmed+3,35,t,0.0532
SARS-CoV2-5UTR-Amplicon-short-trimmed+3,36,g,0.0749
SARS-CoV2-5UTR-Amplicon-short-trimmed+3,37,t,0.0541
SARS-CoV2-5UTR-Amplicon-short-trimmed+3,38,g,0.0257
SARS-CoV2-5UTR-Amplicon-short-trimmed+3,39,t,0.043
SARS-CoV2-5UTR-Amplicon-short-trimmed+3,40,g,0.0313
SARS-CoV2-5UTR-Amplicon-short-trimmed+3,41,g,0.1106
SARS-CoV2-5UTR-Amplicon-short-trimmed+3,42,c,0.0554
SARS-CoV2-5UTR-Amplicon-short-trimmed+3,43,t,0.1077
SARS-CoV2-5UTR-Amplicon-short-trimmed+3,44,g,0.0697
SARS-CoV2-5UTR-Amplicon-short-trimmed+3,45,t,0.1108
SARS-CoV2-5UTR-Amplicon-short-trimmed+3,46,c,0.03
SARS-CoV2-5UTR-Amplicon-short-trimmed+3,47,a,0.0288
SARS-CoV2-5UTR-Amplicon-short-trimmed+3,48,c,0.0342
SARS-CoV2-5UTR-Amplicon-short-trimmed+3,49,t,0.0461
SARS-CoV2-5UTR-Amplicon-short-trimmed+3,50,c,0.0521
SARS-CoV2-5UTR-Amplicon-short-trimmed+3,51,g,0.0747
SARS-CoV2-5UTR-Amplicon-short-trimmed+3,52,g,0.1864
SARS-CoV2-5UTR-Amplicon-short-trimmed+3,53,c,0.0899
SARS-CoV2-5UTR-Amplicon-short-trimmed+3,54,t,0.079
SARS-CoV2-5UTR-Amplicon-short-trimmed+3,55,g,0.1391
SARS-CoV2-5UTR-Amplicon-short-trimmed+3,56,c,0.0768
SARS-CoV2-5UTR-Amplicon-short-trimmed+3,57,g,0.1342
SARS-CoV2-5UTR-Amplicon-short-trimmed+3,58,t,0.0551
SARS-CoV2-5UTR-Amplicon-short-trimmed+3,59,g,0.1065
SARS-CoV2-5UTR-Amplicon-short-trimmed+3,60,c,0.0613
SARS-CoV2-5UTR-Amplicon-short-trimmed+3,61,t,0.0798
SARS-CoV2-5UTR-Amplicon-short-trimmed+3,62,t,0.0401
SARS-CoV2-5UTR-Amplicon-short-trimmed+3,63,a,0.0442
SARS-CoV2-5UTR-Amplicon-short-trimmed+3,64,g,0.0626
SARS-CoV2-5UTR-Amplicon-short-trimmed+3,65,t,0.0308
SARS-CoV2-5UTR-Amplicon-short-trimmed+3,66,g,0.1089
SARS-CoV2-5UTR-Amplicon-short-trimmed+3,67,c,0.1329
SARS-CoV2-5UTR-Amplicon-short-trimmed+3,68,a,0.0421
SARS-CoV2-5UTR-Amplicon-short-trimmed+3,69,c,0.0622
SARS-CoV2-5UTR-Amplicon-short-trimmed+3,70,t,0.056
SARS-CoV2-5UTR-Amplicon-short-trimmed+3,71,c,0.0345
SARS-CoV2-5UTR-Amplicon-short-trimmed+3,72,a,0.0482
SARS-CoV2-5UTR-Amplicon-short-trimmed+3,73,c,0.0598
SARS-CoV2-5UTR-Amplicon-short-trimmed+3,74,g,0.1115
SARS-CoV2-5UTR-Amplicon-short-trimmed+3,75,c,0.034
SARS-CoV2-5UTR-Amplicon-short-trimmed+3,76,a,0.0706
SARS-CoV2-5UTR-Amplicon-short-trimmed+3,77,g,0.0824
SARS-CoV2-5UTR-Amplicon-short-trimmed+3,78,t,0.0319
SARS-CoV2-5UTR-Amplicon-short-trimmed+3,79,a,0.0324
SARS-CoV2-5UTR-Amplicon-short-trimmed+3,80,t,0.028
SARS-CoV2-5UTR-Amplicon-short-trimmed+3,81,a,0.0324
SARS-CoV2-5UTR-Amplicon-short-trimmed+3,82,a,0.0542
SARS-CoV2-5UTR-Amplicon-short-trimmed+3,83,t,0.0351
SARS-CoV2-5UTR-Amplicon-short-trimmed+3,84,t,0.0632
SARS-CoV2-5UTR-Amplicon-short-trimmed+3,85,a,0.0758
SARS-CoV2-5UTR-Amplicon-short-trimmed+3,86,a,0.0664
SARS-CoV2-5UTR-Amplicon-short-trimmed+3,87,t,0.0319
SARS-CoV2-5UTR-Amplicon-short-trimmed+3,88,a,0.0445
SARS-CoV2-5UTR-Amplicon-short-trimmed+3,89,a,0.0562
SARS-CoV2-5UTR-Amplicon-short-trimmed+3,90,c,0.3099
SARS-CoV2-5UTR-Amplicon-short-trimmed+3,91,t,0.0739
SARS-CoV2-5UTR-Amplicon-short-trimmed+3,92,a,0.041
SARS-CoV2-5UTR-Amplicon-short-trimmed+3,93,a,0.0374
SARS-CoV2-5UTR-Amplicon-short-trimmed+3,94,t,0.0346
SARS-CoV2-5UTR-Amplicon-short-trimmed+3,95,t,0.0302
SARS-CoV2-5UTR-Amplicon-short-trimmed+3,96,a,0.0313
SARS-CoV2-5UTR-Amplicon-short-trimmed+3,97,c,0.0365
SARS-CoV2-5UTR-Amplicon-short-trimmed+3,98,t,0.2795
SARS-CoV2-5UTR-Amplicon-short-trimmed+3,99,g,0.0739
SARS-CoV2-5UTR-Amplicon-short-trimmed+3,100,t,0.0702
SARS-CoV2-5UTR-Amplicon-short-trimmed+3,101,c,0.0467
SARS-CoV2-5UTR-Amplicon-short-trimmed+3,102,g,0.0768
SARS-CoV2-5UTR-Amplicon-short-trimmed+3,103,t,0.0534
SARS-CoV2-5UTR-Amplicon-short-trimmed+3,104,t,0.0834
SARS-CoV2-5UTR-Amplicon-short-trimmed+3,105,g,0.0642
SARS-CoV2-5UTR-Amplicon-short-trimmed+3,106,a,0.0426
SARS-CoV2-5UTR-Amplicon-short-trimmed+3,107,c,0.0736
SARS-CoV2-5UTR-Amplicon-short-trimmed+3,108,a,0.0806
SARS-CoV2-5UTR-Amplicon-short-trimmed+3,109,g,0.0873
SARS-CoV2-5UTR-Amplicon-short-trimmed+3,110,g,0.0987
SARS-CoV2-5UTR-Amplicon-short-trimmed+3,111,a,0.0286
SARS-CoV2-5UTR-Amplicon-short-trimmed+3,112,c,0.068
SARS-CoV2-5UTR-Amplicon-short-trimmed+3,113,a,0.0398
SARS-CoV2-5UTR-Amplicon-short-trimmed+3,114,c,0.0801
SARS-CoV2-5UTR-Amplicon-short-trimmed+3,115,g,0.056
SARS-CoV2-5UTR-Amplicon-short-trimmed+3,116,a,0.0714
SARS-CoV2-5UTR-Amplicon-short-trimmed+3,117,g,0.049
SARS-CoV2-5UTR-Amplicon-short-trimmed+3,118,t,0.1376
SARS-CoV2-5UTR-Amplicon-short-trimmed+3,119,a,0.134
SARS-CoV2-5UTR-Amplicon-short-trimmed+3,120,a,0.086
SARS-CoV2-5UTR-Amplicon-short-trimmed+3,121,c,0.2035
SARS-CoV2-5UTR-Amplicon-short-trimmed+3,122,t,0.1611
SARS-CoV2-5UTR-Amplicon-short-trimmed+3,123,c,0.2033
SARS-CoV2-5UTR-Amplicon-short-trimmed+3,124,g,0.1854
SARS-CoV2-5UTR-Amplicon-short-trimmed+3,125,t,0.2869
SARS-CoV2-5UTR-Amplicon-short-trimmed+3,126,c,0.1115
SARS-CoV2-5UTR-Amplicon-short-trimmed+3,127,t,0.0704
SARS-CoV2-5UTR-Amplicon-short-trimmed+3,128,a,0.1066
SARS-CoV2-5UTR-Amplicon-short-trimmed+3,129,t,0.4581
SARS-CoV2-5UTR-Amplicon-short-trimmed+3,130,c,0.0651
SARS-CoV2-5UTR-Amplicon-short-trimmed+3,131,t,0.089
SARS-CoV2-5UTR-Amplicon-short-trimmed+3,132,t,0.1366
SARS-CoV2-5UTR-Amplicon-short-trimmed+3,133,c,0.2353
SARS-CoV2-5UTR-Amplicon-short-trimmed+3,134,t,0.1635
SARS-CoV2-5UTR-Amplicon-short-trimmed+3,135,g,0.1312
SARS-CoV2-5UTR-Amplicon-short-trimmed+3,136,c,0.4551
SARS-CoV2-5UTR-Amplicon-short-trimmed+3,137,a,0.2063
SARS-CoV2-5UTR-Amplicon-short-trimmed+3,138,g,0.0932
SARS-CoV2-5UTR-Amplicon-short-trimmed+3,139,g,0.252
SARS-CoV2-5UTR-Amplicon-short-trimmed+3,140,c,0.1236
SARS-CoV2-5UTR-Amplicon-short-trimmed+3,141,t,0.253
SARS-CoV2-5UTR-Amplicon-short-trimmed+3,142,g,0.3837
SARS-CoV2-5UTR-Amplicon-short-trimmed+3,143,c,0.102
SARS-CoV2-5UTR-Amplicon-short-trimmed+3,144,t,0.0999
SARS-CoV2-5UTR-Amplicon-short-trimmed+3,145,t,0.127
SARS-CoV2-5UTR-Amplicon-short-trimmed+3,146,a,0.1649
SARS-CoV2-5UTR-Amplicon-short-trimmed+3,147,c,0.1703
SARS-CoV2-5UTR-Amplicon-short-trimmed+3,148,g,0.3674
SARS-CoV2-5UTR-Amplicon-short-trimmed+3,149,g,0.1457
SARS-CoV2-5UTR-Amplicon-short-trimmed+3,150,t,0.1338
SARS-CoV2-5UTR-Amplicon-short-trimmed+3,151,t,0.1299
SARS-CoV2-5UTR-Amplicon-short-trimmed+3,152,t,0.1931
SARS-CoV2-5UTR-Amplicon-short-trimmed+3,153,c,0.2212
SARS-CoV2-5UTR-Amplicon-short-trimmed+3,154,g,0.0823
SARS-CoV2-5UTR-Amplicon-short-trimmed+3,155,t,0.2953
SARS-CoV2-5UTR-Amplicon-short-trimmed+3,156,c,0.1993
SARS-CoV2-5UTR-Amplicon-short-trimmed+3,157,c,0.2064
SARS-CoV2-5UTR-Amplicon-short-trimmed+3,158,g,0.097
SARS-CoV2-5UTR-Amplicon-short-trimmed+3,159,t,1.2045
SARS-CoV2-5UTR-Amplicon-short-trimmed+3,160,g,0.0896
SARS-CoV2-5UTR-Amplicon-short-trimmed+3,161,t,0.1264
SARS-CoV2-5UTR-Amplicon-short-trimmed+3,162,t,0.1567
SARS-CoV2-5UTR-Amplicon-short-trimmed+3,163,g,0.1061
SARS-CoV2-5UTR-Amplicon-short-trimmed+3,164,c,0.2804
SARS-CoV2-5UTR-Amplicon-short-trimmed+3,165,a,0.3185
SARS-CoV2-5UTR-Amplicon-short-trimmed+3,166,g,0.5133
SARS-CoV2-5UTR-Amplicon-short-trimmed+3,167,c,0.2855
SARS-CoV2-5UTR-Amplicon-short-trimmed+3,168,c,0.6998
SARS-CoV2-5UTR-Amplicon-short-trimmed+3,169,g,0.1204
SARS-CoV2-5UTR-Amplicon-short-trimmed+3,170,a,0.119
SARS-CoV2-5UTR-Amplicon-short-trimmed+3,171,t,0.1008
SARS-CoV2-5UTR-Amplicon-short-trimmed+3,172,c,0.1895
SARS-CoV2-5UTR-Amplicon-short-trimmed+3,173,a,0.0496
SARS-CoV2-5UTR-Amplicon-short-trimmed+3,174,t,0.0727
SARS-CoV2-5UTR-Amplicon-short-trimmed+3,175,c,0.2341
SARS-CoV2-5UTR-Amplicon-short-trimmed+3,176,a,0.1401
SARS-CoV2-5UTR-Amplicon-short-trimmed+3,177,g,0.1224
SARS-CoV2-5UTR-Amplicon-short-trimmed+3,178,c,0.69
SARS-CoV2-5UTR-Amplicon-short-trimmed+3,179,a,0.0906
SARS-CoV2-5UTR-Amplicon-short-trimmed+3,180,c,0.099
SARS-CoV2-5UTR-Amplicon-short-trimmed+3,181,a,0.078
SARS-CoV2-5UTR-Amplicon-short-trimmed+3,182,t,0.1281
SARS-CoV2-5UTR-Amplicon-short-trimmed+3,183,c,0.0731
SARS-CoV2-5UTR-Amplicon-short-trimmed+3,184,t,0.1139
SARS-CoV2-5UTR-Amplicon-short-trimmed+3,185,a,0.2045
SARS-CoV2-5UTR-Amplicon-short-trimmed+3,186,g,0.0862
SARS-CoV2-5UTR-Amplicon-short-trimmed+3,187,g,0.0903
SARS-CoV2-5UTR-Amplicon-short-trimmed+3,188,t,0.1228
SARS-CoV2-5UTR-Amplicon-short-trimmed+3,189,t,0.3065
SARS-CoV2-5UTR-Amplicon-short-trimmed+3,190,t,0.3387
SARS-CoV2-5UTR-Amplicon-short-trimmed+3,191,c,0.143
SARS-CoV2-5UTR-Amplicon-short-trimmed+3,192,g,0.0718
SARS-CoV2-5UTR-Amplicon-short-trimmed+3,193,t,1.0647
SARS-CoV2-5UTR-Amplicon-short-trimmed+3,194,c,0.1109
SARS-CoV2-5UTR-Amplicon-short-trimmed+3,195,c,0.1696
SARS-CoV2-5UTR-Amplicon-short-trimmed+3,196,g,0.3244
SARS-CoV2-5UTR-Amplicon-short-trimmed+3,197,g,0.1278
SARS-CoV2-5UTR-Amplicon-short-trimmed+3,198,g,0.4897
SARS-CoV2-5UTR-Amplicon-short-trimmed+3,199,t,0.2197
SARS-CoV2-5UTR-Amplicon-short-trimmed+3,200,g,0.0759
SARS-CoV2-5UTR-Amplicon-short-trimmed+3,201,t,0.1268
SARS-CoV2-5UTR-Amplicon-short-trimmed+3,202,g,0.1054
SARS-CoV2-5UTR-Amplicon-short-trimmed+3,203,a,0.2978
SARS-CoV2-5UTR-Amplicon-short-trimmed+3,204,c,0.1027
SARS-CoV2-5UTR-Amplicon-short-trimmed+3,205,c,0.0862
SARS-CoV2-5UTR-Amplicon-short-trimmed+3,206,g,0.0866
SARS-CoV2-5UTR-Amplicon-short-trimmed+3,207,a,0.1067
SARS-CoV2-5UTR-Amplicon-short-trimmed+3,208,a,0.0591
SARS-CoV2-5UTR-Amplicon-short-trimmed+3,209,a,0.1543
SARS-CoV2-5UTR-Amplicon-short-trimmed+3,210,g,0.1358
SARS-CoV2-5UTR-Amplicon-short-trimmed+3,211,g,0.153
SARS-CoV2-5UTR-Amplicon-short-trimmed+3,212,t,0.1343
SARS-CoV2-5UTR-Amplicon-short-trimmed+3,213,a,0.0645
SARS-CoV2-5UTR-Amplicon-short-trimmed+3,214,a,0.0731
SARS-CoV2-5UTR-Amplicon-short-trimmed+3,215,g,0.0765
SARS-CoV2-5UTR-Amplicon-short-trimmed+3,216,a,0.0491
SARS-CoV2-5UTR-Amplicon-short-trimmed+3,217,t,0.1113
SARS-CoV2-5UTR-Amplicon-short-trimmed+3,218,g,0.074
SARS-CoV2-5UTR-Amplicon-short-trimmed+3,219,g,0.0829
SARS-CoV2-5UTR-Amplicon-short-trimmed+3,220,a,0.2666
SARS-CoV2-5UTR-Amplicon-short-trimmed+3,221,g,0.1949
SARS-CoV2-5UTR-Amplicon-short-trimmed+3,222,a,0.0796
SARS-CoV2-5UTR-Amplicon-short-trimmed+3,223,g,0.2
SARS-CoV2-5UTR-Amplicon-short-trimmed+3,224,c,0.0785
SARS-CoV2-5UTR-Amplicon-short-trimmed+3,225,c,0.0631
SARS-CoV2-5UTR-Amplicon-short-trimmed+3,226,t,0.0484
SARS-CoV2-5UTR-Amplicon-short-trimmed+3,227,t,0.3192
SARS-CoV2-5UTR-Amplicon-short-trimmed+3,228,g,0.0502
SARS-CoV2-5UTR-Amplicon-short-trimmed+3,229,t,0.1314
SARS-CoV2-5UTR-Amplicon-short-trimmed+3,230,c,0.0599
SARS-CoV2-5UTR-Amplicon-short-trimmed+3,231,c,0.0601
SARS-CoV2-5UTR-Amplicon-short-trimmed+3,232,c,0.1013
SARS-CoV2-5UTR-Amplicon-short-trimmed+3,233,t,0.1633
SARS-CoV2-5UTR-Amplicon-short-trimmed+3,234,g,0.0905
SARS-CoV2-5UTR-Amplicon-short-trimmed+3,235,g,0.1424
SARS-CoV2-5UTR-Amplicon-short-trimmed+3,236,t,0.0593
SARS-CoV2-5UTR-Amplicon-short-trimmed+3,237,t,0.0539
SARS-CoV2-5UTR-Amplicon-short-trimmed+3,238,t,0.1201
SARS-CoV2-5UTR-Amplicon-short-trimmed+3,239,c,0.6218
SARS-CoV2-5UTR-Amplicon-short-trimmed+3,240,a,0.0858
SARS-CoV2-5UTR-Amplicon-short-trimmed+3,241,a,0.069
SARS-CoV2-5UTR-Amplicon-short-trimmed+3,242,c,0.0811
SARS-CoV2-5UTR-Amplicon-short-trimmed+3,243,g,0.0352
SARS-CoV2-5UTR-Amplicon-short-trimmed+3,244,a,0.2527
SARS-CoV2-5UTR-Amplicon-short-trimmed+3,245,g,0
SARS-CoV2-5UTR-Amplicon-short-trimmed+3,246,g,0
SARS-CoV2-5UTR-Amplicon-short-trimmed+3,247,G,1e-04
SARS-CoV2-5UTR-Amplicon-short-trimmed+3,248,A,0
SARS-CoV2-5UTR-Amplicon-short-trimmed+3,249,G,0
