Region,Position,Ref_base,Mut_percentage
SARS-CoV2-5UTR-Amplicon-short-trimmed+3,1,T,0
SARS-CoV2-5UTR-Amplicon-short-trimmed+3,2,T,0
SARS-CoV2-5UTR-Amplicon-short-trimmed+3,3,G,0
SARS-CoV2-5UTR-Amplicon-short-trimmed+3,4,t,0
SARS-CoV2-5UTR-Amplicon-short-trimmed+3,5,a,0
SARS-CoV2-5UTR-Amplicon-short-trimmed+3,6,g,0.0521
SARS-CoV2-5UTR-Amplicon-short-trimmed+3,7,a,0.0255
SARS-CoV2-5UTR-Amplicon-short-trimmed+3,8,t,0.0815
SARS-CoV2-5UTR-Amplicon-short-trimmed+3,9,c,0.0514
SARS-CoV2-5UTR-Amplicon-short-trimmed+3,10,t,0.0365
SARS-CoV2-5UTR-Amplicon-short-trimmed+3,11,g,0.1458
SARS-CoV2-5UTR-Amplicon-short-trimmed+3,12,t,0.0715
SARS-CoV2-5UTR-Amplicon-short-trimmed+3,13,t,0.0645
SARS-CoV2-5UTR-Amplicon-short-trimmed+3,14,c,0.0581
SARS-CoV2-5UTR-Amplicon-short-trimmed+3,15,t,0.1156
SARS-CoV2-5UTR-Amplicon-short-trimmed+3,16,c,0.0607
SARS-CoV2-5UTR-Amplicon-short-trimmed+3,17,t,0.0445
SARS-CoV2-5UTR-Amplicon-short-trimmed+3,18,a,0.072
SARS-CoV2-5UTR-Amplicon-short-trimmed+3,19,a,0.0227
SARS-CoV2-5UTR-Amplicon-short-trimmed+3,20,a,0.0307
SARS-CoV2-5UTR-Amplicon-short-trimmed+3,21,c,0.035
SARS-CoV2-5UTR-Amplicon-short-trimmed+3,22,g,0.0383
SARS-CoV2-5UTR-Amplicon-short-trimmed+3,23,a,0.0183
SARS-CoV2-5UTR-Amplicon-short-trimmed+3,24,a,0.0426
SARS-CoV2-5UTR-Amplicon-short-trimmed+3,25,c,2.0642
SARS-CoV2-5UTR-Amplicon-short-trimmed+3,26,t,0.2174
SARS-CoV2-5UTR-Amplicon-short-trimmed+3,27,t,0.1039
SARS-CoV2-5UTR-Amplicon-short-trimmed+3,28,t,0.0307
SARS-CoV2-5UTR-Amplicon-short-trimmed+3,29,a,0.0634
SARS-CoV2-5UTR-Amplicon-short-trimmed+3,30,a,0.042
SARS-CoV2-5UTR-Amplicon-short-trimmed+3,31,a,0.0779
SARS-CoV2-5UTR-Amplicon-short-trimmed+3,32,a,0.0343
SARS-CoV2-5UTR-Amplicon-short-trimmed+3,33,t,0.0799
SARS-CoV2-5UTR-Amplicon-short-trimmed+3,34,c,0.0365
SARS-CoV2-5UTR-Amplicon-short-trimmed+3,35,t,0.0615
SARS-CoV2-5UTR-Amplicon-short-trimmed+3,36,g,0.0994
SARS-CoV2-5UTR-Amplicon-short-trimmed+3,37,t,0.0743
SARS-CoV2-5UTR-Amplicon-short-trimmed+3,38,g,0.0341
SARS-CoV2-5UTR-Amplicon-short-trimmed+3,39,t,0.0625
SARS-CoV2-5UTR-Amplicon-short-trimmed+3,40,g,0.0376
SARS-CoV2-5UTR-Amplicon-short-trimmed+3,41,g,0.1196
SARS-CoV2-5UTR-Amplicon-short-trimmed+3,42,c,0.0782
SARS-CoV2-5UTR-Amplicon-short-trimmed+3,43,t,0.1284
SARS-CoV2-5UTR-Amplicon-short-trimmed+3,44,g,0.0815
SARS-CoV2-5UTR-Amplicon-short-trimmed+3,45,t,0.1509
SARS-CoV2-5UTR-Amplicon-short-trimmed+3,46,c,0.0384
SARS-CoV2-5UTR-Amplicon-short-trimmed+3,47,a,0.0443
SARS-CoV2-5UTR-Amplicon-short-trimmed+3,48,c,0.0424
SARS-CoV2-5UTR-Amplicon-short-trimmed+3,49,t,0.0598
SARS-CoV2-5UTR-Amplicon-short-trimmed+3,50,c,0.0607
SARS-CoV2-5UTR-Amplicon-short-trimmed+3,51,g,0.0843
SARS-CoV2-5UTR-Amplicon-short-trimmed+3,52,g,0.1963
SARS-CoV2-5UTR-Amplicon-short-trimmed+3,53,c,0.0967
SARS-CoV2-5UTR-Amplicon-short-trimmed+3,54,t,0.071
SARS-CoV2-5UTR-Amplicon-short-trimmed+3,55,g,0.1409
SARS-CoV2-5UTR-Amplicon-short-trimmed+3,56,c,0.093
SARS-CoV2-5UTR-Amplicon-short-trimmed+3,57,g,0.1387
SARS-CoV2-5UTR-Amplicon-short-trimmed+3,58,t,0.072
SARS-CoV2-5UTR-Amplicon-short-trimmed+3,59,g,0.1127
SARS-CoV2-5UTR-Amplicon-short-trimmed+3,60,c,0.0758
SARS-CoV2-5UTR-Amplicon-short-trimmed+3,61,t,0.0951
SARS-CoV2-5UTR-Amplicon-short-trimmed+3,62,t,0.0426
SARS-CoV2-5UTR-Amplicon-short-trimmed+3,63,a,0.036
SARS-CoV2-5UTR-Amplicon-short-trimmed+3,64,g,0.0636
SARS-CoV2-5UTR-Amplicon-short-trimmed+3,65,t,0.0367
SARS-CoV2-5UTR-Amplicon-short-trimmed+3,66,g,0.1199
SARS-CoV2-5UTR-Amplicon-short-trimmed+3,67,c,0.1353
SARS-CoV2-5UTR-Amplicon-short-trimmed+3,68,a,0.0632
SARS-CoV2-5UTR-Amplicon-short-trimmed+3,69,c,0.0706
SARS-CoV2-5UTR-Amplicon-short-trimmed+3,70,t,0.0634
SARS-CoV2-5UTR-Amplicon-short-trimmed+3,71,c,0.0382
SARS-CoV2-5UTR-Amplicon-short-trimmed+3,72,a,0.0536
SARS-CoV2-5UTR-Amplicon-short-trimmed+3,73,c,0.0613
SARS-CoV2-5UTR-Amplicon-short-trimmed+3,74,g,0.1316
SARS-CoV2-5UTR-Amplicon-short-trimmed+3,75,c,0.032
SARS-CoV2-5UTR-Amplicon-short-trimmed+3,76,a,0.0777
SARS-CoV2-5UTR-Amplicon-short-trimmed+3,77,g,0.0875
SARS-CoV2-5UTR-Amplicon-short-trimmed+3,78,t,0.0364
SARS-CoV2-5UTR-Amplicon-short-trimmed+3,79,a,0.0345
SARS-CoV2-5UTR-Amplicon-short-trimmed+3,80,t,0.0221
SARS-CoV2-5UTR-Amplicon-short-trimmed+3,81,a,0.0357
SARS-CoV2-5UTR-Amplicon-short-trimmed+3,82,a,0.0627
SARS-CoV2-5UTR-Amplicon-short-trimmed+3,83,t,0.0357
SARS-CoV2-5UTR-Amplicon-short-trimmed+3,84,t,0.0622
SARS-CoV2-5UTR-Amplicon-short-trimmed+3,85,a,0.0627
SARS-CoV2-5UTR-Amplicon-short-trimmed+3,86,a,0.0462
SARS-CoV2-5UTR-Amplicon-short-trimmed+3,87,t,0.0314
SARS-CoV2-5UTR-Amplicon-short-trimmed+3,88,a,0.047
SARS-CoV2-5UTR-Amplicon-short-trimmed+3,89,a,0.0674
SARS-CoV2-5UTR-Amplicon-short-trimmed+3,90,c,0.3115
SARS-CoV2-5UTR-Amplicon-short-trimmed+3,91,t,0.0836
SARS-CoV2-5UTR-Amplicon-short-trimmed+3,92,a,0.0367
SARS-CoV2-5UTR-Amplicon-short-trimmed+3,93,a,0.0445
SARS-CoV2-5UTR-Amplicon-short-trimmed+3,94,t,0.047
SARS-CoV2-5UTR-Amplicon-short-trimmed+3,95,t,0.0512
SARS-CoV2-5UTR-Amplicon-short-trimmed+3,96,a,0.0439
SARS-CoV2-5UTR-Amplicon-short-trimmed+3,97,c,0.0455
SARS-CoV2-5UTR-Amplicon-short-trimmed+3,98,t,0.2917
SARS-CoV2-5UTR-Amplicon-short-trimmed+3,99,g,0.076
SARS-CoV2-5UTR-Amplicon-short-trimmed+3,100,t,0.098
SARS-CoV2-5UTR-Amplicon-short-trimmed+3,101,c,0.0493
SARS-CoV2-5UTR-Amplicon-short-trimmed+3,102,g,0.0782
SARS-CoV2-5UTR-Amplicon-short-trimmed+3,103,t,0.0722
SARS-CoV2-5UTR-Amplicon-short-trimmed+3,104,t,0.1001
SARS-CoV2-5UTR-Amplicon-short-trimmed+3,105,g,0.0639
SARS-CoV2-5UTR-Amplicon-short-trimmed+3,106,a,0.0567
SARS-CoV2-5UTR-Amplicon-short-trimmed+3,107,c,0.0758
SARS-CoV2-5UTR-Amplicon-short-trimmed+3,108,a,0.0894
SARS-CoV2-5UTR-Amplicon-short-trimmed+3,109,g,0.0992
SARS-CoV2-5UTR-Amplicon-short-trimmed+3,110,g,0.099
SARS-CoV2-5UTR-Amplicon-short-trimmed+3,111,a,0.0482
SARS-CoV2-5UTR-Amplicon-short-trimmed+3,112,c,0.074
SARS-CoV2-5UTR-Amplicon-short-trimmed+3,113,a,0.0628
SARS-CoV2-5UTR-Amplicon-short-trimmed+3,114,c,0.085
SARS-CoV2-5UTR-Amplicon-short-trimmed+3,115,g,0.0579
SARS-CoV2-5UTR-Amplicon-short-trimmed+3,116,a,0.068
SARS-CoV2-5UTR-Amplicon-short-trimmed+3,117,g,0.0575
SARS-CoV2-5UTR-Amplicon-short-trimmed+3,118,t,0.1638
SARS-CoV2-5UTR-Amplicon-short-trimmed+3,119,a,0.1625
SARS-CoV2-5UTR-Amplicon-short-trimmed+3,120,a,0.12
SARS-CoV2-5UTR-Amplicon-short-trimmed+3,121,c,0.23
SARS-CoV2-5UTR-Amplicon-short-trimmed+3,122,t,0.1999
SARS-CoV2-5UTR-Amplicon-short-trimmed+3,123,c,0.2168
SARS-CoV2-5UTR-Amplicon-short-trimmed+3,124,g,0.1785
SARS-CoV2-5UTR-Amplicon-short-trimmed+3,125,t,0.3378
SARS-CoV2-5UTR-Amplicon-short-trimmed+3,126,c,0.1361
SARS-CoV2-5UTR-Amplicon-short-trimmed+3,127,t,0.0886
SARS-CoV2-5UTR-Amplicon-short-trimmed+3,128,a,0.1357
SARS-CoV2-5UTR-Amplicon-short-trimmed+3,129,t,0.5275
SARS-CoV2-5UTR-Amplicon-short-trimmed+3,130,c,0.0821
SARS-CoV2-5UTR-Amplicon-short-trimmed+3,131,t,0.1117
SARS-CoV2-5UTR-Amplicon-short-trimmed+3,132,t,0.1975
SARS-CoV2-5UTR-Amplicon-short-trimmed+3,133,c,0.2855
SARS-CoV2-5UTR-Amplicon-short-trimmed+3,134,t,0.2211
SARS-CoV2-5UTR-Amplicon-short-trimmed+3,135,g,0.1476
SARS-CoV2-5UTR-Amplicon-short-trimmed+3,136,c,0.5051
SARS-CoV2-5UTR-Amplicon-short-trimmed+3,137,a,0.2654
SARS-CoV2-5UTR-Amplicon-short-trimmed+3,138,g,0.1026
SARS-CoV2-5UTR-Amplicon-short-trimmed+3,139,g,0.3049
SARS-CoV2-5UTR-Amplicon-short-trimmed+3,140,c,0.1538
SARS-CoV2-5UTR-Amplicon-short-trimmed+3,141,t,0.3065
SARS-CoV2-5UTR-Amplicon-short-trimmed+3,142,g,0.4818
SARS-CoV2-5UTR-Amplicon-short-trimmed+3,143,c,0.1308
SARS-CoV2-5UTR-Amplicon-short-trimmed+3,144,t,0.1172
SARS-CoV2-5UTR-Amplicon-short-trimmed+3,145,t,0.1563
SARS-CoV2-5UTR-Amplicon-short-trimmed+3,146,a,0.2106
SARS-CoV2-5UTR-Amplicon-short-trimmed+3,147,c,0.1899
SARS-CoV2-5UTR-Amplicon-short-trimmed+3,148,g,0.3941
SARS-CoV2-5UTR-Amplicon-short-trimmed+3,149,g,0.1694
SARS-CoV2-5UTR-Amplicon-short-trimmed+3,150,t,0.1722
SARS-CoV2-5UTR-Amplicon-short-trimmed+3,151,t,0.1565
SARS-CoV2-5UTR-Amplicon-short-trimmed+3,152,t,0.2352
SARS-CoV2-5UTR-Amplicon-short-trimmed+3,153,c,0.2582
SARS-CoV2-5UTR-Amplicon-short-trimmed+3,154,g,0.1037
SARS-CoV2-5UTR-Amplicon-short-trimmed+3,155,t,0.3656
SARS-CoV2-5UTR-Amplicon-short-trimmed+3,156,c,0.2359
SARS-CoV2-5UTR-Amplicon-short-trimmed+3,157,c,0.2489
SARS-CoV2-5UTR-Amplicon-short-trimmed+3,158,g,0.1307
SARS-CoV2-5UTR-Amplicon-short-trimmed+3,159,t,1.4378
SARS-CoV2-5UTR-Amplicon-short-trimmed+3,160,g,0.1033
SARS-CoV2-5UTR-Amplicon-short-trimmed+3,161,t,0.1566
SARS-CoV2-5UTR-Amplicon-short-trimmed+3,162,t,0.1975
SARS-CoV2-5UTR-Amplicon-short-trimmed+3,163,g,0.1468
SARS-CoV2-5UTR-Amplicon-short-trimmed+3,164,c,0.3439
SARS-CoV2-5UTR-Amplicon-short-trimmed+3,165,a,0.4964
SARS-CoV2-5UTR-Amplicon-short-trimmed+3,166,g,0.7913
SARS-CoV2-5UTR-Amplicon-short-trimmed+3,167,c,0.2996
SARS-CoV2-5UTR-Amplicon-short-trimmed+3,168,c,0.7742
SARS-CoV2-5UTR-Amplicon-short-trimmed+3,169,g,0.1346
SARS-CoV2-5UTR-Amplicon-short-trimmed+3,170,a,0.1424
SARS-CoV2-5UTR-Amplicon-short-trimmed+3,171,t,0.1312
SARS-CoV2-5UTR-Amplicon-short-trimmed+3,172,c,0.2137
SARS-CoV2-5UTR-Amplicon-short-trimmed+3,173,a,0.0632
SARS-CoV2-5UTR-Amplicon-short-trimmed+3,174,t,0.0858
SARS-CoV2-5UTR-Amplicon-short-trimmed+3,175,c,0.28
SARS-CoV2-5UTR-Amplicon-short-trimmed+3,176,a,0.1632
SARS-CoV2-5UTR-Amplicon-short-trimmed+3,177,g,0.1353
SARS-CoV2-5UTR-Amplicon-short-trimmed+3,178,c,0.7901
SARS-CoV2-5UTR-Amplicon-short-trimmed+3,179,a,0.1364
SARS-CoV2-5UTR-Amplicon-short-trimmed+3,180,c,0.1165
SARS-CoV2-5UTR-Amplicon-short-trimmed+3,181,a,0.1069
SARS-CoV2-5UTR-Amplicon-short-trimmed+3,182,t,0.1583
SARS-CoV2-5UTR-Amplicon-short-trimmed+3,183,c,0.0886
SARS-CoV2-5UTR-Amplicon-short-trimmed+3,184,t,0.1274
SARS-CoV2-5UTR-Amplicon-short-trimmed+3,185,a,0.2239
SARS-CoV2-5UTR-Amplicon-short-trimmed+3,186,g,0.0934
SARS-CoV2-5UTR-Amplicon-short-trimmed+3,187,g,0.1043
SARS-CoV2-5UTR-Amplicon-short-trimmed+3,188,t,0.1554
SARS-CoV2-5UTR-Amplicon-short-trimmed+3,189,t,0.3143
SARS-CoV2-5UTR-Amplicon-short-trimmed+3,190,t,0.3926
SARS-CoV2-5UTR-Amplicon-short-trimmed+3,191,c,0.1784
SARS-CoV2-5UTR-Amplicon-short-trimmed+3,192,g,0.0884
SARS-CoV2-5UTR-Amplicon-short-trimmed+3,193,t,1.1851
SARS-CoV2-5UTR-Amplicon-short-trimmed+3,194,c,0.1391
SARS-CoV2-5UTR-Amplicon-short-trimmed+3,195,c,0.1859
SARS-CoV2-5UTR-Amplicon-short-trimmed+3,196,g,0.3441
SARS-CoV2-5UTR-Amplicon-short-trimmed+3,197,g,0.1549
SARS-CoV2-5UTR-Amplicon-short-trimmed+3,198,g,0.5142
SARS-CoV2-5UTR-Amplicon-short-trimmed+3,199,t,0.2461
SARS-CoV2-5UTR-Amplicon-short-trimmed+3,200,g,0.0869
SARS-CoV2-5UTR-Amplicon-short-trimmed+3,201,t,0.1379
SARS-CoV2-5UTR-Amplicon-short-trimmed+3,202,g,0.1189
SARS-CoV2-5UTR-Amplicon-short-trimmed+3,203,a,0.3494
SARS-CoV2-5UTR-Amplicon-short-trimmed+3,204,c,0.1149
SARS-CoV2-5UTR-Amplicon-short-trimmed+3,205,c,0.1078
SARS-CoV2-5UTR-Amplicon-short-trimmed+3,206,g,0.1
SARS-CoV2-5UTR-Amplicon-short-trimmed+3,207,a,0.1345
SARS-CoV2-5UTR-Amplicon-short-trimmed+3,208,a,0.0846
SARS-CoV2-5UTR-Amplicon-short-trimmed+3,209,a,0.185
SARS-CoV2-5UTR-Amplicon-short-trimmed+3,210,g,0.1701
SARS-CoV2-5UTR-Amplicon-short-trimmed+3,211,g,0.1655
SARS-CoV2-5UTR-Amplicon-short-trimmed+3,212,t,0.1551
SARS-CoV2-5UTR-Amplicon-short-trimmed+3,213,a,0.0727
SARS-CoV2-5UTR-Amplicon-short-trimmed+3,214,a,0.0839
SARS-CoV2-5UTR-Amplicon-short-trimmed+3,215,g,0.0815
SARS-CoV2-5UTR-Amplicon-short-trimmed+3,216,a,0.0507
SARS-CoV2-5UTR-Amplicon-short-trimmed+3,217,t,0.1308
SARS-CoV2-5UTR-Amplicon-short-trimmed+3,218,g,0.0832
SARS-CoV2-5UTR-Amplicon-short-trimmed+3,219,g,0.1064
SARS-CoV2-5UTR-Amplicon-short-trimmed+3,220,a,0.3075
SARS-CoV2-5UTR-Amplicon-short-trimmed+3,221,g,0.2338
SARS-CoV2-5UTR-Amplicon-short-trimmed+3,222,a,0.1026
SARS-CoV2-5UTR-Amplicon-short-trimmed+3,223,g,0.2148
SARS-CoV2-5UTR-Amplicon-short-trimmed+3,224,c,0.0916
SARS-CoV2-5UTR-Amplicon-short-trimmed+3,225,c,0.0912
SARS-CoV2-5UTR-Amplicon-short-trimmed+3,226,t,0.0597
SARS-CoV2-5UTR-Amplicon-short-trimmed+3,227,t,0.3669
SARS-CoV2-5UTR-Amplicon-short-trimmed+3,228,g,0.0659
SARS-CoV2-5UTR-Amplicon-short-trimmed+3,229,t,0.1483
SARS-CoV2-5UTR-Amplicon-short-trimmed+3,230,c,0.0813
SARS-CoV2-5UTR-Amplicon-short-trimmed+3,231,c,0.0687
SARS-CoV2-5UTR-Amplicon-short-trimmed+3,232,c,0.1239
SARS-CoV2-5UTR-Amplicon-short-trimmed+3,233,t,0.1885
SARS-CoV2-5UTR-Amplicon-short-trimmed+3,234,g,0.0926
SARS-CoV2-5UTR-Amplicon-short-trimmed+3,235,g,0.165
SARS-CoV2-5UTR-Amplicon-short-trimmed+3,236,t,0.0846
SARS-CoV2-5UTR-Amplicon-short-trimmed+3,237,t,0.0677
SARS-CoV2-5UTR-Amplicon-short-trimmed+3,238,t,0.1431
SARS-CoV2-5UTR-Amplicon-short-trimmed+3,239,c,0.6308
SARS-CoV2-5UTR-Amplicon-short-trimmed+3,240,a,0.0904
SARS-CoV2-5UTR-Amplicon-short-trimmed+3,241,a,0.0815
SARS-CoV2-5UTR-Amplicon-short-trimmed+3,242,c,0.0912
SARS-CoV2-5UTR-Amplicon-short-trimmed+3,243,g,0.0384
SARS-CoV2-5UTR-Amplicon-short-trimmed+3,244,a,0.3047
SARS-CoV2-5UTR-Amplicon-short-trimmed+3,245,g,0
SARS-CoV2-5UTR-Amplicon-short-trimmed+3,246,g,0
SARS-CoV2-5UTR-Amplicon-short-trimmed+3,247,G,0
SARS-CoV2-5UTR-Amplicon-short-trimmed+3,248,A,0
SARS-CoV2-5UTR-Amplicon-short-trimmed+3,249,G,0
