Region,Position,Ref_base,Mut_percentage
SARS-CoV2-5UTR-Amplicon-short-trimmed+3,1,T,0
SARS-CoV2-5UTR-Amplicon-short-trimmed+3,2,T,0
SARS-CoV2-5UTR-Amplicon-short-trimmed+3,3,G,0
SARS-CoV2-5UTR-Amplicon-short-trimmed+3,4,t,0
SARS-CoV2-5UTR-Amplicon-short-trimmed+3,5,a,0
SARS-CoV2-5UTR-Amplicon-short-trimmed+3,6,g,0.0514
SARS-CoV2-5UTR-Amplicon-short-trimmed+3,7,a,0.036
SARS-CoV2-5UTR-Amplicon-short-trimmed+3,8,t,0.0732
SARS-CoV2-5UTR-Amplicon-short-trimmed+3,9,c,0.0673
SARS-CoV2-5UTR-Amplicon-short-trimmed+3,10,t,0.0322
SARS-CoV2-5UTR-Amplicon-short-trimmed+3,11,g,0.1622
SARS-CoV2-5UTR-Amplicon-short-trimmed+3,12,t,0.0668
SARS-CoV2-5UTR-Amplicon-short-trimmed+3,13,t,0.078
SARS-CoV2-5UTR-Amplicon-short-trimmed+3,14,c,0.0733
SARS-CoV2-5UTR-Amplicon-short-trimmed+3,15,t,0.1118
SARS-CoV2-5UTR-Amplicon-short-trimmed+3,16,c,0.0617
SARS-CoV2-5UTR-Amplicon-short-trimmed+3,17,t,0.0438
SARS-CoV2-5UTR-Amplicon-short-trimmed+3,18,a,0.0811
SARS-CoV2-5UTR-Amplicon-short-trimmed+3,19,a,0.0174
SARS-CoV2-5UTR-Amplicon-short-trimmed+3,20,a,0.0391
SARS-CoV2-5UTR-Amplicon-short-trimmed+3,21,c,0.0613
SARS-CoV2-5UTR-Amplicon-short-trimmed+3,22,g,0.0486
SARS-CoV2-5UTR-Amplicon-short-trimmed+3,23,a,0.0292
SARS-CoV2-5UTR-Amplicon-short-trimmed+3,24,a,0.0443
SARS-CoV2-5UTR-Amplicon-short-trimmed+3,25,c,1.8949
SARS-CoV2-5UTR-Amplicon-short-trimmed+3,26,t,0.2096
SARS-CoV2-5UTR-Amplicon-short-trimmed+3,27,t,0.1019
SARS-CoV2-5UTR-Amplicon-short-trimmed+3,28,t,0.0261
SARS-CoV2-5UTR-Amplicon-short-trimmed+3,29,a,0.0716
SARS-CoV2-5UTR-Amplicon-short-trimmed+3,30,a,0.0432
SARS-CoV2-5UTR-Amplicon-short-trimmed+3,31,a,0.0845
SARS-CoV2-5UTR-Amplicon-short-trimmed+3,32,a,0.0464
SARS-CoV2-5UTR-Amplicon-short-trimmed+3,33,t,0.0865
SARS-CoV2-5UTR-Amplicon-short-trimmed+3,34,c,0.0526
SARS-CoV2-5UTR-Amplicon-short-trimmed+3,35,t,0.0699
SARS-CoV2-5UTR-Amplicon-short-trimmed+3,36,g,0.0978
SARS-CoV2-5UTR-Amplicon-short-trimmed+3,37,t,0.075
SARS-CoV2-5UTR-Amplicon-short-trimmed+3,38,g,0.034
SARS-CoV2-5UTR-Amplicon-short-trimmed+3,39,t,0.0693
SARS-CoV2-5UTR-Amplicon-short-trimmed+3,40,g,0.0522
SARS-CoV2-5UTR-Amplicon-short-trimmed+3,41,g,0.1197
SARS-CoV2-5UTR-Amplicon-short-trimmed+3,42,c,0.0918
SARS-CoV2-5UTR-Amplicon-short-trimmed+3,43,t,0.1365
SARS-CoV2-5UTR-Amplicon-short-trimmed+3,44,g,0.0989
SARS-CoV2-5UTR-Amplicon-short-trimmed+3,45,t,0.1542
SARS-CoV2-5UTR-Amplicon-short-trimmed+3,46,c,0.0517
SARS-CoV2-5UTR-Amplicon-short-trimmed+3,47,a,0.0598
SARS-CoV2-5UTR-Amplicon-short-trimmed+3,48,c,0.0557
SARS-CoV2-5UTR-Amplicon-short-trimmed+3,49,t,0.0612
SARS-CoV2-5UTR-Amplicon-short-trimmed+3,50,c,0.0815
SARS-CoV2-5UTR-Amplicon-short-trimmed+3,51,g,0.086
SARS-CoV2-5UTR-Amplicon-short-trimmed+3,52,g,0.2079
SARS-CoV2-5UTR-Amplicon-short-trimmed+3,53,c,0.1436
SARS-CoV2-5UTR-Amplicon-short-trimmed+3,54,t,0.0691
SARS-CoV2-5UTR-Amplicon-short-trimmed+3,55,g,0.1562
SARS-CoV2-5UTR-Amplicon-short-trimmed+3,56,c,0.1098
SARS-CoV2-5UTR-Amplicon-short-trimmed+3,57,g,0.1727
SARS-CoV2-5UTR-Amplicon-short-trimmed+3,58,t,0.0769
SARS-CoV2-5UTR-Amplicon-short-trimmed+3,59,g,0.128
SARS-CoV2-5UTR-Amplicon-short-trimmed+3,60,c,0.0905
SARS-CoV2-5UTR-Amplicon-short-trimmed+3,61,t,0.091
SARS-CoV2-5UTR-Amplicon-short-trimmed+3,62,t,0.046
SARS-CoV2-5UTR-Amplicon-short-trimmed+3,63,a,0.0449
SARS-CoV2-5UTR-Amplicon-short-trimmed+3,64,g,0.0703
SARS-CoV2-5UTR-Amplicon-short-trimmed+3,65,t,0.0453
SARS-CoV2-5UTR-Amplicon-short-trimmed+3,66,g,0.1188
SARS-CoV2-5UTR-Amplicon-short-trimmed+3,67,c,0.1647
SARS-CoV2-5UTR-Amplicon-short-trimmed+3,68,a,0.0759
SARS-CoV2-5UTR-Amplicon-short-trimmed+3,69,c,0.0775
SARS-CoV2-5UTR-Amplicon-short-trimmed+3,70,t,0.0693
SARS-CoV2-5UTR-Amplicon-short-trimmed+3,71,c,0.048
SARS-CoV2-5UTR-Amplicon-short-trimmed+3,72,a,0.0545
SARS-CoV2-5UTR-Amplicon-short-trimmed+3,73,c,0.0719
SARS-CoV2-5UTR-Amplicon-short-trimmed+3,74,g,0.1298
SARS-CoV2-5UTR-Amplicon-short-trimmed+3,75,c,0.0385
SARS-CoV2-5UTR-Amplicon-short-trimmed+3,76,a,0.1036
SARS-CoV2-5UTR-Amplicon-short-trimmed+3,77,g,0.0868
SARS-CoV2-5UTR-Amplicon-short-trimmed+3,78,t,0.0516
SARS-CoV2-5UTR-Amplicon-short-trimmed+3,79,a,0.0461
SARS-CoV2-5UTR-Amplicon-short-trimmed+3,80,t,0.0323
SARS-CoV2-5UTR-Amplicon-short-trimmed+3,81,a,0.0433
SARS-CoV2-5UTR-Amplicon-short-trimmed+3,82,a,0.0756
SARS-CoV2-5UTR-Amplicon-short-trimmed+3,83,t,0.0408
SARS-CoV2-5UTR-Amplicon-short-trimmed+3,84,t,0.0811
SARS-CoV2-5UTR-Amplicon-short-trimmed+3,85,a,0.079
SARS-CoV2-5UTR-Amplicon-short-trimmed+3,86,a,0.0798
SARS-CoV2-5UTR-Amplicon-short-trimmed+3,87,t,0.0312
SARS-CoV2-5UTR-Amplicon-short-trimmed+3,88,a,0.0526
SARS-CoV2-5UTR-Amplicon-short-trimmed+3,89,a,0.0654
SARS-CoV2-5UTR-Amplicon-short-trimmed+3,90,c,0.3272
SARS-CoV2-5UTR-Amplicon-short-trimmed+3,91,t,0.1084
SARS-CoV2-5UTR-Amplicon-short-trimmed+3,92,a,0.0615
SARS-CoV2-5UTR-Amplicon-short-trimmed+3,93,a,0.0607
SARS-CoV2-5UTR-Amplicon-short-trimmed+3,94,t,0.0607
SARS-CoV2-5UTR-Amplicon-short-trimmed+3,95,t,0.0612
SARS-CoV2-5UTR-Amplicon-short-trimmed+3,96,a,0.0632
SARS-CoV2-5UTR-Amplicon-short-trimmed+3,97,c,0.0523
SARS-CoV2-5UTR-Amplicon-short-trimmed+3,98,t,0.2926
SARS-CoV2-5UTR-Amplicon-short-trimmed+3,99,g,0.0926
SARS-CoV2-5UTR-Amplicon-short-trimmed+3,100,t,0.114
SARS-CoV2-5UTR-Amplicon-short-trimmed+3,101,c,0.0676
SARS-CoV2-5UTR-Amplicon-short-trimmed+3,102,g,0.1225
SARS-CoV2-5UTR-Amplicon-short-trimmed+3,103,t,0.0884
SARS-CoV2-5UTR-Amplicon-short-trimmed+3,104,t,0.1277
SARS-CoV2-5UTR-Amplicon-short-trimmed+3,105,g,0.0812
SARS-CoV2-5UTR-Amplicon-short-trimmed+3,106,a,0.0837
SARS-CoV2-5UTR-Amplicon-short-trimmed+3,107,c,0.0992
SARS-CoV2-5UTR-Amplicon-short-trimmed+3,108,a,0.121
SARS-CoV2-5UTR-Amplicon-short-trimmed+3,109,g,0.1051
SARS-CoV2-5UTR-Amplicon-short-trimmed+3,110,g,0.1122
SARS-CoV2-5UTR-Amplicon-short-trimmed+3,111,a,0.0708
SARS-CoV2-5UTR-Amplicon-short-trimmed+3,112,c,0.0944
SARS-CoV2-5UTR-Amplicon-short-trimmed+3,113,a,0.1035
SARS-CoV2-5UTR-Amplicon-short-trimmed+3,114,c,0.1075
SARS-CoV2-5UTR-Amplicon-short-trimmed+3,115,g,0.0625
SARS-CoV2-5UTR-Amplicon-short-trimmed+3,116,a,0.0904
SARS-CoV2-5UTR-Amplicon-short-trimmed+3,117,g,0.0676
SARS-CoV2-5UTR-Amplicon-short-trimmed+3,118,t,0.1839
SARS-CoV2-5UTR-Amplicon-short-trimmed+3,119,a,0.2
SARS-CoV2-5UTR-Amplicon-short-trimmed+3,120,a,0.1544
SARS-CoV2-5UTR-Amplicon-short-trimmed+3,121,c,0.2181
SARS-CoV2-5UTR-Amplicon-short-trimmed+3,122,t,0.2673
SARS-CoV2-5UTR-Amplicon-short-trimmed+3,123,c,0.2299
SARS-CoV2-5UTR-Amplicon-short-trimmed+3,124,g,0.1889
SARS-CoV2-5UTR-Amplicon-short-trimmed+3,125,t,0.3698
SARS-CoV2-5UTR-Amplicon-short-trimmed+3,126,c,0.1558
SARS-CoV2-5UTR-Amplicon-short-trimmed+3,127,t,0.1072
SARS-CoV2-5UTR-Amplicon-short-trimmed+3,128,a,0.1588
SARS-CoV2-5UTR-Amplicon-short-trimmed+3,129,t,0.6678
SARS-CoV2-5UTR-Amplicon-short-trimmed+3,130,c,0.0962
SARS-CoV2-5UTR-Amplicon-short-trimmed+3,131,t,0.1406
SARS-CoV2-5UTR-Amplicon-short-trimmed+3,132,t,0.2209
SARS-CoV2-5UTR-Amplicon-short-trimmed+3,133,c,0.2976
SARS-CoV2-5UTR-Amplicon-short-trimmed+3,134,t,0.2659
SARS-CoV2-5UTR-Amplicon-short-trimmed+3,135,g,0.1479
SARS-CoV2-5UTR-Amplicon-short-trimmed+3,136,c,0.4237
SARS-CoV2-5UTR-Amplicon-short-trimmed+3,137,a,0.3299
SARS-CoV2-5UTR-Amplicon-short-trimmed+3,138,g,0.113
SARS-CoV2-5UTR-Amplicon-short-trimmed+3,139,g,0.2969
SARS-CoV2-5UTR-Amplicon-short-trimmed+3,140,c,0.1349
SARS-CoV2-5UTR-Amplicon-short-trimmed+3,141,t,0.3565
SARS-CoV2-5UTR-Amplicon-short-trimmed+3,142,g,0.4904
SARS-CoV2-5UTR-Amplicon-short-trimmed+3,143,c,0.1272
SARS-CoV2-5UTR-Amplicon-short-trimmed+3,144,t,0.1339
SARS-CoV2-5UTR-Amplicon-short-trimmed+3,145,t,0.1698
SARS-CoV2-5UTR-Amplicon-short-trimmed+3,146,a,0.2301
SARS-CoV2-5UTR-Amplicon-short-trimmed+3,147,c,0.199
SARS-CoV2-5UTR-Amplicon-short-trimmed+3,148,g,0.3829
SARS-CoV2-5UTR-Amplicon-short-trimmed+3,149,g,0.1939
SARS-CoV2-5UTR-Amplicon-short-trimmed+3,150,t,0.1796
SARS-CoV2-5UTR-Amplicon-short-trimmed+3,151,t,0.1774
SARS-CoV2-5UTR-Amplicon-short-trimmed+3,152,t,0.2945
SARS-CoV2-5UTR-Amplicon-short-trimmed+3,153,c,0.2754
SARS-CoV2-5UTR-Amplicon-short-trimmed+3,154,g,0.1059
SARS-CoV2-5UTR-Amplicon-short-trimmed+3,155,t,0.3962
SARS-CoV2-5UTR-Amplicon-short-trimmed+3,156,c,0.2634
SARS-CoV2-5UTR-Amplicon-short-trimmed+3,157,c,0.2401
SARS-CoV2-5UTR-Amplicon-short-trimmed+3,158,g,0.1334
SARS-CoV2-5UTR-Amplicon-short-trimmed+3,159,t,1.5836
SARS-CoV2-5UTR-Amplicon-short-trimmed+3,160,g,0.0952
SARS-CoV2-5UTR-Amplicon-short-trimmed+3,161,t,0.1684
SARS-CoV2-5UTR-Amplicon-short-trimmed+3,162,t,0.2256
SARS-CoV2-5UTR-Amplicon-short-trimmed+3,163,g,0.1429
SARS-CoV2-5UTR-Amplicon-short-trimmed+3,164,c,0.3253
SARS-CoV2-5UTR-Amplicon-short-trimmed+3,165,a,0.3889
SARS-CoV2-5UTR-Amplicon-short-trimmed+3,166,g,0.5017
SARS-CoV2-5UTR-Amplicon-short-trimmed+3,167,c,0.3119
SARS-CoV2-5UTR-Amplicon-short-trimmed+3,168,c,0.5192
SARS-CoV2-5UTR-Amplicon-short-trimmed+3,169,g,0.1118
SARS-CoV2-5UTR-Amplicon-short-trimmed+3,170,a,0.1566
SARS-CoV2-5UTR-Amplicon-short-trimmed+3,171,t,0.1578
SARS-CoV2-5UTR-Amplicon-short-trimmed+3,172,c,0.2113
SARS-CoV2-5UTR-Amplicon-short-trimmed+3,173,a,0.0742
SARS-CoV2-5UTR-Amplicon-short-trimmed+3,174,t,0.1073
SARS-CoV2-5UTR-Amplicon-short-trimmed+3,175,c,0.2464
SARS-CoV2-5UTR-Amplicon-short-trimmed+3,176,a,0.158
SARS-CoV2-5UTR-Amplicon-short-trimmed+3,177,g,0.1388
SARS-CoV2-5UTR-Amplicon-short-trimmed+3,178,c,0.6359
SARS-CoV2-5UTR-Amplicon-short-trimmed+3,179,a,0.1561
SARS-CoV2-5UTR-Amplicon-short-trimmed+3,180,c,0.1037
SARS-CoV2-5UTR-Amplicon-short-trimmed+3,181,a,0.1252
SARS-CoV2-5UTR-Amplicon-short-trimmed+3,182,t,0.1661
SARS-CoV2-5UTR-Amplicon-short-trimmed+3,183,c,0.1092
SARS-CoV2-5UTR-Amplicon-short-trimmed+3,184,t,0.1092
SARS-CoV2-5UTR-Amplicon-short-trimmed+3,185,a,0.195
SARS-CoV2-5UTR-Amplicon-short-trimmed+3,186,g,0.0933
SARS-CoV2-5UTR-Amplicon-short-trimmed+3,187,g,0.1025
SARS-CoV2-5UTR-Amplicon-short-trimmed+3,188,t,0.1611
SARS-CoV2-5UTR-Amplicon-short-trimmed+3,189,t,0.3172
SARS-CoV2-5UTR-Amplicon-short-trimmed+3,190,t,0.4534
SARS-CoV2-5UTR-Amplicon-short-trimmed+3,191,c,0.1923
SARS-CoV2-5UTR-Amplicon-short-trimmed+3,192,g,0.0872
SARS-CoV2-5UTR-Amplicon-short-trimmed+3,193,t,1.2591
SARS-CoV2-5UTR-Amplicon-short-trimmed+3,194,c,0.148
SARS-CoV2-5UTR-Amplicon-short-trimmed+3,195,c,0.2068
SARS-CoV2-5UTR-Amplicon-short-trimmed+3,196,g,0.3559
SARS-CoV2-5UTR-Amplicon-short-trimmed+3,197,g,0.1648
SARS-CoV2-5UTR-Amplicon-short-trimmed+3,198,g,0.5453
SARS-CoV2-5UTR-Amplicon-short-trimmed+3,199,t,0.2507
SARS-CoV2-5UTR-Amplicon-short-trimmed+3,200,g,0.0829
SARS-CoV2-5UTR-Amplicon-short-trimmed+3,201,t,0.1502
SARS-CoV2-5UTR-Amplicon-short-trimmed+3,202,g,0.116
SARS-CoV2-5UTR-Amplicon-short-trimmed+3,203,a,0.3813
SARS-CoV2-5UTR-Amplicon-short-trimmed+3,204,c,0.1446
SARS-CoV2-5UTR-Amplicon-short-trimmed+3,205,c,0.1129
SARS-CoV2-5UTR-Amplicon-short-trimmed+3,206,g,0.0925
SARS-CoV2-5UTR-Amplicon-short-trimmed+3,207,a,0.1323
SARS-CoV2-5UTR-Amplicon-short-trimmed+3,208,a,0.0751
SARS-CoV2-5UTR-Amplicon-short-trimmed+3,209,a,0.164
SARS-CoV2-5UTR-Amplicon-short-trimmed+3,210,g,0.1434
SARS-CoV2-5UTR-Amplicon-short-trimmed+3,211,g,0.1471
SARS-CoV2-5UTR-Amplicon-short-trimmed+3,212,t,0.1584
SARS-CoV2-5UTR-Amplicon-short-trimmed+3,213,a,0.0725
SARS-CoV2-5UTR-Amplicon-short-trimmed+3,214,a,0.0981
SARS-CoV2-5UTR-Amplicon-short-trimmed+3,215,g,0.0723
SARS-CoV2-5UTR-Amplicon-short-trimmed+3,216,a,0.0616
SARS-CoV2-5UTR-Amplicon-short-trimmed+3,217,t,0.1407
SARS-CoV2-5UTR-Amplicon-short-trimmed+3,218,g,0.0653
SARS-CoV2-5UTR-Amplicon-short-trimmed+3,219,g,0.0756
SARS-CoV2-5UTR-Amplicon-short-trimmed+3,220,a,0.2463
SARS-CoV2-5UTR-Amplicon-short-trimmed+3,221,g,0.1443
SARS-CoV2-5UTR-Amplicon-short-trimmed+3,222,a,0.0832
SARS-CoV2-5UTR-Amplicon-short-trimmed+3,223,g,0.1895
SARS-CoV2-5UTR-Amplicon-short-trimmed+3,224,c,0.1135
SARS-CoV2-5UTR-Amplicon-short-trimmed+3,225,c,0.1057
SARS-CoV2-5UTR-Amplicon-short-trimmed+3,226,t,0.0625
SARS-CoV2-5UTR-Amplicon-short-trimmed+3,227,t,0.3309
SARS-CoV2-5UTR-Amplicon-short-trimmed+3,228,g,0.049
SARS-CoV2-5UTR-Amplicon-short-trimmed+3,229,t,0.1681
SARS-CoV2-5UTR-Amplicon-short-trimmed+3,230,c,0.0773
SARS-CoV2-5UTR-Amplicon-short-trimmed+3,231,c,0.081
SARS-CoV2-5UTR-Amplicon-short-trimmed+3,232,c,0.1155
SARS-CoV2-5UTR-Amplicon-short-trimmed+3,233,t,0.2011
SARS-CoV2-5UTR-Amplicon-short-trimmed+3,234,g,0.0841
SARS-CoV2-5UTR-Amplicon-short-trimmed+3,235,g,0.1387
SARS-CoV2-5UTR-Amplicon-short-trimmed+3,236,t,0.0835
SARS-CoV2-5UTR-Amplicon-short-trimmed+3,237,t,0.074
SARS-CoV2-5UTR-Amplicon-short-trimmed+3,238,t,0.1448
SARS-CoV2-5UTR-Amplicon-short-trimmed+3,239,c,0.6331
SARS-CoV2-5UTR-Amplicon-short-trimmed+3,240,a,0.1051
SARS-CoV2-5UTR-Amplicon-short-trimmed+3,241,a,0.0781
SARS-CoV2-5UTR-Amplicon-short-trimmed+3,242,c,0.0846
SARS-CoV2-5UTR-Amplicon-short-trimmed+3,243,g,0.0389
SARS-CoV2-5UTR-Amplicon-short-trimmed+3,244,a,0.2005
SARS-CoV2-5UTR-Amplicon-short-trimmed+3,245,g,0
SARS-CoV2-5UTR-Amplicon-short-trimmed+3,246,g,0
SARS-CoV2-5UTR-Amplicon-short-trimmed+3,247,G,0
SARS-CoV2-5UTR-Amplicon-short-trimmed+3,248,A,0
SARS-CoV2-5UTR-Amplicon-short-trimmed+3,249,G,0
