Region,Position,Ref_base,Mut_percentage
SARS-CoV2-5UTR-Amplicon-short-trimmed+3,1,T,0
SARS-CoV2-5UTR-Amplicon-short-trimmed+3,2,T,0
SARS-CoV2-5UTR-Amplicon-short-trimmed+3,3,G,0
SARS-CoV2-5UTR-Amplicon-short-trimmed+3,4,t,0
SARS-CoV2-5UTR-Amplicon-short-trimmed+3,5,a,0
SARS-CoV2-5UTR-Amplicon-short-trimmed+3,6,g,0.0534
SARS-CoV2-5UTR-Amplicon-short-trimmed+3,7,a,0.0316
SARS-CoV2-5UTR-Amplicon-short-trimmed+3,8,t,0.0927
SARS-CoV2-5UTR-Amplicon-short-trimmed+3,9,c,0.0708
SARS-CoV2-5UTR-Amplicon-short-trimmed+3,10,t,0.0428
SARS-CoV2-5UTR-Amplicon-short-trimmed+3,11,g,0.2022
SARS-CoV2-5UTR-Amplicon-short-trimmed+3,12,t,0.092
SARS-CoV2-5UTR-Amplicon-short-trimmed+3,13,t,0.0828
SARS-CoV2-5UTR-Amplicon-short-trimmed+3,14,c,0.0641
SARS-CoV2-5UTR-Amplicon-short-trimmed+3,15,t,0.1358
SARS-CoV2-5UTR-Amplicon-short-trimmed+3,16,c,0.064
SARS-CoV2-5UTR-Amplicon-short-trimmed+3,17,t,0.0444
SARS-CoV2-5UTR-Amplicon-short-trimmed+3,18,a,0.0897
SARS-CoV2-5UTR-Amplicon-short-trimmed+3,19,a,0.0234
SARS-CoV2-5UTR-Amplicon-short-trimmed+3,20,a,0.0297
SARS-CoV2-5UTR-Amplicon-short-trimmed+3,21,c,0.0341
SARS-CoV2-5UTR-Amplicon-short-trimmed+3,22,g,0.059
SARS-CoV2-5UTR-Amplicon-short-trimmed+3,23,a,0.025
SARS-CoV2-5UTR-Amplicon-short-trimmed+3,24,a,0.0502
SARS-CoV2-5UTR-Amplicon-short-trimmed+3,25,c,1.8794
SARS-CoV2-5UTR-Amplicon-short-trimmed+3,26,t,0.251
SARS-CoV2-5UTR-Amplicon-short-trimmed+3,27,t,0.1187
SARS-CoV2-5UTR-Amplicon-short-trimmed+3,28,t,0.0296
SARS-CoV2-5UTR-Amplicon-short-trimmed+3,29,a,0.0819
SARS-CoV2-5UTR-Amplicon-short-trimmed+3,30,a,0.0555
SARS-CoV2-5UTR-Amplicon-short-trimmed+3,31,a,0.0908
SARS-CoV2-5UTR-Amplicon-short-trimmed+3,32,a,0.0387
SARS-CoV2-5UTR-Amplicon-short-trimmed+3,33,t,0.0847
SARS-CoV2-5UTR-Amplicon-short-trimmed+3,34,c,0.0385
SARS-CoV2-5UTR-Amplicon-short-trimmed+3,35,t,0.0721
SARS-CoV2-5UTR-Amplicon-short-trimmed+3,36,g,0.1016
SARS-CoV2-5UTR-Amplicon-short-trimmed+3,37,t,0.0805
SARS-CoV2-5UTR-Amplicon-short-trimmed+3,38,g,0.0357
SARS-CoV2-5UTR-Amplicon-short-trimmed+3,39,t,0.0562
SARS-CoV2-5UTR-Amplicon-short-trimmed+3,40,g,0.0531
SARS-CoV2-5UTR-Amplicon-short-trimmed+3,41,g,0.1212
SARS-CoV2-5UTR-Amplicon-short-trimmed+3,42,c,0.0769
SARS-CoV2-5UTR-Amplicon-short-trimmed+3,43,t,0.1537
SARS-CoV2-5UTR-Amplicon-short-trimmed+3,44,g,0.0918
SARS-CoV2-5UTR-Amplicon-short-trimmed+3,45,t,0.1528
SARS-CoV2-5UTR-Amplicon-short-trimmed+3,46,c,0.0375
SARS-CoV2-5UTR-Amplicon-short-trimmed+3,47,a,0.0405
SARS-CoV2-5UTR-Amplicon-short-trimmed+3,48,c,0.0424
SARS-CoV2-5UTR-Amplicon-short-trimmed+3,49,t,0.0662
SARS-CoV2-5UTR-Amplicon-short-trimmed+3,50,c,0.0709
SARS-CoV2-5UTR-Amplicon-short-trimmed+3,51,g,0.1003
SARS-CoV2-5UTR-Amplicon-short-trimmed+3,52,g,0.2295
SARS-CoV2-5UTR-Amplicon-short-trimmed+3,53,c,0.1445
SARS-CoV2-5UTR-Amplicon-short-trimmed+3,54,t,0.0752
SARS-CoV2-5UTR-Amplicon-short-trimmed+3,55,g,0.1886
SARS-CoV2-5UTR-Amplicon-short-trimmed+3,56,c,0.0936
SARS-CoV2-5UTR-Amplicon-short-trimmed+3,57,g,0.2127
SARS-CoV2-5UTR-Amplicon-short-trimmed+3,58,t,0.0849
SARS-CoV2-5UTR-Amplicon-short-trimmed+3,59,g,0.1511
SARS-CoV2-5UTR-Amplicon-short-trimmed+3,60,c,0.0841
SARS-CoV2-5UTR-Amplicon-short-trimmed+3,61,t,0.1131
SARS-CoV2-5UTR-Amplicon-short-trimmed+3,62,t,0.061
SARS-CoV2-5UTR-Amplicon-short-trimmed+3,63,a,0.0508
SARS-CoV2-5UTR-Amplicon-short-trimmed+3,64,g,0.0665
SARS-CoV2-5UTR-Amplicon-short-trimmed+3,65,t,0.0534
SARS-CoV2-5UTR-Amplicon-short-trimmed+3,66,g,0.1375
SARS-CoV2-5UTR-Amplicon-short-trimmed+3,67,c,0.144
SARS-CoV2-5UTR-Amplicon-short-trimmed+3,68,a,0.0824
SARS-CoV2-5UTR-Amplicon-short-trimmed+3,69,c,0.0728
SARS-CoV2-5UTR-Amplicon-short-trimmed+3,70,t,0.0805
SARS-CoV2-5UTR-Amplicon-short-trimmed+3,71,c,0.0508
SARS-CoV2-5UTR-Amplicon-short-trimmed+3,72,a,0.0672
SARS-CoV2-5UTR-Amplicon-short-trimmed+3,73,c,0.0599
SARS-CoV2-5UTR-Amplicon-short-trimmed+3,74,g,0.142
SARS-CoV2-5UTR-Amplicon-short-trimmed+3,75,c,0.0371
SARS-CoV2-5UTR-Amplicon-short-trimmed+3,76,a,0.1146
SARS-CoV2-5UTR-Amplicon-short-trimmed+3,77,g,0.1064
SARS-CoV2-5UTR-Amplicon-short-trimmed+3,78,t,0.0581
SARS-CoV2-5UTR-Amplicon-short-trimmed+3,79,a,0.0515
SARS-CoV2-5UTR-Amplicon-short-trimmed+3,80,t,0.0375
SARS-CoV2-5UTR-Amplicon-short-trimmed+3,81,a,0.0528
SARS-CoV2-5UTR-Amplicon-short-trimmed+3,82,a,0.0869
SARS-CoV2-5UTR-Amplicon-short-trimmed+3,83,t,0.039
SARS-CoV2-5UTR-Amplicon-short-trimmed+3,84,t,0.1111
SARS-CoV2-5UTR-Amplicon-short-trimmed+3,85,a,0.1002
SARS-CoV2-5UTR-Amplicon-short-trimmed+3,86,a,0.0844
SARS-CoV2-5UTR-Amplicon-short-trimmed+3,87,t,0.0427
SARS-CoV2-5UTR-Amplicon-short-trimmed+3,88,a,0.0708
SARS-CoV2-5UTR-Amplicon-short-trimmed+3,89,a,0.0802
SARS-CoV2-5UTR-Amplicon-short-trimmed+3,90,c,0.3131
SARS-CoV2-5UTR-Amplicon-short-trimmed+3,91,t,0.1224
SARS-CoV2-5UTR-Amplicon-short-trimmed+3,92,a,0.0634
SARS-CoV2-5UTR-Amplicon-short-trimmed+3,93,a,0.0615
SARS-CoV2-5UTR-Amplicon-short-trimmed+3,94,t,0.0666
SARS-CoV2-5UTR-Amplicon-short-trimmed+3,95,t,0.0712
SARS-CoV2-5UTR-Amplicon-short-trimmed+3,96,a,0.0627
SARS-CoV2-5UTR-Amplicon-short-trimmed+3,97,c,0.0421
SARS-CoV2-5UTR-Amplicon-short-trimmed+3,98,t,0.2973
SARS-CoV2-5UTR-Amplicon-short-trimmed+3,99,g,0.1017
SARS-CoV2-5UTR-Amplicon-short-trimmed+3,100,t,0.1261
SARS-CoV2-5UTR-Amplicon-short-trimmed+3,101,c,0.0577
SARS-CoV2-5UTR-Amplicon-short-trimmed+3,102,g,0.1131
SARS-CoV2-5UTR-Amplicon-short-trimmed+3,103,t,0.0997
SARS-CoV2-5UTR-Amplicon-short-trimmed+3,104,t,0.1421
SARS-CoV2-5UTR-Amplicon-short-trimmed+3,105,g,0.0827
SARS-CoV2-5UTR-Amplicon-short-trimmed+3,106,a,0.0836
SARS-CoV2-5UTR-Amplicon-short-trimmed+3,107,c,0.0937
SARS-CoV2-5UTR-Amplicon-short-trimmed+3,108,a,0.12
SARS-CoV2-5UTR-Amplicon-short-trimmed+3,109,g,0.1143
SARS-CoV2-5UTR-Amplicon-short-trimmed+3,110,g,0.1162
SARS-CoV2-5UTR-Amplicon-short-trimmed+3,111,a,0.0629
SARS-CoV2-5UTR-Amplicon-short-trimmed+3,112,c,0.087
SARS-CoV2-5UTR-Amplicon-short-trimmed+3,113,a,0.1058
SARS-CoV2-5UTR-Amplicon-short-trimmed+3,114,c,0.1033
SARS-CoV2-5UTR-Amplicon-short-trimmed+3,115,g,0.0687
SARS-CoV2-5UTR-Amplicon-short-trimmed+3,116,a,0.0914
SARS-CoV2-5UTR-Amplicon-short-trimmed+3,117,g,0.0775
SARS-CoV2-5UTR-Amplicon-short-trimmed+3,118,t,0.1942
SARS-CoV2-5UTR-Amplicon-short-trimmed+3,119,a,0.2074
SARS-CoV2-5UTR-Amplicon-short-trimmed+3,120,a,0.1519
SARS-CoV2-5UTR-Amplicon-short-trimmed+3,121,c,0.2227
SARS-CoV2-5UTR-Amplicon-short-trimmed+3,122,t,0.2893
SARS-CoV2-5UTR-Amplicon-short-trimmed+3,123,c,0.2473
SARS-CoV2-5UTR-Amplicon-short-trimmed+3,124,g,0.2122
SARS-CoV2-5UTR-Amplicon-short-trimmed+3,125,t,0.4378
SARS-CoV2-5UTR-Amplicon-short-trimmed+3,126,c,0.1605
SARS-CoV2-5UTR-Amplicon-short-trimmed+3,127,t,0.1188
SARS-CoV2-5UTR-Amplicon-short-trimmed+3,128,a,0.1701
SARS-CoV2-5UTR-Amplicon-short-trimmed+3,129,t,0.6933
SARS-CoV2-5UTR-Amplicon-short-trimmed+3,130,c,0.0926
SARS-CoV2-5UTR-Amplicon-short-trimmed+3,131,t,0.1477
SARS-CoV2-5UTR-Amplicon-short-trimmed+3,132,t,0.2476
SARS-CoV2-5UTR-Amplicon-short-trimmed+3,133,c,0.346
SARS-CoV2-5UTR-Amplicon-short-trimmed+3,134,t,0.2829
SARS-CoV2-5UTR-Amplicon-short-trimmed+3,135,g,0.1583
SARS-CoV2-5UTR-Amplicon-short-trimmed+3,136,c,0.4778
SARS-CoV2-5UTR-Amplicon-short-trimmed+3,137,a,0.3183
SARS-CoV2-5UTR-Amplicon-short-trimmed+3,138,g,0.1087
SARS-CoV2-5UTR-Amplicon-short-trimmed+3,139,g,0.3361
SARS-CoV2-5UTR-Amplicon-short-trimmed+3,140,c,0.1489
SARS-CoV2-5UTR-Amplicon-short-trimmed+3,141,t,0.3904
SARS-CoV2-5UTR-Amplicon-short-trimmed+3,142,g,0.5581
SARS-CoV2-5UTR-Amplicon-short-trimmed+3,143,c,0.126
SARS-CoV2-5UTR-Amplicon-short-trimmed+3,144,t,0.1436
SARS-CoV2-5UTR-Amplicon-short-trimmed+3,145,t,0.1917
SARS-CoV2-5UTR-Amplicon-short-trimmed+3,146,a,0.2646
SARS-CoV2-5UTR-Amplicon-short-trimmed+3,147,c,0.1938
SARS-CoV2-5UTR-Amplicon-short-trimmed+3,148,g,0.3945
SARS-CoV2-5UTR-Amplicon-short-trimmed+3,149,g,0.1891
SARS-CoV2-5UTR-Amplicon-short-trimmed+3,150,t,0.1964
SARS-CoV2-5UTR-Amplicon-short-trimmed+3,151,t,0.1851
SARS-CoV2-5UTR-Amplicon-short-trimmed+3,152,t,0.2941
SARS-CoV2-5UTR-Amplicon-short-trimmed+3,153,c,0.2722
SARS-CoV2-5UTR-Amplicon-short-trimmed+3,154,g,0.1149
SARS-CoV2-5UTR-Amplicon-short-trimmed+3,155,t,0.4372
SARS-CoV2-5UTR-Amplicon-short-trimmed+3,156,c,0.2714
SARS-CoV2-5UTR-Amplicon-short-trimmed+3,157,c,0.2481
SARS-CoV2-5UTR-Amplicon-short-trimmed+3,158,g,0.1385
SARS-CoV2-5UTR-Amplicon-short-trimmed+3,159,t,1.6673
SARS-CoV2-5UTR-Amplicon-short-trimmed+3,160,g,0.1222
SARS-CoV2-5UTR-Amplicon-short-trimmed+3,161,t,0.1748
SARS-CoV2-5UTR-Amplicon-short-trimmed+3,162,t,0.2338
SARS-CoV2-5UTR-Amplicon-short-trimmed+3,163,g,0.1418
SARS-CoV2-5UTR-Amplicon-short-trimmed+3,164,c,0.3586
SARS-CoV2-5UTR-Amplicon-short-trimmed+3,165,a,0.4454
SARS-CoV2-5UTR-Amplicon-short-trimmed+3,166,g,0.6271
SARS-CoV2-5UTR-Amplicon-short-trimmed+3,167,c,0.33
SARS-CoV2-5UTR-Amplicon-short-trimmed+3,168,c,0.5783
SARS-CoV2-5UTR-Amplicon-short-trimmed+3,169,g,0.1036
SARS-CoV2-5UTR-Amplicon-short-trimmed+3,170,a,0.1593
SARS-CoV2-5UTR-Amplicon-short-trimmed+3,171,t,0.1588
SARS-CoV2-5UTR-Amplicon-short-trimmed+3,172,c,0.2116
SARS-CoV2-5UTR-Amplicon-short-trimmed+3,173,a,0.0815
SARS-CoV2-5UTR-Amplicon-short-trimmed+3,174,t,0.1177
SARS-CoV2-5UTR-Amplicon-short-trimmed+3,175,c,0.2621
SARS-CoV2-5UTR-Amplicon-short-trimmed+3,176,a,0.1722
SARS-CoV2-5UTR-Amplicon-short-trimmed+3,177,g,0.1436
SARS-CoV2-5UTR-Amplicon-short-trimmed+3,178,c,0.6864
SARS-CoV2-5UTR-Amplicon-short-trimmed+3,179,a,0.155
SARS-CoV2-5UTR-Amplicon-short-trimmed+3,180,c,0.0916
SARS-CoV2-5UTR-Amplicon-short-trimmed+3,181,a,0.1344
SARS-CoV2-5UTR-Amplicon-short-trimmed+3,182,t,0.1952
SARS-CoV2-5UTR-Amplicon-short-trimmed+3,183,c,0.0955
SARS-CoV2-5UTR-Amplicon-short-trimmed+3,184,t,0.1195
SARS-CoV2-5UTR-Amplicon-short-trimmed+3,185,a,0.2001
SARS-CoV2-5UTR-Amplicon-short-trimmed+3,186,g,0.0971
SARS-CoV2-5UTR-Amplicon-short-trimmed+3,187,g,0.0888
SARS-CoV2-5UTR-Amplicon-short-trimmed+3,188,t,0.1755
SARS-CoV2-5UTR-Amplicon-short-trimmed+3,189,t,0.3185
SARS-CoV2-5UTR-Amplicon-short-trimmed+3,190,t,0.4623
SARS-CoV2-5UTR-Amplicon-short-trimmed+3,191,c,0.1665
SARS-CoV2-5UTR-Amplicon-short-trimmed+3,192,g,0.0934
SARS-CoV2-5UTR-Amplicon-short-trimmed+3,193,t,1.3431
SARS-CoV2-5UTR-Amplicon-short-trimmed+3,194,c,0.1297
SARS-CoV2-5UTR-Amplicon-short-trimmed+3,195,c,0.1745
SARS-CoV2-5UTR-Amplicon-short-trimmed+3,196,g,0.372
SARS-CoV2-5UTR-Amplicon-short-trimmed+3,197,g,0.1613
SARS-CoV2-5UTR-Amplicon-short-trimmed+3,198,g,0.5172
SARS-CoV2-5UTR-Amplicon-short-trimmed+3,199,t,0.2682
SARS-CoV2-5UTR-Amplicon-short-trimmed+3,200,g,0.0914
SARS-CoV2-5UTR-Amplicon-short-trimmed+3,201,t,0.1541
SARS-CoV2-5UTR-Amplicon-short-trimmed+3,202,g,0.1043
SARS-CoV2-5UTR-Amplicon-short-trimmed+3,203,a,0.3913
SARS-CoV2-5UTR-Amplicon-short-trimmed+3,204,c,0.1348
SARS-CoV2-5UTR-Amplicon-short-trimmed+3,205,c,0.1282
SARS-CoV2-5UTR-Amplicon-short-trimmed+3,206,g,0.0972
SARS-CoV2-5UTR-Amplicon-short-trimmed+3,207,a,0.1313
SARS-CoV2-5UTR-Amplicon-short-trimmed+3,208,a,0.0782
SARS-CoV2-5UTR-Amplicon-short-trimmed+3,209,a,0.1692
SARS-CoV2-5UTR-Amplicon-short-trimmed+3,210,g,0.1423
SARS-CoV2-5UTR-Amplicon-short-trimmed+3,211,g,0.1267
SARS-CoV2-5UTR-Amplicon-short-trimmed+3,212,t,0.1535
SARS-CoV2-5UTR-Amplicon-short-trimmed+3,213,a,0.0678
SARS-CoV2-5UTR-Amplicon-short-trimmed+3,214,a,0.088
SARS-CoV2-5UTR-Amplicon-short-trimmed+3,215,g,0.0788
SARS-CoV2-5UTR-Amplicon-short-trimmed+3,216,a,0.0632
SARS-CoV2-5UTR-Amplicon-short-trimmed+3,217,t,0.1382
SARS-CoV2-5UTR-Amplicon-short-trimmed+3,218,g,0.0555
SARS-CoV2-5UTR-Amplicon-short-trimmed+3,219,g,0.0617
SARS-CoV2-5UTR-Amplicon-short-trimmed+3,220,a,0.2455
SARS-CoV2-5UTR-Amplicon-short-trimmed+3,221,g,0.1429
SARS-CoV2-5UTR-Amplicon-short-trimmed+3,222,a,0.085
SARS-CoV2-5UTR-Amplicon-short-trimmed+3,223,g,0.2106
SARS-CoV2-5UTR-Amplicon-short-trimmed+3,224,c,0.0921
SARS-CoV2-5UTR-Amplicon-short-trimmed+3,225,c,0.0816
SARS-CoV2-5UTR-Amplicon-short-trimmed+3,226,t,0.0735
SARS-CoV2-5UTR-Amplicon-short-trimmed+3,227,t,0.3519
SARS-CoV2-5UTR-Amplicon-short-trimmed+3,228,g,0.0547
SARS-CoV2-5UTR-Amplicon-short-trimmed+3,229,t,0.1882
SARS-CoV2-5UTR-Amplicon-short-trimmed+3,230,c,0.089
SARS-CoV2-5UTR-Amplicon-short-trimmed+3,231,c,0.0713
SARS-CoV2-5UTR-Amplicon-short-trimmed+3,232,c,0.102
SARS-CoV2-5UTR-Amplicon-short-trimmed+3,233,t,0.1927
SARS-CoV2-5UTR-Amplicon-short-trimmed+3,234,g,0.0903
SARS-CoV2-5UTR-Amplicon-short-trimmed+3,235,g,0.1723
SARS-CoV2-5UTR-Amplicon-short-trimmed+3,236,t,0.0816
SARS-CoV2-5UTR-Amplicon-short-trimmed+3,237,t,0.0828
SARS-CoV2-5UTR-Amplicon-short-trimmed+3,238,t,0.156
SARS-CoV2-5UTR-Amplicon-short-trimmed+3,239,c,0.6206
SARS-CoV2-5UTR-Amplicon-short-trimmed+3,240,a,0.1051
SARS-CoV2-5UTR-Amplicon-short-trimmed+3,241,a,0.0923
SARS-CoV2-5UTR-Amplicon-short-trimmed+3,242,c,0.0802
SARS-CoV2-5UTR-Amplicon-short-trimmed+3,243,g,0.0345
SARS-CoV2-5UTR-Amplicon-short-trimmed+3,244,a,0.2093
SARS-CoV2-5UTR-Amplicon-short-trimmed+3,245,g,0
SARS-CoV2-5UTR-Amplicon-short-trimmed+3,246,g,0
SARS-CoV2-5UTR-Amplicon-short-trimmed+3,247,G,1e-04
SARS-CoV2-5UTR-Amplicon-short-trimmed+3,248,A,0
SARS-CoV2-5UTR-Amplicon-short-trimmed+3,249,G,0
