Region,Position,Ref_base,Mut_percentage
SARS-CoV2-5UTR-Amplicon-short-trimmed+3,1,T,0
SARS-CoV2-5UTR-Amplicon-short-trimmed+3,2,T,0
SARS-CoV2-5UTR-Amplicon-short-trimmed+3,3,G,0
SARS-CoV2-5UTR-Amplicon-short-trimmed+3,4,t,0
SARS-CoV2-5UTR-Amplicon-short-trimmed+3,5,a,0
SARS-CoV2-5UTR-Amplicon-short-trimmed+3,6,g,0.0734
SARS-CoV2-5UTR-Amplicon-short-trimmed+3,7,a,0.0463
SARS-CoV2-5UTR-Amplicon-short-trimmed+3,8,t,0.0877
SARS-CoV2-5UTR-Amplicon-short-trimmed+3,9,c,0.128
SARS-CoV2-5UTR-Amplicon-short-trimmed+3,10,t,0.0327
SARS-CoV2-5UTR-Amplicon-short-trimmed+3,11,g,0.151
SARS-CoV2-5UTR-Amplicon-short-trimmed+3,12,t,0.068
SARS-CoV2-5UTR-Amplicon-short-trimmed+3,13,t,0.108
SARS-CoV2-5UTR-Amplicon-short-trimmed+3,14,c,0.2057
SARS-CoV2-5UTR-Amplicon-short-trimmed+3,15,t,0.1092
SARS-CoV2-5UTR-Amplicon-short-trimmed+3,16,c,0.1195
SARS-CoV2-5UTR-Amplicon-short-trimmed+3,17,t,0.0455
SARS-CoV2-5UTR-Amplicon-short-trimmed+3,18,a,0.1124
SARS-CoV2-5UTR-Amplicon-short-trimmed+3,19,a,0.0278
SARS-CoV2-5UTR-Amplicon-short-trimmed+3,20,a,0.0689
SARS-CoV2-5UTR-Amplicon-short-trimmed+3,21,c,0.1448
SARS-CoV2-5UTR-Amplicon-short-trimmed+3,22,g,0.0805
SARS-CoV2-5UTR-Amplicon-short-trimmed+3,23,a,0.0409
SARS-CoV2-5UTR-Amplicon-short-trimmed+3,24,a,0.0586
SARS-CoV2-5UTR-Amplicon-short-trimmed+3,25,c,4.1099
SARS-CoV2-5UTR-Amplicon-short-trimmed+3,26,t,0.2231
SARS-CoV2-5UTR-Amplicon-short-trimmed+3,27,t,0.0994
SARS-CoV2-5UTR-Amplicon-short-trimmed+3,28,t,0.0379
SARS-CoV2-5UTR-Amplicon-short-trimmed+3,29,a,0.1503
SARS-CoV2-5UTR-Amplicon-short-trimmed+3,30,a,0.0851
SARS-CoV2-5UTR-Amplicon-short-trimmed+3,31,a,0.0962
SARS-CoV2-5UTR-Amplicon-short-trimmed+3,32,a,0.0685
SARS-CoV2-5UTR-Amplicon-short-trimmed+3,33,t,0.1119
SARS-CoV2-5UTR-Amplicon-short-trimmed+3,34,c,0.154
SARS-CoV2-5UTR-Amplicon-short-trimmed+3,35,t,0.0939
SARS-CoV2-5UTR-Amplicon-short-trimmed+3,36,g,0.1481
SARS-CoV2-5UTR-Amplicon-short-trimmed+3,37,t,0.0753
SARS-CoV2-5UTR-Amplicon-short-trimmed+3,38,g,0.0655
SARS-CoV2-5UTR-Amplicon-short-trimmed+3,39,t,0.067
SARS-CoV2-5UTR-Amplicon-short-trimmed+3,40,g,0.1007
SARS-CoV2-5UTR-Amplicon-short-trimmed+3,41,g,0.1451
SARS-CoV2-5UTR-Amplicon-short-trimmed+3,42,c,0.1902
SARS-CoV2-5UTR-Amplicon-short-trimmed+3,43,t,0.1245
SARS-CoV2-5UTR-Amplicon-short-trimmed+3,44,g,0.1111
SARS-CoV2-5UTR-Amplicon-short-trimmed+3,45,t,0.1383
SARS-CoV2-5UTR-Amplicon-short-trimmed+3,46,c,0.1224
SARS-CoV2-5UTR-Amplicon-short-trimmed+3,47,a,0.1136
SARS-CoV2-5UTR-Amplicon-short-trimmed+3,48,c,0.1768
SARS-CoV2-5UTR-Amplicon-short-trimmed+3,49,t,0.0606
SARS-CoV2-5UTR-Amplicon-short-trimmed+3,50,c,0.1982
SARS-CoV2-5UTR-Amplicon-short-trimmed+3,51,g,0.1425
SARS-CoV2-5UTR-Amplicon-short-trimmed+3,52,g,0.2309
SARS-CoV2-5UTR-Amplicon-short-trimmed+3,53,c,0.2039
SARS-CoV2-5UTR-Amplicon-short-trimmed+3,54,t,0.1021
SARS-CoV2-5UTR-Amplicon-short-trimmed+3,55,g,0.1653
SARS-CoV2-5UTR-Amplicon-short-trimmed+3,56,c,0.2038
SARS-CoV2-5UTR-Amplicon-short-trimmed+3,57,g,0.1606
SARS-CoV2-5UTR-Amplicon-short-trimmed+3,58,t,0.0908
SARS-CoV2-5UTR-Amplicon-short-trimmed+3,59,g,0.1493
SARS-CoV2-5UTR-Amplicon-short-trimmed+3,60,c,0.1669
SARS-CoV2-5UTR-Amplicon-short-trimmed+3,61,t,0.1101
SARS-CoV2-5UTR-Amplicon-short-trimmed+3,62,t,0.0617
SARS-CoV2-5UTR-Amplicon-short-trimmed+3,63,a,0.0775
SARS-CoV2-5UTR-Amplicon-short-trimmed+3,64,g,0.085
SARS-CoV2-5UTR-Amplicon-short-trimmed+3,65,t,0.0472
SARS-CoV2-5UTR-Amplicon-short-trimmed+3,66,g,0.1389
SARS-CoV2-5UTR-Amplicon-short-trimmed+3,67,c,0.2015
SARS-CoV2-5UTR-Amplicon-short-trimmed+3,68,a,0.1129
SARS-CoV2-5UTR-Amplicon-short-trimmed+3,69,c,0.1683
SARS-CoV2-5UTR-Amplicon-short-trimmed+3,70,t,0.0672
SARS-CoV2-5UTR-Amplicon-short-trimmed+3,71,c,0.0805
SARS-CoV2-5UTR-Amplicon-short-trimmed+3,72,a,0.1135
SARS-CoV2-5UTR-Amplicon-short-trimmed+3,73,c,0.1581
SARS-CoV2-5UTR-Amplicon-short-trimmed+3,74,g,0.1426
SARS-CoV2-5UTR-Amplicon-short-trimmed+3,75,c,0.1202
SARS-CoV2-5UTR-Amplicon-short-trimmed+3,76,a,0.1152
SARS-CoV2-5UTR-Amplicon-short-trimmed+3,77,g,0.1043
SARS-CoV2-5UTR-Amplicon-short-trimmed+3,78,t,0.045
SARS-CoV2-5UTR-Amplicon-short-trimmed+3,79,a,0.066
SARS-CoV2-5UTR-Amplicon-short-trimmed+3,80,t,0.0272
SARS-CoV2-5UTR-Amplicon-short-trimmed+3,81,a,0.0561
SARS-CoV2-5UTR-Amplicon-short-trimmed+3,82,a,0.0989
SARS-CoV2-5UTR-Amplicon-short-trimmed+3,83,t,0.0446
SARS-CoV2-5UTR-Amplicon-short-trimmed+3,84,t,0.0744
SARS-CoV2-5UTR-Amplicon-short-trimmed+3,85,a,0.1075
SARS-CoV2-5UTR-Amplicon-short-trimmed+3,86,a,0.1043
SARS-CoV2-5UTR-Amplicon-short-trimmed+3,87,t,0.0346
SARS-CoV2-5UTR-Amplicon-short-trimmed+3,88,a,0.0593
SARS-CoV2-5UTR-Amplicon-short-trimmed+3,89,a,0.1002
SARS-CoV2-5UTR-Amplicon-short-trimmed+3,90,c,0.4161
SARS-CoV2-5UTR-Amplicon-short-trimmed+3,91,t,0.1077
SARS-CoV2-5UTR-Amplicon-short-trimmed+3,92,a,0.0801
SARS-CoV2-5UTR-Amplicon-short-trimmed+3,93,a,0.0847
SARS-CoV2-5UTR-Amplicon-short-trimmed+3,94,t,0.0679
SARS-CoV2-5UTR-Amplicon-short-trimmed+3,95,t,0.0749
SARS-CoV2-5UTR-Amplicon-short-trimmed+3,96,a,0.0985
SARS-CoV2-5UTR-Amplicon-short-trimmed+3,97,c,0.1499
SARS-CoV2-5UTR-Amplicon-short-trimmed+3,98,t,0.32
SARS-CoV2-5UTR-Amplicon-short-trimmed+3,99,g,0.1365
SARS-CoV2-5UTR-Amplicon-short-trimmed+3,100,t,0.1304
SARS-CoV2-5UTR-Amplicon-short-trimmed+3,101,c,0.2059
SARS-CoV2-5UTR-Amplicon-short-trimmed+3,102,g,0.1083
SARS-CoV2-5UTR-Amplicon-short-trimmed+3,103,t,0.0887
SARS-CoV2-5UTR-Amplicon-short-trimmed+3,104,t,0.1154
SARS-CoV2-5UTR-Amplicon-short-trimmed+3,105,g,0.0897
SARS-CoV2-5UTR-Amplicon-short-trimmed+3,106,a,0.1224
SARS-CoV2-5UTR-Amplicon-short-trimmed+3,107,c,0.1923
SARS-CoV2-5UTR-Amplicon-short-trimmed+3,108,a,0.1588
SARS-CoV2-5UTR-Amplicon-short-trimmed+3,109,g,0.1461
SARS-CoV2-5UTR-Amplicon-short-trimmed+3,110,g,0.1001
SARS-CoV2-5UTR-Amplicon-short-trimmed+3,111,a,0.098
SARS-CoV2-5UTR-Amplicon-short-trimmed+3,112,c,0.1881
SARS-CoV2-5UTR-Amplicon-short-trimmed+3,113,a,0.0916
SARS-CoV2-5UTR-Amplicon-short-trimmed+3,114,c,0.1987
SARS-CoV2-5UTR-Amplicon-short-trimmed+3,115,g,0.0833
SARS-CoV2-5UTR-Amplicon-short-trimmed+3,116,a,0.1218
SARS-CoV2-5UTR-Amplicon-short-trimmed+3,117,g,0.0804
SARS-CoV2-5UTR-Amplicon-short-trimmed+3,118,t,0.1706
SARS-CoV2-5UTR-Amplicon-short-trimmed+3,119,a,0.1736
SARS-CoV2-5UTR-Amplicon-short-trimmed+3,120,a,0.1593
SARS-CoV2-5UTR-Amplicon-short-trimmed+3,121,c,0.293
SARS-CoV2-5UTR-Amplicon-short-trimmed+3,122,t,0.2104
SARS-CoV2-5UTR-Amplicon-short-trimmed+3,123,c,0.3132
SARS-CoV2-5UTR-Amplicon-short-trimmed+3,124,g,0.2117
SARS-CoV2-5UTR-Amplicon-short-trimmed+3,125,t,0.3061
SARS-CoV2-5UTR-Amplicon-short-trimmed+3,126,c,0.232
SARS-CoV2-5UTR-Amplicon-short-trimmed+3,127,t,0.085
SARS-CoV2-5UTR-Amplicon-short-trimmed+3,128,a,0.1531
SARS-CoV2-5UTR-Amplicon-short-trimmed+3,129,t,0.5362
SARS-CoV2-5UTR-Amplicon-short-trimmed+3,130,c,0.177
SARS-CoV2-5UTR-Amplicon-short-trimmed+3,131,t,0.1342
SARS-CoV2-5UTR-Amplicon-short-trimmed+3,132,t,0.2592
SARS-CoV2-5UTR-Amplicon-short-trimmed+3,133,c,0.4052
SARS-CoV2-5UTR-Amplicon-short-trimmed+3,134,t,0.2519
SARS-CoV2-5UTR-Amplicon-short-trimmed+3,135,g,0.2018
SARS-CoV2-5UTR-Amplicon-short-trimmed+3,136,c,0.5313
SARS-CoV2-5UTR-Amplicon-short-trimmed+3,137,a,0.3289
SARS-CoV2-5UTR-Amplicon-short-trimmed+3,138,g,0.1994
SARS-CoV2-5UTR-Amplicon-short-trimmed+3,139,g,0.3733
SARS-CoV2-5UTR-Amplicon-short-trimmed+3,140,c,0.2871
SARS-CoV2-5UTR-Amplicon-short-trimmed+3,141,t,0.3625
SARS-CoV2-5UTR-Amplicon-short-trimmed+3,142,g,0.4931
SARS-CoV2-5UTR-Amplicon-short-trimmed+3,143,c,0.26
SARS-CoV2-5UTR-Amplicon-short-trimmed+3,144,t,0.1564
SARS-CoV2-5UTR-Amplicon-short-trimmed+3,145,t,0.192
SARS-CoV2-5UTR-Amplicon-short-trimmed+3,146,a,0.2762
SARS-CoV2-5UTR-Amplicon-short-trimmed+3,147,c,0.3341
SARS-CoV2-5UTR-Amplicon-short-trimmed+3,148,g,0.4477
SARS-CoV2-5UTR-Amplicon-short-trimmed+3,149,g,0.2405
SARS-CoV2-5UTR-Amplicon-short-trimmed+3,150,t,0.2401
SARS-CoV2-5UTR-Amplicon-short-trimmed+3,151,t,0.2026
SARS-CoV2-5UTR-Amplicon-short-trimmed+3,152,t,0.2889
SARS-CoV2-5UTR-Amplicon-short-trimmed+3,153,c,0.4178
SARS-CoV2-5UTR-Amplicon-short-trimmed+3,154,g,0.1686
SARS-CoV2-5UTR-Amplicon-short-trimmed+3,155,t,0.3791
SARS-CoV2-5UTR-Amplicon-short-trimmed+3,156,c,0.3785
SARS-CoV2-5UTR-Amplicon-short-trimmed+3,157,c,0.3409
SARS-CoV2-5UTR-Amplicon-short-trimmed+3,158,g,0.1885
SARS-CoV2-5UTR-Amplicon-short-trimmed+3,159,t,1.3838
SARS-CoV2-5UTR-Amplicon-short-trimmed+3,160,g,0.1415
SARS-CoV2-5UTR-Amplicon-short-trimmed+3,161,t,0.1827
SARS-CoV2-5UTR-Amplicon-short-trimmed+3,162,t,0.2322
SARS-CoV2-5UTR-Amplicon-short-trimmed+3,163,g,0.2108
SARS-CoV2-5UTR-Amplicon-short-trimmed+3,164,c,0.4442
SARS-CoV2-5UTR-Amplicon-short-trimmed+3,165,a,0.703
SARS-CoV2-5UTR-Amplicon-short-trimmed+3,166,g,0.9669
SARS-CoV2-5UTR-Amplicon-short-trimmed+3,167,c,0.3767
SARS-CoV2-5UTR-Amplicon-short-trimmed+3,168,c,0.6514
SARS-CoV2-5UTR-Amplicon-short-trimmed+3,169,g,0.1259
SARS-CoV2-5UTR-Amplicon-short-trimmed+3,170,a,0.1477
SARS-CoV2-5UTR-Amplicon-short-trimmed+3,171,t,0.1271
SARS-CoV2-5UTR-Amplicon-short-trimmed+3,172,c,0.2365
SARS-CoV2-5UTR-Amplicon-short-trimmed+3,173,a,0.0928
SARS-CoV2-5UTR-Amplicon-short-trimmed+3,174,t,0.0977
SARS-CoV2-5UTR-Amplicon-short-trimmed+3,175,c,0.3339
SARS-CoV2-5UTR-Amplicon-short-trimmed+3,176,a,0.1723
SARS-CoV2-5UTR-Amplicon-short-trimmed+3,177,g,0.1838
SARS-CoV2-5UTR-Amplicon-short-trimmed+3,178,c,0.7501
SARS-CoV2-5UTR-Amplicon-short-trimmed+3,179,a,0.2168
SARS-CoV2-5UTR-Amplicon-short-trimmed+3,180,c,0.1598
SARS-CoV2-5UTR-Amplicon-short-trimmed+3,181,a,0.1409
SARS-CoV2-5UTR-Amplicon-short-trimmed+3,182,t,0.2156
SARS-CoV2-5UTR-Amplicon-short-trimmed+3,183,c,0.2292
SARS-CoV2-5UTR-Amplicon-short-trimmed+3,184,t,0.1466
SARS-CoV2-5UTR-Amplicon-short-trimmed+3,185,a,0.2867
SARS-CoV2-5UTR-Amplicon-short-trimmed+3,186,g,0.1849
SARS-CoV2-5UTR-Amplicon-short-trimmed+3,187,g,0.2137
SARS-CoV2-5UTR-Amplicon-short-trimmed+3,188,t,0.237
SARS-CoV2-5UTR-Amplicon-short-trimmed+3,189,t,0.3656
SARS-CoV2-5UTR-Amplicon-short-trimmed+3,190,t,0.4472
SARS-CoV2-5UTR-Amplicon-short-trimmed+3,191,c,0.3552
SARS-CoV2-5UTR-Amplicon-short-trimmed+3,192,g,0.1589
SARS-CoV2-5UTR-Amplicon-short-trimmed+3,193,t,1.1901
SARS-CoV2-5UTR-Amplicon-short-trimmed+3,194,c,0.311
SARS-CoV2-5UTR-Amplicon-short-trimmed+3,195,c,0.3539
SARS-CoV2-5UTR-Amplicon-short-trimmed+3,196,g,0.4389
SARS-CoV2-5UTR-Amplicon-short-trimmed+3,197,g,0.2143
SARS-CoV2-5UTR-Amplicon-short-trimmed+3,198,g,0.4588
SARS-CoV2-5UTR-Amplicon-short-trimmed+3,199,t,0.2972
SARS-CoV2-5UTR-Amplicon-short-trimmed+3,200,g,0.1261
SARS-CoV2-5UTR-Amplicon-short-trimmed+3,201,t,0.1625
SARS-CoV2-5UTR-Amplicon-short-trimmed+3,202,g,0.1532
SARS-CoV2-5UTR-Amplicon-short-trimmed+3,203,a,0.3539
SARS-CoV2-5UTR-Amplicon-short-trimmed+3,204,c,0.2431
SARS-CoV2-5UTR-Amplicon-short-trimmed+3,205,c,0.2194
SARS-CoV2-5UTR-Amplicon-short-trimmed+3,206,g,0.1412
SARS-CoV2-5UTR-Amplicon-short-trimmed+3,207,a,0.1857
SARS-CoV2-5UTR-Amplicon-short-trimmed+3,208,a,0.0986
SARS-CoV2-5UTR-Amplicon-short-trimmed+3,209,a,0.1597
SARS-CoV2-5UTR-Amplicon-short-trimmed+3,210,g,0.1782
SARS-CoV2-5UTR-Amplicon-short-trimmed+3,211,g,0.1401
SARS-CoV2-5UTR-Amplicon-short-trimmed+3,212,t,0.1524
SARS-CoV2-5UTR-Amplicon-short-trimmed+3,213,a,0.0954
SARS-CoV2-5UTR-Amplicon-short-trimmed+3,214,a,0.1185
SARS-CoV2-5UTR-Amplicon-short-trimmed+3,215,g,0.1088
SARS-CoV2-5UTR-Amplicon-short-trimmed+3,216,a,0.1018
SARS-CoV2-5UTR-Amplicon-short-trimmed+3,217,t,0.153
SARS-CoV2-5UTR-Amplicon-short-trimmed+3,218,g,0.1094
SARS-CoV2-5UTR-Amplicon-short-trimmed+3,219,g,0.1041
SARS-CoV2-5UTR-Amplicon-short-trimmed+3,220,a,0.279
SARS-CoV2-5UTR-Amplicon-short-trimmed+3,221,g,0.1691
SARS-CoV2-5UTR-Amplicon-short-trimmed+3,222,a,0.1109
SARS-CoV2-5UTR-Amplicon-short-trimmed+3,223,g,0.2577
SARS-CoV2-5UTR-Amplicon-short-trimmed+3,224,c,0.1811
SARS-CoV2-5UTR-Amplicon-short-trimmed+3,225,c,0.1898
SARS-CoV2-5UTR-Amplicon-short-trimmed+3,226,t,0.0795
SARS-CoV2-5UTR-Amplicon-short-trimmed+3,227,t,0.351
SARS-CoV2-5UTR-Amplicon-short-trimmed+3,228,g,0.0932
SARS-CoV2-5UTR-Amplicon-short-trimmed+3,229,t,0.1689
SARS-CoV2-5UTR-Amplicon-short-trimmed+3,230,c,0.1512
SARS-CoV2-5UTR-Amplicon-short-trimmed+3,231,c,0.1437
SARS-CoV2-5UTR-Amplicon-short-trimmed+3,232,c,0.1974
SARS-CoV2-5UTR-Amplicon-short-trimmed+3,233,t,0.192
SARS-CoV2-5UTR-Amplicon-short-trimmed+3,234,g,0.1373
SARS-CoV2-5UTR-Amplicon-short-trimmed+3,235,g,0.1914
SARS-CoV2-5UTR-Amplicon-short-trimmed+3,236,t,0.0937
SARS-CoV2-5UTR-Amplicon-short-trimmed+3,237,t,0.0704
SARS-CoV2-5UTR-Amplicon-short-trimmed+3,238,t,0.1411
SARS-CoV2-5UTR-Amplicon-short-trimmed+3,239,c,0.6036
SARS-CoV2-5UTR-Amplicon-short-trimmed+3,240,a,0.1036
SARS-CoV2-5UTR-Amplicon-short-trimmed+3,241,a,0.0943
SARS-CoV2-5UTR-Amplicon-short-trimmed+3,242,c,0.1704
SARS-CoV2-5UTR-Amplicon-short-trimmed+3,243,g,0.0462
SARS-CoV2-5UTR-Amplicon-short-trimmed+3,244,a,0.2188
SARS-CoV2-5UTR-Amplicon-short-trimmed+3,245,g,0
SARS-CoV2-5UTR-Amplicon-short-trimmed+3,246,g,0
SARS-CoV2-5UTR-Amplicon-short-trimmed+3,247,G,0
SARS-CoV2-5UTR-Amplicon-short-trimmed+3,248,A,0
SARS-CoV2-5UTR-Amplicon-short-trimmed+3,249,G,0
