Region,Position,Ref_base,Mut_percentage
SARS-CoV2-5UTR-Amplicon-short-trimmed+3,1,T,0
SARS-CoV2-5UTR-Amplicon-short-trimmed+3,2,T,0
SARS-CoV2-5UTR-Amplicon-short-trimmed+3,3,G,0
SARS-CoV2-5UTR-Amplicon-short-trimmed+3,4,t,0
SARS-CoV2-5UTR-Amplicon-short-trimmed+3,5,a,0
SARS-CoV2-5UTR-Amplicon-short-trimmed+3,6,g,0.1967
SARS-CoV2-5UTR-Amplicon-short-trimmed+3,7,a,0.1467
SARS-CoV2-5UTR-Amplicon-short-trimmed+3,8,t,0.2356
SARS-CoV2-5UTR-Amplicon-short-trimmed+3,9,c,0.4934
SARS-CoV2-5UTR-Amplicon-short-trimmed+3,10,t,0.1741
SARS-CoV2-5UTR-Amplicon-short-trimmed+3,11,g,0.4587
SARS-CoV2-5UTR-Amplicon-short-trimmed+3,12,t,0.28
SARS-CoV2-5UTR-Amplicon-short-trimmed+3,13,t,0.516
SARS-CoV2-5UTR-Amplicon-short-trimmed+3,14,c,1.0085
SARS-CoV2-5UTR-Amplicon-short-trimmed+3,15,t,0.2494
SARS-CoV2-5UTR-Amplicon-short-trimmed+3,16,c,0.5309
SARS-CoV2-5UTR-Amplicon-short-trimmed+3,17,t,0.3351
SARS-CoV2-5UTR-Amplicon-short-trimmed+3,18,a,0.2264
SARS-CoV2-5UTR-Amplicon-short-trimmed+3,19,a,0.0845
SARS-CoV2-5UTR-Amplicon-short-trimmed+3,20,a,0.2398
SARS-CoV2-5UTR-Amplicon-short-trimmed+3,21,c,0.7078
SARS-CoV2-5UTR-Amplicon-short-trimmed+3,22,g,0.2671
SARS-CoV2-5UTR-Amplicon-short-trimmed+3,23,a,0.1338
SARS-CoV2-5UTR-Amplicon-short-trimmed+3,24,a,0.1226
SARS-CoV2-5UTR-Amplicon-short-trimmed+3,25,c,2.1546
SARS-CoV2-5UTR-Amplicon-short-trimmed+3,26,t,0.3973
SARS-CoV2-5UTR-Amplicon-short-trimmed+3,27,t,0.2631
SARS-CoV2-5UTR-Amplicon-short-trimmed+3,28,t,0.3513
SARS-CoV2-5UTR-Amplicon-short-trimmed+3,29,a,0.3304
SARS-CoV2-5UTR-Amplicon-short-trimmed+3,30,a,0.1851
SARS-CoV2-5UTR-Amplicon-short-trimmed+3,31,a,0.1969
SARS-CoV2-5UTR-Amplicon-short-trimmed+3,32,a,0.207
SARS-CoV2-5UTR-Amplicon-short-trimmed+3,33,t,0.5644
SARS-CoV2-5UTR-Amplicon-short-trimmed+3,34,c,0.7793
SARS-CoV2-5UTR-Amplicon-short-trimmed+3,35,t,0.5511
SARS-CoV2-5UTR-Amplicon-short-trimmed+3,36,g,0.7891
SARS-CoV2-5UTR-Amplicon-short-trimmed+3,37,t,0.3759
SARS-CoV2-5UTR-Amplicon-short-trimmed+3,38,g,0.4099
SARS-CoV2-5UTR-Amplicon-short-trimmed+3,39,t,0.3562
SARS-CoV2-5UTR-Amplicon-short-trimmed+3,40,g,0.617
SARS-CoV2-5UTR-Amplicon-short-trimmed+3,41,g,0.4868
SARS-CoV2-5UTR-Amplicon-short-trimmed+3,42,c,0.8689
SARS-CoV2-5UTR-Amplicon-short-trimmed+3,43,t,0.4301
SARS-CoV2-5UTR-Amplicon-short-trimmed+3,44,g,0.4881
SARS-CoV2-5UTR-Amplicon-short-trimmed+3,45,t,0.4237
SARS-CoV2-5UTR-Amplicon-short-trimmed+3,46,c,0.6975
SARS-CoV2-5UTR-Amplicon-short-trimmed+3,47,a,0.3529
SARS-CoV2-5UTR-Amplicon-short-trimmed+3,48,c,0.8536
SARS-CoV2-5UTR-Amplicon-short-trimmed+3,49,t,0.2881
SARS-CoV2-5UTR-Amplicon-short-trimmed+3,50,c,1.0214
SARS-CoV2-5UTR-Amplicon-short-trimmed+3,51,g,0.5965
SARS-CoV2-5UTR-Amplicon-short-trimmed+3,52,g,0.5417
SARS-CoV2-5UTR-Amplicon-short-trimmed+3,53,c,0.8848
SARS-CoV2-5UTR-Amplicon-short-trimmed+3,54,t,0.4744
SARS-CoV2-5UTR-Amplicon-short-trimmed+3,55,g,0.3976
SARS-CoV2-5UTR-Amplicon-short-trimmed+3,56,c,0.7864
SARS-CoV2-5UTR-Amplicon-short-trimmed+3,57,g,0.4354
SARS-CoV2-5UTR-Amplicon-short-trimmed+3,58,t,0.2498
SARS-CoV2-5UTR-Amplicon-short-trimmed+3,59,g,0.442
SARS-CoV2-5UTR-Amplicon-short-trimmed+3,60,c,0.7371
SARS-CoV2-5UTR-Amplicon-short-trimmed+3,61,t,0.364
SARS-CoV2-5UTR-Amplicon-short-trimmed+3,62,t,0.275
SARS-CoV2-5UTR-Amplicon-short-trimmed+3,63,a,0.3141
SARS-CoV2-5UTR-Amplicon-short-trimmed+3,64,g,0.3725
SARS-CoV2-5UTR-Amplicon-short-trimmed+3,65,t,0.2899
SARS-CoV2-5UTR-Amplicon-short-trimmed+3,66,g,0.418
SARS-CoV2-5UTR-Amplicon-short-trimmed+3,67,c,0.6848
SARS-CoV2-5UTR-Amplicon-short-trimmed+3,68,a,0.311
SARS-CoV2-5UTR-Amplicon-short-trimmed+3,69,c,0.7414
SARS-CoV2-5UTR-Amplicon-short-trimmed+3,70,t,0.293
SARS-CoV2-5UTR-Amplicon-short-trimmed+3,71,c,0.2429
SARS-CoV2-5UTR-Amplicon-short-trimmed+3,72,a,0.3222
SARS-CoV2-5UTR-Amplicon-short-trimmed+3,73,c,0.7969
SARS-CoV2-5UTR-Amplicon-short-trimmed+3,74,g,0.3994
SARS-CoV2-5UTR-Amplicon-short-trimmed+3,75,c,0.6806
SARS-CoV2-5UTR-Amplicon-short-trimmed+3,76,a,0.1858
SARS-CoV2-5UTR-Amplicon-short-trimmed+3,77,g,0.25
SARS-CoV2-5UTR-Amplicon-short-trimmed+3,78,t,0.114
SARS-CoV2-5UTR-Amplicon-short-trimmed+3,79,a,0.1691
SARS-CoV2-5UTR-Amplicon-short-trimmed+3,80,t,0.1283
SARS-CoV2-5UTR-Amplicon-short-trimmed+3,81,a,0.1165
SARS-CoV2-5UTR-Amplicon-short-trimmed+3,82,a,0.1864
SARS-CoV2-5UTR-Amplicon-short-trimmed+3,83,t,0.1395
SARS-CoV2-5UTR-Amplicon-short-trimmed+3,84,t,0.2615
SARS-CoV2-5UTR-Amplicon-short-trimmed+3,85,a,0.1808
SARS-CoV2-5UTR-Amplicon-short-trimmed+3,86,a,0.2553
SARS-CoV2-5UTR-Amplicon-short-trimmed+3,87,t,0.1607
SARS-CoV2-5UTR-Amplicon-short-trimmed+3,88,a,0.1324
SARS-CoV2-5UTR-Amplicon-short-trimmed+3,89,a,0.2667
SARS-CoV2-5UTR-Amplicon-short-trimmed+3,90,c,0.9629
SARS-CoV2-5UTR-Amplicon-short-trimmed+3,91,t,0.4122
SARS-CoV2-5UTR-Amplicon-short-trimmed+3,92,a,0.1877
SARS-CoV2-5UTR-Amplicon-short-trimmed+3,93,a,0.2419
SARS-CoV2-5UTR-Amplicon-short-trimmed+3,94,t,0.3686
SARS-CoV2-5UTR-Amplicon-short-trimmed+3,95,t,0.2357
SARS-CoV2-5UTR-Amplicon-short-trimmed+3,96,a,0.2928
SARS-CoV2-5UTR-Amplicon-short-trimmed+3,97,c,0.7189
SARS-CoV2-5UTR-Amplicon-short-trimmed+3,98,t,0.6425
SARS-CoV2-5UTR-Amplicon-short-trimmed+3,99,g,0.5264
SARS-CoV2-5UTR-Amplicon-short-trimmed+3,100,t,0.4432
SARS-CoV2-5UTR-Amplicon-short-trimmed+3,101,c,0.9865
SARS-CoV2-5UTR-Amplicon-short-trimmed+3,102,g,0.5281
SARS-CoV2-5UTR-Amplicon-short-trimmed+3,103,t,0.303
SARS-CoV2-5UTR-Amplicon-short-trimmed+3,104,t,0.3682
SARS-CoV2-5UTR-Amplicon-short-trimmed+3,105,g,0.2455
SARS-CoV2-5UTR-Amplicon-short-trimmed+3,106,a,0.3154
SARS-CoV2-5UTR-Amplicon-short-trimmed+3,107,c,0.7793
SARS-CoV2-5UTR-Amplicon-short-trimmed+3,108,a,0.3435
SARS-CoV2-5UTR-Amplicon-short-trimmed+3,109,g,0.4832
SARS-CoV2-5UTR-Amplicon-short-trimmed+3,110,g,0.2364
SARS-CoV2-5UTR-Amplicon-short-trimmed+3,111,a,0.2721
SARS-CoV2-5UTR-Amplicon-short-trimmed+3,112,c,0.7179
SARS-CoV2-5UTR-Amplicon-short-trimmed+3,113,a,0.1813
SARS-CoV2-5UTR-Amplicon-short-trimmed+3,114,c,0.8586
SARS-CoV2-5UTR-Amplicon-short-trimmed+3,115,g,0.2708
SARS-CoV2-5UTR-Amplicon-short-trimmed+3,116,a,0.3131
SARS-CoV2-5UTR-Amplicon-short-trimmed+3,117,g,0.2823
SARS-CoV2-5UTR-Amplicon-short-trimmed+3,118,t,0.3272
SARS-CoV2-5UTR-Amplicon-short-trimmed+3,119,a,0.3266
SARS-CoV2-5UTR-Amplicon-short-trimmed+3,120,a,0.3446
SARS-CoV2-5UTR-Amplicon-short-trimmed+3,121,c,0.8745
SARS-CoV2-5UTR-Amplicon-short-trimmed+3,122,t,0.567
SARS-CoV2-5UTR-Amplicon-short-trimmed+3,123,c,1.119
SARS-CoV2-5UTR-Amplicon-short-trimmed+3,124,g,0.5788
SARS-CoV2-5UTR-Amplicon-short-trimmed+3,125,t,0.6487
SARS-CoV2-5UTR-Amplicon-short-trimmed+3,126,c,1.0171
SARS-CoV2-5UTR-Amplicon-short-trimmed+3,127,t,0.2591
SARS-CoV2-5UTR-Amplicon-short-trimmed+3,128,a,0.3638
SARS-CoV2-5UTR-Amplicon-short-trimmed+3,129,t,1.0115
SARS-CoV2-5UTR-Amplicon-short-trimmed+3,130,c,0.8178
SARS-CoV2-5UTR-Amplicon-short-trimmed+3,131,t,0.4913
SARS-CoV2-5UTR-Amplicon-short-trimmed+3,132,t,0.4851
SARS-CoV2-5UTR-Amplicon-short-trimmed+3,133,c,1.1945
SARS-CoV2-5UTR-Amplicon-short-trimmed+3,134,t,0.579
SARS-CoV2-5UTR-Amplicon-short-trimmed+3,135,g,0.5063
SARS-CoV2-5UTR-Amplicon-short-trimmed+3,136,c,1.1402
SARS-CoV2-5UTR-Amplicon-short-trimmed+3,137,a,0.6679
SARS-CoV2-5UTR-Amplicon-short-trimmed+3,138,g,0.6071
SARS-CoV2-5UTR-Amplicon-short-trimmed+3,139,g,0.9257
SARS-CoV2-5UTR-Amplicon-short-trimmed+3,140,c,1.0576
SARS-CoV2-5UTR-Amplicon-short-trimmed+3,141,t,0.9493
SARS-CoV2-5UTR-Amplicon-short-trimmed+3,142,g,0.9109
SARS-CoV2-5UTR-Amplicon-short-trimmed+3,143,c,0.79
SARS-CoV2-5UTR-Amplicon-short-trimmed+3,144,t,0.4635
SARS-CoV2-5UTR-Amplicon-short-trimmed+3,145,t,0.4969
SARS-CoV2-5UTR-Amplicon-short-trimmed+3,146,a,0.6116
SARS-CoV2-5UTR-Amplicon-short-trimmed+3,147,c,1.0933
SARS-CoV2-5UTR-Amplicon-short-trimmed+3,148,g,1.0953
SARS-CoV2-5UTR-Amplicon-short-trimmed+3,149,g,0.7585
SARS-CoV2-5UTR-Amplicon-short-trimmed+3,150,t,0.6497
SARS-CoV2-5UTR-Amplicon-short-trimmed+3,151,t,0.5491
SARS-CoV2-5UTR-Amplicon-short-trimmed+3,152,t,0.8391
SARS-CoV2-5UTR-Amplicon-short-trimmed+3,153,c,1.529
SARS-CoV2-5UTR-Amplicon-short-trimmed+3,154,g,0.5969
SARS-CoV2-5UTR-Amplicon-short-trimmed+3,155,t,0.8058
SARS-CoV2-5UTR-Amplicon-short-trimmed+3,156,c,1.1714
SARS-CoV2-5UTR-Amplicon-short-trimmed+3,157,c,1.0058
SARS-CoV2-5UTR-Amplicon-short-trimmed+3,158,g,0.6314
SARS-CoV2-5UTR-Amplicon-short-trimmed+3,159,t,2.2395
SARS-CoV2-5UTR-Amplicon-short-trimmed+3,160,g,0.49
SARS-CoV2-5UTR-Amplicon-short-trimmed+3,161,t,0.5205
SARS-CoV2-5UTR-Amplicon-short-trimmed+3,162,t,0.475
SARS-CoV2-5UTR-Amplicon-short-trimmed+3,163,g,0.3555
SARS-CoV2-5UTR-Amplicon-short-trimmed+3,164,c,0.8827
SARS-CoV2-5UTR-Amplicon-short-trimmed+3,165,a,0.5762
SARS-CoV2-5UTR-Amplicon-short-trimmed+3,166,g,0.8308
SARS-CoV2-5UTR-Amplicon-short-trimmed+3,167,c,0.8543
SARS-CoV2-5UTR-Amplicon-short-trimmed+3,168,c,1.2713
SARS-CoV2-5UTR-Amplicon-short-trimmed+3,169,g,0.2595
SARS-CoV2-5UTR-Amplicon-short-trimmed+3,170,a,0.2387
SARS-CoV2-5UTR-Amplicon-short-trimmed+3,171,t,0.2668
SARS-CoV2-5UTR-Amplicon-short-trimmed+3,172,c,0.5193
SARS-CoV2-5UTR-Amplicon-short-trimmed+3,173,a,0.1713
SARS-CoV2-5UTR-Amplicon-short-trimmed+3,174,t,0.2387
SARS-CoV2-5UTR-Amplicon-short-trimmed+3,175,c,0.9366
SARS-CoV2-5UTR-Amplicon-short-trimmed+3,176,a,0.3183
SARS-CoV2-5UTR-Amplicon-short-trimmed+3,177,g,0.5151
SARS-CoV2-5UTR-Amplicon-short-trimmed+3,178,c,1.43
SARS-CoV2-5UTR-Amplicon-short-trimmed+3,179,a,0.5526
SARS-CoV2-5UTR-Amplicon-short-trimmed+3,180,c,0.5929
SARS-CoV2-5UTR-Amplicon-short-trimmed+3,181,a,0.3465
SARS-CoV2-5UTR-Amplicon-short-trimmed+3,182,t,0.8163
SARS-CoV2-5UTR-Amplicon-short-trimmed+3,183,c,0.9914
SARS-CoV2-5UTR-Amplicon-short-trimmed+3,184,t,0.439
SARS-CoV2-5UTR-Amplicon-short-trimmed+3,185,a,0.7945
SARS-CoV2-5UTR-Amplicon-short-trimmed+3,186,g,0.8295
SARS-CoV2-5UTR-Amplicon-short-trimmed+3,187,g,0.8011
SARS-CoV2-5UTR-Amplicon-short-trimmed+3,188,t,0.8138
SARS-CoV2-5UTR-Amplicon-short-trimmed+3,189,t,0.8499
SARS-CoV2-5UTR-Amplicon-short-trimmed+3,190,t,1.1036
SARS-CoV2-5UTR-Amplicon-short-trimmed+3,191,c,1.6631
SARS-CoV2-5UTR-Amplicon-short-trimmed+3,192,g,0.8264
SARS-CoV2-5UTR-Amplicon-short-trimmed+3,193,t,2.0566
SARS-CoV2-5UTR-Amplicon-short-trimmed+3,194,c,1.3321
SARS-CoV2-5UTR-Amplicon-short-trimmed+3,195,c,1.237
SARS-CoV2-5UTR-Amplicon-short-trimmed+3,196,g,0.9139
SARS-CoV2-5UTR-Amplicon-short-trimmed+3,197,g,0.661
SARS-CoV2-5UTR-Amplicon-short-trimmed+3,198,g,0.9944
SARS-CoV2-5UTR-Amplicon-short-trimmed+3,199,t,0.754
SARS-CoV2-5UTR-Amplicon-short-trimmed+3,200,g,0.4266
SARS-CoV2-5UTR-Amplicon-short-trimmed+3,201,t,0.4153
SARS-CoV2-5UTR-Amplicon-short-trimmed+3,202,g,0.3684
SARS-CoV2-5UTR-Amplicon-short-trimmed+3,203,a,0.59
SARS-CoV2-5UTR-Amplicon-short-trimmed+3,204,c,0.8154
SARS-CoV2-5UTR-Amplicon-short-trimmed+3,205,c,0.8986
SARS-CoV2-5UTR-Amplicon-short-trimmed+3,206,g,0.4464
SARS-CoV2-5UTR-Amplicon-short-trimmed+3,207,a,0.4022
SARS-CoV2-5UTR-Amplicon-short-trimmed+3,208,a,0.2312
SARS-CoV2-5UTR-Amplicon-short-trimmed+3,209,a,0.2881
SARS-CoV2-5UTR-Amplicon-short-trimmed+3,210,g,0.5208
SARS-CoV2-5UTR-Amplicon-short-trimmed+3,211,g,0.3677
SARS-CoV2-5UTR-Amplicon-short-trimmed+3,212,t,0.3
SARS-CoV2-5UTR-Amplicon-short-trimmed+3,213,a,0.2053
SARS-CoV2-5UTR-Amplicon-short-trimmed+3,214,a,0.3167
SARS-CoV2-5UTR-Amplicon-short-trimmed+3,215,g,0.3511
SARS-CoV2-5UTR-Amplicon-short-trimmed+3,216,a,0.2879
SARS-CoV2-5UTR-Amplicon-short-trimmed+3,217,t,0.4928
SARS-CoV2-5UTR-Amplicon-short-trimmed+3,218,g,0.4563
SARS-CoV2-5UTR-Amplicon-short-trimmed+3,219,g,0.2821
SARS-CoV2-5UTR-Amplicon-short-trimmed+3,220,a,0.5091
SARS-CoV2-5UTR-Amplicon-short-trimmed+3,221,g,0.3398
SARS-CoV2-5UTR-Amplicon-short-trimmed+3,222,a,0.2137
SARS-CoV2-5UTR-Amplicon-short-trimmed+3,223,g,0.5129
SARS-CoV2-5UTR-Amplicon-short-trimmed+3,224,c,0.7245
SARS-CoV2-5UTR-Amplicon-short-trimmed+3,225,c,0.8321
SARS-CoV2-5UTR-Amplicon-short-trimmed+3,226,t,0.3082
SARS-CoV2-5UTR-Amplicon-short-trimmed+3,227,t,0.7156
SARS-CoV2-5UTR-Amplicon-short-trimmed+3,228,g,0.3597
SARS-CoV2-5UTR-Amplicon-short-trimmed+3,229,t,0.4271
SARS-CoV2-5UTR-Amplicon-short-trimmed+3,230,c,0.5489
SARS-CoV2-5UTR-Amplicon-short-trimmed+3,231,c,0.712
SARS-CoV2-5UTR-Amplicon-short-trimmed+3,232,c,0.8058
SARS-CoV2-5UTR-Amplicon-short-trimmed+3,233,t,0.4493
SARS-CoV2-5UTR-Amplicon-short-trimmed+3,234,g,0.5437
SARS-CoV2-5UTR-Amplicon-short-trimmed+3,235,g,0.4172
SARS-CoV2-5UTR-Amplicon-short-trimmed+3,236,t,0.2119
SARS-CoV2-5UTR-Amplicon-short-trimmed+3,237,t,0.1854
SARS-CoV2-5UTR-Amplicon-short-trimmed+3,238,t,0.4237
SARS-CoV2-5UTR-Amplicon-short-trimmed+3,239,c,1.0801
SARS-CoV2-5UTR-Amplicon-short-trimmed+3,240,a,0.1219
SARS-CoV2-5UTR-Amplicon-short-trimmed+3,241,a,0.1635
SARS-CoV2-5UTR-Amplicon-short-trimmed+3,242,c,0.4502
SARS-CoV2-5UTR-Amplicon-short-trimmed+3,243,g,0.1488
SARS-CoV2-5UTR-Amplicon-short-trimmed+3,244,a,0.3937
SARS-CoV2-5UTR-Amplicon-short-trimmed+3,245,g,0
SARS-CoV2-5UTR-Amplicon-short-trimmed+3,246,g,0
SARS-CoV2-5UTR-Amplicon-short-trimmed+3,247,G,0
SARS-CoV2-5UTR-Amplicon-short-trimmed+3,248,A,0
SARS-CoV2-5UTR-Amplicon-short-trimmed+3,249,G,0
