Region,Position,Ref_base,Mut_percentage
SARS-CoV2-5UTR-Amplicon-short-trimmed+3,1,T,0
SARS-CoV2-5UTR-Amplicon-short-trimmed+3,2,T,0
SARS-CoV2-5UTR-Amplicon-short-trimmed+3,3,G,0
SARS-CoV2-5UTR-Amplicon-short-trimmed+3,4,t,0
SARS-CoV2-5UTR-Amplicon-short-trimmed+3,5,a,0
SARS-CoV2-5UTR-Amplicon-short-trimmed+3,6,g,0.17
SARS-CoV2-5UTR-Amplicon-short-trimmed+3,7,a,0.0247
SARS-CoV2-5UTR-Amplicon-short-trimmed+3,8,t,0.0755
SARS-CoV2-5UTR-Amplicon-short-trimmed+3,9,c,0.0836
SARS-CoV2-5UTR-Amplicon-short-trimmed+3,10,t,0.0481
SARS-CoV2-5UTR-Amplicon-short-trimmed+3,11,g,0.7317
SARS-CoV2-5UTR-Amplicon-short-trimmed+3,12,t,0.0691
SARS-CoV2-5UTR-Amplicon-short-trimmed+3,13,t,0.069
SARS-CoV2-5UTR-Amplicon-short-trimmed+3,14,c,0.0814
SARS-CoV2-5UTR-Amplicon-short-trimmed+3,15,t,0.1056
SARS-CoV2-5UTR-Amplicon-short-trimmed+3,16,c,0.0638
SARS-CoV2-5UTR-Amplicon-short-trimmed+3,17,t,0.0514
SARS-CoV2-5UTR-Amplicon-short-trimmed+3,18,a,0.0971
SARS-CoV2-5UTR-Amplicon-short-trimmed+3,19,a,0.1611
SARS-CoV2-5UTR-Amplicon-short-trimmed+3,20,a,0.1727
SARS-CoV2-5UTR-Amplicon-short-trimmed+3,21,c,0.2343
SARS-CoV2-5UTR-Amplicon-short-trimmed+3,22,g,0.3878
SARS-CoV2-5UTR-Amplicon-short-trimmed+3,23,a,0.0362
SARS-CoV2-5UTR-Amplicon-short-trimmed+3,24,a,0.0552
SARS-CoV2-5UTR-Amplicon-short-trimmed+3,25,c,1.6259
SARS-CoV2-5UTR-Amplicon-short-trimmed+3,26,t,0.2547
SARS-CoV2-5UTR-Amplicon-short-trimmed+3,27,t,0.1069
SARS-CoV2-5UTR-Amplicon-short-trimmed+3,28,t,0.0543
SARS-CoV2-5UTR-Amplicon-short-trimmed+3,29,a,0.1201
SARS-CoV2-5UTR-Amplicon-short-trimmed+3,30,a,0.0593
SARS-CoV2-5UTR-Amplicon-short-trimmed+3,31,a,0.0692
SARS-CoV2-5UTR-Amplicon-short-trimmed+3,32,a,0.0466
SARS-CoV2-5UTR-Amplicon-short-trimmed+3,33,t,0.0885
SARS-CoV2-5UTR-Amplicon-short-trimmed+3,34,c,0.1238
SARS-CoV2-5UTR-Amplicon-short-trimmed+3,35,t,0.5959
SARS-CoV2-5UTR-Amplicon-short-trimmed+3,36,g,1.4985
SARS-CoV2-5UTR-Amplicon-short-trimmed+3,37,t,0.2847
SARS-CoV2-5UTR-Amplicon-short-trimmed+3,38,g,0.7547
SARS-CoV2-5UTR-Amplicon-short-trimmed+3,39,t,0.1748
SARS-CoV2-5UTR-Amplicon-short-trimmed+3,40,g,0.9315
SARS-CoV2-5UTR-Amplicon-short-trimmed+3,41,g,0.8192
SARS-CoV2-5UTR-Amplicon-short-trimmed+3,42,c,0.15
SARS-CoV2-5UTR-Amplicon-short-trimmed+3,43,t,0.2099
SARS-CoV2-5UTR-Amplicon-short-trimmed+3,44,g,0.694
SARS-CoV2-5UTR-Amplicon-short-trimmed+3,45,t,0.1764
SARS-CoV2-5UTR-Amplicon-short-trimmed+3,46,c,0.1007
SARS-CoV2-5UTR-Amplicon-short-trimmed+3,47,a,0.0828
SARS-CoV2-5UTR-Amplicon-short-trimmed+3,48,c,0.0915
SARS-CoV2-5UTR-Amplicon-short-trimmed+3,49,t,0.1059
SARS-CoV2-5UTR-Amplicon-short-trimmed+3,50,c,0.2584
SARS-CoV2-5UTR-Amplicon-short-trimmed+3,51,g,1.1304
SARS-CoV2-5UTR-Amplicon-short-trimmed+3,52,g,1.0057
SARS-CoV2-5UTR-Amplicon-short-trimmed+3,53,c,0.3145
SARS-CoV2-5UTR-Amplicon-short-trimmed+3,54,t,0.3292
SARS-CoV2-5UTR-Amplicon-short-trimmed+3,55,g,0.505
SARS-CoV2-5UTR-Amplicon-short-trimmed+3,56,c,0.1912
SARS-CoV2-5UTR-Amplicon-short-trimmed+3,57,g,0.6924
SARS-CoV2-5UTR-Amplicon-short-trimmed+3,58,t,0.1563
SARS-CoV2-5UTR-Amplicon-short-trimmed+3,59,g,0.7918
SARS-CoV2-5UTR-Amplicon-short-trimmed+3,60,c,0.1381
SARS-CoV2-5UTR-Amplicon-short-trimmed+3,61,t,0.1965
SARS-CoV2-5UTR-Amplicon-short-trimmed+3,62,t,0.3635
SARS-CoV2-5UTR-Amplicon-short-trimmed+3,63,a,0.4476
SARS-CoV2-5UTR-Amplicon-short-trimmed+3,64,g,0.5503
SARS-CoV2-5UTR-Amplicon-short-trimmed+3,65,t,0.1064
SARS-CoV2-5UTR-Amplicon-short-trimmed+3,66,g,0.9229
SARS-CoV2-5UTR-Amplicon-short-trimmed+3,67,c,0.2141
SARS-CoV2-5UTR-Amplicon-short-trimmed+3,68,a,0.0799
SARS-CoV2-5UTR-Amplicon-short-trimmed+3,69,c,0.1051
SARS-CoV2-5UTR-Amplicon-short-trimmed+3,70,t,0.0637
SARS-CoV2-5UTR-Amplicon-short-trimmed+3,71,c,0.1445
SARS-CoV2-5UTR-Amplicon-short-trimmed+3,72,a,0.2199
SARS-CoV2-5UTR-Amplicon-short-trimmed+3,73,c,0.1782
SARS-CoV2-5UTR-Amplicon-short-trimmed+3,74,g,0.9746
SARS-CoV2-5UTR-Amplicon-short-trimmed+3,75,c,0.0633
SARS-CoV2-5UTR-Amplicon-short-trimmed+3,76,a,0.1114
SARS-CoV2-5UTR-Amplicon-short-trimmed+3,77,g,0.2193
SARS-CoV2-5UTR-Amplicon-short-trimmed+3,78,t,0.0504
SARS-CoV2-5UTR-Amplicon-short-trimmed+3,79,a,0.0364
SARS-CoV2-5UTR-Amplicon-short-trimmed+3,80,t,0.0334
SARS-CoV2-5UTR-Amplicon-short-trimmed+3,81,a,0.0428
SARS-CoV2-5UTR-Amplicon-short-trimmed+3,82,a,0.0719
SARS-CoV2-5UTR-Amplicon-short-trimmed+3,83,t,0.0443
SARS-CoV2-5UTR-Amplicon-short-trimmed+3,84,t,0.071
SARS-CoV2-5UTR-Amplicon-short-trimmed+3,85,a,0.0968
SARS-CoV2-5UTR-Amplicon-short-trimmed+3,86,a,0.0793
SARS-CoV2-5UTR-Amplicon-short-trimmed+3,87,t,0.042
SARS-CoV2-5UTR-Amplicon-short-trimmed+3,88,a,0.0629
SARS-CoV2-5UTR-Amplicon-short-trimmed+3,89,a,0.0668
SARS-CoV2-5UTR-Amplicon-short-trimmed+3,90,c,0.3172
SARS-CoV2-5UTR-Amplicon-short-trimmed+3,91,t,0.1088
SARS-CoV2-5UTR-Amplicon-short-trimmed+3,92,a,0.0704
SARS-CoV2-5UTR-Amplicon-short-trimmed+3,93,a,0.0633
SARS-CoV2-5UTR-Amplicon-short-trimmed+3,94,t,0.0579
SARS-CoV2-5UTR-Amplicon-short-trimmed+3,95,t,0.0571
SARS-CoV2-5UTR-Amplicon-short-trimmed+3,96,a,0.0764
SARS-CoV2-5UTR-Amplicon-short-trimmed+3,97,c,0.0901
SARS-CoV2-5UTR-Amplicon-short-trimmed+3,98,t,0.4649
SARS-CoV2-5UTR-Amplicon-short-trimmed+3,99,g,0.7927
SARS-CoV2-5UTR-Amplicon-short-trimmed+3,100,t,0.1545
SARS-CoV2-5UTR-Amplicon-short-trimmed+3,101,c,0.3491
SARS-CoV2-5UTR-Amplicon-short-trimmed+3,102,g,0.931
SARS-CoV2-5UTR-Amplicon-short-trimmed+3,103,t,0.0837
SARS-CoV2-5UTR-Amplicon-short-trimmed+3,104,t,0.1177
SARS-CoV2-5UTR-Amplicon-short-trimmed+3,105,g,0.1623
SARS-CoV2-5UTR-Amplicon-short-trimmed+3,106,a,0.158
SARS-CoV2-5UTR-Amplicon-short-trimmed+3,107,c,0.2654
SARS-CoV2-5UTR-Amplicon-short-trimmed+3,108,a,0.2738
SARS-CoV2-5UTR-Amplicon-short-trimmed+3,109,g,0.5243
SARS-CoV2-5UTR-Amplicon-short-trimmed+3,110,g,0.1231
SARS-CoV2-5UTR-Amplicon-short-trimmed+3,111,a,0.0693
SARS-CoV2-5UTR-Amplicon-short-trimmed+3,112,c,0.125
SARS-CoV2-5UTR-Amplicon-short-trimmed+3,113,a,0.0737
SARS-CoV2-5UTR-Amplicon-short-trimmed+3,114,c,0.1672
SARS-CoV2-5UTR-Amplicon-short-trimmed+3,115,g,0.1961
SARS-CoV2-5UTR-Amplicon-short-trimmed+3,116,a,0.178
SARS-CoV2-5UTR-Amplicon-short-trimmed+3,117,g,0.4743
SARS-CoV2-5UTR-Amplicon-short-trimmed+3,118,t,0.1573
SARS-CoV2-5UTR-Amplicon-short-trimmed+3,119,a,0.1798
SARS-CoV2-5UTR-Amplicon-short-trimmed+3,120,a,0.1487
SARS-CoV2-5UTR-Amplicon-short-trimmed+3,121,c,0.2591
SARS-CoV2-5UTR-Amplicon-short-trimmed+3,122,t,0.4227
SARS-CoV2-5UTR-Amplicon-short-trimmed+3,123,c,0.4516
SARS-CoV2-5UTR-Amplicon-short-trimmed+3,124,g,0.8987
SARS-CoV2-5UTR-Amplicon-short-trimmed+3,125,t,0.3574
SARS-CoV2-5UTR-Amplicon-short-trimmed+3,126,c,0.1892
SARS-CoV2-5UTR-Amplicon-short-trimmed+3,127,t,0.1017
SARS-CoV2-5UTR-Amplicon-short-trimmed+3,128,a,0.1564
SARS-CoV2-5UTR-Amplicon-short-trimmed+3,129,t,0.6311
SARS-CoV2-5UTR-Amplicon-short-trimmed+3,130,c,0.1167
SARS-CoV2-5UTR-Amplicon-short-trimmed+3,131,t,0.1526
SARS-CoV2-5UTR-Amplicon-short-trimmed+3,132,t,0.2295
SARS-CoV2-5UTR-Amplicon-short-trimmed+3,133,c,0.3844
SARS-CoV2-5UTR-Amplicon-short-trimmed+3,134,t,0.3917
SARS-CoV2-5UTR-Amplicon-short-trimmed+3,135,g,1.0075
SARS-CoV2-5UTR-Amplicon-short-trimmed+3,136,c,0.7887
SARS-CoV2-5UTR-Amplicon-short-trimmed+3,137,a,0.7519
SARS-CoV2-5UTR-Amplicon-short-trimmed+3,138,g,0.7914
SARS-CoV2-5UTR-Amplicon-short-trimmed+3,139,g,1.4525
SARS-CoV2-5UTR-Amplicon-short-trimmed+3,140,c,0.8798
SARS-CoV2-5UTR-Amplicon-short-trimmed+3,141,t,1.0924
SARS-CoV2-5UTR-Amplicon-short-trimmed+3,142,g,0.7241
SARS-CoV2-5UTR-Amplicon-short-trimmed+3,143,c,0.2193
SARS-CoV2-5UTR-Amplicon-short-trimmed+3,144,t,0.1667
SARS-CoV2-5UTR-Amplicon-short-trimmed+3,145,t,0.2444
SARS-CoV2-5UTR-Amplicon-short-trimmed+3,146,a,0.3486
SARS-CoV2-5UTR-Amplicon-short-trimmed+3,147,c,0.3958
SARS-CoV2-5UTR-Amplicon-short-trimmed+3,148,g,1.2358
SARS-CoV2-5UTR-Amplicon-short-trimmed+3,149,g,0.9673
SARS-CoV2-5UTR-Amplicon-short-trimmed+3,150,t,0.2258
SARS-CoV2-5UTR-Amplicon-short-trimmed+3,151,t,0.2385
SARS-CoV2-5UTR-Amplicon-short-trimmed+3,152,t,0.448
SARS-CoV2-5UTR-Amplicon-short-trimmed+3,153,c,0.8345
SARS-CoV2-5UTR-Amplicon-short-trimmed+3,154,g,0.8448
SARS-CoV2-5UTR-Amplicon-short-trimmed+3,155,t,0.4624
SARS-CoV2-5UTR-Amplicon-short-trimmed+3,156,c,0.3933
SARS-CoV2-5UTR-Amplicon-short-trimmed+3,157,c,0.4641
SARS-CoV2-5UTR-Amplicon-short-trimmed+3,158,g,0.9347
SARS-CoV2-5UTR-Amplicon-short-trimmed+3,159,t,1.5317
SARS-CoV2-5UTR-Amplicon-short-trimmed+3,160,g,0.5181
SARS-CoV2-5UTR-Amplicon-short-trimmed+3,161,t,0.2083
SARS-CoV2-5UTR-Amplicon-short-trimmed+3,162,t,0.2791
SARS-CoV2-5UTR-Amplicon-short-trimmed+3,163,g,0.5456
SARS-CoV2-5UTR-Amplicon-short-trimmed+3,164,c,0.5022
SARS-CoV2-5UTR-Amplicon-short-trimmed+3,165,a,0.6397
SARS-CoV2-5UTR-Amplicon-short-trimmed+3,166,g,1.1161
SARS-CoV2-5UTR-Amplicon-short-trimmed+3,167,c,0.4078
SARS-CoV2-5UTR-Amplicon-short-trimmed+3,168,c,0.8421
SARS-CoV2-5UTR-Amplicon-short-trimmed+3,169,g,0.1969
SARS-CoV2-5UTR-Amplicon-short-trimmed+3,170,a,0.14
SARS-CoV2-5UTR-Amplicon-short-trimmed+3,171,t,0.1572
SARS-CoV2-5UTR-Amplicon-short-trimmed+3,172,c,0.2422
SARS-CoV2-5UTR-Amplicon-short-trimmed+3,173,a,0.0767
SARS-CoV2-5UTR-Amplicon-short-trimmed+3,174,t,0.1144
SARS-CoV2-5UTR-Amplicon-short-trimmed+3,175,c,0.3107
SARS-CoV2-5UTR-Amplicon-short-trimmed+3,176,a,0.2993
SARS-CoV2-5UTR-Amplicon-short-trimmed+3,177,g,1.0017
SARS-CoV2-5UTR-Amplicon-short-trimmed+3,178,c,0.8597
SARS-CoV2-5UTR-Amplicon-short-trimmed+3,179,a,0.1659
SARS-CoV2-5UTR-Amplicon-short-trimmed+3,180,c,0.1606
SARS-CoV2-5UTR-Amplicon-short-trimmed+3,181,a,0.116
SARS-CoV2-5UTR-Amplicon-short-trimmed+3,182,t,0.213
SARS-CoV2-5UTR-Amplicon-short-trimmed+3,183,c,0.1471
SARS-CoV2-5UTR-Amplicon-short-trimmed+3,184,t,0.262
SARS-CoV2-5UTR-Amplicon-short-trimmed+3,185,a,1.1369
SARS-CoV2-5UTR-Amplicon-short-trimmed+3,186,g,1.2258
SARS-CoV2-5UTR-Amplicon-short-trimmed+3,187,g,1.2219
SARS-CoV2-5UTR-Amplicon-short-trimmed+3,188,t,0.346
SARS-CoV2-5UTR-Amplicon-short-trimmed+3,189,t,0.5447
SARS-CoV2-5UTR-Amplicon-short-trimmed+3,190,t,0.9419
SARS-CoV2-5UTR-Amplicon-short-trimmed+3,191,c,1.138
SARS-CoV2-5UTR-Amplicon-short-trimmed+3,192,g,1.212
SARS-CoV2-5UTR-Amplicon-short-trimmed+3,193,t,1.5572
SARS-CoV2-5UTR-Amplicon-short-trimmed+3,194,c,0.5215
SARS-CoV2-5UTR-Amplicon-short-trimmed+3,195,c,0.5549
SARS-CoV2-5UTR-Amplicon-short-trimmed+3,196,g,1.4223
SARS-CoV2-5UTR-Amplicon-short-trimmed+3,197,g,1.0961
SARS-CoV2-5UTR-Amplicon-short-trimmed+3,198,g,1.58
SARS-CoV2-5UTR-Amplicon-short-trimmed+3,199,t,0.558
SARS-CoV2-5UTR-Amplicon-short-trimmed+3,200,g,0.7713
SARS-CoV2-5UTR-Amplicon-short-trimmed+3,201,t,0.1674
SARS-CoV2-5UTR-Amplicon-short-trimmed+3,202,g,0.3204
SARS-CoV2-5UTR-Amplicon-short-trimmed+3,203,a,0.3954
SARS-CoV2-5UTR-Amplicon-short-trimmed+3,204,c,0.178
SARS-CoV2-5UTR-Amplicon-short-trimmed+3,205,c,0.162
SARS-CoV2-5UTR-Amplicon-short-trimmed+3,206,g,0.8419
SARS-CoV2-5UTR-Amplicon-short-trimmed+3,207,a,0.2707
SARS-CoV2-5UTR-Amplicon-short-trimmed+3,208,a,0.1591
SARS-CoV2-5UTR-Amplicon-short-trimmed+3,209,a,0.3935
SARS-CoV2-5UTR-Amplicon-short-trimmed+3,210,g,0.8992
SARS-CoV2-5UTR-Amplicon-short-trimmed+3,211,g,0.7232
SARS-CoV2-5UTR-Amplicon-short-trimmed+3,212,t,0.1574
SARS-CoV2-5UTR-Amplicon-short-trimmed+3,213,a,0.1187
SARS-CoV2-5UTR-Amplicon-short-trimmed+3,214,a,0.1947
SARS-CoV2-5UTR-Amplicon-short-trimmed+3,215,g,0.368
SARS-CoV2-5UTR-Amplicon-short-trimmed+3,216,a,0.2473
SARS-CoV2-5UTR-Amplicon-short-trimmed+3,217,t,0.6129
SARS-CoV2-5UTR-Amplicon-short-trimmed+3,218,g,0.8839
SARS-CoV2-5UTR-Amplicon-short-trimmed+3,219,g,0.2584
SARS-CoV2-5UTR-Amplicon-short-trimmed+3,220,a,0.4254
SARS-CoV2-5UTR-Amplicon-short-trimmed+3,221,g,0.3098
SARS-CoV2-5UTR-Amplicon-short-trimmed+3,222,a,0.1254
SARS-CoV2-5UTR-Amplicon-short-trimmed+3,223,g,1.2451
SARS-CoV2-5UTR-Amplicon-short-trimmed+3,224,c,0.1283
SARS-CoV2-5UTR-Amplicon-short-trimmed+3,225,c,0.122
SARS-CoV2-5UTR-Amplicon-short-trimmed+3,226,t,0.2743
SARS-CoV2-5UTR-Amplicon-short-trimmed+3,227,t,0.4907
SARS-CoV2-5UTR-Amplicon-short-trimmed+3,228,g,0.3533
SARS-CoV2-5UTR-Amplicon-short-trimmed+3,229,t,0.196
SARS-CoV2-5UTR-Amplicon-short-trimmed+3,230,c,0.1102
SARS-CoV2-5UTR-Amplicon-short-trimmed+3,231,c,0.0935
SARS-CoV2-5UTR-Amplicon-short-trimmed+3,232,c,0.1424
SARS-CoV2-5UTR-Amplicon-short-trimmed+3,233,t,0.5469
SARS-CoV2-5UTR-Amplicon-short-trimmed+3,234,g,1.252
SARS-CoV2-5UTR-Amplicon-short-trimmed+3,235,g,0.7911
SARS-CoV2-5UTR-Amplicon-short-trimmed+3,236,t,0.0799
SARS-CoV2-5UTR-Amplicon-short-trimmed+3,237,t,0.0775
SARS-CoV2-5UTR-Amplicon-short-trimmed+3,238,t,0.1433
SARS-CoV2-5UTR-Amplicon-short-trimmed+3,239,c,0.6446
SARS-CoV2-5UTR-Amplicon-short-trimmed+3,240,a,0.1029
SARS-CoV2-5UTR-Amplicon-short-trimmed+3,241,a,0.0851
SARS-CoV2-5UTR-Amplicon-short-trimmed+3,242,c,0.1286
SARS-CoV2-5UTR-Amplicon-short-trimmed+3,243,g,0.0966
SARS-CoV2-5UTR-Amplicon-short-trimmed+3,244,a,0.2149
SARS-CoV2-5UTR-Amplicon-short-trimmed+3,245,g,2e-04
SARS-CoV2-5UTR-Amplicon-short-trimmed+3,246,g,0
SARS-CoV2-5UTR-Amplicon-short-trimmed+3,247,G,0
SARS-CoV2-5UTR-Amplicon-short-trimmed+3,248,A,0
SARS-CoV2-5UTR-Amplicon-short-trimmed+3,249,G,0
