Region,Position,Ref_base,Mut_percentage
SARS-CoV2-5UTR-Amplicon-short-trimmed+3,1,T,0
SARS-CoV2-5UTR-Amplicon-short-trimmed+3,2,T,0
SARS-CoV2-5UTR-Amplicon-short-trimmed+3,3,G,0
SARS-CoV2-5UTR-Amplicon-short-trimmed+3,4,t,0
SARS-CoV2-5UTR-Amplicon-short-trimmed+3,5,a,0
SARS-CoV2-5UTR-Amplicon-short-trimmed+3,6,g,0.0665
SARS-CoV2-5UTR-Amplicon-short-trimmed+3,7,a,0.0601
SARS-CoV2-5UTR-Amplicon-short-trimmed+3,8,t,0.0673
SARS-CoV2-5UTR-Amplicon-short-trimmed+3,9,c,0.1435
SARS-CoV2-5UTR-Amplicon-short-trimmed+3,10,t,0.0325
SARS-CoV2-5UTR-Amplicon-short-trimmed+3,11,g,0.1242
SARS-CoV2-5UTR-Amplicon-short-trimmed+3,12,t,0.0569
SARS-CoV2-5UTR-Amplicon-short-trimmed+3,13,t,0.1105
SARS-CoV2-5UTR-Amplicon-short-trimmed+3,14,c,0.2232
SARS-CoV2-5UTR-Amplicon-short-trimmed+3,15,t,0.0999
SARS-CoV2-5UTR-Amplicon-short-trimmed+3,16,c,0.1181
SARS-CoV2-5UTR-Amplicon-short-trimmed+3,17,t,0.0463
SARS-CoV2-5UTR-Amplicon-short-trimmed+3,18,a,0.1261
SARS-CoV2-5UTR-Amplicon-short-trimmed+3,19,a,0.0361
SARS-CoV2-5UTR-Amplicon-short-trimmed+3,20,a,0.0757
SARS-CoV2-5UTR-Amplicon-short-trimmed+3,21,c,0.1829
SARS-CoV2-5UTR-Amplicon-short-trimmed+3,22,g,0.0689
SARS-CoV2-5UTR-Amplicon-short-trimmed+3,23,a,0.0497
SARS-CoV2-5UTR-Amplicon-short-trimmed+3,24,a,0.0755
SARS-CoV2-5UTR-Amplicon-short-trimmed+3,25,c,2.0799
SARS-CoV2-5UTR-Amplicon-short-trimmed+3,26,t,0.2424
SARS-CoV2-5UTR-Amplicon-short-trimmed+3,27,t,0.103
SARS-CoV2-5UTR-Amplicon-short-trimmed+3,28,t,0.0512
SARS-CoV2-5UTR-Amplicon-short-trimmed+3,29,a,0.1649
SARS-CoV2-5UTR-Amplicon-short-trimmed+3,30,a,0.0973
SARS-CoV2-5UTR-Amplicon-short-trimmed+3,31,a,0.1045
SARS-CoV2-5UTR-Amplicon-short-trimmed+3,32,a,0.0815
SARS-CoV2-5UTR-Amplicon-short-trimmed+3,33,t,0.1033
SARS-CoV2-5UTR-Amplicon-short-trimmed+3,34,c,0.1776
SARS-CoV2-5UTR-Amplicon-short-trimmed+3,35,t,0.1126
SARS-CoV2-5UTR-Amplicon-short-trimmed+3,36,g,0.1752
SARS-CoV2-5UTR-Amplicon-short-trimmed+3,37,t,0.0849
SARS-CoV2-5UTR-Amplicon-short-trimmed+3,38,g,0.075
SARS-CoV2-5UTR-Amplicon-short-trimmed+3,39,t,0.07
SARS-CoV2-5UTR-Amplicon-short-trimmed+3,40,g,0.1085
SARS-CoV2-5UTR-Amplicon-short-trimmed+3,41,g,0.1548
SARS-CoV2-5UTR-Amplicon-short-trimmed+3,42,c,0.2051
SARS-CoV2-5UTR-Amplicon-short-trimmed+3,43,t,0.1427
SARS-CoV2-5UTR-Amplicon-short-trimmed+3,44,g,0.1238
SARS-CoV2-5UTR-Amplicon-short-trimmed+3,45,t,0.1401
SARS-CoV2-5UTR-Amplicon-short-trimmed+3,46,c,0.1365
SARS-CoV2-5UTR-Amplicon-short-trimmed+3,47,a,0.1237
SARS-CoV2-5UTR-Amplicon-short-trimmed+3,48,c,0.2098
SARS-CoV2-5UTR-Amplicon-short-trimmed+3,49,t,0.0693
SARS-CoV2-5UTR-Amplicon-short-trimmed+3,50,c,0.225
SARS-CoV2-5UTR-Amplicon-short-trimmed+3,51,g,0.1411
SARS-CoV2-5UTR-Amplicon-short-trimmed+3,52,g,0.2623
SARS-CoV2-5UTR-Amplicon-short-trimmed+3,53,c,0.238
SARS-CoV2-5UTR-Amplicon-short-trimmed+3,54,t,0.1277
SARS-CoV2-5UTR-Amplicon-short-trimmed+3,55,g,0.1471
SARS-CoV2-5UTR-Amplicon-short-trimmed+3,56,c,0.2141
SARS-CoV2-5UTR-Amplicon-short-trimmed+3,57,g,0.1593
SARS-CoV2-5UTR-Amplicon-short-trimmed+3,58,t,0.0793
SARS-CoV2-5UTR-Amplicon-short-trimmed+3,59,g,0.1638
SARS-CoV2-5UTR-Amplicon-short-trimmed+3,60,c,0.2007
SARS-CoV2-5UTR-Amplicon-short-trimmed+3,61,t,0.1115
SARS-CoV2-5UTR-Amplicon-short-trimmed+3,62,t,0.0691
SARS-CoV2-5UTR-Amplicon-short-trimmed+3,63,a,0.0873
SARS-CoV2-5UTR-Amplicon-short-trimmed+3,64,g,0.0948
SARS-CoV2-5UTR-Amplicon-short-trimmed+3,65,t,0.0633
SARS-CoV2-5UTR-Amplicon-short-trimmed+3,66,g,0.1517
SARS-CoV2-5UTR-Amplicon-short-trimmed+3,67,c,0.2541
SARS-CoV2-5UTR-Amplicon-short-trimmed+3,68,a,0.1308
SARS-CoV2-5UTR-Amplicon-short-trimmed+3,69,c,0.2118
SARS-CoV2-5UTR-Amplicon-short-trimmed+3,70,t,0.0658
SARS-CoV2-5UTR-Amplicon-short-trimmed+3,71,c,0.0964
SARS-CoV2-5UTR-Amplicon-short-trimmed+3,72,a,0.1241
SARS-CoV2-5UTR-Amplicon-short-trimmed+3,73,c,0.1871
SARS-CoV2-5UTR-Amplicon-short-trimmed+3,74,g,0.1645
SARS-CoV2-5UTR-Amplicon-short-trimmed+3,75,c,0.1374
SARS-CoV2-5UTR-Amplicon-short-trimmed+3,76,a,0.1105
SARS-CoV2-5UTR-Amplicon-short-trimmed+3,77,g,0.1128
SARS-CoV2-5UTR-Amplicon-short-trimmed+3,78,t,0.0442
SARS-CoV2-5UTR-Amplicon-short-trimmed+3,79,a,0.0656
SARS-CoV2-5UTR-Amplicon-short-trimmed+3,80,t,0.0265
SARS-CoV2-5UTR-Amplicon-short-trimmed+3,81,a,0.0595
SARS-CoV2-5UTR-Amplicon-short-trimmed+3,82,a,0.0975
SARS-CoV2-5UTR-Amplicon-short-trimmed+3,83,t,0.039
SARS-CoV2-5UTR-Amplicon-short-trimmed+3,84,t,0.0821
SARS-CoV2-5UTR-Amplicon-short-trimmed+3,85,a,0.1147
SARS-CoV2-5UTR-Amplicon-short-trimmed+3,86,a,0.1239
SARS-CoV2-5UTR-Amplicon-short-trimmed+3,87,t,0.0436
SARS-CoV2-5UTR-Amplicon-short-trimmed+3,88,a,0.0738
SARS-CoV2-5UTR-Amplicon-short-trimmed+3,89,a,0.1113
SARS-CoV2-5UTR-Amplicon-short-trimmed+3,90,c,0.4367
SARS-CoV2-5UTR-Amplicon-short-trimmed+3,91,t,0.1111
SARS-CoV2-5UTR-Amplicon-short-trimmed+3,92,a,0.0826
SARS-CoV2-5UTR-Amplicon-short-trimmed+3,93,a,0.0832
SARS-CoV2-5UTR-Amplicon-short-trimmed+3,94,t,0.0695
SARS-CoV2-5UTR-Amplicon-short-trimmed+3,95,t,0.076
SARS-CoV2-5UTR-Amplicon-short-trimmed+3,96,a,0.1006
SARS-CoV2-5UTR-Amplicon-short-trimmed+3,97,c,0.1908
SARS-CoV2-5UTR-Amplicon-short-trimmed+3,98,t,0.3238
SARS-CoV2-5UTR-Amplicon-short-trimmed+3,99,g,0.1331
SARS-CoV2-5UTR-Amplicon-short-trimmed+3,100,t,0.1272
SARS-CoV2-5UTR-Amplicon-short-trimmed+3,101,c,0.2238
SARS-CoV2-5UTR-Amplicon-short-trimmed+3,102,g,0.1364
SARS-CoV2-5UTR-Amplicon-short-trimmed+3,103,t,0.0911
SARS-CoV2-5UTR-Amplicon-short-trimmed+3,104,t,0.1231
SARS-CoV2-5UTR-Amplicon-short-trimmed+3,105,g,0.0921
SARS-CoV2-5UTR-Amplicon-short-trimmed+3,106,a,0.1372
SARS-CoV2-5UTR-Amplicon-short-trimmed+3,107,c,0.2447
SARS-CoV2-5UTR-Amplicon-short-trimmed+3,108,a,0.1638
SARS-CoV2-5UTR-Amplicon-short-trimmed+3,109,g,0.146
SARS-CoV2-5UTR-Amplicon-short-trimmed+3,110,g,0.1271
SARS-CoV2-5UTR-Amplicon-short-trimmed+3,111,a,0.1175
SARS-CoV2-5UTR-Amplicon-short-trimmed+3,112,c,0.2248
SARS-CoV2-5UTR-Amplicon-short-trimmed+3,113,a,0.0761
SARS-CoV2-5UTR-Amplicon-short-trimmed+3,114,c,0.2326
SARS-CoV2-5UTR-Amplicon-short-trimmed+3,115,g,0.1135
SARS-CoV2-5UTR-Amplicon-short-trimmed+3,116,a,0.1373
SARS-CoV2-5UTR-Amplicon-short-trimmed+3,117,g,0.0829
SARS-CoV2-5UTR-Amplicon-short-trimmed+3,118,t,0.1687
SARS-CoV2-5UTR-Amplicon-short-trimmed+3,119,a,0.1757
SARS-CoV2-5UTR-Amplicon-short-trimmed+3,120,a,0.1752
SARS-CoV2-5UTR-Amplicon-short-trimmed+3,121,c,0.3157
SARS-CoV2-5UTR-Amplicon-short-trimmed+3,122,t,0.2138
SARS-CoV2-5UTR-Amplicon-short-trimmed+3,123,c,0.3579
SARS-CoV2-5UTR-Amplicon-short-trimmed+3,124,g,0.2321
SARS-CoV2-5UTR-Amplicon-short-trimmed+3,125,t,0.2956
SARS-CoV2-5UTR-Amplicon-short-trimmed+3,126,c,0.2755
SARS-CoV2-5UTR-Amplicon-short-trimmed+3,127,t,0.0957
SARS-CoV2-5UTR-Amplicon-short-trimmed+3,128,a,0.169
SARS-CoV2-5UTR-Amplicon-short-trimmed+3,129,t,0.5325
SARS-CoV2-5UTR-Amplicon-short-trimmed+3,130,c,0.2065
SARS-CoV2-5UTR-Amplicon-short-trimmed+3,131,t,0.1338
SARS-CoV2-5UTR-Amplicon-short-trimmed+3,132,t,0.214
SARS-CoV2-5UTR-Amplicon-short-trimmed+3,133,c,0.3893
SARS-CoV2-5UTR-Amplicon-short-trimmed+3,134,t,0.2293
SARS-CoV2-5UTR-Amplicon-short-trimmed+3,135,g,0.2139
SARS-CoV2-5UTR-Amplicon-short-trimmed+3,136,c,0.5647
SARS-CoV2-5UTR-Amplicon-short-trimmed+3,137,a,0.3182
SARS-CoV2-5UTR-Amplicon-short-trimmed+3,138,g,0.1951
SARS-CoV2-5UTR-Amplicon-short-trimmed+3,139,g,0.3727
SARS-CoV2-5UTR-Amplicon-short-trimmed+3,140,c,0.3066
SARS-CoV2-5UTR-Amplicon-short-trimmed+3,141,t,0.3726
SARS-CoV2-5UTR-Amplicon-short-trimmed+3,142,g,0.4847
SARS-CoV2-5UTR-Amplicon-short-trimmed+3,143,c,0.263
SARS-CoV2-5UTR-Amplicon-short-trimmed+3,144,t,0.1581
SARS-CoV2-5UTR-Amplicon-short-trimmed+3,145,t,0.1883
SARS-CoV2-5UTR-Amplicon-short-trimmed+3,146,a,0.2568
SARS-CoV2-5UTR-Amplicon-short-trimmed+3,147,c,0.3437
SARS-CoV2-5UTR-Amplicon-short-trimmed+3,148,g,0.4438
SARS-CoV2-5UTR-Amplicon-short-trimmed+3,149,g,0.2267
SARS-CoV2-5UTR-Amplicon-short-trimmed+3,150,t,0.2248
SARS-CoV2-5UTR-Amplicon-short-trimmed+3,151,t,0.1946
SARS-CoV2-5UTR-Amplicon-short-trimmed+3,152,t,0.3044
SARS-CoV2-5UTR-Amplicon-short-trimmed+3,153,c,0.4565
SARS-CoV2-5UTR-Amplicon-short-trimmed+3,154,g,0.1569
SARS-CoV2-5UTR-Amplicon-short-trimmed+3,155,t,0.3723
SARS-CoV2-5UTR-Amplicon-short-trimmed+3,156,c,0.4377
SARS-CoV2-5UTR-Amplicon-short-trimmed+3,157,c,0.3537
SARS-CoV2-5UTR-Amplicon-short-trimmed+3,158,g,0.1942
SARS-CoV2-5UTR-Amplicon-short-trimmed+3,159,t,1.4958
SARS-CoV2-5UTR-Amplicon-short-trimmed+3,160,g,0.1439
SARS-CoV2-5UTR-Amplicon-short-trimmed+3,161,t,0.1705
SARS-CoV2-5UTR-Amplicon-short-trimmed+3,162,t,0.2271
SARS-CoV2-5UTR-Amplicon-short-trimmed+3,163,g,0.1773
SARS-CoV2-5UTR-Amplicon-short-trimmed+3,164,c,0.4672
SARS-CoV2-5UTR-Amplicon-short-trimmed+3,165,a,0.5368
SARS-CoV2-5UTR-Amplicon-short-trimmed+3,166,g,0.6755
SARS-CoV2-5UTR-Amplicon-short-trimmed+3,167,c,0.451
SARS-CoV2-5UTR-Amplicon-short-trimmed+3,168,c,0.7003
SARS-CoV2-5UTR-Amplicon-short-trimmed+3,169,g,0.1228
SARS-CoV2-5UTR-Amplicon-short-trimmed+3,170,a,0.1552
SARS-CoV2-5UTR-Amplicon-short-trimmed+3,171,t,0.1306
SARS-CoV2-5UTR-Amplicon-short-trimmed+3,172,c,0.2456
SARS-CoV2-5UTR-Amplicon-short-trimmed+3,173,a,0.0969
SARS-CoV2-5UTR-Amplicon-short-trimmed+3,174,t,0.1024
SARS-CoV2-5UTR-Amplicon-short-trimmed+3,175,c,0.3439
SARS-CoV2-5UTR-Amplicon-short-trimmed+3,176,a,0.1856
SARS-CoV2-5UTR-Amplicon-short-trimmed+3,177,g,0.1928
SARS-CoV2-5UTR-Amplicon-short-trimmed+3,178,c,0.8018
SARS-CoV2-5UTR-Amplicon-short-trimmed+3,179,a,0.2576
SARS-CoV2-5UTR-Amplicon-short-trimmed+3,180,c,0.1956
SARS-CoV2-5UTR-Amplicon-short-trimmed+3,181,a,0.1562
SARS-CoV2-5UTR-Amplicon-short-trimmed+3,182,t,0.2404
SARS-CoV2-5UTR-Amplicon-short-trimmed+3,183,c,0.2541
SARS-CoV2-5UTR-Amplicon-short-trimmed+3,184,t,0.1814
SARS-CoV2-5UTR-Amplicon-short-trimmed+3,185,a,0.3304
SARS-CoV2-5UTR-Amplicon-short-trimmed+3,186,g,0.1926
SARS-CoV2-5UTR-Amplicon-short-trimmed+3,187,g,0.2072
SARS-CoV2-5UTR-Amplicon-short-trimmed+3,188,t,0.2701
SARS-CoV2-5UTR-Amplicon-short-trimmed+3,189,t,0.3986
SARS-CoV2-5UTR-Amplicon-short-trimmed+3,190,t,0.5152
SARS-CoV2-5UTR-Amplicon-short-trimmed+3,191,c,0.4342
SARS-CoV2-5UTR-Amplicon-short-trimmed+3,192,g,0.2004
SARS-CoV2-5UTR-Amplicon-short-trimmed+3,193,t,1.311
SARS-CoV2-5UTR-Amplicon-short-trimmed+3,194,c,0.3807
SARS-CoV2-5UTR-Amplicon-short-trimmed+3,195,c,0.3804
SARS-CoV2-5UTR-Amplicon-short-trimmed+3,196,g,0.4578
SARS-CoV2-5UTR-Amplicon-short-trimmed+3,197,g,0.247
SARS-CoV2-5UTR-Amplicon-short-trimmed+3,198,g,0.5055
SARS-CoV2-5UTR-Amplicon-short-trimmed+3,199,t,0.3324
SARS-CoV2-5UTR-Amplicon-short-trimmed+3,200,g,0.1319
SARS-CoV2-5UTR-Amplicon-short-trimmed+3,201,t,0.1703
SARS-CoV2-5UTR-Amplicon-short-trimmed+3,202,g,0.1505
SARS-CoV2-5UTR-Amplicon-short-trimmed+3,203,a,0.4028
SARS-CoV2-5UTR-Amplicon-short-trimmed+3,204,c,0.2743
SARS-CoV2-5UTR-Amplicon-short-trimmed+3,205,c,0.2334
SARS-CoV2-5UTR-Amplicon-short-trimmed+3,206,g,0.1464
SARS-CoV2-5UTR-Amplicon-short-trimmed+3,207,a,0.2273
SARS-CoV2-5UTR-Amplicon-short-trimmed+3,208,a,0.1324
SARS-CoV2-5UTR-Amplicon-short-trimmed+3,209,a,0.1999
SARS-CoV2-5UTR-Amplicon-short-trimmed+3,210,g,0.1932
SARS-CoV2-5UTR-Amplicon-short-trimmed+3,211,g,0.199
SARS-CoV2-5UTR-Amplicon-short-trimmed+3,212,t,0.1818
SARS-CoV2-5UTR-Amplicon-short-trimmed+3,213,a,0.1246
SARS-CoV2-5UTR-Amplicon-short-trimmed+3,214,a,0.1348
SARS-CoV2-5UTR-Amplicon-short-trimmed+3,215,g,0.1266
SARS-CoV2-5UTR-Amplicon-short-trimmed+3,216,a,0.112
SARS-CoV2-5UTR-Amplicon-short-trimmed+3,217,t,0.1759
SARS-CoV2-5UTR-Amplicon-short-trimmed+3,218,g,0.1099
SARS-CoV2-5UTR-Amplicon-short-trimmed+3,219,g,0.108
SARS-CoV2-5UTR-Amplicon-short-trimmed+3,220,a,0.3159
SARS-CoV2-5UTR-Amplicon-short-trimmed+3,221,g,0.1616
SARS-CoV2-5UTR-Amplicon-short-trimmed+3,222,a,0.1109
SARS-CoV2-5UTR-Amplicon-short-trimmed+3,223,g,0.2209
SARS-CoV2-5UTR-Amplicon-short-trimmed+3,224,c,0.2042
SARS-CoV2-5UTR-Amplicon-short-trimmed+3,225,c,0.2247
SARS-CoV2-5UTR-Amplicon-short-trimmed+3,226,t,0.0776
SARS-CoV2-5UTR-Amplicon-short-trimmed+3,227,t,0.3541
SARS-CoV2-5UTR-Amplicon-short-trimmed+3,228,g,0.0954
SARS-CoV2-5UTR-Amplicon-short-trimmed+3,229,t,0.164
SARS-CoV2-5UTR-Amplicon-short-trimmed+3,230,c,0.1729
SARS-CoV2-5UTR-Amplicon-short-trimmed+3,231,c,0.1713
SARS-CoV2-5UTR-Amplicon-short-trimmed+3,232,c,0.2281
SARS-CoV2-5UTR-Amplicon-short-trimmed+3,233,t,0.2065
SARS-CoV2-5UTR-Amplicon-short-trimmed+3,234,g,0.1389
SARS-CoV2-5UTR-Amplicon-short-trimmed+3,235,g,0.1463
SARS-CoV2-5UTR-Amplicon-short-trimmed+3,236,t,0.0909
SARS-CoV2-5UTR-Amplicon-short-trimmed+3,237,t,0.0798
SARS-CoV2-5UTR-Amplicon-short-trimmed+3,238,t,0.1514
SARS-CoV2-5UTR-Amplicon-short-trimmed+3,239,c,0.7614
SARS-CoV2-5UTR-Amplicon-short-trimmed+3,240,a,0.1107
SARS-CoV2-5UTR-Amplicon-short-trimmed+3,241,a,0.1116
SARS-CoV2-5UTR-Amplicon-short-trimmed+3,242,c,0.1925
SARS-CoV2-5UTR-Amplicon-short-trimmed+3,243,g,0.0526
SARS-CoV2-5UTR-Amplicon-short-trimmed+3,244,a,0.252
SARS-CoV2-5UTR-Amplicon-short-trimmed+3,245,g,0
SARS-CoV2-5UTR-Amplicon-short-trimmed+3,246,g,0
SARS-CoV2-5UTR-Amplicon-short-trimmed+3,247,G,1e-04
SARS-CoV2-5UTR-Amplicon-short-trimmed+3,248,A,0
SARS-CoV2-5UTR-Amplicon-short-trimmed+3,249,G,0
