Region,Position,Ref_base,Mut_percentage
SARS-CoV2-5UTR-Amplicon-short-trimmed+3,1,T,0
SARS-CoV2-5UTR-Amplicon-short-trimmed+3,2,T,0
SARS-CoV2-5UTR-Amplicon-short-trimmed+3,3,G,0
SARS-CoV2-5UTR-Amplicon-short-trimmed+3,4,t,0
SARS-CoV2-5UTR-Amplicon-short-trimmed+3,5,a,0
SARS-CoV2-5UTR-Amplicon-short-trimmed+3,6,g,0.056
SARS-CoV2-5UTR-Amplicon-short-trimmed+3,7,a,0.0298
SARS-CoV2-5UTR-Amplicon-short-trimmed+3,8,t,0.083
SARS-CoV2-5UTR-Amplicon-short-trimmed+3,9,c,0.069
SARS-CoV2-5UTR-Amplicon-short-trimmed+3,10,t,0.038
SARS-CoV2-5UTR-Amplicon-short-trimmed+3,11,g,0.143
SARS-CoV2-5UTR-Amplicon-short-trimmed+3,12,t,0.0629
SARS-CoV2-5UTR-Amplicon-short-trimmed+3,13,t,0.065
SARS-CoV2-5UTR-Amplicon-short-trimmed+3,14,c,0.0553
SARS-CoV2-5UTR-Amplicon-short-trimmed+3,15,t,0.1082
SARS-CoV2-5UTR-Amplicon-short-trimmed+3,16,c,0.0466
SARS-CoV2-5UTR-Amplicon-short-trimmed+3,17,t,0.03
SARS-CoV2-5UTR-Amplicon-short-trimmed+3,18,a,0.071
SARS-CoV2-5UTR-Amplicon-short-trimmed+3,19,a,0.0188
SARS-CoV2-5UTR-Amplicon-short-trimmed+3,20,a,0.0277
SARS-CoV2-5UTR-Amplicon-short-trimmed+3,21,c,0.0418
SARS-CoV2-5UTR-Amplicon-short-trimmed+3,22,g,0.0759
SARS-CoV2-5UTR-Amplicon-short-trimmed+3,23,a,0.0229
SARS-CoV2-5UTR-Amplicon-short-trimmed+3,24,a,0.0401
SARS-CoV2-5UTR-Amplicon-short-trimmed+3,25,c,3.6054
SARS-CoV2-5UTR-Amplicon-short-trimmed+3,26,t,0.2045
SARS-CoV2-5UTR-Amplicon-short-trimmed+3,27,t,0.1047
SARS-CoV2-5UTR-Amplicon-short-trimmed+3,28,t,0.0316
SARS-CoV2-5UTR-Amplicon-short-trimmed+3,29,a,0.0697
SARS-CoV2-5UTR-Amplicon-short-trimmed+3,30,a,0.0436
SARS-CoV2-5UTR-Amplicon-short-trimmed+3,31,a,0.0714
SARS-CoV2-5UTR-Amplicon-short-trimmed+3,32,a,0.033
SARS-CoV2-5UTR-Amplicon-short-trimmed+3,33,t,0.0849
SARS-CoV2-5UTR-Amplicon-short-trimmed+3,34,c,0.0412
SARS-CoV2-5UTR-Amplicon-short-trimmed+3,35,t,0.0749
SARS-CoV2-5UTR-Amplicon-short-trimmed+3,36,g,0.0888
SARS-CoV2-5UTR-Amplicon-short-trimmed+3,37,t,0.0603
SARS-CoV2-5UTR-Amplicon-short-trimmed+3,38,g,0.0352
SARS-CoV2-5UTR-Amplicon-short-trimmed+3,39,t,0.0526
SARS-CoV2-5UTR-Amplicon-short-trimmed+3,40,g,0.0467
SARS-CoV2-5UTR-Amplicon-short-trimmed+3,41,g,0.1211
SARS-CoV2-5UTR-Amplicon-short-trimmed+3,42,c,0.064
SARS-CoV2-5UTR-Amplicon-short-trimmed+3,43,t,0.1276
SARS-CoV2-5UTR-Amplicon-short-trimmed+3,44,g,0.0931
SARS-CoV2-5UTR-Amplicon-short-trimmed+3,45,t,0.1443
SARS-CoV2-5UTR-Amplicon-short-trimmed+3,46,c,0.0416
SARS-CoV2-5UTR-Amplicon-short-trimmed+3,47,a,0.0389
SARS-CoV2-5UTR-Amplicon-short-trimmed+3,48,c,0.051
SARS-CoV2-5UTR-Amplicon-short-trimmed+3,49,t,0.0579
SARS-CoV2-5UTR-Amplicon-short-trimmed+3,50,c,0.0595
SARS-CoV2-5UTR-Amplicon-short-trimmed+3,51,g,0.0778
SARS-CoV2-5UTR-Amplicon-short-trimmed+3,52,g,0.2189
SARS-CoV2-5UTR-Amplicon-short-trimmed+3,53,c,0.1172
SARS-CoV2-5UTR-Amplicon-short-trimmed+3,54,t,0.0719
SARS-CoV2-5UTR-Amplicon-short-trimmed+3,55,g,0.1597
SARS-CoV2-5UTR-Amplicon-short-trimmed+3,56,c,0.0943
SARS-CoV2-5UTR-Amplicon-short-trimmed+3,57,g,0.1722
SARS-CoV2-5UTR-Amplicon-short-trimmed+3,58,t,0.0726
SARS-CoV2-5UTR-Amplicon-short-trimmed+3,59,g,0.1193
SARS-CoV2-5UTR-Amplicon-short-trimmed+3,60,c,0.0816
SARS-CoV2-5UTR-Amplicon-short-trimmed+3,61,t,0.0968
SARS-CoV2-5UTR-Amplicon-short-trimmed+3,62,t,0.0485
SARS-CoV2-5UTR-Amplicon-short-trimmed+3,63,a,0.037
SARS-CoV2-5UTR-Amplicon-short-trimmed+3,64,g,0.0648
SARS-CoV2-5UTR-Amplicon-short-trimmed+3,65,t,0.0389
SARS-CoV2-5UTR-Amplicon-short-trimmed+3,66,g,0.1346
SARS-CoV2-5UTR-Amplicon-short-trimmed+3,67,c,0.1538
SARS-CoV2-5UTR-Amplicon-short-trimmed+3,68,a,0.057
SARS-CoV2-5UTR-Amplicon-short-trimmed+3,69,c,0.0676
SARS-CoV2-5UTR-Amplicon-short-trimmed+3,70,t,0.0596
SARS-CoV2-5UTR-Amplicon-short-trimmed+3,71,c,0.045
SARS-CoV2-5UTR-Amplicon-short-trimmed+3,72,a,0.0555
SARS-CoV2-5UTR-Amplicon-short-trimmed+3,73,c,0.0616
SARS-CoV2-5UTR-Amplicon-short-trimmed+3,74,g,0.1486
SARS-CoV2-5UTR-Amplicon-short-trimmed+3,75,c,0.0312
SARS-CoV2-5UTR-Amplicon-short-trimmed+3,76,a,0.0818
SARS-CoV2-5UTR-Amplicon-short-trimmed+3,77,g,0.1007
SARS-CoV2-5UTR-Amplicon-short-trimmed+3,78,t,0.0416
SARS-CoV2-5UTR-Amplicon-short-trimmed+3,79,a,0.0368
SARS-CoV2-5UTR-Amplicon-short-trimmed+3,80,t,0.0227
SARS-CoV2-5UTR-Amplicon-short-trimmed+3,81,a,0.03
SARS-CoV2-5UTR-Amplicon-short-trimmed+3,82,a,0.0559
SARS-CoV2-5UTR-Amplicon-short-trimmed+3,83,t,0.037
SARS-CoV2-5UTR-Amplicon-short-trimmed+3,84,t,0.0711
SARS-CoV2-5UTR-Amplicon-short-trimmed+3,85,a,0.074
SARS-CoV2-5UTR-Amplicon-short-trimmed+3,86,a,0.0548
SARS-CoV2-5UTR-Amplicon-short-trimmed+3,87,t,0.0298
SARS-CoV2-5UTR-Amplicon-short-trimmed+3,88,a,0.0446
SARS-CoV2-5UTR-Amplicon-short-trimmed+3,89,a,0.058
SARS-CoV2-5UTR-Amplicon-short-trimmed+3,90,c,0.3006
SARS-CoV2-5UTR-Amplicon-short-trimmed+3,91,t,0.0957
SARS-CoV2-5UTR-Amplicon-short-trimmed+3,92,a,0.0396
SARS-CoV2-5UTR-Amplicon-short-trimmed+3,93,a,0.0373
SARS-CoV2-5UTR-Amplicon-short-trimmed+3,94,t,0.0479
SARS-CoV2-5UTR-Amplicon-short-trimmed+3,95,t,0.0468
SARS-CoV2-5UTR-Amplicon-short-trimmed+3,96,a,0.0421
SARS-CoV2-5UTR-Amplicon-short-trimmed+3,97,c,0.0435
SARS-CoV2-5UTR-Amplicon-short-trimmed+3,98,t,0.2866
SARS-CoV2-5UTR-Amplicon-short-trimmed+3,99,g,0.085
SARS-CoV2-5UTR-Amplicon-short-trimmed+3,100,t,0.1012
SARS-CoV2-5UTR-Amplicon-short-trimmed+3,101,c,0.0533
SARS-CoV2-5UTR-Amplicon-short-trimmed+3,102,g,0.0884
SARS-CoV2-5UTR-Amplicon-short-trimmed+3,103,t,0.069
SARS-CoV2-5UTR-Amplicon-short-trimmed+3,104,t,0.0983
SARS-CoV2-5UTR-Amplicon-short-trimmed+3,105,g,0.072
SARS-CoV2-5UTR-Amplicon-short-trimmed+3,106,a,0.0541
SARS-CoV2-5UTR-Amplicon-short-trimmed+3,107,c,0.079
SARS-CoV2-5UTR-Amplicon-short-trimmed+3,108,a,0.1021
SARS-CoV2-5UTR-Amplicon-short-trimmed+3,109,g,0.1019
SARS-CoV2-5UTR-Amplicon-short-trimmed+3,110,g,0.1029
SARS-CoV2-5UTR-Amplicon-short-trimmed+3,111,a,0.0422
SARS-CoV2-5UTR-Amplicon-short-trimmed+3,112,c,0.0752
SARS-CoV2-5UTR-Amplicon-short-trimmed+3,113,a,0.0571
SARS-CoV2-5UTR-Amplicon-short-trimmed+3,114,c,0.0865
SARS-CoV2-5UTR-Amplicon-short-trimmed+3,115,g,0.0685
SARS-CoV2-5UTR-Amplicon-short-trimmed+3,116,a,0.068
SARS-CoV2-5UTR-Amplicon-short-trimmed+3,117,g,0.0645
SARS-CoV2-5UTR-Amplicon-short-trimmed+3,118,t,0.1552
SARS-CoV2-5UTR-Amplicon-short-trimmed+3,119,a,0.139
SARS-CoV2-5UTR-Amplicon-short-trimmed+3,120,a,0.1038
SARS-CoV2-5UTR-Amplicon-short-trimmed+3,121,c,0.1977
SARS-CoV2-5UTR-Amplicon-short-trimmed+3,122,t,0.1978
SARS-CoV2-5UTR-Amplicon-short-trimmed+3,123,c,0.2283
SARS-CoV2-5UTR-Amplicon-short-trimmed+3,124,g,0.2072
SARS-CoV2-5UTR-Amplicon-short-trimmed+3,125,t,0.3231
SARS-CoV2-5UTR-Amplicon-short-trimmed+3,126,c,0.1344
SARS-CoV2-5UTR-Amplicon-short-trimmed+3,127,t,0.0902
SARS-CoV2-5UTR-Amplicon-short-trimmed+3,128,a,0.1217
SARS-CoV2-5UTR-Amplicon-short-trimmed+3,129,t,0.5367
SARS-CoV2-5UTR-Amplicon-short-trimmed+3,130,c,0.0817
SARS-CoV2-5UTR-Amplicon-short-trimmed+3,131,t,0.1192
SARS-CoV2-5UTR-Amplicon-short-trimmed+3,132,t,0.2015
SARS-CoV2-5UTR-Amplicon-short-trimmed+3,133,c,0.2662
SARS-CoV2-5UTR-Amplicon-short-trimmed+3,134,t,0.2056
SARS-CoV2-5UTR-Amplicon-short-trimmed+3,135,g,0.1618
SARS-CoV2-5UTR-Amplicon-short-trimmed+3,136,c,0.4595
SARS-CoV2-5UTR-Amplicon-short-trimmed+3,137,a,0.2475
SARS-CoV2-5UTR-Amplicon-short-trimmed+3,138,g,0.1083
SARS-CoV2-5UTR-Amplicon-short-trimmed+3,139,g,0.3005
SARS-CoV2-5UTR-Amplicon-short-trimmed+3,140,c,0.1399
SARS-CoV2-5UTR-Amplicon-short-trimmed+3,141,t,0.2998
SARS-CoV2-5UTR-Amplicon-short-trimmed+3,142,g,0.4512
SARS-CoV2-5UTR-Amplicon-short-trimmed+3,143,c,0.1275
SARS-CoV2-5UTR-Amplicon-short-trimmed+3,144,t,0.1246
SARS-CoV2-5UTR-Amplicon-short-trimmed+3,145,t,0.1565
SARS-CoV2-5UTR-Amplicon-short-trimmed+3,146,a,0.1981
SARS-CoV2-5UTR-Amplicon-short-trimmed+3,147,c,0.1886
SARS-CoV2-5UTR-Amplicon-short-trimmed+3,148,g,0.3845
SARS-CoV2-5UTR-Amplicon-short-trimmed+3,149,g,0.1716
SARS-CoV2-5UTR-Amplicon-short-trimmed+3,150,t,0.1723
SARS-CoV2-5UTR-Amplicon-short-trimmed+3,151,t,0.1682
SARS-CoV2-5UTR-Amplicon-short-trimmed+3,152,t,0.2447
SARS-CoV2-5UTR-Amplicon-short-trimmed+3,153,c,0.2424
SARS-CoV2-5UTR-Amplicon-short-trimmed+3,154,g,0.1095
SARS-CoV2-5UTR-Amplicon-short-trimmed+3,155,t,0.3555
SARS-CoV2-5UTR-Amplicon-short-trimmed+3,156,c,0.231
SARS-CoV2-5UTR-Amplicon-short-trimmed+3,157,c,0.2229
SARS-CoV2-5UTR-Amplicon-short-trimmed+3,158,g,0.1322
SARS-CoV2-5UTR-Amplicon-short-trimmed+3,159,t,1.3597
SARS-CoV2-5UTR-Amplicon-short-trimmed+3,160,g,0.1176
SARS-CoV2-5UTR-Amplicon-short-trimmed+3,161,t,0.1384
SARS-CoV2-5UTR-Amplicon-short-trimmed+3,162,t,0.2098
SARS-CoV2-5UTR-Amplicon-short-trimmed+3,163,g,0.1438
SARS-CoV2-5UTR-Amplicon-short-trimmed+3,164,c,0.3161
SARS-CoV2-5UTR-Amplicon-short-trimmed+3,165,a,0.4443
SARS-CoV2-5UTR-Amplicon-short-trimmed+3,166,g,0.6763
SARS-CoV2-5UTR-Amplicon-short-trimmed+3,167,c,0.2932
SARS-CoV2-5UTR-Amplicon-short-trimmed+3,168,c,0.6446
SARS-CoV2-5UTR-Amplicon-short-trimmed+3,169,g,0.1199
SARS-CoV2-5UTR-Amplicon-short-trimmed+3,170,a,0.1272
SARS-CoV2-5UTR-Amplicon-short-trimmed+3,171,t,0.1274
SARS-CoV2-5UTR-Amplicon-short-trimmed+3,172,c,0.1877
SARS-CoV2-5UTR-Amplicon-short-trimmed+3,173,a,0.0608
SARS-CoV2-5UTR-Amplicon-short-trimmed+3,174,t,0.0833
SARS-CoV2-5UTR-Amplicon-short-trimmed+3,175,c,0.2451
SARS-CoV2-5UTR-Amplicon-short-trimmed+3,176,a,0.1475
SARS-CoV2-5UTR-Amplicon-short-trimmed+3,177,g,0.1337
SARS-CoV2-5UTR-Amplicon-short-trimmed+3,178,c,0.6755
SARS-CoV2-5UTR-Amplicon-short-trimmed+3,179,a,0.1125
SARS-CoV2-5UTR-Amplicon-short-trimmed+3,180,c,0.093
SARS-CoV2-5UTR-Amplicon-short-trimmed+3,181,a,0.0923
SARS-CoV2-5UTR-Amplicon-short-trimmed+3,182,t,0.1696
SARS-CoV2-5UTR-Amplicon-short-trimmed+3,183,c,0.0876
SARS-CoV2-5UTR-Amplicon-short-trimmed+3,184,t,0.12
SARS-CoV2-5UTR-Amplicon-short-trimmed+3,185,a,0.1944
SARS-CoV2-5UTR-Amplicon-short-trimmed+3,186,g,0.0906
SARS-CoV2-5UTR-Amplicon-short-trimmed+3,187,g,0.1126
SARS-CoV2-5UTR-Amplicon-short-trimmed+3,188,t,0.1465
SARS-CoV2-5UTR-Amplicon-short-trimmed+3,189,t,0.3051
SARS-CoV2-5UTR-Amplicon-short-trimmed+3,190,t,0.3832
SARS-CoV2-5UTR-Amplicon-short-trimmed+3,191,c,0.1444
SARS-CoV2-5UTR-Amplicon-short-trimmed+3,192,g,0.0794
SARS-CoV2-5UTR-Amplicon-short-trimmed+3,193,t,1.1409
SARS-CoV2-5UTR-Amplicon-short-trimmed+3,194,c,0.1305
SARS-CoV2-5UTR-Amplicon-short-trimmed+3,195,c,0.1804
SARS-CoV2-5UTR-Amplicon-short-trimmed+3,196,g,0.3441
SARS-CoV2-5UTR-Amplicon-short-trimmed+3,197,g,0.1528
SARS-CoV2-5UTR-Amplicon-short-trimmed+3,198,g,0.437
SARS-CoV2-5UTR-Amplicon-short-trimmed+3,199,t,0.2468
SARS-CoV2-5UTR-Amplicon-short-trimmed+3,200,g,0.0935
SARS-CoV2-5UTR-Amplicon-short-trimmed+3,201,t,0.1459
SARS-CoV2-5UTR-Amplicon-short-trimmed+3,202,g,0.1134
SARS-CoV2-5UTR-Amplicon-short-trimmed+3,203,a,0.3306
SARS-CoV2-5UTR-Amplicon-short-trimmed+3,204,c,0.1144
SARS-CoV2-5UTR-Amplicon-short-trimmed+3,205,c,0.109
SARS-CoV2-5UTR-Amplicon-short-trimmed+3,206,g,0.1027
SARS-CoV2-5UTR-Amplicon-short-trimmed+3,207,a,0.1167
SARS-CoV2-5UTR-Amplicon-short-trimmed+3,208,a,0.0624
SARS-CoV2-5UTR-Amplicon-short-trimmed+3,209,a,0.1653
SARS-CoV2-5UTR-Amplicon-short-trimmed+3,210,g,0.1439
SARS-CoV2-5UTR-Amplicon-short-trimmed+3,211,g,0.1143
SARS-CoV2-5UTR-Amplicon-short-trimmed+3,212,t,0.1412
SARS-CoV2-5UTR-Amplicon-short-trimmed+3,213,a,0.0597
SARS-CoV2-5UTR-Amplicon-short-trimmed+3,214,a,0.0746
SARS-CoV2-5UTR-Amplicon-short-trimmed+3,215,g,0.0723
SARS-CoV2-5UTR-Amplicon-short-trimmed+3,216,a,0.0495
SARS-CoV2-5UTR-Amplicon-short-trimmed+3,217,t,0.1303
SARS-CoV2-5UTR-Amplicon-short-trimmed+3,218,g,0.0698
SARS-CoV2-5UTR-Amplicon-short-trimmed+3,219,g,0.0805
SARS-CoV2-5UTR-Amplicon-short-trimmed+3,220,a,0.2557
SARS-CoV2-5UTR-Amplicon-short-trimmed+3,221,g,0.1694
SARS-CoV2-5UTR-Amplicon-short-trimmed+3,222,a,0.0812
SARS-CoV2-5UTR-Amplicon-short-trimmed+3,223,g,0.2156
SARS-CoV2-5UTR-Amplicon-short-trimmed+3,224,c,0.087
SARS-CoV2-5UTR-Amplicon-short-trimmed+3,225,c,0.0766
SARS-CoV2-5UTR-Amplicon-short-trimmed+3,226,t,0.0628
SARS-CoV2-5UTR-Amplicon-short-trimmed+3,227,t,0.3279
SARS-CoV2-5UTR-Amplicon-short-trimmed+3,228,g,0.0528
SARS-CoV2-5UTR-Amplicon-short-trimmed+3,229,t,0.1577
SARS-CoV2-5UTR-Amplicon-short-trimmed+3,230,c,0.0743
SARS-CoV2-5UTR-Amplicon-short-trimmed+3,231,c,0.0741
SARS-CoV2-5UTR-Amplicon-short-trimmed+3,232,c,0.1006
SARS-CoV2-5UTR-Amplicon-short-trimmed+3,233,t,0.1752
SARS-CoV2-5UTR-Amplicon-short-trimmed+3,234,g,0.0978
SARS-CoV2-5UTR-Amplicon-short-trimmed+3,235,g,0.1733
SARS-CoV2-5UTR-Amplicon-short-trimmed+3,236,t,0.0749
SARS-CoV2-5UTR-Amplicon-short-trimmed+3,237,t,0.0646
SARS-CoV2-5UTR-Amplicon-short-trimmed+3,238,t,0.1334
SARS-CoV2-5UTR-Amplicon-short-trimmed+3,239,c,0.5776
SARS-CoV2-5UTR-Amplicon-short-trimmed+3,240,a,0.0902
SARS-CoV2-5UTR-Amplicon-short-trimmed+3,241,a,0.0735
SARS-CoV2-5UTR-Amplicon-short-trimmed+3,242,c,0.0834
SARS-CoV2-5UTR-Amplicon-short-trimmed+3,243,g,0.0309
SARS-CoV2-5UTR-Amplicon-short-trimmed+3,244,a,0.2266
SARS-CoV2-5UTR-Amplicon-short-trimmed+3,245,g,1e-04
SARS-CoV2-5UTR-Amplicon-short-trimmed+3,246,g,0
SARS-CoV2-5UTR-Amplicon-short-trimmed+3,247,G,0
SARS-CoV2-5UTR-Amplicon-short-trimmed+3,248,A,0
SARS-CoV2-5UTR-Amplicon-short-trimmed+3,249,G,0
