Region,Position,Ref_base,Mut_percentage
SARS-CoV2-5UTR-Amplicon-short-trimmed+3,1,T,0
SARS-CoV2-5UTR-Amplicon-short-trimmed+3,2,T,0
SARS-CoV2-5UTR-Amplicon-short-trimmed+3,3,G,0
SARS-CoV2-5UTR-Amplicon-short-trimmed+3,4,t,0
SARS-CoV2-5UTR-Amplicon-short-trimmed+3,5,a,0
SARS-CoV2-5UTR-Amplicon-short-trimmed+3,6,g,0.0431
SARS-CoV2-5UTR-Amplicon-short-trimmed+3,7,a,0.0289
SARS-CoV2-5UTR-Amplicon-short-trimmed+3,8,t,0.073
SARS-CoV2-5UTR-Amplicon-short-trimmed+3,9,c,0.0565
SARS-CoV2-5UTR-Amplicon-short-trimmed+3,10,t,0.0318
SARS-CoV2-5UTR-Amplicon-short-trimmed+3,11,g,0.13
SARS-CoV2-5UTR-Amplicon-short-trimmed+3,12,t,0.0619
SARS-CoV2-5UTR-Amplicon-short-trimmed+3,13,t,0.0655
SARS-CoV2-5UTR-Amplicon-short-trimmed+3,14,c,0.0483
SARS-CoV2-5UTR-Amplicon-short-trimmed+3,15,t,0.1061
SARS-CoV2-5UTR-Amplicon-short-trimmed+3,16,c,0.0406
SARS-CoV2-5UTR-Amplicon-short-trimmed+3,17,t,0.0393
SARS-CoV2-5UTR-Amplicon-short-trimmed+3,18,a,0.0937
SARS-CoV2-5UTR-Amplicon-short-trimmed+3,19,a,0.0197
SARS-CoV2-5UTR-Amplicon-short-trimmed+3,20,a,0.0267
SARS-CoV2-5UTR-Amplicon-short-trimmed+3,21,c,0.0251
SARS-CoV2-5UTR-Amplicon-short-trimmed+3,22,g,0.0577
SARS-CoV2-5UTR-Amplicon-short-trimmed+3,23,a,0.0314
SARS-CoV2-5UTR-Amplicon-short-trimmed+3,24,a,0.0432
SARS-CoV2-5UTR-Amplicon-short-trimmed+3,25,c,3.2078
SARS-CoV2-5UTR-Amplicon-short-trimmed+3,26,t,0.2045
SARS-CoV2-5UTR-Amplicon-short-trimmed+3,27,t,0.0908
SARS-CoV2-5UTR-Amplicon-short-trimmed+3,28,t,0.025
SARS-CoV2-5UTR-Amplicon-short-trimmed+3,29,a,0.0733
SARS-CoV2-5UTR-Amplicon-short-trimmed+3,30,a,0.0449
SARS-CoV2-5UTR-Amplicon-short-trimmed+3,31,a,0.0977
SARS-CoV2-5UTR-Amplicon-short-trimmed+3,32,a,0.0365
SARS-CoV2-5UTR-Amplicon-short-trimmed+3,33,t,0.0716
SARS-CoV2-5UTR-Amplicon-short-trimmed+3,34,c,0.0298
SARS-CoV2-5UTR-Amplicon-short-trimmed+3,35,t,0.0551
SARS-CoV2-5UTR-Amplicon-short-trimmed+3,36,g,0.0874
SARS-CoV2-5UTR-Amplicon-short-trimmed+3,37,t,0.078
SARS-CoV2-5UTR-Amplicon-short-trimmed+3,38,g,0.0352
SARS-CoV2-5UTR-Amplicon-short-trimmed+3,39,t,0.052
SARS-CoV2-5UTR-Amplicon-short-trimmed+3,40,g,0.0418
SARS-CoV2-5UTR-Amplicon-short-trimmed+3,41,g,0.1037
SARS-CoV2-5UTR-Amplicon-short-trimmed+3,42,c,0.0577
SARS-CoV2-5UTR-Amplicon-short-trimmed+3,43,t,0.1273
SARS-CoV2-5UTR-Amplicon-short-trimmed+3,44,g,0.0813
SARS-CoV2-5UTR-Amplicon-short-trimmed+3,45,t,0.1335
SARS-CoV2-5UTR-Amplicon-short-trimmed+3,46,c,0.0244
SARS-CoV2-5UTR-Amplicon-short-trimmed+3,47,a,0.0464
SARS-CoV2-5UTR-Amplicon-short-trimmed+3,48,c,0.0383
SARS-CoV2-5UTR-Amplicon-short-trimmed+3,49,t,0.0552
SARS-CoV2-5UTR-Amplicon-short-trimmed+3,50,c,0.0526
SARS-CoV2-5UTR-Amplicon-short-trimmed+3,51,g,0.0776
SARS-CoV2-5UTR-Amplicon-short-trimmed+3,52,g,0.159
SARS-CoV2-5UTR-Amplicon-short-trimmed+3,53,c,0.0948
SARS-CoV2-5UTR-Amplicon-short-trimmed+3,54,t,0.0769
SARS-CoV2-5UTR-Amplicon-short-trimmed+3,55,g,0.1389
SARS-CoV2-5UTR-Amplicon-short-trimmed+3,56,c,0.0754
SARS-CoV2-5UTR-Amplicon-short-trimmed+3,57,g,0.1385
SARS-CoV2-5UTR-Amplicon-short-trimmed+3,58,t,0.0755
SARS-CoV2-5UTR-Amplicon-short-trimmed+3,59,g,0.1163
SARS-CoV2-5UTR-Amplicon-short-trimmed+3,60,c,0.066
SARS-CoV2-5UTR-Amplicon-short-trimmed+3,61,t,0.0986
SARS-CoV2-5UTR-Amplicon-short-trimmed+3,62,t,0.0517
SARS-CoV2-5UTR-Amplicon-short-trimmed+3,63,a,0.0443
SARS-CoV2-5UTR-Amplicon-short-trimmed+3,64,g,0.0597
SARS-CoV2-5UTR-Amplicon-short-trimmed+3,65,t,0.0524
SARS-CoV2-5UTR-Amplicon-short-trimmed+3,66,g,0.1198
SARS-CoV2-5UTR-Amplicon-short-trimmed+3,67,c,0.1247
SARS-CoV2-5UTR-Amplicon-short-trimmed+3,68,a,0.0735
SARS-CoV2-5UTR-Amplicon-short-trimmed+3,69,c,0.0554
SARS-CoV2-5UTR-Amplicon-short-trimmed+3,70,t,0.0554
SARS-CoV2-5UTR-Amplicon-short-trimmed+3,71,c,0.0427
SARS-CoV2-5UTR-Amplicon-short-trimmed+3,72,a,0.0624
SARS-CoV2-5UTR-Amplicon-short-trimmed+3,73,c,0.0516
SARS-CoV2-5UTR-Amplicon-short-trimmed+3,74,g,0.1185
SARS-CoV2-5UTR-Amplicon-short-trimmed+3,75,c,0.0288
SARS-CoV2-5UTR-Amplicon-short-trimmed+3,76,a,0.1145
SARS-CoV2-5UTR-Amplicon-short-trimmed+3,77,g,0.086
SARS-CoV2-5UTR-Amplicon-short-trimmed+3,78,t,0.0492
SARS-CoV2-5UTR-Amplicon-short-trimmed+3,79,a,0.0507
SARS-CoV2-5UTR-Amplicon-short-trimmed+3,80,t,0.0294
SARS-CoV2-5UTR-Amplicon-short-trimmed+3,81,a,0.0498
SARS-CoV2-5UTR-Amplicon-short-trimmed+3,82,a,0.0658
SARS-CoV2-5UTR-Amplicon-short-trimmed+3,83,t,0.041
SARS-CoV2-5UTR-Amplicon-short-trimmed+3,84,t,0.0858
SARS-CoV2-5UTR-Amplicon-short-trimmed+3,85,a,0.097
SARS-CoV2-5UTR-Amplicon-short-trimmed+3,86,a,0.0681
SARS-CoV2-5UTR-Amplicon-short-trimmed+3,87,t,0.0328
SARS-CoV2-5UTR-Amplicon-short-trimmed+3,88,a,0.0667
SARS-CoV2-5UTR-Amplicon-short-trimmed+3,89,a,0.08
SARS-CoV2-5UTR-Amplicon-short-trimmed+3,90,c,0.3153
SARS-CoV2-5UTR-Amplicon-short-trimmed+3,91,t,0.1071
SARS-CoV2-5UTR-Amplicon-short-trimmed+3,92,a,0.0593
SARS-CoV2-5UTR-Amplicon-short-trimmed+3,93,a,0.0569
SARS-CoV2-5UTR-Amplicon-short-trimmed+3,94,t,0.0624
SARS-CoV2-5UTR-Amplicon-short-trimmed+3,95,t,0.0707
SARS-CoV2-5UTR-Amplicon-short-trimmed+3,96,a,0.0624
SARS-CoV2-5UTR-Amplicon-short-trimmed+3,97,c,0.0391
SARS-CoV2-5UTR-Amplicon-short-trimmed+3,98,t,0.3075
SARS-CoV2-5UTR-Amplicon-short-trimmed+3,99,g,0.0849
SARS-CoV2-5UTR-Amplicon-short-trimmed+3,100,t,0.1235
SARS-CoV2-5UTR-Amplicon-short-trimmed+3,101,c,0.0541
SARS-CoV2-5UTR-Amplicon-short-trimmed+3,102,g,0.0896
SARS-CoV2-5UTR-Amplicon-short-trimmed+3,103,t,0.0904
SARS-CoV2-5UTR-Amplicon-short-trimmed+3,104,t,0.1286
SARS-CoV2-5UTR-Amplicon-short-trimmed+3,105,g,0.061
SARS-CoV2-5UTR-Amplicon-short-trimmed+3,106,a,0.0817
SARS-CoV2-5UTR-Amplicon-short-trimmed+3,107,c,0.0769
SARS-CoV2-5UTR-Amplicon-short-trimmed+3,108,a,0.1158
SARS-CoV2-5UTR-Amplicon-short-trimmed+3,109,g,0.1076
SARS-CoV2-5UTR-Amplicon-short-trimmed+3,110,g,0.0938
SARS-CoV2-5UTR-Amplicon-short-trimmed+3,111,a,0.0612
SARS-CoV2-5UTR-Amplicon-short-trimmed+3,112,c,0.0747
SARS-CoV2-5UTR-Amplicon-short-trimmed+3,113,a,0.1062
SARS-CoV2-5UTR-Amplicon-short-trimmed+3,114,c,0.0835
SARS-CoV2-5UTR-Amplicon-short-trimmed+3,115,g,0.069
SARS-CoV2-5UTR-Amplicon-short-trimmed+3,116,a,0.0915
SARS-CoV2-5UTR-Amplicon-short-trimmed+3,117,g,0.0686
SARS-CoV2-5UTR-Amplicon-short-trimmed+3,118,t,0.1996
SARS-CoV2-5UTR-Amplicon-short-trimmed+3,119,a,0.2107
SARS-CoV2-5UTR-Amplicon-short-trimmed+3,120,a,0.1635
SARS-CoV2-5UTR-Amplicon-short-trimmed+3,121,c,0.2138
SARS-CoV2-5UTR-Amplicon-short-trimmed+3,122,t,0.2778
SARS-CoV2-5UTR-Amplicon-short-trimmed+3,123,c,0.2451
SARS-CoV2-5UTR-Amplicon-short-trimmed+3,124,g,0.183
SARS-CoV2-5UTR-Amplicon-short-trimmed+3,125,t,0.3859
SARS-CoV2-5UTR-Amplicon-short-trimmed+3,126,c,0.1498
SARS-CoV2-5UTR-Amplicon-short-trimmed+3,127,t,0.1174
SARS-CoV2-5UTR-Amplicon-short-trimmed+3,128,a,0.1746
SARS-CoV2-5UTR-Amplicon-short-trimmed+3,129,t,0.7276
SARS-CoV2-5UTR-Amplicon-short-trimmed+3,130,c,0.08
SARS-CoV2-5UTR-Amplicon-short-trimmed+3,131,t,0.1677
SARS-CoV2-5UTR-Amplicon-short-trimmed+3,132,t,0.2539
SARS-CoV2-5UTR-Amplicon-short-trimmed+3,133,c,0.3301
SARS-CoV2-5UTR-Amplicon-short-trimmed+3,134,t,0.2937
SARS-CoV2-5UTR-Amplicon-short-trimmed+3,135,g,0.1483
SARS-CoV2-5UTR-Amplicon-short-trimmed+3,136,c,0.4436
SARS-CoV2-5UTR-Amplicon-short-trimmed+3,137,a,0.3411
SARS-CoV2-5UTR-Amplicon-short-trimmed+3,138,g,0.119
SARS-CoV2-5UTR-Amplicon-short-trimmed+3,139,g,0.3503
SARS-CoV2-5UTR-Amplicon-short-trimmed+3,140,c,0.1422
SARS-CoV2-5UTR-Amplicon-short-trimmed+3,141,t,0.4041
SARS-CoV2-5UTR-Amplicon-short-trimmed+3,142,g,0.5372
SARS-CoV2-5UTR-Amplicon-short-trimmed+3,143,c,0.1324
SARS-CoV2-5UTR-Amplicon-short-trimmed+3,144,t,0.15
SARS-CoV2-5UTR-Amplicon-short-trimmed+3,145,t,0.1907
SARS-CoV2-5UTR-Amplicon-short-trimmed+3,146,a,0.2648
SARS-CoV2-5UTR-Amplicon-short-trimmed+3,147,c,0.1878
SARS-CoV2-5UTR-Amplicon-short-trimmed+3,148,g,0.4068
SARS-CoV2-5UTR-Amplicon-short-trimmed+3,149,g,0.1844
SARS-CoV2-5UTR-Amplicon-short-trimmed+3,150,t,0.2103
SARS-CoV2-5UTR-Amplicon-short-trimmed+3,151,t,0.1903
SARS-CoV2-5UTR-Amplicon-short-trimmed+3,152,t,0.3338
SARS-CoV2-5UTR-Amplicon-short-trimmed+3,153,c,0.2703
SARS-CoV2-5UTR-Amplicon-short-trimmed+3,154,g,0.1076
SARS-CoV2-5UTR-Amplicon-short-trimmed+3,155,t,0.4285
SARS-CoV2-5UTR-Amplicon-short-trimmed+3,156,c,0.2242
SARS-CoV2-5UTR-Amplicon-short-trimmed+3,157,c,0.2657
SARS-CoV2-5UTR-Amplicon-short-trimmed+3,158,g,0.1329
SARS-CoV2-5UTR-Amplicon-short-trimmed+3,159,t,1.7832
SARS-CoV2-5UTR-Amplicon-short-trimmed+3,160,g,0.0971
SARS-CoV2-5UTR-Amplicon-short-trimmed+3,161,t,0.1702
SARS-CoV2-5UTR-Amplicon-short-trimmed+3,162,t,0.2436
SARS-CoV2-5UTR-Amplicon-short-trimmed+3,163,g,0.1367
SARS-CoV2-5UTR-Amplicon-short-trimmed+3,164,c,0.3621
SARS-CoV2-5UTR-Amplicon-short-trimmed+3,165,a,0.4994
SARS-CoV2-5UTR-Amplicon-short-trimmed+3,166,g,0.6918
SARS-CoV2-5UTR-Amplicon-short-trimmed+3,167,c,0.2423
SARS-CoV2-5UTR-Amplicon-short-trimmed+3,168,c,0.5596
SARS-CoV2-5UTR-Amplicon-short-trimmed+3,169,g,0.1051
SARS-CoV2-5UTR-Amplicon-short-trimmed+3,170,a,0.1763
SARS-CoV2-5UTR-Amplicon-short-trimmed+3,171,t,0.161
SARS-CoV2-5UTR-Amplicon-short-trimmed+3,172,c,0.2171
SARS-CoV2-5UTR-Amplicon-short-trimmed+3,173,a,0.0843
SARS-CoV2-5UTR-Amplicon-short-trimmed+3,174,t,0.124
SARS-CoV2-5UTR-Amplicon-short-trimmed+3,175,c,0.248
SARS-CoV2-5UTR-Amplicon-short-trimmed+3,176,a,0.1705
SARS-CoV2-5UTR-Amplicon-short-trimmed+3,177,g,0.132
SARS-CoV2-5UTR-Amplicon-short-trimmed+3,178,c,0.6507
SARS-CoV2-5UTR-Amplicon-short-trimmed+3,179,a,0.1602
SARS-CoV2-5UTR-Amplicon-short-trimmed+3,180,c,0.0959
SARS-CoV2-5UTR-Amplicon-short-trimmed+3,181,a,0.1475
SARS-CoV2-5UTR-Amplicon-short-trimmed+3,182,t,0.1955
SARS-CoV2-5UTR-Amplicon-short-trimmed+3,183,c,0.0945
SARS-CoV2-5UTR-Amplicon-short-trimmed+3,184,t,0.117
SARS-CoV2-5UTR-Amplicon-short-trimmed+3,185,a,0.2014
SARS-CoV2-5UTR-Amplicon-short-trimmed+3,186,g,0.0859
SARS-CoV2-5UTR-Amplicon-short-trimmed+3,187,g,0.0928
SARS-CoV2-5UTR-Amplicon-short-trimmed+3,188,t,0.1713
SARS-CoV2-5UTR-Amplicon-short-trimmed+3,189,t,0.3496
SARS-CoV2-5UTR-Amplicon-short-trimmed+3,190,t,0.4911
SARS-CoV2-5UTR-Amplicon-short-trimmed+3,191,c,0.1534
SARS-CoV2-5UTR-Amplicon-short-trimmed+3,192,g,0.0813
SARS-CoV2-5UTR-Amplicon-short-trimmed+3,193,t,1.4415
SARS-CoV2-5UTR-Amplicon-short-trimmed+3,194,c,0.1095
SARS-CoV2-5UTR-Amplicon-short-trimmed+3,195,c,0.1649
SARS-CoV2-5UTR-Amplicon-short-trimmed+3,196,g,0.3414
SARS-CoV2-5UTR-Amplicon-short-trimmed+3,197,g,0.1494
SARS-CoV2-5UTR-Amplicon-short-trimmed+3,198,g,0.4148
SARS-CoV2-5UTR-Amplicon-short-trimmed+3,199,t,0.279
SARS-CoV2-5UTR-Amplicon-short-trimmed+3,200,g,0.0908
SARS-CoV2-5UTR-Amplicon-short-trimmed+3,201,t,0.1604
SARS-CoV2-5UTR-Amplicon-short-trimmed+3,202,g,0.1064
SARS-CoV2-5UTR-Amplicon-short-trimmed+3,203,a,0.3626
SARS-CoV2-5UTR-Amplicon-short-trimmed+3,204,c,0.1148
SARS-CoV2-5UTR-Amplicon-short-trimmed+3,205,c,0.1142
SARS-CoV2-5UTR-Amplicon-short-trimmed+3,206,g,0.0881
SARS-CoV2-5UTR-Amplicon-short-trimmed+3,207,a,0.1564
SARS-CoV2-5UTR-Amplicon-short-trimmed+3,208,a,0.0842
SARS-CoV2-5UTR-Amplicon-short-trimmed+3,209,a,0.1738
SARS-CoV2-5UTR-Amplicon-short-trimmed+3,210,g,0.1417
SARS-CoV2-5UTR-Amplicon-short-trimmed+3,211,g,0.1406
SARS-CoV2-5UTR-Amplicon-short-trimmed+3,212,t,0.1661
SARS-CoV2-5UTR-Amplicon-short-trimmed+3,213,a,0.0733
SARS-CoV2-5UTR-Amplicon-short-trimmed+3,214,a,0.0801
SARS-CoV2-5UTR-Amplicon-short-trimmed+3,215,g,0.0818
SARS-CoV2-5UTR-Amplicon-short-trimmed+3,216,a,0.0599
SARS-CoV2-5UTR-Amplicon-short-trimmed+3,217,t,0.1431
SARS-CoV2-5UTR-Amplicon-short-trimmed+3,218,g,0.0621
SARS-CoV2-5UTR-Amplicon-short-trimmed+3,219,g,0.066
SARS-CoV2-5UTR-Amplicon-short-trimmed+3,220,a,0.2319
SARS-CoV2-5UTR-Amplicon-short-trimmed+3,221,g,0.1393
SARS-CoV2-5UTR-Amplicon-short-trimmed+3,222,a,0.0775
SARS-CoV2-5UTR-Amplicon-short-trimmed+3,223,g,0.2205
SARS-CoV2-5UTR-Amplicon-short-trimmed+3,224,c,0.0729
SARS-CoV2-5UTR-Amplicon-short-trimmed+3,225,c,0.0869
SARS-CoV2-5UTR-Amplicon-short-trimmed+3,226,t,0.0609
SARS-CoV2-5UTR-Amplicon-short-trimmed+3,227,t,0.3749
SARS-CoV2-5UTR-Amplicon-short-trimmed+3,228,g,0.0604
SARS-CoV2-5UTR-Amplicon-short-trimmed+3,229,t,0.1632
SARS-CoV2-5UTR-Amplicon-short-trimmed+3,230,c,0.0639
SARS-CoV2-5UTR-Amplicon-short-trimmed+3,231,c,0.0518
SARS-CoV2-5UTR-Amplicon-short-trimmed+3,232,c,0.0893
SARS-CoV2-5UTR-Amplicon-short-trimmed+3,233,t,0.1783
SARS-CoV2-5UTR-Amplicon-short-trimmed+3,234,g,0.0885
SARS-CoV2-5UTR-Amplicon-short-trimmed+3,235,g,0.1459
SARS-CoV2-5UTR-Amplicon-short-trimmed+3,236,t,0.069
SARS-CoV2-5UTR-Amplicon-short-trimmed+3,237,t,0.0803
SARS-CoV2-5UTR-Amplicon-short-trimmed+3,238,t,0.1693
SARS-CoV2-5UTR-Amplicon-short-trimmed+3,239,c,0.5163
SARS-CoV2-5UTR-Amplicon-short-trimmed+3,240,a,0.1069
SARS-CoV2-5UTR-Amplicon-short-trimmed+3,241,a,0.0884
SARS-CoV2-5UTR-Amplicon-short-trimmed+3,242,c,0.0795
SARS-CoV2-5UTR-Amplicon-short-trimmed+3,243,g,0.0311
SARS-CoV2-5UTR-Amplicon-short-trimmed+3,244,a,0.2041
SARS-CoV2-5UTR-Amplicon-short-trimmed+3,245,g,0
SARS-CoV2-5UTR-Amplicon-short-trimmed+3,246,g,0
SARS-CoV2-5UTR-Amplicon-short-trimmed+3,247,G,0
SARS-CoV2-5UTR-Amplicon-short-trimmed+3,248,A,0
SARS-CoV2-5UTR-Amplicon-short-trimmed+3,249,G,0
