Region,Position,Ref_base,Mut_percentage
SARS-CoV2-5UTR-Amplicon-short-trimmed+3,1,T,0
SARS-CoV2-5UTR-Amplicon-short-trimmed+3,2,T,0
SARS-CoV2-5UTR-Amplicon-short-trimmed+3,3,G,0
SARS-CoV2-5UTR-Amplicon-short-trimmed+3,4,t,0
SARS-CoV2-5UTR-Amplicon-short-trimmed+3,5,a,0
SARS-CoV2-5UTR-Amplicon-short-trimmed+3,6,g,0.0552
SARS-CoV2-5UTR-Amplicon-short-trimmed+3,7,a,0.0299
SARS-CoV2-5UTR-Amplicon-short-trimmed+3,8,t,0.0695
SARS-CoV2-5UTR-Amplicon-short-trimmed+3,9,c,0.0733
SARS-CoV2-5UTR-Amplicon-short-trimmed+3,10,t,0.0346
SARS-CoV2-5UTR-Amplicon-short-trimmed+3,11,g,0.1596
SARS-CoV2-5UTR-Amplicon-short-trimmed+3,12,t,0.0721
SARS-CoV2-5UTR-Amplicon-short-trimmed+3,13,t,0.0639
SARS-CoV2-5UTR-Amplicon-short-trimmed+3,14,c,0.0898
SARS-CoV2-5UTR-Amplicon-short-trimmed+3,15,t,0.1085
SARS-CoV2-5UTR-Amplicon-short-trimmed+3,16,c,0.073
SARS-CoV2-5UTR-Amplicon-short-trimmed+3,17,t,0.0445
SARS-CoV2-5UTR-Amplicon-short-trimmed+3,18,a,0.0796
SARS-CoV2-5UTR-Amplicon-short-trimmed+3,19,a,0.0232
SARS-CoV2-5UTR-Amplicon-short-trimmed+3,20,a,0.0275
SARS-CoV2-5UTR-Amplicon-short-trimmed+3,21,c,0.0579
SARS-CoV2-5UTR-Amplicon-short-trimmed+3,22,g,0.0455
SARS-CoV2-5UTR-Amplicon-short-trimmed+3,23,a,0.024
SARS-CoV2-5UTR-Amplicon-short-trimmed+3,24,a,0.0355
SARS-CoV2-5UTR-Amplicon-short-trimmed+3,25,c,2.9489
SARS-CoV2-5UTR-Amplicon-short-trimmed+3,26,t,0.1666
SARS-CoV2-5UTR-Amplicon-short-trimmed+3,27,t,0.1056
SARS-CoV2-5UTR-Amplicon-short-trimmed+3,28,t,0.0344
SARS-CoV2-5UTR-Amplicon-short-trimmed+3,29,a,0.0923
SARS-CoV2-5UTR-Amplicon-short-trimmed+3,30,a,0.0495
SARS-CoV2-5UTR-Amplicon-short-trimmed+3,31,a,0.0788
SARS-CoV2-5UTR-Amplicon-short-trimmed+3,32,a,0.0398
SARS-CoV2-5UTR-Amplicon-short-trimmed+3,33,t,0.0778
SARS-CoV2-5UTR-Amplicon-short-trimmed+3,34,c,0.0517
SARS-CoV2-5UTR-Amplicon-short-trimmed+3,35,t,0.0691
SARS-CoV2-5UTR-Amplicon-short-trimmed+3,36,g,0.0883
SARS-CoV2-5UTR-Amplicon-short-trimmed+3,37,t,0.0696
SARS-CoV2-5UTR-Amplicon-short-trimmed+3,38,g,0.038
SARS-CoV2-5UTR-Amplicon-short-trimmed+3,39,t,0.0566
SARS-CoV2-5UTR-Amplicon-short-trimmed+3,40,g,0.0584
SARS-CoV2-5UTR-Amplicon-short-trimmed+3,41,g,0.1012
SARS-CoV2-5UTR-Amplicon-short-trimmed+3,42,c,0.0947
SARS-CoV2-5UTR-Amplicon-short-trimmed+3,43,t,0.1355
SARS-CoV2-5UTR-Amplicon-short-trimmed+3,44,g,0.0815
SARS-CoV2-5UTR-Amplicon-short-trimmed+3,45,t,0.1338
SARS-CoV2-5UTR-Amplicon-short-trimmed+3,46,c,0.0503
SARS-CoV2-5UTR-Amplicon-short-trimmed+3,47,a,0.0637
SARS-CoV2-5UTR-Amplicon-short-trimmed+3,48,c,0.0595
SARS-CoV2-5UTR-Amplicon-short-trimmed+3,49,t,0.06
SARS-CoV2-5UTR-Amplicon-short-trimmed+3,50,c,0.0798
SARS-CoV2-5UTR-Amplicon-short-trimmed+3,51,g,0.1089
SARS-CoV2-5UTR-Amplicon-short-trimmed+3,52,g,0.1824
SARS-CoV2-5UTR-Amplicon-short-trimmed+3,53,c,0.124
SARS-CoV2-5UTR-Amplicon-short-trimmed+3,54,t,0.0699
SARS-CoV2-5UTR-Amplicon-short-trimmed+3,55,g,0.1541
SARS-CoV2-5UTR-Amplicon-short-trimmed+3,56,c,0.1047
SARS-CoV2-5UTR-Amplicon-short-trimmed+3,57,g,0.1579
SARS-CoV2-5UTR-Amplicon-short-trimmed+3,58,t,0.0791
SARS-CoV2-5UTR-Amplicon-short-trimmed+3,59,g,0.1259
SARS-CoV2-5UTR-Amplicon-short-trimmed+3,60,c,0.0894
SARS-CoV2-5UTR-Amplicon-short-trimmed+3,61,t,0.0974
SARS-CoV2-5UTR-Amplicon-short-trimmed+3,62,t,0.0514
SARS-CoV2-5UTR-Amplicon-short-trimmed+3,63,a,0.0486
SARS-CoV2-5UTR-Amplicon-short-trimmed+3,64,g,0.0698
SARS-CoV2-5UTR-Amplicon-short-trimmed+3,65,t,0.0465
SARS-CoV2-5UTR-Amplicon-short-trimmed+3,66,g,0.1118
SARS-CoV2-5UTR-Amplicon-short-trimmed+3,67,c,0.1403
SARS-CoV2-5UTR-Amplicon-short-trimmed+3,68,a,0.0667
SARS-CoV2-5UTR-Amplicon-short-trimmed+3,69,c,0.0788
SARS-CoV2-5UTR-Amplicon-short-trimmed+3,70,t,0.0628
SARS-CoV2-5UTR-Amplicon-short-trimmed+3,71,c,0.046
SARS-CoV2-5UTR-Amplicon-short-trimmed+3,72,a,0.0573
SARS-CoV2-5UTR-Amplicon-short-trimmed+3,73,c,0.0738
SARS-CoV2-5UTR-Amplicon-short-trimmed+3,74,g,0.11
SARS-CoV2-5UTR-Amplicon-short-trimmed+3,75,c,0.045
SARS-CoV2-5UTR-Amplicon-short-trimmed+3,76,a,0.0922
SARS-CoV2-5UTR-Amplicon-short-trimmed+3,77,g,0.0818
SARS-CoV2-5UTR-Amplicon-short-trimmed+3,78,t,0.0436
SARS-CoV2-5UTR-Amplicon-short-trimmed+3,79,a,0.0476
SARS-CoV2-5UTR-Amplicon-short-trimmed+3,80,t,0.0245
SARS-CoV2-5UTR-Amplicon-short-trimmed+3,81,a,0.0452
SARS-CoV2-5UTR-Amplicon-short-trimmed+3,82,a,0.0677
SARS-CoV2-5UTR-Amplicon-short-trimmed+3,83,t,0.0421
SARS-CoV2-5UTR-Amplicon-short-trimmed+3,84,t,0.0749
SARS-CoV2-5UTR-Amplicon-short-trimmed+3,85,a,0.0817
SARS-CoV2-5UTR-Amplicon-short-trimmed+3,86,a,0.0644
SARS-CoV2-5UTR-Amplicon-short-trimmed+3,87,t,0.0283
SARS-CoV2-5UTR-Amplicon-short-trimmed+3,88,a,0.0509
SARS-CoV2-5UTR-Amplicon-short-trimmed+3,89,a,0.0673
SARS-CoV2-5UTR-Amplicon-short-trimmed+3,90,c,0.3382
SARS-CoV2-5UTR-Amplicon-short-trimmed+3,91,t,0.0955
SARS-CoV2-5UTR-Amplicon-short-trimmed+3,92,a,0.0493
SARS-CoV2-5UTR-Amplicon-short-trimmed+3,93,a,0.0528
SARS-CoV2-5UTR-Amplicon-short-trimmed+3,94,t,0.0551
SARS-CoV2-5UTR-Amplicon-short-trimmed+3,95,t,0.0512
SARS-CoV2-5UTR-Amplicon-short-trimmed+3,96,a,0.0488
SARS-CoV2-5UTR-Amplicon-short-trimmed+3,97,c,0.0615
SARS-CoV2-5UTR-Amplicon-short-trimmed+3,98,t,0.3061
SARS-CoV2-5UTR-Amplicon-short-trimmed+3,99,g,0.0921
SARS-CoV2-5UTR-Amplicon-short-trimmed+3,100,t,0.1116
SARS-CoV2-5UTR-Amplicon-short-trimmed+3,101,c,0.0759
SARS-CoV2-5UTR-Amplicon-short-trimmed+3,102,g,0.0958
SARS-CoV2-5UTR-Amplicon-short-trimmed+3,103,t,0.0786
SARS-CoV2-5UTR-Amplicon-short-trimmed+3,104,t,0.1268
SARS-CoV2-5UTR-Amplicon-short-trimmed+3,105,g,0.0735
SARS-CoV2-5UTR-Amplicon-short-trimmed+3,106,a,0.0729
SARS-CoV2-5UTR-Amplicon-short-trimmed+3,107,c,0.0941
SARS-CoV2-5UTR-Amplicon-short-trimmed+3,108,a,0.11
SARS-CoV2-5UTR-Amplicon-short-trimmed+3,109,g,0.1079
SARS-CoV2-5UTR-Amplicon-short-trimmed+3,110,g,0.0802
SARS-CoV2-5UTR-Amplicon-short-trimmed+3,111,a,0.0538
SARS-CoV2-5UTR-Amplicon-short-trimmed+3,112,c,0.1078
SARS-CoV2-5UTR-Amplicon-short-trimmed+3,113,a,0.0748
SARS-CoV2-5UTR-Amplicon-short-trimmed+3,114,c,0.1084
SARS-CoV2-5UTR-Amplicon-short-trimmed+3,115,g,0.0613
SARS-CoV2-5UTR-Amplicon-short-trimmed+3,116,a,0.0884
SARS-CoV2-5UTR-Amplicon-short-trimmed+3,117,g,0.0672
SARS-CoV2-5UTR-Amplicon-short-trimmed+3,118,t,0.1736
SARS-CoV2-5UTR-Amplicon-short-trimmed+3,119,a,0.1598
SARS-CoV2-5UTR-Amplicon-short-trimmed+3,120,a,0.1286
SARS-CoV2-5UTR-Amplicon-short-trimmed+3,121,c,0.2174
SARS-CoV2-5UTR-Amplicon-short-trimmed+3,122,t,0.2305
SARS-CoV2-5UTR-Amplicon-short-trimmed+3,123,c,0.2312
SARS-CoV2-5UTR-Amplicon-short-trimmed+3,124,g,0.1928
SARS-CoV2-5UTR-Amplicon-short-trimmed+3,125,t,0.3099
SARS-CoV2-5UTR-Amplicon-short-trimmed+3,126,c,0.1505
SARS-CoV2-5UTR-Amplicon-short-trimmed+3,127,t,0.0939
SARS-CoV2-5UTR-Amplicon-short-trimmed+3,128,a,0.1406
SARS-CoV2-5UTR-Amplicon-short-trimmed+3,129,t,0.5765
SARS-CoV2-5UTR-Amplicon-short-trimmed+3,130,c,0.1008
SARS-CoV2-5UTR-Amplicon-short-trimmed+3,131,t,0.1355
SARS-CoV2-5UTR-Amplicon-short-trimmed+3,132,t,0.1926
SARS-CoV2-5UTR-Amplicon-short-trimmed+3,133,c,0.2979
SARS-CoV2-5UTR-Amplicon-short-trimmed+3,134,t,0.2267
SARS-CoV2-5UTR-Amplicon-short-trimmed+3,135,g,0.137
SARS-CoV2-5UTR-Amplicon-short-trimmed+3,136,c,0.4102
SARS-CoV2-5UTR-Amplicon-short-trimmed+3,137,a,0.2589
SARS-CoV2-5UTR-Amplicon-short-trimmed+3,138,g,0.0893
SARS-CoV2-5UTR-Amplicon-short-trimmed+3,139,g,0.2663
SARS-CoV2-5UTR-Amplicon-short-trimmed+3,140,c,0.1171
SARS-CoV2-5UTR-Amplicon-short-trimmed+3,141,t,0.3197
SARS-CoV2-5UTR-Amplicon-short-trimmed+3,142,g,0.4191
SARS-CoV2-5UTR-Amplicon-short-trimmed+3,143,c,0.1097
SARS-CoV2-5UTR-Amplicon-short-trimmed+3,144,t,0.1149
SARS-CoV2-5UTR-Amplicon-short-trimmed+3,145,t,0.1545
SARS-CoV2-5UTR-Amplicon-short-trimmed+3,146,a,0.2205
SARS-CoV2-5UTR-Amplicon-short-trimmed+3,147,c,0.1776
SARS-CoV2-5UTR-Amplicon-short-trimmed+3,148,g,0.3675
SARS-CoV2-5UTR-Amplicon-short-trimmed+3,149,g,0.1446
SARS-CoV2-5UTR-Amplicon-short-trimmed+3,150,t,0.1776
SARS-CoV2-5UTR-Amplicon-short-trimmed+3,151,t,0.1614
SARS-CoV2-5UTR-Amplicon-short-trimmed+3,152,t,0.2602
SARS-CoV2-5UTR-Amplicon-short-trimmed+3,153,c,0.2532
SARS-CoV2-5UTR-Amplicon-short-trimmed+3,154,g,0.093
SARS-CoV2-5UTR-Amplicon-short-trimmed+3,155,t,0.3328
SARS-CoV2-5UTR-Amplicon-short-trimmed+3,156,c,0.2185
SARS-CoV2-5UTR-Amplicon-short-trimmed+3,157,c,0.217
SARS-CoV2-5UTR-Amplicon-short-trimmed+3,158,g,0.1186
SARS-CoV2-5UTR-Amplicon-short-trimmed+3,159,t,1.4429
SARS-CoV2-5UTR-Amplicon-short-trimmed+3,160,g,0.0896
SARS-CoV2-5UTR-Amplicon-short-trimmed+3,161,t,0.1411
SARS-CoV2-5UTR-Amplicon-short-trimmed+3,162,t,0.1972
SARS-CoV2-5UTR-Amplicon-short-trimmed+3,163,g,0.1138
SARS-CoV2-5UTR-Amplicon-short-trimmed+3,164,c,0.2835
SARS-CoV2-5UTR-Amplicon-short-trimmed+3,165,a,0.345
SARS-CoV2-5UTR-Amplicon-short-trimmed+3,166,g,0.4965
SARS-CoV2-5UTR-Amplicon-short-trimmed+3,167,c,0.2584
SARS-CoV2-5UTR-Amplicon-short-trimmed+3,168,c,0.5134
SARS-CoV2-5UTR-Amplicon-short-trimmed+3,169,g,0.0948
SARS-CoV2-5UTR-Amplicon-short-trimmed+3,170,a,0.1341
SARS-CoV2-5UTR-Amplicon-short-trimmed+3,171,t,0.133
SARS-CoV2-5UTR-Amplicon-short-trimmed+3,172,c,0.1933
SARS-CoV2-5UTR-Amplicon-short-trimmed+3,173,a,0.0737
SARS-CoV2-5UTR-Amplicon-short-trimmed+3,174,t,0.1118
SARS-CoV2-5UTR-Amplicon-short-trimmed+3,175,c,0.241
SARS-CoV2-5UTR-Amplicon-short-trimmed+3,176,a,0.143
SARS-CoV2-5UTR-Amplicon-short-trimmed+3,177,g,0.1407
SARS-CoV2-5UTR-Amplicon-short-trimmed+3,178,c,0.593
SARS-CoV2-5UTR-Amplicon-short-trimmed+3,179,a,0.1406
SARS-CoV2-5UTR-Amplicon-short-trimmed+3,180,c,0.1008
SARS-CoV2-5UTR-Amplicon-short-trimmed+3,181,a,0.1136
SARS-CoV2-5UTR-Amplicon-short-trimmed+3,182,t,0.1584
SARS-CoV2-5UTR-Amplicon-short-trimmed+3,183,c,0.1053
SARS-CoV2-5UTR-Amplicon-short-trimmed+3,184,t,0.1139
SARS-CoV2-5UTR-Amplicon-short-trimmed+3,185,a,0.1981
SARS-CoV2-5UTR-Amplicon-short-trimmed+3,186,g,0.0895
SARS-CoV2-5UTR-Amplicon-short-trimmed+3,187,g,0.1101
SARS-CoV2-5UTR-Amplicon-short-trimmed+3,188,t,0.1597
SARS-CoV2-5UTR-Amplicon-short-trimmed+3,189,t,0.3336
SARS-CoV2-5UTR-Amplicon-short-trimmed+3,190,t,0.4177
SARS-CoV2-5UTR-Amplicon-short-trimmed+3,191,c,0.1755
SARS-CoV2-5UTR-Amplicon-short-trimmed+3,192,g,0.0908
SARS-CoV2-5UTR-Amplicon-short-trimmed+3,193,t,1.1738
SARS-CoV2-5UTR-Amplicon-short-trimmed+3,194,c,0.1469
SARS-CoV2-5UTR-Amplicon-short-trimmed+3,195,c,0.1894
SARS-CoV2-5UTR-Amplicon-short-trimmed+3,196,g,0.3687
SARS-CoV2-5UTR-Amplicon-short-trimmed+3,197,g,0.1464
SARS-CoV2-5UTR-Amplicon-short-trimmed+3,198,g,0.3838
SARS-CoV2-5UTR-Amplicon-short-trimmed+3,199,t,0.2632
SARS-CoV2-5UTR-Amplicon-short-trimmed+3,200,g,0.081
SARS-CoV2-5UTR-Amplicon-short-trimmed+3,201,t,0.1431
SARS-CoV2-5UTR-Amplicon-short-trimmed+3,202,g,0.1147
SARS-CoV2-5UTR-Amplicon-short-trimmed+3,203,a,0.3171
SARS-CoV2-5UTR-Amplicon-short-trimmed+3,204,c,0.1354
SARS-CoV2-5UTR-Amplicon-short-trimmed+3,205,c,0.1254
SARS-CoV2-5UTR-Amplicon-short-trimmed+3,206,g,0.1151
SARS-CoV2-5UTR-Amplicon-short-trimmed+3,207,a,0.1421
SARS-CoV2-5UTR-Amplicon-short-trimmed+3,208,a,0.0789
SARS-CoV2-5UTR-Amplicon-short-trimmed+3,209,a,0.1577
SARS-CoV2-5UTR-Amplicon-short-trimmed+3,210,g,0.1352
SARS-CoV2-5UTR-Amplicon-short-trimmed+3,211,g,0.1249
SARS-CoV2-5UTR-Amplicon-short-trimmed+3,212,t,0.1378
SARS-CoV2-5UTR-Amplicon-short-trimmed+3,213,a,0.0719
SARS-CoV2-5UTR-Amplicon-short-trimmed+3,214,a,0.0832
SARS-CoV2-5UTR-Amplicon-short-trimmed+3,215,g,0.076
SARS-CoV2-5UTR-Amplicon-short-trimmed+3,216,a,0.0534
SARS-CoV2-5UTR-Amplicon-short-trimmed+3,217,t,0.1343
SARS-CoV2-5UTR-Amplicon-short-trimmed+3,218,g,0.0681
SARS-CoV2-5UTR-Amplicon-short-trimmed+3,219,g,0.0735
SARS-CoV2-5UTR-Amplicon-short-trimmed+3,220,a,0.2259
SARS-CoV2-5UTR-Amplicon-short-trimmed+3,221,g,0.1328
SARS-CoV2-5UTR-Amplicon-short-trimmed+3,222,a,0.0848
SARS-CoV2-5UTR-Amplicon-short-trimmed+3,223,g,0.1876
SARS-CoV2-5UTR-Amplicon-short-trimmed+3,224,c,0.0985
SARS-CoV2-5UTR-Amplicon-short-trimmed+3,225,c,0.1013
SARS-CoV2-5UTR-Amplicon-short-trimmed+3,226,t,0.0592
SARS-CoV2-5UTR-Amplicon-short-trimmed+3,227,t,0.3328
SARS-CoV2-5UTR-Amplicon-short-trimmed+3,228,g,0.0585
SARS-CoV2-5UTR-Amplicon-short-trimmed+3,229,t,0.1568
SARS-CoV2-5UTR-Amplicon-short-trimmed+3,230,c,0.0736
SARS-CoV2-5UTR-Amplicon-short-trimmed+3,231,c,0.0655
SARS-CoV2-5UTR-Amplicon-short-trimmed+3,232,c,0.1135
SARS-CoV2-5UTR-Amplicon-short-trimmed+3,233,t,0.176
SARS-CoV2-5UTR-Amplicon-short-trimmed+3,234,g,0.1013
SARS-CoV2-5UTR-Amplicon-short-trimmed+3,235,g,0.1221
SARS-CoV2-5UTR-Amplicon-short-trimmed+3,236,t,0.0838
SARS-CoV2-5UTR-Amplicon-short-trimmed+3,237,t,0.0674
SARS-CoV2-5UTR-Amplicon-short-trimmed+3,238,t,0.1439
SARS-CoV2-5UTR-Amplicon-short-trimmed+3,239,c,0.5315
SARS-CoV2-5UTR-Amplicon-short-trimmed+3,240,a,0.0916
SARS-CoV2-5UTR-Amplicon-short-trimmed+3,241,a,0.0783
SARS-CoV2-5UTR-Amplicon-short-trimmed+3,242,c,0.0898
SARS-CoV2-5UTR-Amplicon-short-trimmed+3,243,g,0.0347
SARS-CoV2-5UTR-Amplicon-short-trimmed+3,244,a,0.1884
SARS-CoV2-5UTR-Amplicon-short-trimmed+3,245,g,1e-04
SARS-CoV2-5UTR-Amplicon-short-trimmed+3,246,g,0
SARS-CoV2-5UTR-Amplicon-short-trimmed+3,247,G,0
SARS-CoV2-5UTR-Amplicon-short-trimmed+3,248,A,0
SARS-CoV2-5UTR-Amplicon-short-trimmed+3,249,G,0
