Region,Position,Ref_base,Mut_percentage
SARS-CoV2-5UTR-Amplicon-short-trimmed+3,1,T,0
SARS-CoV2-5UTR-Amplicon-short-trimmed+3,2,T,0
SARS-CoV2-5UTR-Amplicon-short-trimmed+3,3,G,0
SARS-CoV2-5UTR-Amplicon-short-trimmed+3,4,t,0
SARS-CoV2-5UTR-Amplicon-short-trimmed+3,5,a,0
SARS-CoV2-5UTR-Amplicon-short-trimmed+3,6,g,0.1761
SARS-CoV2-5UTR-Amplicon-short-trimmed+3,7,a,0.029
SARS-CoV2-5UTR-Amplicon-short-trimmed+3,8,t,0.057
SARS-CoV2-5UTR-Amplicon-short-trimmed+3,9,c,0.0774
SARS-CoV2-5UTR-Amplicon-short-trimmed+3,10,t,0.0436
SARS-CoV2-5UTR-Amplicon-short-trimmed+3,11,g,0.7608
SARS-CoV2-5UTR-Amplicon-short-trimmed+3,12,t,0.074
SARS-CoV2-5UTR-Amplicon-short-trimmed+3,13,t,0.082
SARS-CoV2-5UTR-Amplicon-short-trimmed+3,14,c,0.0934
SARS-CoV2-5UTR-Amplicon-short-trimmed+3,15,t,0.1049
SARS-CoV2-5UTR-Amplicon-short-trimmed+3,16,c,0.0794
SARS-CoV2-5UTR-Amplicon-short-trimmed+3,17,t,0.0532
SARS-CoV2-5UTR-Amplicon-short-trimmed+3,18,a,0.1228
SARS-CoV2-5UTR-Amplicon-short-trimmed+3,19,a,0.1427
SARS-CoV2-5UTR-Amplicon-short-trimmed+3,20,a,0.158
SARS-CoV2-5UTR-Amplicon-short-trimmed+3,21,c,0.2027
SARS-CoV2-5UTR-Amplicon-short-trimmed+3,22,g,0.3426
SARS-CoV2-5UTR-Amplicon-short-trimmed+3,23,a,0.0282
SARS-CoV2-5UTR-Amplicon-short-trimmed+3,24,a,0.0425
SARS-CoV2-5UTR-Amplicon-short-trimmed+3,25,c,1.3966
SARS-CoV2-5UTR-Amplicon-short-trimmed+3,26,t,0.2548
SARS-CoV2-5UTR-Amplicon-short-trimmed+3,27,t,0.1264
SARS-CoV2-5UTR-Amplicon-short-trimmed+3,28,t,0.0585
SARS-CoV2-5UTR-Amplicon-short-trimmed+3,29,a,0.1142
SARS-CoV2-5UTR-Amplicon-short-trimmed+3,30,a,0.0644
SARS-CoV2-5UTR-Amplicon-short-trimmed+3,31,a,0.0945
SARS-CoV2-5UTR-Amplicon-short-trimmed+3,32,a,0.054
SARS-CoV2-5UTR-Amplicon-short-trimmed+3,33,t,0.1016
SARS-CoV2-5UTR-Amplicon-short-trimmed+3,34,c,0.0996
SARS-CoV2-5UTR-Amplicon-short-trimmed+3,35,t,0.4878
SARS-CoV2-5UTR-Amplicon-short-trimmed+3,36,g,1.2875
SARS-CoV2-5UTR-Amplicon-short-trimmed+3,37,t,0.2557
SARS-CoV2-5UTR-Amplicon-short-trimmed+3,38,g,0.6728
SARS-CoV2-5UTR-Amplicon-short-trimmed+3,39,t,0.1828
SARS-CoV2-5UTR-Amplicon-short-trimmed+3,40,g,0.8191
SARS-CoV2-5UTR-Amplicon-short-trimmed+3,41,g,0.778
SARS-CoV2-5UTR-Amplicon-short-trimmed+3,42,c,0.1268
SARS-CoV2-5UTR-Amplicon-short-trimmed+3,43,t,0.2232
SARS-CoV2-5UTR-Amplicon-short-trimmed+3,44,g,0.6899
SARS-CoV2-5UTR-Amplicon-short-trimmed+3,45,t,0.1678
SARS-CoV2-5UTR-Amplicon-short-trimmed+3,46,c,0.084
SARS-CoV2-5UTR-Amplicon-short-trimmed+3,47,a,0.0699
SARS-CoV2-5UTR-Amplicon-short-trimmed+3,48,c,0.098
SARS-CoV2-5UTR-Amplicon-short-trimmed+3,49,t,0.1121
SARS-CoV2-5UTR-Amplicon-short-trimmed+3,50,c,0.213
SARS-CoV2-5UTR-Amplicon-short-trimmed+3,51,g,0.9404
SARS-CoV2-5UTR-Amplicon-short-trimmed+3,52,g,0.8452
SARS-CoV2-5UTR-Amplicon-short-trimmed+3,53,c,0.3377
SARS-CoV2-5UTR-Amplicon-short-trimmed+3,54,t,0.2911
SARS-CoV2-5UTR-Amplicon-short-trimmed+3,55,g,0.4801
SARS-CoV2-5UTR-Amplicon-short-trimmed+3,56,c,0.1856
SARS-CoV2-5UTR-Amplicon-short-trimmed+3,57,g,0.645
SARS-CoV2-5UTR-Amplicon-short-trimmed+3,58,t,0.1484
SARS-CoV2-5UTR-Amplicon-short-trimmed+3,59,g,0.6868
SARS-CoV2-5UTR-Amplicon-short-trimmed+3,60,c,0.1377
SARS-CoV2-5UTR-Amplicon-short-trimmed+3,61,t,0.2085
SARS-CoV2-5UTR-Amplicon-short-trimmed+3,62,t,0.3765
SARS-CoV2-5UTR-Amplicon-short-trimmed+3,63,a,0.4678
SARS-CoV2-5UTR-Amplicon-short-trimmed+3,64,g,0.5572
SARS-CoV2-5UTR-Amplicon-short-trimmed+3,65,t,0.0971
SARS-CoV2-5UTR-Amplicon-short-trimmed+3,66,g,0.7915
SARS-CoV2-5UTR-Amplicon-short-trimmed+3,67,c,0.2258
SARS-CoV2-5UTR-Amplicon-short-trimmed+3,68,a,0.0852
SARS-CoV2-5UTR-Amplicon-short-trimmed+3,69,c,0.0865
SARS-CoV2-5UTR-Amplicon-short-trimmed+3,70,t,0.0743
SARS-CoV2-5UTR-Amplicon-short-trimmed+3,71,c,0.1159
SARS-CoV2-5UTR-Amplicon-short-trimmed+3,72,a,0.1753
SARS-CoV2-5UTR-Amplicon-short-trimmed+3,73,c,0.182
SARS-CoV2-5UTR-Amplicon-short-trimmed+3,74,g,0.8701
SARS-CoV2-5UTR-Amplicon-short-trimmed+3,75,c,0.0661
SARS-CoV2-5UTR-Amplicon-short-trimmed+3,76,a,0.1268
SARS-CoV2-5UTR-Amplicon-short-trimmed+3,77,g,0.2191
SARS-CoV2-5UTR-Amplicon-short-trimmed+3,78,t,0.0565
SARS-CoV2-5UTR-Amplicon-short-trimmed+3,79,a,0.0543
SARS-CoV2-5UTR-Amplicon-short-trimmed+3,80,t,0.0332
SARS-CoV2-5UTR-Amplicon-short-trimmed+3,81,a,0.047
SARS-CoV2-5UTR-Amplicon-short-trimmed+3,82,a,0.076
SARS-CoV2-5UTR-Amplicon-short-trimmed+3,83,t,0.0507
SARS-CoV2-5UTR-Amplicon-short-trimmed+3,84,t,0.0981
SARS-CoV2-5UTR-Amplicon-short-trimmed+3,85,a,0.0987
SARS-CoV2-5UTR-Amplicon-short-trimmed+3,86,a,0.0868
SARS-CoV2-5UTR-Amplicon-short-trimmed+3,87,t,0.0511
SARS-CoV2-5UTR-Amplicon-short-trimmed+3,88,a,0.0748
SARS-CoV2-5UTR-Amplicon-short-trimmed+3,89,a,0.0805
SARS-CoV2-5UTR-Amplicon-short-trimmed+3,90,c,0.3161
SARS-CoV2-5UTR-Amplicon-short-trimmed+3,91,t,0.1328
SARS-CoV2-5UTR-Amplicon-short-trimmed+3,92,a,0.068
SARS-CoV2-5UTR-Amplicon-short-trimmed+3,93,a,0.0757
SARS-CoV2-5UTR-Amplicon-short-trimmed+3,94,t,0.0763
SARS-CoV2-5UTR-Amplicon-short-trimmed+3,95,t,0.0781
SARS-CoV2-5UTR-Amplicon-short-trimmed+3,96,a,0.0743
SARS-CoV2-5UTR-Amplicon-short-trimmed+3,97,c,0.0665
SARS-CoV2-5UTR-Amplicon-short-trimmed+3,98,t,0.4355
SARS-CoV2-5UTR-Amplicon-short-trimmed+3,99,g,0.7037
SARS-CoV2-5UTR-Amplicon-short-trimmed+3,100,t,0.1516
SARS-CoV2-5UTR-Amplicon-short-trimmed+3,101,c,0.2965
SARS-CoV2-5UTR-Amplicon-short-trimmed+3,102,g,0.8806
SARS-CoV2-5UTR-Amplicon-short-trimmed+3,103,t,0.099
SARS-CoV2-5UTR-Amplicon-short-trimmed+3,104,t,0.1481
SARS-CoV2-5UTR-Amplicon-short-trimmed+3,105,g,0.1392
SARS-CoV2-5UTR-Amplicon-short-trimmed+3,106,a,0.1491
SARS-CoV2-5UTR-Amplicon-short-trimmed+3,107,c,0.2318
SARS-CoV2-5UTR-Amplicon-short-trimmed+3,108,a,0.2565
SARS-CoV2-5UTR-Amplicon-short-trimmed+3,109,g,0.4786
SARS-CoV2-5UTR-Amplicon-short-trimmed+3,110,g,0.1232
SARS-CoV2-5UTR-Amplicon-short-trimmed+3,111,a,0.078
SARS-CoV2-5UTR-Amplicon-short-trimmed+3,112,c,0.1246
SARS-CoV2-5UTR-Amplicon-short-trimmed+3,113,a,0.1115
SARS-CoV2-5UTR-Amplicon-short-trimmed+3,114,c,0.1626
SARS-CoV2-5UTR-Amplicon-short-trimmed+3,115,g,0.2052
SARS-CoV2-5UTR-Amplicon-short-trimmed+3,116,a,0.1607
SARS-CoV2-5UTR-Amplicon-short-trimmed+3,117,g,0.4755
SARS-CoV2-5UTR-Amplicon-short-trimmed+3,118,t,0.181
SARS-CoV2-5UTR-Amplicon-short-trimmed+3,119,a,0.2047
SARS-CoV2-5UTR-Amplicon-short-trimmed+3,120,a,0.1662
SARS-CoV2-5UTR-Amplicon-short-trimmed+3,121,c,0.2479
SARS-CoV2-5UTR-Amplicon-short-trimmed+3,122,t,0.4478
SARS-CoV2-5UTR-Amplicon-short-trimmed+3,123,c,0.4481
SARS-CoV2-5UTR-Amplicon-short-trimmed+3,124,g,0.8453
SARS-CoV2-5UTR-Amplicon-short-trimmed+3,125,t,0.3862
SARS-CoV2-5UTR-Amplicon-short-trimmed+3,126,c,0.2108
SARS-CoV2-5UTR-Amplicon-short-trimmed+3,127,t,0.1179
SARS-CoV2-5UTR-Amplicon-short-trimmed+3,128,a,0.1781
SARS-CoV2-5UTR-Amplicon-short-trimmed+3,129,t,0.678
SARS-CoV2-5UTR-Amplicon-short-trimmed+3,130,c,0.1119
SARS-CoV2-5UTR-Amplicon-short-trimmed+3,131,t,0.1776
SARS-CoV2-5UTR-Amplicon-short-trimmed+3,132,t,0.234
SARS-CoV2-5UTR-Amplicon-short-trimmed+3,133,c,0.3919
SARS-CoV2-5UTR-Amplicon-short-trimmed+3,134,t,0.4015
SARS-CoV2-5UTR-Amplicon-short-trimmed+3,135,g,0.8758
SARS-CoV2-5UTR-Amplicon-short-trimmed+3,136,c,0.6988
SARS-CoV2-5UTR-Amplicon-short-trimmed+3,137,a,0.7102
SARS-CoV2-5UTR-Amplicon-short-trimmed+3,138,g,0.6733
SARS-CoV2-5UTR-Amplicon-short-trimmed+3,139,g,1.3139
SARS-CoV2-5UTR-Amplicon-short-trimmed+3,140,c,0.7729
SARS-CoV2-5UTR-Amplicon-short-trimmed+3,141,t,1.0188
SARS-CoV2-5UTR-Amplicon-short-trimmed+3,142,g,0.6374
SARS-CoV2-5UTR-Amplicon-short-trimmed+3,143,c,0.1726
SARS-CoV2-5UTR-Amplicon-short-trimmed+3,144,t,0.1732
SARS-CoV2-5UTR-Amplicon-short-trimmed+3,145,t,0.2394
SARS-CoV2-5UTR-Amplicon-short-trimmed+3,146,a,0.3299
SARS-CoV2-5UTR-Amplicon-short-trimmed+3,147,c,0.3597
SARS-CoV2-5UTR-Amplicon-short-trimmed+3,148,g,1.1392
SARS-CoV2-5UTR-Amplicon-short-trimmed+3,149,g,0.8655
SARS-CoV2-5UTR-Amplicon-short-trimmed+3,150,t,0.2304
SARS-CoV2-5UTR-Amplicon-short-trimmed+3,151,t,0.2306
SARS-CoV2-5UTR-Amplicon-short-trimmed+3,152,t,0.4459
SARS-CoV2-5UTR-Amplicon-short-trimmed+3,153,c,0.7405
SARS-CoV2-5UTR-Amplicon-short-trimmed+3,154,g,0.697
SARS-CoV2-5UTR-Amplicon-short-trimmed+3,155,t,0.4396
SARS-CoV2-5UTR-Amplicon-short-trimmed+3,156,c,0.3961
SARS-CoV2-5UTR-Amplicon-short-trimmed+3,157,c,0.4194
SARS-CoV2-5UTR-Amplicon-short-trimmed+3,158,g,0.8207
SARS-CoV2-5UTR-Amplicon-short-trimmed+3,159,t,1.5565
SARS-CoV2-5UTR-Amplicon-short-trimmed+3,160,g,0.4898
SARS-CoV2-5UTR-Amplicon-short-trimmed+3,161,t,0.1857
SARS-CoV2-5UTR-Amplicon-short-trimmed+3,162,t,0.2651
SARS-CoV2-5UTR-Amplicon-short-trimmed+3,163,g,0.483
SARS-CoV2-5UTR-Amplicon-short-trimmed+3,164,c,0.4486
SARS-CoV2-5UTR-Amplicon-short-trimmed+3,165,a,0.5488
SARS-CoV2-5UTR-Amplicon-short-trimmed+3,166,g,0.9318
SARS-CoV2-5UTR-Amplicon-short-trimmed+3,167,c,0.3921
SARS-CoV2-5UTR-Amplicon-short-trimmed+3,168,c,0.6781
SARS-CoV2-5UTR-Amplicon-short-trimmed+3,169,g,0.159
SARS-CoV2-5UTR-Amplicon-short-trimmed+3,170,a,0.1515
SARS-CoV2-5UTR-Amplicon-short-trimmed+3,171,t,0.1537
SARS-CoV2-5UTR-Amplicon-short-trimmed+3,172,c,0.2282
SARS-CoV2-5UTR-Amplicon-short-trimmed+3,173,a,0.0764
SARS-CoV2-5UTR-Amplicon-short-trimmed+3,174,t,0.1242
SARS-CoV2-5UTR-Amplicon-short-trimmed+3,175,c,0.2981
SARS-CoV2-5UTR-Amplicon-short-trimmed+3,176,a,0.2634
SARS-CoV2-5UTR-Amplicon-short-trimmed+3,177,g,0.8311
SARS-CoV2-5UTR-Amplicon-short-trimmed+3,178,c,0.7481
SARS-CoV2-5UTR-Amplicon-short-trimmed+3,179,a,0.1753
SARS-CoV2-5UTR-Amplicon-short-trimmed+3,180,c,0.1445
SARS-CoV2-5UTR-Amplicon-short-trimmed+3,181,a,0.1251
SARS-CoV2-5UTR-Amplicon-short-trimmed+3,182,t,0.209
SARS-CoV2-5UTR-Amplicon-short-trimmed+3,183,c,0.1391
SARS-CoV2-5UTR-Amplicon-short-trimmed+3,184,t,0.2169
SARS-CoV2-5UTR-Amplicon-short-trimmed+3,185,a,0.9447
SARS-CoV2-5UTR-Amplicon-short-trimmed+3,186,g,0.958
SARS-CoV2-5UTR-Amplicon-short-trimmed+3,187,g,0.9513
SARS-CoV2-5UTR-Amplicon-short-trimmed+3,188,t,0.2573
SARS-CoV2-5UTR-Amplicon-short-trimmed+3,189,t,0.4977
SARS-CoV2-5UTR-Amplicon-short-trimmed+3,190,t,0.8094
SARS-CoV2-5UTR-Amplicon-short-trimmed+3,191,c,0.9232
SARS-CoV2-5UTR-Amplicon-short-trimmed+3,192,g,0.9802
SARS-CoV2-5UTR-Amplicon-short-trimmed+3,193,t,1.4614
SARS-CoV2-5UTR-Amplicon-short-trimmed+3,194,c,0.4091
SARS-CoV2-5UTR-Amplicon-short-trimmed+3,195,c,0.4523
SARS-CoV2-5UTR-Amplicon-short-trimmed+3,196,g,1.165
SARS-CoV2-5UTR-Amplicon-short-trimmed+3,197,g,0.9333
SARS-CoV2-5UTR-Amplicon-short-trimmed+3,198,g,1.3136
SARS-CoV2-5UTR-Amplicon-short-trimmed+3,199,t,0.5012
SARS-CoV2-5UTR-Amplicon-short-trimmed+3,200,g,0.7046
SARS-CoV2-5UTR-Amplicon-short-trimmed+3,201,t,0.1666
SARS-CoV2-5UTR-Amplicon-short-trimmed+3,202,g,0.275
SARS-CoV2-5UTR-Amplicon-short-trimmed+3,203,a,0.4036
SARS-CoV2-5UTR-Amplicon-short-trimmed+3,204,c,0.1778
SARS-CoV2-5UTR-Amplicon-short-trimmed+3,205,c,0.1399
SARS-CoV2-5UTR-Amplicon-short-trimmed+3,206,g,0.7602
SARS-CoV2-5UTR-Amplicon-short-trimmed+3,207,a,0.2743
SARS-CoV2-5UTR-Amplicon-short-trimmed+3,208,a,0.1684
SARS-CoV2-5UTR-Amplicon-short-trimmed+3,209,a,0.3683
SARS-CoV2-5UTR-Amplicon-short-trimmed+3,210,g,0.7709
SARS-CoV2-5UTR-Amplicon-short-trimmed+3,211,g,0.7093
SARS-CoV2-5UTR-Amplicon-short-trimmed+3,212,t,0.1559
SARS-CoV2-5UTR-Amplicon-short-trimmed+3,213,a,0.1211
SARS-CoV2-5UTR-Amplicon-short-trimmed+3,214,a,0.191
SARS-CoV2-5UTR-Amplicon-short-trimmed+3,215,g,0.312
SARS-CoV2-5UTR-Amplicon-short-trimmed+3,216,a,0.1911
SARS-CoV2-5UTR-Amplicon-short-trimmed+3,217,t,0.4872
SARS-CoV2-5UTR-Amplicon-short-trimmed+3,218,g,0.7718
SARS-CoV2-5UTR-Amplicon-short-trimmed+3,219,g,0.2433
SARS-CoV2-5UTR-Amplicon-short-trimmed+3,220,a,0.3863
SARS-CoV2-5UTR-Amplicon-short-trimmed+3,221,g,0.3056
SARS-CoV2-5UTR-Amplicon-short-trimmed+3,222,a,0.1225
SARS-CoV2-5UTR-Amplicon-short-trimmed+3,223,g,1.0721
SARS-CoV2-5UTR-Amplicon-short-trimmed+3,224,c,0.1091
SARS-CoV2-5UTR-Amplicon-short-trimmed+3,225,c,0.1203
SARS-CoV2-5UTR-Amplicon-short-trimmed+3,226,t,0.2147
SARS-CoV2-5UTR-Amplicon-short-trimmed+3,227,t,0.4679
SARS-CoV2-5UTR-Amplicon-short-trimmed+3,228,g,0.3121
SARS-CoV2-5UTR-Amplicon-short-trimmed+3,229,t,0.1905
SARS-CoV2-5UTR-Amplicon-short-trimmed+3,230,c,0.1099
SARS-CoV2-5UTR-Amplicon-short-trimmed+3,231,c,0.0937
SARS-CoV2-5UTR-Amplicon-short-trimmed+3,232,c,0.1433
SARS-CoV2-5UTR-Amplicon-short-trimmed+3,233,t,0.4631
SARS-CoV2-5UTR-Amplicon-short-trimmed+3,234,g,1.0911
SARS-CoV2-5UTR-Amplicon-short-trimmed+3,235,g,0.732
SARS-CoV2-5UTR-Amplicon-short-trimmed+3,236,t,0.0817
SARS-CoV2-5UTR-Amplicon-short-trimmed+3,237,t,0.0852
SARS-CoV2-5UTR-Amplicon-short-trimmed+3,238,t,0.1518
SARS-CoV2-5UTR-Amplicon-short-trimmed+3,239,c,0.6543
SARS-CoV2-5UTR-Amplicon-short-trimmed+3,240,a,0.1218
SARS-CoV2-5UTR-Amplicon-short-trimmed+3,241,a,0.0785
SARS-CoV2-5UTR-Amplicon-short-trimmed+3,242,c,0.1163
SARS-CoV2-5UTR-Amplicon-short-trimmed+3,243,g,0.1056
SARS-CoV2-5UTR-Amplicon-short-trimmed+3,244,a,0.2066
SARS-CoV2-5UTR-Amplicon-short-trimmed+3,245,g,0
SARS-CoV2-5UTR-Amplicon-short-trimmed+3,246,g,0
SARS-CoV2-5UTR-Amplicon-short-trimmed+3,247,G,0
SARS-CoV2-5UTR-Amplicon-short-trimmed+3,248,A,0
SARS-CoV2-5UTR-Amplicon-short-trimmed+3,249,G,0
