Region,Position,Ref_base,Mut_percentage
SARS-CoV2-5UTR-Amplicon-short-trimmed+3,1,T,0
SARS-CoV2-5UTR-Amplicon-short-trimmed+3,2,T,0
SARS-CoV2-5UTR-Amplicon-short-trimmed+3,3,G,0
SARS-CoV2-5UTR-Amplicon-short-trimmed+3,4,t,0
SARS-CoV2-5UTR-Amplicon-short-trimmed+3,5,a,0
SARS-CoV2-5UTR-Amplicon-short-trimmed+3,6,g,0.0537
SARS-CoV2-5UTR-Amplicon-short-trimmed+3,7,a,0.0193
SARS-CoV2-5UTR-Amplicon-short-trimmed+3,8,t,0.0994
SARS-CoV2-5UTR-Amplicon-short-trimmed+3,9,c,0.0677
SARS-CoV2-5UTR-Amplicon-short-trimmed+3,10,t,0.0309
SARS-CoV2-5UTR-Amplicon-short-trimmed+3,11,g,0.1276
SARS-CoV2-5UTR-Amplicon-short-trimmed+3,12,t,0.0742
SARS-CoV2-5UTR-Amplicon-short-trimmed+3,13,t,0.0679
SARS-CoV2-5UTR-Amplicon-short-trimmed+3,14,c,0.0669
SARS-CoV2-5UTR-Amplicon-short-trimmed+3,15,t,0.1191
SARS-CoV2-5UTR-Amplicon-short-trimmed+3,16,c,0.0464
SARS-CoV2-5UTR-Amplicon-short-trimmed+3,17,t,0.0399
SARS-CoV2-5UTR-Amplicon-short-trimmed+3,18,a,0.0697
SARS-CoV2-5UTR-Amplicon-short-trimmed+3,19,a,0.0127
SARS-CoV2-5UTR-Amplicon-short-trimmed+3,20,a,0.0208
SARS-CoV2-5UTR-Amplicon-short-trimmed+3,21,c,0.0354
SARS-CoV2-5UTR-Amplicon-short-trimmed+3,22,g,0.0441
SARS-CoV2-5UTR-Amplicon-short-trimmed+3,23,a,0.0203
SARS-CoV2-5UTR-Amplicon-short-trimmed+3,24,a,0.047
SARS-CoV2-5UTR-Amplicon-short-trimmed+3,25,c,1.889
SARS-CoV2-5UTR-Amplicon-short-trimmed+3,26,t,0.2074
SARS-CoV2-5UTR-Amplicon-short-trimmed+3,27,t,0.0973
SARS-CoV2-5UTR-Amplicon-short-trimmed+3,28,t,0.0322
SARS-CoV2-5UTR-Amplicon-short-trimmed+3,29,a,0.0764
SARS-CoV2-5UTR-Amplicon-short-trimmed+3,30,a,0.0384
SARS-CoV2-5UTR-Amplicon-short-trimmed+3,31,a,0.0654
SARS-CoV2-5UTR-Amplicon-short-trimmed+3,32,a,0.0255
SARS-CoV2-5UTR-Amplicon-short-trimmed+3,33,t,0.082
SARS-CoV2-5UTR-Amplicon-short-trimmed+3,34,c,0.0398
SARS-CoV2-5UTR-Amplicon-short-trimmed+3,35,t,0.0611
SARS-CoV2-5UTR-Amplicon-short-trimmed+3,36,g,0.0869
SARS-CoV2-5UTR-Amplicon-short-trimmed+3,37,t,0.0567
SARS-CoV2-5UTR-Amplicon-short-trimmed+3,38,g,0.0344
SARS-CoV2-5UTR-Amplicon-short-trimmed+3,39,t,0.0504
SARS-CoV2-5UTR-Amplicon-short-trimmed+3,40,g,0.0421
SARS-CoV2-5UTR-Amplicon-short-trimmed+3,41,g,0.1211
SARS-CoV2-5UTR-Amplicon-short-trimmed+3,42,c,0.0805
SARS-CoV2-5UTR-Amplicon-short-trimmed+3,43,t,0.1223
SARS-CoV2-5UTR-Amplicon-short-trimmed+3,44,g,0.0873
SARS-CoV2-5UTR-Amplicon-short-trimmed+3,45,t,0.127
SARS-CoV2-5UTR-Amplicon-short-trimmed+3,46,c,0.0387
SARS-CoV2-5UTR-Amplicon-short-trimmed+3,47,a,0.0346
SARS-CoV2-5UTR-Amplicon-short-trimmed+3,48,c,0.0491
SARS-CoV2-5UTR-Amplicon-short-trimmed+3,49,t,0.061
SARS-CoV2-5UTR-Amplicon-short-trimmed+3,50,c,0.0581
SARS-CoV2-5UTR-Amplicon-short-trimmed+3,51,g,0.0888
SARS-CoV2-5UTR-Amplicon-short-trimmed+3,52,g,0.2349
SARS-CoV2-5UTR-Amplicon-short-trimmed+3,53,c,0.1038
SARS-CoV2-5UTR-Amplicon-short-trimmed+3,54,t,0.0638
SARS-CoV2-5UTR-Amplicon-short-trimmed+3,55,g,0.1492
SARS-CoV2-5UTR-Amplicon-short-trimmed+3,56,c,0.0863
SARS-CoV2-5UTR-Amplicon-short-trimmed+3,57,g,0.1446
SARS-CoV2-5UTR-Amplicon-short-trimmed+3,58,t,0.0528
SARS-CoV2-5UTR-Amplicon-short-trimmed+3,59,g,0.1075
SARS-CoV2-5UTR-Amplicon-short-trimmed+3,60,c,0.0793
SARS-CoV2-5UTR-Amplicon-short-trimmed+3,61,t,0.0998
SARS-CoV2-5UTR-Amplicon-short-trimmed+3,62,t,0.0437
SARS-CoV2-5UTR-Amplicon-short-trimmed+3,63,a,0.0384
SARS-CoV2-5UTR-Amplicon-short-trimmed+3,64,g,0.062
SARS-CoV2-5UTR-Amplicon-short-trimmed+3,65,t,0.0329
SARS-CoV2-5UTR-Amplicon-short-trimmed+3,66,g,0.1161
SARS-CoV2-5UTR-Amplicon-short-trimmed+3,67,c,0.1625
SARS-CoV2-5UTR-Amplicon-short-trimmed+3,68,a,0.0514
SARS-CoV2-5UTR-Amplicon-short-trimmed+3,69,c,0.0843
SARS-CoV2-5UTR-Amplicon-short-trimmed+3,70,t,0.0541
SARS-CoV2-5UTR-Amplicon-short-trimmed+3,71,c,0.0376
SARS-CoV2-5UTR-Amplicon-short-trimmed+3,72,a,0.0485
SARS-CoV2-5UTR-Amplicon-short-trimmed+3,73,c,0.0673
SARS-CoV2-5UTR-Amplicon-short-trimmed+3,74,g,0.122
SARS-CoV2-5UTR-Amplicon-short-trimmed+3,75,c,0.0312
SARS-CoV2-5UTR-Amplicon-short-trimmed+3,76,a,0.0736
SARS-CoV2-5UTR-Amplicon-short-trimmed+3,77,g,0.0878
SARS-CoV2-5UTR-Amplicon-short-trimmed+3,78,t,0.0345
SARS-CoV2-5UTR-Amplicon-short-trimmed+3,79,a,0.0238
SARS-CoV2-5UTR-Amplicon-short-trimmed+3,80,t,0.0225
SARS-CoV2-5UTR-Amplicon-short-trimmed+3,81,a,0.0229
SARS-CoV2-5UTR-Amplicon-short-trimmed+3,82,a,0.05
SARS-CoV2-5UTR-Amplicon-short-trimmed+3,83,t,0.0288
SARS-CoV2-5UTR-Amplicon-short-trimmed+3,84,t,0.0555
SARS-CoV2-5UTR-Amplicon-short-trimmed+3,85,a,0.0782
SARS-CoV2-5UTR-Amplicon-short-trimmed+3,86,a,0.066
SARS-CoV2-5UTR-Amplicon-short-trimmed+3,87,t,0.0282
SARS-CoV2-5UTR-Amplicon-short-trimmed+3,88,a,0.0355
SARS-CoV2-5UTR-Amplicon-short-trimmed+3,89,a,0.0461
SARS-CoV2-5UTR-Amplicon-short-trimmed+3,90,c,0.3129
SARS-CoV2-5UTR-Amplicon-short-trimmed+3,91,t,0.0779
SARS-CoV2-5UTR-Amplicon-short-trimmed+3,92,a,0.0418
SARS-CoV2-5UTR-Amplicon-short-trimmed+3,93,a,0.0407
SARS-CoV2-5UTR-Amplicon-short-trimmed+3,94,t,0.0422
SARS-CoV2-5UTR-Amplicon-short-trimmed+3,95,t,0.0339
SARS-CoV2-5UTR-Amplicon-short-trimmed+3,96,a,0.0407
SARS-CoV2-5UTR-Amplicon-short-trimmed+3,97,c,0.0491
SARS-CoV2-5UTR-Amplicon-short-trimmed+3,98,t,0.281
SARS-CoV2-5UTR-Amplicon-short-trimmed+3,99,g,0.0877
SARS-CoV2-5UTR-Amplicon-short-trimmed+3,100,t,0.082
SARS-CoV2-5UTR-Amplicon-short-trimmed+3,101,c,0.0535
SARS-CoV2-5UTR-Amplicon-short-trimmed+3,102,g,0.0846
SARS-CoV2-5UTR-Amplicon-short-trimmed+3,103,t,0.0608
SARS-CoV2-5UTR-Amplicon-short-trimmed+3,104,t,0.0876
SARS-CoV2-5UTR-Amplicon-short-trimmed+3,105,g,0.0628
SARS-CoV2-5UTR-Amplicon-short-trimmed+3,106,a,0.0415
SARS-CoV2-5UTR-Amplicon-short-trimmed+3,107,c,0.0796
SARS-CoV2-5UTR-Amplicon-short-trimmed+3,108,a,0.0922
SARS-CoV2-5UTR-Amplicon-short-trimmed+3,109,g,0.0982
SARS-CoV2-5UTR-Amplicon-short-trimmed+3,110,g,0.108
SARS-CoV2-5UTR-Amplicon-short-trimmed+3,111,a,0.0408
SARS-CoV2-5UTR-Amplicon-short-trimmed+3,112,c,0.0732
SARS-CoV2-5UTR-Amplicon-short-trimmed+3,113,a,0.0401
SARS-CoV2-5UTR-Amplicon-short-trimmed+3,114,c,0.0969
SARS-CoV2-5UTR-Amplicon-short-trimmed+3,115,g,0.0553
SARS-CoV2-5UTR-Amplicon-short-trimmed+3,116,a,0.0633
SARS-CoV2-5UTR-Amplicon-short-trimmed+3,117,g,0.0509
SARS-CoV2-5UTR-Amplicon-short-trimmed+3,118,t,0.119
SARS-CoV2-5UTR-Amplicon-short-trimmed+3,119,a,0.1048
SARS-CoV2-5UTR-Amplicon-short-trimmed+3,120,a,0.0745
SARS-CoV2-5UTR-Amplicon-short-trimmed+3,121,c,0.1664
SARS-CoV2-5UTR-Amplicon-short-trimmed+3,122,t,0.1439
SARS-CoV2-5UTR-Amplicon-short-trimmed+3,123,c,0.175
SARS-CoV2-5UTR-Amplicon-short-trimmed+3,124,g,0.1792
SARS-CoV2-5UTR-Amplicon-short-trimmed+3,125,t,0.2827
SARS-CoV2-5UTR-Amplicon-short-trimmed+3,126,c,0.1169
SARS-CoV2-5UTR-Amplicon-short-trimmed+3,127,t,0.0651
SARS-CoV2-5UTR-Amplicon-short-trimmed+3,128,a,0.0875
SARS-CoV2-5UTR-Amplicon-short-trimmed+3,129,t,0.3702
SARS-CoV2-5UTR-Amplicon-short-trimmed+3,130,c,0.0669
SARS-CoV2-5UTR-Amplicon-short-trimmed+3,131,t,0.0777
SARS-CoV2-5UTR-Amplicon-short-trimmed+3,132,t,0.126
SARS-CoV2-5UTR-Amplicon-short-trimmed+3,133,c,0.2138
SARS-CoV2-5UTR-Amplicon-short-trimmed+3,134,t,0.1407
SARS-CoV2-5UTR-Amplicon-short-trimmed+3,135,g,0.1303
SARS-CoV2-5UTR-Amplicon-short-trimmed+3,136,c,0.4111
SARS-CoV2-5UTR-Amplicon-short-trimmed+3,137,a,0.1867
SARS-CoV2-5UTR-Amplicon-short-trimmed+3,138,g,0.0931
SARS-CoV2-5UTR-Amplicon-short-trimmed+3,139,g,0.2257
SARS-CoV2-5UTR-Amplicon-short-trimmed+3,140,c,0.1158
SARS-CoV2-5UTR-Amplicon-short-trimmed+3,141,t,0.2346
SARS-CoV2-5UTR-Amplicon-short-trimmed+3,142,g,0.3451
SARS-CoV2-5UTR-Amplicon-short-trimmed+3,143,c,0.1118
SARS-CoV2-5UTR-Amplicon-short-trimmed+3,144,t,0.0817
SARS-CoV2-5UTR-Amplicon-short-trimmed+3,145,t,0.1074
SARS-CoV2-5UTR-Amplicon-short-trimmed+3,146,a,0.1356
SARS-CoV2-5UTR-Amplicon-short-trimmed+3,147,c,0.1667
SARS-CoV2-5UTR-Amplicon-short-trimmed+3,148,g,0.3739
SARS-CoV2-5UTR-Amplicon-short-trimmed+3,149,g,0.156
SARS-CoV2-5UTR-Amplicon-short-trimmed+3,150,t,0.134
SARS-CoV2-5UTR-Amplicon-short-trimmed+3,151,t,0.1312
SARS-CoV2-5UTR-Amplicon-short-trimmed+3,152,t,0.1538
SARS-CoV2-5UTR-Amplicon-short-trimmed+3,153,c,0.2011
SARS-CoV2-5UTR-Amplicon-short-trimmed+3,154,g,0.0781
SARS-CoV2-5UTR-Amplicon-short-trimmed+3,155,t,0.299
SARS-CoV2-5UTR-Amplicon-short-trimmed+3,156,c,0.2054
SARS-CoV2-5UTR-Amplicon-short-trimmed+3,157,c,0.1938
SARS-CoV2-5UTR-Amplicon-short-trimmed+3,158,g,0.1025
SARS-CoV2-5UTR-Amplicon-short-trimmed+3,159,t,1.0145
SARS-CoV2-5UTR-Amplicon-short-trimmed+3,160,g,0.0915
SARS-CoV2-5UTR-Amplicon-short-trimmed+3,161,t,0.1388
SARS-CoV2-5UTR-Amplicon-short-trimmed+3,162,t,0.1518
SARS-CoV2-5UTR-Amplicon-short-trimmed+3,163,g,0.1214
SARS-CoV2-5UTR-Amplicon-short-trimmed+3,164,c,0.2666
SARS-CoV2-5UTR-Amplicon-short-trimmed+3,165,a,0.3296
SARS-CoV2-5UTR-Amplicon-short-trimmed+3,166,g,0.5487
SARS-CoV2-5UTR-Amplicon-short-trimmed+3,167,c,0.2798
SARS-CoV2-5UTR-Amplicon-short-trimmed+3,168,c,0.5996
SARS-CoV2-5UTR-Amplicon-short-trimmed+3,169,g,0.117
SARS-CoV2-5UTR-Amplicon-short-trimmed+3,170,a,0.1018
SARS-CoV2-5UTR-Amplicon-short-trimmed+3,171,t,0.1039
SARS-CoV2-5UTR-Amplicon-short-trimmed+3,172,c,0.1716
SARS-CoV2-5UTR-Amplicon-short-trimmed+3,173,a,0.0456
SARS-CoV2-5UTR-Amplicon-short-trimmed+3,174,t,0.0648
SARS-CoV2-5UTR-Amplicon-short-trimmed+3,175,c,0.2015
SARS-CoV2-5UTR-Amplicon-short-trimmed+3,176,a,0.1191
SARS-CoV2-5UTR-Amplicon-short-trimmed+3,177,g,0.1253
SARS-CoV2-5UTR-Amplicon-short-trimmed+3,178,c,0.6009
SARS-CoV2-5UTR-Amplicon-short-trimmed+3,179,a,0.0796
SARS-CoV2-5UTR-Amplicon-short-trimmed+3,180,c,0.1026
SARS-CoV2-5UTR-Amplicon-short-trimmed+3,181,a,0.0674
SARS-CoV2-5UTR-Amplicon-short-trimmed+3,182,t,0.1224
SARS-CoV2-5UTR-Amplicon-short-trimmed+3,183,c,0.0728
SARS-CoV2-5UTR-Amplicon-short-trimmed+3,184,t,0.0953
SARS-CoV2-5UTR-Amplicon-short-trimmed+3,185,a,0.1861
SARS-CoV2-5UTR-Amplicon-short-trimmed+3,186,g,0.0896
SARS-CoV2-5UTR-Amplicon-short-trimmed+3,187,g,0.1074
SARS-CoV2-5UTR-Amplicon-short-trimmed+3,188,t,0.1333
SARS-CoV2-5UTR-Amplicon-short-trimmed+3,189,t,0.2792
SARS-CoV2-5UTR-Amplicon-short-trimmed+3,190,t,0.2987
SARS-CoV2-5UTR-Amplicon-short-trimmed+3,191,c,0.1455
SARS-CoV2-5UTR-Amplicon-short-trimmed+3,192,g,0.0797
SARS-CoV2-5UTR-Amplicon-short-trimmed+3,193,t,0.9432
SARS-CoV2-5UTR-Amplicon-short-trimmed+3,194,c,0.1358
SARS-CoV2-5UTR-Amplicon-short-trimmed+3,195,c,0.1895
SARS-CoV2-5UTR-Amplicon-short-trimmed+3,196,g,0.3395
SARS-CoV2-5UTR-Amplicon-short-trimmed+3,197,g,0.1594
SARS-CoV2-5UTR-Amplicon-short-trimmed+3,198,g,0.5318
SARS-CoV2-5UTR-Amplicon-short-trimmed+3,199,t,0.2026
SARS-CoV2-5UTR-Amplicon-short-trimmed+3,200,g,0.0777
SARS-CoV2-5UTR-Amplicon-short-trimmed+3,201,t,0.1098
SARS-CoV2-5UTR-Amplicon-short-trimmed+3,202,g,0.1186
SARS-CoV2-5UTR-Amplicon-short-trimmed+3,203,a,0.2778
SARS-CoV2-5UTR-Amplicon-short-trimmed+3,204,c,0.1151
SARS-CoV2-5UTR-Amplicon-short-trimmed+3,205,c,0.0811
SARS-CoV2-5UTR-Amplicon-short-trimmed+3,206,g,0.0783
SARS-CoV2-5UTR-Amplicon-short-trimmed+3,207,a,0.0986
SARS-CoV2-5UTR-Amplicon-short-trimmed+3,208,a,0.0612
SARS-CoV2-5UTR-Amplicon-short-trimmed+3,209,a,0.1422
SARS-CoV2-5UTR-Amplicon-short-trimmed+3,210,g,0.1378
SARS-CoV2-5UTR-Amplicon-short-trimmed+3,211,g,0.136
SARS-CoV2-5UTR-Amplicon-short-trimmed+3,212,t,0.1107
SARS-CoV2-5UTR-Amplicon-short-trimmed+3,213,a,0.0525
SARS-CoV2-5UTR-Amplicon-short-trimmed+3,214,a,0.0688
SARS-CoV2-5UTR-Amplicon-short-trimmed+3,215,g,0.0685
SARS-CoV2-5UTR-Amplicon-short-trimmed+3,216,a,0.0483
SARS-CoV2-5UTR-Amplicon-short-trimmed+3,217,t,0.1064
SARS-CoV2-5UTR-Amplicon-short-trimmed+3,218,g,0.0753
SARS-CoV2-5UTR-Amplicon-short-trimmed+3,219,g,0.0758
SARS-CoV2-5UTR-Amplicon-short-trimmed+3,220,a,0.2464
SARS-CoV2-5UTR-Amplicon-short-trimmed+3,221,g,0.1753
SARS-CoV2-5UTR-Amplicon-short-trimmed+3,222,a,0.0849
SARS-CoV2-5UTR-Amplicon-short-trimmed+3,223,g,0.1798
SARS-CoV2-5UTR-Amplicon-short-trimmed+3,224,c,0.0966
SARS-CoV2-5UTR-Amplicon-short-trimmed+3,225,c,0.0738
SARS-CoV2-5UTR-Amplicon-short-trimmed+3,226,t,0.055
SARS-CoV2-5UTR-Amplicon-short-trimmed+3,227,t,0.2818
SARS-CoV2-5UTR-Amplicon-short-trimmed+3,228,g,0.0562
SARS-CoV2-5UTR-Amplicon-short-trimmed+3,229,t,0.1567
SARS-CoV2-5UTR-Amplicon-short-trimmed+3,230,c,0.079
SARS-CoV2-5UTR-Amplicon-short-trimmed+3,231,c,0.0727
SARS-CoV2-5UTR-Amplicon-short-trimmed+3,232,c,0.096
SARS-CoV2-5UTR-Amplicon-short-trimmed+3,233,t,0.1686
SARS-CoV2-5UTR-Amplicon-short-trimmed+3,234,g,0.0869
SARS-CoV2-5UTR-Amplicon-short-trimmed+3,235,g,0.1555
SARS-CoV2-5UTR-Amplicon-short-trimmed+3,236,t,0.0681
SARS-CoV2-5UTR-Amplicon-short-trimmed+3,237,t,0.0529
SARS-CoV2-5UTR-Amplicon-short-trimmed+3,238,t,0.0979
SARS-CoV2-5UTR-Amplicon-short-trimmed+3,239,c,0.6571
SARS-CoV2-5UTR-Amplicon-short-trimmed+3,240,a,0.0793
SARS-CoV2-5UTR-Amplicon-short-trimmed+3,241,a,0.0628
SARS-CoV2-5UTR-Amplicon-short-trimmed+3,242,c,0.0896
SARS-CoV2-5UTR-Amplicon-short-trimmed+3,243,g,0.0324
SARS-CoV2-5UTR-Amplicon-short-trimmed+3,244,a,0.2295
SARS-CoV2-5UTR-Amplicon-short-trimmed+3,245,g,0
SARS-CoV2-5UTR-Amplicon-short-trimmed+3,246,g,0
SARS-CoV2-5UTR-Amplicon-short-trimmed+3,247,G,0
SARS-CoV2-5UTR-Amplicon-short-trimmed+3,248,A,0
SARS-CoV2-5UTR-Amplicon-short-trimmed+3,249,G,0
