Region,Position,Ref_base,Mut_percentage
SARS-CoV2-5UTR-Amplicon-short-trimmed+3,1,T,0
SARS-CoV2-5UTR-Amplicon-short-trimmed+3,2,T,0
SARS-CoV2-5UTR-Amplicon-short-trimmed+3,3,G,0
SARS-CoV2-5UTR-Amplicon-short-trimmed+3,4,t,0
SARS-CoV2-5UTR-Amplicon-short-trimmed+3,5,a,0
SARS-CoV2-5UTR-Amplicon-short-trimmed+3,6,g,0.0535
SARS-CoV2-5UTR-Amplicon-short-trimmed+3,7,a,0.0298
SARS-CoV2-5UTR-Amplicon-short-trimmed+3,8,t,0.0973
SARS-CoV2-5UTR-Amplicon-short-trimmed+3,9,c,0.0585
SARS-CoV2-5UTR-Amplicon-short-trimmed+3,10,t,0.0436
SARS-CoV2-5UTR-Amplicon-short-trimmed+3,11,g,0.1617
SARS-CoV2-5UTR-Amplicon-short-trimmed+3,12,t,0.0774
SARS-CoV2-5UTR-Amplicon-short-trimmed+3,13,t,0.0763
SARS-CoV2-5UTR-Amplicon-short-trimmed+3,14,c,0.0607
SARS-CoV2-5UTR-Amplicon-short-trimmed+3,15,t,0.1301
SARS-CoV2-5UTR-Amplicon-short-trimmed+3,16,c,0.0599
SARS-CoV2-5UTR-Amplicon-short-trimmed+3,17,t,0.0498
SARS-CoV2-5UTR-Amplicon-short-trimmed+3,18,a,0.0808
SARS-CoV2-5UTR-Amplicon-short-trimmed+3,19,a,0.0227
SARS-CoV2-5UTR-Amplicon-short-trimmed+3,20,a,0.0347
SARS-CoV2-5UTR-Amplicon-short-trimmed+3,21,c,0.0431
SARS-CoV2-5UTR-Amplicon-short-trimmed+3,22,g,0.1042
SARS-CoV2-5UTR-Amplicon-short-trimmed+3,23,a,0.0342
SARS-CoV2-5UTR-Amplicon-short-trimmed+3,24,a,0.0527
SARS-CoV2-5UTR-Amplicon-short-trimmed+3,25,c,4.3253
SARS-CoV2-5UTR-Amplicon-short-trimmed+3,26,t,0.2419
SARS-CoV2-5UTR-Amplicon-short-trimmed+3,27,t,0.1117
SARS-CoV2-5UTR-Amplicon-short-trimmed+3,28,t,0.0301
SARS-CoV2-5UTR-Amplicon-short-trimmed+3,29,a,0.0727
SARS-CoV2-5UTR-Amplicon-short-trimmed+3,30,a,0.0507
SARS-CoV2-5UTR-Amplicon-short-trimmed+3,31,a,0.0916
SARS-CoV2-5UTR-Amplicon-short-trimmed+3,32,a,0.0428
SARS-CoV2-5UTR-Amplicon-short-trimmed+3,33,t,0.075
SARS-CoV2-5UTR-Amplicon-short-trimmed+3,34,c,0.0404
SARS-CoV2-5UTR-Amplicon-short-trimmed+3,35,t,0.0705
SARS-CoV2-5UTR-Amplicon-short-trimmed+3,36,g,0.1018
SARS-CoV2-5UTR-Amplicon-short-trimmed+3,37,t,0.0717
SARS-CoV2-5UTR-Amplicon-short-trimmed+3,38,g,0.0401
SARS-CoV2-5UTR-Amplicon-short-trimmed+3,39,t,0.0634
SARS-CoV2-5UTR-Amplicon-short-trimmed+3,40,g,0.0517
SARS-CoV2-5UTR-Amplicon-short-trimmed+3,41,g,0.1247
SARS-CoV2-5UTR-Amplicon-short-trimmed+3,42,c,0.0731
SARS-CoV2-5UTR-Amplicon-short-trimmed+3,43,t,0.1375
SARS-CoV2-5UTR-Amplicon-short-trimmed+3,44,g,0.0966
SARS-CoV2-5UTR-Amplicon-short-trimmed+3,45,t,0.1563
SARS-CoV2-5UTR-Amplicon-short-trimmed+3,46,c,0.0335
SARS-CoV2-5UTR-Amplicon-short-trimmed+3,47,a,0.0518
SARS-CoV2-5UTR-Amplicon-short-trimmed+3,48,c,0.0459
SARS-CoV2-5UTR-Amplicon-short-trimmed+3,49,t,0.0586
SARS-CoV2-5UTR-Amplicon-short-trimmed+3,50,c,0.0579
SARS-CoV2-5UTR-Amplicon-short-trimmed+3,51,g,0.0938
SARS-CoV2-5UTR-Amplicon-short-trimmed+3,52,g,0.2412
SARS-CoV2-5UTR-Amplicon-short-trimmed+3,53,c,0.1233
SARS-CoV2-5UTR-Amplicon-short-trimmed+3,54,t,0.0668
SARS-CoV2-5UTR-Amplicon-short-trimmed+3,55,g,0.1723
SARS-CoV2-5UTR-Amplicon-short-trimmed+3,56,c,0.105
SARS-CoV2-5UTR-Amplicon-short-trimmed+3,57,g,0.181
SARS-CoV2-5UTR-Amplicon-short-trimmed+3,58,t,0.083
SARS-CoV2-5UTR-Amplicon-short-trimmed+3,59,g,0.1387
SARS-CoV2-5UTR-Amplicon-short-trimmed+3,60,c,0.0856
SARS-CoV2-5UTR-Amplicon-short-trimmed+3,61,t,0.0987
SARS-CoV2-5UTR-Amplicon-short-trimmed+3,62,t,0.0552
SARS-CoV2-5UTR-Amplicon-short-trimmed+3,63,a,0.0448
SARS-CoV2-5UTR-Amplicon-short-trimmed+3,64,g,0.075
SARS-CoV2-5UTR-Amplicon-short-trimmed+3,65,t,0.0472
SARS-CoV2-5UTR-Amplicon-short-trimmed+3,66,g,0.1392
SARS-CoV2-5UTR-Amplicon-short-trimmed+3,67,c,0.1677
SARS-CoV2-5UTR-Amplicon-short-trimmed+3,68,a,0.0784
SARS-CoV2-5UTR-Amplicon-short-trimmed+3,69,c,0.0666
SARS-CoV2-5UTR-Amplicon-short-trimmed+3,70,t,0.0741
SARS-CoV2-5UTR-Amplicon-short-trimmed+3,71,c,0.0476
SARS-CoV2-5UTR-Amplicon-short-trimmed+3,72,a,0.0657
SARS-CoV2-5UTR-Amplicon-short-trimmed+3,73,c,0.0717
SARS-CoV2-5UTR-Amplicon-short-trimmed+3,74,g,0.1426
SARS-CoV2-5UTR-Amplicon-short-trimmed+3,75,c,0.0457
SARS-CoV2-5UTR-Amplicon-short-trimmed+3,76,a,0.1257
SARS-CoV2-5UTR-Amplicon-short-trimmed+3,77,g,0.1063
SARS-CoV2-5UTR-Amplicon-short-trimmed+3,78,t,0.0613
SARS-CoV2-5UTR-Amplicon-short-trimmed+3,79,a,0.0617
SARS-CoV2-5UTR-Amplicon-short-trimmed+3,80,t,0.034
SARS-CoV2-5UTR-Amplicon-short-trimmed+3,81,a,0.0483
SARS-CoV2-5UTR-Amplicon-short-trimmed+3,82,a,0.0822
SARS-CoV2-5UTR-Amplicon-short-trimmed+3,83,t,0.0416
SARS-CoV2-5UTR-Amplicon-short-trimmed+3,84,t,0.096
SARS-CoV2-5UTR-Amplicon-short-trimmed+3,85,a,0.0978
SARS-CoV2-5UTR-Amplicon-short-trimmed+3,86,a,0.0756
SARS-CoV2-5UTR-Amplicon-short-trimmed+3,87,t,0.0392
SARS-CoV2-5UTR-Amplicon-short-trimmed+3,88,a,0.069
SARS-CoV2-5UTR-Amplicon-short-trimmed+3,89,a,0.0787
SARS-CoV2-5UTR-Amplicon-short-trimmed+3,90,c,0.3175
SARS-CoV2-5UTR-Amplicon-short-trimmed+3,91,t,0.1149
SARS-CoV2-5UTR-Amplicon-short-trimmed+3,92,a,0.0603
SARS-CoV2-5UTR-Amplicon-short-trimmed+3,93,a,0.0715
SARS-CoV2-5UTR-Amplicon-short-trimmed+3,94,t,0.0662
SARS-CoV2-5UTR-Amplicon-short-trimmed+3,95,t,0.0721
SARS-CoV2-5UTR-Amplicon-short-trimmed+3,96,a,0.0597
SARS-CoV2-5UTR-Amplicon-short-trimmed+3,97,c,0.0415
SARS-CoV2-5UTR-Amplicon-short-trimmed+3,98,t,0.2897
SARS-CoV2-5UTR-Amplicon-short-trimmed+3,99,g,0.1048
SARS-CoV2-5UTR-Amplicon-short-trimmed+3,100,t,0.126
SARS-CoV2-5UTR-Amplicon-short-trimmed+3,101,c,0.0573
SARS-CoV2-5UTR-Amplicon-short-trimmed+3,102,g,0.1067
SARS-CoV2-5UTR-Amplicon-short-trimmed+3,103,t,0.0921
SARS-CoV2-5UTR-Amplicon-short-trimmed+3,104,t,0.1462
SARS-CoV2-5UTR-Amplicon-short-trimmed+3,105,g,0.0905
SARS-CoV2-5UTR-Amplicon-short-trimmed+3,106,a,0.0967
SARS-CoV2-5UTR-Amplicon-short-trimmed+3,107,c,0.1034
SARS-CoV2-5UTR-Amplicon-short-trimmed+3,108,a,0.1348
SARS-CoV2-5UTR-Amplicon-short-trimmed+3,109,g,0.1048
SARS-CoV2-5UTR-Amplicon-short-trimmed+3,110,g,0.1054
SARS-CoV2-5UTR-Amplicon-short-trimmed+3,111,a,0.0737
SARS-CoV2-5UTR-Amplicon-short-trimmed+3,112,c,0.094
SARS-CoV2-5UTR-Amplicon-short-trimmed+3,113,a,0.1164
SARS-CoV2-5UTR-Amplicon-short-trimmed+3,114,c,0.1028
SARS-CoV2-5UTR-Amplicon-short-trimmed+3,115,g,0.0723
SARS-CoV2-5UTR-Amplicon-short-trimmed+3,116,a,0.0992
SARS-CoV2-5UTR-Amplicon-short-trimmed+3,117,g,0.0677
SARS-CoV2-5UTR-Amplicon-short-trimmed+3,118,t,0.2002
SARS-CoV2-5UTR-Amplicon-short-trimmed+3,119,a,0.24
SARS-CoV2-5UTR-Amplicon-short-trimmed+3,120,a,0.1636
SARS-CoV2-5UTR-Amplicon-short-trimmed+3,121,c,0.2352
SARS-CoV2-5UTR-Amplicon-short-trimmed+3,122,t,0.3063
SARS-CoV2-5UTR-Amplicon-short-trimmed+3,123,c,0.2706
SARS-CoV2-5UTR-Amplicon-short-trimmed+3,124,g,0.1925
SARS-CoV2-5UTR-Amplicon-short-trimmed+3,125,t,0.4202
SARS-CoV2-5UTR-Amplicon-short-trimmed+3,126,c,0.1572
SARS-CoV2-5UTR-Amplicon-short-trimmed+3,127,t,0.1221
SARS-CoV2-5UTR-Amplicon-short-trimmed+3,128,a,0.1785
SARS-CoV2-5UTR-Amplicon-short-trimmed+3,129,t,0.7426
SARS-CoV2-5UTR-Amplicon-short-trimmed+3,130,c,0.1036
SARS-CoV2-5UTR-Amplicon-short-trimmed+3,131,t,0.1579
SARS-CoV2-5UTR-Amplicon-short-trimmed+3,132,t,0.343
SARS-CoV2-5UTR-Amplicon-short-trimmed+3,133,c,0.3664
SARS-CoV2-5UTR-Amplicon-short-trimmed+3,134,t,0.3217
SARS-CoV2-5UTR-Amplicon-short-trimmed+3,135,g,0.2031
SARS-CoV2-5UTR-Amplicon-short-trimmed+3,136,c,0.5274
SARS-CoV2-5UTR-Amplicon-short-trimmed+3,137,a,0.396
SARS-CoV2-5UTR-Amplicon-short-trimmed+3,138,g,0.1602
SARS-CoV2-5UTR-Amplicon-short-trimmed+3,139,g,0.3947
SARS-CoV2-5UTR-Amplicon-short-trimmed+3,140,c,0.1928
SARS-CoV2-5UTR-Amplicon-short-trimmed+3,141,t,0.4487
SARS-CoV2-5UTR-Amplicon-short-trimmed+3,142,g,0.6394
SARS-CoV2-5UTR-Amplicon-short-trimmed+3,143,c,0.1734
SARS-CoV2-5UTR-Amplicon-short-trimmed+3,144,t,0.1931
SARS-CoV2-5UTR-Amplicon-short-trimmed+3,145,t,0.2339
SARS-CoV2-5UTR-Amplicon-short-trimmed+3,146,a,0.315
SARS-CoV2-5UTR-Amplicon-short-trimmed+3,147,c,0.2327
SARS-CoV2-5UTR-Amplicon-short-trimmed+3,148,g,0.4586
SARS-CoV2-5UTR-Amplicon-short-trimmed+3,149,g,0.252
SARS-CoV2-5UTR-Amplicon-short-trimmed+3,150,t,0.2461
SARS-CoV2-5UTR-Amplicon-short-trimmed+3,151,t,0.245
SARS-CoV2-5UTR-Amplicon-short-trimmed+3,152,t,0.3639
SARS-CoV2-5UTR-Amplicon-short-trimmed+3,153,c,0.3219
SARS-CoV2-5UTR-Amplicon-short-trimmed+3,154,g,0.1556
SARS-CoV2-5UTR-Amplicon-short-trimmed+3,155,t,0.4921
SARS-CoV2-5UTR-Amplicon-short-trimmed+3,156,c,0.2985
SARS-CoV2-5UTR-Amplicon-short-trimmed+3,157,c,0.3317
SARS-CoV2-5UTR-Amplicon-short-trimmed+3,158,g,0.1764
SARS-CoV2-5UTR-Amplicon-short-trimmed+3,159,t,1.7935
SARS-CoV2-5UTR-Amplicon-short-trimmed+3,160,g,0.1493
SARS-CoV2-5UTR-Amplicon-short-trimmed+3,161,t,0.2179
SARS-CoV2-5UTR-Amplicon-short-trimmed+3,162,t,0.2846
SARS-CoV2-5UTR-Amplicon-short-trimmed+3,163,g,0.2041
SARS-CoV2-5UTR-Amplicon-short-trimmed+3,164,c,0.4532
SARS-CoV2-5UTR-Amplicon-short-trimmed+3,165,a,0.6766
SARS-CoV2-5UTR-Amplicon-short-trimmed+3,166,g,0.92
SARS-CoV2-5UTR-Amplicon-short-trimmed+3,167,c,0.3361
SARS-CoV2-5UTR-Amplicon-short-trimmed+3,168,c,0.606
SARS-CoV2-5UTR-Amplicon-short-trimmed+3,169,g,0.1193
SARS-CoV2-5UTR-Amplicon-short-trimmed+3,170,a,0.1719
SARS-CoV2-5UTR-Amplicon-short-trimmed+3,171,t,0.1608
SARS-CoV2-5UTR-Amplicon-short-trimmed+3,172,c,0.2325
SARS-CoV2-5UTR-Amplicon-short-trimmed+3,173,a,0.084
SARS-CoV2-5UTR-Amplicon-short-trimmed+3,174,t,0.1176
SARS-CoV2-5UTR-Amplicon-short-trimmed+3,175,c,0.273
SARS-CoV2-5UTR-Amplicon-short-trimmed+3,176,a,0.1886
SARS-CoV2-5UTR-Amplicon-short-trimmed+3,177,g,0.1495
SARS-CoV2-5UTR-Amplicon-short-trimmed+3,178,c,0.6934
SARS-CoV2-5UTR-Amplicon-short-trimmed+3,179,a,0.1618
SARS-CoV2-5UTR-Amplicon-short-trimmed+3,180,c,0.1083
SARS-CoV2-5UTR-Amplicon-short-trimmed+3,181,a,0.1471
SARS-CoV2-5UTR-Amplicon-short-trimmed+3,182,t,0.206
SARS-CoV2-5UTR-Amplicon-short-trimmed+3,183,c,0.1049
SARS-CoV2-5UTR-Amplicon-short-trimmed+3,184,t,0.1247
SARS-CoV2-5UTR-Amplicon-short-trimmed+3,185,a,0.206
SARS-CoV2-5UTR-Amplicon-short-trimmed+3,186,g,0.0911
SARS-CoV2-5UTR-Amplicon-short-trimmed+3,187,g,0.1292
SARS-CoV2-5UTR-Amplicon-short-trimmed+3,188,t,0.1729
SARS-CoV2-5UTR-Amplicon-short-trimmed+3,189,t,0.3406
SARS-CoV2-5UTR-Amplicon-short-trimmed+3,190,t,0.4954
SARS-CoV2-5UTR-Amplicon-short-trimmed+3,191,c,0.1666
SARS-CoV2-5UTR-Amplicon-short-trimmed+3,192,g,0.0895
SARS-CoV2-5UTR-Amplicon-short-trimmed+3,193,t,1.424
SARS-CoV2-5UTR-Amplicon-short-trimmed+3,194,c,0.1367
SARS-CoV2-5UTR-Amplicon-short-trimmed+3,195,c,0.1832
SARS-CoV2-5UTR-Amplicon-short-trimmed+3,196,g,0.3655
SARS-CoV2-5UTR-Amplicon-short-trimmed+3,197,g,0.1696
SARS-CoV2-5UTR-Amplicon-short-trimmed+3,198,g,0.472
SARS-CoV2-5UTR-Amplicon-short-trimmed+3,199,t,0.2856
SARS-CoV2-5UTR-Amplicon-short-trimmed+3,200,g,0.0991
SARS-CoV2-5UTR-Amplicon-short-trimmed+3,201,t,0.1718
SARS-CoV2-5UTR-Amplicon-short-trimmed+3,202,g,0.114
SARS-CoV2-5UTR-Amplicon-short-trimmed+3,203,a,0.4036
SARS-CoV2-5UTR-Amplicon-short-trimmed+3,204,c,0.1434
SARS-CoV2-5UTR-Amplicon-short-trimmed+3,205,c,0.1213
SARS-CoV2-5UTR-Amplicon-short-trimmed+3,206,g,0.1085
SARS-CoV2-5UTR-Amplicon-short-trimmed+3,207,a,0.141
SARS-CoV2-5UTR-Amplicon-short-trimmed+3,208,a,0.0787
SARS-CoV2-5UTR-Amplicon-short-trimmed+3,209,a,0.1822
SARS-CoV2-5UTR-Amplicon-short-trimmed+3,210,g,0.1454
SARS-CoV2-5UTR-Amplicon-short-trimmed+3,211,g,0.1303
SARS-CoV2-5UTR-Amplicon-short-trimmed+3,212,t,0.1719
SARS-CoV2-5UTR-Amplicon-short-trimmed+3,213,a,0.0703
SARS-CoV2-5UTR-Amplicon-short-trimmed+3,214,a,0.084
SARS-CoV2-5UTR-Amplicon-short-trimmed+3,215,g,0.0881
SARS-CoV2-5UTR-Amplicon-short-trimmed+3,216,a,0.0657
SARS-CoV2-5UTR-Amplicon-short-trimmed+3,217,t,0.1438
SARS-CoV2-5UTR-Amplicon-short-trimmed+3,218,g,0.0636
SARS-CoV2-5UTR-Amplicon-short-trimmed+3,219,g,0.07
SARS-CoV2-5UTR-Amplicon-short-trimmed+3,220,a,0.256
SARS-CoV2-5UTR-Amplicon-short-trimmed+3,221,g,0.1521
SARS-CoV2-5UTR-Amplicon-short-trimmed+3,222,a,0.0843
SARS-CoV2-5UTR-Amplicon-short-trimmed+3,223,g,0.2394
SARS-CoV2-5UTR-Amplicon-short-trimmed+3,224,c,0.091
SARS-CoV2-5UTR-Amplicon-short-trimmed+3,225,c,0.0975
SARS-CoV2-5UTR-Amplicon-short-trimmed+3,226,t,0.0724
SARS-CoV2-5UTR-Amplicon-short-trimmed+3,227,t,0.3509
SARS-CoV2-5UTR-Amplicon-short-trimmed+3,228,g,0.0529
SARS-CoV2-5UTR-Amplicon-short-trimmed+3,229,t,0.1762
SARS-CoV2-5UTR-Amplicon-short-trimmed+3,230,c,0.0804
SARS-CoV2-5UTR-Amplicon-short-trimmed+3,231,c,0.062
SARS-CoV2-5UTR-Amplicon-short-trimmed+3,232,c,0.0964
SARS-CoV2-5UTR-Amplicon-short-trimmed+3,233,t,0.2097
SARS-CoV2-5UTR-Amplicon-short-trimmed+3,234,g,0.0873
SARS-CoV2-5UTR-Amplicon-short-trimmed+3,235,g,0.1889
SARS-CoV2-5UTR-Amplicon-short-trimmed+3,236,t,0.0768
SARS-CoV2-5UTR-Amplicon-short-trimmed+3,237,t,0.0833
SARS-CoV2-5UTR-Amplicon-short-trimmed+3,238,t,0.1615
SARS-CoV2-5UTR-Amplicon-short-trimmed+3,239,c,0.5443
SARS-CoV2-5UTR-Amplicon-short-trimmed+3,240,a,0.1134
SARS-CoV2-5UTR-Amplicon-short-trimmed+3,241,a,0.0898
SARS-CoV2-5UTR-Amplicon-short-trimmed+3,242,c,0.0859
SARS-CoV2-5UTR-Amplicon-short-trimmed+3,243,g,0.0337
SARS-CoV2-5UTR-Amplicon-short-trimmed+3,244,a,0.2087
SARS-CoV2-5UTR-Amplicon-short-trimmed+3,245,g,1e-04
SARS-CoV2-5UTR-Amplicon-short-trimmed+3,246,g,0
SARS-CoV2-5UTR-Amplicon-short-trimmed+3,247,G,1e-04
SARS-CoV2-5UTR-Amplicon-short-trimmed+3,248,A,0
SARS-CoV2-5UTR-Amplicon-short-trimmed+3,249,G,0
