Region,Position,Ref_base,Mut_percentage
SARS-CoV2-5UTR-Amplicon-short-trimmed+3,1,T,0
SARS-CoV2-5UTR-Amplicon-short-trimmed+3,2,T,0
SARS-CoV2-5UTR-Amplicon-short-trimmed+3,3,G,0
SARS-CoV2-5UTR-Amplicon-short-trimmed+3,4,t,0
SARS-CoV2-5UTR-Amplicon-short-trimmed+3,5,a,0
SARS-CoV2-5UTR-Amplicon-short-trimmed+3,6,g,0.0913
SARS-CoV2-5UTR-Amplicon-short-trimmed+3,7,a,0.0301
SARS-CoV2-5UTR-Amplicon-short-trimmed+3,8,t,0.0895
SARS-CoV2-5UTR-Amplicon-short-trimmed+3,9,c,0.1045
SARS-CoV2-5UTR-Amplicon-short-trimmed+3,10,t,0.0419
SARS-CoV2-5UTR-Amplicon-short-trimmed+3,11,g,0.281
SARS-CoV2-5UTR-Amplicon-short-trimmed+3,12,t,0.0893
SARS-CoV2-5UTR-Amplicon-short-trimmed+3,13,t,0.0946
SARS-CoV2-5UTR-Amplicon-short-trimmed+3,14,c,0.1199
SARS-CoV2-5UTR-Amplicon-short-trimmed+3,15,t,0.1353
SARS-CoV2-5UTR-Amplicon-short-trimmed+3,16,c,0.1096
SARS-CoV2-5UTR-Amplicon-short-trimmed+3,17,t,0.0688
SARS-CoV2-5UTR-Amplicon-short-trimmed+3,18,a,0.0857
SARS-CoV2-5UTR-Amplicon-short-trimmed+3,19,a,0.0239
SARS-CoV2-5UTR-Amplicon-short-trimmed+3,20,a,0.0397
SARS-CoV2-5UTR-Amplicon-short-trimmed+3,21,c,0.0842
SARS-CoV2-5UTR-Amplicon-short-trimmed+3,22,g,0.0635
SARS-CoV2-5UTR-Amplicon-short-trimmed+3,23,a,0.0254
SARS-CoV2-5UTR-Amplicon-short-trimmed+3,24,a,0.0524
SARS-CoV2-5UTR-Amplicon-short-trimmed+3,25,c,1.7754
SARS-CoV2-5UTR-Amplicon-short-trimmed+3,26,t,0.2501
SARS-CoV2-5UTR-Amplicon-short-trimmed+3,27,t,0.1561
SARS-CoV2-5UTR-Amplicon-short-trimmed+3,28,t,0.0598
SARS-CoV2-5UTR-Amplicon-short-trimmed+3,29,a,0.0955
SARS-CoV2-5UTR-Amplicon-short-trimmed+3,30,a,0.0532
SARS-CoV2-5UTR-Amplicon-short-trimmed+3,31,a,0.0743
SARS-CoV2-5UTR-Amplicon-short-trimmed+3,32,a,0.0426
SARS-CoV2-5UTR-Amplicon-short-trimmed+3,33,t,0.091
SARS-CoV2-5UTR-Amplicon-short-trimmed+3,34,c,0.0753
SARS-CoV2-5UTR-Amplicon-short-trimmed+3,35,t,0.1058
SARS-CoV2-5UTR-Amplicon-short-trimmed+3,36,g,0.1501
SARS-CoV2-5UTR-Amplicon-short-trimmed+3,37,t,0.0774
SARS-CoV2-5UTR-Amplicon-short-trimmed+3,38,g,0.0639
SARS-CoV2-5UTR-Amplicon-short-trimmed+3,39,t,0.0731
SARS-CoV2-5UTR-Amplicon-short-trimmed+3,40,g,0.0848
SARS-CoV2-5UTR-Amplicon-short-trimmed+3,41,g,0.1847
SARS-CoV2-5UTR-Amplicon-short-trimmed+3,42,c,0.1286
SARS-CoV2-5UTR-Amplicon-short-trimmed+3,43,t,0.1727
SARS-CoV2-5UTR-Amplicon-short-trimmed+3,44,g,0.143
SARS-CoV2-5UTR-Amplicon-short-trimmed+3,45,t,0.1495
SARS-CoV2-5UTR-Amplicon-short-trimmed+3,46,c,0.0771
SARS-CoV2-5UTR-Amplicon-short-trimmed+3,47,a,0.0482
SARS-CoV2-5UTR-Amplicon-short-trimmed+3,48,c,0.0883
SARS-CoV2-5UTR-Amplicon-short-trimmed+3,49,t,0.0753
SARS-CoV2-5UTR-Amplicon-short-trimmed+3,50,c,0.1091
SARS-CoV2-5UTR-Amplicon-short-trimmed+3,51,g,0.1315
SARS-CoV2-5UTR-Amplicon-short-trimmed+3,52,g,0.2298
SARS-CoV2-5UTR-Amplicon-short-trimmed+3,53,c,0.1884
SARS-CoV2-5UTR-Amplicon-short-trimmed+3,54,t,0.0901
SARS-CoV2-5UTR-Amplicon-short-trimmed+3,55,g,0.2469
SARS-CoV2-5UTR-Amplicon-short-trimmed+3,56,c,0.142
SARS-CoV2-5UTR-Amplicon-short-trimmed+3,57,g,0.2655
SARS-CoV2-5UTR-Amplicon-short-trimmed+3,58,t,0.0825
SARS-CoV2-5UTR-Amplicon-short-trimmed+3,59,g,0.1847
SARS-CoV2-5UTR-Amplicon-short-trimmed+3,60,c,0.1153
SARS-CoV2-5UTR-Amplicon-short-trimmed+3,61,t,0.1109
SARS-CoV2-5UTR-Amplicon-short-trimmed+3,62,t,0.0601
SARS-CoV2-5UTR-Amplicon-short-trimmed+3,63,a,0.055
SARS-CoV2-5UTR-Amplicon-short-trimmed+3,64,g,0.084
SARS-CoV2-5UTR-Amplicon-short-trimmed+3,65,t,0.0591
SARS-CoV2-5UTR-Amplicon-short-trimmed+3,66,g,0.1549
SARS-CoV2-5UTR-Amplicon-short-trimmed+3,67,c,0.1711
SARS-CoV2-5UTR-Amplicon-short-trimmed+3,68,a,0.0759
SARS-CoV2-5UTR-Amplicon-short-trimmed+3,69,c,0.1006
SARS-CoV2-5UTR-Amplicon-short-trimmed+3,70,t,0.0722
SARS-CoV2-5UTR-Amplicon-short-trimmed+3,71,c,0.065
SARS-CoV2-5UTR-Amplicon-short-trimmed+3,72,a,0.0712
SARS-CoV2-5UTR-Amplicon-short-trimmed+3,73,c,0.0931
SARS-CoV2-5UTR-Amplicon-short-trimmed+3,74,g,0.1508
SARS-CoV2-5UTR-Amplicon-short-trimmed+3,75,c,0.0662
SARS-CoV2-5UTR-Amplicon-short-trimmed+3,76,a,0.089
SARS-CoV2-5UTR-Amplicon-short-trimmed+3,77,g,0.0987
SARS-CoV2-5UTR-Amplicon-short-trimmed+3,78,t,0.0586
SARS-CoV2-5UTR-Amplicon-short-trimmed+3,79,a,0.0464
SARS-CoV2-5UTR-Amplicon-short-trimmed+3,80,t,0.0379
SARS-CoV2-5UTR-Amplicon-short-trimmed+3,81,a,0.0446
SARS-CoV2-5UTR-Amplicon-short-trimmed+3,82,a,0.0786
SARS-CoV2-5UTR-Amplicon-short-trimmed+3,83,t,0.0438
SARS-CoV2-5UTR-Amplicon-short-trimmed+3,84,t,0.0882
SARS-CoV2-5UTR-Amplicon-short-trimmed+3,85,a,0.0837
SARS-CoV2-5UTR-Amplicon-short-trimmed+3,86,a,0.0669
SARS-CoV2-5UTR-Amplicon-short-trimmed+3,87,t,0.0462
SARS-CoV2-5UTR-Amplicon-short-trimmed+3,88,a,0.0553
SARS-CoV2-5UTR-Amplicon-short-trimmed+3,89,a,0.0716
SARS-CoV2-5UTR-Amplicon-short-trimmed+3,90,c,0.3471
SARS-CoV2-5UTR-Amplicon-short-trimmed+3,91,t,0.1166
SARS-CoV2-5UTR-Amplicon-short-trimmed+3,92,a,0.0541
SARS-CoV2-5UTR-Amplicon-short-trimmed+3,93,a,0.052
SARS-CoV2-5UTR-Amplicon-short-trimmed+3,94,t,0.062
SARS-CoV2-5UTR-Amplicon-short-trimmed+3,95,t,0.0671
SARS-CoV2-5UTR-Amplicon-short-trimmed+3,96,a,0.0597
SARS-CoV2-5UTR-Amplicon-short-trimmed+3,97,c,0.0911
SARS-CoV2-5UTR-Amplicon-short-trimmed+3,98,t,0.3072
SARS-CoV2-5UTR-Amplicon-short-trimmed+3,99,g,0.1191
SARS-CoV2-5UTR-Amplicon-short-trimmed+3,100,t,0.1185
SARS-CoV2-5UTR-Amplicon-short-trimmed+3,101,c,0.1055
SARS-CoV2-5UTR-Amplicon-short-trimmed+3,102,g,0.1277
SARS-CoV2-5UTR-Amplicon-short-trimmed+3,103,t,0.091
SARS-CoV2-5UTR-Amplicon-short-trimmed+3,104,t,0.1272
SARS-CoV2-5UTR-Amplicon-short-trimmed+3,105,g,0.1167
SARS-CoV2-5UTR-Amplicon-short-trimmed+3,106,a,0.0706
SARS-CoV2-5UTR-Amplicon-short-trimmed+3,107,c,0.1225
SARS-CoV2-5UTR-Amplicon-short-trimmed+3,108,a,0.1038
SARS-CoV2-5UTR-Amplicon-short-trimmed+3,109,g,0.1481
SARS-CoV2-5UTR-Amplicon-short-trimmed+3,110,g,0.1178
SARS-CoV2-5UTR-Amplicon-short-trimmed+3,111,a,0.0547
SARS-CoV2-5UTR-Amplicon-short-trimmed+3,112,c,0.1095
SARS-CoV2-5UTR-Amplicon-short-trimmed+3,113,a,0.0643
SARS-CoV2-5UTR-Amplicon-short-trimmed+3,114,c,0.1411
SARS-CoV2-5UTR-Amplicon-short-trimmed+3,115,g,0.0741
SARS-CoV2-5UTR-Amplicon-short-trimmed+3,116,a,0.0935
SARS-CoV2-5UTR-Amplicon-short-trimmed+3,117,g,0.0723
SARS-CoV2-5UTR-Amplicon-short-trimmed+3,118,t,0.1599
SARS-CoV2-5UTR-Amplicon-short-trimmed+3,119,a,0.1542
SARS-CoV2-5UTR-Amplicon-short-trimmed+3,120,a,0.115
SARS-CoV2-5UTR-Amplicon-short-trimmed+3,121,c,0.2243
SARS-CoV2-5UTR-Amplicon-short-trimmed+3,122,t,0.2202
SARS-CoV2-5UTR-Amplicon-short-trimmed+3,123,c,0.242
SARS-CoV2-5UTR-Amplicon-short-trimmed+3,124,g,0.2165
SARS-CoV2-5UTR-Amplicon-short-trimmed+3,125,t,0.3091
SARS-CoV2-5UTR-Amplicon-short-trimmed+3,126,c,0.1662
SARS-CoV2-5UTR-Amplicon-short-trimmed+3,127,t,0.0914
SARS-CoV2-5UTR-Amplicon-short-trimmed+3,128,a,0.1346
SARS-CoV2-5UTR-Amplicon-short-trimmed+3,129,t,0.5103
SARS-CoV2-5UTR-Amplicon-short-trimmed+3,130,c,0.1169
SARS-CoV2-5UTR-Amplicon-short-trimmed+3,131,t,0.1384
SARS-CoV2-5UTR-Amplicon-short-trimmed+3,132,t,0.1853
SARS-CoV2-5UTR-Amplicon-short-trimmed+3,133,c,0.3018
SARS-CoV2-5UTR-Amplicon-short-trimmed+3,134,t,0.2163
SARS-CoV2-5UTR-Amplicon-short-trimmed+3,135,g,0.1613
SARS-CoV2-5UTR-Amplicon-short-trimmed+3,136,c,0.4634
SARS-CoV2-5UTR-Amplicon-short-trimmed+3,137,a,0.268
SARS-CoV2-5UTR-Amplicon-short-trimmed+3,138,g,0.1253
SARS-CoV2-5UTR-Amplicon-short-trimmed+3,139,g,0.2944
SARS-CoV2-5UTR-Amplicon-short-trimmed+3,140,c,0.1526
SARS-CoV2-5UTR-Amplicon-short-trimmed+3,141,t,0.3314
SARS-CoV2-5UTR-Amplicon-short-trimmed+3,142,g,0.4482
SARS-CoV2-5UTR-Amplicon-short-trimmed+3,143,c,0.1522
SARS-CoV2-5UTR-Amplicon-short-trimmed+3,144,t,0.1274
SARS-CoV2-5UTR-Amplicon-short-trimmed+3,145,t,0.1395
SARS-CoV2-5UTR-Amplicon-short-trimmed+3,146,a,0.2003
SARS-CoV2-5UTR-Amplicon-short-trimmed+3,147,c,0.2005
SARS-CoV2-5UTR-Amplicon-short-trimmed+3,148,g,0.3874
SARS-CoV2-5UTR-Amplicon-short-trimmed+3,149,g,0.1723
SARS-CoV2-5UTR-Amplicon-short-trimmed+3,150,t,0.1947
SARS-CoV2-5UTR-Amplicon-short-trimmed+3,151,t,0.1604
SARS-CoV2-5UTR-Amplicon-short-trimmed+3,152,t,0.2395
SARS-CoV2-5UTR-Amplicon-short-trimmed+3,153,c,0.3045
SARS-CoV2-5UTR-Amplicon-short-trimmed+3,154,g,0.1168
SARS-CoV2-5UTR-Amplicon-short-trimmed+3,155,t,0.3589
SARS-CoV2-5UTR-Amplicon-short-trimmed+3,156,c,0.2415
SARS-CoV2-5UTR-Amplicon-short-trimmed+3,157,c,0.2289
SARS-CoV2-5UTR-Amplicon-short-trimmed+3,158,g,0.125
SARS-CoV2-5UTR-Amplicon-short-trimmed+3,159,t,1.2952
SARS-CoV2-5UTR-Amplicon-short-trimmed+3,160,g,0.1157
SARS-CoV2-5UTR-Amplicon-short-trimmed+3,161,t,0.1467
SARS-CoV2-5UTR-Amplicon-short-trimmed+3,162,t,0.1956
SARS-CoV2-5UTR-Amplicon-short-trimmed+3,163,g,0.118
SARS-CoV2-5UTR-Amplicon-short-trimmed+3,164,c,0.3166
SARS-CoV2-5UTR-Amplicon-short-trimmed+3,165,a,0.3325
SARS-CoV2-5UTR-Amplicon-short-trimmed+3,166,g,0.5368
SARS-CoV2-5UTR-Amplicon-short-trimmed+3,167,c,0.3089
SARS-CoV2-5UTR-Amplicon-short-trimmed+3,168,c,0.6448
SARS-CoV2-5UTR-Amplicon-short-trimmed+3,169,g,0.1298
SARS-CoV2-5UTR-Amplicon-short-trimmed+3,170,a,0.1295
SARS-CoV2-5UTR-Amplicon-short-trimmed+3,171,t,0.1296
SARS-CoV2-5UTR-Amplicon-short-trimmed+3,172,c,0.206
SARS-CoV2-5UTR-Amplicon-short-trimmed+3,173,a,0.0706
SARS-CoV2-5UTR-Amplicon-short-trimmed+3,174,t,0.0921
SARS-CoV2-5UTR-Amplicon-short-trimmed+3,175,c,0.2587
SARS-CoV2-5UTR-Amplicon-short-trimmed+3,176,a,0.144
SARS-CoV2-5UTR-Amplicon-short-trimmed+3,177,g,0.1599
SARS-CoV2-5UTR-Amplicon-short-trimmed+3,178,c,0.7034
SARS-CoV2-5UTR-Amplicon-short-trimmed+3,179,a,0.1442
SARS-CoV2-5UTR-Amplicon-short-trimmed+3,180,c,0.1277
SARS-CoV2-5UTR-Amplicon-short-trimmed+3,181,a,0.11
SARS-CoV2-5UTR-Amplicon-short-trimmed+3,182,t,0.1892
SARS-CoV2-5UTR-Amplicon-short-trimmed+3,183,c,0.1349
SARS-CoV2-5UTR-Amplicon-short-trimmed+3,184,t,0.1287
SARS-CoV2-5UTR-Amplicon-short-trimmed+3,185,a,0.2254
SARS-CoV2-5UTR-Amplicon-short-trimmed+3,186,g,0.1402
SARS-CoV2-5UTR-Amplicon-short-trimmed+3,187,g,0.1351
SARS-CoV2-5UTR-Amplicon-short-trimmed+3,188,t,0.2033
SARS-CoV2-5UTR-Amplicon-short-trimmed+3,189,t,0.3369
SARS-CoV2-5UTR-Amplicon-short-trimmed+3,190,t,0.3954
SARS-CoV2-5UTR-Amplicon-short-trimmed+3,191,c,0.2449
SARS-CoV2-5UTR-Amplicon-short-trimmed+3,192,g,0.1378
SARS-CoV2-5UTR-Amplicon-short-trimmed+3,193,t,1.086
SARS-CoV2-5UTR-Amplicon-short-trimmed+3,194,c,0.1867
SARS-CoV2-5UTR-Amplicon-short-trimmed+3,195,c,0.2271
SARS-CoV2-5UTR-Amplicon-short-trimmed+3,196,g,0.3935
SARS-CoV2-5UTR-Amplicon-short-trimmed+3,197,g,0.1918
SARS-CoV2-5UTR-Amplicon-short-trimmed+3,198,g,0.5197
SARS-CoV2-5UTR-Amplicon-short-trimmed+3,199,t,0.2799
SARS-CoV2-5UTR-Amplicon-short-trimmed+3,200,g,0.0943
SARS-CoV2-5UTR-Amplicon-short-trimmed+3,201,t,0.1294
SARS-CoV2-5UTR-Amplicon-short-trimmed+3,202,g,0.1286
SARS-CoV2-5UTR-Amplicon-short-trimmed+3,203,a,0.3256
SARS-CoV2-5UTR-Amplicon-short-trimmed+3,204,c,0.1528
SARS-CoV2-5UTR-Amplicon-short-trimmed+3,205,c,0.1348
SARS-CoV2-5UTR-Amplicon-short-trimmed+3,206,g,0.1148
SARS-CoV2-5UTR-Amplicon-short-trimmed+3,207,a,0.1439
SARS-CoV2-5UTR-Amplicon-short-trimmed+3,208,a,0.0755
SARS-CoV2-5UTR-Amplicon-short-trimmed+3,209,a,0.1669
SARS-CoV2-5UTR-Amplicon-short-trimmed+3,210,g,0.1607
SARS-CoV2-5UTR-Amplicon-short-trimmed+3,211,g,0.1554
SARS-CoV2-5UTR-Amplicon-short-trimmed+3,212,t,0.1386
SARS-CoV2-5UTR-Amplicon-short-trimmed+3,213,a,0.082
SARS-CoV2-5UTR-Amplicon-short-trimmed+3,214,a,0.0912
SARS-CoV2-5UTR-Amplicon-short-trimmed+3,215,g,0.0864
SARS-CoV2-5UTR-Amplicon-short-trimmed+3,216,a,0.0694
SARS-CoV2-5UTR-Amplicon-short-trimmed+3,217,t,0.1363
SARS-CoV2-5UTR-Amplicon-short-trimmed+3,218,g,0.0887
SARS-CoV2-5UTR-Amplicon-short-trimmed+3,219,g,0.1082
SARS-CoV2-5UTR-Amplicon-short-trimmed+3,220,a,0.2825
SARS-CoV2-5UTR-Amplicon-short-trimmed+3,221,g,0.1921
SARS-CoV2-5UTR-Amplicon-short-trimmed+3,222,a,0.0908
SARS-CoV2-5UTR-Amplicon-short-trimmed+3,223,g,0.221
SARS-CoV2-5UTR-Amplicon-short-trimmed+3,224,c,0.1209
SARS-CoV2-5UTR-Amplicon-short-trimmed+3,225,c,0.1242
SARS-CoV2-5UTR-Amplicon-short-trimmed+3,226,t,0.0781
SARS-CoV2-5UTR-Amplicon-short-trimmed+3,227,t,0.3342
SARS-CoV2-5UTR-Amplicon-short-trimmed+3,228,g,0.0788
SARS-CoV2-5UTR-Amplicon-short-trimmed+3,229,t,0.1676
SARS-CoV2-5UTR-Amplicon-short-trimmed+3,230,c,0.103
SARS-CoV2-5UTR-Amplicon-short-trimmed+3,231,c,0.0968
SARS-CoV2-5UTR-Amplicon-short-trimmed+3,232,c,0.1524
SARS-CoV2-5UTR-Amplicon-short-trimmed+3,233,t,0.1835
SARS-CoV2-5UTR-Amplicon-short-trimmed+3,234,g,0.1221
SARS-CoV2-5UTR-Amplicon-short-trimmed+3,235,g,0.164
SARS-CoV2-5UTR-Amplicon-short-trimmed+3,236,t,0.0908
SARS-CoV2-5UTR-Amplicon-short-trimmed+3,237,t,0.0751
SARS-CoV2-5UTR-Amplicon-short-trimmed+3,238,t,0.1344
SARS-CoV2-5UTR-Amplicon-short-trimmed+3,239,c,0.666
SARS-CoV2-5UTR-Amplicon-short-trimmed+3,240,a,0.1055
SARS-CoV2-5UTR-Amplicon-short-trimmed+3,241,a,0.083
SARS-CoV2-5UTR-Amplicon-short-trimmed+3,242,c,0.0993
SARS-CoV2-5UTR-Amplicon-short-trimmed+3,243,g,0.0398
SARS-CoV2-5UTR-Amplicon-short-trimmed+3,244,a,0.2437
SARS-CoV2-5UTR-Amplicon-short-trimmed+3,245,g,0
SARS-CoV2-5UTR-Amplicon-short-trimmed+3,246,g,0
SARS-CoV2-5UTR-Amplicon-short-trimmed+3,247,G,0
SARS-CoV2-5UTR-Amplicon-short-trimmed+3,248,A,0
SARS-CoV2-5UTR-Amplicon-short-trimmed+3,249,G,0
