Region,Position,Ref_base,Mut_percentage
SARS-CoV2-5UTR-Amplicon-short-trimmed+3,1,T,0
SARS-CoV2-5UTR-Amplicon-short-trimmed+3,2,T,0
SARS-CoV2-5UTR-Amplicon-short-trimmed+3,3,G,0
SARS-CoV2-5UTR-Amplicon-short-trimmed+3,4,t,0
SARS-CoV2-5UTR-Amplicon-short-trimmed+3,5,a,0
SARS-CoV2-5UTR-Amplicon-short-trimmed+3,6,g,0.0549
SARS-CoV2-5UTR-Amplicon-short-trimmed+3,7,a,0.0246
SARS-CoV2-5UTR-Amplicon-short-trimmed+3,8,t,0.0724
SARS-CoV2-5UTR-Amplicon-short-trimmed+3,9,c,0.0679
SARS-CoV2-5UTR-Amplicon-short-trimmed+3,10,t,0.0277
SARS-CoV2-5UTR-Amplicon-short-trimmed+3,11,g,0.2145
SARS-CoV2-5UTR-Amplicon-short-trimmed+3,12,t,0.0676
SARS-CoV2-5UTR-Amplicon-short-trimmed+3,13,t,0.0744
SARS-CoV2-5UTR-Amplicon-short-trimmed+3,14,c,0.0632
SARS-CoV2-5UTR-Amplicon-short-trimmed+3,15,t,0.1233
SARS-CoV2-5UTR-Amplicon-short-trimmed+3,16,c,0.0789
SARS-CoV2-5UTR-Amplicon-short-trimmed+3,17,t,0.0383
SARS-CoV2-5UTR-Amplicon-short-trimmed+3,18,a,0.0717
SARS-CoV2-5UTR-Amplicon-short-trimmed+3,19,a,0.0163
SARS-CoV2-5UTR-Amplicon-short-trimmed+3,20,a,0.029
SARS-CoV2-5UTR-Amplicon-short-trimmed+3,21,c,0.0526
SARS-CoV2-5UTR-Amplicon-short-trimmed+3,22,g,0.0758
SARS-CoV2-5UTR-Amplicon-short-trimmed+3,23,a,0.0216
SARS-CoV2-5UTR-Amplicon-short-trimmed+3,24,a,0.04
SARS-CoV2-5UTR-Amplicon-short-trimmed+3,25,c,3.7792
SARS-CoV2-5UTR-Amplicon-short-trimmed+3,26,t,0.176
SARS-CoV2-5UTR-Amplicon-short-trimmed+3,27,t,0.1378
SARS-CoV2-5UTR-Amplicon-short-trimmed+3,28,t,0.0285
SARS-CoV2-5UTR-Amplicon-short-trimmed+3,29,a,0.071
SARS-CoV2-5UTR-Amplicon-short-trimmed+3,30,a,0.0384
SARS-CoV2-5UTR-Amplicon-short-trimmed+3,31,a,0.0689
SARS-CoV2-5UTR-Amplicon-short-trimmed+3,32,a,0.0381
SARS-CoV2-5UTR-Amplicon-short-trimmed+3,33,t,0.0656
SARS-CoV2-5UTR-Amplicon-short-trimmed+3,34,c,0.0497
SARS-CoV2-5UTR-Amplicon-short-trimmed+3,35,t,0.0592
SARS-CoV2-5UTR-Amplicon-short-trimmed+3,36,g,0.0846
SARS-CoV2-5UTR-Amplicon-short-trimmed+3,37,t,0.0657
SARS-CoV2-5UTR-Amplicon-short-trimmed+3,38,g,0.034
SARS-CoV2-5UTR-Amplicon-short-trimmed+3,39,t,0.0527
SARS-CoV2-5UTR-Amplicon-short-trimmed+3,40,g,0.0497
SARS-CoV2-5UTR-Amplicon-short-trimmed+3,41,g,0.1235
SARS-CoV2-5UTR-Amplicon-short-trimmed+3,42,c,0.0795
SARS-CoV2-5UTR-Amplicon-short-trimmed+3,43,t,0.1559
SARS-CoV2-5UTR-Amplicon-short-trimmed+3,44,g,0.0961
SARS-CoV2-5UTR-Amplicon-short-trimmed+3,45,t,0.1326
SARS-CoV2-5UTR-Amplicon-short-trimmed+3,46,c,0.0482
SARS-CoV2-5UTR-Amplicon-short-trimmed+3,47,a,0.0559
SARS-CoV2-5UTR-Amplicon-short-trimmed+3,48,c,0.0459
SARS-CoV2-5UTR-Amplicon-short-trimmed+3,49,t,0.0583
SARS-CoV2-5UTR-Amplicon-short-trimmed+3,50,c,0.0653
SARS-CoV2-5UTR-Amplicon-short-trimmed+3,51,g,0.0908
SARS-CoV2-5UTR-Amplicon-short-trimmed+3,52,g,0.1703
SARS-CoV2-5UTR-Amplicon-short-trimmed+3,53,c,0.1699
SARS-CoV2-5UTR-Amplicon-short-trimmed+3,54,t,0.0661
SARS-CoV2-5UTR-Amplicon-short-trimmed+3,55,g,0.2088
SARS-CoV2-5UTR-Amplicon-short-trimmed+3,56,c,0.1042
SARS-CoV2-5UTR-Amplicon-short-trimmed+3,57,g,0.217
SARS-CoV2-5UTR-Amplicon-short-trimmed+3,58,t,0.0636
SARS-CoV2-5UTR-Amplicon-short-trimmed+3,59,g,0.139
SARS-CoV2-5UTR-Amplicon-short-trimmed+3,60,c,0.0821
SARS-CoV2-5UTR-Amplicon-short-trimmed+3,61,t,0.0821
SARS-CoV2-5UTR-Amplicon-short-trimmed+3,62,t,0.0526
SARS-CoV2-5UTR-Amplicon-short-trimmed+3,63,a,0.0443
SARS-CoV2-5UTR-Amplicon-short-trimmed+3,64,g,0.0646
SARS-CoV2-5UTR-Amplicon-short-trimmed+3,65,t,0.0418
SARS-CoV2-5UTR-Amplicon-short-trimmed+3,66,g,0.1152
SARS-CoV2-5UTR-Amplicon-short-trimmed+3,67,c,0.1329
SARS-CoV2-5UTR-Amplicon-short-trimmed+3,68,a,0.0528
SARS-CoV2-5UTR-Amplicon-short-trimmed+3,69,c,0.067
SARS-CoV2-5UTR-Amplicon-short-trimmed+3,70,t,0.0564
SARS-CoV2-5UTR-Amplicon-short-trimmed+3,71,c,0.046
SARS-CoV2-5UTR-Amplicon-short-trimmed+3,72,a,0.0508
SARS-CoV2-5UTR-Amplicon-short-trimmed+3,73,c,0.0597
SARS-CoV2-5UTR-Amplicon-short-trimmed+3,74,g,0.1236
SARS-CoV2-5UTR-Amplicon-short-trimmed+3,75,c,0.0381
SARS-CoV2-5UTR-Amplicon-short-trimmed+3,76,a,0.077
SARS-CoV2-5UTR-Amplicon-short-trimmed+3,77,g,0.0809
SARS-CoV2-5UTR-Amplicon-short-trimmed+3,78,t,0.0352
SARS-CoV2-5UTR-Amplicon-short-trimmed+3,79,a,0.0375
SARS-CoV2-5UTR-Amplicon-short-trimmed+3,80,t,0.0234
SARS-CoV2-5UTR-Amplicon-short-trimmed+3,81,a,0.0336
SARS-CoV2-5UTR-Amplicon-short-trimmed+3,82,a,0.0614
SARS-CoV2-5UTR-Amplicon-short-trimmed+3,83,t,0.0297
SARS-CoV2-5UTR-Amplicon-short-trimmed+3,84,t,0.0616
SARS-CoV2-5UTR-Amplicon-short-trimmed+3,85,a,0.0652
SARS-CoV2-5UTR-Amplicon-short-trimmed+3,86,a,0.0534
SARS-CoV2-5UTR-Amplicon-short-trimmed+3,87,t,0.025
SARS-CoV2-5UTR-Amplicon-short-trimmed+3,88,a,0.0357
SARS-CoV2-5UTR-Amplicon-short-trimmed+3,89,a,0.056
SARS-CoV2-5UTR-Amplicon-short-trimmed+3,90,c,0.3072
SARS-CoV2-5UTR-Amplicon-short-trimmed+3,91,t,0.0869
SARS-CoV2-5UTR-Amplicon-short-trimmed+3,92,a,0.0375
SARS-CoV2-5UTR-Amplicon-short-trimmed+3,93,a,0.0406
SARS-CoV2-5UTR-Amplicon-short-trimmed+3,94,t,0.0445
SARS-CoV2-5UTR-Amplicon-short-trimmed+3,95,t,0.0356
SARS-CoV2-5UTR-Amplicon-short-trimmed+3,96,a,0.0389
SARS-CoV2-5UTR-Amplicon-short-trimmed+3,97,c,0.0536
SARS-CoV2-5UTR-Amplicon-short-trimmed+3,98,t,0.2959
SARS-CoV2-5UTR-Amplicon-short-trimmed+3,99,g,0.0937
SARS-CoV2-5UTR-Amplicon-short-trimmed+3,100,t,0.083
SARS-CoV2-5UTR-Amplicon-short-trimmed+3,101,c,0.0546
SARS-CoV2-5UTR-Amplicon-short-trimmed+3,102,g,0.0983
SARS-CoV2-5UTR-Amplicon-short-trimmed+3,103,t,0.0725
SARS-CoV2-5UTR-Amplicon-short-trimmed+3,104,t,0.1079
SARS-CoV2-5UTR-Amplicon-short-trimmed+3,105,g,0.0868
SARS-CoV2-5UTR-Amplicon-short-trimmed+3,106,a,0.044
SARS-CoV2-5UTR-Amplicon-short-trimmed+3,107,c,0.0821
SARS-CoV2-5UTR-Amplicon-short-trimmed+3,108,a,0.0817
SARS-CoV2-5UTR-Amplicon-short-trimmed+3,109,g,0.1143
SARS-CoV2-5UTR-Amplicon-short-trimmed+3,110,g,0.0956
SARS-CoV2-5UTR-Amplicon-short-trimmed+3,111,a,0.044
SARS-CoV2-5UTR-Amplicon-short-trimmed+3,112,c,0.0878
SARS-CoV2-5UTR-Amplicon-short-trimmed+3,113,a,0.0424
SARS-CoV2-5UTR-Amplicon-short-trimmed+3,114,c,0.0917
SARS-CoV2-5UTR-Amplicon-short-trimmed+3,115,g,0.0602
SARS-CoV2-5UTR-Amplicon-short-trimmed+3,116,a,0.0647
SARS-CoV2-5UTR-Amplicon-short-trimmed+3,117,g,0.0574
SARS-CoV2-5UTR-Amplicon-short-trimmed+3,118,t,0.1308
SARS-CoV2-5UTR-Amplicon-short-trimmed+3,119,a,0.1105
SARS-CoV2-5UTR-Amplicon-short-trimmed+3,120,a,0.0928
SARS-CoV2-5UTR-Amplicon-short-trimmed+3,121,c,0.1657
SARS-CoV2-5UTR-Amplicon-short-trimmed+3,122,t,0.1514
SARS-CoV2-5UTR-Amplicon-short-trimmed+3,123,c,0.1752
SARS-CoV2-5UTR-Amplicon-short-trimmed+3,124,g,0.1719
SARS-CoV2-5UTR-Amplicon-short-trimmed+3,125,t,0.257
SARS-CoV2-5UTR-Amplicon-short-trimmed+3,126,c,0.1109
SARS-CoV2-5UTR-Amplicon-short-trimmed+3,127,t,0.0668
SARS-CoV2-5UTR-Amplicon-short-trimmed+3,128,a,0.0977
SARS-CoV2-5UTR-Amplicon-short-trimmed+3,129,t,0.394
SARS-CoV2-5UTR-Amplicon-short-trimmed+3,130,c,0.0743
SARS-CoV2-5UTR-Amplicon-short-trimmed+3,131,t,0.081
SARS-CoV2-5UTR-Amplicon-short-trimmed+3,132,t,0.1676
SARS-CoV2-5UTR-Amplicon-short-trimmed+3,133,c,0.212
SARS-CoV2-5UTR-Amplicon-short-trimmed+3,134,t,0.1594
SARS-CoV2-5UTR-Amplicon-short-trimmed+3,135,g,0.1331
SARS-CoV2-5UTR-Amplicon-short-trimmed+3,136,c,0.3863
SARS-CoV2-5UTR-Amplicon-short-trimmed+3,137,a,0.1879
SARS-CoV2-5UTR-Amplicon-short-trimmed+3,138,g,0.0816
SARS-CoV2-5UTR-Amplicon-short-trimmed+3,139,g,0.2129
SARS-CoV2-5UTR-Amplicon-short-trimmed+3,140,c,0.1178
SARS-CoV2-5UTR-Amplicon-short-trimmed+3,141,t,0.2196
SARS-CoV2-5UTR-Amplicon-short-trimmed+3,142,g,0.3402
SARS-CoV2-5UTR-Amplicon-short-trimmed+3,143,c,0.1092
SARS-CoV2-5UTR-Amplicon-short-trimmed+3,144,t,0.0988
SARS-CoV2-5UTR-Amplicon-short-trimmed+3,145,t,0.115
SARS-CoV2-5UTR-Amplicon-short-trimmed+3,146,a,0.1493
SARS-CoV2-5UTR-Amplicon-short-trimmed+3,147,c,0.151
SARS-CoV2-5UTR-Amplicon-short-trimmed+3,148,g,0.364
SARS-CoV2-5UTR-Amplicon-short-trimmed+3,149,g,0.1488
SARS-CoV2-5UTR-Amplicon-short-trimmed+3,150,t,0.1334
SARS-CoV2-5UTR-Amplicon-short-trimmed+3,151,t,0.1271
SARS-CoV2-5UTR-Amplicon-short-trimmed+3,152,t,0.1806
SARS-CoV2-5UTR-Amplicon-short-trimmed+3,153,c,0.2192
SARS-CoV2-5UTR-Amplicon-short-trimmed+3,154,g,0.0869
SARS-CoV2-5UTR-Amplicon-short-trimmed+3,155,t,0.282
SARS-CoV2-5UTR-Amplicon-short-trimmed+3,156,c,0.1846
SARS-CoV2-5UTR-Amplicon-short-trimmed+3,157,c,0.1821
SARS-CoV2-5UTR-Amplicon-short-trimmed+3,158,g,0.0962
SARS-CoV2-5UTR-Amplicon-short-trimmed+3,159,t,1.0414
SARS-CoV2-5UTR-Amplicon-short-trimmed+3,160,g,0.0868
SARS-CoV2-5UTR-Amplicon-short-trimmed+3,161,t,0.1182
SARS-CoV2-5UTR-Amplicon-short-trimmed+3,162,t,0.1679
SARS-CoV2-5UTR-Amplicon-short-trimmed+3,163,g,0.1276
SARS-CoV2-5UTR-Amplicon-short-trimmed+3,164,c,0.2513
SARS-CoV2-5UTR-Amplicon-short-trimmed+3,165,a,0.3877
SARS-CoV2-5UTR-Amplicon-short-trimmed+3,166,g,0.5944
SARS-CoV2-5UTR-Amplicon-short-trimmed+3,167,c,0.2325
SARS-CoV2-5UTR-Amplicon-short-trimmed+3,168,c,0.532
SARS-CoV2-5UTR-Amplicon-short-trimmed+3,169,g,0.1167
SARS-CoV2-5UTR-Amplicon-short-trimmed+3,170,a,0.1186
SARS-CoV2-5UTR-Amplicon-short-trimmed+3,171,t,0.1092
SARS-CoV2-5UTR-Amplicon-short-trimmed+3,172,c,0.1644
SARS-CoV2-5UTR-Amplicon-short-trimmed+3,173,a,0.0615
SARS-CoV2-5UTR-Amplicon-short-trimmed+3,174,t,0.0702
SARS-CoV2-5UTR-Amplicon-short-trimmed+3,175,c,0.202
SARS-CoV2-5UTR-Amplicon-short-trimmed+3,176,a,0.1192
SARS-CoV2-5UTR-Amplicon-short-trimmed+3,177,g,0.1183
SARS-CoV2-5UTR-Amplicon-short-trimmed+3,178,c,0.5704
SARS-CoV2-5UTR-Amplicon-short-trimmed+3,179,a,0.1034
SARS-CoV2-5UTR-Amplicon-short-trimmed+3,180,c,0.09
SARS-CoV2-5UTR-Amplicon-short-trimmed+3,181,a,0.0754
SARS-CoV2-5UTR-Amplicon-short-trimmed+3,182,t,0.1292
SARS-CoV2-5UTR-Amplicon-short-trimmed+3,183,c,0.0774
SARS-CoV2-5UTR-Amplicon-short-trimmed+3,184,t,0.092
SARS-CoV2-5UTR-Amplicon-short-trimmed+3,185,a,0.1724
SARS-CoV2-5UTR-Amplicon-short-trimmed+3,186,g,0.0844
SARS-CoV2-5UTR-Amplicon-short-trimmed+3,187,g,0.1058
SARS-CoV2-5UTR-Amplicon-short-trimmed+3,188,t,0.1286
SARS-CoV2-5UTR-Amplicon-short-trimmed+3,189,t,0.2892
SARS-CoV2-5UTR-Amplicon-short-trimmed+3,190,t,0.3016
SARS-CoV2-5UTR-Amplicon-short-trimmed+3,191,c,0.1509
SARS-CoV2-5UTR-Amplicon-short-trimmed+3,192,g,0.0724
SARS-CoV2-5UTR-Amplicon-short-trimmed+3,193,t,0.8878
SARS-CoV2-5UTR-Amplicon-short-trimmed+3,194,c,0.1113
SARS-CoV2-5UTR-Amplicon-short-trimmed+3,195,c,0.1656
SARS-CoV2-5UTR-Amplicon-short-trimmed+3,196,g,0.3402
SARS-CoV2-5UTR-Amplicon-short-trimmed+3,197,g,0.1349
SARS-CoV2-5UTR-Amplicon-short-trimmed+3,198,g,0.4021
SARS-CoV2-5UTR-Amplicon-short-trimmed+3,199,t,0.2003
SARS-CoV2-5UTR-Amplicon-short-trimmed+3,200,g,0.0806
SARS-CoV2-5UTR-Amplicon-short-trimmed+3,201,t,0.1165
SARS-CoV2-5UTR-Amplicon-short-trimmed+3,202,g,0.1139
SARS-CoV2-5UTR-Amplicon-short-trimmed+3,203,a,0.2688
SARS-CoV2-5UTR-Amplicon-short-trimmed+3,204,c,0.0952
SARS-CoV2-5UTR-Amplicon-short-trimmed+3,205,c,0.0978
SARS-CoV2-5UTR-Amplicon-short-trimmed+3,206,g,0.0959
SARS-CoV2-5UTR-Amplicon-short-trimmed+3,207,a,0.1001
SARS-CoV2-5UTR-Amplicon-short-trimmed+3,208,a,0.0618
SARS-CoV2-5UTR-Amplicon-short-trimmed+3,209,a,0.1373
SARS-CoV2-5UTR-Amplicon-short-trimmed+3,210,g,0.1121
SARS-CoV2-5UTR-Amplicon-short-trimmed+3,211,g,0.1271
SARS-CoV2-5UTR-Amplicon-short-trimmed+3,212,t,0.1167
SARS-CoV2-5UTR-Amplicon-short-trimmed+3,213,a,0.0564
SARS-CoV2-5UTR-Amplicon-short-trimmed+3,214,a,0.0654
SARS-CoV2-5UTR-Amplicon-short-trimmed+3,215,g,0.0669
SARS-CoV2-5UTR-Amplicon-short-trimmed+3,216,a,0.0463
SARS-CoV2-5UTR-Amplicon-short-trimmed+3,217,t,0.1033
SARS-CoV2-5UTR-Amplicon-short-trimmed+3,218,g,0.0604
SARS-CoV2-5UTR-Amplicon-short-trimmed+3,219,g,0.0703
SARS-CoV2-5UTR-Amplicon-short-trimmed+3,220,a,0.2179
SARS-CoV2-5UTR-Amplicon-short-trimmed+3,221,g,0.1559
SARS-CoV2-5UTR-Amplicon-short-trimmed+3,222,a,0.0751
SARS-CoV2-5UTR-Amplicon-short-trimmed+3,223,g,0.1825
SARS-CoV2-5UTR-Amplicon-short-trimmed+3,224,c,0.0947
SARS-CoV2-5UTR-Amplicon-short-trimmed+3,225,c,0.0776
SARS-CoV2-5UTR-Amplicon-short-trimmed+3,226,t,0.0534
SARS-CoV2-5UTR-Amplicon-short-trimmed+3,227,t,0.2683
SARS-CoV2-5UTR-Amplicon-short-trimmed+3,228,g,0.0625
SARS-CoV2-5UTR-Amplicon-short-trimmed+3,229,t,0.1293
SARS-CoV2-5UTR-Amplicon-short-trimmed+3,230,c,0.0713
SARS-CoV2-5UTR-Amplicon-short-trimmed+3,231,c,0.07
SARS-CoV2-5UTR-Amplicon-short-trimmed+3,232,c,0.0938
SARS-CoV2-5UTR-Amplicon-short-trimmed+3,233,t,0.1487
SARS-CoV2-5UTR-Amplicon-short-trimmed+3,234,g,0.079
SARS-CoV2-5UTR-Amplicon-short-trimmed+3,235,g,0.1413
SARS-CoV2-5UTR-Amplicon-short-trimmed+3,236,t,0.0657
SARS-CoV2-5UTR-Amplicon-short-trimmed+3,237,t,0.0569
SARS-CoV2-5UTR-Amplicon-short-trimmed+3,238,t,0.1054
SARS-CoV2-5UTR-Amplicon-short-trimmed+3,239,c,0.5474
SARS-CoV2-5UTR-Amplicon-short-trimmed+3,240,a,0.072
SARS-CoV2-5UTR-Amplicon-short-trimmed+3,241,a,0.0624
SARS-CoV2-5UTR-Amplicon-short-trimmed+3,242,c,0.0733
SARS-CoV2-5UTR-Amplicon-short-trimmed+3,243,g,0.0321
SARS-CoV2-5UTR-Amplicon-short-trimmed+3,244,a,0.1989
SARS-CoV2-5UTR-Amplicon-short-trimmed+3,245,g,1e-04
SARS-CoV2-5UTR-Amplicon-short-trimmed+3,246,g,0
SARS-CoV2-5UTR-Amplicon-short-trimmed+3,247,G,0
SARS-CoV2-5UTR-Amplicon-short-trimmed+3,248,A,0
SARS-CoV2-5UTR-Amplicon-short-trimmed+3,249,G,0
