Region,Position,Ref_base,Mut_percentage
SARS-CoV2-5UTR-Amplicon-short-trimmed+3,1,T,0
SARS-CoV2-5UTR-Amplicon-short-trimmed+3,2,T,0
SARS-CoV2-5UTR-Amplicon-short-trimmed+3,3,G,0
SARS-CoV2-5UTR-Amplicon-short-trimmed+3,4,t,0
SARS-CoV2-5UTR-Amplicon-short-trimmed+3,5,a,0
SARS-CoV2-5UTR-Amplicon-short-trimmed+3,6,g,0.0661
SARS-CoV2-5UTR-Amplicon-short-trimmed+3,7,a,0.0311
SARS-CoV2-5UTR-Amplicon-short-trimmed+3,8,t,0.0884
SARS-CoV2-5UTR-Amplicon-short-trimmed+3,9,c,0.0648
SARS-CoV2-5UTR-Amplicon-short-trimmed+3,10,t,0.0359
SARS-CoV2-5UTR-Amplicon-short-trimmed+3,11,g,0.2485
SARS-CoV2-5UTR-Amplicon-short-trimmed+3,12,t,0.0726
SARS-CoV2-5UTR-Amplicon-short-trimmed+3,13,t,0.0664
SARS-CoV2-5UTR-Amplicon-short-trimmed+3,14,c,0.0555
SARS-CoV2-5UTR-Amplicon-short-trimmed+3,15,t,0.1368
SARS-CoV2-5UTR-Amplicon-short-trimmed+3,16,c,0.0819
SARS-CoV2-5UTR-Amplicon-short-trimmed+3,17,t,0.0422
SARS-CoV2-5UTR-Amplicon-short-trimmed+3,18,a,0.0858
SARS-CoV2-5UTR-Amplicon-short-trimmed+3,19,a,0.0195
SARS-CoV2-5UTR-Amplicon-short-trimmed+3,20,a,0.0233
SARS-CoV2-5UTR-Amplicon-short-trimmed+3,21,c,0.0331
SARS-CoV2-5UTR-Amplicon-short-trimmed+3,22,g,0.0517
SARS-CoV2-5UTR-Amplicon-short-trimmed+3,23,a,0.0251
SARS-CoV2-5UTR-Amplicon-short-trimmed+3,24,a,0.0381
SARS-CoV2-5UTR-Amplicon-short-trimmed+3,25,c,2.0137
SARS-CoV2-5UTR-Amplicon-short-trimmed+3,26,t,0.2454
SARS-CoV2-5UTR-Amplicon-short-trimmed+3,27,t,0.141
SARS-CoV2-5UTR-Amplicon-short-trimmed+3,28,t,0.0348
SARS-CoV2-5UTR-Amplicon-short-trimmed+3,29,a,0.0755
SARS-CoV2-5UTR-Amplicon-short-trimmed+3,30,a,0.0447
SARS-CoV2-5UTR-Amplicon-short-trimmed+3,31,a,0.0769
SARS-CoV2-5UTR-Amplicon-short-trimmed+3,32,a,0.0339
SARS-CoV2-5UTR-Amplicon-short-trimmed+3,33,t,0.0856
SARS-CoV2-5UTR-Amplicon-short-trimmed+3,34,c,0.0391
SARS-CoV2-5UTR-Amplicon-short-trimmed+3,35,t,0.0735
SARS-CoV2-5UTR-Amplicon-short-trimmed+3,36,g,0.0996
SARS-CoV2-5UTR-Amplicon-short-trimmed+3,37,t,0.075
SARS-CoV2-5UTR-Amplicon-short-trimmed+3,38,g,0.0365
SARS-CoV2-5UTR-Amplicon-short-trimmed+3,39,t,0.0555
SARS-CoV2-5UTR-Amplicon-short-trimmed+3,40,g,0.0495
SARS-CoV2-5UTR-Amplicon-short-trimmed+3,41,g,0.147
SARS-CoV2-5UTR-Amplicon-short-trimmed+3,42,c,0.0806
SARS-CoV2-5UTR-Amplicon-short-trimmed+3,43,t,0.1639
SARS-CoV2-5UTR-Amplicon-short-trimmed+3,44,g,0.1111
SARS-CoV2-5UTR-Amplicon-short-trimmed+3,45,t,0.136
SARS-CoV2-5UTR-Amplicon-short-trimmed+3,46,c,0.0461
SARS-CoV2-5UTR-Amplicon-short-trimmed+3,47,a,0.0493
SARS-CoV2-5UTR-Amplicon-short-trimmed+3,48,c,0.0435
SARS-CoV2-5UTR-Amplicon-short-trimmed+3,49,t,0.0646
SARS-CoV2-5UTR-Amplicon-short-trimmed+3,50,c,0.0549
SARS-CoV2-5UTR-Amplicon-short-trimmed+3,51,g,0.1003
SARS-CoV2-5UTR-Amplicon-short-trimmed+3,52,g,0.2123
SARS-CoV2-5UTR-Amplicon-short-trimmed+3,53,c,0.1511
SARS-CoV2-5UTR-Amplicon-short-trimmed+3,54,t,0.0594
SARS-CoV2-5UTR-Amplicon-short-trimmed+3,55,g,0.2183
SARS-CoV2-5UTR-Amplicon-short-trimmed+3,56,c,0.0921
SARS-CoV2-5UTR-Amplicon-short-trimmed+3,57,g,0.2304
SARS-CoV2-5UTR-Amplicon-short-trimmed+3,58,t,0.0837
SARS-CoV2-5UTR-Amplicon-short-trimmed+3,59,g,0.163
SARS-CoV2-5UTR-Amplicon-short-trimmed+3,60,c,0.0729
SARS-CoV2-5UTR-Amplicon-short-trimmed+3,61,t,0.1012
SARS-CoV2-5UTR-Amplicon-short-trimmed+3,62,t,0.0592
SARS-CoV2-5UTR-Amplicon-short-trimmed+3,63,a,0.0469
SARS-CoV2-5UTR-Amplicon-short-trimmed+3,64,g,0.0702
SARS-CoV2-5UTR-Amplicon-short-trimmed+3,65,t,0.0458
SARS-CoV2-5UTR-Amplicon-short-trimmed+3,66,g,0.1342
SARS-CoV2-5UTR-Amplicon-short-trimmed+3,67,c,0.145
SARS-CoV2-5UTR-Amplicon-short-trimmed+3,68,a,0.073
SARS-CoV2-5UTR-Amplicon-short-trimmed+3,69,c,0.0752
SARS-CoV2-5UTR-Amplicon-short-trimmed+3,70,t,0.0731
SARS-CoV2-5UTR-Amplicon-short-trimmed+3,71,c,0.0569
SARS-CoV2-5UTR-Amplicon-short-trimmed+3,72,a,0.0549
SARS-CoV2-5UTR-Amplicon-short-trimmed+3,73,c,0.0631
SARS-CoV2-5UTR-Amplicon-short-trimmed+3,74,g,0.1379
SARS-CoV2-5UTR-Amplicon-short-trimmed+3,75,c,0.0368
SARS-CoV2-5UTR-Amplicon-short-trimmed+3,76,a,0.088
SARS-CoV2-5UTR-Amplicon-short-trimmed+3,77,g,0.097
SARS-CoV2-5UTR-Amplicon-short-trimmed+3,78,t,0.0458
SARS-CoV2-5UTR-Amplicon-short-trimmed+3,79,a,0.048
SARS-CoV2-5UTR-Amplicon-short-trimmed+3,80,t,0.0329
SARS-CoV2-5UTR-Amplicon-short-trimmed+3,81,a,0.0426
SARS-CoV2-5UTR-Amplicon-short-trimmed+3,82,a,0.0817
SARS-CoV2-5UTR-Amplicon-short-trimmed+3,83,t,0.0447
SARS-CoV2-5UTR-Amplicon-short-trimmed+3,84,t,0.0864
SARS-CoV2-5UTR-Amplicon-short-trimmed+3,85,a,0.0886
SARS-CoV2-5UTR-Amplicon-short-trimmed+3,86,a,0.0655
SARS-CoV2-5UTR-Amplicon-short-trimmed+3,87,t,0.0307
SARS-CoV2-5UTR-Amplicon-short-trimmed+3,88,a,0.0556
SARS-CoV2-5UTR-Amplicon-short-trimmed+3,89,a,0.0685
SARS-CoV2-5UTR-Amplicon-short-trimmed+3,90,c,0.3202
SARS-CoV2-5UTR-Amplicon-short-trimmed+3,91,t,0.0979
SARS-CoV2-5UTR-Amplicon-short-trimmed+3,92,a,0.0502
SARS-CoV2-5UTR-Amplicon-short-trimmed+3,93,a,0.051
SARS-CoV2-5UTR-Amplicon-short-trimmed+3,94,t,0.0551
SARS-CoV2-5UTR-Amplicon-short-trimmed+3,95,t,0.0499
SARS-CoV2-5UTR-Amplicon-short-trimmed+3,96,a,0.0504
SARS-CoV2-5UTR-Amplicon-short-trimmed+3,97,c,0.0484
SARS-CoV2-5UTR-Amplicon-short-trimmed+3,98,t,0.2946
SARS-CoV2-5UTR-Amplicon-short-trimmed+3,99,g,0.1025
SARS-CoV2-5UTR-Amplicon-short-trimmed+3,100,t,0.1191
SARS-CoV2-5UTR-Amplicon-short-trimmed+3,101,c,0.054
SARS-CoV2-5UTR-Amplicon-short-trimmed+3,102,g,0.1048
SARS-CoV2-5UTR-Amplicon-short-trimmed+3,103,t,0.0776
SARS-CoV2-5UTR-Amplicon-short-trimmed+3,104,t,0.121
SARS-CoV2-5UTR-Amplicon-short-trimmed+3,105,g,0.0854
SARS-CoV2-5UTR-Amplicon-short-trimmed+3,106,a,0.0785
SARS-CoV2-5UTR-Amplicon-short-trimmed+3,107,c,0.0819
SARS-CoV2-5UTR-Amplicon-short-trimmed+3,108,a,0.1049
SARS-CoV2-5UTR-Amplicon-short-trimmed+3,109,g,0.1215
SARS-CoV2-5UTR-Amplicon-short-trimmed+3,110,g,0.1192
SARS-CoV2-5UTR-Amplicon-short-trimmed+3,111,a,0.0511
SARS-CoV2-5UTR-Amplicon-short-trimmed+3,112,c,0.0846
SARS-CoV2-5UTR-Amplicon-short-trimmed+3,113,a,0.0843
SARS-CoV2-5UTR-Amplicon-short-trimmed+3,114,c,0.0991
SARS-CoV2-5UTR-Amplicon-short-trimmed+3,115,g,0.0679
SARS-CoV2-5UTR-Amplicon-short-trimmed+3,116,a,0.0873
SARS-CoV2-5UTR-Amplicon-short-trimmed+3,117,g,0.0665
SARS-CoV2-5UTR-Amplicon-short-trimmed+3,118,t,0.1862
SARS-CoV2-5UTR-Amplicon-short-trimmed+3,119,a,0.1833
SARS-CoV2-5UTR-Amplicon-short-trimmed+3,120,a,0.1361
SARS-CoV2-5UTR-Amplicon-short-trimmed+3,121,c,0.2162
SARS-CoV2-5UTR-Amplicon-short-trimmed+3,122,t,0.2484
SARS-CoV2-5UTR-Amplicon-short-trimmed+3,123,c,0.238
SARS-CoV2-5UTR-Amplicon-short-trimmed+3,124,g,0.1943
SARS-CoV2-5UTR-Amplicon-short-trimmed+3,125,t,0.3741
SARS-CoV2-5UTR-Amplicon-short-trimmed+3,126,c,0.1445
SARS-CoV2-5UTR-Amplicon-short-trimmed+3,127,t,0.1079
SARS-CoV2-5UTR-Amplicon-short-trimmed+3,128,a,0.1493
SARS-CoV2-5UTR-Amplicon-short-trimmed+3,129,t,0.6112
SARS-CoV2-5UTR-Amplicon-short-trimmed+3,130,c,0.0891
SARS-CoV2-5UTR-Amplicon-short-trimmed+3,131,t,0.1392
SARS-CoV2-5UTR-Amplicon-short-trimmed+3,132,t,0.216
SARS-CoV2-5UTR-Amplicon-short-trimmed+3,133,c,0.3039
SARS-CoV2-5UTR-Amplicon-short-trimmed+3,134,t,0.2655
SARS-CoV2-5UTR-Amplicon-short-trimmed+3,135,g,0.1591
SARS-CoV2-5UTR-Amplicon-short-trimmed+3,136,c,0.4493
SARS-CoV2-5UTR-Amplicon-short-trimmed+3,137,a,0.2931
SARS-CoV2-5UTR-Amplicon-short-trimmed+3,138,g,0.1115
SARS-CoV2-5UTR-Amplicon-short-trimmed+3,139,g,0.3203
SARS-CoV2-5UTR-Amplicon-short-trimmed+3,140,c,0.1373
SARS-CoV2-5UTR-Amplicon-short-trimmed+3,141,t,0.3536
SARS-CoV2-5UTR-Amplicon-short-trimmed+3,142,g,0.5004
SARS-CoV2-5UTR-Amplicon-short-trimmed+3,143,c,0.1144
SARS-CoV2-5UTR-Amplicon-short-trimmed+3,144,t,0.1194
SARS-CoV2-5UTR-Amplicon-short-trimmed+3,145,t,0.1649
SARS-CoV2-5UTR-Amplicon-short-trimmed+3,146,a,0.2299
SARS-CoV2-5UTR-Amplicon-short-trimmed+3,147,c,0.1921
SARS-CoV2-5UTR-Amplicon-short-trimmed+3,148,g,0.3952
SARS-CoV2-5UTR-Amplicon-short-trimmed+3,149,g,0.1587
SARS-CoV2-5UTR-Amplicon-short-trimmed+3,150,t,0.1841
SARS-CoV2-5UTR-Amplicon-short-trimmed+3,151,t,0.1778
SARS-CoV2-5UTR-Amplicon-short-trimmed+3,152,t,0.281
SARS-CoV2-5UTR-Amplicon-short-trimmed+3,153,c,0.273
SARS-CoV2-5UTR-Amplicon-short-trimmed+3,154,g,0.1073
SARS-CoV2-5UTR-Amplicon-short-trimmed+3,155,t,0.3723
SARS-CoV2-5UTR-Amplicon-short-trimmed+3,156,c,0.234
SARS-CoV2-5UTR-Amplicon-short-trimmed+3,157,c,0.2577
SARS-CoV2-5UTR-Amplicon-short-trimmed+3,158,g,0.1256
SARS-CoV2-5UTR-Amplicon-short-trimmed+3,159,t,1.5869
SARS-CoV2-5UTR-Amplicon-short-trimmed+3,160,g,0.0926
SARS-CoV2-5UTR-Amplicon-short-trimmed+3,161,t,0.1548
SARS-CoV2-5UTR-Amplicon-short-trimmed+3,162,t,0.2091
SARS-CoV2-5UTR-Amplicon-short-trimmed+3,163,g,0.1196
SARS-CoV2-5UTR-Amplicon-short-trimmed+3,164,c,0.3428
SARS-CoV2-5UTR-Amplicon-short-trimmed+3,165,a,0.3807
SARS-CoV2-5UTR-Amplicon-short-trimmed+3,166,g,0.5656
SARS-CoV2-5UTR-Amplicon-short-trimmed+3,167,c,0.3063
SARS-CoV2-5UTR-Amplicon-short-trimmed+3,168,c,0.6273
SARS-CoV2-5UTR-Amplicon-short-trimmed+3,169,g,0.1256
SARS-CoV2-5UTR-Amplicon-short-trimmed+3,170,a,0.1492
SARS-CoV2-5UTR-Amplicon-short-trimmed+3,171,t,0.1367
SARS-CoV2-5UTR-Amplicon-short-trimmed+3,172,c,0.2126
SARS-CoV2-5UTR-Amplicon-short-trimmed+3,173,a,0.0745
SARS-CoV2-5UTR-Amplicon-short-trimmed+3,174,t,0.1099
SARS-CoV2-5UTR-Amplicon-short-trimmed+3,175,c,0.2634
SARS-CoV2-5UTR-Amplicon-short-trimmed+3,176,a,0.1567
SARS-CoV2-5UTR-Amplicon-short-trimmed+3,177,g,0.1317
SARS-CoV2-5UTR-Amplicon-short-trimmed+3,178,c,0.6941
SARS-CoV2-5UTR-Amplicon-short-trimmed+3,179,a,0.1572
SARS-CoV2-5UTR-Amplicon-short-trimmed+3,180,c,0.1053
SARS-CoV2-5UTR-Amplicon-short-trimmed+3,181,a,0.1209
SARS-CoV2-5UTR-Amplicon-short-trimmed+3,182,t,0.1798
SARS-CoV2-5UTR-Amplicon-short-trimmed+3,183,c,0.0907
SARS-CoV2-5UTR-Amplicon-short-trimmed+3,184,t,0.119
SARS-CoV2-5UTR-Amplicon-short-trimmed+3,185,a,0.207
SARS-CoV2-5UTR-Amplicon-short-trimmed+3,186,g,0.0907
SARS-CoV2-5UTR-Amplicon-short-trimmed+3,187,g,0.1026
SARS-CoV2-5UTR-Amplicon-short-trimmed+3,188,t,0.1623
SARS-CoV2-5UTR-Amplicon-short-trimmed+3,189,t,0.3225
SARS-CoV2-5UTR-Amplicon-short-trimmed+3,190,t,0.4154
SARS-CoV2-5UTR-Amplicon-short-trimmed+3,191,c,0.171
SARS-CoV2-5UTR-Amplicon-short-trimmed+3,192,g,0.0864
SARS-CoV2-5UTR-Amplicon-short-trimmed+3,193,t,1.2104
SARS-CoV2-5UTR-Amplicon-short-trimmed+3,194,c,0.1362
SARS-CoV2-5UTR-Amplicon-short-trimmed+3,195,c,0.182
SARS-CoV2-5UTR-Amplicon-short-trimmed+3,196,g,0.3566
SARS-CoV2-5UTR-Amplicon-short-trimmed+3,197,g,0.1576
SARS-CoV2-5UTR-Amplicon-short-trimmed+3,198,g,0.5088
SARS-CoV2-5UTR-Amplicon-short-trimmed+3,199,t,0.2593
SARS-CoV2-5UTR-Amplicon-short-trimmed+3,200,g,0.0952
SARS-CoV2-5UTR-Amplicon-short-trimmed+3,201,t,0.1544
SARS-CoV2-5UTR-Amplicon-short-trimmed+3,202,g,0.1088
SARS-CoV2-5UTR-Amplicon-short-trimmed+3,203,a,0.354
SARS-CoV2-5UTR-Amplicon-short-trimmed+3,204,c,0.1291
SARS-CoV2-5UTR-Amplicon-short-trimmed+3,205,c,0.1079
SARS-CoV2-5UTR-Amplicon-short-trimmed+3,206,g,0.1002
SARS-CoV2-5UTR-Amplicon-short-trimmed+3,207,a,0.1338
SARS-CoV2-5UTR-Amplicon-short-trimmed+3,208,a,0.0799
SARS-CoV2-5UTR-Amplicon-short-trimmed+3,209,a,0.1694
SARS-CoV2-5UTR-Amplicon-short-trimmed+3,210,g,0.1565
SARS-CoV2-5UTR-Amplicon-short-trimmed+3,211,g,0.1442
SARS-CoV2-5UTR-Amplicon-short-trimmed+3,212,t,0.1528
SARS-CoV2-5UTR-Amplicon-short-trimmed+3,213,a,0.0803
SARS-CoV2-5UTR-Amplicon-short-trimmed+3,214,a,0.0863
SARS-CoV2-5UTR-Amplicon-short-trimmed+3,215,g,0.0844
SARS-CoV2-5UTR-Amplicon-short-trimmed+3,216,a,0.0561
SARS-CoV2-5UTR-Amplicon-short-trimmed+3,217,t,0.1319
SARS-CoV2-5UTR-Amplicon-short-trimmed+3,218,g,0.0686
SARS-CoV2-5UTR-Amplicon-short-trimmed+3,219,g,0.0844
SARS-CoV2-5UTR-Amplicon-short-trimmed+3,220,a,0.2852
SARS-CoV2-5UTR-Amplicon-short-trimmed+3,221,g,0.1794
SARS-CoV2-5UTR-Amplicon-short-trimmed+3,222,a,0.0887
SARS-CoV2-5UTR-Amplicon-short-trimmed+3,223,g,0.1943
SARS-CoV2-5UTR-Amplicon-short-trimmed+3,224,c,0.0799
SARS-CoV2-5UTR-Amplicon-short-trimmed+3,225,c,0.0889
SARS-CoV2-5UTR-Amplicon-short-trimmed+3,226,t,0.0622
SARS-CoV2-5UTR-Amplicon-short-trimmed+3,227,t,0.3612
SARS-CoV2-5UTR-Amplicon-short-trimmed+3,228,g,0.0555
SARS-CoV2-5UTR-Amplicon-short-trimmed+3,229,t,0.1479
SARS-CoV2-5UTR-Amplicon-short-trimmed+3,230,c,0.0743
SARS-CoV2-5UTR-Amplicon-short-trimmed+3,231,c,0.0762
SARS-CoV2-5UTR-Amplicon-short-trimmed+3,232,c,0.1032
SARS-CoV2-5UTR-Amplicon-short-trimmed+3,233,t,0.1764
SARS-CoV2-5UTR-Amplicon-short-trimmed+3,234,g,0.084
SARS-CoV2-5UTR-Amplicon-short-trimmed+3,235,g,0.1472
SARS-CoV2-5UTR-Amplicon-short-trimmed+3,236,t,0.0721
SARS-CoV2-5UTR-Amplicon-short-trimmed+3,237,t,0.0738
SARS-CoV2-5UTR-Amplicon-short-trimmed+3,238,t,0.1507
SARS-CoV2-5UTR-Amplicon-short-trimmed+3,239,c,0.6594
SARS-CoV2-5UTR-Amplicon-short-trimmed+3,240,a,0.1079
SARS-CoV2-5UTR-Amplicon-short-trimmed+3,241,a,0.0786
SARS-CoV2-5UTR-Amplicon-short-trimmed+3,242,c,0.0887
SARS-CoV2-5UTR-Amplicon-short-trimmed+3,243,g,0.0332
SARS-CoV2-5UTR-Amplicon-short-trimmed+3,244,a,0.238
SARS-CoV2-5UTR-Amplicon-short-trimmed+3,245,g,0
SARS-CoV2-5UTR-Amplicon-short-trimmed+3,246,g,0
SARS-CoV2-5UTR-Amplicon-short-trimmed+3,247,G,0
SARS-CoV2-5UTR-Amplicon-short-trimmed+3,248,A,0
SARS-CoV2-5UTR-Amplicon-short-trimmed+3,249,G,0
