Region,Position,Ref_base,Mut_percentage
SARS-CoV2-5UTR-Amplicon-short-trimmed+3,1,T,0
SARS-CoV2-5UTR-Amplicon-short-trimmed+3,2,T,0
SARS-CoV2-5UTR-Amplicon-short-trimmed+3,3,G,0
SARS-CoV2-5UTR-Amplicon-short-trimmed+3,4,t,0
SARS-CoV2-5UTR-Amplicon-short-trimmed+3,5,a,0
SARS-CoV2-5UTR-Amplicon-short-trimmed+3,6,g,0.053
SARS-CoV2-5UTR-Amplicon-short-trimmed+3,7,a,0.023
SARS-CoV2-5UTR-Amplicon-short-trimmed+3,8,t,0.0779
SARS-CoV2-5UTR-Amplicon-short-trimmed+3,9,c,0.0572
SARS-CoV2-5UTR-Amplicon-short-trimmed+3,10,t,0.0348
SARS-CoV2-5UTR-Amplicon-short-trimmed+3,11,g,0.1428
SARS-CoV2-5UTR-Amplicon-short-trimmed+3,12,t,0.0664
SARS-CoV2-5UTR-Amplicon-short-trimmed+3,13,t,0.0603
SARS-CoV2-5UTR-Amplicon-short-trimmed+3,14,c,0.0566
SARS-CoV2-5UTR-Amplicon-short-trimmed+3,15,t,0.1041
SARS-CoV2-5UTR-Amplicon-short-trimmed+3,16,c,0.0499
SARS-CoV2-5UTR-Amplicon-short-trimmed+3,17,t,0.037
SARS-CoV2-5UTR-Amplicon-short-trimmed+3,18,a,0.0795
SARS-CoV2-5UTR-Amplicon-short-trimmed+3,19,a,0.0171
SARS-CoV2-5UTR-Amplicon-short-trimmed+3,20,a,0.023
SARS-CoV2-5UTR-Amplicon-short-trimmed+3,21,c,0.0401
SARS-CoV2-5UTR-Amplicon-short-trimmed+3,22,g,0.0603
SARS-CoV2-5UTR-Amplicon-short-trimmed+3,23,a,0.0183
SARS-CoV2-5UTR-Amplicon-short-trimmed+3,24,a,0.0399
SARS-CoV2-5UTR-Amplicon-short-trimmed+3,25,c,3.6813
SARS-CoV2-5UTR-Amplicon-short-trimmed+3,26,t,0.1744
SARS-CoV2-5UTR-Amplicon-short-trimmed+3,27,t,0.1005
SARS-CoV2-5UTR-Amplicon-short-trimmed+3,28,t,0.0236
SARS-CoV2-5UTR-Amplicon-short-trimmed+3,29,a,0.0707
SARS-CoV2-5UTR-Amplicon-short-trimmed+3,30,a,0.0424
SARS-CoV2-5UTR-Amplicon-short-trimmed+3,31,a,0.0809
SARS-CoV2-5UTR-Amplicon-short-trimmed+3,32,a,0.0354
SARS-CoV2-5UTR-Amplicon-short-trimmed+3,33,t,0.0752
SARS-CoV2-5UTR-Amplicon-short-trimmed+3,34,c,0.0348
SARS-CoV2-5UTR-Amplicon-short-trimmed+3,35,t,0.0654
SARS-CoV2-5UTR-Amplicon-short-trimmed+3,36,g,0.0817
SARS-CoV2-5UTR-Amplicon-short-trimmed+3,37,t,0.0628
SARS-CoV2-5UTR-Amplicon-short-trimmed+3,38,g,0.032
SARS-CoV2-5UTR-Amplicon-short-trimmed+3,39,t,0.0527
SARS-CoV2-5UTR-Amplicon-short-trimmed+3,40,g,0.041
SARS-CoV2-5UTR-Amplicon-short-trimmed+3,41,g,0.1035
SARS-CoV2-5UTR-Amplicon-short-trimmed+3,42,c,0.0683
SARS-CoV2-5UTR-Amplicon-short-trimmed+3,43,t,0.128
SARS-CoV2-5UTR-Amplicon-short-trimmed+3,44,g,0.0817
SARS-CoV2-5UTR-Amplicon-short-trimmed+3,45,t,0.1245
SARS-CoV2-5UTR-Amplicon-short-trimmed+3,46,c,0.0294
SARS-CoV2-5UTR-Amplicon-short-trimmed+3,47,a,0.0386
SARS-CoV2-5UTR-Amplicon-short-trimmed+3,48,c,0.0345
SARS-CoV2-5UTR-Amplicon-short-trimmed+3,49,t,0.0546
SARS-CoV2-5UTR-Amplicon-short-trimmed+3,50,c,0.0559
SARS-CoV2-5UTR-Amplicon-short-trimmed+3,51,g,0.0779
SARS-CoV2-5UTR-Amplicon-short-trimmed+3,52,g,0.1649
SARS-CoV2-5UTR-Amplicon-short-trimmed+3,53,c,0.1026
SARS-CoV2-5UTR-Amplicon-short-trimmed+3,54,t,0.07
SARS-CoV2-5UTR-Amplicon-short-trimmed+3,55,g,0.1447
SARS-CoV2-5UTR-Amplicon-short-trimmed+3,56,c,0.0891
SARS-CoV2-5UTR-Amplicon-short-trimmed+3,57,g,0.1547
SARS-CoV2-5UTR-Amplicon-short-trimmed+3,58,t,0.0645
SARS-CoV2-5UTR-Amplicon-short-trimmed+3,59,g,0.1137
SARS-CoV2-5UTR-Amplicon-short-trimmed+3,60,c,0.0704
SARS-CoV2-5UTR-Amplicon-short-trimmed+3,61,t,0.0868
SARS-CoV2-5UTR-Amplicon-short-trimmed+3,62,t,0.0499
SARS-CoV2-5UTR-Amplicon-short-trimmed+3,63,a,0.0383
SARS-CoV2-5UTR-Amplicon-short-trimmed+3,64,g,0.0577
SARS-CoV2-5UTR-Amplicon-short-trimmed+3,65,t,0.0429
SARS-CoV2-5UTR-Amplicon-short-trimmed+3,66,g,0.1068
SARS-CoV2-5UTR-Amplicon-short-trimmed+3,67,c,0.1327
SARS-CoV2-5UTR-Amplicon-short-trimmed+3,68,a,0.0612
SARS-CoV2-5UTR-Amplicon-short-trimmed+3,69,c,0.0528
SARS-CoV2-5UTR-Amplicon-short-trimmed+3,70,t,0.0537
SARS-CoV2-5UTR-Amplicon-short-trimmed+3,71,c,0.0407
SARS-CoV2-5UTR-Amplicon-short-trimmed+3,72,a,0.054
SARS-CoV2-5UTR-Amplicon-short-trimmed+3,73,c,0.0515
SARS-CoV2-5UTR-Amplicon-short-trimmed+3,74,g,0.1248
SARS-CoV2-5UTR-Amplicon-short-trimmed+3,75,c,0.0345
SARS-CoV2-5UTR-Amplicon-short-trimmed+3,76,a,0.0884
SARS-CoV2-5UTR-Amplicon-short-trimmed+3,77,g,0.0868
SARS-CoV2-5UTR-Amplicon-short-trimmed+3,78,t,0.0414
SARS-CoV2-5UTR-Amplicon-short-trimmed+3,79,a,0.04
SARS-CoV2-5UTR-Amplicon-short-trimmed+3,80,t,0.0236
SARS-CoV2-5UTR-Amplicon-short-trimmed+3,81,a,0.0316
SARS-CoV2-5UTR-Amplicon-short-trimmed+3,82,a,0.0622
SARS-CoV2-5UTR-Amplicon-short-trimmed+3,83,t,0.0332
SARS-CoV2-5UTR-Amplicon-short-trimmed+3,84,t,0.0647
SARS-CoV2-5UTR-Amplicon-short-trimmed+3,85,a,0.0716
SARS-CoV2-5UTR-Amplicon-short-trimmed+3,86,a,0.0667
SARS-CoV2-5UTR-Amplicon-short-trimmed+3,87,t,0.0274
SARS-CoV2-5UTR-Amplicon-short-trimmed+3,88,a,0.0413
SARS-CoV2-5UTR-Amplicon-short-trimmed+3,89,a,0.0544
SARS-CoV2-5UTR-Amplicon-short-trimmed+3,90,c,0.3044
SARS-CoV2-5UTR-Amplicon-short-trimmed+3,91,t,0.0969
SARS-CoV2-5UTR-Amplicon-short-trimmed+3,92,a,0.0465
SARS-CoV2-5UTR-Amplicon-short-trimmed+3,93,a,0.0465
SARS-CoV2-5UTR-Amplicon-short-trimmed+3,94,t,0.0473
SARS-CoV2-5UTR-Amplicon-short-trimmed+3,95,t,0.0419
SARS-CoV2-5UTR-Amplicon-short-trimmed+3,96,a,0.0398
SARS-CoV2-5UTR-Amplicon-short-trimmed+3,97,c,0.0394
SARS-CoV2-5UTR-Amplicon-short-trimmed+3,98,t,0.2932
SARS-CoV2-5UTR-Amplicon-short-trimmed+3,99,g,0.0806
SARS-CoV2-5UTR-Amplicon-short-trimmed+3,100,t,0.0976
SARS-CoV2-5UTR-Amplicon-short-trimmed+3,101,c,0.0483
SARS-CoV2-5UTR-Amplicon-short-trimmed+3,102,g,0.0843
SARS-CoV2-5UTR-Amplicon-short-trimmed+3,103,t,0.0736
SARS-CoV2-5UTR-Amplicon-short-trimmed+3,104,t,0.1106
SARS-CoV2-5UTR-Amplicon-short-trimmed+3,105,g,0.0616
SARS-CoV2-5UTR-Amplicon-short-trimmed+3,106,a,0.0499
SARS-CoV2-5UTR-Amplicon-short-trimmed+3,107,c,0.0683
SARS-CoV2-5UTR-Amplicon-short-trimmed+3,108,a,0.0852
SARS-CoV2-5UTR-Amplicon-short-trimmed+3,109,g,0.0967
SARS-CoV2-5UTR-Amplicon-short-trimmed+3,110,g,0.0771
SARS-CoV2-5UTR-Amplicon-short-trimmed+3,111,a,0.0499
SARS-CoV2-5UTR-Amplicon-short-trimmed+3,112,c,0.0763
SARS-CoV2-5UTR-Amplicon-short-trimmed+3,113,a,0.0595
SARS-CoV2-5UTR-Amplicon-short-trimmed+3,114,c,0.0896
SARS-CoV2-5UTR-Amplicon-short-trimmed+3,115,g,0.0582
SARS-CoV2-5UTR-Amplicon-short-trimmed+3,116,a,0.0713
SARS-CoV2-5UTR-Amplicon-short-trimmed+3,117,g,0.0522
SARS-CoV2-5UTR-Amplicon-short-trimmed+3,118,t,0.1346
SARS-CoV2-5UTR-Amplicon-short-trimmed+3,119,a,0.1141
SARS-CoV2-5UTR-Amplicon-short-trimmed+3,120,a,0.0955
SARS-CoV2-5UTR-Amplicon-short-trimmed+3,121,c,0.1627
SARS-CoV2-5UTR-Amplicon-short-trimmed+3,122,t,0.1647
SARS-CoV2-5UTR-Amplicon-short-trimmed+3,123,c,0.1826
SARS-CoV2-5UTR-Amplicon-short-trimmed+3,124,g,0.1661
SARS-CoV2-5UTR-Amplicon-short-trimmed+3,125,t,0.2631
SARS-CoV2-5UTR-Amplicon-short-trimmed+3,126,c,0.1158
SARS-CoV2-5UTR-Amplicon-short-trimmed+3,127,t,0.0775
SARS-CoV2-5UTR-Amplicon-short-trimmed+3,128,a,0.1009
SARS-CoV2-5UTR-Amplicon-short-trimmed+3,129,t,0.4301
SARS-CoV2-5UTR-Amplicon-short-trimmed+3,130,c,0.0752
SARS-CoV2-5UTR-Amplicon-short-trimmed+3,131,t,0.0934
SARS-CoV2-5UTR-Amplicon-short-trimmed+3,132,t,0.1751
SARS-CoV2-5UTR-Amplicon-short-trimmed+3,133,c,0.2217
SARS-CoV2-5UTR-Amplicon-short-trimmed+3,134,t,0.1683
SARS-CoV2-5UTR-Amplicon-short-trimmed+3,135,g,0.1251
SARS-CoV2-5UTR-Amplicon-short-trimmed+3,136,c,0.3954
SARS-CoV2-5UTR-Amplicon-short-trimmed+3,137,a,0.2121
SARS-CoV2-5UTR-Amplicon-short-trimmed+3,138,g,0.087
SARS-CoV2-5UTR-Amplicon-short-trimmed+3,139,g,0.2205
SARS-CoV2-5UTR-Amplicon-short-trimmed+3,140,c,0.1175
SARS-CoV2-5UTR-Amplicon-short-trimmed+3,141,t,0.2593
SARS-CoV2-5UTR-Amplicon-short-trimmed+3,142,g,0.3639
SARS-CoV2-5UTR-Amplicon-short-trimmed+3,143,c,0.1056
SARS-CoV2-5UTR-Amplicon-short-trimmed+3,144,t,0.0985
SARS-CoV2-5UTR-Amplicon-short-trimmed+3,145,t,0.1222
SARS-CoV2-5UTR-Amplicon-short-trimmed+3,146,a,0.1667
SARS-CoV2-5UTR-Amplicon-short-trimmed+3,147,c,0.1663
SARS-CoV2-5UTR-Amplicon-short-trimmed+3,148,g,0.3543
SARS-CoV2-5UTR-Amplicon-short-trimmed+3,149,g,0.1469
SARS-CoV2-5UTR-Amplicon-short-trimmed+3,150,t,0.1494
SARS-CoV2-5UTR-Amplicon-short-trimmed+3,151,t,0.1357
SARS-CoV2-5UTR-Amplicon-short-trimmed+3,152,t,0.1931
SARS-CoV2-5UTR-Amplicon-short-trimmed+3,153,c,0.2158
SARS-CoV2-5UTR-Amplicon-short-trimmed+3,154,g,0.0868
SARS-CoV2-5UTR-Amplicon-short-trimmed+3,155,t,0.2893
SARS-CoV2-5UTR-Amplicon-short-trimmed+3,156,c,0.2005
SARS-CoV2-5UTR-Amplicon-short-trimmed+3,157,c,0.179
SARS-CoV2-5UTR-Amplicon-short-trimmed+3,158,g,0.1038
SARS-CoV2-5UTR-Amplicon-short-trimmed+3,159,t,1.1053
SARS-CoV2-5UTR-Amplicon-short-trimmed+3,160,g,0.0909
SARS-CoV2-5UTR-Amplicon-short-trimmed+3,161,t,0.1203
SARS-CoV2-5UTR-Amplicon-short-trimmed+3,162,t,0.176
SARS-CoV2-5UTR-Amplicon-short-trimmed+3,163,g,0.1175
SARS-CoV2-5UTR-Amplicon-short-trimmed+3,164,c,0.2588
SARS-CoV2-5UTR-Amplicon-short-trimmed+3,165,a,0.406
SARS-CoV2-5UTR-Amplicon-short-trimmed+3,166,g,0.6125
SARS-CoV2-5UTR-Amplicon-short-trimmed+3,167,c,0.2428
SARS-CoV2-5UTR-Amplicon-short-trimmed+3,168,c,0.5337
SARS-CoV2-5UTR-Amplicon-short-trimmed+3,169,g,0.0946
SARS-CoV2-5UTR-Amplicon-short-trimmed+3,170,a,0.1035
SARS-CoV2-5UTR-Amplicon-short-trimmed+3,171,t,0.1016
SARS-CoV2-5UTR-Amplicon-short-trimmed+3,172,c,0.161
SARS-CoV2-5UTR-Amplicon-short-trimmed+3,173,a,0.0524
SARS-CoV2-5UTR-Amplicon-short-trimmed+3,174,t,0.0797
SARS-CoV2-5UTR-Amplicon-short-trimmed+3,175,c,0.1961
SARS-CoV2-5UTR-Amplicon-short-trimmed+3,176,a,0.1215
SARS-CoV2-5UTR-Amplicon-short-trimmed+3,177,g,0.1206
SARS-CoV2-5UTR-Amplicon-short-trimmed+3,178,c,0.5619
SARS-CoV2-5UTR-Amplicon-short-trimmed+3,179,a,0.1005
SARS-CoV2-5UTR-Amplicon-short-trimmed+3,180,c,0.0836
SARS-CoV2-5UTR-Amplicon-short-trimmed+3,181,a,0.0806
SARS-CoV2-5UTR-Amplicon-short-trimmed+3,182,t,0.1173
SARS-CoV2-5UTR-Amplicon-short-trimmed+3,183,c,0.0639
SARS-CoV2-5UTR-Amplicon-short-trimmed+3,184,t,0.0965
SARS-CoV2-5UTR-Amplicon-short-trimmed+3,185,a,0.1827
SARS-CoV2-5UTR-Amplicon-short-trimmed+3,186,g,0.0772
SARS-CoV2-5UTR-Amplicon-short-trimmed+3,187,g,0.1132
SARS-CoV2-5UTR-Amplicon-short-trimmed+3,188,t,0.1263
SARS-CoV2-5UTR-Amplicon-short-trimmed+3,189,t,0.2805
SARS-CoV2-5UTR-Amplicon-short-trimmed+3,190,t,0.3062
SARS-CoV2-5UTR-Amplicon-short-trimmed+3,191,c,0.1379
SARS-CoV2-5UTR-Amplicon-short-trimmed+3,192,g,0.0618
SARS-CoV2-5UTR-Amplicon-short-trimmed+3,193,t,0.948
SARS-CoV2-5UTR-Amplicon-short-trimmed+3,194,c,0.105
SARS-CoV2-5UTR-Amplicon-short-trimmed+3,195,c,0.1641
SARS-CoV2-5UTR-Amplicon-short-trimmed+3,196,g,0.3274
SARS-CoV2-5UTR-Amplicon-short-trimmed+3,197,g,0.1294
SARS-CoV2-5UTR-Amplicon-short-trimmed+3,198,g,0.3673
SARS-CoV2-5UTR-Amplicon-short-trimmed+3,199,t,0.2037
SARS-CoV2-5UTR-Amplicon-short-trimmed+3,200,g,0.0751
SARS-CoV2-5UTR-Amplicon-short-trimmed+3,201,t,0.1243
SARS-CoV2-5UTR-Amplicon-short-trimmed+3,202,g,0.0994
SARS-CoV2-5UTR-Amplicon-short-trimmed+3,203,a,0.2631
SARS-CoV2-5UTR-Amplicon-short-trimmed+3,204,c,0.0824
SARS-CoV2-5UTR-Amplicon-short-trimmed+3,205,c,0.0815
SARS-CoV2-5UTR-Amplicon-short-trimmed+3,206,g,0.1016
SARS-CoV2-5UTR-Amplicon-short-trimmed+3,207,a,0.0975
SARS-CoV2-5UTR-Amplicon-short-trimmed+3,208,a,0.062
SARS-CoV2-5UTR-Amplicon-short-trimmed+3,209,a,0.1457
SARS-CoV2-5UTR-Amplicon-short-trimmed+3,210,g,0.1232
SARS-CoV2-5UTR-Amplicon-short-trimmed+3,211,g,0.1216
SARS-CoV2-5UTR-Amplicon-short-trimmed+3,212,t,0.1106
SARS-CoV2-5UTR-Amplicon-short-trimmed+3,213,a,0.0539
SARS-CoV2-5UTR-Amplicon-short-trimmed+3,214,a,0.0642
SARS-CoV2-5UTR-Amplicon-short-trimmed+3,215,g,0.0643
SARS-CoV2-5UTR-Amplicon-short-trimmed+3,216,a,0.0423
SARS-CoV2-5UTR-Amplicon-short-trimmed+3,217,t,0.1173
SARS-CoV2-5UTR-Amplicon-short-trimmed+3,218,g,0.0651
SARS-CoV2-5UTR-Amplicon-short-trimmed+3,219,g,0.0761
SARS-CoV2-5UTR-Amplicon-short-trimmed+3,220,a,0.2184
SARS-CoV2-5UTR-Amplicon-short-trimmed+3,221,g,0.1555
SARS-CoV2-5UTR-Amplicon-short-trimmed+3,222,a,0.0689
SARS-CoV2-5UTR-Amplicon-short-trimmed+3,223,g,0.1815
SARS-CoV2-5UTR-Amplicon-short-trimmed+3,224,c,0.0721
SARS-CoV2-5UTR-Amplicon-short-trimmed+3,225,c,0.0712
SARS-CoV2-5UTR-Amplicon-short-trimmed+3,226,t,0.0526
SARS-CoV2-5UTR-Amplicon-short-trimmed+3,227,t,0.2804
SARS-CoV2-5UTR-Amplicon-short-trimmed+3,228,g,0.0449
SARS-CoV2-5UTR-Amplicon-short-trimmed+3,229,t,0.1369
SARS-CoV2-5UTR-Amplicon-short-trimmed+3,230,c,0.0704
SARS-CoV2-5UTR-Amplicon-short-trimmed+3,231,c,0.0526
SARS-CoV2-5UTR-Amplicon-short-trimmed+3,232,c,0.0937
SARS-CoV2-5UTR-Amplicon-short-trimmed+3,233,t,0.1586
SARS-CoV2-5UTR-Amplicon-short-trimmed+3,234,g,0.0743
SARS-CoV2-5UTR-Amplicon-short-trimmed+3,235,g,0.1486
SARS-CoV2-5UTR-Amplicon-short-trimmed+3,236,t,0.0499
SARS-CoV2-5UTR-Amplicon-short-trimmed+3,237,t,0.0549
SARS-CoV2-5UTR-Amplicon-short-trimmed+3,238,t,0.109
SARS-CoV2-5UTR-Amplicon-short-trimmed+3,239,c,0.5072
SARS-CoV2-5UTR-Amplicon-short-trimmed+3,240,a,0.0876
SARS-CoV2-5UTR-Amplicon-short-trimmed+3,241,a,0.0642
SARS-CoV2-5UTR-Amplicon-short-trimmed+3,242,c,0.0735
SARS-CoV2-5UTR-Amplicon-short-trimmed+3,243,g,0.0329
SARS-CoV2-5UTR-Amplicon-short-trimmed+3,244,a,0.194
SARS-CoV2-5UTR-Amplicon-short-trimmed+3,245,g,0
SARS-CoV2-5UTR-Amplicon-short-trimmed+3,246,g,0
SARS-CoV2-5UTR-Amplicon-short-trimmed+3,247,G,0
SARS-CoV2-5UTR-Amplicon-short-trimmed+3,248,A,0
SARS-CoV2-5UTR-Amplicon-short-trimmed+3,249,G,0
