Region,Position,Ref_base,Mut_percentage
SARS-CoV2-5UTR-Amplicon-short-trimmed+3,1,T,0
SARS-CoV2-5UTR-Amplicon-short-trimmed+3,2,T,0
SARS-CoV2-5UTR-Amplicon-short-trimmed+3,3,G,0
SARS-CoV2-5UTR-Amplicon-short-trimmed+3,4,t,0
SARS-CoV2-5UTR-Amplicon-short-trimmed+3,5,a,0
SARS-CoV2-5UTR-Amplicon-short-trimmed+3,6,g,0.2338
SARS-CoV2-5UTR-Amplicon-short-trimmed+3,7,a,0.1158
SARS-CoV2-5UTR-Amplicon-short-trimmed+3,8,t,0.2418
SARS-CoV2-5UTR-Amplicon-short-trimmed+3,9,c,0.5348
SARS-CoV2-5UTR-Amplicon-short-trimmed+3,10,t,0.1682
SARS-CoV2-5UTR-Amplicon-short-trimmed+3,11,g,0.5525
SARS-CoV2-5UTR-Amplicon-short-trimmed+3,12,t,0.2823
SARS-CoV2-5UTR-Amplicon-short-trimmed+3,13,t,0.5488
SARS-CoV2-5UTR-Amplicon-short-trimmed+3,14,c,1.047
SARS-CoV2-5UTR-Amplicon-short-trimmed+3,15,t,0.2602
SARS-CoV2-5UTR-Amplicon-short-trimmed+3,16,c,0.5716
SARS-CoV2-5UTR-Amplicon-short-trimmed+3,17,t,0.3495
SARS-CoV2-5UTR-Amplicon-short-trimmed+3,18,a,0.2239
SARS-CoV2-5UTR-Amplicon-short-trimmed+3,19,a,0.0859
SARS-CoV2-5UTR-Amplicon-short-trimmed+3,20,a,0.2356
SARS-CoV2-5UTR-Amplicon-short-trimmed+3,21,c,0.806
SARS-CoV2-5UTR-Amplicon-short-trimmed+3,22,g,0.2647
SARS-CoV2-5UTR-Amplicon-short-trimmed+3,23,a,0.1199
SARS-CoV2-5UTR-Amplicon-short-trimmed+3,24,a,0.1254
SARS-CoV2-5UTR-Amplicon-short-trimmed+3,25,c,2.2125
SARS-CoV2-5UTR-Amplicon-short-trimmed+3,26,t,0.4838
SARS-CoV2-5UTR-Amplicon-short-trimmed+3,27,t,0.3382
SARS-CoV2-5UTR-Amplicon-short-trimmed+3,28,t,0.3939
SARS-CoV2-5UTR-Amplicon-short-trimmed+3,29,a,0.373
SARS-CoV2-5UTR-Amplicon-short-trimmed+3,30,a,0.2094
SARS-CoV2-5UTR-Amplicon-short-trimmed+3,31,a,0.1746
SARS-CoV2-5UTR-Amplicon-short-trimmed+3,32,a,0.2206
SARS-CoV2-5UTR-Amplicon-short-trimmed+3,33,t,0.5679
SARS-CoV2-5UTR-Amplicon-short-trimmed+3,34,c,0.8512
SARS-CoV2-5UTR-Amplicon-short-trimmed+3,35,t,0.6116
SARS-CoV2-5UTR-Amplicon-short-trimmed+3,36,g,0.9129
SARS-CoV2-5UTR-Amplicon-short-trimmed+3,37,t,0.42
SARS-CoV2-5UTR-Amplicon-short-trimmed+3,38,g,0.4714
SARS-CoV2-5UTR-Amplicon-short-trimmed+3,39,t,0.3937
SARS-CoV2-5UTR-Amplicon-short-trimmed+3,40,g,0.6148
SARS-CoV2-5UTR-Amplicon-short-trimmed+3,41,g,0.5786
SARS-CoV2-5UTR-Amplicon-short-trimmed+3,42,c,0.905
SARS-CoV2-5UTR-Amplicon-short-trimmed+3,43,t,0.4971
SARS-CoV2-5UTR-Amplicon-short-trimmed+3,44,g,0.5366
SARS-CoV2-5UTR-Amplicon-short-trimmed+3,45,t,0.4795
SARS-CoV2-5UTR-Amplicon-short-trimmed+3,46,c,0.7142
SARS-CoV2-5UTR-Amplicon-short-trimmed+3,47,a,0.4153
SARS-CoV2-5UTR-Amplicon-short-trimmed+3,48,c,0.873
SARS-CoV2-5UTR-Amplicon-short-trimmed+3,49,t,0.291
SARS-CoV2-5UTR-Amplicon-short-trimmed+3,50,c,1.0518
SARS-CoV2-5UTR-Amplicon-short-trimmed+3,51,g,0.6717
SARS-CoV2-5UTR-Amplicon-short-trimmed+3,52,g,0.6215
SARS-CoV2-5UTR-Amplicon-short-trimmed+3,53,c,1.0103
SARS-CoV2-5UTR-Amplicon-short-trimmed+3,54,t,0.4939
SARS-CoV2-5UTR-Amplicon-short-trimmed+3,55,g,0.533
SARS-CoV2-5UTR-Amplicon-short-trimmed+3,56,c,0.896
SARS-CoV2-5UTR-Amplicon-short-trimmed+3,57,g,0.5797
SARS-CoV2-5UTR-Amplicon-short-trimmed+3,58,t,0.2821
SARS-CoV2-5UTR-Amplicon-short-trimmed+3,59,g,0.4708
SARS-CoV2-5UTR-Amplicon-short-trimmed+3,60,c,0.7514
SARS-CoV2-5UTR-Amplicon-short-trimmed+3,61,t,0.393
SARS-CoV2-5UTR-Amplicon-short-trimmed+3,62,t,0.2958
SARS-CoV2-5UTR-Amplicon-short-trimmed+3,63,a,0.2964
SARS-CoV2-5UTR-Amplicon-short-trimmed+3,64,g,0.4106
SARS-CoV2-5UTR-Amplicon-short-trimmed+3,65,t,0.2948
SARS-CoV2-5UTR-Amplicon-short-trimmed+3,66,g,0.4353
SARS-CoV2-5UTR-Amplicon-short-trimmed+3,67,c,0.7174
SARS-CoV2-5UTR-Amplicon-short-trimmed+3,68,a,0.3335
SARS-CoV2-5UTR-Amplicon-short-trimmed+3,69,c,0.7479
SARS-CoV2-5UTR-Amplicon-short-trimmed+3,70,t,0.2914
SARS-CoV2-5UTR-Amplicon-short-trimmed+3,71,c,0.2831
SARS-CoV2-5UTR-Amplicon-short-trimmed+3,72,a,0.3252
SARS-CoV2-5UTR-Amplicon-short-trimmed+3,73,c,0.8067
SARS-CoV2-5UTR-Amplicon-short-trimmed+3,74,g,0.3746
SARS-CoV2-5UTR-Amplicon-short-trimmed+3,75,c,0.6256
SARS-CoV2-5UTR-Amplicon-short-trimmed+3,76,a,0.1838
SARS-CoV2-5UTR-Amplicon-short-trimmed+3,77,g,0.2798
SARS-CoV2-5UTR-Amplicon-short-trimmed+3,78,t,0.1215
SARS-CoV2-5UTR-Amplicon-short-trimmed+3,79,a,0.1537
SARS-CoV2-5UTR-Amplicon-short-trimmed+3,80,t,0.1024
SARS-CoV2-5UTR-Amplicon-short-trimmed+3,81,a,0.1282
SARS-CoV2-5UTR-Amplicon-short-trimmed+3,82,a,0.1923
SARS-CoV2-5UTR-Amplicon-short-trimmed+3,83,t,0.1419
SARS-CoV2-5UTR-Amplicon-short-trimmed+3,84,t,0.2822
SARS-CoV2-5UTR-Amplicon-short-trimmed+3,85,a,0.2018
SARS-CoV2-5UTR-Amplicon-short-trimmed+3,86,a,0.2382
SARS-CoV2-5UTR-Amplicon-short-trimmed+3,87,t,0.1859
SARS-CoV2-5UTR-Amplicon-short-trimmed+3,88,a,0.1475
SARS-CoV2-5UTR-Amplicon-short-trimmed+3,89,a,0.2793
SARS-CoV2-5UTR-Amplicon-short-trimmed+3,90,c,0.95
SARS-CoV2-5UTR-Amplicon-short-trimmed+3,91,t,0.4313
SARS-CoV2-5UTR-Amplicon-short-trimmed+3,92,a,0.2038
SARS-CoV2-5UTR-Amplicon-short-trimmed+3,93,a,0.2382
SARS-CoV2-5UTR-Amplicon-short-trimmed+3,94,t,0.3676
SARS-CoV2-5UTR-Amplicon-short-trimmed+3,95,t,0.2645
SARS-CoV2-5UTR-Amplicon-short-trimmed+3,96,a,0.3141
SARS-CoV2-5UTR-Amplicon-short-trimmed+3,97,c,0.8206
SARS-CoV2-5UTR-Amplicon-short-trimmed+3,98,t,0.6843
SARS-CoV2-5UTR-Amplicon-short-trimmed+3,99,g,0.6324
SARS-CoV2-5UTR-Amplicon-short-trimmed+3,100,t,0.4949
SARS-CoV2-5UTR-Amplicon-short-trimmed+3,101,c,1.0217
SARS-CoV2-5UTR-Amplicon-short-trimmed+3,102,g,0.5802
SARS-CoV2-5UTR-Amplicon-short-trimmed+3,103,t,0.3128
SARS-CoV2-5UTR-Amplicon-short-trimmed+3,104,t,0.3842
SARS-CoV2-5UTR-Amplicon-short-trimmed+3,105,g,0.2821
SARS-CoV2-5UTR-Amplicon-short-trimmed+3,106,a,0.3232
SARS-CoV2-5UTR-Amplicon-short-trimmed+3,107,c,0.7816
SARS-CoV2-5UTR-Amplicon-short-trimmed+3,108,a,0.3364
SARS-CoV2-5UTR-Amplicon-short-trimmed+3,109,g,0.5305
SARS-CoV2-5UTR-Amplicon-short-trimmed+3,110,g,0.2698
SARS-CoV2-5UTR-Amplicon-short-trimmed+3,111,a,0.2802
SARS-CoV2-5UTR-Amplicon-short-trimmed+3,112,c,0.7649
SARS-CoV2-5UTR-Amplicon-short-trimmed+3,113,a,0.1786
SARS-CoV2-5UTR-Amplicon-short-trimmed+3,114,c,0.7777
SARS-CoV2-5UTR-Amplicon-short-trimmed+3,115,g,0.296
SARS-CoV2-5UTR-Amplicon-short-trimmed+3,116,a,0.2902
SARS-CoV2-5UTR-Amplicon-short-trimmed+3,117,g,0.2919
SARS-CoV2-5UTR-Amplicon-short-trimmed+3,118,t,0.3235
SARS-CoV2-5UTR-Amplicon-short-trimmed+3,119,a,0.28
SARS-CoV2-5UTR-Amplicon-short-trimmed+3,120,a,0.3039
SARS-CoV2-5UTR-Amplicon-short-trimmed+3,121,c,0.8903
SARS-CoV2-5UTR-Amplicon-short-trimmed+3,122,t,0.5641
SARS-CoV2-5UTR-Amplicon-short-trimmed+3,123,c,1.0672
SARS-CoV2-5UTR-Amplicon-short-trimmed+3,124,g,0.6233
SARS-CoV2-5UTR-Amplicon-short-trimmed+3,125,t,0.618
SARS-CoV2-5UTR-Amplicon-short-trimmed+3,126,c,0.9569
SARS-CoV2-5UTR-Amplicon-short-trimmed+3,127,t,0.2624
SARS-CoV2-5UTR-Amplicon-short-trimmed+3,128,a,0.3722
SARS-CoV2-5UTR-Amplicon-short-trimmed+3,129,t,0.9052
SARS-CoV2-5UTR-Amplicon-short-trimmed+3,130,c,0.8465
SARS-CoV2-5UTR-Amplicon-short-trimmed+3,131,t,0.5156
SARS-CoV2-5UTR-Amplicon-short-trimmed+3,132,t,0.5056
SARS-CoV2-5UTR-Amplicon-short-trimmed+3,133,c,1.1915
SARS-CoV2-5UTR-Amplicon-short-trimmed+3,134,t,0.517
SARS-CoV2-5UTR-Amplicon-short-trimmed+3,135,g,0.5191
SARS-CoV2-5UTR-Amplicon-short-trimmed+3,136,c,1.0337
SARS-CoV2-5UTR-Amplicon-short-trimmed+3,137,a,0.5995
SARS-CoV2-5UTR-Amplicon-short-trimmed+3,138,g,0.5825
SARS-CoV2-5UTR-Amplicon-short-trimmed+3,139,g,0.8961
SARS-CoV2-5UTR-Amplicon-short-trimmed+3,140,c,0.9431
SARS-CoV2-5UTR-Amplicon-short-trimmed+3,141,t,0.8891
SARS-CoV2-5UTR-Amplicon-short-trimmed+3,142,g,0.8282
SARS-CoV2-5UTR-Amplicon-short-trimmed+3,143,c,0.7944
SARS-CoV2-5UTR-Amplicon-short-trimmed+3,144,t,0.4435
SARS-CoV2-5UTR-Amplicon-short-trimmed+3,145,t,0.4095
SARS-CoV2-5UTR-Amplicon-short-trimmed+3,146,a,0.5537
SARS-CoV2-5UTR-Amplicon-short-trimmed+3,147,c,1.0008
SARS-CoV2-5UTR-Amplicon-short-trimmed+3,148,g,1.0729
SARS-CoV2-5UTR-Amplicon-short-trimmed+3,149,g,0.7547
SARS-CoV2-5UTR-Amplicon-short-trimmed+3,150,t,0.6417
SARS-CoV2-5UTR-Amplicon-short-trimmed+3,151,t,0.5492
SARS-CoV2-5UTR-Amplicon-short-trimmed+3,152,t,0.8141
SARS-CoV2-5UTR-Amplicon-short-trimmed+3,153,c,1.6066
SARS-CoV2-5UTR-Amplicon-short-trimmed+3,154,g,0.6429
SARS-CoV2-5UTR-Amplicon-short-trimmed+3,155,t,0.766
SARS-CoV2-5UTR-Amplicon-short-trimmed+3,156,c,1.0989
SARS-CoV2-5UTR-Amplicon-short-trimmed+3,157,c,0.8616
SARS-CoV2-5UTR-Amplicon-short-trimmed+3,158,g,0.5959
SARS-CoV2-5UTR-Amplicon-short-trimmed+3,159,t,1.8946
SARS-CoV2-5UTR-Amplicon-short-trimmed+3,160,g,0.4789
SARS-CoV2-5UTR-Amplicon-short-trimmed+3,161,t,0.4979
SARS-CoV2-5UTR-Amplicon-short-trimmed+3,162,t,0.4272
SARS-CoV2-5UTR-Amplicon-short-trimmed+3,163,g,0.3437
SARS-CoV2-5UTR-Amplicon-short-trimmed+3,164,c,0.8508
SARS-CoV2-5UTR-Amplicon-short-trimmed+3,165,a,0.6021
SARS-CoV2-5UTR-Amplicon-short-trimmed+3,166,g,0.8135
SARS-CoV2-5UTR-Amplicon-short-trimmed+3,167,c,0.8099
SARS-CoV2-5UTR-Amplicon-short-trimmed+3,168,c,1.1028
SARS-CoV2-5UTR-Amplicon-short-trimmed+3,169,g,0.2361
SARS-CoV2-5UTR-Amplicon-short-trimmed+3,170,a,0.2016
SARS-CoV2-5UTR-Amplicon-short-trimmed+3,171,t,0.2704
SARS-CoV2-5UTR-Amplicon-short-trimmed+3,172,c,0.4776
SARS-CoV2-5UTR-Amplicon-short-trimmed+3,173,a,0.1552
SARS-CoV2-5UTR-Amplicon-short-trimmed+3,174,t,0.2393
SARS-CoV2-5UTR-Amplicon-short-trimmed+3,175,c,0.9681
SARS-CoV2-5UTR-Amplicon-short-trimmed+3,176,a,0.2844
SARS-CoV2-5UTR-Amplicon-short-trimmed+3,177,g,0.5493
SARS-CoV2-5UTR-Amplicon-short-trimmed+3,178,c,1.3542
SARS-CoV2-5UTR-Amplicon-short-trimmed+3,179,a,0.4821
SARS-CoV2-5UTR-Amplicon-short-trimmed+3,180,c,0.586
SARS-CoV2-5UTR-Amplicon-short-trimmed+3,181,a,0.3343
SARS-CoV2-5UTR-Amplicon-short-trimmed+3,182,t,0.7945
SARS-CoV2-5UTR-Amplicon-short-trimmed+3,183,c,1.0202
SARS-CoV2-5UTR-Amplicon-short-trimmed+3,184,t,0.4376
SARS-CoV2-5UTR-Amplicon-short-trimmed+3,185,a,0.7857
SARS-CoV2-5UTR-Amplicon-short-trimmed+3,186,g,0.8744
SARS-CoV2-5UTR-Amplicon-short-trimmed+3,187,g,0.8284
SARS-CoV2-5UTR-Amplicon-short-trimmed+3,188,t,0.7706
SARS-CoV2-5UTR-Amplicon-short-trimmed+3,189,t,0.8423
SARS-CoV2-5UTR-Amplicon-short-trimmed+3,190,t,1.0247
SARS-CoV2-5UTR-Amplicon-short-trimmed+3,191,c,1.6796
SARS-CoV2-5UTR-Amplicon-short-trimmed+3,192,g,0.8671
SARS-CoV2-5UTR-Amplicon-short-trimmed+3,193,t,1.8392
SARS-CoV2-5UTR-Amplicon-short-trimmed+3,194,c,1.4006
SARS-CoV2-5UTR-Amplicon-short-trimmed+3,195,c,1.3251
SARS-CoV2-5UTR-Amplicon-short-trimmed+3,196,g,1.0063
SARS-CoV2-5UTR-Amplicon-short-trimmed+3,197,g,0.7188
SARS-CoV2-5UTR-Amplicon-short-trimmed+3,198,g,1.0712
SARS-CoV2-5UTR-Amplicon-short-trimmed+3,199,t,0.8199
SARS-CoV2-5UTR-Amplicon-short-trimmed+3,200,g,0.4372
SARS-CoV2-5UTR-Amplicon-short-trimmed+3,201,t,0.4376
SARS-CoV2-5UTR-Amplicon-short-trimmed+3,202,g,0.3455
SARS-CoV2-5UTR-Amplicon-short-trimmed+3,203,a,0.5749
SARS-CoV2-5UTR-Amplicon-short-trimmed+3,204,c,0.8148
SARS-CoV2-5UTR-Amplicon-short-trimmed+3,205,c,0.8767
SARS-CoV2-5UTR-Amplicon-short-trimmed+3,206,g,0.4284
SARS-CoV2-5UTR-Amplicon-short-trimmed+3,207,a,0.3451
SARS-CoV2-5UTR-Amplicon-short-trimmed+3,208,a,0.2218
SARS-CoV2-5UTR-Amplicon-short-trimmed+3,209,a,0.2818
SARS-CoV2-5UTR-Amplicon-short-trimmed+3,210,g,0.5265
SARS-CoV2-5UTR-Amplicon-short-trimmed+3,211,g,0.4246
SARS-CoV2-5UTR-Amplicon-short-trimmed+3,212,t,0.2549
SARS-CoV2-5UTR-Amplicon-short-trimmed+3,213,a,0.1909
SARS-CoV2-5UTR-Amplicon-short-trimmed+3,214,a,0.2847
SARS-CoV2-5UTR-Amplicon-short-trimmed+3,215,g,0.3423
SARS-CoV2-5UTR-Amplicon-short-trimmed+3,216,a,0.3165
SARS-CoV2-5UTR-Amplicon-short-trimmed+3,217,t,0.4836
SARS-CoV2-5UTR-Amplicon-short-trimmed+3,218,g,0.4658
SARS-CoV2-5UTR-Amplicon-short-trimmed+3,219,g,0.2812
SARS-CoV2-5UTR-Amplicon-short-trimmed+3,220,a,0.4629
SARS-CoV2-5UTR-Amplicon-short-trimmed+3,221,g,0.3141
SARS-CoV2-5UTR-Amplicon-short-trimmed+3,222,a,0.2032
SARS-CoV2-5UTR-Amplicon-short-trimmed+3,223,g,0.4703
SARS-CoV2-5UTR-Amplicon-short-trimmed+3,224,c,0.7666
SARS-CoV2-5UTR-Amplicon-short-trimmed+3,225,c,0.8569
SARS-CoV2-5UTR-Amplicon-short-trimmed+3,226,t,0.3094
SARS-CoV2-5UTR-Amplicon-short-trimmed+3,227,t,0.6634
SARS-CoV2-5UTR-Amplicon-short-trimmed+3,228,g,0.3944
SARS-CoV2-5UTR-Amplicon-short-trimmed+3,229,t,0.4014
SARS-CoV2-5UTR-Amplicon-short-trimmed+3,230,c,0.5897
SARS-CoV2-5UTR-Amplicon-short-trimmed+3,231,c,0.7184
SARS-CoV2-5UTR-Amplicon-short-trimmed+3,232,c,0.8363
SARS-CoV2-5UTR-Amplicon-short-trimmed+3,233,t,0.4479
SARS-CoV2-5UTR-Amplicon-short-trimmed+3,234,g,0.5954
SARS-CoV2-5UTR-Amplicon-short-trimmed+3,235,g,0.5071
SARS-CoV2-5UTR-Amplicon-short-trimmed+3,236,t,0.2336
SARS-CoV2-5UTR-Amplicon-short-trimmed+3,237,t,0.1937
SARS-CoV2-5UTR-Amplicon-short-trimmed+3,238,t,0.3667
SARS-CoV2-5UTR-Amplicon-short-trimmed+3,239,c,1.0473
SARS-CoV2-5UTR-Amplicon-short-trimmed+3,240,a,0.1138
SARS-CoV2-5UTR-Amplicon-short-trimmed+3,241,a,0.1647
SARS-CoV2-5UTR-Amplicon-short-trimmed+3,242,c,0.4687
SARS-CoV2-5UTR-Amplicon-short-trimmed+3,243,g,0.1617
SARS-CoV2-5UTR-Amplicon-short-trimmed+3,244,a,0.3723
SARS-CoV2-5UTR-Amplicon-short-trimmed+3,245,g,2e-04
SARS-CoV2-5UTR-Amplicon-short-trimmed+3,246,g,0
SARS-CoV2-5UTR-Amplicon-short-trimmed+3,247,G,0
SARS-CoV2-5UTR-Amplicon-short-trimmed+3,248,A,0
SARS-CoV2-5UTR-Amplicon-short-trimmed+3,249,G,0
