Region,Position,Ref_base,Mut_percentage
SARS-CoV2-5UTR-Amplicon-short-trimmed+3,1,T,0
SARS-CoV2-5UTR-Amplicon-short-trimmed+3,2,T,0
SARS-CoV2-5UTR-Amplicon-short-trimmed+3,3,G,0
SARS-CoV2-5UTR-Amplicon-short-trimmed+3,4,t,0
SARS-CoV2-5UTR-Amplicon-short-trimmed+3,5,a,0
SARS-CoV2-5UTR-Amplicon-short-trimmed+3,6,g,0.0443
SARS-CoV2-5UTR-Amplicon-short-trimmed+3,7,a,0.0272
SARS-CoV2-5UTR-Amplicon-short-trimmed+3,8,t,0.0257
SARS-CoV2-5UTR-Amplicon-short-trimmed+3,9,c,0.0288
SARS-CoV2-5UTR-Amplicon-short-trimmed+3,10,t,0.018
SARS-CoV2-5UTR-Amplicon-short-trimmed+3,11,g,0.1139
SARS-CoV2-5UTR-Amplicon-short-trimmed+3,12,t,0.0386
SARS-CoV2-5UTR-Amplicon-short-trimmed+3,13,t,0.0479
SARS-CoV2-5UTR-Amplicon-short-trimmed+3,14,c,0.0443
SARS-CoV2-5UTR-Amplicon-short-trimmed+3,15,t,0.0584
SARS-CoV2-5UTR-Amplicon-short-trimmed+3,16,c,0.0412
SARS-CoV2-5UTR-Amplicon-short-trimmed+3,17,t,0.0254
SARS-CoV2-5UTR-Amplicon-short-trimmed+3,18,a,0.0682
SARS-CoV2-5UTR-Amplicon-short-trimmed+3,19,a,0.0173
SARS-CoV2-5UTR-Amplicon-short-trimmed+3,20,a,0.0284
SARS-CoV2-5UTR-Amplicon-short-trimmed+3,21,c,0.0251
SARS-CoV2-5UTR-Amplicon-short-trimmed+3,22,g,0.0432
SARS-CoV2-5UTR-Amplicon-short-trimmed+3,23,a,0.0183
SARS-CoV2-5UTR-Amplicon-short-trimmed+3,24,a,0.0147
SARS-CoV2-5UTR-Amplicon-short-trimmed+3,25,c,0.3937
SARS-CoV2-5UTR-Amplicon-short-trimmed+3,26,t,0.0994
SARS-CoV2-5UTR-Amplicon-short-trimmed+3,27,t,0.0794
SARS-CoV2-5UTR-Amplicon-short-trimmed+3,28,t,0.0191
SARS-CoV2-5UTR-Amplicon-short-trimmed+3,29,a,0.0423
SARS-CoV2-5UTR-Amplicon-short-trimmed+3,30,a,0.0292
SARS-CoV2-5UTR-Amplicon-short-trimmed+3,31,a,0.0813
SARS-CoV2-5UTR-Amplicon-short-trimmed+3,32,a,0.0291
SARS-CoV2-5UTR-Amplicon-short-trimmed+3,33,t,0.0417
SARS-CoV2-5UTR-Amplicon-short-trimmed+3,34,c,0.0287
SARS-CoV2-5UTR-Amplicon-short-trimmed+3,35,t,0.0439
SARS-CoV2-5UTR-Amplicon-short-trimmed+3,36,g,0.0446
SARS-CoV2-5UTR-Amplicon-short-trimmed+3,37,t,0.0509
SARS-CoV2-5UTR-Amplicon-short-trimmed+3,38,g,0.0252
SARS-CoV2-5UTR-Amplicon-short-trimmed+3,39,t,0.0364
SARS-CoV2-5UTR-Amplicon-short-trimmed+3,40,g,0.0325
SARS-CoV2-5UTR-Amplicon-short-trimmed+3,41,g,0.0566
SARS-CoV2-5UTR-Amplicon-short-trimmed+3,42,c,0.0353
SARS-CoV2-5UTR-Amplicon-short-trimmed+3,43,t,0.0932
SARS-CoV2-5UTR-Amplicon-short-trimmed+3,44,g,0.049
SARS-CoV2-5UTR-Amplicon-short-trimmed+3,45,t,0.0782
SARS-CoV2-5UTR-Amplicon-short-trimmed+3,46,c,0.0342
SARS-CoV2-5UTR-Amplicon-short-trimmed+3,47,a,0.0295
SARS-CoV2-5UTR-Amplicon-short-trimmed+3,48,c,0.028
SARS-CoV2-5UTR-Amplicon-short-trimmed+3,49,t,0.0476
SARS-CoV2-5UTR-Amplicon-short-trimmed+3,50,c,0.0471
SARS-CoV2-5UTR-Amplicon-short-trimmed+3,51,g,0.055
SARS-CoV2-5UTR-Amplicon-short-trimmed+3,52,g,0.0746
SARS-CoV2-5UTR-Amplicon-short-trimmed+3,53,c,0.0864
SARS-CoV2-5UTR-Amplicon-short-trimmed+3,54,t,0.0528
SARS-CoV2-5UTR-Amplicon-short-trimmed+3,55,g,0.1187
SARS-CoV2-5UTR-Amplicon-short-trimmed+3,56,c,0.0417
SARS-CoV2-5UTR-Amplicon-short-trimmed+3,57,g,0.1162
SARS-CoV2-5UTR-Amplicon-short-trimmed+3,58,t,0.0592
SARS-CoV2-5UTR-Amplicon-short-trimmed+3,59,g,0.0797
SARS-CoV2-5UTR-Amplicon-short-trimmed+3,60,c,0.0454
SARS-CoV2-5UTR-Amplicon-short-trimmed+3,61,t,0.0659
SARS-CoV2-5UTR-Amplicon-short-trimmed+3,62,t,0.0382
SARS-CoV2-5UTR-Amplicon-short-trimmed+3,63,a,0.0349
SARS-CoV2-5UTR-Amplicon-short-trimmed+3,64,g,0.037
SARS-CoV2-5UTR-Amplicon-short-trimmed+3,65,t,0.0262
SARS-CoV2-5UTR-Amplicon-short-trimmed+3,66,g,0.1005
SARS-CoV2-5UTR-Amplicon-short-trimmed+3,67,c,0.0753
SARS-CoV2-5UTR-Amplicon-short-trimmed+3,68,a,0.0668
SARS-CoV2-5UTR-Amplicon-short-trimmed+3,69,c,0.0442
SARS-CoV2-5UTR-Amplicon-short-trimmed+3,70,t,0.0441
SARS-CoV2-5UTR-Amplicon-short-trimmed+3,71,c,0.0447
SARS-CoV2-5UTR-Amplicon-short-trimmed+3,72,a,0.0507
SARS-CoV2-5UTR-Amplicon-short-trimmed+3,73,c,0.0449
SARS-CoV2-5UTR-Amplicon-short-trimmed+3,74,g,0.0604
SARS-CoV2-5UTR-Amplicon-short-trimmed+3,75,c,0.0263
SARS-CoV2-5UTR-Amplicon-short-trimmed+3,76,a,0.0929
SARS-CoV2-5UTR-Amplicon-short-trimmed+3,77,g,0.0497
SARS-CoV2-5UTR-Amplicon-short-trimmed+3,78,t,0.0394
SARS-CoV2-5UTR-Amplicon-short-trimmed+3,79,a,0.0442
SARS-CoV2-5UTR-Amplicon-short-trimmed+3,80,t,0.0217
SARS-CoV2-5UTR-Amplicon-short-trimmed+3,81,a,0.0435
SARS-CoV2-5UTR-Amplicon-short-trimmed+3,82,a,0.0634
SARS-CoV2-5UTR-Amplicon-short-trimmed+3,83,t,0.0345
SARS-CoV2-5UTR-Amplicon-short-trimmed+3,84,t,0.0824
SARS-CoV2-5UTR-Amplicon-short-trimmed+3,85,a,0.0763
SARS-CoV2-5UTR-Amplicon-short-trimmed+3,86,a,0.0617
SARS-CoV2-5UTR-Amplicon-short-trimmed+3,87,t,0.0344
SARS-CoV2-5UTR-Amplicon-short-trimmed+3,88,a,0.0557
SARS-CoV2-5UTR-Amplicon-short-trimmed+3,89,a,0.0592
SARS-CoV2-5UTR-Amplicon-short-trimmed+3,90,c,0.3201
SARS-CoV2-5UTR-Amplicon-short-trimmed+3,91,t,0.0967
SARS-CoV2-5UTR-Amplicon-short-trimmed+3,92,a,0.0523
SARS-CoV2-5UTR-Amplicon-short-trimmed+3,93,a,0.0551
SARS-CoV2-5UTR-Amplicon-short-trimmed+3,94,t,0.0486
SARS-CoV2-5UTR-Amplicon-short-trimmed+3,95,t,0.0595
SARS-CoV2-5UTR-Amplicon-short-trimmed+3,96,a,0.0497
SARS-CoV2-5UTR-Amplicon-short-trimmed+3,97,c,0.0371
SARS-CoV2-5UTR-Amplicon-short-trimmed+3,98,t,0.2849
SARS-CoV2-5UTR-Amplicon-short-trimmed+3,99,g,0.0759
SARS-CoV2-5UTR-Amplicon-short-trimmed+3,100,t,0.0941
SARS-CoV2-5UTR-Amplicon-short-trimmed+3,101,c,0.0423
SARS-CoV2-5UTR-Amplicon-short-trimmed+3,102,g,0.0641
SARS-CoV2-5UTR-Amplicon-short-trimmed+3,103,t,0.079
SARS-CoV2-5UTR-Amplicon-short-trimmed+3,104,t,0.1122
SARS-CoV2-5UTR-Amplicon-short-trimmed+3,105,g,0.0648
SARS-CoV2-5UTR-Amplicon-short-trimmed+3,106,a,0.0633
SARS-CoV2-5UTR-Amplicon-short-trimmed+3,107,c,0.0523
SARS-CoV2-5UTR-Amplicon-short-trimmed+3,108,a,0.0925
SARS-CoV2-5UTR-Amplicon-short-trimmed+3,109,g,0.0648
SARS-CoV2-5UTR-Amplicon-short-trimmed+3,110,g,0.094
SARS-CoV2-5UTR-Amplicon-short-trimmed+3,111,a,0.0579
SARS-CoV2-5UTR-Amplicon-short-trimmed+3,112,c,0.0688
SARS-CoV2-5UTR-Amplicon-short-trimmed+3,113,a,0.0998
SARS-CoV2-5UTR-Amplicon-short-trimmed+3,114,c,0.0582
SARS-CoV2-5UTR-Amplicon-short-trimmed+3,115,g,0.0524
SARS-CoV2-5UTR-Amplicon-short-trimmed+3,116,a,0.0813
SARS-CoV2-5UTR-Amplicon-short-trimmed+3,117,g,0.0598
SARS-CoV2-5UTR-Amplicon-short-trimmed+3,118,t,0.2019
SARS-CoV2-5UTR-Amplicon-short-trimmed+3,119,a,0.2302
SARS-CoV2-5UTR-Amplicon-short-trimmed+3,120,a,0.1633
SARS-CoV2-5UTR-Amplicon-short-trimmed+3,121,c,0.2226
SARS-CoV2-5UTR-Amplicon-short-trimmed+3,122,t,0.2884
SARS-CoV2-5UTR-Amplicon-short-trimmed+3,123,c,0.257
SARS-CoV2-5UTR-Amplicon-short-trimmed+3,124,g,0.1768
SARS-CoV2-5UTR-Amplicon-short-trimmed+3,125,t,0.3106
SARS-CoV2-5UTR-Amplicon-short-trimmed+3,126,c,0.156
SARS-CoV2-5UTR-Amplicon-short-trimmed+3,127,t,0.1216
SARS-CoV2-5UTR-Amplicon-short-trimmed+3,128,a,0.1841
SARS-CoV2-5UTR-Amplicon-short-trimmed+3,129,t,0.7354
SARS-CoV2-5UTR-Amplicon-short-trimmed+3,130,c,0.1028
SARS-CoV2-5UTR-Amplicon-short-trimmed+3,131,t,0.1531
SARS-CoV2-5UTR-Amplicon-short-trimmed+3,132,t,0.2264
SARS-CoV2-5UTR-Amplicon-short-trimmed+3,133,c,0.369
SARS-CoV2-5UTR-Amplicon-short-trimmed+3,134,t,0.3126
SARS-CoV2-5UTR-Amplicon-short-trimmed+3,135,g,0.0916
SARS-CoV2-5UTR-Amplicon-short-trimmed+3,136,c,0.4143
SARS-CoV2-5UTR-Amplicon-short-trimmed+3,137,a,0.3255
SARS-CoV2-5UTR-Amplicon-short-trimmed+3,138,g,0.088
SARS-CoV2-5UTR-Amplicon-short-trimmed+3,139,g,0.3065
SARS-CoV2-5UTR-Amplicon-short-trimmed+3,140,c,0.1301
SARS-CoV2-5UTR-Amplicon-short-trimmed+3,141,t,0.3847
SARS-CoV2-5UTR-Amplicon-short-trimmed+3,142,g,0.5441
SARS-CoV2-5UTR-Amplicon-short-trimmed+3,143,c,0.0809
SARS-CoV2-5UTR-Amplicon-short-trimmed+3,144,t,0.1278
SARS-CoV2-5UTR-Amplicon-short-trimmed+3,145,t,0.1997
SARS-CoV2-5UTR-Amplicon-short-trimmed+3,146,a,0.2748
SARS-CoV2-5UTR-Amplicon-short-trimmed+3,147,c,0.1777
SARS-CoV2-5UTR-Amplicon-short-trimmed+3,148,g,0.3699
SARS-CoV2-5UTR-Amplicon-short-trimmed+3,149,g,0.1027
SARS-CoV2-5UTR-Amplicon-short-trimmed+3,150,t,0.1809
SARS-CoV2-5UTR-Amplicon-short-trimmed+3,151,t,0.1846
SARS-CoV2-5UTR-Amplicon-short-trimmed+3,152,t,0.3273
SARS-CoV2-5UTR-Amplicon-short-trimmed+3,153,c,0.2749
SARS-CoV2-5UTR-Amplicon-short-trimmed+3,154,g,0.0995
SARS-CoV2-5UTR-Amplicon-short-trimmed+3,155,t,0.3546
SARS-CoV2-5UTR-Amplicon-short-trimmed+3,156,c,0.1557
SARS-CoV2-5UTR-Amplicon-short-trimmed+3,157,c,0.2418
SARS-CoV2-5UTR-Amplicon-short-trimmed+3,158,g,0.098
SARS-CoV2-5UTR-Amplicon-short-trimmed+3,159,t,1.8585
SARS-CoV2-5UTR-Amplicon-short-trimmed+3,160,g,0.0594
SARS-CoV2-5UTR-Amplicon-short-trimmed+3,161,t,0.1281
SARS-CoV2-5UTR-Amplicon-short-trimmed+3,162,t,0.2267
SARS-CoV2-5UTR-Amplicon-short-trimmed+3,163,g,0.0834
SARS-CoV2-5UTR-Amplicon-short-trimmed+3,164,c,0.3196
SARS-CoV2-5UTR-Amplicon-short-trimmed+3,165,a,0.2
SARS-CoV2-5UTR-Amplicon-short-trimmed+3,166,g,0.2786
SARS-CoV2-5UTR-Amplicon-short-trimmed+3,167,c,0.1384
SARS-CoV2-5UTR-Amplicon-short-trimmed+3,168,c,0.5895
SARS-CoV2-5UTR-Amplicon-short-trimmed+3,169,g,0.1155
SARS-CoV2-5UTR-Amplicon-short-trimmed+3,170,a,0.1757
SARS-CoV2-5UTR-Amplicon-short-trimmed+3,171,t,0.1406
SARS-CoV2-5UTR-Amplicon-short-trimmed+3,172,c,0.2285
SARS-CoV2-5UTR-Amplicon-short-trimmed+3,173,a,0.0875
SARS-CoV2-5UTR-Amplicon-short-trimmed+3,174,t,0.1136
SARS-CoV2-5UTR-Amplicon-short-trimmed+3,175,c,0.274
SARS-CoV2-5UTR-Amplicon-short-trimmed+3,176,a,0.1674
SARS-CoV2-5UTR-Amplicon-short-trimmed+3,177,g,0.1057
SARS-CoV2-5UTR-Amplicon-short-trimmed+3,178,c,0.681
SARS-CoV2-5UTR-Amplicon-short-trimmed+3,179,a,0.1653
SARS-CoV2-5UTR-Amplicon-short-trimmed+3,180,c,0.1033
SARS-CoV2-5UTR-Amplicon-short-trimmed+3,181,a,0.1507
SARS-CoV2-5UTR-Amplicon-short-trimmed+3,182,t,0.1767
SARS-CoV2-5UTR-Amplicon-short-trimmed+3,183,c,0.0992
SARS-CoV2-5UTR-Amplicon-short-trimmed+3,184,t,0.127
SARS-CoV2-5UTR-Amplicon-short-trimmed+3,185,a,0.1969
SARS-CoV2-5UTR-Amplicon-short-trimmed+3,186,g,0.0605
SARS-CoV2-5UTR-Amplicon-short-trimmed+3,187,g,0.0462
SARS-CoV2-5UTR-Amplicon-short-trimmed+3,188,t,0.1425
SARS-CoV2-5UTR-Amplicon-short-trimmed+3,189,t,0.3578
SARS-CoV2-5UTR-Amplicon-short-trimmed+3,190,t,0.5094
SARS-CoV2-5UTR-Amplicon-short-trimmed+3,191,c,0.1603
SARS-CoV2-5UTR-Amplicon-short-trimmed+3,192,g,0.0744
SARS-CoV2-5UTR-Amplicon-short-trimmed+3,193,t,1.4267
SARS-CoV2-5UTR-Amplicon-short-trimmed+3,194,c,0.0794
SARS-CoV2-5UTR-Amplicon-short-trimmed+3,195,c,0.1506
SARS-CoV2-5UTR-Amplicon-short-trimmed+3,196,g,0.3479
SARS-CoV2-5UTR-Amplicon-short-trimmed+3,197,g,0.1034
SARS-CoV2-5UTR-Amplicon-short-trimmed+3,198,g,0.3638
SARS-CoV2-5UTR-Amplicon-short-trimmed+3,199,t,0.2609
SARS-CoV2-5UTR-Amplicon-short-trimmed+3,200,g,0.0794
SARS-CoV2-5UTR-Amplicon-short-trimmed+3,201,t,0.1613
SARS-CoV2-5UTR-Amplicon-short-trimmed+3,202,g,0.1033
SARS-CoV2-5UTR-Amplicon-short-trimmed+3,203,a,0.3276
SARS-CoV2-5UTR-Amplicon-short-trimmed+3,204,c,0.0958
SARS-CoV2-5UTR-Amplicon-short-trimmed+3,205,c,0.1187
SARS-CoV2-5UTR-Amplicon-short-trimmed+3,206,g,0.0715
SARS-CoV2-5UTR-Amplicon-short-trimmed+3,207,a,0.1273
SARS-CoV2-5UTR-Amplicon-short-trimmed+3,208,a,0.076
SARS-CoV2-5UTR-Amplicon-short-trimmed+3,209,a,0.1666
SARS-CoV2-5UTR-Amplicon-short-trimmed+3,210,g,0.1036
SARS-CoV2-5UTR-Amplicon-short-trimmed+3,211,g,0.1203
SARS-CoV2-5UTR-Amplicon-short-trimmed+3,212,t,0.1748
SARS-CoV2-5UTR-Amplicon-short-trimmed+3,213,a,0.0694
SARS-CoV2-5UTR-Amplicon-short-trimmed+3,214,a,0.0792
SARS-CoV2-5UTR-Amplicon-short-trimmed+3,215,g,0.0728
SARS-CoV2-5UTR-Amplicon-short-trimmed+3,216,a,0.0625
SARS-CoV2-5UTR-Amplicon-short-trimmed+3,217,t,0.142
SARS-CoV2-5UTR-Amplicon-short-trimmed+3,218,g,0.063
SARS-CoV2-5UTR-Amplicon-short-trimmed+3,219,g,0.0699
SARS-CoV2-5UTR-Amplicon-short-trimmed+3,220,a,0.2137
SARS-CoV2-5UTR-Amplicon-short-trimmed+3,221,g,0.1413
SARS-CoV2-5UTR-Amplicon-short-trimmed+3,222,a,0.0739
SARS-CoV2-5UTR-Amplicon-short-trimmed+3,223,g,0.1716
SARS-CoV2-5UTR-Amplicon-short-trimmed+3,224,c,0.0544
SARS-CoV2-5UTR-Amplicon-short-trimmed+3,225,c,0.0734
SARS-CoV2-5UTR-Amplicon-short-trimmed+3,226,t,0.0459
SARS-CoV2-5UTR-Amplicon-short-trimmed+3,227,t,0.371
SARS-CoV2-5UTR-Amplicon-short-trimmed+3,228,g,0.0437
SARS-CoV2-5UTR-Amplicon-short-trimmed+3,229,t,0.1297
SARS-CoV2-5UTR-Amplicon-short-trimmed+3,230,c,0.0506
SARS-CoV2-5UTR-Amplicon-short-trimmed+3,231,c,0.0489
SARS-CoV2-5UTR-Amplicon-short-trimmed+3,232,c,0.092
SARS-CoV2-5UTR-Amplicon-short-trimmed+3,233,t,0.1481
SARS-CoV2-5UTR-Amplicon-short-trimmed+3,234,g,0.0585
SARS-CoV2-5UTR-Amplicon-short-trimmed+3,235,g,0.0409
SARS-CoV2-5UTR-Amplicon-short-trimmed+3,236,t,0.0473
SARS-CoV2-5UTR-Amplicon-short-trimmed+3,237,t,0.0799
SARS-CoV2-5UTR-Amplicon-short-trimmed+3,238,t,0.1643
SARS-CoV2-5UTR-Amplicon-short-trimmed+3,239,c,0.5766
SARS-CoV2-5UTR-Amplicon-short-trimmed+3,240,a,0.0929
SARS-CoV2-5UTR-Amplicon-short-trimmed+3,241,a,0.0771
SARS-CoV2-5UTR-Amplicon-short-trimmed+3,242,c,0.0562
SARS-CoV2-5UTR-Amplicon-short-trimmed+3,243,g,0.0297
SARS-CoV2-5UTR-Amplicon-short-trimmed+3,244,a,0.2043
SARS-CoV2-5UTR-Amplicon-short-trimmed+3,245,g,0
SARS-CoV2-5UTR-Amplicon-short-trimmed+3,246,g,0
SARS-CoV2-5UTR-Amplicon-short-trimmed+3,247,G,0
SARS-CoV2-5UTR-Amplicon-short-trimmed+3,248,A,0
SARS-CoV2-5UTR-Amplicon-short-trimmed+3,249,G,0
