Region,Position,Ref_base,Mut_percentage
SARS-CoV2-5UTR-Amplicon-short-trimmed+3,1,T,0
SARS-CoV2-5UTR-Amplicon-short-trimmed+3,2,T,0
SARS-CoV2-5UTR-Amplicon-short-trimmed+3,3,G,0
SARS-CoV2-5UTR-Amplicon-short-trimmed+3,4,t,0
SARS-CoV2-5UTR-Amplicon-short-trimmed+3,5,a,0
SARS-CoV2-5UTR-Amplicon-short-trimmed+3,6,g,0.0548
SARS-CoV2-5UTR-Amplicon-short-trimmed+3,7,a,0.031
SARS-CoV2-5UTR-Amplicon-short-trimmed+3,8,t,0.0704
SARS-CoV2-5UTR-Amplicon-short-trimmed+3,9,c,0.053
SARS-CoV2-5UTR-Amplicon-short-trimmed+3,10,t,0.0283
SARS-CoV2-5UTR-Amplicon-short-trimmed+3,11,g,0.177
SARS-CoV2-5UTR-Amplicon-short-trimmed+3,12,t,0.0699
SARS-CoV2-5UTR-Amplicon-short-trimmed+3,13,t,0.0659
SARS-CoV2-5UTR-Amplicon-short-trimmed+3,14,c,0.053
SARS-CoV2-5UTR-Amplicon-short-trimmed+3,15,t,0.1216
SARS-CoV2-5UTR-Amplicon-short-trimmed+3,16,c,0.0503
SARS-CoV2-5UTR-Amplicon-short-trimmed+3,17,t,0.0437
SARS-CoV2-5UTR-Amplicon-short-trimmed+3,18,a,0.079
SARS-CoV2-5UTR-Amplicon-short-trimmed+3,19,a,0.0224
SARS-CoV2-5UTR-Amplicon-short-trimmed+3,20,a,0.035
SARS-CoV2-5UTR-Amplicon-short-trimmed+3,21,c,0.0403
SARS-CoV2-5UTR-Amplicon-short-trimmed+3,22,g,0.064
SARS-CoV2-5UTR-Amplicon-short-trimmed+3,23,a,0.0242
SARS-CoV2-5UTR-Amplicon-short-trimmed+3,24,a,0.0443
SARS-CoV2-5UTR-Amplicon-short-trimmed+3,25,c,1.8798
SARS-CoV2-5UTR-Amplicon-short-trimmed+3,26,t,0.2165
SARS-CoV2-5UTR-Amplicon-short-trimmed+3,27,t,0.1064
SARS-CoV2-5UTR-Amplicon-short-trimmed+3,28,t,0.0307
SARS-CoV2-5UTR-Amplicon-short-trimmed+3,29,a,0.0582
SARS-CoV2-5UTR-Amplicon-short-trimmed+3,30,a,0.0466
SARS-CoV2-5UTR-Amplicon-short-trimmed+3,31,a,0.0864
SARS-CoV2-5UTR-Amplicon-short-trimmed+3,32,a,0.0306
SARS-CoV2-5UTR-Amplicon-short-trimmed+3,33,t,0.0819
SARS-CoV2-5UTR-Amplicon-short-trimmed+3,34,c,0.0425
SARS-CoV2-5UTR-Amplicon-short-trimmed+3,35,t,0.0756
SARS-CoV2-5UTR-Amplicon-short-trimmed+3,36,g,0.0986
SARS-CoV2-5UTR-Amplicon-short-trimmed+3,37,t,0.0742
SARS-CoV2-5UTR-Amplicon-short-trimmed+3,38,g,0.0339
SARS-CoV2-5UTR-Amplicon-short-trimmed+3,39,t,0.0564
SARS-CoV2-5UTR-Amplicon-short-trimmed+3,40,g,0.0509
SARS-CoV2-5UTR-Amplicon-short-trimmed+3,41,g,0.1271
SARS-CoV2-5UTR-Amplicon-short-trimmed+3,42,c,0.065
SARS-CoV2-5UTR-Amplicon-short-trimmed+3,43,t,0.1419
SARS-CoV2-5UTR-Amplicon-short-trimmed+3,44,g,0.0902
SARS-CoV2-5UTR-Amplicon-short-trimmed+3,45,t,0.1509
SARS-CoV2-5UTR-Amplicon-short-trimmed+3,46,c,0.0362
SARS-CoV2-5UTR-Amplicon-short-trimmed+3,47,a,0.0509
SARS-CoV2-5UTR-Amplicon-short-trimmed+3,48,c,0.0394
SARS-CoV2-5UTR-Amplicon-short-trimmed+3,49,t,0.0591
SARS-CoV2-5UTR-Amplicon-short-trimmed+3,50,c,0.0644
SARS-CoV2-5UTR-Amplicon-short-trimmed+3,51,g,0.0997
SARS-CoV2-5UTR-Amplicon-short-trimmed+3,52,g,0.255
SARS-CoV2-5UTR-Amplicon-short-trimmed+3,53,c,0.1582
SARS-CoV2-5UTR-Amplicon-short-trimmed+3,54,t,0.1143
SARS-CoV2-5UTR-Amplicon-short-trimmed+3,55,g,0.257
SARS-CoV2-5UTR-Amplicon-short-trimmed+3,56,c,0.0931
SARS-CoV2-5UTR-Amplicon-short-trimmed+3,57,g,0.1885
SARS-CoV2-5UTR-Amplicon-short-trimmed+3,58,t,0.0795
SARS-CoV2-5UTR-Amplicon-short-trimmed+3,59,g,0.1354
SARS-CoV2-5UTR-Amplicon-short-trimmed+3,60,c,0.0695
SARS-CoV2-5UTR-Amplicon-short-trimmed+3,61,t,0.0998
SARS-CoV2-5UTR-Amplicon-short-trimmed+3,62,t,0.0559
SARS-CoV2-5UTR-Amplicon-short-trimmed+3,63,a,0.0464
SARS-CoV2-5UTR-Amplicon-short-trimmed+3,64,g,0.0755
SARS-CoV2-5UTR-Amplicon-short-trimmed+3,65,t,0.0488
SARS-CoV2-5UTR-Amplicon-short-trimmed+3,66,g,0.1431
SARS-CoV2-5UTR-Amplicon-short-trimmed+3,67,c,0.1544
SARS-CoV2-5UTR-Amplicon-short-trimmed+3,68,a,0.079
SARS-CoV2-5UTR-Amplicon-short-trimmed+3,69,c,0.0625
SARS-CoV2-5UTR-Amplicon-short-trimmed+3,70,t,0.0636
SARS-CoV2-5UTR-Amplicon-short-trimmed+3,71,c,0.0501
SARS-CoV2-5UTR-Amplicon-short-trimmed+3,72,a,0.0646
SARS-CoV2-5UTR-Amplicon-short-trimmed+3,73,c,0.0597
SARS-CoV2-5UTR-Amplicon-short-trimmed+3,74,g,0.1421
SARS-CoV2-5UTR-Amplicon-short-trimmed+3,75,c,0.0309
SARS-CoV2-5UTR-Amplicon-short-trimmed+3,76,a,0.1085
SARS-CoV2-5UTR-Amplicon-short-trimmed+3,77,g,0.093
SARS-CoV2-5UTR-Amplicon-short-trimmed+3,78,t,0.0545
SARS-CoV2-5UTR-Amplicon-short-trimmed+3,79,a,0.0455
SARS-CoV2-5UTR-Amplicon-short-trimmed+3,80,t,0.034
SARS-CoV2-5UTR-Amplicon-short-trimmed+3,81,a,0.0523
SARS-CoV2-5UTR-Amplicon-short-trimmed+3,82,a,0.0745
SARS-CoV2-5UTR-Amplicon-short-trimmed+3,83,t,0.0455
SARS-CoV2-5UTR-Amplicon-short-trimmed+3,84,t,0.0949
SARS-CoV2-5UTR-Amplicon-short-trimmed+3,85,a,0.0931
SARS-CoV2-5UTR-Amplicon-short-trimmed+3,86,a,0.0821
SARS-CoV2-5UTR-Amplicon-short-trimmed+3,87,t,0.0474
SARS-CoV2-5UTR-Amplicon-short-trimmed+3,88,a,0.0613
SARS-CoV2-5UTR-Amplicon-short-trimmed+3,89,a,0.0753
SARS-CoV2-5UTR-Amplicon-short-trimmed+3,90,c,0.3173
SARS-CoV2-5UTR-Amplicon-short-trimmed+3,91,t,0.1171
SARS-CoV2-5UTR-Amplicon-short-trimmed+3,92,a,0.0539
SARS-CoV2-5UTR-Amplicon-short-trimmed+3,93,a,0.0635
SARS-CoV2-5UTR-Amplicon-short-trimmed+3,94,t,0.0626
SARS-CoV2-5UTR-Amplicon-short-trimmed+3,95,t,0.0664
SARS-CoV2-5UTR-Amplicon-short-trimmed+3,96,a,0.0593
SARS-CoV2-5UTR-Amplicon-short-trimmed+3,97,c,0.0419
SARS-CoV2-5UTR-Amplicon-short-trimmed+3,98,t,0.3
SARS-CoV2-5UTR-Amplicon-short-trimmed+3,99,g,0.1213
SARS-CoV2-5UTR-Amplicon-short-trimmed+3,100,t,0.1185
SARS-CoV2-5UTR-Amplicon-short-trimmed+3,101,c,0.0607
SARS-CoV2-5UTR-Amplicon-short-trimmed+3,102,g,0.136
SARS-CoV2-5UTR-Amplicon-short-trimmed+3,103,t,0.0818
SARS-CoV2-5UTR-Amplicon-short-trimmed+3,104,t,0.13
SARS-CoV2-5UTR-Amplicon-short-trimmed+3,105,g,0.0728
SARS-CoV2-5UTR-Amplicon-short-trimmed+3,106,a,0.0787
SARS-CoV2-5UTR-Amplicon-short-trimmed+3,107,c,0.096
SARS-CoV2-5UTR-Amplicon-short-trimmed+3,108,a,0.1273
SARS-CoV2-5UTR-Amplicon-short-trimmed+3,109,g,0.1139
SARS-CoV2-5UTR-Amplicon-short-trimmed+3,110,g,0.0952
SARS-CoV2-5UTR-Amplicon-short-trimmed+3,111,a,0.0633
SARS-CoV2-5UTR-Amplicon-short-trimmed+3,112,c,0.0823
SARS-CoV2-5UTR-Amplicon-short-trimmed+3,113,a,0.098
SARS-CoV2-5UTR-Amplicon-short-trimmed+3,114,c,0.104
SARS-CoV2-5UTR-Amplicon-short-trimmed+3,115,g,0.0665
SARS-CoV2-5UTR-Amplicon-short-trimmed+3,116,a,0.0949
SARS-CoV2-5UTR-Amplicon-short-trimmed+3,117,g,0.077
SARS-CoV2-5UTR-Amplicon-short-trimmed+3,118,t,0.2023
SARS-CoV2-5UTR-Amplicon-short-trimmed+3,119,a,0.2163
SARS-CoV2-5UTR-Amplicon-short-trimmed+3,120,a,0.1627
SARS-CoV2-5UTR-Amplicon-short-trimmed+3,121,c,0.2279
SARS-CoV2-5UTR-Amplicon-short-trimmed+3,122,t,0.3129
SARS-CoV2-5UTR-Amplicon-short-trimmed+3,123,c,0.2825
SARS-CoV2-5UTR-Amplicon-short-trimmed+3,124,g,0.2977
SARS-CoV2-5UTR-Amplicon-short-trimmed+3,125,t,0.4016
SARS-CoV2-5UTR-Amplicon-short-trimmed+3,126,c,0.1651
SARS-CoV2-5UTR-Amplicon-short-trimmed+3,127,t,0.12
SARS-CoV2-5UTR-Amplicon-short-trimmed+3,128,a,0.1708
SARS-CoV2-5UTR-Amplicon-short-trimmed+3,129,t,0.7339
SARS-CoV2-5UTR-Amplicon-short-trimmed+3,130,c,0.0956
SARS-CoV2-5UTR-Amplicon-short-trimmed+3,131,t,0.1603
SARS-CoV2-5UTR-Amplicon-short-trimmed+3,132,t,0.2441
SARS-CoV2-5UTR-Amplicon-short-trimmed+3,133,c,0.3525
SARS-CoV2-5UTR-Amplicon-short-trimmed+3,134,t,0.3023
SARS-CoV2-5UTR-Amplicon-short-trimmed+3,135,g,0.1728
SARS-CoV2-5UTR-Amplicon-short-trimmed+3,136,c,0.4821
SARS-CoV2-5UTR-Amplicon-short-trimmed+3,137,a,0.3279
SARS-CoV2-5UTR-Amplicon-short-trimmed+3,138,g,0.1193
SARS-CoV2-5UTR-Amplicon-short-trimmed+3,139,g,0.3518
SARS-CoV2-5UTR-Amplicon-short-trimmed+3,140,c,0.1378
SARS-CoV2-5UTR-Amplicon-short-trimmed+3,141,t,0.4151
SARS-CoV2-5UTR-Amplicon-short-trimmed+3,142,g,0.5914
SARS-CoV2-5UTR-Amplicon-short-trimmed+3,143,c,0.1214
SARS-CoV2-5UTR-Amplicon-short-trimmed+3,144,t,0.1424
SARS-CoV2-5UTR-Amplicon-short-trimmed+3,145,t,0.1979
SARS-CoV2-5UTR-Amplicon-short-trimmed+3,146,a,0.268
SARS-CoV2-5UTR-Amplicon-short-trimmed+3,147,c,0.1971
SARS-CoV2-5UTR-Amplicon-short-trimmed+3,148,g,0.3989
SARS-CoV2-5UTR-Amplicon-short-trimmed+3,149,g,0.1537
SARS-CoV2-5UTR-Amplicon-short-trimmed+3,150,t,0.1975
SARS-CoV2-5UTR-Amplicon-short-trimmed+3,151,t,0.1849
SARS-CoV2-5UTR-Amplicon-short-trimmed+3,152,t,0.3172
SARS-CoV2-5UTR-Amplicon-short-trimmed+3,153,c,0.3029
SARS-CoV2-5UTR-Amplicon-short-trimmed+3,154,g,0.142
SARS-CoV2-5UTR-Amplicon-short-trimmed+3,155,t,0.4123
SARS-CoV2-5UTR-Amplicon-short-trimmed+3,156,c,0.2767
SARS-CoV2-5UTR-Amplicon-short-trimmed+3,157,c,0.2797
SARS-CoV2-5UTR-Amplicon-short-trimmed+3,158,g,0.1429
SARS-CoV2-5UTR-Amplicon-short-trimmed+3,159,t,1.7465
SARS-CoV2-5UTR-Amplicon-short-trimmed+3,160,g,0.1467
SARS-CoV2-5UTR-Amplicon-short-trimmed+3,161,t,0.172
SARS-CoV2-5UTR-Amplicon-short-trimmed+3,162,t,0.2309
SARS-CoV2-5UTR-Amplicon-short-trimmed+3,163,g,0.1517
SARS-CoV2-5UTR-Amplicon-short-trimmed+3,164,c,0.3717
SARS-CoV2-5UTR-Amplicon-short-trimmed+3,165,a,0.4004
SARS-CoV2-5UTR-Amplicon-short-trimmed+3,166,g,0.5607
SARS-CoV2-5UTR-Amplicon-short-trimmed+3,167,c,0.3219
SARS-CoV2-5UTR-Amplicon-short-trimmed+3,168,c,0.5768
SARS-CoV2-5UTR-Amplicon-short-trimmed+3,169,g,0.1183
SARS-CoV2-5UTR-Amplicon-short-trimmed+3,170,a,0.1632
SARS-CoV2-5UTR-Amplicon-short-trimmed+3,171,t,0.1643
SARS-CoV2-5UTR-Amplicon-short-trimmed+3,172,c,0.2242
SARS-CoV2-5UTR-Amplicon-short-trimmed+3,173,a,0.081
SARS-CoV2-5UTR-Amplicon-short-trimmed+3,174,t,0.1293
SARS-CoV2-5UTR-Amplicon-short-trimmed+3,175,c,0.2752
SARS-CoV2-5UTR-Amplicon-short-trimmed+3,176,a,0.1871
SARS-CoV2-5UTR-Amplicon-short-trimmed+3,177,g,0.154
SARS-CoV2-5UTR-Amplicon-short-trimmed+3,178,c,0.6994
SARS-CoV2-5UTR-Amplicon-short-trimmed+3,179,a,0.1638
SARS-CoV2-5UTR-Amplicon-short-trimmed+3,180,c,0.1092
SARS-CoV2-5UTR-Amplicon-short-trimmed+3,181,a,0.147
SARS-CoV2-5UTR-Amplicon-short-trimmed+3,182,t,0.2008
SARS-CoV2-5UTR-Amplicon-short-trimmed+3,183,c,0.1034
SARS-CoV2-5UTR-Amplicon-short-trimmed+3,184,t,0.1223
SARS-CoV2-5UTR-Amplicon-short-trimmed+3,185,a,0.2233
SARS-CoV2-5UTR-Amplicon-short-trimmed+3,186,g,0.0924
SARS-CoV2-5UTR-Amplicon-short-trimmed+3,187,g,0.0974
SARS-CoV2-5UTR-Amplicon-short-trimmed+3,188,t,0.1796
SARS-CoV2-5UTR-Amplicon-short-trimmed+3,189,t,0.3437
SARS-CoV2-5UTR-Amplicon-short-trimmed+3,190,t,0.497
SARS-CoV2-5UTR-Amplicon-short-trimmed+3,191,c,0.1861
SARS-CoV2-5UTR-Amplicon-short-trimmed+3,192,g,0.1092
SARS-CoV2-5UTR-Amplicon-short-trimmed+3,193,t,1.3941
SARS-CoV2-5UTR-Amplicon-short-trimmed+3,194,c,0.1341
SARS-CoV2-5UTR-Amplicon-short-trimmed+3,195,c,0.1917
SARS-CoV2-5UTR-Amplicon-short-trimmed+3,196,g,0.3687
SARS-CoV2-5UTR-Amplicon-short-trimmed+3,197,g,0.1735
SARS-CoV2-5UTR-Amplicon-short-trimmed+3,198,g,0.5282
SARS-CoV2-5UTR-Amplicon-short-trimmed+3,199,t,0.2873
SARS-CoV2-5UTR-Amplicon-short-trimmed+3,200,g,0.0832
SARS-CoV2-5UTR-Amplicon-short-trimmed+3,201,t,0.1498
SARS-CoV2-5UTR-Amplicon-short-trimmed+3,202,g,0.1094
SARS-CoV2-5UTR-Amplicon-short-trimmed+3,203,a,0.4021
SARS-CoV2-5UTR-Amplicon-short-trimmed+3,204,c,0.144
SARS-CoV2-5UTR-Amplicon-short-trimmed+3,205,c,0.1289
SARS-CoV2-5UTR-Amplicon-short-trimmed+3,206,g,0.1044
SARS-CoV2-5UTR-Amplicon-short-trimmed+3,207,a,0.1361
SARS-CoV2-5UTR-Amplicon-short-trimmed+3,208,a,0.0796
SARS-CoV2-5UTR-Amplicon-short-trimmed+3,209,a,0.1823
SARS-CoV2-5UTR-Amplicon-short-trimmed+3,210,g,0.1559
SARS-CoV2-5UTR-Amplicon-short-trimmed+3,211,g,0.1747
SARS-CoV2-5UTR-Amplicon-short-trimmed+3,212,t,0.17
SARS-CoV2-5UTR-Amplicon-short-trimmed+3,213,a,0.0719
SARS-CoV2-5UTR-Amplicon-short-trimmed+3,214,a,0.0819
SARS-CoV2-5UTR-Amplicon-short-trimmed+3,215,g,0.0824
SARS-CoV2-5UTR-Amplicon-short-trimmed+3,216,a,0.0545
SARS-CoV2-5UTR-Amplicon-short-trimmed+3,217,t,0.1484
SARS-CoV2-5UTR-Amplicon-short-trimmed+3,218,g,0.0716
SARS-CoV2-5UTR-Amplicon-short-trimmed+3,219,g,0.0644
SARS-CoV2-5UTR-Amplicon-short-trimmed+3,220,a,0.252
SARS-CoV2-5UTR-Amplicon-short-trimmed+3,221,g,0.1534
SARS-CoV2-5UTR-Amplicon-short-trimmed+3,222,a,0.0853
SARS-CoV2-5UTR-Amplicon-short-trimmed+3,223,g,0.2103
SARS-CoV2-5UTR-Amplicon-short-trimmed+3,224,c,0.0855
SARS-CoV2-5UTR-Amplicon-short-trimmed+3,225,c,0.0887
SARS-CoV2-5UTR-Amplicon-short-trimmed+3,226,t,0.0633
SARS-CoV2-5UTR-Amplicon-short-trimmed+3,227,t,0.3718
SARS-CoV2-5UTR-Amplicon-short-trimmed+3,228,g,0.0496
SARS-CoV2-5UTR-Amplicon-short-trimmed+3,229,t,0.155
SARS-CoV2-5UTR-Amplicon-short-trimmed+3,230,c,0.0889
SARS-CoV2-5UTR-Amplicon-short-trimmed+3,231,c,0.0675
SARS-CoV2-5UTR-Amplicon-short-trimmed+3,232,c,0.1066
SARS-CoV2-5UTR-Amplicon-short-trimmed+3,233,t,0.2023
SARS-CoV2-5UTR-Amplicon-short-trimmed+3,234,g,0.1188
SARS-CoV2-5UTR-Amplicon-short-trimmed+3,235,g,0.1888
SARS-CoV2-5UTR-Amplicon-short-trimmed+3,236,t,0.0699
SARS-CoV2-5UTR-Amplicon-short-trimmed+3,237,t,0.0829
SARS-CoV2-5UTR-Amplicon-short-trimmed+3,238,t,0.1653
SARS-CoV2-5UTR-Amplicon-short-trimmed+3,239,c,0.6513
SARS-CoV2-5UTR-Amplicon-short-trimmed+3,240,a,0.1142
SARS-CoV2-5UTR-Amplicon-short-trimmed+3,241,a,0.0927
SARS-CoV2-5UTR-Amplicon-short-trimmed+3,242,c,0.0927
SARS-CoV2-5UTR-Amplicon-short-trimmed+3,243,g,0.041
SARS-CoV2-5UTR-Amplicon-short-trimmed+3,244,a,0.2112
SARS-CoV2-5UTR-Amplicon-short-trimmed+3,245,g,0
SARS-CoV2-5UTR-Amplicon-short-trimmed+3,246,g,0
SARS-CoV2-5UTR-Amplicon-short-trimmed+3,247,G,0
SARS-CoV2-5UTR-Amplicon-short-trimmed+3,248,A,0
SARS-CoV2-5UTR-Amplicon-short-trimmed+3,249,G,0
