"Region","Position","Ref_base","Total_depth","Total_mut","Mean_mut_percentage"
"SARS-CoV2-5UTR-Amplicon-short-trimmed+3",1,"T",1537528,0,0
"SARS-CoV2-5UTR-Amplicon-short-trimmed+3",2,"T",1538453,0,0
"SARS-CoV2-5UTR-Amplicon-short-trimmed+3",3,"G",1538869,0,0
"SARS-CoV2-5UTR-Amplicon-short-trimmed+3",4,"t",1539941,0,0
"SARS-CoV2-5UTR-Amplicon-short-trimmed+3",5,"a",1540438,0,0
"SARS-CoV2-5UTR-Amplicon-short-trimmed+3",6,"g",1540832,770,0.0508
"SARS-CoV2-5UTR-Amplicon-short-trimmed+3",7,"a",1540854,386,0.0249
"SARS-CoV2-5UTR-Amplicon-short-trimmed+3",8,"t",1540878,510,0.0338
"SARS-CoV2-5UTR-Amplicon-short-trimmed+3",9,"c",1540900,533,0.0348
"SARS-CoV2-5UTR-Amplicon-short-trimmed+3",10,"t",1540948,573,0.0369
"SARS-CoV2-5UTR-Amplicon-short-trimmed+3",11,"g",1540973,2409,0.1662
"SARS-CoV2-5UTR-Amplicon-short-trimmed+3",12,"t",1540994,680,0.044
"SARS-CoV2-5UTR-Amplicon-short-trimmed+3",13,"t",1541011,750,0.0492
"SARS-CoV2-5UTR-Amplicon-short-trimmed+3",14,"c",1541020,1403,0.0905
"SARS-CoV2-5UTR-Amplicon-short-trimmed+3",15,"t",1541021,713,0.0458
"SARS-CoV2-5UTR-Amplicon-short-trimmed+3",16,"c",1541027,1693,0.1115
"SARS-CoV2-5UTR-Amplicon-short-trimmed+3",17,"t",1541033,483,0.0319
"SARS-CoV2-5UTR-Amplicon-short-trimmed+3",18,"a",1541036,811,0.0518
"SARS-CoV2-5UTR-Amplicon-short-trimmed+3",19,"a",1541037,666,0.0423
"SARS-CoV2-5UTR-Amplicon-short-trimmed+3",20,"a",1541131,736,0.0463
"SARS-CoV2-5UTR-Amplicon-short-trimmed+3",21,"c",1541133,1375,0.0886
"SARS-CoV2-5UTR-Amplicon-short-trimmed+3",22,"g",1541139,536,0.0356
"SARS-CoV2-5UTR-Amplicon-short-trimmed+3",23,"a",1541140,837,0.0537
"SARS-CoV2-5UTR-Amplicon-short-trimmed+3",24,"a",1541147,557,0.0362
"SARS-CoV2-5UTR-Amplicon-short-trimmed+3",25,"c",1541147,14643,0.9534
"SARS-CoV2-5UTR-Amplicon-short-trimmed+3",26,"t",1541148,1380,0.0895
"SARS-CoV2-5UTR-Amplicon-short-trimmed+3",27,"t",1541148,1263,0.0852
"SARS-CoV2-5UTR-Amplicon-short-trimmed+3",28,"t",1541158,3589,0.2333
"SARS-CoV2-5UTR-Amplicon-short-trimmed+3",29,"a",1541158,1440,0.0926
"SARS-CoV2-5UTR-Amplicon-short-trimmed+3",30,"a",1541158,644,0.0417
"SARS-CoV2-5UTR-Amplicon-short-trimmed+3",31,"a",1541023,821,0.0528
"SARS-CoV2-5UTR-Amplicon-short-trimmed+3",32,"a",1541023,734,0.0469
"SARS-CoV2-5UTR-Amplicon-short-trimmed+3",33,"t",1541023,3829,0.2502
"SARS-CoV2-5UTR-Amplicon-short-trimmed+3",34,"c",1541023,947,0.0617
"SARS-CoV2-5UTR-Amplicon-short-trimmed+3",35,"t",1541019,586,0.039
"SARS-CoV2-5UTR-Amplicon-short-trimmed+3",36,"g",1541018,841,0.055
"SARS-CoV2-5UTR-Amplicon-short-trimmed+3",37,"t",1541013,559,0.0369
"SARS-CoV2-5UTR-Amplicon-short-trimmed+3",38,"g",1541013,428,0.0282
"SARS-CoV2-5UTR-Amplicon-short-trimmed+3",39,"t",1541013,495,0.0325
"SARS-CoV2-5UTR-Amplicon-short-trimmed+3",40,"g",1541012,640,0.0424
"SARS-CoV2-5UTR-Amplicon-short-trimmed+3",41,"g",1541012,690,0.0463
"SARS-CoV2-5UTR-Amplicon-short-trimmed+3",42,"c",1541008,773,0.051
"SARS-CoV2-5UTR-Amplicon-short-trimmed+3",43,"t",1541008,1127,0.074
"SARS-CoV2-5UTR-Amplicon-short-trimmed+3",44,"g",1541007,730,0.049
"SARS-CoV2-5UTR-Amplicon-short-trimmed+3",45,"t",1541010,1198,0.0769
"SARS-CoV2-5UTR-Amplicon-short-trimmed+3",46,"c",1541007,497,0.0331
"SARS-CoV2-5UTR-Amplicon-short-trimmed+3",47,"a",1540997,984,0.0635
"SARS-CoV2-5UTR-Amplicon-short-trimmed+3",48,"c",1541001,534,0.0345
"SARS-CoV2-5UTR-Amplicon-short-trimmed+3",49,"t",1541000,450,0.029
"SARS-CoV2-5UTR-Amplicon-short-trimmed+3",50,"c",1540995,818,0.0536
"SARS-CoV2-5UTR-Amplicon-short-trimmed+3",51,"g",1540995,728,0.0477
"SARS-CoV2-5UTR-Amplicon-short-trimmed+3",52,"g",1540995,1456,0.0951
"SARS-CoV2-5UTR-Amplicon-short-trimmed+3",53,"c",1540995,1119,0.0757
"SARS-CoV2-5UTR-Amplicon-short-trimmed+3",54,"t",1540995,1010,0.0659
"SARS-CoV2-5UTR-Amplicon-short-trimmed+3",55,"g",1540995,1679,0.1114
"SARS-CoV2-5UTR-Amplicon-short-trimmed+3",56,"c",1540995,1182,0.0774
"SARS-CoV2-5UTR-Amplicon-short-trimmed+3",57,"g",1540995,1504,0.1001
"SARS-CoV2-5UTR-Amplicon-short-trimmed+3",58,"t",1540995,614,0.0393
"SARS-CoV2-5UTR-Amplicon-short-trimmed+3",59,"g",1540995,1064,0.0715
"SARS-CoV2-5UTR-Amplicon-short-trimmed+3",60,"c",1540995,797,0.0523
"SARS-CoV2-5UTR-Amplicon-short-trimmed+3",61,"t",1540995,835,0.0542
"SARS-CoV2-5UTR-Amplicon-short-trimmed+3",62,"t",1540995,806,0.0528
"SARS-CoV2-5UTR-Amplicon-short-trimmed+3",63,"a",1540990,962,0.0619
"SARS-CoV2-5UTR-Amplicon-short-trimmed+3",64,"g",1540990,551,0.0362
"SARS-CoV2-5UTR-Amplicon-short-trimmed+3",65,"t",1540990,896,0.0586
"SARS-CoV2-5UTR-Amplicon-short-trimmed+3",66,"g",1540990,1198,0.0792
"SARS-CoV2-5UTR-Amplicon-short-trimmed+3",67,"c",1540990,1213,0.079
"SARS-CoV2-5UTR-Amplicon-short-trimmed+3",68,"a",1540993,1161,0.0743
"SARS-CoV2-5UTR-Amplicon-short-trimmed+3",69,"c",1540993,1007,0.0659
"SARS-CoV2-5UTR-Amplicon-short-trimmed+3",70,"t",1540993,655,0.0422
"SARS-CoV2-5UTR-Amplicon-short-trimmed+3",71,"c",1540993,668,0.0448
"SARS-CoV2-5UTR-Amplicon-short-trimmed+3",72,"a",1540993,1112,0.0708
"SARS-CoV2-5UTR-Amplicon-short-trimmed+3",73,"c",1540993,739,0.0482
"SARS-CoV2-5UTR-Amplicon-short-trimmed+3",74,"g",1540993,801,0.0524
"SARS-CoV2-5UTR-Amplicon-short-trimmed+3",75,"c",1540994,2277,0.1481
"SARS-CoV2-5UTR-Amplicon-short-trimmed+3",76,"a",1540995,1194,0.0767
"SARS-CoV2-5UTR-Amplicon-short-trimmed+3",77,"g",1540994,919,0.0598
"SARS-CoV2-5UTR-Amplicon-short-trimmed+3",78,"t",1540998,1038,0.0683
"SARS-CoV2-5UTR-Amplicon-short-trimmed+3",79,"a",1540988,1427,0.092
"SARS-CoV2-5UTR-Amplicon-short-trimmed+3",80,"t",1541014,619,0.0406
"SARS-CoV2-5UTR-Amplicon-short-trimmed+3",81,"a",1540979,892,0.0578
"SARS-CoV2-5UTR-Amplicon-short-trimmed+3",82,"a",1540969,1790,0.117
"SARS-CoV2-5UTR-Amplicon-short-trimmed+3",83,"t",1541003,776,0.051
"SARS-CoV2-5UTR-Amplicon-short-trimmed+3",84,"t",1541003,1656,0.1098
"SARS-CoV2-5UTR-Amplicon-short-trimmed+3",85,"a",1541005,1276,0.0818
"SARS-CoV2-5UTR-Amplicon-short-trimmed+3",86,"a",1541005,1155,0.0743
"SARS-CoV2-5UTR-Amplicon-short-trimmed+3",87,"t",1541044,829,0.0533
"SARS-CoV2-5UTR-Amplicon-short-trimmed+3",88,"a",1541036,969,0.0621
"SARS-CoV2-5UTR-Amplicon-short-trimmed+3",89,"a",1541063,4669,0.3021
"SARS-CoV2-5UTR-Amplicon-short-trimmed+3",90,"c",1541073,1614,0.1051
"SARS-CoV2-5UTR-Amplicon-short-trimmed+3",91,"t",1541098,954,0.0626
"SARS-CoV2-5UTR-Amplicon-short-trimmed+3",92,"a",1541098,829,0.0533
"SARS-CoV2-5UTR-Amplicon-short-trimmed+3",93,"a",1541097,920,0.0594
"SARS-CoV2-5UTR-Amplicon-short-trimmed+3",94,"t",1541107,747,0.0486
"SARS-CoV2-5UTR-Amplicon-short-trimmed+3",95,"t",1541106,1252,0.0815
"SARS-CoV2-5UTR-Amplicon-short-trimmed+3",96,"a",1541106,912,0.0584
"SARS-CoV2-5UTR-Amplicon-short-trimmed+3",97,"c",1541107,901,0.0585
"SARS-CoV2-5UTR-Amplicon-short-trimmed+3",98,"t",1541103,766,0.0495
"SARS-CoV2-5UTR-Amplicon-short-trimmed+3",99,"g",1541103,949,0.0609
"SARS-CoV2-5UTR-Amplicon-short-trimmed+3",100,"t",1541079,1105,0.072
"SARS-CoV2-5UTR-Amplicon-short-trimmed+3",101,"c",1541077,628,0.0408
"SARS-CoV2-5UTR-Amplicon-short-trimmed+3",102,"g",1541093,971,0.0633
"SARS-CoV2-5UTR-Amplicon-short-trimmed+3",103,"t",1541071,805,0.0525
"SARS-CoV2-5UTR-Amplicon-short-trimmed+3",104,"t",1541073,1352,0.0887
"SARS-CoV2-5UTR-Amplicon-short-trimmed+3",105,"g",1541086,673,0.0446
"SARS-CoV2-5UTR-Amplicon-short-trimmed+3",106,"a",1541091,1192,0.0768
"SARS-CoV2-5UTR-Amplicon-short-trimmed+3",107,"c",1541125,1008,0.0658
"SARS-CoV2-5UTR-Amplicon-short-trimmed+3",108,"a",1541154,1229,0.0789
"SARS-CoV2-5UTR-Amplicon-short-trimmed+3",109,"g",1541267,874,0.0572
"SARS-CoV2-5UTR-Amplicon-short-trimmed+3",110,"g",1541553,1426,0.0939
"SARS-CoV2-5UTR-Amplicon-short-trimmed+3",111,"a",1542230,1193,0.077
"SARS-CoV2-5UTR-Amplicon-short-trimmed+3",112,"c",1542950,1859,0.1206
"SARS-CoV2-5UTR-Amplicon-short-trimmed+3",113,"a",1544539,2035,0.1299
"SARS-CoV2-5UTR-Amplicon-short-trimmed+3",114,"c",1548483,1444,0.0925
"SARS-CoV2-5UTR-Amplicon-short-trimmed+3",115,"g",1562460,669,0.0427
"SARS-CoV2-5UTR-Amplicon-short-trimmed+3",116,"a",1646867,1462,0.0881
"SARS-CoV2-5UTR-Amplicon-short-trimmed+3",117,"g",3068310,1913,0.0611
"SARS-CoV2-5UTR-Amplicon-short-trimmed+3",118,"t",3075598,4749,0.1531
"SARS-CoV2-5UTR-Amplicon-short-trimmed+3",119,"a",3075671,6416,0.2038
"SARS-CoV2-5UTR-Amplicon-short-trimmed+3",120,"a",3075939,5862,0.187
"SARS-CoV2-5UTR-Amplicon-short-trimmed+3",121,"c",3079881,3633,0.1163
"SARS-CoV2-5UTR-Amplicon-short-trimmed+3",122,"t",3081384,5176,0.1656
"SARS-CoV2-5UTR-Amplicon-short-trimmed+3",123,"c",3082512,3959,0.126
"SARS-CoV2-5UTR-Amplicon-short-trimmed+3",124,"g",3083155,3521,0.114
"SARS-CoV2-5UTR-Amplicon-short-trimmed+3",125,"t",3083923,5989,0.1917
"SARS-CoV2-5UTR-Amplicon-short-trimmed+3",126,"c",3084011,4047,0.1286
"SARS-CoV2-5UTR-Amplicon-short-trimmed+3",127,"t",3083893,1903,0.0608
"SARS-CoV2-5UTR-Amplicon-short-trimmed+3",128,"a",3083367,5821,0.185
"SARS-CoV2-5UTR-Amplicon-short-trimmed+3",129,"t",3082441,11655,0.3692
"SARS-CoV2-5UTR-Amplicon-short-trimmed+3",130,"c",3082460,2078,0.0673
"SARS-CoV2-5UTR-Amplicon-short-trimmed+3",131,"t",3082381,2933,0.0946
"SARS-CoV2-5UTR-Amplicon-short-trimmed+3",132,"t",3069981,3302,0.1055
"SARS-CoV2-5UTR-Amplicon-short-trimmed+3",133,"c",1685904,2919,0.1704
"SARS-CoV2-5UTR-Amplicon-short-trimmed+3",134,"t",1563340,2659,0.1658
"SARS-CoV2-5UTR-Amplicon-short-trimmed+3",135,"g",1550064,1507,0.0963
"SARS-CoV2-5UTR-Amplicon-short-trimmed+3",136,"c",1546884,7702,0.4872
"SARS-CoV2-5UTR-Amplicon-short-trimmed+3",137,"a",1546262,2549,0.1613
"SARS-CoV2-5UTR-Amplicon-short-trimmed+3",138,"g",1545509,1377,0.0883
"SARS-CoV2-5UTR-Amplicon-short-trimmed+3",139,"g",1545118,1665,0.106
"SARS-CoV2-5UTR-Amplicon-short-trimmed+3",140,"c",1544774,2042,0.1289
"SARS-CoV2-5UTR-Amplicon-short-trimmed+3",141,"t",1544668,4497,0.2839
"SARS-CoV2-5UTR-Amplicon-short-trimmed+3",142,"g",1544589,3183,0.2035
"SARS-CoV2-5UTR-Amplicon-short-trimmed+3",143,"c",1544552,7588,0.4886
"SARS-CoV2-5UTR-Amplicon-short-trimmed+3",144,"t",1544424,1276,0.081
"SARS-CoV2-5UTR-Amplicon-short-trimmed+3",145,"t",1544400,3142,0.1984
"SARS-CoV2-5UTR-Amplicon-short-trimmed+3",146,"a",1544278,6616,0.4246
"SARS-CoV2-5UTR-Amplicon-short-trimmed+3",147,"c",1544260,1885,0.1189
"SARS-CoV2-5UTR-Amplicon-short-trimmed+3",148,"g",1544251,1151,0.0737
"SARS-CoV2-5UTR-Amplicon-short-trimmed+3",149,"g",1544241,1297,0.0832
"SARS-CoV2-5UTR-Amplicon-short-trimmed+3",150,"t",1544234,2019,0.129
"SARS-CoV2-5UTR-Amplicon-short-trimmed+3",151,"t",1544234,2171,0.1372
"SARS-CoV2-5UTR-Amplicon-short-trimmed+3",152,"t",1544232,5124,0.3256
"SARS-CoV2-5UTR-Amplicon-short-trimmed+3",153,"c",1544231,4176,0.2676
"SARS-CoV2-5UTR-Amplicon-short-trimmed+3",154,"g",1544232,1070,0.0684
"SARS-CoV2-5UTR-Amplicon-short-trimmed+3",155,"t",1544234,3722,0.2364
"SARS-CoV2-5UTR-Amplicon-short-trimmed+3",156,"c",1544234,2214,0.1424
"SARS-CoV2-5UTR-Amplicon-short-trimmed+3",157,"c",1544233,2972,0.1884
"SARS-CoV2-5UTR-Amplicon-short-trimmed+3",158,"g",1544221,1174,0.0749
"SARS-CoV2-5UTR-Amplicon-short-trimmed+3",159,"t",1544219,13491,0.8513
"SARS-CoV2-5UTR-Amplicon-short-trimmed+3",160,"g",1544223,1190,0.0768
"SARS-CoV2-5UTR-Amplicon-short-trimmed+3",161,"t",1544220,1807,0.116
"SARS-CoV2-5UTR-Amplicon-short-trimmed+3",162,"t",1544213,6297,0.4024
"SARS-CoV2-5UTR-Amplicon-short-trimmed+3",163,"g",1544215,986,0.0631
"SARS-CoV2-5UTR-Amplicon-short-trimmed+3",164,"c",1544215,2858,0.1815
"SARS-CoV2-5UTR-Amplicon-short-trimmed+3",165,"a",1544220,2184,0.1395
"SARS-CoV2-5UTR-Amplicon-short-trimmed+3",166,"g",1544365,2414,0.1541
"SARS-CoV2-5UTR-Amplicon-short-trimmed+3",167,"c",1544369,2738,0.1761
"SARS-CoV2-5UTR-Amplicon-short-trimmed+3",168,"c",1544366,9406,0.5946
"SARS-CoV2-5UTR-Amplicon-short-trimmed+3",169,"g",1544366,1770,0.1132
"SARS-CoV2-5UTR-Amplicon-short-trimmed+3",170,"a",1544372,1869,0.1192
"SARS-CoV2-5UTR-Amplicon-short-trimmed+3",171,"t",1544385,1933,0.1222
"SARS-CoV2-5UTR-Amplicon-short-trimmed+3",172,"c",1544388,2605,0.166
"SARS-CoV2-5UTR-Amplicon-short-trimmed+3",173,"a",1544388,1934,0.1222
"SARS-CoV2-5UTR-Amplicon-short-trimmed+3",174,"t",1544389,1478,0.094
"SARS-CoV2-5UTR-Amplicon-short-trimmed+3",175,"c",1544389,2168,0.1355
"SARS-CoV2-5UTR-Amplicon-short-trimmed+3",176,"a",1544387,2314,0.1476
"SARS-CoV2-5UTR-Amplicon-short-trimmed+3",177,"g",1544386,1183,0.076
"SARS-CoV2-5UTR-Amplicon-short-trimmed+3",178,"c",1544386,10859,0.6841
"SARS-CoV2-5UTR-Amplicon-short-trimmed+3",179,"a",1544387,2419,0.1538
"SARS-CoV2-5UTR-Amplicon-short-trimmed+3",180,"c",1544387,1814,0.1145
"SARS-CoV2-5UTR-Amplicon-short-trimmed+3",181,"a",1544387,1353,0.086
"SARS-CoV2-5UTR-Amplicon-short-trimmed+3",182,"t",1544387,1410,0.0904
"SARS-CoV2-5UTR-Amplicon-short-trimmed+3",183,"c",1544384,777,0.05
"SARS-CoV2-5UTR-Amplicon-short-trimmed+3",184,"t",1544382,2051,0.1294
"SARS-CoV2-5UTR-Amplicon-short-trimmed+3",185,"a",1544365,2383,0.1513
"SARS-CoV2-5UTR-Amplicon-short-trimmed+3",186,"g",1544366,1011,0.064
"SARS-CoV2-5UTR-Amplicon-short-trimmed+3",187,"g",1544366,1048,0.0678
"SARS-CoV2-5UTR-Amplicon-short-trimmed+3",188,"t",1544362,6354,0.4081
"SARS-CoV2-5UTR-Amplicon-short-trimmed+3",189,"t",1544330,2760,0.1766
"SARS-CoV2-5UTR-Amplicon-short-trimmed+3",190,"t",1544329,4331,0.2732
"SARS-CoV2-5UTR-Amplicon-short-trimmed+3",191,"c",1544327,3124,0.2004
"SARS-CoV2-5UTR-Amplicon-short-trimmed+3",192,"g",1544297,722,0.0461
"SARS-CoV2-5UTR-Amplicon-short-trimmed+3",193,"t",1544295,10848,0.6861
"SARS-CoV2-5UTR-Amplicon-short-trimmed+3",194,"c",1544295,1334,0.0854
"SARS-CoV2-5UTR-Amplicon-short-trimmed+3",195,"c",1544295,1958,0.1249
"SARS-CoV2-5UTR-Amplicon-short-trimmed+3",196,"g",1544261,845,0.0542
"SARS-CoV2-5UTR-Amplicon-short-trimmed+3",197,"g",1544259,917,0.0589
"SARS-CoV2-5UTR-Amplicon-short-trimmed+3",198,"g",1544259,6651,0.435
"SARS-CoV2-5UTR-Amplicon-short-trimmed+3",199,"t",1544259,2833,0.1814
"SARS-CoV2-5UTR-Amplicon-short-trimmed+3",200,"g",1544242,2527,0.1628
"SARS-CoV2-5UTR-Amplicon-short-trimmed+3",201,"t",1544240,5502,0.3539
"SARS-CoV2-5UTR-Amplicon-short-trimmed+3",202,"g",1544239,1501,0.0956
"SARS-CoV2-5UTR-Amplicon-short-trimmed+3",203,"a",1544236,3341,0.2131
"SARS-CoV2-5UTR-Amplicon-short-trimmed+3",204,"c",1544235,1374,0.0872
"SARS-CoV2-5UTR-Amplicon-short-trimmed+3",205,"c",1544239,967,0.0614
"SARS-CoV2-5UTR-Amplicon-short-trimmed+3",206,"g",1544239,994,0.0648
"SARS-CoV2-5UTR-Amplicon-short-trimmed+3",207,"a",1544233,1255,0.0807
"SARS-CoV2-5UTR-Amplicon-short-trimmed+3",208,"a",1544232,864,0.0555
"SARS-CoV2-5UTR-Amplicon-short-trimmed+3",209,"a",1544232,1707,0.1086
"SARS-CoV2-5UTR-Amplicon-short-trimmed+3",210,"g",1544229,730,0.0472
"SARS-CoV2-5UTR-Amplicon-short-trimmed+3",211,"g",1544228,2325,0.152
"SARS-CoV2-5UTR-Amplicon-short-trimmed+3",212,"t",1544247,1597,0.1009
"SARS-CoV2-5UTR-Amplicon-short-trimmed+3",213,"a",1544247,1085,0.069
"SARS-CoV2-5UTR-Amplicon-short-trimmed+3",214,"a",1544244,1330,0.0849
"SARS-CoV2-5UTR-Amplicon-short-trimmed+3",215,"g",1544244,633,0.0407
"SARS-CoV2-5UTR-Amplicon-short-trimmed+3",216,"a",1544400,907,0.0585
"SARS-CoV2-5UTR-Amplicon-short-trimmed+3",217,"t",1544399,1716,0.1089
"SARS-CoV2-5UTR-Amplicon-short-trimmed+3",218,"g",1544399,850,0.0543
"SARS-CoV2-5UTR-Amplicon-short-trimmed+3",219,"g",1544392,1131,0.0717
"SARS-CoV2-5UTR-Amplicon-short-trimmed+3",220,"a",1544389,3003,0.1921
"SARS-CoV2-5UTR-Amplicon-short-trimmed+3",221,"g",1544389,2415,0.1533
"SARS-CoV2-5UTR-Amplicon-short-trimmed+3",222,"a",1544232,1407,0.09
"SARS-CoV2-5UTR-Amplicon-short-trimmed+3",223,"g",1544225,1416,0.0903
"SARS-CoV2-5UTR-Amplicon-short-trimmed+3",224,"c",1544223,1637,0.1048
"SARS-CoV2-5UTR-Amplicon-short-trimmed+3",225,"c",1544222,1081,0.0698
"SARS-CoV2-5UTR-Amplicon-short-trimmed+3",226,"t",1544215,1009,0.0639
"SARS-CoV2-5UTR-Amplicon-short-trimmed+3",227,"t",1544214,8088,0.5111
"SARS-CoV2-5UTR-Amplicon-short-trimmed+3",228,"g",1544214,818,0.0527
"SARS-CoV2-5UTR-Amplicon-short-trimmed+3",229,"t",1544213,2598,0.1658
"SARS-CoV2-5UTR-Amplicon-short-trimmed+3",230,"c",1544212,4244,0.2731
"SARS-CoV2-5UTR-Amplicon-short-trimmed+3",231,"c",1544212,737,0.0464
"SARS-CoV2-5UTR-Amplicon-short-trimmed+3",232,"c",1544211,1213,0.0778
"SARS-CoV2-5UTR-Amplicon-short-trimmed+3",233,"t",1544166,2831,0.1809
"SARS-CoV2-5UTR-Amplicon-short-trimmed+3",234,"g",1544163,958,0.0622
"SARS-CoV2-5UTR-Amplicon-short-trimmed+3",235,"g",1544161,995,0.0642
"SARS-CoV2-5UTR-Amplicon-short-trimmed+3",236,"t",1544149,883,0.055
"SARS-CoV2-5UTR-Amplicon-short-trimmed+3",237,"t",1544137,1549,0.0976
"SARS-CoV2-5UTR-Amplicon-short-trimmed+3",238,"t",1544119,1625,0.1018
"SARS-CoV2-5UTR-Amplicon-short-trimmed+3",239,"c",1544070,10483,0.681
"SARS-CoV2-5UTR-Amplicon-short-trimmed+3",240,"a",1543974,1423,0.0901
"SARS-CoV2-5UTR-Amplicon-short-trimmed+3",241,"a",1543901,1048,0.0663
"SARS-CoV2-5UTR-Amplicon-short-trimmed+3",242,"c",1543774,1182,0.0756
"SARS-CoV2-5UTR-Amplicon-short-trimmed+3",243,"g",1543729,675,0.0434
"SARS-CoV2-5UTR-Amplicon-short-trimmed+3",244,"a",1543559,1973,0.125
"SARS-CoV2-5UTR-Amplicon-short-trimmed+3",245,"g",1542503,0,0
"SARS-CoV2-5UTR-Amplicon-short-trimmed+3",246,"g",1541733,0,0
"SARS-CoV2-5UTR-Amplicon-short-trimmed+3",247,"G",1540190,1,1e-04
"SARS-CoV2-5UTR-Amplicon-short-trimmed+3",248,"A",1538749,0,0
"SARS-CoV2-5UTR-Amplicon-short-trimmed+3",249,"G",1538360,0,0
