"Region","Position","Ref_base","Total_depth","Total_mut","Mean_mut_percentage"
"SARS-CoV2-5UTR-Amplicon-short-trimmed+3",1,"T",2304137,0,0
"SARS-CoV2-5UTR-Amplicon-short-trimmed+3",2,"T",2305644,0,0
"SARS-CoV2-5UTR-Amplicon-short-trimmed+3",3,"G",2306196,0,0
"SARS-CoV2-5UTR-Amplicon-short-trimmed+3",4,"t",2309316,0,0
"SARS-CoV2-5UTR-Amplicon-short-trimmed+3",5,"a",2309908,2,1e-04
"SARS-CoV2-5UTR-Amplicon-short-trimmed+3",6,"g",2310472,2127,0.0914
"SARS-CoV2-5UTR-Amplicon-short-trimmed+3",7,"a",2310693,586,0.0253
"SARS-CoV2-5UTR-Amplicon-short-trimmed+3",8,"t",2310724,770,0.0332
"SARS-CoV2-5UTR-Amplicon-short-trimmed+3",9,"c",2310760,744,0.0322
"SARS-CoV2-5UTR-Amplicon-short-trimmed+3",10,"t",2310781,735,0.0316
"SARS-CoV2-5UTR-Amplicon-short-trimmed+3",11,"g",2310799,7650,0.328
"SARS-CoV2-5UTR-Amplicon-short-trimmed+3",12,"t",2310862,785,0.0336
"SARS-CoV2-5UTR-Amplicon-short-trimmed+3",13,"t",2310879,901,0.0386
"SARS-CoV2-5UTR-Amplicon-short-trimmed+3",14,"c",2310892,716,0.0309
"SARS-CoV2-5UTR-Amplicon-short-trimmed+3",15,"t",2310906,970,0.0417
"SARS-CoV2-5UTR-Amplicon-short-trimmed+3",16,"c",2310919,1518,0.0645
"SARS-CoV2-5UTR-Amplicon-short-trimmed+3",17,"t",2310932,674,0.0287
"SARS-CoV2-5UTR-Amplicon-short-trimmed+3",18,"a",2310940,1163,0.0498
"SARS-CoV2-5UTR-Amplicon-short-trimmed+3",19,"a",2310944,1048,0.045
"SARS-CoV2-5UTR-Amplicon-short-trimmed+3",20,"a",2311066,822,0.0352
"SARS-CoV2-5UTR-Amplicon-short-trimmed+3",21,"c",2311068,575,0.0248
"SARS-CoV2-5UTR-Amplicon-short-trimmed+3",22,"g",2311068,2739,0.1185
"SARS-CoV2-5UTR-Amplicon-short-trimmed+3",23,"a",2311072,1106,0.0476
"SARS-CoV2-5UTR-Amplicon-short-trimmed+3",24,"a",2311072,781,0.0333
"SARS-CoV2-5UTR-Amplicon-short-trimmed+3",25,"c",2311080,19990,0.8625
"SARS-CoV2-5UTR-Amplicon-short-trimmed+3",26,"t",2311087,2064,0.0892
"SARS-CoV2-5UTR-Amplicon-short-trimmed+3",27,"t",2311101,2191,0.0936
"SARS-CoV2-5UTR-Amplicon-short-trimmed+3",28,"t",2311117,5244,0.2267
"SARS-CoV2-5UTR-Amplicon-short-trimmed+3",29,"a",2311122,2056,0.0886
"SARS-CoV2-5UTR-Amplicon-short-trimmed+3",30,"a",2311123,998,0.0427
"SARS-CoV2-5UTR-Amplicon-short-trimmed+3",31,"a",2311091,1050,0.0454
"SARS-CoV2-5UTR-Amplicon-short-trimmed+3",32,"a",2311093,798,0.0343
"SARS-CoV2-5UTR-Amplicon-short-trimmed+3",33,"t",2311094,5108,0.2208
"SARS-CoV2-5UTR-Amplicon-short-trimmed+3",34,"c",2311094,987,0.0425
"SARS-CoV2-5UTR-Amplicon-short-trimmed+3",35,"t",2311094,1279,0.0548
"SARS-CoV2-5UTR-Amplicon-short-trimmed+3",36,"g",2311087,3226,0.1393
"SARS-CoV2-5UTR-Amplicon-short-trimmed+3",37,"t",2311079,904,0.0393
"SARS-CoV2-5UTR-Amplicon-short-trimmed+3",38,"g",2311079,2141,0.0935
"SARS-CoV2-5UTR-Amplicon-short-trimmed+3",39,"t",2311089,768,0.033
"SARS-CoV2-5UTR-Amplicon-short-trimmed+3",40,"g",2311088,2541,0.1102
"SARS-CoV2-5UTR-Amplicon-short-trimmed+3",41,"g",2311087,2080,0.0897
"SARS-CoV2-5UTR-Amplicon-short-trimmed+3",42,"c",2311087,690,0.0297
"SARS-CoV2-5UTR-Amplicon-short-trimmed+3",43,"t",2311088,2135,0.0914
"SARS-CoV2-5UTR-Amplicon-short-trimmed+3",44,"g",2311088,3189,0.1375
"SARS-CoV2-5UTR-Amplicon-short-trimmed+3",45,"t",2311087,1677,0.0722
"SARS-CoV2-5UTR-Amplicon-short-trimmed+3",46,"c",2311087,514,0.022
"SARS-CoV2-5UTR-Amplicon-short-trimmed+3",47,"a",2311080,1273,0.055
"SARS-CoV2-5UTR-Amplicon-short-trimmed+3",48,"c",2311080,559,0.024
"SARS-CoV2-5UTR-Amplicon-short-trimmed+3",49,"t",2311080,820,0.0354
"SARS-CoV2-5UTR-Amplicon-short-trimmed+3",50,"c",2311078,794,0.0343
"SARS-CoV2-5UTR-Amplicon-short-trimmed+3",51,"g",2311078,2813,0.1213
"SARS-CoV2-5UTR-Amplicon-short-trimmed+3",52,"g",2311078,3030,0.1316
"SARS-CoV2-5UTR-Amplicon-short-trimmed+3",53,"c",2311077,2515,0.107
"SARS-CoV2-5UTR-Amplicon-short-trimmed+3",54,"t",2311077,1524,0.066
"SARS-CoV2-5UTR-Amplicon-short-trimmed+3",55,"g",2311077,4578,0.1968
"SARS-CoV2-5UTR-Amplicon-short-trimmed+3",56,"c",2311077,915,0.0394
"SARS-CoV2-5UTR-Amplicon-short-trimmed+3",57,"g",2311077,3840,0.1645
"SARS-CoV2-5UTR-Amplicon-short-trimmed+3",58,"t",2311077,1023,0.0437
"SARS-CoV2-5UTR-Amplicon-short-trimmed+3",59,"g",2311077,2851,0.1232
"SARS-CoV2-5UTR-Amplicon-short-trimmed+3",60,"c",2311076,1087,0.0468
"SARS-CoV2-5UTR-Amplicon-short-trimmed+3",61,"t",2311076,1327,0.0574
"SARS-CoV2-5UTR-Amplicon-short-trimmed+3",62,"t",2311076,1714,0.0739
"SARS-CoV2-5UTR-Amplicon-short-trimmed+3",63,"a",2311073,1747,0.0755
"SARS-CoV2-5UTR-Amplicon-short-trimmed+3",64,"g",2311073,1973,0.0854
"SARS-CoV2-5UTR-Amplicon-short-trimmed+3",65,"t",2311073,1293,0.0558
"SARS-CoV2-5UTR-Amplicon-short-trimmed+3",66,"g",2311073,3283,0.1416
"SARS-CoV2-5UTR-Amplicon-short-trimmed+3",67,"c",2311072,1534,0.0663
"SARS-CoV2-5UTR-Amplicon-short-trimmed+3",68,"a",2311072,1414,0.061
"SARS-CoV2-5UTR-Amplicon-short-trimmed+3",69,"c",2311072,893,0.0384
"SARS-CoV2-5UTR-Amplicon-short-trimmed+3",70,"t",2311071,1011,0.0435
"SARS-CoV2-5UTR-Amplicon-short-trimmed+3",71,"c",2311071,1216,0.052
"SARS-CoV2-5UTR-Amplicon-short-trimmed+3",72,"a",2311069,1392,0.0602
"SARS-CoV2-5UTR-Amplicon-short-trimmed+3",73,"c",2311070,784,0.0339
"SARS-CoV2-5UTR-Amplicon-short-trimmed+3",74,"g",2311070,2270,0.0979
"SARS-CoV2-5UTR-Amplicon-short-trimmed+3",75,"c",2311074,3073,0.1333
"SARS-CoV2-5UTR-Amplicon-short-trimmed+3",76,"a",2311072,1975,0.0855
"SARS-CoV2-5UTR-Amplicon-short-trimmed+3",77,"g",2311072,2844,0.1227
"SARS-CoV2-5UTR-Amplicon-short-trimmed+3",78,"t",2311072,1643,0.071
"SARS-CoV2-5UTR-Amplicon-short-trimmed+3",79,"a",2311071,1791,0.077
"SARS-CoV2-5UTR-Amplicon-short-trimmed+3",80,"t",2311091,675,0.0292
"SARS-CoV2-5UTR-Amplicon-short-trimmed+3",81,"a",2311081,1109,0.0477
"SARS-CoV2-5UTR-Amplicon-short-trimmed+3",82,"a",2311079,2142,0.0924
"SARS-CoV2-5UTR-Amplicon-short-trimmed+3",83,"t",2311084,952,0.0413
"SARS-CoV2-5UTR-Amplicon-short-trimmed+3",84,"t",2311085,2283,0.0983
"SARS-CoV2-5UTR-Amplicon-short-trimmed+3",85,"a",2311070,1653,0.0714
"SARS-CoV2-5UTR-Amplicon-short-trimmed+3",86,"a",2311059,1224,0.0528
"SARS-CoV2-5UTR-Amplicon-short-trimmed+3",87,"t",2311058,943,0.0407
"SARS-CoV2-5UTR-Amplicon-short-trimmed+3",88,"a",2311057,1316,0.0568
"SARS-CoV2-5UTR-Amplicon-short-trimmed+3",89,"a",2311059,6520,0.2819
"SARS-CoV2-5UTR-Amplicon-short-trimmed+3",90,"c",2311087,1082,0.047
"SARS-CoV2-5UTR-Amplicon-short-trimmed+3",91,"t",2311098,1275,0.055
"SARS-CoV2-5UTR-Amplicon-short-trimmed+3",92,"a",2311087,1086,0.0469
"SARS-CoV2-5UTR-Amplicon-short-trimmed+3",93,"a",2311086,1177,0.0508
"SARS-CoV2-5UTR-Amplicon-short-trimmed+3",94,"t",2311088,992,0.0427
"SARS-CoV2-5UTR-Amplicon-short-trimmed+3",95,"t",2311085,1848,0.0797
"SARS-CoV2-5UTR-Amplicon-short-trimmed+3",96,"a",2311085,1193,0.0514
"SARS-CoV2-5UTR-Amplicon-short-trimmed+3",97,"c",2311083,552,0.0238
"SARS-CoV2-5UTR-Amplicon-short-trimmed+3",98,"t",2310970,1338,0.0577
"SARS-CoV2-5UTR-Amplicon-short-trimmed+3",99,"g",2310963,3240,0.1404
"SARS-CoV2-5UTR-Amplicon-short-trimmed+3",100,"t",2310963,1545,0.0666
"SARS-CoV2-5UTR-Amplicon-short-trimmed+3",101,"c",2310965,1051,0.0456
"SARS-CoV2-5UTR-Amplicon-short-trimmed+3",102,"g",2311014,3791,0.1638
"SARS-CoV2-5UTR-Amplicon-short-trimmed+3",103,"t",2311020,1352,0.0588
"SARS-CoV2-5UTR-Amplicon-short-trimmed+3",104,"t",2311028,2201,0.0947
"SARS-CoV2-5UTR-Amplicon-short-trimmed+3",105,"g",2311001,1853,0.0801
"SARS-CoV2-5UTR-Amplicon-short-trimmed+3",106,"a",2311057,1683,0.0728
"SARS-CoV2-5UTR-Amplicon-short-trimmed+3",107,"c",2311089,1384,0.0598
"SARS-CoV2-5UTR-Amplicon-short-trimmed+3",108,"a",2311144,2000,0.087
"SARS-CoV2-5UTR-Amplicon-short-trimmed+3",109,"g",2311313,2633,0.114
"SARS-CoV2-5UTR-Amplicon-short-trimmed+3",110,"g",2311738,2953,0.1273
"SARS-CoV2-5UTR-Amplicon-short-trimmed+3",111,"a",2312755,1383,0.0598
"SARS-CoV2-5UTR-Amplicon-short-trimmed+3",112,"c",2313992,1112,0.0478
"SARS-CoV2-5UTR-Amplicon-short-trimmed+3",113,"a",2316737,3129,0.1353
"SARS-CoV2-5UTR-Amplicon-short-trimmed+3",114,"c",2323816,1556,0.0665
"SARS-CoV2-5UTR-Amplicon-short-trimmed+3",115,"g",2347286,2826,0.1207
"SARS-CoV2-5UTR-Amplicon-short-trimmed+3",116,"a",2479946,2080,0.0837
"SARS-CoV2-5UTR-Amplicon-short-trimmed+3",117,"g",4e+06,5116,0.1279
"SARS-CoV2-5UTR-Amplicon-short-trimmed+3",118,"t",3999989,6373,0.1594
"SARS-CoV2-5UTR-Amplicon-short-trimmed+3",119,"a",3999987,8141,0.2036
"SARS-CoV2-5UTR-Amplicon-short-trimmed+3",120,"a",3999994,5501,0.1376
"SARS-CoV2-5UTR-Amplicon-short-trimmed+3",121,"c",3999977,4494,0.1124
"SARS-CoV2-5UTR-Amplicon-short-trimmed+3",122,"t",3999950,6973,0.1744
"SARS-CoV2-5UTR-Amplicon-short-trimmed+3",123,"c",3999971,4812,0.1203
"SARS-CoV2-5UTR-Amplicon-short-trimmed+3",124,"g",3999881,7748,0.1938
"SARS-CoV2-5UTR-Amplicon-short-trimmed+3",125,"t",3999850,7118,0.178
"SARS-CoV2-5UTR-Amplicon-short-trimmed+3",126,"c",3999710,3914,0.0979
"SARS-CoV2-5UTR-Amplicon-short-trimmed+3",127,"t",3999461,2395,0.0599
"SARS-CoV2-5UTR-Amplicon-short-trimmed+3",128,"a",3998336,6788,0.1698
"SARS-CoV2-5UTR-Amplicon-short-trimmed+3",129,"t",3996408,12914,0.3231
"SARS-CoV2-5UTR-Amplicon-short-trimmed+3",130,"c",3996465,1730,0.0433
"SARS-CoV2-5UTR-Amplicon-short-trimmed+3",131,"t",3996340,3918,0.098
"SARS-CoV2-5UTR-Amplicon-short-trimmed+3",132,"t",3978433,3754,0.0943
"SARS-CoV2-5UTR-Amplicon-short-trimmed+3",133,"c",1907794,2683,0.1406
"SARS-CoV2-5UTR-Amplicon-short-trimmed+3",134,"t",1721368,2972,0.1725
"SARS-CoV2-5UTR-Amplicon-short-trimmed+3",135,"g",1700076,3055,0.1802
"SARS-CoV2-5UTR-Amplicon-short-trimmed+3",136,"c",1694665,7677,0.4528
"SARS-CoV2-5UTR-Amplicon-short-trimmed+3",137,"a",1693705,2794,0.1648
"SARS-CoV2-5UTR-Amplicon-short-trimmed+3",138,"g",1692447,2394,0.1412
"SARS-CoV2-5UTR-Amplicon-short-trimmed+3",139,"g",1691843,2136,0.126
"SARS-CoV2-5UTR-Amplicon-short-trimmed+3",140,"c",1691369,2419,0.1424
"SARS-CoV2-5UTR-Amplicon-short-trimmed+3",141,"t",1691159,4976,0.2935
"SARS-CoV2-5UTR-Amplicon-short-trimmed+3",142,"g",1691047,3745,0.2217
"SARS-CoV2-5UTR-Amplicon-short-trimmed+3",143,"c",1690991,8585,0.5148
"SARS-CoV2-5UTR-Amplicon-short-trimmed+3",144,"t",1690880,1276,0.0752
"SARS-CoV2-5UTR-Amplicon-short-trimmed+3",145,"t",1690853,3453,0.2035
"SARS-CoV2-5UTR-Amplicon-short-trimmed+3",146,"a",1690735,4435,0.2525
"SARS-CoV2-5UTR-Amplicon-short-trimmed+3",147,"c",1690717,1972,0.1162
"SARS-CoV2-5UTR-Amplicon-short-trimmed+3",148,"g",1690711,1367,0.0807
"SARS-CoV2-5UTR-Amplicon-short-trimmed+3",149,"g",1690709,2015,0.1192
"SARS-CoV2-5UTR-Amplicon-short-trimmed+3",150,"t",1690684,1841,0.1082
"SARS-CoV2-5UTR-Amplicon-short-trimmed+3",151,"t",1690681,1966,0.116
"SARS-CoV2-5UTR-Amplicon-short-trimmed+3",152,"t",1690681,5228,0.3081
"SARS-CoV2-5UTR-Amplicon-short-trimmed+3",153,"c",1690673,3110,0.185
"SARS-CoV2-5UTR-Amplicon-short-trimmed+3",154,"g",1690676,1759,0.1044
"SARS-CoV2-5UTR-Amplicon-short-trimmed+3",155,"t",1690687,3627,0.2131
"SARS-CoV2-5UTR-Amplicon-short-trimmed+3",156,"c",1690689,2196,0.1295
"SARS-CoV2-5UTR-Amplicon-short-trimmed+3",157,"c",1690690,3199,0.1894
"SARS-CoV2-5UTR-Amplicon-short-trimmed+3",158,"g",1690687,1478,0.0882
"SARS-CoV2-5UTR-Amplicon-short-trimmed+3",159,"t",1690689,13711,0.8074
"SARS-CoV2-5UTR-Amplicon-short-trimmed+3",160,"g",1690697,2602,0.1532
"SARS-CoV2-5UTR-Amplicon-short-trimmed+3",161,"t",1690704,1852,0.1096
"SARS-CoV2-5UTR-Amplicon-short-trimmed+3",162,"t",1690704,4050,0.2319
"SARS-CoV2-5UTR-Amplicon-short-trimmed+3",163,"g",1690706,2100,0.1231
"SARS-CoV2-5UTR-Amplicon-short-trimmed+3",164,"c",1690710,3132,0.1844
"SARS-CoV2-5UTR-Amplicon-short-trimmed+3",165,"a",1690726,2420,0.143
"SARS-CoV2-5UTR-Amplicon-short-trimmed+3",166,"g",1690921,2692,0.1598
"SARS-CoV2-5UTR-Amplicon-short-trimmed+3",167,"c",1690926,2837,0.1678
"SARS-CoV2-5UTR-Amplicon-short-trimmed+3",168,"c",1690928,11526,0.687
"SARS-CoV2-5UTR-Amplicon-short-trimmed+3",169,"g",1690930,2871,0.1708
"SARS-CoV2-5UTR-Amplicon-short-trimmed+3",170,"a",1690945,1943,0.1146
"SARS-CoV2-5UTR-Amplicon-short-trimmed+3",171,"t",1690949,1885,0.1112
"SARS-CoV2-5UTR-Amplicon-short-trimmed+3",172,"c",1690950,1455,0.0859
"SARS-CoV2-5UTR-Amplicon-short-trimmed+3",173,"a",1690961,1861,0.1097
"SARS-CoV2-5UTR-Amplicon-short-trimmed+3",174,"t",1690961,1484,0.0874
"SARS-CoV2-5UTR-Amplicon-short-trimmed+3",175,"c",1690961,2204,0.1309
"SARS-CoV2-5UTR-Amplicon-short-trimmed+3",176,"a",1690962,2651,0.1566
"SARS-CoV2-5UTR-Amplicon-short-trimmed+3",177,"g",1690962,2604,0.1552
"SARS-CoV2-5UTR-Amplicon-short-trimmed+3",178,"c",1690962,12658,0.7496
"SARS-CoV2-5UTR-Amplicon-short-trimmed+3",179,"a",1690962,2367,0.1388
"SARS-CoV2-5UTR-Amplicon-short-trimmed+3",180,"c",1690962,1795,0.1056
"SARS-CoV2-5UTR-Amplicon-short-trimmed+3",181,"a",1690962,1478,0.0868
"SARS-CoV2-5UTR-Amplicon-short-trimmed+3",182,"t",1690962,1325,0.0778
"SARS-CoV2-5UTR-Amplicon-short-trimmed+3",183,"c",1690961,874,0.0512
"SARS-CoV2-5UTR-Amplicon-short-trimmed+3",184,"t",1690961,2302,0.1362
"SARS-CoV2-5UTR-Amplicon-short-trimmed+3",185,"a",1690945,2969,0.1775
"SARS-CoV2-5UTR-Amplicon-short-trimmed+3",186,"g",1690945,2568,0.1523
"SARS-CoV2-5UTR-Amplicon-short-trimmed+3",187,"g",1690951,2437,0.1451
"SARS-CoV2-5UTR-Amplicon-short-trimmed+3",188,"t",1690952,1421,0.0846
"SARS-CoV2-5UTR-Amplicon-short-trimmed+3",189,"t",1690941,2657,0.1572
"SARS-CoV2-5UTR-Amplicon-short-trimmed+3",190,"t",1690941,4553,0.2686
"SARS-CoV2-5UTR-Amplicon-short-trimmed+3",191,"c",1690940,2441,0.1455
"SARS-CoV2-5UTR-Amplicon-short-trimmed+3",192,"g",1690940,2245,0.1332
"SARS-CoV2-5UTR-Amplicon-short-trimmed+3",193,"t",1690941,11520,0.6789
"SARS-CoV2-5UTR-Amplicon-short-trimmed+3",194,"c",1690941,1492,0.0888
"SARS-CoV2-5UTR-Amplicon-short-trimmed+3",195,"c",1690941,2216,0.1315
"SARS-CoV2-5UTR-Amplicon-short-trimmed+3",196,"g",1690930,2319,0.1372
"SARS-CoV2-5UTR-Amplicon-short-trimmed+3",197,"g",1690927,2041,0.1204
"SARS-CoV2-5UTR-Amplicon-short-trimmed+3",198,"g",1690926,7913,0.4683
"SARS-CoV2-5UTR-Amplicon-short-trimmed+3",199,"t",1690926,3081,0.183
"SARS-CoV2-5UTR-Amplicon-short-trimmed+3",200,"g",1690924,3394,0.1944
"SARS-CoV2-5UTR-Amplicon-short-trimmed+3",201,"t",1690924,2743,0.1596
"SARS-CoV2-5UTR-Amplicon-short-trimmed+3",202,"g",1690921,3124,0.1849
"SARS-CoV2-5UTR-Amplicon-short-trimmed+3",203,"a",1690921,3479,0.205
"SARS-CoV2-5UTR-Amplicon-short-trimmed+3",204,"c",1690921,1169,0.0688
"SARS-CoV2-5UTR-Amplicon-short-trimmed+3",205,"c",1690921,774,0.0456
"SARS-CoV2-5UTR-Amplicon-short-trimmed+3",206,"g",1690921,2552,0.1498
"SARS-CoV2-5UTR-Amplicon-short-trimmed+3",207,"a",1690917,1668,0.0986
"SARS-CoV2-5UTR-Amplicon-short-trimmed+3",208,"a",1690916,1133,0.067
"SARS-CoV2-5UTR-Amplicon-short-trimmed+3",209,"a",1690914,1979,0.1173
"SARS-CoV2-5UTR-Amplicon-short-trimmed+3",210,"g",1690912,2071,0.1221
"SARS-CoV2-5UTR-Amplicon-short-trimmed+3",211,"g",1690912,3100,0.182
"SARS-CoV2-5UTR-Amplicon-short-trimmed+3",212,"t",1690910,1526,0.0898
"SARS-CoV2-5UTR-Amplicon-short-trimmed+3",213,"a",1690908,1279,0.0759
"SARS-CoV2-5UTR-Amplicon-short-trimmed+3",214,"a",1690907,1376,0.0817
"SARS-CoV2-5UTR-Amplicon-short-trimmed+3",215,"g",1690907,1579,0.0937
"SARS-CoV2-5UTR-Amplicon-short-trimmed+3",216,"a",1691115,995,0.0589
"SARS-CoV2-5UTR-Amplicon-short-trimmed+3",217,"t",1691112,1840,0.1095
"SARS-CoV2-5UTR-Amplicon-short-trimmed+3",218,"g",1691110,2039,0.121
"SARS-CoV2-5UTR-Amplicon-short-trimmed+3",219,"g",1691103,2075,0.1228
"SARS-CoV2-5UTR-Amplicon-short-trimmed+3",220,"a",1691102,3406,0.2024
"SARS-CoV2-5UTR-Amplicon-short-trimmed+3",221,"g",1691098,3903,0.2307
"SARS-CoV2-5UTR-Amplicon-short-trimmed+3",222,"a",1690888,1524,0.0905
"SARS-CoV2-5UTR-Amplicon-short-trimmed+3",223,"g",1690888,2660,0.1579
"SARS-CoV2-5UTR-Amplicon-short-trimmed+3",224,"c",1690887,782,0.0461
"SARS-CoV2-5UTR-Amplicon-short-trimmed+3",225,"c",1690887,844,0.0505
"SARS-CoV2-5UTR-Amplicon-short-trimmed+3",226,"t",1690886,1244,0.0733
"SARS-CoV2-5UTR-Amplicon-short-trimmed+3",227,"t",1690881,9329,0.5544
"SARS-CoV2-5UTR-Amplicon-short-trimmed+3",228,"g",1690880,2251,0.1348
"SARS-CoV2-5UTR-Amplicon-short-trimmed+3",229,"t",1690878,2765,0.1628
"SARS-CoV2-5UTR-Amplicon-short-trimmed+3",230,"c",1690876,2410,0.1326
"SARS-CoV2-5UTR-Amplicon-short-trimmed+3",231,"c",1690875,649,0.0387
"SARS-CoV2-5UTR-Amplicon-short-trimmed+3",232,"c",1690871,1028,0.0612
"SARS-CoV2-5UTR-Amplicon-short-trimmed+3",233,"t",1690597,3260,0.1939
"SARS-CoV2-5UTR-Amplicon-short-trimmed+3",234,"g",1690592,3482,0.2075
"SARS-CoV2-5UTR-Amplicon-short-trimmed+3",235,"g",1690591,2747,0.1636
"SARS-CoV2-5UTR-Amplicon-short-trimmed+3",236,"t",1690582,809,0.048
"SARS-CoV2-5UTR-Amplicon-short-trimmed+3",237,"t",1690576,1310,0.0769
"SARS-CoV2-5UTR-Amplicon-short-trimmed+3",238,"t",1690563,1412,0.0833
"SARS-CoV2-5UTR-Amplicon-short-trimmed+3",239,"c",1690528,10818,0.6411
"SARS-CoV2-5UTR-Amplicon-short-trimmed+3",240,"a",1690454,1263,0.0745
"SARS-CoV2-5UTR-Amplicon-short-trimmed+3",241,"a",1690392,966,0.057
"SARS-CoV2-5UTR-Amplicon-short-trimmed+3",242,"c",1690265,1071,0.0637
"SARS-CoV2-5UTR-Amplicon-short-trimmed+3",243,"g",1690045,1596,0.0938
"SARS-CoV2-5UTR-Amplicon-short-trimmed+3",244,"a",1689775,2156,0.1285
"SARS-CoV2-5UTR-Amplicon-short-trimmed+3",245,"g",1688196,0,0
"SARS-CoV2-5UTR-Amplicon-short-trimmed+3",246,"g",1686689,0,0
"SARS-CoV2-5UTR-Amplicon-short-trimmed+3",247,"G",1684053,0,0
"SARS-CoV2-5UTR-Amplicon-short-trimmed+3",248,"A",1682737,0,0
"SARS-CoV2-5UTR-Amplicon-short-trimmed+3",249,"G",1681759,0,0
