"Region","Position","Ref_base","Total_depth","Total_mut","Mean_mut_percentage"
"SARS-CoV2-5UTR-Amplicon-short-trimmed+3",1,"T",2488811,0,0
"SARS-CoV2-5UTR-Amplicon-short-trimmed+3",2,"T",2491223,0,0
"SARS-CoV2-5UTR-Amplicon-short-trimmed+3",3,"G",2492321,0,0
"SARS-CoV2-5UTR-Amplicon-short-trimmed+3",4,"t",2494814,1,0
"SARS-CoV2-5UTR-Amplicon-short-trimmed+3",5,"a",2495906,0,0
"SARS-CoV2-5UTR-Amplicon-short-trimmed+3",6,"g",2496810,1624,0.0655
"SARS-CoV2-5UTR-Amplicon-short-trimmed+3",7,"a",2496979,909,0.0366
"SARS-CoV2-5UTR-Amplicon-short-trimmed+3",8,"t",2497094,986,0.0396
"SARS-CoV2-5UTR-Amplicon-short-trimmed+3",9,"c",2497145,1402,0.0563
"SARS-CoV2-5UTR-Amplicon-short-trimmed+3",10,"t",2497332,1193,0.0479
"SARS-CoV2-5UTR-Amplicon-short-trimmed+3",11,"g",2497389,6731,0.2721
"SARS-CoV2-5UTR-Amplicon-short-trimmed+3",12,"t",2497451,1623,0.065
"SARS-CoV2-5UTR-Amplicon-short-trimmed+3",13,"t",2497541,1876,0.0758
"SARS-CoV2-5UTR-Amplicon-short-trimmed+3",14,"c",2497580,4396,0.1772
"SARS-CoV2-5UTR-Amplicon-short-trimmed+3",15,"t",2497592,1763,0.071
"SARS-CoV2-5UTR-Amplicon-short-trimmed+3",16,"c",2497606,4798,0.193
"SARS-CoV2-5UTR-Amplicon-short-trimmed+3",17,"t",2497645,1761,0.071
"SARS-CoV2-5UTR-Amplicon-short-trimmed+3",18,"a",2497662,1654,0.0666
"SARS-CoV2-5UTR-Amplicon-short-trimmed+3",19,"a",2497672,1095,0.0441
"SARS-CoV2-5UTR-Amplicon-short-trimmed+3",20,"a",2497799,1657,0.0663
"SARS-CoV2-5UTR-Amplicon-short-trimmed+3",21,"c",2497803,4182,0.1673
"SARS-CoV2-5UTR-Amplicon-short-trimmed+3",22,"g",2497803,1594,0.0639
"SARS-CoV2-5UTR-Amplicon-short-trimmed+3",23,"a",2497807,1456,0.0584
"SARS-CoV2-5UTR-Amplicon-short-trimmed+3",24,"a",2497808,1130,0.0452
"SARS-CoV2-5UTR-Amplicon-short-trimmed+3",25,"c",2497808,31938,1.274
"SARS-CoV2-5UTR-Amplicon-short-trimmed+3",26,"t",2497818,3472,0.1394
"SARS-CoV2-5UTR-Amplicon-short-trimmed+3",27,"t",2497824,2853,0.115
"SARS-CoV2-5UTR-Amplicon-short-trimmed+3",28,"t",2497883,6911,0.277
"SARS-CoV2-5UTR-Amplicon-short-trimmed+3",29,"a",2497883,2988,0.1197
"SARS-CoV2-5UTR-Amplicon-short-trimmed+3",30,"a",2497883,1413,0.0566
"SARS-CoV2-5UTR-Amplicon-short-trimmed+3",31,"a",2497754,1335,0.0534
"SARS-CoV2-5UTR-Amplicon-short-trimmed+3",32,"a",2497763,1546,0.062
"SARS-CoV2-5UTR-Amplicon-short-trimmed+3",33,"t",2497764,6737,0.2694
"SARS-CoV2-5UTR-Amplicon-short-trimmed+3",34,"c",2497776,3043,0.1217
"SARS-CoV2-5UTR-Amplicon-short-trimmed+3",35,"t",2497773,1602,0.0642
"SARS-CoV2-5UTR-Amplicon-short-trimmed+3",36,"g",2497774,2404,0.0963
"SARS-CoV2-5UTR-Amplicon-short-trimmed+3",37,"t",2497768,1280,0.0518
"SARS-CoV2-5UTR-Amplicon-short-trimmed+3",38,"g",2497770,1113,0.0446
"SARS-CoV2-5UTR-Amplicon-short-trimmed+3",39,"t",2497777,1297,0.0518
"SARS-CoV2-5UTR-Amplicon-short-trimmed+3",40,"g",2497777,1636,0.0658
"SARS-CoV2-5UTR-Amplicon-short-trimmed+3",41,"g",2497787,1645,0.0662
"SARS-CoV2-5UTR-Amplicon-short-trimmed+3",42,"c",2497783,2156,0.0867
"SARS-CoV2-5UTR-Amplicon-short-trimmed+3",43,"t",2497778,2461,0.099
"SARS-CoV2-5UTR-Amplicon-short-trimmed+3",44,"g",2497780,2128,0.0858
"SARS-CoV2-5UTR-Amplicon-short-trimmed+3",45,"t",2497777,2162,0.087
"SARS-CoV2-5UTR-Amplicon-short-trimmed+3",46,"c",2497773,2125,0.0854
"SARS-CoV2-5UTR-Amplicon-short-trimmed+3",47,"a",2497762,1948,0.0779
"SARS-CoV2-5UTR-Amplicon-short-trimmed+3",48,"c",2497745,1509,0.0604
"SARS-CoV2-5UTR-Amplicon-short-trimmed+3",49,"t",2497738,1037,0.0416
"SARS-CoV2-5UTR-Amplicon-short-trimmed+3",50,"c",2497733,2533,0.1013
"SARS-CoV2-5UTR-Amplicon-short-trimmed+3",51,"g",2497732,2044,0.0823
"SARS-CoV2-5UTR-Amplicon-short-trimmed+3",52,"g",2497731,3087,0.1239
"SARS-CoV2-5UTR-Amplicon-short-trimmed+3",53,"c",2497728,3079,0.1244
"SARS-CoV2-5UTR-Amplicon-short-trimmed+3",54,"t",2497727,2246,0.09
"SARS-CoV2-5UTR-Amplicon-short-trimmed+3",55,"g",2497727,4276,0.1723
"SARS-CoV2-5UTR-Amplicon-short-trimmed+3",56,"c",2497726,3159,0.1274
"SARS-CoV2-5UTR-Amplicon-short-trimmed+3",57,"g",2497726,3575,0.1445
"SARS-CoV2-5UTR-Amplicon-short-trimmed+3",58,"t",2497726,1232,0.0495
"SARS-CoV2-5UTR-Amplicon-short-trimmed+3",59,"g",2497724,2345,0.0946
"SARS-CoV2-5UTR-Amplicon-short-trimmed+3",60,"c",2497724,2449,0.0985
"SARS-CoV2-5UTR-Amplicon-short-trimmed+3",61,"t",2497729,2193,0.088
"SARS-CoV2-5UTR-Amplicon-short-trimmed+3",62,"t",2497729,2041,0.0823
"SARS-CoV2-5UTR-Amplicon-short-trimmed+3",63,"a",2497730,2356,0.0944
"SARS-CoV2-5UTR-Amplicon-short-trimmed+3",64,"g",2497741,1581,0.0635
"SARS-CoV2-5UTR-Amplicon-short-trimmed+3",65,"t",2497741,2092,0.0844
"SARS-CoV2-5UTR-Amplicon-short-trimmed+3",66,"g",2497741,2651,0.1063
"SARS-CoV2-5UTR-Amplicon-short-trimmed+3",67,"c",2497741,2886,0.1157
"SARS-CoV2-5UTR-Amplicon-short-trimmed+3",68,"a",2497746,2564,0.1033
"SARS-CoV2-5UTR-Amplicon-short-trimmed+3",69,"c",2497758,2890,0.1162
"SARS-CoV2-5UTR-Amplicon-short-trimmed+3",70,"t",2497758,1651,0.0663
"SARS-CoV2-5UTR-Amplicon-short-trimmed+3",71,"c",2497758,1655,0.0666
"SARS-CoV2-5UTR-Amplicon-short-trimmed+3",72,"a",2497757,2065,0.0829
"SARS-CoV2-5UTR-Amplicon-short-trimmed+3",73,"c",2497755,2054,0.0819
"SARS-CoV2-5UTR-Amplicon-short-trimmed+3",74,"g",2497755,1678,0.0673
"SARS-CoV2-5UTR-Amplicon-short-trimmed+3",75,"c",2497760,3869,0.1548
"SARS-CoV2-5UTR-Amplicon-short-trimmed+3",76,"a",2497760,1931,0.0775
"SARS-CoV2-5UTR-Amplicon-short-trimmed+3",77,"g",2497740,2046,0.082
"SARS-CoV2-5UTR-Amplicon-short-trimmed+3",78,"t",2497740,1901,0.0764
"SARS-CoV2-5UTR-Amplicon-short-trimmed+3",79,"a",2497740,2729,0.1099
"SARS-CoV2-5UTR-Amplicon-short-trimmed+3",80,"t",2497757,1651,0.0662
"SARS-CoV2-5UTR-Amplicon-short-trimmed+3",81,"a",2497731,1911,0.0766
"SARS-CoV2-5UTR-Amplicon-short-trimmed+3",82,"a",2497729,3596,0.1443
"SARS-CoV2-5UTR-Amplicon-short-trimmed+3",83,"t",2497744,1890,0.0756
"SARS-CoV2-5UTR-Amplicon-short-trimmed+3",84,"t",2497761,3307,0.133
"SARS-CoV2-5UTR-Amplicon-short-trimmed+3",85,"a",2497752,2629,0.1051
"SARS-CoV2-5UTR-Amplicon-short-trimmed+3",86,"a",2497752,2706,0.108
"SARS-CoV2-5UTR-Amplicon-short-trimmed+3",87,"t",2497812,1607,0.0642
"SARS-CoV2-5UTR-Amplicon-short-trimmed+3",88,"a",2497819,1722,0.0689
"SARS-CoV2-5UTR-Amplicon-short-trimmed+3",89,"a",2497884,8360,0.3348
"SARS-CoV2-5UTR-Amplicon-short-trimmed+3",90,"c",2497883,4685,0.1875
"SARS-CoV2-5UTR-Amplicon-short-trimmed+3",91,"t",2497961,2086,0.0839
"SARS-CoV2-5UTR-Amplicon-short-trimmed+3",92,"a",2497955,1863,0.0747
"SARS-CoV2-5UTR-Amplicon-short-trimmed+3",93,"a",2497967,2039,0.0819
"SARS-CoV2-5UTR-Amplicon-short-trimmed+3",94,"t",2498002,1855,0.0743
"SARS-CoV2-5UTR-Amplicon-short-trimmed+3",95,"t",2498018,2064,0.0829
"SARS-CoV2-5UTR-Amplicon-short-trimmed+3",96,"a",2498016,2111,0.0848
"SARS-CoV2-5UTR-Amplicon-short-trimmed+3",97,"c",2498013,3060,0.1235
"SARS-CoV2-5UTR-Amplicon-short-trimmed+3",98,"t",2498018,1680,0.0677
"SARS-CoV2-5UTR-Amplicon-short-trimmed+3",99,"g",2498018,2581,0.1038
"SARS-CoV2-5UTR-Amplicon-short-trimmed+3",100,"t",2497960,2025,0.0812
"SARS-CoV2-5UTR-Amplicon-short-trimmed+3",101,"c",2497934,1903,0.076
"SARS-CoV2-5UTR-Amplicon-short-trimmed+3",102,"g",2497885,2430,0.0975
"SARS-CoV2-5UTR-Amplicon-short-trimmed+3",103,"t",2497896,1645,0.0659
"SARS-CoV2-5UTR-Amplicon-short-trimmed+3",104,"t",2497922,2484,0.0998
"SARS-CoV2-5UTR-Amplicon-short-trimmed+3",105,"g",2497868,1403,0.0564
"SARS-CoV2-5UTR-Amplicon-short-trimmed+3",106,"a",2497880,1819,0.0731
"SARS-CoV2-5UTR-Amplicon-short-trimmed+3",107,"c",2497924,1931,0.0775
"SARS-CoV2-5UTR-Amplicon-short-trimmed+3",108,"a",2497985,2008,0.0804
"SARS-CoV2-5UTR-Amplicon-short-trimmed+3",109,"g",2498234,1743,0.0702
"SARS-CoV2-5UTR-Amplicon-short-trimmed+3",110,"g",2498744,2614,0.1046
"SARS-CoV2-5UTR-Amplicon-short-trimmed+3",111,"a",2499847,2090,0.0841
"SARS-CoV2-5UTR-Amplicon-short-trimmed+3",112,"c",2501231,4433,0.178
"SARS-CoV2-5UTR-Amplicon-short-trimmed+3",113,"a",2504439,3171,0.1272
"SARS-CoV2-5UTR-Amplicon-short-trimmed+3",114,"c",2512408,3587,0.1427
"SARS-CoV2-5UTR-Amplicon-short-trimmed+3",115,"g",2539482,1717,0.0679
"SARS-CoV2-5UTR-Amplicon-short-trimmed+3",116,"a",2685220,2774,0.1037
"SARS-CoV2-5UTR-Amplicon-short-trimmed+3",117,"g",3999990,2969,0.0743
"SARS-CoV2-5UTR-Amplicon-short-trimmed+3",118,"t",3999898,6459,0.1615
"SARS-CoV2-5UTR-Amplicon-short-trimmed+3",119,"a",3999967,7086,0.1772
"SARS-CoV2-5UTR-Amplicon-short-trimmed+3",120,"a",3999989,8249,0.2062
"SARS-CoV2-5UTR-Amplicon-short-trimmed+3",121,"c",3999983,5508,0.1377
"SARS-CoV2-5UTR-Amplicon-short-trimmed+3",122,"t",3999930,6223,0.1556
"SARS-CoV2-5UTR-Amplicon-short-trimmed+3",123,"c",3999955,5182,0.1296
"SARS-CoV2-5UTR-Amplicon-short-trimmed+3",124,"g",3999842,5740,0.1436
"SARS-CoV2-5UTR-Amplicon-short-trimmed+3",125,"t",3999885,7582,0.1896
"SARS-CoV2-5UTR-Amplicon-short-trimmed+3",126,"c",3999785,5501,0.1376
"SARS-CoV2-5UTR-Amplicon-short-trimmed+3",127,"t",3999579,2637,0.0659
"SARS-CoV2-5UTR-Amplicon-short-trimmed+3",128,"a",3998562,6086,0.1522
"SARS-CoV2-5UTR-Amplicon-short-trimmed+3",129,"t",3997109,11883,0.2973
"SARS-CoV2-5UTR-Amplicon-short-trimmed+3",130,"c",3997045,3613,0.0904
"SARS-CoV2-5UTR-Amplicon-short-trimmed+3",131,"t",3996881,3940,0.0986
"SARS-CoV2-5UTR-Amplicon-short-trimmed+3",132,"t",3976712,3892,0.0978
"SARS-CoV2-5UTR-Amplicon-short-trimmed+3",133,"c",1745640,3615,0.2076
"SARS-CoV2-5UTR-Amplicon-short-trimmed+3",134,"t",1540027,2513,0.1634
"SARS-CoV2-5UTR-Amplicon-short-trimmed+3",135,"g",1515515,1903,0.1262
"SARS-CoV2-5UTR-Amplicon-short-trimmed+3",136,"c",1509445,9211,0.6122
"SARS-CoV2-5UTR-Amplicon-short-trimmed+3",137,"a",1508381,2591,0.1722
"SARS-CoV2-5UTR-Amplicon-short-trimmed+3",138,"g",1507076,1601,0.1069
"SARS-CoV2-5UTR-Amplicon-short-trimmed+3",139,"g",1506351,1991,0.133
"SARS-CoV2-5UTR-Amplicon-short-trimmed+3",140,"c",1505840,2265,0.1514
"SARS-CoV2-5UTR-Amplicon-short-trimmed+3",141,"t",1505511,4473,0.298
"SARS-CoV2-5UTR-Amplicon-short-trimmed+3",142,"g",1505365,3422,0.2285
"SARS-CoV2-5UTR-Amplicon-short-trimmed+3",143,"c",1505279,5195,0.3284
"SARS-CoV2-5UTR-Amplicon-short-trimmed+3",144,"t",1505035,1341,0.0886
"SARS-CoV2-5UTR-Amplicon-short-trimmed+3",145,"t",1505004,3043,0.2038
"SARS-CoV2-5UTR-Amplicon-short-trimmed+3",146,"a",1504828,2442,0.1627
"SARS-CoV2-5UTR-Amplicon-short-trimmed+3",147,"c",1504787,1973,0.1314
"SARS-CoV2-5UTR-Amplicon-short-trimmed+3",148,"g",1504714,1371,0.0907
"SARS-CoV2-5UTR-Amplicon-short-trimmed+3",149,"g",1504588,1868,0.1239
"SARS-CoV2-5UTR-Amplicon-short-trimmed+3",150,"t",1504565,2767,0.184
"SARS-CoV2-5UTR-Amplicon-short-trimmed+3",151,"t",1504548,2386,0.1589
"SARS-CoV2-5UTR-Amplicon-short-trimmed+3",152,"t",1504541,5626,0.3747
"SARS-CoV2-5UTR-Amplicon-short-trimmed+3",153,"c",1504536,6561,0.4357
"SARS-CoV2-5UTR-Amplicon-short-trimmed+3",154,"g",1504548,1661,0.111
"SARS-CoV2-5UTR-Amplicon-short-trimmed+3",155,"t",1504532,3497,0.2329
"SARS-CoV2-5UTR-Amplicon-short-trimmed+3",156,"c",1504534,2005,0.1331
"SARS-CoV2-5UTR-Amplicon-short-trimmed+3",157,"c",1504527,3048,0.2038
"SARS-CoV2-5UTR-Amplicon-short-trimmed+3",158,"g",1504467,1459,0.0973
"SARS-CoV2-5UTR-Amplicon-short-trimmed+3",159,"t",1504462,11791,0.7878
"SARS-CoV2-5UTR-Amplicon-short-trimmed+3",160,"g",1504447,1705,0.1132
"SARS-CoV2-5UTR-Amplicon-short-trimmed+3",161,"t",1504450,2048,0.1369
"SARS-CoV2-5UTR-Amplicon-short-trimmed+3",162,"t",1504449,2594,0.1732
"SARS-CoV2-5UTR-Amplicon-short-trimmed+3",163,"g",1504447,1109,0.0736
"SARS-CoV2-5UTR-Amplicon-short-trimmed+3",164,"c",1504447,2768,0.1851
"SARS-CoV2-5UTR-Amplicon-short-trimmed+3",165,"a",1504458,1944,0.1298
"SARS-CoV2-5UTR-Amplicon-short-trimmed+3",166,"g",1504698,2226,0.1484
"SARS-CoV2-5UTR-Amplicon-short-trimmed+3",167,"c",1504705,2664,0.1777
"SARS-CoV2-5UTR-Amplicon-short-trimmed+3",168,"c",1504707,11953,0.8032
"SARS-CoV2-5UTR-Amplicon-short-trimmed+3",169,"g",1504708,1987,0.1326
"SARS-CoV2-5UTR-Amplicon-short-trimmed+3",170,"a",1504721,1887,0.1257
"SARS-CoV2-5UTR-Amplicon-short-trimmed+3",171,"t",1504742,1996,0.1325
"SARS-CoV2-5UTR-Amplicon-short-trimmed+3",172,"c",1504763,4021,0.2662
"SARS-CoV2-5UTR-Amplicon-short-trimmed+3",173,"a",1504765,1900,0.1266
"SARS-CoV2-5UTR-Amplicon-short-trimmed+3",174,"t",1504767,1610,0.1071
"SARS-CoV2-5UTR-Amplicon-short-trimmed+3",175,"c",1504768,2818,0.1876
"SARS-CoV2-5UTR-Amplicon-short-trimmed+3",176,"a",1504768,2218,0.1479
"SARS-CoV2-5UTR-Amplicon-short-trimmed+3",177,"g",1504769,1577,0.1054
"SARS-CoV2-5UTR-Amplicon-short-trimmed+3",178,"c",1504769,12420,0.8318
"SARS-CoV2-5UTR-Amplicon-short-trimmed+3",179,"a",1504770,2316,0.1548
"SARS-CoV2-5UTR-Amplicon-short-trimmed+3",180,"c",1504772,1864,0.1244
"SARS-CoV2-5UTR-Amplicon-short-trimmed+3",181,"a",1504772,1360,0.0907
"SARS-CoV2-5UTR-Amplicon-short-trimmed+3",182,"t",1504772,1534,0.1018
"SARS-CoV2-5UTR-Amplicon-short-trimmed+3",183,"c",1504772,1320,0.0883
"SARS-CoV2-5UTR-Amplicon-short-trimmed+3",184,"t",1504772,2613,0.1762
"SARS-CoV2-5UTR-Amplicon-short-trimmed+3",185,"a",1504755,3505,0.2356
"SARS-CoV2-5UTR-Amplicon-short-trimmed+3",186,"g",1504753,2122,0.1426
"SARS-CoV2-5UTR-Amplicon-short-trimmed+3",187,"g",1504753,2370,0.1592
"SARS-CoV2-5UTR-Amplicon-short-trimmed+3",188,"t",1504753,2418,0.1609
"SARS-CoV2-5UTR-Amplicon-short-trimmed+3",189,"t",1504741,3315,0.2207
"SARS-CoV2-5UTR-Amplicon-short-trimmed+3",190,"t",1504731,4934,0.3288
"SARS-CoV2-5UTR-Amplicon-short-trimmed+3",191,"c",1504730,5812,0.385
"SARS-CoV2-5UTR-Amplicon-short-trimmed+3",192,"g",1504704,1570,0.1052
"SARS-CoV2-5UTR-Amplicon-short-trimmed+3",193,"t",1504697,10632,0.7099
"SARS-CoV2-5UTR-Amplicon-short-trimmed+3",194,"c",1504696,1588,0.106
"SARS-CoV2-5UTR-Amplicon-short-trimmed+3",195,"c",1504695,2292,0.153
"SARS-CoV2-5UTR-Amplicon-short-trimmed+3",196,"g",1504639,1406,0.0943
"SARS-CoV2-5UTR-Amplicon-short-trimmed+3",197,"g",1504633,1164,0.0775
"SARS-CoV2-5UTR-Amplicon-short-trimmed+3",198,"g",1504621,6777,0.4498
"SARS-CoV2-5UTR-Amplicon-short-trimmed+3",199,"t",1504620,3226,0.2162
"SARS-CoV2-5UTR-Amplicon-short-trimmed+3",200,"g",1504586,1201,0.0805
"SARS-CoV2-5UTR-Amplicon-short-trimmed+3",201,"t",1504585,2207,0.147
"SARS-CoV2-5UTR-Amplicon-short-trimmed+3",202,"g",1504584,1926,0.1284
"SARS-CoV2-5UTR-Amplicon-short-trimmed+3",203,"a",1504580,3017,0.2006
"SARS-CoV2-5UTR-Amplicon-short-trimmed+3",204,"c",1504580,1572,0.1044
"SARS-CoV2-5UTR-Amplicon-short-trimmed+3",205,"c",1504580,1486,0.0989
"SARS-CoV2-5UTR-Amplicon-short-trimmed+3",206,"g",1504580,1467,0.0978
"SARS-CoV2-5UTR-Amplicon-short-trimmed+3",207,"a",1504571,1627,0.1088
"SARS-CoV2-5UTR-Amplicon-short-trimmed+3",208,"a",1504571,834,0.0558
"SARS-CoV2-5UTR-Amplicon-short-trimmed+3",209,"a",1504569,1843,0.1231
"SARS-CoV2-5UTR-Amplicon-short-trimmed+3",210,"g",1504569,1181,0.0786
"SARS-CoV2-5UTR-Amplicon-short-trimmed+3",211,"g",1504558,2095,0.1396
"SARS-CoV2-5UTR-Amplicon-short-trimmed+3",212,"t",1504567,1371,0.0915
"SARS-CoV2-5UTR-Amplicon-short-trimmed+3",213,"a",1504568,1112,0.0738
"SARS-CoV2-5UTR-Amplicon-short-trimmed+3",214,"a",1504565,1402,0.0934
"SARS-CoV2-5UTR-Amplicon-short-trimmed+3",215,"g",1504568,798,0.0532
"SARS-CoV2-5UTR-Amplicon-short-trimmed+3",216,"a",1504831,1053,0.0703
"SARS-CoV2-5UTR-Amplicon-short-trimmed+3",217,"t",1504826,1911,0.1281
"SARS-CoV2-5UTR-Amplicon-short-trimmed+3",218,"g",1504826,1289,0.0862
"SARS-CoV2-5UTR-Amplicon-short-trimmed+3",219,"g",1504807,1488,0.0999
"SARS-CoV2-5UTR-Amplicon-short-trimmed+3",220,"a",1504801,3507,0.2352
"SARS-CoV2-5UTR-Amplicon-short-trimmed+3",221,"g",1504795,2889,0.1936
"SARS-CoV2-5UTR-Amplicon-short-trimmed+3",222,"a",1504542,1453,0.0977
"SARS-CoV2-5UTR-Amplicon-short-trimmed+3",223,"g",1504527,1459,0.0973
"SARS-CoV2-5UTR-Amplicon-short-trimmed+3",224,"c",1504526,2901,0.1923
"SARS-CoV2-5UTR-Amplicon-short-trimmed+3",225,"c",1504524,1599,0.1068
"SARS-CoV2-5UTR-Amplicon-short-trimmed+3",226,"t",1504524,1277,0.0859
"SARS-CoV2-5UTR-Amplicon-short-trimmed+3",227,"t",1504522,8663,0.5804
"SARS-CoV2-5UTR-Amplicon-short-trimmed+3",228,"g",1504522,1225,0.082
"SARS-CoV2-5UTR-Amplicon-short-trimmed+3",229,"t",1504521,2607,0.1738
"SARS-CoV2-5UTR-Amplicon-short-trimmed+3",230,"c",1504508,1284,0.0861
"SARS-CoV2-5UTR-Amplicon-short-trimmed+3",231,"c",1504505,986,0.0658
"SARS-CoV2-5UTR-Amplicon-short-trimmed+3",232,"c",1504493,1879,0.1253
"SARS-CoV2-5UTR-Amplicon-short-trimmed+3",233,"t",1504226,3124,0.2091
"SARS-CoV2-5UTR-Amplicon-short-trimmed+3",234,"g",1504175,2290,0.1532
"SARS-CoV2-5UTR-Amplicon-short-trimmed+3",235,"g",1504174,2158,0.1437
"SARS-CoV2-5UTR-Amplicon-short-trimmed+3",236,"t",1504172,1433,0.0958
"SARS-CoV2-5UTR-Amplicon-short-trimmed+3",237,"t",1504165,1600,0.1065
"SARS-CoV2-5UTR-Amplicon-short-trimmed+3",238,"t",1504148,1631,0.1093
"SARS-CoV2-5UTR-Amplicon-short-trimmed+3",239,"c",1504078,11367,0.7554
"SARS-CoV2-5UTR-Amplicon-short-trimmed+3",240,"a",1503991,1149,0.0765
"SARS-CoV2-5UTR-Amplicon-short-trimmed+3",241,"a",1503789,972,0.0645
"SARS-CoV2-5UTR-Amplicon-short-trimmed+3",242,"c",1503495,1421,0.0944
"SARS-CoV2-5UTR-Amplicon-short-trimmed+3",243,"g",1503396,821,0.0542
"SARS-CoV2-5UTR-Amplicon-short-trimmed+3",244,"a",1503132,2327,0.156
"SARS-CoV2-5UTR-Amplicon-short-trimmed+3",245,"g",1502070,0,0
"SARS-CoV2-5UTR-Amplicon-short-trimmed+3",246,"g",1500909,0,0
"SARS-CoV2-5UTR-Amplicon-short-trimmed+3",247,"G",1498294,1,0
"SARS-CoV2-5UTR-Amplicon-short-trimmed+3",248,"A",1496685,0,0
"SARS-CoV2-5UTR-Amplicon-short-trimmed+3",249,"G",1496100,0,0
