"Region","Position","Ref_base","Total_depth","Total_mut","Mean_mut_percentage"
"SARS-CoV2-5UTR-Amplicon-short-trimmed+3",1,"T",2007062,0,0
"SARS-CoV2-5UTR-Amplicon-short-trimmed+3",2,"T",2008236,0,0
"SARS-CoV2-5UTR-Amplicon-short-trimmed+3",3,"G",2008643,0,0
"SARS-CoV2-5UTR-Amplicon-short-trimmed+3",4,"t",2014454,0,0
"SARS-CoV2-5UTR-Amplicon-short-trimmed+3",5,"a",2014936,0,0
"SARS-CoV2-5UTR-Amplicon-short-trimmed+3",6,"g",2015457,3443,0.1706
"SARS-CoV2-5UTR-Amplicon-short-trimmed+3",7,"a",2016057,503,0.025
"SARS-CoV2-5UTR-Amplicon-short-trimmed+3",8,"t",2016084,551,0.0272
"SARS-CoV2-5UTR-Amplicon-short-trimmed+3",9,"c",2016105,573,0.0284
"SARS-CoV2-5UTR-Amplicon-short-trimmed+3",10,"t",2016118,729,0.0362
"SARS-CoV2-5UTR-Amplicon-short-trimmed+3",11,"g",2016127,13717,0.6814
"SARS-CoV2-5UTR-Amplicon-short-trimmed+3",12,"t",2016192,825,0.041
"SARS-CoV2-5UTR-Amplicon-short-trimmed+3",13,"t",2016203,734,0.0364
"SARS-CoV2-5UTR-Amplicon-short-trimmed+3",14,"c",2016213,506,0.0251
"SARS-CoV2-5UTR-Amplicon-short-trimmed+3",15,"t",2016229,862,0.0428
"SARS-CoV2-5UTR-Amplicon-short-trimmed+3",16,"c",2016236,970,0.0487
"SARS-CoV2-5UTR-Amplicon-short-trimmed+3",17,"t",2016241,483,0.0241
"SARS-CoV2-5UTR-Amplicon-short-trimmed+3",18,"a",2016242,1013,0.0504
"SARS-CoV2-5UTR-Amplicon-short-trimmed+3",19,"a",2016246,939,0.0466
"SARS-CoV2-5UTR-Amplicon-short-trimmed+3",20,"a",2016364,788,0.0392
"SARS-CoV2-5UTR-Amplicon-short-trimmed+3",21,"c",2016365,717,0.0357
"SARS-CoV2-5UTR-Amplicon-short-trimmed+3",22,"g",2016367,5881,0.2908
"SARS-CoV2-5UTR-Amplicon-short-trimmed+3",23,"a",2016369,922,0.0458
"SARS-CoV2-5UTR-Amplicon-short-trimmed+3",24,"a",2016369,662,0.0328
"SARS-CoV2-5UTR-Amplicon-short-trimmed+3",25,"c",2016369,28959,1.4282
"SARS-CoV2-5UTR-Amplicon-short-trimmed+3",26,"t",2016370,1852,0.0921
"SARS-CoV2-5UTR-Amplicon-short-trimmed+3",27,"t",2016386,1548,0.0772
"SARS-CoV2-5UTR-Amplicon-short-trimmed+3",28,"t",2016405,4261,0.2112
"SARS-CoV2-5UTR-Amplicon-short-trimmed+3",29,"a",2016405,1691,0.084
"SARS-CoV2-5UTR-Amplicon-short-trimmed+3",30,"a",2016406,854,0.0424
"SARS-CoV2-5UTR-Amplicon-short-trimmed+3",31,"a",2016322,825,0.041
"SARS-CoV2-5UTR-Amplicon-short-trimmed+3",32,"a",2016322,678,0.0336
"SARS-CoV2-5UTR-Amplicon-short-trimmed+3",33,"t",2016330,4555,0.2259
"SARS-CoV2-5UTR-Amplicon-short-trimmed+3",34,"c",2016331,722,0.0359
"SARS-CoV2-5UTR-Amplicon-short-trimmed+3",35,"t",2016332,1770,0.088
"SARS-CoV2-5UTR-Amplicon-short-trimmed+3",36,"g",2016332,8205,0.4058
"SARS-CoV2-5UTR-Amplicon-short-trimmed+3",37,"t",2016327,821,0.0407
"SARS-CoV2-5UTR-Amplicon-short-trimmed+3",38,"g",2016327,5123,0.2528
"SARS-CoV2-5UTR-Amplicon-short-trimmed+3",39,"t",2016327,710,0.0353
"SARS-CoV2-5UTR-Amplicon-short-trimmed+3",40,"g",2016327,4945,0.2444
"SARS-CoV2-5UTR-Amplicon-short-trimmed+3",41,"g",2016328,3890,0.1928
"SARS-CoV2-5UTR-Amplicon-short-trimmed+3",42,"c",2016336,572,0.0284
"SARS-CoV2-5UTR-Amplicon-short-trimmed+3",43,"t",2016335,2004,0.0997
"SARS-CoV2-5UTR-Amplicon-short-trimmed+3",44,"g",2016335,5251,0.2597
"SARS-CoV2-5UTR-Amplicon-short-trimmed+3",45,"t",2016335,1534,0.0766
"SARS-CoV2-5UTR-Amplicon-short-trimmed+3",46,"c",2016334,369,0.0183
"SARS-CoV2-5UTR-Amplicon-short-trimmed+3",47,"a",2016329,1155,0.0573
"SARS-CoV2-5UTR-Amplicon-short-trimmed+3",48,"c",2016329,488,0.0243
"SARS-CoV2-5UTR-Amplicon-short-trimmed+3",49,"t",2016329,868,0.043
"SARS-CoV2-5UTR-Amplicon-short-trimmed+3",50,"c",2016327,1105,0.0547
"SARS-CoV2-5UTR-Amplicon-short-trimmed+3",51,"g",2016326,7143,0.3532
"SARS-CoV2-5UTR-Amplicon-short-trimmed+3",52,"g",2016326,4661,0.231
"SARS-CoV2-5UTR-Amplicon-short-trimmed+3",53,"c",2016326,1860,0.093
"SARS-CoV2-5UTR-Amplicon-short-trimmed+3",54,"t",2016326,1957,0.0973
"SARS-CoV2-5UTR-Amplicon-short-trimmed+3",55,"g",2016326,8950,0.4445
"SARS-CoV2-5UTR-Amplicon-short-trimmed+3",56,"c",2016326,833,0.0412
"SARS-CoV2-5UTR-Amplicon-short-trimmed+3",57,"g",2016326,4582,0.2269
"SARS-CoV2-5UTR-Amplicon-short-trimmed+3",58,"t",2016326,979,0.0486
"SARS-CoV2-5UTR-Amplicon-short-trimmed+3",59,"g",2016326,4250,0.2097
"SARS-CoV2-5UTR-Amplicon-short-trimmed+3",60,"c",2016326,1140,0.0564
"SARS-CoV2-5UTR-Amplicon-short-trimmed+3",61,"t",2016325,2238,0.1109
"SARS-CoV2-5UTR-Amplicon-short-trimmed+3",62,"t",2016324,3164,0.157
"SARS-CoV2-5UTR-Amplicon-short-trimmed+3",63,"a",2016322,4107,0.2035
"SARS-CoV2-5UTR-Amplicon-short-trimmed+3",64,"g",2016322,5963,0.2953
"SARS-CoV2-5UTR-Amplicon-short-trimmed+3",65,"t",2016322,1214,0.0603
"SARS-CoV2-5UTR-Amplicon-short-trimmed+3",66,"g",2016321,7788,0.3853
"SARS-CoV2-5UTR-Amplicon-short-trimmed+3",67,"c",2016321,1397,0.0693
"SARS-CoV2-5UTR-Amplicon-short-trimmed+3",68,"a",2016321,1275,0.0634
"SARS-CoV2-5UTR-Amplicon-short-trimmed+3",69,"c",2016307,657,0.0326
"SARS-CoV2-5UTR-Amplicon-short-trimmed+3",70,"t",2016307,885,0.044
"SARS-CoV2-5UTR-Amplicon-short-trimmed+3",71,"c",2016307,884,0.0442
"SARS-CoV2-5UTR-Amplicon-short-trimmed+3",72,"a",2016307,1236,0.0612
"SARS-CoV2-5UTR-Amplicon-short-trimmed+3",73,"c",2016306,576,0.0286
"SARS-CoV2-5UTR-Amplicon-short-trimmed+3",74,"g",2016307,3886,0.1922
"SARS-CoV2-5UTR-Amplicon-short-trimmed+3",75,"c",2016321,2741,0.1359
"SARS-CoV2-5UTR-Amplicon-short-trimmed+3",76,"a",2016321,1768,0.088
"SARS-CoV2-5UTR-Amplicon-short-trimmed+3",77,"g",2016319,3379,0.167
"SARS-CoV2-5UTR-Amplicon-short-trimmed+3",78,"t",2016332,1338,0.0665
"SARS-CoV2-5UTR-Amplicon-short-trimmed+3",79,"a",2016332,1492,0.0741
"SARS-CoV2-5UTR-Amplicon-short-trimmed+3",80,"t",2016333,698,0.0346
"SARS-CoV2-5UTR-Amplicon-short-trimmed+3",81,"a",2016327,938,0.0466
"SARS-CoV2-5UTR-Amplicon-short-trimmed+3",82,"a",2016325,1797,0.0894
"SARS-CoV2-5UTR-Amplicon-short-trimmed+3",83,"t",2016357,932,0.0461
"SARS-CoV2-5UTR-Amplicon-short-trimmed+3",84,"t",2016356,2049,0.1021
"SARS-CoV2-5UTR-Amplicon-short-trimmed+3",85,"a",2016355,1550,0.0768
"SARS-CoV2-5UTR-Amplicon-short-trimmed+3",86,"a",2016355,1096,0.0544
"SARS-CoV2-5UTR-Amplicon-short-trimmed+3",87,"t",2016364,831,0.0412
"SARS-CoV2-5UTR-Amplicon-short-trimmed+3",88,"a",2016372,1155,0.0572
"SARS-CoV2-5UTR-Amplicon-short-trimmed+3",89,"a",2016376,5695,0.2824
"SARS-CoV2-5UTR-Amplicon-short-trimmed+3",90,"c",2016430,930,0.0461
"SARS-CoV2-5UTR-Amplicon-short-trimmed+3",91,"t",2016485,1013,0.0503
"SARS-CoV2-5UTR-Amplicon-short-trimmed+3",92,"a",2016475,972,0.0482
"SARS-CoV2-5UTR-Amplicon-short-trimmed+3",93,"a",2016475,1011,0.0503
"SARS-CoV2-5UTR-Amplicon-short-trimmed+3",94,"t",2016481,919,0.0456
"SARS-CoV2-5UTR-Amplicon-short-trimmed+3",95,"t",2016489,1492,0.0742
"SARS-CoV2-5UTR-Amplicon-short-trimmed+3",96,"a",2016489,898,0.0445
"SARS-CoV2-5UTR-Amplicon-short-trimmed+3",97,"c",2016489,521,0.0257
"SARS-CoV2-5UTR-Amplicon-short-trimmed+3",98,"t",2016488,1282,0.064
"SARS-CoV2-5UTR-Amplicon-short-trimmed+3",99,"g",2016489,6058,0.2994
"SARS-CoV2-5UTR-Amplicon-short-trimmed+3",100,"t",2016489,1470,0.0732
"SARS-CoV2-5UTR-Amplicon-short-trimmed+3",101,"c",2016497,1129,0.056
"SARS-CoV2-5UTR-Amplicon-short-trimmed+3",102,"g",2016536,10841,0.5388
"SARS-CoV2-5UTR-Amplicon-short-trimmed+3",103,"t",2016543,1096,0.0545
"SARS-CoV2-5UTR-Amplicon-short-trimmed+3",104,"t",2016552,1699,0.0844
"SARS-CoV2-5UTR-Amplicon-short-trimmed+3",105,"g",2016522,1962,0.0971
"SARS-CoV2-5UTR-Amplicon-short-trimmed+3",106,"a",2016551,1460,0.0725
"SARS-CoV2-5UTR-Amplicon-short-trimmed+3",107,"c",2016595,1320,0.0656
"SARS-CoV2-5UTR-Amplicon-short-trimmed+3",108,"a",2016632,1899,0.0944
"SARS-CoV2-5UTR-Amplicon-short-trimmed+3",109,"g",2016791,3926,0.1946
"SARS-CoV2-5UTR-Amplicon-short-trimmed+3",110,"g",2017170,2906,0.1438
"SARS-CoV2-5UTR-Amplicon-short-trimmed+3",111,"a",2018101,1227,0.0611
"SARS-CoV2-5UTR-Amplicon-short-trimmed+3",112,"c",2019188,901,0.0448
"SARS-CoV2-5UTR-Amplicon-short-trimmed+3",113,"a",2021690,2641,0.1312
"SARS-CoV2-5UTR-Amplicon-short-trimmed+3",114,"c",2029404,1448,0.0714
"SARS-CoV2-5UTR-Amplicon-short-trimmed+3",115,"g",2055021,4822,0.234
"SARS-CoV2-5UTR-Amplicon-short-trimmed+3",116,"a",2178531,2084,0.0956
"SARS-CoV2-5UTR-Amplicon-short-trimmed+3",117,"g",3921099,12465,0.3176
"SARS-CoV2-5UTR-Amplicon-short-trimmed+3",118,"t",3925876,6026,0.1535
"SARS-CoV2-5UTR-Amplicon-short-trimmed+3",119,"a",3925934,8949,0.2279
"SARS-CoV2-5UTR-Amplicon-short-trimmed+3",120,"a",3926156,6338,0.1614
"SARS-CoV2-5UTR-Amplicon-short-trimmed+3",121,"c",3929108,5124,0.1302
"SARS-CoV2-5UTR-Amplicon-short-trimmed+3",122,"t",3930232,8634,0.2198
"SARS-CoV2-5UTR-Amplicon-short-trimmed+3",123,"c",3931154,6678,0.1698
"SARS-CoV2-5UTR-Amplicon-short-trimmed+3",124,"g",3931650,16808,0.4272
"SARS-CoV2-5UTR-Amplicon-short-trimmed+3",125,"t",3932391,8861,0.2256
"SARS-CoV2-5UTR-Amplicon-short-trimmed+3",126,"c",3932459,4638,0.1179
"SARS-CoV2-5UTR-Amplicon-short-trimmed+3",127,"t",3932239,2566,0.0654
"SARS-CoV2-5UTR-Amplicon-short-trimmed+3",128,"a",3931404,7797,0.1984
"SARS-CoV2-5UTR-Amplicon-short-trimmed+3",129,"t",3929918,15963,0.4061
"SARS-CoV2-5UTR-Amplicon-short-trimmed+3",130,"c",3930001,2124,0.054
"SARS-CoV2-5UTR-Amplicon-short-trimmed+3",131,"t",3929853,4487,0.1143
"SARS-CoV2-5UTR-Amplicon-short-trimmed+3",132,"t",3913421,4440,0.1135
"SARS-CoV2-5UTR-Amplicon-short-trimmed+3",133,"c",2122388,3635,0.1714
"SARS-CoV2-5UTR-Amplicon-short-trimmed+3",134,"t",1950217,3829,0.1963
"SARS-CoV2-5UTR-Amplicon-short-trimmed+3",135,"g",1928436,10581,0.549
"SARS-CoV2-5UTR-Amplicon-short-trimmed+3",136,"c",1921889,10120,0.5269
"SARS-CoV2-5UTR-Amplicon-short-trimmed+3",137,"a",1920973,3630,0.189
"SARS-CoV2-5UTR-Amplicon-short-trimmed+3",138,"g",1919925,3479,0.1814
"SARS-CoV2-5UTR-Amplicon-short-trimmed+3",139,"g",1919347,3029,0.158
"SARS-CoV2-5UTR-Amplicon-short-trimmed+3",140,"c",1918807,3211,0.1674
"SARS-CoV2-5UTR-Amplicon-short-trimmed+3",141,"t",1918596,6058,0.3158
"SARS-CoV2-5UTR-Amplicon-short-trimmed+3",142,"g",1918495,4840,0.2524
"SARS-CoV2-5UTR-Amplicon-short-trimmed+3",143,"c",1918458,9029,0.4704
"SARS-CoV2-5UTR-Amplicon-short-trimmed+3",144,"t",1918347,1589,0.0829
"SARS-CoV2-5UTR-Amplicon-short-trimmed+3",145,"t",1918310,4279,0.2231
"SARS-CoV2-5UTR-Amplicon-short-trimmed+3",146,"a",1918185,8411,0.4386
"SARS-CoV2-5UTR-Amplicon-short-trimmed+3",147,"c",1918175,2654,0.1384
"SARS-CoV2-5UTR-Amplicon-short-trimmed+3",148,"g",1918158,2705,0.1414
"SARS-CoV2-5UTR-Amplicon-short-trimmed+3",149,"g",1918149,3664,0.1912
"SARS-CoV2-5UTR-Amplicon-short-trimmed+3",150,"t",1918150,2302,0.12
"SARS-CoV2-5UTR-Amplicon-short-trimmed+3",151,"t",1918157,2397,0.125
"SARS-CoV2-5UTR-Amplicon-short-trimmed+3",152,"t",1918162,6716,0.3501
"SARS-CoV2-5UTR-Amplicon-short-trimmed+3",153,"c",1918165,4740,0.2472
"SARS-CoV2-5UTR-Amplicon-short-trimmed+3",154,"g",1918171,6440,0.3359
"SARS-CoV2-5UTR-Amplicon-short-trimmed+3",155,"t",1918195,4613,0.2404
"SARS-CoV2-5UTR-Amplicon-short-trimmed+3",156,"c",1918198,2768,0.1442
"SARS-CoV2-5UTR-Amplicon-short-trimmed+3",157,"c",1918206,4203,0.2193
"SARS-CoV2-5UTR-Amplicon-short-trimmed+3",158,"g",1918207,3085,0.1612
"SARS-CoV2-5UTR-Amplicon-short-trimmed+3",159,"t",1918213,17210,0.8973
"SARS-CoV2-5UTR-Amplicon-short-trimmed+3",160,"g",1918225,6122,0.3194
"SARS-CoV2-5UTR-Amplicon-short-trimmed+3",161,"t",1918240,2272,0.1184
"SARS-CoV2-5UTR-Amplicon-short-trimmed+3",162,"t",1918249,7951,0.4147
"SARS-CoV2-5UTR-Amplicon-short-trimmed+3",163,"g",1918251,3394,0.1772
"SARS-CoV2-5UTR-Amplicon-short-trimmed+3",164,"c",1918252,4143,0.216
"SARS-CoV2-5UTR-Amplicon-short-trimmed+3",165,"a",1918265,2961,0.1543
"SARS-CoV2-5UTR-Amplicon-short-trimmed+3",166,"g",1918432,3363,0.1754
"SARS-CoV2-5UTR-Amplicon-short-trimmed+3",167,"c",1918437,3750,0.1956
"SARS-CoV2-5UTR-Amplicon-short-trimmed+3",168,"c",1918441,13807,0.7208
"SARS-CoV2-5UTR-Amplicon-short-trimmed+3",169,"g",1918443,4180,0.2181
"SARS-CoV2-5UTR-Amplicon-short-trimmed+3",170,"a",1918477,2434,0.1269
"SARS-CoV2-5UTR-Amplicon-short-trimmed+3",171,"t",1918479,2446,0.1275
"SARS-CoV2-5UTR-Amplicon-short-trimmed+3",172,"c",1918482,1964,0.1024
"SARS-CoV2-5UTR-Amplicon-short-trimmed+3",173,"a",1918482,2315,0.1207
"SARS-CoV2-5UTR-Amplicon-short-trimmed+3",174,"t",1918483,1849,0.0964
"SARS-CoV2-5UTR-Amplicon-short-trimmed+3",175,"c",1918483,2774,0.1447
"SARS-CoV2-5UTR-Amplicon-short-trimmed+3",176,"a",1918483,3422,0.1784
"SARS-CoV2-5UTR-Amplicon-short-trimmed+3",177,"g",1918484,8691,0.4532
"SARS-CoV2-5UTR-Amplicon-short-trimmed+3",178,"c",1918488,15809,0.8248
"SARS-CoV2-5UTR-Amplicon-short-trimmed+3",179,"a",1918489,3270,0.1704
"SARS-CoV2-5UTR-Amplicon-short-trimmed+3",180,"c",1918489,2438,0.1272
"SARS-CoV2-5UTR-Amplicon-short-trimmed+3",181,"a",1918491,1908,0.0994
"SARS-CoV2-5UTR-Amplicon-short-trimmed+3",182,"t",1918492,1875,0.0977
"SARS-CoV2-5UTR-Amplicon-short-trimmed+3",183,"c",1918493,1017,0.053
"SARS-CoV2-5UTR-Amplicon-short-trimmed+3",184,"t",1918492,3071,0.1603
"SARS-CoV2-5UTR-Amplicon-short-trimmed+3",185,"a",1918492,4915,0.2564
"SARS-CoV2-5UTR-Amplicon-short-trimmed+3",186,"g",1918493,6222,0.3246
"SARS-CoV2-5UTR-Amplicon-short-trimmed+3",187,"g",1918498,7034,0.367
"SARS-CoV2-5UTR-Amplicon-short-trimmed+3",188,"t",1918499,6745,0.3511
"SARS-CoV2-5UTR-Amplicon-short-trimmed+3",189,"t",1918480,3382,0.1764
"SARS-CoV2-5UTR-Amplicon-short-trimmed+3",190,"t",1918479,5805,0.3027
"SARS-CoV2-5UTR-Amplicon-short-trimmed+3",191,"c",1918478,3963,0.2068
"SARS-CoV2-5UTR-Amplicon-short-trimmed+3",192,"g",1918470,7083,0.3696
"SARS-CoV2-5UTR-Amplicon-short-trimmed+3",193,"t",1918471,14103,0.7354
"SARS-CoV2-5UTR-Amplicon-short-trimmed+3",194,"c",1918461,1862,0.097
"SARS-CoV2-5UTR-Amplicon-short-trimmed+3",195,"c",1918460,2920,0.1522
"SARS-CoV2-5UTR-Amplicon-short-trimmed+3",196,"g",1918406,5674,0.2962
"SARS-CoV2-5UTR-Amplicon-short-trimmed+3",197,"g",1918401,4694,0.245
"SARS-CoV2-5UTR-Amplicon-short-trimmed+3",198,"g",1918400,12204,0.6365
"SARS-CoV2-5UTR-Amplicon-short-trimmed+3",199,"t",1918400,4040,0.2108
"SARS-CoV2-5UTR-Amplicon-short-trimmed+3",200,"g",1918393,7742,0.404
"SARS-CoV2-5UTR-Amplicon-short-trimmed+3",201,"t",1918390,6285,0.3273
"SARS-CoV2-5UTR-Amplicon-short-trimmed+3",202,"g",1918389,5749,0.3
"SARS-CoV2-5UTR-Amplicon-short-trimmed+3",203,"a",1918389,4131,0.2153
"SARS-CoV2-5UTR-Amplicon-short-trimmed+3",204,"c",1918389,1562,0.0814
"SARS-CoV2-5UTR-Amplicon-short-trimmed+3",205,"c",1918388,1040,0.0542
"SARS-CoV2-5UTR-Amplicon-short-trimmed+3",206,"g",1918388,7514,0.3921
"SARS-CoV2-5UTR-Amplicon-short-trimmed+3",207,"a",1918376,2315,0.1207
"SARS-CoV2-5UTR-Amplicon-short-trimmed+3",208,"a",1918375,1368,0.0714
"SARS-CoV2-5UTR-Amplicon-short-trimmed+3",209,"a",1918373,2558,0.1335
"SARS-CoV2-5UTR-Amplicon-short-trimmed+3",210,"g",1918373,4815,0.2512
"SARS-CoV2-5UTR-Amplicon-short-trimmed+3",211,"g",1918373,6123,0.3194
"SARS-CoV2-5UTR-Amplicon-short-trimmed+3",212,"t",1918373,1999,0.1043
"SARS-CoV2-5UTR-Amplicon-short-trimmed+3",213,"a",1918372,1593,0.083
"SARS-CoV2-5UTR-Amplicon-short-trimmed+3",214,"a",1918369,1780,0.0928
"SARS-CoV2-5UTR-Amplicon-short-trimmed+3",215,"g",1918373,2781,0.145
"SARS-CoV2-5UTR-Amplicon-short-trimmed+3",216,"a",1918542,1169,0.0609
"SARS-CoV2-5UTR-Amplicon-short-trimmed+3",217,"t",1918540,2203,0.1149
"SARS-CoV2-5UTR-Amplicon-short-trimmed+3",218,"g",1918540,5014,0.2616
"SARS-CoV2-5UTR-Amplicon-short-trimmed+3",219,"g",1918533,3436,0.1794
"SARS-CoV2-5UTR-Amplicon-short-trimmed+3",220,"a",1918530,4237,0.221
"SARS-CoV2-5UTR-Amplicon-short-trimmed+3",221,"g",1918527,6225,0.3248
"SARS-CoV2-5UTR-Amplicon-short-trimmed+3",222,"a",1918340,1823,0.095
"SARS-CoV2-5UTR-Amplicon-short-trimmed+3",223,"g",1918340,6361,0.3321
"SARS-CoV2-5UTR-Amplicon-short-trimmed+3",224,"c",1918339,1059,0.0552
"SARS-CoV2-5UTR-Amplicon-short-trimmed+3",225,"c",1918339,1160,0.0605
"SARS-CoV2-5UTR-Amplicon-short-trimmed+3",226,"t",1918337,2087,0.1089
"SARS-CoV2-5UTR-Amplicon-short-trimmed+3",227,"t",1918334,11455,0.5976
"SARS-CoV2-5UTR-Amplicon-short-trimmed+3",228,"g",1918326,5214,0.2721
"SARS-CoV2-5UTR-Amplicon-short-trimmed+3",229,"t",1918317,3430,0.1788
"SARS-CoV2-5UTR-Amplicon-short-trimmed+3",230,"c",1918316,5280,0.2754
"SARS-CoV2-5UTR-Amplicon-short-trimmed+3",231,"c",1918315,857,0.0447
"SARS-CoV2-5UTR-Amplicon-short-trimmed+3",232,"c",1918313,1167,0.0609
"SARS-CoV2-5UTR-Amplicon-short-trimmed+3",233,"t",1917877,3911,0.2041
"SARS-CoV2-5UTR-Amplicon-short-trimmed+3",234,"g",1917870,7331,0.3826
"SARS-CoV2-5UTR-Amplicon-short-trimmed+3",235,"g",1917862,8689,0.4533
"SARS-CoV2-5UTR-Amplicon-short-trimmed+3",236,"t",1917858,1023,0.0533
"SARS-CoV2-5UTR-Amplicon-short-trimmed+3",237,"t",1917852,1858,0.0969
"SARS-CoV2-5UTR-Amplicon-short-trimmed+3",238,"t",1917838,1741,0.0908
"SARS-CoV2-5UTR-Amplicon-short-trimmed+3",239,"c",1917776,12924,0.674
"SARS-CoV2-5UTR-Amplicon-short-trimmed+3",240,"a",1917669,1606,0.0837
"SARS-CoV2-5UTR-Amplicon-short-trimmed+3",241,"a",1917572,1168,0.061
"SARS-CoV2-5UTR-Amplicon-short-trimmed+3",242,"c",1917421,1421,0.0741
"SARS-CoV2-5UTR-Amplicon-short-trimmed+3",243,"g",1917096,3093,0.1615
"SARS-CoV2-5UTR-Amplicon-short-trimmed+3",244,"a",1916807,2430,0.1268
"SARS-CoV2-5UTR-Amplicon-short-trimmed+3",245,"g",1914068,1,0
"SARS-CoV2-5UTR-Amplicon-short-trimmed+3",246,"g",1910658,0,0
"SARS-CoV2-5UTR-Amplicon-short-trimmed+3",247,"G",1905292,2,1e-04
"SARS-CoV2-5UTR-Amplicon-short-trimmed+3",248,"A",1903607,0,0
"SARS-CoV2-5UTR-Amplicon-short-trimmed+3",249,"G",1902164,0,0
