"Region","Position","Ref_base","Total_depth","Total_mut","Mean_mut_percentage"
"SARS-CoV2-5UTR-Amplicon-short-trimmed+3",1,"T",1986583,0,0
"SARS-CoV2-5UTR-Amplicon-short-trimmed+3",2,"T",1988630,0,0
"SARS-CoV2-5UTR-Amplicon-short-trimmed+3",3,"G",1990149,1,0
"SARS-CoV2-5UTR-Amplicon-short-trimmed+3",4,"t",1992382,0,0
"SARS-CoV2-5UTR-Amplicon-short-trimmed+3",5,"a",1993511,0,0
"SARS-CoV2-5UTR-Amplicon-short-trimmed+3",6,"g",1994422,1287,0.0645
"SARS-CoV2-5UTR-Amplicon-short-trimmed+3",7,"a",1994637,910,0.0456
"SARS-CoV2-5UTR-Amplicon-short-trimmed+3",8,"t",1994657,1005,0.0504
"SARS-CoV2-5UTR-Amplicon-short-trimmed+3",9,"c",1994681,2785,0.1394
"SARS-CoV2-5UTR-Amplicon-short-trimmed+3",10,"t",1995155,1612,0.0808
"SARS-CoV2-5UTR-Amplicon-short-trimmed+3",11,"g",1995173,5739,0.2873
"SARS-CoV2-5UTR-Amplicon-short-trimmed+3",12,"t",1995228,1787,0.0895
"SARS-CoV2-5UTR-Amplicon-short-trimmed+3",13,"t",1995254,2254,0.1129
"SARS-CoV2-5UTR-Amplicon-short-trimmed+3",14,"c",1995307,8119,0.4066
"SARS-CoV2-5UTR-Amplicon-short-trimmed+3",15,"t",1995348,2484,0.1245
"SARS-CoV2-5UTR-Amplicon-short-trimmed+3",16,"c",1995356,8008,0.401
"SARS-CoV2-5UTR-Amplicon-short-trimmed+3",17,"t",1995374,2124,0.1065
"SARS-CoV2-5UTR-Amplicon-short-trimmed+3",18,"a",1995376,1791,0.0897
"SARS-CoV2-5UTR-Amplicon-short-trimmed+3",19,"a",1995384,972,0.0486
"SARS-CoV2-5UTR-Amplicon-short-trimmed+3",20,"a",1995496,2215,0.1109
"SARS-CoV2-5UTR-Amplicon-short-trimmed+3",21,"c",1995499,7308,0.3658
"SARS-CoV2-5UTR-Amplicon-short-trimmed+3",22,"g",1995560,1621,0.0813
"SARS-CoV2-5UTR-Amplicon-short-trimmed+3",23,"a",1995561,1679,0.0842
"SARS-CoV2-5UTR-Amplicon-short-trimmed+3",24,"a",1995565,913,0.0458
"SARS-CoV2-5UTR-Amplicon-short-trimmed+3",25,"c",1995574,31780,1.5923
"SARS-CoV2-5UTR-Amplicon-short-trimmed+3",26,"t",1995575,2389,0.1197
"SARS-CoV2-5UTR-Amplicon-short-trimmed+3",27,"t",1995589,2590,0.1296
"SARS-CoV2-5UTR-Amplicon-short-trimmed+3",28,"t",1995610,5774,0.2893
"SARS-CoV2-5UTR-Amplicon-short-trimmed+3",29,"a",1995612,2517,0.1261
"SARS-CoV2-5UTR-Amplicon-short-trimmed+3",30,"a",1995612,1379,0.069
"SARS-CoV2-5UTR-Amplicon-short-trimmed+3",31,"a",1995562,1216,0.061
"SARS-CoV2-5UTR-Amplicon-short-trimmed+3",32,"a",1995562,2042,0.1022
"SARS-CoV2-5UTR-Amplicon-short-trimmed+3",33,"t",1995581,6797,0.3406
"SARS-CoV2-5UTR-Amplicon-short-trimmed+3",34,"c",1995583,5228,0.262
"SARS-CoV2-5UTR-Amplicon-short-trimmed+3",35,"t",1995520,1941,0.0973
"SARS-CoV2-5UTR-Amplicon-short-trimmed+3",36,"g",1995521,3757,0.1881
"SARS-CoV2-5UTR-Amplicon-short-trimmed+3",37,"t",1995532,1528,0.0766
"SARS-CoV2-5UTR-Amplicon-short-trimmed+3",38,"g",1995532,1659,0.083
"SARS-CoV2-5UTR-Amplicon-short-trimmed+3",39,"t",1995532,1622,0.0812
"SARS-CoV2-5UTR-Amplicon-short-trimmed+3",40,"g",1995532,2307,0.1156
"SARS-CoV2-5UTR-Amplicon-short-trimmed+3",41,"g",1995532,1628,0.0815
"SARS-CoV2-5UTR-Amplicon-short-trimmed+3",42,"c",1995532,4386,0.2196
"SARS-CoV2-5UTR-Amplicon-short-trimmed+3",43,"t",1995532,2200,0.1101
"SARS-CoV2-5UTR-Amplicon-short-trimmed+3",44,"g",1995533,2031,0.1018
"SARS-CoV2-5UTR-Amplicon-short-trimmed+3",45,"t",1995533,2889,0.1447
"SARS-CoV2-5UTR-Amplicon-short-trimmed+3",46,"c",1995534,3647,0.1826
"SARS-CoV2-5UTR-Amplicon-short-trimmed+3",47,"a",1995530,2525,0.1265
"SARS-CoV2-5UTR-Amplicon-short-trimmed+3",48,"c",1995530,4769,0.2388
"SARS-CoV2-5UTR-Amplicon-short-trimmed+3",49,"t",1995530,1494,0.0748
"SARS-CoV2-5UTR-Amplicon-short-trimmed+3",50,"c",1995530,6469,0.3239
"SARS-CoV2-5UTR-Amplicon-short-trimmed+3",51,"g",1995530,2992,0.1498
"SARS-CoV2-5UTR-Amplicon-short-trimmed+3",52,"g",1995530,3285,0.1646
"SARS-CoV2-5UTR-Amplicon-short-trimmed+3",53,"c",1995530,2879,0.1441
"SARS-CoV2-5UTR-Amplicon-short-trimmed+3",54,"t",1995529,2148,0.1076
"SARS-CoV2-5UTR-Amplicon-short-trimmed+3",55,"g",1995529,3317,0.166
"SARS-CoV2-5UTR-Amplicon-short-trimmed+3",56,"c",1995530,4351,0.2181
"SARS-CoV2-5UTR-Amplicon-short-trimmed+3",57,"g",1995529,2477,0.124
"SARS-CoV2-5UTR-Amplicon-short-trimmed+3",58,"t",1995529,1552,0.0778
"SARS-CoV2-5UTR-Amplicon-short-trimmed+3",59,"g",1995527,2190,0.1096
"SARS-CoV2-5UTR-Amplicon-short-trimmed+3",60,"c",1995527,5437,0.2723
"SARS-CoV2-5UTR-Amplicon-short-trimmed+3",61,"t",1995527,2517,0.126
"SARS-CoV2-5UTR-Amplicon-short-trimmed+3",62,"t",1995526,2259,0.1132
"SARS-CoV2-5UTR-Amplicon-short-trimmed+3",63,"a",1995508,2896,0.1451
"SARS-CoV2-5UTR-Amplicon-short-trimmed+3",64,"g",1995508,2179,0.1091
"SARS-CoV2-5UTR-Amplicon-short-trimmed+3",65,"t",1995508,2310,0.1156
"SARS-CoV2-5UTR-Amplicon-short-trimmed+3",66,"g",1995508,2799,0.1402
"SARS-CoV2-5UTR-Amplicon-short-trimmed+3",67,"c",1995508,4425,0.2216
"SARS-CoV2-5UTR-Amplicon-short-trimmed+3",68,"a",1995509,2911,0.1458
"SARS-CoV2-5UTR-Amplicon-short-trimmed+3",69,"c",1995508,5575,0.2792
"SARS-CoV2-5UTR-Amplicon-short-trimmed+3",70,"t",1995507,1350,0.0676
"SARS-CoV2-5UTR-Amplicon-short-trimmed+3",71,"c",1995510,1160,0.0582
"SARS-CoV2-5UTR-Amplicon-short-trimmed+3",72,"a",1995510,1878,0.0942
"SARS-CoV2-5UTR-Amplicon-short-trimmed+3",73,"c",1995510,2730,0.1367
"SARS-CoV2-5UTR-Amplicon-short-trimmed+3",74,"g",1995510,1346,0.0675
"SARS-CoV2-5UTR-Amplicon-short-trimmed+3",75,"c",1995509,4189,0.2098
"SARS-CoV2-5UTR-Amplicon-short-trimmed+3",76,"a",1995509,1936,0.097
"SARS-CoV2-5UTR-Amplicon-short-trimmed+3",77,"g",1995508,1822,0.0914
"SARS-CoV2-5UTR-Amplicon-short-trimmed+3",78,"t",1995507,1611,0.0806
"SARS-CoV2-5UTR-Amplicon-short-trimmed+3",79,"a",1995504,2938,0.1472
"SARS-CoV2-5UTR-Amplicon-short-trimmed+3",80,"t",1995522,1188,0.0595
"SARS-CoV2-5UTR-Amplicon-short-trimmed+3",81,"a",1995473,1492,0.0747
"SARS-CoV2-5UTR-Amplicon-short-trimmed+3",82,"a",1995439,3246,0.1627
"SARS-CoV2-5UTR-Amplicon-short-trimmed+3",83,"t",1995406,1659,0.0832
"SARS-CoV2-5UTR-Amplicon-short-trimmed+3",84,"t",1995404,2476,0.124
"SARS-CoV2-5UTR-Amplicon-short-trimmed+3",85,"a",1995403,1839,0.0922
"SARS-CoV2-5UTR-Amplicon-short-trimmed+3",86,"a",1995403,2233,0.1119
"SARS-CoV2-5UTR-Amplicon-short-trimmed+3",87,"t",1995446,1505,0.0754
"SARS-CoV2-5UTR-Amplicon-short-trimmed+3",88,"a",1995446,1367,0.0684
"SARS-CoV2-5UTR-Amplicon-short-trimmed+3",89,"a",1995532,7184,0.36
"SARS-CoV2-5UTR-Amplicon-short-trimmed+3",90,"c",1995534,7185,0.3599
"SARS-CoV2-5UTR-Amplicon-short-trimmed+3",91,"t",1995563,2110,0.1057
"SARS-CoV2-5UTR-Amplicon-short-trimmed+3",92,"a",1995575,2054,0.1029
"SARS-CoV2-5UTR-Amplicon-short-trimmed+3",93,"a",1995595,2432,0.1219
"SARS-CoV2-5UTR-Amplicon-short-trimmed+3",94,"t",1995631,1794,0.09
"SARS-CoV2-5UTR-Amplicon-short-trimmed+3",95,"t",1995631,1788,0.0895
"SARS-CoV2-5UTR-Amplicon-short-trimmed+3",96,"a",1995630,2199,0.1101
"SARS-CoV2-5UTR-Amplicon-short-trimmed+3",97,"c",1995630,4327,0.2168
"SARS-CoV2-5UTR-Amplicon-short-trimmed+3",98,"t",1995630,1656,0.0829
"SARS-CoV2-5UTR-Amplicon-short-trimmed+3",99,"g",1995627,2207,0.1106
"SARS-CoV2-5UTR-Amplicon-short-trimmed+3",100,"t",1995558,2073,0.1037
"SARS-CoV2-5UTR-Amplicon-short-trimmed+3",101,"c",1995558,4314,0.2162
"SARS-CoV2-5UTR-Amplicon-short-trimmed+3",102,"g",1995548,3825,0.1916
"SARS-CoV2-5UTR-Amplicon-short-trimmed+3",103,"t",1995555,1656,0.0829
"SARS-CoV2-5UTR-Amplicon-short-trimmed+3",104,"t",1995590,2894,0.1449
"SARS-CoV2-5UTR-Amplicon-short-trimmed+3",105,"g",1995603,1520,0.0761
"SARS-CoV2-5UTR-Amplicon-short-trimmed+3",106,"a",1995693,1703,0.0852
"SARS-CoV2-5UTR-Amplicon-short-trimmed+3",107,"c",1995832,3587,0.1797
"SARS-CoV2-5UTR-Amplicon-short-trimmed+3",108,"a",1995978,1976,0.0989
"SARS-CoV2-5UTR-Amplicon-short-trimmed+3",109,"g",1996219,1830,0.0917
"SARS-CoV2-5UTR-Amplicon-short-trimmed+3",110,"g",1996622,2921,0.1463
"SARS-CoV2-5UTR-Amplicon-short-trimmed+3",111,"a",1997594,2208,0.1104
"SARS-CoV2-5UTR-Amplicon-short-trimmed+3",112,"c",1998819,7579,0.3789
"SARS-CoV2-5UTR-Amplicon-short-trimmed+3",113,"a",2001283,3006,0.1501
"SARS-CoV2-5UTR-Amplicon-short-trimmed+3",114,"c",2008158,6357,0.3164
"SARS-CoV2-5UTR-Amplicon-short-trimmed+3",115,"g",2033667,1954,0.0962
"SARS-CoV2-5UTR-Amplicon-short-trimmed+3",116,"a",2151019,3302,0.1533
"SARS-CoV2-5UTR-Amplicon-short-trimmed+3",117,"g",3972913,5127,0.1291
"SARS-CoV2-5UTR-Amplicon-short-trimmed+3",118,"t",3977846,7348,0.1848
"SARS-CoV2-5UTR-Amplicon-short-trimmed+3",119,"a",3977935,9655,0.2426
"SARS-CoV2-5UTR-Amplicon-short-trimmed+3",120,"a",3978190,9950,0.25
"SARS-CoV2-5UTR-Amplicon-short-trimmed+3",121,"c",3980319,14097,0.3541
"SARS-CoV2-5UTR-Amplicon-short-trimmed+3",122,"t",3981360,8283,0.208
"SARS-CoV2-5UTR-Amplicon-short-trimmed+3",123,"c",3981996,15723,0.3949
"SARS-CoV2-5UTR-Amplicon-short-trimmed+3",124,"g",3982224,7691,0.193
"SARS-CoV2-5UTR-Amplicon-short-trimmed+3",125,"t",3983112,9641,0.2421
"SARS-CoV2-5UTR-Amplicon-short-trimmed+3",126,"c",3983124,17010,0.427
"SARS-CoV2-5UTR-Amplicon-short-trimmed+3",127,"t",3983031,3277,0.0822
"SARS-CoV2-5UTR-Amplicon-short-trimmed+3",128,"a",3982185,10057,0.2526
"SARS-CoV2-5UTR-Amplicon-short-trimmed+3",129,"t",3981002,17506,0.4398
"SARS-CoV2-5UTR-Amplicon-short-trimmed+3",130,"c",3980525,14469,0.3636
"SARS-CoV2-5UTR-Amplicon-short-trimmed+3",131,"t",3980517,5193,0.1304
"SARS-CoV2-5UTR-Amplicon-short-trimmed+3",132,"t",3963720,7160,0.1806
"SARS-CoV2-5UTR-Amplicon-short-trimmed+3",133,"c",2186916,10458,0.4781
"SARS-CoV2-5UTR-Amplicon-short-trimmed+3",134,"t",2020711,4310,0.2133
"SARS-CoV2-5UTR-Amplicon-short-trimmed+3",135,"g",1999283,3507,0.1754
"SARS-CoV2-5UTR-Amplicon-short-trimmed+3",136,"c",1994017,14893,0.747
"SARS-CoV2-5UTR-Amplicon-short-trimmed+3",137,"a",1993141,4224,0.2119
"SARS-CoV2-5UTR-Amplicon-short-trimmed+3",138,"g",1992082,2227,0.1118
"SARS-CoV2-5UTR-Amplicon-short-trimmed+3",139,"g",1991458,2657,0.1335
"SARS-CoV2-5UTR-Amplicon-short-trimmed+3",140,"c",1990994,3342,0.1679
"SARS-CoV2-5UTR-Amplicon-short-trimmed+3",141,"t",1990764,6238,0.3134
"SARS-CoV2-5UTR-Amplicon-short-trimmed+3",142,"g",1990627,4795,0.2409
"SARS-CoV2-5UTR-Amplicon-short-trimmed+3",143,"c",1990558,9942,0.4994
"SARS-CoV2-5UTR-Amplicon-short-trimmed+3",144,"t",1990452,1981,0.0996
"SARS-CoV2-5UTR-Amplicon-short-trimmed+3",145,"t",1990426,4567,0.2294
"SARS-CoV2-5UTR-Amplicon-short-trimmed+3",146,"a",1990279,8745,0.4394
"SARS-CoV2-5UTR-Amplicon-short-trimmed+3",147,"c",1990272,3037,0.1526
"SARS-CoV2-5UTR-Amplicon-short-trimmed+3",148,"g",1990275,2652,0.1332
"SARS-CoV2-5UTR-Amplicon-short-trimmed+3",149,"g",1990181,2979,0.1496
"SARS-CoV2-5UTR-Amplicon-short-trimmed+3",150,"t",1990177,3837,0.1928
"SARS-CoV2-5UTR-Amplicon-short-trimmed+3",151,"t",1990199,3837,0.1928
"SARS-CoV2-5UTR-Amplicon-short-trimmed+3",152,"t",1990145,8944,0.4494
"SARS-CoV2-5UTR-Amplicon-short-trimmed+3",153,"c",1990137,12918,0.6491
"SARS-CoV2-5UTR-Amplicon-short-trimmed+3",154,"g",1990126,2857,0.1436
"SARS-CoV2-5UTR-Amplicon-short-trimmed+3",155,"t",1990129,5701,0.2864
"SARS-CoV2-5UTR-Amplicon-short-trimmed+3",156,"c",1990122,3251,0.1634
"SARS-CoV2-5UTR-Amplicon-short-trimmed+3",157,"c",1990119,4344,0.2183
"SARS-CoV2-5UTR-Amplicon-short-trimmed+3",158,"g",1989875,2096,0.1054
"SARS-CoV2-5UTR-Amplicon-short-trimmed+3",159,"t",1989815,17594,0.8842
"SARS-CoV2-5UTR-Amplicon-short-trimmed+3",160,"g",1989820,2678,0.1346
"SARS-CoV2-5UTR-Amplicon-short-trimmed+3",161,"t",1989789,2614,0.1314
"SARS-CoV2-5UTR-Amplicon-short-trimmed+3",162,"t",1989757,8165,0.4104
"SARS-CoV2-5UTR-Amplicon-short-trimmed+3",163,"g",1989757,1519,0.0764
"SARS-CoV2-5UTR-Amplicon-short-trimmed+3",164,"c",1989760,4097,0.2059
"SARS-CoV2-5UTR-Amplicon-short-trimmed+3",165,"a",1989735,2880,0.1447
"SARS-CoV2-5UTR-Amplicon-short-trimmed+3",166,"g",1989874,3210,0.1614
"SARS-CoV2-5UTR-Amplicon-short-trimmed+3",167,"c",1989884,3932,0.1976
"SARS-CoV2-5UTR-Amplicon-short-trimmed+3",168,"c",1989884,14039,0.7057
"SARS-CoV2-5UTR-Amplicon-short-trimmed+3",169,"g",1989885,2900,0.1457
"SARS-CoV2-5UTR-Amplicon-short-trimmed+3",170,"a",1989889,3464,0.1741
"SARS-CoV2-5UTR-Amplicon-short-trimmed+3",171,"t",1989893,2987,0.1502
"SARS-CoV2-5UTR-Amplicon-short-trimmed+3",172,"c",1989895,9451,0.475
"SARS-CoV2-5UTR-Amplicon-short-trimmed+3",173,"a",1989896,3346,0.1682
"SARS-CoV2-5UTR-Amplicon-short-trimmed+3",174,"t",1989896,2955,0.1485
"SARS-CoV2-5UTR-Amplicon-short-trimmed+3",175,"c",1989897,7734,0.3886
"SARS-CoV2-5UTR-Amplicon-short-trimmed+3",176,"a",1989897,3420,0.1718
"SARS-CoV2-5UTR-Amplicon-short-trimmed+3",177,"g",1989899,2532,0.1272
"SARS-CoV2-5UTR-Amplicon-short-trimmed+3",178,"c",1989903,17290,0.869
"SARS-CoV2-5UTR-Amplicon-short-trimmed+3",179,"a",1989903,3721,0.187
"SARS-CoV2-5UTR-Amplicon-short-trimmed+3",180,"c",1989910,4653,0.2338
"SARS-CoV2-5UTR-Amplicon-short-trimmed+3",181,"a",1989910,2549,0.1281
"SARS-CoV2-5UTR-Amplicon-short-trimmed+3",182,"t",1989911,3877,0.1948
"SARS-CoV2-5UTR-Amplicon-short-trimmed+3",183,"c",1989911,4866,0.2445
"SARS-CoV2-5UTR-Amplicon-short-trimmed+3",184,"t",1989914,3513,0.1765
"SARS-CoV2-5UTR-Amplicon-short-trimmed+3",185,"a",1989887,4985,0.2505
"SARS-CoV2-5UTR-Amplicon-short-trimmed+3",186,"g",1989886,2991,0.1503
"SARS-CoV2-5UTR-Amplicon-short-trimmed+3",187,"g",1989890,3160,0.1588
"SARS-CoV2-5UTR-Amplicon-short-trimmed+3",188,"t",1989893,9639,0.4844
"SARS-CoV2-5UTR-Amplicon-short-trimmed+3",189,"t",1989893,4418,0.222
"SARS-CoV2-5UTR-Amplicon-short-trimmed+3",190,"t",1989876,6993,0.3514
"SARS-CoV2-5UTR-Amplicon-short-trimmed+3",191,"c",1989873,10556,0.5305
"SARS-CoV2-5UTR-Amplicon-short-trimmed+3",192,"g",1989835,2468,0.1241
"SARS-CoV2-5UTR-Amplicon-short-trimmed+3",193,"t",1989832,15317,0.7698
"SARS-CoV2-5UTR-Amplicon-short-trimmed+3",194,"c",1989832,4332,0.2177
"SARS-CoV2-5UTR-Amplicon-short-trimmed+3",195,"c",1989832,5134,0.258
"SARS-CoV2-5UTR-Amplicon-short-trimmed+3",196,"g",1989795,2432,0.1222
"SARS-CoV2-5UTR-Amplicon-short-trimmed+3",197,"g",1989793,2224,0.1117
"SARS-CoV2-5UTR-Amplicon-short-trimmed+3",198,"g",1989793,9631,0.484
"SARS-CoV2-5UTR-Amplicon-short-trimmed+3",199,"t",1989793,4619,0.2322
"SARS-CoV2-5UTR-Amplicon-short-trimmed+3",200,"g",1989793,4342,0.2182
"SARS-CoV2-5UTR-Amplicon-short-trimmed+3",201,"t",1989793,7928,0.3984
"SARS-CoV2-5UTR-Amplicon-short-trimmed+3",202,"g",1989793,2589,0.1302
"SARS-CoV2-5UTR-Amplicon-short-trimmed+3",203,"a",1989793,4920,0.2473
"SARS-CoV2-5UTR-Amplicon-short-trimmed+3",204,"c",1989793,5156,0.2591
"SARS-CoV2-5UTR-Amplicon-short-trimmed+3",205,"c",1989793,5825,0.2928
"SARS-CoV2-5UTR-Amplicon-short-trimmed+3",206,"g",1989793,2798,0.1406
"SARS-CoV2-5UTR-Amplicon-short-trimmed+3",207,"a",1989807,2701,0.1357
"SARS-CoV2-5UTR-Amplicon-short-trimmed+3",208,"a",1989809,1534,0.0771
"SARS-CoV2-5UTR-Amplicon-short-trimmed+3",209,"a",1989809,2814,0.1414
"SARS-CoV2-5UTR-Amplicon-short-trimmed+3",210,"g",1989811,2350,0.1181
"SARS-CoV2-5UTR-Amplicon-short-trimmed+3",211,"g",1989811,4297,0.216
"SARS-CoV2-5UTR-Amplicon-short-trimmed+3",212,"t",1989811,2518,0.1266
"SARS-CoV2-5UTR-Amplicon-short-trimmed+3",213,"a",1989810,2164,0.1088
"SARS-CoV2-5UTR-Amplicon-short-trimmed+3",214,"a",1989811,2986,0.15
"SARS-CoV2-5UTR-Amplicon-short-trimmed+3",215,"g",1989811,1652,0.083
"SARS-CoV2-5UTR-Amplicon-short-trimmed+3",216,"a",1989956,2238,0.1124
"SARS-CoV2-5UTR-Amplicon-short-trimmed+3",217,"t",1989951,3005,0.1511
"SARS-CoV2-5UTR-Amplicon-short-trimmed+3",218,"g",1989949,2404,0.1208
"SARS-CoV2-5UTR-Amplicon-short-trimmed+3",219,"g",1989940,2208,0.1109
"SARS-CoV2-5UTR-Amplicon-short-trimmed+3",220,"a",1989937,4665,0.2344
"SARS-CoV2-5UTR-Amplicon-short-trimmed+3",221,"g",1989934,3641,0.183
"SARS-CoV2-5UTR-Amplicon-short-trimmed+3",222,"a",1989781,2147,0.1079
"SARS-CoV2-5UTR-Amplicon-short-trimmed+3",223,"g",1989781,2178,0.1095
"SARS-CoV2-5UTR-Amplicon-short-trimmed+3",224,"c",1989764,3745,0.1882
"SARS-CoV2-5UTR-Amplicon-short-trimmed+3",225,"c",1989762,3979,0.2
"SARS-CoV2-5UTR-Amplicon-short-trimmed+3",226,"t",1989762,1765,0.0887
"SARS-CoV2-5UTR-Amplicon-short-trimmed+3",227,"t",1989760,11048,0.5553
"SARS-CoV2-5UTR-Amplicon-short-trimmed+3",228,"g",1989715,2007,0.1009
"SARS-CoV2-5UTR-Amplicon-short-trimmed+3",229,"t",1989712,4216,0.2119
"SARS-CoV2-5UTR-Amplicon-short-trimmed+3",230,"c",1989665,6449,0.3242
"SARS-CoV2-5UTR-Amplicon-short-trimmed+3",231,"c",1989664,2272,0.1142
"SARS-CoV2-5UTR-Amplicon-short-trimmed+3",232,"c",1989651,2798,0.1406
"SARS-CoV2-5UTR-Amplicon-short-trimmed+3",233,"t",1989487,3791,0.1906
"SARS-CoV2-5UTR-Amplicon-short-trimmed+3",234,"g",1989485,2476,0.1244
"SARS-CoV2-5UTR-Amplicon-short-trimmed+3",235,"g",1989462,2575,0.1294
"SARS-CoV2-5UTR-Amplicon-short-trimmed+3",236,"t",1989454,1940,0.0975
"SARS-CoV2-5UTR-Amplicon-short-trimmed+3",237,"t",1989444,2374,0.1194
"SARS-CoV2-5UTR-Amplicon-short-trimmed+3",238,"t",1989268,3240,0.1628
"SARS-CoV2-5UTR-Amplicon-short-trimmed+3",239,"c",1988957,18458,0.928
"SARS-CoV2-5UTR-Amplicon-short-trimmed+3",240,"a",1988791,1860,0.0935
"SARS-CoV2-5UTR-Amplicon-short-trimmed+3",241,"a",1988491,2245,0.1129
"SARS-CoV2-5UTR-Amplicon-short-trimmed+3",242,"c",1987532,4843,0.2436
"SARS-CoV2-5UTR-Amplicon-short-trimmed+3",243,"g",1987400,1363,0.0686
"SARS-CoV2-5UTR-Amplicon-short-trimmed+3",244,"a",1987080,3035,0.1528
"SARS-CoV2-5UTR-Amplicon-short-trimmed+3",245,"g",1985346,0,0
"SARS-CoV2-5UTR-Amplicon-short-trimmed+3",246,"g",1983121,1,0
"SARS-CoV2-5UTR-Amplicon-short-trimmed+3",247,"G",1980465,1,0
"SARS-CoV2-5UTR-Amplicon-short-trimmed+3",248,"A",1978171,0,0
"SARS-CoV2-5UTR-Amplicon-short-trimmed+3",249,"G",1977183,0,0
