"Region","Position","Ref_base","Total_depth","Total_mut","Mean_mut_percentage"
"SARS-CoV2-5UTR-Amplicon-short-trimmed+3",1,"T",2545597,0,0
"SARS-CoV2-5UTR-Amplicon-short-trimmed+3",2,"T",2547338,0,0
"SARS-CoV2-5UTR-Amplicon-short-trimmed+3",3,"G",2547921,0,0
"SARS-CoV2-5UTR-Amplicon-short-trimmed+3",4,"t",2550242,0,0
"SARS-CoV2-5UTR-Amplicon-short-trimmed+3",5,"a",2550804,0,0
"SARS-CoV2-5UTR-Amplicon-short-trimmed+3",6,"g",2551404,1593,0.0612
"SARS-CoV2-5UTR-Amplicon-short-trimmed+3",7,"a",2551599,652,0.0255
"SARS-CoV2-5UTR-Amplicon-short-trimmed+3",8,"t",2551651,688,0.0266
"SARS-CoV2-5UTR-Amplicon-short-trimmed+3",9,"c",2551684,627,0.0244
"SARS-CoV2-5UTR-Amplicon-short-trimmed+3",10,"t",2551717,799,0.0307
"SARS-CoV2-5UTR-Amplicon-short-trimmed+3",11,"g",2551736,6958,0.2659
"SARS-CoV2-5UTR-Amplicon-short-trimmed+3",12,"t",2551780,763,0.0296
"SARS-CoV2-5UTR-Amplicon-short-trimmed+3",13,"t",2551799,907,0.0348
"SARS-CoV2-5UTR-Amplicon-short-trimmed+3",14,"c",2551819,595,0.0229
"SARS-CoV2-5UTR-Amplicon-short-trimmed+3",15,"t",2551822,963,0.0371
"SARS-CoV2-5UTR-Amplicon-short-trimmed+3",16,"c",2551842,1708,0.0645
"SARS-CoV2-5UTR-Amplicon-short-trimmed+3",17,"t",2551867,698,0.0269
"SARS-CoV2-5UTR-Amplicon-short-trimmed+3",18,"a",2551873,1222,0.0471
"SARS-CoV2-5UTR-Amplicon-short-trimmed+3",19,"a",2551884,1075,0.042
"SARS-CoV2-5UTR-Amplicon-short-trimmed+3",20,"a",2551944,808,0.0319
"SARS-CoV2-5UTR-Amplicon-short-trimmed+3",21,"c",2551950,529,0.0205
"SARS-CoV2-5UTR-Amplicon-short-trimmed+3",22,"g",2551954,1399,0.0539
"SARS-CoV2-5UTR-Amplicon-short-trimmed+3",23,"a",2551955,1058,0.0417
"SARS-CoV2-5UTR-Amplicon-short-trimmed+3",24,"a",2551955,737,0.0286
"SARS-CoV2-5UTR-Amplicon-short-trimmed+3",25,"c",2551958,25664,1.0051
"SARS-CoV2-5UTR-Amplicon-short-trimmed+3",26,"t",2551959,1931,0.0754
"SARS-CoV2-5UTR-Amplicon-short-trimmed+3",27,"t",2551973,2486,0.0946
"SARS-CoV2-5UTR-Amplicon-short-trimmed+3",28,"t",2551990,5672,0.221
"SARS-CoV2-5UTR-Amplicon-short-trimmed+3",29,"a",2551992,2086,0.0812
"SARS-CoV2-5UTR-Amplicon-short-trimmed+3",30,"a",2551996,946,0.0372
"SARS-CoV2-5UTR-Amplicon-short-trimmed+3",31,"a",2551978,1080,0.0422
"SARS-CoV2-5UTR-Amplicon-short-trimmed+3",32,"a",2551980,844,0.0331
"SARS-CoV2-5UTR-Amplicon-short-trimmed+3",33,"t",2551981,5686,0.2222
"SARS-CoV2-5UTR-Amplicon-short-trimmed+3",34,"c",2551981,942,0.0364
"SARS-CoV2-5UTR-Amplicon-short-trimmed+3",35,"t",2551981,1092,0.0426
"SARS-CoV2-5UTR-Amplicon-short-trimmed+3",36,"g",2551981,2088,0.0804
"SARS-CoV2-5UTR-Amplicon-short-trimmed+3",37,"t",2551959,834,0.0323
"SARS-CoV2-5UTR-Amplicon-short-trimmed+3",38,"g",2551960,1024,0.04
"SARS-CoV2-5UTR-Amplicon-short-trimmed+3",39,"t",2551960,744,0.029
"SARS-CoV2-5UTR-Amplicon-short-trimmed+3",40,"g",2551960,1662,0.0636
"SARS-CoV2-5UTR-Amplicon-short-trimmed+3",41,"g",2551960,1716,0.0658
"SARS-CoV2-5UTR-Amplicon-short-trimmed+3",42,"c",2551959,574,0.0222
"SARS-CoV2-5UTR-Amplicon-short-trimmed+3",43,"t",2551957,2330,0.0891
"SARS-CoV2-5UTR-Amplicon-short-trimmed+3",44,"g",2551957,2066,0.0791
"SARS-CoV2-5UTR-Amplicon-short-trimmed+3",45,"t",2551957,1601,0.0628
"SARS-CoV2-5UTR-Amplicon-short-trimmed+3",46,"c",2551956,514,0.0198
"SARS-CoV2-5UTR-Amplicon-short-trimmed+3",47,"a",2551935,1271,0.0495
"SARS-CoV2-5UTR-Amplicon-short-trimmed+3",48,"c",2551917,550,0.0214
"SARS-CoV2-5UTR-Amplicon-short-trimmed+3",49,"t",2551916,791,0.0307
"SARS-CoV2-5UTR-Amplicon-short-trimmed+3",50,"c",2551911,698,0.0275
"SARS-CoV2-5UTR-Amplicon-short-trimmed+3",51,"g",2551911,1989,0.0766
"SARS-CoV2-5UTR-Amplicon-short-trimmed+3",52,"g",2551911,2732,0.1064
"SARS-CoV2-5UTR-Amplicon-short-trimmed+3",53,"c",2551911,2953,0.1121
"SARS-CoV2-5UTR-Amplicon-short-trimmed+3",54,"t",2551910,1529,0.0598
"SARS-CoV2-5UTR-Amplicon-short-trimmed+3",55,"g",2551910,3835,0.1474
"SARS-CoV2-5UTR-Amplicon-short-trimmed+3",56,"c",2551910,984,0.0381
"SARS-CoV2-5UTR-Amplicon-short-trimmed+3",57,"g",2551910,3671,0.1398
"SARS-CoV2-5UTR-Amplicon-short-trimmed+3",58,"t",2551910,1015,0.0394
"SARS-CoV2-5UTR-Amplicon-short-trimmed+3",59,"g",2551910,2579,0.0985
"SARS-CoV2-5UTR-Amplicon-short-trimmed+3",60,"c",2551909,932,0.0363
"SARS-CoV2-5UTR-Amplicon-short-trimmed+3",61,"t",2551910,1192,0.0463
"SARS-CoV2-5UTR-Amplicon-short-trimmed+3",62,"t",2551910,1525,0.0589
"SARS-CoV2-5UTR-Amplicon-short-trimmed+3",63,"a",2551911,1492,0.058
"SARS-CoV2-5UTR-Amplicon-short-trimmed+3",64,"g",2551911,1254,0.0486
"SARS-CoV2-5UTR-Amplicon-short-trimmed+3",65,"t",2551912,1268,0.0499
"SARS-CoV2-5UTR-Amplicon-short-trimmed+3",66,"g",2551911,2718,0.1052
"SARS-CoV2-5UTR-Amplicon-short-trimmed+3",67,"c",2551911,1554,0.0609
"SARS-CoV2-5UTR-Amplicon-short-trimmed+3",68,"a",2551911,1544,0.0606
"SARS-CoV2-5UTR-Amplicon-short-trimmed+3",69,"c",2551911,812,0.0312
"SARS-CoV2-5UTR-Amplicon-short-trimmed+3",70,"t",2551910,1064,0.0415
"SARS-CoV2-5UTR-Amplicon-short-trimmed+3",71,"c",2551910,1264,0.0482
"SARS-CoV2-5UTR-Amplicon-short-trimmed+3",72,"a",2551908,1424,0.0558
"SARS-CoV2-5UTR-Amplicon-short-trimmed+3",73,"c",2551908,664,0.0256
"SARS-CoV2-5UTR-Amplicon-short-trimmed+3",74,"g",2551908,1563,0.0604
"SARS-CoV2-5UTR-Amplicon-short-trimmed+3",75,"c",2551910,3419,0.134
"SARS-CoV2-5UTR-Amplicon-short-trimmed+3",76,"a",2551909,1787,0.07
"SARS-CoV2-5UTR-Amplicon-short-trimmed+3",77,"g",2551907,2086,0.0812
"SARS-CoV2-5UTR-Amplicon-short-trimmed+3",78,"t",2551907,1634,0.0643
"SARS-CoV2-5UTR-Amplicon-short-trimmed+3",79,"a",2551906,1808,0.071
"SARS-CoV2-5UTR-Amplicon-short-trimmed+3",80,"t",2551906,643,0.0252
"SARS-CoV2-5UTR-Amplicon-short-trimmed+3",81,"a",2551878,1080,0.0425
"SARS-CoV2-5UTR-Amplicon-short-trimmed+3",82,"a",2551874,2187,0.0854
"SARS-CoV2-5UTR-Amplicon-short-trimmed+3",83,"t",2551873,864,0.0341
"SARS-CoV2-5UTR-Amplicon-short-trimmed+3",84,"t",2551873,2365,0.0925
"SARS-CoV2-5UTR-Amplicon-short-trimmed+3",85,"a",2551852,1568,0.0615
"SARS-CoV2-5UTR-Amplicon-short-trimmed+3",86,"a",2551851,1110,0.0443
"SARS-CoV2-5UTR-Amplicon-short-trimmed+3",87,"t",2551856,898,0.0354
"SARS-CoV2-5UTR-Amplicon-short-trimmed+3",88,"a",2551856,1354,0.0536
"SARS-CoV2-5UTR-Amplicon-short-trimmed+3",89,"a",2551855,7126,0.279
"SARS-CoV2-5UTR-Amplicon-short-trimmed+3",90,"c",2551859,1000,0.0391
"SARS-CoV2-5UTR-Amplicon-short-trimmed+3",91,"t",2551879,1298,0.0506
"SARS-CoV2-5UTR-Amplicon-short-trimmed+3",92,"a",2551874,997,0.0391
"SARS-CoV2-5UTR-Amplicon-short-trimmed+3",93,"a",2551873,1130,0.0447
"SARS-CoV2-5UTR-Amplicon-short-trimmed+3",94,"t",2551874,986,0.0383
"SARS-CoV2-5UTR-Amplicon-short-trimmed+3",95,"t",2551856,1893,0.0741
"SARS-CoV2-5UTR-Amplicon-short-trimmed+3",96,"a",2551859,1112,0.0435
"SARS-CoV2-5UTR-Amplicon-short-trimmed+3",97,"c",2551858,592,0.0228
"SARS-CoV2-5UTR-Amplicon-short-trimmed+3",98,"t",2551858,1179,0.0459
"SARS-CoV2-5UTR-Amplicon-short-trimmed+3",99,"g",2551857,2052,0.0793
"SARS-CoV2-5UTR-Amplicon-short-trimmed+3",100,"t",2551855,1466,0.0574
"SARS-CoV2-5UTR-Amplicon-short-trimmed+3",101,"c",2551854,723,0.0279
"SARS-CoV2-5UTR-Amplicon-short-trimmed+3",102,"g",2551899,2699,0.1039
"SARS-CoV2-5UTR-Amplicon-short-trimmed+3",103,"t",2551888,1256,0.0494
"SARS-CoV2-5UTR-Amplicon-short-trimmed+3",104,"t",2551893,2244,0.0874
"SARS-CoV2-5UTR-Amplicon-short-trimmed+3",105,"g",2551904,1381,0.0533
"SARS-CoV2-5UTR-Amplicon-short-trimmed+3",106,"a",2551940,1544,0.0614
"SARS-CoV2-5UTR-Amplicon-short-trimmed+3",107,"c",2551975,1428,0.0552
"SARS-CoV2-5UTR-Amplicon-short-trimmed+3",108,"a",2552033,2018,0.0798
"SARS-CoV2-5UTR-Amplicon-short-trimmed+3",109,"g",2552214,1811,0.0705
"SARS-CoV2-5UTR-Amplicon-short-trimmed+3",110,"g",2552610,2704,0.1063
"SARS-CoV2-5UTR-Amplicon-short-trimmed+3",111,"a",2553727,1414,0.0558
"SARS-CoV2-5UTR-Amplicon-short-trimmed+3",112,"c",2554978,1263,0.0493
"SARS-CoV2-5UTR-Amplicon-short-trimmed+3",113,"a",2557519,3047,0.1203
"SARS-CoV2-5UTR-Amplicon-short-trimmed+3",114,"c",2564299,1667,0.0648
"SARS-CoV2-5UTR-Amplicon-short-trimmed+3",115,"g",2586878,1482,0.0571
"SARS-CoV2-5UTR-Amplicon-short-trimmed+3",116,"a",2727010,1947,0.0724
"SARS-CoV2-5UTR-Amplicon-short-trimmed+3",117,"g",3999993,2933,0.0733
"SARS-CoV2-5UTR-Amplicon-short-trimmed+3",118,"t",3999988,6568,0.1642
"SARS-CoV2-5UTR-Amplicon-short-trimmed+3",119,"a",3999984,6821,0.1705
"SARS-CoV2-5UTR-Amplicon-short-trimmed+3",120,"a",3999992,4429,0.1108
"SARS-CoV2-5UTR-Amplicon-short-trimmed+3",121,"c",3999976,3777,0.0945
"SARS-CoV2-5UTR-Amplicon-short-trimmed+3",122,"t",3999961,5800,0.1451
"SARS-CoV2-5UTR-Amplicon-short-trimmed+3",123,"c",3999955,3464,0.0866
"SARS-CoV2-5UTR-Amplicon-short-trimmed+3",124,"g",3999885,4889,0.1222
"SARS-CoV2-5UTR-Amplicon-short-trimmed+3",125,"t",3999876,6155,0.1539
"SARS-CoV2-5UTR-Amplicon-short-trimmed+3",126,"c",3999738,3241,0.081
"SARS-CoV2-5UTR-Amplicon-short-trimmed+3",127,"t",3999452,2188,0.0548
"SARS-CoV2-5UTR-Amplicon-short-trimmed+3",128,"a",3998387,5352,0.1338
"SARS-CoV2-5UTR-Amplicon-short-trimmed+3",129,"t",3996554,10512,0.263
"SARS-CoV2-5UTR-Amplicon-short-trimmed+3",130,"c",3996613,1360,0.034
"SARS-CoV2-5UTR-Amplicon-short-trimmed+3",131,"t",3996469,3141,0.0786
"SARS-CoV2-5UTR-Amplicon-short-trimmed+3",132,"t",3977235,3036,0.0764
"SARS-CoV2-5UTR-Amplicon-short-trimmed+3",133,"c",1679953,2143,0.1279
"SARS-CoV2-5UTR-Amplicon-short-trimmed+3",134,"t",1480854,2289,0.1533
"SARS-CoV2-5UTR-Amplicon-short-trimmed+3",135,"g",1458544,1620,0.1139
"SARS-CoV2-5UTR-Amplicon-short-trimmed+3",136,"c",1453207,6033,0.4164
"SARS-CoV2-5UTR-Amplicon-short-trimmed+3",137,"a",1452166,1925,0.1311
"SARS-CoV2-5UTR-Amplicon-short-trimmed+3",138,"g",1451048,1178,0.081
"SARS-CoV2-5UTR-Amplicon-short-trimmed+3",139,"g",1450411,1501,0.1024
"SARS-CoV2-5UTR-Amplicon-short-trimmed+3",140,"c",1449983,1844,0.1284
"SARS-CoV2-5UTR-Amplicon-short-trimmed+3",141,"t",1449798,4019,0.277
"SARS-CoV2-5UTR-Amplicon-short-trimmed+3",142,"g",1449712,2838,0.1973
"SARS-CoV2-5UTR-Amplicon-short-trimmed+3",143,"c",1449675,4557,0.2693
"SARS-CoV2-5UTR-Amplicon-short-trimmed+3",144,"t",1449602,923,0.0642
"SARS-CoV2-5UTR-Amplicon-short-trimmed+3",145,"t",1449586,2709,0.1874
"SARS-CoV2-5UTR-Amplicon-short-trimmed+3",146,"a",1449491,2192,0.1484
"SARS-CoV2-5UTR-Amplicon-short-trimmed+3",147,"c",1449488,1607,0.1102
"SARS-CoV2-5UTR-Amplicon-short-trimmed+3",148,"g",1449469,903,0.0622
"SARS-CoV2-5UTR-Amplicon-short-trimmed+3",149,"g",1449448,1043,0.0724
"SARS-CoV2-5UTR-Amplicon-short-trimmed+3",150,"t",1449450,1359,0.0925
"SARS-CoV2-5UTR-Amplicon-short-trimmed+3",151,"t",1449448,1406,0.0947
"SARS-CoV2-5UTR-Amplicon-short-trimmed+3",152,"t",1449450,3930,0.2666
"SARS-CoV2-5UTR-Amplicon-short-trimmed+3",153,"c",1449448,2357,0.1639
"SARS-CoV2-5UTR-Amplicon-short-trimmed+3",154,"g",1449448,976,0.0683
"SARS-CoV2-5UTR-Amplicon-short-trimmed+3",155,"t",1449451,2626,0.1748
"SARS-CoV2-5UTR-Amplicon-short-trimmed+3",156,"c",1449455,1753,0.1197
"SARS-CoV2-5UTR-Amplicon-short-trimmed+3",157,"c",1449457,2719,0.1896
"SARS-CoV2-5UTR-Amplicon-short-trimmed+3",158,"g",1449445,1102,0.0771
"SARS-CoV2-5UTR-Amplicon-short-trimmed+3",159,"t",1449444,11118,0.7627
"SARS-CoV2-5UTR-Amplicon-short-trimmed+3",160,"g",1449454,1257,0.0874
"SARS-CoV2-5UTR-Amplicon-short-trimmed+3",161,"t",1449473,1312,0.0902
"SARS-CoV2-5UTR-Amplicon-short-trimmed+3",162,"t",1449476,2282,0.1563
"SARS-CoV2-5UTR-Amplicon-short-trimmed+3",163,"g",1449478,949,0.066
"SARS-CoV2-5UTR-Amplicon-short-trimmed+3",164,"c",1449484,2343,0.1606
"SARS-CoV2-5UTR-Amplicon-short-trimmed+3",165,"a",1449496,1788,0.1222
"SARS-CoV2-5UTR-Amplicon-short-trimmed+3",166,"g",1449737,1772,0.1225
"SARS-CoV2-5UTR-Amplicon-short-trimmed+3",167,"c",1449742,2276,0.1546
"SARS-CoV2-5UTR-Amplicon-short-trimmed+3",168,"c",1449742,9948,0.7106
"SARS-CoV2-5UTR-Amplicon-short-trimmed+3",169,"g",1449743,1790,0.1265
"SARS-CoV2-5UTR-Amplicon-short-trimmed+3",170,"a",1449748,1554,0.1058
"SARS-CoV2-5UTR-Amplicon-short-trimmed+3",171,"t",1449752,1515,0.1039
"SARS-CoV2-5UTR-Amplicon-short-trimmed+3",172,"c",1449756,1068,0.0723
"SARS-CoV2-5UTR-Amplicon-short-trimmed+3",173,"a",1449759,1372,0.0929
"SARS-CoV2-5UTR-Amplicon-short-trimmed+3",174,"t",1449760,1053,0.0713
"SARS-CoV2-5UTR-Amplicon-short-trimmed+3",175,"c",1449760,1726,0.1202
"SARS-CoV2-5UTR-Amplicon-short-trimmed+3",176,"a",1449760,2081,0.1458
"SARS-CoV2-5UTR-Amplicon-short-trimmed+3",177,"g",1449760,1471,0.1026
"SARS-CoV2-5UTR-Amplicon-short-trimmed+3",178,"c",1449760,10660,0.7522
"SARS-CoV2-5UTR-Amplicon-short-trimmed+3",179,"a",1449761,1902,0.1298
"SARS-CoV2-5UTR-Amplicon-short-trimmed+3",180,"c",1449761,1339,0.0929
"SARS-CoV2-5UTR-Amplicon-short-trimmed+3",181,"a",1449761,1086,0.0744
"SARS-CoV2-5UTR-Amplicon-short-trimmed+3",182,"t",1449762,984,0.0669
"SARS-CoV2-5UTR-Amplicon-short-trimmed+3",183,"c",1449762,603,0.0424
"SARS-CoV2-5UTR-Amplicon-short-trimmed+3",184,"t",1449762,1784,0.125
"SARS-CoV2-5UTR-Amplicon-short-trimmed+3",185,"a",1449781,2180,0.1546
"SARS-CoV2-5UTR-Amplicon-short-trimmed+3",186,"g",1449781,1316,0.0928
"SARS-CoV2-5UTR-Amplicon-short-trimmed+3",187,"g",1449781,1328,0.0946
"SARS-CoV2-5UTR-Amplicon-short-trimmed+3",188,"t",1449783,988,0.0672
"SARS-CoV2-5UTR-Amplicon-short-trimmed+3",189,"t",1449783,2044,0.1394
"SARS-CoV2-5UTR-Amplicon-short-trimmed+3",190,"t",1449783,3583,0.2468
"SARS-CoV2-5UTR-Amplicon-short-trimmed+3",191,"c",1449782,1662,0.1169
"SARS-CoV2-5UTR-Amplicon-short-trimmed+3",192,"g",1449779,1108,0.0789
"SARS-CoV2-5UTR-Amplicon-short-trimmed+3",193,"t",1449777,9222,0.6384
"SARS-CoV2-5UTR-Amplicon-short-trimmed+3",194,"c",1449777,1031,0.0721
"SARS-CoV2-5UTR-Amplicon-short-trimmed+3",195,"c",1449777,1732,0.1202
"SARS-CoV2-5UTR-Amplicon-short-trimmed+3",196,"g",1449758,1150,0.0826
"SARS-CoV2-5UTR-Amplicon-short-trimmed+3",197,"g",1449755,1062,0.0762
"SARS-CoV2-5UTR-Amplicon-short-trimmed+3",198,"g",1449755,6555,0.4563
"SARS-CoV2-5UTR-Amplicon-short-trimmed+3",199,"t",1449752,2416,0.1708
"SARS-CoV2-5UTR-Amplicon-short-trimmed+3",200,"g",1449750,2456,0.1571
"SARS-CoV2-5UTR-Amplicon-short-trimmed+3",201,"t",1449750,1807,0.126
"SARS-CoV2-5UTR-Amplicon-short-trimmed+3",202,"g",1449750,1891,0.1336
"SARS-CoV2-5UTR-Amplicon-short-trimmed+3",203,"a",1449750,2720,0.1857
"SARS-CoV2-5UTR-Amplicon-short-trimmed+3",204,"c",1449751,927,0.0635
"SARS-CoV2-5UTR-Amplicon-short-trimmed+3",205,"c",1449751,649,0.0455
"SARS-CoV2-5UTR-Amplicon-short-trimmed+3",206,"g",1449751,1118,0.0788
"SARS-CoV2-5UTR-Amplicon-short-trimmed+3",207,"a",1449748,1162,0.0834
"SARS-CoV2-5UTR-Amplicon-short-trimmed+3",208,"a",1449747,663,0.045
"SARS-CoV2-5UTR-Amplicon-short-trimmed+3",209,"a",1449746,1637,0.115
"SARS-CoV2-5UTR-Amplicon-short-trimmed+3",210,"g",1449746,837,0.0598
"SARS-CoV2-5UTR-Amplicon-short-trimmed+3",211,"g",1449746,2301,0.1585
"SARS-CoV2-5UTR-Amplicon-short-trimmed+3",212,"t",1449746,1230,0.0847
"SARS-CoV2-5UTR-Amplicon-short-trimmed+3",213,"a",1449746,869,0.0596
"SARS-CoV2-5UTR-Amplicon-short-trimmed+3",214,"a",1449746,1059,0.0746
"SARS-CoV2-5UTR-Amplicon-short-trimmed+3",215,"g",1449748,832,0.058
"SARS-CoV2-5UTR-Amplicon-short-trimmed+3",216,"a",1450009,731,0.0508
"SARS-CoV2-5UTR-Amplicon-short-trimmed+3",217,"t",1450004,1573,0.1123
"SARS-CoV2-5UTR-Amplicon-short-trimmed+3",218,"g",1450003,1113,0.0783
"SARS-CoV2-5UTR-Amplicon-short-trimmed+3",219,"g",1449990,1281,0.0928
"SARS-CoV2-5UTR-Amplicon-short-trimmed+3",220,"a",1449989,3005,0.2152
"SARS-CoV2-5UTR-Amplicon-short-trimmed+3",221,"g",1449986,2739,0.1965
"SARS-CoV2-5UTR-Amplicon-short-trimmed+3",222,"a",1449732,1222,0.0867
"SARS-CoV2-5UTR-Amplicon-short-trimmed+3",223,"g",1449732,1471,0.1041
"SARS-CoV2-5UTR-Amplicon-short-trimmed+3",224,"c",1449732,622,0.0426
"SARS-CoV2-5UTR-Amplicon-short-trimmed+3",225,"c",1449732,682,0.0492
"SARS-CoV2-5UTR-Amplicon-short-trimmed+3",226,"t",1449732,880,0.0612
"SARS-CoV2-5UTR-Amplicon-short-trimmed+3",227,"t",1449732,8077,0.573
"SARS-CoV2-5UTR-Amplicon-short-trimmed+3",228,"g",1449732,1377,0.1011
"SARS-CoV2-5UTR-Amplicon-short-trimmed+3",229,"t",1449728,2181,0.1522
"SARS-CoV2-5UTR-Amplicon-short-trimmed+3",230,"c",1449725,445,0.0302
"SARS-CoV2-5UTR-Amplicon-short-trimmed+3",231,"c",1449724,471,0.0329
"SARS-CoV2-5UTR-Amplicon-short-trimmed+3",232,"c",1449718,917,0.0658
"SARS-CoV2-5UTR-Amplicon-short-trimmed+3",233,"t",1449577,2792,0.1978
"SARS-CoV2-5UTR-Amplicon-short-trimmed+3",234,"g",1449576,1447,0.1052
"SARS-CoV2-5UTR-Amplicon-short-trimmed+3",235,"g",1449574,1241,0.0894
"SARS-CoV2-5UTR-Amplicon-short-trimmed+3",236,"t",1449569,660,0.0462
"SARS-CoV2-5UTR-Amplicon-short-trimmed+3",237,"t",1449563,1042,0.0707
"SARS-CoV2-5UTR-Amplicon-short-trimmed+3",238,"t",1449548,1142,0.0799
"SARS-CoV2-5UTR-Amplicon-short-trimmed+3",239,"c",1449511,10461,0.7198
"SARS-CoV2-5UTR-Amplicon-short-trimmed+3",240,"a",1449449,1070,0.0732
"SARS-CoV2-5UTR-Amplicon-short-trimmed+3",241,"a",1449401,791,0.0537
"SARS-CoV2-5UTR-Amplicon-short-trimmed+3",242,"c",1449337,870,0.0597
"SARS-CoV2-5UTR-Amplicon-short-trimmed+3",243,"g",1449249,906,0.0643
"SARS-CoV2-5UTR-Amplicon-short-trimmed+3",244,"a",1449062,1896,0.1368
"SARS-CoV2-5UTR-Amplicon-short-trimmed+3",245,"g",1448163,0,0
"SARS-CoV2-5UTR-Amplicon-short-trimmed+3",246,"g",1447456,0,0
"SARS-CoV2-5UTR-Amplicon-short-trimmed+3",247,"G",1445611,2,2e-04
"SARS-CoV2-5UTR-Amplicon-short-trimmed+3",248,"A",1444437,0,0
"SARS-CoV2-5UTR-Amplicon-short-trimmed+3",249,"G",1444001,0,0
