"Region","Position","Ref_base","Total_depth","Total_mut","Mean_mut_percentage"
"SARS-CoV2-5UTR-Amplicon-short-trimmed+3",1,"T",2760815,0,0
"SARS-CoV2-5UTR-Amplicon-short-trimmed+3",2,"T",2763515,0,0
"SARS-CoV2-5UTR-Amplicon-short-trimmed+3",3,"G",2765088,0,0
"SARS-CoV2-5UTR-Amplicon-short-trimmed+3",4,"t",2768892,0,0
"SARS-CoV2-5UTR-Amplicon-short-trimmed+3",5,"a",2769886,2,1e-04
"SARS-CoV2-5UTR-Amplicon-short-trimmed+3",6,"g",2771151,2126,0.077
"SARS-CoV2-5UTR-Amplicon-short-trimmed+3",7,"a",2771406,1232,0.044
"SARS-CoV2-5UTR-Amplicon-short-trimmed+3",8,"t",2771483,1390,0.0503
"SARS-CoV2-5UTR-Amplicon-short-trimmed+3",9,"c",2771532,2938,0.1063
"SARS-CoV2-5UTR-Amplicon-short-trimmed+3",10,"t",2772607,1660,0.06
"SARS-CoV2-5UTR-Amplicon-short-trimmed+3",11,"g",2772629,10815,0.3916
"SARS-CoV2-5UTR-Amplicon-short-trimmed+3",12,"t",2772679,2036,0.0736
"SARS-CoV2-5UTR-Amplicon-short-trimmed+3",13,"t",2772714,2486,0.09
"SARS-CoV2-5UTR-Amplicon-short-trimmed+3",14,"c",2772758,9799,0.3534
"SARS-CoV2-5UTR-Amplicon-short-trimmed+3",15,"t",2772780,2095,0.0754
"SARS-CoV2-5UTR-Amplicon-short-trimmed+3",16,"c",2772808,10701,0.3868
"SARS-CoV2-5UTR-Amplicon-short-trimmed+3",17,"t",2772817,2351,0.0849
"SARS-CoV2-5UTR-Amplicon-short-trimmed+3",18,"a",2772822,2029,0.0731
"SARS-CoV2-5UTR-Amplicon-short-trimmed+3",19,"a",2772834,1177,0.0424
"SARS-CoV2-5UTR-Amplicon-short-trimmed+3",20,"a",2772940,1762,0.0637
"SARS-CoV2-5UTR-Amplicon-short-trimmed+3",21,"c",2772957,8185,0.2952
"SARS-CoV2-5UTR-Amplicon-short-trimmed+3",22,"g",2773009,2151,0.0775
"SARS-CoV2-5UTR-Amplicon-short-trimmed+3",23,"a",2773011,1843,0.0666
"SARS-CoV2-5UTR-Amplicon-short-trimmed+3",24,"a",2773014,1027,0.0372
"SARS-CoV2-5UTR-Amplicon-short-trimmed+3",25,"c",2773038,35764,1.2868
"SARS-CoV2-5UTR-Amplicon-short-trimmed+3",26,"t",2773039,3147,0.1134
"SARS-CoV2-5UTR-Amplicon-short-trimmed+3",27,"t",2773041,3588,0.1299
"SARS-CoV2-5UTR-Amplicon-short-trimmed+3",28,"t",2773104,7678,0.2765
"SARS-CoV2-5UTR-Amplicon-short-trimmed+3",29,"a",2773104,3201,0.1153
"SARS-CoV2-5UTR-Amplicon-short-trimmed+3",30,"a",2773104,1628,0.0584
"SARS-CoV2-5UTR-Amplicon-short-trimmed+3",31,"a",2773025,1225,0.0441
"SARS-CoV2-5UTR-Amplicon-short-trimmed+3",32,"a",2773025,1582,0.0571
"SARS-CoV2-5UTR-Amplicon-short-trimmed+3",33,"t",2773026,9041,0.3263
"SARS-CoV2-5UTR-Amplicon-short-trimmed+3",34,"c",2773026,7114,0.2571
"SARS-CoV2-5UTR-Amplicon-short-trimmed+3",35,"t",2773026,2468,0.089
"SARS-CoV2-5UTR-Amplicon-short-trimmed+3",36,"g",2773026,5223,0.1882
"SARS-CoV2-5UTR-Amplicon-short-trimmed+3",37,"t",2773020,1782,0.0643
"SARS-CoV2-5UTR-Amplicon-short-trimmed+3",38,"g",2773019,2296,0.0828
"SARS-CoV2-5UTR-Amplicon-short-trimmed+3",39,"t",2773017,1533,0.0552
"SARS-CoV2-5UTR-Amplicon-short-trimmed+3",40,"g",2773015,2788,0.1008
"SARS-CoV2-5UTR-Amplicon-short-trimmed+3",41,"g",2773012,2192,0.079
"SARS-CoV2-5UTR-Amplicon-short-trimmed+3",42,"c",2773007,5824,0.2104
"SARS-CoV2-5UTR-Amplicon-short-trimmed+3",43,"t",2773006,3102,0.1122
"SARS-CoV2-5UTR-Amplicon-short-trimmed+3",44,"g",2773005,3023,0.1092
"SARS-CoV2-5UTR-Amplicon-short-trimmed+3",45,"t",2773003,3386,0.1219
"SARS-CoV2-5UTR-Amplicon-short-trimmed+3",46,"c",2772997,4766,0.1718
"SARS-CoV2-5UTR-Amplicon-short-trimmed+3",47,"a",2772987,2933,0.1056
"SARS-CoV2-5UTR-Amplicon-short-trimmed+3",48,"c",2773021,6158,0.2224
"SARS-CoV2-5UTR-Amplicon-short-trimmed+3",49,"t",2773019,1756,0.0634
"SARS-CoV2-5UTR-Amplicon-short-trimmed+3",50,"c",2773013,9246,0.3335
"SARS-CoV2-5UTR-Amplicon-short-trimmed+3",51,"g",2773011,3749,0.1355
"SARS-CoV2-5UTR-Amplicon-short-trimmed+3",52,"g",2773011,3792,0.1368
"SARS-CoV2-5UTR-Amplicon-short-trimmed+3",53,"c",2773011,4703,0.1703
"SARS-CoV2-5UTR-Amplicon-short-trimmed+3",54,"t",2773009,2498,0.0902
"SARS-CoV2-5UTR-Amplicon-short-trimmed+3",55,"g",2773009,5318,0.1922
"SARS-CoV2-5UTR-Amplicon-short-trimmed+3",56,"c",2773009,5084,0.1834
"SARS-CoV2-5UTR-Amplicon-short-trimmed+3",57,"g",2773009,4335,0.157
"SARS-CoV2-5UTR-Amplicon-short-trimmed+3",58,"t",2773009,1823,0.0658
"SARS-CoV2-5UTR-Amplicon-short-trimmed+3",59,"g",2773010,3632,0.1312
"SARS-CoV2-5UTR-Amplicon-short-trimmed+3",60,"c",2773010,6176,0.2231
"SARS-CoV2-5UTR-Amplicon-short-trimmed+3",61,"t",2773010,3191,0.1155
"SARS-CoV2-5UTR-Amplicon-short-trimmed+3",62,"t",2773010,3206,0.1161
"SARS-CoV2-5UTR-Amplicon-short-trimmed+3",63,"a",2773009,3574,0.1291
"SARS-CoV2-5UTR-Amplicon-short-trimmed+3",64,"g",2773009,3462,0.1251
"SARS-CoV2-5UTR-Amplicon-short-trimmed+3",65,"t",2773009,2782,0.1005
"SARS-CoV2-5UTR-Amplicon-short-trimmed+3",66,"g",2773008,4180,0.1509
"SARS-CoV2-5UTR-Amplicon-short-trimmed+3",67,"c",2773008,5630,0.2032
"SARS-CoV2-5UTR-Amplicon-short-trimmed+3",68,"a",2773009,3200,0.1156
"SARS-CoV2-5UTR-Amplicon-short-trimmed+3",69,"c",2773029,7566,0.2738
"SARS-CoV2-5UTR-Amplicon-short-trimmed+3",70,"t",2773029,2175,0.0783
"SARS-CoV2-5UTR-Amplicon-short-trimmed+3",71,"c",2773029,2093,0.0756
"SARS-CoV2-5UTR-Amplicon-short-trimmed+3",72,"a",2773028,2200,0.0792
"SARS-CoV2-5UTR-Amplicon-short-trimmed+3",73,"c",2773028,3935,0.142
"SARS-CoV2-5UTR-Amplicon-short-trimmed+3",74,"g",2773028,1765,0.0636
"SARS-CoV2-5UTR-Amplicon-short-trimmed+3",75,"c",2773028,5686,0.2052
"SARS-CoV2-5UTR-Amplicon-short-trimmed+3",76,"a",2773028,2442,0.0878
"SARS-CoV2-5UTR-Amplicon-short-trimmed+3",77,"g",2773028,2657,0.0958
"SARS-CoV2-5UTR-Amplicon-short-trimmed+3",78,"t",2773027,1984,0.0714
"SARS-CoV2-5UTR-Amplicon-short-trimmed+3",79,"a",2772959,3035,0.1096
"SARS-CoV2-5UTR-Amplicon-short-trimmed+3",80,"t",2772976,1973,0.0712
"SARS-CoV2-5UTR-Amplicon-short-trimmed+3",81,"a",2772973,1781,0.0644
"SARS-CoV2-5UTR-Amplicon-short-trimmed+3",82,"a",2772968,4525,0.1632
"SARS-CoV2-5UTR-Amplicon-short-trimmed+3",83,"t",2772989,2160,0.0779
"SARS-CoV2-5UTR-Amplicon-short-trimmed+3",84,"t",2772988,3478,0.1256
"SARS-CoV2-5UTR-Amplicon-short-trimmed+3",85,"a",2772922,2543,0.0915
"SARS-CoV2-5UTR-Amplicon-short-trimmed+3",86,"a",2772922,2843,0.1023
"SARS-CoV2-5UTR-Amplicon-short-trimmed+3",87,"t",2772924,1680,0.0605
"SARS-CoV2-5UTR-Amplicon-short-trimmed+3",88,"a",2772938,2131,0.0768
"SARS-CoV2-5UTR-Amplicon-short-trimmed+3",89,"a",2773153,8731,0.3149
"SARS-CoV2-5UTR-Amplicon-short-trimmed+3",90,"c",2773165,8153,0.2946
"SARS-CoV2-5UTR-Amplicon-short-trimmed+3",91,"t",2773190,2147,0.0774
"SARS-CoV2-5UTR-Amplicon-short-trimmed+3",92,"a",2773187,2230,0.0802
"SARS-CoV2-5UTR-Amplicon-short-trimmed+3",93,"a",2773185,2676,0.0965
"SARS-CoV2-5UTR-Amplicon-short-trimmed+3",94,"t",2773184,1638,0.0592
"SARS-CoV2-5UTR-Amplicon-short-trimmed+3",95,"t",2773181,2202,0.0794
"SARS-CoV2-5UTR-Amplicon-short-trimmed+3",96,"a",2773178,1949,0.0703
"SARS-CoV2-5UTR-Amplicon-short-trimmed+3",97,"c",2773177,5347,0.1927
"SARS-CoV2-5UTR-Amplicon-short-trimmed+3",98,"t",2773177,2039,0.0735
"SARS-CoV2-5UTR-Amplicon-short-trimmed+3",99,"g",2773176,3453,0.1248
"SARS-CoV2-5UTR-Amplicon-short-trimmed+3",100,"t",2773071,2860,0.1031
"SARS-CoV2-5UTR-Amplicon-short-trimmed+3",101,"c",2773074,5719,0.2065
"SARS-CoV2-5UTR-Amplicon-short-trimmed+3",102,"g",2773114,6564,0.2368
"SARS-CoV2-5UTR-Amplicon-short-trimmed+3",103,"t",2773115,2128,0.0768
"SARS-CoV2-5UTR-Amplicon-short-trimmed+3",104,"t",2773120,3450,0.1242
"SARS-CoV2-5UTR-Amplicon-short-trimmed+3",105,"g",2773078,1685,0.0608
"SARS-CoV2-5UTR-Amplicon-short-trimmed+3",106,"a",2773146,2107,0.0761
"SARS-CoV2-5UTR-Amplicon-short-trimmed+3",107,"c",2773264,4857,0.1759
"SARS-CoV2-5UTR-Amplicon-short-trimmed+3",108,"a",2773326,2827,0.1018
"SARS-CoV2-5UTR-Amplicon-short-trimmed+3",109,"g",2773555,2861,0.103
"SARS-CoV2-5UTR-Amplicon-short-trimmed+3",110,"g",2774116,3927,0.1417
"SARS-CoV2-5UTR-Amplicon-short-trimmed+3",111,"a",2775279,2125,0.0766
"SARS-CoV2-5UTR-Amplicon-short-trimmed+3",112,"c",2776890,8151,0.2938
"SARS-CoV2-5UTR-Amplicon-short-trimmed+3",113,"a",2780501,3320,0.1194
"SARS-CoV2-5UTR-Amplicon-short-trimmed+3",114,"c",2789663,8587,0.308
"SARS-CoV2-5UTR-Amplicon-short-trimmed+3",115,"g",2824226,2404,0.0854
"SARS-CoV2-5UTR-Amplicon-short-trimmed+3",116,"a",2988468,3818,0.1277
"SARS-CoV2-5UTR-Amplicon-short-trimmed+3",117,"g",3999997,5354,0.1338
"SARS-CoV2-5UTR-Amplicon-short-trimmed+3",118,"t",3999993,7221,0.1805
"SARS-CoV2-5UTR-Amplicon-short-trimmed+3",119,"a",3999987,6460,0.1615
"SARS-CoV2-5UTR-Amplicon-short-trimmed+3",120,"a",3999991,5584,0.1396
"SARS-CoV2-5UTR-Amplicon-short-trimmed+3",121,"c",3999974,13429,0.3358
"SARS-CoV2-5UTR-Amplicon-short-trimmed+3",122,"t",3999970,6552,0.1638
"SARS-CoV2-5UTR-Amplicon-short-trimmed+3",123,"c",3999940,13867,0.3467
"SARS-CoV2-5UTR-Amplicon-short-trimmed+3",124,"g",3999874,8698,0.2175
"SARS-CoV2-5UTR-Amplicon-short-trimmed+3",125,"t",3999882,7212,0.1803
"SARS-CoV2-5UTR-Amplicon-short-trimmed+3",126,"c",3999758,15596,0.3899
"SARS-CoV2-5UTR-Amplicon-short-trimmed+3",127,"t",3999535,2839,0.071
"SARS-CoV2-5UTR-Amplicon-short-trimmed+3",128,"a",3998082,6904,0.1727
"SARS-CoV2-5UTR-Amplicon-short-trimmed+3",129,"t",3996463,12347,0.309
"SARS-CoV2-5UTR-Amplicon-short-trimmed+3",130,"c",3995332,14143,0.354
"SARS-CoV2-5UTR-Amplicon-short-trimmed+3",131,"t",3995310,4465,0.1118
"SARS-CoV2-5UTR-Amplicon-short-trimmed+3",132,"t",3974033,5635,0.1417
"SARS-CoV2-5UTR-Amplicon-short-trimmed+3",133,"c",1503470,7023,0.4666
"SARS-CoV2-5UTR-Amplicon-short-trimmed+3",134,"t",1274083,2430,0.192
"SARS-CoV2-5UTR-Amplicon-short-trimmed+3",135,"g",1242760,2716,0.2191
"SARS-CoV2-5UTR-Amplicon-short-trimmed+3",136,"c",1234755,8630,0.6993
"SARS-CoV2-5UTR-Amplicon-short-trimmed+3",137,"a",1233312,2243,0.1824
"SARS-CoV2-5UTR-Amplicon-short-trimmed+3",138,"g",1231884,1203,0.0982
"SARS-CoV2-5UTR-Amplicon-short-trimmed+3",139,"g",1231186,1746,0.1429
"SARS-CoV2-5UTR-Amplicon-short-trimmed+3",140,"c",1230648,2192,0.1794
"SARS-CoV2-5UTR-Amplicon-short-trimmed+3",141,"t",1230404,3806,0.3103
"SARS-CoV2-5UTR-Amplicon-short-trimmed+3",142,"g",1230247,2932,0.239
"SARS-CoV2-5UTR-Amplicon-short-trimmed+3",143,"c",1230192,1347,0.1104
"SARS-CoV2-5UTR-Amplicon-short-trimmed+3",144,"t",1229948,1168,0.0954
"SARS-CoV2-5UTR-Amplicon-short-trimmed+3",145,"t",1229892,2767,0.2264
"SARS-CoV2-5UTR-Amplicon-short-trimmed+3",146,"a",1229757,2045,0.1679
"SARS-CoV2-5UTR-Amplicon-short-trimmed+3",147,"c",1229719,1728,0.1416
"SARS-CoV2-5UTR-Amplicon-short-trimmed+3",148,"g",1229684,1485,0.1225
"SARS-CoV2-5UTR-Amplicon-short-trimmed+3",149,"g",1229550,1776,0.146
"SARS-CoV2-5UTR-Amplicon-short-trimmed+3",150,"t",1229533,2796,0.2295
"SARS-CoV2-5UTR-Amplicon-short-trimmed+3",151,"t",1229531,2136,0.1765
"SARS-CoV2-5UTR-Amplicon-short-trimmed+3",152,"t",1229540,5052,0.4122
"SARS-CoV2-5UTR-Amplicon-short-trimmed+3",153,"c",1229536,7855,0.639
"SARS-CoV2-5UTR-Amplicon-short-trimmed+3",154,"g",1229559,1848,0.1506
"SARS-CoV2-5UTR-Amplicon-short-trimmed+3",155,"t",1229541,3059,0.2514
"SARS-CoV2-5UTR-Amplicon-short-trimmed+3",156,"c",1229547,1833,0.1491
"SARS-CoV2-5UTR-Amplicon-short-trimmed+3",157,"c",1229549,2701,0.2213
"SARS-CoV2-5UTR-Amplicon-short-trimmed+3",158,"g",1229166,1300,0.1065
"SARS-CoV2-5UTR-Amplicon-short-trimmed+3",159,"t",1229134,9931,0.8116
"SARS-CoV2-5UTR-Amplicon-short-trimmed+3",160,"g",1229130,1706,0.1382
"SARS-CoV2-5UTR-Amplicon-short-trimmed+3",161,"t",1229130,1719,0.1397
"SARS-CoV2-5UTR-Amplicon-short-trimmed+3",162,"t",1229137,1888,0.1542
"SARS-CoV2-5UTR-Amplicon-short-trimmed+3",163,"g",1229140,715,0.0584
"SARS-CoV2-5UTR-Amplicon-short-trimmed+3",164,"c",1229144,2156,0.1759
"SARS-CoV2-5UTR-Amplicon-short-trimmed+3",165,"a",1229165,1489,0.1215
"SARS-CoV2-5UTR-Amplicon-short-trimmed+3",166,"g",1229491,1571,0.1284
"SARS-CoV2-5UTR-Amplicon-short-trimmed+3",167,"c",1229499,2051,0.1668
"SARS-CoV2-5UTR-Amplicon-short-trimmed+3",168,"c",1229500,10500,0.8579
"SARS-CoV2-5UTR-Amplicon-short-trimmed+3",169,"g",1229501,1799,0.1474
"SARS-CoV2-5UTR-Amplicon-short-trimmed+3",170,"a",1229507,1719,0.1402
"SARS-CoV2-5UTR-Amplicon-short-trimmed+3",171,"t",1229511,1607,0.1314
"SARS-CoV2-5UTR-Amplicon-short-trimmed+3",172,"c",1229515,4637,0.3769
"SARS-CoV2-5UTR-Amplicon-short-trimmed+3",173,"a",1229516,1635,0.1334
"SARS-CoV2-5UTR-Amplicon-short-trimmed+3",174,"t",1229517,1501,0.1224
"SARS-CoV2-5UTR-Amplicon-short-trimmed+3",175,"c",1229518,4195,0.3406
"SARS-CoV2-5UTR-Amplicon-short-trimmed+3",176,"a",1229518,2081,0.1692
"SARS-CoV2-5UTR-Amplicon-short-trimmed+3",177,"g",1229518,1890,0.1534
"SARS-CoV2-5UTR-Amplicon-short-trimmed+3",178,"c",1229518,11990,0.9784
"SARS-CoV2-5UTR-Amplicon-short-trimmed+3",179,"a",1229519,2222,0.1811
"SARS-CoV2-5UTR-Amplicon-short-trimmed+3",180,"c",1229520,3029,0.2462
"SARS-CoV2-5UTR-Amplicon-short-trimmed+3",181,"a",1229521,1251,0.1024
"SARS-CoV2-5UTR-Amplicon-short-trimmed+3",182,"t",1229521,2951,0.24
"SARS-CoV2-5UTR-Amplicon-short-trimmed+3",183,"c",1229523,3621,0.2943
"SARS-CoV2-5UTR-Amplicon-short-trimmed+3",184,"t",1229527,2194,0.1794
"SARS-CoV2-5UTR-Amplicon-short-trimmed+3",185,"a",1229527,3278,0.2668
"SARS-CoV2-5UTR-Amplicon-short-trimmed+3",186,"g",1229528,2153,0.1758
"SARS-CoV2-5UTR-Amplicon-short-trimmed+3",187,"g",1229528,2895,0.2362
"SARS-CoV2-5UTR-Amplicon-short-trimmed+3",188,"t",1229531,1866,0.1537
"SARS-CoV2-5UTR-Amplicon-short-trimmed+3",189,"t",1229454,2345,0.1907
"SARS-CoV2-5UTR-Amplicon-short-trimmed+3",190,"t",1229447,4241,0.3468
"SARS-CoV2-5UTR-Amplicon-short-trimmed+3",191,"c",1229446,6327,0.5161
"SARS-CoV2-5UTR-Amplicon-short-trimmed+3",192,"g",1229425,1852,0.1508
"SARS-CoV2-5UTR-Amplicon-short-trimmed+3",193,"t",1229425,8872,0.7241
"SARS-CoV2-5UTR-Amplicon-short-trimmed+3",194,"c",1229425,2912,0.2358
"SARS-CoV2-5UTR-Amplicon-short-trimmed+3",195,"c",1229425,3340,0.2713
"SARS-CoV2-5UTR-Amplicon-short-trimmed+3",196,"g",1229411,2125,0.1733
"SARS-CoV2-5UTR-Amplicon-short-trimmed+3",197,"g",1229411,1647,0.1342
"SARS-CoV2-5UTR-Amplicon-short-trimmed+3",198,"g",1229412,5862,0.4773
"SARS-CoV2-5UTR-Amplicon-short-trimmed+3",199,"t",1229412,3327,0.27
"SARS-CoV2-5UTR-Amplicon-short-trimmed+3",200,"g",1229412,1720,0.1402
"SARS-CoV2-5UTR-Amplicon-short-trimmed+3",201,"t",1229412,2169,0.1775
"SARS-CoV2-5UTR-Amplicon-short-trimmed+3",202,"g",1229412,1892,0.1541
"SARS-CoV2-5UTR-Amplicon-short-trimmed+3",203,"a",1229412,2508,0.2052
"SARS-CoV2-5UTR-Amplicon-short-trimmed+3",204,"c",1229412,2720,0.2212
"SARS-CoV2-5UTR-Amplicon-short-trimmed+3",205,"c",1229451,2965,0.2402
"SARS-CoV2-5UTR-Amplicon-short-trimmed+3",206,"g",1229450,1700,0.1391
"SARS-CoV2-5UTR-Amplicon-short-trimmed+3",207,"a",1229450,1474,0.1205
"SARS-CoV2-5UTR-Amplicon-short-trimmed+3",208,"a",1229450,754,0.062
"SARS-CoV2-5UTR-Amplicon-short-trimmed+3",209,"a",1229450,1779,0.146
"SARS-CoV2-5UTR-Amplicon-short-trimmed+3",210,"g",1229450,1499,0.1222
"SARS-CoV2-5UTR-Amplicon-short-trimmed+3",211,"g",1229452,2099,0.1704
"SARS-CoV2-5UTR-Amplicon-short-trimmed+3",212,"t",1229497,1292,0.1056
"SARS-CoV2-5UTR-Amplicon-short-trimmed+3",213,"a",1229497,936,0.0761
"SARS-CoV2-5UTR-Amplicon-short-trimmed+3",214,"a",1229497,1613,0.1314
"SARS-CoV2-5UTR-Amplicon-short-trimmed+3",215,"g",1229500,983,0.0799
"SARS-CoV2-5UTR-Amplicon-short-trimmed+3",216,"a",1229851,1224,0.0994
"SARS-CoV2-5UTR-Amplicon-short-trimmed+3",217,"t",1229844,1764,0.1438
"SARS-CoV2-5UTR-Amplicon-short-trimmed+3",218,"g",1229843,1432,0.1162
"SARS-CoV2-5UTR-Amplicon-short-trimmed+3",219,"g",1229829,1810,0.1476
"SARS-CoV2-5UTR-Amplicon-short-trimmed+3",220,"a",1229826,3654,0.2976
"SARS-CoV2-5UTR-Amplicon-short-trimmed+3",221,"g",1229826,2859,0.2338
"SARS-CoV2-5UTR-Amplicon-short-trimmed+3",222,"a",1229484,1347,0.1099
"SARS-CoV2-5UTR-Amplicon-short-trimmed+3",223,"g",1229483,1465,0.1198
"SARS-CoV2-5UTR-Amplicon-short-trimmed+3",224,"c",1229483,2360,0.1923
"SARS-CoV2-5UTR-Amplicon-short-trimmed+3",225,"c",1229483,2426,0.198
"SARS-CoV2-5UTR-Amplicon-short-trimmed+3",226,"t",1229481,1160,0.0947
"SARS-CoV2-5UTR-Amplicon-short-trimmed+3",227,"t",1229479,7958,0.6509
"SARS-CoV2-5UTR-Amplicon-short-trimmed+3",228,"g",1229477,1825,0.148
"SARS-CoV2-5UTR-Amplicon-short-trimmed+3",229,"t",1229476,2304,0.1876
"SARS-CoV2-5UTR-Amplicon-short-trimmed+3",230,"c",1229447,1492,0.1214
"SARS-CoV2-5UTR-Amplicon-short-trimmed+3",231,"c",1229444,1239,0.1011
"SARS-CoV2-5UTR-Amplicon-short-trimmed+3",232,"c",1229439,2054,0.167
"SARS-CoV2-5UTR-Amplicon-short-trimmed+3",233,"t",1229106,2684,0.2192
"SARS-CoV2-5UTR-Amplicon-short-trimmed+3",234,"g",1229091,2080,0.1688
"SARS-CoV2-5UTR-Amplicon-short-trimmed+3",235,"g",1229087,2010,0.164
"SARS-CoV2-5UTR-Amplicon-short-trimmed+3",236,"t",1229056,1183,0.0964
"SARS-CoV2-5UTR-Amplicon-short-trimmed+3",237,"t",1228978,984,0.0806
"SARS-CoV2-5UTR-Amplicon-short-trimmed+3",238,"t",1228904,1841,0.1501
"SARS-CoV2-5UTR-Amplicon-short-trimmed+3",239,"c",1228730,11642,0.946
"SARS-CoV2-5UTR-Amplicon-short-trimmed+3",240,"a",1228557,826,0.0675
"SARS-CoV2-5UTR-Amplicon-short-trimmed+3",241,"a",1228217,933,0.0756
"SARS-CoV2-5UTR-Amplicon-short-trimmed+3",242,"c",1226809,2336,0.1904
"SARS-CoV2-5UTR-Amplicon-short-trimmed+3",243,"g",1226732,903,0.0733
"SARS-CoV2-5UTR-Amplicon-short-trimmed+3",244,"a",1226462,2100,0.1711
"SARS-CoV2-5UTR-Amplicon-short-trimmed+3",245,"g",1225560,0,0
"SARS-CoV2-5UTR-Amplicon-short-trimmed+3",246,"g",1224621,0,0
"SARS-CoV2-5UTR-Amplicon-short-trimmed+3",247,"G",1222399,2,1e-04
"SARS-CoV2-5UTR-Amplicon-short-trimmed+3",248,"A",1220889,0,0
"SARS-CoV2-5UTR-Amplicon-short-trimmed+3",249,"G",1220338,0,0
