"Region","Position","Ref_base","Total_depth","Total_mut","Mean_mut_percentage"
"SARS-CoV2-5UTR-Amplicon-short-trimmed+3",1,"T",2450515,0,0
"SARS-CoV2-5UTR-Amplicon-short-trimmed+3",2,"T",2451881,0,0
"SARS-CoV2-5UTR-Amplicon-short-trimmed+3",3,"G",2452376,0,0
"SARS-CoV2-5UTR-Amplicon-short-trimmed+3",4,"t",2460933,0,0
"SARS-CoV2-5UTR-Amplicon-short-trimmed+3",5,"a",2461510,0,0
"SARS-CoV2-5UTR-Amplicon-short-trimmed+3",6,"g",2462108,4526,0.1848
"SARS-CoV2-5UTR-Amplicon-short-trimmed+3",7,"a",2462986,540,0.022
"SARS-CoV2-5UTR-Amplicon-short-trimmed+3",8,"t",2463010,614,0.0251
"SARS-CoV2-5UTR-Amplicon-short-trimmed+3",9,"c",2463036,668,0.0272
"SARS-CoV2-5UTR-Amplicon-short-trimmed+3",10,"t",2463051,670,0.0277
"SARS-CoV2-5UTR-Amplicon-short-trimmed+3",11,"g",2463066,23302,0.9534
"SARS-CoV2-5UTR-Amplicon-short-trimmed+3",12,"t",2463141,798,0.0327
"SARS-CoV2-5UTR-Amplicon-short-trimmed+3",13,"t",2463144,768,0.0314
"SARS-CoV2-5UTR-Amplicon-short-trimmed+3",14,"c",2463165,527,0.0214
"SARS-CoV2-5UTR-Amplicon-short-trimmed+3",15,"t",2463182,738,0.0301
"SARS-CoV2-5UTR-Amplicon-short-trimmed+3",16,"c",2463202,1117,0.0461
"SARS-CoV2-5UTR-Amplicon-short-trimmed+3",17,"t",2463213,533,0.0219
"SARS-CoV2-5UTR-Amplicon-short-trimmed+3",18,"a",2463216,1178,0.0479
"SARS-CoV2-5UTR-Amplicon-short-trimmed+3",19,"a",2463226,1061,0.0429
"SARS-CoV2-5UTR-Amplicon-short-trimmed+3",20,"a",2463383,783,0.0319
"SARS-CoV2-5UTR-Amplicon-short-trimmed+3",21,"c",2463384,615,0.0251
"SARS-CoV2-5UTR-Amplicon-short-trimmed+3",22,"g",2463405,5518,0.2258
"SARS-CoV2-5UTR-Amplicon-short-trimmed+3",23,"a",2463407,1023,0.0418
"SARS-CoV2-5UTR-Amplicon-short-trimmed+3",24,"a",2463407,673,0.0274
"SARS-CoV2-5UTR-Amplicon-short-trimmed+3",25,"c",2463408,21241,0.866
"SARS-CoV2-5UTR-Amplicon-short-trimmed+3",26,"t",2463408,1887,0.0771
"SARS-CoV2-5UTR-Amplicon-short-trimmed+3",27,"t",2463408,1919,0.0786
"SARS-CoV2-5UTR-Amplicon-short-trimmed+3",28,"t",2463412,5328,0.2166
"SARS-CoV2-5UTR-Amplicon-short-trimmed+3",29,"a",2463413,1905,0.0772
"SARS-CoV2-5UTR-Amplicon-short-trimmed+3",30,"a",2463413,865,0.0352
"SARS-CoV2-5UTR-Amplicon-short-trimmed+3",31,"a",2463399,954,0.0386
"SARS-CoV2-5UTR-Amplicon-short-trimmed+3",32,"a",2463405,714,0.0293
"SARS-CoV2-5UTR-Amplicon-short-trimmed+3",33,"t",2463413,5356,0.2173
"SARS-CoV2-5UTR-Amplicon-short-trimmed+3",34,"c",2463413,778,0.0315
"SARS-CoV2-5UTR-Amplicon-short-trimmed+3",35,"t",2463413,2311,0.0942
"SARS-CoV2-5UTR-Amplicon-short-trimmed+3",36,"g",2463412,14469,0.5901
"SARS-CoV2-5UTR-Amplicon-short-trimmed+3",37,"t",2463420,852,0.0345
"SARS-CoV2-5UTR-Amplicon-short-trimmed+3",38,"g",2463420,6847,0.2796
"SARS-CoV2-5UTR-Amplicon-short-trimmed+3",39,"t",2463421,754,0.0309
"SARS-CoV2-5UTR-Amplicon-short-trimmed+3",40,"g",2463419,6815,0.2792
"SARS-CoV2-5UTR-Amplicon-short-trimmed+3",41,"g",2463419,4871,0.1991
"SARS-CoV2-5UTR-Amplicon-short-trimmed+3",42,"c",2463417,661,0.0269
"SARS-CoV2-5UTR-Amplicon-short-trimmed+3",43,"t",2463414,2201,0.0899
"SARS-CoV2-5UTR-Amplicon-short-trimmed+3",44,"g",2463413,4774,0.1955
"SARS-CoV2-5UTR-Amplicon-short-trimmed+3",45,"t",2463413,1564,0.0638
"SARS-CoV2-5UTR-Amplicon-short-trimmed+3",46,"c",2463412,425,0.0173
"SARS-CoV2-5UTR-Amplicon-short-trimmed+3",47,"a",2463401,1185,0.0482
"SARS-CoV2-5UTR-Amplicon-short-trimmed+3",48,"c",2463401,506,0.0206
"SARS-CoV2-5UTR-Amplicon-short-trimmed+3",49,"t",2463401,793,0.0321
"SARS-CoV2-5UTR-Amplicon-short-trimmed+3",50,"c",2463393,1047,0.0428
"SARS-CoV2-5UTR-Amplicon-short-trimmed+3",51,"g",2463393,8635,0.355
"SARS-CoV2-5UTR-Amplicon-short-trimmed+3",52,"g",2463393,4312,0.177
"SARS-CoV2-5UTR-Amplicon-short-trimmed+3",53,"c",2463393,2257,0.0935
"SARS-CoV2-5UTR-Amplicon-short-trimmed+3",54,"t",2463400,1899,0.077
"SARS-CoV2-5UTR-Amplicon-short-trimmed+3",55,"g",2463400,5884,0.2416
"SARS-CoV2-5UTR-Amplicon-short-trimmed+3",56,"c",2463400,915,0.0373
"SARS-CoV2-5UTR-Amplicon-short-trimmed+3",57,"g",2463400,3704,0.1524
"SARS-CoV2-5UTR-Amplicon-short-trimmed+3",58,"t",2463400,1020,0.0418
"SARS-CoV2-5UTR-Amplicon-short-trimmed+3",59,"g",2463399,3918,0.1608
"SARS-CoV2-5UTR-Amplicon-short-trimmed+3",60,"c",2463397,970,0.0398
"SARS-CoV2-5UTR-Amplicon-short-trimmed+3",61,"t",2463399,2977,0.1218
"SARS-CoV2-5UTR-Amplicon-short-trimmed+3",62,"t",2463399,5104,0.2082
"SARS-CoV2-5UTR-Amplicon-short-trimmed+3",63,"a",2463400,6972,0.2845
"SARS-CoV2-5UTR-Amplicon-short-trimmed+3",64,"g",2463399,8941,0.3657
"SARS-CoV2-5UTR-Amplicon-short-trimmed+3",65,"t",2463398,1196,0.0493
"SARS-CoV2-5UTR-Amplicon-short-trimmed+3",66,"g",2463397,11239,0.4577
"SARS-CoV2-5UTR-Amplicon-short-trimmed+3",67,"c",2463397,1575,0.0635
"SARS-CoV2-5UTR-Amplicon-short-trimmed+3",68,"a",2463398,1416,0.0576
"SARS-CoV2-5UTR-Amplicon-short-trimmed+3",69,"c",2463398,816,0.0335
"SARS-CoV2-5UTR-Amplicon-short-trimmed+3",70,"t",2463398,952,0.0386
"SARS-CoV2-5UTR-Amplicon-short-trimmed+3",71,"c",2463398,998,0.0408
"SARS-CoV2-5UTR-Amplicon-short-trimmed+3",72,"a",2463411,1329,0.0537
"SARS-CoV2-5UTR-Amplicon-short-trimmed+3",73,"c",2463411,648,0.0263
"SARS-CoV2-5UTR-Amplicon-short-trimmed+3",74,"g",2463411,4936,0.2009
"SARS-CoV2-5UTR-Amplicon-short-trimmed+3",75,"c",2463419,3286,0.1334
"SARS-CoV2-5UTR-Amplicon-short-trimmed+3",76,"a",2463419,1750,0.0713
"SARS-CoV2-5UTR-Amplicon-short-trimmed+3",77,"g",2463419,2832,0.1158
"SARS-CoV2-5UTR-Amplicon-short-trimmed+3",78,"t",2463413,1386,0.0567
"SARS-CoV2-5UTR-Amplicon-short-trimmed+3",79,"a",2463382,1674,0.0683
"SARS-CoV2-5UTR-Amplicon-short-trimmed+3",80,"t",2463383,606,0.0247
"SARS-CoV2-5UTR-Amplicon-short-trimmed+3",81,"a",2463379,942,0.0383
"SARS-CoV2-5UTR-Amplicon-short-trimmed+3",82,"a",2463374,2021,0.0822
"SARS-CoV2-5UTR-Amplicon-short-trimmed+3",83,"t",2463373,786,0.0321
"SARS-CoV2-5UTR-Amplicon-short-trimmed+3",84,"t",2463376,2063,0.0842
"SARS-CoV2-5UTR-Amplicon-short-trimmed+3",85,"a",2463371,1389,0.0568
"SARS-CoV2-5UTR-Amplicon-short-trimmed+3",86,"a",2463371,1054,0.043
"SARS-CoV2-5UTR-Amplicon-short-trimmed+3",87,"t",2463387,820,0.0335
"SARS-CoV2-5UTR-Amplicon-short-trimmed+3",88,"a",2463386,1194,0.0486
"SARS-CoV2-5UTR-Amplicon-short-trimmed+3",89,"a",2463390,6719,0.2726
"SARS-CoV2-5UTR-Amplicon-short-trimmed+3",90,"c",2463378,959,0.0387
"SARS-CoV2-5UTR-Amplicon-short-trimmed+3",91,"t",2463386,1099,0.0451
"SARS-CoV2-5UTR-Amplicon-short-trimmed+3",92,"a",2463358,977,0.04
"SARS-CoV2-5UTR-Amplicon-short-trimmed+3",93,"a",2463359,1038,0.0424
"SARS-CoV2-5UTR-Amplicon-short-trimmed+3",94,"t",2463368,912,0.0373
"SARS-CoV2-5UTR-Amplicon-short-trimmed+3",95,"t",2463367,1773,0.0725
"SARS-CoV2-5UTR-Amplicon-short-trimmed+3",96,"a",2463367,989,0.0401
"SARS-CoV2-5UTR-Amplicon-short-trimmed+3",97,"c",2463367,481,0.0196
"SARS-CoV2-5UTR-Amplicon-short-trimmed+3",98,"t",2463366,1284,0.0523
"SARS-CoV2-5UTR-Amplicon-short-trimmed+3",99,"g",2463365,5236,0.2148
"SARS-CoV2-5UTR-Amplicon-short-trimmed+3",100,"t",2463363,1261,0.0516
"SARS-CoV2-5UTR-Amplicon-short-trimmed+3",101,"c",2463365,1383,0.0563
"SARS-CoV2-5UTR-Amplicon-short-trimmed+3",102,"g",2463425,21313,0.8699
"SARS-CoV2-5UTR-Amplicon-short-trimmed+3",103,"t",2463438,1148,0.0469
"SARS-CoV2-5UTR-Amplicon-short-trimmed+3",104,"t",2463436,1923,0.0791
"SARS-CoV2-5UTR-Amplicon-short-trimmed+3",105,"g",2463419,1593,0.0656
"SARS-CoV2-5UTR-Amplicon-short-trimmed+3",106,"a",2463475,1550,0.0635
"SARS-CoV2-5UTR-Amplicon-short-trimmed+3",107,"c",2463512,1445,0.0589
"SARS-CoV2-5UTR-Amplicon-short-trimmed+3",108,"a",2463560,2498,0.1021
"SARS-CoV2-5UTR-Amplicon-short-trimmed+3",109,"g",2463745,6765,0.2768
"SARS-CoV2-5UTR-Amplicon-short-trimmed+3",110,"g",2464182,2610,0.1067
"SARS-CoV2-5UTR-Amplicon-short-trimmed+3",111,"a",2465210,1319,0.0537
"SARS-CoV2-5UTR-Amplicon-short-trimmed+3",112,"c",2466432,1092,0.0444
"SARS-CoV2-5UTR-Amplicon-short-trimmed+3",113,"a",2469245,2972,0.1218
"SARS-CoV2-5UTR-Amplicon-short-trimmed+3",114,"c",2477937,1529,0.062
"SARS-CoV2-5UTR-Amplicon-short-trimmed+3",115,"g",2508261,3806,0.1525
"SARS-CoV2-5UTR-Amplicon-short-trimmed+3",116,"a",2655843,2328,0.0884
"SARS-CoV2-5UTR-Amplicon-short-trimmed+3",117,"g",3999995,10732,0.2683
"SARS-CoV2-5UTR-Amplicon-short-trimmed+3",118,"t",3999989,6079,0.152
"SARS-CoV2-5UTR-Amplicon-short-trimmed+3",119,"a",3999977,7157,0.179
"SARS-CoV2-5UTR-Amplicon-short-trimmed+3",120,"a",3999990,4860,0.1216
"SARS-CoV2-5UTR-Amplicon-short-trimmed+3",121,"c",3999978,3955,0.0989
"SARS-CoV2-5UTR-Amplicon-short-trimmed+3",122,"t",3999943,8537,0.2134
"SARS-CoV2-5UTR-Amplicon-short-trimmed+3",123,"c",3999958,6223,0.1556
"SARS-CoV2-5UTR-Amplicon-short-trimmed+3",124,"g",3999836,18408,0.4602
"SARS-CoV2-5UTR-Amplicon-short-trimmed+3",125,"t",3999872,6311,0.1578
"SARS-CoV2-5UTR-Amplicon-short-trimmed+3",126,"c",3999753,3336,0.0834
"SARS-CoV2-5UTR-Amplicon-short-trimmed+3",127,"t",3999547,2080,0.052
"SARS-CoV2-5UTR-Amplicon-short-trimmed+3",128,"a",3998691,5640,0.1411
"SARS-CoV2-5UTR-Amplicon-short-trimmed+3",129,"t",3997193,11284,0.2823
"SARS-CoV2-5UTR-Amplicon-short-trimmed+3",130,"c",3997274,1484,0.0372
"SARS-CoV2-5UTR-Amplicon-short-trimmed+3",131,"t",3997119,3314,0.0829
"SARS-CoV2-5UTR-Amplicon-short-trimmed+3",132,"t",3978787,3041,0.0765
"SARS-CoV2-5UTR-Amplicon-short-trimmed+3",133,"c",1792895,2269,0.1272
"SARS-CoV2-5UTR-Amplicon-short-trimmed+3",134,"t",1583282,2684,0.1701
"SARS-CoV2-5UTR-Amplicon-short-trimmed+3",135,"g",1553130,9329,0.5978
"SARS-CoV2-5UTR-Amplicon-short-trimmed+3",136,"c",1542928,6748,0.442
"SARS-CoV2-5UTR-Amplicon-short-trimmed+3",137,"a",1541571,2124,0.1374
"SARS-CoV2-5UTR-Amplicon-short-trimmed+3",138,"g",1540206,1449,0.0934
"SARS-CoV2-5UTR-Amplicon-short-trimmed+3",139,"g",1539528,1788,0.1173
"SARS-CoV2-5UTR-Amplicon-short-trimmed+3",140,"c",1539062,2233,0.1462
"SARS-CoV2-5UTR-Amplicon-short-trimmed+3",141,"t",1538880,4325,0.2818
"SARS-CoV2-5UTR-Amplicon-short-trimmed+3",142,"g",1538756,3355,0.2189
"SARS-CoV2-5UTR-Amplicon-short-trimmed+3",143,"c",1538707,4735,0.2789
"SARS-CoV2-5UTR-Amplicon-short-trimmed+3",144,"t",1538588,914,0.0584
"SARS-CoV2-5UTR-Amplicon-short-trimmed+3",145,"t",1538554,3022,0.1986
"SARS-CoV2-5UTR-Amplicon-short-trimmed+3",146,"a",1538411,2279,0.147
"SARS-CoV2-5UTR-Amplicon-short-trimmed+3",147,"c",1538397,1724,0.1129
"SARS-CoV2-5UTR-Amplicon-short-trimmed+3",148,"g",1538398,1338,0.0864
"SARS-CoV2-5UTR-Amplicon-short-trimmed+3",149,"g",1538370,1863,0.1211
"SARS-CoV2-5UTR-Amplicon-short-trimmed+3",150,"t",1538369,1429,0.0932
"SARS-CoV2-5UTR-Amplicon-short-trimmed+3",151,"t",1538370,1492,0.0959
"SARS-CoV2-5UTR-Amplicon-short-trimmed+3",152,"t",1538373,4436,0.2876
"SARS-CoV2-5UTR-Amplicon-short-trimmed+3",153,"c",1538375,3191,0.21
"SARS-CoV2-5UTR-Amplicon-short-trimmed+3",154,"g",1538377,4107,0.2654
"SARS-CoV2-5UTR-Amplicon-short-trimmed+3",155,"t",1538386,2850,0.1842
"SARS-CoV2-5UTR-Amplicon-short-trimmed+3",156,"c",1538387,1871,0.121
"SARS-CoV2-5UTR-Amplicon-short-trimmed+3",157,"c",1538392,3035,0.1993
"SARS-CoV2-5UTR-Amplicon-short-trimmed+3",158,"g",1538375,1632,0.1063
"SARS-CoV2-5UTR-Amplicon-short-trimmed+3",159,"t",1538375,12014,0.7852
"SARS-CoV2-5UTR-Amplicon-short-trimmed+3",160,"g",1538383,3618,0.234
"SARS-CoV2-5UTR-Amplicon-short-trimmed+3",161,"t",1538390,1470,0.0951
"SARS-CoV2-5UTR-Amplicon-short-trimmed+3",162,"t",1538393,2441,0.1588
"SARS-CoV2-5UTR-Amplicon-short-trimmed+3",163,"g",1538398,1309,0.0854
"SARS-CoV2-5UTR-Amplicon-short-trimmed+3",164,"c",1538399,2609,0.1713
"SARS-CoV2-5UTR-Amplicon-short-trimmed+3",165,"a",1538411,2019,0.1314
"SARS-CoV2-5UTR-Amplicon-short-trimmed+3",166,"g",1538625,2096,0.1388
"SARS-CoV2-5UTR-Amplicon-short-trimmed+3",167,"c",1538631,2555,0.1656
"SARS-CoV2-5UTR-Amplicon-short-trimmed+3",168,"c",1538617,11756,0.7861
"SARS-CoV2-5UTR-Amplicon-short-trimmed+3",169,"g",1538617,2409,0.1586
"SARS-CoV2-5UTR-Amplicon-short-trimmed+3",170,"a",1538643,1601,0.1031
"SARS-CoV2-5UTR-Amplicon-short-trimmed+3",171,"t",1538646,1530,0.0999
"SARS-CoV2-5UTR-Amplicon-short-trimmed+3",172,"c",1538652,1232,0.0802
"SARS-CoV2-5UTR-Amplicon-short-trimmed+3",173,"a",1538653,1407,0.0906
"SARS-CoV2-5UTR-Amplicon-short-trimmed+3",174,"t",1538653,1105,0.0718
"SARS-CoV2-5UTR-Amplicon-short-trimmed+3",175,"c",1538653,1957,0.1287
"SARS-CoV2-5UTR-Amplicon-short-trimmed+3",176,"a",1538655,2643,0.1728
"SARS-CoV2-5UTR-Amplicon-short-trimmed+3",177,"g",1538656,7160,0.4628
"SARS-CoV2-5UTR-Amplicon-short-trimmed+3",178,"c",1538658,11578,0.7662
"SARS-CoV2-5UTR-Amplicon-short-trimmed+3",179,"a",1538659,2003,0.1301
"SARS-CoV2-5UTR-Amplicon-short-trimmed+3",180,"c",1538659,1504,0.0985
"SARS-CoV2-5UTR-Amplicon-short-trimmed+3",181,"a",1538659,1189,0.0765
"SARS-CoV2-5UTR-Amplicon-short-trimmed+3",182,"t",1538659,1063,0.0685
"SARS-CoV2-5UTR-Amplicon-short-trimmed+3",183,"c",1538653,616,0.0401
"SARS-CoV2-5UTR-Amplicon-short-trimmed+3",184,"t",1538655,2225,0.1471
"SARS-CoV2-5UTR-Amplicon-short-trimmed+3",185,"a",1538656,4569,0.3019
"SARS-CoV2-5UTR-Amplicon-short-trimmed+3",186,"g",1538657,5735,0.3739
"SARS-CoV2-5UTR-Amplicon-short-trimmed+3",187,"g",1538659,7619,0.4954
"SARS-CoV2-5UTR-Amplicon-short-trimmed+3",188,"t",1538663,1082,0.0699
"SARS-CoV2-5UTR-Amplicon-short-trimmed+3",189,"t",1538663,2289,0.1503
"SARS-CoV2-5UTR-Amplicon-short-trimmed+3",190,"t",1538664,4078,0.2679
"SARS-CoV2-5UTR-Amplicon-short-trimmed+3",191,"c",1538664,2795,0.1852
"SARS-CoV2-5UTR-Amplicon-short-trimmed+3",192,"g",1538657,4460,0.2926
"SARS-CoV2-5UTR-Amplicon-short-trimmed+3",193,"t",1538657,10310,0.6782
"SARS-CoV2-5UTR-Amplicon-short-trimmed+3",194,"c",1538657,1272,0.0839
"SARS-CoV2-5UTR-Amplicon-short-trimmed+3",195,"c",1538644,2098,0.1385
"SARS-CoV2-5UTR-Amplicon-short-trimmed+3",196,"g",1538637,4756,0.3133
"SARS-CoV2-5UTR-Amplicon-short-trimmed+3",197,"g",1538635,3922,0.2543
"SARS-CoV2-5UTR-Amplicon-short-trimmed+3",198,"g",1538627,10713,0.6986
"SARS-CoV2-5UTR-Amplicon-short-trimmed+3",199,"t",1538627,2921,0.1926
"SARS-CoV2-5UTR-Amplicon-short-trimmed+3",200,"g",1538616,5660,0.3574
"SARS-CoV2-5UTR-Amplicon-short-trimmed+3",201,"t",1538615,1932,0.1263
"SARS-CoV2-5UTR-Amplicon-short-trimmed+3",202,"g",1538615,3375,0.2191
"SARS-CoV2-5UTR-Amplicon-short-trimmed+3",203,"a",1538615,2812,0.1826
"SARS-CoV2-5UTR-Amplicon-short-trimmed+3",204,"c",1538615,931,0.0606
"SARS-CoV2-5UTR-Amplicon-short-trimmed+3",205,"c",1538615,669,0.0438
"SARS-CoV2-5UTR-Amplicon-short-trimmed+3",206,"g",1538623,6568,0.4229
"SARS-CoV2-5UTR-Amplicon-short-trimmed+3",207,"a",1538622,1420,0.093
"SARS-CoV2-5UTR-Amplicon-short-trimmed+3",208,"a",1538622,764,0.05
"SARS-CoV2-5UTR-Amplicon-short-trimmed+3",209,"a",1538622,1961,0.1307
"SARS-CoV2-5UTR-Amplicon-short-trimmed+3",210,"g",1538622,3469,0.2237
"SARS-CoV2-5UTR-Amplicon-short-trimmed+3",211,"g",1538622,4319,0.278
"SARS-CoV2-5UTR-Amplicon-short-trimmed+3",212,"t",1538646,1185,0.077
"SARS-CoV2-5UTR-Amplicon-short-trimmed+3",213,"a",1538644,1017,0.0666
"SARS-CoV2-5UTR-Amplicon-short-trimmed+3",214,"a",1538644,1285,0.0851
"SARS-CoV2-5UTR-Amplicon-short-trimmed+3",215,"g",1538646,1518,0.1006
"SARS-CoV2-5UTR-Amplicon-short-trimmed+3",216,"a",1538875,670,0.044
"SARS-CoV2-5UTR-Amplicon-short-trimmed+3",217,"t",1538872,1760,0.1152
"SARS-CoV2-5UTR-Amplicon-short-trimmed+3",218,"g",1538872,4267,0.278
"SARS-CoV2-5UTR-Amplicon-short-trimmed+3",219,"g",1538853,2022,0.1341
"SARS-CoV2-5UTR-Amplicon-short-trimmed+3",220,"a",1538851,3529,0.234
"SARS-CoV2-5UTR-Amplicon-short-trimmed+3",221,"g",1538848,3513,0.2338
"SARS-CoV2-5UTR-Amplicon-short-trimmed+3",222,"a",1538620,1293,0.0854
"SARS-CoV2-5UTR-Amplicon-short-trimmed+3",223,"g",1538618,4308,0.2796
"SARS-CoV2-5UTR-Amplicon-short-trimmed+3",224,"c",1538618,638,0.0416
"SARS-CoV2-5UTR-Amplicon-short-trimmed+3",225,"c",1538618,790,0.0524
"SARS-CoV2-5UTR-Amplicon-short-trimmed+3",226,"t",1538618,1525,0.1006
"SARS-CoV2-5UTR-Amplicon-short-trimmed+3",227,"t",1538614,10445,0.6934
"SARS-CoV2-5UTR-Amplicon-short-trimmed+3",228,"g",1538607,4574,0.3026
"SARS-CoV2-5UTR-Amplicon-short-trimmed+3",229,"t",1538603,2244,0.1467
"SARS-CoV2-5UTR-Amplicon-short-trimmed+3",230,"c",1538602,493,0.0325
"SARS-CoV2-5UTR-Amplicon-short-trimmed+3",231,"c",1538602,500,0.0326
"SARS-CoV2-5UTR-Amplicon-short-trimmed+3",232,"c",1538597,965,0.0639
"SARS-CoV2-5UTR-Amplicon-short-trimmed+3",233,"t",1538091,3239,0.2142
"SARS-CoV2-5UTR-Amplicon-short-trimmed+3",234,"g",1538079,6442,0.4246
"SARS-CoV2-5UTR-Amplicon-short-trimmed+3",235,"g",1538074,8041,0.5259
"SARS-CoV2-5UTR-Amplicon-short-trimmed+3",236,"t",1538063,669,0.0435
"SARS-CoV2-5UTR-Amplicon-short-trimmed+3",237,"t",1538058,1113,0.0723
"SARS-CoV2-5UTR-Amplicon-short-trimmed+3",238,"t",1538048,1236,0.0813
"SARS-CoV2-5UTR-Amplicon-short-trimmed+3",239,"c",1538029,10596,0.6901
"SARS-CoV2-5UTR-Amplicon-short-trimmed+3",240,"a",1537969,1076,0.0701
"SARS-CoV2-5UTR-Amplicon-short-trimmed+3",241,"a",1537924,824,0.0541
"SARS-CoV2-5UTR-Amplicon-short-trimmed+3",242,"c",1537802,920,0.0606
"SARS-CoV2-5UTR-Amplicon-short-trimmed+3",243,"g",1537556,1640,0.1062
"SARS-CoV2-5UTR-Amplicon-short-trimmed+3",244,"a",1537341,1950,0.1309
"SARS-CoV2-5UTR-Amplicon-short-trimmed+3",245,"g",1536029,0,0
"SARS-CoV2-5UTR-Amplicon-short-trimmed+3",246,"g",1533580,0,0
"SARS-CoV2-5UTR-Amplicon-short-trimmed+3",247,"G",1530050,0,0
"SARS-CoV2-5UTR-Amplicon-short-trimmed+3",248,"A",1528807,0,0
"SARS-CoV2-5UTR-Amplicon-short-trimmed+3",249,"G",1528203,0,0
