JW-JZ-3s-HC2a-HC-120.mpileup.csv,16_live-cell_DMSO_50C-15min_Mn
JW-JZ-3s-HC2a-HC-121.mpileup.csv,16_live-cell_DMSO_50C-15min_Mn
JW-JZ-3s-HC2a-HC-122.mpileup.csv,17_live-cell_C12-mM_50C-15min_Mn
JW-JZ-3s-HC2a-HC-123.mpileup.csv,17_live-cell_C12-mM_50C-15min_Mn
JW-JZ-3s-HC2a-HC-124.mpileup.csv,18_live-cell_C30-5mM_50C-15min_Mn
JW-JZ-3s-HC2a-HC-125.mpileup.csv,18_live-cell_C30-5mM_50C-15min_Mn
JW-JZ-3s-HC2a-HC-126.mpileup.csv,19_live-cell_C34-1mM_50C-15min_Mn
JW-JZ-3s-HC2a-HC-127.mpileup.csv,19_live-cell_C34-1mM_50C-15min_Mn
JW-JZ-3s-HC2a-HC-128.mpileup.csv,20_live-cell_C12-5mM+C34-1mM_50C-15min_Mn
JW-JZ-3s-HC2a-HC-129.mpileup.csv,20_live-cell_C12-5mM+C34-1mM_50C-15min_Mn
JW-JZ-3s-HC2a-HC-130.mpileup.csv,21_live-cell_C30-5mM+C34-1mM_50C-15min_Mn
JW-JZ-3s-HC2a-HC-131.mpileup.csv,21_live-cell_C30-5mM+C34-1mM_50C-15min_Mn
JW-JZ-3s-HC2a-HC-132.mpileup.csv,22_live-cell_DMSO_60C-15min_Mn
JW-JZ-3s-HC2a-HC-133.mpileup.csv,22_live-cell_DMSO_60C-15min_Mn
JW-JZ-3s-HC2a-HC-134.mpileup.csv,23_live-cell_C12-mM_60C-15min_Mn
JW-JZ-3s-HC2a-HC-135.mpileup.csv,23_live-cell_C12-mM_60C-15min_Mn
JW-JZ-3s-HC2a-HC-136.mpileup.csv,24_live-cell_C30-5mM_60C-15min_Mn
JW-JZ-3s-HC2a-HC-137.mpileup.csv,24_live-cell_C30-5mM_60C-15min_Mn
JW-JZ-3s-HC2a-HC-138.mpileup.csv,25_live-cell_C34-1mM_60C-15min_Mn
JW-JZ-3s-HC2a-HC-139.mpileup.csv,25_live-cell_C34-1mM_60C-15min_Mn
JW-JZ-3s-HC2a-HC-140.mpileup.csv,26_live-cell_C12-5mM+C34-1mM_60C-15min_Mn
JW-JZ-3s-HC2a-HC-141.mpileup.csv,26_live-cell_C12-5mM+C34-1mM_60C-15min_Mn
JW-JZ-3s-HC2a-HC-142.mpileup.csv,27_live-cell_C30-5mM+C34-1mM_60C-15min_Mn
JW-JZ-3s-HC2a-HC-143.mpileup.csv,27_live-cell_C30-5mM+C34-1mM_60C-15min_Mn
