"Region","Position","Ref_base","Total_depth","Total_mut","Mean_mut_percentage"
"SARS-CoV2-5UTR-Amplicon-short-trimmed+3",1,"T",2226090,0,0
"SARS-CoV2-5UTR-Amplicon-short-trimmed+3",2,"T",2227802,0,0
"SARS-CoV2-5UTR-Amplicon-short-trimmed+3",3,"G",2228374,0,0
"SARS-CoV2-5UTR-Amplicon-short-trimmed+3",4,"t",2230013,0,0
"SARS-CoV2-5UTR-Amplicon-short-trimmed+3",5,"a",2230540,0,0
"SARS-CoV2-5UTR-Amplicon-short-trimmed+3",6,"g",2231009,1498,0.0661
"SARS-CoV2-5UTR-Amplicon-short-trimmed+3",7,"a",2231104,508,0.0228
"SARS-CoV2-5UTR-Amplicon-short-trimmed+3",8,"t",2231122,665,0.0297
"SARS-CoV2-5UTR-Amplicon-short-trimmed+3",9,"c",2231154,662,0.0295
"SARS-CoV2-5UTR-Amplicon-short-trimmed+3",10,"t",2231172,670,0.0298
"SARS-CoV2-5UTR-Amplicon-short-trimmed+3",11,"g",2231187,5666,0.2502
"SARS-CoV2-5UTR-Amplicon-short-trimmed+3",12,"t",2231226,773,0.0346
"SARS-CoV2-5UTR-Amplicon-short-trimmed+3",13,"t",2231244,777,0.0346
"SARS-CoV2-5UTR-Amplicon-short-trimmed+3",14,"c",2231259,473,0.021
"SARS-CoV2-5UTR-Amplicon-short-trimmed+3",15,"t",2231263,891,0.0396
"SARS-CoV2-5UTR-Amplicon-short-trimmed+3",16,"c",2231278,1761,0.0776
"SARS-CoV2-5UTR-Amplicon-short-trimmed+3",17,"t",2231299,608,0.0271
"SARS-CoV2-5UTR-Amplicon-short-trimmed+3",18,"a",2231306,1098,0.0488
"SARS-CoV2-5UTR-Amplicon-short-trimmed+3",19,"a",2231314,840,0.0373
"SARS-CoV2-5UTR-Amplicon-short-trimmed+3",20,"a",2231416,626,0.028
"SARS-CoV2-5UTR-Amplicon-short-trimmed+3",21,"c",2231417,276,0.0123
"SARS-CoV2-5UTR-Amplicon-short-trimmed+3",22,"g",2231432,828,0.0367
"SARS-CoV2-5UTR-Amplicon-short-trimmed+3",23,"a",2231434,882,0.0394
"SARS-CoV2-5UTR-Amplicon-short-trimmed+3",24,"a",2231434,674,0.0301
"SARS-CoV2-5UTR-Amplicon-short-trimmed+3",25,"c",2231439,32997,1.4739
"SARS-CoV2-5UTR-Amplicon-short-trimmed+3",26,"t",2231440,1866,0.083
"SARS-CoV2-5UTR-Amplicon-short-trimmed+3",27,"t",2231445,2292,0.1016
"SARS-CoV2-5UTR-Amplicon-short-trimmed+3",28,"t",2231464,5147,0.2303
"SARS-CoV2-5UTR-Amplicon-short-trimmed+3",29,"a",2231465,1857,0.0833
"SARS-CoV2-5UTR-Amplicon-short-trimmed+3",30,"a",2231468,845,0.0377
"SARS-CoV2-5UTR-Amplicon-short-trimmed+3",31,"a",2231351,831,0.0372
"SARS-CoV2-5UTR-Amplicon-short-trimmed+3",32,"a",2231353,661,0.0295
"SARS-CoV2-5UTR-Amplicon-short-trimmed+3",33,"t",2231354,4882,0.2187
"SARS-CoV2-5UTR-Amplicon-short-trimmed+3",34,"c",2231354,733,0.0326
"SARS-CoV2-5UTR-Amplicon-short-trimmed+3",35,"t",2231354,717,0.0319
"SARS-CoV2-5UTR-Amplicon-short-trimmed+3",36,"g",2231355,969,0.0432
"SARS-CoV2-5UTR-Amplicon-short-trimmed+3",37,"t",2231338,724,0.0322
"SARS-CoV2-5UTR-Amplicon-short-trimmed+3",38,"g",2231324,509,0.0226
"SARS-CoV2-5UTR-Amplicon-short-trimmed+3",39,"t",2231324,581,0.026
"SARS-CoV2-5UTR-Amplicon-short-trimmed+3",40,"g",2231324,904,0.04
"SARS-CoV2-5UTR-Amplicon-short-trimmed+3",41,"g",2231324,1350,0.0599
"SARS-CoV2-5UTR-Amplicon-short-trimmed+3",42,"c",2231321,556,0.0249
"SARS-CoV2-5UTR-Amplicon-short-trimmed+3",43,"t",2231319,1962,0.0871
"SARS-CoV2-5UTR-Amplicon-short-trimmed+3",44,"g",2231318,1475,0.0654
"SARS-CoV2-5UTR-Amplicon-short-trimmed+3",45,"t",2231317,1472,0.066
"SARS-CoV2-5UTR-Amplicon-short-trimmed+3",46,"c",2231316,439,0.0195
"SARS-CoV2-5UTR-Amplicon-short-trimmed+3",47,"a",2231297,956,0.0428
"SARS-CoV2-5UTR-Amplicon-short-trimmed+3",48,"c",2231303,385,0.0174
"SARS-CoV2-5UTR-Amplicon-short-trimmed+3",49,"t",2231303,603,0.027
"SARS-CoV2-5UTR-Amplicon-short-trimmed+3",50,"c",2231300,507,0.0226
"SARS-CoV2-5UTR-Amplicon-short-trimmed+3",51,"g",2231299,1079,0.0482
"SARS-CoV2-5UTR-Amplicon-short-trimmed+3",52,"g",2231299,2296,0.1026
"SARS-CoV2-5UTR-Amplicon-short-trimmed+3",53,"c",2231299,2514,0.1112
"SARS-CoV2-5UTR-Amplicon-short-trimmed+3",54,"t",2231299,1205,0.0541
"SARS-CoV2-5UTR-Amplicon-short-trimmed+3",55,"g",2231299,2967,0.1316
"SARS-CoV2-5UTR-Amplicon-short-trimmed+3",56,"c",2231299,806,0.0361
"SARS-CoV2-5UTR-Amplicon-short-trimmed+3",57,"g",2231299,2955,0.131
"SARS-CoV2-5UTR-Amplicon-short-trimmed+3",58,"t",2231300,852,0.038
"SARS-CoV2-5UTR-Amplicon-short-trimmed+3",59,"g",2231300,1968,0.0872
"SARS-CoV2-5UTR-Amplicon-short-trimmed+3",60,"c",2231299,970,0.0435
"SARS-CoV2-5UTR-Amplicon-short-trimmed+3",61,"t",2231299,953,0.0427
"SARS-CoV2-5UTR-Amplicon-short-trimmed+3",62,"t",2231299,1225,0.0546
"SARS-CoV2-5UTR-Amplicon-short-trimmed+3",63,"a",2231299,1054,0.0472
"SARS-CoV2-5UTR-Amplicon-short-trimmed+3",64,"g",2231298,714,0.0319
"SARS-CoV2-5UTR-Amplicon-short-trimmed+3",65,"t",2231298,1044,0.0466
"SARS-CoV2-5UTR-Amplicon-short-trimmed+3",66,"g",2231298,1627,0.0727
"SARS-CoV2-5UTR-Amplicon-short-trimmed+3",67,"c",2231298,1427,0.064
"SARS-CoV2-5UTR-Amplicon-short-trimmed+3",68,"a",2231297,1343,0.0601
"SARS-CoV2-5UTR-Amplicon-short-trimmed+3",69,"c",2231297,686,0.0308
"SARS-CoV2-5UTR-Amplicon-short-trimmed+3",70,"t",2231295,1007,0.045
"SARS-CoV2-5UTR-Amplicon-short-trimmed+3",71,"c",2231295,1252,0.0556
"SARS-CoV2-5UTR-Amplicon-short-trimmed+3",72,"a",2231295,1144,0.051
"SARS-CoV2-5UTR-Amplicon-short-trimmed+3",73,"c",2231295,529,0.0238
"SARS-CoV2-5UTR-Amplicon-short-trimmed+3",74,"g",2231294,1148,0.0513
"SARS-CoV2-5UTR-Amplicon-short-trimmed+3",75,"c",2231293,3004,0.1347
"SARS-CoV2-5UTR-Amplicon-short-trimmed+3",76,"a",2231292,1513,0.0678
"SARS-CoV2-5UTR-Amplicon-short-trimmed+3",77,"g",2231292,1379,0.0616
"SARS-CoV2-5UTR-Amplicon-short-trimmed+3",78,"t",2231296,1364,0.0612
"SARS-CoV2-5UTR-Amplicon-short-trimmed+3",79,"a",2231262,1710,0.0764
"SARS-CoV2-5UTR-Amplicon-short-trimmed+3",80,"t",2231307,789,0.0353
"SARS-CoV2-5UTR-Amplicon-short-trimmed+3",81,"a",2231286,1061,0.0474
"SARS-CoV2-5UTR-Amplicon-short-trimmed+3",82,"a",2231272,2211,0.0984
"SARS-CoV2-5UTR-Amplicon-short-trimmed+3",83,"t",2231289,924,0.0412
"SARS-CoV2-5UTR-Amplicon-short-trimmed+3",84,"t",2231288,2251,0.1006
"SARS-CoV2-5UTR-Amplicon-short-trimmed+3",85,"a",2231286,1527,0.0682
"SARS-CoV2-5UTR-Amplicon-short-trimmed+3",86,"a",2231286,1162,0.052
"SARS-CoV2-5UTR-Amplicon-short-trimmed+3",87,"t",2231313,966,0.0432
"SARS-CoV2-5UTR-Amplicon-short-trimmed+3",88,"a",2231312,1226,0.0548
"SARS-CoV2-5UTR-Amplicon-short-trimmed+3",89,"a",2231295,6245,0.2796
"SARS-CoV2-5UTR-Amplicon-short-trimmed+3",90,"c",2231297,1062,0.0473
"SARS-CoV2-5UTR-Amplicon-short-trimmed+3",91,"t",2231349,1153,0.0515
"SARS-CoV2-5UTR-Amplicon-short-trimmed+3",92,"a",2231349,974,0.0435
"SARS-CoV2-5UTR-Amplicon-short-trimmed+3",93,"a",2231347,1044,0.0466
"SARS-CoV2-5UTR-Amplicon-short-trimmed+3",94,"t",2231356,976,0.0437
"SARS-CoV2-5UTR-Amplicon-short-trimmed+3",95,"t",2231383,1673,0.0749
"SARS-CoV2-5UTR-Amplicon-short-trimmed+3",96,"a",2231372,917,0.0411
"SARS-CoV2-5UTR-Amplicon-short-trimmed+3",97,"c",2231370,447,0.0198
"SARS-CoV2-5UTR-Amplicon-short-trimmed+3",98,"t",2231370,955,0.0425
"SARS-CoV2-5UTR-Amplicon-short-trimmed+3",99,"g",2231369,1132,0.0502
"SARS-CoV2-5UTR-Amplicon-short-trimmed+3",100,"t",2231370,1307,0.0587
"SARS-CoV2-5UTR-Amplicon-short-trimmed+3",101,"c",2231369,542,0.0241
"SARS-CoV2-5UTR-Amplicon-short-trimmed+3",102,"g",2231407,1150,0.0512
"SARS-CoV2-5UTR-Amplicon-short-trimmed+3",103,"t",2231386,1083,0.0488
"SARS-CoV2-5UTR-Amplicon-short-trimmed+3",104,"t",2231394,1877,0.0837
"SARS-CoV2-5UTR-Amplicon-short-trimmed+3",105,"g",2231404,1132,0.0502
"SARS-CoV2-5UTR-Amplicon-short-trimmed+3",106,"a",2231441,1289,0.0578
"SARS-CoV2-5UTR-Amplicon-short-trimmed+3",107,"c",2231471,1208,0.0539
"SARS-CoV2-5UTR-Amplicon-short-trimmed+3",108,"a",2231505,1521,0.0683
"SARS-CoV2-5UTR-Amplicon-short-trimmed+3",109,"g",2231651,1145,0.051
"SARS-CoV2-5UTR-Amplicon-short-trimmed+3",110,"g",2232002,2468,0.1104
"SARS-CoV2-5UTR-Amplicon-short-trimmed+3",111,"a",2232925,1256,0.0564
"SARS-CoV2-5UTR-Amplicon-short-trimmed+3",112,"c",2233998,1132,0.0502
"SARS-CoV2-5UTR-Amplicon-short-trimmed+3",113,"a",2236302,2656,0.1187
"SARS-CoV2-5UTR-Amplicon-short-trimmed+3",114,"c",2241852,1463,0.0653
"SARS-CoV2-5UTR-Amplicon-short-trimmed+3",115,"g",2260776,924,0.0404
"SARS-CoV2-5UTR-Amplicon-short-trimmed+3",116,"a",2383388,1607,0.0673
"SARS-CoV2-5UTR-Amplicon-short-trimmed+3",117,"g",3999997,1938,0.0485
"SARS-CoV2-5UTR-Amplicon-short-trimmed+3",118,"t",3999991,5851,0.1463
"SARS-CoV2-5UTR-Amplicon-short-trimmed+3",119,"a",3999994,6416,0.1604
"SARS-CoV2-5UTR-Amplicon-short-trimmed+3",120,"a",3999989,4221,0.1056
"SARS-CoV2-5UTR-Amplicon-short-trimmed+3",121,"c",3999992,3542,0.0885
"SARS-CoV2-5UTR-Amplicon-short-trimmed+3",122,"t",3999975,5263,0.1316
"SARS-CoV2-5UTR-Amplicon-short-trimmed+3",123,"c",3999969,3242,0.081
"SARS-CoV2-5UTR-Amplicon-short-trimmed+3",124,"g",3999920,3288,0.0822
"SARS-CoV2-5UTR-Amplicon-short-trimmed+3",125,"t",3999872,5764,0.1442
"SARS-CoV2-5UTR-Amplicon-short-trimmed+3",126,"c",3999772,3109,0.0778
"SARS-CoV2-5UTR-Amplicon-short-trimmed+3",127,"t",3999491,2017,0.0504
"SARS-CoV2-5UTR-Amplicon-short-trimmed+3",128,"a",3998635,5103,0.1276
"SARS-CoV2-5UTR-Amplicon-short-trimmed+3",129,"t",3997025,9933,0.2486
"SARS-CoV2-5UTR-Amplicon-short-trimmed+3",130,"c",3997028,1292,0.0324
"SARS-CoV2-5UTR-Amplicon-short-trimmed+3",131,"t",3996891,2865,0.0717
"SARS-CoV2-5UTR-Amplicon-short-trimmed+3",132,"t",3978728,2796,0.0703
"SARS-CoV2-5UTR-Amplicon-short-trimmed+3",133,"c",1971381,2088,0.1058
"SARS-CoV2-5UTR-Amplicon-short-trimmed+3",134,"t",1797291,2145,0.1186
"SARS-CoV2-5UTR-Amplicon-short-trimmed+3",135,"g",1778093,1338,0.0749
"SARS-CoV2-5UTR-Amplicon-short-trimmed+3",136,"c",1773350,6218,0.3503
"SARS-CoV2-5UTR-Amplicon-short-trimmed+3",137,"a",1772354,2046,0.1144
"SARS-CoV2-5UTR-Amplicon-short-trimmed+3",138,"g",1771369,1127,0.0633
"SARS-CoV2-5UTR-Amplicon-short-trimmed+3",139,"g",1770814,1506,0.0849
"SARS-CoV2-5UTR-Amplicon-short-trimmed+3",140,"c",1770389,1928,0.1092
"SARS-CoV2-5UTR-Amplicon-short-trimmed+3",141,"t",1770229,3823,0.2147
"SARS-CoV2-5UTR-Amplicon-short-trimmed+3",142,"g",1770119,2989,0.1683
"SARS-CoV2-5UTR-Amplicon-short-trimmed+3",143,"c",1770074,8248,0.4701
"SARS-CoV2-5UTR-Amplicon-short-trimmed+3",144,"t",1769931,902,0.0509
"SARS-CoV2-5UTR-Amplicon-short-trimmed+3",145,"t",1769903,2708,0.1525
"SARS-CoV2-5UTR-Amplicon-short-trimmed+3",146,"a",1769783,4816,0.2614
"SARS-CoV2-5UTR-Amplicon-short-trimmed+3",147,"c",1769757,1778,0.1003
"SARS-CoV2-5UTR-Amplicon-short-trimmed+3",148,"g",1769737,903,0.0509
"SARS-CoV2-5UTR-Amplicon-short-trimmed+3",149,"g",1769706,1215,0.0685
"SARS-CoV2-5UTR-Amplicon-short-trimmed+3",150,"t",1769689,1469,0.0829
"SARS-CoV2-5UTR-Amplicon-short-trimmed+3",151,"t",1769688,1468,0.0825
"SARS-CoV2-5UTR-Amplicon-short-trimmed+3",152,"t",1769689,3887,0.2183
"SARS-CoV2-5UTR-Amplicon-short-trimmed+3",153,"c",1769685,2415,0.1356
"SARS-CoV2-5UTR-Amplicon-short-trimmed+3",154,"g",1769680,834,0.0471
"SARS-CoV2-5UTR-Amplicon-short-trimmed+3",155,"t",1769676,2908,0.1638
"SARS-CoV2-5UTR-Amplicon-short-trimmed+3",156,"c",1769680,2043,0.1148
"SARS-CoV2-5UTR-Amplicon-short-trimmed+3",157,"c",1769680,2857,0.1613
"SARS-CoV2-5UTR-Amplicon-short-trimmed+3",158,"g",1769677,1146,0.065
"SARS-CoV2-5UTR-Amplicon-short-trimmed+3",159,"t",1769678,11188,0.6284
"SARS-CoV2-5UTR-Amplicon-short-trimmed+3",160,"g",1769675,897,0.0508
"SARS-CoV2-5UTR-Amplicon-short-trimmed+3",161,"t",1769677,1574,0.0891
"SARS-CoV2-5UTR-Amplicon-short-trimmed+3",162,"t",1769678,4624,0.2512
"SARS-CoV2-5UTR-Amplicon-short-trimmed+3",163,"g",1769678,994,0.056
"SARS-CoV2-5UTR-Amplicon-short-trimmed+3",164,"c",1769683,2558,0.144
"SARS-CoV2-5UTR-Amplicon-short-trimmed+3",165,"a",1769693,2054,0.1155
"SARS-CoV2-5UTR-Amplicon-short-trimmed+3",166,"g",1769892,2175,0.1221
"SARS-CoV2-5UTR-Amplicon-short-trimmed+3",167,"c",1769896,2991,0.1684
"SARS-CoV2-5UTR-Amplicon-short-trimmed+3",168,"c",1769893,10119,0.574
"SARS-CoV2-5UTR-Amplicon-short-trimmed+3",169,"g",1769893,1672,0.0945
"SARS-CoV2-5UTR-Amplicon-short-trimmed+3",170,"a",1769894,1546,0.0865
"SARS-CoV2-5UTR-Amplicon-short-trimmed+3",171,"t",1769896,1610,0.0905
"SARS-CoV2-5UTR-Amplicon-short-trimmed+3",172,"c",1769898,1133,0.064
"SARS-CoV2-5UTR-Amplicon-short-trimmed+3",173,"a",1769898,1433,0.0804
"SARS-CoV2-5UTR-Amplicon-short-trimmed+3",174,"t",1769914,1106,0.0623
"SARS-CoV2-5UTR-Amplicon-short-trimmed+3",175,"c",1769914,1809,0.1019
"SARS-CoV2-5UTR-Amplicon-short-trimmed+3",176,"a",1769914,2013,0.1135
"SARS-CoV2-5UTR-Amplicon-short-trimmed+3",177,"g",1769914,1299,0.0736
"SARS-CoV2-5UTR-Amplicon-short-trimmed+3",178,"c",1769914,10464,0.5906
"SARS-CoV2-5UTR-Amplicon-short-trimmed+3",179,"a",1769914,1870,0.1051
"SARS-CoV2-5UTR-Amplicon-short-trimmed+3",180,"c",1769914,1482,0.0835
"SARS-CoV2-5UTR-Amplicon-short-trimmed+3",181,"a",1769914,1140,0.0638
"SARS-CoV2-5UTR-Amplicon-short-trimmed+3",182,"t",1769914,1051,0.0594
"SARS-CoV2-5UTR-Amplicon-short-trimmed+3",183,"c",1769912,660,0.0374
"SARS-CoV2-5UTR-Amplicon-short-trimmed+3",184,"t",1769912,1857,0.1048
"SARS-CoV2-5UTR-Amplicon-short-trimmed+3",185,"a",1769878,2084,0.1179
"SARS-CoV2-5UTR-Amplicon-short-trimmed+3",186,"g",1769871,818,0.0461
"SARS-CoV2-5UTR-Amplicon-short-trimmed+3",187,"g",1769870,1017,0.0577
"SARS-CoV2-5UTR-Amplicon-short-trimmed+3",188,"t",1769870,3112,0.1669
"SARS-CoV2-5UTR-Amplicon-short-trimmed+3",189,"t",1769854,2186,0.1229
"SARS-CoV2-5UTR-Amplicon-short-trimmed+3",190,"t",1769853,3412,0.1914
"SARS-CoV2-5UTR-Amplicon-short-trimmed+3",191,"c",1769853,1582,0.0894
"SARS-CoV2-5UTR-Amplicon-short-trimmed+3",192,"g",1769836,544,0.0308
"SARS-CoV2-5UTR-Amplicon-short-trimmed+3",193,"t",1769834,9190,0.5174
"SARS-CoV2-5UTR-Amplicon-short-trimmed+3",194,"c",1769834,1201,0.0677
"SARS-CoV2-5UTR-Amplicon-short-trimmed+3",195,"c",1769833,2000,0.1127
"SARS-CoV2-5UTR-Amplicon-short-trimmed+3",196,"g",1769795,687,0.0385
"SARS-CoV2-5UTR-Amplicon-short-trimmed+3",197,"g",1769790,852,0.0482
"SARS-CoV2-5UTR-Amplicon-short-trimmed+3",198,"g",1769790,7611,0.4288
"SARS-CoV2-5UTR-Amplicon-short-trimmed+3",199,"t",1769784,2567,0.1454
"SARS-CoV2-5UTR-Amplicon-short-trimmed+3",200,"g",1769780,2041,0.1104
"SARS-CoV2-5UTR-Amplicon-short-trimmed+3",201,"t",1769778,3554,0.1939
"SARS-CoV2-5UTR-Amplicon-short-trimmed+3",202,"g",1769778,1653,0.0937
"SARS-CoV2-5UTR-Amplicon-short-trimmed+3",203,"a",1769772,2964,0.1668
"SARS-CoV2-5UTR-Amplicon-short-trimmed+3",204,"c",1769772,1100,0.062
"SARS-CoV2-5UTR-Amplicon-short-trimmed+3",205,"c",1769778,695,0.039
"SARS-CoV2-5UTR-Amplicon-short-trimmed+3",206,"g",1769778,851,0.0482
"SARS-CoV2-5UTR-Amplicon-short-trimmed+3",207,"a",1769778,1136,0.0644
"SARS-CoV2-5UTR-Amplicon-short-trimmed+3",208,"a",1769778,668,0.0376
"SARS-CoV2-5UTR-Amplicon-short-trimmed+3",209,"a",1769778,1683,0.095
"SARS-CoV2-5UTR-Amplicon-short-trimmed+3",210,"g",1769777,517,0.029
"SARS-CoV2-5UTR-Amplicon-short-trimmed+3",211,"g",1769777,2385,0.1356
"SARS-CoV2-5UTR-Amplicon-short-trimmed+3",212,"t",1769778,1333,0.0755
"SARS-CoV2-5UTR-Amplicon-short-trimmed+3",213,"a",1769778,880,0.0496
"SARS-CoV2-5UTR-Amplicon-short-trimmed+3",214,"a",1769778,1090,0.0616
"SARS-CoV2-5UTR-Amplicon-short-trimmed+3",215,"g",1769766,570,0.0322
"SARS-CoV2-5UTR-Amplicon-short-trimmed+3",216,"a",1769977,797,0.045
"SARS-CoV2-5UTR-Amplicon-short-trimmed+3",217,"t",1769999,1532,0.0868
"SARS-CoV2-5UTR-Amplicon-short-trimmed+3",218,"g",1769999,718,0.0407
"SARS-CoV2-5UTR-Amplicon-short-trimmed+3",219,"g",1769987,1157,0.0656
"SARS-CoV2-5UTR-Amplicon-short-trimmed+3",220,"a",1769974,3091,0.1753
"SARS-CoV2-5UTR-Amplicon-short-trimmed+3",221,"g",1769971,2500,0.1416
"SARS-CoV2-5UTR-Amplicon-short-trimmed+3",222,"a",1769760,1297,0.0736
"SARS-CoV2-5UTR-Amplicon-short-trimmed+3",223,"g",1769758,1240,0.0698
"SARS-CoV2-5UTR-Amplicon-short-trimmed+3",224,"c",1769745,839,0.0472
"SARS-CoV2-5UTR-Amplicon-short-trimmed+3",225,"c",1769744,759,0.0431
"SARS-CoV2-5UTR-Amplicon-short-trimmed+3",226,"t",1769744,885,0.0496
"SARS-CoV2-5UTR-Amplicon-short-trimmed+3",227,"t",1769730,7826,0.4436
"SARS-CoV2-5UTR-Amplicon-short-trimmed+3",228,"g",1769729,779,0.0442
"SARS-CoV2-5UTR-Amplicon-short-trimmed+3",229,"t",1769729,2293,0.1294
"SARS-CoV2-5UTR-Amplicon-short-trimmed+3",230,"c",1769724,2817,0.1494
"SARS-CoV2-5UTR-Amplicon-short-trimmed+3",231,"c",1769723,595,0.0336
"SARS-CoV2-5UTR-Amplicon-short-trimmed+3",232,"c",1769723,1020,0.0581
"SARS-CoV2-5UTR-Amplicon-short-trimmed+3",233,"t",1769718,2627,0.1486
"SARS-CoV2-5UTR-Amplicon-short-trimmed+3",234,"g",1769717,685,0.0392
"SARS-CoV2-5UTR-Amplicon-short-trimmed+3",235,"g",1769712,736,0.0413
"SARS-CoV2-5UTR-Amplicon-short-trimmed+3",236,"t",1769708,702,0.0397
"SARS-CoV2-5UTR-Amplicon-short-trimmed+3",237,"t",1769707,1115,0.0625
"SARS-CoV2-5UTR-Amplicon-short-trimmed+3",238,"t",1769699,1263,0.0711
"SARS-CoV2-5UTR-Amplicon-short-trimmed+3",239,"c",1769671,11457,0.6496
"SARS-CoV2-5UTR-Amplicon-short-trimmed+3",240,"a",1769584,1219,0.0688
"SARS-CoV2-5UTR-Amplicon-short-trimmed+3",241,"a",1769543,910,0.0512
"SARS-CoV2-5UTR-Amplicon-short-trimmed+3",242,"c",1769501,1076,0.061
"SARS-CoV2-5UTR-Amplicon-short-trimmed+3",243,"g",1769448,624,0.0355
"SARS-CoV2-5UTR-Amplicon-short-trimmed+3",244,"a",1769239,1957,0.1111
"SARS-CoV2-5UTR-Amplicon-short-trimmed+3",245,"g",1768477,0,0
"SARS-CoV2-5UTR-Amplicon-short-trimmed+3",246,"g",1767856,0,0
"SARS-CoV2-5UTR-Amplicon-short-trimmed+3",247,"G",1766239,0,0
"SARS-CoV2-5UTR-Amplicon-short-trimmed+3",248,"A",1764909,0,0
"SARS-CoV2-5UTR-Amplicon-short-trimmed+3",249,"G",1764532,0,0
