"Region","Position","Ref_base","Total_depth","Total_mut","Mean_mut_percentage"
"SARS-CoV2-5UTR-Amplicon-short-trimmed+3",1,"T",2310008,0,0
"SARS-CoV2-5UTR-Amplicon-short-trimmed+3",2,"T",2312084,0,0
"SARS-CoV2-5UTR-Amplicon-short-trimmed+3",3,"G",2312782,0,0
"SARS-CoV2-5UTR-Amplicon-short-trimmed+3",4,"t",2314784,0,0
"SARS-CoV2-5UTR-Amplicon-short-trimmed+3",5,"a",2315408,0,0
"SARS-CoV2-5UTR-Amplicon-short-trimmed+3",6,"g",2316051,1698,0.0725
"SARS-CoV2-5UTR-Amplicon-short-trimmed+3",7,"a",2316156,534,0.0232
"SARS-CoV2-5UTR-Amplicon-short-trimmed+3",8,"t",2316178,742,0.032
"SARS-CoV2-5UTR-Amplicon-short-trimmed+3",9,"c",2316225,1155,0.0496
"SARS-CoV2-5UTR-Amplicon-short-trimmed+3",10,"t",2316300,809,0.0348
"SARS-CoV2-5UTR-Amplicon-short-trimmed+3",11,"g",2316362,6422,0.2735
"SARS-CoV2-5UTR-Amplicon-short-trimmed+3",12,"t",2316411,984,0.0426
"SARS-CoV2-5UTR-Amplicon-short-trimmed+3",13,"t",2316431,1078,0.0462
"SARS-CoV2-5UTR-Amplicon-short-trimmed+3",14,"c",2316445,1861,0.0806
"SARS-CoV2-5UTR-Amplicon-short-trimmed+3",15,"t",2316474,984,0.0425
"SARS-CoV2-5UTR-Amplicon-short-trimmed+3",16,"c",2316490,3320,0.1421
"SARS-CoV2-5UTR-Amplicon-short-trimmed+3",17,"t",2316527,818,0.0353
"SARS-CoV2-5UTR-Amplicon-short-trimmed+3",18,"a",2316532,1306,0.0562
"SARS-CoV2-5UTR-Amplicon-short-trimmed+3",19,"a",2316541,871,0.0378
"SARS-CoV2-5UTR-Amplicon-short-trimmed+3",20,"a",2316644,880,0.0382
"SARS-CoV2-5UTR-Amplicon-short-trimmed+3",21,"c",2316649,1677,0.0722
"SARS-CoV2-5UTR-Amplicon-short-trimmed+3",22,"g",2316661,979,0.042
"SARS-CoV2-5UTR-Amplicon-short-trimmed+3",23,"a",2316666,1040,0.0451
"SARS-CoV2-5UTR-Amplicon-short-trimmed+3",24,"a",2316666,672,0.029
"SARS-CoV2-5UTR-Amplicon-short-trimmed+3",25,"c",2316672,41460,1.7919
"SARS-CoV2-5UTR-Amplicon-short-trimmed+3",26,"t",2316674,2126,0.0914
"SARS-CoV2-5UTR-Amplicon-short-trimmed+3",27,"t",2316677,2590,0.1105
"SARS-CoV2-5UTR-Amplicon-short-trimmed+3",28,"t",2316702,5238,0.2258
"SARS-CoV2-5UTR-Amplicon-short-trimmed+3",29,"a",2316704,2236,0.0964
"SARS-CoV2-5UTR-Amplicon-short-trimmed+3",30,"a",2316705,967,0.0418
"SARS-CoV2-5UTR-Amplicon-short-trimmed+3",31,"a",2316627,952,0.0413
"SARS-CoV2-5UTR-Amplicon-short-trimmed+3",32,"a",2316624,911,0.0396
"SARS-CoV2-5UTR-Amplicon-short-trimmed+3",33,"t",2316636,5341,0.2304
"SARS-CoV2-5UTR-Amplicon-short-trimmed+3",34,"c",2316636,1132,0.0489
"SARS-CoV2-5UTR-Amplicon-short-trimmed+3",35,"t",2316647,861,0.0372
"SARS-CoV2-5UTR-Amplicon-short-trimmed+3",36,"g",2316647,1219,0.0524
"SARS-CoV2-5UTR-Amplicon-short-trimmed+3",37,"t",2316615,845,0.0365
"SARS-CoV2-5UTR-Amplicon-short-trimmed+3",38,"g",2316615,626,0.0268
"SARS-CoV2-5UTR-Amplicon-short-trimmed+3",39,"t",2316613,663,0.0287
"SARS-CoV2-5UTR-Amplicon-short-trimmed+3",40,"g",2316610,1107,0.0474
"SARS-CoV2-5UTR-Amplicon-short-trimmed+3",41,"g",2316609,1518,0.0649
"SARS-CoV2-5UTR-Amplicon-short-trimmed+3",42,"c",2316608,1217,0.0524
"SARS-CoV2-5UTR-Amplicon-short-trimmed+3",43,"t",2316605,2173,0.0933
"SARS-CoV2-5UTR-Amplicon-short-trimmed+3",44,"g",2316604,1562,0.067
"SARS-CoV2-5UTR-Amplicon-short-trimmed+3",45,"t",2316601,1751,0.0757
"SARS-CoV2-5UTR-Amplicon-short-trimmed+3",46,"c",2316601,804,0.0345
"SARS-CoV2-5UTR-Amplicon-short-trimmed+3",47,"a",2316574,1398,0.0605
"SARS-CoV2-5UTR-Amplicon-short-trimmed+3",48,"c",2316577,749,0.0324
"SARS-CoV2-5UTR-Amplicon-short-trimmed+3",49,"t",2316576,635,0.0273
"SARS-CoV2-5UTR-Amplicon-short-trimmed+3",50,"c",2316565,974,0.0422
"SARS-CoV2-5UTR-Amplicon-short-trimmed+3",51,"g",2316565,1313,0.0564
"SARS-CoV2-5UTR-Amplicon-short-trimmed+3",52,"g",2316565,2652,0.1144
"SARS-CoV2-5UTR-Amplicon-short-trimmed+3",53,"c",2316564,3055,0.1301
"SARS-CoV2-5UTR-Amplicon-short-trimmed+3",54,"t",2316564,1442,0.0623
"SARS-CoV2-5UTR-Amplicon-short-trimmed+3",55,"g",2316566,3579,0.1533
"SARS-CoV2-5UTR-Amplicon-short-trimmed+3",56,"c",2316574,2322,0.0996
"SARS-CoV2-5UTR-Amplicon-short-trimmed+3",57,"g",2316575,3296,0.1409
"SARS-CoV2-5UTR-Amplicon-short-trimmed+3",58,"t",2316575,960,0.0414
"SARS-CoV2-5UTR-Amplicon-short-trimmed+3",59,"g",2316573,2183,0.0935
"SARS-CoV2-5UTR-Amplicon-short-trimmed+3",60,"c",2316571,1194,0.0516
"SARS-CoV2-5UTR-Amplicon-short-trimmed+3",61,"t",2316569,1126,0.0486
"SARS-CoV2-5UTR-Amplicon-short-trimmed+3",62,"t",2316570,1298,0.0558
"SARS-CoV2-5UTR-Amplicon-short-trimmed+3",63,"a",2316560,1238,0.0537
"SARS-CoV2-5UTR-Amplicon-short-trimmed+3",64,"g",2316558,939,0.0403
"SARS-CoV2-5UTR-Amplicon-short-trimmed+3",65,"t",2316557,1107,0.0479
"SARS-CoV2-5UTR-Amplicon-short-trimmed+3",66,"g",2316558,1843,0.0794
"SARS-CoV2-5UTR-Amplicon-short-trimmed+3",67,"c",2316558,1682,0.0724
"SARS-CoV2-5UTR-Amplicon-short-trimmed+3",68,"a",2316559,1406,0.0609
"SARS-CoV2-5UTR-Amplicon-short-trimmed+3",69,"c",2316559,1241,0.0534
"SARS-CoV2-5UTR-Amplicon-short-trimmed+3",70,"t",2316559,1077,0.0466
"SARS-CoV2-5UTR-Amplicon-short-trimmed+3",71,"c",2316559,1328,0.0568
"SARS-CoV2-5UTR-Amplicon-short-trimmed+3",72,"a",2316558,1231,0.0534
"SARS-CoV2-5UTR-Amplicon-short-trimmed+3",73,"c",2316558,903,0.039
"SARS-CoV2-5UTR-Amplicon-short-trimmed+3",74,"g",2316559,1369,0.059
"SARS-CoV2-5UTR-Amplicon-short-trimmed+3",75,"c",2316559,3249,0.1402
"SARS-CoV2-5UTR-Amplicon-short-trimmed+3",76,"a",2316560,1475,0.0639
"SARS-CoV2-5UTR-Amplicon-short-trimmed+3",77,"g",2316554,1549,0.0666
"SARS-CoV2-5UTR-Amplicon-short-trimmed+3",78,"t",2316566,1436,0.0622
"SARS-CoV2-5UTR-Amplicon-short-trimmed+3",79,"a",2316543,1978,0.0854
"SARS-CoV2-5UTR-Amplicon-short-trimmed+3",80,"t",2316573,789,0.0341
"SARS-CoV2-5UTR-Amplicon-short-trimmed+3",81,"a",2316572,1116,0.0482
"SARS-CoV2-5UTR-Amplicon-short-trimmed+3",82,"a",2316578,2563,0.1106
"SARS-CoV2-5UTR-Amplicon-short-trimmed+3",83,"t",2316585,1105,0.048
"SARS-CoV2-5UTR-Amplicon-short-trimmed+3",84,"t",2316596,2336,0.1011
"SARS-CoV2-5UTR-Amplicon-short-trimmed+3",85,"a",2316596,1802,0.0781
"SARS-CoV2-5UTR-Amplicon-short-trimmed+3",86,"a",2316578,1672,0.0724
"SARS-CoV2-5UTR-Amplicon-short-trimmed+3",87,"t",2316638,1023,0.0444
"SARS-CoV2-5UTR-Amplicon-short-trimmed+3",88,"a",2316639,1311,0.057
"SARS-CoV2-5UTR-Amplicon-short-trimmed+3",89,"a",2316655,6792,0.2935
"SARS-CoV2-5UTR-Amplicon-short-trimmed+3",90,"c",2316685,2415,0.1043
"SARS-CoV2-5UTR-Amplicon-short-trimmed+3",91,"t",2316735,1351,0.0583
"SARS-CoV2-5UTR-Amplicon-short-trimmed+3",92,"a",2316730,1189,0.0516
"SARS-CoV2-5UTR-Amplicon-short-trimmed+3",93,"a",2316730,1299,0.0564
"SARS-CoV2-5UTR-Amplicon-short-trimmed+3",94,"t",2316740,1158,0.0502
"SARS-CoV2-5UTR-Amplicon-short-trimmed+3",95,"t",2316724,1648,0.0712
"SARS-CoV2-5UTR-Amplicon-short-trimmed+3",96,"a",2316725,1262,0.0546
"SARS-CoV2-5UTR-Amplicon-short-trimmed+3",97,"c",2316721,1327,0.0572
"SARS-CoV2-5UTR-Amplicon-short-trimmed+3",98,"t",2316730,1136,0.0492
"SARS-CoV2-5UTR-Amplicon-short-trimmed+3",99,"g",2316737,1646,0.0709
"SARS-CoV2-5UTR-Amplicon-short-trimmed+3",100,"t",2316714,1327,0.0575
"SARS-CoV2-5UTR-Amplicon-short-trimmed+3",101,"c",2316716,994,0.0427
"SARS-CoV2-5UTR-Amplicon-short-trimmed+3",102,"g",2316747,1357,0.0585
"SARS-CoV2-5UTR-Amplicon-short-trimmed+3",103,"t",2316748,1155,0.05
"SARS-CoV2-5UTR-Amplicon-short-trimmed+3",104,"t",2316758,1917,0.0828
"SARS-CoV2-5UTR-Amplicon-short-trimmed+3",105,"g",2316773,1140,0.0492
"SARS-CoV2-5UTR-Amplicon-short-trimmed+3",106,"a",2316820,1317,0.0572
"SARS-CoV2-5UTR-Amplicon-short-trimmed+3",107,"c",2316858,1420,0.0614
"SARS-CoV2-5UTR-Amplicon-short-trimmed+3",108,"a",2316894,1633,0.0708
"SARS-CoV2-5UTR-Amplicon-short-trimmed+3",109,"g",2317070,1242,0.0538
"SARS-CoV2-5UTR-Amplicon-short-trimmed+3",110,"g",2317495,2570,0.1105
"SARS-CoV2-5UTR-Amplicon-short-trimmed+3",111,"a",2318467,1575,0.0683
"SARS-CoV2-5UTR-Amplicon-short-trimmed+3",112,"c",2319654,3262,0.1411
"SARS-CoV2-5UTR-Amplicon-short-trimmed+3",113,"a",2322134,2525,0.1094
"SARS-CoV2-5UTR-Amplicon-short-trimmed+3",114,"c",2328115,1883,0.0808
"SARS-CoV2-5UTR-Amplicon-short-trimmed+3",115,"g",2349101,1093,0.0464
"SARS-CoV2-5UTR-Amplicon-short-trimmed+3",116,"a",2480358,1817,0.0736
"SARS-CoV2-5UTR-Amplicon-short-trimmed+3",117,"g",3999963,1839,0.046
"SARS-CoV2-5UTR-Amplicon-short-trimmed+3",118,"t",3999939,5626,0.1407
"SARS-CoV2-5UTR-Amplicon-short-trimmed+3",119,"a",3999984,5851,0.1463
"SARS-CoV2-5UTR-Amplicon-short-trimmed+3",120,"a",3999994,5902,0.1476
"SARS-CoV2-5UTR-Amplicon-short-trimmed+3",121,"c",3999977,3933,0.0983
"SARS-CoV2-5UTR-Amplicon-short-trimmed+3",122,"t",3999971,4723,0.1181
"SARS-CoV2-5UTR-Amplicon-short-trimmed+3",123,"c",3999980,3370,0.0842
"SARS-CoV2-5UTR-Amplicon-short-trimmed+3",124,"g",3999855,4153,0.1038
"SARS-CoV2-5UTR-Amplicon-short-trimmed+3",125,"t",3999888,5642,0.1411
"SARS-CoV2-5UTR-Amplicon-short-trimmed+3",126,"c",3999826,3424,0.0856
"SARS-CoV2-5UTR-Amplicon-short-trimmed+3",127,"t",3999663,2032,0.0508
"SARS-CoV2-5UTR-Amplicon-short-trimmed+3",128,"a",3998888,4528,0.1132
"SARS-CoV2-5UTR-Amplicon-short-trimmed+3",129,"t",3997490,8989,0.2248
"SARS-CoV2-5UTR-Amplicon-short-trimmed+3",130,"c",3997492,1727,0.0432
"SARS-CoV2-5UTR-Amplicon-short-trimmed+3",131,"t",3997316,2672,0.0668
"SARS-CoV2-5UTR-Amplicon-short-trimmed+3",132,"t",3977979,2715,0.0683
"SARS-CoV2-5UTR-Amplicon-short-trimmed+3",133,"c",1901513,2243,0.1177
"SARS-CoV2-5UTR-Amplicon-short-trimmed+3",134,"t",1716471,1931,0.1119
"SARS-CoV2-5UTR-Amplicon-short-trimmed+3",135,"g",1694178,1318,0.0776
"SARS-CoV2-5UTR-Amplicon-short-trimmed+3",136,"c",1688611,6953,0.4102
"SARS-CoV2-5UTR-Amplicon-short-trimmed+3",137,"a",1687492,2022,0.1192
"SARS-CoV2-5UTR-Amplicon-short-trimmed+3",138,"g",1686356,1077,0.0636
"SARS-CoV2-5UTR-Amplicon-short-trimmed+3",139,"g",1685808,1473,0.0872
"SARS-CoV2-5UTR-Amplicon-short-trimmed+3",140,"c",1685415,1858,0.1099
"SARS-CoV2-5UTR-Amplicon-short-trimmed+3",141,"t",1685263,3418,0.2026
"SARS-CoV2-5UTR-Amplicon-short-trimmed+3",142,"g",1685173,2782,0.165
"SARS-CoV2-5UTR-Amplicon-short-trimmed+3",143,"c",1685128,8396,0.5004
"SARS-CoV2-5UTR-Amplicon-short-trimmed+3",144,"t",1684970,948,0.0559
"SARS-CoV2-5UTR-Amplicon-short-trimmed+3",145,"t",1684928,2505,0.1482
"SARS-CoV2-5UTR-Amplicon-short-trimmed+3",146,"a",1684784,1937,0.1144
"SARS-CoV2-5UTR-Amplicon-short-trimmed+3",147,"c",1684751,1594,0.0945
"SARS-CoV2-5UTR-Amplicon-short-trimmed+3",148,"g",1684730,1015,0.0602
"SARS-CoV2-5UTR-Amplicon-short-trimmed+3",149,"g",1684703,1337,0.0794
"SARS-CoV2-5UTR-Amplicon-short-trimmed+3",150,"t",1684701,1558,0.0923
"SARS-CoV2-5UTR-Amplicon-short-trimmed+3",151,"t",1684697,1551,0.0917
"SARS-CoV2-5UTR-Amplicon-short-trimmed+3",152,"t",1684698,3786,0.2239
"SARS-CoV2-5UTR-Amplicon-short-trimmed+3",153,"c",1684691,3865,0.2293
"SARS-CoV2-5UTR-Amplicon-short-trimmed+3",154,"g",1684689,948,0.0563
"SARS-CoV2-5UTR-Amplicon-short-trimmed+3",155,"t",1684691,2640,0.1562
"SARS-CoV2-5UTR-Amplicon-short-trimmed+3",156,"c",1684693,2003,0.1187
"SARS-CoV2-5UTR-Amplicon-short-trimmed+3",157,"c",1684694,2594,0.153
"SARS-CoV2-5UTR-Amplicon-short-trimmed+3",158,"g",1684680,980,0.0582
"SARS-CoV2-5UTR-Amplicon-short-trimmed+3",159,"t",1684671,9836,0.5814
"SARS-CoV2-5UTR-Amplicon-short-trimmed+3",160,"g",1684664,1211,0.0718
"SARS-CoV2-5UTR-Amplicon-short-trimmed+3",161,"t",1684659,1544,0.0917
"SARS-CoV2-5UTR-Amplicon-short-trimmed+3",162,"t",1684656,2054,0.1217
"SARS-CoV2-5UTR-Amplicon-short-trimmed+3",163,"g",1684656,946,0.0561
"SARS-CoV2-5UTR-Amplicon-short-trimmed+3",164,"c",1684659,2426,0.1437
"SARS-CoV2-5UTR-Amplicon-short-trimmed+3",165,"a",1684664,1822,0.108
"SARS-CoV2-5UTR-Amplicon-short-trimmed+3",166,"g",1684862,1981,0.117
"SARS-CoV2-5UTR-Amplicon-short-trimmed+3",167,"c",1684866,2647,0.1568
"SARS-CoV2-5UTR-Amplicon-short-trimmed+3",168,"c",1684868,10183,0.6038
"SARS-CoV2-5UTR-Amplicon-short-trimmed+3",169,"g",1684869,1688,0.0998
"SARS-CoV2-5UTR-Amplicon-short-trimmed+3",170,"a",1684872,1509,0.0892
"SARS-CoV2-5UTR-Amplicon-short-trimmed+3",171,"t",1684884,1375,0.0814
"SARS-CoV2-5UTR-Amplicon-short-trimmed+3",172,"c",1684889,2760,0.1632
"SARS-CoV2-5UTR-Amplicon-short-trimmed+3",173,"a",1684889,1585,0.0936
"SARS-CoV2-5UTR-Amplicon-short-trimmed+3",174,"t",1684889,1125,0.0666
"SARS-CoV2-5UTR-Amplicon-short-trimmed+3",175,"c",1684891,1831,0.1084
"SARS-CoV2-5UTR-Amplicon-short-trimmed+3",176,"a",1684891,1899,0.1124
"SARS-CoV2-5UTR-Amplicon-short-trimmed+3",177,"g",1684891,1260,0.0749
"SARS-CoV2-5UTR-Amplicon-short-trimmed+3",178,"c",1684893,9921,0.5868
"SARS-CoV2-5UTR-Amplicon-short-trimmed+3",179,"a",1684893,1635,0.0967
"SARS-CoV2-5UTR-Amplicon-short-trimmed+3",180,"c",1684892,1374,0.0814
"SARS-CoV2-5UTR-Amplicon-short-trimmed+3",181,"a",1684892,985,0.058
"SARS-CoV2-5UTR-Amplicon-short-trimmed+3",182,"t",1684892,959,0.0568
"SARS-CoV2-5UTR-Amplicon-short-trimmed+3",183,"c",1684887,794,0.047
"SARS-CoV2-5UTR-Amplicon-short-trimmed+3",184,"t",1684887,1883,0.1115
"SARS-CoV2-5UTR-Amplicon-short-trimmed+3",185,"a",1684869,2351,0.1391
"SARS-CoV2-5UTR-Amplicon-short-trimmed+3",186,"g",1684872,932,0.0552
"SARS-CoV2-5UTR-Amplicon-short-trimmed+3",187,"g",1684872,1190,0.0708
"SARS-CoV2-5UTR-Amplicon-short-trimmed+3",188,"t",1684869,1174,0.07
"SARS-CoV2-5UTR-Amplicon-short-trimmed+3",189,"t",1684863,2577,0.153
"SARS-CoV2-5UTR-Amplicon-short-trimmed+3",190,"t",1684858,3462,0.2047
"SARS-CoV2-5UTR-Amplicon-short-trimmed+3",191,"c",1684859,3221,0.1912
"SARS-CoV2-5UTR-Amplicon-short-trimmed+3",192,"g",1684834,704,0.0415
"SARS-CoV2-5UTR-Amplicon-short-trimmed+3",193,"t",1684833,8189,0.4845
"SARS-CoV2-5UTR-Amplicon-short-trimmed+3",194,"c",1684817,1241,0.0732
"SARS-CoV2-5UTR-Amplicon-short-trimmed+3",195,"c",1684814,1940,0.1152
"SARS-CoV2-5UTR-Amplicon-short-trimmed+3",196,"g",1684792,746,0.0444
"SARS-CoV2-5UTR-Amplicon-short-trimmed+3",197,"g",1684790,905,0.0537
"SARS-CoV2-5UTR-Amplicon-short-trimmed+3",198,"g",1684789,7149,0.4228
"SARS-CoV2-5UTR-Amplicon-short-trimmed+3",199,"t",1684784,2237,0.1326
"SARS-CoV2-5UTR-Amplicon-short-trimmed+3",200,"g",1684762,2123,0.1221
"SARS-CoV2-5UTR-Amplicon-short-trimmed+3",201,"t",1684756,1770,0.1051
"SARS-CoV2-5UTR-Amplicon-short-trimmed+3",202,"g",1684754,1544,0.0919
"SARS-CoV2-5UTR-Amplicon-short-trimmed+3",203,"a",1684737,2777,0.1647
"SARS-CoV2-5UTR-Amplicon-short-trimmed+3",204,"c",1684737,1039,0.0616
"SARS-CoV2-5UTR-Amplicon-short-trimmed+3",205,"c",1684742,742,0.0441
"SARS-CoV2-5UTR-Amplicon-short-trimmed+3",206,"g",1684742,1093,0.0649
"SARS-CoV2-5UTR-Amplicon-short-trimmed+3",207,"a",1684732,1124,0.0664
"SARS-CoV2-5UTR-Amplicon-short-trimmed+3",208,"a",1684716,654,0.0385
"SARS-CoV2-5UTR-Amplicon-short-trimmed+3",209,"a",1684715,1680,0.0995
"SARS-CoV2-5UTR-Amplicon-short-trimmed+3",210,"g",1684715,622,0.0368
"SARS-CoV2-5UTR-Amplicon-short-trimmed+3",211,"g",1684716,2214,0.131
"SARS-CoV2-5UTR-Amplicon-short-trimmed+3",212,"t",1684713,1209,0.0713
"SARS-CoV2-5UTR-Amplicon-short-trimmed+3",213,"a",1684713,747,0.044
"SARS-CoV2-5UTR-Amplicon-short-trimmed+3",214,"a",1684697,1205,0.0712
"SARS-CoV2-5UTR-Amplicon-short-trimmed+3",215,"g",1684689,592,0.0351
"SARS-CoV2-5UTR-Amplicon-short-trimmed+3",216,"a",1684926,738,0.0436
"SARS-CoV2-5UTR-Amplicon-short-trimmed+3",217,"t",1684925,1578,0.0934
"SARS-CoV2-5UTR-Amplicon-short-trimmed+3",218,"g",1684926,926,0.0547
"SARS-CoV2-5UTR-Amplicon-short-trimmed+3",219,"g",1684913,1395,0.0827
"SARS-CoV2-5UTR-Amplicon-short-trimmed+3",220,"a",1684889,3222,0.1911
"SARS-CoV2-5UTR-Amplicon-short-trimmed+3",221,"g",1684883,2573,0.1525
"SARS-CoV2-5UTR-Amplicon-short-trimmed+3",222,"a",1684640,1247,0.0739
"SARS-CoV2-5UTR-Amplicon-short-trimmed+3",223,"g",1684638,1193,0.0707
"SARS-CoV2-5UTR-Amplicon-short-trimmed+3",224,"c",1684637,1650,0.0979
"SARS-CoV2-5UTR-Amplicon-short-trimmed+3",225,"c",1684637,1025,0.0608
"SARS-CoV2-5UTR-Amplicon-short-trimmed+3",226,"t",1684636,775,0.0459
"SARS-CoV2-5UTR-Amplicon-short-trimmed+3",227,"t",1684627,7324,0.4342
"SARS-CoV2-5UTR-Amplicon-short-trimmed+3",228,"g",1684625,880,0.0524
"SARS-CoV2-5UTR-Amplicon-short-trimmed+3",229,"t",1684621,2084,0.1234
"SARS-CoV2-5UTR-Amplicon-short-trimmed+3",230,"c",1684614,821,0.0488
"SARS-CoV2-5UTR-Amplicon-short-trimmed+3",231,"c",1684610,748,0.0443
"SARS-CoV2-5UTR-Amplicon-short-trimmed+3",232,"c",1684606,1215,0.0721
"SARS-CoV2-5UTR-Amplicon-short-trimmed+3",233,"t",1684547,2701,0.1598
"SARS-CoV2-5UTR-Amplicon-short-trimmed+3",234,"g",1684538,1052,0.0622
"SARS-CoV2-5UTR-Amplicon-short-trimmed+3",235,"g",1684534,1156,0.0685
"SARS-CoV2-5UTR-Amplicon-short-trimmed+3",236,"t",1684529,789,0.0467
"SARS-CoV2-5UTR-Amplicon-short-trimmed+3",237,"t",1684504,1095,0.0646
"SARS-CoV2-5UTR-Amplicon-short-trimmed+3",238,"t",1684495,1205,0.0713
"SARS-CoV2-5UTR-Amplicon-short-trimmed+3",239,"c",1684472,11168,0.663
"SARS-CoV2-5UTR-Amplicon-short-trimmed+3",240,"a",1684400,1127,0.0664
"SARS-CoV2-5UTR-Amplicon-short-trimmed+3",241,"a",1684338,815,0.0482
"SARS-CoV2-5UTR-Amplicon-short-trimmed+3",242,"c",1684174,1204,0.0715
"SARS-CoV2-5UTR-Amplicon-short-trimmed+3",243,"g",1684098,694,0.0413
"SARS-CoV2-5UTR-Amplicon-short-trimmed+3",244,"a",1683881,2140,0.1271
"SARS-CoV2-5UTR-Amplicon-short-trimmed+3",245,"g",1682967,0,0
"SARS-CoV2-5UTR-Amplicon-short-trimmed+3",246,"g",1682102,1,0
"SARS-CoV2-5UTR-Amplicon-short-trimmed+3",247,"G",1680295,0,0
"SARS-CoV2-5UTR-Amplicon-short-trimmed+3",248,"A",1678902,0,0
"SARS-CoV2-5UTR-Amplicon-short-trimmed+3",249,"G",1678462,0,0
