"Region","Position","Ref_base","Total_depth","Total_mut","Mean_mut_percentage"
"SARS-CoV2-5UTR-Amplicon-short-trimmed+3",1,"T",1979075,0,0
"SARS-CoV2-5UTR-Amplicon-short-trimmed+3",2,"T",1980315,0,0
"SARS-CoV2-5UTR-Amplicon-short-trimmed+3",3,"G",1980731,0,0
"SARS-CoV2-5UTR-Amplicon-short-trimmed+3",4,"t",1982696,0,0
"SARS-CoV2-5UTR-Amplicon-short-trimmed+3",5,"a",1983137,0,0
"SARS-CoV2-5UTR-Amplicon-short-trimmed+3",6,"g",1983575,1476,0.0748
"SARS-CoV2-5UTR-Amplicon-short-trimmed+3",7,"a",1983754,406,0.0207
"SARS-CoV2-5UTR-Amplicon-short-trimmed+3",8,"t",1983771,571,0.0286
"SARS-CoV2-5UTR-Amplicon-short-trimmed+3",9,"c",1983796,581,0.0294
"SARS-CoV2-5UTR-Amplicon-short-trimmed+3",10,"t",1983810,561,0.0284
"SARS-CoV2-5UTR-Amplicon-short-trimmed+3",11,"g",1983820,6447,0.3292
"SARS-CoV2-5UTR-Amplicon-short-trimmed+3",12,"t",1983860,543,0.0274
"SARS-CoV2-5UTR-Amplicon-short-trimmed+3",13,"t",1983874,702,0.0355
"SARS-CoV2-5UTR-Amplicon-short-trimmed+3",14,"c",1983882,497,0.0251
"SARS-CoV2-5UTR-Amplicon-short-trimmed+3",15,"t",1983899,771,0.039
"SARS-CoV2-5UTR-Amplicon-short-trimmed+3",16,"c",1983909,1143,0.0587
"SARS-CoV2-5UTR-Amplicon-short-trimmed+3",17,"t",1983936,448,0.0227
"SARS-CoV2-5UTR-Amplicon-short-trimmed+3",18,"a",1983939,904,0.0456
"SARS-CoV2-5UTR-Amplicon-short-trimmed+3",19,"a",1983947,791,0.0397
"SARS-CoV2-5UTR-Amplicon-short-trimmed+3",20,"a",1983999,562,0.0282
"SARS-CoV2-5UTR-Amplicon-short-trimmed+3",21,"c",1984009,373,0.019
"SARS-CoV2-5UTR-Amplicon-short-trimmed+3",22,"g",1984009,1972,0.1
"SARS-CoV2-5UTR-Amplicon-short-trimmed+3",23,"a",1984012,789,0.0398
"SARS-CoV2-5UTR-Amplicon-short-trimmed+3",24,"a",1984014,606,0.0308
"SARS-CoV2-5UTR-Amplicon-short-trimmed+3",25,"c",1984023,33089,1.6707
"SARS-CoV2-5UTR-Amplicon-short-trimmed+3",26,"t",1984024,1515,0.0767
"SARS-CoV2-5UTR-Amplicon-short-trimmed+3",27,"t",1984026,1708,0.087
"SARS-CoV2-5UTR-Amplicon-short-trimmed+3",28,"t",1984066,4232,0.2135
"SARS-CoV2-5UTR-Amplicon-short-trimmed+3",29,"a",1984068,1593,0.0803
"SARS-CoV2-5UTR-Amplicon-short-trimmed+3",30,"a",1984069,713,0.036
"SARS-CoV2-5UTR-Amplicon-short-trimmed+3",31,"a",1983984,731,0.0366
"SARS-CoV2-5UTR-Amplicon-short-trimmed+3",32,"a",1983992,593,0.0301
"SARS-CoV2-5UTR-Amplicon-short-trimmed+3",33,"t",1983995,4585,0.2313
"SARS-CoV2-5UTR-Amplicon-short-trimmed+3",34,"c",1983995,659,0.0334
"SARS-CoV2-5UTR-Amplicon-short-trimmed+3",35,"t",1983994,623,0.0315
"SARS-CoV2-5UTR-Amplicon-short-trimmed+3",36,"g",1983994,1088,0.0554
"SARS-CoV2-5UTR-Amplicon-short-trimmed+3",37,"t",1983975,632,0.032
"SARS-CoV2-5UTR-Amplicon-short-trimmed+3",38,"g",1983975,595,0.0301
"SARS-CoV2-5UTR-Amplicon-short-trimmed+3",39,"t",1983975,512,0.026
"SARS-CoV2-5UTR-Amplicon-short-trimmed+3",40,"g",1983975,860,0.0437
"SARS-CoV2-5UTR-Amplicon-short-trimmed+3",41,"g",1983974,1118,0.0571
"SARS-CoV2-5UTR-Amplicon-short-trimmed+3",42,"c",1983973,469,0.0237
"SARS-CoV2-5UTR-Amplicon-short-trimmed+3",43,"t",1983971,1426,0.0724
"SARS-CoV2-5UTR-Amplicon-short-trimmed+3",44,"g",1983971,1236,0.0631
"SARS-CoV2-5UTR-Amplicon-short-trimmed+3",45,"t",1983969,1259,0.0635
"SARS-CoV2-5UTR-Amplicon-short-trimmed+3",46,"c",1983969,306,0.0156
"SARS-CoV2-5UTR-Amplicon-short-trimmed+3",47,"a",1983948,861,0.0431
"SARS-CoV2-5UTR-Amplicon-short-trimmed+3",48,"c",1983948,371,0.0187
"SARS-CoV2-5UTR-Amplicon-short-trimmed+3",49,"t",1983950,503,0.0254
"SARS-CoV2-5UTR-Amplicon-short-trimmed+3",50,"c",1983941,440,0.0222
"SARS-CoV2-5UTR-Amplicon-short-trimmed+3",51,"g",1983939,1176,0.0596
"SARS-CoV2-5UTR-Amplicon-short-trimmed+3",52,"g",1983939,2458,0.1238
"SARS-CoV2-5UTR-Amplicon-short-trimmed+3",53,"c",1983939,2105,0.1074
"SARS-CoV2-5UTR-Amplicon-short-trimmed+3",54,"t",1983939,2368,0.1198
"SARS-CoV2-5UTR-Amplicon-short-trimmed+3",55,"g",1983940,11873,0.6008
"SARS-CoV2-5UTR-Amplicon-short-trimmed+3",56,"c",1983946,825,0.0413
"SARS-CoV2-5UTR-Amplicon-short-trimmed+3",57,"g",1983946,2941,0.1496
"SARS-CoV2-5UTR-Amplicon-short-trimmed+3",58,"t",1983946,734,0.0369
"SARS-CoV2-5UTR-Amplicon-short-trimmed+3",59,"g",1983946,1638,0.0833
"SARS-CoV2-5UTR-Amplicon-short-trimmed+3",60,"c",1983944,902,0.0454
"SARS-CoV2-5UTR-Amplicon-short-trimmed+3",61,"t",1983944,979,0.0494
"SARS-CoV2-5UTR-Amplicon-short-trimmed+3",62,"t",1983944,1073,0.0546
"SARS-CoV2-5UTR-Amplicon-short-trimmed+3",63,"a",1983944,1130,0.057
"SARS-CoV2-5UTR-Amplicon-short-trimmed+3",64,"g",1983943,1002,0.0508
"SARS-CoV2-5UTR-Amplicon-short-trimmed+3",65,"t",1983943,920,0.0468
"SARS-CoV2-5UTR-Amplicon-short-trimmed+3",66,"g",1983943,1823,0.0922
"SARS-CoV2-5UTR-Amplicon-short-trimmed+3",67,"c",1983943,1457,0.0734
"SARS-CoV2-5UTR-Amplicon-short-trimmed+3",68,"a",1983943,1274,0.0642
"SARS-CoV2-5UTR-Amplicon-short-trimmed+3",69,"c",1983947,643,0.0325
"SARS-CoV2-5UTR-Amplicon-short-trimmed+3",70,"t",1983947,826,0.0415
"SARS-CoV2-5UTR-Amplicon-short-trimmed+3",71,"c",1983947,856,0.0436
"SARS-CoV2-5UTR-Amplicon-short-trimmed+3",72,"a",1983946,1027,0.0518
"SARS-CoV2-5UTR-Amplicon-short-trimmed+3",73,"c",1983946,546,0.0275
"SARS-CoV2-5UTR-Amplicon-short-trimmed+3",74,"g",1983946,1282,0.0648
"SARS-CoV2-5UTR-Amplicon-short-trimmed+3",75,"c",1983946,2693,0.1357
"SARS-CoV2-5UTR-Amplicon-short-trimmed+3",76,"a",1983946,1249,0.0629
"SARS-CoV2-5UTR-Amplicon-short-trimmed+3",77,"g",1983945,1367,0.0691
"SARS-CoV2-5UTR-Amplicon-short-trimmed+3",78,"t",1983947,1096,0.0554
"SARS-CoV2-5UTR-Amplicon-short-trimmed+3",79,"a",1983925,1355,0.0685
"SARS-CoV2-5UTR-Amplicon-short-trimmed+3",80,"t",1983946,538,0.0272
"SARS-CoV2-5UTR-Amplicon-short-trimmed+3",81,"a",1983923,750,0.0379
"SARS-CoV2-5UTR-Amplicon-short-trimmed+3",82,"a",1983927,1638,0.0826
"SARS-CoV2-5UTR-Amplicon-short-trimmed+3",83,"t",1983938,761,0.0382
"SARS-CoV2-5UTR-Amplicon-short-trimmed+3",84,"t",1983934,1699,0.086
"SARS-CoV2-5UTR-Amplicon-short-trimmed+3",85,"a",1983923,1272,0.0642
"SARS-CoV2-5UTR-Amplicon-short-trimmed+3",86,"a",1983909,1007,0.0508
"SARS-CoV2-5UTR-Amplicon-short-trimmed+3",87,"t",1983934,754,0.0382
"SARS-CoV2-5UTR-Amplicon-short-trimmed+3",88,"a",1983934,1058,0.0534
"SARS-CoV2-5UTR-Amplicon-short-trimmed+3",89,"a",1983900,5517,0.2783
"SARS-CoV2-5UTR-Amplicon-short-trimmed+3",90,"c",1983897,997,0.0504
"SARS-CoV2-5UTR-Amplicon-short-trimmed+3",91,"t",1983938,974,0.0492
"SARS-CoV2-5UTR-Amplicon-short-trimmed+3",92,"a",1983939,828,0.0416
"SARS-CoV2-5UTR-Amplicon-short-trimmed+3",93,"a",1983939,865,0.0436
"SARS-CoV2-5UTR-Amplicon-short-trimmed+3",94,"t",1983942,799,0.04
"SARS-CoV2-5UTR-Amplicon-short-trimmed+3",95,"t",1983940,1385,0.07
"SARS-CoV2-5UTR-Amplicon-short-trimmed+3",96,"a",1983939,859,0.0435
"SARS-CoV2-5UTR-Amplicon-short-trimmed+3",97,"c",1983937,414,0.0209
"SARS-CoV2-5UTR-Amplicon-short-trimmed+3",98,"t",1983942,801,0.0407
"SARS-CoV2-5UTR-Amplicon-short-trimmed+3",99,"g",1983941,2247,0.1139
"SARS-CoV2-5UTR-Amplicon-short-trimmed+3",100,"t",1983940,1079,0.0544
"SARS-CoV2-5UTR-Amplicon-short-trimmed+3",101,"c",1983942,479,0.0241
"SARS-CoV2-5UTR-Amplicon-short-trimmed+3",102,"g",1983976,1982,0.1013
"SARS-CoV2-5UTR-Amplicon-short-trimmed+3",103,"t",1983983,931,0.047
"SARS-CoV2-5UTR-Amplicon-short-trimmed+3",104,"t",1983989,1433,0.073
"SARS-CoV2-5UTR-Amplicon-short-trimmed+3",105,"g",1983999,785,0.0397
"SARS-CoV2-5UTR-Amplicon-short-trimmed+3",106,"a",1984049,1152,0.0582
"SARS-CoV2-5UTR-Amplicon-short-trimmed+3",107,"c",1984080,1088,0.0549
"SARS-CoV2-5UTR-Amplicon-short-trimmed+3",108,"a",1984116,1333,0.0674
"SARS-CoV2-5UTR-Amplicon-short-trimmed+3",109,"g",1984254,1116,0.0566
"SARS-CoV2-5UTR-Amplicon-short-trimmed+3",110,"g",1984612,2133,0.1074
"SARS-CoV2-5UTR-Amplicon-short-trimmed+3",111,"a",1985528,1039,0.0526
"SARS-CoV2-5UTR-Amplicon-short-trimmed+3",112,"c",1986519,907,0.0458
"SARS-CoV2-5UTR-Amplicon-short-trimmed+3",113,"a",1988676,2231,0.1131
"SARS-CoV2-5UTR-Amplicon-short-trimmed+3",114,"c",1994459,1258,0.063
"SARS-CoV2-5UTR-Amplicon-short-trimmed+3",115,"g",2012764,1000,0.0499
"SARS-CoV2-5UTR-Amplicon-short-trimmed+3",116,"a",2126022,1468,0.0691
"SARS-CoV2-5UTR-Amplicon-short-trimmed+3",117,"g",3854289,2514,0.0653
"SARS-CoV2-5UTR-Amplicon-short-trimmed+3",118,"t",3858775,5173,0.134
"SARS-CoV2-5UTR-Amplicon-short-trimmed+3",119,"a",3858822,6304,0.1635
"SARS-CoV2-5UTR-Amplicon-short-trimmed+3",120,"a",3858971,4205,0.1091
"SARS-CoV2-5UTR-Amplicon-short-trimmed+3",121,"c",3860676,3441,0.0889
"SARS-CoV2-5UTR-Amplicon-short-trimmed+3",122,"t",3861341,6576,0.1708
"SARS-CoV2-5UTR-Amplicon-short-trimmed+3",123,"c",3861829,5277,0.1368
"SARS-CoV2-5UTR-Amplicon-short-trimmed+3",124,"g",3862058,13975,0.3625
"SARS-CoV2-5UTR-Amplicon-short-trimmed+3",125,"t",3862661,5915,0.1534
"SARS-CoV2-5UTR-Amplicon-short-trimmed+3",126,"c",3862647,3219,0.0834
"SARS-CoV2-5UTR-Amplicon-short-trimmed+3",127,"t",3862437,1928,0.05
"SARS-CoV2-5UTR-Amplicon-short-trimmed+3",128,"a",3861770,5131,0.1331
"SARS-CoV2-5UTR-Amplicon-short-trimmed+3",129,"t",3860684,10234,0.2653
"SARS-CoV2-5UTR-Amplicon-short-trimmed+3",130,"c",3860706,1292,0.0335
"SARS-CoV2-5UTR-Amplicon-short-trimmed+3",131,"t",3860578,2776,0.0721
"SARS-CoV2-5UTR-Amplicon-short-trimmed+3",132,"t",3843819,2963,0.0772
"SARS-CoV2-5UTR-Amplicon-short-trimmed+3",133,"c",2069955,2375,0.1147
"SARS-CoV2-5UTR-Amplicon-short-trimmed+3",134,"t",1908444,2282,0.1195
"SARS-CoV2-5UTR-Amplicon-short-trimmed+3",135,"g",1888888,2074,0.1099
"SARS-CoV2-5UTR-Amplicon-short-trimmed+3",136,"c",1883288,6693,0.3552
"SARS-CoV2-5UTR-Amplicon-short-trimmed+3",137,"a",1882305,2238,0.119
"SARS-CoV2-5UTR-Amplicon-short-trimmed+3",138,"g",1881310,1287,0.0685
"SARS-CoV2-5UTR-Amplicon-short-trimmed+3",139,"g",1880782,1799,0.0956
"SARS-CoV2-5UTR-Amplicon-short-trimmed+3",140,"c",1880417,2140,0.1138
"SARS-CoV2-5UTR-Amplicon-short-trimmed+3",141,"t",1880256,3903,0.2076
"SARS-CoV2-5UTR-Amplicon-short-trimmed+3",142,"g",1880174,3131,0.1665
"SARS-CoV2-5UTR-Amplicon-short-trimmed+3",143,"c",1880123,8366,0.4452
"SARS-CoV2-5UTR-Amplicon-short-trimmed+3",144,"t",1880003,1083,0.0576
"SARS-CoV2-5UTR-Amplicon-short-trimmed+3",145,"t",1879985,2834,0.1507
"SARS-CoV2-5UTR-Amplicon-short-trimmed+3",146,"a",1879921,7075,0.3763
"SARS-CoV2-5UTR-Amplicon-short-trimmed+3",147,"c",1879908,1909,0.1015
"SARS-CoV2-5UTR-Amplicon-short-trimmed+3",148,"g",1879903,1112,0.0592
"SARS-CoV2-5UTR-Amplicon-short-trimmed+3",149,"g",1879882,1437,0.0764
"SARS-CoV2-5UTR-Amplicon-short-trimmed+3",150,"t",1879883,1607,0.0855
"SARS-CoV2-5UTR-Amplicon-short-trimmed+3",151,"t",1879877,1545,0.0822
"SARS-CoV2-5UTR-Amplicon-short-trimmed+3",152,"t",1879877,4192,0.223
"SARS-CoV2-5UTR-Amplicon-short-trimmed+3",153,"c",1879871,2697,0.1435
"SARS-CoV2-5UTR-Amplicon-short-trimmed+3",154,"g",1879876,2040,0.1086
"SARS-CoV2-5UTR-Amplicon-short-trimmed+3",155,"t",1879880,3017,0.1606
"SARS-CoV2-5UTR-Amplicon-short-trimmed+3",156,"c",1879883,2309,0.1228
"SARS-CoV2-5UTR-Amplicon-short-trimmed+3",157,"c",1879883,2894,0.1539
"SARS-CoV2-5UTR-Amplicon-short-trimmed+3",158,"g",1879877,1299,0.069
"SARS-CoV2-5UTR-Amplicon-short-trimmed+3",159,"t",1879874,11880,0.6322
"SARS-CoV2-5UTR-Amplicon-short-trimmed+3",160,"g",1879872,2664,0.1417
"SARS-CoV2-5UTR-Amplicon-short-trimmed+3",161,"t",1879875,1692,0.09
"SARS-CoV2-5UTR-Amplicon-short-trimmed+3",162,"t",1879876,6960,0.3702
"SARS-CoV2-5UTR-Amplicon-short-trimmed+3",163,"g",1879874,1179,0.0626
"SARS-CoV2-5UTR-Amplicon-short-trimmed+3",164,"c",1879873,2870,0.1526
"SARS-CoV2-5UTR-Amplicon-short-trimmed+3",165,"a",1879884,2330,0.1239
"SARS-CoV2-5UTR-Amplicon-short-trimmed+3",166,"g",1880033,2382,0.1266
"SARS-CoV2-5UTR-Amplicon-short-trimmed+3",167,"c",1880038,3395,0.1804
"SARS-CoV2-5UTR-Amplicon-short-trimmed+3",168,"c",1880038,10770,0.5722
"SARS-CoV2-5UTR-Amplicon-short-trimmed+3",169,"g",1880038,1894,0.1007
"SARS-CoV2-5UTR-Amplicon-short-trimmed+3",170,"a",1880042,1597,0.085
"SARS-CoV2-5UTR-Amplicon-short-trimmed+3",171,"t",1880042,1608,0.0855
"SARS-CoV2-5UTR-Amplicon-short-trimmed+3",172,"c",1880042,1249,0.0664
"SARS-CoV2-5UTR-Amplicon-short-trimmed+3",173,"a",1880067,1459,0.0776
"SARS-CoV2-5UTR-Amplicon-short-trimmed+3",174,"t",1880067,1360,0.0723
"SARS-CoV2-5UTR-Amplicon-short-trimmed+3",175,"c",1880067,1949,0.1036
"SARS-CoV2-5UTR-Amplicon-short-trimmed+3",176,"a",1880067,2192,0.1166
"SARS-CoV2-5UTR-Amplicon-short-trimmed+3",177,"g",1880068,1675,0.089
"SARS-CoV2-5UTR-Amplicon-short-trimmed+3",178,"c",1880068,11051,0.5875
"SARS-CoV2-5UTR-Amplicon-short-trimmed+3",179,"a",1880068,2000,0.1064
"SARS-CoV2-5UTR-Amplicon-short-trimmed+3",180,"c",1880068,1575,0.0837
"SARS-CoV2-5UTR-Amplicon-short-trimmed+3",181,"a",1880068,1216,0.0648
"SARS-CoV2-5UTR-Amplicon-short-trimmed+3",182,"t",1880068,1105,0.0588
"SARS-CoV2-5UTR-Amplicon-short-trimmed+3",183,"c",1880068,755,0.0401
"SARS-CoV2-5UTR-Amplicon-short-trimmed+3",184,"t",1880067,2005,0.1066
"SARS-CoV2-5UTR-Amplicon-short-trimmed+3",185,"a",1880048,2369,0.126
"SARS-CoV2-5UTR-Amplicon-short-trimmed+3",186,"g",1880048,1139,0.0606
"SARS-CoV2-5UTR-Amplicon-short-trimmed+3",187,"g",1880044,1304,0.0693
"SARS-CoV2-5UTR-Amplicon-short-trimmed+3",188,"t",1880043,5826,0.3103
"SARS-CoV2-5UTR-Amplicon-short-trimmed+3",189,"t",1880027,2809,0.1494
"SARS-CoV2-5UTR-Amplicon-short-trimmed+3",190,"t",1880025,3790,0.2016
"SARS-CoV2-5UTR-Amplicon-short-trimmed+3",191,"c",1880025,1932,0.1027
"SARS-CoV2-5UTR-Amplicon-short-trimmed+3",192,"g",1880011,1460,0.0776
"SARS-CoV2-5UTR-Amplicon-short-trimmed+3",193,"t",1880011,9446,0.5025
"SARS-CoV2-5UTR-Amplicon-short-trimmed+3",194,"c",1880006,1426,0.0758
"SARS-CoV2-5UTR-Amplicon-short-trimmed+3",195,"c",1880004,2118,0.1126
"SARS-CoV2-5UTR-Amplicon-short-trimmed+3",196,"g",1879969,1075,0.0572
"SARS-CoV2-5UTR-Amplicon-short-trimmed+3",197,"g",1879963,1170,0.0623
"SARS-CoV2-5UTR-Amplicon-short-trimmed+3",198,"g",1879963,8346,0.4438
"SARS-CoV2-5UTR-Amplicon-short-trimmed+3",199,"t",1879963,2473,0.1316
"SARS-CoV2-5UTR-Amplicon-short-trimmed+3",200,"g",1879955,3485,0.1853
"SARS-CoV2-5UTR-Amplicon-short-trimmed+3",201,"t",1879952,5497,0.2926
"SARS-CoV2-5UTR-Amplicon-short-trimmed+3",202,"g",1879952,1819,0.0967
"SARS-CoV2-5UTR-Amplicon-short-trimmed+3",203,"a",1879944,3251,0.173
"SARS-CoV2-5UTR-Amplicon-short-trimmed+3",204,"c",1879942,1226,0.0652
"SARS-CoV2-5UTR-Amplicon-short-trimmed+3",205,"c",1879942,809,0.0431
"SARS-CoV2-5UTR-Amplicon-short-trimmed+3",206,"g",1879942,1399,0.0745
"SARS-CoV2-5UTR-Amplicon-short-trimmed+3",207,"a",1879942,1171,0.0623
"SARS-CoV2-5UTR-Amplicon-short-trimmed+3",208,"a",1879936,791,0.0421
"SARS-CoV2-5UTR-Amplicon-short-trimmed+3",209,"a",1879934,1793,0.0954
"SARS-CoV2-5UTR-Amplicon-short-trimmed+3",210,"g",1879934,737,0.0392
"SARS-CoV2-5UTR-Amplicon-short-trimmed+3",211,"g",1879930,2584,0.1375
"SARS-CoV2-5UTR-Amplicon-short-trimmed+3",212,"t",1879930,1410,0.0751
"SARS-CoV2-5UTR-Amplicon-short-trimmed+3",213,"a",1879930,983,0.0523
"SARS-CoV2-5UTR-Amplicon-short-trimmed+3",214,"a",1879930,1311,0.0698
"SARS-CoV2-5UTR-Amplicon-short-trimmed+3",215,"g",1879931,690,0.0368
"SARS-CoV2-5UTR-Amplicon-short-trimmed+3",216,"a",1880105,735,0.0391
"SARS-CoV2-5UTR-Amplicon-short-trimmed+3",217,"t",1880100,1666,0.0886
"SARS-CoV2-5UTR-Amplicon-short-trimmed+3",218,"g",1880093,991,0.0527
"SARS-CoV2-5UTR-Amplicon-short-trimmed+3",219,"g",1880088,1390,0.0738
"SARS-CoV2-5UTR-Amplicon-short-trimmed+3",220,"a",1880085,3312,0.176
"SARS-CoV2-5UTR-Amplicon-short-trimmed+3",221,"g",1880085,2950,0.1568
"SARS-CoV2-5UTR-Amplicon-short-trimmed+3",222,"a",1879903,1393,0.074
"SARS-CoV2-5UTR-Amplicon-short-trimmed+3",223,"g",1879903,1605,0.0854
"SARS-CoV2-5UTR-Amplicon-short-trimmed+3",224,"c",1879903,831,0.0442
"SARS-CoV2-5UTR-Amplicon-short-trimmed+3",225,"c",1879902,853,0.0454
"SARS-CoV2-5UTR-Amplicon-short-trimmed+3",226,"t",1879901,923,0.049
"SARS-CoV2-5UTR-Amplicon-short-trimmed+3",227,"t",1879889,7986,0.4246
"SARS-CoV2-5UTR-Amplicon-short-trimmed+3",228,"g",1879887,1037,0.0551
"SARS-CoV2-5UTR-Amplicon-short-trimmed+3",229,"t",1879886,2422,0.1289
"SARS-CoV2-5UTR-Amplicon-short-trimmed+3",230,"c",1879876,5116,0.272
"SARS-CoV2-5UTR-Amplicon-short-trimmed+3",231,"c",1879874,673,0.0358
"SARS-CoV2-5UTR-Amplicon-short-trimmed+3",232,"c",1879873,1022,0.0543
"SARS-CoV2-5UTR-Amplicon-short-trimmed+3",233,"t",1879739,2887,0.1536
"SARS-CoV2-5UTR-Amplicon-short-trimmed+3",234,"g",1879739,1717,0.0914
"SARS-CoV2-5UTR-Amplicon-short-trimmed+3",235,"g",1879739,3219,0.1714
"SARS-CoV2-5UTR-Amplicon-short-trimmed+3",236,"t",1879726,772,0.0411
"SARS-CoV2-5UTR-Amplicon-short-trimmed+3",237,"t",1879723,1248,0.0664
"SARS-CoV2-5UTR-Amplicon-short-trimmed+3",238,"t",1879712,1257,0.0669
"SARS-CoV2-5UTR-Amplicon-short-trimmed+3",239,"c",1879673,12971,0.69
"SARS-CoV2-5UTR-Amplicon-short-trimmed+3",240,"a",1879617,1343,0.0714
"SARS-CoV2-5UTR-Amplicon-short-trimmed+3",241,"a",1879569,962,0.0512
"SARS-CoV2-5UTR-Amplicon-short-trimmed+3",242,"c",1879520,1193,0.0635
"SARS-CoV2-5UTR-Amplicon-short-trimmed+3",243,"g",1879447,836,0.0445
"SARS-CoV2-5UTR-Amplicon-short-trimmed+3",244,"a",1879241,2226,0.1183
"SARS-CoV2-5UTR-Amplicon-short-trimmed+3",245,"g",1877971,2,1e-04
"SARS-CoV2-5UTR-Amplicon-short-trimmed+3",246,"g",1876186,0,0
"SARS-CoV2-5UTR-Amplicon-short-trimmed+3",247,"G",1873333,0,0
"SARS-CoV2-5UTR-Amplicon-short-trimmed+3",248,"A",1871952,0,0
"SARS-CoV2-5UTR-Amplicon-short-trimmed+3",249,"G",1871466,0,0
