"Region","Position","Ref_base","Total_depth","Total_mut","Mean_mut_percentage"
"SARS-CoV2-5UTR-Amplicon-short-trimmed+3",1,"T",1616546,0,0
"SARS-CoV2-5UTR-Amplicon-short-trimmed+3",2,"T",1617406,0,0
"SARS-CoV2-5UTR-Amplicon-short-trimmed+3",3,"G",1617761,0,0
"SARS-CoV2-5UTR-Amplicon-short-trimmed+3",4,"t",1618864,0,0
"SARS-CoV2-5UTR-Amplicon-short-trimmed+3",5,"a",1619232,0,0
"SARS-CoV2-5UTR-Amplicon-short-trimmed+3",6,"g",1619593,976,0.0614
"SARS-CoV2-5UTR-Amplicon-short-trimmed+3",7,"a",1619639,388,0.0246
"SARS-CoV2-5UTR-Amplicon-short-trimmed+3",8,"t",1619659,419,0.0255
"SARS-CoV2-5UTR-Amplicon-short-trimmed+3",9,"c",1619677,440,0.0276
"SARS-CoV2-5UTR-Amplicon-short-trimmed+3",10,"t",1619689,397,0.0244
"SARS-CoV2-5UTR-Amplicon-short-trimmed+3",11,"g",1619700,2795,0.1804
"SARS-CoV2-5UTR-Amplicon-short-trimmed+3",12,"t",1619725,505,0.0309
"SARS-CoV2-5UTR-Amplicon-short-trimmed+3",13,"t",1619734,502,0.0308
"SARS-CoV2-5UTR-Amplicon-short-trimmed+3",14,"c",1619739,356,0.0222
"SARS-CoV2-5UTR-Amplicon-short-trimmed+3",15,"t",1619744,527,0.0333
"SARS-CoV2-5UTR-Amplicon-short-trimmed+3",16,"c",1619750,796,0.0516
"SARS-CoV2-5UTR-Amplicon-short-trimmed+3",17,"t",1619757,362,0.023
"SARS-CoV2-5UTR-Amplicon-short-trimmed+3",18,"a",1619765,707,0.0448
"SARS-CoV2-5UTR-Amplicon-short-trimmed+3",19,"a",1619777,605,0.0369
"SARS-CoV2-5UTR-Amplicon-short-trimmed+3",20,"a",1619884,445,0.0279
"SARS-CoV2-5UTR-Amplicon-short-trimmed+3",21,"c",1619893,232,0.0146
"SARS-CoV2-5UTR-Amplicon-short-trimmed+3",22,"g",1619908,498,0.031
"SARS-CoV2-5UTR-Amplicon-short-trimmed+3",23,"a",1619913,609,0.0379
"SARS-CoV2-5UTR-Amplicon-short-trimmed+3",24,"a",1619913,446,0.028
"SARS-CoV2-5UTR-Amplicon-short-trimmed+3",25,"c",1619917,27275,1.7017
"SARS-CoV2-5UTR-Amplicon-short-trimmed+3",26,"t",1619918,1188,0.0754
"SARS-CoV2-5UTR-Amplicon-short-trimmed+3",27,"t",1619928,1215,0.0776
"SARS-CoV2-5UTR-Amplicon-short-trimmed+3",28,"t",1619945,3600,0.2224
"SARS-CoV2-5UTR-Amplicon-short-trimmed+3",29,"a",1619945,1342,0.0833
"SARS-CoV2-5UTR-Amplicon-short-trimmed+3",30,"a",1619945,614,0.0386
"SARS-CoV2-5UTR-Amplicon-short-trimmed+3",31,"a",1619902,655,0.0411
"SARS-CoV2-5UTR-Amplicon-short-trimmed+3",32,"a",1619911,495,0.0308
"SARS-CoV2-5UTR-Amplicon-short-trimmed+3",33,"t",1619915,3550,0.2189
"SARS-CoV2-5UTR-Amplicon-short-trimmed+3",34,"c",1619916,577,0.0363
"SARS-CoV2-5UTR-Amplicon-short-trimmed+3",35,"t",1619916,506,0.0312
"SARS-CoV2-5UTR-Amplicon-short-trimmed+3",36,"g",1619917,655,0.0411
"SARS-CoV2-5UTR-Amplicon-short-trimmed+3",37,"t",1619901,533,0.0329
"SARS-CoV2-5UTR-Amplicon-short-trimmed+3",38,"g",1619901,351,0.0218
"SARS-CoV2-5UTR-Amplicon-short-trimmed+3",39,"t",1619898,406,0.025
"SARS-CoV2-5UTR-Amplicon-short-trimmed+3",40,"g",1619898,494,0.0309
"SARS-CoV2-5UTR-Amplicon-short-trimmed+3",41,"g",1619897,745,0.047
"SARS-CoV2-5UTR-Amplicon-short-trimmed+3",42,"c",1619895,414,0.0253
"SARS-CoV2-5UTR-Amplicon-short-trimmed+3",43,"t",1619891,1110,0.0702
"SARS-CoV2-5UTR-Amplicon-short-trimmed+3",44,"g",1619890,802,0.0497
"SARS-CoV2-5UTR-Amplicon-short-trimmed+3",45,"t",1619888,1020,0.0633
"SARS-CoV2-5UTR-Amplicon-short-trimmed+3",46,"c",1619888,263,0.0163
"SARS-CoV2-5UTR-Amplicon-short-trimmed+3",47,"a",1619870,763,0.0471
"SARS-CoV2-5UTR-Amplicon-short-trimmed+3",48,"c",1619870,307,0.019
"SARS-CoV2-5UTR-Amplicon-short-trimmed+3",49,"t",1619870,404,0.0249
"SARS-CoV2-5UTR-Amplicon-short-trimmed+3",50,"c",1619864,328,0.0202
"SARS-CoV2-5UTR-Amplicon-short-trimmed+3",51,"g",1619863,699,0.0438
"SARS-CoV2-5UTR-Amplicon-short-trimmed+3",52,"g",1619862,1717,0.105
"SARS-CoV2-5UTR-Amplicon-short-trimmed+3",53,"c",1619862,1442,0.0926
"SARS-CoV2-5UTR-Amplicon-short-trimmed+3",54,"t",1619862,765,0.0485
"SARS-CoV2-5UTR-Amplicon-short-trimmed+3",55,"g",1619862,1771,0.1119
"SARS-CoV2-5UTR-Amplicon-short-trimmed+3",56,"c",1619862,599,0.0377
"SARS-CoV2-5UTR-Amplicon-short-trimmed+3",57,"g",1619862,1587,0.1012
"SARS-CoV2-5UTR-Amplicon-short-trimmed+3",58,"t",1619863,601,0.0378
"SARS-CoV2-5UTR-Amplicon-short-trimmed+3",59,"g",1619865,1167,0.0733
"SARS-CoV2-5UTR-Amplicon-short-trimmed+3",60,"c",1619865,651,0.0398
"SARS-CoV2-5UTR-Amplicon-short-trimmed+3",61,"t",1619865,698,0.0434
"SARS-CoV2-5UTR-Amplicon-short-trimmed+3",62,"t",1619865,762,0.048
"SARS-CoV2-5UTR-Amplicon-short-trimmed+3",63,"a",1619864,776,0.0488
"SARS-CoV2-5UTR-Amplicon-short-trimmed+3",64,"g",1619864,464,0.0285
"SARS-CoV2-5UTR-Amplicon-short-trimmed+3",65,"t",1619864,765,0.0482
"SARS-CoV2-5UTR-Amplicon-short-trimmed+3",66,"g",1619862,1186,0.0741
"SARS-CoV2-5UTR-Amplicon-short-trimmed+3",67,"c",1619862,1019,0.0625
"SARS-CoV2-5UTR-Amplicon-short-trimmed+3",68,"a",1619862,819,0.0518
"SARS-CoV2-5UTR-Amplicon-short-trimmed+3",69,"c",1619838,511,0.0321
"SARS-CoV2-5UTR-Amplicon-short-trimmed+3",70,"t",1619837,737,0.0453
"SARS-CoV2-5UTR-Amplicon-short-trimmed+3",71,"c",1619836,706,0.0448
"SARS-CoV2-5UTR-Amplicon-short-trimmed+3",72,"a",1619836,860,0.0542
"SARS-CoV2-5UTR-Amplicon-short-trimmed+3",73,"c",1619836,436,0.0267
"SARS-CoV2-5UTR-Amplicon-short-trimmed+3",74,"g",1619835,906,0.0567
"SARS-CoV2-5UTR-Amplicon-short-trimmed+3",75,"c",1619835,2150,0.1323
"SARS-CoV2-5UTR-Amplicon-short-trimmed+3",76,"a",1619835,1030,0.0642
"SARS-CoV2-5UTR-Amplicon-short-trimmed+3",77,"g",1619835,920,0.0579
"SARS-CoV2-5UTR-Amplicon-short-trimmed+3",78,"t",1619835,959,0.0594
"SARS-CoV2-5UTR-Amplicon-short-trimmed+3",79,"a",1619834,1083,0.0673
"SARS-CoV2-5UTR-Amplicon-short-trimmed+3",80,"t",1619841,492,0.0301
"SARS-CoV2-5UTR-Amplicon-short-trimmed+3",81,"a",1619821,707,0.044
"SARS-CoV2-5UTR-Amplicon-short-trimmed+3",82,"a",1619807,1407,0.0882
"SARS-CoV2-5UTR-Amplicon-short-trimmed+3",83,"t",1619821,662,0.0411
"SARS-CoV2-5UTR-Amplicon-short-trimmed+3",84,"t",1619819,1538,0.096
"SARS-CoV2-5UTR-Amplicon-short-trimmed+3",85,"a",1619789,1166,0.0726
"SARS-CoV2-5UTR-Amplicon-short-trimmed+3",86,"a",1619786,832,0.0519
"SARS-CoV2-5UTR-Amplicon-short-trimmed+3",87,"t",1619823,650,0.0405
"SARS-CoV2-5UTR-Amplicon-short-trimmed+3",88,"a",1619778,870,0.0538
"SARS-CoV2-5UTR-Amplicon-short-trimmed+3",89,"a",1619779,4521,0.279
"SARS-CoV2-5UTR-Amplicon-short-trimmed+3",90,"c",1619790,771,0.0476
"SARS-CoV2-5UTR-Amplicon-short-trimmed+3",91,"t",1619806,773,0.0487
"SARS-CoV2-5UTR-Amplicon-short-trimmed+3",92,"a",1619794,736,0.0456
"SARS-CoV2-5UTR-Amplicon-short-trimmed+3",93,"a",1619794,751,0.0471
"SARS-CoV2-5UTR-Amplicon-short-trimmed+3",94,"t",1619791,626,0.039
"SARS-CoV2-5UTR-Amplicon-short-trimmed+3",95,"t",1619797,1115,0.0698
"SARS-CoV2-5UTR-Amplicon-short-trimmed+3",96,"a",1619797,680,0.0424
"SARS-CoV2-5UTR-Amplicon-short-trimmed+3",97,"c",1619797,292,0.018
"SARS-CoV2-5UTR-Amplicon-short-trimmed+3",98,"t",1619797,683,0.043
"SARS-CoV2-5UTR-Amplicon-short-trimmed+3",99,"g",1619801,689,0.0434
"SARS-CoV2-5UTR-Amplicon-short-trimmed+3",100,"t",1619800,798,0.05
"SARS-CoV2-5UTR-Amplicon-short-trimmed+3",101,"c",1619802,360,0.0229
"SARS-CoV2-5UTR-Amplicon-short-trimmed+3",102,"g",1619838,767,0.0484
"SARS-CoV2-5UTR-Amplicon-short-trimmed+3",103,"t",1619845,805,0.0508
"SARS-CoV2-5UTR-Amplicon-short-trimmed+3",104,"t",1619854,1248,0.0779
"SARS-CoV2-5UTR-Amplicon-short-trimmed+3",105,"g",1619866,756,0.0474
"SARS-CoV2-5UTR-Amplicon-short-trimmed+3",106,"a",1619903,959,0.0597
"SARS-CoV2-5UTR-Amplicon-short-trimmed+3",107,"c",1619929,852,0.0537
"SARS-CoV2-5UTR-Amplicon-short-trimmed+3",108,"a",1619968,1106,0.0683
"SARS-CoV2-5UTR-Amplicon-short-trimmed+3",109,"g",1620083,699,0.0432
"SARS-CoV2-5UTR-Amplicon-short-trimmed+3",110,"g",1620326,1534,0.0948
"SARS-CoV2-5UTR-Amplicon-short-trimmed+3",111,"a",1621084,792,0.049
"SARS-CoV2-5UTR-Amplicon-short-trimmed+3",112,"c",1621888,763,0.0479
"SARS-CoV2-5UTR-Amplicon-short-trimmed+3",113,"a",1623587,1763,0.1102
"SARS-CoV2-5UTR-Amplicon-short-trimmed+3",114,"c",1627704,969,0.0592
"SARS-CoV2-5UTR-Amplicon-short-trimmed+3",115,"g",1641969,575,0.0354
"SARS-CoV2-5UTR-Amplicon-short-trimmed+3",116,"a",1732479,1174,0.0682
"SARS-CoV2-5UTR-Amplicon-short-trimmed+3",117,"g",3226618,1578,0.0488
"SARS-CoV2-5UTR-Amplicon-short-trimmed+3",118,"t",3234465,4331,0.1351
"SARS-CoV2-5UTR-Amplicon-short-trimmed+3",119,"a",3234540,5621,0.1759
"SARS-CoV2-5UTR-Amplicon-short-trimmed+3",120,"a",3234763,3808,0.1184
"SARS-CoV2-5UTR-Amplicon-short-trimmed+3",121,"c",3237900,2890,0.0895
"SARS-CoV2-5UTR-Amplicon-short-trimmed+3",122,"t",3239089,4332,0.1355
"SARS-CoV2-5UTR-Amplicon-short-trimmed+3",123,"c",3239971,3018,0.0935
"SARS-CoV2-5UTR-Amplicon-short-trimmed+3",124,"g",3240477,2573,0.0806
"SARS-CoV2-5UTR-Amplicon-short-trimmed+3",125,"t",3241207,5283,0.1633
"SARS-CoV2-5UTR-Amplicon-short-trimmed+3",126,"c",3241273,2813,0.0872
"SARS-CoV2-5UTR-Amplicon-short-trimmed+3",127,"t",3241101,1584,0.0492
"SARS-CoV2-5UTR-Amplicon-short-trimmed+3",128,"a",3240521,4832,0.15
"SARS-CoV2-5UTR-Amplicon-short-trimmed+3",129,"t",3239521,9284,0.2871
"SARS-CoV2-5UTR-Amplicon-short-trimmed+3",130,"c",3239534,1205,0.0374
"SARS-CoV2-5UTR-Amplicon-short-trimmed+3",131,"t",3239440,2422,0.0755
"SARS-CoV2-5UTR-Amplicon-short-trimmed+3",132,"t",3225809,2498,0.0779
"SARS-CoV2-5UTR-Amplicon-short-trimmed+3",133,"c",1772362,2109,0.1182
"SARS-CoV2-5UTR-Amplicon-short-trimmed+3",134,"t",1643584,2089,0.1281
"SARS-CoV2-5UTR-Amplicon-short-trimmed+3",135,"g",1628785,1329,0.0819
"SARS-CoV2-5UTR-Amplicon-short-trimmed+3",136,"c",1625194,5910,0.3644
"SARS-CoV2-5UTR-Amplicon-short-trimmed+3",137,"a",1624424,2103,0.1296
"SARS-CoV2-5UTR-Amplicon-short-trimmed+3",138,"g",1623639,1101,0.0685
"SARS-CoV2-5UTR-Amplicon-short-trimmed+3",139,"g",1623206,1508,0.094
"SARS-CoV2-5UTR-Amplicon-short-trimmed+3",140,"c",1622877,1879,0.1164
"SARS-CoV2-5UTR-Amplicon-short-trimmed+3",141,"t",1622758,3689,0.2281
"SARS-CoV2-5UTR-Amplicon-short-trimmed+3",142,"g",1622691,2908,0.1784
"SARS-CoV2-5UTR-Amplicon-short-trimmed+3",143,"c",1622655,7543,0.4648
"SARS-CoV2-5UTR-Amplicon-short-trimmed+3",144,"t",1622547,1003,0.062
"SARS-CoV2-5UTR-Amplicon-short-trimmed+3",145,"t",1622522,2427,0.1498
"SARS-CoV2-5UTR-Amplicon-short-trimmed+3",146,"a",1622399,6178,0.3809
"SARS-CoV2-5UTR-Amplicon-short-trimmed+3",147,"c",1622390,1617,0.0998
"SARS-CoV2-5UTR-Amplicon-short-trimmed+3",148,"g",1622373,903,0.0561
"SARS-CoV2-5UTR-Amplicon-short-trimmed+3",149,"g",1622357,1091,0.0682
"SARS-CoV2-5UTR-Amplicon-short-trimmed+3",150,"t",1622349,1478,0.0914
"SARS-CoV2-5UTR-Amplicon-short-trimmed+3",151,"t",1622343,1556,0.096
"SARS-CoV2-5UTR-Amplicon-short-trimmed+3",152,"t",1622344,3875,0.2403
"SARS-CoV2-5UTR-Amplicon-short-trimmed+3",153,"c",1622345,2136,0.1319
"SARS-CoV2-5UTR-Amplicon-short-trimmed+3",154,"g",1622346,794,0.0495
"SARS-CoV2-5UTR-Amplicon-short-trimmed+3",155,"t",1622346,2912,0.1802
"SARS-CoV2-5UTR-Amplicon-short-trimmed+3",156,"c",1622346,1980,0.1214
"SARS-CoV2-5UTR-Amplicon-short-trimmed+3",157,"c",1622347,2479,0.1524
"SARS-CoV2-5UTR-Amplicon-short-trimmed+3",158,"g",1622341,1094,0.0679
"SARS-CoV2-5UTR-Amplicon-short-trimmed+3",159,"t",1622339,10933,0.6768
"SARS-CoV2-5UTR-Amplicon-short-trimmed+3",160,"g",1622344,837,0.0514
"SARS-CoV2-5UTR-Amplicon-short-trimmed+3",161,"t",1622344,1519,0.0943
"SARS-CoV2-5UTR-Amplicon-short-trimmed+3",162,"t",1622346,5877,0.3611
"SARS-CoV2-5UTR-Amplicon-short-trimmed+3",163,"g",1622348,932,0.0579
"SARS-CoV2-5UTR-Amplicon-short-trimmed+3",164,"c",1622350,2576,0.1592
"SARS-CoV2-5UTR-Amplicon-short-trimmed+3",165,"a",1622354,1931,0.1186
"SARS-CoV2-5UTR-Amplicon-short-trimmed+3",166,"g",1622522,1927,0.1167
"SARS-CoV2-5UTR-Amplicon-short-trimmed+3",167,"c",1622524,2861,0.1757
"SARS-CoV2-5UTR-Amplicon-short-trimmed+3",168,"c",1622524,8797,0.5377
"SARS-CoV2-5UTR-Amplicon-short-trimmed+3",169,"g",1622525,1515,0.0927
"SARS-CoV2-5UTR-Amplicon-short-trimmed+3",170,"a",1622526,1486,0.0922
"SARS-CoV2-5UTR-Amplicon-short-trimmed+3",171,"t",1622526,1463,0.0907
"SARS-CoV2-5UTR-Amplicon-short-trimmed+3",172,"c",1622529,1145,0.0716
"SARS-CoV2-5UTR-Amplicon-short-trimmed+3",173,"a",1622529,1334,0.0828
"SARS-CoV2-5UTR-Amplicon-short-trimmed+3",174,"t",1622531,1136,0.0704
"SARS-CoV2-5UTR-Amplicon-short-trimmed+3",175,"c",1622531,1633,0.1009
"SARS-CoV2-5UTR-Amplicon-short-trimmed+3",176,"a",1622540,1954,0.1209
"SARS-CoV2-5UTR-Amplicon-short-trimmed+3",177,"g",1622540,1125,0.0691
"SARS-CoV2-5UTR-Amplicon-short-trimmed+3",178,"c",1622540,9609,0.5906
"SARS-CoV2-5UTR-Amplicon-short-trimmed+3",179,"a",1622541,1869,0.1164
"SARS-CoV2-5UTR-Amplicon-short-trimmed+3",180,"c",1622542,1354,0.0825
"SARS-CoV2-5UTR-Amplicon-short-trimmed+3",181,"a",1622542,1036,0.0645
"SARS-CoV2-5UTR-Amplicon-short-trimmed+3",182,"t",1622542,1042,0.0643
"SARS-CoV2-5UTR-Amplicon-short-trimmed+3",183,"c",1622542,615,0.0375
"SARS-CoV2-5UTR-Amplicon-short-trimmed+3",184,"t",1622542,1843,0.1121
"SARS-CoV2-5UTR-Amplicon-short-trimmed+3",185,"a",1622542,1898,0.1169
"SARS-CoV2-5UTR-Amplicon-short-trimmed+3",186,"g",1622542,753,0.0464
"SARS-CoV2-5UTR-Amplicon-short-trimmed+3",187,"g",1622542,834,0.0516
"SARS-CoV2-5UTR-Amplicon-short-trimmed+3",188,"t",1622542,6073,0.3752
"SARS-CoV2-5UTR-Amplicon-short-trimmed+3",189,"t",1622529,2276,0.1413
"SARS-CoV2-5UTR-Amplicon-short-trimmed+3",190,"t",1622529,3343,0.2066
"SARS-CoV2-5UTR-Amplicon-short-trimmed+3",191,"c",1622529,1465,0.0904
"SARS-CoV2-5UTR-Amplicon-short-trimmed+3",192,"g",1622512,473,0.0293
"SARS-CoV2-5UTR-Amplicon-short-trimmed+3",193,"t",1622511,8710,0.5376
"SARS-CoV2-5UTR-Amplicon-short-trimmed+3",194,"c",1622513,1160,0.072
"SARS-CoV2-5UTR-Amplicon-short-trimmed+3",195,"c",1622512,1753,0.1081
"SARS-CoV2-5UTR-Amplicon-short-trimmed+3",196,"g",1622497,660,0.0406
"SARS-CoV2-5UTR-Amplicon-short-trimmed+3",197,"g",1622496,815,0.0505
"SARS-CoV2-5UTR-Amplicon-short-trimmed+3",198,"g",1622496,6981,0.4298
"SARS-CoV2-5UTR-Amplicon-short-trimmed+3",199,"t",1622496,2246,0.1397
"SARS-CoV2-5UTR-Amplicon-short-trimmed+3",200,"g",1622491,2510,0.155
"SARS-CoV2-5UTR-Amplicon-short-trimmed+3",201,"t",1622488,5442,0.3362
"SARS-CoV2-5UTR-Amplicon-short-trimmed+3",202,"g",1622483,1461,0.0892
"SARS-CoV2-5UTR-Amplicon-short-trimmed+3",203,"a",1622473,2904,0.1808
"SARS-CoV2-5UTR-Amplicon-short-trimmed+3",204,"c",1622471,949,0.059
"SARS-CoV2-5UTR-Amplicon-short-trimmed+3",205,"c",1622471,695,0.0428
"SARS-CoV2-5UTR-Amplicon-short-trimmed+3",206,"g",1622467,794,0.0493
"SARS-CoV2-5UTR-Amplicon-short-trimmed+3",207,"a",1622454,1016,0.0626
"SARS-CoV2-5UTR-Amplicon-short-trimmed+3",208,"a",1622452,706,0.0437
"SARS-CoV2-5UTR-Amplicon-short-trimmed+3",209,"a",1622451,1596,0.098
"SARS-CoV2-5UTR-Amplicon-short-trimmed+3",210,"g",1622441,485,0.0297
"SARS-CoV2-5UTR-Amplicon-short-trimmed+3",211,"g",1622432,2093,0.1312
"SARS-CoV2-5UTR-Amplicon-short-trimmed+3",212,"t",1622429,1239,0.0776
"SARS-CoV2-5UTR-Amplicon-short-trimmed+3",213,"a",1622429,918,0.0568
"SARS-CoV2-5UTR-Amplicon-short-trimmed+3",214,"a",1622429,1112,0.0696
"SARS-CoV2-5UTR-Amplicon-short-trimmed+3",215,"g",1622431,555,0.0338
"SARS-CoV2-5UTR-Amplicon-short-trimmed+3",216,"a",1622611,693,0.0432
"SARS-CoV2-5UTR-Amplicon-short-trimmed+3",217,"t",1622607,1399,0.0862
"SARS-CoV2-5UTR-Amplicon-short-trimmed+3",218,"g",1622606,666,0.0407
"SARS-CoV2-5UTR-Amplicon-short-trimmed+3",219,"g",1622598,1065,0.0663
"SARS-CoV2-5UTR-Amplicon-short-trimmed+3",220,"a",1622597,2671,0.1643
"SARS-CoV2-5UTR-Amplicon-short-trimmed+3",221,"g",1622596,2254,0.1373
"SARS-CoV2-5UTR-Amplicon-short-trimmed+3",222,"a",1622414,1176,0.0721
"SARS-CoV2-5UTR-Amplicon-short-trimmed+3",223,"g",1622414,1139,0.069
"SARS-CoV2-5UTR-Amplicon-short-trimmed+3",224,"c",1622414,726,0.045
"SARS-CoV2-5UTR-Amplicon-short-trimmed+3",225,"c",1622414,682,0.0424
"SARS-CoV2-5UTR-Amplicon-short-trimmed+3",226,"t",1622413,749,0.0462
"SARS-CoV2-5UTR-Amplicon-short-trimmed+3",227,"t",1622410,7001,0.4312
"SARS-CoV2-5UTR-Amplicon-short-trimmed+3",228,"g",1622406,684,0.0419
"SARS-CoV2-5UTR-Amplicon-short-trimmed+3",229,"t",1622405,2149,0.1328
"SARS-CoV2-5UTR-Amplicon-short-trimmed+3",230,"c",1622405,4121,0.253
"SARS-CoV2-5UTR-Amplicon-short-trimmed+3",231,"c",1622399,650,0.0402
"SARS-CoV2-5UTR-Amplicon-short-trimmed+3",232,"c",1622399,800,0.0492
"SARS-CoV2-5UTR-Amplicon-short-trimmed+3",233,"t",1622398,2387,0.1476
"SARS-CoV2-5UTR-Amplicon-short-trimmed+3",234,"g",1622394,678,0.0419
"SARS-CoV2-5UTR-Amplicon-short-trimmed+3",235,"g",1622392,668,0.0418
"SARS-CoV2-5UTR-Amplicon-short-trimmed+3",236,"t",1622386,725,0.0446
"SARS-CoV2-5UTR-Amplicon-short-trimmed+3",237,"t",1622382,1089,0.0683
"SARS-CoV2-5UTR-Amplicon-short-trimmed+3",238,"t",1622372,1157,0.0712
"SARS-CoV2-5UTR-Amplicon-short-trimmed+3",239,"c",1622340,10848,0.67
"SARS-CoV2-5UTR-Amplicon-short-trimmed+3",240,"a",1622282,1213,0.0751
"SARS-CoV2-5UTR-Amplicon-short-trimmed+3",241,"a",1622246,848,0.0527
"SARS-CoV2-5UTR-Amplicon-short-trimmed+3",242,"c",1622206,977,0.0602
"SARS-CoV2-5UTR-Amplicon-short-trimmed+3",243,"g",1622145,557,0.0344
"SARS-CoV2-5UTR-Amplicon-short-trimmed+3",244,"a",1621996,1795,0.1098
"SARS-CoV2-5UTR-Amplicon-short-trimmed+3",245,"g",1621109,0,0
"SARS-CoV2-5UTR-Amplicon-short-trimmed+3",246,"g",1620634,0,0
"SARS-CoV2-5UTR-Amplicon-short-trimmed+3",247,"G",1619229,0,0
"SARS-CoV2-5UTR-Amplicon-short-trimmed+3",248,"A",1618100,0,0
"SARS-CoV2-5UTR-Amplicon-short-trimmed+3",249,"G",1617774,0,0
