"Region","Position","Ref_base","Total_depth","Total_mut","Mean_mut_percentage"
"SARS-CoV2-5UTR-Amplicon-short-trimmed+3",1,"T",2521453,0,0
"SARS-CoV2-5UTR-Amplicon-short-trimmed+3",2,"T",2523310,0,0
"SARS-CoV2-5UTR-Amplicon-short-trimmed+3",3,"G",2523840,0,0
"SARS-CoV2-5UTR-Amplicon-short-trimmed+3",4,"t",2529018,0,0
"SARS-CoV2-5UTR-Amplicon-short-trimmed+3",5,"a",2529627,0,0
"SARS-CoV2-5UTR-Amplicon-short-trimmed+3",6,"g",2530122,2682,0.1056
"SARS-CoV2-5UTR-Amplicon-short-trimmed+3",7,"a",2530631,583,0.0232
"SARS-CoV2-5UTR-Amplicon-short-trimmed+3",8,"t",2530655,700,0.0272
"SARS-CoV2-5UTR-Amplicon-short-trimmed+3",9,"c",2530683,848,0.0332
"SARS-CoV2-5UTR-Amplicon-short-trimmed+3",10,"t",2530718,874,0.0345
"SARS-CoV2-5UTR-Amplicon-short-trimmed+3",11,"g",2530742,19627,0.7777
"SARS-CoV2-5UTR-Amplicon-short-trimmed+3",12,"t",2530817,816,0.032
"SARS-CoV2-5UTR-Amplicon-short-trimmed+3",13,"t",2530832,894,0.0352
"SARS-CoV2-5UTR-Amplicon-short-trimmed+3",14,"c",2530847,649,0.0255
"SARS-CoV2-5UTR-Amplicon-short-trimmed+3",15,"t",2530851,961,0.0378
"SARS-CoV2-5UTR-Amplicon-short-trimmed+3",16,"c",2530868,1775,0.0699
"SARS-CoV2-5UTR-Amplicon-short-trimmed+3",17,"t",2530880,595,0.0236
"SARS-CoV2-5UTR-Amplicon-short-trimmed+3",18,"a",2530884,1147,0.0453
"SARS-CoV2-5UTR-Amplicon-short-trimmed+3",19,"a",2530894,1148,0.0452
"SARS-CoV2-5UTR-Amplicon-short-trimmed+3",20,"a",2531039,859,0.0338
"SARS-CoV2-5UTR-Amplicon-short-trimmed+3",21,"c",2531042,1025,0.0403
"SARS-CoV2-5UTR-Amplicon-short-trimmed+3",22,"g",2531046,7560,0.299
"SARS-CoV2-5UTR-Amplicon-short-trimmed+3",23,"a",2531052,1013,0.0398
"SARS-CoV2-5UTR-Amplicon-short-trimmed+3",24,"a",2531053,784,0.0306
"SARS-CoV2-5UTR-Amplicon-short-trimmed+3",25,"c",2531054,26517,1.0394
"SARS-CoV2-5UTR-Amplicon-short-trimmed+3",26,"t",2531059,2164,0.0852
"SARS-CoV2-5UTR-Amplicon-short-trimmed+3",27,"t",2531059,2516,0.0992
"SARS-CoV2-5UTR-Amplicon-short-trimmed+3",28,"t",2531071,5528,0.2181
"SARS-CoV2-5UTR-Amplicon-short-trimmed+3",29,"a",2531074,1920,0.0755
"SARS-CoV2-5UTR-Amplicon-short-trimmed+3",30,"a",2531074,919,0.0363
"SARS-CoV2-5UTR-Amplicon-short-trimmed+3",31,"a",2531004,871,0.0344
"SARS-CoV2-5UTR-Amplicon-short-trimmed+3",32,"a",2531004,757,0.0296
"SARS-CoV2-5UTR-Amplicon-short-trimmed+3",33,"t",2531004,5648,0.2227
"SARS-CoV2-5UTR-Amplicon-short-trimmed+3",34,"c",2531004,1013,0.0398
"SARS-CoV2-5UTR-Amplicon-short-trimmed+3",35,"t",2531004,1101,0.0436
"SARS-CoV2-5UTR-Amplicon-short-trimmed+3",36,"g",2531004,4613,0.1829
"SARS-CoV2-5UTR-Amplicon-short-trimmed+3",37,"t",2530967,849,0.0334
"SARS-CoV2-5UTR-Amplicon-short-trimmed+3",38,"g",2530965,1680,0.0663
"SARS-CoV2-5UTR-Amplicon-short-trimmed+3",39,"t",2530965,654,0.0258
"SARS-CoV2-5UTR-Amplicon-short-trimmed+3",40,"g",2530965,1938,0.0766
"SARS-CoV2-5UTR-Amplicon-short-trimmed+3",41,"g",2530965,2162,0.0857
"SARS-CoV2-5UTR-Amplicon-short-trimmed+3",42,"c",2530961,704,0.0275
"SARS-CoV2-5UTR-Amplicon-short-trimmed+3",43,"t",2530959,2300,0.0905
"SARS-CoV2-5UTR-Amplicon-short-trimmed+3",44,"g",2530959,2371,0.0939
"SARS-CoV2-5UTR-Amplicon-short-trimmed+3",45,"t",2530957,1590,0.063
"SARS-CoV2-5UTR-Amplicon-short-trimmed+3",46,"c",2530955,447,0.0175
"SARS-CoV2-5UTR-Amplicon-short-trimmed+3",47,"a",2530922,1079,0.0424
"SARS-CoV2-5UTR-Amplicon-short-trimmed+3",48,"c",2530923,485,0.0193
"SARS-CoV2-5UTR-Amplicon-short-trimmed+3",49,"t",2530923,710,0.0281
"SARS-CoV2-5UTR-Amplicon-short-trimmed+3",50,"c",2530915,750,0.0297
"SARS-CoV2-5UTR-Amplicon-short-trimmed+3",51,"g",2530914,3777,0.1492
"SARS-CoV2-5UTR-Amplicon-short-trimmed+3",52,"g",2530914,3541,0.1388
"SARS-CoV2-5UTR-Amplicon-short-trimmed+3",53,"c",2530915,3636,0.1427
"SARS-CoV2-5UTR-Amplicon-short-trimmed+3",54,"t",2530921,4187,0.1653
"SARS-CoV2-5UTR-Amplicon-short-trimmed+3",55,"g",2530921,22016,0.8709
"SARS-CoV2-5UTR-Amplicon-short-trimmed+3",56,"c",2530921,1088,0.0432
"SARS-CoV2-5UTR-Amplicon-short-trimmed+3",57,"g",2530921,5192,0.2053
"SARS-CoV2-5UTR-Amplicon-short-trimmed+3",58,"t",2530922,926,0.0368
"SARS-CoV2-5UTR-Amplicon-short-trimmed+3",59,"g",2530921,2667,0.105
"SARS-CoV2-5UTR-Amplicon-short-trimmed+3",60,"c",2530921,1147,0.0451
"SARS-CoV2-5UTR-Amplicon-short-trimmed+3",61,"t",2530930,1836,0.0723
"SARS-CoV2-5UTR-Amplicon-short-trimmed+3",62,"t",2530929,2913,0.1145
"SARS-CoV2-5UTR-Amplicon-short-trimmed+3",63,"a",2530927,3629,0.1431
"SARS-CoV2-5UTR-Amplicon-short-trimmed+3",64,"g",2530929,4244,0.1677
"SARS-CoV2-5UTR-Amplicon-short-trimmed+3",65,"t",2530929,1154,0.0458
"SARS-CoV2-5UTR-Amplicon-short-trimmed+3",66,"g",2530899,4871,0.1928
"SARS-CoV2-5UTR-Amplicon-short-trimmed+3",67,"c",2530899,1684,0.0665
"SARS-CoV2-5UTR-Amplicon-short-trimmed+3",68,"a",2530898,1322,0.0518
"SARS-CoV2-5UTR-Amplicon-short-trimmed+3",69,"c",2530882,824,0.0325
"SARS-CoV2-5UTR-Amplicon-short-trimmed+3",70,"t",2530882,1131,0.0445
"SARS-CoV2-5UTR-Amplicon-short-trimmed+3",71,"c",2530882,1368,0.0537
"SARS-CoV2-5UTR-Amplicon-short-trimmed+3",72,"a",2530880,1319,0.052
"SARS-CoV2-5UTR-Amplicon-short-trimmed+3",73,"c",2530880,755,0.0299
"SARS-CoV2-5UTR-Amplicon-short-trimmed+3",74,"g",2530880,3558,0.1405
"SARS-CoV2-5UTR-Amplicon-short-trimmed+3",75,"c",2530889,3352,0.1322
"SARS-CoV2-5UTR-Amplicon-short-trimmed+3",76,"a",2530889,1707,0.0672
"SARS-CoV2-5UTR-Amplicon-short-trimmed+3",77,"g",2530889,2307,0.0912
"SARS-CoV2-5UTR-Amplicon-short-trimmed+3",78,"t",2530921,1326,0.0524
"SARS-CoV2-5UTR-Amplicon-short-trimmed+3",79,"a",2530919,1586,0.0625
"SARS-CoV2-5UTR-Amplicon-short-trimmed+3",80,"t",2530968,656,0.0257
"SARS-CoV2-5UTR-Amplicon-short-trimmed+3",81,"a",2530967,1027,0.0404
"SARS-CoV2-5UTR-Amplicon-short-trimmed+3",82,"a",2530966,2232,0.0882
"SARS-CoV2-5UTR-Amplicon-short-trimmed+3",83,"t",2530985,903,0.0354
"SARS-CoV2-5UTR-Amplicon-short-trimmed+3",84,"t",2530987,2304,0.0907
"SARS-CoV2-5UTR-Amplicon-short-trimmed+3",85,"a",2530958,1594,0.063
"SARS-CoV2-5UTR-Amplicon-short-trimmed+3",86,"a",2530960,1286,0.0508
"SARS-CoV2-5UTR-Amplicon-short-trimmed+3",87,"t",2530962,907,0.0355
"SARS-CoV2-5UTR-Amplicon-short-trimmed+3",88,"a",2530961,1245,0.0491
"SARS-CoV2-5UTR-Amplicon-short-trimmed+3",89,"a",2530966,6735,0.266
"SARS-CoV2-5UTR-Amplicon-short-trimmed+3",90,"c",2530979,1211,0.0475
"SARS-CoV2-5UTR-Amplicon-short-trimmed+3",91,"t",2531006,1224,0.0482
"SARS-CoV2-5UTR-Amplicon-short-trimmed+3",92,"a",2531005,1057,0.0416
"SARS-CoV2-5UTR-Amplicon-short-trimmed+3",93,"a",2531004,1066,0.0421
"SARS-CoV2-5UTR-Amplicon-short-trimmed+3",94,"t",2531000,1051,0.0413
"SARS-CoV2-5UTR-Amplicon-short-trimmed+3",95,"t",2531020,1632,0.0646
"SARS-CoV2-5UTR-Amplicon-short-trimmed+3",96,"a",2530999,914,0.0361
"SARS-CoV2-5UTR-Amplicon-short-trimmed+3",97,"c",2530999,495,0.0198
"SARS-CoV2-5UTR-Amplicon-short-trimmed+3",98,"t",2531005,1330,0.0526
"SARS-CoV2-5UTR-Amplicon-short-trimmed+3",99,"g",2531003,5805,0.2304
"SARS-CoV2-5UTR-Amplicon-short-trimmed+3",100,"t",2531003,1415,0.0558
"SARS-CoV2-5UTR-Amplicon-short-trimmed+3",101,"c",2531004,946,0.0376
"SARS-CoV2-5UTR-Amplicon-short-trimmed+3",102,"g",2531019,11507,0.458
"SARS-CoV2-5UTR-Amplicon-short-trimmed+3",103,"t",2531036,1074,0.0424
"SARS-CoV2-5UTR-Amplicon-short-trimmed+3",104,"t",2531053,1962,0.0773
"SARS-CoV2-5UTR-Amplicon-short-trimmed+3",105,"g",2531063,1224,0.0478
"SARS-CoV2-5UTR-Amplicon-short-trimmed+3",106,"a",2531118,1406,0.0552
"SARS-CoV2-5UTR-Amplicon-short-trimmed+3",107,"c",2531149,1536,0.0601
"SARS-CoV2-5UTR-Amplicon-short-trimmed+3",108,"a",2531212,1751,0.0689
"SARS-CoV2-5UTR-Amplicon-short-trimmed+3",109,"g",2531406,2158,0.0852
"SARS-CoV2-5UTR-Amplicon-short-trimmed+3",110,"g",2531857,2760,0.1096
"SARS-CoV2-5UTR-Amplicon-short-trimmed+3",111,"a",2532991,1177,0.0463
"SARS-CoV2-5UTR-Amplicon-short-trimmed+3",112,"c",2534358,1239,0.0485
"SARS-CoV2-5UTR-Amplicon-short-trimmed+3",113,"a",2537235,2518,0.0988
"SARS-CoV2-5UTR-Amplicon-short-trimmed+3",114,"c",2546318,1621,0.0635
"SARS-CoV2-5UTR-Amplicon-short-trimmed+3",115,"g",2573659,3029,0.118
"SARS-CoV2-5UTR-Amplicon-short-trimmed+3",116,"a",2725865,1993,0.0731
"SARS-CoV2-5UTR-Amplicon-short-trimmed+3",117,"g",3999998,7586,0.1897
"SARS-CoV2-5UTR-Amplicon-short-trimmed+3",118,"t",3999981,5961,0.1491
"SARS-CoV2-5UTR-Amplicon-short-trimmed+3",119,"a",3999963,5396,0.135
"SARS-CoV2-5UTR-Amplicon-short-trimmed+3",120,"a",3999996,3757,0.094
"SARS-CoV2-5UTR-Amplicon-short-trimmed+3",121,"c",3999986,3238,0.081
"SARS-CoV2-5UTR-Amplicon-short-trimmed+3",122,"t",3999968,10006,0.2502
"SARS-CoV2-5UTR-Amplicon-short-trimmed+3",123,"c",3999965,8333,0.2083
"SARS-CoV2-5UTR-Amplicon-short-trimmed+3",124,"g",3999889,29430,0.7358
"SARS-CoV2-5UTR-Amplicon-short-trimmed+3",125,"t",3999890,5397,0.135
"SARS-CoV2-5UTR-Amplicon-short-trimmed+3",126,"c",3999806,2747,0.0687
"SARS-CoV2-5UTR-Amplicon-short-trimmed+3",127,"t",3999618,1843,0.0461
"SARS-CoV2-5UTR-Amplicon-short-trimmed+3",128,"a",3998790,4152,0.1038
"SARS-CoV2-5UTR-Amplicon-short-trimmed+3",129,"t",3997457,8633,0.216
"SARS-CoV2-5UTR-Amplicon-short-trimmed+3",130,"c",3997459,1158,0.029
"SARS-CoV2-5UTR-Amplicon-short-trimmed+3",131,"t",3997266,2720,0.068
"SARS-CoV2-5UTR-Amplicon-short-trimmed+3",132,"t",3977283,2449,0.0616
"SARS-CoV2-5UTR-Amplicon-short-trimmed+3",133,"c",1736156,1876,0.1081
"SARS-CoV2-5UTR-Amplicon-short-trimmed+3",134,"t",1517663,1860,0.1227
"SARS-CoV2-5UTR-Amplicon-short-trimmed+3",135,"g",1486537,4743,0.3214
"SARS-CoV2-5UTR-Amplicon-short-trimmed+3",136,"c",1475554,5113,0.3477
"SARS-CoV2-5UTR-Amplicon-short-trimmed+3",137,"a",1473745,1572,0.1068
"SARS-CoV2-5UTR-Amplicon-short-trimmed+3",138,"g",1472263,870,0.0592
"SARS-CoV2-5UTR-Amplicon-short-trimmed+3",139,"g",1471526,1316,0.09
"SARS-CoV2-5UTR-Amplicon-short-trimmed+3",140,"c",1471070,1734,0.1191
"SARS-CoV2-5UTR-Amplicon-short-trimmed+3",141,"t",1470831,3293,0.2242
"SARS-CoV2-5UTR-Amplicon-short-trimmed+3",142,"g",1470689,2575,0.1764
"SARS-CoV2-5UTR-Amplicon-short-trimmed+3",143,"c",1470643,4661,0.2835
"SARS-CoV2-5UTR-Amplicon-short-trimmed+3",144,"t",1470548,746,0.0506
"SARS-CoV2-5UTR-Amplicon-short-trimmed+3",145,"t",1470524,2190,0.1497
"SARS-CoV2-5UTR-Amplicon-short-trimmed+3",146,"a",1470386,1643,0.1106
"SARS-CoV2-5UTR-Amplicon-short-trimmed+3",147,"c",1470359,1405,0.0952
"SARS-CoV2-5UTR-Amplicon-short-trimmed+3",148,"g",1470343,704,0.0482
"SARS-CoV2-5UTR-Amplicon-short-trimmed+3",149,"g",1470324,1123,0.0766
"SARS-CoV2-5UTR-Amplicon-short-trimmed+3",150,"t",1470319,1195,0.0816
"SARS-CoV2-5UTR-Amplicon-short-trimmed+3",151,"t",1470325,1065,0.072
"SARS-CoV2-5UTR-Amplicon-short-trimmed+3",152,"t",1470327,3198,0.2164
"SARS-CoV2-5UTR-Amplicon-short-trimmed+3",153,"c",1470328,2672,0.1834
"SARS-CoV2-5UTR-Amplicon-short-trimmed+3",154,"g",1470333,3489,0.2382
"SARS-CoV2-5UTR-Amplicon-short-trimmed+3",155,"t",1470334,2202,0.1488
"SARS-CoV2-5UTR-Amplicon-short-trimmed+3",156,"c",1470336,1569,0.1074
"SARS-CoV2-5UTR-Amplicon-short-trimmed+3",157,"c",1470338,2440,0.1673
"SARS-CoV2-5UTR-Amplicon-short-trimmed+3",158,"g",1470339,1026,0.0703
"SARS-CoV2-5UTR-Amplicon-short-trimmed+3",159,"t",1470335,9034,0.6182
"SARS-CoV2-5UTR-Amplicon-short-trimmed+3",160,"g",1470342,3847,0.2619
"SARS-CoV2-5UTR-Amplicon-short-trimmed+3",161,"t",1470352,1292,0.0882
"SARS-CoV2-5UTR-Amplicon-short-trimmed+3",162,"t",1470355,1904,0.1296
"SARS-CoV2-5UTR-Amplicon-short-trimmed+3",163,"g",1470356,890,0.0616
"SARS-CoV2-5UTR-Amplicon-short-trimmed+3",164,"c",1470357,2007,0.1362
"SARS-CoV2-5UTR-Amplicon-short-trimmed+3",165,"a",1470372,1627,0.1105
"SARS-CoV2-5UTR-Amplicon-short-trimmed+3",166,"g",1470651,2023,0.137
"SARS-CoV2-5UTR-Amplicon-short-trimmed+3",167,"c",1470657,2226,0.1501
"SARS-CoV2-5UTR-Amplicon-short-trimmed+3",168,"c",1470660,9619,0.6636
"SARS-CoV2-5UTR-Amplicon-short-trimmed+3",169,"g",1470661,1771,0.1203
"SARS-CoV2-5UTR-Amplicon-short-trimmed+3",170,"a",1470680,1198,0.0815
"SARS-CoV2-5UTR-Amplicon-short-trimmed+3",171,"t",1470684,1194,0.0814
"SARS-CoV2-5UTR-Amplicon-short-trimmed+3",172,"c",1470686,898,0.0607
"SARS-CoV2-5UTR-Amplicon-short-trimmed+3",173,"a",1470686,1045,0.0705
"SARS-CoV2-5UTR-Amplicon-short-trimmed+3",174,"t",1470686,882,0.0604
"SARS-CoV2-5UTR-Amplicon-short-trimmed+3",175,"c",1470693,1379,0.094
"SARS-CoV2-5UTR-Amplicon-short-trimmed+3",176,"a",1470693,1873,0.1281
"SARS-CoV2-5UTR-Amplicon-short-trimmed+3",177,"g",1470693,3409,0.2332
"SARS-CoV2-5UTR-Amplicon-short-trimmed+3",178,"c",1470694,9265,0.6392
"SARS-CoV2-5UTR-Amplicon-short-trimmed+3",179,"a",1470694,1341,0.0907
"SARS-CoV2-5UTR-Amplicon-short-trimmed+3",180,"c",1470696,1136,0.0776
"SARS-CoV2-5UTR-Amplicon-short-trimmed+3",181,"a",1470696,816,0.0555
"SARS-CoV2-5UTR-Amplicon-short-trimmed+3",182,"t",1470697,850,0.058
"SARS-CoV2-5UTR-Amplicon-short-trimmed+3",183,"c",1470666,526,0.0356
"SARS-CoV2-5UTR-Amplicon-short-trimmed+3",184,"t",1470665,1602,0.1096
"SARS-CoV2-5UTR-Amplicon-short-trimmed+3",185,"a",1470646,2303,0.159
"SARS-CoV2-5UTR-Amplicon-short-trimmed+3",186,"g",1470644,1603,0.1102
"SARS-CoV2-5UTR-Amplicon-short-trimmed+3",187,"g",1470645,2009,0.1377
"SARS-CoV2-5UTR-Amplicon-short-trimmed+3",188,"t",1470655,805,0.0546
"SARS-CoV2-5UTR-Amplicon-short-trimmed+3",189,"t",1470638,1907,0.1299
"SARS-CoV2-5UTR-Amplicon-short-trimmed+3",190,"t",1470635,2983,0.2038
"SARS-CoV2-5UTR-Amplicon-short-trimmed+3",191,"c",1470635,2067,0.1432
"SARS-CoV2-5UTR-Amplicon-short-trimmed+3",192,"g",1470622,2882,0.1986
"SARS-CoV2-5UTR-Amplicon-short-trimmed+3",193,"t",1470622,7711,0.5281
"SARS-CoV2-5UTR-Amplicon-short-trimmed+3",194,"c",1470622,1002,0.068
"SARS-CoV2-5UTR-Amplicon-short-trimmed+3",195,"c",1470621,1695,0.1162
"SARS-CoV2-5UTR-Amplicon-short-trimmed+3",196,"g",1470578,1375,0.0966
"SARS-CoV2-5UTR-Amplicon-short-trimmed+3",197,"g",1470575,1373,0.0933
"SARS-CoV2-5UTR-Amplicon-short-trimmed+3",198,"g",1470575,6930,0.4704
"SARS-CoV2-5UTR-Amplicon-short-trimmed+3",199,"t",1470575,2170,0.1491
"SARS-CoV2-5UTR-Amplicon-short-trimmed+3",200,"g",1470575,2641,0.1677
"SARS-CoV2-5UTR-Amplicon-short-trimmed+3",201,"t",1470575,1592,0.1086
"SARS-CoV2-5UTR-Amplicon-short-trimmed+3",202,"g",1470575,1877,0.1278
"SARS-CoV2-5UTR-Amplicon-short-trimmed+3",203,"a",1470560,2349,0.1594
"SARS-CoV2-5UTR-Amplicon-short-trimmed+3",204,"c",1470558,878,0.0601
"SARS-CoV2-5UTR-Amplicon-short-trimmed+3",205,"c",1470554,581,0.0388
"SARS-CoV2-5UTR-Amplicon-short-trimmed+3",206,"g",1470554,3502,0.234
"SARS-CoV2-5UTR-Amplicon-short-trimmed+3",207,"a",1470541,1059,0.0735
"SARS-CoV2-5UTR-Amplicon-short-trimmed+3",208,"a",1470540,637,0.0428
"SARS-CoV2-5UTR-Amplicon-short-trimmed+3",209,"a",1470535,1537,0.1046
"SARS-CoV2-5UTR-Amplicon-short-trimmed+3",210,"g",1470533,1865,0.1265
"SARS-CoV2-5UTR-Amplicon-short-trimmed+3",211,"g",1470522,2999,0.203
"SARS-CoV2-5UTR-Amplicon-short-trimmed+3",212,"t",1470522,997,0.068
"SARS-CoV2-5UTR-Amplicon-short-trimmed+3",213,"a",1470522,769,0.0516
"SARS-CoV2-5UTR-Amplicon-short-trimmed+3",214,"a",1470522,1106,0.0757
"SARS-CoV2-5UTR-Amplicon-short-trimmed+3",215,"g",1470524,895,0.0619
"SARS-CoV2-5UTR-Amplicon-short-trimmed+3",216,"a",1470830,595,0.0407
"SARS-CoV2-5UTR-Amplicon-short-trimmed+3",217,"t",1470828,1416,0.097
"SARS-CoV2-5UTR-Amplicon-short-trimmed+3",218,"g",1470828,1758,0.1181
"SARS-CoV2-5UTR-Amplicon-short-trimmed+3",219,"g",1470810,1462,0.1003
"SARS-CoV2-5UTR-Amplicon-short-trimmed+3",220,"a",1470807,2966,0.2048
"SARS-CoV2-5UTR-Amplicon-short-trimmed+3",221,"g",1470804,2755,0.19
"SARS-CoV2-5UTR-Amplicon-short-trimmed+3",222,"a",1470499,1197,0.0827
"SARS-CoV2-5UTR-Amplicon-short-trimmed+3",223,"g",1470499,2161,0.1465
"SARS-CoV2-5UTR-Amplicon-short-trimmed+3",224,"c",1470489,679,0.0464
"SARS-CoV2-5UTR-Amplicon-short-trimmed+3",225,"c",1470486,734,0.0504
"SARS-CoV2-5UTR-Amplicon-short-trimmed+3",226,"t",1470486,1017,0.0698
"SARS-CoV2-5UTR-Amplicon-short-trimmed+3",227,"t",1470484,7903,0.5467
"SARS-CoV2-5UTR-Amplicon-short-trimmed+3",228,"g",1470483,2451,0.1714
"SARS-CoV2-5UTR-Amplicon-short-trimmed+3",229,"t",1470480,1938,0.133
"SARS-CoV2-5UTR-Amplicon-short-trimmed+3",230,"c",1470475,445,0.0301
"SARS-CoV2-5UTR-Amplicon-short-trimmed+3",231,"c",1470475,481,0.0325
"SARS-CoV2-5UTR-Amplicon-short-trimmed+3",232,"c",1470474,968,0.0666
"SARS-CoV2-5UTR-Amplicon-short-trimmed+3",233,"t",1470095,2706,0.1876
"SARS-CoV2-5UTR-Amplicon-short-trimmed+3",234,"g",1470088,4135,0.2854
"SARS-CoV2-5UTR-Amplicon-short-trimmed+3",235,"g",1470085,6442,0.4372
"SARS-CoV2-5UTR-Amplicon-short-trimmed+3",236,"t",1470074,582,0.0403
"SARS-CoV2-5UTR-Amplicon-short-trimmed+3",237,"t",1470071,870,0.059
"SARS-CoV2-5UTR-Amplicon-short-trimmed+3",238,"t",1470054,937,0.0637
"SARS-CoV2-5UTR-Amplicon-short-trimmed+3",239,"c",1470023,9877,0.6693
"SARS-CoV2-5UTR-Amplicon-short-trimmed+3",240,"a",1469949,911,0.0608
"SARS-CoV2-5UTR-Amplicon-short-trimmed+3",241,"a",1469909,666,0.0451
"SARS-CoV2-5UTR-Amplicon-short-trimmed+3",242,"c",1469831,939,0.0644
"SARS-CoV2-5UTR-Amplicon-short-trimmed+3",243,"g",1469653,1104,0.0754
"SARS-CoV2-5UTR-Amplicon-short-trimmed+3",244,"a",1469424,1838,0.126
"SARS-CoV2-5UTR-Amplicon-short-trimmed+3",245,"g",1468404,0,0
"SARS-CoV2-5UTR-Amplicon-short-trimmed+3",246,"g",1465684,0,0
"SARS-CoV2-5UTR-Amplicon-short-trimmed+3",247,"G",1461242,1,1e-04
"SARS-CoV2-5UTR-Amplicon-short-trimmed+3",248,"A",1460031,0,0
"SARS-CoV2-5UTR-Amplicon-short-trimmed+3",249,"G",1459474,0,0
