"Region","Position","Ref_base","Total_depth","Total_mut","Mean_mut_percentage"
"SARS-CoV2-5UTR-Amplicon-short-trimmed+3",1,"T",2139031,0,0
"SARS-CoV2-5UTR-Amplicon-short-trimmed+3",2,"T",2140224,0,0
"SARS-CoV2-5UTR-Amplicon-short-trimmed+3",3,"G",2140716,0,0
"SARS-CoV2-5UTR-Amplicon-short-trimmed+3",4,"t",2142228,1,0
"SARS-CoV2-5UTR-Amplicon-short-trimmed+3",5,"a",2142814,0,0
"SARS-CoV2-5UTR-Amplicon-short-trimmed+3",6,"g",2143285,1220,0.0577
"SARS-CoV2-5UTR-Amplicon-short-trimmed+3",7,"a",2143330,473,0.0226
"SARS-CoV2-5UTR-Amplicon-short-trimmed+3",8,"t",2143359,784,0.0375
"SARS-CoV2-5UTR-Amplicon-short-trimmed+3",9,"c",2143395,631,0.0299
"SARS-CoV2-5UTR-Amplicon-short-trimmed+3",10,"t",2143408,611,0.0287
"SARS-CoV2-5UTR-Amplicon-short-trimmed+3",11,"g",2143415,3412,0.1654
"SARS-CoV2-5UTR-Amplicon-short-trimmed+3",12,"t",2143447,677,0.032
"SARS-CoV2-5UTR-Amplicon-short-trimmed+3",13,"t",2143459,695,0.0332
"SARS-CoV2-5UTR-Amplicon-short-trimmed+3",14,"c",2143467,544,0.0255
"SARS-CoV2-5UTR-Amplicon-short-trimmed+3",15,"t",2143470,777,0.0372
"SARS-CoV2-5UTR-Amplicon-short-trimmed+3",16,"c",2143483,1057,0.0512
"SARS-CoV2-5UTR-Amplicon-short-trimmed+3",17,"t",2143489,536,0.0258
"SARS-CoV2-5UTR-Amplicon-short-trimmed+3",18,"a",2143491,925,0.0434
"SARS-CoV2-5UTR-Amplicon-short-trimmed+3",19,"a",2143495,830,0.0392
"SARS-CoV2-5UTR-Amplicon-short-trimmed+3",20,"a",2143600,651,0.0307
"SARS-CoV2-5UTR-Amplicon-short-trimmed+3",21,"c",2143616,330,0.0152
"SARS-CoV2-5UTR-Amplicon-short-trimmed+3",22,"g",2143642,728,0.0348
"SARS-CoV2-5UTR-Amplicon-short-trimmed+3",23,"a",2143644,836,0.0398
"SARS-CoV2-5UTR-Amplicon-short-trimmed+3",24,"a",2143645,695,0.0327
"SARS-CoV2-5UTR-Amplicon-short-trimmed+3",25,"c",2143646,27286,1.2857
"SARS-CoV2-5UTR-Amplicon-short-trimmed+3",26,"t",2143646,1824,0.0872
"SARS-CoV2-5UTR-Amplicon-short-trimmed+3",27,"t",2143650,1501,0.0721
"SARS-CoV2-5UTR-Amplicon-short-trimmed+3",28,"t",2143671,4623,0.2162
"SARS-CoV2-5UTR-Amplicon-short-trimmed+3",29,"a",2143671,1833,0.0863
"SARS-CoV2-5UTR-Amplicon-short-trimmed+3",30,"a",2143673,838,0.0397
"SARS-CoV2-5UTR-Amplicon-short-trimmed+3",31,"a",2143636,796,0.0382
"SARS-CoV2-5UTR-Amplicon-short-trimmed+3",32,"a",2143636,706,0.0337
"SARS-CoV2-5UTR-Amplicon-short-trimmed+3",33,"t",2143643,4776,0.2234
"SARS-CoV2-5UTR-Amplicon-short-trimmed+3",34,"c",2143644,801,0.0372
"SARS-CoV2-5UTR-Amplicon-short-trimmed+3",35,"t",2143644,702,0.0329
"SARS-CoV2-5UTR-Amplicon-short-trimmed+3",36,"g",2143644,976,0.0458
"SARS-CoV2-5UTR-Amplicon-short-trimmed+3",37,"t",2143640,751,0.0356
"SARS-CoV2-5UTR-Amplicon-short-trimmed+3",38,"g",2143640,436,0.0199
"SARS-CoV2-5UTR-Amplicon-short-trimmed+3",39,"t",2143641,550,0.0259
"SARS-CoV2-5UTR-Amplicon-short-trimmed+3",40,"g",2143641,736,0.0352
"SARS-CoV2-5UTR-Amplicon-short-trimmed+3",41,"g",2143661,1058,0.0504
"SARS-CoV2-5UTR-Amplicon-short-trimmed+3",42,"c",2143659,528,0.0248
"SARS-CoV2-5UTR-Amplicon-short-trimmed+3",43,"t",2143658,1503,0.0714
"SARS-CoV2-5UTR-Amplicon-short-trimmed+3",44,"g",2143657,1115,0.0532
"SARS-CoV2-5UTR-Amplicon-short-trimmed+3",45,"t",2143656,1459,0.0695
"SARS-CoV2-5UTR-Amplicon-short-trimmed+3",46,"c",2143655,363,0.0175
"SARS-CoV2-5UTR-Amplicon-short-trimmed+3",47,"a",2143651,1067,0.0501
"SARS-CoV2-5UTR-Amplicon-short-trimmed+3",48,"c",2143651,425,0.0198
"SARS-CoV2-5UTR-Amplicon-short-trimmed+3",49,"t",2143651,640,0.0302
"SARS-CoV2-5UTR-Amplicon-short-trimmed+3",50,"c",2143649,510,0.0239
"SARS-CoV2-5UTR-Amplicon-short-trimmed+3",51,"g",2143649,943,0.0444
"SARS-CoV2-5UTR-Amplicon-short-trimmed+3",52,"g",2143649,2097,0.0983
"SARS-CoV2-5UTR-Amplicon-short-trimmed+3",53,"c",2143650,1676,0.0808
"SARS-CoV2-5UTR-Amplicon-short-trimmed+3",54,"t",2143650,1101,0.0518
"SARS-CoV2-5UTR-Amplicon-short-trimmed+3",55,"g",2143649,2043,0.0972
"SARS-CoV2-5UTR-Amplicon-short-trimmed+3",56,"c",2143649,864,0.0402
"SARS-CoV2-5UTR-Amplicon-short-trimmed+3",57,"g",2143649,2059,0.098
"SARS-CoV2-5UTR-Amplicon-short-trimmed+3",58,"t",2143649,820,0.039
"SARS-CoV2-5UTR-Amplicon-short-trimmed+3",59,"g",2143649,1442,0.0687
"SARS-CoV2-5UTR-Amplicon-short-trimmed+3",60,"c",2143645,873,0.0412
"SARS-CoV2-5UTR-Amplicon-short-trimmed+3",61,"t",2143644,1004,0.0474
"SARS-CoV2-5UTR-Amplicon-short-trimmed+3",62,"t",2143644,1037,0.0492
"SARS-CoV2-5UTR-Amplicon-short-trimmed+3",63,"a",2143644,1061,0.0498
"SARS-CoV2-5UTR-Amplicon-short-trimmed+3",64,"g",2143642,740,0.0352
"SARS-CoV2-5UTR-Amplicon-short-trimmed+3",65,"t",2143642,1024,0.0492
"SARS-CoV2-5UTR-Amplicon-short-trimmed+3",66,"g",2143642,1564,0.0738
"SARS-CoV2-5UTR-Amplicon-short-trimmed+3",67,"c",2143642,1466,0.068
"SARS-CoV2-5UTR-Amplicon-short-trimmed+3",68,"a",2143641,1257,0.0596
"SARS-CoV2-5UTR-Amplicon-short-trimmed+3",69,"c",2143635,704,0.033
"SARS-CoV2-5UTR-Amplicon-short-trimmed+3",70,"t",2143635,843,0.0402
"SARS-CoV2-5UTR-Amplicon-short-trimmed+3",71,"c",2143635,860,0.0412
"SARS-CoV2-5UTR-Amplicon-short-trimmed+3",72,"a",2143635,1150,0.0538
"SARS-CoV2-5UTR-Amplicon-short-trimmed+3",73,"c",2143635,607,0.0284
"SARS-CoV2-5UTR-Amplicon-short-trimmed+3",74,"g",2143635,1236,0.0581
"SARS-CoV2-5UTR-Amplicon-short-trimmed+3",75,"c",2143635,2909,0.1358
"SARS-CoV2-5UTR-Amplicon-short-trimmed+3",76,"a",2143635,1457,0.0698
"SARS-CoV2-5UTR-Amplicon-short-trimmed+3",77,"g",2143635,1256,0.059
"SARS-CoV2-5UTR-Amplicon-short-trimmed+3",78,"t",2143634,1284,0.0619
"SARS-CoV2-5UTR-Amplicon-short-trimmed+3",79,"a",2143632,1421,0.0673
"SARS-CoV2-5UTR-Amplicon-short-trimmed+3",80,"t",2143631,536,0.0251
"SARS-CoV2-5UTR-Amplicon-short-trimmed+3",81,"a",2143629,836,0.0401
"SARS-CoV2-5UTR-Amplicon-short-trimmed+3",82,"a",2143628,1783,0.0849
"SARS-CoV2-5UTR-Amplicon-short-trimmed+3",83,"t",2143636,831,0.0393
"SARS-CoV2-5UTR-Amplicon-short-trimmed+3",84,"t",2143642,1922,0.0914
"SARS-CoV2-5UTR-Amplicon-short-trimmed+3",85,"a",2143622,1422,0.0672
"SARS-CoV2-5UTR-Amplicon-short-trimmed+3",86,"a",2143621,1026,0.0483
"SARS-CoV2-5UTR-Amplicon-short-trimmed+3",87,"t",2143639,854,0.0405
"SARS-CoV2-5UTR-Amplicon-short-trimmed+3",88,"a",2143638,1162,0.0548
"SARS-CoV2-5UTR-Amplicon-short-trimmed+3",89,"a",2143646,6065,0.2838
"SARS-CoV2-5UTR-Amplicon-short-trimmed+3",90,"c",2143655,918,0.0428
"SARS-CoV2-5UTR-Amplicon-short-trimmed+3",91,"t",2143678,1027,0.0488
"SARS-CoV2-5UTR-Amplicon-short-trimmed+3",92,"a",2143677,865,0.041
"SARS-CoV2-5UTR-Amplicon-short-trimmed+3",93,"a",2143687,903,0.043
"SARS-CoV2-5UTR-Amplicon-short-trimmed+3",94,"t",2143686,875,0.0417
"SARS-CoV2-5UTR-Amplicon-short-trimmed+3",95,"t",2143685,1524,0.0731
"SARS-CoV2-5UTR-Amplicon-short-trimmed+3",96,"a",2143691,896,0.0426
"SARS-CoV2-5UTR-Amplicon-short-trimmed+3",97,"c",2143691,406,0.0191
"SARS-CoV2-5UTR-Amplicon-short-trimmed+3",98,"t",2143698,885,0.0422
"SARS-CoV2-5UTR-Amplicon-short-trimmed+3",99,"g",2143696,1069,0.0512
"SARS-CoV2-5UTR-Amplicon-short-trimmed+3",100,"t",2143698,1257,0.06
"SARS-CoV2-5UTR-Amplicon-short-trimmed+3",101,"c",2143698,516,0.0244
"SARS-CoV2-5UTR-Amplicon-short-trimmed+3",102,"g",2143752,1123,0.0524
"SARS-CoV2-5UTR-Amplicon-short-trimmed+3",103,"t",2143759,1072,0.0515
"SARS-CoV2-5UTR-Amplicon-short-trimmed+3",104,"t",2143764,1631,0.0781
"SARS-CoV2-5UTR-Amplicon-short-trimmed+3",105,"g",2143772,883,0.0417
"SARS-CoV2-5UTR-Amplicon-short-trimmed+3",106,"a",2143810,1249,0.0596
"SARS-CoV2-5UTR-Amplicon-short-trimmed+3",107,"c",2143831,1154,0.0542
"SARS-CoV2-5UTR-Amplicon-short-trimmed+3",108,"a",2143887,1463,0.0697
"SARS-CoV2-5UTR-Amplicon-short-trimmed+3",109,"g",2144064,951,0.0445
"SARS-CoV2-5UTR-Amplicon-short-trimmed+3",110,"g",2144455,2097,0.0983
"SARS-CoV2-5UTR-Amplicon-short-trimmed+3",111,"a",2145451,1150,0.0555
"SARS-CoV2-5UTR-Amplicon-short-trimmed+3",112,"c",2146635,909,0.0426
"SARS-CoV2-5UTR-Amplicon-short-trimmed+3",113,"a",2148905,2524,0.1217
"SARS-CoV2-5UTR-Amplicon-short-trimmed+3",114,"c",2154605,1341,0.0622
"SARS-CoV2-5UTR-Amplicon-short-trimmed+3",115,"g",2173562,866,0.0402
"SARS-CoV2-5UTR-Amplicon-short-trimmed+3",116,"a",2291534,1620,0.0718
"SARS-CoV2-5UTR-Amplicon-short-trimmed+3",117,"g",3831967,1884,0.0492
"SARS-CoV2-5UTR-Amplicon-short-trimmed+3",118,"t",3836612,5677,0.148
"SARS-CoV2-5UTR-Amplicon-short-trimmed+3",119,"a",3836642,7213,0.1888
"SARS-CoV2-5UTR-Amplicon-short-trimmed+3",120,"a",3836782,4537,0.1187
"SARS-CoV2-5UTR-Amplicon-short-trimmed+3",121,"c",3839223,3920,0.1021
"SARS-CoV2-5UTR-Amplicon-short-trimmed+3",122,"t",3840168,5481,0.1435
"SARS-CoV2-5UTR-Amplicon-short-trimmed+3",123,"c",3840865,3747,0.0978
"SARS-CoV2-5UTR-Amplicon-short-trimmed+3",124,"g",3841260,3058,0.0798
"SARS-CoV2-5UTR-Amplicon-short-trimmed+3",125,"t",3841594,6615,0.1728
"SARS-CoV2-5UTR-Amplicon-short-trimmed+3",126,"c",3841614,3349,0.0874
"SARS-CoV2-5UTR-Amplicon-short-trimmed+3",127,"t",3841384,1999,0.0522
"SARS-CoV2-5UTR-Amplicon-short-trimmed+3",128,"a",3840619,5923,0.155
"SARS-CoV2-5UTR-Amplicon-short-trimmed+3",129,"t",3839206,11712,0.3058
"SARS-CoV2-5UTR-Amplicon-short-trimmed+3",130,"c",3839246,1548,0.0405
"SARS-CoV2-5UTR-Amplicon-short-trimmed+3",131,"t",3839094,3005,0.0787
"SARS-CoV2-5UTR-Amplicon-short-trimmed+3",132,"t",3821285,3243,0.0851
"SARS-CoV2-5UTR-Amplicon-short-trimmed+3",133,"c",1892608,2542,0.1348
"SARS-CoV2-5UTR-Amplicon-short-trimmed+3",134,"t",1724056,2517,0.1459
"SARS-CoV2-5UTR-Amplicon-short-trimmed+3",135,"g",1706605,1530,0.0899
"SARS-CoV2-5UTR-Amplicon-short-trimmed+3",136,"c",1702537,7431,0.4403
"SARS-CoV2-5UTR-Amplicon-short-trimmed+3",137,"a",1701707,2449,0.1436
"SARS-CoV2-5UTR-Amplicon-short-trimmed+3",138,"g",1700708,1337,0.0786
"SARS-CoV2-5UTR-Amplicon-short-trimmed+3",139,"g",1700103,1878,0.1114
"SARS-CoV2-5UTR-Amplicon-short-trimmed+3",140,"c",1699684,2253,0.1338
"SARS-CoV2-5UTR-Amplicon-short-trimmed+3",141,"t",1699485,4488,0.2649
"SARS-CoV2-5UTR-Amplicon-short-trimmed+3",142,"g",1699377,3454,0.2044
"SARS-CoV2-5UTR-Amplicon-short-trimmed+3",143,"c",1699323,8945,0.5298
"SARS-CoV2-5UTR-Amplicon-short-trimmed+3",144,"t",1699245,1154,0.0676
"SARS-CoV2-5UTR-Amplicon-short-trimmed+3",145,"t",1699232,3183,0.1887
"SARS-CoV2-5UTR-Amplicon-short-trimmed+3",146,"a",1699089,4918,0.2788
"SARS-CoV2-5UTR-Amplicon-short-trimmed+3",147,"c",1699087,1917,0.1134
"SARS-CoV2-5UTR-Amplicon-short-trimmed+3",148,"g",1699074,1159,0.0685
"SARS-CoV2-5UTR-Amplicon-short-trimmed+3",149,"g",1699043,1283,0.0755
"SARS-CoV2-5UTR-Amplicon-short-trimmed+3",150,"t",1699032,1798,0.1058
"SARS-CoV2-5UTR-Amplicon-short-trimmed+3",151,"t",1699037,1737,0.1024
"SARS-CoV2-5UTR-Amplicon-short-trimmed+3",152,"t",1699040,4788,0.2822
"SARS-CoV2-5UTR-Amplicon-short-trimmed+3",153,"c",1699034,2814,0.1668
"SARS-CoV2-5UTR-Amplicon-short-trimmed+3",154,"g",1699036,940,0.0557
"SARS-CoV2-5UTR-Amplicon-short-trimmed+3",155,"t",1699034,3474,0.2041
"SARS-CoV2-5UTR-Amplicon-short-trimmed+3",156,"c",1699036,2196,0.129
"SARS-CoV2-5UTR-Amplicon-short-trimmed+3",157,"c",1699034,2977,0.1762
"SARS-CoV2-5UTR-Amplicon-short-trimmed+3",158,"g",1699035,1192,0.0703
"SARS-CoV2-5UTR-Amplicon-short-trimmed+3",159,"t",1699036,12904,0.7596
"SARS-CoV2-5UTR-Amplicon-short-trimmed+3",160,"g",1699037,923,0.0546
"SARS-CoV2-5UTR-Amplicon-short-trimmed+3",161,"t",1699041,1764,0.1041
"SARS-CoV2-5UTR-Amplicon-short-trimmed+3",162,"t",1699039,4642,0.2642
"SARS-CoV2-5UTR-Amplicon-short-trimmed+3",163,"g",1699041,1167,0.0693
"SARS-CoV2-5UTR-Amplicon-short-trimmed+3",164,"c",1699043,2905,0.1722
"SARS-CoV2-5UTR-Amplicon-short-trimmed+3",165,"a",1699056,2319,0.137
"SARS-CoV2-5UTR-Amplicon-short-trimmed+3",166,"g",1699256,2459,0.1465
"SARS-CoV2-5UTR-Amplicon-short-trimmed+3",167,"c",1699262,3017,0.1783
"SARS-CoV2-5UTR-Amplicon-short-trimmed+3",168,"c",1699264,11287,0.6759
"SARS-CoV2-5UTR-Amplicon-short-trimmed+3",169,"g",1699267,1948,0.1158
"SARS-CoV2-5UTR-Amplicon-short-trimmed+3",170,"a",1699276,1818,0.1071
"SARS-CoV2-5UTR-Amplicon-short-trimmed+3",171,"t",1699282,1774,0.1041
"SARS-CoV2-5UTR-Amplicon-short-trimmed+3",172,"c",1699286,1464,0.086
"SARS-CoV2-5UTR-Amplicon-short-trimmed+3",173,"a",1699286,1602,0.0942
"SARS-CoV2-5UTR-Amplicon-short-trimmed+3",174,"t",1699287,1384,0.081
"SARS-CoV2-5UTR-Amplicon-short-trimmed+3",175,"c",1699287,1993,0.1184
"SARS-CoV2-5UTR-Amplicon-short-trimmed+3",176,"a",1699288,2296,0.1355
"SARS-CoV2-5UTR-Amplicon-short-trimmed+3",177,"g",1699288,1311,0.0781
"SARS-CoV2-5UTR-Amplicon-short-trimmed+3",178,"c",1699288,12226,0.728
"SARS-CoV2-5UTR-Amplicon-short-trimmed+3",179,"a",1699288,2190,0.129
"SARS-CoV2-5UTR-Amplicon-short-trimmed+3",180,"c",1699288,1735,0.1028
"SARS-CoV2-5UTR-Amplicon-short-trimmed+3",181,"a",1699289,1343,0.0786
"SARS-CoV2-5UTR-Amplicon-short-trimmed+3",182,"t",1699289,1255,0.0736
"SARS-CoV2-5UTR-Amplicon-short-trimmed+3",183,"c",1699289,715,0.0425
"SARS-CoV2-5UTR-Amplicon-short-trimmed+3",184,"t",1699289,2194,0.1308
"SARS-CoV2-5UTR-Amplicon-short-trimmed+3",185,"a",1699289,2238,0.1331
"SARS-CoV2-5UTR-Amplicon-short-trimmed+3",186,"g",1699289,897,0.0531
"SARS-CoV2-5UTR-Amplicon-short-trimmed+3",187,"g",1699289,1162,0.0688
"SARS-CoV2-5UTR-Amplicon-short-trimmed+3",188,"t",1699289,4064,0.226
"SARS-CoV2-5UTR-Amplicon-short-trimmed+3",189,"t",1699283,2581,0.1522
"SARS-CoV2-5UTR-Amplicon-short-trimmed+3",190,"t",1699281,4100,0.243
"SARS-CoV2-5UTR-Amplicon-short-trimmed+3",191,"c",1699280,1757,0.1043
"SARS-CoV2-5UTR-Amplicon-short-trimmed+3",192,"g",1699277,685,0.0406
"SARS-CoV2-5UTR-Amplicon-short-trimmed+3",193,"t",1699276,10915,0.6467
"SARS-CoV2-5UTR-Amplicon-short-trimmed+3",194,"c",1699277,1307,0.0772
"SARS-CoV2-5UTR-Amplicon-short-trimmed+3",195,"c",1699277,2084,0.123
"SARS-CoV2-5UTR-Amplicon-short-trimmed+3",196,"g",1699257,780,0.0461
"SARS-CoV2-5UTR-Amplicon-short-trimmed+3",197,"g",1699256,950,0.0557
"SARS-CoV2-5UTR-Amplicon-short-trimmed+3",198,"g",1699242,7248,0.426
"SARS-CoV2-5UTR-Amplicon-short-trimmed+3",199,"t",1699232,2640,0.1561
"SARS-CoV2-5UTR-Amplicon-short-trimmed+3",200,"g",1699231,1901,0.1076
"SARS-CoV2-5UTR-Amplicon-short-trimmed+3",201,"t",1699231,4073,0.231
"SARS-CoV2-5UTR-Amplicon-short-trimmed+3",202,"g",1699227,1757,0.1045
"SARS-CoV2-5UTR-Amplicon-short-trimmed+3",203,"a",1699227,3320,0.1955
"SARS-CoV2-5UTR-Amplicon-short-trimmed+3",204,"c",1699228,1208,0.0713
"SARS-CoV2-5UTR-Amplicon-short-trimmed+3",205,"c",1699225,691,0.0408
"SARS-CoV2-5UTR-Amplicon-short-trimmed+3",206,"g",1699223,1028,0.0606
"SARS-CoV2-5UTR-Amplicon-short-trimmed+3",207,"a",1699208,1239,0.073
"SARS-CoV2-5UTR-Amplicon-short-trimmed+3",208,"a",1699208,781,0.046
"SARS-CoV2-5UTR-Amplicon-short-trimmed+3",209,"a",1699208,1841,0.1092
"SARS-CoV2-5UTR-Amplicon-short-trimmed+3",210,"g",1699204,617,0.0363
"SARS-CoV2-5UTR-Amplicon-short-trimmed+3",211,"g",1699204,2574,0.1523
"SARS-CoV2-5UTR-Amplicon-short-trimmed+3",212,"t",1699204,1511,0.0892
"SARS-CoV2-5UTR-Amplicon-short-trimmed+3",213,"a",1699224,992,0.0584
"SARS-CoV2-5UTR-Amplicon-short-trimmed+3",214,"a",1699224,1242,0.0733
"SARS-CoV2-5UTR-Amplicon-short-trimmed+3",215,"g",1699226,728,0.0431
"SARS-CoV2-5UTR-Amplicon-short-trimmed+3",216,"a",1699445,871,0.0512
"SARS-CoV2-5UTR-Amplicon-short-trimmed+3",217,"t",1699443,1726,0.1023
"SARS-CoV2-5UTR-Amplicon-short-trimmed+3",218,"g",1699444,775,0.0458
"SARS-CoV2-5UTR-Amplicon-short-trimmed+3",219,"g",1699436,1320,0.0784
"SARS-CoV2-5UTR-Amplicon-short-trimmed+3",220,"a",1699434,3194,0.1899
"SARS-CoV2-5UTR-Amplicon-short-trimmed+3",221,"g",1699431,2788,0.1663
"SARS-CoV2-5UTR-Amplicon-short-trimmed+3",222,"a",1699212,1350,0.08
"SARS-CoV2-5UTR-Amplicon-short-trimmed+3",223,"g",1699212,1428,0.0845
"SARS-CoV2-5UTR-Amplicon-short-trimmed+3",224,"c",1699211,835,0.049
"SARS-CoV2-5UTR-Amplicon-short-trimmed+3",225,"c",1699211,755,0.0448
"SARS-CoV2-5UTR-Amplicon-short-trimmed+3",226,"t",1699210,957,0.0562
"SARS-CoV2-5UTR-Amplicon-short-trimmed+3",227,"t",1699210,8406,0.5016
"SARS-CoV2-5UTR-Amplicon-short-trimmed+3",228,"g",1699209,817,0.0485
"SARS-CoV2-5UTR-Amplicon-short-trimmed+3",229,"t",1699208,2516,0.1483
"SARS-CoV2-5UTR-Amplicon-short-trimmed+3",230,"c",1699208,2546,0.1407
"SARS-CoV2-5UTR-Amplicon-short-trimmed+3",231,"c",1699206,699,0.0413
"SARS-CoV2-5UTR-Amplicon-short-trimmed+3",232,"c",1699206,962,0.0568
"SARS-CoV2-5UTR-Amplicon-short-trimmed+3",233,"t",1699192,2923,0.1736
"SARS-CoV2-5UTR-Amplicon-short-trimmed+3",234,"g",1699190,867,0.051
"SARS-CoV2-5UTR-Amplicon-short-trimmed+3",235,"g",1699189,776,0.0458
"SARS-CoV2-5UTR-Amplicon-short-trimmed+3",236,"t",1699187,795,0.047
"SARS-CoV2-5UTR-Amplicon-short-trimmed+3",237,"t",1699181,1300,0.0767
"SARS-CoV2-5UTR-Amplicon-short-trimmed+3",238,"t",1699174,1373,0.0814
"SARS-CoV2-5UTR-Amplicon-short-trimmed+3",239,"c",1699149,11949,0.7022
"SARS-CoV2-5UTR-Amplicon-short-trimmed+3",240,"a",1699073,1364,0.0802
"SARS-CoV2-5UTR-Amplicon-short-trimmed+3",241,"a",1699026,945,0.0558
"SARS-CoV2-5UTR-Amplicon-short-trimmed+3",242,"c",1698988,1125,0.0668
"SARS-CoV2-5UTR-Amplicon-short-trimmed+3",243,"g",1698921,683,0.0406
"SARS-CoV2-5UTR-Amplicon-short-trimmed+3",244,"a",1698738,2118,0.1252
"SARS-CoV2-5UTR-Amplicon-short-trimmed+3",245,"g",1697839,0,0
"SARS-CoV2-5UTR-Amplicon-short-trimmed+3",246,"g",1697166,0,0
"SARS-CoV2-5UTR-Amplicon-short-trimmed+3",247,"G",1695349,1,0
"SARS-CoV2-5UTR-Amplicon-short-trimmed+3",248,"A",1694044,0,0
"SARS-CoV2-5UTR-Amplicon-short-trimmed+3",249,"G",1693687,0,0
