"Region","Position","Ref_base","Total_depth","Total_mut","Mean_mut_percentage"
"SARS-CoV2-5UTR-Amplicon-short-trimmed+3",1,"T",2245316,0,0
"SARS-CoV2-5UTR-Amplicon-short-trimmed+3",2,"T",2247000,0,0
"SARS-CoV2-5UTR-Amplicon-short-trimmed+3",3,"G",2247610,0,0
"SARS-CoV2-5UTR-Amplicon-short-trimmed+3",4,"t",2257878,0,0
"SARS-CoV2-5UTR-Amplicon-short-trimmed+3",5,"a",2258472,0,0
"SARS-CoV2-5UTR-Amplicon-short-trimmed+3",6,"g",2259026,5939,0.2633
"SARS-CoV2-5UTR-Amplicon-short-trimmed+3",7,"a",2260510,602,0.0266
"SARS-CoV2-5UTR-Amplicon-short-trimmed+3",8,"t",2260554,871,0.0385
"SARS-CoV2-5UTR-Amplicon-short-trimmed+3",9,"c",2260599,748,0.0331
"SARS-CoV2-5UTR-Amplicon-short-trimmed+3",10,"t",2260622,857,0.0379
"SARS-CoV2-5UTR-Amplicon-short-trimmed+3",11,"g",2260637,26482,1.1738
"SARS-CoV2-5UTR-Amplicon-short-trimmed+3",12,"t",2260730,957,0.0424
"SARS-CoV2-5UTR-Amplicon-short-trimmed+3",13,"t",2260743,944,0.0418
"SARS-CoV2-5UTR-Amplicon-short-trimmed+3",14,"c",2260760,589,0.0261
"SARS-CoV2-5UTR-Amplicon-short-trimmed+3",15,"t",2260769,1068,0.0471
"SARS-CoV2-5UTR-Amplicon-short-trimmed+3",16,"c",2260781,1317,0.0582
"SARS-CoV2-5UTR-Amplicon-short-trimmed+3",17,"t",2260797,658,0.0291
"SARS-CoV2-5UTR-Amplicon-short-trimmed+3",18,"a",2260800,1128,0.0499
"SARS-CoV2-5UTR-Amplicon-short-trimmed+3",19,"a",2260809,1188,0.0526
"SARS-CoV2-5UTR-Amplicon-short-trimmed+3",20,"a",2260902,904,0.0401
"SARS-CoV2-5UTR-Amplicon-short-trimmed+3",21,"c",2260914,969,0.043
"SARS-CoV2-5UTR-Amplicon-short-trimmed+3",22,"g",2260937,10723,0.4758
"SARS-CoV2-5UTR-Amplicon-short-trimmed+3",23,"a",2260947,1039,0.046
"SARS-CoV2-5UTR-Amplicon-short-trimmed+3",24,"a",2260947,744,0.033
"SARS-CoV2-5UTR-Amplicon-short-trimmed+3",25,"c",2260948,23795,1.0518
"SARS-CoV2-5UTR-Amplicon-short-trimmed+3",26,"t",2260954,2193,0.097
"SARS-CoV2-5UTR-Amplicon-short-trimmed+3",27,"t",2260960,2051,0.0907
"SARS-CoV2-5UTR-Amplicon-short-trimmed+3",28,"t",2260970,4843,0.2143
"SARS-CoV2-5UTR-Amplicon-short-trimmed+3",29,"a",2260970,1956,0.0865
"SARS-CoV2-5UTR-Amplicon-short-trimmed+3",30,"a",2260971,933,0.0412
"SARS-CoV2-5UTR-Amplicon-short-trimmed+3",31,"a",2260949,1049,0.0465
"SARS-CoV2-5UTR-Amplicon-short-trimmed+3",32,"a",2260949,809,0.0358
"SARS-CoV2-5UTR-Amplicon-short-trimmed+3",33,"t",2260952,5193,0.2296
"SARS-CoV2-5UTR-Amplicon-short-trimmed+3",34,"c",2260952,891,0.0394
"SARS-CoV2-5UTR-Amplicon-short-trimmed+3",35,"t",2260951,3081,0.1362
"SARS-CoV2-5UTR-Amplicon-short-trimmed+3",36,"g",2260950,15890,0.7046
"SARS-CoV2-5UTR-Amplicon-short-trimmed+3",37,"t",2260958,956,0.0423
"SARS-CoV2-5UTR-Amplicon-short-trimmed+3",38,"g",2260958,8154,0.3615
"SARS-CoV2-5UTR-Amplicon-short-trimmed+3",39,"t",2260956,743,0.0329
"SARS-CoV2-5UTR-Amplicon-short-trimmed+3",40,"g",2260956,7636,0.3388
"SARS-CoV2-5UTR-Amplicon-short-trimmed+3",41,"g",2260956,6892,0.3056
"SARS-CoV2-5UTR-Amplicon-short-trimmed+3",42,"c",2260954,697,0.0309
"SARS-CoV2-5UTR-Amplicon-short-trimmed+3",43,"t",2260952,2300,0.1017
"SARS-CoV2-5UTR-Amplicon-short-trimmed+3",44,"g",2260952,5504,0.2438
"SARS-CoV2-5UTR-Amplicon-short-trimmed+3",45,"t",2260952,1616,0.0714
"SARS-CoV2-5UTR-Amplicon-short-trimmed+3",46,"c",2260951,458,0.0203
"SARS-CoV2-5UTR-Amplicon-short-trimmed+3",47,"a",2260941,1213,0.0537
"SARS-CoV2-5UTR-Amplicon-short-trimmed+3",48,"c",2260941,544,0.0241
"SARS-CoV2-5UTR-Amplicon-short-trimmed+3",49,"t",2260941,1040,0.0461
"SARS-CoV2-5UTR-Amplicon-short-trimmed+3",50,"c",2260938,1444,0.064
"SARS-CoV2-5UTR-Amplicon-short-trimmed+3",51,"g",2260938,11690,0.5182
"SARS-CoV2-5UTR-Amplicon-short-trimmed+3",52,"g",2260938,5742,0.2545
"SARS-CoV2-5UTR-Amplicon-short-trimmed+3",53,"c",2260938,2776,0.1227
"SARS-CoV2-5UTR-Amplicon-short-trimmed+3",54,"t",2260938,2419,0.1073
"SARS-CoV2-5UTR-Amplicon-short-trimmed+3",55,"g",2260938,11879,0.5264
"SARS-CoV2-5UTR-Amplicon-short-trimmed+3",56,"c",2260940,967,0.0428
"SARS-CoV2-5UTR-Amplicon-short-trimmed+3",57,"g",2260940,4529,0.2004
"SARS-CoV2-5UTR-Amplicon-short-trimmed+3",58,"t",2260941,1112,0.0493
"SARS-CoV2-5UTR-Amplicon-short-trimmed+3",59,"g",2260940,3796,0.1681
"SARS-CoV2-5UTR-Amplicon-short-trimmed+3",60,"c",2260940,1188,0.0526
"SARS-CoV2-5UTR-Amplicon-short-trimmed+3",61,"t",2260947,3237,0.1434
"SARS-CoV2-5UTR-Amplicon-short-trimmed+3",62,"t",2260947,5410,0.2398
"SARS-CoV2-5UTR-Amplicon-short-trimmed+3",63,"a",2260944,7233,0.3205
"SARS-CoV2-5UTR-Amplicon-short-trimmed+3",64,"g",2260943,9882,0.4378
"SARS-CoV2-5UTR-Amplicon-short-trimmed+3",65,"t",2260943,1433,0.0635
"SARS-CoV2-5UTR-Amplicon-short-trimmed+3",66,"g",2260943,12270,0.544
"SARS-CoV2-5UTR-Amplicon-short-trimmed+3",67,"c",2260942,1499,0.0662
"SARS-CoV2-5UTR-Amplicon-short-trimmed+3",68,"a",2260942,1360,0.0603
"SARS-CoV2-5UTR-Amplicon-short-trimmed+3",69,"c",2260890,811,0.0358
"SARS-CoV2-5UTR-Amplicon-short-trimmed+3",70,"t",2260890,1072,0.0475
"SARS-CoV2-5UTR-Amplicon-short-trimmed+3",71,"c",2260890,1070,0.0472
"SARS-CoV2-5UTR-Amplicon-short-trimmed+3",72,"a",2260888,1356,0.0599
"SARS-CoV2-5UTR-Amplicon-short-trimmed+3",73,"c",2260889,801,0.0355
"SARS-CoV2-5UTR-Amplicon-short-trimmed+3",74,"g",2260890,6059,0.2684
"SARS-CoV2-5UTR-Amplicon-short-trimmed+3",75,"c",2260920,3035,0.1344
"SARS-CoV2-5UTR-Amplicon-short-trimmed+3",76,"a",2260918,2033,0.0901
"SARS-CoV2-5UTR-Amplicon-short-trimmed+3",77,"g",2260918,3553,0.1574
"SARS-CoV2-5UTR-Amplicon-short-trimmed+3",78,"t",2260916,1472,0.0652
"SARS-CoV2-5UTR-Amplicon-short-trimmed+3",79,"a",2260888,1673,0.074
"SARS-CoV2-5UTR-Amplicon-short-trimmed+3",80,"t",2260902,656,0.029
"SARS-CoV2-5UTR-Amplicon-short-trimmed+3",81,"a",2260894,982,0.0435
"SARS-CoV2-5UTR-Amplicon-short-trimmed+3",82,"a",2260896,2023,0.0895
"SARS-CoV2-5UTR-Amplicon-short-trimmed+3",83,"t",2260904,928,0.041
"SARS-CoV2-5UTR-Amplicon-short-trimmed+3",84,"t",2260931,2186,0.0967
"SARS-CoV2-5UTR-Amplicon-short-trimmed+3",85,"a",2260903,1530,0.0677
"SARS-CoV2-5UTR-Amplicon-short-trimmed+3",86,"a",2260900,1110,0.0491
"SARS-CoV2-5UTR-Amplicon-short-trimmed+3",87,"t",2260899,983,0.0435
"SARS-CoV2-5UTR-Amplicon-short-trimmed+3",88,"a",2260899,1171,0.0517
"SARS-CoV2-5UTR-Amplicon-short-trimmed+3",89,"a",2260902,6327,0.2798
"SARS-CoV2-5UTR-Amplicon-short-trimmed+3",90,"c",2260905,1077,0.0476
"SARS-CoV2-5UTR-Amplicon-short-trimmed+3",91,"t",2260931,1277,0.0565
"SARS-CoV2-5UTR-Amplicon-short-trimmed+3",92,"a",2260929,1036,0.0458
"SARS-CoV2-5UTR-Amplicon-short-trimmed+3",93,"a",2260927,1185,0.0524
"SARS-CoV2-5UTR-Amplicon-short-trimmed+3",94,"t",2260902,1085,0.0479
"SARS-CoV2-5UTR-Amplicon-short-trimmed+3",95,"t",2260917,1835,0.0812
"SARS-CoV2-5UTR-Amplicon-short-trimmed+3",96,"a",2260917,1094,0.0484
"SARS-CoV2-5UTR-Amplicon-short-trimmed+3",97,"c",2260916,519,0.0229
"SARS-CoV2-5UTR-Amplicon-short-trimmed+3",98,"t",2260913,1452,0.0645
"SARS-CoV2-5UTR-Amplicon-short-trimmed+3",99,"g",2260909,6614,0.2935
"SARS-CoV2-5UTR-Amplicon-short-trimmed+3",100,"t",2260904,1582,0.0701
"SARS-CoV2-5UTR-Amplicon-short-trimmed+3",101,"c",2260904,1643,0.0729
"SARS-CoV2-5UTR-Amplicon-short-trimmed+3",102,"g",2260945,26870,1.1915
"SARS-CoV2-5UTR-Amplicon-short-trimmed+3",103,"t",2260961,1325,0.0587
"SARS-CoV2-5UTR-Amplicon-short-trimmed+3",104,"t",2260971,2118,0.0936
"SARS-CoV2-5UTR-Amplicon-short-trimmed+3",105,"g",2260996,1490,0.0662
"SARS-CoV2-5UTR-Amplicon-short-trimmed+3",106,"a",2261034,1598,0.0706
"SARS-CoV2-5UTR-Amplicon-short-trimmed+3",107,"c",2261083,1465,0.0647
"SARS-CoV2-5UTR-Amplicon-short-trimmed+3",108,"a",2261144,2612,0.1156
"SARS-CoV2-5UTR-Amplicon-short-trimmed+3",109,"g",2261352,8405,0.3728
"SARS-CoV2-5UTR-Amplicon-short-trimmed+3",110,"g",2261712,2498,0.1104
"SARS-CoV2-5UTR-Amplicon-short-trimmed+3",111,"a",2262732,1375,0.0608
"SARS-CoV2-5UTR-Amplicon-short-trimmed+3",112,"c",2263984,1150,0.0507
"SARS-CoV2-5UTR-Amplicon-short-trimmed+3",113,"a",2267077,3066,0.1353
"SARS-CoV2-5UTR-Amplicon-short-trimmed+3",114,"c",2277068,1398,0.0615
"SARS-CoV2-5UTR-Amplicon-short-trimmed+3",115,"g",2309750,6938,0.301
"SARS-CoV2-5UTR-Amplicon-short-trimmed+3",116,"a",2453099,2553,0.1042
"SARS-CoV2-5UTR-Amplicon-short-trimmed+3",117,"g",3999991,23517,0.588
"SARS-CoV2-5UTR-Amplicon-short-trimmed+3",118,"t",3999975,6271,0.1568
"SARS-CoV2-5UTR-Amplicon-short-trimmed+3",119,"a",3999990,8040,0.201
"SARS-CoV2-5UTR-Amplicon-short-trimmed+3",120,"a",3999969,5658,0.1415
"SARS-CoV2-5UTR-Amplicon-short-trimmed+3",121,"c",3999982,4405,0.1101
"SARS-CoV2-5UTR-Amplicon-short-trimmed+3",122,"t",3999941,10078,0.252
"SARS-CoV2-5UTR-Amplicon-short-trimmed+3",123,"c",3999963,7912,0.1978
"SARS-CoV2-5UTR-Amplicon-short-trimmed+3",124,"g",3999824,27515,0.6879
"SARS-CoV2-5UTR-Amplicon-short-trimmed+3",125,"t",3999836,8217,0.2054
"SARS-CoV2-5UTR-Amplicon-short-trimmed+3",126,"c",3999706,3906,0.0976
"SARS-CoV2-5UTR-Amplicon-short-trimmed+3",127,"t",3999454,2356,0.059
"SARS-CoV2-5UTR-Amplicon-short-trimmed+3",128,"a",3998421,6417,0.1605
"SARS-CoV2-5UTR-Amplicon-short-trimmed+3",129,"t",3996608,12773,0.3196
"SARS-CoV2-5UTR-Amplicon-short-trimmed+3",130,"c",3996737,1673,0.0418
"SARS-CoV2-5UTR-Amplicon-short-trimmed+3",131,"t",3996539,3919,0.098
"SARS-CoV2-5UTR-Amplicon-short-trimmed+3",132,"t",3978645,3803,0.0956
"SARS-CoV2-5UTR-Amplicon-short-trimmed+3",133,"c",1987501,2948,0.1483
"SARS-CoV2-5UTR-Amplicon-short-trimmed+3",134,"t",1789074,3113,0.1738
"SARS-CoV2-5UTR-Amplicon-short-trimmed+3",135,"g",1757112,15205,0.8632
"SARS-CoV2-5UTR-Amplicon-short-trimmed+3",136,"c",1746256,7651,0.438
"SARS-CoV2-5UTR-Amplicon-short-trimmed+3",137,"a",1744662,2537,0.1451
"SARS-CoV2-5UTR-Amplicon-short-trimmed+3",138,"g",1743287,1539,0.0882
"SARS-CoV2-5UTR-Amplicon-short-trimmed+3",139,"g",1742524,2186,0.1254
"SARS-CoV2-5UTR-Amplicon-short-trimmed+3",140,"c",1741987,2554,0.1464
"SARS-CoV2-5UTR-Amplicon-short-trimmed+3",141,"t",1741772,5104,0.2928
"SARS-CoV2-5UTR-Amplicon-short-trimmed+3",142,"g",1741649,3817,0.2188
"SARS-CoV2-5UTR-Amplicon-short-trimmed+3",143,"c",1741589,8515,0.489
"SARS-CoV2-5UTR-Amplicon-short-trimmed+3",144,"t",1741508,1201,0.0688
"SARS-CoV2-5UTR-Amplicon-short-trimmed+3",145,"t",1741473,3310,0.1899
"SARS-CoV2-5UTR-Amplicon-short-trimmed+3",146,"a",1741386,2822,0.1616
"SARS-CoV2-5UTR-Amplicon-short-trimmed+3",147,"c",1741376,2018,0.1158
"SARS-CoV2-5UTR-Amplicon-short-trimmed+3",148,"g",1741364,1432,0.0819
"SARS-CoV2-5UTR-Amplicon-short-trimmed+3",149,"g",1741317,1906,0.1094
"SARS-CoV2-5UTR-Amplicon-short-trimmed+3",150,"t",1741319,1811,0.1041
"SARS-CoV2-5UTR-Amplicon-short-trimmed+3",151,"t",1741314,1822,0.1043
"SARS-CoV2-5UTR-Amplicon-short-trimmed+3",152,"t",1741311,5256,0.3016
"SARS-CoV2-5UTR-Amplicon-short-trimmed+3",153,"c",1741295,4140,0.2374
"SARS-CoV2-5UTR-Amplicon-short-trimmed+3",154,"g",1741296,6314,0.362
"SARS-CoV2-5UTR-Amplicon-short-trimmed+3",155,"t",1741325,3568,0.2047
"SARS-CoV2-5UTR-Amplicon-short-trimmed+3",156,"c",1741327,2137,0.1226
"SARS-CoV2-5UTR-Amplicon-short-trimmed+3",157,"c",1741329,3431,0.197
"SARS-CoV2-5UTR-Amplicon-short-trimmed+3",158,"g",1741327,1718,0.0984
"SARS-CoV2-5UTR-Amplicon-short-trimmed+3",159,"t",1741327,13194,0.7571
"SARS-CoV2-5UTR-Amplicon-short-trimmed+3",160,"g",1741332,4931,0.2825
"SARS-CoV2-5UTR-Amplicon-short-trimmed+3",161,"t",1741338,1820,0.1043
"SARS-CoV2-5UTR-Amplicon-short-trimmed+3",162,"t",1741340,3832,0.2179
"SARS-CoV2-5UTR-Amplicon-short-trimmed+3",163,"g",1741314,1156,0.0663
"SARS-CoV2-5UTR-Amplicon-short-trimmed+3",164,"c",1741310,3181,0.1824
"SARS-CoV2-5UTR-Amplicon-short-trimmed+3",165,"a",1741329,2491,0.1428
"SARS-CoV2-5UTR-Amplicon-short-trimmed+3",166,"g",1741560,2943,0.169
"SARS-CoV2-5UTR-Amplicon-short-trimmed+3",167,"c",1741563,3026,0.1736
"SARS-CoV2-5UTR-Amplicon-short-trimmed+3",168,"c",1741565,12398,0.7118
"SARS-CoV2-5UTR-Amplicon-short-trimmed+3",169,"g",1741565,2820,0.1616
"SARS-CoV2-5UTR-Amplicon-short-trimmed+3",170,"a",1741614,1876,0.1074
"SARS-CoV2-5UTR-Amplicon-short-trimmed+3",171,"t",1741617,1977,0.1133
"SARS-CoV2-5UTR-Amplicon-short-trimmed+3",172,"c",1741619,1536,0.0879
"SARS-CoV2-5UTR-Amplicon-short-trimmed+3",173,"a",1741616,1737,0.0996
"SARS-CoV2-5UTR-Amplicon-short-trimmed+3",174,"t",1741616,1490,0.0854
"SARS-CoV2-5UTR-Amplicon-short-trimmed+3",175,"c",1741617,2237,0.1283
"SARS-CoV2-5UTR-Amplicon-short-trimmed+3",176,"a",1741617,3156,0.181
"SARS-CoV2-5UTR-Amplicon-short-trimmed+3",177,"g",1741618,12462,0.7136
"SARS-CoV2-5UTR-Amplicon-short-trimmed+3",178,"c",1741626,12969,0.7446
"SARS-CoV2-5UTR-Amplicon-short-trimmed+3",179,"a",1741628,2365,0.1356
"SARS-CoV2-5UTR-Amplicon-short-trimmed+3",180,"c",1741628,1771,0.1016
"SARS-CoV2-5UTR-Amplicon-short-trimmed+3",181,"a",1741628,1315,0.0754
"SARS-CoV2-5UTR-Amplicon-short-trimmed+3",182,"t",1741628,1385,0.0794
"SARS-CoV2-5UTR-Amplicon-short-trimmed+3",183,"c",1741628,774,0.0444
"SARS-CoV2-5UTR-Amplicon-short-trimmed+3",184,"t",1741628,2461,0.1412
"SARS-CoV2-5UTR-Amplicon-short-trimmed+3",185,"a",1741628,6171,0.3538
"SARS-CoV2-5UTR-Amplicon-short-trimmed+3",186,"g",1741629,8776,0.5026
"SARS-CoV2-5UTR-Amplicon-short-trimmed+3",187,"g",1741632,10962,0.6277
"SARS-CoV2-5UTR-Amplicon-short-trimmed+3",188,"t",1741634,1375,0.0788
"SARS-CoV2-5UTR-Amplicon-short-trimmed+3",189,"t",1741628,2831,0.1625
"SARS-CoV2-5UTR-Amplicon-short-trimmed+3",190,"t",1741627,4731,0.2716
"SARS-CoV2-5UTR-Amplicon-short-trimmed+3",191,"c",1741627,4154,0.2383
"SARS-CoV2-5UTR-Amplicon-short-trimmed+3",192,"g",1741627,8844,0.5068
"SARS-CoV2-5UTR-Amplicon-short-trimmed+3",193,"t",1741629,11263,0.6461
"SARS-CoV2-5UTR-Amplicon-short-trimmed+3",194,"c",1741627,1582,0.0907
"SARS-CoV2-5UTR-Amplicon-short-trimmed+3",195,"c",1741628,2581,0.1481
"SARS-CoV2-5UTR-Amplicon-short-trimmed+3",196,"g",1741600,7137,0.4087
"SARS-CoV2-5UTR-Amplicon-short-trimmed+3",197,"g",1741599,6765,0.3873
"SARS-CoV2-5UTR-Amplicon-short-trimmed+3",198,"g",1741598,14591,0.8361
"SARS-CoV2-5UTR-Amplicon-short-trimmed+3",199,"t",1741598,3665,0.2102
"SARS-CoV2-5UTR-Amplicon-short-trimmed+3",200,"g",1741598,7967,0.4544
"SARS-CoV2-5UTR-Amplicon-short-trimmed+3",201,"t",1741598,2211,0.1268
"SARS-CoV2-5UTR-Amplicon-short-trimmed+3",202,"g",1741598,5486,0.3144
"SARS-CoV2-5UTR-Amplicon-short-trimmed+3",203,"a",1741598,3401,0.1951
"SARS-CoV2-5UTR-Amplicon-short-trimmed+3",204,"c",1741598,1233,0.0708
"SARS-CoV2-5UTR-Amplicon-short-trimmed+3",205,"c",1741598,867,0.0498
"SARS-CoV2-5UTR-Amplicon-short-trimmed+3",206,"g",1741598,12061,0.6901
"SARS-CoV2-5UTR-Amplicon-short-trimmed+3",207,"a",1741593,2164,0.1243
"SARS-CoV2-5UTR-Amplicon-short-trimmed+3",208,"a",1741592,1247,0.0714
"SARS-CoV2-5UTR-Amplicon-short-trimmed+3",209,"a",1741592,2454,0.1408
"SARS-CoV2-5UTR-Amplicon-short-trimmed+3",210,"g",1741597,8290,0.475
"SARS-CoV2-5UTR-Amplicon-short-trimmed+3",211,"g",1741596,9327,0.5345
"SARS-CoV2-5UTR-Amplicon-short-trimmed+3",212,"t",1741612,1419,0.0814
"SARS-CoV2-5UTR-Amplicon-short-trimmed+3",213,"a",1741585,1426,0.0819
"SARS-CoV2-5UTR-Amplicon-short-trimmed+3",214,"a",1741584,1957,0.1123
"SARS-CoV2-5UTR-Amplicon-short-trimmed+3",215,"g",1741583,2559,0.1469
"SARS-CoV2-5UTR-Amplicon-short-trimmed+3",216,"a",1741820,922,0.0528
"SARS-CoV2-5UTR-Amplicon-short-trimmed+3",217,"t",1741812,2049,0.1174
"SARS-CoV2-5UTR-Amplicon-short-trimmed+3",218,"g",1741812,6218,0.3566
"SARS-CoV2-5UTR-Amplicon-short-trimmed+3",219,"g",1741796,3276,0.1879
"SARS-CoV2-5UTR-Amplicon-short-trimmed+3",220,"a",1741793,4149,0.2381
"SARS-CoV2-5UTR-Amplicon-short-trimmed+3",221,"g",1741790,5332,0.3058
"SARS-CoV2-5UTR-Amplicon-short-trimmed+3",222,"a",1741548,1565,0.0898
"SARS-CoV2-5UTR-Amplicon-short-trimmed+3",223,"g",1741543,6279,0.3594
"SARS-CoV2-5UTR-Amplicon-short-trimmed+3",224,"c",1741538,892,0.0512
"SARS-CoV2-5UTR-Amplicon-short-trimmed+3",225,"c",1741537,853,0.049
"SARS-CoV2-5UTR-Amplicon-short-trimmed+3",226,"t",1741533,2113,0.1212
"SARS-CoV2-5UTR-Amplicon-short-trimmed+3",227,"t",1741530,11279,0.6474
"SARS-CoV2-5UTR-Amplicon-short-trimmed+3",228,"g",1741515,6763,0.388
"SARS-CoV2-5UTR-Amplicon-short-trimmed+3",229,"t",1741503,2708,0.1554
"SARS-CoV2-5UTR-Amplicon-short-trimmed+3",230,"c",1741502,2392,0.1345
"SARS-CoV2-5UTR-Amplicon-short-trimmed+3",231,"c",1741502,694,0.0399
"SARS-CoV2-5UTR-Amplicon-short-trimmed+3",232,"c",1741499,1059,0.0608
"SARS-CoV2-5UTR-Amplicon-short-trimmed+3",233,"t",1741001,3568,0.2047
"SARS-CoV2-5UTR-Amplicon-short-trimmed+3",234,"g",1740983,8848,0.507
"SARS-CoV2-5UTR-Amplicon-short-trimmed+3",235,"g",1740976,10233,0.5861
"SARS-CoV2-5UTR-Amplicon-short-trimmed+3",236,"t",1740970,835,0.0479
"SARS-CoV2-5UTR-Amplicon-short-trimmed+3",237,"t",1740963,1305,0.0748
"SARS-CoV2-5UTR-Amplicon-short-trimmed+3",238,"t",1740951,1328,0.0761
"SARS-CoV2-5UTR-Amplicon-short-trimmed+3",239,"c",1740903,12255,0.7036
"SARS-CoV2-5UTR-Amplicon-short-trimmed+3",240,"a",1740841,1291,0.0741
"SARS-CoV2-5UTR-Amplicon-short-trimmed+3",241,"a",1740781,971,0.0558
"SARS-CoV2-5UTR-Amplicon-short-trimmed+3",242,"c",1740588,1192,0.0685
"SARS-CoV2-5UTR-Amplicon-short-trimmed+3",243,"g",1740131,3487,0.1999
"SARS-CoV2-5UTR-Amplicon-short-trimmed+3",244,"a",1739811,2121,0.1218
"SARS-CoV2-5UTR-Amplicon-short-trimmed+3",245,"g",1737754,0,0
"SARS-CoV2-5UTR-Amplicon-short-trimmed+3",246,"g",1733126,0,0
"SARS-CoV2-5UTR-Amplicon-short-trimmed+3",247,"G",1726732,0,0
"SARS-CoV2-5UTR-Amplicon-short-trimmed+3",248,"A",1725319,0,0
"SARS-CoV2-5UTR-Amplicon-short-trimmed+3",249,"G",1724367,0,0
