"Region","Position","Ref_base","Total_depth","Total_mut","Mean_mut_percentage"
"SARS-CoV2-5UTR-Amplicon-short-trimmed+3",1,"T",2255224,0,0
"SARS-CoV2-5UTR-Amplicon-short-trimmed+3",2,"T",2256323,0,0
"SARS-CoV2-5UTR-Amplicon-short-trimmed+3",3,"G",2256765,1,0
"SARS-CoV2-5UTR-Amplicon-short-trimmed+3",4,"t",2258282,0,0
"SARS-CoV2-5UTR-Amplicon-short-trimmed+3",5,"a",2258723,0,0
"SARS-CoV2-5UTR-Amplicon-short-trimmed+3",6,"g",2259268,1117,0.0498
"SARS-CoV2-5UTR-Amplicon-short-trimmed+3",7,"a",2259371,549,0.0243
"SARS-CoV2-5UTR-Amplicon-short-trimmed+3",8,"t",2259399,552,0.0245
"SARS-CoV2-5UTR-Amplicon-short-trimmed+3",9,"c",2259418,582,0.0255
"SARS-CoV2-5UTR-Amplicon-short-trimmed+3",10,"t",2259437,553,0.0246
"SARS-CoV2-5UTR-Amplicon-short-trimmed+3",11,"g",2259452,3404,0.1539
"SARS-CoV2-5UTR-Amplicon-short-trimmed+3",12,"t",2259471,594,0.0263
"SARS-CoV2-5UTR-Amplicon-short-trimmed+3",13,"t",2259494,606,0.0271
"SARS-CoV2-5UTR-Amplicon-short-trimmed+3",14,"c",2259502,467,0.021
"SARS-CoV2-5UTR-Amplicon-short-trimmed+3",15,"t",2259511,724,0.032
"SARS-CoV2-5UTR-Amplicon-short-trimmed+3",16,"c",2259526,925,0.0422
"SARS-CoV2-5UTR-Amplicon-short-trimmed+3",17,"t",2259533,482,0.0214
"SARS-CoV2-5UTR-Amplicon-short-trimmed+3",18,"a",2259538,947,0.042
"SARS-CoV2-5UTR-Amplicon-short-trimmed+3",19,"a",2259542,848,0.0376
"SARS-CoV2-5UTR-Amplicon-short-trimmed+3",20,"a",2259642,637,0.0282
"SARS-CoV2-5UTR-Amplicon-short-trimmed+3",21,"c",2259647,319,0.014
"SARS-CoV2-5UTR-Amplicon-short-trimmed+3",22,"g",2259661,551,0.0246
"SARS-CoV2-5UTR-Amplicon-short-trimmed+3",23,"a",2259663,837,0.0373
"SARS-CoV2-5UTR-Amplicon-short-trimmed+3",24,"a",2259663,611,0.0273
"SARS-CoV2-5UTR-Amplicon-short-trimmed+3",25,"c",2259664,17181,0.7671
"SARS-CoV2-5UTR-Amplicon-short-trimmed+3",26,"t",2259664,1657,0.074
"SARS-CoV2-5UTR-Amplicon-short-trimmed+3",27,"t",2259670,1549,0.07
"SARS-CoV2-5UTR-Amplicon-short-trimmed+3",28,"t",2259685,5065,0.225
"SARS-CoV2-5UTR-Amplicon-short-trimmed+3",29,"a",2259688,1794,0.0792
"SARS-CoV2-5UTR-Amplicon-short-trimmed+3",30,"a",2259688,824,0.0366
"SARS-CoV2-5UTR-Amplicon-short-trimmed+3",31,"a",2259640,845,0.0375
"SARS-CoV2-5UTR-Amplicon-short-trimmed+3",32,"a",2259652,714,0.0317
"SARS-CoV2-5UTR-Amplicon-short-trimmed+3",33,"t",2259652,4859,0.2152
"SARS-CoV2-5UTR-Amplicon-short-trimmed+3",34,"c",2259652,763,0.0336
"SARS-CoV2-5UTR-Amplicon-short-trimmed+3",35,"t",2259653,668,0.0297
"SARS-CoV2-5UTR-Amplicon-short-trimmed+3",36,"g",2259655,1018,0.0454
"SARS-CoV2-5UTR-Amplicon-short-trimmed+3",37,"t",2259643,684,0.0305
"SARS-CoV2-5UTR-Amplicon-short-trimmed+3",38,"g",2259643,512,0.0226
"SARS-CoV2-5UTR-Amplicon-short-trimmed+3",39,"t",2259642,526,0.0234
"SARS-CoV2-5UTR-Amplicon-short-trimmed+3",40,"g",2259642,761,0.0338
"SARS-CoV2-5UTR-Amplicon-short-trimmed+3",41,"g",2259641,992,0.044
"SARS-CoV2-5UTR-Amplicon-short-trimmed+3",42,"c",2259639,513,0.0227
"SARS-CoV2-5UTR-Amplicon-short-trimmed+3",43,"t",2259637,1593,0.0711
"SARS-CoV2-5UTR-Amplicon-short-trimmed+3",44,"g",2259637,1205,0.0537
"SARS-CoV2-5UTR-Amplicon-short-trimmed+3",45,"t",2259634,1340,0.0595
"SARS-CoV2-5UTR-Amplicon-short-trimmed+3",46,"c",2259633,409,0.0182
"SARS-CoV2-5UTR-Amplicon-short-trimmed+3",47,"a",2259620,1046,0.0465
"SARS-CoV2-5UTR-Amplicon-short-trimmed+3",48,"c",2259620,470,0.021
"SARS-CoV2-5UTR-Amplicon-short-trimmed+3",49,"t",2259619,470,0.021
"SARS-CoV2-5UTR-Amplicon-short-trimmed+3",50,"c",2259614,495,0.0219
"SARS-CoV2-5UTR-Amplicon-short-trimmed+3",51,"g",2259614,945,0.0422
"SARS-CoV2-5UTR-Amplicon-short-trimmed+3",52,"g",2259614,2230,0.0988
"SARS-CoV2-5UTR-Amplicon-short-trimmed+3",53,"c",2259614,1803,0.0813
"SARS-CoV2-5UTR-Amplicon-short-trimmed+3",54,"t",2259613,1219,0.0549
"SARS-CoV2-5UTR-Amplicon-short-trimmed+3",55,"g",2259612,2203,0.0988
"SARS-CoV2-5UTR-Amplicon-short-trimmed+3",56,"c",2259612,788,0.035
"SARS-CoV2-5UTR-Amplicon-short-trimmed+3",57,"g",2259611,2102,0.0944
"SARS-CoV2-5UTR-Amplicon-short-trimmed+3",58,"t",2259611,731,0.0325
"SARS-CoV2-5UTR-Amplicon-short-trimmed+3",59,"g",2259611,1493,0.0668
"SARS-CoV2-5UTR-Amplicon-short-trimmed+3",60,"c",2259611,723,0.0317
"SARS-CoV2-5UTR-Amplicon-short-trimmed+3",61,"t",2259611,912,0.0402
"SARS-CoV2-5UTR-Amplicon-short-trimmed+3",62,"t",2259610,991,0.0442
"SARS-CoV2-5UTR-Amplicon-short-trimmed+3",63,"a",2259608,1134,0.0497
"SARS-CoV2-5UTR-Amplicon-short-trimmed+3",64,"g",2259608,741,0.0327
"SARS-CoV2-5UTR-Amplicon-short-trimmed+3",65,"t",2259608,967,0.043
"SARS-CoV2-5UTR-Amplicon-short-trimmed+3",66,"g",2259608,1690,0.0748
"SARS-CoV2-5UTR-Amplicon-short-trimmed+3",67,"c",2259608,1474,0.0648
"SARS-CoV2-5UTR-Amplicon-short-trimmed+3",68,"a",2259608,1213,0.0541
"SARS-CoV2-5UTR-Amplicon-short-trimmed+3",69,"c",2259608,689,0.0307
"SARS-CoV2-5UTR-Amplicon-short-trimmed+3",70,"t",2259606,775,0.0344
"SARS-CoV2-5UTR-Amplicon-short-trimmed+3",71,"c",2259605,949,0.0426
"SARS-CoV2-5UTR-Amplicon-short-trimmed+3",72,"a",2259605,1136,0.0506
"SARS-CoV2-5UTR-Amplicon-short-trimmed+3",73,"c",2259604,592,0.026
"SARS-CoV2-5UTR-Amplicon-short-trimmed+3",74,"g",2259604,1102,0.049
"SARS-CoV2-5UTR-Amplicon-short-trimmed+3",75,"c",2259604,2994,0.132
"SARS-CoV2-5UTR-Amplicon-short-trimmed+3",76,"a",2259604,1440,0.0639
"SARS-CoV2-5UTR-Amplicon-short-trimmed+3",77,"g",2259604,1197,0.053
"SARS-CoV2-5UTR-Amplicon-short-trimmed+3",78,"t",2259604,1236,0.0552
"SARS-CoV2-5UTR-Amplicon-short-trimmed+3",79,"a",2259595,1435,0.0638
"SARS-CoV2-5UTR-Amplicon-short-trimmed+3",80,"t",2259599,601,0.0266
"SARS-CoV2-5UTR-Amplicon-short-trimmed+3",81,"a",2259591,913,0.0403
"SARS-CoV2-5UTR-Amplicon-short-trimmed+3",82,"a",2259595,1790,0.0795
"SARS-CoV2-5UTR-Amplicon-short-trimmed+3",83,"t",2259601,794,0.0353
"SARS-CoV2-5UTR-Amplicon-short-trimmed+3",84,"t",2259606,1902,0.0849
"SARS-CoV2-5UTR-Amplicon-short-trimmed+3",85,"a",2259600,1398,0.0618
"SARS-CoV2-5UTR-Amplicon-short-trimmed+3",86,"a",2259600,974,0.043
"SARS-CoV2-5UTR-Amplicon-short-trimmed+3",87,"t",2259605,785,0.0348
"SARS-CoV2-5UTR-Amplicon-short-trimmed+3",88,"a",2259603,1086,0.0479
"SARS-CoV2-5UTR-Amplicon-short-trimmed+3",89,"a",2259607,6255,0.2773
"SARS-CoV2-5UTR-Amplicon-short-trimmed+3",90,"c",2259613,949,0.0418
"SARS-CoV2-5UTR-Amplicon-short-trimmed+3",91,"t",2259651,1019,0.0454
"SARS-CoV2-5UTR-Amplicon-short-trimmed+3",92,"a",2259651,908,0.0404
"SARS-CoV2-5UTR-Amplicon-short-trimmed+3",93,"a",2259658,945,0.042
"SARS-CoV2-5UTR-Amplicon-short-trimmed+3",94,"t",2259658,773,0.0345
"SARS-CoV2-5UTR-Amplicon-short-trimmed+3",95,"t",2259666,1481,0.0659
"SARS-CoV2-5UTR-Amplicon-short-trimmed+3",96,"a",2259666,853,0.0379
"SARS-CoV2-5UTR-Amplicon-short-trimmed+3",97,"c",2259669,422,0.0189
"SARS-CoV2-5UTR-Amplicon-short-trimmed+3",98,"t",2259669,830,0.0372
"SARS-CoV2-5UTR-Amplicon-short-trimmed+3",99,"g",2259674,1138,0.0508
"SARS-CoV2-5UTR-Amplicon-short-trimmed+3",100,"t",2259675,1180,0.0526
"SARS-CoV2-5UTR-Amplicon-short-trimmed+3",101,"c",2259676,556,0.0246
"SARS-CoV2-5UTR-Amplicon-short-trimmed+3",102,"g",2259719,1146,0.0509
"SARS-CoV2-5UTR-Amplicon-short-trimmed+3",103,"t",2259723,1027,0.0459
"SARS-CoV2-5UTR-Amplicon-short-trimmed+3",104,"t",2259732,1549,0.0693
"SARS-CoV2-5UTR-Amplicon-short-trimmed+3",105,"g",2259748,843,0.0378
"SARS-CoV2-5UTR-Amplicon-short-trimmed+3",106,"a",2259804,1267,0.056
"SARS-CoV2-5UTR-Amplicon-short-trimmed+3",107,"c",2259832,1239,0.0547
"SARS-CoV2-5UTR-Amplicon-short-trimmed+3",108,"a",2259889,1602,0.0711
"SARS-CoV2-5UTR-Amplicon-short-trimmed+3",109,"g",2260061,987,0.0437
"SARS-CoV2-5UTR-Amplicon-short-trimmed+3",110,"g",2260471,2188,0.0967
"SARS-CoV2-5UTR-Amplicon-short-trimmed+3",111,"a",2261452,1075,0.0482
"SARS-CoV2-5UTR-Amplicon-short-trimmed+3",112,"c",2262597,1087,0.0478
"SARS-CoV2-5UTR-Amplicon-short-trimmed+3",113,"a",2264931,2323,0.1033
"SARS-CoV2-5UTR-Amplicon-short-trimmed+3",114,"c",2270612,1308,0.0575
"SARS-CoV2-5UTR-Amplicon-short-trimmed+3",115,"g",2290318,882,0.0386
"SARS-CoV2-5UTR-Amplicon-short-trimmed+3",116,"a",2415421,1561,0.0646
"SARS-CoV2-5UTR-Amplicon-short-trimmed+3",117,"g",3995150,1899,0.0475
"SARS-CoV2-5UTR-Amplicon-short-trimmed+3",118,"t",3999949,5781,0.1446
"SARS-CoV2-5UTR-Amplicon-short-trimmed+3",119,"a",3999996,6482,0.162
"SARS-CoV2-5UTR-Amplicon-short-trimmed+3",120,"a",3999994,4422,0.1106
"SARS-CoV2-5UTR-Amplicon-short-trimmed+3",121,"c",3999989,3699,0.0925
"SARS-CoV2-5UTR-Amplicon-short-trimmed+3",122,"t",3999980,5101,0.1276
"SARS-CoV2-5UTR-Amplicon-short-trimmed+3",123,"c",3999983,3341,0.0836
"SARS-CoV2-5UTR-Amplicon-short-trimmed+3",124,"g",3999915,3159,0.079
"SARS-CoV2-5UTR-Amplicon-short-trimmed+3",125,"t",3999890,5836,0.146
"SARS-CoV2-5UTR-Amplicon-short-trimmed+3",126,"c",3999820,3267,0.0817
"SARS-CoV2-5UTR-Amplicon-short-trimmed+3",127,"t",3999614,1877,0.047
"SARS-CoV2-5UTR-Amplicon-short-trimmed+3",128,"a",3998926,5287,0.1322
"SARS-CoV2-5UTR-Amplicon-short-trimmed+3",129,"t",3997699,10688,0.2673
"SARS-CoV2-5UTR-Amplicon-short-trimmed+3",130,"c",3997756,1341,0.0335
"SARS-CoV2-5UTR-Amplicon-short-trimmed+3",131,"t",3997658,2800,0.07
"SARS-CoV2-5UTR-Amplicon-short-trimmed+3",132,"t",3980692,2836,0.0712
"SARS-CoV2-5UTR-Amplicon-short-trimmed+3",133,"c",1946356,2194,0.1135
"SARS-CoV2-5UTR-Amplicon-short-trimmed+3",134,"t",1769204,2236,0.1271
"SARS-CoV2-5UTR-Amplicon-short-trimmed+3",135,"g",1749399,1263,0.0723
"SARS-CoV2-5UTR-Amplicon-short-trimmed+3",136,"c",1744782,6726,0.3903
"SARS-CoV2-5UTR-Amplicon-short-trimmed+3",137,"a",1743914,2228,0.1274
"SARS-CoV2-5UTR-Amplicon-short-trimmed+3",138,"g",1742881,1147,0.0655
"SARS-CoV2-5UTR-Amplicon-short-trimmed+3",139,"g",1742311,1677,0.0973
"SARS-CoV2-5UTR-Amplicon-short-trimmed+3",140,"c",1741928,2011,0.1177
"SARS-CoV2-5UTR-Amplicon-short-trimmed+3",141,"t",1741771,4100,0.2374
"SARS-CoV2-5UTR-Amplicon-short-trimmed+3",142,"g",1741675,3028,0.1749
"SARS-CoV2-5UTR-Amplicon-short-trimmed+3",143,"c",1741617,8878,0.5195
"SARS-CoV2-5UTR-Amplicon-short-trimmed+3",144,"t",1741503,919,0.0528
"SARS-CoV2-5UTR-Amplicon-short-trimmed+3",145,"t",1741475,2854,0.1657
"SARS-CoV2-5UTR-Amplicon-short-trimmed+3",146,"a",1741376,4737,0.2549
"SARS-CoV2-5UTR-Amplicon-short-trimmed+3",147,"c",1741351,1800,0.104
"SARS-CoV2-5UTR-Amplicon-short-trimmed+3",148,"g",1741340,1004,0.0578
"SARS-CoV2-5UTR-Amplicon-short-trimmed+3",149,"g",1741309,1079,0.0614
"SARS-CoV2-5UTR-Amplicon-short-trimmed+3",150,"t",1741308,1473,0.0849
"SARS-CoV2-5UTR-Amplicon-short-trimmed+3",151,"t",1741305,1495,0.0862
"SARS-CoV2-5UTR-Amplicon-short-trimmed+3",152,"t",1741300,4158,0.2408
"SARS-CoV2-5UTR-Amplicon-short-trimmed+3",153,"c",1741294,2475,0.1426
"SARS-CoV2-5UTR-Amplicon-short-trimmed+3",154,"g",1741289,833,0.0484
"SARS-CoV2-5UTR-Amplicon-short-trimmed+3",155,"t",1741291,3088,0.1782
"SARS-CoV2-5UTR-Amplicon-short-trimmed+3",156,"c",1741294,2067,0.1187
"SARS-CoV2-5UTR-Amplicon-short-trimmed+3",157,"c",1741298,2657,0.1541
"SARS-CoV2-5UTR-Amplicon-short-trimmed+3",158,"g",1741292,1058,0.0612
"SARS-CoV2-5UTR-Amplicon-short-trimmed+3",159,"t",1741293,11895,0.6895
"SARS-CoV2-5UTR-Amplicon-short-trimmed+3",160,"g",1741296,857,0.0494
"SARS-CoV2-5UTR-Amplicon-short-trimmed+3",161,"t",1741300,1456,0.0842
"SARS-CoV2-5UTR-Amplicon-short-trimmed+3",162,"t",1741302,4784,0.259
"SARS-CoV2-5UTR-Amplicon-short-trimmed+3",163,"g",1741303,1061,0.0617
"SARS-CoV2-5UTR-Amplicon-short-trimmed+3",164,"c",1741306,2743,0.1587
"SARS-CoV2-5UTR-Amplicon-short-trimmed+3",165,"a",1741320,2224,0.1281
"SARS-CoV2-5UTR-Amplicon-short-trimmed+3",166,"g",1741515,2227,0.1288
"SARS-CoV2-5UTR-Amplicon-short-trimmed+3",167,"c",1741519,2806,0.1616
"SARS-CoV2-5UTR-Amplicon-short-trimmed+3",168,"c",1741519,10657,0.628
"SARS-CoV2-5UTR-Amplicon-short-trimmed+3",169,"g",1741514,1710,0.0993
"SARS-CoV2-5UTR-Amplicon-short-trimmed+3",170,"a",1741515,1548,0.0895
"SARS-CoV2-5UTR-Amplicon-short-trimmed+3",171,"t",1741518,1543,0.0887
"SARS-CoV2-5UTR-Amplicon-short-trimmed+3",172,"c",1741519,1304,0.0758
"SARS-CoV2-5UTR-Amplicon-short-trimmed+3",173,"a",1741519,1394,0.0801
"SARS-CoV2-5UTR-Amplicon-short-trimmed+3",174,"t",1741519,1245,0.0714
"SARS-CoV2-5UTR-Amplicon-short-trimmed+3",175,"c",1741519,1786,0.1042
"SARS-CoV2-5UTR-Amplicon-short-trimmed+3",176,"a",1741519,2091,0.1206
"SARS-CoV2-5UTR-Amplicon-short-trimmed+3",177,"g",1741519,1173,0.0687
"SARS-CoV2-5UTR-Amplicon-short-trimmed+3",178,"c",1741519,11286,0.6594
"SARS-CoV2-5UTR-Amplicon-short-trimmed+3",179,"a",1741519,2033,0.1173
"SARS-CoV2-5UTR-Amplicon-short-trimmed+3",180,"c",1741519,1594,0.092
"SARS-CoV2-5UTR-Amplicon-short-trimmed+3",181,"a",1741519,1161,0.0666
"SARS-CoV2-5UTR-Amplicon-short-trimmed+3",182,"t",1741519,982,0.0566
"SARS-CoV2-5UTR-Amplicon-short-trimmed+3",183,"c",1741519,626,0.0366
"SARS-CoV2-5UTR-Amplicon-short-trimmed+3",184,"t",1741520,2001,0.1172
"SARS-CoV2-5UTR-Amplicon-short-trimmed+3",185,"a",1741515,2042,0.119
"SARS-CoV2-5UTR-Amplicon-short-trimmed+3",186,"g",1741509,851,0.0494
"SARS-CoV2-5UTR-Amplicon-short-trimmed+3",187,"g",1741509,1004,0.0591
"SARS-CoV2-5UTR-Amplicon-short-trimmed+3",188,"t",1741508,4188,0.2186
"SARS-CoV2-5UTR-Amplicon-short-trimmed+3",189,"t",1741508,2326,0.1341
"SARS-CoV2-5UTR-Amplicon-short-trimmed+3",190,"t",1741507,3602,0.2096
"SARS-CoV2-5UTR-Amplicon-short-trimmed+3",191,"c",1741507,1611,0.0937
"SARS-CoV2-5UTR-Amplicon-short-trimmed+3",192,"g",1741502,637,0.0374
"SARS-CoV2-5UTR-Amplicon-short-trimmed+3",193,"t",1741501,9944,0.578
"SARS-CoV2-5UTR-Amplicon-short-trimmed+3",194,"c",1741497,1145,0.0653
"SARS-CoV2-5UTR-Amplicon-short-trimmed+3",195,"c",1741497,2067,0.1192
"SARS-CoV2-5UTR-Amplicon-short-trimmed+3",196,"g",1741462,703,0.0406
"SARS-CoV2-5UTR-Amplicon-short-trimmed+3",197,"g",1741459,762,0.0439
"SARS-CoV2-5UTR-Amplicon-short-trimmed+3",198,"g",1741446,7286,0.42
"SARS-CoV2-5UTR-Amplicon-short-trimmed+3",199,"t",1741444,2619,0.1514
"SARS-CoV2-5UTR-Amplicon-short-trimmed+3",200,"g",1741438,1971,0.1055
"SARS-CoV2-5UTR-Amplicon-short-trimmed+3",201,"t",1741437,4169,0.2238
"SARS-CoV2-5UTR-Amplicon-short-trimmed+3",202,"g",1741437,1593,0.0928
"SARS-CoV2-5UTR-Amplicon-short-trimmed+3",203,"a",1741437,3086,0.178
"SARS-CoV2-5UTR-Amplicon-short-trimmed+3",204,"c",1741437,1042,0.0598
"SARS-CoV2-5UTR-Amplicon-short-trimmed+3",205,"c",1741437,712,0.0416
"SARS-CoV2-5UTR-Amplicon-short-trimmed+3",206,"g",1741437,880,0.0505
"SARS-CoV2-5UTR-Amplicon-short-trimmed+3",207,"a",1741436,1201,0.0703
"SARS-CoV2-5UTR-Amplicon-short-trimmed+3",208,"a",1741436,727,0.0417
"SARS-CoV2-5UTR-Amplicon-short-trimmed+3",209,"a",1741435,1631,0.0948
"SARS-CoV2-5UTR-Amplicon-short-trimmed+3",210,"g",1741435,581,0.0334
"SARS-CoV2-5UTR-Amplicon-short-trimmed+3",211,"g",1741435,2416,0.1374
"SARS-CoV2-5UTR-Amplicon-short-trimmed+3",212,"t",1741435,1347,0.078
"SARS-CoV2-5UTR-Amplicon-short-trimmed+3",213,"a",1741435,891,0.0516
"SARS-CoV2-5UTR-Amplicon-short-trimmed+3",214,"a",1741427,1117,0.0645
"SARS-CoV2-5UTR-Amplicon-short-trimmed+3",215,"g",1741426,606,0.0352
"SARS-CoV2-5UTR-Amplicon-short-trimmed+3",216,"a",1741636,759,0.0436
"SARS-CoV2-5UTR-Amplicon-short-trimmed+3",217,"t",1741634,1578,0.0917
"SARS-CoV2-5UTR-Amplicon-short-trimmed+3",218,"g",1741634,677,0.0392
"SARS-CoV2-5UTR-Amplicon-short-trimmed+3",219,"g",1741624,1178,0.0692
"SARS-CoV2-5UTR-Amplicon-short-trimmed+3",220,"a",1741614,3093,0.1815
"SARS-CoV2-5UTR-Amplicon-short-trimmed+3",221,"g",1741610,2621,0.1533
"SARS-CoV2-5UTR-Amplicon-short-trimmed+3",222,"a",1741407,1229,0.071
"SARS-CoV2-5UTR-Amplicon-short-trimmed+3",223,"g",1741407,1293,0.0751
"SARS-CoV2-5UTR-Amplicon-short-trimmed+3",224,"c",1741406,715,0.0412
"SARS-CoV2-5UTR-Amplicon-short-trimmed+3",225,"c",1741406,729,0.0426
"SARS-CoV2-5UTR-Amplicon-short-trimmed+3",226,"t",1741406,825,0.047
"SARS-CoV2-5UTR-Amplicon-short-trimmed+3",227,"t",1741405,8261,0.4845
"SARS-CoV2-5UTR-Amplicon-short-trimmed+3",228,"g",1741404,812,0.0471
"SARS-CoV2-5UTR-Amplicon-short-trimmed+3",229,"t",1741404,2346,0.1357
"SARS-CoV2-5UTR-Amplicon-short-trimmed+3",230,"c",1741404,2859,0.1473
"SARS-CoV2-5UTR-Amplicon-short-trimmed+3",231,"c",1741402,558,0.0323
"SARS-CoV2-5UTR-Amplicon-short-trimmed+3",232,"c",1741401,973,0.0568
"SARS-CoV2-5UTR-Amplicon-short-trimmed+3",233,"t",1741372,2776,0.1614
"SARS-CoV2-5UTR-Amplicon-short-trimmed+3",234,"g",1741370,724,0.0417
"SARS-CoV2-5UTR-Amplicon-short-trimmed+3",235,"g",1741363,662,0.0382
"SARS-CoV2-5UTR-Amplicon-short-trimmed+3",236,"t",1741354,790,0.0455
"SARS-CoV2-5UTR-Amplicon-short-trimmed+3",237,"t",1741353,1103,0.0633
"SARS-CoV2-5UTR-Amplicon-short-trimmed+3",238,"t",1741340,1210,0.0698
"SARS-CoV2-5UTR-Amplicon-short-trimmed+3",239,"c",1741312,12679,0.7256
"SARS-CoV2-5UTR-Amplicon-short-trimmed+3",240,"a",1741233,1232,0.0711
"SARS-CoV2-5UTR-Amplicon-short-trimmed+3",241,"a",1741203,804,0.0467
"SARS-CoV2-5UTR-Amplicon-short-trimmed+3",242,"c",1741168,1059,0.061
"SARS-CoV2-5UTR-Amplicon-short-trimmed+3",243,"g",1741119,624,0.0364
"SARS-CoV2-5UTR-Amplicon-short-trimmed+3",244,"a",1740952,2016,0.117
"SARS-CoV2-5UTR-Amplicon-short-trimmed+3",245,"g",1740079,0,0
"SARS-CoV2-5UTR-Amplicon-short-trimmed+3",246,"g",1739575,0,0
"SARS-CoV2-5UTR-Amplicon-short-trimmed+3",247,"G",1737920,1,0
"SARS-CoV2-5UTR-Amplicon-short-trimmed+3",248,"A",1736737,0,0
"SARS-CoV2-5UTR-Amplicon-short-trimmed+3",249,"G",1736364,0,0
