"Region","Position","Ref_base","Total_depth","Total_mut","Mean_mut_percentage"
"SARS-CoV2-5UTR-Amplicon-short-trimmed+3",1,"T",1953785,0,0
"SARS-CoV2-5UTR-Amplicon-short-trimmed+3",2,"T",1955751,0,0
"SARS-CoV2-5UTR-Amplicon-short-trimmed+3",3,"G",1957288,0,0
"SARS-CoV2-5UTR-Amplicon-short-trimmed+3",4,"t",1960794,0,0
"SARS-CoV2-5UTR-Amplicon-short-trimmed+3",5,"a",1961833,0,0
"SARS-CoV2-5UTR-Amplicon-short-trimmed+3",6,"g",1962917,2135,0.1088
"SARS-CoV2-5UTR-Amplicon-short-trimmed+3",7,"a",1963187,1485,0.0754
"SARS-CoV2-5UTR-Amplicon-short-trimmed+3",8,"t",1963213,1801,0.0917
"SARS-CoV2-5UTR-Amplicon-short-trimmed+3",9,"c",1963253,6103,0.3112
"SARS-CoV2-5UTR-Amplicon-short-trimmed+3",10,"t",1965474,1734,0.088
"SARS-CoV2-5UTR-Amplicon-short-trimmed+3",11,"g",1965507,7372,0.374
"SARS-CoV2-5UTR-Amplicon-short-trimmed+3",12,"t",1965561,2022,0.1033
"SARS-CoV2-5UTR-Amplicon-short-trimmed+3",13,"t",1965612,2026,0.1031
"SARS-CoV2-5UTR-Amplicon-short-trimmed+3",14,"c",1965622,10647,0.5416
"SARS-CoV2-5UTR-Amplicon-short-trimmed+3",15,"t",1965645,2148,0.1089
"SARS-CoV2-5UTR-Amplicon-short-trimmed+3",16,"c",1965653,9963,0.5068
"SARS-CoV2-5UTR-Amplicon-short-trimmed+3",17,"t",1965662,1863,0.0948
"SARS-CoV2-5UTR-Amplicon-short-trimmed+3",18,"a",1965666,1442,0.0737
"SARS-CoV2-5UTR-Amplicon-short-trimmed+3",19,"a",1965675,1033,0.0527
"SARS-CoV2-5UTR-Amplicon-short-trimmed+3",20,"a",1965782,1442,0.0736
"SARS-CoV2-5UTR-Amplicon-short-trimmed+3",21,"c",1965784,9278,0.4726
"SARS-CoV2-5UTR-Amplicon-short-trimmed+3",22,"g",1965797,1717,0.0873
"SARS-CoV2-5UTR-Amplicon-short-trimmed+3",23,"a",1965798,1524,0.0774
"SARS-CoV2-5UTR-Amplicon-short-trimmed+3",24,"a",1965799,834,0.0424
"SARS-CoV2-5UTR-Amplicon-short-trimmed+3",25,"c",1965799,23321,1.1887
"SARS-CoV2-5UTR-Amplicon-short-trimmed+3",26,"t",1965799,2582,0.1311
"SARS-CoV2-5UTR-Amplicon-short-trimmed+3",27,"t",1965803,2359,0.1197
"SARS-CoV2-5UTR-Amplicon-short-trimmed+3",28,"t",1965830,6072,0.309
"SARS-CoV2-5UTR-Amplicon-short-trimmed+3",29,"a",1965831,2273,0.1158
"SARS-CoV2-5UTR-Amplicon-short-trimmed+3",30,"a",1965832,1145,0.0584
"SARS-CoV2-5UTR-Amplicon-short-trimmed+3",31,"a",1965744,1131,0.0577
"SARS-CoV2-5UTR-Amplicon-short-trimmed+3",32,"a",1965745,1356,0.069
"SARS-CoV2-5UTR-Amplicon-short-trimmed+3",33,"t",1965752,8532,0.4342
"SARS-CoV2-5UTR-Amplicon-short-trimmed+3",34,"c",1965753,8994,0.4575
"SARS-CoV2-5UTR-Amplicon-short-trimmed+3",35,"t",1965745,2704,0.1373
"SARS-CoV2-5UTR-Amplicon-short-trimmed+3",36,"g",1965728,6262,0.3186
"SARS-CoV2-5UTR-Amplicon-short-trimmed+3",37,"t",1965740,2091,0.1062
"SARS-CoV2-5UTR-Amplicon-short-trimmed+3",38,"g",1965740,3589,0.183
"SARS-CoV2-5UTR-Amplicon-short-trimmed+3",39,"t",1965740,2061,0.1051
"SARS-CoV2-5UTR-Amplicon-short-trimmed+3",40,"g",1965733,3737,0.1898
"SARS-CoV2-5UTR-Amplicon-short-trimmed+3",41,"g",1965729,2480,0.126
"SARS-CoV2-5UTR-Amplicon-short-trimmed+3",42,"c",1965729,8708,0.4426
"SARS-CoV2-5UTR-Amplicon-short-trimmed+3",43,"t",1965699,2727,0.1386
"SARS-CoV2-5UTR-Amplicon-short-trimmed+3",44,"g",1965699,3652,0.1858
"SARS-CoV2-5UTR-Amplicon-short-trimmed+3",45,"t",1965698,3382,0.1718
"SARS-CoV2-5UTR-Amplicon-short-trimmed+3",46,"c",1965698,7806,0.3965
"SARS-CoV2-5UTR-Amplicon-short-trimmed+3",47,"a",1965694,2298,0.1169
"SARS-CoV2-5UTR-Amplicon-short-trimmed+3",48,"c",1965699,9520,0.4849
"SARS-CoV2-5UTR-Amplicon-short-trimmed+3",49,"t",1965716,2192,0.1113
"SARS-CoV2-5UTR-Amplicon-short-trimmed+3",50,"c",1965716,11990,0.6103
"SARS-CoV2-5UTR-Amplicon-short-trimmed+3",51,"g",1965716,4485,0.2273
"SARS-CoV2-5UTR-Amplicon-short-trimmed+3",52,"g",1965716,3645,0.1851
"SARS-CoV2-5UTR-Amplicon-short-trimmed+3",53,"c",1965715,6613,0.3358
"SARS-CoV2-5UTR-Amplicon-short-trimmed+3",54,"t",1965715,2608,0.1322
"SARS-CoV2-5UTR-Amplicon-short-trimmed+3",55,"g",1965715,3951,0.2002
"SARS-CoV2-5UTR-Amplicon-short-trimmed+3",56,"c",1965716,6631,0.3376
"SARS-CoV2-5UTR-Amplicon-short-trimmed+3",57,"g",1965716,3324,0.1684
"SARS-CoV2-5UTR-Amplicon-short-trimmed+3",58,"t",1965716,2071,0.1052
"SARS-CoV2-5UTR-Amplicon-short-trimmed+3",59,"g",1965715,3128,0.1591
"SARS-CoV2-5UTR-Amplicon-short-trimmed+3",60,"c",1965719,9313,0.474
"SARS-CoV2-5UTR-Amplicon-short-trimmed+3",61,"t",1965719,3437,0.1746
"SARS-CoV2-5UTR-Amplicon-short-trimmed+3",62,"t",1965719,2981,0.1514
"SARS-CoV2-5UTR-Amplicon-short-trimmed+3",63,"a",1965747,3590,0.1826
"SARS-CoV2-5UTR-Amplicon-short-trimmed+3",64,"g",1965731,3475,0.1767
"SARS-CoV2-5UTR-Amplicon-short-trimmed+3",65,"t",1965731,3164,0.1611
"SARS-CoV2-5UTR-Amplicon-short-trimmed+3",66,"g",1965730,3759,0.1912
"SARS-CoV2-5UTR-Amplicon-short-trimmed+3",67,"c",1965730,6634,0.3376
"SARS-CoV2-5UTR-Amplicon-short-trimmed+3",68,"a",1965730,2988,0.1521
"SARS-CoV2-5UTR-Amplicon-short-trimmed+3",69,"c",1965729,8398,0.4278
"SARS-CoV2-5UTR-Amplicon-short-trimmed+3",70,"t",1965727,1922,0.0978
"SARS-CoV2-5UTR-Amplicon-short-trimmed+3",71,"c",1965727,1778,0.0903
"SARS-CoV2-5UTR-Amplicon-short-trimmed+3",72,"a",1965726,2103,0.1071
"SARS-CoV2-5UTR-Amplicon-short-trimmed+3",73,"c",1965726,6419,0.3266
"SARS-CoV2-5UTR-Amplicon-short-trimmed+3",74,"g",1965726,2056,0.1041
"SARS-CoV2-5UTR-Amplicon-short-trimmed+3",75,"c",1965727,7446,0.3792
"SARS-CoV2-5UTR-Amplicon-short-trimmed+3",76,"a",1965725,2358,0.1201
"SARS-CoV2-5UTR-Amplicon-short-trimmed+3",77,"g",1965724,2567,0.1304
"SARS-CoV2-5UTR-Amplicon-short-trimmed+3",78,"t",1965722,1547,0.0784
"SARS-CoV2-5UTR-Amplicon-short-trimmed+3",79,"a",1965707,2638,0.1344
"SARS-CoV2-5UTR-Amplicon-short-trimmed+3",80,"t",1965745,1556,0.0789
"SARS-CoV2-5UTR-Amplicon-short-trimmed+3",81,"a",1965740,1387,0.0708
"SARS-CoV2-5UTR-Amplicon-short-trimmed+3",82,"a",1965740,3718,0.1889
"SARS-CoV2-5UTR-Amplicon-short-trimmed+3",83,"t",1965766,1823,0.093
"SARS-CoV2-5UTR-Amplicon-short-trimmed+3",84,"t",1965785,2543,0.1292
"SARS-CoV2-5UTR-Amplicon-short-trimmed+3",85,"a",1965754,1959,0.0993
"SARS-CoV2-5UTR-Amplicon-short-trimmed+3",86,"a",1965771,2296,0.1166
"SARS-CoV2-5UTR-Amplicon-short-trimmed+3",87,"t",1965771,1356,0.069
"SARS-CoV2-5UTR-Amplicon-short-trimmed+3",88,"a",1965785,1458,0.0739
"SARS-CoV2-5UTR-Amplicon-short-trimmed+3",89,"a",1965965,6445,0.3278
"SARS-CoV2-5UTR-Amplicon-short-trimmed+3",90,"c",1965965,8868,0.4507
"SARS-CoV2-5UTR-Amplicon-short-trimmed+3",91,"t",1966021,1823,0.0926
"SARS-CoV2-5UTR-Amplicon-short-trimmed+3",92,"a",1966013,1895,0.0964
"SARS-CoV2-5UTR-Amplicon-short-trimmed+3",93,"a",1966014,2185,0.1114
"SARS-CoV2-5UTR-Amplicon-short-trimmed+3",94,"t",1966012,1810,0.092
"SARS-CoV2-5UTR-Amplicon-short-trimmed+3",95,"t",1966013,1976,0.1003
"SARS-CoV2-5UTR-Amplicon-short-trimmed+3",96,"a",1966012,1749,0.0886
"SARS-CoV2-5UTR-Amplicon-short-trimmed+3",97,"c",1966012,7564,0.3848
"SARS-CoV2-5UTR-Amplicon-short-trimmed+3",98,"t",1966011,1996,0.1013
"SARS-CoV2-5UTR-Amplicon-short-trimmed+3",99,"g",1966004,3633,0.185
"SARS-CoV2-5UTR-Amplicon-short-trimmed+3",100,"t",1966012,3004,0.1525
"SARS-CoV2-5UTR-Amplicon-short-trimmed+3",101,"c",1966030,9109,0.463
"SARS-CoV2-5UTR-Amplicon-short-trimmed+3",102,"g",1966044,5291,0.2689
"SARS-CoV2-5UTR-Amplicon-short-trimmed+3",103,"t",1966063,1997,0.1012
"SARS-CoV2-5UTR-Amplicon-short-trimmed+3",104,"t",1966076,2951,0.1494
"SARS-CoV2-5UTR-Amplicon-short-trimmed+3",105,"g",1966136,1929,0.098
"SARS-CoV2-5UTR-Amplicon-short-trimmed+3",106,"a",1966210,2161,0.1099
"SARS-CoV2-5UTR-Amplicon-short-trimmed+3",107,"c",1966325,6019,0.3058
"SARS-CoV2-5UTR-Amplicon-short-trimmed+3",108,"a",1966377,2645,0.1347
"SARS-CoV2-5UTR-Amplicon-short-trimmed+3",109,"g",1966589,2876,0.1462
"SARS-CoV2-5UTR-Amplicon-short-trimmed+3",110,"g",1966998,2975,0.1512
"SARS-CoV2-5UTR-Amplicon-short-trimmed+3",111,"a",1967948,2004,0.102
"SARS-CoV2-5UTR-Amplicon-short-trimmed+3",112,"c",1969312,8571,0.436
"SARS-CoV2-5UTR-Amplicon-short-trimmed+3",113,"a",1972176,2743,0.1387
"SARS-CoV2-5UTR-Amplicon-short-trimmed+3",114,"c",1979281,8960,0.4525
"SARS-CoV2-5UTR-Amplicon-short-trimmed+3",115,"g",2008919,2528,0.126
"SARS-CoV2-5UTR-Amplicon-short-trimmed+3",116,"a",2128550,3884,0.1825
"SARS-CoV2-5UTR-Amplicon-short-trimmed+3",117,"g",3887572,6374,0.164
"SARS-CoV2-5UTR-Amplicon-short-trimmed+3",118,"t",3891915,6959,0.1789
"SARS-CoV2-5UTR-Amplicon-short-trimmed+3",119,"a",3892024,8947,0.2303
"SARS-CoV2-5UTR-Amplicon-short-trimmed+3",120,"a",3892268,7840,0.2015
"SARS-CoV2-5UTR-Amplicon-short-trimmed+3",121,"c",3894619,19298,0.4948
"SARS-CoV2-5UTR-Amplicon-short-trimmed+3",122,"t",3895730,8461,0.2174
"SARS-CoV2-5UTR-Amplicon-short-trimmed+3",123,"c",3896536,23366,0.5998
"SARS-CoV2-5UTR-Amplicon-short-trimmed+3",124,"g",3896897,9208,0.2364
"SARS-CoV2-5UTR-Amplicon-short-trimmed+3",125,"t",3897522,10784,0.277
"SARS-CoV2-5UTR-Amplicon-short-trimmed+3",126,"c",3897612,24427,0.6264
"SARS-CoV2-5UTR-Amplicon-short-trimmed+3",127,"t",3897476,3195,0.0819
"SARS-CoV2-5UTR-Amplicon-short-trimmed+3",128,"a",3896417,9685,0.2487
"SARS-CoV2-5UTR-Amplicon-short-trimmed+3",129,"t",3895180,17910,0.4609
"SARS-CoV2-5UTR-Amplicon-short-trimmed+3",130,"c",3894158,22107,0.569
"SARS-CoV2-5UTR-Amplicon-short-trimmed+3",131,"t",3894143,5480,0.141
"SARS-CoV2-5UTR-Amplicon-short-trimmed+3",132,"t",3879260,8067,0.2082
"SARS-CoV2-5UTR-Amplicon-short-trimmed+3",133,"c",2138217,13999,0.655
"SARS-CoV2-5UTR-Amplicon-short-trimmed+3",134,"t",1969686,4256,0.2162
"SARS-CoV2-5UTR-Amplicon-short-trimmed+3",135,"g",1944596,4294,0.2209
"SARS-CoV2-5UTR-Amplicon-short-trimmed+3",136,"c",1938550,16576,0.8562
"SARS-CoV2-5UTR-Amplicon-short-trimmed+3",137,"a",1937565,3930,0.203
"SARS-CoV2-5UTR-Amplicon-short-trimmed+3",138,"g",1936468,2467,0.1277
"SARS-CoV2-5UTR-Amplicon-short-trimmed+3",139,"g",1935902,2843,0.1471
"SARS-CoV2-5UTR-Amplicon-short-trimmed+3",140,"c",1935389,3394,0.1756
"SARS-CoV2-5UTR-Amplicon-short-trimmed+3",141,"t",1935179,6306,0.3264
"SARS-CoV2-5UTR-Amplicon-short-trimmed+3",142,"g",1935039,4455,0.2305
"SARS-CoV2-5UTR-Amplicon-short-trimmed+3",143,"c",1934958,9632,0.4978
"SARS-CoV2-5UTR-Amplicon-short-trimmed+3",144,"t",1934726,1890,0.0978
"SARS-CoV2-5UTR-Amplicon-short-trimmed+3",145,"t",1934686,4362,0.2257
"SARS-CoV2-5UTR-Amplicon-short-trimmed+3",146,"a",1934591,8357,0.4323
"SARS-CoV2-5UTR-Amplicon-short-trimmed+3",147,"c",1934558,3577,0.1853
"SARS-CoV2-5UTR-Amplicon-short-trimmed+3",148,"g",1934547,2339,0.1211
"SARS-CoV2-5UTR-Amplicon-short-trimmed+3",149,"g",1934511,2958,0.153
"SARS-CoV2-5UTR-Amplicon-short-trimmed+3",150,"t",1934497,3556,0.1841
"SARS-CoV2-5UTR-Amplicon-short-trimmed+3",151,"t",1934506,3745,0.1936
"SARS-CoV2-5UTR-Amplicon-short-trimmed+3",152,"t",1934502,8357,0.4324
"SARS-CoV2-5UTR-Amplicon-short-trimmed+3",153,"c",1934496,14746,0.7622
"SARS-CoV2-5UTR-Amplicon-short-trimmed+3",154,"g",1934507,2942,0.1522
"SARS-CoV2-5UTR-Amplicon-short-trimmed+3",155,"t",1934514,5340,0.2766
"SARS-CoV2-5UTR-Amplicon-short-trimmed+3",156,"c",1934516,3680,0.1902
"SARS-CoV2-5UTR-Amplicon-short-trimmed+3",157,"c",1934514,4739,0.2452
"SARS-CoV2-5UTR-Amplicon-short-trimmed+3",158,"g",1934002,2174,0.1124
"SARS-CoV2-5UTR-Amplicon-short-trimmed+3",159,"t",1933926,17399,0.9015
"SARS-CoV2-5UTR-Amplicon-short-trimmed+3",160,"g",1933916,3370,0.1744
"SARS-CoV2-5UTR-Amplicon-short-trimmed+3",161,"t",1933916,2759,0.1427
"SARS-CoV2-5UTR-Amplicon-short-trimmed+3",162,"t",1933918,7966,0.412
"SARS-CoV2-5UTR-Amplicon-short-trimmed+3",163,"g",1933922,1494,0.0774
"SARS-CoV2-5UTR-Amplicon-short-trimmed+3",164,"c",1933915,3726,0.193
"SARS-CoV2-5UTR-Amplicon-short-trimmed+3",165,"a",1933922,2832,0.1466
"SARS-CoV2-5UTR-Amplicon-short-trimmed+3",166,"g",1934036,2840,0.1471
"SARS-CoV2-5UTR-Amplicon-short-trimmed+3",167,"c",1934048,3409,0.1765
"SARS-CoV2-5UTR-Amplicon-short-trimmed+3",168,"c",1934051,13075,0.6775
"SARS-CoV2-5UTR-Amplicon-short-trimmed+3",169,"g",1934055,2885,0.1493
"SARS-CoV2-5UTR-Amplicon-short-trimmed+3",170,"a",1934058,2955,0.1528
"SARS-CoV2-5UTR-Amplicon-short-trimmed+3",171,"t",1934058,3177,0.1644
"SARS-CoV2-5UTR-Amplicon-short-trimmed+3",172,"c",1934059,9930,0.5132
"SARS-CoV2-5UTR-Amplicon-short-trimmed+3",173,"a",1934062,2936,0.1519
"SARS-CoV2-5UTR-Amplicon-short-trimmed+3",174,"t",1934065,3262,0.1687
"SARS-CoV2-5UTR-Amplicon-short-trimmed+3",175,"c",1934065,10110,0.5228
"SARS-CoV2-5UTR-Amplicon-short-trimmed+3",176,"a",1934066,3146,0.1628
"SARS-CoV2-5UTR-Amplicon-short-trimmed+3",177,"g",1934066,2936,0.1517
"SARS-CoV2-5UTR-Amplicon-short-trimmed+3",178,"c",1934067,20103,1.041
"SARS-CoV2-5UTR-Amplicon-short-trimmed+3",179,"a",1934067,4040,0.2092
"SARS-CoV2-5UTR-Amplicon-short-trimmed+3",180,"c",1934074,7717,0.3992
"SARS-CoV2-5UTR-Amplicon-short-trimmed+3",181,"a",1934074,2464,0.1277
"SARS-CoV2-5UTR-Amplicon-short-trimmed+3",182,"t",1934075,5837,0.3018
"SARS-CoV2-5UTR-Amplicon-short-trimmed+3",183,"c",1934076,8730,0.4513
"SARS-CoV2-5UTR-Amplicon-short-trimmed+3",184,"t",1934085,3225,0.1671
"SARS-CoV2-5UTR-Amplicon-short-trimmed+3",185,"a",1934086,4407,0.2281
"SARS-CoV2-5UTR-Amplicon-short-trimmed+3",186,"g",1934082,3888,0.2012
"SARS-CoV2-5UTR-Amplicon-short-trimmed+3",187,"g",1934082,4577,0.2368
"SARS-CoV2-5UTR-Amplicon-short-trimmed+3",188,"t",1934082,9361,0.484
"SARS-CoV2-5UTR-Amplicon-short-trimmed+3",189,"t",1934058,4289,0.222
"SARS-CoV2-5UTR-Amplicon-short-trimmed+3",190,"t",1934079,6855,0.3548
"SARS-CoV2-5UTR-Amplicon-short-trimmed+3",191,"c",1934079,13178,0.6819
"SARS-CoV2-5UTR-Amplicon-short-trimmed+3",192,"g",1934079,3424,0.1769
"SARS-CoV2-5UTR-Amplicon-short-trimmed+3",193,"t",1934079,14668,0.7598
"SARS-CoV2-5UTR-Amplicon-short-trimmed+3",194,"c",1934096,8528,0.4408
"SARS-CoV2-5UTR-Amplicon-short-trimmed+3",195,"c",1934096,10053,0.5199
"SARS-CoV2-5UTR-Amplicon-short-trimmed+3",196,"g",1934020,4122,0.2132
"SARS-CoV2-5UTR-Amplicon-short-trimmed+3",197,"g",1934015,3667,0.1896
"SARS-CoV2-5UTR-Amplicon-short-trimmed+3",198,"g",1934014,10947,0.5658
"SARS-CoV2-5UTR-Amplicon-short-trimmed+3",199,"t",1934006,5605,0.2902
"SARS-CoV2-5UTR-Amplicon-short-trimmed+3",200,"g",1933986,5599,0.2895
"SARS-CoV2-5UTR-Amplicon-short-trimmed+3",201,"t",1933985,8033,0.4153
"SARS-CoV2-5UTR-Amplicon-short-trimmed+3",202,"g",1933983,3438,0.1779
"SARS-CoV2-5UTR-Amplicon-short-trimmed+3",203,"a",1933983,4421,0.2289
"SARS-CoV2-5UTR-Amplicon-short-trimmed+3",204,"c",1933983,7165,0.3704
"SARS-CoV2-5UTR-Amplicon-short-trimmed+3",205,"c",1933983,8355,0.4323
"SARS-CoV2-5UTR-Amplicon-short-trimmed+3",206,"g",1933983,3699,0.1912
"SARS-CoV2-5UTR-Amplicon-short-trimmed+3",207,"a",1933983,2146,0.1111
"SARS-CoV2-5UTR-Amplicon-short-trimmed+3",208,"a",1933983,1334,0.069
"SARS-CoV2-5UTR-Amplicon-short-trimmed+3",209,"a",1933969,2698,0.1397
"SARS-CoV2-5UTR-Amplicon-short-trimmed+3",210,"g",1933969,3028,0.1567
"SARS-CoV2-5UTR-Amplicon-short-trimmed+3",211,"g",1933973,3995,0.2066
"SARS-CoV2-5UTR-Amplicon-short-trimmed+3",212,"t",1933989,2068,0.1071
"SARS-CoV2-5UTR-Amplicon-short-trimmed+3",213,"a",1933988,1654,0.0856
"SARS-CoV2-5UTR-Amplicon-short-trimmed+3",214,"a",1933987,2636,0.1362
"SARS-CoV2-5UTR-Amplicon-short-trimmed+3",215,"g",1933985,2204,0.1142
"SARS-CoV2-5UTR-Amplicon-short-trimmed+3",216,"a",1934105,2492,0.1288
"SARS-CoV2-5UTR-Amplicon-short-trimmed+3",217,"t",1934100,2828,0.1464
"SARS-CoV2-5UTR-Amplicon-short-trimmed+3",218,"g",1934100,2677,0.1385
"SARS-CoV2-5UTR-Amplicon-short-trimmed+3",219,"g",1934097,2449,0.1268
"SARS-CoV2-5UTR-Amplicon-short-trimmed+3",220,"a",1934094,4711,0.2439
"SARS-CoV2-5UTR-Amplicon-short-trimmed+3",221,"g",1934093,4114,0.2131
"SARS-CoV2-5UTR-Amplicon-short-trimmed+3",222,"a",1933970,2082,0.1077
"SARS-CoV2-5UTR-Amplicon-short-trimmed+3",223,"g",1933970,2892,0.1496
"SARS-CoV2-5UTR-Amplicon-short-trimmed+3",224,"c",1933967,7346,0.3799
"SARS-CoV2-5UTR-Amplicon-short-trimmed+3",225,"c",1933964,7959,0.4115
"SARS-CoV2-5UTR-Amplicon-short-trimmed+3",226,"t",1933954,2008,0.1041
"SARS-CoV2-5UTR-Amplicon-short-trimmed+3",227,"t",1933939,11169,0.5782
"SARS-CoV2-5UTR-Amplicon-short-trimmed+3",228,"g",1933931,2775,0.1434
"SARS-CoV2-5UTR-Amplicon-short-trimmed+3",229,"t",1933924,4498,0.2329
"SARS-CoV2-5UTR-Amplicon-short-trimmed+3",230,"c",1933912,9417,0.487
"SARS-CoV2-5UTR-Amplicon-short-trimmed+3",231,"c",1933910,5705,0.2947
"SARS-CoV2-5UTR-Amplicon-short-trimmed+3",232,"c",1933905,6203,0.3209
"SARS-CoV2-5UTR-Amplicon-short-trimmed+3",233,"t",1933536,3906,0.2022
"SARS-CoV2-5UTR-Amplicon-short-trimmed+3",234,"g",1933524,3726,0.1927
"SARS-CoV2-5UTR-Amplicon-short-trimmed+3",235,"g",1933518,3793,0.1964
"SARS-CoV2-5UTR-Amplicon-short-trimmed+3",236,"t",1933501,1926,0.0998
"SARS-CoV2-5UTR-Amplicon-short-trimmed+3",237,"t",1933449,2219,0.1149
"SARS-CoV2-5UTR-Amplicon-short-trimmed+3",238,"t",1933346,3000,0.1552
"SARS-CoV2-5UTR-Amplicon-short-trimmed+3",239,"c",1933104,21093,1.0917
"SARS-CoV2-5UTR-Amplicon-short-trimmed+3",240,"a",1932959,1650,0.0856
"SARS-CoV2-5UTR-Amplicon-short-trimmed+3",241,"a",1932467,1550,0.0801
"SARS-CoV2-5UTR-Amplicon-short-trimmed+3",242,"c",1930440,6573,0.3408
"SARS-CoV2-5UTR-Amplicon-short-trimmed+3",243,"g",1930315,1995,0.1033
"SARS-CoV2-5UTR-Amplicon-short-trimmed+3",244,"a",1929991,3528,0.1829
"SARS-CoV2-5UTR-Amplicon-short-trimmed+3",245,"g",1927738,0,0
"SARS-CoV2-5UTR-Amplicon-short-trimmed+3",246,"g",1925417,0,0
"SARS-CoV2-5UTR-Amplicon-short-trimmed+3",247,"G",1922862,1,0
"SARS-CoV2-5UTR-Amplicon-short-trimmed+3",248,"A",1920326,0,0
"SARS-CoV2-5UTR-Amplicon-short-trimmed+3",249,"G",1919346,0,0
