"Region","Position","Ref_base","Total_depth","Total_mut","Mean_mut_percentage"
"SARS-CoV2-5UTR-Amplicon-short-trimmed+3",1,"T",2620093,0,0
"SARS-CoV2-5UTR-Amplicon-short-trimmed+3",2,"T",2621727,0,0
"SARS-CoV2-5UTR-Amplicon-short-trimmed+3",3,"G",2622243,0,0
"SARS-CoV2-5UTR-Amplicon-short-trimmed+3",4,"t",2637251,0,0
"SARS-CoV2-5UTR-Amplicon-short-trimmed+3",5,"a",2637859,1,0
"SARS-CoV2-5UTR-Amplicon-short-trimmed+3",6,"g",2638455,7246,0.279
"SARS-CoV2-5UTR-Amplicon-short-trimmed+3",7,"a",2640091,536,0.0202
"SARS-CoV2-5UTR-Amplicon-short-trimmed+3",8,"t",2640117,598,0.0227
"SARS-CoV2-5UTR-Amplicon-short-trimmed+3",9,"c",2640146,683,0.0259
"SARS-CoV2-5UTR-Amplicon-short-trimmed+3",10,"t",2640191,949,0.0362
"SARS-CoV2-5UTR-Amplicon-short-trimmed+3",11,"g",2640215,49306,1.8751
"SARS-CoV2-5UTR-Amplicon-short-trimmed+3",12,"t",2640358,643,0.0244
"SARS-CoV2-5UTR-Amplicon-short-trimmed+3",13,"t",2640376,833,0.0318
"SARS-CoV2-5UTR-Amplicon-short-trimmed+3",14,"c",2640411,731,0.0278
"SARS-CoV2-5UTR-Amplicon-short-trimmed+3",15,"t",2640429,808,0.0306
"SARS-CoV2-5UTR-Amplicon-short-trimmed+3",16,"c",2640448,1685,0.0644
"SARS-CoV2-5UTR-Amplicon-short-trimmed+3",17,"t",2640460,708,0.0272
"SARS-CoV2-5UTR-Amplicon-short-trimmed+3",18,"a",2640466,1188,0.045
"SARS-CoV2-5UTR-Amplicon-short-trimmed+3",19,"a",2640479,1116,0.0425
"SARS-CoV2-5UTR-Amplicon-short-trimmed+3",20,"a",2640661,804,0.0306
"SARS-CoV2-5UTR-Amplicon-short-trimmed+3",21,"c",2640663,601,0.0231
"SARS-CoV2-5UTR-Amplicon-short-trimmed+3",22,"g",2640685,6009,0.2327
"SARS-CoV2-5UTR-Amplicon-short-trimmed+3",23,"a",2640688,956,0.0364
"SARS-CoV2-5UTR-Amplicon-short-trimmed+3",24,"a",2640689,785,0.0299
"SARS-CoV2-5UTR-Amplicon-short-trimmed+3",25,"c",2640689,14648,0.5671
"SARS-CoV2-5UTR-Amplicon-short-trimmed+3",26,"t",2640690,1757,0.067
"SARS-CoV2-5UTR-Amplicon-short-trimmed+3",27,"t",2640697,2382,0.0909
"SARS-CoV2-5UTR-Amplicon-short-trimmed+3",28,"t",2640709,5844,0.2214
"SARS-CoV2-5UTR-Amplicon-short-trimmed+3",29,"a",2640710,1965,0.0744
"SARS-CoV2-5UTR-Amplicon-short-trimmed+3",30,"a",2640712,901,0.0343
"SARS-CoV2-5UTR-Amplicon-short-trimmed+3",31,"a",2640682,825,0.0312
"SARS-CoV2-5UTR-Amplicon-short-trimmed+3",32,"a",2640683,766,0.029
"SARS-CoV2-5UTR-Amplicon-short-trimmed+3",33,"t",2640683,5689,0.2158
"SARS-CoV2-5UTR-Amplicon-short-trimmed+3",34,"c",2640685,1087,0.0414
"SARS-CoV2-5UTR-Amplicon-short-trimmed+3",35,"t",2640685,4721,0.1825
"SARS-CoV2-5UTR-Amplicon-short-trimmed+3",36,"g",2640685,30571,1.1751
"SARS-CoV2-5UTR-Amplicon-short-trimmed+3",37,"t",2640672,871,0.0332
"SARS-CoV2-5UTR-Amplicon-short-trimmed+3",38,"g",2640672,14439,0.5578
"SARS-CoV2-5UTR-Amplicon-short-trimmed+3",39,"t",2640673,767,0.0291
"SARS-CoV2-5UTR-Amplicon-short-trimmed+3",40,"g",2640672,16917,0.6524
"SARS-CoV2-5UTR-Amplicon-short-trimmed+3",41,"g",2640674,10856,0.4194
"SARS-CoV2-5UTR-Amplicon-short-trimmed+3",42,"c",2640671,638,0.0242
"SARS-CoV2-5UTR-Amplicon-short-trimmed+3",43,"t",2640671,2778,0.1058
"SARS-CoV2-5UTR-Amplicon-short-trimmed+3",44,"g",2640670,8199,0.3159
"SARS-CoV2-5UTR-Amplicon-short-trimmed+3",45,"t",2640670,1300,0.0494
"SARS-CoV2-5UTR-Amplicon-short-trimmed+3",46,"c",2640668,509,0.0196
"SARS-CoV2-5UTR-Amplicon-short-trimmed+3",47,"a",2640655,1283,0.0486
"SARS-CoV2-5UTR-Amplicon-short-trimmed+3",48,"c",2640654,618,0.0238
"SARS-CoV2-5UTR-Amplicon-short-trimmed+3",49,"t",2640653,812,0.0313
"SARS-CoV2-5UTR-Amplicon-short-trimmed+3",50,"c",2640652,1478,0.057
"SARS-CoV2-5UTR-Amplicon-short-trimmed+3",51,"g",2640652,14709,0.5691
"SARS-CoV2-5UTR-Amplicon-short-trimmed+3",52,"g",2640652,7425,0.2858
"SARS-CoV2-5UTR-Amplicon-short-trimmed+3",53,"c",2640652,3244,0.1247
"SARS-CoV2-5UTR-Amplicon-short-trimmed+3",54,"t",2640652,2508,0.0964
"SARS-CoV2-5UTR-Amplicon-short-trimmed+3",55,"g",2640652,8954,0.3456
"SARS-CoV2-5UTR-Amplicon-short-trimmed+3",56,"c",2640652,1122,0.0427
"SARS-CoV2-5UTR-Amplicon-short-trimmed+3",57,"g",2640652,5739,0.2208
"SARS-CoV2-5UTR-Amplicon-short-trimmed+3",58,"t",2640652,1142,0.0436
"SARS-CoV2-5UTR-Amplicon-short-trimmed+3",59,"g",2640653,7234,0.2793
"SARS-CoV2-5UTR-Amplicon-short-trimmed+3",60,"c",2640653,1015,0.0388
"SARS-CoV2-5UTR-Amplicon-short-trimmed+3",61,"t",2640662,4795,0.1851
"SARS-CoV2-5UTR-Amplicon-short-trimmed+3",62,"t",2640662,7547,0.2922
"SARS-CoV2-5UTR-Amplicon-short-trimmed+3",63,"a",2640661,10720,0.4154
"SARS-CoV2-5UTR-Amplicon-short-trimmed+3",64,"g",2640661,13756,0.5339
"SARS-CoV2-5UTR-Amplicon-short-trimmed+3",65,"t",2640661,1267,0.0483
"SARS-CoV2-5UTR-Amplicon-short-trimmed+3",66,"g",2640661,16265,0.6252
"SARS-CoV2-5UTR-Amplicon-short-trimmed+3",67,"c",2640661,1461,0.0554
"SARS-CoV2-5UTR-Amplicon-short-trimmed+3",68,"a",2640661,1367,0.0516
"SARS-CoV2-5UTR-Amplicon-short-trimmed+3",69,"c",2640661,881,0.0335
"SARS-CoV2-5UTR-Amplicon-short-trimmed+3",70,"t",2640661,954,0.0361
"SARS-CoV2-5UTR-Amplicon-short-trimmed+3",71,"c",2640661,1311,0.05
"SARS-CoV2-5UTR-Amplicon-short-trimmed+3",72,"a",2640660,1302,0.0494
"SARS-CoV2-5UTR-Amplicon-short-trimmed+3",73,"c",2640660,868,0.0329
"SARS-CoV2-5UTR-Amplicon-short-trimmed+3",74,"g",2640660,9574,0.3694
"SARS-CoV2-5UTR-Amplicon-short-trimmed+3",75,"c",2640664,3476,0.1316
"SARS-CoV2-5UTR-Amplicon-short-trimmed+3",76,"a",2640663,2106,0.0806
"SARS-CoV2-5UTR-Amplicon-short-trimmed+3",77,"g",2640662,3954,0.153
"SARS-CoV2-5UTR-Amplicon-short-trimmed+3",78,"t",2640662,1360,0.0518
"SARS-CoV2-5UTR-Amplicon-short-trimmed+3",79,"a",2640620,1617,0.0613
"SARS-CoV2-5UTR-Amplicon-short-trimmed+3",80,"t",2640619,540,0.0205
"SARS-CoV2-5UTR-Amplicon-short-trimmed+3",81,"a",2640619,915,0.0347
"SARS-CoV2-5UTR-Amplicon-short-trimmed+3",82,"a",2640618,2032,0.0772
"SARS-CoV2-5UTR-Amplicon-short-trimmed+3",83,"t",2640619,680,0.0259
"SARS-CoV2-5UTR-Amplicon-short-trimmed+3",84,"t",2640618,2141,0.0813
"SARS-CoV2-5UTR-Amplicon-short-trimmed+3",85,"a",2640618,1434,0.054
"SARS-CoV2-5UTR-Amplicon-short-trimmed+3",86,"a",2640617,936,0.0354
"SARS-CoV2-5UTR-Amplicon-short-trimmed+3",87,"t",2640620,814,0.0309
"SARS-CoV2-5UTR-Amplicon-short-trimmed+3",88,"a",2640618,1150,0.0434
"SARS-CoV2-5UTR-Amplicon-short-trimmed+3",89,"a",2640629,6966,0.2633
"SARS-CoV2-5UTR-Amplicon-short-trimmed+3",90,"c",2640630,1201,0.0452
"SARS-CoV2-5UTR-Amplicon-short-trimmed+3",91,"t",2640655,1175,0.0446
"SARS-CoV2-5UTR-Amplicon-short-trimmed+3",92,"a",2640631,854,0.0324
"SARS-CoV2-5UTR-Amplicon-short-trimmed+3",93,"a",2640631,910,0.0348
"SARS-CoV2-5UTR-Amplicon-short-trimmed+3",94,"t",2640632,938,0.0356
"SARS-CoV2-5UTR-Amplicon-short-trimmed+3",95,"t",2640630,1725,0.0655
"SARS-CoV2-5UTR-Amplicon-short-trimmed+3",96,"a",2640630,932,0.0353
"SARS-CoV2-5UTR-Amplicon-short-trimmed+3",97,"c",2640630,478,0.0181
"SARS-CoV2-5UTR-Amplicon-short-trimmed+3",98,"t",2640629,1581,0.0608
"SARS-CoV2-5UTR-Amplicon-short-trimmed+3",99,"g",2640626,7726,0.2991
"SARS-CoV2-5UTR-Amplicon-short-trimmed+3",100,"t",2640629,1310,0.0501
"SARS-CoV2-5UTR-Amplicon-short-trimmed+3",101,"c",2640629,2025,0.0776
"SARS-CoV2-5UTR-Amplicon-short-trimmed+3",102,"g",2640676,35413,1.3557
"SARS-CoV2-5UTR-Amplicon-short-trimmed+3",103,"t",2640683,1098,0.0418
"SARS-CoV2-5UTR-Amplicon-short-trimmed+3",104,"t",2640688,1951,0.0743
"SARS-CoV2-5UTR-Amplicon-short-trimmed+3",105,"g",2640700,1785,0.0686
"SARS-CoV2-5UTR-Amplicon-short-trimmed+3",106,"a",2640768,1396,0.0533
"SARS-CoV2-5UTR-Amplicon-short-trimmed+3",107,"c",2640798,1574,0.0599
"SARS-CoV2-5UTR-Amplicon-short-trimmed+3",108,"a",2640856,3272,0.1256
"SARS-CoV2-5UTR-Amplicon-short-trimmed+3",109,"g",2641058,12363,0.4774
"SARS-CoV2-5UTR-Amplicon-short-trimmed+3",110,"g",2641526,2750,0.1036
"SARS-CoV2-5UTR-Amplicon-short-trimmed+3",111,"a",2642732,1162,0.0442
"SARS-CoV2-5UTR-Amplicon-short-trimmed+3",112,"c",2644187,1404,0.0537
"SARS-CoV2-5UTR-Amplicon-short-trimmed+3",113,"a",2647706,2646,0.1001
"SARS-CoV2-5UTR-Amplicon-short-trimmed+3",114,"c",2659516,1568,0.0587
"SARS-CoV2-5UTR-Amplicon-short-trimmed+3",115,"g",2701568,4551,0.1716
"SARS-CoV2-5UTR-Amplicon-short-trimmed+3",116,"a",2873902,2297,0.0806
"SARS-CoV2-5UTR-Amplicon-short-trimmed+3",117,"g",3999995,11306,0.2826
"SARS-CoV2-5UTR-Amplicon-short-trimmed+3",118,"t",3999989,6036,0.1509
"SARS-CoV2-5UTR-Amplicon-short-trimmed+3",119,"a",3999990,5412,0.1353
"SARS-CoV2-5UTR-Amplicon-short-trimmed+3",120,"a",3999993,4062,0.1016
"SARS-CoV2-5UTR-Amplicon-short-trimmed+3",121,"c",3999983,3764,0.0941
"SARS-CoV2-5UTR-Amplicon-short-trimmed+3",122,"t",3999963,9191,0.2298
"SARS-CoV2-5UTR-Amplicon-short-trimmed+3",123,"c",3999971,7437,0.186
"SARS-CoV2-5UTR-Amplicon-short-trimmed+3",124,"g",3999909,25227,0.6307
"SARS-CoV2-5UTR-Amplicon-short-trimmed+3",125,"t",3999910,4981,0.1245
"SARS-CoV2-5UTR-Amplicon-short-trimmed+3",126,"c",3999832,2923,0.0731
"SARS-CoV2-5UTR-Amplicon-short-trimmed+3",127,"t",3999687,1891,0.0473
"SARS-CoV2-5UTR-Amplicon-short-trimmed+3",128,"a",3998981,4492,0.1124
"SARS-CoV2-5UTR-Amplicon-short-trimmed+3",129,"t",3997741,9203,0.2302
"SARS-CoV2-5UTR-Amplicon-short-trimmed+3",130,"c",3997798,1250,0.0312
"SARS-CoV2-5UTR-Amplicon-short-trimmed+3",131,"t",3997651,2874,0.0719
"SARS-CoV2-5UTR-Amplicon-short-trimmed+3",132,"t",3979019,2426,0.061
"SARS-CoV2-5UTR-Amplicon-short-trimmed+3",133,"c",1667907,2029,0.1225
"SARS-CoV2-5UTR-Amplicon-short-trimmed+3",134,"t",1424417,2160,0.1525
"SARS-CoV2-5UTR-Amplicon-short-trimmed+3",135,"g",1381286,11366,0.7987
"SARS-CoV2-5UTR-Amplicon-short-trimmed+3",136,"c",1366459,5636,0.4165
"SARS-CoV2-5UTR-Amplicon-short-trimmed+3",137,"a",1364399,1598,0.1179
"SARS-CoV2-5UTR-Amplicon-short-trimmed+3",138,"g",1362768,1088,0.08
"SARS-CoV2-5UTR-Amplicon-short-trimmed+3",139,"g",1361980,2237,0.1648
"SARS-CoV2-5UTR-Amplicon-short-trimmed+3",140,"c",1361449,2765,0.2051
"SARS-CoV2-5UTR-Amplicon-short-trimmed+3",141,"t",1361194,4566,0.3395
"SARS-CoV2-5UTR-Amplicon-short-trimmed+3",142,"g",1361068,3208,0.2375
"SARS-CoV2-5UTR-Amplicon-short-trimmed+3",143,"c",1361014,4656,0.3108
"SARS-CoV2-5UTR-Amplicon-short-trimmed+3",144,"t",1360947,767,0.0569
"SARS-CoV2-5UTR-Amplicon-short-trimmed+3",145,"t",1360916,2371,0.1765
"SARS-CoV2-5UTR-Amplicon-short-trimmed+3",146,"a",1360783,1637,0.121
"SARS-CoV2-5UTR-Amplicon-short-trimmed+3",147,"c",1360764,1495,0.1096
"SARS-CoV2-5UTR-Amplicon-short-trimmed+3",148,"g",1360724,1978,0.1435
"SARS-CoV2-5UTR-Amplicon-short-trimmed+3",149,"g",1360698,3692,0.2695
"SARS-CoV2-5UTR-Amplicon-short-trimmed+3",150,"t",1360693,1093,0.0804
"SARS-CoV2-5UTR-Amplicon-short-trimmed+3",151,"t",1360697,1074,0.0795
"SARS-CoV2-5UTR-Amplicon-short-trimmed+3",152,"t",1360699,3426,0.2545
"SARS-CoV2-5UTR-Amplicon-short-trimmed+3",153,"c",1360700,3165,0.2321
"SARS-CoV2-5UTR-Amplicon-short-trimmed+3",154,"g",1360705,4437,0.318
"SARS-CoV2-5UTR-Amplicon-short-trimmed+3",155,"t",1360710,2130,0.1577
"SARS-CoV2-5UTR-Amplicon-short-trimmed+3",156,"c",1360713,1467,0.1077
"SARS-CoV2-5UTR-Amplicon-short-trimmed+3",157,"c",1360714,2678,0.1978
"SARS-CoV2-5UTR-Amplicon-short-trimmed+3",158,"g",1360715,2669,0.1926
"SARS-CoV2-5UTR-Amplicon-short-trimmed+3",159,"t",1360714,9678,0.7212
"SARS-CoV2-5UTR-Amplicon-short-trimmed+3",160,"g",1360720,3252,0.2344
"SARS-CoV2-5UTR-Amplicon-short-trimmed+3",161,"t",1360727,1200,0.0892
"SARS-CoV2-5UTR-Amplicon-short-trimmed+3",162,"t",1360720,1942,0.1439
"SARS-CoV2-5UTR-Amplicon-short-trimmed+3",163,"g",1360722,1145,0.0841
"SARS-CoV2-5UTR-Amplicon-short-trimmed+3",164,"c",1360726,2077,0.1534
"SARS-CoV2-5UTR-Amplicon-short-trimmed+3",165,"a",1360739,1500,0.111
"SARS-CoV2-5UTR-Amplicon-short-trimmed+3",166,"g",1360972,1822,0.1336
"SARS-CoV2-5UTR-Amplicon-short-trimmed+3",167,"c",1360978,1871,0.1356
"SARS-CoV2-5UTR-Amplicon-short-trimmed+3",168,"c",1360980,11125,0.8234
"SARS-CoV2-5UTR-Amplicon-short-trimmed+3",169,"g",1360980,2043,0.1501
"SARS-CoV2-5UTR-Amplicon-short-trimmed+3",170,"a",1360990,1209,0.0894
"SARS-CoV2-5UTR-Amplicon-short-trimmed+3",171,"t",1360993,1218,0.0902
"SARS-CoV2-5UTR-Amplicon-short-trimmed+3",172,"c",1360994,1073,0.0789
"SARS-CoV2-5UTR-Amplicon-short-trimmed+3",173,"a",1360995,1038,0.0763
"SARS-CoV2-5UTR-Amplicon-short-trimmed+3",174,"t",1360996,896,0.0663
"SARS-CoV2-5UTR-Amplicon-short-trimmed+3",175,"c",1360996,1552,0.1144
"SARS-CoV2-5UTR-Amplicon-short-trimmed+3",176,"a",1360996,2368,0.1738
"SARS-CoV2-5UTR-Amplicon-short-trimmed+3",177,"g",1360996,8422,0.5973
"SARS-CoV2-5UTR-Amplicon-short-trimmed+3",178,"c",1360999,10220,0.759
"SARS-CoV2-5UTR-Amplicon-short-trimmed+3",179,"a",1360999,1430,0.1062
"SARS-CoV2-5UTR-Amplicon-short-trimmed+3",180,"c",1360999,1367,0.1008
"SARS-CoV2-5UTR-Amplicon-short-trimmed+3",181,"a",1361000,872,0.0648
"SARS-CoV2-5UTR-Amplicon-short-trimmed+3",182,"t",1361001,732,0.0548
"SARS-CoV2-5UTR-Amplicon-short-trimmed+3",183,"c",1361001,587,0.0434
"SARS-CoV2-5UTR-Amplicon-short-trimmed+3",184,"t",1361002,1904,0.1409
"SARS-CoV2-5UTR-Amplicon-short-trimmed+3",185,"a",1361002,5781,0.4232
"SARS-CoV2-5UTR-Amplicon-short-trimmed+3",186,"g",1361004,7830,0.5633
"SARS-CoV2-5UTR-Amplicon-short-trimmed+3",187,"g",1361011,13311,0.9685
"SARS-CoV2-5UTR-Amplicon-short-trimmed+3",188,"t",1361028,914,0.0669
"SARS-CoV2-5UTR-Amplicon-short-trimmed+3",189,"t",1361029,2009,0.1488
"SARS-CoV2-5UTR-Amplicon-short-trimmed+3",190,"t",1361030,3340,0.2494
"SARS-CoV2-5UTR-Amplicon-short-trimmed+3",191,"c",1361029,2717,0.1984
"SARS-CoV2-5UTR-Amplicon-short-trimmed+3",192,"g",1361024,5662,0.4031
"SARS-CoV2-5UTR-Amplicon-short-trimmed+3",193,"t",1361028,8518,0.6346
"SARS-CoV2-5UTR-Amplicon-short-trimmed+3",194,"c",1361029,1136,0.082
"SARS-CoV2-5UTR-Amplicon-short-trimmed+3",195,"c",1361029,1964,0.1433
"SARS-CoV2-5UTR-Amplicon-short-trimmed+3",196,"g",1361006,11252,0.8102
"SARS-CoV2-5UTR-Amplicon-short-trimmed+3",197,"g",1361005,8757,0.6264
"SARS-CoV2-5UTR-Amplicon-short-trimmed+3",198,"g",1361007,14173,1.0255
"SARS-CoV2-5UTR-Amplicon-short-trimmed+3",199,"t",1361008,2796,0.2087
"SARS-CoV2-5UTR-Amplicon-short-trimmed+3",200,"g",1361006,7191,0.5145
"SARS-CoV2-5UTR-Amplicon-short-trimmed+3",201,"t",1361005,1644,0.1226
"SARS-CoV2-5UTR-Amplicon-short-trimmed+3",202,"g",1361005,3406,0.243
"SARS-CoV2-5UTR-Amplicon-short-trimmed+3",203,"a",1361005,2167,0.1597
"SARS-CoV2-5UTR-Amplicon-short-trimmed+3",204,"c",1361005,756,0.0552
"SARS-CoV2-5UTR-Amplicon-short-trimmed+3",205,"c",1361005,557,0.0412
"SARS-CoV2-5UTR-Amplicon-short-trimmed+3",206,"g",1361004,10576,0.7532
"SARS-CoV2-5UTR-Amplicon-short-trimmed+3",207,"a",1361004,1279,0.0926
"SARS-CoV2-5UTR-Amplicon-short-trimmed+3",208,"a",1361004,540,0.0391
"SARS-CoV2-5UTR-Amplicon-short-trimmed+3",209,"a",1361004,1886,0.1387
"SARS-CoV2-5UTR-Amplicon-short-trimmed+3",210,"g",1361004,4167,0.2921
"SARS-CoV2-5UTR-Amplicon-short-trimmed+3",211,"g",1361005,4943,0.3534
"SARS-CoV2-5UTR-Amplicon-short-trimmed+3",212,"t",1361004,1061,0.0791
"SARS-CoV2-5UTR-Amplicon-short-trimmed+3",213,"a",1361004,783,0.0574
"SARS-CoV2-5UTR-Amplicon-short-trimmed+3",214,"a",1361002,1088,0.0803
"SARS-CoV2-5UTR-Amplicon-short-trimmed+3",215,"g",1361002,1354,0.0979
"SARS-CoV2-5UTR-Amplicon-short-trimmed+3",216,"a",1361245,584,0.0438
"SARS-CoV2-5UTR-Amplicon-short-trimmed+3",217,"t",1361245,1570,0.1176
"SARS-CoV2-5UTR-Amplicon-short-trimmed+3",218,"g",1361246,7411,0.533
"SARS-CoV2-5UTR-Amplicon-short-trimmed+3",219,"g",1361226,2455,0.179
"SARS-CoV2-5UTR-Amplicon-short-trimmed+3",220,"a",1361220,3575,0.265
"SARS-CoV2-5UTR-Amplicon-short-trimmed+3",221,"g",1361220,3885,0.283
"SARS-CoV2-5UTR-Amplicon-short-trimmed+3",222,"a",1360971,1242,0.0915
"SARS-CoV2-5UTR-Amplicon-short-trimmed+3",223,"g",1360970,7451,0.534
"SARS-CoV2-5UTR-Amplicon-short-trimmed+3",224,"c",1360970,530,0.0391
"SARS-CoV2-5UTR-Amplicon-short-trimmed+3",225,"c",1360970,727,0.0539
"SARS-CoV2-5UTR-Amplicon-short-trimmed+3",226,"t",1360959,2092,0.1524
"SARS-CoV2-5UTR-Amplicon-short-trimmed+3",227,"t",1360958,11043,0.8188
"SARS-CoV2-5UTR-Amplicon-short-trimmed+3",228,"g",1360948,7937,0.5766
"SARS-CoV2-5UTR-Amplicon-short-trimmed+3",229,"t",1360936,1859,0.139
"SARS-CoV2-5UTR-Amplicon-short-trimmed+3",230,"c",1360935,499,0.0366
"SARS-CoV2-5UTR-Amplicon-short-trimmed+3",231,"c",1360918,453,0.0336
"SARS-CoV2-5UTR-Amplicon-short-trimmed+3",232,"c",1360913,923,0.0689
"SARS-CoV2-5UTR-Amplicon-short-trimmed+3",233,"t",1359819,3191,0.235
"SARS-CoV2-5UTR-Amplicon-short-trimmed+3",234,"g",1359778,14475,1.0595
"SARS-CoV2-5UTR-Amplicon-short-trimmed+3",235,"g",1359769,19643,1.4495
"SARS-CoV2-5UTR-Amplicon-short-trimmed+3",236,"t",1359767,504,0.0372
"SARS-CoV2-5UTR-Amplicon-short-trimmed+3",237,"t",1359763,877,0.0655
"SARS-CoV2-5UTR-Amplicon-short-trimmed+3",238,"t",1359755,881,0.0655
"SARS-CoV2-5UTR-Amplicon-short-trimmed+3",239,"c",1359723,10071,0.7429
"SARS-CoV2-5UTR-Amplicon-short-trimmed+3",240,"a",1359684,796,0.0586
"SARS-CoV2-5UTR-Amplicon-short-trimmed+3",241,"a",1359654,598,0.0445
"SARS-CoV2-5UTR-Amplicon-short-trimmed+3",242,"c",1359593,830,0.0606
"SARS-CoV2-5UTR-Amplicon-short-trimmed+3",243,"g",1359353,1843,0.1334
"SARS-CoV2-5UTR-Amplicon-short-trimmed+3",244,"a",1359090,1768,0.1315
"SARS-CoV2-5UTR-Amplicon-short-trimmed+3",245,"g",1357766,0,0
"SARS-CoV2-5UTR-Amplicon-short-trimmed+3",246,"g",1352691,0,0
"SARS-CoV2-5UTR-Amplicon-short-trimmed+3",247,"G",1347181,1,0
"SARS-CoV2-5UTR-Amplicon-short-trimmed+3",248,"A",1346079,0,0
"SARS-CoV2-5UTR-Amplicon-short-trimmed+3",249,"G",1345593,1,1e-04
