"Region","Position","Ref_base","Total_depth","Total_mut","Mean_mut_percentage"
"SARS-CoV2-5UTR-Amplicon-short-trimmed+3",1,"T",1134955,0,0
"SARS-CoV2-5UTR-Amplicon-short-trimmed+3",2,"T",1135765,0,0
"SARS-CoV2-5UTR-Amplicon-short-trimmed+3",3,"G",1136006,0,0
"SARS-CoV2-5UTR-Amplicon-short-trimmed+3",4,"t",1136938,0,0
"SARS-CoV2-5UTR-Amplicon-short-trimmed+3",5,"a",1137206,0,0
"SARS-CoV2-5UTR-Amplicon-short-trimmed+3",6,"g",1137455,718,0.0634
"SARS-CoV2-5UTR-Amplicon-short-trimmed+3",7,"a",1137498,256,0.0225
"SARS-CoV2-5UTR-Amplicon-short-trimmed+3",8,"t",1137510,348,0.0307
"SARS-CoV2-5UTR-Amplicon-short-trimmed+3",9,"c",1137526,382,0.0337
"SARS-CoV2-5UTR-Amplicon-short-trimmed+3",10,"t",1137544,313,0.0275
"SARS-CoV2-5UTR-Amplicon-short-trimmed+3",11,"g",1137556,2716,0.241
"SARS-CoV2-5UTR-Amplicon-short-trimmed+3",12,"t",1137573,299,0.0262
"SARS-CoV2-5UTR-Amplicon-short-trimmed+3",13,"t",1137583,343,0.0302
"SARS-CoV2-5UTR-Amplicon-short-trimmed+3",14,"c",1137588,315,0.0277
"SARS-CoV2-5UTR-Amplicon-short-trimmed+3",15,"t",1137590,384,0.0339
"SARS-CoV2-5UTR-Amplicon-short-trimmed+3",16,"c",1137602,764,0.0678
"SARS-CoV2-5UTR-Amplicon-short-trimmed+3",17,"t",1137606,272,0.0239
"SARS-CoV2-5UTR-Amplicon-short-trimmed+3",18,"a",1137608,540,0.0474
"SARS-CoV2-5UTR-Amplicon-short-trimmed+3",19,"a",1137613,419,0.0368
"SARS-CoV2-5UTR-Amplicon-short-trimmed+3",20,"a",1137671,291,0.0255
"SARS-CoV2-5UTR-Amplicon-short-trimmed+3",21,"c",1137677,156,0.0137
"SARS-CoV2-5UTR-Amplicon-short-trimmed+3",22,"g",1137681,381,0.0336
"SARS-CoV2-5UTR-Amplicon-short-trimmed+3",23,"a",1137683,429,0.0377
"SARS-CoV2-5UTR-Amplicon-short-trimmed+3",24,"a",1137683,351,0.0307
"SARS-CoV2-5UTR-Amplicon-short-trimmed+3",25,"c",1137692,9871,0.8667
"SARS-CoV2-5UTR-Amplicon-short-trimmed+3",26,"t",1137692,998,0.0878
"SARS-CoV2-5UTR-Amplicon-short-trimmed+3",27,"t",1137693,1027,0.0908
"SARS-CoV2-5UTR-Amplicon-short-trimmed+3",28,"t",1137704,2463,0.2163
"SARS-CoV2-5UTR-Amplicon-short-trimmed+3",29,"a",1137704,1103,0.097
"SARS-CoV2-5UTR-Amplicon-short-trimmed+3",30,"a",1137704,418,0.0368
"SARS-CoV2-5UTR-Amplicon-short-trimmed+3",31,"a",1137696,411,0.036
"SARS-CoV2-5UTR-Amplicon-short-trimmed+3",32,"a",1137696,371,0.0326
"SARS-CoV2-5UTR-Amplicon-short-trimmed+3",33,"t",1137696,2510,0.2202
"SARS-CoV2-5UTR-Amplicon-short-trimmed+3",34,"c",1137697,451,0.0397
"SARS-CoV2-5UTR-Amplicon-short-trimmed+3",35,"t",1137697,367,0.0322
"SARS-CoV2-5UTR-Amplicon-short-trimmed+3",36,"g",1137698,671,0.0591
"SARS-CoV2-5UTR-Amplicon-short-trimmed+3",37,"t",1137693,338,0.0297
"SARS-CoV2-5UTR-Amplicon-short-trimmed+3",38,"g",1137694,223,0.0196
"SARS-CoV2-5UTR-Amplicon-short-trimmed+3",39,"t",1137694,329,0.0289
"SARS-CoV2-5UTR-Amplicon-short-trimmed+3",40,"g",1137694,411,0.0362
"SARS-CoV2-5UTR-Amplicon-short-trimmed+3",41,"g",1137694,663,0.0584
"SARS-CoV2-5UTR-Amplicon-short-trimmed+3",42,"c",1137694,271,0.0239
"SARS-CoV2-5UTR-Amplicon-short-trimmed+3",43,"t",1137694,939,0.0829
"SARS-CoV2-5UTR-Amplicon-short-trimmed+3",44,"g",1137694,639,0.0564
"SARS-CoV2-5UTR-Amplicon-short-trimmed+3",45,"t",1137693,671,0.059
"SARS-CoV2-5UTR-Amplicon-short-trimmed+3",46,"c",1137693,224,0.0197
"SARS-CoV2-5UTR-Amplicon-short-trimmed+3",47,"a",1137687,567,0.0498
"SARS-CoV2-5UTR-Amplicon-short-trimmed+3",48,"c",1137687,241,0.0212
"SARS-CoV2-5UTR-Amplicon-short-trimmed+3",49,"t",1137687,287,0.0253
"SARS-CoV2-5UTR-Amplicon-short-trimmed+3",50,"c",1137683,257,0.0226
"SARS-CoV2-5UTR-Amplicon-short-trimmed+3",51,"g",1137683,486,0.0428
"SARS-CoV2-5UTR-Amplicon-short-trimmed+3",52,"g",1137683,1080,0.0951
"SARS-CoV2-5UTR-Amplicon-short-trimmed+3",53,"c",1137683,1200,0.1061
"SARS-CoV2-5UTR-Amplicon-short-trimmed+3",54,"t",1137683,597,0.0524
"SARS-CoV2-5UTR-Amplicon-short-trimmed+3",55,"g",1137683,1270,0.1122
"SARS-CoV2-5UTR-Amplicon-short-trimmed+3",56,"c",1137683,437,0.0384
"SARS-CoV2-5UTR-Amplicon-short-trimmed+3",57,"g",1137683,1288,0.1139
"SARS-CoV2-5UTR-Amplicon-short-trimmed+3",58,"t",1137683,410,0.036
"SARS-CoV2-5UTR-Amplicon-short-trimmed+3",59,"g",1137683,927,0.0816
"SARS-CoV2-5UTR-Amplicon-short-trimmed+3",60,"c",1137682,435,0.0383
"SARS-CoV2-5UTR-Amplicon-short-trimmed+3",61,"t",1137681,469,0.0412
"SARS-CoV2-5UTR-Amplicon-short-trimmed+3",62,"t",1137681,558,0.049
"SARS-CoV2-5UTR-Amplicon-short-trimmed+3",63,"a",1137681,552,0.0484
"SARS-CoV2-5UTR-Amplicon-short-trimmed+3",64,"g",1137675,355,0.0312
"SARS-CoV2-5UTR-Amplicon-short-trimmed+3",65,"t",1137675,517,0.0453
"SARS-CoV2-5UTR-Amplicon-short-trimmed+3",66,"g",1137675,759,0.0669
"SARS-CoV2-5UTR-Amplicon-short-trimmed+3",67,"c",1137675,785,0.069
"SARS-CoV2-5UTR-Amplicon-short-trimmed+3",68,"a",1137675,732,0.0643
"SARS-CoV2-5UTR-Amplicon-short-trimmed+3",69,"c",1137675,352,0.0309
"SARS-CoV2-5UTR-Amplicon-short-trimmed+3",70,"t",1137673,410,0.036
"SARS-CoV2-5UTR-Amplicon-short-trimmed+3",71,"c",1137673,564,0.0497
"SARS-CoV2-5UTR-Amplicon-short-trimmed+3",72,"a",1137673,558,0.049
"SARS-CoV2-5UTR-Amplicon-short-trimmed+3",73,"c",1137673,286,0.0251
"SARS-CoV2-5UTR-Amplicon-short-trimmed+3",74,"g",1137673,501,0.0441
"SARS-CoV2-5UTR-Amplicon-short-trimmed+3",75,"c",1137673,1502,0.1322
"SARS-CoV2-5UTR-Amplicon-short-trimmed+3",76,"a",1137673,723,0.0635
"SARS-CoV2-5UTR-Amplicon-short-trimmed+3",77,"g",1137672,647,0.0571
"SARS-CoV2-5UTR-Amplicon-short-trimmed+3",78,"t",1137672,691,0.0607
"SARS-CoV2-5UTR-Amplicon-short-trimmed+3",79,"a",1137645,669,0.0587
"SARS-CoV2-5UTR-Amplicon-short-trimmed+3",80,"t",1137647,271,0.0238
"SARS-CoV2-5UTR-Amplicon-short-trimmed+3",81,"a",1137646,451,0.0396
"SARS-CoV2-5UTR-Amplicon-short-trimmed+3",82,"a",1137644,931,0.0819
"SARS-CoV2-5UTR-Amplicon-short-trimmed+3",83,"t",1137642,343,0.0301
"SARS-CoV2-5UTR-Amplicon-short-trimmed+3",84,"t",1137633,972,0.0853
"SARS-CoV2-5UTR-Amplicon-short-trimmed+3",85,"a",1137630,770,0.0674
"SARS-CoV2-5UTR-Amplicon-short-trimmed+3",86,"a",1137629,472,0.0414
"SARS-CoV2-5UTR-Amplicon-short-trimmed+3",87,"t",1137632,453,0.0398
"SARS-CoV2-5UTR-Amplicon-short-trimmed+3",88,"a",1137632,570,0.05
"SARS-CoV2-5UTR-Amplicon-short-trimmed+3",89,"a",1137630,3121,0.2742
"SARS-CoV2-5UTR-Amplicon-short-trimmed+3",90,"c",1137631,513,0.0452
"SARS-CoV2-5UTR-Amplicon-short-trimmed+3",91,"t",1137636,508,0.0447
"SARS-CoV2-5UTR-Amplicon-short-trimmed+3",92,"a",1137636,442,0.0388
"SARS-CoV2-5UTR-Amplicon-short-trimmed+3",93,"a",1137639,434,0.038
"SARS-CoV2-5UTR-Amplicon-short-trimmed+3",94,"t",1137638,440,0.0388
"SARS-CoV2-5UTR-Amplicon-short-trimmed+3",95,"t",1137639,762,0.0669
"SARS-CoV2-5UTR-Amplicon-short-trimmed+3",96,"a",1137633,450,0.0394
"SARS-CoV2-5UTR-Amplicon-short-trimmed+3",97,"c",1137634,227,0.02
"SARS-CoV2-5UTR-Amplicon-short-trimmed+3",98,"t",1137633,437,0.0384
"SARS-CoV2-5UTR-Amplicon-short-trimmed+3",99,"g",1137633,596,0.0524
"SARS-CoV2-5UTR-Amplicon-short-trimmed+3",100,"t",1137632,572,0.0503
"SARS-CoV2-5UTR-Amplicon-short-trimmed+3",101,"c",1137633,320,0.0282
"SARS-CoV2-5UTR-Amplicon-short-trimmed+3",102,"g",1137654,517,0.0455
"SARS-CoV2-5UTR-Amplicon-short-trimmed+3",103,"t",1137656,517,0.0453
"SARS-CoV2-5UTR-Amplicon-short-trimmed+3",104,"t",1137662,815,0.0717
"SARS-CoV2-5UTR-Amplicon-short-trimmed+3",105,"g",1137665,450,0.0397
"SARS-CoV2-5UTR-Amplicon-short-trimmed+3",106,"a",1137687,600,0.0526
"SARS-CoV2-5UTR-Amplicon-short-trimmed+3",107,"c",1137701,596,0.0524
"SARS-CoV2-5UTR-Amplicon-short-trimmed+3",108,"a",1137718,795,0.0698
"SARS-CoV2-5UTR-Amplicon-short-trimmed+3",109,"g",1137789,465,0.0409
"SARS-CoV2-5UTR-Amplicon-short-trimmed+3",110,"g",1137976,1092,0.0959
"SARS-CoV2-5UTR-Amplicon-short-trimmed+3",111,"a",1138481,543,0.0475
"SARS-CoV2-5UTR-Amplicon-short-trimmed+3",112,"c",1139048,494,0.0434
"SARS-CoV2-5UTR-Amplicon-short-trimmed+3",113,"a",1140173,1228,0.1074
"SARS-CoV2-5UTR-Amplicon-short-trimmed+3",114,"c",1143017,614,0.0538
"SARS-CoV2-5UTR-Amplicon-short-trimmed+3",115,"g",1152921,367,0.0319
"SARS-CoV2-5UTR-Amplicon-short-trimmed+3",116,"a",1216160,803,0.0659
"SARS-CoV2-5UTR-Amplicon-short-trimmed+3",117,"g",2265295,1106,0.0489
"SARS-CoV2-5UTR-Amplicon-short-trimmed+3",118,"t",2270663,3049,0.1341
"SARS-CoV2-5UTR-Amplicon-short-trimmed+3",119,"a",2270705,3852,0.1693
"SARS-CoV2-5UTR-Amplicon-short-trimmed+3",120,"a",2270862,2608,0.1146
"SARS-CoV2-5UTR-Amplicon-short-trimmed+3",121,"c",2273205,2103,0.0924
"SARS-CoV2-5UTR-Amplicon-short-trimmed+3",122,"t",2274163,2998,0.1316
"SARS-CoV2-5UTR-Amplicon-short-trimmed+3",123,"c",2274852,2236,0.0981
"SARS-CoV2-5UTR-Amplicon-short-trimmed+3",124,"g",2275248,1820,0.0799
"SARS-CoV2-5UTR-Amplicon-short-trimmed+3",125,"t",2275781,3540,0.1552
"SARS-CoV2-5UTR-Amplicon-short-trimmed+3",126,"c",2275834,2016,0.0885
"SARS-CoV2-5UTR-Amplicon-short-trimmed+3",127,"t",2275701,1136,0.0498
"SARS-CoV2-5UTR-Amplicon-short-trimmed+3",128,"a",2275203,3385,0.1484
"SARS-CoV2-5UTR-Amplicon-short-trimmed+3",129,"t",2274425,6080,0.2668
"SARS-CoV2-5UTR-Amplicon-short-trimmed+3",130,"c",2274431,870,0.0382
"SARS-CoV2-5UTR-Amplicon-short-trimmed+3",131,"t",2274383,1662,0.0729
"SARS-CoV2-5UTR-Amplicon-short-trimmed+3",132,"t",2265971,1691,0.0745
"SARS-CoV2-5UTR-Amplicon-short-trimmed+3",133,"c",1241229,1481,0.1192
"SARS-CoV2-5UTR-Amplicon-short-trimmed+3",134,"t",1153038,1460,0.1264
"SARS-CoV2-5UTR-Amplicon-short-trimmed+3",135,"g",1143030,824,0.072
"SARS-CoV2-5UTR-Amplicon-short-trimmed+3",136,"c",1140627,4211,0.3687
"SARS-CoV2-5UTR-Amplicon-short-trimmed+3",137,"a",1140100,1397,0.1222
"SARS-CoV2-5UTR-Amplicon-short-trimmed+3",138,"g",1139618,740,0.065
"SARS-CoV2-5UTR-Amplicon-short-trimmed+3",139,"g",1139326,974,0.0853
"SARS-CoV2-5UTR-Amplicon-short-trimmed+3",140,"c",1139121,1282,0.1123
"SARS-CoV2-5UTR-Amplicon-short-trimmed+3",141,"t",1139043,2574,0.2254
"SARS-CoV2-5UTR-Amplicon-short-trimmed+3",142,"g",1138984,1902,0.1668
"SARS-CoV2-5UTR-Amplicon-short-trimmed+3",143,"c",1138962,5330,0.4682
"SARS-CoV2-5UTR-Amplicon-short-trimmed+3",144,"t",1138911,653,0.0572
"SARS-CoV2-5UTR-Amplicon-short-trimmed+3",145,"t",1138903,1721,0.1509
"SARS-CoV2-5UTR-Amplicon-short-trimmed+3",146,"a",1138843,4264,0.3739
"SARS-CoV2-5UTR-Amplicon-short-trimmed+3",147,"c",1138834,1226,0.1074
"SARS-CoV2-5UTR-Amplicon-short-trimmed+3",148,"g",1138834,601,0.0528
"SARS-CoV2-5UTR-Amplicon-short-trimmed+3",149,"g",1138813,585,0.0513
"SARS-CoV2-5UTR-Amplicon-short-trimmed+3",150,"t",1138814,1081,0.0948
"SARS-CoV2-5UTR-Amplicon-short-trimmed+3",151,"t",1138816,1068,0.0935
"SARS-CoV2-5UTR-Amplicon-short-trimmed+3",152,"t",1138816,2642,0.2314
"SARS-CoV2-5UTR-Amplicon-short-trimmed+3",153,"c",1138816,1662,0.1457
"SARS-CoV2-5UTR-Amplicon-short-trimmed+3",154,"g",1138816,540,0.0472
"SARS-CoV2-5UTR-Amplicon-short-trimmed+3",155,"t",1138817,2026,0.1775
"SARS-CoV2-5UTR-Amplicon-short-trimmed+3",156,"c",1138817,1372,0.1205
"SARS-CoV2-5UTR-Amplicon-short-trimmed+3",157,"c",1138816,1806,0.1584
"SARS-CoV2-5UTR-Amplicon-short-trimmed+3",158,"g",1138816,684,0.0601
"SARS-CoV2-5UTR-Amplicon-short-trimmed+3",159,"t",1138816,7633,0.6688
"SARS-CoV2-5UTR-Amplicon-short-trimmed+3",160,"g",1138816,569,0.0499
"SARS-CoV2-5UTR-Amplicon-short-trimmed+3",161,"t",1138817,942,0.0827
"SARS-CoV2-5UTR-Amplicon-short-trimmed+3",162,"t",1138818,4152,0.3644
"SARS-CoV2-5UTR-Amplicon-short-trimmed+3",163,"g",1138818,609,0.0535
"SARS-CoV2-5UTR-Amplicon-short-trimmed+3",164,"c",1138818,1778,0.1558
"SARS-CoV2-5UTR-Amplicon-short-trimmed+3",165,"a",1138823,1288,0.1129
"SARS-CoV2-5UTR-Amplicon-short-trimmed+3",166,"g",1138931,1316,0.1154
"SARS-CoV2-5UTR-Amplicon-short-trimmed+3",167,"c",1138934,1785,0.1566
"SARS-CoV2-5UTR-Amplicon-short-trimmed+3",168,"c",1138931,6391,0.5605
"SARS-CoV2-5UTR-Amplicon-short-trimmed+3",169,"g",1138931,1070,0.0939
"SARS-CoV2-5UTR-Amplicon-short-trimmed+3",170,"a",1138932,1025,0.0898
"SARS-CoV2-5UTR-Amplicon-short-trimmed+3",171,"t",1138932,1043,0.0914
"SARS-CoV2-5UTR-Amplicon-short-trimmed+3",172,"c",1138933,808,0.0707
"SARS-CoV2-5UTR-Amplicon-short-trimmed+3",173,"a",1138938,996,0.0872
"SARS-CoV2-5UTR-Amplicon-short-trimmed+3",174,"t",1138938,764,0.067
"SARS-CoV2-5UTR-Amplicon-short-trimmed+3",175,"c",1138938,1195,0.1049
"SARS-CoV2-5UTR-Amplicon-short-trimmed+3",176,"a",1138938,1386,0.1215
"SARS-CoV2-5UTR-Amplicon-short-trimmed+3",177,"g",1138938,728,0.0638
"SARS-CoV2-5UTR-Amplicon-short-trimmed+3",178,"c",1138938,6558,0.5742
"SARS-CoV2-5UTR-Amplicon-short-trimmed+3",179,"a",1138938,1296,0.1136
"SARS-CoV2-5UTR-Amplicon-short-trimmed+3",180,"c",1138938,923,0.0809
"SARS-CoV2-5UTR-Amplicon-short-trimmed+3",181,"a",1138938,780,0.0683
"SARS-CoV2-5UTR-Amplicon-short-trimmed+3",182,"t",1138939,709,0.0621
"SARS-CoV2-5UTR-Amplicon-short-trimmed+3",183,"c",1138939,478,0.0418
"SARS-CoV2-5UTR-Amplicon-short-trimmed+3",184,"t",1138939,1231,0.1079
"SARS-CoV2-5UTR-Amplicon-short-trimmed+3",185,"a",1138938,1371,0.1202
"SARS-CoV2-5UTR-Amplicon-short-trimmed+3",186,"g",1138938,543,0.0476
"SARS-CoV2-5UTR-Amplicon-short-trimmed+3",187,"g",1138938,516,0.0454
"SARS-CoV2-5UTR-Amplicon-short-trimmed+3",188,"t",1138938,4390,0.3852
"SARS-CoV2-5UTR-Amplicon-short-trimmed+3",189,"t",1138938,1593,0.1397
"SARS-CoV2-5UTR-Amplicon-short-trimmed+3",190,"t",1138938,2224,0.1949
"SARS-CoV2-5UTR-Amplicon-short-trimmed+3",191,"c",1138938,1118,0.0983
"SARS-CoV2-5UTR-Amplicon-short-trimmed+3",192,"g",1138935,330,0.029
"SARS-CoV2-5UTR-Amplicon-short-trimmed+3",193,"t",1138935,5856,0.5127
"SARS-CoV2-5UTR-Amplicon-short-trimmed+3",194,"c",1138935,748,0.0656
"SARS-CoV2-5UTR-Amplicon-short-trimmed+3",195,"c",1138935,1291,0.1134
"SARS-CoV2-5UTR-Amplicon-short-trimmed+3",196,"g",1138931,470,0.0411
"SARS-CoV2-5UTR-Amplicon-short-trimmed+3",197,"g",1138929,567,0.0499
"SARS-CoV2-5UTR-Amplicon-short-trimmed+3",198,"g",1138929,5041,0.4424
"SARS-CoV2-5UTR-Amplicon-short-trimmed+3",199,"t",1138928,1590,0.1394
"SARS-CoV2-5UTR-Amplicon-short-trimmed+3",200,"g",1138928,1874,0.1646
"SARS-CoV2-5UTR-Amplicon-short-trimmed+3",201,"t",1138926,3586,0.3146
"SARS-CoV2-5UTR-Amplicon-short-trimmed+3",202,"g",1138926,1000,0.0875
"SARS-CoV2-5UTR-Amplicon-short-trimmed+3",203,"a",1138926,1938,0.1698
"SARS-CoV2-5UTR-Amplicon-short-trimmed+3",204,"c",1138926,696,0.061
"SARS-CoV2-5UTR-Amplicon-short-trimmed+3",205,"c",1138926,450,0.0395
"SARS-CoV2-5UTR-Amplicon-short-trimmed+3",206,"g",1138926,611,0.0537
"SARS-CoV2-5UTR-Amplicon-short-trimmed+3",207,"a",1138926,845,0.0741
"SARS-CoV2-5UTR-Amplicon-short-trimmed+3",208,"a",1138926,510,0.0447
"SARS-CoV2-5UTR-Amplicon-short-trimmed+3",209,"a",1138926,1072,0.0941
"SARS-CoV2-5UTR-Amplicon-short-trimmed+3",210,"g",1138925,346,0.0303
"SARS-CoV2-5UTR-Amplicon-short-trimmed+3",211,"g",1138925,1538,0.1346
"SARS-CoV2-5UTR-Amplicon-short-trimmed+3",212,"t",1138925,937,0.0821
"SARS-CoV2-5UTR-Amplicon-short-trimmed+3",213,"a",1138924,639,0.056
"SARS-CoV2-5UTR-Amplicon-short-trimmed+3",214,"a",1138924,729,0.0639
"SARS-CoV2-5UTR-Amplicon-short-trimmed+3",215,"g",1138922,391,0.0344
"SARS-CoV2-5UTR-Amplicon-short-trimmed+3",216,"a",1139033,533,0.0468
"SARS-CoV2-5UTR-Amplicon-short-trimmed+3",217,"t",1139031,967,0.0848
"SARS-CoV2-5UTR-Amplicon-short-trimmed+3",218,"g",1139031,544,0.0479
"SARS-CoV2-5UTR-Amplicon-short-trimmed+3",219,"g",1139027,883,0.0775
"SARS-CoV2-5UTR-Amplicon-short-trimmed+3",220,"a",1139026,2051,0.1801
"SARS-CoV2-5UTR-Amplicon-short-trimmed+3",221,"g",1139026,1673,0.1469
"SARS-CoV2-5UTR-Amplicon-short-trimmed+3",222,"a",1138910,857,0.0753
"SARS-CoV2-5UTR-Amplicon-short-trimmed+3",223,"g",1138910,903,0.0791
"SARS-CoV2-5UTR-Amplicon-short-trimmed+3",224,"c",1138910,489,0.0428
"SARS-CoV2-5UTR-Amplicon-short-trimmed+3",225,"c",1138910,443,0.0389
"SARS-CoV2-5UTR-Amplicon-short-trimmed+3",226,"t",1138910,504,0.0441
"SARS-CoV2-5UTR-Amplicon-short-trimmed+3",227,"t",1138909,4949,0.434
"SARS-CoV2-5UTR-Amplicon-short-trimmed+3",228,"g",1138908,523,0.046
"SARS-CoV2-5UTR-Amplicon-short-trimmed+3",229,"t",1138907,1490,0.1306
"SARS-CoV2-5UTR-Amplicon-short-trimmed+3",230,"c",1138907,2939,0.2581
"SARS-CoV2-5UTR-Amplicon-short-trimmed+3",231,"c",1138907,367,0.0323
"SARS-CoV2-5UTR-Amplicon-short-trimmed+3",232,"c",1138905,670,0.0588
"SARS-CoV2-5UTR-Amplicon-short-trimmed+3",233,"t",1138895,1679,0.1474
"SARS-CoV2-5UTR-Amplicon-short-trimmed+3",234,"g",1138894,508,0.0446
"SARS-CoV2-5UTR-Amplicon-short-trimmed+3",235,"g",1138892,412,0.0363
"SARS-CoV2-5UTR-Amplicon-short-trimmed+3",236,"t",1138890,531,0.0466
"SARS-CoV2-5UTR-Amplicon-short-trimmed+3",237,"t",1138887,798,0.0699
"SARS-CoV2-5UTR-Amplicon-short-trimmed+3",238,"t",1138883,781,0.0683
"SARS-CoV2-5UTR-Amplicon-short-trimmed+3",239,"c",1138862,8012,0.7028
"SARS-CoV2-5UTR-Amplicon-short-trimmed+3",240,"a",1138813,831,0.0729
"SARS-CoV2-5UTR-Amplicon-short-trimmed+3",241,"a",1138784,526,0.0461
"SARS-CoV2-5UTR-Amplicon-short-trimmed+3",242,"c",1138757,671,0.0588
"SARS-CoV2-5UTR-Amplicon-short-trimmed+3",243,"g",1138715,406,0.0356
"SARS-CoV2-5UTR-Amplicon-short-trimmed+3",244,"a",1138572,1357,0.1191
"SARS-CoV2-5UTR-Amplicon-short-trimmed+3",245,"g",1137841,0,0
"SARS-CoV2-5UTR-Amplicon-short-trimmed+3",246,"g",1137438,0,0
"SARS-CoV2-5UTR-Amplicon-short-trimmed+3",247,"G",1136368,0,0
"SARS-CoV2-5UTR-Amplicon-short-trimmed+3",248,"A",1135497,0,0
"SARS-CoV2-5UTR-Amplicon-short-trimmed+3",249,"G",1135257,0,0
