"Region","Position","Ref_base","Total_depth","Total_mut","Mean_mut_percentage"
"SARS-CoV2-5UTR-Amplicon-short-trimmed+3",1,"T",1292988,0,0
"SARS-CoV2-5UTR-Amplicon-short-trimmed+3",2,"T",1294558,0,0
"SARS-CoV2-5UTR-Amplicon-short-trimmed+3",3,"G",1295521,0,0
"SARS-CoV2-5UTR-Amplicon-short-trimmed+3",4,"t",1298430,0,0
"SARS-CoV2-5UTR-Amplicon-short-trimmed+3",5,"a",1298985,0,0
"SARS-CoV2-5UTR-Amplicon-short-trimmed+3",6,"g",1299813,1796,0.1382
"SARS-CoV2-5UTR-Amplicon-short-trimmed+3",7,"a",1300073,887,0.0682
"SARS-CoV2-5UTR-Amplicon-short-trimmed+3",8,"t",1300096,1424,0.1096
"SARS-CoV2-5UTR-Amplicon-short-trimmed+3",9,"c",1300128,4252,0.327
"SARS-CoV2-5UTR-Amplicon-short-trimmed+3",10,"t",1301879,1296,0.0997
"SARS-CoV2-5UTR-Amplicon-short-trimmed+3",11,"g",1301900,6637,0.5108
"SARS-CoV2-5UTR-Amplicon-short-trimmed+3",12,"t",1301949,1469,0.1128
"SARS-CoV2-5UTR-Amplicon-short-trimmed+3",13,"t",1301976,1641,0.126
"SARS-CoV2-5UTR-Amplicon-short-trimmed+3",14,"c",1302005,6825,0.5242
"SARS-CoV2-5UTR-Amplicon-short-trimmed+3",15,"t",1302026,1282,0.0986
"SARS-CoV2-5UTR-Amplicon-short-trimmed+3",16,"c",1302046,6974,0.5358
"SARS-CoV2-5UTR-Amplicon-short-trimmed+3",17,"t",1302057,1445,0.1109
"SARS-CoV2-5UTR-Amplicon-short-trimmed+3",18,"a",1302059,991,0.0761
"SARS-CoV2-5UTR-Amplicon-short-trimmed+3",19,"a",1302062,656,0.0503
"SARS-CoV2-5UTR-Amplicon-short-trimmed+3",20,"a",1302127,886,0.068
"SARS-CoV2-5UTR-Amplicon-short-trimmed+3",21,"c",1302129,5575,0.4282
"SARS-CoV2-5UTR-Amplicon-short-trimmed+3",22,"g",1302139,1407,0.1081
"SARS-CoV2-5UTR-Amplicon-short-trimmed+3",23,"a",1302141,1019,0.0781
"SARS-CoV2-5UTR-Amplicon-short-trimmed+3",24,"a",1302141,578,0.0444
"SARS-CoV2-5UTR-Amplicon-short-trimmed+3",25,"c",1302142,13689,1.0513
"SARS-CoV2-5UTR-Amplicon-short-trimmed+3",26,"t",1302142,1929,0.1481
"SARS-CoV2-5UTR-Amplicon-short-trimmed+3",27,"t",1302144,1846,0.142
"SARS-CoV2-5UTR-Amplicon-short-trimmed+3",28,"t",1302157,4018,0.3086
"SARS-CoV2-5UTR-Amplicon-short-trimmed+3",29,"a",1302159,1656,0.1272
"SARS-CoV2-5UTR-Amplicon-short-trimmed+3",30,"a",1302161,775,0.0596
"SARS-CoV2-5UTR-Amplicon-short-trimmed+3",31,"a",1302101,711,0.0544
"SARS-CoV2-5UTR-Amplicon-short-trimmed+3",32,"a",1302101,925,0.071
"SARS-CoV2-5UTR-Amplicon-short-trimmed+3",33,"t",1302101,6017,0.462
"SARS-CoV2-5UTR-Amplicon-short-trimmed+3",34,"c",1302102,6293,0.4834
"SARS-CoV2-5UTR-Amplicon-short-trimmed+3",35,"t",1302098,1904,0.1463
"SARS-CoV2-5UTR-Amplicon-short-trimmed+3",36,"g",1302098,4807,0.3692
"SARS-CoV2-5UTR-Amplicon-short-trimmed+3",37,"t",1302087,1317,0.1013
"SARS-CoV2-5UTR-Amplicon-short-trimmed+3",38,"g",1302084,2752,0.2114
"SARS-CoV2-5UTR-Amplicon-short-trimmed+3",39,"t",1302084,1492,0.1148
"SARS-CoV2-5UTR-Amplicon-short-trimmed+3",40,"g",1302084,2742,0.2106
"SARS-CoV2-5UTR-Amplicon-short-trimmed+3",41,"g",1302084,2030,0.156
"SARS-CoV2-5UTR-Amplicon-short-trimmed+3",42,"c",1302084,6539,0.502
"SARS-CoV2-5UTR-Amplicon-short-trimmed+3",43,"t",1302084,2043,0.1572
"SARS-CoV2-5UTR-Amplicon-short-trimmed+3",44,"g",1302085,2645,0.2032
"SARS-CoV2-5UTR-Amplicon-short-trimmed+3",45,"t",1302085,2460,0.1889
"SARS-CoV2-5UTR-Amplicon-short-trimmed+3",46,"c",1302085,5371,0.4126
"SARS-CoV2-5UTR-Amplicon-short-trimmed+3",47,"a",1302073,1582,0.1214
"SARS-CoV2-5UTR-Amplicon-short-trimmed+3",48,"c",1302072,6072,0.4665
"SARS-CoV2-5UTR-Amplicon-short-trimmed+3",49,"t",1302082,1191,0.0915
"SARS-CoV2-5UTR-Amplicon-short-trimmed+3",50,"c",1302081,8151,0.6258
"SARS-CoV2-5UTR-Amplicon-short-trimmed+3",51,"g",1302081,3361,0.2582
"SARS-CoV2-5UTR-Amplicon-short-trimmed+3",52,"g",1302081,2811,0.216
"SARS-CoV2-5UTR-Amplicon-short-trimmed+3",53,"c",1302081,6168,0.4743
"SARS-CoV2-5UTR-Amplicon-short-trimmed+3",54,"t",1302081,1992,0.1529
"SARS-CoV2-5UTR-Amplicon-short-trimmed+3",55,"g",1302081,3459,0.266
"SARS-CoV2-5UTR-Amplicon-short-trimmed+3",56,"c",1302081,5965,0.4578
"SARS-CoV2-5UTR-Amplicon-short-trimmed+3",57,"g",1302081,2726,0.2096
"SARS-CoV2-5UTR-Amplicon-short-trimmed+3",58,"t",1302081,1199,0.092
"SARS-CoV2-5UTR-Amplicon-short-trimmed+3",59,"g",1302071,2341,0.1799
"SARS-CoV2-5UTR-Amplicon-short-trimmed+3",60,"c",1302071,5913,0.4542
"SARS-CoV2-5UTR-Amplicon-short-trimmed+3",61,"t",1302071,2225,0.1708
"SARS-CoV2-5UTR-Amplicon-short-trimmed+3",62,"t",1302071,2150,0.1652
"SARS-CoV2-5UTR-Amplicon-short-trimmed+3",63,"a",1302087,2450,0.1881
"SARS-CoV2-5UTR-Amplicon-short-trimmed+3",64,"g",1302086,2611,0.2006
"SARS-CoV2-5UTR-Amplicon-short-trimmed+3",65,"t",1302086,1836,0.1411
"SARS-CoV2-5UTR-Amplicon-short-trimmed+3",66,"g",1302086,2914,0.2238
"SARS-CoV2-5UTR-Amplicon-short-trimmed+3",67,"c",1302086,4157,0.3195
"SARS-CoV2-5UTR-Amplicon-short-trimmed+3",68,"a",1302086,1678,0.1287
"SARS-CoV2-5UTR-Amplicon-short-trimmed+3",69,"c",1302087,5633,0.4324
"SARS-CoV2-5UTR-Amplicon-short-trimmed+3",70,"t",1302087,1625,0.125
"SARS-CoV2-5UTR-Amplicon-short-trimmed+3",71,"c",1302091,1453,0.1118
"SARS-CoV2-5UTR-Amplicon-short-trimmed+3",72,"a",1302091,1474,0.1131
"SARS-CoV2-5UTR-Amplicon-short-trimmed+3",73,"c",1302069,5311,0.4075
"SARS-CoV2-5UTR-Amplicon-short-trimmed+3",74,"g",1302069,1940,0.149
"SARS-CoV2-5UTR-Amplicon-short-trimmed+3",75,"c",1302069,5992,0.4602
"SARS-CoV2-5UTR-Amplicon-short-trimmed+3",76,"a",1302069,1592,0.1222
"SARS-CoV2-5UTR-Amplicon-short-trimmed+3",77,"g",1302049,2048,0.1573
"SARS-CoV2-5UTR-Amplicon-short-trimmed+3",78,"t",1302049,1148,0.0882
"SARS-CoV2-5UTR-Amplicon-short-trimmed+3",79,"a",1302026,1546,0.1187
"SARS-CoV2-5UTR-Amplicon-short-trimmed+3",80,"t",1302044,1093,0.0839
"SARS-CoV2-5UTR-Amplicon-short-trimmed+3",81,"a",1302045,922,0.0708
"SARS-CoV2-5UTR-Amplicon-short-trimmed+3",82,"a",1302045,2428,0.1866
"SARS-CoV2-5UTR-Amplicon-short-trimmed+3",83,"t",1302027,1315,0.101
"SARS-CoV2-5UTR-Amplicon-short-trimmed+3",84,"t",1302037,1790,0.1375
"SARS-CoV2-5UTR-Amplicon-short-trimmed+3",85,"a",1302037,1290,0.0992
"SARS-CoV2-5UTR-Amplicon-short-trimmed+3",86,"a",1302026,1461,0.1124
"SARS-CoV2-5UTR-Amplicon-short-trimmed+3",87,"t",1302050,909,0.0699
"SARS-CoV2-5UTR-Amplicon-short-trimmed+3",88,"a",1302062,974,0.0748
"SARS-CoV2-5UTR-Amplicon-short-trimmed+3",89,"a",1302207,4120,0.3162
"SARS-CoV2-5UTR-Amplicon-short-trimmed+3",90,"c",1302224,5352,0.4108
"SARS-CoV2-5UTR-Amplicon-short-trimmed+3",91,"t",1302282,1357,0.1042
"SARS-CoV2-5UTR-Amplicon-short-trimmed+3",92,"a",1302268,1207,0.0928
"SARS-CoV2-5UTR-Amplicon-short-trimmed+3",93,"a",1302269,1497,0.1149
"SARS-CoV2-5UTR-Amplicon-short-trimmed+3",94,"t",1302269,1149,0.0882
"SARS-CoV2-5UTR-Amplicon-short-trimmed+3",95,"t",1302270,1284,0.0985
"SARS-CoV2-5UTR-Amplicon-short-trimmed+3",96,"a",1302244,1129,0.0867
"SARS-CoV2-5UTR-Amplicon-short-trimmed+3",97,"c",1302243,5526,0.4242
"SARS-CoV2-5UTR-Amplicon-short-trimmed+3",98,"t",1302246,1439,0.1105
"SARS-CoV2-5UTR-Amplicon-short-trimmed+3",99,"g",1302234,2671,0.2053
"SARS-CoV2-5UTR-Amplicon-short-trimmed+3",100,"t",1302215,2402,0.1844
"SARS-CoV2-5UTR-Amplicon-short-trimmed+3",101,"c",1302214,6770,0.5196
"SARS-CoV2-5UTR-Amplicon-short-trimmed+3",102,"g",1302197,4085,0.3137
"SARS-CoV2-5UTR-Amplicon-short-trimmed+3",103,"t",1302205,1457,0.1119
"SARS-CoV2-5UTR-Amplicon-short-trimmed+3",104,"t",1302217,1966,0.151
"SARS-CoV2-5UTR-Amplicon-short-trimmed+3",105,"g",1302229,1378,0.1059
"SARS-CoV2-5UTR-Amplicon-short-trimmed+3",106,"a",1302283,1317,0.101
"SARS-CoV2-5UTR-Amplicon-short-trimmed+3",107,"c",1302341,4964,0.3812
"SARS-CoV2-5UTR-Amplicon-short-trimmed+3",108,"a",1302393,1546,0.1187
"SARS-CoV2-5UTR-Amplicon-short-trimmed+3",109,"g",1302524,2564,0.1969
"SARS-CoV2-5UTR-Amplicon-short-trimmed+3",110,"g",1302774,2093,0.1608
"SARS-CoV2-5UTR-Amplicon-short-trimmed+3",111,"a",1303360,1253,0.0962
"SARS-CoV2-5UTR-Amplicon-short-trimmed+3",112,"c",1304242,5576,0.4274
"SARS-CoV2-5UTR-Amplicon-short-trimmed+3",113,"a",1306155,1727,0.132
"SARS-CoV2-5UTR-Amplicon-short-trimmed+3",114,"c",1311378,5796,0.4416
"SARS-CoV2-5UTR-Amplicon-short-trimmed+3",115,"g",1332056,1571,0.118
"SARS-CoV2-5UTR-Amplicon-short-trimmed+3",116,"a",1412313,2458,0.1741
"SARS-CoV2-5UTR-Amplicon-short-trimmed+3",117,"g",2590402,4650,0.1794
"SARS-CoV2-5UTR-Amplicon-short-trimmed+3",118,"t",2596763,4319,0.1663
"SARS-CoV2-5UTR-Amplicon-short-trimmed+3",119,"a",2596882,5230,0.2012
"SARS-CoV2-5UTR-Amplicon-short-trimmed+3",120,"a",2597152,4192,0.1613
"SARS-CoV2-5UTR-Amplicon-short-trimmed+3",121,"c",2600131,11829,0.4546
"SARS-CoV2-5UTR-Amplicon-short-trimmed+3",122,"t",2601507,5484,0.2108
"SARS-CoV2-5UTR-Amplicon-short-trimmed+3",123,"c",2602433,15375,0.5908
"SARS-CoV2-5UTR-Amplicon-short-trimmed+3",124,"g",2602942,6849,0.2633
"SARS-CoV2-5UTR-Amplicon-short-trimmed+3",125,"t",2603776,7110,0.2728
"SARS-CoV2-5UTR-Amplicon-short-trimmed+3",126,"c",2603837,15108,0.58
"SARS-CoV2-5UTR-Amplicon-short-trimmed+3",127,"t",2603743,1991,0.0764
"SARS-CoV2-5UTR-Amplicon-short-trimmed+3",128,"a",2603065,5809,0.223
"SARS-CoV2-5UTR-Amplicon-short-trimmed+3",129,"t",2602216,10909,0.4188
"SARS-CoV2-5UTR-Amplicon-short-trimmed+3",130,"c",2601562,14500,0.5572
"SARS-CoV2-5UTR-Amplicon-short-trimmed+3",131,"t",2601555,3510,0.1348
"SARS-CoV2-5UTR-Amplicon-short-trimmed+3",132,"t",2591694,4988,0.1924
"SARS-CoV2-5UTR-Amplicon-short-trimmed+3",133,"c",1440135,9457,0.6565
"SARS-CoV2-5UTR-Amplicon-short-trimmed+3",134,"t",1328848,2762,0.2076
"SARS-CoV2-5UTR-Amplicon-short-trimmed+3",135,"g",1310696,3212,0.2451
"SARS-CoV2-5UTR-Amplicon-short-trimmed+3",136,"c",1306286,10529,0.8055
"SARS-CoV2-5UTR-Amplicon-short-trimmed+3",137,"a",1305554,2503,0.1916
"SARS-CoV2-5UTR-Amplicon-short-trimmed+3",138,"g",1304812,2068,0.1583
"SARS-CoV2-5UTR-Amplicon-short-trimmed+3",139,"g",1304415,2250,0.1724
"SARS-CoV2-5UTR-Amplicon-short-trimmed+3",140,"c",1304087,3911,0.2997
"SARS-CoV2-5UTR-Amplicon-short-trimmed+3",141,"t",1303958,4546,0.3484
"SARS-CoV2-5UTR-Amplicon-short-trimmed+3",142,"g",1303895,3052,0.2339
"SARS-CoV2-5UTR-Amplicon-short-trimmed+3",143,"c",1303845,8201,0.629
"SARS-CoV2-5UTR-Amplicon-short-trimmed+3",144,"t",1303687,1363,0.1045
"SARS-CoV2-5UTR-Amplicon-short-trimmed+3",145,"t",1303652,2811,0.2153
"SARS-CoV2-5UTR-Amplicon-short-trimmed+3",146,"a",1303572,5303,0.4065
"SARS-CoV2-5UTR-Amplicon-short-trimmed+3",147,"c",1303562,3979,0.3047
"SARS-CoV2-5UTR-Amplicon-short-trimmed+3",148,"g",1303552,2182,0.1674
"SARS-CoV2-5UTR-Amplicon-short-trimmed+3",149,"g",1303531,2921,0.2239
"SARS-CoV2-5UTR-Amplicon-short-trimmed+3",150,"t",1303531,2579,0.1978
"SARS-CoV2-5UTR-Amplicon-short-trimmed+3",151,"t",1303536,2524,0.1936
"SARS-CoV2-5UTR-Amplicon-short-trimmed+3",152,"t",1303518,5273,0.4042
"SARS-CoV2-5UTR-Amplicon-short-trimmed+3",153,"c",1303518,9732,0.7464
"SARS-CoV2-5UTR-Amplicon-short-trimmed+3",154,"g",1303518,2401,0.1841
"SARS-CoV2-5UTR-Amplicon-short-trimmed+3",155,"t",1303499,3474,0.2664
"SARS-CoV2-5UTR-Amplicon-short-trimmed+3",156,"c",1303500,3969,0.3043
"SARS-CoV2-5UTR-Amplicon-short-trimmed+3",157,"c",1303490,5047,0.3868
"SARS-CoV2-5UTR-Amplicon-short-trimmed+3",158,"g",1303265,2399,0.184
"SARS-CoV2-5UTR-Amplicon-short-trimmed+3",159,"t",1303241,11109,0.8515
"SARS-CoV2-5UTR-Amplicon-short-trimmed+3",160,"g",1303243,2546,0.1955
"SARS-CoV2-5UTR-Amplicon-short-trimmed+3",161,"t",1303242,2227,0.1708
"SARS-CoV2-5UTR-Amplicon-short-trimmed+3",162,"t",1303239,5183,0.3976
"SARS-CoV2-5UTR-Amplicon-short-trimmed+3",163,"g",1303240,1291,0.099
"SARS-CoV2-5UTR-Amplicon-short-trimmed+3",164,"c",1303237,3782,0.29
"SARS-CoV2-5UTR-Amplicon-short-trimmed+3",165,"a",1303248,1888,0.1448
"SARS-CoV2-5UTR-Amplicon-short-trimmed+3",166,"g",1303360,2252,0.1725
"SARS-CoV2-5UTR-Amplicon-short-trimmed+3",167,"c",1303363,3620,0.2774
"SARS-CoV2-5UTR-Amplicon-short-trimmed+3",168,"c",1303365,10599,0.8119
"SARS-CoV2-5UTR-Amplicon-short-trimmed+3",169,"g",1303366,2386,0.183
"SARS-CoV2-5UTR-Amplicon-short-trimmed+3",170,"a",1303367,1928,0.1479
"SARS-CoV2-5UTR-Amplicon-short-trimmed+3",171,"t",1303392,1998,0.1532
"SARS-CoV2-5UTR-Amplicon-short-trimmed+3",172,"c",1303394,6541,0.5016
"SARS-CoV2-5UTR-Amplicon-short-trimmed+3",173,"a",1303425,1690,0.1296
"SARS-CoV2-5UTR-Amplicon-short-trimmed+3",174,"t",1303426,1972,0.1512
"SARS-CoV2-5UTR-Amplicon-short-trimmed+3",175,"c",1303428,6986,0.5357
"SARS-CoV2-5UTR-Amplicon-short-trimmed+3",176,"a",1303423,2182,0.1673
"SARS-CoV2-5UTR-Amplicon-short-trimmed+3",177,"g",1303422,2002,0.1534
"SARS-CoV2-5UTR-Amplicon-short-trimmed+3",178,"c",1303422,13410,1.028
"SARS-CoV2-5UTR-Amplicon-short-trimmed+3",179,"a",1303419,2618,0.2007
"SARS-CoV2-5UTR-Amplicon-short-trimmed+3",180,"c",1303423,5442,0.4172
"SARS-CoV2-5UTR-Amplicon-short-trimmed+3",181,"a",1303425,1536,0.1177
"SARS-CoV2-5UTR-Amplicon-short-trimmed+3",182,"t",1303425,4318,0.331
"SARS-CoV2-5UTR-Amplicon-short-trimmed+3",183,"c",1303423,6300,0.4831
"SARS-CoV2-5UTR-Amplicon-short-trimmed+3",184,"t",1303428,2209,0.1693
"SARS-CoV2-5UTR-Amplicon-short-trimmed+3",185,"a",1303420,2846,0.2182
"SARS-CoV2-5UTR-Amplicon-short-trimmed+3",186,"g",1303417,2739,0.2101
"SARS-CoV2-5UTR-Amplicon-short-trimmed+3",187,"g",1303417,3359,0.2578
"SARS-CoV2-5UTR-Amplicon-short-trimmed+3",188,"t",1303418,6160,0.4728
"SARS-CoV2-5UTR-Amplicon-short-trimmed+3",189,"t",1303418,3046,0.2334
"SARS-CoV2-5UTR-Amplicon-short-trimmed+3",190,"t",1303425,4238,0.3249
"SARS-CoV2-5UTR-Amplicon-short-trimmed+3",191,"c",1303424,8840,0.6782
"SARS-CoV2-5UTR-Amplicon-short-trimmed+3",192,"g",1303425,2726,0.2091
"SARS-CoV2-5UTR-Amplicon-short-trimmed+3",193,"t",1303426,9072,0.6951
"SARS-CoV2-5UTR-Amplicon-short-trimmed+3",194,"c",1303426,6646,0.5098
"SARS-CoV2-5UTR-Amplicon-short-trimmed+3",195,"c",1303426,8101,0.6214
"SARS-CoV2-5UTR-Amplicon-short-trimmed+3",196,"g",1303377,3211,0.2462
"SARS-CoV2-5UTR-Amplicon-short-trimmed+3",197,"g",1303370,3052,0.2339
"SARS-CoV2-5UTR-Amplicon-short-trimmed+3",198,"g",1303383,7866,0.6037
"SARS-CoV2-5UTR-Amplicon-short-trimmed+3",199,"t",1303382,4118,0.3158
"SARS-CoV2-5UTR-Amplicon-short-trimmed+3",200,"g",1303370,4304,0.3306
"SARS-CoV2-5UTR-Amplicon-short-trimmed+3",201,"t",1303367,5234,0.4016
"SARS-CoV2-5UTR-Amplicon-short-trimmed+3",202,"g",1303367,2432,0.1866
"SARS-CoV2-5UTR-Amplicon-short-trimmed+3",203,"a",1303367,2746,0.2105
"SARS-CoV2-5UTR-Amplicon-short-trimmed+3",204,"c",1303367,5222,0.4004
"SARS-CoV2-5UTR-Amplicon-short-trimmed+3",205,"c",1303367,5833,0.4476
"SARS-CoV2-5UTR-Amplicon-short-trimmed+3",206,"g",1303367,2762,0.2116
"SARS-CoV2-5UTR-Amplicon-short-trimmed+3",207,"a",1303350,1468,0.1125
"SARS-CoV2-5UTR-Amplicon-short-trimmed+3",208,"a",1303345,841,0.0644
"SARS-CoV2-5UTR-Amplicon-short-trimmed+3",209,"a",1303345,1755,0.1345
"SARS-CoV2-5UTR-Amplicon-short-trimmed+3",210,"g",1303346,2140,0.1642
"SARS-CoV2-5UTR-Amplicon-short-trimmed+3",211,"g",1303355,3125,0.2397
"SARS-CoV2-5UTR-Amplicon-short-trimmed+3",212,"t",1303372,1433,0.1099
"SARS-CoV2-5UTR-Amplicon-short-trimmed+3",213,"a",1303364,1099,0.0842
"SARS-CoV2-5UTR-Amplicon-short-trimmed+3",214,"a",1303362,1738,0.1334
"SARS-CoV2-5UTR-Amplicon-short-trimmed+3",215,"g",1303362,1589,0.1219
"SARS-CoV2-5UTR-Amplicon-short-trimmed+3",216,"a",1303465,1574,0.1207
"SARS-CoV2-5UTR-Amplicon-short-trimmed+3",217,"t",1303463,1931,0.1481
"SARS-CoV2-5UTR-Amplicon-short-trimmed+3",218,"g",1303465,2314,0.1774
"SARS-CoV2-5UTR-Amplicon-short-trimmed+3",219,"g",1303460,2295,0.176
"SARS-CoV2-5UTR-Amplicon-short-trimmed+3",220,"a",1303459,3893,0.2984
"SARS-CoV2-5UTR-Amplicon-short-trimmed+3",221,"g",1303459,3246,0.2489
"SARS-CoV2-5UTR-Amplicon-short-trimmed+3",222,"a",1303323,1580,0.1212
"SARS-CoV2-5UTR-Amplicon-short-trimmed+3",223,"g",1303322,2211,0.1695
"SARS-CoV2-5UTR-Amplicon-short-trimmed+3",224,"c",1303322,5462,0.4188
"SARS-CoV2-5UTR-Amplicon-short-trimmed+3",225,"c",1303322,6589,0.5054
"SARS-CoV2-5UTR-Amplicon-short-trimmed+3",226,"t",1303313,1397,0.1071
"SARS-CoV2-5UTR-Amplicon-short-trimmed+3",227,"t",1303309,7580,0.581
"SARS-CoV2-5UTR-Amplicon-short-trimmed+3",228,"g",1303301,2434,0.1868
"SARS-CoV2-5UTR-Amplicon-short-trimmed+3",229,"t",1303301,3059,0.2346
"SARS-CoV2-5UTR-Amplicon-short-trimmed+3",230,"c",1303291,7322,0.5618
"SARS-CoV2-5UTR-Amplicon-short-trimmed+3",231,"c",1303286,5339,0.4097
"SARS-CoV2-5UTR-Amplicon-short-trimmed+3",232,"c",1303283,5940,0.4557
"SARS-CoV2-5UTR-Amplicon-short-trimmed+3",233,"t",1303043,2903,0.2225
"SARS-CoV2-5UTR-Amplicon-short-trimmed+3",234,"g",1303026,3166,0.2429
"SARS-CoV2-5UTR-Amplicon-short-trimmed+3",235,"g",1303018,3634,0.2789
"SARS-CoV2-5UTR-Amplicon-short-trimmed+3",236,"t",1303012,1185,0.0908
"SARS-CoV2-5UTR-Amplicon-short-trimmed+3",237,"t",1303005,1273,0.0975
"SARS-CoV2-5UTR-Amplicon-short-trimmed+3",238,"t",1302925,2040,0.1565
"SARS-CoV2-5UTR-Amplicon-short-trimmed+3",239,"c",1302741,14173,1.0877
"SARS-CoV2-5UTR-Amplicon-short-trimmed+3",240,"a",1302586,1167,0.0895
"SARS-CoV2-5UTR-Amplicon-short-trimmed+3",241,"a",1302244,1002,0.0769
"SARS-CoV2-5UTR-Amplicon-short-trimmed+3",242,"c",1300825,4599,0.3535
"SARS-CoV2-5UTR-Amplicon-short-trimmed+3",243,"g",1300712,1318,0.1013
"SARS-CoV2-5UTR-Amplicon-short-trimmed+3",244,"a",1300499,2650,0.2038
"SARS-CoV2-5UTR-Amplicon-short-trimmed+3",245,"g",1298587,0,0
"SARS-CoV2-5UTR-Amplicon-short-trimmed+3",246,"g",1296477,0,0
"SARS-CoV2-5UTR-Amplicon-short-trimmed+3",247,"G",1294251,2,1e-04
"SARS-CoV2-5UTR-Amplicon-short-trimmed+3",248,"A",1292520,0,0
"SARS-CoV2-5UTR-Amplicon-short-trimmed+3",249,"G",1291607,0,0
