"Region","Position","Ref_base","Total_depth","Total_mut","Mean_mut_percentage"
"SARS-CoV2-5UTR-Amplicon-short-trimmed+3",1,"T",2271127,0,0
"SARS-CoV2-5UTR-Amplicon-short-trimmed+3",2,"T",2272960,0,0
"SARS-CoV2-5UTR-Amplicon-short-trimmed+3",3,"G",2273990,0,0
"SARS-CoV2-5UTR-Amplicon-short-trimmed+3",4,"t",2279839,0,0
"SARS-CoV2-5UTR-Amplicon-short-trimmed+3",5,"a",2280907,0,0
"SARS-CoV2-5UTR-Amplicon-short-trimmed+3",6,"g",2281852,3270,0.1432
"SARS-CoV2-5UTR-Amplicon-short-trimmed+3",7,"a",2283233,689,0.0302
"SARS-CoV2-5UTR-Amplicon-short-trimmed+3",8,"t",2283609,2191,0.0959
"SARS-CoV2-5UTR-Amplicon-short-trimmed+3",9,"c",2284236,1763,0.0771
"SARS-CoV2-5UTR-Amplicon-short-trimmed+3",10,"t",2284605,1041,0.0455
"SARS-CoV2-5UTR-Amplicon-short-trimmed+3",11,"g",2284818,8374,0.3662
"SARS-CoV2-5UTR-Amplicon-short-trimmed+3",12,"t",2284913,1730,0.0757
"SARS-CoV2-5UTR-Amplicon-short-trimmed+3",13,"t",2285051,1577,0.069
"SARS-CoV2-5UTR-Amplicon-short-trimmed+3",14,"c",2285123,1969,0.0861
"SARS-CoV2-5UTR-Amplicon-short-trimmed+3",15,"t",2285274,1963,0.0859
"SARS-CoV2-5UTR-Amplicon-short-trimmed+3",16,"c",2285312,1787,0.0781
"SARS-CoV2-5UTR-Amplicon-short-trimmed+3",17,"t",2285357,680,0.0297
"SARS-CoV2-5UTR-Amplicon-short-trimmed+3",18,"a",2285398,1482,0.0649
"SARS-CoV2-5UTR-Amplicon-short-trimmed+3",19,"a",2285415,1295,0.0566
"SARS-CoV2-5UTR-Amplicon-short-trimmed+3",20,"a",2285626,1171,0.0513
"SARS-CoV2-5UTR-Amplicon-short-trimmed+3",21,"c",2285655,1082,0.0474
"SARS-CoV2-5UTR-Amplicon-short-trimmed+3",22,"g",2285664,3706,0.1622
"SARS-CoV2-5UTR-Amplicon-short-trimmed+3",23,"a",2285664,1162,0.0509
"SARS-CoV2-5UTR-Amplicon-short-trimmed+3",24,"a",2285667,1220,0.0533
"SARS-CoV2-5UTR-Amplicon-short-trimmed+3",25,"c",2285675,38036,1.6639
"SARS-CoV2-5UTR-Amplicon-short-trimmed+3",26,"t",2285679,5100,0.2232
"SARS-CoV2-5UTR-Amplicon-short-trimmed+3",27,"t",2285679,2316,0.1013
"SARS-CoV2-5UTR-Amplicon-short-trimmed+3",28,"t",2285695,5367,0.2349
"SARS-CoV2-5UTR-Amplicon-short-trimmed+3",29,"a",2285695,3113,0.1362
"SARS-CoV2-5UTR-Amplicon-short-trimmed+3",30,"a",2285699,1519,0.0665
"SARS-CoV2-5UTR-Amplicon-short-trimmed+3",31,"a",2285667,1330,0.0582
"SARS-CoV2-5UTR-Amplicon-short-trimmed+3",32,"a",2285677,1105,0.0483
"SARS-CoV2-5UTR-Amplicon-short-trimmed+3",33,"t",2285726,6153,0.2692
"SARS-CoV2-5UTR-Amplicon-short-trimmed+3",34,"c",2285700,1753,0.0767
"SARS-CoV2-5UTR-Amplicon-short-trimmed+3",35,"t",2285704,3096,0.1356
"SARS-CoV2-5UTR-Amplicon-short-trimmed+3",36,"g",2285703,8303,0.3634
"SARS-CoV2-5UTR-Amplicon-short-trimmed+3",37,"t",2285666,1454,0.0636
"SARS-CoV2-5UTR-Amplicon-short-trimmed+3",38,"g",2285598,4709,0.2062
"SARS-CoV2-5UTR-Amplicon-short-trimmed+3",39,"t",2285599,1253,0.0548
"SARS-CoV2-5UTR-Amplicon-short-trimmed+3",40,"g",2285605,5285,0.2314
"SARS-CoV2-5UTR-Amplicon-short-trimmed+3",41,"g",2285605,5655,0.2475
"SARS-CoV2-5UTR-Amplicon-short-trimmed+3",42,"c",2285604,2738,0.1198
"SARS-CoV2-5UTR-Amplicon-short-trimmed+3",43,"t",2285594,3001,0.1311
"SARS-CoV2-5UTR-Amplicon-short-trimmed+3",44,"g",2285594,4783,0.2092
"SARS-CoV2-5UTR-Amplicon-short-trimmed+3",45,"t",2285587,3332,0.1457
"SARS-CoV2-5UTR-Amplicon-short-trimmed+3",46,"c",2285587,1455,0.0636
"SARS-CoV2-5UTR-Amplicon-short-trimmed+3",47,"a",2285517,2214,0.097
"SARS-CoV2-5UTR-Amplicon-short-trimmed+3",48,"c",2285503,1631,0.0714
"SARS-CoV2-5UTR-Amplicon-short-trimmed+3",49,"t",2285516,1655,0.0723
"SARS-CoV2-5UTR-Amplicon-short-trimmed+3",50,"c",2285506,2863,0.1254
"SARS-CoV2-5UTR-Amplicon-short-trimmed+3",51,"g",2285505,5784,0.2531
"SARS-CoV2-5UTR-Amplicon-short-trimmed+3",52,"g",2285504,9839,0.4306
"SARS-CoV2-5UTR-Amplicon-short-trimmed+3",53,"c",2285504,3585,0.1566
"SARS-CoV2-5UTR-Amplicon-short-trimmed+3",54,"t",2285505,3136,0.1373
"SARS-CoV2-5UTR-Amplicon-short-trimmed+3",55,"g",2285505,6167,0.2698
"SARS-CoV2-5UTR-Amplicon-short-trimmed+3",56,"c",2285533,2929,0.1281
"SARS-CoV2-5UTR-Amplicon-short-trimmed+3",57,"g",2285533,5640,0.2468
"SARS-CoV2-5UTR-Amplicon-short-trimmed+3",58,"t",2285533,1834,0.0802
"SARS-CoV2-5UTR-Amplicon-short-trimmed+3",59,"g",2285492,5685,0.2488
"SARS-CoV2-5UTR-Amplicon-short-trimmed+3",60,"c",2285492,2326,0.1018
"SARS-CoV2-5UTR-Amplicon-short-trimmed+3",61,"t",2285384,2815,0.1232
"SARS-CoV2-5UTR-Amplicon-short-trimmed+3",62,"t",2285384,3287,0.1439
"SARS-CoV2-5UTR-Amplicon-short-trimmed+3",63,"a",2285348,3538,0.1549
"SARS-CoV2-5UTR-Amplicon-short-trimmed+3",64,"g",2285348,4473,0.1959
"SARS-CoV2-5UTR-Amplicon-short-trimmed+3",65,"t",2285348,1612,0.0705
"SARS-CoV2-5UTR-Amplicon-short-trimmed+3",66,"g",2285347,6740,0.2951
"SARS-CoV2-5UTR-Amplicon-short-trimmed+3",67,"c",2285347,4857,0.2126
"SARS-CoV2-5UTR-Amplicon-short-trimmed+3",68,"a",2285347,1905,0.0834
"SARS-CoV2-5UTR-Amplicon-short-trimmed+3",69,"c",2285347,1761,0.0771
"SARS-CoV2-5UTR-Amplicon-short-trimmed+3",70,"t",2285346,1577,0.069
"SARS-CoV2-5UTR-Amplicon-short-trimmed+3",71,"c",2285346,1977,0.0864
"SARS-CoV2-5UTR-Amplicon-short-trimmed+3",72,"a",2285297,1860,0.0814
"SARS-CoV2-5UTR-Amplicon-short-trimmed+3",73,"c",2285261,1821,0.0797
"SARS-CoV2-5UTR-Amplicon-short-trimmed+3",74,"g",2285262,6158,0.2696
"SARS-CoV2-5UTR-Amplicon-short-trimmed+3",75,"c",2285233,3566,0.156
"SARS-CoV2-5UTR-Amplicon-short-trimmed+3",76,"a",2285235,1813,0.0793
"SARS-CoV2-5UTR-Amplicon-short-trimmed+3",77,"g",2285235,3606,0.1578
"SARS-CoV2-5UTR-Amplicon-short-trimmed+3",78,"t",2285197,1397,0.0611
"SARS-CoV2-5UTR-Amplicon-short-trimmed+3",79,"a",2285162,1807,0.0791
"SARS-CoV2-5UTR-Amplicon-short-trimmed+3",80,"t",2285184,684,0.03
"SARS-CoV2-5UTR-Amplicon-short-trimmed+3",81,"a",2284789,1033,0.0452
"SARS-CoV2-5UTR-Amplicon-short-trimmed+3",82,"a",2284781,2059,0.0902
"SARS-CoV2-5UTR-Amplicon-short-trimmed+3",83,"t",2284804,1237,0.0542
"SARS-CoV2-5UTR-Amplicon-short-trimmed+3",84,"t",2284803,2244,0.0981
"SARS-CoV2-5UTR-Amplicon-short-trimmed+3",85,"a",2284804,2009,0.088
"SARS-CoV2-5UTR-Amplicon-short-trimmed+3",86,"a",2284705,1591,0.0696
"SARS-CoV2-5UTR-Amplicon-short-trimmed+3",87,"t",2284778,1132,0.0495
"SARS-CoV2-5UTR-Amplicon-short-trimmed+3",88,"a",2284796,1363,0.0597
"SARS-CoV2-5UTR-Amplicon-short-trimmed+3",89,"a",2284909,6283,0.275
"SARS-CoV2-5UTR-Amplicon-short-trimmed+3",90,"c",2285023,1578,0.069
"SARS-CoV2-5UTR-Amplicon-short-trimmed+3",91,"t",2284967,1441,0.063
"SARS-CoV2-5UTR-Amplicon-short-trimmed+3",92,"a",2284819,1438,0.063
"SARS-CoV2-5UTR-Amplicon-short-trimmed+3",93,"a",2284785,1360,0.0596
"SARS-CoV2-5UTR-Amplicon-short-trimmed+3",94,"t",2284652,1395,0.061
"SARS-CoV2-5UTR-Amplicon-short-trimmed+3",95,"t",2284616,2079,0.091
"SARS-CoV2-5UTR-Amplicon-short-trimmed+3",96,"a",2284452,1364,0.0597
"SARS-CoV2-5UTR-Amplicon-short-trimmed+3",97,"c",2284305,979,0.0428
"SARS-CoV2-5UTR-Amplicon-short-trimmed+3",98,"t",2284095,2012,0.0881
"SARS-CoV2-5UTR-Amplicon-short-trimmed+3",99,"g",2283490,4205,0.1841
"SARS-CoV2-5UTR-Amplicon-short-trimmed+3",100,"t",2282748,2335,0.1023
"SARS-CoV2-5UTR-Amplicon-short-trimmed+3",101,"c",2282319,2499,0.1095
"SARS-CoV2-5UTR-Amplicon-short-trimmed+3",102,"g",2281963,6886,0.3018
"SARS-CoV2-5UTR-Amplicon-short-trimmed+3",103,"t",2281867,1655,0.0726
"SARS-CoV2-5UTR-Amplicon-short-trimmed+3",104,"t",2281805,2205,0.0966
"SARS-CoV2-5UTR-Amplicon-short-trimmed+3",105,"g",2281179,2000,0.0877
"SARS-CoV2-5UTR-Amplicon-short-trimmed+3",106,"a",2280999,1849,0.081
"SARS-CoV2-5UTR-Amplicon-short-trimmed+3",107,"c",2281148,2632,0.1154
"SARS-CoV2-5UTR-Amplicon-short-trimmed+3",108,"a",2281284,3073,0.1347
"SARS-CoV2-5UTR-Amplicon-short-trimmed+3",109,"g",2281217,5827,0.2556
"SARS-CoV2-5UTR-Amplicon-short-trimmed+3",110,"g",2281689,3125,0.137
"SARS-CoV2-5UTR-Amplicon-short-trimmed+3",111,"a",2283146,1935,0.0847
"SARS-CoV2-5UTR-Amplicon-short-trimmed+3",112,"c",2285013,2922,0.1279
"SARS-CoV2-5UTR-Amplicon-short-trimmed+3",113,"a",2288890,2754,0.1204
"SARS-CoV2-5UTR-Amplicon-short-trimmed+3",114,"c",2299329,2624,0.1142
"SARS-CoV2-5UTR-Amplicon-short-trimmed+3",115,"g",2325971,3772,0.1622
"SARS-CoV2-5UTR-Amplicon-short-trimmed+3",116,"a",2471744,2495,0.1009
"SARS-CoV2-5UTR-Amplicon-short-trimmed+3",117,"g",3999910,7493,0.1874
"SARS-CoV2-5UTR-Amplicon-short-trimmed+3",118,"t",3999592,6327,0.1582
"SARS-CoV2-5UTR-Amplicon-short-trimmed+3",119,"a",3999436,6414,0.1604
"SARS-CoV2-5UTR-Amplicon-short-trimmed+3",120,"a",3999888,4659,0.1165
"SARS-CoV2-5UTR-Amplicon-short-trimmed+3",121,"c",3999990,4399,0.11
"SARS-CoV2-5UTR-Amplicon-short-trimmed+3",122,"t",3999829,7090,0.1773
"SARS-CoV2-5UTR-Amplicon-short-trimmed+3",123,"c",3999963,6334,0.1583
"SARS-CoV2-5UTR-Amplicon-short-trimmed+3",124,"g",3999460,11338,0.2835
"SARS-CoV2-5UTR-Amplicon-short-trimmed+3",125,"t",3999880,11090,0.2773
"SARS-CoV2-5UTR-Amplicon-short-trimmed+3",126,"c",3999884,4940,0.1235
"SARS-CoV2-5UTR-Amplicon-short-trimmed+3",127,"t",3999785,2432,0.0608
"SARS-CoV2-5UTR-Amplicon-short-trimmed+3",128,"a",3999250,5232,0.1308
"SARS-CoV2-5UTR-Amplicon-short-trimmed+3",129,"t",3998414,13204,0.3302
"SARS-CoV2-5UTR-Amplicon-short-trimmed+3",130,"c",3998441,2819,0.0705
"SARS-CoV2-5UTR-Amplicon-short-trimmed+3",131,"t",3998172,4015,0.1004
"SARS-CoV2-5UTR-Amplicon-short-trimmed+3",132,"t",3974722,4547,0.1144
"SARS-CoV2-5UTR-Amplicon-short-trimmed+3",133,"c",1966727,2947,0.1498
"SARS-CoV2-5UTR-Amplicon-short-trimmed+3",134,"t",1771342,3188,0.18
"SARS-CoV2-5UTR-Amplicon-short-trimmed+3",135,"g",1741700,6385,0.3664
"SARS-CoV2-5UTR-Amplicon-short-trimmed+3",136,"c",1732960,8575,0.4944
"SARS-CoV2-5UTR-Amplicon-short-trimmed+3",137,"a",1731368,3610,0.2085
"SARS-CoV2-5UTR-Amplicon-short-trimmed+3",138,"g",1729879,3532,0.2042
"SARS-CoV2-5UTR-Amplicon-short-trimmed+3",139,"g",1729006,5088,0.2942
"SARS-CoV2-5UTR-Amplicon-short-trimmed+3",140,"c",1728425,4064,0.235
"SARS-CoV2-5UTR-Amplicon-short-trimmed+3",141,"t",1728141,6310,0.3649
"SARS-CoV2-5UTR-Amplicon-short-trimmed+3",142,"g",1727976,4972,0.2876
"SARS-CoV2-5UTR-Amplicon-short-trimmed+3",143,"c",1727861,9180,0.5315
"SARS-CoV2-5UTR-Amplicon-short-trimmed+3",144,"t",1727803,2202,0.1274
"SARS-CoV2-5UTR-Amplicon-short-trimmed+3",145,"t",1727740,3692,0.2136
"SARS-CoV2-5UTR-Amplicon-short-trimmed+3",146,"a",1727527,2950,0.1706
"SARS-CoV2-5UTR-Amplicon-short-trimmed+3",147,"c",1727480,3061,0.1772
"SARS-CoV2-5UTR-Amplicon-short-trimmed+3",148,"g",1727449,4611,0.2669
"SARS-CoV2-5UTR-Amplicon-short-trimmed+3",149,"g",1727450,5233,0.303
"SARS-CoV2-5UTR-Amplicon-short-trimmed+3",150,"t",1727441,3197,0.1851
"SARS-CoV2-5UTR-Amplicon-short-trimmed+3",151,"t",1727415,2401,0.139
"SARS-CoV2-5UTR-Amplicon-short-trimmed+3",152,"t",1727404,4934,0.2855
"SARS-CoV2-5UTR-Amplicon-short-trimmed+3",153,"c",1727358,4515,0.2612
"SARS-CoV2-5UTR-Amplicon-short-trimmed+3",154,"g",1727333,4130,0.239
"SARS-CoV2-5UTR-Amplicon-short-trimmed+3",155,"t",1727320,5470,0.3168
"SARS-CoV2-5UTR-Amplicon-short-trimmed+3",156,"c",1727309,4910,0.2843
"SARS-CoV2-5UTR-Amplicon-short-trimmed+3",157,"c",1727304,4500,0.2604
"SARS-CoV2-5UTR-Amplicon-short-trimmed+3",158,"g",1727289,4475,0.2589
"SARS-CoV2-5UTR-Amplicon-short-trimmed+3",159,"t",1727274,12864,0.744
"SARS-CoV2-5UTR-Amplicon-short-trimmed+3",160,"g",1727284,3668,0.2123
"SARS-CoV2-5UTR-Amplicon-short-trimmed+3",161,"t",1727292,2537,0.1467
"SARS-CoV2-5UTR-Amplicon-short-trimmed+3",162,"t",1727293,3006,0.1739
"SARS-CoV2-5UTR-Amplicon-short-trimmed+3",163,"g",1727296,3873,0.2241
"SARS-CoV2-5UTR-Amplicon-short-trimmed+3",164,"c",1727292,4303,0.2488
"SARS-CoV2-5UTR-Amplicon-short-trimmed+3",165,"a",1727293,4689,0.2714
"SARS-CoV2-5UTR-Amplicon-short-trimmed+3",166,"g",1727391,6345,0.3672
"SARS-CoV2-5UTR-Amplicon-short-trimmed+3",167,"c",1727422,6094,0.3528
"SARS-CoV2-5UTR-Amplicon-short-trimmed+3",168,"c",1727424,10901,0.6302
"SARS-CoV2-5UTR-Amplicon-short-trimmed+3",169,"g",1727458,2856,0.1652
"SARS-CoV2-5UTR-Amplicon-short-trimmed+3",170,"a",1727486,1827,0.1056
"SARS-CoV2-5UTR-Amplicon-short-trimmed+3",171,"t",1727493,2547,0.1474
"SARS-CoV2-5UTR-Amplicon-short-trimmed+3",172,"c",1727489,1932,0.1119
"SARS-CoV2-5UTR-Amplicon-short-trimmed+3",173,"a",1727494,1589,0.0919
"SARS-CoV2-5UTR-Amplicon-short-trimmed+3",174,"t",1727521,1448,0.0838
"SARS-CoV2-5UTR-Amplicon-short-trimmed+3",175,"c",1727534,2533,0.1465
"SARS-CoV2-5UTR-Amplicon-short-trimmed+3",176,"a",1727532,2925,0.1693
"SARS-CoV2-5UTR-Amplicon-short-trimmed+3",177,"g",1727534,5364,0.3105
"SARS-CoV2-5UTR-Amplicon-short-trimmed+3",178,"c",1727536,11970,0.6921
"SARS-CoV2-5UTR-Amplicon-short-trimmed+3",179,"a",1727538,2517,0.1457
"SARS-CoV2-5UTR-Amplicon-short-trimmed+3",180,"c",1727523,2017,0.1167
"SARS-CoV2-5UTR-Amplicon-short-trimmed+3",181,"a",1727523,1426,0.0825
"SARS-CoV2-5UTR-Amplicon-short-trimmed+3",182,"t",1727621,1979,0.1144
"SARS-CoV2-5UTR-Amplicon-short-trimmed+3",183,"c",1727622,1621,0.0938
"SARS-CoV2-5UTR-Amplicon-short-trimmed+3",184,"t",1727618,3026,0.1751
"SARS-CoV2-5UTR-Amplicon-short-trimmed+3",185,"a",1727622,5083,0.294
"SARS-CoV2-5UTR-Amplicon-short-trimmed+3",186,"g",1727623,6026,0.3488
"SARS-CoV2-5UTR-Amplicon-short-trimmed+3",187,"g",1727606,6298,0.3644
"SARS-CoV2-5UTR-Amplicon-short-trimmed+3",188,"t",1727627,3129,0.1812
"SARS-CoV2-5UTR-Amplicon-short-trimmed+3",189,"t",1727663,3961,0.2292
"SARS-CoV2-5UTR-Amplicon-short-trimmed+3",190,"t",1727664,4855,0.2808
"SARS-CoV2-5UTR-Amplicon-short-trimmed+3",191,"c",1727664,4154,0.2404
"SARS-CoV2-5UTR-Amplicon-short-trimmed+3",192,"g",1727661,4680,0.2709
"SARS-CoV2-5UTR-Amplicon-short-trimmed+3",193,"t",1727663,11566,0.6689
"SARS-CoV2-5UTR-Amplicon-short-trimmed+3",194,"c",1727633,3546,0.2052
"SARS-CoV2-5UTR-Amplicon-short-trimmed+3",195,"c",1727640,4249,0.2459
"SARS-CoV2-5UTR-Amplicon-short-trimmed+3",196,"g",1727639,6475,0.3747
"SARS-CoV2-5UTR-Amplicon-short-trimmed+3",197,"g",1727640,6395,0.3701
"SARS-CoV2-5UTR-Amplicon-short-trimmed+3",198,"g",1727627,11900,0.6885
"SARS-CoV2-5UTR-Amplicon-short-trimmed+3",199,"t",1727618,4179,0.2419
"SARS-CoV2-5UTR-Amplicon-short-trimmed+3",200,"g",1727634,6513,0.3768
"SARS-CoV2-5UTR-Amplicon-short-trimmed+3",201,"t",1727671,2443,0.1414
"SARS-CoV2-5UTR-Amplicon-short-trimmed+3",202,"g",1727668,3659,0.2118
"SARS-CoV2-5UTR-Amplicon-short-trimmed+3",203,"a",1727632,4738,0.2741
"SARS-CoV2-5UTR-Amplicon-short-trimmed+3",204,"c",1727630,2000,0.1157
"SARS-CoV2-5UTR-Amplicon-short-trimmed+3",205,"c",1727643,1547,0.0895
"SARS-CoV2-5UTR-Amplicon-short-trimmed+3",206,"g",1727661,5140,0.2973
"SARS-CoV2-5UTR-Amplicon-short-trimmed+3",207,"a",1727612,2161,0.1251
"SARS-CoV2-5UTR-Amplicon-short-trimmed+3",208,"a",1727605,1168,0.0676
"SARS-CoV2-5UTR-Amplicon-short-trimmed+3",209,"a",1727593,2109,0.122
"SARS-CoV2-5UTR-Amplicon-short-trimmed+3",210,"g",1727584,4548,0.263
"SARS-CoV2-5UTR-Amplicon-short-trimmed+3",211,"g",1727589,4115,0.2382
"SARS-CoV2-5UTR-Amplicon-short-trimmed+3",212,"t",1727600,1528,0.0883
"SARS-CoV2-5UTR-Amplicon-short-trimmed+3",213,"a",1727596,1415,0.0819
"SARS-CoV2-5UTR-Amplicon-short-trimmed+3",214,"a",1727596,1775,0.1026
"SARS-CoV2-5UTR-Amplicon-short-trimmed+3",215,"g",1727615,1965,0.1137
"SARS-CoV2-5UTR-Amplicon-short-trimmed+3",216,"a",1727716,971,0.0562
"SARS-CoV2-5UTR-Amplicon-short-trimmed+3",217,"t",1727714,2326,0.1345
"SARS-CoV2-5UTR-Amplicon-short-trimmed+3",218,"g",1727740,4527,0.2619
"SARS-CoV2-5UTR-Amplicon-short-trimmed+3",219,"g",1727850,3407,0.1971
"SARS-CoV2-5UTR-Amplicon-short-trimmed+3",220,"a",1727832,4904,0.2837
"SARS-CoV2-5UTR-Amplicon-short-trimmed+3",221,"g",1727828,4272,0.2468
"SARS-CoV2-5UTR-Amplicon-short-trimmed+3",222,"a",1727725,2007,0.116
"SARS-CoV2-5UTR-Amplicon-short-trimmed+3",223,"g",1727724,5620,0.3252
"SARS-CoV2-5UTR-Amplicon-short-trimmed+3",224,"c",1727719,2411,0.1396
"SARS-CoV2-5UTR-Amplicon-short-trimmed+3",225,"c",1727716,1940,0.1124
"SARS-CoV2-5UTR-Amplicon-short-trimmed+3",226,"t",1727711,1747,0.101
"SARS-CoV2-5UTR-Amplicon-short-trimmed+3",227,"t",1727679,9427,0.5451
"SARS-CoV2-5UTR-Amplicon-short-trimmed+3",228,"g",1727660,3443,0.1991
"SARS-CoV2-5UTR-Amplicon-short-trimmed+3",229,"t",1727645,3625,0.2098
"SARS-CoV2-5UTR-Amplicon-short-trimmed+3",230,"c",1727626,2078,0.1204
"SARS-CoV2-5UTR-Amplicon-short-trimmed+3",231,"c",1727625,1835,0.1061
"SARS-CoV2-5UTR-Amplicon-short-trimmed+3",232,"c",1727613,2506,0.145
"SARS-CoV2-5UTR-Amplicon-short-trimmed+3",233,"t",1727148,4550,0.2632
"SARS-CoV2-5UTR-Amplicon-short-trimmed+3",234,"g",1727108,5735,0.3318
"SARS-CoV2-5UTR-Amplicon-short-trimmed+3",235,"g",1727102,6611,0.3827
"SARS-CoV2-5UTR-Amplicon-short-trimmed+3",236,"t",1727099,1447,0.0837
"SARS-CoV2-5UTR-Amplicon-short-trimmed+3",237,"t",1727084,1277,0.0738
"SARS-CoV2-5UTR-Amplicon-short-trimmed+3",238,"t",1726998,1518,0.0879
"SARS-CoV2-5UTR-Amplicon-short-trimmed+3",239,"c",1726873,12355,0.7156
"SARS-CoV2-5UTR-Amplicon-short-trimmed+3",240,"a",1726705,1719,0.0996
"SARS-CoV2-5UTR-Amplicon-short-trimmed+3",241,"a",1726581,1193,0.0691
"SARS-CoV2-5UTR-Amplicon-short-trimmed+3",242,"c",1726370,2005,0.1161
"SARS-CoV2-5UTR-Amplicon-short-trimmed+3",243,"g",1726065,2131,0.1234
"SARS-CoV2-5UTR-Amplicon-short-trimmed+3",244,"a",1725632,2437,0.1411
"SARS-CoV2-5UTR-Amplicon-short-trimmed+3",245,"g",1722001,1,0
"SARS-CoV2-5UTR-Amplicon-short-trimmed+3",246,"g",1717440,0,0
"SARS-CoV2-5UTR-Amplicon-short-trimmed+3",247,"G",1712681,3,2e-04
"SARS-CoV2-5UTR-Amplicon-short-trimmed+3",248,"A",1710881,2,1e-04
"SARS-CoV2-5UTR-Amplicon-short-trimmed+3",249,"G",1710195,0,0
