JW-JZ-3s-HC2a-HC-114.mpileup.csv,01_live-cell_DMSO_40C-15min_Mn
JW-JZ-3s-HC2a-HC-115.mpileup.csv,01_live-cell_DMSO_40C-15min_Mn
JW-JZ-3s-HC2a-HC-116.mpileup.csv,02_live-cell_C12-5mM_40C-15min_Mn
JW-JZ-3s-HC2a-HC-117.mpileup.csv,02_live-cell_C12-5mM_40C-15min_Mn
JW-JZ-3s-HC2a-HC-118.mpileup.csv,03_live-cell_C30-5mM_40C-15min_Mn
JW-JZ-3s-HC2a-HC-119.mpileup.csv,03_live-cell_C30-5mM_40C-15min_Mn
JW-JZ-3s-HC2a-HC-120.mpileup.csv,04_live-cell_DMSO_50C-15min_Mn
JW-JZ-3s-HC2a-HC-121.mpileup.csv,04_live-cell_DMSO_50C-15min_Mn
JW-JZ-3s-HC2a-HC-122.mpileup.csv,05_live-cell_C12-5mM_50C-15min_Mn
JW-JZ-3s-HC2a-HC-123.mpileup.csv,05_live-cell_C12-5mM_50C-15min_Mn
JW-JZ-3s-HC2a-HC-124.mpileup.csv,06_live-cell_C30-5mM_50C-15min_Mn
JW-JZ-3s-HC2a-HC-125.mpileup.csv,06_live-cell_C30-5mM_50C-15min_Mn
JW-JZ-3s-HC2a-HC-132.mpileup.csv,07_live-cell_DMSO_60C-15min_Mn
JW-JZ-3s-HC2a-HC-133.mpileup.csv,07_live-cell_DMSO_60C-15min_Mn
JW-JZ-3s-HC2a-HC-134.mpileup.csv,08_live-cell_C12-5mM_60C-15min_Mn
JW-JZ-3s-HC2a-HC-135.mpileup.csv,08_live-cell_C12-5mM_60C-15min_Mn
JW-JZ-3s-HC2a-HC-136.mpileup.csv,09_live-cell_C30-5mM_60C-15min_Mn
JW-JZ-3s-HC2a-HC-137.mpileup.csv,09_live-cell_C30-5mM_60C-15min_Mn
JW-JZ-3s-HC2a-HC-144.mpileup.csv,10_live-cell_DMSO_70C-15min_Mn
JW-JZ-3s-HC2a-HC-145.mpileup.csv,10_live-cell_DMSO_70C-15min_Mn
JW-JZ-3s-HC2a-HC-146.mpileup.csv,11_live-cell_C12-5mM_70C-15min_Mn
JW-JZ-3s-HC2a-HC-147.mpileup.csv,11_live-cell_C12-5mM_70C-15min_Mn
JW-JZ-3s-HC2a-HC-148.mpileup.csv,12_live-cell_C30-5mM_70C-15min_Mn
JW-JZ-3s-HC2a-HC-149.mpileup.csv,12_live-cell_C30-5mM_70C-15min_Mn
JW-JZ-3s-HC2a-HC-156.mpileup.csv,13_live-cell_DMSO_80C-15min_Mn
JW-JZ-3s-HC2a-HC-157.mpileup.csv,13_live-cell_DMSO_80C-15min_Mn
JW-JZ-3s-HC2a-HC-158.mpileup.csv,14_live-cell_C12-5mM_80C-15min_Mn
JW-JZ-3s-HC2a-HC-159.mpileup.csv,14_live-cell_C12-5mM_80C-15min_Mn
JW-JZ-3s-HC2a-HC-162.mpileup.csv,15_live-cell_C30-5mM_80C-15min_Mn
JW-JZ-3s-HC2a-HC-163.mpileup.csv,15_live-cell_C30-5mM_80C-15min_Mn
